GL,Entry
AT1G01010,Q0WV96
AT1G01020,Q5MK24
AT1G01030,Q9MAN1
AT1G01040,Q9SP32
AT1G01050,Q93V56
AT1G01060,Q6R0H1
AT1G01070,Q5XEZ0
AT1G01080,F4HQH8
AT1G01090,O24457
AT1G01100,Q8LCW9
AT1G01110,Q9MAM4
AT1G01120,Q9MAM3
AT1G01130,F4HQI8
AT1G01140,Q9MAM1
AT1G01150,F4HQJ2
AT1G01160,Q9MAL9
AT1G01170,Q2HIQ2
AT1G01180,F4HS78
AT1G01184,P0DKI9
AT1G01190,A0A178WIC4
AT1G01200,Q9LNK1
AT1G01210,Q9LNK0
AT1G01220,Q9LNJ9
AT1G01225,Q29PY0
AT1G01230,Q9C5I0
AT1G01240,Q9LNJ7
AT1G01250,Q1ECI2
AT1G01260,Q9LNJ5
AT1G01280,Q9LNJ4
AT1G01290,Q39056
AT1G01300,Q9LNJ3
AT1G01305,Q1G401
AT1G01310,Q6ID87
AT1G01320,F4HS99
AT1G01335,P0DKH9
AT1G01340,Q9LNJ0
AT1G01350,Q8GX84
AT1G01355,F4HSA3
AT1G01360,Q84MC7
AT1G01370,Q8RVQ9
AT1G01380,Q9LNI5
AT1G01390,Q8W4C2
AT1G01400,Q9LNI3
AT1G01410,Q9LNI2
AT1G01420,Q9LNI1
AT1G01430,Q84JH9
AT1G01440,Q6NQ63
AT1G01450,F4HSB4
AT1G01453,F4HSB6
AT1G01460,Q9LMN1
AT1G01470,O03983
AT1G01480,Q06402
AT1G01490,O03982
AT1G01500,Q8GUH2
AT1G01510,O23702
AT1G01520,Q6R0H0
AT1G01530,Q9LMM8
AT1G01540,Q3EDL4
AT1G01550,Q9LMM6
AT1G01560,Q9LMM5
AT1G01570,Q9LMM4
AT1G01580,P92949
AT1G01590,Q9LMM2
AT1G01600,Q9LMM1
AT1G01610,Q9LMM0
AT1G01620,Q08733
AT1G01630,Q9LQ96
AT1G01640,Q9LQ95
AT1G01650,Q0WMJ8
AT1G01660,P0C6E7
AT1G01670,Q8GXQ7
AT1G01680,Q9LQ92
AT1G01690,Q0WWX5
AT1G01695,B3H5G8
AT1G01700,Q9LQ89
AT1G01710,F4HU51
AT1G01715,A0A1P8AM80
AT1G01720,Q39013
AT1G01725,Q9LQ84
AT1G01730,Q9LQ83
AT1G01740,F4HU55
AT1G01750,Q9LQ81
AT1G01760,F4HU58
AT1G01770,Q8GZ85
AT1G01780,Q1ECF5
AT1G01790,Q9ZTZ7
AT1G01800,Q94K30
AT1G01810,Q9LQ74
AT1G01820,Q9LQ73
AT1G01830,Q93YW3
AT1G01840,Q9LQ71
AT1G01860,O65090
AT1G01880,Q9LPD2
AT1G01900,Q84WS0
AT1G01910,Q949M9
AT1G01920,F4HU79
AT1G01930,Q9LPC8
AT1G01940,Q9LPC7
AT1G01950,Q9LPC6
AT1G01960,Q9LPC5
AT1G01970,Q9LPC4
AT1G01980,Q9LPC3
AT1G01990,Q9LPC2
AT1G02000,Q9LPC1
AT1G02010,Q9C5P7
AT1G02020,O23673
AT1G02030,Q39092
AT1G02050,O23674
AT1G02060,O81908
AT1G02065,Q8GXL3
AT1G02067,A0A1P8AU44
AT1G02070,Q0IGM8
AT1G02080,F4HVV7
AT1G02090,Q94JU3
AT1G02100,Q8VY08
AT1G02110,Q56W45
AT1G02120,F4HVW5
AT1G02130,P28188
AT1G02140,O23676
AT1G02145,A8MR93
AT1G02150,Q8LPS6
AT1G02160,Q8VZ44
AT1G02170,Q7XJE6
AT1G02180,Q8GYG8
AT1G02190,F4HVX7
AT1G02205,F4HVY0
AT1G02210,Q3E7L2
AT1G02220,Q5PP28
AT1G02230,O81913
AT1G02250,O81914
AT1G02260,O81915
AT1G02270,O81916
AT1G02280,O23680
AT1G02290,Q6GKW8
AT1G02300,F4HVZ1
AT1G02305,Q93VC9
AT1G02310,Q9FZ29
AT1G02320,Q3EDK7
AT1G02330,F4HVZ5
AT1G02335,Q9FZ27
AT1G02340,Q9FE22
AT1G02350,F4HVZ8
AT1G02360,A0A1P8AWZ7
AT1G02370,Q9FZ24
AT1G02380,Q9FZ23
AT1G02390,Q9FZ22
AT1G02400,Q9FZ21
AT1G02405,Q6NMD9
AT1G02410,Q8GWR0
AT1G02420,Q9FZ19
AT1G02430,F4HXI4
AT1G02440,F4HXI5
AT1G02450,Q9FNZ5
AT1G02460,Q9FWX5
AT1G02470,F4HXI8
AT1G02475,Q94K52
AT1G02490,Q3EDK6
AT1G02500,P23686
AT1G02510,Q9FWX6
AT1G02520,Q9FWX7
AT1G02530,Q9FWX8
AT1G02540,Q9FWX9
AT1G02550,Q4PT42
AT1G02560,Q9S834
AT1G02570,Q1PFZ3
AT1G02575,F4HXK1
AT1G02580,O65312
AT1G02610,F4HXK4
AT1G02620,Q3E6Q3
AT1G02630,Q84XI3
AT1G02640,Q94KD8
AT1G02650,Q9FWY3
AT1G02660,F4HXL0
AT1G02680,Q6NQH4
AT1G02690,Q9FWY7
AT1G02705,A0A1P8AV59
AT1G02710,Q3EDK2
AT1G02720,Q9FWY9
AT1G02730,Q9SRW9
AT1G02740,Q4V3E2
AT1G02750,Q8GWK1
AT1G02770,Q9SRX1
AT1G02780,Q9SRX2
AT1G02790,P49062
AT1G02800,Q9SRX3
AT1G02810,Q9SRX4
AT1G02813,F4HXM8
AT1G02816,Q9SRX5
AT1G02820,Q9SRX6
AT1G02830,Q9SRX7
AT1G02840,O22315
AT1G02850,B3H5Q1
AT1G02860,Q9SRX9
AT1G02870,Q8RWK5
AT1G02880,B9DGU7
AT1G02890,F4HZ82
AT1G02900,Q9SRY3
AT1G02910,Q9SRY4
AT1G02920,Q9SRY5
AT1G02930,P42760
AT1G02940,Q9SRY6
AT1G02950,Q84TK0
AT1G02960,Q8GWB5
AT1G02965,F4HZ96
AT1G02970,Q8L4H0
AT1G02980,Q9SRZ0
AT1G02990,F4HZ99
AT1G03000,Q8RY16
AT1G03010,Q9SA69
AT1G03020,Q9SA68
AT1G03040,Q93Y00
AT1G03050,Q9SA65
AT1G03055,Q7XA78
AT1G03060,F4HZB2
AT1G03070,Q9SA63
AT1G03080,F4HZB5
AT1G03090,Q42523
AT1G03100,Q9SA60
AT1G03103,F4HZB9
AT1G03106,Q8L760
AT1G03110,Q93WD7
AT1G03120,Q9SA57
AT1G03130,Q9SA56
AT1G03140,Q9SA55
AT1G03150,Q8LGI8
AT1G03160,Q1KPV0
AT1G03165,A0A1P8AUJ0
AT1G03170,Q8GXU9
AT1G03190,Q8W4M7
AT1G03200,B6IDH7
AT1G03210,Q9ZVS2
AT1G03220,Q9ZVS4
AT1G03230,Q9ZVS5
AT1G03240,F4I0U4
AT1G03250,Q8L3X7
AT1G03260,Q6NMJ6
AT1G03270,Q9ZVS8
AT1G03280,Q93ZW3
AT1G03290,Q9ZVT0
AT1G03300,Q9ZVT1
AT1G03310,Q8L735
AT1G03320,Q9ZVT3
AT1G03325,A0A1P8AP12
AT1G03330,Q1H595
AT1G03340,Q9ZVT5
AT1G03350,Q9ZVT6
AT1G03360,Q9ZVT7
AT1G03365,Q9ZVT8
AT1G03370,Q9ZVT9
AT1G03380,Q8GUL1
AT1G03390,Q9LR83
AT1G03395,A0A1P8AS44
AT1G03400,Q94A78
AT1G03410,Q43383
AT1G03430,Q8L9T7
AT1G03440,F4I0W7
AT1G03445,Q9LR78
AT1G03457,Q8GZ26
AT1G03470,Q66GR8
AT1G03475,Q9LR75
AT1G03490,Q9LR74
AT1G03495,Q9LR73
AT1G03510,Q9LR72
AT1G03530,Q9LR70
AT1G03540,Q9LR69
AT1G03550,Q9LR68
AT1G03560,Q9LR67
AT1G03590,Q9LR65
AT1G03600,Q9LR64
AT1G03620,A2RVK8
AT1G03630,O48741
AT1G03650,Q8GWN1
AT1G03660,F4I2G0
AT1G03670,F4I2G1
AT1G03680,O48737
AT1G03687,F4I2G3
AT1G03700,Q9LR57
AT1G03710,Q58G57
AT1G03720,Q9LR55
AT1G03730,Q1ECK0
AT1G03740,Q9LR53
AT1G03750,F4I2H2
AT1G03760,Q8GWP1
AT1G03770,Q0WX00
AT1G03780,F4I2H7
AT1G03790,Q9ZWA1
AT1G03800,Q9ZWA2
AT1G03810,Q9ZWA3
AT1G03830,F4I2I5
AT1G03840,Q9ZWA6
AT1G03850,Q84TF4
AT1G03860,Q9ZNT7
AT1G03870,Q9ZWA8
AT1G03880,P15456
AT1G03890,Q9ZWA9
AT1G03900,Q681Q7
AT1G03905,Q3EDJ0
AT1G03910,F4I2J8
AT1G03920,F4I2K0
AT1G03930,Q9ZWB3
AT1G03940,Q9ZWB4
AT1G03950,Q941D5
AT1G03960,Q84JI6
AT1G03970,P42777
AT1G03980,Q9ZWB7
AT1G03982,Q9ZWB8
AT1G03990,Q9ZWB9
AT1G04000,Q9ZWC0
AT1G04010,Q4VCM1
AT1G04020,F4I443
AT1G04030,F4I444
AT1G04040,Q9ZWC4
AT1G04050,Q946J2
AT1G04070,O64497
AT1G04080,Q93ZR3
AT1G04090,Q501D1
AT1G04100,Q38828
AT1G04105,A0A1P8ASG6
AT1G04110,O64495
AT1G04120,Q7GB25
AT1G04130,F4I456
AT1G04140,F4I458
AT1G04150,O64492
AT1G04160,F4I460
AT1G04170,O64490
AT1G04180,O64489
AT1G04190,Q8RXN1
AT1G04200,Q8RWV1
AT1G04210,O64486
AT1G04220,Q5XEP9
AT1G04230,Q94K10
AT1G04240,Q38822
AT1G04250,P93830
AT1G04260,P93829
AT1G04270,Q08112
AT1G04280,Q0WUY1
AT1G04290,P93828
AT1G04300,A8MQL1
AT1G04310,P93825
AT1G04330,O22691
AT1G04340,O22690
AT1G04350,P93824
AT1G04360,P93823
AT1G04370,P93822
AT1G04380,P93821
AT1G04390,P93820
AT1G04400,Q96524
AT1G04410,P93819
AT1G04420,Q8VZ23
AT1G04430,Q940J9
AT1G04440,Q5XF24
AT1G04445,A0A1P8AWD1
AT1G04450,F4I5N6
AT1G04455,A0A1P8AQU8
AT1G04470,P93812
AT1G04480,P49690
AT1G04490,Q67XK9
AT1G04500,Q1PFY7
AT1G04510,Q94BR4
AT1G04520,Q6NM73
AT1G04530,Q8VZ31
AT1G04540,F4I5P7
AT1G04550,Q38830
AT1G04555,Q1G3F4
AT1G04560,O23029
AT1G04570,F4I5Q2
AT1G04580,Q7G191
AT1G04590,F4I5Q5
AT1G04600,F4I5Q6
AT1G04610,O23024
AT1G04620,Q8GS60
AT1G04625,F4I5Q9
AT1G04630,Q8RWA7
AT1G04635,Q6AWV1
AT1G04640,Q9SXP7
AT1G04645,O23020
AT1G04650,F4I5R5
AT1G04660,O23018
AT1G04670,Q5Q0I9
AT1G04680,Q940Q1
AT1G04690,O23016
AT1G04700,F4I5S1
AT1G04710,Q8LF48
AT1G04730,F4I5S3
AT1G04750,Q9ZTW3
AT1G04760,Q9MAS5
AT1G04770,Q8L730
AT1G04778,A8MRV2
AT1G04780,Q8GXW8
AT1G04790,Q93XZ6
AT1G04800,Q9MAS9
AT1G04810,Q9MAT0
AT1G04820,Q0WV25
AT1G04830,F4I5T4
AT1G04840,Q9MAT2
AT1G04850,Q9MAT3
AT1G04860,Q8W4N3
AT1G04870,Q9MAT5
AT1G04880,Q9MAT6
AT1G04895,A0A1P8AN26
AT1G04900,Q94C90
AT1G04910,Q8W486
AT1G04920,Q8RY24
AT1G04930,F4I764
AT1G04940,Q8GZ79
AT1G04945,F4I765
AT1G04950,Q9MAU3
AT1G04970,Q9MAU5
AT1G04980,Q9MAU6
AT1G04985,Q84JL8
AT1G04990,Q94AD9
AT1G05000,Q9ZVN4
AT1G05005,A0A1P8AMD1
AT1G05010,Q06588
AT1G05020,Q9ZVN6
AT1G05030,Q0WVE9
AT1G05035,A0A1P8ANE6
AT1G05040,Q9ZVN8
AT1G05055,Q9ZVN9
AT1G05060,Q9ZVP0
AT1G05065,Q3EDI6
AT1G05070,Q94AB8
AT1G05080,Q9ZVP2
AT1G05085,F4I792
AT1G05087,A0A1P8AV76
AT1G05090,F4I793
AT1G05100,Q9ZVP5
AT1G05120,A0A1P8AWF9
AT1G05136,B3H718
AT1G05140,O23053
AT1G05150,O23052
AT1G05160,O23051
AT1G05170,A8MRC7
AT1G05180,P42744
AT1G05190,O23049
AT1G05200,Q8GXJ4
AT1G05205,Q8LG56
AT1G05210,O23047
AT1G05220,O23046
AT1G05230,Q94C37
AT1G05240,P0DI10
AT1G05250,Q67Z07
AT1G05260,O23044
AT1G05270,Q8GXY6
AT1G05280,F4I8P5
AT1G05290,Q1PFY3
AT1G05291,O23040
AT1G05300,O23039
AT1G05310,O23038
AT1G05320,F4I8Q1
AT1G05330,O23036
AT1G05340,O23035
AT1G05350,O23034
AT1G05360,F4I8Q7
AT1G05370,F4I8Q8
AT1G05380,Q9ZW00
AT1G05385,Q9ZVZ9
AT1G05400,Q5XVL8
AT1G05410,Q8VZE5
AT1G05420,F4I8R6
AT1G05430,Q8LC42
AT1G05440,Q9ZVZ4
AT1G05450,Q1G2Y5
AT1G05460,Q8GYD9
AT1G05470,Q9LR47
AT1G05490,F4I8S3
AT1G05500,Q8L706
AT1G05510,Q9ZVY7
AT1G05520,Q8H0S3
AT1G05530,Q9ZVY5
AT1G05540,Q9ZVY4
AT1G05560,Q9LR44
AT1G05570,Q9AUE0
AT1G05575,Q8LC91
AT1G05577,Q9SYJ8
AT1G05580,Q8VYD4
AT1G05590,Q9SYK0
AT1G05600,Q9SYK1
AT1G05610,F4I8U2
AT1G05615,F4I8U3
AT1G05620,Q8LAC4
AT1G05630,Q9SYK4
AT1G05640,Q9SYK5
AT1G05650,Q9SYK6
AT1G05660,Q9SYK7
AT1G05670,Q0WVK7
AT1G05675,P0C7P7
AT1G05680,Q9SYK9
AT1G05690,Q9SYL0
AT1G05700,C0LGD6
AT1G05710,Q7XJU2
AT1G05720,Q8GWP6
AT1G05730,Q5BQ23
AT1G05750,Q9MA50
AT1G05760,Q9SE37
AT1G05770,Q9MA49
AT1G05780,Q58G56
AT1G05783,A0A1P8AQA7
AT1G05785,Q8GWH4
AT1G05790,A0A1P8AU29
AT1G05800,Q9MA46
AT1G05805,Q8H102
AT1G05810,P19892
AT1G05820,Q9MA44
AT1G05830,P0CB22
AT1G05835,A8MS78
AT1G05840,F4IAD5
AT1G05850,Q9MA41
AT1G05860,Q9MA40
AT1G05870,Q9MA39
AT1G05880,Q84RQ9
AT1G05890,Q8L829
AT1G05894,Q9MA36
AT1G05900,B9DFZ0
AT1G05910,F4IAE9
AT1G05920,Q5RM09
AT1G05930,Q9MA32
AT1G05940,Q9C5D6
AT1G05950,F4IAF4
AT1G05960,F4IAF6
AT1G05970,Q9LNE8
AT1G05990,Q9LNE7
AT1G06000,Q9LNE6
AT1G06010,Q84R19
AT1G06020,Q9LNE4
AT1G06030,Q9LNE3
AT1G06040,Q96288
AT1G06045,A0A1P8AUV9
AT1G06050,F4IBY8
AT1G06080,O65797
AT1G06090,Q9LND9
AT1G06100,Q9LND8
AT1G06110,Q9LND7
AT1G06120,Q9FPD5
AT1G06130,Q8LDW8
AT1G06135,Q8LCX3
AT1G06137,F4IBZ9
AT1G06140,Q9LND4
AT1G06143,Q56X05
AT1G06148,F4IC04
AT1G06150,P0C7P8
AT1G06160,Q9LND1
AT1G06170,Q9LND0
AT1G06180,Q9LNC9
AT1G06190,Q94K75
AT1G06200,Q8W476
AT1G06210,Q9LNC6
AT1G06220,Q9LNC5
AT1G06225,Q3EDH8
AT1G06230,Q9LNC4
AT1G06240,Q8H109
AT1G06250,Q9LNC2
AT1G06260,Q9LNC1
AT1G06270,Q9LNC0
AT1G06280,Q9LNB9
AT1G06290,P0CZ23
AT1G06310,Q9LMI7
AT1G06320,Q3EDH7
AT1G06330,F4IC29
AT1G06350,Q9LMI4
AT1G06360,Q9LMI3
AT1G06380,Q9LMI1
AT1G06390,Q39012
AT1G06400,P28185
AT1G06410,Q9LMI0
AT1G06420,Q9LMH9
AT1G06430,Q8W585
AT1G06440,Q9SHI9
AT1G06450,Q9SHJ0
AT1G06460,Q208N7
AT1G06470,Q8H184
AT1G06475,Q6DSU2
AT1G06490,Q9SHJ3
AT1G06500,Q8VY54
AT1G06510,Q84K72
AT1G06515,A8MSB8
AT1G06520,Q9SHJ5
AT1G06530,Q9SHJ6
AT1G06540,Q9SHJ7
AT1G06550,Q9SHJ8
AT1G06560,Q84MA1
AT1G06570,P93836
AT1G06580,Q9SHK2
AT1G06590,Q8H1U4
AT1G06620,Q84MB3
AT1G06630,P0C2G0
AT1G06640,Q9C5K7
AT1G06650,Q8H1S4
AT1G06660,F4IDQ5
AT1G06670,F4IDQ6
AT1G06680,Q42029
AT1G06690,Q94A68
AT1G06700,Q8H1G6
AT1G06710,Q9M9X9
AT1G06720,A0A1P8AVE9
AT1G06750,F4IDR5
AT1G06760,P26568
AT1G06770,Q9M9Y4
AT1G06780,Q9M9Y5
AT1G06790,Q9M9Y6
AT1G06800,Q941F1
AT1G06820,Q9M9Y8
AT1G06830,Q9M9Y9
AT1G06840,C0LGD7
AT1G06850,Q8VWG0
AT1G06870,Q9M9Z2
AT1G06890,Q8RXL8
AT1G06900,F4HNU6
AT1G06910,Q6R0E4
AT1G06920,F4HNU8
AT1G06923,Q1G3W7
AT1G06925,F4HNV0
AT1G06930,Q5BQ22
AT1G06950,Q8LPR9
AT1G06960,Q8H1S6
AT1G06970,Q9LMJ1
AT1G06980,Q9LMJ2
AT1G06990,Q9LMJ3
AT1G07000,Q9LMJ4
AT1G07010,Q8L774
AT1G07020,Q8LCS6
AT1G07025,F4HNW4
AT1G07030,Q8L6Z2
AT1G07040,Q9LMJ7
AT1G07050,A0A178WDK9
AT1G07060,Q8RX33
AT1G07070,Q9LMK0
AT1G07080,Q93VQ6
AT1G07090,Q9LMK2
AT1G07110,Q9MB58
AT1G07120,Q9LMK4
AT1G07130,Q9LMK5
AT1G07135,Q9LMK6
AT1G07140,Q9LMK7
AT1G07150,Q9LMK8
AT1G07160,Q8RX37
AT1G07170,Q0WMV8
AT1G07175,B3H674
AT1G07180,Q8GWA1
AT1G07190,F4HQJ7
AT1G07200,Q9LML2
AT1G07210,Q9LML3
AT1G07220,Q9LML4
AT1G07230,Q8L7Y9
AT1G07240,Q9FE68
AT1G07250,Q9LML6
AT1G07260,Q9LML7
AT1G07270,Q8W032
AT1G07280,Q8VZC8
AT1G07290,Q84L09
AT1G07300,Q6NPG3
AT1G07310,Q9LNV0
AT1G07320,O50061
AT1G07340,Q9LNV3
AT1G07350,Q84TH4
AT1G07360,Q9LNV5
AT1G07370,Q9M7Q7
AT1G07380,F4HQM3
AT1G07390,Q9LNV9
AT1G07400,Q9LNW0
AT1G07410,Q9LNW1
AT1G07420,Q8VWZ8
AT1G07430,Q9LNW3
AT1G07440,P0DKI3
AT1G07450,Q8RX32
AT1G07460,Q9LNW6
AT1G07470,Q93VP4
AT1G07473,Q9LNW8
AT1G07476,Q9LNX0
AT1G07480,A0A1P8APF4
AT1G07490,Q6IM92
AT1G07500,Q9LNX4
AT1G07510,Q8VZI8
AT1G07520,Q3EDH0
AT1G07530,Q9XE58
AT1G07540,Q6R0E3
AT1G07550,C0LGD8
AT1G07560,C0LGD9
AT1G07570,Q06548
AT1G07590,Q940Q2
AT1G07600,P43392
AT1G07610,Q38804
AT1G07615,F4HSD4
AT1G07620,F4HSD5
AT1G07630,Q9LQN6
AT1G07640,Q8L9V6
AT1G07650,C0LGE0
AT1G07660,P59259
AT1G07670,Q9XES1
AT1G07680,Q9LQP3
AT1G07690,A0A1P8AP82
AT1G07700,Q9C5C5
AT1G07705,A8MR45
AT1G07710,Q9LQP7
AT1G07720,Q9LQP8
AT1G07725,Q9LQP9
AT1G07730,Q9LQQ0
AT1G07740,Q9LQQ1
AT1G07745,Q9LQQ2
AT1G07747,A8MRP3
AT1G07750,Q9LQQ3
AT1G07770,P42798
AT1G07780,Q42440
AT1G07790,Q9LQQ4
AT1G07795,Q29PW8
AT1G07810,P92939
AT1G07830,Q94JQ7
AT1G07840,Q93ZQ9
AT1G07850,F4HSH8
AT1G07860,Q8RY98
AT1G07870,Q9LQQ8
AT1G07880,Q9LQQ9
AT1G07885,F4HSI4
AT1G07890,Q05431
AT1G07900,Q9LQR0
AT1G07901,B3H516
AT1G07902,A0A1P8APT0
AT1G07910,Q0WL81
AT1G07920,Q0WL56
AT1G07930,Q8W4H7
AT1G07940,P0DH99
AT1G07950,Q8LCH5
AT1G07960,Q8GYD1
AT1G07970,Q9LN10
AT1G07980,Q9LN09
AT1G07985,Q3EDG6
AT1G07990,Q8L7T5
AT1G08000,Q8VZP4
AT1G08005,Q1G325
AT1G08010,Q6DBP8
AT1G08030,Q3EDG5
AT1G08035,Q9LN05
AT1G08040,Q93ZR2
AT1G08050,Q9LN03
AT1G08060,Q9M658
AT1G08065,F4HUC4
AT1G08070,Q9LN01
AT1G08080,Q8L817
AT1G08090,O82811
AT1G08100,Q9LMZ9
AT1G08110,Q8H0V3
AT1G08120,Q5Q0I2
AT1G08125,F4HUD6
AT1G08130,Q42572
AT1G08135,P0CG16
AT1G08140,Q8GX92
AT1G08150,Q3EDG3
AT1G08160,Q8VZ13
AT1G08165,F4HUE2
AT1G08170,Q9SGE3
AT1G08180,Q9SGE2
AT1G08190,P93043
AT1G08200,Q9SGE0
AT1G08210,Q9FPD6
AT1G08220,Q0WRX7
AT1G08230,F4HW02
AT1G08250,Q9SGD6
AT1G08260,F4HW04
AT1G08270,F4HW05
AT1G08280,Q9SGD2
AT1G08290,Q9SGD1
AT1G08300,A0A1P8ARG1
AT1G08310,A8MRK8
AT1G08315,Q0WNZ8
AT1G08320,Q93XM6
AT1G08340,Q6NKT5
AT1G08350,F4HW17
AT1G08360,Q8VZB9
AT1G08370,Q9SJF3
AT1G08380,Q949Q5
AT1G08390,Q8RX36
AT1G08400,Q8GXP1
AT1G08410,Q9SJF1
AT1G08420,Q9SJF0
AT1G08430,Q9SJE9
AT1G08440,Q9SJE8
AT1G08450,O04153
AT1G08460,Q94EJ2
AT1G08465,Q9XFB0
AT1G08470,Q8VWF6
AT1G08480,Q941A6
AT1G08490,Q93WX6
AT1G08500,O82083
AT1G08510,Q9SJE2
AT1G08520,Q9SJE1
AT1G08530,Q0WNC2
AT1G08540,O22056
AT1G08550,Q39249
AT1G08560,Q42374
AT1G08570,O64654
AT1G08580,Q9FRS7
AT1G08590,Q9FRS6
AT1G08600,F4HW51
AT1G08610,Q9FRS4
AT1G08620,C0SUT9
AT1G08630,Q8RXU4
AT1G08640,Q93WG3
AT1G08645,A0A1P8AWW1
AT1G08650,Q9SPK4
AT1G08660,Q8VZJ0
AT1G08670,Q9FRR8
AT1G08680,Q8RXE7
AT1G08695,P82622
AT1G08700,O64668
AT1G08710,Q9CAZ0
AT1G08720,Q9FPR3
AT1G08730,F4HXP9
AT1G08750,Q8GYI6
AT1G08760,Q9FRR2
AT1G08770,Q9FRR1
AT1G08780,Q9M4B5
AT1G08790,Q9FRR0
AT1G08800,F4HXQ7
AT1G08810,Q8GYP5
AT1G08820,B9DHD7
AT1G08830,P24704
AT1G08840,A0A1P8ASY1
AT1G08845,Q8GW22
AT1G08860,Q5XQC7
AT1G08880,O04848
AT1G08890,Q9SCW7
AT1G08900,Q4F7G0
AT1G08910,A0A0A7EPL0
AT1G08920,Q94KE0
AT1G08930,O04036
AT1G08940,O04035
AT1G08960,O04034
AT1G08970,Q8L4B2
AT1G08980,Q9FR37
AT1G08985,Q8GWU1
AT1G08990,F4HZC3
AT1G09000,O22040
AT1G09010,Q75W54
AT1G09020,Q944A6
AT1G09030,O04027
AT1G09040,F4HZC9
AT1G09050,Q8RX35
AT1G09060,F4HZD1
AT1G09070,O04023
AT1G09080,Q8H1B3
AT1G09090,Q9SBI0
AT1G09100,O04019
AT1G09130,Q8L770
AT1G09140,Q9XFR5
AT1G09150,Q8L7N2
AT1G09155,O80494
AT1G09157,O80493
AT1G09160,O80492
AT1G09170,F4HZF0
AT1G09176,O80490
AT1G09180,O80489
AT1G09190,O80488
AT1G09195,F4HZF4
AT1G09200,P59226
AT1G09210,Q38858
AT1G09220,Q680Z7
AT1G09230,Q8RWV8
AT1G09240,O80483
AT1G09245,Q8GX02
AT1G09250,O80482
AT1G09260,O80481
AT1G09270,O80480
AT1G09280,Q94AC1
AT1G09290,Q7XBQ8
AT1G09300,F4HZG9
AT1G09310,Q9ZPZ4
AT1G09320,Q500V5
AT1G09330,Q8LEK2
AT1G09340,Q9SA52
AT1G09350,O80518
AT1G09360,O80519
AT1G09370,F4HZH7
AT1G09380,Q8GXB4
AT1G09390,O80522
AT1G09400,Q8GYA3
AT1G09410,Q56XI1
AT1G09415,Q9FNZ4
AT1G09420,Q93ZW0
AT1G09430,O80526
AT1G09440,F4I0Z0
AT1G09450,O80528
AT1G09460,F4I0Z2
AT1G09470,Q4PT37
AT1G09480,F4I0Z5
AT1G09483,F4I0Z6
AT1G09490,O80532
AT1G09500,O80533
AT1G09510,Q5PP57
AT1G09520,O80535
AT1G09530,O80536
AT1G09540,Q8VZQ2
AT1G09550,F4I107
AT1G09560,P94014
AT1G09570,P14712
AT1G09575,F4I111
AT1G09580,Q6IDL4
AT1G09590,Q43291
AT1G09600,F4I114
AT1G09610,Q6NMK1
AT1G09620,F4I116
AT1G09625,Q1G3V0
AT1G09630,O04486
AT1G09640,O04487
AT1G09645,Q6GKX8
AT1G09650,O04488
AT1G09660,Q8GWR3
AT1G09665,Q3EDF9
AT1G09680,O04491
AT1G09700,O04492
AT1G09710,F4I129
AT1G09720,F4I131
AT1G09730,Q8L7S0
AT1G09750,O04496
AT1G09760,P43333
AT1G09770,P92948
AT1G09780,O04499
AT1G09790,O04500
AT1G09794,F4I2K8
AT1G09795,Q8GSJ1
AT1G09810,Q56XH8
AT1G09812,Q5Q0I0
AT1G09815,Q1H568
AT1G09820,O04504
AT1G09830,P52420
AT1G09840,Q39019
AT1G09850,Q0WVJ5
AT1G09860,O04508
AT1G09870,Q941B2
AT1G09880,A0A1P8AV46
AT1G09890,A0A1P8AQ71
AT1G09900,Q3EDF8
AT1G09910,A0A1P8AQL5
AT1G09920,Q8L7A5
AT1G09930,O04514
AT1G09932,Q8GWG7
AT1G09935,F4I2N3
AT1G09940,P49294
AT1G09950,O04515
AT1G09960,Q9FE59
AT1G09970,F4I2N7
AT1G09980,Q8RXV4
AT1G09995,Q29QC1
AT1G10000,F4I2P2
AT1G10010,O80592
AT1G10020,O80593
AT1G10030,O80594
AT1G10040,Q08A69
AT1G10050,O80596
AT1G10060,Q93Y32
AT1G10070,Q9M439
AT1G10090,Q94A87
AT1G10095,O80601
AT1G10100,F4I2Q7
AT1G10110,O80603
AT1G10120,Q6NKN9
AT1G10130,Q9SY55
AT1G10140,Q9SY56
AT1G10150,Q9SY57
AT1G10155,F4I2R3
AT1G10170,Q9SY59
AT1G10180,Q9SY60
AT1G10190,Q8VYE1
AT1G10200,Q94JX5
AT1G10210,Q39021
AT1G10220,F4I499
AT1G10225,Q56YG0
AT1G10230,Q9SY65
AT1G10240,Q9SY66
AT1G10250,Q9SY67
AT1G10270,Q9SY69
AT1G10280,Q9SY70
AT1G10290,Q9SE83
AT1G10300,F4I4A6
AT1G10310,Q9SY73
AT1G10320,Q9SY74
AT1G10330,Q9SY75
AT1G10340,Q9SY76
AT1G10350,Q9SY77
AT1G10360,Q9FUS9
AT1G10370,Q9FUS8
AT1G10380,Q93ZB0
AT1G10385,F4I4B6
AT1G10390,Q8RY25
AT1G10395,A0A1P8ANK5
AT1G10400,Q9SY84
AT1G10410,Q8LPT2
AT1G10417,A0A1P8ASY5
AT1G10430,Q07098
AT1G10450,Q9XIK6
AT1G10455,Q9XIK5
AT1G10460,P92998
AT1G10470,O82798
AT1G10480,Q39264
AT1G10490,Q9XIK4
AT1G10500,Q9XIK3
AT1G10510,Q93ZV8
AT1G10520,Q9FNY4
AT1G10522,Q9XIK0
AT1G10540,Q8VZQ5
AT1G10550,Q8LC45
AT1G10560,Q9XIJ5
AT1G10570,Q8RWN0
AT1G10580,A4FVN8
AT1G10585,F4I4E1
AT1G10586,Q9XIJ1
AT1G10588,Q1G2Y4
AT1G10590,Q9XIJ0
AT1G10600,Q6NKP9
AT1G10610,Q0WNR2
AT1G10620,Q9SGY7
AT1G10630,Q6ID97
AT1G10640,F4I5U6
AT1G10650,Q84JF9
AT1G10657,Q1G3V6
AT1G10660,Q8H101
AT1G10670,Q9SGY2
AT1G10680,Q9SGY1
AT1G10690,Q9SAD3
AT1G10700,Q93Z66
AT1G10705,Q9SGX9
AT1G10710,Q45GQ7
AT1G10715,P0DKH1
AT1G10717,A8MQA5
AT1G10720,Q9SAD0
AT1G10730,Q9SAC9
AT1G10740,F4I5X3
AT1G10745,A8MQX3
AT1G10747,A8MSA6
AT1G10750,Q84JS7
AT1G10760,Q9SAC6
AT1G10770,Q9SAC5
AT1G10780,Q9SAC4
AT1G10790,Q9S701
AT1G10800,Q9SGX2
AT1G10810,Q9C5B9
AT1G10820,Q3EDE9
AT1G10830,Q9SAC0
AT1G10840,Q9C5Z2
AT1G10850,Q940B9
AT1G10865,Q8GWM1
AT1G10870,Q9SMX5
AT1G10875,A0A1P8AME6
AT1G10880,Q0WR07
AT1G10890,P0CB26
AT1G10895,P0CB27
AT1G10900,Q9SUI2
AT1G10910,Q0WVV0
AT1G10920,O04093
AT1G10930,Q8L840
AT1G10940,P43291
AT1G10950,Q940G0
AT1G10960,O04090
AT1G10970,O04089
AT1G10980,O04088
AT1G10990,Q3EDE7
AT1G11000,O23693
AT1G11020,Q8GYT4
AT1G11040,O04087
AT1G11050,O04086
AT1G11060,F4I7C7
AT1G11070,A0A1P8AV53
AT1G11080,O04084
AT1G11090,O04083
AT1G11100,F4I7D2
AT1G11110,F4I7D4
AT1G11112,Q1G3V5
AT1G11120,F4I7D7
AT1G11125,F4I7D8
AT1G11130,Q8RWZ1
AT1G11145,F4I7E0
AT1G11160,A0A1P8AW69
AT1G11170,Q8S9J5
AT1G11180,Q9SXA5
AT1G11190,Q9SXA6
AT1G11200,F4I7E7
AT1G11210,Q9SXA7
AT1G11220,Q9SXA8
AT1G11230,Q9SXA9
AT1G11240,Q8W494
AT1G11250,Q9SXB0
AT1G11260,P23586
AT1G11270,Q7X7A9
AT1G11280,Q9SXB3
AT1G11290,Q3E6Q1
AT1G11300,Q9SXB4
AT1G11303,Q9SXB5
AT1G11310,Q9SXB6
AT1G11320,Q9SXB7
AT1G11330,Q9SXB8
AT1G11340,Q9ZT07
AT1G11350,Q9LPZ9
AT1G11360,C0Z2J1
AT1G11362,Q1G3V3
AT1G11370,Q4PT34
AT1G11380,Q8LFV5
AT1G11390,F4I8V6
AT1G11400,Q9LPZ4
AT1G11410,Q9LPZ3
AT1G11420,F4I8W1
AT1G11430,Q9LPZ1
AT1G11440,Q9LPZ0
AT1G11450,Q500Z4
AT1G11460,F4I8W6
AT1G11470,F4I8W7
AT1G11475,Q8LFJ6
AT1G11480,Q94C21
AT1G11490,C0SUU5
AT1G11500,A2RVQ4
AT1G11510,C0SUU6
AT1G11520,Q9LPY3
AT1G11530,Q8LDI5
AT1G11540,F4I8X6
AT1G11545,Q8L9A9
AT1G11560,F4I8X8
AT1G11570,A0A1P8AWA6
AT1G11572,A7RED7
AT1G11580,Q1JPL7
AT1G11590,Q84JX1
AT1G11591,A0A1P8AM75
AT1G11593,F4I8Y4
AT1G11600,Q9SAB7
AT1G11608,F4I8Y6
AT1G11610,Q9SAB6
AT1G11620,Q9SAB5
AT1G11630,Q9SAB4
AT1G11650,Q9SAB3
AT1G11655,Q84VW6
AT1G11660,Q9SAB1
AT1G11670,Q9SAB0
AT1G11680,Q9SAA9
AT1G11684,B3H4U7
AT1G11690,Q9SAA8
AT1G11700,Q9SAA7
AT1G11710,Q9SAA6
AT1G11720,F4IAG2
AT1G11730,Q9SAA4
AT1G11740,F4IAG4
AT1G11750,Q9SAA2
AT1G11760,Q84VW5
AT1G11765,Q9SAA0
AT1G11770,Q9SA99
AT1G11780,Q9SA98
AT1G11785,Q56YI8
AT1G11790,Q9SA96
AT1G11800,Q9SA95
AT1G11810,Q9SA94
AT1G11820,O65399
AT1G11840,O65398
AT1G11850,O65397
AT1G11860,O65396
AT1G11870,Q8RWT8
AT1G11880,Q6NKT6
AT1G11890,Q94AU2
AT1G11900,Q5BIV3
AT1G11905,Q8L702
AT1G11910,O65390
AT1G11915,O65389
AT1G11920,O65388
AT1G11925,O65387
AT1G11930,Q944L8
AT1G11940,Q8GYH0
AT1G11950,C0SUU8
AT1G11960,B5TYT3
AT1G11970,O65382
AT1G11980,O65381
AT1G11990,F4IAL1
AT1G12000,Q8W4M5
AT1G12010,O65378
AT1G12020,O65377
AT1G12030,O65376
AT1G12040,O65375
AT1G12050,Q8RW90
AT1G12060,O65373
AT1G12064,Q1G3V1
AT1G12070,O65371
AT1G12080,O65370
AT1G12090,O65369
AT1G12100,F4IC43
AT1G12110,Q05085
AT1G12120,Q9FWW2
AT1G12130,Q9FWW3
AT1G12140,A8MRX0
AT1G12150,Q9FWW5
AT1G12160,Q9FWW6
AT1G12170,Q9FWW7
AT1G12180,Q3EDD8
AT1G12190,Q9FWW8
AT1G12200,Q9FWW9
AT1G12210,Q8L3R3
AT1G12211,B3H6A6
AT1G12220,O64973
AT1G12230,Q9FWX0
AT1G12240,Q39041
AT1G12244,F4IC62
AT1G12250,Q8H1Q1
AT1G12260,Q9FWX2
AT1G12270,Q9LNB6
AT1G12280,P60838
AT1G12290,P60839
AT1G12300,Q0WKV3
AT1G12310,Q94AZ4
AT1G12320,Q9LNB3
AT1G12330,Q9LNB2
AT1G12340,Q3EDD7
AT1G12350,Q8GXR5
AT1G12360,Q9C5X3
AT1G12370,Q9SB00
AT1G12380,F4IC79
AT1G12390,Q84W04
AT1G12400,Q6NNM0
AT1G12410,Q9XJ36
AT1G12411,B3H5E5
AT1G12420,Q9LNA5
AT1G12430,Q9FZ06
AT1G12440,Q6NNI8
AT1G12450,Q6NQK3
AT1G12460,C0LGE4
AT1G12470,F4IDS7
AT1G12480,Q9LD83
AT1G12490,F4IDS9
AT1G12500,Q9LDH3
AT1G12520,Q9LD47
AT1G12530,Q5Q0H6
AT1G12540,Q9LN95
AT1G12550,Q9LE33
AT1G12560,Q9LN94
AT1G12570,Q66GI5
AT1G12580,Q9LDQ1
AT1G12600,Q9LDX3
AT1G12610,Q9LN86
AT1G12615,A0A1P8ARL9
AT1G12620,Q9ASZ8
AT1G12630,Q38Q39
AT1G12640,F4IDU4
AT1G12650,Q8W1E4
AT1G12660,F4IDU9
AT1G12663,A8MRP4
AT1G12665,A8MSF3
AT1G12672,F4IDV2
AT1G12680,Q8W490
AT1G12700,P0C7Q7
AT1G12710,Q9LN77
AT1G12730,Q94K70
AT1G12740,Q6NPN1
AT1G12750,Q8VZ48
AT1G12760,Q9LN71
AT1G12770,Q8W4E1
AT1G12775,Q9LPX2
AT1G12780,Q42605
AT1G12790,F4IDW9
AT1G12800,Q94AJ9
AT1G12805,Q3EDD5
AT1G12810,F4IDX2
AT1G12820,Q9LPW7
AT1G12830,Q9LPW6
AT1G12840,Q9SDS7
AT1G12845,Q0IGM1
AT1G12850,Q94BZ6
AT1G12855,Q9LPW4
AT1G12860,Q9LPW3
AT1G12870,Q9LPW2
AT1G12880,Q93ZY7
AT1G12890,Q3E703
AT1G12900,Q9LPW0
AT1G12910,Q9LPV9
AT1G12920,Q9LPV8
AT1G12930,F4HNZ9
AT1G12940,Q9LPV5
AT1G12950,Q9LPV4
AT1G12960,Q9LPV3
AT1G12970,Q8W4Q3
AT1G12980,Q9SAD4
AT1G12990,F4HP06
AT1G13000,Q8VYF6
AT1G13020,Q9SAD7
AT1G13030,Q8RWK8
AT1G13040,Q9SAD9
AT1G13050,Q9SAE0
AT1G13060,O23717
AT1G13080,O65788
AT1G13090,Q9SAE3
AT1G13100,Q9SAE4
AT1G13110,Q96514
AT1G13120,Q0WPZ7
AT1G13130,Q66GP7
AT1G13140,Q500V6
AT1G13143,A0A1P8APN6
AT1G13150,Q9SAE8
AT1G13160,Q0WVH7
AT1G13170,Q9SAF0
AT1G13180,Q9SAF1
AT1G13190,Q9SAF2
AT1G13195,Q9SAF3
AT1G13200,Q9SAF4
AT1G13210,Q9SAF5
AT1G13220,Q9SAF6
AT1G13230,Q5PP26
AT1G13245,Q9SAF8
AT1G13250,Q0V7R1
AT1G13260,Q9ZWM9
AT1G13270,Q9FV52
AT1G13280,Q93ZC5
AT1G13290,Q9FX68
AT1G13300,Q9FX67
AT1G13310,Q9FX66
AT1G13320,Q38951
AT1G13330,Q9FX64
AT1G13340,Q9FX63
AT1G13350,A0A1P8ASP4
AT1G13360,Q9FX61
AT1G13370,Q9FX60
AT1G13380,Q9FX59
AT1G13390,Q9FX58
AT1G13400,Q6S592
AT1G13410,Q0WVP2
AT1G13420,Q9FX56
AT1G13430,Q9FX55
AT1G13440,Q9FX54
AT1G13450,Q9FX53
AT1G13460,Q8LF36
AT1G13470,F4HQT8
AT1G13480,Q56Y29
AT1G13485,F4HQU0
AT1G13490,Q9FZ74
AT1G13500,F4HQU2
AT1G13510,Q8VZN5
AT1G13520,Q6NNH1
AT1G13530,F4HQU5
AT1G13540,Q6NM24
AT1G13550,Q3EDD3
AT1G13560,O82567
AT1G13570,Q9FZ70
AT1G13580,Q6NQI8
AT1G13590,Q9LMY9
AT1G13600,Q9LMY8
AT1G13605,Q2V4N6
AT1G13607,Q2L6T6
AT1G13608,Q2V4N5
AT1G13609,Q2V4N4
AT1G13610,Q9FZ68
AT1G13620,Q6DSU1
AT1G13630,Q9LMY5
AT1G13635,F4HSJ2
AT1G13640,Q8W4R8
AT1G13650,A2RVL9
AT1G13670,Q9LMY0
AT1G13680,Q9LMX9
AT1G13690,Q0WRA3
AT1G13700,Q9LMX8
AT1G13710,Q9LMX7
AT1G13730,Q9LMX6
AT1G13740,Q9LMX5
AT1G13750,Q9LMX4
AT1G13755,Q9LMX3
AT1G13760,Q1PFW4
AT1G13770,Q84JB8
AT1G13780,Q56XS8
AT1G13790,Q9LMH6
AT1G13800,Q9LMH5
AT1G13805,A0A1P8AT12
AT1G13810,Q5XVK9
AT1G13820,Q6NL07
AT1G13825,A0A1P8ASM2
AT1G13830,A0A1P8AME0
AT1G13860,Q8GYW9
AT1G13870,Q9LMH0
AT1G13880,A0A1P8AUG1
AT1G13890,Q9LMG8
AT1G13900,Q9LMG7
AT1G13910,Q8GYK0
AT1G13920,A0A1P8AQT9
AT1G13930,Q9XI93
AT1G13940,Q9LMG4
AT1G13950,Q9XI91
AT1G13960,Q9XI90
AT1G13980,Q42510
AT1G13990,F4HSN5
AT1G14000,Q9XI87
AT1G14010,Q8GYG1
AT1G14020,Q6NQ51
AT1G14030,Q9XI84
AT1G14040,Q6R8G7
AT1G14048,F4HUE8
AT1G14050,Q9XI82
AT1G14070,Q9XI81
AT1G14080,Q9XI80
AT1G14100,Q9XI78
AT1G14110,Q9XI77
AT1G14120,Q9XI76
AT1G14130,Q9XI75
AT1G14140,Q9XI74
AT1G14150,Q9XI73
AT1G14160,Q9XI72
AT1G14170,Q9XI71
AT1G14175,Q8GXX6
AT1G14182,P82647
AT1G14185,Q9XI69
AT1G14190,A0A1P8APH9
AT1G14200,Q9XI67
AT1G14205,F4HUG8
AT1G14210,F4HUG9
AT1G14220,Q9XI64
AT1G14230,Q8H1D8
AT1G14240,Q9XI62
AT1G14250,Q6NQA8
AT1G14260,Q4PS45
AT1G14270,F4HUI0
AT1G14280,Q9M9T4
AT1G14290,Q9AST3
AT1G14300,Q9M9T2
AT1G14310,Q9M9T1
AT1G14315,Q9M9T0
AT1G14320,Q93VT9
AT1G14330,Q9M9S9
AT1G14340,Q949S4
AT1G14345,Q949S6
AT1G14350,Q94FL6
AT1G14360,Q9M9S6
AT1G14370,O49839
AT1G14380,Q8GZ87
AT1G14390,Q9M9S4
AT1G14400,P25865
AT1G14410,Q9M9S3
AT1G14420,Q9M9S2
AT1G14430,Q9M9S1
AT1G14440,Q9M9S0
AT1G14450,Q9M9R9
AT1G14453,A0A1P8ATM2
AT1G14455,Q1G3U9
AT1G14460,F4HW65
AT1G14470,Q9M9R6
AT1G14480,Q9M9R5
AT1G14490,Q9M9R4
AT1G14500,Q9M9R3
AT1G14510,Q8LA16
AT1G14520,Q8L799
AT1G14530,Q948R8
AT1G14540,Q9LE15
AT1G14550,Q9M9Q9
AT1G14560,F4HW79
AT1G14570,Q94JZ8
AT1G14580,Q8RWX7
AT1G14590,Q9MA24
AT1G14600,Q700D9
AT1G14610,P93736
AT1G14620,Q8L7U3
AT1G14640,F4HW92
AT1G14642,F4HW93
AT1G14650,Q8RXF1
AT1G14660,Q3YL57
AT1G14670,Q940S0
AT1G14680,Q9LE70
AT1G14685,Q9LDE2
AT1G14686,Q9LQW4
AT1G14687,Q9LQW3
AT1G14688,F4HWA5
AT1G14690,Q8L836
AT1G14700,Q8H129
AT1G14710,F4HWB0
AT1G14720,Q38909
AT1G14730,Q67ZF6
AT1G14740,Q94B71
AT1G14750,Q1PFW3
AT1G14755,Q2V4N2
AT1G14760,F4HXU3
AT1G14770,Q9LQV4
AT1G14780,Q8L612
AT1G14790,Q9LQV2
AT1G14800,F4HXU8
AT1G14810,Q8VYI4
AT1G14820,B9DGS8
AT1G14830,Q8LF21
AT1G14840,Q9LQU7
AT1G14850,F4HXV6
AT1G14860,Q9LQU5
AT1G14870,Q9LQU4
AT1G14880,Q9LQU2
AT1G14890,F4HXW0
AT1G14900,Q43386
AT1G14910,P94017
AT1G14920,Q9LQT8
AT1G14930,Q96274
AT1G14940,Q39133
AT1G14950,Q39132
AT1G14960,Q93WB5
AT1G14970,F4HXW9
AT1G14980,P34893
AT1G14990,Q8GWE3
AT1G15000,Q9M9Q6
AT1G15010,Q8LCU9
AT1G15015,Q9M9Q4
AT1G15020,Q8W4J3
AT1G15030,Q9M9Q2
AT1G15040,Q8H0Z4
AT1G15050,Q9C5X0
AT1G15060,Q8RX69
AT1G15080,Q9XI60
AT1G15085,A0A1P8AQK1
AT1G15100,Q9ZT50
AT1G15110,F4HXY7
AT1G15120,Q0WWE3
AT1G15125,Q9XI57
AT1G15130,F4HXZ1
AT1G15140,Q9XI55
AT1G15150,Q8VYL8
AT1G15160,F4HZH9
AT1G15165,F4HZI0
AT1G15170,Q8L731
AT1G15180,Q94AL1
AT1G15190,Q5Q0H2
AT1G15200,Q9C5G2
AT1G15210,Q7PC86
AT1G15215,Q9XI47
AT1G15220,Q9XI46
AT1G15230,Q9XI45
AT1G15240,F4HZJ6
AT1G15250,Q8LFH7
AT1G15260,Q8VY60
AT1G15270,Q9XI42
AT1G15280,Q8H1F3
AT1G15290,F4HZK4
AT1G15310,P37106
AT1G15320,Q1PFW1
AT1G15330,Q9XI37
AT1G15340,Q9XI36
AT1G15350,Q8L920
AT1G15360,Q9XI33
AT1G15370,Q9XI32
AT1G15380,Q9XI31
AT1G15385,Q8L7A6
AT1G15390,Q9FV53
AT1G15400,Q9XI29
AT1G15410,Q9XI28
AT1G15415,Q9XI27
AT1G15420,Q8L403
AT1G15430,Q9C5E6
AT1G15440,Q8VYZ5
AT1G15460,Q9XI23
AT1G15470,Q9XI22
AT1G15480,Q9XI21
AT1G15490,Q9XI20
AT1G15500,P92935
AT1G15510,Q9M9E2
AT1G15520,Q9M9E1
AT1G15530,Q9M9E0
AT1G15540,A0A1P8AVH8
AT1G15550,Q39103
AT1G15570,Q38819
AT1G15580,P33078
AT1G15590,Q3EDB8
AT1G15600,Q9M9D6
AT1G15610,Q1PFV9
AT1G15620,Q1PFV8
AT1G15625,Q9M9D3
AT1G15630,Q5BQ07
AT1G15640,Q9M9D1
AT1G15660,Q66LG9
AT1G15670,Q9LMR5
AT1G15680,Q9LMR4
AT1G15690,P31414
AT1G15700,Q01909
AT1G15710,Q9LMR3
AT1G15720,Q9LMR2
AT1G15730,Q9LMR1
AT1G15740,Q8H1Q4
AT1G15750,Q94AI7
AT1G15757,Q2V4N0
AT1G15760,Q9LMQ8
AT1G15770,F4I169
AT1G15772,B3H4K3
AT1G15780,F4I171
AT1G15790,A0A1P8AV92
AT1G15800,Q6NL17
AT1G15810,Q9LMQ3
AT1G15820,Q9LMQ2
AT1G15825,F4I177
AT1G15830,Q3EDB7
AT1G15840,F4I179
AT1G15850,Q9LMQ0
AT1G15860,F4I181
AT1G15870,Q9LMP8
AT1G15880,Q9LMP7
AT1G15885,Q1G3F1
AT1G15890,Q9LMP6
AT1G15900,Q3EDB5
AT1G15910,Q9S9P3
AT1G15920,Q9S9P2
AT1G15930,Q9S9P1
AT1G15940,Q9S9P0
AT1G15950,Q9S9N9
AT1G15960,Q9S9N8
AT1G15970,Q9S9N7
AT1G15980,Q9S9N6
AT1G15990,Q9S9N5
AT1G16000,P93048
AT1G16010,Q9S9N4
AT1G16020,F4I2S4
AT1G16022,Q9S9N2
AT1G16025,Q5XVK8
AT1G16030,Q9S9N1
AT1G16040,Q8GWH6
AT1G16060,Q94AN4
AT1G16070,Q9S9M8
AT1G16080,Q9S9M7
AT1G16110,Q8GXQ3
AT1G16120,Q9S9M5
AT1G16130,Q7X8C5
AT1G16140,Q9S9M3
AT1G16150,Q9S9M2
AT1G16160,Q9S9M1
AT1G16170,Q94K72
AT1G16180,Q9S9L9
AT1G16190,Q84L32
AT1G16210,Q8VYC9
AT1G16220,Q9SA22
AT1G16225,A0A178W4U6
AT1G16230,F4I2U8
AT1G16240,Q9SA23
AT1G16250,Q0WW40
AT1G16260,Q9SA25
AT1G16270,Q9SA26
AT1G16280,Q9SA27
AT1G16290,A0A178WGK2
AT1G16300,Q5E924
AT1G16310,Q0WU02
AT1G16320,Q9SA31
AT1G16330,Q9SA32
AT1G16340,Q6NQL4
AT1G16350,Q9SA34
AT1G16360,Q9SA35
AT1G16370,Q9SA36
AT1G16380,Q9SA37
AT1G16390,Q9SA38
AT1G16400,Q9FUY7
AT1G16410,Q949U1
AT1G16420,Q9SA41
AT1G16430,Q9SA42
AT1G16440,F4I4F2
AT1G16445,Q8GUP2
AT1G16460,Q24JL3
AT1G16470,O23708
AT1G16480,F4I4G1
AT1G16490,Q9SA47
AT1G16500,Q9SA48
AT1G16510,Q9SA49
AT1G16515,A0A1P8AQP4
AT1G16520,Q9SA50
AT1G16530,Q9SA51
AT1G16540,Q9C5X8
AT1G16560,Q9FX73
AT1G16570,Q8L7M0
AT1G16590,Q94FL5
AT1G16610,Q9SEE9
AT1G16630,Q9FX76
AT1G16640,Q9FX77
AT1G16650,A0A1P8AP99
AT1G16670,Q93YN1
AT1G16680,F4I4I3
AT1G16690,Q9FX82
AT1G16700,Q9FX83
AT1G16705,F4I4I6
AT1G16710,Q9FWQ5
AT1G16720,Q8W4D6
AT1G16730,Q9FWQ7
AT1G16740,Q8LCN1
AT1G16750,Q8L7U6
AT1G16760,A0A1P8AW87
AT1G16770,Q9FWR1
AT1G16780,Q9FWR2
AT1G16790,Q6NQG3
AT1G16800,A0A1P8AT95
AT1G16810,Q9FZ43
AT1G16820,F4I600
AT1G16825,P0C941
AT1G16830,Q3EDA9
AT1G16840,Q8W589
AT1G16850,Q9FE54
AT1G16860,Q9FZ45
AT1G16870,Q8W4K2
AT1G16880,Q9FZ47
AT1G16890,Q9FZ48
AT1G16900,Q9FZ49
AT1G16900,Q8GY81
AT1G16910,Q9FZ51
AT1G16916,A0A178W5Y7
AT1G16920,Q39222
AT1G16930,Q9FZ52
AT1G16940,Q9FZ53
AT1G16945,A0A1P8AQC2
AT1G16950,Q9FZ54
AT1G16960,Q9FZ55
AT1G16970,Q9FQ08
AT1G16980,Q9FZ57
AT1G17000,Q9SHG0
AT1G17010,F4I629
AT1G17020,Q39224
AT1G17030,Q8GWU4
AT1G17040,B5X561
AT1G17050,Q76FS5
AT1G17060,Q9SHG5
AT1G17065,A0A1P8AQ19
AT1G17070,Q9SHG6
AT1G17080,Q9SHG7
AT1G17100,Q9SHG8
AT1G17110,Q9FPS9
AT1G17120,Q9SHH0
AT1G17130,A8MR03
AT1G17140,Q8LE98
AT1G17145,Q940G8
AT1G17147,Q1G3U8
AT1G17150,F4I650
AT1G17160,A1A6H3
AT1G17170,Q9SHH6
AT1G17180,Q9SHH7
AT1G17190,Q9SHH8
AT1G17200,Q8VZQ3
AT1G17210,Q9SHI0
AT1G17220,Q9SHI1
AT1G17230,Q9SHI2
AT1G17235,A8MS09
AT1G17240,Q9SHI3
AT1G17250,Q9SHI4
AT1G17260,Q43128
AT1G17270,Q84WU0
AT1G17280,Q9SHI7
AT1G17285,A0A1P8ARH5
AT1G17290,F4I7I0
AT1G17300,A0A1P8AMZ2
AT1G17310,Q9LN16
AT1G17330,Q8GUM8
AT1G17340,Q8RW97
AT1G17345,Q9LQI6
AT1G17350,Q9LQI7
AT1G17360,Q9LQI8
AT1G17370,Q9LQI9
AT1G17380,Q9LDU5
AT1G17400,Q58G53
AT1G17410,Q6NLG3
AT1G17420,Q9LNR3
AT1G17430,Q9LNR2
AT1G17440,Q940A7
AT1G17450,F4I7J9
AT1G17455,Q570U6
AT1G17460,F4I7K3
AT1G17470,Q9LQK0
AT1G17480,Q2NND9
AT1G17490,Q9LNQ6
AT1G17500,Q9LNQ4
AT1G17510,Q9LNQ3
AT1G17520,F4I7L1
AT1G17530,Q9LNQ1
AT1G17540,Q681A5
AT1G17545,F4I7L4
AT1G17550,Q9LNP9
AT1G17560,Q84JG5
AT1G17580,Q39160
AT1G17590,Q9LNP6
AT1G17600,F4I901
AT1G17610,F4I902
AT1G17620,Q9LNP3
AT1G17630,Q9LNP2
AT1G17640,F4I906
AT1G17650,F4I907
AT1G17665,F4I908
AT1G17680,Q8GUP0
AT1G17690,Q8H1E7
AT1G17700,Q9FZ63
AT1G17710,Q9FZ62
AT1G17720,Q39247
AT1G17730,Q8LE58
AT1G17740,Q94AG7
AT1G17745,O04130
AT1G17750,Q9FZ59
AT1G17760,Q8GUP1
AT1G17770,Q9C5P1
AT1G17780,F4I924
AT1G17790,Q8H1D7
AT1G17800,Q9LMU7
AT1G17810,O22588
AT1G17820,Q8L7M7
AT1G17830,Q9LMU5
AT1G17840,Q8RXN0
AT1G17850,F4I933
AT1G17860,Q9LMU2
AT1G17870,Q9LMU1
AT1G17880,Q9SMW7
AT1G17890,Q9LMU0
AT1G17910,Q9LMT9
AT1G17920,Q9LMT8
AT1G17930,Q9LMT7
AT1G17940,Q9LMT6
AT1G17950,Q6R0C4
AT1G17960,Q8GZ45
AT1G17970,Q944L9
AT1G17980,Q9LMT2
AT1G17990,P0DI08
AT1G18000,Q56WD3
AT1G18010,Q8LG53
AT1G18020,P0DI09
AT1G18030,Q9LMT1
AT1G18040,Q9LMT0
AT1G18050,F4IAL8
AT1G18070,Q8L835
AT1G18080,O24456
AT1G18090,F4IAM4
AT1G18100,Q9XFK7
AT1G18120,Q9LMS5
AT1G18130,F4IAM7
AT1G18140,Q9LMS3
AT1G18150,Q9LM33
AT1G18160,F4IAN2
AT1G18170,Q9LDY5
AT1G18180,A0A1P8AMH3
AT1G18190,B0F9L7
AT1G18193,A0A1P8AS88
AT1G18197,A0A1P8AS86
AT1G18200,Q0WQN4
AT1G18210,Q9LE22
AT1G18220,Q3ED99
AT1G18250,P50699
AT1G18260,Q9LM25
AT1G18265,Q9LM24
AT1G18270,Q8VYC5
AT1G18280,Q9LE56
AT1G18290,Q9LE02
AT1G18300,Q9LE73
AT1G18310,F4IAQ0
AT1G18320,A1XJK0
AT1G18330,B3H5A8
AT1G18335,A0A1P8ATB1
AT1G18340,Q8LF41
AT1G18350,Q9LPQ3
AT1G18360,Q8VYJ0
AT1G18370,Q8S905
AT1G18390,P0C5E2
AT1G18400,Q8GZ13
AT1G18410,F4IAR2
AT1G18420,Q9LPQ8
AT1G18440,Q8GW64
AT1G18450,Q84M92
AT1G18460,Q8LPF5
AT1G18470,Q8LBF1
AT1G18480,Q944L7
AT1G18485,Q0WN60
AT1G18486,B3H5B9
AT1G18490,Q1G3U6
AT1G18500,Q9LPR4
AT1G18510,Q5BQ04
AT1G18520,Q9LPR6
AT1G18530,Q9FZ75
AT1G18540,Q9FZ76
AT1G18550,F4ICA0
AT1G18560,F4ICA1
AT1G18570,O49782
AT1G18580,Q949Q1
AT1G18590,Q9FZ80
AT1G18600,Q9FZ81
AT1G18610,Q9FZ82
AT1G18620,A8MQH9
AT1G18630,Q9FZ84
AT1G18640,O82796
AT1G18650,Q9FZ86
AT1G18660,F4ICB5
AT1G18670,F4ICB6
AT1G18680,Q9M9T9
AT1G18690,Q9M9U0
AT1G18700,Q8VYU5
AT1G18710,Q9M9U2
AT1G18720,Q9M9U3
AT1G18730,Q8RXS1
AT1G18740,Q9M9U5
AT1G18750,Q7X9I0
AT1G18760,Q9M9U7
AT1G18770,Q3ED97
AT1G18773,A0A1P8ARH0
AT1G18780,Q9M9U8
AT1G18790,Q9M9U9
AT1G18800,Q8LC68
AT1G18810,Q8GXS8
AT1G18830,F4ICD9
AT1G18835,Q2Q493
AT1G18840,Q501D2
AT1G18850,Q9M9V4
AT1G18860,Q8VWV6
AT1G18870,Q9M9V6
AT1G18871,B3H7H8
AT1G18880,Q9M9V7
AT1G18890,Q9M9V8
AT1G18900,Q8GYP6
AT1G18910,F4IDY5
AT1G18950,F4IDY7
AT1G18960,Q9LMD1
AT1G18970,P92995
AT1G18975,A0A1P8AR40
AT1G18980,Q9LMC9
AT1G18990,Q9LMC8
AT1G19000,Q9LMC7
AT1G19010,Q9C5J5
AT1G19020,Q8VYY6
AT1G19025,F4IDZ7
AT1G19040,A0JQ66
AT1G19050,Q9ZWS7
AT1G19060,Q9LMC2
AT1G19070,Q3E7S2
AT1G19080,Q6NNH6
AT1G19086,Q9LMC0
AT1G19090,Q9LMB9
AT1G19100,Q56Y74
AT1G19110,Q8L798
AT1G19115,Q1G3U5
AT1G19120,Q945P8
AT1G19130,Q8GYZ3
AT1G19140,F4IE14
AT1G19150,Q8LCQ4
AT1G19160,Q9LMB0
AT1G19170,F4IE17
AT1G19180,Q9LMA8
AT1G19190,Q9LMA7
AT1G19200,F4IE21
AT1G19210,Q84QC2
AT1G19220,Q8RYC8
AT1G19230,O81211
AT1G19240,Q9LMA2
AT1G19250,Q9LMA1
AT1G19260,F4IE28
AT1G19270,P0C7Q8
AT1G19290,Q9LN69
AT1G19300,Q9LN68
AT1G19310,Q9LN67
AT1G19330,F4HP43
AT1G19340,Q8LFA9
AT1G19350,Q9LN63
AT1G19360,Q9LN62
AT1G19370,Q9LN61
AT1G19380,Q9LN60
AT1G19390,Q9LN59
AT1G19394,F4HP54
AT1G19397,Q3ED94
AT1G19400,Q8VYC6
AT1G19410,F4HP61
AT1G19430,Q9LN50
AT1G19440,Q9LN49
AT1G19450,Q93YP9
AT1G19460,Q3ED93
AT1G19470,P0C2F7
AT1G19480,Q0V7V4
AT1G19485,F4HP69
AT1G19490,Q8L5Y2
AT1G19500,Q5Q0G4
AT1G19510,Q8GW75
AT1G19520,Q8LEZ4
AT1G19525,Q940Z1
AT1G19530,Q93WK6
AT1G19540,Q29PX7
AT1G19550,Q9LN39
AT1G19565,P0C8P5
AT1G19570,Q9FWR4
AT1G19580,Q9FWR5
AT1G19600,Q9LN35
AT1G19610,P82787
AT1G19620,F4HP85
AT1G19630,F4HP86
AT1G19640,Q9AR07
AT1G19650,F4HP88
AT1G19660,Q93VH2
AT1G19670,O22527
AT1G19680,Q9FXG6
AT1G19690,Q147R9
AT1G19700,Q9FXG8
AT1G19710,Q67Z55
AT1G19715,F4HQX1
AT1G19720,Q9FXH1
AT1G19730,Q39239
AT1G19740,Q9FXH3
AT1G19750,F4HQX6
AT1G19770,Q9FXH5
AT1G19780,Q9FXH6
AT1G19790,Q9FXH7
AT1G19800,Q8L4R0
AT1G19830,Q9FXI0
AT1G19835,Q0WSY2
AT1G19840,Q9FXI2
AT1G19850,P93024
AT1G19860,Q56XU4
AT1G19870,Q9FXI5
AT1G19880,F4HQZ1
AT1G19890,Q9FXI7
AT1G19900,Q93Z02
AT1G19910,P59228
AT1G19920,Q43870
AT1G19930,Q3ED92
AT1G19940,Q9FXI9
AT1G19950,Q8LEM6
AT1G19960,Q9LNS5
AT1G19970,F4HR00
AT1G19980,Q84JE5
AT1G19990,F4HR02
AT1G20000,F4HR03
AT1G20010,P29513
AT1G20020,Q8W493
AT1G20030,Q9LNT0
AT1G20050,O48962
AT1G20060,F4HR11
AT1G20065,Q1G3U4
AT1G20070,Q9LNT3
AT1G20080,B6ETT4
AT1G20090,Q38919
AT1G20100,Q9LNT6
AT1G20110,Q9ASS2
AT1G20120,P0DKJ6
AT1G20130,P40602
AT1G20132,B3H6L2
AT1G20135,B3H5G5
AT1G20140,Q9LNT9
AT1G20150,F4HSQ2
AT1G20160,Q9LNU1
AT1G20180,Q6DYE5
AT1G20190,Q9LNU3
AT1G20200,Q9LNU4
AT1G20220,Q944A2
AT1G20230,Q9LNU6
AT1G20240,F4HSR2
AT1G20260,Q8W4E2
AT1G20270,Q9LN20
AT1G20280,F4HSR5
AT1G20290,F4HSR6
AT1G20300,Q9LN22
AT1G20310,Q8L956
AT1G20320,Q9LN24
AT1G20330,Q39227
AT1G20340,P42699
AT1G20350,Q9LN27
AT1G20360,Q84JN6
AT1G20380,A0A1P8APL9
AT1G20400,F4HSS6
AT1G20405,F4HSS7
AT1G20410,F4HSS8
AT1G20440,P31168
AT1G20450,P42759
AT1G20470,Q9LMV6
AT1G20480,Q84P25
AT1G20490,Q3E6Y4
AT1G20500,P0C5B6
AT1G20510,Q84P21
AT1G20520,Q9LMV9
AT1G20530,Q9LMW0
AT1G20540,Q8RWD8
AT1G20550,F4HSU3
AT1G20560,F4HUK6
AT1G20570,A0A1P8AUV6
AT1G20575,Q9LM93
AT1G20580,Q9LM92
AT1G20590,Q9LM91
AT1G20600,Q9LM90
AT1G20610,Q9LDM4
AT1G20620,Q42547
AT1G20630,Q96528
AT1G20640,Q9LE38
AT1G20650,Q9LDZ5
AT1G20657,Q9LM89
AT1G20670,Q9LM88
AT1G20680,F4HUM4
AT1G20683,A0A1P8ANB8
AT1G20687,A0A1P8ANC1
AT1G20693,O49596
AT1G20696,P93047
AT1G20700,Q9LM84
AT1G20710,Q9LM83
AT1G20720,A0A1P8AV25
AT1G20730,F4HUN5
AT1G20735,F4HUN6
AT1G20740,F4HUN7
AT1G20750,F4HUN8
AT1G20760,Q9LM78
AT1G20770,Q9LM77
AT1G20780,Q9LM76
AT1G20790,Q9LM75
AT1G20795,Q9LM74
AT1G20800,Q9LM73
AT1G20803,Q9LM72
AT1G20810,Q9LM71
AT1G20816,Q6ID99
AT1G20823,Q9LM69
AT1G20830,Q8GWA7
AT1G20840,Q96290
AT1G20850,Q9LM66
AT1G20860,Q9SYQ1
AT1G20870,Q9SYQ0
AT1G20875,B3H4E0
AT1G20880,F4HUQ5
AT1G20890,Q6NL19
AT1G20900,Q9S7C9
AT1G20910,C0SUW7
AT1G20920,Q8H0U8
AT1G20923,A0A1P8ASN1
AT1G20925,F4HWB6
AT1G20930,Q8LG64
AT1G20940,Q9SYP3
AT1G20950,Q9SYP2
AT1G20960,Q9SYP1
AT1G20970,F4HWC3
AT1G20980,Q8RY95
AT1G20990,F4HWC5
AT1G21000,Q93V70
AT1G21010,Q7XJ58
AT1G21050,A0A1P8AT89
AT1G21060,F4HWD0
AT1G21065,Q9LPU1
AT1G21070,Q9LPU2
AT1G21080,F4HWD5
AT1G21090,Q0V805
AT1G21100,Q9LPU5
AT1G21110,Q9LPU6
AT1G21120,Q9LPU7
AT1G21130,Q9LPU8
AT1G21140,Q9LPU9
AT1G21150,A0A1P8AUJ8
AT1G21160,C0SUW8
AT1G21170,F4HWE6
AT1G21190,Q9LMN4
AT1G21200,Q9LMN5
AT1G21210,Q9LMN6
AT1G21230,Q9LMN7
AT1G21240,Q9LMN8
AT1G21245,Q9LMN9
AT1G21250,Q39191
AT1G21270,Q9LMP1
AT1G21280,Q84JT5
AT1G21310,Q9FS16
AT1G21313,A0A1P8ATC7
AT1G21320,F4HWF9
AT1G21323,F4HWG0
AT1G21326,Q9LMP5
AT1G21340,P68349
AT1G21360,Q6NLQ3
AT1G21370,F4HXZ8
AT1G21380,Q9LPL6
AT1G21390,Q52K83
AT1G21395,Q3ED81
AT1G21400,Q9LPL5
AT1G21410,Q9LPL4
AT1G21430,Q9LPL3
AT1G21440,Q501F7
AT1G21450,Q9SDQ3
AT1G21460,Q8L9J7
AT1G21470,F4HY09
AT1G21475,Q3ED80
AT1G21480,F4HY10
AT1G21500,Q9LPK9
AT1G21510,Q9LPK8
AT1G21520,Q8GYE6
AT1G21528,Q1G3U3
AT1G21530,Q9LPK7
AT1G21540,Q9LPK6
AT1G21550,Q9LPK5
AT1G21560,Q9LPK4
AT1G21570,Q3ED78
AT1G21580,P0C945
AT1G21590,Q8VZG4
AT1G21600,Q9XI19
AT1G21610,Q8RX78
AT1G21620,Q9XI17
AT1G21630,F4HY32
AT1G21640,Q9C5W3
AT1G21650,D8WUA4
AT1G21660,Q9XI12
AT1G21670,Q9XI11
AT1G21680,Q9XI10
AT1G21690,Q93ZX1
AT1G21695,Q9XI08
AT1G21700,Q9XI07
AT1G21710,Q9FNY7
AT1G21720,Q9XI05
AT1G21722,Q9XI04
AT1G21730,Q8W5R6
AT1G21738,B3H610
AT1G21740,Q9XI02
AT1G21750,Q9XI01
AT1G21760,Q9XI00
AT1G21770,Q8H0Y9
AT1G21780,Q9XHZ8
AT1G21790,Q9XHZ7
AT1G21810,Q9SFF4
AT1G21820,Q8VY47
AT1G21835,A8MRY8
AT1G21840,Q9XHZ3
AT1G21850,Q9SFF2
AT1G21860,Q9SFF1
AT1G21864,F4HZQ2
AT1G21866,F4HZQ3
AT1G21870,Q9SFE9
AT1G21880,Q93ZH0
AT1G21890,F4HZQ7
AT1G21900,Q8RWM6
AT1G21910,Q9SFE4
AT1G21920,Q9SFE3
AT1G21925,A7REE4
AT1G21928,A8MR37
AT1G21930,Q84VW7
AT1G21940,F4HZR4
AT1G21950,Q9SFE0
AT1G21960,Q9SFD9
AT1G21970,Q9SFD8
AT1G21980,Q56YP2
AT1G21990,Q9LM64
AT1G22000,Q9LM63
AT1G22010,Q9LM61
AT1G22015,Q9LM60
AT1G22020,Q9LM59
AT1G22030,Q9LM58
AT1G22040,Q9LM55
AT1G22050,Q8GWJ6
AT1G22060,F4HZS8
AT1G22065,Q1G3T6
AT1G22070,Q39234
AT1G22080,F4HZT2
AT1G22090,Q9LM50
AT1G22100,Q1PFT7
AT1G22110,Q9LM48
AT1G22120,F4HZT7
AT1G22130,Q9LM46
AT1G22140,Q93Z58
AT1G22150,Q9FEP7
AT1G22160,Q8VY80
AT1G22170,Q9LM13
AT1G22180,Q9LM14
AT1G22190,Q9LM15
AT1G22200,Q9LM16
AT1G22210,F4I1A6
AT1G22220,Q9LM18
AT1G22230,Q5XVK1
AT1G22240,Q9LM20
AT1G22250,Q9LM21
AT1G22260,Q9LME2
AT1G22270,Q8LFJ5
AT1G22275,P61430
AT1G22280,Q9LME4
AT1G22290,F4I1B7
AT1G22300,P48347
AT1G22310,Q9LME6
AT1G22330,Q9LME7
AT1G22340,Q9LME8
AT1G22360,Q9ZWJ3
AT1G22370,Q9LMF0
AT1G22380,Q9LMF1
AT1G22400,Q9SK82
AT1G22410,Q9SK84
AT1G22420,Q9SK85
AT1G22430,Q9SK86
AT1G22440,Q9SK87
AT1G22450,Q9S7L9
AT1G22460,B7ZWR7
AT1G22470,Q8L443
AT1G22480,Q9SK90
AT1G22490,Q9SK91
AT1G22500,Q9SK92
AT1G22510,F4I1E4
AT1G22520,Q8LAJ9
AT1G22530,Q56ZI2
AT1G22540,Q0WP01
AT1G22550,Q9SK96
AT1G22570,Q9SK99
AT1G22590,Q7X9H1
AT1G22600,Q9SKA2
AT1G22610,Q9SKA3
AT1G22620,Q7XZU3
AT1G22630,Q9SKA5
AT1G22640,Q9S9K9
AT1G22650,F4I2X9
AT1G22660,A0A1P8AU61
AT1G22670,F4I2Y3
AT1G22680,O80553
AT1G22690,Q8GWK5
AT1G22700,B9DHG0
AT1G22710,Q39231
AT1G22720,F4I2Z2
AT1G22730,O80548
AT1G22740,O04157
AT1G22750,O64379
AT1G22760,O64380
AT1G22770,Q9SQI2
AT1G22780,P34788
AT1G22790,Q8L8X4
AT1G22800,O80543
AT1G22810,O80542
AT1G22830,Q4V389
AT1G22840,O23138
AT1G22850,O23137
AT1G22860,F4I312
AT1G22870,F4I313
AT1G22880,Q2V4L8
AT1G22882,F4I316
AT1G22885,Q8LE06
AT1G22890,A0JQ18
AT1G22900,Q67YM6
AT1G22910,F4I321
AT1G22920,Q8LAZ7
AT1G22930,O23129
AT1G22940,Q5M731
AT1G22950,Q3ED68
AT1G22960,P0C7Q9
AT1G22970,O23126
AT1G22980,A0A1P8AVE4
AT1G22985,Q8W4I5
AT1G22990,Q93VP2
AT1G23000,A2RVM8
AT1G23010,F4I4K5
AT1G23020,F4I4K7
AT1G23030,Q8GUG9
AT1G23037,F4I4K9
AT1G23040,O23120
AT1G23050,O23119
AT1G23060,Q93ZG1
AT1G23070,Q5BPZ5
AT1G23080,Q940Y5
AT1G23090,Q9SXS2
AT1G23100,Q8LDC9
AT1G23110,Q6DSU0
AT1G23120,O49305
AT1G23130,O49304
AT1G23140,O49303
AT1G23145,A8MQ92
AT1G23147,A7REE5
AT1G23150,Q84JS3
AT1G23160,O49301
AT1G23170,F4I4N4
AT1G23180,Q8H0U3
AT1G23190,O49299
AT1G23200,O49298
AT1G23201,Q9LR41
AT1G23210,O49296
AT1G23220,Q9LR39
AT1G23230,F4I4P3
AT1G23240,B3H7A9
AT1G23250,F4I4P8
AT1G23260,Q93YP0
AT1G23270,Q9LR35
AT1G23280,F4I4Q1
AT1G23290,Q9LR33
AT1G23300,F4I4Q3
AT1G23310,Q9LR30
AT1G23320,Q9LR29
AT1G23330,Q9LR26
AT1G23340,Q8GY67
AT1G23360,Q3ED65
AT1G23380,Q84JS6
AT1G23390,Q9LDE3
AT1G23400,Q9LDA9
AT1G23410,P59271
AT1G23420,Q9LDT3
AT1G23430,Q9C5G6
AT1G23450,F4I671
AT1G23460,F4I672
AT1G23465,Q5BIV4
AT1G23480,Q9LQC9
AT1G23490,Q9LQC8
AT1G23500,Q9ZUE4
AT1G23510,F4I679
AT1G23520,Q9ZUE2
AT1G23530,Q9ZUE1
AT1G23540,Q9ZUE0
AT1G23550,Q9ZUD9
AT1G23560,Q9ZUD8
AT1G23570,Q1PFT1
AT1G23580,F4I690
AT1G23590,Q1PFT0
AT1G23600,Q9ZUD4
AT1G23610,F4I695
AT1G23630,Q9ZUD1
AT1G23645,Q9ZUD0
AT1G23650,F4I697
AT1G23660,F4I698
AT1G23670,Q9ZUC8
AT1G23680,Q9ZUC7
AT1G23690,Q9ZUC6
AT1G23700,A0A1P8AML6
AT1G23710,Q9ZUC4
AT1G23720,A0A1P8AM70
AT1G23730,Q9ZUC2
AT1G23740,Q9ZUC1
AT1G23750,A0A1P8AT92
AT1G23760,P92982
AT1G23770,Q9ZUB9
AT1G23780,Q9ZUB8
AT1G23790,Q9ZUB7
AT1G23800,Q8S528
AT1G23810,Q9ZUB5
AT1G23820,Q9ZUB3
AT1G23830,Q9ZUB2
AT1G23840,Q9ZUB1
AT1G23850,Q9LRA9
AT1G23860,O81127
AT1G23870,Q9LRA7
AT1G23880,Q8S9K1
AT1G23890,F4I7N5
AT1G23900,Q84K16
AT1G23910,Q9LRA2
AT1G23915,A0A1P8AMQ7
AT1G23935,F4I7P0
AT1G23950,Q9LR97
AT1G23960,Q8RXM6
AT1G23965,Q1G3U2
AT1G23970,Q94A88
AT1G23980,Q8GW38
AT1G23985,A0A1P8AUG0
AT1G23995,A0A1P8AP54
AT1G24000,P0C0B0
AT1G24010,P0C0B1
AT1G24020,Q93VR4
AT1G24030,Q84M95
AT1G24040,Q9LR91
AT1G24050,Q8L466
AT1G24060,Q1PFS7
AT1G24062,Q2V4L5
AT1G24070,Q9LR87
AT1G24090,F4I7R5
AT1G24095,Q9LR85
AT1G24100,O48676
AT1G24110,O48677
AT1G24120,Q8VXV4
AT1G24130,O48679
AT1G24140,Q5XF51
AT1G24145,Q8GYP2
AT1G24147,Q1G3U1
AT1G24148,F4I954
AT1G24150,O48682
AT1G24159,F4I957
AT1G24160,O48683
AT1G24170,O48684
AT1G24180,Q8H1Y0
AT1G24190,O48686
AT1G24200,F4I964
AT1G24210,Q8LCT6
AT1G24220,O48689
AT1G24230,B2GVM8
AT1G24240,O48691
AT1G24250,O48692
AT1G24256,F4I970
AT1G24260,O22456
AT1G24265,F4I974
AT1G24267,F4I978
AT1G24270,Q5Q0F5
AT1G24280,Q8L743
AT1G24290,O48696
AT1G24300,F4I983
AT1G24310,Q8GYF7
AT1G24320,Q84M89
AT1G24330,O48700
AT1G24340,Q8GYJ7
AT1G24350,B9DG97
AT1G24360,P33207
AT1G24380,Q9FYM4
AT1G24388,B3H5A5
AT1G24390,F4I994
AT1G24400,Q9LRB5
AT1G24405,Q9FYM2
AT1G24420,Q9FYM1
AT1G24430,Q9FYM0
AT1G24440,A0A1P8ATM4
AT1G24450,Q9FYL8
AT1G24460,F4I9A2
AT1G24470,Q9FYL6
AT1G24475,A0A1P8AV14
AT1G24480,Q9FYL5
AT1G24485,A5PHT0
AT1G24490,Q9FYL3
AT1G24510,O04450
AT1G24520,Q9FYL2
AT1G24530,Q9FYL1
AT1G24540,Q9FYL0
AT1G24545,A0A1P8AWA7
AT1G24560,Q8LPK7
AT1G24570,A0A1P8APV4
AT1G24575,Q8LAL6
AT1G24577,Q56YG8
AT1G24580,Q9FYK6
AT1G24590,Q9FYK5
AT1G24600,Q9FYK4
AT1G24610,Q9FYK3
AT1G24620,Q9FYK2
AT1G24625,Q39266
AT1G24650,Q9FYK0
AT1G24660,A0A1P8AUW5
AT1G24706,F4IAT2
AT1G24735,F4IAT5
AT1G24764,Q8L7S4
AT1G24793,F4IAT8
AT1G24800,P0DI02
AT1G24807,Q9FXK1
AT1G24822,Q9FEF7
AT1G24851,Q9FXK2
AT1G24880,P0DKB7
AT1G24881,P0DI03
AT1G24909,Q9FE37
AT1G24996,Q9FXK6
AT1G25025,Q9FDZ2
AT1G25054,P0DKB8
AT1G25055,P0DI04
AT1G25145,P0DKB9
AT1G25150,P0DI05
AT1G25210,F4IAW1
AT1G25211,P0DI06
AT1G25220,Q42565
AT1G25230,Q8VYU7
AT1G25240,Q9FRH3
AT1G25250,Q9FRH4
AT1G25260,Q94AK8
AT1G25270,Q4PT23
AT1G25275,F4ICE8
AT1G25277,A0A1P8ARM4
AT1G25280,Q9FRH7
AT1G25290,F4ICF4
AT1G25300,Q9FRH9
AT1G25310,Q9FRI0
AT1G25320,Q9FRI1
AT1G25330,A4D998
AT1G25340,Q9FRI3
AT1G25350,Q8W4F3
AT1G25360,Q9FRI5
AT1G25370,Q8LFI6
AT1G25375,Q682P6
AT1G25380,Q8RWA5
AT1G25390,Q9C6K9
AT1G25400,Q9C6L0
AT1G25410,Q9C6L1
AT1G25420,Q9C6L2
AT1G25422,Q1G3T8
AT1G25425,Q6IWB1
AT1G25440,Q8RWD0
AT1G25450,Q9C6L5
AT1G25460,F4ICH9
AT1G25470,Q8GW17
AT1G25480,Q9C6L8
AT1G25490,Q38845
AT1G25500,Q9C6L9
AT1G25510,Q9C6M0
AT1G25520,Q9C6M1
AT1G25530,Q9C6M2
AT1G25540,Q7XYY2
AT1G25550,Q9FPE8
AT1G25560,Q9C6M5
AT1G25570,F4ICJ5
AT1G25580,Q6NQK2
AT1G25682,Q9C609
AT1G25988,Q9C606
AT1G26090,Q6DYE4
AT1G26100,Q9C540
AT1G26110,Q9C658
AT1G26120,Q8VYP9
AT1G26130,P57792
AT1G26140,Q9C659
AT1G26150,Q9C660
AT1G26160,Q93ZV1
AT1G26170,F4IE40
AT1G26180,Q8VYA7
AT1G26190,Q9C664
AT1G26200,F4IE43
AT1G26210,Q67YG7
AT1G26220,Q9C666
AT1G26225,A0A1P8AWJ9
AT1G26230,Q9C667
AT1G26240,Q9C668
AT1G26250,Q9C669
AT1G26255,A0A1P8AQ67
AT1G26260,Q9C670
AT1G26270,Q9C671
AT1G26290,Q9C673
AT1G26300,Q941A9
AT1G26310,Q39081
AT1G26320,Q9C677
AT1G26330,F4IE60
AT1G26340,Q9FDW8
AT1G26350,Q9FZC1
AT1G26355,B3H4F1
AT1G26360,F4IE65
AT1G26370,F4IE66
AT1G26380,Q9FZC4
AT1G26390,Q9FZC5
AT1G26400,Q9FZC6
AT1G26410,Q9FZC7
AT1G26420,Q9FZC8
AT1G26440,Q93Z75
AT1G26450,Q9FZD0
AT1G26460,Q9FZD1
AT1G26470,Q9FZD2
AT1G26480,Q9C5W6
AT1G26500,Q9FZD4
AT1G26510,Q9FZD5
AT1G26515,Q9FZD6
AT1G26520,Q500W8
AT1G26530,F4HP91
AT1G26540,Q9FZD9
AT1G26550,Q9FE18
AT1G26560,Q9FZE0
AT1G26570,Q9FZE1
AT1G26580,Q9FZE2
AT1G26590,A0A1P8AWZ4
AT1G26600,Q9FZE4
AT1G26610,Q9FZE5
AT1G26620,Q9FZE6
AT1G26630,Q93VP3
AT1G26640,Q8H1F7
AT1G26650,Q9LQY7
AT1G26660,F4HPA5
AT1G26665,F4HPA7
AT1G26670,Q9SEL5
AT1G26680,Q84WP3
AT1G26690,Q9LQY3
AT1G26700,Q94KB1
AT1G26710,Q9LQY1
AT1G26720,Q9LQY0
AT1G26730,Q6R8G3
AT1G26740,Q944L5
AT1G26750,F4HPB7
AT1G26761,Q93ZE3
AT1G26762,A8MR08
AT1G26770,Q9LDR9
AT1G26773,B3H7D1
AT1G26780,Q9LQX5
AT1G26790,Q9LQX4
AT1G26795,Q8L9S2
AT1G26796,Q2V4L0
AT1G26797,Q8GXV0
AT1G26798,Q6ID71
AT1G26799,Q6AWV3
AT1G26800,Q9LQX2
AT1G26810,Q8L7F9
AT1G26815,F4HPD5
AT1G26820,P42815
AT1G26830,Q9ZVH4
AT1G26840,Q9ZVH3
AT1G26850,B9DFI7
AT1G26870,Q9ZVH0
AT1G26880,Q42351
AT1G26890,F4HR18
AT1G26900,Q9ZVG8
AT1G26910,Q08770
AT1G26920,Q9ZVG6
AT1G26921,B3H7C4
AT1G26930,Q84M94
AT1G26940,Q8LDR3
AT1G26945,Q8GW32
AT1G26960,Q8LFD3
AT1G26970,Q5PP29
AT1G26976,F4HR29
AT1G27000,Q9C5M5
AT1G27008,F4HR31
AT1G27020,O04551
AT1G27030,Q9LFY3
AT1G27040,Q8VYE4
AT1G27045,P0CJ65
AT1G27050,P0CJ66
AT1G27060,A2RVN2
AT1G27070,Q9LFY0
AT1G27080,Q9LFX9
AT1G27090,Q9LFX8
AT1G27100,Q0WQH3
AT1G27110,Q5BPZ1
AT1G27120,Q8GXG6
AT1G27130,Q9FUS6
AT1G27135,A8MRI0
AT1G27140,Q9FUT1
AT1G27150,Q9LFX3
AT1G27160,F4HR51
AT1G27170,F4HR52
AT1G27180,F4HR54
AT1G27190,O04567
AT1G27200,Q94K98
AT1G27210,Q93ZH1
AT1G27220,F4HR59
AT1G27240,O04571
AT1G27250,O04572
AT1G27260,F4HR62
AT1G27270,Q9FZK9
AT1G27280,F4HR64
AT1G27290,Q94F23
AT1G27300,Q9FZK5
AT1G27310,Q9FZK4
AT1G27320,Q9C5U1
AT1G27340,Q9FZK1
AT1G27350,Q84K46
AT1G27360,Q9FZK0
AT1G27370,Q8S9L0
AT1G27380,Q8GYU0
AT1G27385,F4HSW0
AT1G27390,P82873
AT1G27400,Q93VI3
AT1G27420,Q9FZJ3
AT1G27430,F4HSW8
AT1G27435,Q94F28
AT1G27440,Q9FZJ1
AT1G27450,P31166
AT1G27460,Q9CB03
AT1G27461,Q1G322
AT1G27470,Q8VYS4
AT1G27480,Q9FZI8
AT1G27490,Q9FZI7
AT1G27500,F4HSX9
AT1G27510,Q94AT5
AT1G27520,Q9SXC9
AT1G27530,Q9SXC8
AT1G27535,A0A1P8AM83
AT1G27540,Q9SXC7
AT1G27550,F4HSY5
AT1G27555,A0A1P8AWD2
AT1G27565,F4HSY6
AT1G27570,F4HSY7
AT1G27580,F4HSY9
AT1G27595,F4HSZ1
AT1G27600,Q9SXC4
AT1G27610,A0A1P8AQ87
AT1G27620,Q9S808
AT1G27630,Q8LBC0
AT1G27640,Q9S7P4
AT1G27650,Q9S709
AT1G27660,Q9SFZ3
AT1G27670,Q9SFZ2
AT1G27680,P55230
AT1G27690,Q8RWY0
AT1G27695,Q8VY77
AT1G27700,Q940U5
AT1G27710,Q9SFY8
AT1G27720,Q6SJR1
AT1G27730,Q96289
AT1G27740,Q8LEG1
AT1G27750,Q8RWY8
AT1G27760,F4HUS5
AT1G27770,Q37145
AT1G27820,Q9SFX6
AT1G27840,Q93ZG3
AT1G27850,Q9C6N3
AT1G27860,Q9C6N2
AT1G27870,Q9C6N1
AT1G27880,Q0WVW7
AT1G27890,Q9C6M9
AT1G27900,Q93Y16
AT1G27910,Q9C7G1
AT1G27920,Q9C7G0
AT1G27930,Q9C7F9
AT1G27940,Q9C7F8
AT1G27950,Q9C7F7
AT1G27960,Q500V8
AT1G27970,Q9C7F5
AT1G27980,Q9C509
AT1G27990,Q9C7F4
AT1G28000,F4HUV0
AT1G28005,A0A1P8APR3
AT1G28010,Q9C7F2
AT1G28020,Q9C7F1
AT1G28030,Q9C7F0
AT1G28040,Q9C7E9
AT1G28050,Q9C7E8
AT1G28060,Q9C7E7
AT1G28070,Q9C7E6
AT1G28080,A0A1P8ANB5
AT1G28090,F4HUW0
AT1G28100,Q8GWB2
AT1G28110,Q93Y09
AT1G28120,Q8LG98
AT1G28130,Q9FZ87
AT1G28135,Q6IDD0
AT1G28140,Q9FZ88
AT1G28150,Q9FZ89
AT1G28160,Q9FZ90
AT1G28170,Q9FZ91
AT1G28180,Q9FZ92
AT1G28190,Q9FZ93
AT1G28200,Q9SE96
AT1G28210,Q38813
AT1G28220,Q9FZ95
AT1G28230,Q9FZ96
AT1G28240,Q9FZ97
AT1G28260,Q9FZ99
AT1G28265,A0A1P8AVQ4
AT1G28270,Q9FZA0
AT1G28280,Q5M750
AT1G28290,Q9FZA2
AT1G28300,Q1PFR7
AT1G28305,F4HWK0
AT1G28306,B3H5T5
AT1G28310,Q9FZA4
AT1G28320,Q8VZD4
AT1G28330,B9DGG8
AT1G28335,P82746
AT1G28340,F4HWL3
AT1G28350,F4HWL4
AT1G28360,Q94ID6
AT1G28370,Q9C5I3
AT1G28375,Q9SGN5
AT1G28380,Q9SGN6
AT1G28390,Q9SGN7
AT1G28395,B3H530
AT1G28400,Q9SGN8
AT1G28410,F4HY55
AT1G28420,F4HY56
AT1G28430,Q9SGP1
AT1G28440,Q9SGP2
AT1G28450,Q9SGP3
AT1G28460,Q9SGP4
AT1G28470,F4HY61
AT1G28480,Q9SGP6
AT1G28490,Q946Y7
AT1G28500,Q9SGP8
AT1G28510,Q9SGP9
AT1G28520,Q9SGQ0
AT1G28530,Q84TH8
AT1G28540,Q9SHP5
AT1G28550,Q9S810
AT1G28560,Q8L627
AT1G28570,Q9FXJ1
AT1G28580,Q9FXJ2
AT1G28590,Q8RXT9
AT1G28600,Q94F40
AT1G28610,Q9SHP6
AT1G28630,F4HY84
AT1G28640,P0C8Z7
AT1G28650,Q3E7I6
AT1G28660,Q9FPE4
AT1G28670,Q38894
AT1G28680,Q8LF28
AT1G28690,Q1PFQ9
AT1G28695,Q3E6Y3
AT1G28700,Q9SHQ2
AT1G28710,Q9FXJ4
AT1G28765,A0A1P8ARS6
AT1G28815,Q9SHQ5
AT1G28960,Q8GYB1
AT1G29000,Q9SHQ8
AT1G29005,A0A1P8ANS6
AT1G29010,Q9SHQ9
AT1G29020,A0A1P8AP52
AT1G29025,F4HZU9
AT1G29030,Q8GXH2
AT1G29040,Q8LDL9
AT1G29041,F4HZV5
AT1G29050,Q8VY22
AT1G29060,Q8L9S0
AT1G29070,Q9LP37
AT1G29080,Q9LP39
AT1G29090,Q84W75
AT1G29100,Q9LP41
AT1G29110,F4HZW2
AT1G29120,C0Z2A9
AT1G29140,Q9LP44
AT1G29150,Q9LP45
AT1G29160,P68350
AT1G29170,Q9LP46
AT1G29179,Q2V4K2
AT1G29180,F4HZX5
AT1G29195,Q9LP48
AT1G29200,F4HZX7
AT1G29220,F4HZY1
AT1G29230,Q9LP51
AT1G29240,Q9LP52
AT1G29250,Q9LP53
AT1G29260,Q9XF57
AT1G29270,F4I1F3
AT1G29280,Q9LP56
AT1G29290,Q52K95
AT1G29300,Q9LP57
AT1G29310,Q8RWJ5
AT1G29320,A0A1P8AW47
AT1G29330,P35402
AT1G29340,Q9C7R6
AT1G29350,F4I1G1
AT1G29355,F4I1G2
AT1G29370,Q8VZT4
AT1G29380,Q6DST9
AT1G29390,F4I1G5
AT1G29395,Q94AL8
AT1G29400,Q8VWF5
AT1G29410,Q8LPI9
AT1G29418,A8MRE7
AT1G29420,Q6NMM0
AT1G29430,Q9C7Q8
AT1G29435,A0A1P8ATU5
AT1G29440,F4I1H5
AT1G29450,Q0V7Z5
AT1G29460,Q0WPR6
AT1G29465,Q0WQY3
AT1G29470,Q6NPR7
AT1G29480,Q9C7Q3
AT1G29490,Q29Q96
AT1G29500,Q9C7Q1
AT1G29510,F4I1I4
AT1G29520,Q9C7P9
AT1G29530,Q6NL08
AT1G29535,A0A1P8AUY5
AT1G29540,Q5BPY8
AT1G29550,Q9C7P6
AT1G29560,B3H4U9
AT1G29570,Q9C7P4
AT1G29580,Q9C7P3
AT1G29590,Q9C7P2
AT1G29600,Q9C7P1
AT1G29620,Q9C7N9
AT1G29630,Q8L6Z7
AT1G29640,Q9C7N7
AT1G29660,Q9C7N5
AT1G29670,Q9C7N4
AT1G29680,Q9C7N3
AT1G29690,Q9C7N2
AT1G29700,Q9C535
AT1G29710,Q9C6G2
AT1G29720,Q9ASQ6
AT1G29730,A0A1P8AUL5
AT1G29740,A0A1P8ANH9
AT1G29750,Q9FXF2
AT1G29760,F4I340
AT1G29770,Q9FXF4
AT1G29775,A0A1P8AU04
AT1G29780,A2RVS1
AT1G29790,Q8RWB7
AT1G29800,Q84WW7
AT1G29810,Q6QJ72
AT1G29820,F4I348
AT1G29830,F4I350
AT1G29840,F4I353
AT1G29850,Q9FXG0
AT1G29860,Q93WV4
AT1G29870,Q9FXG2
AT1G29880,O23627
AT1G29890,Q9FXG3
AT1G29900,Q42601
AT1G29910,Q8VZ87
AT1G29920,P0CJ48
AT1G29930,P04778
AT1G29940,F4I366
AT1G29950,Q9ASX9
AT1G29960,Q67XF2
AT1G29962,Q7XJK9
AT1G29965,Q8L7K0
AT1G29970,Q8L9S1
AT1G29980,Q9C8S1
AT1G29990,Q2HIK4
AT1G30000,Q93Y37
AT1G30010,Q9C8R8
AT1G30020,Q9C8R7
AT1G30040,Q9XFR9
AT1G30050,Q9C8R6
AT1G30060,Q9C8R5
AT1G30070,F4I4Q9
AT1G30080,A0A1P8ANI0
AT1G30090,Q9C6Z0
AT1G30100,Q9C6Z1
AT1G30110,Q9C6Z2
AT1G30120,Q9C6Z3
AT1G30130,Q9C6Z4
AT1G30135,Q8LBM2
AT1G30140,Q6DYE3
AT1G30160,Q6DBP6
AT1G30170,Q9C6Z8
AT1G30190,Q9C6Z9
AT1G30200,Q9C534
AT1G30210,Q9C758
AT1G30220,Q9C757
AT1G30230,P48006
AT1G30240,Q0WV78
AT1G30250,Q66GS7
AT1G30260,Q9C754
AT1G30270,Q93VD3
AT1G30280,Q9C752
AT1G30290,A0A1P8AP43
AT1G30300,Q6NNG9
AT1G30320,Q9C8G3
AT1G30330,Q9ZTX8
AT1G30350,Q9C8G4
AT1G30360,Q9C8G5
AT1G30370,Q9C8G6
AT1G30380,Q9SUI5
AT1G30400,Q9C8G9
AT1G30410,Q9C8H0
AT1G30420,Q9C8H1
AT1G30440,Q9S9Q9
AT1G30450,Q2UVJ5
AT1G30455,F4I4V4
AT1G30460,A9LNK9
AT1G30470,F4I6B2
AT1G30473,Q1G3T0
AT1G30475,Q6NM15
AT1G30480,P42698
AT1G30490,O04292
AT1G30500,Q84JP1
AT1G30510,Q9S9P8
AT1G30515,Q8L8T4
AT1G30520,Q8VYJ1
AT1G30530,Q9S9P6
AT1G30540,Q8LGE0
AT1G30545,A0A1P8ASE3
AT1G30550,F4I6D2
AT1G30560,Q9SA71
AT1G30570,Q9SA72
AT1G30580,Q9SA73
AT1G30590,A0A1P8APA8
AT1G30600,Q9SA75
AT1G30610,Q9SA76
AT1G30620,Q9SA77
AT1G30630,Q9SA78
AT1G30640,F4I6E4
AT1G30650,Q9SA80
AT1G30660,F4I6E6
AT1G30670,Q9SA82
AT1G30680,B5X582
AT1G30690,Q94C59
AT1G30700,Q9SA85
AT1G30710,Q9SA86
AT1G30720,Q9SA87
AT1G30730,Q9SA88
AT1G30740,Q9SA89
AT1G30750,Q949S2
AT1G30755,Q9SA91
AT1G30757,Q8LGA4
AT1G30760,Q93ZA3
AT1G30780,Q9SY17
AT1G30790,Q9SY20
AT1G30795,Q9SY21
AT1G30800,Q9SY22
AT1G30810,F4I6G4
AT1G30814,B6EUC0
AT1G30820,F4I6G9
AT1G30825,Q8LGI3
AT1G30840,Q9SY29
AT1G30845,Q3C1C7
AT1G30850,Q9SY31
AT1G30860,Q6NQ80
AT1G30870,Q9SY33
AT1G30880,Q9FYH5
AT1G30890,Q94BQ9
AT1G30900,Q9FYH7
AT1G30910,Q9FYH8
AT1G30920,P0C2G2
AT1G30925,P0C2G3
AT1G30930,P0C2D0
AT1G30935,P0C2C9
AT1G30945,Q9FYI3
AT1G30950,Q39090
AT1G30960,O82653
AT1G30970,Q9C5G0
AT1G30972,B3H566
AT1G30974,F4I7U4
AT1G30990,Q9FYJ0
AT1G31000,Q9FYJ1
AT1G31010,Q9FYJ2
AT1G31020,Q93VQ9
AT1G31040,F4I7U9
AT1G31050,Q9FYJ6
AT1G31060,Q6NLU6
AT1G31070,Q940S3
AT1G31072,Q9SA01
AT1G31080,Q9SA02
AT1G31090,Q9SA03
AT1G31095,A0A1P8ARI1
AT1G31120,Q9SA05
AT1G31130,Q9SA06
AT1G31140,Q9SA07
AT1G31150,Q9SA08
AT1G31160,Q8GYJ9
AT1G31163,F4I7W1
AT1G31170,Q8GY89
AT1G31175,Q9SA13
AT1G31180,Q9SA14
AT1G31190,Q94F00
AT1G31200,Q9SA16
AT1G31220,P52422
AT1G31230,Q9SA18
AT1G31240,Q9SA19
AT1G31243,A0A1P8AU14
AT1G31250,Q58CN2
AT1G31255,A0A1P8AR64
AT1G31260,Q8W245
AT1G31270,F4I9B6
AT1G31280,Q9SHF3
AT1G31290,Q9SHF2
AT1G31300,Q93Z82
AT1G31310,F4I9C1
AT1G31320,Q9SHE9
AT1G31330,Q9SHE8
AT1G31335,Q8LG39
AT1G31340,Q9SHE7
AT1G31350,Q8GX29
AT1G31360,Q9FT73
AT1G31370,Q9C872
AT1G31380,Q9C871
AT1G31390,Q9C870
AT1G31400,Q9C869
AT1G31410,Q66GJ0
AT1G31420,C0LGF4
AT1G31430,Q9C866
AT1G31440,Q9C865
AT1G31450,Q9C864
AT1G31460,Q9C863
AT1G31470,F4I9E1
AT1G31480,Q8W5R2
AT1G31490,Q9C564
AT1G31500,A8MS41
AT1G31510,Q9C6U5
AT1G31520,Q9C6U6
AT1G31530,Q9C6U7
AT1G31540,F4I9F1
AT1G31550,Q9C857
AT1G31555,A0A1P8ASM4
AT1G31580,Q39066
AT1G31600,Q8RWY1
AT1G31620,Q9C6V2
AT1G31630,Q9C6V3
AT1G31640,Q9C6V4
AT1G31650,Q56WM6
AT1G31660,Q8RWS4
AT1G31670,P0DN99
AT1G31672,P0DO00
AT1G31690,F4IAX0
AT1G31710,F4IAX1
AT1G31720,A2RVU1
AT1G31730,Q8L7A9
AT1G31740,Q9C6W4
AT1G31750,Q9C4Z8
AT1G31760,Q9C504
AT1G31770,Q9C6W5
AT1G31772,Q2V4J8
AT1G31780,Q6NMI3
AT1G31790,Q9C6R9
AT1G31800,Q93VK5
AT1G31810,Q9C6S1
AT1G31812,P57752
AT1G31814,Q9C6S2
AT1G31817,Q8VZT8
AT1G31820,Q9C6S4
AT1G31830,Q9C6S5
AT1G31835,A0A1P8APS1
AT1G31840,Q9C6S6
AT1G31850,Q9C6S7
AT1G31860,O82768
AT1G31870,Q9C6S8
AT1G31880,Q17TI5
AT1G31885,Q9C6T0
AT1G31910,Q9C6T1
AT1G31920,Q9C6T2
AT1G31930,Q9C516
AT1G31940,Q8VYV3
AT1G31950,Q9C6W6
AT1G31960,Q9C555
AT1G31970,Q9C551
AT1G31990,Q56Y48
AT1G32000,Q9C6W7
AT1G32010,Q9C6W8
AT1G32020,Q9C6W9
AT1G32030,Q9C6X0
AT1G32050,Q9C6X2
AT1G32060,P25697
AT1G32070,Q7X9V3
AT1G32080,Q9FVQ4
AT1G32090,Q9FVQ5
AT1G32100,Q9FVQ6
AT1G32120,F4ICK6
AT1G32127,A0A1P8APW5
AT1G32130,F4ICK8
AT1G32140,Q9FVQ9
AT1G32150,Q84LG2
AT1G32160,Q9FVR1
AT1G32170,Q38908
AT1G32180,Q9FVR3
AT1G32190,Q9FVR4
AT1G32200,Q43307
AT1G32210,Q39080
AT1G32220,Q9FVR6
AT1G32225,F4ICM0
AT1G32230,Q8RY59
AT1G32240,Q9C616
AT1G32250,Q9LQN4
AT1G32260,Q9LQN3
AT1G32270,Q9C615
AT1G32280,Q9LQN1
AT1G32300,Q9C614
AT1G32310,Q9C613
AT1G32320,Q9LQM8
AT1G32330,Q9LQM7
AT1G32337,F4ICN4
AT1G32340,Q9LQM5
AT1G32350,Q8LEE7
AT1G32360,Q9LQM3
AT1G32361,Q9LQM2
AT1G32370,Q8H960
AT1G32375,Q9LQM1
AT1G32380,Q42583
AT1G32400,Q9C5W7
AT1G32410,Q9AST6
AT1G32415,P0C7R0
AT1G32420,Q9LQL5
AT1G32430,Q9LQL4
AT1G32440,Q93Z53
AT1G32450,Q9LQL2
AT1G32460,Q9LQL1
AT1G32470,Q9LQL0
AT1G32480,Q9LQK9
AT1G32490,Q8VY00
AT1G32500,Q9LQK7
AT1G32510,Q9LQK5
AT1G32530,Q8RX22
AT1G32540,Q93ZB1
AT1G32550,Q9C7Y4
AT1G32560,Q39138
AT1G32570,Q9C7Y3
AT1G32575,A0A1P8ART7
AT1G32580,Q9C7Y2
AT1G32583,Q1G3T1
AT1G32585,Q3ED38
AT1G32600,Q4PT11
AT1G32610,Q9LPK0
AT1G32630,Q9LPJ9
AT1G32640,Q39204
AT1G32650,Q3ED37
AT1G32660,Q9LPJ7
AT1G32690,Q6NNH5
AT1G32700,F4IEB6
AT1G32710,Q9LPJ2
AT1G32720,Q3ED35
AT1G32730,Q9LPJ1
AT1G32740,Q8LCK5
AT1G32750,Q8LRK9
AT1G32760,Q9LPI8
AT1G32763,Q2V4J5
AT1G32770,Q9LPI7
AT1G32780,A1L4Y2
AT1G32790,Q9LPI5
AT1G32810,Q9MAQ7
AT1G32850,Q9MAQ3
AT1G32860,Q8L868
AT1G32870,F4IED2
AT1G32880,F4HPE4
AT1G32900,Q9MAQ0
AT1G32910,Q9MAP9
AT1G32920,Q93WI1
AT1G32928,Q56XA0
AT1G32930,Q9MAP8
AT1G32940,Q9MAP7
AT1G32950,F4HPF1
AT1G32960,Q9MAP5
AT1G32970,Q9MAP4
AT1G32975,F4HPF4
AT1G32980,Q1PFP8
AT1G32990,Q9MAP3
AT1G33010,Q9MAP2
AT1G33020,Q9MAP1
AT1G33030,Q9MAP0
AT1G33040,Q8LGC6
AT1G33050,Q8VYZ1
AT1G33055,Q94K21
AT1G33060,B5X570
AT1G33070,F4HPG8
AT1G33080,Q8RXK1
AT1G33090,F4HPH1
AT1G33100,F4HPH2
AT1G33102,Q0WN65
AT1G33110,Q8W488
AT1G33120,P49209
AT1G33170,Q9C884
AT1G33220,Q9LP27
AT1G33230,A0A1P8ANQ6
AT1G33240,Q9C882
AT1G33250,Q9C881
AT1G33260,P0DKI6
AT1G33265,Q8LPG1
AT1G33270,Q6NPP7
AT1G33280,Q9C878
AT1G33290,Q9C877
AT1G33320,Q9C876
AT1G33330,Q9C875
AT1G33340,Q9C502
AT1G33350,Q9C501
AT1G33360,Q66GN9
AT1G33390,Q9C813
AT1G33400,F4HR71
AT1G33410,Q9C811
AT1G33420,Q9C810
AT1G33430,Q9C809
AT1G33440,Q56XQ6
AT1G33470,Q67YS0
AT1G33475,Q84WF5
AT1G33480,Q570X5
AT1G33490,Q9C803
AT1G33500,Q9C802
AT1G33520,Q9C801
AT1G33530,Q9C800
AT1G33540,Q9C7Z9
AT1G33560,Q9FW44
AT1G33590,A0A1P8AWX3
AT1G33600,Q9FW48
AT1G33607,Q2V4J2
AT1G33610,F4HR91
AT1G33612,F4HR92
AT1G33640,Q9FW50
AT1G33670,Q4PT10
AT1G33680,Q0WLY0
AT1G33700,F4HR96
AT1G33710,Q3ED23
AT1G33720,Q9LQ25
AT1G33730,F4HRA1
AT1G33750,Q9LQ27
AT1G33760,Q9LQ28
AT1G33770,Q9LQ29
AT1G33780,Q8W467
AT1G33790,Q9LQ31
AT1G33800,Q9LQ32
AT1G33810,Q8L9M8
AT1G33811,Q8L5Z1
AT1G33820,F4HT02
AT1G33830,Q9C8U2
AT1G33840,Q9LQ36
AT1G33850,Q9LD48
AT1G33860,F4HT07
AT1G33870,Q9C8U4
AT1G33880,Q9C8U5
AT1G33890,Q9C8U6
AT1G33900,Q9C8U7
AT1G33910,Q9C8U8
AT1G33920,Q9C8U9
AT1G33930,Q9C8V0
AT1G33940,Q9C8V1
AT1G33945,A0A1P8AUR6
AT1G33950,Q9C8V2
AT1G33960,P54120
AT1G33970,F4HT21
AT1G33980,Q9FVW4
AT1G33990,Q9FVW3
AT1G34000,Q9FEC1
AT1G34010,A0A1P8AWZ6
AT1G34015,A0A1P8AWX0
AT1G34020,Q9FDZ5
AT1G34040,Q9FE98
AT1G34042,B3H662
AT1G34046,F4HT36
AT1G34047,Q2V2Q8
AT1G34049,A0A1P8ASE7
AT1G34050,Q9FX13
AT1G34060,Q93Z38
AT1G34065,F4HT41
AT1G34070,Q9FX16
AT1G34095,F4HT43
AT1G34110,C0LGF5
AT1G34120,Q84MA2
AT1G34130,Q9FX21
AT1G34140,F4HT49
AT1G34150,Q9C5K6
AT1G34160,Q9FX24
AT1G34170,Q9FX25
AT1G34180,A4FVP6
AT1G34190,Q9XIC5
AT1G34200,Q9ASQ9
AT1G34210,Q9XIC7
AT1G34220,F4HUX0
AT1G34245,Q8LC53
AT1G34260,Q9XID0
AT1G34270,Q9XID1
AT1G34290,Q9XID2
AT1G34300,Q9XID3
AT1G34310,Q9XID4
AT1G34315,F4HUX8
AT1G34317,A0A1P8APR9
AT1G34320,Q9XID5
AT1G34340,Q9XID7
AT1G34350,Q67Y14
AT1G34355,B7SY83
AT1G34360,Q6NLP2
AT1G34370,Q9C8N5
AT1G34380,Q66GR7
AT1G34390,Q9C8N7
AT1G34400,Q9C8N8
AT1G34403,A0A1P8AN57
AT1G34410,Q9C8N9
AT1G34420,Q9LNK3
AT1G34430,Q9C8P0
AT1G34440,Q9C8P1
AT1G34460,Q39072
AT1G34470,Q9LNK7
AT1G34480,Q9LNK8
AT1G34490,Q3ED15
AT1G34500,Q4PT07
AT1G34510,Q9LNL0
AT1G34520,Q9LNL1
AT1G34540,Q9LNL3
AT1G34550,F4HV06
AT1G34560,F4HV07
AT1G34570,F4HV08
AT1G34575,F4HV09
AT1G34580,Q93Y91
AT1G34630,A0A1P8ANV7
AT1G34640,Q9LNM6
AT1G34650,Q9S9Z0
AT1G34670,Q9S9Z2
AT1G34750,Q9S9Z7
AT1G34760,Q9S9Z8
AT1G34770,Q8GUN4
AT1G34780,Q9SA00
AT1G34790,Q8VWG3
AT1G34792,A7REE7
AT1G34795,A7REE8
AT1G34800,A7REE9
AT1G34807,A0A1P8AU78
AT1G34812,A0A1P8APM6
AT1G34840,A8MS25
AT1G34855,A0A1P8AQ96
AT1G34860,A7REF0
AT1G34910,F4HWP8
AT1G34930,A8MRP7
AT1G35030,Q9C6D6
AT1G35035,A8MRL8
AT1G35040,Q9C6D7
AT1G35140,Q9C6E4
AT1G35150,Q9C6E6
AT1G35160,P46077
AT1G35170,F4HWQ7
AT1G35180,Q6IDJ6
AT1G35181,B3H4R7
AT1G35183,A0A1P8ANT6
AT1G35190,Q9C6F0
AT1G35210,Q9C6F2
AT1G35215,A0A1P8AWK7
AT1G35220,F4HYA7
AT1G35230,Q8LCE4
AT1G35240,Q9C7I9
AT1G35242,B3H4F7
AT1G35250,Q9C7I8
AT1G35255,Q1G3E8
AT1G35260,Q9C7I7
AT1G35290,Q9C7I5
AT1G35310,Q9C7I3
AT1G35320,F4HYB6
AT1G35330,Q9C7I1
AT1G35340,Q682J5
AT1G35350,Q6R8G2
AT1G35353,A0A1P8APD3
AT1G35365,F4HYC4
AT1G35375,F4HYC5
AT1G35400,F4HYC6
AT1G35410,Q9C8P4
AT1G35420,F4HYC8
AT1G35430,Q93XY9
AT1G35435,Q2V4I9
AT1G35440,Q9C8P7
AT1G35460,Q9C8P8
AT1G35467,A8MQI8
AT1G35470,F4HYD7
AT1G35490,C0SUZ3
AT1G35500,Q9C8Q1
AT1G35510,Q8H1E6
AT1G35515,Q9SDS8
AT1G35520,Q9LQE3
AT1G35530,I3XHK1
AT1G35537,Q2V4I8
AT1G35540,Q9LQE8
AT1G35560,Q9LQF0
AT1G35580,Q9LQF2
AT1G35610,F4HZZ0
AT1G35614,F4HZZ1
AT1G35617,F4HZZ2
AT1G35620,Q94F09
AT1G35625,F4HZZ4
AT1G35630,F4HZZ5
AT1G35660,F4HZZ6
AT1G35670,Q39016
AT1G35680,P51412
AT1G35710,Q9LP24
AT1G35720,Q9SYT0
AT1G35730,Q1PFN9
AT1G35750,Q9LP21
AT1G35780,Q9LP18
AT1G35820,F4I004
AT1G35830,Q9C8B9
AT1G35850,Q9C8B8
AT1G35860,Q9C8B7
AT1G35880,Q9C8B6
AT1G35890,Q9C8B5
AT1G35895,A0A1P8ARQ1
AT1G35910,Q67XC9
AT1G36000,Q9C8V8
AT1G36005,A0A1P8AVD0
AT1G36020,Q9C8V9
AT1G36030,Q9C8W0
AT1G36045,Q9SKW7
AT1G36050,Q9C8W1
AT1G36060,Q9SKW5
AT1G36070,Q0V7U5
AT1G36078,A8MQJ4
AT1G36085,A0A1P8AVM4
AT1G36095,F4I1K8
AT1G36100,Q9SKV8
AT1G36150,Q2PE60
AT1G36160,Q38970
AT1G36180,F4I1L3
AT1G36230,Q9C8F8
AT1G36240,Q9C8F7
AT1G36272,B3H6V7
AT1G36280,Q8GUN7
AT1G36310,Q94A09
AT1G36320,Q9C8X8
AT1G36325,A0A1P8ASS6
AT1G36340,Q9C8X7
AT1G36370,Q84WV0
AT1G36380,F4I1M5
AT1G36390,Q9C8X4
AT1G36510,F4I1M8
AT1G36580,F4I386
AT1G36622,Q1G3E7
AT1G36623,A0A1P8ATC0
AT1G36627,A0A1P8ATC3
AT1G36640,Q9C8F3
AT1G36675,F4I389
AT1G36730,Q9C8F1
AT1G36745,F4I392
AT1G36756,Q9FRI9
AT1G36920,F4I394
AT1G36922,A0A1P8AQ05
AT1G36925,F4I396
AT1G36940,F4I397
AT1G36942,B3H5Z1
AT1G36950,F4I3A0
AT1G36960,F4I3A1
AT1G36970,F4I3A2
AT1G36980,Q949Z8
AT1G36990,Q9LP92
AT1G37000,F4I3A5
AT1G37010,F4I3A7
AT1G37020,F4I3A8
AT1G37113,B3H7N2
AT1G37130,P11035
AT1G37140,Q4PT05
AT1G37150,F4I4W2
AT1G38065,Q8LNP3
AT1G38131,Q8GUM0
AT1G38790,F4I6H2
AT1G39060,A0A1P8AM63
AT1G39070,A0A1P8ARQ6
AT1G40083,F4I6H4
AT1G40086,A0A1P8APU8
AT1G40087,F4I6H5
AT1G40090,A0A1P8AUT7
AT1G40104,F4I6H6
AT1G40129,F4I6H7
AT1G40390,F4I7W9
AT1G41820,Q9C8Q4
AT1G41830,F4I7X1
AT1G41880,Q9FZH0
AT1G41920,F4I7X4
AT1G42080,Q9C760
AT1G42190,Q9C763
AT1G42430,F4I9G2
AT1G42440,Q9ASU6
AT1G42470,F4I9G5
AT1G42480,F4I9G7
AT1G42525,F4I9G9
AT1G42540,Q9C8E7
AT1G42550,Q9C8E6
AT1G42560,Q94KB4
AT1G42615,A0A1P8AW93
AT1G42680,F4I9H4
AT1G42700,Q9C843
AT1G42710,Q9C842
AT1G42960,Q9C7S3
AT1G42970,P25857
AT1G42980,Q9C7S1
AT1G42990,Q9C7S0
AT1G43000,A0A178VZV5
AT1G43005,F4IB23
AT1G43010,Q9C545
AT1G43020,Q6E2A4
AT1G43040,A0A178W1I1
AT1G43080,Q9C8C4
AT1G43090,Q9C8C3
AT1G43100,Q9C8C2
AT1G43130,Q9C8C1
AT1G43140,P0CH31
AT1G43145,F4IB35
AT1G43160,Q7G1L2
AT1G43170,P17094
AT1G43171,Q1G3Z6
AT1G43190,Q6ICX4
AT1G43245,Q3ECY6
AT1G43260,F4IB51
AT1G43310,F4IB52
AT1G43320,Q3ECY3
AT1G43330,F4IB54
AT1G43415,F4IB55
AT1G43560,Q8L7S9
AT1G43580,Q9XIG2
AT1G43600,Q3E7I8
AT1G43605,A0A1P8APK5
AT1G43610,Q3ECX9
AT1G43620,Q9XIG1
AT1G43630,Q6DYE2
AT1G43640,Q944S3
AT1G43650,Q6NMB7
AT1G43665,Q3ECX8
AT1G43666,Q56Y90
AT1G43667,Q8GX11
AT1G43670,Q9MA79
AT1G43680,F4ICS1
AT1G43690,Q8VYV0
AT1G43700,Q9MA75
AT1G43710,Q9MA74
AT1G43720,F4ICS5
AT1G43722,F4ICS6
AT1G43730,F4ICS7
AT1G43760,F4ICS8
AT1G43770,B3H578
AT1G43780,Q9MAR8
AT1G43790,Q8LBX7
AT1G43800,Q84VY3
AT1G43810,Q3ECX5
AT1G43815,A0A1P8AP46
AT1G43825,A0A1P8AUL6
AT1G43850,Q8W234
AT1G43860,Q9MAR2
AT1G43890,O23657
AT1G43900,Q8VZN9
AT1G43910,Q9LP11
AT1G43920,Q9LP10
AT1G43950,Q9LP07
AT1G43970,F4IED7
AT1G43980,Q9LP03
AT1G44000,Q94AQ9
AT1G44010,Q9LNZ6
AT1G44020,F4IEE1
AT1G44030,A0A1P8AMN4
AT1G44050,Q9LNZ0
AT1G44080,Q9C6X9
AT1G44085,Q9C6Y0
AT1G44090,Q4PT02
AT1G44100,Q8GUM3
AT1G44110,Q9C6Y3
AT1G44120,Q9C6Y4
AT1G44130,Q9C6Y5
AT1G44160,Q0WRX5
AT1G44170,Q70DU8
AT1G44180,Q9C6Y8
AT1G44191,A8MQW1
AT1G44222,Q570Y0
AT1G44318,Q94LA4
AT1G44350,Q8VYX0
AT1G44414,Q94LA6
AT1G44446,Q9MBA1
AT1G44478,Q94LA7
AT1G44542,Q94LA9
AT1G44575,Q9XF91
AT1G44608,Q58G48
AT1G44740,F4IEH1
AT1G44750,Q9LPF6
AT1G44760,Q9LPF5
AT1G44770,Q84WK2
AT1G44780,Q5Q0F0
AT1G44790,Q84QC1
AT1G44800,Q9LPF1
AT1G44810,Q9LPF0
AT1G44820,Q9LPE9
AT1G44830,Q9LPE8
AT1G44835,F4HPK3
AT1G44890,Q6ICW9
AT1G44895,A0A1P8APK6
AT1G44900,Q9LPD9
AT1G44910,B6EUA9
AT1G44920,Q9LPD7
AT1G44940,F4HPL1
AT1G44941,B3H6B3
AT1G44960,Q9LPD5
AT1G44970,Q96512
AT1G44980,Q9MAL0
AT1G44990,F4HPL7
AT1G45000,Q9MAK9
AT1G45010,Q8VZR3
AT1G45015,Q9MAK7
AT1G45050,P42743
AT1G45063,F4HPM4
AT1G45100,F4HPM6
AT1G45110,Q6NQA0
AT1G45130,Q9MAJ7
AT1G45145,Q39241
AT1G45150,Q7Y231
AT1G45160,F4HPN2
AT1G45163,F4HPN4
AT1G45165,Q058G8
AT1G45170,Q1H5C9
AT1G45180,Q9MAJ1
AT1G45190,Q9MAJ0
AT1G45191,Q3ECW8
AT1G45196,Q8L7S1
AT1G45207,F4HRB5
AT1G45215,A7REF1
AT1G45221,A8MQF4
AT1G45223,A7REF3
AT1G45229,A0A1P8AW98
AT1G45230,Q9C642
AT1G45231,F4HRC0
AT1G45233,F4HRC1
AT1G45243,F4HRB9
AT1G45248,F4HRC7
AT1G45249,Q9M7Q4
AT1G45332,Q9C641
AT1G45403,Q9C640
AT1G45474,Q9C639
AT1G45545,Q9C638
AT1G45616,Q9C637
AT1G45688,Q9C636
AT1G45976,Q9FEA0
AT1G46264,Q9C635
AT1G46336,Q9C634
AT1G46408,Q9C633
AT1G46480,Q6X7J9
AT1G46696,Q9C631
AT1G46768,Q8LC30
AT1G46840,Q9C629
AT1G46912,Q9C628
AT1G46984,Q9C627
AT1G47056,Q9C626
AT1G47128,P43297
AT1G47130,A0A1P8AQP2
AT1G47200,Q9C500
AT1G47210,Q9C6A9
AT1G47220,A0MEB5
AT1G47230,Q3ECW2
AT1G47240,Q9C6B2
AT1G47250,O23712
AT1G47260,Q9C6B3
AT1G47265,Q1G3Z4
AT1G47270,Q0WPY0
AT1G47271,B3H6Z2
AT1G47278,A8MRX3
AT1G47280,Q1PFM9
AT1G47290,Q9FX01
AT1G47300,Q9FX02
AT1G47310,Q9FX03
AT1G47317,Q2V4I2
AT1G47320,P0CAY7
AT1G47330,Q8RY60
AT1G47340,Q0V7S0
AT1G47350,F4HT76
AT1G47370,F4HT77
AT1G47380,Q9FX08
AT1G47389,F4HT79
AT1G47390,Q9FX09
AT1G47400,Q3ECW0
AT1G47410,Q9SX76
AT1G47420,Q9SX77
AT1G47450,Q3ECV9
AT1G47470,Q3ECV8
AT1G47480,Q9SX78
AT1G47485,Q8L8Y3
AT1G47490,Q9SX79
AT1G47495,F4HT92
AT1G47497,Q1G3E3
AT1G47500,Q9SX80
AT1G47510,Q5EAF2
AT1G47530,Q9SX83
AT1G47540,Q42330
AT1G47550,Q9SX85
AT1G47560,Q9SX86
AT1G47570,Q6NL06
AT1G47578,P0C7R2
AT1G47580,P0C7R1
AT1G47590,Q9SX90
AT1G47600,Q8GRX1
AT1G47603,Q9SX93
AT1G47610,Q9SX94
AT1G47620,Q9SX95
AT1G47640,Q9SX96
AT1G47655,Q9SX97
AT1G47657,A0A1P8AN40
AT1G47660,F4HV22
AT1G47670,Q9SX98
AT1G47680,Q3ECV3
AT1G47690,Q3E7G5
AT1G47695,A0A1P8AW78
AT1G47702,Q9FZE7
AT1G47710,Q9S7T8
AT1G47720,Q9SX99
AT1G47730,Q9SXA0
AT1G47740,Q8RXP3
AT1G47750,Q9FZF1
AT1G47760,Q9FZF2
AT1G47765,Q9FZF3
AT1G47770,F4HV35
AT1G47780,F4HV36
AT1G47786,F4HV37
AT1G47790,Q9FZF8
AT1G47800,P0C2G5
AT1G47810,Q4PT00
AT1G47813,Q9FZG0
AT1G47820,Q9FZG2
AT1G47830,Q84WL9
AT1G47840,Q9FZG4
AT1G47845,A0A1P8ARU2
AT1G47870,Q9FV70
AT1G47885,F4HV48
AT1G47890,Q9C699
AT1G47900,Q9C698
AT1G47915,Q3E6X9
AT1G47920,F4HV53
AT1G47940,F4HV54
AT1G47960,F4HWQ8
AT1G47970,Q9C7Y9
AT1G47980,F4HWR0
AT1G47990,Q9C7Z1
AT1G48000,Q94CJ3
AT1G48010,Q9C7Z2
AT1G48020,Q9LNF2
AT1G48030,Q9M5K3
AT1G48040,Q9LNF4
AT1G48050,Q9FQ09
AT1G48060,Q9LNF6
AT1G48070,Q6NM39
AT1G48090,A0A1P8AMP4
AT1G48095,Q9C7Z7
AT1G48100,Q949Z1
AT1G48120,Q9LNG5
AT1G48130,O04005
AT1G48140,Q8LEQ4
AT1G48145,F4HWT1
AT1G48150,Q9LNG8
AT1G48160,Q943Z6
AT1G48170,Q8VYQ0
AT1G48175,Q6IDB6
AT1G48180,F4HWT6
AT1G48190,F4HWT7
AT1G48195,Q3ECU8
AT1G48200,Q6NPH1
AT1G48210,F4HWU0
AT1G48220,Q9SX57
AT1G48230,Q9LNH5
AT1G48240,Q9LNH6
AT1G48260,Q94C40
AT1G48270,O04714
AT1G48280,Q9SX62
AT1G48285,A0A1P8ANZ1
AT1G48300,Q9C5W0
AT1G48310,A0A1P8AQE4
AT1G48320,Q9SX65
AT1G48325,Q84WL4
AT1G48330,Q9SX67
AT1G48350,Q9SX68
AT1G48355,A0A1P8AR58
AT1G48360,Q5XVJ4
AT1G48370,Q6R3K4
AT1G48380,O81242
AT1G48390,F4HYE7
AT1G48400,Q56XW8
AT1G48405,Q9SX73
AT1G48410,O04379
AT1G48420,F4HYF3
AT1G48430,F4HYF4
AT1G48440,Q8LDS7
AT1G48450,Q9LP80
AT1G48470,Q8GXW5
AT1G48480,Q9LP77
AT1G48490,F4HYG2
AT1G48500,Q58G47
AT1G48510,Q9LP74
AT1G48520,Q9FV81
AT1G48530,Q5XVJ3
AT1G48540,F4HYH4
AT1G48550,F4HYH6
AT1G48560,Q9LP68
AT1G48570,Q9LP67
AT1G48590,Q9LP65
AT1G48600,Q944H0
AT1G48605,P94063
AT1G48610,Q94AD1
AT1G48620,Q4V3D1
AT1G48625,Q9LP59
AT1G48630,Q9C4Z6
AT1G48635,Q8S9K7
AT1G48640,Q9C733
AT1G48650,F4HYJ7
AT1G48660,A0A1P8AV88
AT1G48670,Q9C736
AT1G48690,Q9C737
AT1G48700,A0A1P8ARQ3
AT1G48720,Q682G3
AT1G48725,A0A1P8ARB6
AT1G48730,Q9C741
AT1G48740,A0A1P8AQX1
AT1G48745,Q1G3E1
AT1G48750,Q94AQ3
AT1G48760,Q9C744
AT1G48780,Q9C746
AT1G48790,Q8VYB5
AT1G48800,Q9C748
AT1G48820,Q9C749
AT1G48830,Q9C514
AT1G48840,Q8VXZ2
AT1G48850,P57720
AT1G48860,Q9FVP6
AT1G48870,Q9FVP7
AT1G48880,F4I037
AT1G48900,P49967
AT1G48910,Q9FVQ0
AT1G48912,B3H5C9
AT1G48920,Q9FVQ1
AT1G48930,Q9M995
AT1G48940,Q4PSZ8
AT1G48950,F4I045
AT1G48953,B3H5J2
AT1G48960,Q67Y32
AT1G48970,F4I048
AT1G48980,Q5XVJ1
AT1G48990,Q9M9A1
AT1G49000,Q9M9A2
AT1G49005,Q3ECU1
AT1G49010,Q9M9A3
AT1G49015,F4I057
AT1G49030,Q9M9A5
AT1G49032,Q8GX22
AT1G49040,Q8RXA7
AT1G49050,Q9M9A8
AT1G49100,F4I065
AT1G49110,Q5Q0E7
AT1G49120,Q9M9B2
AT1G49130,Q9M9B3
AT1G49140,Q9M9B4
AT1G49150,F4I1N3
AT1G49160,Q8LST2
AT1G49170,Q6NQG5
AT1G49180,F4I1N8
AT1G49190,Q9M9B9
AT1G49200,Q94BY6
AT1G49205,A0A1P8ATA8
AT1G49210,Q6NML0
AT1G49220,P0C034
AT1G49225,A0A1P8ATQ1
AT1G49230,Q6NQG7
AT1G49240,Q96293
AT1G49245,Q8LD83
AT1G49250,F4I1P7
AT1G49260,Q5BPX4
AT1G49270,Q9XI96
AT1G49290,Q9XI97
AT1G49300,Q9XI98
AT1G49310,Q84W13
AT1G49320,Q9XI99
AT1G49330,Q9XIA0
AT1G49340,Q9SXA1
AT1G49350,Q94AT3
AT1G49360,Q9XIA2
AT1G49380,Q9XIA4
AT1G49390,Q9XIA5
AT1G49400,Q9XIA6
AT1G49405,Q3ECT8
AT1G49410,Q9XIA7
AT1G49420,F4I1R5
AT1G49430,Q9XIA9
AT1G49435,P82731
AT1G49450,Q9XIB2
AT1G49470,Q9XIB3
AT1G49475,Q9XIB4
AT1G49480,Q9XIB5
AT1G49490,Q9XIB6
AT1G49500,Q9XIB7
AT1G49510,A0A1P8AVI5
AT1G49520,Q501B9
AT1G49530,O22043
AT1G49540,F4I1S7
AT1G49560,Q9FX84
AT1G49570,Q9FX85
AT1G49580,Q9FX86
AT1G49590,Q7XA66
AT1G49600,F4I3B3
AT1G49610,Q9FX89
AT1G49620,Q94CL9
AT1G49630,Q8VY06
AT1G49640,Q9FX92
AT1G49650,Q9FX93
AT1G49660,Q9FX94
AT1G49670,Q9FX95
AT1G49680,Q3ECT7
AT1G49700,F4I3C6
AT1G49710,Q9FX97
AT1G49715,Q2V4H7
AT1G49720,Q9M7Q5
AT1G49730,Q9FX99
AT1G49740,Q9FXA0
AT1G49750,Q9FXA1
AT1G49760,Q9FXA2
AT1G49770,Q9FXA3
AT1G49780,Q9FXA4
AT1G49790,F4I3E1
AT1G49800,Q5S502
AT1G49810,Q9C6D3
AT1G49820,Q9C6D2
AT1G49830,F4I3E6
AT1G49840,Q9C6D0
AT1G49850,Q852U6
AT1G49860,Q9C6C8
AT1G49870,Q9C6C7
AT1G49880,Q8GXX0
AT1G49890,Q94AI1
AT1G49900,Q9C538
AT1G49910,Q9C701
AT1G49920,Q9C702
AT1G49930,Q9C703
AT1G49940,F4I3G0
AT1G49950,Q8VWK4
AT1G49960,P93039
AT1G49970,Q9XJ35
AT1G49975,Q8LFL5
AT1G49980,Q6JDV7
AT1G49990,Q9LPM2
AT1G50000,Q6E297
AT1G50010,B9DGT7
AT1G50020,Q9LPM3
AT1G50030,Q9FR53
AT1G50040,Q9LPM5
AT1G50050,Q9LPM6
AT1G50060,Q9LPM7
AT1G50080,Q3ECT3
AT1G50090,Q9LPM8
AT1G50110,Q9LPM9
AT1G50120,Q8RWU2
AT1G50140,F4I4Y6
AT1G50160,Q3ECT2
AT1G50170,Q84JH7
AT1G50180,Q9SX38
AT1G50190,F4I4Z0
AT1G50200,P36428
AT1G50220,Q9SX41
AT1G50240,Q2QAV0
AT1G50250,Q39102
AT1G50260,Q8L626
AT1G50270,Q9SX45
AT1G50280,Q8RXR6
AT1G50290,Q944R3
AT1G50300,Q9AST1
AT1G50310,Q9SX48
AT1G50320,Q8LD49
AT1G50325,B3H4N5
AT1G50340,Q3ECT0
AT1G50360,F4I507
AT1G50370,Q9SX52
AT1G50380,A0A1P8ATN7
AT1G50390,Q9SX54
AT1G50400,Q9SX55
AT1G50410,Q94BR5
AT1G50420,Q9LPR8
AT1G50430,Q9LDU6
AT1G50440,Q9LPR9
AT1G50450,Q94BZ0
AT1G50460,Q9LPS1
AT1G50470,Q9C6Q5
AT1G50480,Q9SPK5
AT1G50490,Q8L7T3
AT1G50500,Q0WQF4
AT1G50510,Q84K35
AT1G50520,F4I6I6
AT1G50530,Q9C6Q1
AT1G50560,Q9LPS6
AT1G50570,Q9LPS7
AT1G50580,Q9LPS8
AT1G50590,Q9LPS9
AT1G50600,Q8H125
AT1G50610,Q9LPT1
AT1G50620,Q9C6P8
AT1G50630,Q9LPT3
AT1G50640,O80339
AT1G50650,Q9C6P6
AT1G50660,Q9LPT5
AT1G50670,Q9LPT6
AT1G50680,Q9C6P5
AT1G50690,A0A1P8ASS7
AT1G50700,Q9C6P3
AT1G50710,Q8GYM3
AT1G50720,Q9C6T5
AT1G50730,A0A1P8ATR6
AT1G50732,F4I6L1
AT1G50740,Q9C6T7
AT1G50745,A0A1P8AP45
AT1G50750,F4I6L3
AT1G50760,Q9C6K2
AT1G50770,Q9C6K1
AT1G50780,Q9C6K0
AT1G50790,Q9C6J9
AT1G50820,A0A1P8AQ63
AT1G50830,Q9C6J6
AT1G50840,F4I6M1
AT1G50870,Q9C6J3
AT1G50880,Q9C6J2
AT1G50890,F4I6M4
AT1G50900,Q8VY88
AT1G50910,Q56Y76
AT1G50920,Q9C6I8
AT1G50930,Q9C6I7
AT1G50940,Q9C6I6
AT1G50950,A0A1P8AX25
AT1G50960,Q9C6I4
AT1G50970,F4I7Y2
AT1G50980,Q9C6I2
AT1G50990,F4I7Y4
AT1G51000,F4I7Y5
AT1G51010,F4I7Y6
AT1G51030,F4I7Y8
AT1G51035,F4I7Y9
AT1G51040,Q9C680
AT1G51055,F4I7Z1
AT1G51060,Q9C681
AT1G51070,Q9C682
AT1G51080,Q9C683
AT1G51090,Q9C684
AT1G51100,Q9C685
AT1G51110,Q8LAP6
AT1G51120,Q9C688
AT1G51130,Q9C689
AT1G51140,Q9C690
AT1G51150,Q9C691
AT1G51160,Q9SYB8
AT1G51170,Q9SYB9
AT1G51172,F4I806
AT1G51190,Q5YGP7
AT1G51200,Q8H0X0
AT1G51210,Q9SYC4
AT1G51220,Q8W031
AT1G51230,Q3ECS8
AT1G51240,Q9SYC6
AT1G51250,Q9SYC7
AT1G51260,Q9SYC8
AT1G51270,Q9SYC9
AT1G51290,Q9SYD0
AT1G51300,A0A1P8AUU6
AT1G51310,F4I824
AT1G51320,Q9SYD4
AT1G51330,F4I826
AT1G51340,Q9SYD6
AT1G51350,Q8RWE7
AT1G51355,Q3ECS5
AT1G51360,Q9SYD8
AT1G51370,Q6DBN6
AT1G51380,Q9C8J1
AT1G51390,Q9C8J2
AT1G51400,Q9SYE2
AT1G51402,F4I9I5
AT1G51405,F4I9I6
AT1G51410,Q4PSZ5
AT1G51420,Q9C8J4
AT1G51430,F4I9I9
AT1G51440,Q9C8J6
AT1G51450,Q9C8J7
AT1G51460,Q9C8J8
AT1G51470,Q3ECS3
AT1G51480,Q9C8K0
AT1G51490,Q9C8K1
AT1G51500,Q9C8K2
AT1G51510,F4I9J7
AT1G51520,F4I9J8
AT1G51530,F4I9K0
AT1G51538,F4I9K2
AT1G51540,Q84VX7
AT1G51550,Q9C8K7
AT1G51560,Q9C8K8
AT1G51570,Q9C8H3
AT1G51580,Q9C553
AT1G51590,Q9C512
AT1G51600,Q8H1G0
AT1G51610,Q8H1G3
AT1G51620,Q9C8H4
AT1G51630,Q0WPA5
AT1G51640,Q9C8H6
AT1G51650,Q96253
AT1G51660,O80397
AT1G51670,Q8RY97
AT1G51680,Q42524
AT1G51690,Q38821
AT1G51700,O82155
AT1G51710,Q949Y0
AT1G51720,F4I9M9
AT1G51730,Q9C8I1
AT1G51740,P59277
AT1G51745,P59278
AT1G51760,O04373
AT1G51770,Q1G300
AT1G51780,Q9SWX9
AT1G51790,F4IB60
AT1G51800,Q9C8I6
AT1G51802,P0CAY5
AT1G51805,F4IB63
AT1G51810,Q9FZB8
AT1G51820,C0LGG3
AT1G51823,B3H5T1
AT1G51830,A0A1P8AWS5
AT1G51840,F4IB68
AT1G51850,A0A1P8AVQ6
AT1G51860,C0LGG4
AT1G51870,A0A1P8AW67
AT1G51880,Q9FZB1
AT1G51890,C0LGG6
AT1G51900,F4IB75
AT1G51910,F4IB76
AT1G51913,Q1G3Z2
AT1G51915,Q8L9S8
AT1G51920,F4IB79
AT1G51930,Q6AWX4
AT1G51940,F4IB81
AT1G51950,O24408
AT1G51960,Q9ZU28
AT1G51965,Q9ZU27
AT1G51970,Q9ZU26
AT1G51980,Q9ZU25
AT1G51990,F4IB88
AT1G52000,Q9ZU23
AT1G52030,Q9SAV1
AT1G52040,Q9SAV0
AT1G52050,F4IB94
AT1G52060,F4IB95
AT1G52070,Q8GWI7
AT1G52080,Q9SAU9
AT1G52100,Q5XF82
AT1G52110,F4IBA0
AT1G52120,Q0WMR0
AT1G52130,Q9ZU13
AT1G52140,Q9ZU12
AT1G52150,Q9ZU11
AT1G52155,F4IBA7
AT1G52160,Q8VYS2
AT1G52180,Q9M818
AT1G52190,Q9M817
AT1G52191,B3H4T3
AT1G52200,Q9M815
AT1G52220,Q9M812
AT1G52230,Q9SUI6
AT1G52240,Q9M811
AT1G52245,Q9M810
AT1G52260,A3KPF5
AT1G52270,Q9C819
AT1G52280,Q9C820
AT1G52290,Q9C821
AT1G52300,Q43292
AT1G52310,Q9C823
AT1G52315,F4ICV8
AT1G52320,Q9C824
AT1G52325,F4ICW3
AT1G52330,Q9C825
AT1G52340,Q9C826
AT1G52342,Q1G3Y9
AT1G52343,F4ICW8
AT1G52360,Q9C827
AT1G52370,Q56W16
AT1G52380,Q9C829
AT1G52390,F4ICX5
AT1G52400,Q9SE50
AT1G52410,F4ICX9
AT1G52415,Q3ECR8
AT1G52420,Q9SSP6
AT1G52430,Q9SSP7
AT1G52440,Q9SSP8
AT1G52450,Q9SSP9
AT1G52460,Q9SSQ0
AT1G52470,Q9SSQ1
AT1G52490,Q7G9E7
AT1G52495,Q9SSQ2
AT1G52500,O80358
AT1G52510,F4ICZ4
AT1G52520,Q9SSQ4
AT1G52530,Q709F6
AT1G52540,Q8LDB7
AT1G52550,Q9SSQ7
AT1G52560,Q9SSQ8
AT1G52565,A0JPU2
AT1G52570,Q9SSQ9
AT1G52580,Q9SSR0
AT1G52590,Q9SSR1
AT1G52600,Q9SSR2
AT1G52603,A0A1P8ANJ8
AT1G52618,Q1G3D9
AT1G52620,Q9SSR4
AT1G52630,Q8RY81
AT1G52640,Q9SSR6
AT1G52650,Q9SSR7
AT1G52660,Q9SSR8
AT1G52670,Q8VZ68
AT1G52680,Q9SSS0
AT1G52690,Q96270
AT1G52695,Q8GY12
AT1G52700,A0A1P8AQT5
AT1G52710,Q9SSS5
AT1G52720,Q9SSS6
AT1G52730,Q9SSS7
AT1G52740,Q9C944
AT1G52750,F4IEK5
AT1G52760,Q9C942
AT1G52770,Q9C941
AT1G52780,F4IEK8
AT1G52790,Q9C939
AT1G52800,Q9C938
AT1G52810,Q9C937
AT1G52820,Q9C936
AT1G52825,Q8GXZ7
AT1G52827,Q3ECR7
AT1G52830,Q38824
AT1G52855,Q8LC41
AT1G52857,F4IEL6
AT1G52870,Q9C933
AT1G52880,Q9ZNU2
AT1G52890,Q9C932
AT1G52900,Q9C931
AT1G52905,Q1EBU8
AT1G52910,Q9C930
AT1G52920,F4IEM5
AT1G52930,Q9C928
AT1G52940,Q9C927
AT1G52950,Q9C926
AT1G52970,Q9C924
AT1G52980,Q9C923
AT1G52990,F4HPP4
AT1G53000,Q9C920
AT1G53010,Q9C919
AT1G53020,Q9C918
AT1G53023,F4HPP7
AT1G53025,Q8GY87
AT1G53030,Q94FT1
AT1G53035,Q93VW7
AT1G53040,Q0WNW2
AT1G53050,Q9LNN0
AT1G53060,Q9LNN1
AT1G53070,Q9LNN2
AT1G53080,Q9LNN3
AT1G53090,Q94BM7
AT1G53100,Q6DBE8
AT1G53110,Q8VZN4
AT1G53120,Q93YQ0
AT1G53130,Q9LNN7
AT1G53140,F4HPR5
AT1G53160,Q9S7A9
AT1G53163,Q9MAI8
AT1G53165,F4HPR9
AT1G53170,Q9MAI5
AT1G53180,Q8VZW0
AT1G53190,Q5EAI9
AT1G53200,F4HPS6
AT1G53210,Q8L636
AT1G53230,Q9MAH8
AT1G53240,Q9ZP06
AT1G53250,F4HPT1
AT1G53260,Q58G44
AT1G53265,Q3ECR5
AT1G53270,Q9MAH4
AT1G53280,Q9MAH3
AT1G53282,A7REF7
AT1G53285,F4HPT8
AT1G53290,Q8L7M1
AT1G53300,Q9MAH1
AT1G53310,Q9MAH0
AT1G53320,Q93VI8
AT1G53325,Q4PSZ1
AT1G53330,Q9MAG8
AT1G53340,A0A1P8AN25
AT1G53345,F4HRG2
AT1G53350,P0C8S1
AT1G53360,Q3ECR3
AT1G53366,B3H708
AT1G53370,Q9MAG5
AT1G53380,Q9MAG4
AT1G53390,Q9MAG3
AT1G53400,Q9MAG2
AT1G53420,C0LGG7
AT1G53430,C0LGG8
AT1G53440,C0LGG9
AT1G53450,F4HRH6
AT1G53460,Q9LPG2
AT1G53470,Q9LPG3
AT1G53480,Q9LPG4
AT1G53490,F4HRI2
AT1G53500,Q9LPG6
AT1G53510,Q9C5C0
AT1G53520,Q9C8L2
AT1G53530,Q6NLT8
AT1G53540,P13853
AT1G53541,B3H5J9
AT1G53542,Q84WL5
AT1G53550,Q9LPH0
AT1G53560,Q9LPH1
AT1G53570,F4HRJ4
AT1G53580,Q9C8L4
AT1G53590,Q93XX4
AT1G53600,Q9C8L6
AT1G53610,Q9C8L7
AT1G53620,Q9C8L8
AT1G53625,Q9LPH9
AT1G53633,F4HRK6
AT1G53635,Q1G3Z0
AT1G53640,F4HRK8
AT1G53645,Q9C8L9
AT1G53650,Q9C8M0
AT1G53655,A0A1P8ANT2
AT1G53660,Q9C8M1
AT1G53670,Q9C8M2
AT1G53680,Q9C8M3
AT1G53690,Q9C8M4
AT1G53700,Q9C8M5
AT1G53705,F4HTB0
AT1G53708,F4HTB2
AT1G53710,A8MQN4
AT1G53720,Q6Q151
AT1G53730,Q9C8M9
AT1G53750,Q9SSB5
AT1G53760,Q9C8N0
AT1G53770,Q501D6
AT1G53780,Q9SSB4
AT1G53790,Q0WQM8
AT1G53800,B9DHC9
AT1G53815,Q3ECQ9
AT1G53820,P0C035
AT1G53830,Q42534
AT1G53840,Q43867
AT1G53850,O81149
AT1G53860,Q6DBE3
AT1G53870,Q8LG32
AT1G53875,A0A1P8AWJ7
AT1G53880,F4HTE0
AT1G53885,P0DO11
AT1G53887,Q0WN95
AT1G53890,Q67XV7
AT1G53900,F4HTE6
AT1G53903,P0DO12
AT1G53910,Q9SSA8
AT1G53920,Q9SSA7
AT1G53930,Q9SYE9
AT1G53935,F4HTF3
AT1G53940,Q9SYF0
AT1G53945,Q9SYF1
AT1G53950,Q9SYF2
AT1G53970,Q9SYF3
AT1G53980,Q9SYF4
AT1G53990,Q9SYF5
AT1G54000,Q1H583
AT1G54010,Q8W4H8
AT1G54020,Q9C5N8
AT1G54030,Q7XA74
AT1G54040,Q8RY71
AT1G54050,Q9SYG1
AT1G54060,Q9SYG2
AT1G54070,F4HV65
AT1G54080,Q9SYG4
AT1G54090,Q9SYG5
AT1G54095,Q6NNH0
AT1G54100,Q9SYG7
AT1G54110,A0A1P8AP59
AT1G54115,Q9SYG9
AT1G54120,Q9SYH0
AT1G54130,Q9SYH1
AT1G54140,Q9SYH2
AT1G54150,Q9SYH3
AT1G54160,Q9SYH4
AT1G54170,Q8L793
AT1G54180,Q5HZ09
AT1G54200,Q9SLL2
AT1G54210,Q8S924
AT1G54215,Q3ECQ3
AT1G54217,F4HV88
AT1G54220,Q5M729
AT1G54230,F4HV91
AT1G54240,Q1PFK5
AT1G54250,O81097
AT1G54260,F4HV94
AT1G54270,P41377
AT1G54280,Q9SLK6
AT1G54290,Q94JV4
AT1G54300,F4HV99
AT1G54310,F4HVA0
AT1G54320,Q9SLK2
AT1G54330,Q67Z40
AT1G54340,Q9SLK0
AT1G54350,Q6NLC1
AT1G54360,F4HVA6
AT1G54370,Q8S396
AT1G54380,Q9C5M7
AT1G54385,Q5XVI1
AT1G54390,B3H615
AT1G54400,F4HWW7
AT1G54410,Q9SLJ2
AT1G54420,Q3ECQ1
AT1G54440,Q0WVE8
AT1G54445,Q2V4G9
AT1G54450,Q9SLI8
AT1G54460,Q9ASW8
AT1G54470,Q9SLI6
AT1G54490,Q9FQ04
AT1G54500,Q9SLI4
AT1G54510,Q9SLI2
AT1G54520,Q8RWI0
AT1G54530,Q3ECP9
AT1G54540,Q9SLI0
AT1G54550,Q9SLH9
AT1G54560,F4HWY6
AT1G54570,Q9ZVN2
AT1G54575,A0A1P8AWH6
AT1G54580,P25701
AT1G54590,F4HWZ0
AT1G54610,Q9ZVM9
AT1G54620,F4HWZ4
AT1G54630,P25702
AT1G54640,Q9ZVM6
AT1G54650,Q84WB6
AT1G54680,Q9ZVM3
AT1G54690,Q9S9K7
AT1G54700,F4HX04
AT1G54710,Q8H1Q5
AT1G54720,F4HX06
AT1G54730,Q3ECP7
AT1G54740,F4HX10
AT1G54760,Q9ZVL8
AT1G54770,Q84K05
AT1G54773,A0A1P8AVS4
AT1G54775,A8MQK7
AT1G54780,Q9ZVL6
AT1G54790,Q3ECP6
AT1G54820,F4HYK7
AT1G54830,Q9ZVL3
AT1G54840,Q8RWL4
AT1G54850,Q84K79
AT1G54860,Q9ZVL0
AT1G54870,Q9FZ42
AT1G54890,Q9FZ41
AT1G54920,F4HYL8
AT1G54930,A0A1P8AUP0
AT1G54940,Q9FZ37
AT1G54950,F4HYM3
AT1G54953,A0A1P8AVU4
AT1G54957,A0A1P8AVP6
AT1G54960,Q9FZ36
AT1G54970,Q9FZ35
AT1G54980,Q9FZ34
AT1G54990,Q9FZ33
AT1G55000,Q9FZ32
AT1G55010,Q9FZ31
AT1G55020,Q06327
AT1G55030,Q9C7M1
AT1G55040,Q9C7M2
AT1G55050,F4HYN6
AT1G55060,Q3E7K8
AT1G55070,Q9C725
AT1G55080,Q8RWA2
AT1G55090,Q9C723
AT1G55110,Q8H1F5
AT1G55120,Q67XZ3
AT1G55130,Q9C720
AT1G55140,Q6NQK8
AT1G55150,Q9C718
AT1G55152,Q570Y5
AT1G55160,B3H4C4
AT1G55170,Q9C717
AT1G55175,F4HYQ5
AT1G55180,Q9C888
AT1G55190,Q9C889
AT1G55200,Q9C890
AT1G55205,B3H4H0
AT1G55207,Q1G3Y8
AT1G55210,Q9C891
AT1G55220,Q9C892
AT1G55230,Q9C893
AT1G55240,Q6NM31
AT1G55250,Q9C895
AT1G55260,F4I082
AT1G55265,Q8LEJ7
AT1G55270,Q93W93
AT1G55280,Q0V7V0
AT1G55290,Q9C899
AT1G55300,B9DG24
AT1G55310,Q9SEU4
AT1G55320,Q84P17
AT1G55325,F4I096
AT1G55330,Q9C8A4
AT1G55335,A0A1P8AQ20
AT1G55340,Q6NKU3
AT1G55350,Q8RVL2
AT1G55360,Q9C8A7
AT1G55365,Q3E7F6
AT1G55370,Q9C503
AT1G55380,Q9C6G7
AT1G55390,Q9C6G8
AT1G55420,Q9ZVU2
AT1G55430,Q4TU44
AT1G55440,Q1PFK2
AT1G55450,F4I0B5
AT1G55460,Q9ZVU5
AT1G55475,Q940A5
AT1G55480,Q94BS2
AT1G55490,P21240
AT1G55500,A0A1P8AS03
AT1G55510,Q9SAV3
AT1G55520,P28148
AT1G55530,A0A1P8AQV3
AT1G55535,A0A1P8AMQ6
AT1G55540,F4I1T7
AT1G55546,F4I1T8
AT1G55550,F4I1T9
AT1G55560,Q9SMW3
AT1G55570,Q9ZVV4
AT1G55580,Q9ZWC5
AT1G55590,Q9ZWC6
AT1G55600,Q9LG05
AT1G55610,Q9ZWC8
AT1G55620,Q8RXR2
AT1G55630,Q7X6A5
AT1G55640,Q9ZWD1
AT1G55650,Q9LG02
AT1G55660,Q1PFK0
AT1G55670,Q9S7N7
AT1G55673,A0A1P8AUF7
AT1G55675,Q94CA5
AT1G55680,Q9C5N4
AT1G55690,Q501H5
AT1G55710,Q3ECP1
AT1G55720,Q9LFZ8
AT1G55730,Q8L783
AT1G55740,Q84VX0
AT1G55750,Q3ECP0
AT1G55755,A0A1P8ASY8
AT1G55760,Q680K8
AT1G55775,A0A178W2N2
AT1G55790,F4I1X0
AT1G55800,F4I1X2
AT1G55803,A0A1P8ANN9
AT1G55805,Q682I1
AT1G55810,Q8VYB2
AT1G55820,A4FVR1
AT1G55830,F4I1X8
AT1G55840,Q8W580
AT1G55850,Q8VZK9
AT1G55860,Q8GY23
AT1G55865,A0A1P8APV7
AT1G55870,Q9LG26
AT1G55880,Q6NKY5
AT1G55890,Q9LG23
AT1G55900,Q8VYE2
AT1G55910,Q94EG9
AT1G55915,A0A1P8ARI2
AT1G55917,A0A1P8AVN5
AT1G55920,Q42588
AT1G55928,Q1G3Y7
AT1G55930,Q84R21
AT1G55940,A0A1P8AVV5
AT1G55945,A0A1P8AW05
AT1G55947,A0A1P8AVV8
AT1G55950,Q9LG15
AT1G55960,Q93YV2
AT1G55970,Q9LG11
AT1G55980,F4I3I1
AT1G55990,F4I3I2
AT1G56000,Q8VYV2
AT1G56010,Q84TE6
AT1G56020,Q9SGT0
AT1G56030,Q9SGT1
AT1G56040,Q9SGT2
AT1G56045,P62120
AT1G56050,F4I3J0
AT1G56060,A0A178WF56
AT1G56070,Q9ASR1
AT1G56080,Q0IGM5
AT1G56085,F4I3J4
AT1G56090,Q8LB89
AT1G56100,F4I3J6
AT1G56105,A0A1P8APC2
AT1G56110,Q9SGT7
AT1G56120,A0A1P8ASI5
AT1G56130,C0LGH2
AT1G56140,C0LGH3
AT1G56145,F4I3K4
AT1G56150,Q9SGU2
AT1G56160,Q9SGU3
AT1G56170,Q8LCG7
AT1G56180,Q9C7J3
AT1G56190,P50318
AT1G56200,Q9C7J5
AT1G56210,Q9C7J6
AT1G56220,Q8LD26
AT1G56225,A0A1P8ASQ0
AT1G56230,Q9C7J8
AT1G56233,Q2V4G6
AT1G56240,Q9C7J9
AT1G56250,Q9C7K0
AT1G56260,Q6NME7
AT1G56270,Q9C7K2
AT1G56280,Q39083
AT1G56290,Q93ZX4
AT1G56300,Q8L7R1
AT1G56310,F4I526
AT1G56320,Q9C7K7
AT1G56330,Q01474
AT1G56340,O04151
AT1G56345,Q7XA65
AT1G56350,F4I532
AT1G56360,Q9C510
AT1G56380,F4I534
AT1G56385,B3H6X7
AT1G56400,Q9C7X8
AT1G56410,Q9C7X7
AT1G56415,F4I540
AT1G56418,A0A1P8ANE2
AT1G56420,Q9C7X6
AT1G56423,F4I543
AT1G56430,Q9C7X5
AT1G56440,Q5XF05
AT1G56450,Q7DLR9
AT1G56460,Q9C7X2
AT1G56500,Q8VZ10
AT1G56510,Q9C7X0
AT1G56520,F4I552
AT1G56530,F4I554
AT1G56540,Q9FXA6
AT1G56550,Q9FXA7
AT1G56553,Q2V4G5
AT1G56555,Q3ECM9
AT1G56560,Q9FXA8
AT1G56570,Q9FXA9
AT1G56580,Q9FXB0
AT1G56590,F4I562
AT1G56600,Q9FXB2
AT1G56610,Q8GYP8
AT1G56620,Q3E6X7
AT1G56630,F4I568
AT1G56650,Q9FE25
AT1G56660,Q9FXB5
AT1G56670,Q9FXB6
AT1G56680,A0A1P8AME8
AT1G56690,Q9FXB9
AT1G56700,Q9FXC0
AT1G56710,Q9FXC1
AT1G56720,Q7Y229
AT1G57540,Q9FVU7
AT1G57550,Q9FE70
AT1G57557,Q9C695
AT1G57565,Q9C694
AT1G57570,F4I837
AT1G57580,Q9FVU4
AT1G57590,F4I839
AT1G57600,Q8RY80
AT1G57610,Q8VYR0
AT1G57613,F4I844
AT1G57620,Q9FVU0
AT1G57630,Q9FVT9
AT1G57650,F4I847
AT1G57660,Q9FDZ9
AT1G57670,Q9FVT6
AT1G57680,Q9FVT5
AT1G57690,Q9FVT4
AT1G57700,F4I854
AT1G57720,Q9FVT2
AT1G57730,Q9FVT1
AT1G57750,Q9FVS9
AT1G57760,Q8GYF1
AT1G57760,A7RED0
AT1G57770,Q9FVR9
AT1G57775,A7RED1
AT1G57777,A7REC9
AT1G57780,Q9FVS0
AT1G57790,Q9FVS1
AT1G57800,Q9FVS2
AT1G57820,Q8VYZ0
AT1G57830,F4I871
AT1G57850,F4I9N5
AT1G57870,Q9FVS6
AT1G57906,Q9C656
AT1G57943,Q1PFJ4
AT1G57980,Q9C654
AT1G57990,Q9C508
AT1G58007,Q1G3Y6
AT1G58025,F4I9P7
AT1G58030,Q9ASS7
AT1G58037,Q2V4G4
AT1G58050,Q9C6G0
AT1G58055,Q2V4G3
AT1G58060,F4I9Q5
AT1G58070,Q9C6F8
AT1G58080,Q9S762
AT1G58090,Q9C6F7
AT1G58100,Q9C518
AT1G58110,F4I9R1
AT1G58120,Q9C6F6
AT1G58150,Q9C6R4
AT1G58160,F4I9R6
AT1G58170,Q9C523
AT1G58180,Q9C6F5
AT1G58190,F4I9S3
AT1G58195,A0A1P8ATR9
AT1G58200,Q8L7W1
AT1G58210,Q8RWD7
AT1G58215,P0DMS1
AT1G58220,Q8GZ96
AT1G58223,A0A1P8AQV8
AT1G58225,Q8GW35
AT1G58230,F4I9T0
AT1G58235,Q93ZI5
AT1G58242,Q3ECM7
AT1G58245,A8MR94
AT1G58248,A8MS10
AT1G58250,Q6IMT1
AT1G58260,Q9LQB7
AT1G58265,Q3E7Q8
AT1G58270,Q9SLV3
AT1G58280,F4IBB2
AT1G58290,P42804
AT1G58300,Q9LQC0
AT1G58310,Q9LQC1
AT1G58320,P0CW98
AT1G58330,Q9SLV1
AT1G58340,Q9SLV0
AT1G58350,Q9SLU9
AT1G58360,Q42400
AT1G58370,A0A1P8AWH8
AT1G58380,Q8L8Y0
AT1G58390,Q8W474
AT1G58400,Q8W3K3
AT1G58410,Q9C646
AT1G58420,Q9C647
AT1G58430,Q9C648
AT1G58440,Q9SM02
AT1G58450,Q9C650
AT1G58460,B6IDH8
AT1G58470,Q9C652
AT1G58520,F4IBD7
AT1G58525,Q9C653
AT1G58602,Q8W3K0
AT1G58643,Q93WB3
AT1G58725,Q3ECM4
AT1G58766,Q94HW6
AT1G58807,F4IBE4
AT1G58848,P0DI17
AT1G58889,Q94HW2
AT1G59030,F4IBF0
AT1G59124,P0DI16
AT1G59171,Q94HW4
AT1G59218,P0DI18
AT1G59359,Q93VB8
AT1G59406,P0DI15
AT1G59460,A0A1P8AMW4
AT1G59470,A0A1P8AST1
AT1G59500,Q9LQ68
AT1G59510,Q9SLU2
AT1G59520,A0A1P8APQ0
AT1G59530,Q9LQ65
AT1G59540,Q9S7P3
AT1G59550,Q94HV8
AT1G59560,Q94HV7
AT1G59580,Q39022
AT1G59590,Q9SLT9
AT1G59600,Q9SLT8
AT1G59610,Q9LQ55
AT1G59620,Q9LQ54
AT1G59630,F4ID12
AT1G59640,Q0JXE7
AT1G59650,Q9SLT5
AT1G59660,F4ID16
AT1G59670,Q9LQ48
AT1G59675,Q9LQ47
AT1G59680,Q9LQ46
AT1G59690,F4ID20
AT1G59700,Q9XIF8
AT1G59710,Q9XIF7
AT1G59720,Q0WQW5
AT1G59722,F4ID24
AT1G59723,A0A1P8AW30
AT1G59724,Q9LQ39
AT1G59725,Q9XIF5
AT1G59730,Q9XIF4
AT1G59740,Q93VV5
AT1G59750,Q8L7G0
AT1G59760,Q9XIF2
AT1G59780,Q9XIF0
AT1G59790,Q9XIE9
AT1G59800,Q9XIE8
AT1G59810,Q9XIE7
AT1G59820,Q9XIE6
AT1G59830,Q07099
AT1G59833,Q2V4G1
AT1G59835,Q3ECM0
AT1G59840,Q6NQK9
AT1G59850,Q9XIE4
AT1G59860,Q9XIE3
AT1G59865,F4ID46
AT1G59870,Q9XIE2
AT1G59885,F4IEM6
AT1G59890,Q9XIE1
AT1G59900,P52901
AT1G59910,Q9XIE0
AT1G59920,Q9XID9
AT1G59930,Q9SXC1
AT1G59940,Q9ZWS9
AT1G59950,Q1PFI5
AT1G59960,Q9SXC0
AT1G59970,Q9ZUJ5
AT1G59980,Q6XL73
AT1G59990,Q944S1
AT1G60000,Q9ZUJ3
AT1G60010,Q9ZUJ2
AT1G60030,Q0WPE9
AT1G60040,Q9ZUI9
AT1G60050,Q9ZUI8
AT1G60060,Q9ZUI7
AT1G60070,Q9ZUI6
AT1G60080,Q9ZUI4
AT1G60090,Q9ZUI3
AT1G60095,O80735
AT1G60110,O80736
AT1G60130,O80737
AT1G60140,O80738
AT1G60160,O80739
AT1G60170,Q8RXN6
AT1G60180,O80741
AT1G60190,O80742
AT1G60200,Q8VY15
AT1G60220,Q2PS26
AT1G60230,Q93XX3
AT1G60240,Q1ECJ5
AT1G60250,O80748
AT1G60260,Q8RXN9
AT1G60270,Q682B4
AT1G60280,O80751
AT1G60300,O80752
AT1G60320,F4IER8
AT1G60340,O80755
AT1G60350,O80756
AT1G60360,O80757
AT1G60370,O80758
AT1G60380,O80759
AT1G60390,O80760
AT1G60400,Q1PFI4
AT1G60410,O80762
AT1G60420,O80763
AT1G60430,Q1ECJ7
AT1G60440,O80765
AT1G60450,Q4PSY4
AT1G60460,Q5Q0E6
AT1G60470,O22693
AT1G60490,P42339
AT1G60500,Q9ZP55
AT1G60530,Q9ZP56
AT1G60550,Q8GYN9
AT1G60560,Q8RY56
AT1G60570,O22698
AT1G60590,O22699
AT1G60600,Q0WUA3
AT1G60610,Q4TU35
AT1G60620,Q39216
AT1G60625,A8MQM2
AT1G60630,Q84MA9
AT1G60640,F4HPX2
AT1G60650,O22703
AT1G60660,O22704
AT1G60670,A0A1P8ATJ3
AT1G60680,Q84M96
AT1G60690,O22707
AT1G60700,F4HPY1
AT1G60710,Q93ZN2
AT1G60720,F4HPY3
AT1G60730,Q9ASZ9
AT1G60740,O22711
AT1G60750,F4HPY8
AT1G60760,O22713
AT1G60770,O22714
AT1G60780,O22715
AT1G60783,Q1G3Y4
AT1G60787,A0A1P8ATJ8
AT1G60790,Q8VYR3
AT1G60800,Q93ZS4
AT1G60810,O22718
AT1G60815,A8MRD4
AT1G60830,Q9C6C1
AT1G60850,Q9C6C2
AT1G60860,Q9C6C3
AT1G60870,Q9C529
AT1G60880,Q9C963
AT1G60890,Q8RY89
AT1G60900,Q8L716
AT1G60913,A8MRK3
AT1G60920,Q9C960
AT1G60930,Q9FT70
AT1G60940,Q9C958
AT1G60950,P16972
AT1G60960,Q8LE59
AT1G60970,Q940S5
AT1G60980,Q9C955
AT1G60983,P82627
AT1G60985,P82625
AT1G60986,P82623
AT1G60987,P82624
AT1G60989,P82626
AT1G60990,Q681Y3
AT1G60995,Q8GWG6
AT1G61000,Q8RXJ0
AT1G61010,Q9C952
AT1G61030,Q9C951
AT1G61040,Q9C950
AT1G61050,A0A1P8APP1
AT1G61060,Q9C948
AT1G61065,Q8W576
AT1G61070,Q9C947
AT1G61080,A0A1P8AWR9
AT1G61090,B3H4X2
AT1G61093,F4HRQ6
AT1G61095,Q147K6
AT1G61097,Q3ECL3
AT1G61100,F4HRR0
AT1G61105,F4HRR1
AT1G61110,Q8GY42
AT1G61120,Q93YV0
AT1G61130,Q4PSY2
AT1G61140,F4HTG1
AT1G61150,Q84WK5
AT1G61160,Q3E7J8
AT1G61165,B3H7C7
AT1G61170,O22729
AT1G61180,Q940K0
AT1G61190,O22727
AT1G61200,O22726
AT1G61210,F4HTH8
AT1G61215,Q6AWX2
AT1G61230,F4HTI1
AT1G61240,Q8GYU5
AT1G61250,Q9M5P2
AT1G61255,O22721
AT1G61260,F4HTI9
AT1G61270,O22719
AT1G61280,O64792
AT1G61290,O64791
AT1G61300,O64790
AT1G61310,O64789
AT1G61320,O64788
AT1G61330,O64787
AT1G61340,Q8GX77
AT1G61350,O64785
AT1G61360,O64784
AT1G61370,O64783
AT1G61380,O64782
AT1G61390,O64781
AT1G61400,O64780
AT1G61410,Q058G5
AT1G61415,B3H7F0
AT1G61420,O64778
AT1G61430,O64777
AT1G61440,O64776
AT1G61450,F4HTL4
AT1G61460,O64774
AT1G61470,O64773
AT1G61475,F4HVB3
AT1G61480,O64771
AT1G61490,O64770
AT1G61500,Q9SYA0
AT1G61520,Q9SY97
AT1G61540,Q9SY96
AT1G61550,Q9SY95
AT1G61560,Q94KB7
AT1G61562,A0A1P8AUK9
AT1G61563,Q1ECR9
AT1G61565,A0A1P8AUK0
AT1G61566,Q3ECL0
AT1G61570,Q9XH48
AT1G61575,Q1G3Y2
AT1G61580,P22738
AT1G61590,Q9SY91
AT1G61600,Q9SY90
AT1G61610,Q9SY89
AT1G61620,Q9SY88
AT1G61630,Q944P0
AT1G61640,Q8L6Y8
AT1G61660,Q94JL3
AT1G61667,Q0WLF7
AT1G61670,Q8GYD0
AT1G61680,Q84UV0
AT1G61685,P0CAY3
AT1G61688,Q1G3Y1
AT1G61690,Q6NPS1
AT1G61700,Q9SYA6
AT1G61710,Q9SYA7
AT1G61720,Q9SEV0
AT1G61730,Q9SYA9
AT1G61740,Q9SYB0
AT1G61750,Q9SYB1
AT1G61760,Q9SYB2
AT1G61770,Q8GUN6
AT1G61780,Q9SYB4
AT1G61790,Q9SYB5
AT1G61795,Q1G3Y0
AT1G61800,Q94B38
AT1G61810,O80689
AT1G61820,O80690
AT1G61840,O80692
AT1G61850,F4HX15
AT1G61860,F4HX16
AT1G61870,Q8LE47
AT1G61890,O80695
AT1G61900,Q8GUI4
AT1G61920,Q5XVH7
AT1G61930,O80698
AT1G61940,O80699
AT1G61950,Q1PFH8
AT1G61960,O80701
AT1G61970,O80702
AT1G61980,O80703
AT1G61990,O80704
AT1G62000,Q39168
AT1G62010,O80705
AT1G62020,Q94A40
AT1G62030,O80707
AT1G62040,Q8S927
AT1G62045,Q8GYM5
AT1G62050,Q94CF4
AT1G62060,O04573
AT1G62070,O04574
AT1G62080,O04575
AT1G62085,O04576
AT1G62110,Q8GY68
AT1G62120,Q6DBE5
AT1G62130,F4HX45
AT1G62150,Q8GWB0
AT1G62160,F4HX47
AT1G62170,O04582
AT1G62180,P92981
AT1G62190,O04584
AT1G62200,Q93Z20
AT1G62210,O04586
AT1G62220,O04587
AT1G62225,O04588
AT1G62240,Q84W21
AT1G62250,O04589
AT1G62260,O04590
AT1G62262,A8MRV9
AT1G62270,O04591
AT1G62280,Q5E930
AT1G62290,Q8VYL3
AT1G62300,Q9C519
AT1G62305,Q6DST3
AT1G62310,C0SV12
AT1G62320,F4HYR3
AT1G62330,F4HYR4
AT1G62333,Q9MAV4
AT1G62340,F4HYR6
AT1G62350,Q1PFH7
AT1G62360,Q38874
AT1G62370,O48801
AT1G62380,Q41931
AT1G62390,O48802
AT1G62400,Q2MHE4
AT1G62410,F4HYS3
AT1G62415,Q9MAV1
AT1G62420,O48807
AT1G62421,Q1G3Y3
AT1G62430,O04928
AT1G62440,O48809
AT1G62450,F4HYS9
AT1G62480,Q9SXE9
AT1G62490,Q9SXE8
AT1G62500,Q9SXE7
AT1G62510,Q9SXE6
AT1G62515,A0A1P8ATX8
AT1G62520,Q9SXE5
AT1G62530,Q1PFH6
AT1G62540,Q94K43
AT1G62560,Q9SXE1
AT1G62570,Q93Y23
AT1G62580,Q9SXD9
AT1G62590,Q9SXD8
AT1G62600,Q94BV5
AT1G62610,F4HYU6
AT1G62620,Q9SXD5
AT1G62630,Q9SI85
AT1G62640,P49243
AT1G62660,Q43348
AT1G62670,Q9SXD1
AT1G62680,Q3ECK2
AT1G62690,F4HYV4
AT1G62700,F4HYV5
AT1G62710,Q39044
AT1G62720,Q9SI78
AT1G62730,Q9SI77
AT1G62740,Q5XEP2
AT1G62750,Q9SI75
AT1G62760,Q9SI74
AT1G62770,Q9SI72
AT1G62780,Q8VY70
AT1G62790,Q6NLF7
AT1G62800,P46646
AT1G62810,Q8H1H9
AT1G62820,Q8VZ50
AT1G62830,Q8VXV7
AT1G62850,Q84JF2
AT1G62870,Q9LQ19
AT1G62880,Q8GWT5
AT1G62886,B3H572
AT1G62895,A0A1P8ARQ4
AT1G62900,Q9LQ17
AT1G62910,Q9LQ16
AT1G62914,Q9LQ15
AT1G62915,A0A1P8ASV6
AT1G62920,F4I0E9
AT1G62930,Q9LQ14
AT1G62935,F4I0F1
AT1G62940,Q9LQ12
AT1G62950,Q9LQ11
AT1G62960,Q9LQ10
AT1G62970,Q0WQM3
AT1G62975,Q9LQ08
AT1G62978,B3H599
AT1G62980,Q9LQ07
AT1G62981,Q9LQ06
AT1G62990,Q9FPQ8
AT1G63000,Q9LQ04
AT1G63010,Q2V4F9
AT1G63020,Q9LQ02
AT1G63030,Q9SGJ6
AT1G63040,Q9CAN9
AT1G63050,Q9CAN8
AT1G63055,Q5XVH6
AT1G63057,B3H4T7
AT1G63060,Q9CAN7
AT1G63070,Q9CAN6
AT1G63080,Q9CAN5
AT1G63090,Q9CAN4
AT1G63100,Q9CAN3
AT1G63105,F4I1Y9
AT1G63110,F4I1Z0
AT1G63120,Q9CAN1
AT1G63130,Q9CAN0
AT1G63140,Q9CAM9
AT1G63150,Q9CAM8
AT1G63160,Q9CAM7
AT1G63170,Q8LDB8
AT1G63180,Q8LDN8
AT1G63190,F4I201
AT1G63200,Q9CAM3
AT1G63205,Q9CAM2
AT1G63206,A0A1P8AUM0
AT1G63210,Q9CAM1
AT1G63220,Q9C8S6
AT1G63230,Q0IGJ6
AT1G63240,Q949Y1
AT1G63245,Q3ECJ5
AT1G63250,Q9C8S9
AT1G63260,F4I214
AT1G63270,Q9C8T1
AT1G63280,Q9C8T2
AT1G63290,Q9C8T3
AT1G63295,A0A1P8AR54
AT1G63300,Q9C8T4
AT1G63310,Q9C8T5
AT1G63320,F4I221
AT1G63330,Q9C8T7
AT1G63340,Q9C8T8
AT1G63350,Q9C8T9
AT1G63360,Q9SH22
AT1G63370,Q9C8U0
AT1G63390,Q9SH25
AT1G63400,Q9SH26
AT1G63410,Q9SH27
AT1G63420,F4I232
AT1G63430,C0LGH8
AT1G63440,Q9SH30
AT1G63450,Q9SH31
AT1G63460,Q8LBU2
AT1G63470,Q8GXB3
AT1G63480,Q8LPN5
AT1G63490,F4I240
AT1G63500,F4I3M3
AT1G63520,Q9SH36
AT1G63522,Q2V4F7
AT1G63530,A0A1P8AR38
AT1G63535,Q2V4F6
AT1G63540,Q9SH38
AT1G63550,Q5Q0E2
AT1G63560,Q9SH40
AT1G63570,Q9SH41
AT1G63580,Q9SH42
AT1G63590,Q9SH43
AT1G63600,Q9CAC7
AT1G63610,Q9CAC8
AT1G63615,A0A1P8ANU1
AT1G63630,F4I3N7
AT1G63640,B3H6Z8
AT1G63650,Q9CAD0
AT1G63660,Q9CAD1
AT1G63670,Q9CAD2
AT1G63680,F4I3P9
AT1G63690,Q8W469
AT1G63700,Q9CAD5
AT1G63710,Q9CAD6
AT1G63720,Q93W23
AT1G63730,Q9CAD8
AT1G63740,Q9CAD9
AT1G63750,Q9CAE0
AT1G63760,P0C8K8
AT1G63770,Q8H0S9
AT1G63780,Q9S826
AT1G63800,P42749
AT1G63810,Q0WVM5
AT1G63820,Q67ZF8
AT1G63830,Q9CAJ7
AT1G63840,Q9CAJ8
AT1G63850,Q9CAJ9
AT1G63855,A0A1P8AWF5
AT1G63860,F4I3S8
AT1G63870,Q9CAK0
AT1G63880,Q9CAK1
AT1G63900,Q8L7N4
AT1G63910,Q9SRB0
AT1G63930,Q9CAK4
AT1G63940,P92947
AT1G63950,Q9CAK6
AT1G63960,A0A1P8ASA8
AT1G63970,Q9CAK8
AT1G63980,Q940M0
AT1G63990,Q9M4A1
AT1G64000,Q8VWQ4
AT1G64010,A0A1P8ANB3
AT1G64020,Q4PSX8
AT1G64030,Q9SH52
AT1G64040,P48483
AT1G64050,Q9SH55
AT1G64060,O48538
AT1G64065,Q6DST1
AT1G64070,F4I594
AT1G64080,Q9SH58
AT1G64090,Q9SH59
AT1G64100,Q9SH60
AT1G64107,Q2V4F4
AT1G64110,F4I5A3
AT1G64130,F4I5A5
AT1G64140,Q9SH64
AT1G64150,Q94AX5
AT1G64160,Q9SH66
AT1G64170,Q1HDT3
AT1G64180,F4I5B1
AT1G64185,Q8LGF9
AT1G64190,Q9SH69
AT1G64195,Q2V4F3
AT1G64200,P0CAN7
AT1G64210,Q9SH71
AT1G64220,Q3ECI7
AT1G64230,Q94F47
AT1G64235,Q3E7C3
AT1G64253,A0A1P8AUN6
AT1G64255,F4I6P0
AT1G64260,Q9C7V1
AT1G64280,P93002
AT1G64290,Q9C7V3
AT1G64295,F4I6P4
AT1G64300,Q944S4
AT1G64310,Q9C7V5
AT1G64320,A0A1P8ASY7
AT1G64330,Q9C7V7
AT1G64340,F4I6Q0
AT1G64350,Q93VR9
AT1G64355,Q8S9I8
AT1G64360,Q9C7W0
AT1G64370,Q9C7W1
AT1G64380,Q9C7W2
AT1G64385,Q8GUH9
AT1G64390,Q42059
AT1G64400,Q9C7W4
AT1G64405,Q3ECI5
AT1G64430,Q8VYZ8
AT1G64440,Q9C7W7
AT1G64450,Q9SGW9
AT1G64455,A0A1P8AR00
AT1G64460,Q9SGW8
AT1G64480,Q9FUQ7
AT1G64490,Q9SGW6
AT1G64500,Q9SGW5
AT1G64510,Q8VY91
AT1G64520,Q9SGW3
AT1G64530,Q8RWY4
AT1G64540,P0C2F8
AT1G64550,Q8H0V6
AT1G64561,B3H5C0
AT1G64570,F4I6S6
AT1G64580,Q0WKZ3
AT1G64583,P0C7R3
AT1G64584,A0A1P8AWJ4
AT1G64585,Q6IM89
AT1G64590,Q9SGV6
AT1G64600,Q8GW63
AT1G64610,Q8VZK1
AT1G64620,Q84JQ8
AT1G64625,Q7XJU0
AT1G64630,Q8RXE5
AT1G64640,Q6NLD7
AT1G64650,Q6NLR2
AT1G64660,Q9SGU9
AT1G64670,Q8LFX7
AT1G64680,Q9SGU7
AT1G64690,F4I878
AT1G64700,Q9XIS1
AT1G64710,Q8VZ49
AT1G64720,Q9XIR9
AT1G64740,P11139
AT1G64750,Q9XIR8
AT1G64760,Q6NKW9
AT1G64770,Q94AQ8
AT1G64780,Q9ZPJ8
AT1G64790,F4I893
AT1G64795,A0A1P8APL7
AT1G64800,Q3ECI4
AT1G64810,Q9XIR4
AT1G64820,Q1PFG9
AT1G64830,Q9XIR2
AT1G64840,Q9XIR1
AT1G64850,Q9XIR0
AT1G64860,O24629
AT1G64870,Q9XIQ9
AT1G64880,Q6GKU7
AT1G64890,Q9XIQ7
AT1G64900,Q42602
AT1G64910,Q9XIQ5
AT1G64920,Q9XIQ4
AT1G64930,Q9XIQ3
AT1G64940,Q9XIQ2
AT1G64950,Q9XIQ1
AT1G64960,A0A1P8ATM6
AT1G64970,Q9ZSK1
AT1G64980,Q9XIP8
AT1G64990,Q9XIP7
AT1G65000,Q8GXU4
AT1G65010,F4I8B9
AT1G65020,Q5XF12
AT1G65030,Q5XEV4
AT1G65032,F4I8C2
AT1G65040,Q6NPT7
AT1G65050,A0A1P8AW32
AT1G65060,Q9S777
AT1G65070,Q9SS53
AT1G65080,Q8L718
AT1G65090,F4I9U3
AT1G65110,A0A1P8AN44
AT1G65113,P82621
AT1G65120,F4I9U7
AT1G65130,F4I9U9
AT1G65140,F4I9V0
AT1G65150,Q9S9J5
AT1G65160,F4I9V3
AT1G65165,A0A1P8AVB5
AT1G65170,F4I9V4
AT1G65180,Q9S9J8
AT1G65190,Q9S9J9
AT1G65200,F4I9V7
AT1G65210,Q9S9K1
AT1G65220,Q93ZY6
AT1G65230,Q8L604
AT1G65240,Q9S9K4
AT1G65250,O80795
AT1G65260,O80796
AT1G65270,O80798
AT1G65280,Q0WVU7
AT1G65290,O80800
AT1G65295,Q8H130
AT1G65300,Q7XJK8
AT1G65310,O80803
AT1G65320,Q8GZA4
AT1G65330,O80805
AT1G65340,O80806
AT1G65342,F4I9X5
AT1G65346,F4I9X7
AT1G65349,A0A1P8AQ86
AT1G65350,F4I9X6
AT1G65352,Q2V4F0
AT1G65360,O80807
AT1G65370,Q940M1
AT1G65380,O80809
AT1G65390,Q9C5Q9
AT1G65410,Q9AT00
AT1G65420,O80813
AT1G65425,A0A1P8AS56
AT1G65430,Q8W468
AT1G65440,A8MS85
AT1G65450,O80816
AT1G65470,Q9SXY0
AT1G65480,Q9SXZ2
AT1G65481,F4IBG4
AT1G65483,Q1G3X9
AT1G65484,B3H4Y2
AT1G65486,A0A1P8AQ95
AT1G65490,A0A1P8ANJ1
AT1G65500,O04468
AT1G65510,Q6DBB8
AT1G65520,O04469
AT1G65540,F4IBH5
AT1G65541,B3H5J8
AT1G65550,O04472
AT1G65560,F4IBH8
AT1G65570,O04474
AT1G65580,Q84W55
AT1G65590,Q8L7S6
AT1G65610,O04478
AT1G65620,O04479
AT1G65630,Q9SHZ1
AT1G65640,Q9SHZ0
AT1G65650,O04482
AT1G65660,Q9SHY8
AT1G65670,Q1PFG4
AT1G65680,Q9SHY6
AT1G65681,F4IBJ3
AT1G65690,Q8LD98
AT1G65700,Q8VYI0
AT1G65710,Q5XVH5
AT1G65720,Q9SHY3
AT1G65730,Q9SHY2
AT1G65735,A0A1P8AN84
AT1G65740,Q9SHY1
AT1G65750,P0C2F6
AT1G65760,P0C2F5
AT1G65770,Q9SHX9
AT1G65780,F4IBK4
AT1G65790,Q39086
AT1G65800,Q9S972
AT1G65810,F4IBK8
AT1G65820,Q94BY2
AT1G65840,Q8H191
AT1G65845,Q9SHX3
AT1G65850,F4IBL4
AT1G65860,Q9SS04
AT1G65870,Q9SS03
AT1G65880,Q9SS01
AT1G65890,Q9SS00
AT1G65900,Q94A98
AT1G65910,Q9SRZ8
AT1G65920,Q9SRZ7
AT1G65930,Q9SRZ6
AT1G65950,F4ID59
AT1G65960,Q42472
AT1G65970,Q9SRZ4
AT1G65980,Q9XEX2
AT1G65985,Q9SRZ3
AT1G65990,Q7G959
AT1G66000,Q9SRZ2
AT1G66020,Q9C8E3
AT1G66040,Q9C8E1
AT1G66045,F4ID71
AT1G66050,Q680I0
AT1G66060,Q9C8D9
AT1G66070,Q9C8D8
AT1G66080,Q9C8D7
AT1G66090,Q9C515
AT1G66100,Q9C8D6
AT1G66110,Q9C8D5
AT1G66120,Q9C8D4
AT1G66130,Q9C8D3
AT1G66140,Q39263
AT1G66145,Q3ECH9
AT1G66150,P43298
AT1G66160,Q9C8D1
AT1G66170,Q7X6Y7
AT1G66180,Q9C8C9
AT1G66190,Q9C8C8
AT1G66200,Q8LCE1
AT1G66210,Q8GWX9
AT1G66220,Q9C7U8
AT1G66230,Q9C7U7
AT1G66235,F4ID96
AT1G66240,Q94BT9
AT1G66245,Q3ECH7
AT1G66250,Q9C7U5
AT1G66260,Q94EH8
AT1G66270,Q9C525
AT1G66280,Q9C8Y9
AT1G66290,Q9C8Y8
AT1G66300,Q9C8Y7
AT1G66310,Q9C8Y6
AT1G66320,Q9C8Y5
AT1G66330,Q9C8Y4
AT1G66340,P49333
AT1G66345,Q3ECH5
AT1G66350,Q9C8Y3
AT1G66360,Q9C8Y2
AT1G66370,Q9FNV9
AT1G66380,Q9FNV8
AT1G66390,Q9ZTC3
AT1G66400,Q9C8Y1
AT1G66410,P0DH96
AT1G66420,Q9C517
AT1G66430,Q9C524
AT1G66440,Q9C704
AT1G66450,A0A1P8AMP1
AT1G66460,A0A1P8ASI1
AT1G66465,A0A1P8ASK0
AT1G66470,Q9C707
AT1G66480,Q6NLC8
AT1G66490,Q1PFG1
AT1G66500,Q9C710
AT1G66510,Q9C711
AT1G66520,Q9C712
AT1G66530,Q9C713
AT1G66540,A2RVN3
AT1G66550,Q93WV7
AT1G66560,Q9C557
AT1G66570,Q67YF8
AT1G66580,Q93W22
AT1G66590,Q9C9L6
AT1G66600,Q9C6H5
AT1G66610,Q9C6H4
AT1G66620,Q9C6H3
AT1G66630,Q9C6H2
AT1G66640,Q9C6H1
AT1G66650,Q9C9M0
AT1G66660,Q7XA77
AT1G66670,Q9SXJ6
AT1G66680,Q9C9M1
AT1G66690,Q9C9M2
AT1G66700,Q9C9M3
AT1G66720,Q9C9M4
AT1G66730,F4HPZ9
AT1G66740,Q9C9M6
AT1G66750,Q9C9M7
AT1G66760,Q9C9M8
AT1G66770,Q9C9M9
AT1G66780,F4HQ05
AT1G66800,F4HQ07
AT1G66810,Q9C9N3
AT1G66820,Q9C9N4
AT1G66830,Q9C9N5
AT1G66840,Q9C9N6
AT1G66850,Q9C9N7
AT1G66852,B3H5T6
AT1G66855,Q2V4E5
AT1G66860,Q9C9N8
AT1G66870,A0A1P8ASF8
AT1G66880,F4HQ17
AT1G66890,Q9C618
AT1G66900,Q8VYT1
AT1G66910,F4HQ20
AT1G66920,F4HQ22
AT1G66930,F4HQ23
AT1G66940,A0A1P8AVN7
AT1G66950,Q7PC84
AT1G66960,Q9FZI2
AT1G66970,Q7Y208
AT1G66980,D7SFH9
AT1G67000,Q3ECH2
AT1G67020,Q9FZH9
AT1G67025,F4HQ34
AT1G67030,Q39265
AT1G67035,Q5BPW2
AT1G67040,A0A1P8ARP0
AT1G67050,Q9FZH6
AT1G67060,A0JQ16
AT1G67070,Q9FZH5
AT1G67080,Q8LFP9
AT1G67090,P10795
AT1G67100,Q9ZW96
AT1G67110,Q9ZW95
AT1G67120,A0A1P8AUY4
AT1G67130,Q3ECH0
AT1G67140,F4HRS2
AT1G67148,Q0WR90
AT1G67150,Q6E287
AT1G67160,Q9ZW91
AT1G67170,Q84TD8
AT1G67180,Q9ZW89
AT1G67190,Q9ZW88
AT1G67210,Q8LD15
AT1G67220,Q9FYH1
AT1G67230,F4HRT5
AT1G67235,A0A1P8AVM6
AT1G67250,Q94B05
AT1G67260,Q9FYG7
AT1G67265,Q6X5U0
AT1G67270,F4HRU0
AT1G67280,Q8W593
AT1G67290,Q9FYG4
AT1G67300,Q9FYG3
AT1G67310,Q9FYG2
AT1G67320,Q84WJ2
AT1G67325,Q8GZ43
AT1G67330,Q9FYG0
AT1G67340,Q9FYF9
AT1G67350,Q9FYF8
AT1G67360,Q9FYF7
AT1G67370,F4HRV8
AT1G67390,Q9FYF4
AT1G67400,F4HRW0
AT1G67410,Q08AA5
AT1G67420,F4HRW3
AT1G67430,P51413
AT1G67440,Q4V399
AT1G67450,O64801
AT1G67455,O64800
AT1G67460,F4HTL8
AT1G67470,O64798
AT1G67480,Q9CAG8
AT1G67490,F4HTM3
AT1G67500,Q766Z3
AT1G67510,O64794
AT1G67520,O64793
AT1G67530,Q9CAG5
AT1G67540,B3H4Y3
AT1G67550,Q9SR52
AT1G67560,Q9CAG3
AT1G67570,F4HTN4
AT1G67580,Q9CAG1
AT1G67590,Q9SR48
AT1G67600,Q9FXC5
AT1G67620,Q9CAF9
AT1G67623,Q9FXC7
AT1G67630,F4HTP2
AT1G67635,Q9FXC9
AT1G67640,Q9SR44
AT1G67650,Q9FXD1
AT1G67660,Q9FXD2
AT1G67670,Q9FXD3
AT1G67680,Q9FXD4
AT1G67690,F4HTQ1
AT1G67700,Q8LDL0
AT1G67710,Q9FXD6
AT1G67720,C0LGI2
AT1G67730,Q8L9C4
AT1G67740,O49347
AT1G67750,Q9FXD8
AT1G67760,Q67ZE4
AT1G67770,Q9FXE0
AT1G67775,Q2V4E2
AT1G67780,F4HTR3
AT1G67785,Q8VZ65
AT1G67790,Q9FXE2
AT1G67800,Q8LB88
AT1G67810,Q9FXE3
AT1G67820,Q9FXE4
AT1G67830,Q9FXE5
AT1G67840,F4HVG8
AT1G67850,Q94F37
AT1G67855,B3H596
AT1G67856,B3H543
AT1G67860,Q9C9V2
AT1G67865,Q941E9
AT1G67870,Q93VS6
AT1G67880,Q9C9V4
AT1G67890,F4HVH9
AT1G67900,Q9C9V6
AT1G67910,Q9C9V7
AT1G67920,Q9C9V8
AT1G67930,Q9C9V9
AT1G67940,Q9C9W0
AT1G67950,F4HVJ0
AT1G67960,F4HVJ3
AT1G67970,Q9S7U5
AT1G67980,Q9C9W3
AT1G67990,Q9C9W4
AT1G68000,Q8LBA6
AT1G68010,Q9C9W5
AT1G68020,Q94AH8
AT1G68030,F4HVK3
AT1G68040,Q9C9W8
AT1G68050,Q9C9W9
AT1G68060,Q9C9X0
AT1G68070,Q9C9X1
AT1G68080,Q5PP31
AT1G68090,Q9C9X3
AT1G68100,Q9M647
AT1G68110,Q9C9X5
AT1G68120,Q9C9X6
AT1G68130,Q9C9X7
AT1G68140,Q9C9X8
AT1G68150,Q9C9F0
AT1G68160,Q8GZ67
AT1G68170,F4HVM3
AT1G68180,F4HVM4
AT1G68185,A0A1P8ASU7
AT1G68190,Q9C9F4
AT1G68200,Q9C9F5
AT1G68210,Q9C9F6
AT1G68220,Q9C9F7
AT1G68230,A2RVT6
AT1G68238,Q1G3X3
AT1G68240,Q5XVH0
AT1G68250,Q9C9G0
AT1G68260,Q8W583
AT1G68270,Q9C9G2
AT1G68280,F4HX80
AT1G68290,Q9C9G4
AT1G68300,Q9C9G5
AT1G68310,Q9C9G6
AT1G68320,Q9C9G7
AT1G68325,A0A1P8APZ3
AT1G68330,Q8RWC8
AT1G68340,A0A1P8ANX4
AT1G68350,Q9C9H0
AT1G68360,Q9C9H1
AT1G68370,Q9ZSY2
AT1G68380,Q9M9C3
AT1G68390,Q9M9C4
AT1G68400,Q9M9C5
AT1G68410,Q9M9C6
AT1G68420,Q9M9C7
AT1G68430,Q9M9C8
AT1G68440,Q9M9C9
AT1G68450,Q9CA36
AT1G68460,Q94ID3
AT1G68470,Q9CA34
AT1G68480,Q6S591
AT1G68490,Q9CA32
AT1G68500,Q84K42
AT1G68510,Q9CA30
AT1G68520,Q8LG76
AT1G68526,F4HXA7
AT1G68530,Q9XF43
AT1G68540,Q9CA28
AT1G68550,Q9CA27
AT1G68560,Q9S7Y7
AT1G68570,Q9SX20
AT1G68580,Q8L7Q0
AT1G68585,Q8LGG7
AT1G68590,Q9SX22
AT1G68600,Q93Z29
AT1G68610,Q9SX24
AT1G68620,Q9SX25
AT1G68630,Q9SX26
AT1G68640,Q9SX27
AT1G68650,Q9SX28
AT1G68660,Q9SX29
AT1G68670,Q8VZS3
AT1G68680,Q8L9R6
AT1G68690,Q9SX31
AT1G68700,Q9SX32
AT1G68710,Q9SX33
AT1G68720,Q9S7I0
AT1G68723,A0A1P8AQA9
AT1G68725,Q9S740
AT1G68730,Q9S7X9
AT1G68735,Q0WN71
AT1G68740,Q93ZF5
AT1G68750,Q8GVE8
AT1G68760,Q9CA40
AT1G68765,Q8LAD7
AT1G68780,Q9CA41
AT1G68790,Q9CA42
AT1G68795,Q29PU4
AT1G68800,A0AQW4
AT1G68810,Q9S7Y1
AT1G68820,A0A1P8AX05
AT1G68825,Q6X5T8
AT1G68830,Q9S713
AT1G68840,P82280
AT1G68845,F4HYZ1
AT1G68850,Q96519
AT1G68862,A0A1P8AW86
AT1G68870,Q9CA45
AT1G68875,Q84WC1
AT1G68877,A0A1P8AS11
AT1G68880,Q9CA46
AT1G68890,Q15KI9
AT1G68905,Q2V4E0
AT1G68907,Q2V4D9
AT1G68910,A8MQR0
AT1G68920,Q9CAA9
AT1G68930,Q9CAA8
AT1G68935,Q3ECF9
AT1G68937,A0A1P8ANL4
AT1G68940,Q9CAA7
AT1G68945,Q3ECF8
AT1G68960,Q9CAA6
AT1G68980,Q9CAA5
AT1G68990,P92969
AT1G69010,Q9CAA4
AT1G69020,A0A1P8AW81
AT1G69030,F4I0I6
AT1G69040,Q8LJW3
AT1G69050,Q8L951
AT1G69060,Q8RWZ0
AT1G69070,A0A178W3G2
AT1G69080,Q9LQB2
AT1G69085,A0A1P8AUA6
AT1G69090,Q9LQB0
AT1G69100,Q9LQA9
AT1G69120,P35631
AT1G69150,F4I0J7
AT1G69160,Q93Z37
AT1G69170,Q94JW8
AT1G69180,Q8L925
AT1G69190,Q1ENB6
AT1G69200,F4I0K2
AT1G69210,Q94JV0
AT1G69220,O24527
AT1G69230,Q9LE54
AT1G69240,F4I0K9
AT1G69250,Q9LDI9
AT1G69260,Q9LQ98
AT1G69270,Q9ZRF9
AT1G69290,P0C7R4
AT1G69295,Q93V72
AT1G69310,Q9C983
AT1G69320,Q4PSX1
AT1G69325,F4I0M0
AT1G69330,Q9C546
AT1G69340,Q94JV1
AT1G69350,Q9C507
AT1G69360,F4I0M4
AT1G69370,Q9C544
AT1G69380,Q9C565
AT1G69390,Q9C4Z7
AT1G69400,F4I241
AT1G69410,Q9C505
AT1G69420,Q9C533
AT1G69430,Q9C794
AT1G69440,Q9C793
AT1G69450,F4I248
AT1G69460,Q8VY92
AT1G69470,Q9C790
AT1G69480,Q6R8G0
AT1G69485,Q5Q0D8
AT1G69490,O49255
AT1G69500,Q9C788
AT1G69510,Q9C787
AT1G69520,A0A1P8AVN1
AT1G69523,Q941B1
AT1G69526,F4I261
AT1G69530,Q9C554
AT1G69540,A0A1P8ASZ9
AT1G69550,F4I270
AT1G69560,Q9SEZ4
AT1G69570,Q9SEZ3
AT1G69580,F4I274
AT1G69588,Q6IWA9
AT1G69600,Q9SEZ1
AT1G69610,A0A1P8AWD6
AT1G69620,Q9FE65
AT1G69630,Q9FWZ1
AT1G69640,Q8VYI1
AT1G69650,Q9FWZ3
AT1G69660,Q9FWZ4
AT1G69670,Q9C9L0
AT1G69680,Q94C15
AT1G69690,Q9C9L2
AT1G69700,Q9S784
AT1G69710,Q9C9L3
AT1G69720,Q9C9L4
AT1G69730,Q9C9L5
AT1G69740,Q9SFH9
AT1G69760,Q9C9L7
AT1G69770,Q94F88
AT1G69780,Q8LC03
AT1G69790,Q5XF79
AT1G69800,Q9CAR3
AT1G69810,Q9CAR4
AT1G69818,Q2V4D7
AT1G69820,Q9CAR5
AT1G69825,Q2V4D6
AT1G69828,Q2V4D5
AT1G69830,Q94A41
AT1G69840,Q9CAR7
AT1G69850,Q8H157
AT1G69860,Q9CAR9
AT1G69870,Q8RX77
AT1G69880,Q9CAS1
AT1G69890,Q9CAS2
AT1G69900,Q4PSX0
AT1G69910,F4I3V3
AT1G69920,Q6NMS0
AT1G69930,Q9CAS6
AT1G69935,F4I3V6
AT1G69940,Q84WM7
AT1G69960,O04951
AT1G69970,O04547
AT1G69980,A1A6I1
AT1G69990,C0LGI5
AT1G70000,O04544
AT1G70020,O04542
AT1G70030,Q84R24
AT1G70040,O04540
AT1G70060,O04539
AT1G70070,B9DFG3
AT1G70080,Q84UU9
AT1G70090,O04536
AT1G70100,F4I3X3
AT1G70110,O04534
AT1G70120,F4I3X8
AT1G70130,O04533
AT1G70140,O04532
AT1G70150,F4I3Y1
AT1G70160,Q9C5K0
AT1G70170,O04529
AT1G70175,A0A1P8ANA9
AT1G70180,Q8VZ94
AT1G70190,O04527
AT1G70200,Q84JK1
AT1G70209,B3H633
AT1G70210,P42751
AT1G70220,F4I5D2
AT1G70230,O04523
AT1G70250,F4I5D4
AT1G70260,F4I5D5
AT1G70270,O64610
AT1G70280,F4I5D7
AT1G70290,Q0WUI9
AT1G70300,Q8W4I4
AT1G70310,O48661
AT1G70320,Q8H0T4
AT1G70330,Q8VXY7
AT1G70335,A0A1P8AUX0
AT1G70340,O64602
AT1G70350,Q6NQH1
AT1G70360,O64600
AT1G70370,P92990
AT1G70380,O64598
AT1G70390,O64597
AT1G70400,F4I5F1
AT1G70410,Q94CE4
AT1G70420,O64594
AT1G70430,A0A1P8AWS0
AT1G70440,O64592
AT1G70450,Q9CAL9
AT1G70460,Q9CAL8
AT1G70470,Q9CAL7
AT1G70475,A0A1P8AW49
AT1G70480,Q9CAL6
AT1G70490,P0DH91
AT1G70500,Q9CAL5
AT1G70505,F4I5G9
AT1G70510,P46640
AT1G70520,Q9CAL3
AT1G70530,Q9CAL2
AT1G70540,Q9CAL1
AT1G70550,F4I5H4
AT1G70560,Q9S7N2
AT1G70570,Q9C5F4
AT1G70580,Q9S7E9
AT1G70590,Q94C27
AT1G70600,P49637
AT1G70610,Q8RY46
AT1G70620,F4I6U7
AT1G70630,F4I6V0
AT1G70640,Q9S843
AT1G70650,F4I6V2
AT1G70660,Q9CAB6
AT1G70670,Q9CAB7
AT1G70680,Q9CAB8
AT1G70690,Q8GUJ2
AT1G70700,Q8W4J8
AT1G70710,Q9CAC1
AT1G70720,A0A1P8AP64
AT1G70730,Q9SGC1
AT1G70740,Q9CAC3
AT1G70750,Q9CAC4
AT1G70760,Q9CAC5
AT1G70770,Q9S791
AT1G70780,Q9S812
AT1G70790,Q9S7J9
AT1G70800,Q9S764
AT1G70810,Q9SSL1
AT1G70820,Q9SSL0
AT1G70830,Q9SSK9
AT1G70840,Q941R6
AT1G70850,Q9SSK7
AT1G70860,Q941R8
AT1G70870,F4I6Z0
AT1G70880,Q941R7
AT1G70890,Q9SSK5
AT1G70895,Q8L9H6
AT1G70900,Q9SSK4
AT1G70910,Q3ECE3
AT1G70920,Q8GXM7
AT1G70940,Q9S7Z8
AT1G70944,B3H4U2
AT1G70949,B3H4F2
AT1G70950,Q67Y69
AT1G70960,Q3ECE2
AT1G70970,Q9SSK2
AT1G70980,Q9SSK1
AT1G70985,Q8LGG2
AT1G70990,A0JQ68
AT1G71000,F4I8D6
AT1G71010,Q9SSJ8
AT1G71015,Q9SSJ7
AT1G71020,Q9C9A6
AT1G71030,Q9C9A5
AT1G71040,Q949X9
AT1G71050,Q9C9A3
AT1G71060,Q9C9A2
AT1G71070,Q9C9A1
AT1G71080,Q9C9A0
AT1G71090,Q9C999
AT1G71100,Q9C998
AT1G71110,F4I8E9
AT1G71120,Q9C996
AT1G71130,Q9C995
AT1G71140,Q9C994
AT1G71150,Q9C993
AT1G71160,Q9C992
AT1G71170,Q9C991
AT1G71180,Q949M8
AT1G71190,Q9C989
AT1G71200,F4I8F9
AT1G71210,Q8GZA6
AT1G71220,Q0WL80
AT1G71230,Q9FVU9
AT1G71235,F4I8G4
AT1G71240,A8MR99
AT1G71250,Q9FVV1
AT1G71260,Q8VYF7
AT1G71270,Q94KD3
AT1G71280,Q9FVV4
AT1G71290,Q9FVV5
AT1G71300,Q9FVV6
AT1G71310,Q9FVV7
AT1G71320,Q9FVV8
AT1G71330,Q9FVV9
AT1G71340,F4I8H8
AT1G71350,Q0WUR1
AT1G71360,F4I8I0
AT1G71370,Q8GXD6
AT1G71380,Q9C9H5
AT1G71390,Q9C9H6
AT1G71400,Q9C9H7
AT1G71410,Q9C9H8
AT1G71420,Q9C9H9
AT1G71430,Q9C9I0
AT1G71440,Q8GRL7
AT1G71450,Q9C9I2
AT1G71460,Q9C9I3
AT1G71470,Q9C9I4
AT1G71480,A0A1P8ARE9
AT1G71490,Q9C9I6
AT1G71500,Q9C9I7
AT1G71520,Q9C9I8
AT1G71530,Q9C9I9
AT1G71680,Q9C9J0
AT1G71690,Q9C9J1
AT1G71691,Q9SF78
AT1G71692,Q38841
AT1G71695,Q96520
AT1G71696,Q9M9H7
AT1G71697,Q9M9H6
AT1G71710,Q8H0Z6
AT1G71720,Q9M9H4
AT1G71730,Q9M9H3
AT1G71740,Q9M9H2
AT1G71750,Q8L8L7
AT1G71760,Q5BPV4
AT1G71770,Q05196
AT1G71780,F4IA30
AT1G71790,Q9M9G7
AT1G71800,Q9M9G6
AT1G71810,Q94BU1
AT1G71820,Q94AI6
AT1G71830,Q94AG2
AT1G71840,Q8RXQ4
AT1G71850,Q9M9G1
AT1G71860,O82656
AT1G71865,Q8GW89
AT1G71866,C4B8C5
AT1G71870,Q9LE20
AT1G71880,Q39232
AT1G71890,Q9C8X2
AT1G71900,Q94AH3
AT1G71910,Q9C8X0
AT1G71920,P0DI07
AT1G71930,Q9C8W9
AT1G71940,F4IBM1
AT1G71950,Q9C8W7
AT1G71960,Q84TH5
AT1G71970,Q9C8W5
AT1G71980,Q8VZ14
AT1G71990,Q9C8W3
AT1G72000,Q9C560
AT1G72010,Q9C7G4
AT1G72020,Q9C7G5
AT1G72030,Q9C7G6
AT1G72040,Q501D4
AT1G72050,Q84MZ4
AT1G72060,Q9C7G9
AT1G72070,F4IBN6
AT1G72080,Q1PFE3
AT1G72090,Q9C7H2
AT1G72100,Q9C7H3
AT1G72110,Q9C7H4
AT1G72120,Q8VZE2
AT1G72125,Q0WSZ6
AT1G72130,Q8RX67
AT1G72140,Q9C7U1
AT1G72141,B3H534
AT1G72150,Q56WK6
AT1G72160,Q56Z59
AT1G72165,Q8GWC7
AT1G72175,Q93WJ5
AT1G72180,Q9C7T7
AT1G72190,F4IBQ3
AT1G72200,Q84W40
AT1G72210,Q9C7T4
AT1G72220,Q8LFY8
AT1G72230,Q9C7T2
AT1G72240,Q9C7T1
AT1G72250,F4IBQ9
AT1G72260,Q42596
AT1G72270,F4IBR2
AT1G72275,A0A1P8AMV0
AT1G72280,Q9C7S7
AT1G72290,Q9C7S6
AT1G72300,Q9C7S5
AT1G72310,Q9XF63
AT1G72320,Q9C552
AT1G72330,Q9LDV4
AT1G72340,A0A1P8AVS2
AT1G72350,Q9C9D4
AT1G72360,Q8H0T5
AT1G72370,Q08682
AT1G72390,F4IDB2
AT1G72410,F4IDB4
AT1G72416,B3H5X6
AT1G72420,F4IDC0
AT1G72430,Q9C9E1
AT1G72440,F4IDC2
AT1G72450,Q9C9E3
AT1G72460,Q9C9E4
AT1G72470,Q9C9E5
AT1G72480,Q9C9E6
AT1G72490,Q5XVG3
AT1G72500,F4IDC8
AT1G72510,Q9C9E9
AT1G72520,Q9FNX8
AT1G72530,Q9CAH0
AT1G72540,Q9CAH1
AT1G72545,A0A1P8APU3
AT1G72550,Q9SGE9
AT1G72560,Q7PC79
AT1G72570,Q1PFE1
AT1G72580,Q9CAH4
AT1G72590,Q9CAH5
AT1G72600,Q9CAH6
AT1G72610,P94040
AT1G72620,F4IDE6
AT1G72630,Q94BS8
AT1G72640,Q6NMC1
AT1G72645,Q8RXY2
AT1G72650,F4IDF1
AT1G72660,Q9CAI1
AT1G72670,Q9CAI2
AT1G72680,Q9CAI3
AT1G72690,Q9CAI4
AT1G72700,Q9SGG3
AT1G72710,Q9CAI5
AT1G72720,Q9CAI6
AT1G72730,Q9CAI7
AT1G72740,F4IEY4
AT1G72750,Q38820
AT1G72755,A0A1P8AQ41
AT1G72760,A0A1P8AST2
AT1G72770,Q9CAJ0
AT1G72790,Q9CAJ1
AT1G72800,Q9CAJ2
AT1G72810,Q9SSP5
AT1G72820,Q9SSP4
AT1G72830,Q93ZH2
AT1G72840,F4IEZ7
AT1G72850,Q9SSP1
AT1G72860,A0A1P8AT27
AT1G72870,Q9SSN9
AT1G72880,Q84MD7
AT1G72890,F4IF04
AT1G72900,Q9SSN6
AT1G72910,Q9SSN5
AT1G72920,Q9SSN4
AT1G72930,Q9SSN3
AT1G72940,Q9SSN2
AT1G72950,Q9SSN1
AT1G72960,Q9SSN0
AT1G72970,Q9S746
AT1G72980,Q9SSM9
AT1G72990,Q93Z24
AT1G73000,Q9SSM7
AT1G73010,Q67YC0
AT1G73020,A0MFS9
AT1G73030,Q9SSM4
AT1G73040,Q9SSM3
AT1G73050,Q9SSM2
AT1G73060,Q8H0W0
AT1G73065,A0A1P8AR29
AT1G73066,Q9SSM0
AT1G73080,Q9SSL9
AT1G73090,F4IF29
AT1G73100,Q9C5P4
AT1G73110,Q9AST9
AT1G73120,Q9CAS9
AT1G73130,Q9S781
AT1G73140,Q1PFD9
AT1G73150,Q9S7T1
AT1G73160,Q9CAT1
AT1G73165,Q3ECD6
AT1G73170,A0A1P8AWP1
AT1G73177,Q8L981
AT1G73180,Q9CAT3
AT1G73190,P26587
AT1G73200,Q9CAT4
AT1G73210,Q9CAT5
AT1G73220,Q9CAT6
AT1G73230,Q9CAT7
AT1G73240,Q8LAF4
AT1G73250,O49213
AT1G73260,Q8RXD5
AT1G73270,Q9CAU0
AT1G73280,Q9CAU1
AT1G73290,Q9CAU2
AT1G73300,Q9CAU3
AT1G73310,Q9CAU4
AT1G73325,Q9FX28
AT1G73330,Q39091
AT1G73340,F4HQ70
AT1G73350,A0A1P8APD7
AT1G73360,Q9FX31
AT1G73370,Q9FX32
AT1G73380,Q9FX33
AT1G73390,Q9FX34
AT1G73400,Q9FX35
AT1G73410,Q9FX36
AT1G73430,F4HQ84
AT1G73440,Q9FDZ8
AT1G73450,F4HQ87
AT1G73460,F4HQ88
AT1G73470,F4HQ89
AT1G73480,Q94AM5
AT1G73490,F4HQ94
AT1G73500,Q9FX43
AT1G73510,Q9FX44
AT1G73530,Q9FX45
AT1G73540,Q8VY81
AT1G73550,B3H587
AT1G73560,Q1PFD8
AT1G73570,Q9C6B6
AT1G73580,Q9C6B7
AT1G73590,Q9C6B8
AT1G73600,Q9C6B9
AT1G73603,P82778
AT1G73607,P82779
AT1G73610,Q9C9V0
AT1G73620,Q9C9U9
AT1G73630,Q9C9U8
AT1G73640,Q9C9U7
AT1G73655,Q8LB65
AT1G73660,Q9C9U5
AT1G73670,Q9C9U4
AT1G73680,Q9C9U3
AT1G73690,Q9C9U2
AT1G73700,Q9C9U1
AT1G73710,Q9C9U0
AT1G73720,Q8W117
AT1G73730,O23116
AT1G73740,Q9C9T8
AT1G73750,Q8W568
AT1G73760,Q9C9T6
AT1G73770,Q9C9T5
AT1G73780,Q9C9T4
AT1G73790,Q9C9T3
AT1G73805,Q9C9T2
AT1G73810,Q9C9T1
AT1G73820,Q9C9T0
AT1G73830,Q8GWK7
AT1G73840,A0A1P8AMZ0
AT1G73850,F4HS08
AT1G73860,Q0WN69
AT1G73870,Q9C9A9
AT1G73875,Q0WKY2
AT1G73880,Q9C9B0
AT1G73885,F4HS13
AT1G73890,Q9C9B1
AT1G73910,Q9C9B2
AT1G73920,Q949N8
AT1G73930,Q9C9B4
AT1G73940,Q9C9B5
AT1G73950,F4HS21
AT1G73960,Q8LPF0
AT1G73965,Q6NMF0
AT1G73970,F4HTS4
AT1G73980,Q9C9B9
AT1G73990,Q9C9C0
AT1G74000,P92976
AT1G74010,Q9C9C2
AT1G74020,P94111
AT1G74030,Q9C9C4
AT1G74035,A0A1P8AQC7
AT1G74040,Q9C550
AT1G74045,Q58G35
AT1G74050,Q9C9C5
AT1G74055,Q56ZA1
AT1G74060,Q9C9C6
AT1G74070,F4HTT6
AT1G74080,Q9C9C8
AT1G74088,F4HTT8
AT1G74090,Q9C9C9
AT1G74100,Q9C9D0
AT1G74110,Q9C9D1
AT1G74120,Q9C6A1
AT1G74130,Q84WG3
AT1G74140,B3H707
AT1G74150,F4HTV1
AT1G74160,Q0WNQ5
AT1G74170,Q9C6A6
AT1G74180,F4HTV4
AT1G74190,Q9C6A8
AT1G74200,F4HTV6
AT1G74210,Q9C907
AT1G74220,Q9C908
AT1G74230,Q9C909
AT1G74240,Q8GYH1
AT1G74250,Q9C911
AT1G74260,Q9M8D3
AT1G74270,Q9C912
AT1G74280,Q9C913
AT1G74290,Q9C914
AT1G74300,Q9C915
AT1G74310,P42730
AT1G74320,Q8L518
AT1G74330,F4HTX0
AT1G74340,Q9CA79
AT1G74350,Q9CA78
AT1G74360,C0LGJ1
AT1G74370,Q9CA76
AT1G74380,Q9CA75
AT1G74385,A0A1P8AUV5
AT1G74390,Q9CA74
AT1G74400,Q9CA73
AT1G74410,Q8LBA0
AT1G74420,Q9CA71
AT1G74430,Q9SG63
AT1G74440,Q9CA70
AT1G74450,Q9CA69
AT1G74458,Q56YK7
AT1G74460,Q9CA68
AT1G74470,Q9CA67
AT1G74480,Q9CA66
AT1G74490,Q7Y224
AT1G74500,Q9CA64
AT1G74510,Q9CA63
AT1G74520,Q9S7V4
AT1G74530,Q0WPJ3
AT1G74540,Q9CA61
AT1G74550,Q9CA60
AT1G74560,Q9CA59
AT1G74580,Q9CA58
AT1G74590,Q9CA57
AT1G74600,Q9CA56
AT1G74620,Q9CA55
AT1G74630,Q9CA54
AT1G74640,Q8L475
AT1G74650,Q9CA52
AT1G74660,Q9CA51
AT1G74670,Q6NMQ7
AT1G74675,A0A1P8AVR2
AT1G74680,Q93ZD5
AT1G74690,Q8L4D8
AT1G74700,Q8LGU7
AT1G74710,Q9S7H8
AT1G74720,B8XCH5
AT1G74740,Q9SSF8
AT1G74750,Q9SSF9
AT1G74770,F4HVS0
AT1G74780,Q9SSG2
AT1G74790,Q9SSG3
AT1G74800,Q8RX55
AT1G74810,Q9SSG5
AT1G74820,Q9S772
AT1G74830,F4HVS6
AT1G74840,Q9S7N6
AT1G74850,Q9S7Q2
AT1G74860,Q9SSG6
AT1G74870,Q9S7I7
AT1G74875,F4HXC5
AT1G74880,Q9S829
AT1G74890,Q7G8V2
AT1G74900,Q9S7R4
AT1G74910,Q9C9P3
AT1G74920,Q9S795
AT1G74929,B3H4W3
AT1G74930,Q9S7L5
AT1G74940,Q8GRN0
AT1G74950,Q9S7M2
AT1G74960,Q9C9P4
AT1G74970,Q9XJ27
AT1G74990,Q9S7D6
AT1G75000,Q9S804
AT1G75010,Q6F6B5
AT1G75020,Q8L4Y2
AT1G75030,Q9C9P9
AT1G75040,P28493
AT1G75050,Q1PFD2
AT1G75060,A8MR31
AT1G75080,Q8S307
AT1G75090,Q94CA9
AT1G75100,Q9C9Q4
AT1G75110,Q9C9Q5
AT1G75120,Q9C9Q6
AT1G75125,A0A178W7H0
AT1G75130,Q9FRK4
AT1G75140,Q9FRK5
AT1G75150,A0A1P8ANP5
AT1G75160,F4HXG1
AT1G75170,Q9FRK8
AT1G75180,Q9FRK9
AT1G75190,Q9FRL0
AT1G75200,Q8RXN5
AT1G75210,Q8RWN4
AT1G75220,Q9FRL3
AT1G75230,F4HXH4
AT1G75240,Q9FRL5
AT1G75250,Q1A173
AT1G75260,Q0WVV5
AT1G75270,Q9FRL8
AT1G75280,P52577
AT1G75290,A0A1P8ART1
AT1G75300,Q9FRM1
AT1G75310,Q9FWS1
AT1G75330,O50039
AT1G75335,Q1G3X0
AT1G75340,Q9FWS3
AT1G75350,Q9FWS4
AT1G75360,Q5XVF5
AT1G75370,Q8GXC6
AT1G75380,Q9FWS6
AT1G75390,C0Z2L5
AT1G75400,Q8L7K7
AT1G75410,Q9FWS9
AT1G75420,Q7Y217
AT1G75430,Q1PFD1
AT1G75440,Q9FWT2
AT1G75450,Q67YU0
AT1G75460,Q9FWT4
AT1G75470,Q9LQZ0
AT1G75490,Q9LQZ2
AT1G75500,Q94AP3
AT1G75510,Q9LQZ4
AT1G75520,Q9LQZ5
AT1G75530,F4HZ48
AT1G75540,Q9LQZ7
AT1G75560,Q8GXC5
AT1G75580,Q9LR00
AT1G75590,F4HZ54
AT1G75600,Q9LR02
AT1G75620,Q9LR03
AT1G75630,P59229
AT1G75660,Q9FQ03
AT1G75670,Q8H1F8
AT1G75680,Q8LCP6
AT1G75690,Q8GSJ6
AT1G75700,Q9LR09
AT1G75710,Q9LR10
AT1G75717,Q9LR11
AT1G75720,F4I0N3
AT1G75730,A4FVS5
AT1G75750,P46689
AT1G75760,Q84TL5
AT1G75780,P12411
AT1G75785,A0A1P8AQV4
AT1G75790,Q1PFD0
AT1G75800,Q9LQT4
AT1G75810,Q9LQT3
AT1G75820,Q9SYQ8
AT1G75830,P30224
AT1G75840,Q38937
AT1G75850,F4I0P8
AT1G75860,A0A1P8AVE0
AT1G75870,Q9LQS7
AT1G75880,Q94CH8
AT1G75890,Q94CH7
AT1G75900,Q94CH6
AT1G75910,Q0WUV7
AT1G75920,Q94CH5
AT1G75930,Q93X94
AT1G75940,Q84WV2
AT1G75945,A0A1P8ATP0
AT1G75950,Q39255
AT1G75960,Q9LQS1
AT1G75980,A0JQ11
AT1G75990,Q9LQR8
AT1G76010,Q93VA8
AT1G76020,A0JQ12
AT1G76030,P11574
AT1G76040,Q8RWL2
AT1G76050,Q3ECD0
AT1G76060,Q63Z96
AT1G76065,Q9LQR2
AT1G76070,Q9SGS5
AT1G76080,Q9SGS4
AT1G76090,Q94JS4
AT1G76100,P11490
AT1G76110,Q9SGS2
AT1G76120,Q9SGS1
AT1G76130,Q8LFG1
AT1G76140,F4I2A0
AT1G76150,Q8VYI3
AT1G76160,Q9SGR6
AT1G76170,A0A1P8ASI0
AT1G76180,P42763
AT1G76185,Q8LCY3
AT1G76190,Q9SGR4
AT1G76200,Q8LDK3
AT1G76210,Q9SGR3
AT1G76220,Q9SGR2
AT1G76230,Q9SGR1
AT1G76240,Q501A3
AT1G76250,Q8GX25
AT1G76260,Q6NPN9
AT1G76270,Q949U4
AT1G76280,Q9SGQ6
AT1G76290,Q9SFW5
AT1G76300,Q9S7E6
AT1G76310,Q9SFW6
AT1G76320,Q6NQJ7
AT1G76340,Q9S845
AT1G76350,Q9SFW8
AT1G76360,A4FVS9
AT1G76370,Q9SFX0
AT1G76380,A4FVS4
AT1G76390,Q9SFX2
AT1G76400,Q9SFX3
AT1G76405,Q9FPG2
AT1G76410,Q8LC69
AT1G76420,Q9S851
AT1G76430,Q9S735
AT1G76440,Q9S842
AT1G76450,Q9S720
AT1G76460,F4I2E4
AT1G76465,A0A1P8AWD0
AT1G76470,F4I2E5
AT1G76480,F4I2E7
AT1G76490,P14891
AT1G76500,Q9C9K7
AT1G76510,Q0WNR6
AT1G76520,Q9C9K5
AT1G76530,Q9C9K4
AT1G76540,Q8LF80
AT1G76550,Q9C9K3
AT1G76560,Q9C9K2
AT1G76570,Q9C9K1
AT1G76580,Q700C2
AT1G76590,Q2HIW3
AT1G76600,Q9C9J8
AT1G76610,Q9C9J7
AT1G76620,Q8W4R7
AT1G76630,F4I3Z5
AT1G76640,Q9SRE7
AT1G76650,Q9SRE6
AT1G76660,Q9SRE5
AT1G76670,Q9SRE4
AT1G76680,Q8LAH7
AT1G76690,Q8GYB8
AT1G76700,Q8GYX8
AT1G76705,F4I407
AT1G76710,Q84WW6
AT1G76720,Q9SRE1
AT1G76728,B3H7A3
AT1G76730,Q9SRE0
AT1G76740,Q9SRD9
AT1G76750,Q9SRD8
AT1G76760,Q6NPF9
AT1G76770,Q9SRD6
AT1G76780,A0A1P8AQG9
AT1G76790,Q9SRD4
AT1G76800,Q9SRD3
AT1G76810,F4I420
AT1G76820,F4I421
AT1G76830,Q9SRD0
AT1G76840,F4I423
AT1G76850,Q8S3U9
AT1G76860,Q9C6K5
AT1G76870,Q9C6K4
AT1G76880,Q9C6K3
AT1G76890,Q39117
AT1G76900,Q9ZP59
AT1G76910,F4I431
AT1G76920,O49279
AT1G76930,Q38913
AT1G76940,A1A6K6
AT1G76950,Q947D2
AT1G76952,Q6DUW8
AT1G76954,Q2V4C4
AT1G76955,Q0V819
AT1G76960,O49282
AT1G76965,F4I5I4
AT1G76970,Q6NQK0
AT1G76980,O49284
AT1G76990,O49285
AT1G76994,B3H504
AT1G77000,O49286
AT1G77010,O49287
AT1G77020,F4I5J7
AT1G77030,O49289
AT1G77060,O49290
AT1G77080,Q9AT76
AT1G77090,O49292
AT1G77093,Q2V4C3
AT1G77100,O49293
AT1G77110,Q9SQH6
AT1G77120,P06525
AT1G77122,Q56XE2
AT1G77130,Q8W4A7
AT1G77140,O49048
AT1G77145,O80651
AT1G77150,F4I5L3
AT1G77160,Q45GL9
AT1G77170,Q3ECB8
AT1G77180,O80653
AT1G77200,O80654
AT1G77210,Q8GW61
AT1G77220,Q94CA0
AT1G77230,Q8VZL0
AT1G77240,O80658
AT1G77260,Q94KE1
AT1G77270,Q8VY02
AT1G77280,F4I5M8
AT1G77290,O80662
AT1G77300,Q2LAE1
AT1G77310,F4I700
AT1G77320,F4I701
AT1G77330,Q0WPW4
AT1G77340,F4I704
AT1G77350,Q9FVX3
AT1G77360,Q9FVX2
AT1G77370,Q9FVX1
AT1G77380,Q39134
AT1G77390,Q9FVX0
AT1G77400,Q9FVW9
AT1G77405,Q1PFC5
AT1G77410,Q8GX69
AT1G77420,Q9FVW6
AT1G77440,O81153
AT1G77450,Q9CAR0
AT1G77460,F4I718
AT1G77470,Q9CAQ8
AT1G77480,Q8W4C5
AT1G77490,Q42593
AT1G77500,Q9CAQ5
AT1G77510,Q9SRG3
AT1G77520,Q9CAQ4
AT1G77525,B3H4V4
AT1G77530,Q9CAQ3
AT1G77540,Q9CAQ2
AT1G77550,Q6IDC7
AT1G77570,Q67XK8
AT1G77580,Q9CAP9
AT1G77590,Q9CAP8
AT1G77600,F4I735
AT1G77610,Q9C521
AT1G77620,Q9CAP6
AT1G77630,Q6NPN4
AT1G77640,Q9CAP4
AT1G77650,Q9CAP3
AT1G77655,Q3ECB7
AT1G77660,Q9CAP2
AT1G77670,Q9CAP1
AT1G77680,Q0WPN0
AT1G77682,A7REG5
AT1G77690,Q9CA25
AT1G77700,Q9CA24
AT1G77710,Q9CA23
AT1G77720,Q84VX4
AT1G77730,Q9CA21
AT1G77740,Q8L796
AT1G77750,Q9CA19
AT1G77760,P11832
AT1G77765,B3H7H3
AT1G77770,Q84K51
AT1G77780,Q9CA16
AT1G77790,Q9CA15
AT1G77800,A0A1P8APX1
AT1G77810,Q6NQB7
AT1G77815,Q3ECB5
AT1G77830,Q9SH17
AT1G77840,Q9S825
AT1G77850,Q84WU6
AT1G77855,F4I8K1
AT1G77860,F4I8K2
AT1G77870,Q9SH14
AT1G77880,Q9SH13
AT1G77885,Q3E7C8
AT1G77890,Q147F2
AT1G77910,Q9SH10
AT1G77920,Q93ZE2
AT1G77930,Q9SH08
AT1G77932,Q1G3W3
AT1G77940,Q8VZ19
AT1G77950,F4I8L6
AT1G77960,Q5BPU6
AT1G77980,Q1PFC2
AT1G77990,P92946
AT1G78000,Q9MAX3
AT1G78010,Q66GQ1
AT1G78020,Q9SGZ8
AT1G78030,F4I8M5
AT1G78040,Q8LD45
AT1G78050,F4I8M8
AT1G78060,Q9SGZ5
AT1G78070,Q94JT6
AT1G78080,Q8H1E4
AT1G78090,Q9C9S4
AT1G78100,Q9C9S2
AT1G78110,Q9C9S1
AT1G78120,Q9C9S0
AT1G78130,Q9C9R9
AT1G78140,Q8LBV4
AT1G78150,Q8L768
AT1G78160,Q9C9R6
AT1G78170,Q84JP5
AT1G78172,B3H6V5
AT1G78180,Q9C9R4
AT1G78190,Q9C9R3
AT1G78200,Q8L7I4
AT1G78210,Q8RXC1
AT1G78220,F4IA59
AT1G78230,F4IA60
AT1G78240,Q9C9Q8
AT1G78260,Q8LF90
AT1G78270,Q9M9E7
AT1G78280,Q9M9E8
AT1G78290,Q9M9E9
AT1G78300,Q01525
AT1G78310,Q9M9F0
AT1G78320,Q9M9F1
AT1G78340,Q8GYM1
AT1G78360,F4IA73
AT1G78370,Q8L7C9
AT1G78380,Q9ZRW8
AT1G78390,Q9M9F5
AT1G78400,F4IA77
AT1G78410,Q8VYI5
AT1G78420,Q93YV5
AT1G78430,Q9M9F9
AT1G78440,Q8LEA2
AT1G78450,Q9SYN6
AT1G78460,Q9SYN5
AT1G78470,Q9SYN4
AT1G78476,F4IA86
AT1G78480,Q9M9G0
AT1G78490,Q8VZC2
AT1G78500,Q9SYN1
AT1G78510,Q8S948
AT1G78520,F4IA92
AT1G78530,Q9SYM9
AT1G78540,Q56XZ1
AT1G78550,Q9SYM7
AT1G78560,Q93YR2
AT1G78570,Q9SYM5
AT1G78580,Q9SYM4
AT1G78590,Q500Y9
AT1G78600,Q9SYM2
AT1G78610,Q9SYM1
AT1G78620,Q9SYM0
AT1G78630,Q9SYL9
AT1G78635,A0A178WKG1
AT1G78640,Q9SYL8
AT1G78650,Q9SYL7
AT1G78660,Q9SYL6
AT1G78670,Q9ZV85
AT1G78680,O65355
AT1G78690,Q9ZV87
AT1G78700,Q9ZV88
AT1G78710,Q9ZV89
AT1G78720,Q9ZV90
AT1G78730,Q9ZV91
AT1G78740,F4IBU4
AT1G78750,Q9ZV93
AT1G78760,Q9ZV94
AT1G78770,B3DNN5
AT1G78780,F4IBV1
AT1G78790,Q8L7N3
AT1G78800,F4IBV4
AT1G78810,Q8W461
AT1G78815,Q9ZVA0
AT1G78820,Q9ZVA1
AT1G78830,Q9ZVA2
AT1G78840,Q9ZVA3
AT1G78850,Q9ZVA4
AT1G78860,Q9ZVA5
AT1G78870,Q94A97
AT1G78880,Q9ZVA7
AT1G78890,Q1H551
AT1G78895,Q8GWH5
AT1G78900,O23654
AT1G78910,Q5XET6
AT1G78915,F4IBX5
AT1G78920,Q56ZN6
AT1G78922,F4IBX8
AT1G78930,Q0WRV2
AT1G78940,F4IDG2
AT1G78950,B6EXY6
AT1G78955,P0C8Y0
AT1G78960,Q8RWT0
AT1G78970,Q9C5M3
AT1G78980,Q6R2K1
AT1G78990,F4IDH0
AT1G78995,Q8L5A1
AT1G79000,Q9C5X9
AT1G79010,Q42599
AT1G79020,Q8GYQ9
AT1G79030,F4IDH6
AT1G79040,P27202
AT1G79050,Q39199
AT1G79060,O64545
AT1G79070,Q8GXI5
AT1G79080,A3KPF8
AT1G79090,Q0WPK4
AT1G79100,F4IDI5
AT1G79103,A0A1P8AN89
AT1G79110,F4IDI6
AT1G79120,O64539
AT1G79130,O64538
AT1G79150,F4IDJ0
AT1G79160,Q84JL6
AT1G79170,F4IDJ2
AT1G79180,Q6R0A6
AT1G79190,A0A1P8AVJ4
AT1G79200,Q8GWY0
AT1G79210,Q8L4A7
AT1G79220,O64531
AT1G79230,O64530
AT1G79250,Q1PFB9
AT1G79260,O64527
AT1G79270,Q9FPE7
AT1G79280,A4GSN8
AT1G79310,Q6XPT5
AT1G79320,O64519
AT1G79330,O64518
AT1G79340,O64517
AT1G79350,F4IF36
AT1G79360,O64515
AT1G79370,F4IF38
AT1G79380,Q9SAL0
AT1G79390,Q9SAK9
AT1G79400,Q9SAK8
AT1G79410,Q9SAK7
AT1G79420,Q940T0
AT1G79430,Q9SAK5
AT1G79440,Q9SAK4
AT1G79450,Q8L8W0
AT1G79460,Q9SAK2
AT1G79470,P47996
AT1G79480,Q5Q0D0
AT1G79485,A0A1P8ANT8
AT1G79490,Q9SAK0
AT1G79500,Q9AV97
AT1G79510,Q9SAJ8
AT1G79520,Q9SAJ7
AT1G79530,Q9SAJ6
AT1G79540,Q9SAJ5
AT1G79550,Q9SAJ4
AT1G79560,Q9SAJ3
AT1G79570,Q9SAJ2
AT1G79580,Q9MA17
AT1G79590,Q94KK7
AT1G79600,Q9MA15
AT1G79610,Q8RWU6
AT1G79620,Q8GY50
AT1G79630,Q8RXZ4
AT1G79640,F4IF81
AT1G79650,Q84L33
AT1G79660,Q9MA09
AT1G79670,Q8RY17
AT1G79680,Q8VYA3
AT1G79690,Q8L831
AT1G79700,A0JPZ8
AT1G79710,Q9SQN2
AT1G79720,Q8RX60
AT1G79730,F4HQA1
AT1G79740,F4HQA2
AT1G79750,Q9CA83
AT1G79760,Q9MA02
AT1G79770,Q9CA85
AT1G79780,Q1PFB8
AT1G79790,Q84VZ1
AT1G79800,Q9SQN9
AT1G79810,Q9CA86
AT1G79820,Q2V4B9
AT1G79830,Q0WVL7
AT1G79840,P46607
AT1G79850,P16180
AT1G79860,Q9CA89
AT1G79870,Q9CA90
AT1G79880,Q0V7U7
AT1G79890,Q9CA92
AT1G79900,Q9CA93
AT1G79910,Q8L402
AT1G79915,F4HQD3
AT1G79920,F4HQD4
AT1G79930,Q9S7C0
AT1G79940,Q0WT48
AT1G79950,F4HQE2
AT1G79960,Q9S7T5
AT1G79970,Q9CA98
AT1G79985,Q9SSD6
AT1G79990,Q9CAA0
AT1G80000,Q93ZJ9
AT1G80010,Q9S793
AT1G80030,Q0WN54
AT1G80040,Q9SSD3
AT1G80050,Q42563
AT1G80060,Q5XEN2
AT1G80070,Q9SSD2
AT1G80080,Q9SSD1
AT1G80090,Q8GXI9
AT1G80100,Q9SSC9
AT1G80110,Q949S5
AT1G80120,Q9SSC7
AT1G80130,Q9SSC6
AT1G80133,Q1G3V9
AT1G80140,F4HS31
AT1G80150,Q8GW57
AT1G80160,Q8LD97
AT1G80165,Q1G3V8
AT1G80170,Q94AJ5
AT1G80180,Q9SSC1
AT1G80190,A0A1P8AW53
AT1G80200,F4HS38
AT1G80210,Q8RW94
AT1G80220,Q3E7F0
AT1G80230,Q9SSB8
AT1G80240,Q9SSB7
AT1G80245,Q0V7R8
AT1G80260,Q0WPZ0
AT1G80270,Q9C977
AT1G80280,Q9C976
AT1G80290,Q9C975
AT1G80300,Q39002
AT1G80310,Q0WP36
AT1G80315,A0A1P8AP31
AT1G80320,Q9C972
AT1G80330,Q9C971
AT1G80340,Q9ZT84
AT1G80350,Q9SEX2
AT1G80360,Q9C969
AT1G80370,Q9C968
AT1G80380,Q944I4
AT1G80390,Q9C966
AT1G80400,Q9C965
AT1G80410,Q8VZM1
AT1G80420,Q24JK4
AT1G80440,Q9M8L2
AT1G80450,Q9M8L3
AT1G80460,Q9M8L4
AT1G80470,Q9M8L5
AT1G80480,Q9M8L6
AT1G80490,Q0WV90
AT1G80500,F4HTY0
AT1G80510,Q9M8L9
AT1G80520,Q9M8M0
AT1G80525,A0A1P8ANS8
AT1G80530,Q9M8M1
AT1G80540,F4HTY4
AT1G80550,Q9M8M3
AT1G80555,A0A1P8AT86
AT1G80560,P93832
AT1G80570,Q3EC97
AT1G80580,Q9M8M5
AT1G80590,Q9M8M6
AT1G80600,Q9M8M7
AT1G80610,Q8VYI7
AT1G80620,Q9M8M9
AT1G80625,A0A178WIZ5
AT1G80630,Q9M8N0
AT1G80640,Q0V7T5
AT1G80650,Q9M8N2
AT1G80660,Q42556
AT1G80670,Q38942
AT1G80680,Q8LLD0
AT1G80690,Q9SAI9
AT1G80700,Q9SAI8
AT1G80710,Q9SAI7
AT1G80720,Q9SAI6
AT1G80730,Q42485
AT1G80740,O49139
AT1G80745,Q1G3W0
AT1G80750,Q9SAI5
AT1G80760,Q9SAI4
AT1G80770,Q8L7Q9
AT1G80780,Q9SAI2
AT1G80790,Q9SAI1
AT1G80810,A8MRD9
AT1G80820,Q9SAH9
AT1G80830,Q9SAH8
AT1G80840,Q9SAH7
AT1G80850,Q9SAH6
AT1G80860,Q9SAH5
AT1G80865,Q8VZS2
AT1G80870,Q9SAH3
AT1G80880,Q9SAH2
AT1G80890,Q9SAH1
AT1G80900,Q9SAH0
AT1G80910,C0Z274
AT1G80920,Q9SAG8
AT1G80930,Q9SAG7
AT1G80940,Q9SAG6
AT1G80950,Q8L7R3
AT1G80960,Q9SAG4
AT1G80970,F4HVT8
AT1G80980,Q9SAG2
AT1G80990,Q9SAG1
AT2G01008,F4IM67
AT2G01021,B3H4D4
AT2G01023,B3H484
AT2G01035,A0A1P8AX58
AT2G01050,Q9SJW1
AT2G01060,Q9SJW0
AT2G01070,F4IM73
AT2G01080,Q9SJV8
AT2G01090,Q9SJV7
AT2G01100,Q9SJV6
AT2G01110,Q9SJV5
AT2G01120,Q6EWX1
AT2G01130,F4IM84
AT2G01140,Q9ZU52
AT2G01150,Q9ZU51
AT2G01170,Q9ZU50
AT2G01175,Q3EC92
AT2G01180,Q9ZU49
AT2G01190,Q9ZU48
AT2G01200,Q8RYC6
AT2G01210,Q9ZU46
AT2G01220,Q8L845
AT2G01240,Q9ZU43
AT2G01250,P60040
AT2G01260,Q9ZU41
AT2G01270,Q9ZU40
AT2G01275,Q6NKQ5
AT2G01280,F4IN86
AT2G01290,Q9ZU38
AT2G01300,Q9ZU37
AT2G01310,Q9ZU36
AT2G01320,Q9ZU35
AT2G01330,Q9ZU34
AT2G01340,Q52K81
AT2G01350,Q9ZU32
AT2G01360,Q9ZU31
AT2G01370,Q9ZU30
AT2G01379,A0A1P8AY90
AT2G01390,Q9ZU29
AT2G01400,Q9ZNU8
AT2G01410,Q9ZNQ5
AT2G01420,Q8RWZ6
AT2G01430,Q8S9N6
AT2G01440,F4INA9
AT2G01450,Q84M93
AT2G01460,A0A178VWR3
AT2G01470,Q39221
AT2G01480,Q9ZVF7
AT2G01490,Q9ZVF6
AT2G01500,Q9ZVF5
AT2G01505,Q8S8M2
AT2G01510,Q9ZVF4
AT2G01520,Q9ZVF3
AT2G01530,Q9ZVF2
AT2G01540,Q9ZVF1
AT2G01554,B3H6Q9
AT2G01560,Q1PFB1
AT2G01570,Q9SLH3
AT2G01580,Q9ZVE8
AT2G01590,Q9ZVE7
AT2G01600,Q8LBH2
AT2G01610,Q9ZNU5
AT2G01620,Q9ZU90
AT2G01630,Q9ZU91
AT2G01640,Q9ZU92
AT2G01650,Q9ZU93
AT2G01660,Q9ZU94
AT2G01667,B3H619
AT2G01670,Q9ZU95
AT2G01680,Q9ZU96
AT2G01690,Q9ZU97
AT2G01710,A0A1P8B2U5
AT2G01720,Q9ZUA0
AT2G01730,Q8GUU3
AT2G01735,Q8GUU2
AT2G01740,Q9ZUA2
AT2G01750,Q9ZUA3
AT2G01755,Q570J5
AT2G01760,Q8L9Y3
AT2G01770,Q9ZUA5
AT2G01780,Q9ZUA6
AT2G01790,Q9ZUA7
AT2G01800,Q9ZUA8
AT2G01810,Q9ZUA9
AT2G01818,A8MQN6
AT2G01820,Q9SIT1
AT2G01830,Q9C5U0
AT2G01850,Q8LDS2
AT2G01860,Q5XET4
AT2G01870,Q9SIS7
AT2G01880,Q8S341
AT2G01890,Q8VYZ2
AT2G01900,Q9SIS4
AT2G01905,Q9C5X2
AT2G01910,Q9SIS3
AT2G01913,Q1G3S9
AT2G01918,Q2V4B2
AT2G01920,Q9SHV5
AT2G01930,Q9SKD0
AT2G01940,F4IPE3
AT2G01950,Q9ZPS9
AT2G01960,Q58G33
AT2G01970,Q9ZPS7
AT2G01980,Q9LKW9
AT2G01990,A0A1P8B1L8
AT2G02000,Q9ZPS4
AT2G02010,Q9ZPS3
AT2G02020,Q84WG0
AT2G02023,F4IPF5
AT2G02026,B3H5U2
AT2G02030,Q9ZPS1
AT2G02040,P46032
AT2G02050,Q9SKC9
AT2G02060,Q7X887
AT2G02061,F4IQ97
AT2G02070,Q9ZUL3
AT2G02080,Q8GYC1
AT2G02090,Q9ZUL5
AT2G02100,Q39182
AT2G02103,Q1G3S7
AT2G02120,Q41914
AT2G02130,Q9ZUL7
AT2G02135,P82781
AT2G02140,Q9ZUL8
AT2G02147,P82782
AT2G02148,Q56XX3
AT2G02150,P0C894
AT2G02160,Q9ZUM0
AT2G02170,Q9ZUM1
AT2G02180,Q9ZUM2
AT2G02220,Q9ZVR7
AT2G02230,Q6NPT8
AT2G02240,Q3E6P4
AT2G02250,Q9ZVR5
AT2G02270,Q570N1
AT2G02280,Q9ZVR3
AT2G02290,Q9ZVR2
AT2G02300,Q9ZVR1
AT2G02310,Q9ZVR0
AT2G02320,Q9ZVQ9
AT2G02340,Q9ZVQ8
AT2G02350,Q9FV02
AT2G02360,Q9ZVQ6
AT2G02370,Q9ZVQ5
AT2G02380,Q9ZVQ4
AT2G02390,Q9ZVQ3
AT2G02400,Q9ZVQ2
AT2G02410,A0A1P8AYT1
AT2G02440,Q9ZVP9
AT2G02450,Q9ZVP8
AT2G02455,A0A1P8AY68
AT2G02470,Q8S8M9
AT2G02480,O64728
AT2G02490,Q6NLV7
AT2G02493,A0A1P8AXS2
AT2G02497,A0A1P8AXS8
AT2G02498,Q1G3S6
AT2G02500,P69834
AT2G02510,O64725
AT2G02515,Q8S8R5
AT2G02520,O64724
AT2G02525,A0A1P8B2Y0
AT2G02540,O64722
AT2G02550,F4IR78
AT2G02560,Q8L5Y6
AT2G02570,Q84K41
AT2G02580,O64718
AT2G02590,O64717
AT2G02610,O64716
AT2G02620,Q0WSX0
AT2G02630,F4IR90
AT2G02635,A0A1P8AXV5
AT2G02640,O64713
AT2G02650,O64712
AT2G02660,O64711
AT2G02680,Q8S8R6
AT2G02690,F4IR95
AT2G02695,A0A1P8AZ47
AT2G02700,O64512
AT2G02710,O64511
AT2G02720,O64510
AT2G02730,O64509
AT2G02740,Q66GR6
AT2G02750,Q1PFA6
AT2G02760,P42745
AT2G02765,A0A1P8B2C9
AT2G02770,F4IRA7
AT2G02780,C0LGJ9
AT2G02790,A0A1P8B0B7
AT2G02795,F4IRB0
AT2G02800,O49840
AT2G02810,O64503
AT2G02820,F4IRB4
AT2G02835,F4IRB6
AT2G02840,O64500
AT2G02850,Q8LG89
AT2G02860,O80605
AT2G02870,Q8L736
AT2G02880,O80607
AT2G02890,O80608
AT2G02910,A4IJ37
AT2G02930,Q9SLM6
AT2G02950,Q9SWI1
AT2G02955,Q5XVF0
AT2G02960,F4IS71
AT2G02970,O80612
AT2G02980,Q8LK93
AT2G02990,P42813
AT2G03000,O80614
AT2G03010,F4IS76
AT2G03020,Q84X24
AT2G03030,O80617
AT2G03040,Q9SLM5
AT2G03050,Q84X53
AT2G03060,Q1PFA4
AT2G03070,Q4V3C1
AT2G03090,O80622
AT2G03110,Q6NLG5
AT2G03120,O81062
AT2G03130,O81061
AT2G03140,A0A1P8B118
AT2G03150,F4IS91
AT2G03160,O81058
AT2G03170,O81057
AT2G03180,O81056
AT2G03190,O81055
AT2G03200,Q84M99
AT2G03210,O81053
AT2G03220,Q9SWH5
AT2G03230,O81051
AT2G03240,Q6R8G5
AT2G03250,Q6R8G4
AT2G03260,Q6R8G8
AT2G03270,O81047
AT2G03280,Q6E279
AT2G03290,O81045
AT2G03300,Q9SKM4
AT2G03310,F4ISA8
AT2G03320,F4ISA9
AT2G03330,Q9ZQ69
AT2G03340,Q9ZQ70
AT2G03350,Q9ZQ71
AT2G03360,F4ISB4
AT2G03370,Q6E276
AT2G03380,Q9ZQ74
AT2G03390,Q67Y99
AT2G03410,Q9ZQ77
AT2G03420,Q9ZQ78
AT2G03430,Q8GZ22
AT2G03440,Q9ZQ80
AT2G03450,Q9ZQ81
AT2G03460,Q6RF47
AT2G03470,Q9ZQ83
AT2G03480,Q3EC77
AT2G03500,Q9ZQ85
AT2G03505,Q6NPI4
AT2G03510,Q9ZQ87
AT2G03520,Q9ZQ88
AT2G03530,Q9ZQ89
AT2G03550,Q9ZQ91
AT2G03560,Q9ZPS0
AT2G03565,F4IT83
AT2G03567,A0A1P8AXR2
AT2G03570,Q9ZPR9
AT2G03580,Q9ZPR8
AT2G03590,Q9ZPR7
AT2G03600,Q9ZPR6
AT2G03610,Q9ZPR5
AT2G03620,Q9ZPR4
AT2G03630,F4IT95
AT2G03640,F4IT98
AT2G03667,A8MRC1
AT2G03670,Q9ZPR1
AT2G03680,Q9SJW3
AT2G03690,Q9ZPR0
AT2G03710,P29383
AT2G03720,A0A178VQ59
AT2G03730,Q9ZPQ8
AT2G03740,Q9ZPQ7
AT2G03750,Q8RV79
AT2G03760,P52839
AT2G03770,Q9ZPQ5
AT2G03780,A0A1P8AX63
AT2G03800,Q9ZPQ3
AT2G03810,F4ITB8
AT2G03820,Q9SI58
AT2G03821,Q1G3S5
AT2G03822,B3H4U3
AT2G03823,A0A1P8B2W8
AT2G03830,Q9SI57
AT2G03840,Q9SI56
AT2G03850,Q9SI55
AT2G03870,Q9SI54
AT2G03880,Q9SI53
AT2G03890,Q9SI52
AT2G03913,Q2V4A8
AT2G03930,F4IU76
AT2G03931,Q2V2Q4
AT2G03932,Q2V4A7
AT2G03933,Q4VNZ8
AT2G03936,Q2V4A6
AT2G03937,Q4VNZ9
AT2G03955,Q2V4A5
AT2G03965,A0A1P8B2I1
AT2G03980,Q9SIF5
AT2G04020,Q9SIF3
AT2G04025,Q6ID76
AT2G04030,Q9SIF2
AT2G04031,A7REG6
AT2G04032,Q8W246
AT2G04033,P0CAY8
AT2G04034,Q2V4A4
AT2G04037,Q3EC71
AT2G04038,Q8RU59
AT2G04039,A8MR59
AT2G04040,Q9SIA5
AT2G04041,Q3E7V3
AT2G04045,Q4VNZ6
AT2G04046,Q4VNZ5
AT2G04050,Q9SIA4
AT2G04060,Q8S8A7
AT2G04062,A0A1P8AZH3
AT2G04063,Q8S8A8
AT2G04066,Q8S8A9
AT2G04070,Q9SIA3
AT2G04080,Q8GXM8
AT2G04090,Q9SIA1
AT2G04100,Q8RWF5
AT2G04115,F4IV52
AT2G04137,A0A1P8AYJ3
AT2G04160,Q9ZSP5
AT2G04170,Q6RF45
AT2G04190,F4IV59
AT2G04220,Q9SI11
AT2G04230,Q6NKX3
AT2G04235,F4IV62
AT2G04240,Q9SI09
AT2G04270,F4IV66
AT2G04280,Q9SI07
AT2G04300,Q9SI06
AT2G04305,Q8RY06
AT2G04340,Q9SJD5
AT2G04350,Q9SJD4
AT2G04360,A0A178VPF6
AT2G04378,B3H498
AT2G04380,Q9SJD1
AT2G04390,P49205
AT2G04395,A9JTY4
AT2G04400,P49572
AT2G04410,F4IV84
AT2G04420,Q9SJC7
AT2G04425,P82791
AT2G04430,Q9SJC6
AT2G04440,Q9SJC5
AT2G04450,Q9SJC4
AT2G04480,Q9SJC2
AT2G04495,Q6NLT2
AT2G04500,Q6DR61
AT2G04515,Q5S4Y8
AT2G04520,Q9SJB9
AT2G04530,Q8L633
AT2G04540,Q8L3X9
AT2G04550,Q84JU4
AT2G04560,F4IF99
AT2G04570,Q9SJB4
AT2G04620,Q9SI03
AT2G04621,A0A1P8B340
AT2G04622,B3H640
AT2G04630,Q9SJ96
AT2G04650,F4IFA4
AT2G04660,Q8H1U5
AT2G04675,Q8S8E6
AT2G04680,Q9SJ91
AT2G04690,F4IFA9
AT2G04700,Q9SJ89
AT2G04740,Q9SJ85
AT2G04750,Q9SJ84
AT2G04780,Q9SJ81
AT2G04790,F4IFB5
AT2G04795,Q94JV8
AT2G04800,Q9SJ79
AT2G04810,Q9SJ78
AT2G04830,Q9SJ76
AT2G04840,Q9SJ75
AT2G04842,F4IFC5
AT2G04845,Q8S8E7
AT2G04850,Q9SJ74
AT2G04860,Q9SJ73
AT2G04865,F4IFD0
AT2G04870,Q9SJ72
AT2G04880,Q9SI37
AT2G04890,Q9S7H5
AT2G04900,Q9SI36
AT2G04910,F4IFD7
AT2G04920,Q9SI34
AT2G04925,Q2V4A3
AT2G04930,Q9SI33
AT2G04940,Q9SI32
AT2G05050,F4IG99
AT2G05060,Q9SI22
AT2G05070,Q9S7J7
AT2G05100,Q9SHR7
AT2G05105,A0A1P8AZD7
AT2G05117,P82628
AT2G05120,F4IGA5
AT2G05140,Q9SJ42
AT2G05160,Q9SJ41
AT2G05170,Q9SJ40
AT2G05180,Q9SJ39
AT2G05210,Q56Y52
AT2G05220,Q9SJ36
AT2G05230,Q9S7L6
AT2G05260,Q9SJ35
AT2G05270,Q9SJ34
AT2G05294,B3H567
AT2G05300,Q9SJ32
AT2G05310,Q9SJ31
AT2G05320,Q9FT88
AT2G05330,Q9SJ29
AT2G05335,P82634
AT2G05350,Q9SHT9
AT2G05360,Q9SHT8
AT2G05370,Q9SHT7
AT2G05380,Q9ZSJ6
AT2G05400,Q9SHT4
AT2G05410,Q9SHT3
AT2G05420,Q9SHT2
AT2G05430,Q8S898
AT2G05440,Q9SL23
AT2G05510,Q9SL16
AT2G05520,Q9SL15
AT2G05530,Q9SL14
AT2G05540,Q9SL13
AT2G05580,Q9SL09
AT2G05590,Q9AT60
AT2G05600,Q9SL07
AT2G05620,Q9SL05
AT2G05630,Q9SL04
AT2G05632,Q0WU16
AT2G05635,F4IHC3
AT2G05642,F4IHC4
AT2G05645,Q3EC62
AT2G05655,A0A1P8B1D7
AT2G05710,Q9SIB9
AT2G05720,Q9SIB8
AT2G05752,F4IHC8
AT2G05753,F4IHD0
AT2G05755,Q8S8A2
AT2G05760,Q9SHZ3
AT2G05786,B3H6L3
AT2G05790,F4IHD3
AT2G05810,Q8S8G1
AT2G05830,Q9ZUG4
AT2G05840,O81147
AT2G05850,Q9ZUG3
AT2G05900,Q3EC60
AT2G05910,Q9ZUF7
AT2G05915,F4IIA9
AT2G05920,Q9ZUF6
AT2G05940,Q9ZUF4
AT2G05970,Q9ZUF1
AT2G05990,Q9SLA8
AT2G06000,Q9ZUE9
AT2G06005,Q8S8K9
AT2G06010,Q8VY85
AT2G06020,Q9ZPZ8
AT2G06025,Q8GUT5
AT2G06040,F4IIC2
AT2G06050,Q9FUP0
AT2G06090,Q9ZQ02
AT2G06095,F4IIC7
AT2G06105,A0A1P8B0V7
AT2G06166,Q2V493
AT2G06200,Q9ZQ12
AT2G06210,B5X0I6
AT2G06255,Q8S8F5
AT2G06265,A0A1P8B2E9
AT2G06420,F4IJA3
AT2G06425,A0A1P8B1Y9
AT2G06500,Q9SKI5
AT2G06510,Q9SKI4
AT2G06520,Q9SKI3
AT2G06530,Q9SKI2
AT2G06541,F4IJB0
AT2G06555,F4IJB1
AT2G06565,A0A1P8AX71
AT2G06570,Q9SKI1
AT2G06645,Q8RV53
AT2G06667,B3H612
AT2G06675,A0A1P8B104
AT2G06845,F4IJB6
AT2G06850,Q39099
AT2G06904,F4IK77
AT2G06906,F4IK78
AT2G06908,F4IK79
AT2G06925,Q8S8N6
AT2G06960,Q9ZVW5
AT2G06983,P82635
AT2G06990,Q9ZVW2
AT2G07000,Q9ZVW1
AT2G07020,F4IK85
AT2G07040,Q84JQ4
AT2G07050,P38605
AT2G07110,Q9ZV81
AT2G07120,Q9ZV80
AT2G07140,Q9ZV78
AT2G07170,F4IK92
AT2G07180,Q8H1E3
AT2G07190,Q9ZV75
AT2G07200,F4IK96
AT2G07215,F4IK97
AT2G07240,F4IK98
AT2G07280,F4IK99
AT2G07290,Q9ZQL3
AT2G07310,Q9ZQL1
AT2G07340,Q94AF7
AT2G07360,F4IL68
AT2G07440,Q9ZQJ8
AT2G07505,Q8RUZ6
AT2G07560,Q9SH76
AT2G07565,A0A1P8B0A1
AT2G07599,F4IMB2
AT2G07613,A0A1P8B2F9
AT2G07621,A0A1P8AZ85
AT2G07623,A0A1P8AZA9
AT2G07625,A0A1P8AZ66
AT2G07626,A0A1P8AZA7
AT2G07627,A0A1P8AZ82
AT2G07628,A0A1P8AZA3
AT2G07629,A0A1P8AZD4
AT2G07631,A0A1P8B275
AT2G07632,A0A1P8B280
AT2G07633,A0A1P8B2B4
AT2G07634,A0A1P8B268
AT2G07636,A0A1P8B276
AT2G07637,A0A1P8B271
AT2G07638,A0A1P8B281
AT2G07640,Q9XE46
AT2G07641,A0A1P8B011
AT2G07642,A0A1P8B012
AT2G07643,A0A1P8B017
AT2G07644,A0A1P8AZY7
AT2G07646,A0A1P8B013
AT2G07648,A0A1P8B019
AT2G07652,A0A1P8B2U8
AT2G07654,A0A1P8B2V1
AT2G07655,A0A1P8B2W4
AT2G07656,A0A1P8B2W3
AT2G07658,A0A1P8B2V7
AT2G07659,A0A1P8B2V3
AT2G07661,A0A1P8AZS9
AT2G07662,A0A1P8AZS0
AT2G07665,A0A1P8AZS3
AT2G07667,F4IMB6
AT2G07669,Q2V492
AT2G07674,A0A1P8B2M8
AT2G07676,F4IL89
AT2G07678,Q27GM2
AT2G07680,Q9SKX0
AT2G07681,F4IMA2
AT2G07684,B3H5P5
AT2G07689,Q3EC49
AT2G07690,O80786
AT2G07698,F4IMB5
AT2G07705,Q8S889
AT2G07706,F4IMC1
AT2G07714,F4IMC6
AT2G07715,F4IMC7
AT2G07721,Q8S886
AT2G07728,Q8S8I9
AT2G07732,F4INE2
AT2G07738,Q8S8J1
AT2G07749,Q3EC48
AT2G07750,O80792
AT2G07751,Q3EC47
AT2G07760,O80793
AT2G07768,F4IL90
AT2G07772,F4IMA3
AT2G07773,Q27GL4
AT2G07774,F4IMA4
AT2G07775,F4INE9
AT2G07777,Q3EC44
AT2G07779,Q3EC43
AT2G07787,Q3EC41
AT2G07795,Q2V491
AT2G07798,F4IMB4
AT2G07800,A0A1P8B2R7
AT2G07806,F4INF1
AT2G07810,A0A1P8AZP7
AT2G07815,F4IMD2
AT2G07820,Q1G3Q9
AT2G07825,B3H6I2
AT2G07827,F4INE5
AT2G07830,B3H5K0
AT2G07835,F4INF6
AT2G07981,F4ING3
AT2G08986,F4ING4
AT2G09388,F4ING5
AT2G09838,B3H6N9
AT2G09840,F4IPF7
AT2G09970,Q9SK23
AT2G09990,Q9SK22
AT2G10020,Q9SK19
AT2G10025,A0A1P8B2C8
AT2G10260,F4IPG3
AT2G10440,Q9SHV7
AT2G10450,Q9SHV6
AT2G10455,A0A1P8AZZ4
AT2G10535,P82744
AT2G10545,A0A1P8B2L3
AT2G10550,Q9SI87
AT2G10553,A0A1P8AZP3
AT2G10556,A0A1P8AZP5
AT2G10557,B3H4D5
AT2G10560,Q9SI86
AT2G10602,Q3EC35
AT2G10608,Q6DSS7
AT2G10615,A0A1P8AY89
AT2G10625,A0A1P8B1I0
AT2G10920,Q9SHW5
AT2G10930,Q9SHW4
AT2G10940,Q9SKI0
AT2G10950,Q9SKH9
AT2G10955,A0A1P8B169
AT2G10965,F4IRC9
AT2G10970,Q9SKH8
AT2G10975,F4IRD1
AT2G11000,F4IRD3
AT2G11005,F4IRD4
AT2G11010,Q9SKH6
AT2G11015,Q3E6W9
AT2G11025,A0A1P8B1T6
AT2G11035,A0A1P8AYU2
AT2G11045,A0A1P8B158
AT2G11200,Q9ZQM4
AT2G11205,A0A1P8AY32
AT2G11215,A0A1P8B1J1
AT2G11225,A0A1P8AXU1
AT2G11270,Q8RV72
AT2G11271,B3H6V6
AT2G11405,Q3E6P1
AT2G11462,F4IRE1
AT2G11520,Q9ASQ5
AT2G11522,B3H5F5
AT2G11570,Q9SIG0
AT2G11620,Q9SIF7
AT2G11623,F4ISC4
AT2G11626,F4ISC6
AT2G11773,B3H5Y6
AT2G11778,B3H430
AT2G11810,Q9SI93
AT2G11815,A0A1P8AYP1
AT2G11851,B3H439
AT2G11890,Q9SIY3
AT2G11891,B3H5I2
AT2G11910,Q9SIY2
AT2G12170,F4ISD8
AT2G12190,Q9ZUQ6
AT2G12200,Q9ZUQ5
AT2G12205,A0A1P8AXM6
AT2G12280,Q9ZUP9
AT2G12290,Q9ZUP8
AT2G12400,Q8H0U2
AT2G12405,Q3EC23
AT2G12461,B3H6X6
AT2G12462,Q1G3Q5
AT2G12465,P82765
AT2G12475,Q2V488
AT2G12480,Q84W27
AT2G12550,Q500V3
AT2G12646,Q1G3Q4
AT2G12875,F4IUA7
AT2G12880,Q9SKG2
AT2G12900,Q9SKG1
AT2G12905,Q3EC19
AT2G12935,F4IUB1
AT2G12940,Q9SKF8
AT2G12945,F4IUB3
AT2G13100,Q9SL56
AT2G13105,A0A1P8AXI7
AT2G13125,F4IUB8
AT2G13126,Q3EC16
AT2G13150,Q9SL54
AT2G13275,A0A1P8AX52
AT2G13290,Q9SKF0
AT2G13295,F4IUC5
AT2G13350,Q9SI42
AT2G13360,Q56YA5
AT2G13370,F4IV99
AT2G13420,Q0WP85
AT2G13422,B3H6U7
AT2G13430,Q9SHS3
AT2G13440,Q9SHS2
AT2G13450,Q9SHS1
AT2G13463,B3H4W1
AT2G13500,Q9SIU4
AT2G13510,Q9SIU3
AT2G13540,Q9SIU2
AT2G13542,Q2V485
AT2G13547,Q1G3C7
AT2G13550,A0A1P8AXQ6
AT2G13555,A0A1P8AXN5
AT2G13560,Q9SIU0
AT2G13570,Q9SIT9
AT2G13600,Q9SIT7
AT2G13610,Q9SIT6
AT2G13620,Q9SIT5
AT2G13630,Q9SIT4
AT2G13640,Q9SIT3
AT2G13650,Q941R4
AT2G13660,Q9SKH4
AT2G13680,Q3B724
AT2G13690,Q9SKH2
AT2G13720,Q9SKH1
AT2G13760,Q9SKG8
AT2G13770,Q1PF74
AT2G13790,Q9SKG5
AT2G13800,Q8LPS5
AT2G13810,Q9ZQI7
AT2G13820,Q9ZQI8
AT2G13840,Q9ZQI9
AT2G13845,A0A1P8AYX9
AT2G13895,F4IFE3
AT2G13900,Q8S8J8
AT2G13905,A0A1P8AXA3
AT2G13950,Q9ZPU3
AT2G13960,Q29PZ8
AT2G13965,A0A1P8AXY6
AT2G13980,Q9ZPU0
AT2G13985,A0A1P8AY78
AT2G14000,Q9ZPT9
AT2G14045,Q8GW13
AT2G14050,F4IFF3
AT2G14060,F4IFF4
AT2G14070,Q9ZPT2
AT2G14095,A0A1P8B0X8
AT2G14100,Q9SI49
AT2G14110,Q6IDA8
AT2G14120,Q8LFT2
AT2G14160,Q1PF73
AT2G14170,Q0WM29
AT2G14210,Q9SI38
AT2G14247,Q8GWC0
AT2G14255,Q3EC11
AT2G14260,P93732
AT2G14265,A0A1P8B2D2
AT2G14270,F4IFH3
AT2G14282,P82637
AT2G14285,Q570S3
AT2G14288,B3H594
AT2G14289,B3H4Z4
AT2G14290,Q9ZQ60
AT2G14365,P82793
AT2G14378,A8MQE4
AT2G14390,Q9ZQ68
AT2G14395,A0A1P8AYI7
AT2G14440,Q9ZQQ7
AT2G14460,Q9ZQQ9
AT2G14500,Q9ZQR2
AT2G14510,Q9ZQR3
AT2G14520,Q9ZQR4
AT2G14530,Q9ZQR5
AT2G14540,Q9ZQR6
AT2G14560,Q9ZQR8
AT2G14580,Q9ZNS4
AT2G14610,P33154
AT2G14620,Q9ZVK1
AT2G14635,Q3EC08
AT2G14660,Q9ZVK5
AT2G14670,Q9ZVK6
AT2G14680,Q9ZVK7
AT2G14690,Q680B7
AT2G14692,B3H5V2
AT2G14695,A0A1P8AXP5
AT2G14700,Q9ZVK9
AT2G14710,O80980
AT2G14720,Q56ZQ3
AT2G14740,O80977
AT2G14750,Q43295
AT2G14755,A0A1P8B324
AT2G14760,Q7XHI9
AT2G14765,A0A1P8B047
AT2G14775,A0A1P8AX73
AT2G14800,F4IHD4
AT2G14810,O80971
AT2G14820,O80970
AT2G14825,F4IHD8
AT2G14830,F4IHD7
AT2G14835,Q944Q6
AT2G14846,Q3EC04
AT2G14850,O82785
AT2G14860,O82324
AT2G14870,O82325
AT2G14880,O82326
AT2G14890,Q9C5S0
AT2G14900,O82328
AT2G14910,O82329
AT2G14920,O82330
AT2G14935,P82755
AT2G14945,A0A1P8B144
AT2G14960,O82333
AT2G15000,A8MR87
AT2G15010,Q8VZK8
AT2G15020,Q9ZUK9
AT2G15025,Q1G3Q1
AT2G15029,B3H426
AT2G15040,Q9ZUK7
AT2G15050,Q9ZUK6
AT2G15080,Q9ZUK3
AT2G15090,Q4V3C9
AT2G15110,F4IHH0
AT2G15130,Q9ZUJ8
AT2G15170,Q6DR93
AT2G15180,Q9SKM0
AT2G15185,F4IID3
AT2G15220,Q9SKL6
AT2G15230,Q71DJ5
AT2G15240,Q9SKL4
AT2G15260,Q9SHV0
AT2G15270,Q9SHU9
AT2G15280,Q6NPD8
AT2G15290,Q9SHU7
AT2G15300,Q9SHU6
AT2G15310,Q9SHU5
AT2G15318,Q56ZX8
AT2G15320,Q9SHU4
AT2G15325,Q6AWW0
AT2G15327,F4IIE7
AT2G15340,Q9SJP7
AT2G15345,Q84X19
AT2G15350,Q9SJP6
AT2G15360,Q9SJP5
AT2G15370,Q9SJP4
AT2G15390,Q9SJP2
AT2G15400,Q39212
AT2G15420,Q9SJN9
AT2G15430,Q39211
AT2G15440,Q9SJN8
AT2G15450,Q9SJN7
AT2G15460,Q8S8F3
AT2G15470,F4IIG2
AT2G15480,Q9ZQG4
AT2G15490,Q7Y232
AT2G15500,Q9ZQG2
AT2G15530,Q9ZQF9
AT2G15535,Q8S8H9
AT2G15560,Q6NQ97
AT2G15570,Q9SEU7
AT2G15580,Q9ZQF5
AT2G15590,Q9ZQF4
AT2G15610,F4IJB8
AT2G15620,Q39161
AT2G15630,Q9ZQF1
AT2G15640,Q9ZQF0
AT2G15660,Q6DR69
AT2G15670,Q9ZQE7
AT2G15680,Q9ZQE6
AT2G15690,Q9ZQE5
AT2G15695,Q8S8H8
AT2G15710,Q9ZQE3
AT2G15730,A0A1P8B1U2
AT2G15740,Q9ZQE0
AT2G15760,Q9ZQD8
AT2G15770,Q9XIL0
AT2G15780,Q9XIL1
AT2G15790,Q9C566
AT2G15820,Q9XIL5
AT2G15830,Q9XIL6
AT2G15860,Q8L4R9
AT2G15880,Q9XIL9
AT2G15890,Q9XIM0
AT2G15900,F4IJE1
AT2G15910,Q8GY44
AT2G15960,Q9XIM6
AT2G15970,Q9XIM7
AT2G15980,Q9XIM8
AT2G16005,Q9AST8
AT2G16015,F4IJF0
AT2G16016,B3H440
AT2G16018,F4IJF2
AT2G16019,B3H5N8
AT2G16020,Q9XII5
AT2G16030,Q9XII4
AT2G16040,Q9XII3
AT2G16050,F4IJF7
AT2G16060,O24520
AT2G16070,Q9XII1
AT2G16090,Q84RR2
AT2G16120,Q9XIH7
AT2G16130,Q9XIH6
AT2G16190,Q9XIH1
AT2G16200,F4IKA7
AT2G16210,Q5BPT7
AT2G16220,Q8S8C7
AT2G16225,A8MQP7
AT2G16230,F4IKB3
AT2G16250,C0LGK4
AT2G16260,Q9SIX3
AT2G16270,Q9SIX2
AT2G16280,Q9SIX1
AT2G16290,Q9SIX0
AT2G16300,Q9SIW9
AT2G16340,Q9SIW7
AT2G16360,Q9SIW5
AT2G16365,Q84V03
AT2G16370,Q05762
AT2G16380,Q9SIW3
AT2G16385,Q84MD2
AT2G16390,Q9SIW2
AT2G16400,Q9SIW1
AT2G16405,Q0V845
AT2G16430,Q9SIV9
AT2G16440,Q0WVF5
AT2G16450,Q9SIV7
AT2G16460,F4IKD6
AT2G16485,Q9SIV5
AT2G16490,Q9SI65
AT2G16500,Q9SI64
AT2G16505,A8MQY8
AT2G16510,P0DH94
AT2G16520,Q9SI63
AT2G16530,Q9SI62
AT2G16535,A8MR88
AT2G16570,Q9SI61
AT2G16575,F4IL92
AT2G16580,Q9SI60
AT2G16586,Q8GXM1
AT2G16592,A8MQE7
AT2G16594,A8MQL5
AT2G16595,Q6AWS7
AT2G16600,Q38900
AT2G16620,Q9SLF5
AT2G16630,Q8RWG5
AT2G16640,Q9SLF3
AT2G16650,Q680B9
AT2G16660,Q9SLF1
AT2G16676,Q1G3P8
AT2G16700,Q9ZNT3
AT2G16710,Q8LBM4
AT2G16720,Q42379
AT2G16730,Q9SCU9
AT2G16740,Q9SLE4
AT2G16750,B5X4Z9
AT2G16760,Q9SLE2
AT2G16770,Q8GTS2
AT2G16780,O22468
AT2G16790,Q9SLE0
AT2G16800,Q9SLD9
AT2G16810,Q84X43
AT2G16835,Q8RUB7
AT2G16850,Q9ZVX8
AT2G16860,Q9ZVX7
AT2G16870,Q9ZVX6
AT2G16880,Q9ZVX5
AT2G16890,Q9ZVX4
AT2G16900,Q9ZVX3
AT2G16910,Q9ZVX2
AT2G16920,Q9ZVX1
AT2G16930,Q9ZVX0
AT2G16940,F4ILE1
AT2G16950,Q8H0U4
AT2G16953,A0A1P8AX06
AT2G16960,F4IMD5
AT2G16970,A0A1P8AXC3
AT2G16980,A0A1P8B0Q4
AT2G16990,F4IMD9
AT2G17000,F4IME1
AT2G17010,F4IME2
AT2G17020,Q9SDA8
AT2G17030,Q3EBZ2
AT2G17033,Q8GWA9
AT2G17036,Q6DR20
AT2G17040,F4IME8
AT2G17043,F4IME9
AT2G17050,A0A1P8B096
AT2G17055,Q3EBZ1
AT2G17060,F4IMF2
AT2G17070,Q5BPT6
AT2G17080,Q1PF57
AT2G17090,Q7XJT7
AT2G17110,F4IMF6
AT2G17120,O23006
AT2G17130,P93032
AT2G17140,Q0WPZ6
AT2G17150,Q8H111
AT2G17160,O23010
AT2G17170,Q9SIJ1
AT2G17180,Q9SIJ0
AT2G17190,Q9SII9
AT2G17200,Q9SII8
AT2G17210,Q9SII7
AT2G17220,Q9SII6
AT2G17230,Q9SII5
AT2G17240,Q9SII4
AT2G17250,F4IMH3
AT2G17260,Q7XJL2
AT2G17265,Q8L7R2
AT2G17270,Q7DNC3
AT2G17280,Q8GY96
AT2G17290,Q38872
AT2G17300,Q6NLF1
AT2G17305,Q3EBZ0
AT2G17310,Q8LL17
AT2G17320,B9DH75
AT2G17330,Q5Y750
AT2G17340,Q949P3
AT2G17350,Q8L8N3
AT2G17360,Q93VH9
AT2G17370,P43256
AT2G17380,Q8LEZ8
AT2G17390,Q29Q26
AT2G17410,Q940Y3
AT2G17420,Q39242
AT2G17430,O22752
AT2G17440,Q5G5E0
AT2G17442,Q1G3P7
AT2G17450,O22755
AT2G17470,Q9SHM1
AT2G17480,O22757
AT2G17500,Q9SHL8
AT2G17510,Q9SHL7
AT2G17520,Q9C5S2
AT2G17525,Q84VG6
AT2G17530,Q9SHL5
AT2G17540,Q9SHL4
AT2G17550,F4INJ6
AT2G17560,Q42344
AT2G17570,Q8S2T1
AT2G17580,F4INK3
AT2G17590,Q84X54
AT2G17600,Q9SHK9
AT2G17620,Q39068
AT2G17630,Q9SHP0
AT2G17640,Q8S895
AT2G17650,Q9SEY5
AT2G17660,Q9SEY4
AT2G17670,Q84J71
AT2G17680,Q6DR26
AT2G17690,Q3EBY8
AT2G17695,Q8GXB1
AT2G17700,O22558
AT2G17705,Q6RF46
AT2G17710,Q8W1E8
AT2G17720,Q24JN5
AT2G17723,Q2V483
AT2G17730,Q8GT74
AT2G17740,Q6NQN8
AT2G17750,Q1PF53
AT2G17760,Q8VYV9
AT2G17770,Q7PCC6
AT2G17780,Q3EBY6
AT2G17785,F4IPH5
AT2G17787,Q0WS99
AT2G17790,Q7X659
AT2G17800,Q38902
AT2G17820,Q9SXL4
AT2G17830,Q84X17
AT2G17840,O48832
AT2G17845,F4IPI3
AT2G17850,F4IPI4
AT2G17860,F4IPI5
AT2G17870,Q94C69
AT2G17880,O48828
AT2G17890,Q7XJR9
AT2G17900,Q7XJS0
AT2G17905,Q1G3C5
AT2G17920,Q6DR65
AT2G17930,F4IPJ1
AT2G17940,O48822
AT2G17950,Q9SB92
AT2G17960,Q9SL50
AT2G17970,Q9SL49
AT2G17972,Q8S8K0
AT2G17975,Q8S8K1
AT2G17980,Q9SL48
AT2G17990,A0A1P8B2T5
AT2G18000,F4IPK2
AT2G18010,Q9SL45
AT2G18020,P46286
AT2G18025,A0A1P8AZ67
AT2G18030,Q9SL43
AT2G18040,Q9SL42
AT2G18050,P94109
AT2G18060,Q9SL41
AT2G18070,F4IPL2
AT2G18080,Q1PF50
AT2G18090,Q94JX1
AT2G18100,F4IPL5
AT2G18110,Q9SI20
AT2G18120,Q9SI19
AT2G18130,Q9SI18
AT2G18140,Q9SI17
AT2G18150,Q9SI16
AT2G18160,Q9SI15
AT2G18170,Q39027
AT2G18180,Q9SI13
AT2G18190,F4IQG2
AT2G18193,Q8GW96
AT2G18196,F4IQG4
AT2G18200,Q9ZPV3
AT2G18210,Q9ZPV4
AT2G18220,Q9ZPV5
AT2G18230,P21216
AT2G18240,Q9ZPV7
AT2G18245,Q8S8G6
AT2G18250,Q9ZPV8
AT2G18260,Q9ZPV9
AT2G18270,Q9ZPW0
AT2G18280,Q8GVE5
AT2G18290,Q9ZPW2
AT2G18300,Q9ZPW3
AT2G18320,Q9ZPW4
AT2G18328,Q1G3C4
AT2G18330,Q9ZPW5
AT2G18340,Q9ZPW6
AT2G18350,Q9ZPW7
AT2G18360,Q9ASW5
AT2G18370,Q9ZPW9
AT2G18380,Q9ZPX0
AT2G18390,Q9ZPX1
AT2G18400,Q9ZPX2
AT2G18410,F4IQJ2
AT2G18420,F4IQJ4
AT2G18450,Q9ZPX5
AT2G18460,F4IQJ6
AT2G18465,Q8L763
AT2G18470,Q9ZNQ8
AT2G18480,Q9ZNS0
AT2G18490,Q1PF47
AT2G18500,Q9ZU65
AT2G18510,Q9ZU66
AT2G18520,Q9ZU67
AT2G18530,Q9ZU68
AT2G18540,F4IQK5
AT2G18550,Q9ZU70
AT2G18560,F4IQK7
AT2G18570,Q9ZU72
AT2G18590,F4IQK9
AT2G18600,Q9ZU75
AT2G18620,Q9ZU77
AT2G18630,Q56XQ0
AT2G18640,Q9SLG2
AT2G18650,Q9ZV53
AT2G18660,Q9ZV52
AT2G18670,Q9ZV51
AT2G18680,F4IRF0
AT2G18685,A0A1P8B0V4
AT2G18690,Q9ZV49
AT2G18700,Q9ZV48
AT2G18710,Q38885
AT2G18720,F4IRF5
AT2G18721,B3H7D7
AT2G18730,Q8VZG1
AT2G18740,Q9ZV45
AT2G18750,C0SV51
AT2G18760,Q9ZV43
AT2G18770,A0A1P8AY88
AT2G18780,Q84V15
AT2G18790,P14713
AT2G18800,Q9ZV40
AT2G18810,Q9ZV39
AT2G18830,O64613
AT2G18840,O64614
AT2G18850,Q5PNU0
AT2G18860,Q501A1
AT2G18870,F4IRH5
AT2G18876,Q8GW47
AT2G18880,Q5BPT4
AT2G18890,O64619
AT2G18900,F4IRI1
AT2G18910,O64621
AT2G18915,Q8W420
AT2G18920,O64622
AT2G18938,B3H592
AT2G18940,O64624
AT2G18950,Q8VWJ1
AT2G18960,P20649
AT2G18969,B3H692
AT2G18970,O64627
AT2G18980,Q96518
AT2G18990,O64628
AT2G19000,O65920
AT2G19010,O65921
AT2G19020,O65919
AT2G19030,O64466
AT2G19040,F4ISE1
AT2G19045,F4ISE2
AT2G19050,O64468
AT2G19060,O64469
AT2G19070,O64470
AT2G19080,O64471
AT2G19090,F4ISE7
AT2G19110,O64474
AT2G19120,O64476
AT2G19130,O64477
AT2G19146,Q1G3C3
AT2G19150,O64479
AT2G19160,Q8W460
AT2G19170,O64481
AT2G19180,O64482
AT2G19190,O64483
AT2G19200,Q84J62
AT2G19210,O65924
AT2G19220,O65915
AT2G19230,O64556
AT2G19240,A0A1P8B1P2
AT2G19260,F4ISG1
AT2G19270,O64560
AT2G19280,Q6NKW7
AT2G19290,O64562
AT2G19300,O64563
AT2G19310,O64564
AT2G19320,O64565
AT2G19330,O64566
AT2G19340,O64567
AT2G19350,O64568
AT2G19360,F4ISH3
AT2G19365,A0A1P8AXQ8
AT2G19380,O64571
AT2G19385,Q8S8S8
AT2G19390,O64572
AT2G19400,O64573
AT2G19410,Q8S8S7
AT2G19420,O64575
AT2G19430,Q8L4M1
AT2G19440,Q9ZUP5
AT2G19450,Q9SLD2
AT2G19460,O64580
AT2G19470,Q9ZUP4
AT2G19480,Q9ZUP3
AT2G19490,Q9ZUP2
AT2G19500,Q9FUJ3
AT2G19510,Q9ZUP0
AT2G19520,O22607
AT2G19530,Q9ZUN9
AT2G19540,Q9ZUN8
AT2G19550,Q9ZUN7
AT2G19560,Q8GWE6
AT2G19570,O65896
AT2G19580,Q9ZUN5
AT2G19590,Q9ZUN4
AT2G19600,Q9ZUN3
AT2G19610,Q84RJ8
AT2G19620,Q9ZUN1
AT2G19630,Q9ZUN0
AT2G19640,Q9ZUM9
AT2G19650,Q9ZUM8
AT2G19660,A0A1P8AY40
AT2G19670,O82210
AT2G19680,O82209
AT2G19690,Q8GZB4
AT2G19700,O82207
AT2G19710,F4ITF9
AT2G19720,O82205
AT2G19730,O82204
AT2G19740,Q9SLL7
AT2G19750,P49689
AT2G19760,Q42449
AT2G19770,Q38905
AT2G19780,O82202
AT2G19790,O82201
AT2G19800,O82200
AT2G19802,Q2V478
AT2G19810,O82199
AT2G19820,O82198
AT2G19830,O82197
AT2G19850,F4ITH6
AT2G19860,P93834
AT2G19870,Q8W497
AT2G19880,F4ITI0
AT2G19890,F4ITI2
AT2G19893,Q2V477
AT2G19900,O82191
AT2G19910,O82190
AT2G19920,O82189
AT2G19930,O82188
AT2G19940,Q93Z70
AT2G19950,Q8S8N9
AT2G19960,A0A1P8B0U6
AT2G19970,Q9SL83
AT2G19980,Q9SL82
AT2G19990,Q39186
AT2G20000,Q8LGU6
AT2G20010,Q9SL80
AT2G20020,Q9SL79
AT2G20030,Q9SL78
AT2G20050,Q9SL76
AT2G20060,Q8VY61
AT2G20070,Q9SL74
AT2G20080,Q84X40
AT2G20100,Q7XHI5
AT2G20110,Q9SL70
AT2G20120,F4IUE7
AT2G20130,Q8VY49
AT2G20140,Q9SL67
AT2G20142,F4IUF0
AT2G20150,Q84X45
AT2G20160,Q9SL65
AT2G20170,Q9SL64
AT2G20180,Q8GZM7
AT2G20190,Q8RWY6
AT2G20208,P82774
AT2G20210,F4IUG1
AT2G20230,Q93XY5
AT2G20240,Q9SK77
AT2G20250,A0A1P8B2N5
AT2G20260,Q9S714
AT2G20270,Q8LBS4
AT2G20280,Q9SK74
AT2G20290,F4IUG9
AT2G20300,Q8RWW0
AT2G20310,Q9SK71
AT2G20320,F4IUH2
AT2G20330,Q9SK69
AT2G20340,Q8RY79
AT2G20350,Q9SK67
AT2G20360,Q9SK66
AT2G20362,Q1G3C1
AT2G20370,Q7XJ98
AT2G20380,Q9SK64
AT2G20390,Q9SK63
AT2G20400,Q8GXC2
AT2G20410,Q9SK61
AT2G20420,O82662
AT2G20430,Q1PF35
AT2G20440,F4IVD6
AT2G20450,Q9SIM4
AT2G20463,Q2V476
AT2G20465,Q8GXR4
AT2G20470,Q1PF34
AT2G20480,Q9SIM1
AT2G20490,Q93XX8
AT2G20495,Q5XVE4
AT2G20500,Q9SIL9
AT2G20510,Q1PF33
AT2G20515,Q8S8D0
AT2G20520,Q9SIL7
AT2G20530,Q9SIL6
AT2G20540,Q9SIL5
AT2G20550,Q9SIL4
AT2G20560,Q9SIL3
AT2G20562,Q1G309
AT2G20570,Q9SIV3
AT2G20580,Q9SIV2
AT2G20585,Q93ZJ3
AT2G20590,Q6DR04
AT2G20595,Q8S8D5
AT2G20597,A8MS59
AT2G20605,A8MQI5
AT2G20610,Q9SIV0
AT2G20613,Q8S8D6
AT2G20616,F4IVH3
AT2G20618,A8MRM4
AT2G20619,A8MS38
AT2G20620,Q9SIU9
AT2G20625,Q8S8D8
AT2G20630,Q9SIU8
AT2G20635,F4IVI0
AT2G20650,Q500V2
AT2G20660,Q9SIU6
AT2G20670,Q9SIU5
AT2G20680,Q7Y223
AT2G20690,Q9SKU8
AT2G20700,Q6NLF4
AT2G20710,Q9SKU6
AT2G20720,Q8L705
AT2G20725,Q94K61
AT2G20740,Q940P5
AT2G20750,Q9SKU2
AT2G20760,Q9SKU1
AT2G20770,Q8VZQ6
AT2G20780,Q0WUU6
AT2G20784,B3H635
AT2G20790,Q8W0Z6
AT2G20800,Q9SKT7
AT2G20805,Q1PF30
AT2G20810,Q9SKT6
AT2G20815,Q8S8I1
AT2G20820,Q9SKT5
AT2G20825,Q8S8I2
AT2G20830,Q9SKT4
AT2G20835,Q8S8I3
AT2G20840,Q9SKT3
AT2G20850,Q06BH3
AT2G20860,Q9ZWT1
AT2G20870,P47925
AT2G20873,A0A1P8B0W0
AT2G20875,Q8S8I4
AT2G20880,Q9SKT1
AT2G20890,Q9SKT0
AT2G20900,Q9C5E5
AT2G20920,Q9SKS8
AT2G20921,B3H4Q4
AT2G20930,Q9SKS7
AT2G20940,Q9SKR7
AT2G20950,F4IFM0
AT2G20960,Q9SKR5
AT2G20970,F4IFM3
AT2G20980,Q5XVE2
AT2G20990,Q9SKR2
AT2G21010,F4IFM9
AT2G21030,F4IFN0
AT2G21040,Q9SKQ7
AT2G21045,Q8RUD6
AT2G21050,Q9S836
AT2G21060,Q38896
AT2G21070,F4IGH3
AT2G21080,Q8L726
AT2G21090,Q9SKQ4
AT2G21100,Q84TH6
AT2G21110,Q9SKQ2
AT2G21120,Q8GWX2
AT2G21130,Q9SKQ0
AT2G21140,Q9SKP9
AT2G21150,Q8H110
AT2G21160,P45434
AT2G21170,Q9SKP6
AT2G21180,Q9SKP5
AT2G21185,Q8S8H4
AT2G21190,Q9SKP4
AT2G21195,A0A1P8AZE1
AT2G21200,Q9SKP3
AT2G21210,Q9SKP2
AT2G21220,Q9SIG9
AT2G21230,Q9SIG8
AT2G21235,F4IGK0
AT2G21237,Q8L8K9
AT2G21240,Q8S8C6
AT2G21250,Q9SJV2
AT2G21260,Q9SJV1
AT2G21270,A8MQW3
AT2G21280,Q9SJU9
AT2G21290,Q9SJU8
AT2G21300,F4IGL2
AT2G21320,Q9SJU5
AT2G21330,Q9SJU4
AT2G21340,Q8W4G3
AT2G21350,F4IGM0
AT2G21370,Q8L794
AT2G21380,Q9SJU0
AT2G21385,Q94AU3
AT2G21390,Q9SJT9
AT2G21400,Q9SJT8
AT2G21410,Q9SJT7
AT2G21420,Q9SJT6
AT2G21430,P43295
AT2G21440,Q9SJT4
AT2G21450,A0A1P8B2I9
AT2G21455,A0A1P8B2G7
AT2G21465,Q2V472
AT2G21470,Q9SJT1
AT2G21480,Q9SJT0
AT2G21490,Q96261
AT2G21500,Q8RWF9
AT2G21510,A0A1P8B0U4
AT2G21520,F4IHJ0
AT2G21530,Q8GWP4
AT2G21540,Q93ZE9
AT2G21550,Q9SIK4
AT2G21560,Q9SIK3
AT2G21580,Q9SIK2
AT2G21590,Q9SIK1
AT2G21595,A0A1P8B1T3
AT2G21600,O48671
AT2G21610,Q9SIJ9
AT2G21620,Q9SIJ8
AT2G21630,Q9SIJ7
AT2G21640,Q9SIJ6
AT2G21650,Q9SIJ5
AT2G21655,Q8S8C9
AT2G21660,Q03250
AT2G21680,Q9SIJ3
AT2G21690,Q9SJ28
AT2G21710,F4IHL3
AT2G21720,A0A1P8B1A2
AT2G21725,Q2V470
AT2G21727,A8MQ83
AT2G21730,Q9SJ25
AT2G21740,Q9SJ24
AT2G21750,Q9SJ23
AT2G21770,Q9SJ22
AT2G21780,Q9SJ21
AT2G21790,Q9SJ20
AT2G21800,Q84M98
AT2G21810,Q9SJ18
AT2G21820,Q9SJ17
AT2G21830,Q9SJ16
AT2G21840,Q0WPH4
AT2G21850,F4III1
AT2G21860,Q9SJ13
AT2G21870,Q9SJ12
AT2G21880,Q9SJ11
AT2G21890,Q9SJ10
AT2G21900,Q9SJ09
AT2G21910,Q9SJ08
AT2G21920,Q9SJ07
AT2G21930,Q9SJ06
AT2G21940,Q9SJ05
AT2G21950,Q9SJ04
AT2G21960,Q9SJ03
AT2G21970,Q9SJ02
AT2G21980,Q9SJ01
AT2G21990,Q9SJ00
AT2G22000,Q9SIZ9
AT2G22010,Q9SIZ8
AT2G22030,Q9SI02
AT2G22040,F4IIK6
AT2G22050,Q1PF20
AT2G22055,A8MQM7
AT2G22060,Q9SHZ9
AT2G22070,Q9SHZ8
AT2G22080,Q7XA71
AT2G22088,F4IIL3
AT2G22090,Q9SHZ6
AT2G22100,Q9SHZ5
AT2G22120,Q84K04
AT2G22121,P82750
AT2G22122,Q8LF43
AT2G22125,F4IIM1
AT2G22140,C5H8J1
AT2G22145,A8MRJ4
AT2G22155,A8MQ98
AT2G22160,Q9SIE8
AT2G22170,Q9SIE7
AT2G22180,Q9SIE6
AT2G22190,Q67X99
AT2G22200,Q9SIE4
AT2G22230,Q9SIE3
AT2G22240,Q38862
AT2G22241,B3H4V7
AT2G22250,Q9SIE1
AT2G22260,Q9SIE0
AT2G22270,Q9SID9
AT2G22290,Q9SID8
AT2G22300,Q8GSA7
AT2G22310,Q8LAM0
AT2G22320,Q9SID6
AT2G22330,Q501D8
AT2G22340,Q9SJZ9
AT2G22345,Q2V2S9
AT2G22360,Q9SJZ7
AT2G22370,Q9SJZ6
AT2G22390,Q9SJZ5
AT2G22400,Q8L601
AT2G22410,Q9SJZ3
AT2G22420,Q9SJZ2
AT2G22425,Q944J0
AT2G22426,B3H5D6
AT2G22430,P46668
AT2G22440,Q9SJZ0
AT2G22450,Q6NLQ7
AT2G22460,Q84RJ3
AT2G22465,A0A1P8AZV8
AT2G22470,Q9SJY7
AT2G22475,Q8S8F8
AT2G22480,Q8VYN6
AT2G22490,P42752
AT2G22500,Q9SJY5
AT2G22510,Q9SJY4
AT2G22520,Q9SJY3
AT2G22530,F4IJJ8
AT2G22540,Q9FVC1
AT2G22560,F4IJK1
AT2G22570,Q8S8F9
AT2G22590,Q940V3
AT2G22600,F4IJK5
AT2G22610,F4IJK6
AT2G22620,Q9ZQ51
AT2G22630,Q38840
AT2G22640,Q94JY4
AT2G22650,Q5S4X7
AT2G22660,Q9ZQ47
AT2G22670,Q38826
AT2G22680,Q9ZQ46
AT2G22690,Q9ZQ45
AT2G22720,F4IKF3
AT2G22730,F4IKF6
AT2G22740,Q8VZ17
AT2G22750,Q1PF17
AT2G22760,Q1PF16
AT2G22770,Q8S3F1
AT2G22780,O82399
AT2G22790,O82400
AT2G22795,F4IKG5
AT2G22800,P46603
AT2G22805,Q2V468
AT2G22807,Q2V467
AT2G22810,Q43309
AT2G22820,O82813
AT2G22830,O81000
AT2G22840,O81001
AT2G22850,O81002
AT2G22860,O81003
AT2G22870,O81004
AT2G22880,O81005
AT2G22890,O81006
AT2G22900,O81007
AT2G22905,Q3EBW2
AT2G22910,Q84JF4
AT2G22920,O81009
AT2G22930,O81010
AT2G22940,O81011
AT2G22941,Q2V466
AT2G22942,B3H4C2
AT2G22950,O64806
AT2G22960,Q8S8P0
AT2G22970,Q2V465
AT2G22980,Q8H780
AT2G22990,Q8RUW5
AT2G23000,O64810
AT2G23010,O64811
AT2G23030,O64812
AT2G23050,O64814
AT2G23060,O64815
AT2G23067,B3H7D9
AT2G23070,O64816
AT2G23080,O64817
AT2G23090,O64818
AT2G23093,Q8GXH4
AT2G23096,F4ILF8
AT2G23100,F4ILF9
AT2G23110,O64820
AT2G23118,B3H5Z6
AT2G23120,Q8S8R1
AT2G23130,O22194
AT2G23140,O22193
AT2G23142,B3H6H8
AT2G23148,B3H4B5
AT2G23150,Q9SNV9
AT2G23160,Q1KS79
AT2G23170,O22190
AT2G23180,O22189
AT2G23190,O22188
AT2G23200,O22187
AT2G23210,Q1PF14
AT2G23220,O22185
AT2G23230,O22184
AT2G23240,Q42377
AT2G23250,O22183
AT2G23260,O22182
AT2G23270,O22181
AT2G23290,O22179
AT2G23300,O22178
AT2G23310,Q9ZWI7
AT2G23320,O22176
AT2G23321,B3H5J5
AT2G23340,O22174
AT2G23348,F4ILJ4
AT2G23350,O22173
AT2G23360,Q9SLN1
AT2G23370,Q8RWU1
AT2G23380,P93831
AT2G23390,O80456
AT2G23400,F4IMI8
AT2G23410,O80458
AT2G23420,Q84WV8
AT2G23430,Q67Y93
AT2G23440,O80460
AT2G23445,P0DN98
AT2G23450,Q8RY67
AT2G23460,O80462
AT2G23470,Q67YT8
AT2G23510,O80467
AT2G23520,F4IMJ8
AT2G23530,Q1PF11
AT2G23540,O80470
AT2G23550,F4IMK2
AT2G23560,O80472
AT2G23570,F4IMK4
AT2G23580,O80474
AT2G23590,O80475
AT2G23600,O80476
AT2G23610,O80477
AT2G23620,Q8S8S9
AT2G23630,O64838
AT2G23640,O64837
AT2G23660,O64836
AT2G23670,O64835
AT2G23680,O64834
AT2G23690,Q680G2
AT2G23700,O64832
AT2G23740,O64827
AT2G23755,Q84RE5
AT2G23760,Q94KL5
AT2G23770,O64825
AT2G23780,O64824
AT2G23790,O64823
AT2G23800,O04046
AT2G23810,Q8S8Q6
AT2G23820,Q6DBH4
AT2G23830,O82213
AT2G23834,B3H4Y5
AT2G23840,Q6NMJ9
AT2G23890,A0A178VR03
AT2G23900,Q1PF10
AT2G23910,O82219
AT2G23930,O82221
AT2G23940,O82222
AT2G23945,Q8S8N7
AT2G23950,Q0WVM4
AT2G23960,F4INN2
AT2G23970,O82225
AT2G23980,O82226
AT2G23985,A0A1P8AYB0
AT2G23987,Q8VYI6
AT2G23990,O82227
AT2G24000,Q1PF08
AT2G24010,O82229
AT2G24020,O82230
AT2G24030,Q147F7
AT2G24040,O82232
AT2G24050,O82233
AT2G24060,O82234
AT2G24070,F4INP9
AT2G24080,O82236
AT2G24090,Q8VZ55
AT2G24100,Q9ZUI1
AT2G24120,O24600
AT2G24130,Q9ZUI0
AT2G24140,A0A1P8AZT2
AT2G24150,Q9ZUH8
AT2G24170,Q8RWW1
AT2G24180,O65787
AT2G24190,Q9ZUH5
AT2G24195,A0A1P8B1G7
AT2G24200,P30184
AT2G24205,A8MQI9
AT2G24210,Q9ZUH4
AT2G24220,Q9ZUH3
AT2G24230,C0LGK9
AT2G24240,Q9ZUH1
AT2G24250,Q9ZUH0
AT2G24255,Q8S8L1
AT2G24260,Q9ZUG9
AT2G24270,Q1WIQ6
AT2G24280,Q93Z34
AT2G24285,A0A1P8AZY5
AT2G24290,Q9ZQ38
AT2G24300,F4IPM3
AT2G24310,Q9ZQ36
AT2G24320,A0A1P8B0J4
AT2G24330,Q9ZQ34
AT2G24340,Q9ZQ33
AT2G24350,Q0WPW8
AT2G24360,Q9ZQ31
AT2G24370,Q1PF03
AT2G24390,A8MRP2
AT2G24395,Q6NMD5
AT2G24400,Q9ZQ28
AT2G24410,Q9ZQ27
AT2G24420,Q9ZQ26
AT2G24430,Q9ZQ25
AT2G24440,Q9ZQ24
AT2G24450,Q9ZQ23
AT2G24460,Q9ZQ22
AT2G24470,Q9ZQ21
AT2G24480,Q9ZQ20
AT2G24490,Q9ZQ19
AT2G24500,Q9ZQ18
AT2G24510,F4IPQ0
AT2G24520,Q9SJB3
AT2G24530,Q58G10
AT2G24535,A0A1P8AZS2
AT2G24540,Q8LAW2
AT2G24550,Q945P6
AT2G24560,Q9SJA9
AT2G24570,Q9SJA8
AT2G24580,Q9SJA7
AT2G24590,Q9SJA6
AT2G24600,F4IPR3
AT2G24610,Q9SJA4
AT2G24615,Q2V462
AT2G24617,Q2V461
AT2G24620,Q9SJA3
AT2G24625,Q2V460
AT2G24630,Q9SJA2
AT2G24640,Q9SJA1
AT2G24645,Q8GYM4
AT2G24650,P0CAP5
AT2G24670,Q9SJ98
AT2G24680,P0CAP4
AT2G24681,P0CAP3
AT2G24683,B3H6V4
AT2G24690,Q8S8E8
AT2G24692,Q1G320
AT2G24693,Q3E7S1
AT2G24696,F4IQL7
AT2G24700,P0DH85
AT2G24710,Q9SHV2
AT2G24720,Q9SHV1
AT2G24740,Q9C5P0
AT2G24762,Q8S8A0
AT2G24765,P40940
AT2G24780,Q9SK54
AT2G24790,Q9SK53
AT2G24800,Q9SK52
AT2G24810,Q9SK51
AT2G24820,Q9SK50
AT2G24830,Q9SK49
AT2G24840,Q4PSU4
AT2G24850,Q9SK47
AT2G24860,Q9SK46
AT2G24870,F4IQN6
AT2G24880,Q9SK44
AT2G24940,Q9SK39
AT2G24945,F4IQN9
AT2G24950,Q9SK38
AT2G24960,Q9SK37
AT2G24970,Q9SK36
AT2G24980,A0A1P8AYF2
AT2G24990,Q9SK34
AT2G25000,Q9SK33
AT2G25010,Q9SK32
AT2G25050,Q9SK28
AT2G25055,A0A1P8B064
AT2G25060,Q9SK27
AT2G25070,O81716
AT2G25080,P52032
AT2G25090,Q9SEZ7
AT2G25100,Q9SEZ6
AT2G25110,Q93ZE8
AT2G25120,F4IRK4
AT2G25125,A0A1P8B314
AT2G25130,Q8H1N2
AT2G25140,Q8VYJ7
AT2G25150,Q8GYW8
AT2G25160,Q7Y222
AT2G25169,F4IRK9
AT2G25170,Q9S775
AT2G25180,P62598
AT2G25185,Q2V459
AT2G25190,O81728
AT2G25200,Q9SIS2
AT2G25210,P51424
AT2G25215,A0A1P8AYN3
AT2G25220,A0A1P8AZS4
AT2G25230,Q9S754
AT2G25240,Q9SIR9
AT2G25250,Q9SIR8
AT2G25260,Q494Q2
AT2G25270,Q1PF01
AT2G25280,Q9SIR5
AT2G25290,F4IRM4
AT2G25295,P82790
AT2G25297,A0A178VQE8
AT2G25300,Q5XEZ1
AT2G25305,Q3EBU2
AT2G25310,Q84JM6
AT2G25312,A8MRM3
AT2G25320,A0A178VY62
AT2G25330,Q9SIR0
AT2G25340,Q9SIQ9
AT2G25344,P82729
AT2G25350,Q8S8D3
AT2G25355,Q94AW9
AT2G25360,Q9SKL2
AT2G25370,F4IRP0
AT2G25409,Q1G355
AT2G25410,Q9SKK8
AT2G25420,A0A1P8B2K0
AT2G25430,Q8LF20
AT2G25440,Q9SKK5
AT2G25450,Q9SKK4
AT2G25460,A0A1P8B2L4
AT2G25470,Q9SKK2
AT2G25480,Q0WSZ8
AT2G25482,A8MS74
AT2G25490,Q9SKK0
AT2G25500,Q9SKJ9
AT2G25510,Q8S8H2
AT2G25520,Q9SKJ7
AT2G25530,Q9SKJ6
AT2G25540,Q9SKJ5
AT2G25560,Q9SLA7
AT2G25565,Q9SLA6
AT2G25580,Q680H3
AT2G25590,Q9SLA4
AT2G25600,Q8GXE6
AT2G25605,Q6NM03
AT2G25610,Q9SLA2
AT2G25620,Q9SLA1
AT2G25625,Q8S8K8
AT2G25630,Q9SLA0
AT2G25640,F4ISL5
AT2G25650,Q8VYD2
AT2G25660,F4ISL7
AT2G25670,Q9SL96
AT2G25680,Q9SL95
AT2G25685,P82636
AT2G25690,Q9SL94
AT2G25700,Q9SL93
AT2G25710,Q9SL92
AT2G25720,Q9SL91
AT2G25730,F4ISN0
AT2G25735,Q8RUI1
AT2G25737,Q8L7A0
AT2G25740,Q5E916
AT2G25750,F4ISN5
AT2G25770,O82320
AT2G25780,O82319
AT2G25790,O82318
AT2G25800,Q0WQB7
AT2G25810,O82316
AT2G25820,Q52QU1
AT2G25830,O82314
AT2G25840,Q8RXE9
AT2G25850,O82312
AT2G25870,Q8L5Z4
AT2G25880,Q683C9
AT2G25890,Q494N8
AT2G25900,O82307
AT2G25905,A0A1P8B1J7
AT2G25910,F4ITJ6
AT2G25920,O82305
AT2G25930,O82804
AT2G25940,P49047
AT2G25950,O82808
AT2G25964,Q0WR94
AT2G25970,O82762
AT2G25980,O80998
AT2G25990,O80997
AT2G26000,O80996
AT2G26010,O80995
AT2G26020,O80994
AT2G26030,Q8H1M0
AT2G26040,O80992
AT2G26050,O80991
AT2G26060,O80990
AT2G26070,F4ITL6
AT2G26080,O80988
AT2G26100,Q66GS2
AT2G26110,O80986
AT2G26120,O80985
AT2G26130,F4ITM1
AT2G26135,F4ITM2
AT2G26140,O80983
AT2G26150,O80982
AT2G26160,Q1PEZ8
AT2G26170,B9DFU2
AT2G26180,O64852
AT2G26190,O64851
AT2G26200,O64850
AT2G26210,Q8VZ34
AT2G26230,O04420
AT2G26240,O64847
AT2G26250,Q570B4
AT2G26260,Q67ZE1
AT2G26270,F4ITP1
AT2G26280,O64843
AT2G26290,O64842
AT2G26300,P18064
AT2G26310,Q84RK2
AT2G26320,O64840
AT2G26330,Q42371
AT2G26350,Q9SYU4
AT2G26360,F4IUJ2
AT2G26370,O48704
AT2G26380,O48705
AT2G26390,O48706
AT2G26400,O48707
AT2G26410,F4IUJ7
AT2G26420,O48709
AT2G26430,Q8RWV3
AT2G26440,O48711
AT2G26450,Q7Y201
AT2G26460,O48713
AT2G26470,Q8GZ60
AT2G26480,O48715
AT2G26490,O48716
AT2G26500,O48717
AT2G26510,Q8GZD4
AT2G26515,A0A1P8B241
AT2G26520,O48719
AT2G26530,O48720
AT2G26540,O48721
AT2G26550,O48722
AT2G26560,O48723
AT2G26570,O48724
AT2G26580,Q8GW46
AT2G26590,O48726
AT2G26600,O48727
AT2G26610,F4IUN0
AT2G26620,O48729
AT2G26640,O48780
AT2G26650,Q38998
AT2G26660,O48781
AT2G26670,O48782
AT2G26680,O48783
AT2G26690,Q9SZY4
AT2G26695,Q6ID73
AT2G26700,Q64FQ2
AT2G26710,O48786
AT2G26720,O48787
AT2G26730,O48788
AT2G26740,Q42566
AT2G26750,O48789
AT2G26760,O48790
AT2G26770,O48791
AT2G26780,A0A1P8AX98
AT2G26790,O81028
AT2G26800,O81027
AT2G26810,F4IVK3
AT2G26820,O81025
AT2G26830,O81024
AT2G26840,Q8GWA2
AT2G26850,Q6NLB1
AT2G26860,Q84X02
AT2G26865,A8MQW9
AT2G26870,O81020
AT2G26880,Q6DR46
AT2G26890,F4IVL6
AT2G26900,Q1EBV7
AT2G26910,O81016
AT2G26920,O81015
AT2G26930,O81014
AT2G26940,O81013
AT2G26950,Q9SM27
AT2G26960,Q9SLH1
AT2G26970,Q9ZVE0
AT2G26975,Q8GWP3
AT2G26980,Q2V452
AT2G26990,Q8W207
AT2G27000,Q9ZVD7
AT2G27010,Q9ZVD6
AT2G27020,O23715
AT2G27030,Q682T9
AT2G27035,F4IVN9
AT2G27040,Q9ZVD5
AT2G27050,Q9SLH0
AT2G27060,F4IVP3
AT2G27070,Q9ZVD3
AT2G27080,Q9ZVD2
AT2G27090,Q9ZVD1
AT2G27100,Q9ZVD0
AT2G27110,Q9ZVC9
AT2G27120,F4IFN6
AT2G27130,Q9ZVC7
AT2G27140,Q9ZVC6
AT2G27145,P82724
AT2G27150,Q7G9P4
AT2G27160,A8MQQ5
AT2G27170,Q56YN8
AT2G27180,Q9SHT0
AT2G27190,Q38924
AT2G27200,Q9SHS8
AT2G27210,Q9SHS7
AT2G27220,Q8S897
AT2G27229,Q1G3C0
AT2G27230,Q9XIN0
AT2G27240,Q9XIN1
AT2G27250,Q9XF04
AT2G27260,Q9XIN3
AT2G27270,Q9XIN4
AT2G27280,Q9XIN5
AT2G27290,Q9XIN6
AT2G27300,Q9XIN7
AT2G27310,Q9XIN8
AT2G27313,A0A1P8B203
AT2G27315,Q3EBT3
AT2G27320,Q5BPS8
AT2G27330,Q1ECN0
AT2G27340,Q6NLZ3
AT2G27350,Q9XIP2
AT2G27360,Q9ZQI3
AT2G27370,Q9ZQI2
AT2G27380,Q9ZQI0
AT2G27385,F4IFT4
AT2G27389,F4IFT7
AT2G27390,Q9XIP3
AT2G27402,Q8GX30
AT2G27410,Q9XIP5
AT2G27420,Q9ZQH7
AT2G27430,Q8GUS7
AT2G27450,Q8VYF5
AT2G27460,Q9ZQH3
AT2G27470,Q9ZQH2
AT2G27480,Q9ZQH1
AT2G27490,Q9ZQH0
AT2G27500,Q9ZQG9
AT2G27505,F4IGN8
AT2G27507,A0A178VUB9
AT2G27510,Q9ZQG8
AT2G27520,Q9ZNQ3
AT2G27530,P59230
AT2G27535,Q8VYN3
AT2G27540,Q9ZUW2
AT2G27550,Q9ZNV5
AT2G27570,Q8RUC1
AT2G27580,Q9ZNU9
AT2G27590,Q8VYF0
AT2G27600,Q9ZNT0
AT2G27610,Q9ZUW3
AT2G27630,F4IGQ2
AT2G27650,F4IGQ3
AT2G27660,Q9ZUW8
AT2G27670,F4IGQ5
AT2G27680,Q9ZUX0
AT2G27690,Q9ZUX1
AT2G27700,F4IGQ9
AT2G27710,Q9SLF7
AT2G27720,P51407
AT2G27730,Q9ZUX4
AT2G27740,Q9ZUX5
AT2G27750,Q9ZUX6
AT2G27760,Q9ZUX7
AT2G27770,Q9ZUX8
AT2G27775,Q8S8L6
AT2G27780,Q9ZUX9
AT2G27790,F4IGS5
AT2G27800,Q9ZUY1
AT2G27810,Q3E7D0
AT2G27820,Q9ZUY3
AT2G27830,Q9ZUY4
AT2G27840,Q9M4T3
AT2G27860,Q9ZUY6
AT2G27880,Q9SJK3
AT2G27890,Q8RXC2
AT2G27920,Q67Y83
AT2G27930,A0A1P8B2M5
AT2G27940,Q9SJJ7
AT2G27950,F4IHN6
AT2G27960,O23249
AT2G27970,Q9SJJ5
AT2G27980,F4IHN9
AT2G27990,Q9SJJ3
AT2G28000,P21238
AT2G28010,Q9SJJ2
AT2G28020,Q8S8F0
AT2G28030,Q9ZUU5
AT2G28040,Q84WH0
AT2G28050,Q9ZUU7
AT2G28060,Q9ZUU8
AT2G28070,Q9ZUU9
AT2G28080,Q9ZUV0
AT2G28085,Q8S8L5
AT2G28090,Q9ZUV1
AT2G28100,Q8GW72
AT2G28105,Q5XVD2
AT2G28110,Q9ZUV3
AT2G28120,Q9ZUV4
AT2G28130,Q0V7S1
AT2G28140,Q9ZUV6
AT2G28150,Q8GYT8
AT2G28160,Q0V7X4
AT2G28170,Q9ZUV9
AT2G28180,Q58P71
AT2G28190,O78310
AT2G28200,Q681X4
AT2G28210,F4IHR4
AT2G28220,F4IHR5
AT2G28225,A0A1P8B0H2
AT2G28230,Q6NPF4
AT2G28240,Q84JK0
AT2G28250,Q8VYY5
AT2G28260,Q9SL29
AT2G28270,Q9SL28
AT2G28290,F4IHS2
AT2G28305,Q8RUN2
AT2G28310,Q56Y17
AT2G28315,F4IHS9
AT2G28320,F4IHT0
AT2G28330,Q9SKN7
AT2G28340,Q9SKN6
AT2G28350,Q9SKN5
AT2G28355,Q8S8H3
AT2G28360,F4IIN7
AT2G28370,Q9SKN3
AT2G28380,Q9SKN2
AT2G28390,Q9SKN1
AT2G28400,Q9SKN0
AT2G28405,P82747
AT2G28410,Q9SKM9
AT2G28420,Q9SKM8
AT2G28426,B3H5L8
AT2G28430,Q9SKM7
AT2G28440,Q9SKM6
AT2G28450,Q8L7S3
AT2G28460,F4IIQ1
AT2G28470,Q9SCV4
AT2G28480,Q9SK10
AT2G28490,Q9SK09
AT2G28500,Q9SK08
AT2G28510,Q8LE43
AT2G28520,Q8RWZ7
AT2G28540,Q0WQD5
AT2G28550,Q9SK03
AT2G28560,Q9SK02
AT2G28570,Q9SK01
AT2G28580,A0A1P8B285
AT2G28590,Q9SIB6
AT2G28600,Q9SIB5
AT2G28605,Q8VY52
AT2G28610,Q9SIB4
AT2G28620,F4IIS5
AT2G28625,F4IIS6
AT2G28630,Q9SIB2
AT2G28640,F4IIS8
AT2G28650,Q9SIB0
AT2G28660,Q7XZS3
AT2G28670,Q9SIA8
AT2G28671,B3H4H9
AT2G28680,Q9SIA7
AT2G28690,Q8L8B6
AT2G28700,F4IIT6
AT2G28710,Q9SI97
AT2G28720,Q9SI96
AT2G28725,Q3EBS3
AT2G28755,F4IJL5
AT2G28760,Q9ZV36
AT2G28780,Q84W96
AT2G28790,Q9ZV34
AT2G28800,Q8LBP4
AT2G28810,Q9ZV33
AT2G28815,Q84WZ8
AT2G28830,Q9ZV31
AT2G28840,Q94B55
AT2G28850,Q9ZV29
AT2G28860,Q9ZV28
AT2G28870,Q9ZV27
AT2G28880,Q8LPN3
AT2G28890,Q9ZV25
AT2G28900,Q9ZV24
AT2G28910,Q84Y18
AT2G28920,Q9ZV22
AT2G28930,P46573
AT2G28940,O81064
AT2G28950,Q38865
AT2G28960,C0LGL4
AT2G28970,O81067
AT2G28990,O81069
AT2G29000,F4IJP7
AT2G29020,O81071
AT2G29040,O81072
AT2G29045,P82776
AT2G29050,Q0WQX7
AT2G29060,P0C883
AT2G29065,P0C884
AT2G29070,F4IJQ6
AT2G29080,Q84WU8
AT2G29090,O81077
AT2G29100,O81078
AT2G29110,Q9C5V5
AT2G29120,Q8LGN0
AT2G29125,Q8L7D0
AT2G29130,O81081
AT2G29140,Q9ZW02
AT2G29150,Q9ZW03
AT2G29170,Q9ZW04
AT2G29180,Q9ZW05
AT2G29190,Q9ZW06
AT2G29200,Q9ZW07
AT2G29210,Q8L7W3
AT2G29220,Q9ZW09
AT2G29250,Q9ZW11
AT2G29260,Q9ZW12
AT2G29263,B3H7I7
AT2G29290,Q9ZW13
AT2G29300,Q42182
AT2G29310,Q9ZW14
AT2G29320,Q9ZW15
AT2G29330,Q9ZW16
AT2G29340,F4IKM1
AT2G29350,Q9ZW18
AT2G29360,Q9ZW19
AT2G29370,Q9ZW20
AT2G29380,Q9ZW21
AT2G29390,Q9ZW22
AT2G29400,P30366
AT2G29410,Q6DBM8
AT2G29420,Q9ZW24
AT2G29430,Q9ZW25
AT2G29440,Q9ZW26
AT2G29450,P46421
AT2G29452,B3H5F8
AT2G29460,Q9ZW27
AT2G29470,Q9ZW28
AT2G29480,Q9ZW29
AT2G29485,A0A1P8AZU2
AT2G29490,Q9ZW30
AT2G29500,Q9ZW31
AT2G29510,Q9ZW32
AT2G29525,Q56Y01
AT2G29530,Q9ZW33
AT2G29540,A8MRK9
AT2G29550,P29515
AT2G29560,Q9ZW34
AT2G29570,Q9ZW35
AT2G29580,Q9ZW36
AT2G29590,Q9ZW37
AT2G29600,Q9ZW38
AT2G29605,F4ILK1
AT2G29610,O82394
AT2G29620,O82393
AT2G29628,B3H774
AT2G29630,O82392
AT2G29640,O82391
AT2G29650,O82390
AT2G29654,B3H600
AT2G29660,O82389
AT2G29670,O82388
AT2G29679,B3H608
AT2G29680,O82387
AT2G29690,P32069
AT2G29700,Q9ST43
AT2G29710,O82385
AT2G29720,O82384
AT2G29730,O82383
AT2G29735,A0A1P8B1K0
AT2G29740,O82382
AT2G29750,O82381
AT2G29760,O82380
AT2G29770,O82379
AT2G29780,O82378
AT2G29790,O82377
AT2G29800,O82376
AT2G29810,O82375
AT2G29820,O82374
AT2G29830,O82373
AT2G29840,F4ILN3
AT2G29850,F4ILN4
AT2G29860,O82370
AT2G29870,O82369
AT2G29880,O82368
AT2G29890,O81643
AT2G29900,Q9SIK7
AT2G29910,Q1PEY8
AT2G29920,F4ILP4
AT2G29925,A0A1P8B165
AT2G29930,Q84RK6
AT2G29940,Q7PC88
AT2G29950,O80877
AT2G29960,Q8LDP4
AT2G29970,O80875
AT2G29980,P48623
AT2G29990,O80874
AT2G29995,Q8S8P7
AT2G30000,P0DI19
AT2G30010,O80872
AT2G30020,O80871
AT2G30040,O64741
AT2G30050,O64740
AT2G30060,Q8RWG8
AT2G30070,O22397
AT2G30080,O64738
AT2G30090,O64737
AT2G30100,Q0WNN7
AT2G30105,P0C895
AT2G30110,P93028
AT2G30120,F4IMQ0
AT2G30130,Q8LBW3
AT2G30140,O64733
AT2G30150,O64732
AT2G30160,O64731
AT2G30170,O64730
AT2G30200,Q8RU07
AT2G30210,Q56YT0
AT2G30220,O22918
AT2G30230,O22919
AT2G30240,O22920
AT2G30250,O22921
AT2G30260,O22922
AT2G30270,Q8GWL2
AT2G30280,Q8GYP3
AT2G30290,O22925
AT2G30300,O22926
AT2G30310,O22927
AT2G30320,O22928
AT2G30330,O22929
AT2G30340,Q9AT61
AT2G30350,Q682H4
AT2G30360,O22932
AT2G30370,Q1PEY6
AT2G30380,F4IMT1
AT2G30385,A0A1P8AX72
AT2G30390,O04921
AT2G30395,Q84RF2
AT2G30400,O04351
AT2G30410,O04350
AT2G30420,Q84RD1
AT2G30424,B3H4X8
AT2G30430,O23687
AT2G30432,D3GKW6
AT2G30440,O04348
AT2G30460,Q8GUJ1
AT2G30470,Q8W4L5
AT2G30480,F4INT5
AT2G30490,P92994
AT2G30500,Q84VY2
AT2G30505,Q0WLX9
AT2G30520,Q682S0
AT2G30530,O04342
AT2G30540,O04341
AT2G30550,Q3EBR6
AT2G30560,O04339
AT2G30570,Q39194
AT2G30575,Q8RXE1
AT2G30580,Q94AY3
AT2G30590,O04336
AT2G30600,Q8LEV3
AT2G30615,Q58G02
AT2G30620,P26569
AT2G30630,F4INW4
AT2G30650,Q1PEY5
AT2G30660,Q6NMB0
AT2G30670,O49332
AT2G30680,F4INW8
AT2G30690,F4INW9
AT2G30695,Q945Q5
AT2G30700,Q8RWE3
AT2G30710,O49336
AT2G30720,Q6AWX1
AT2G30730,A0A1P8AYR5
AT2G30740,O49339
AT2G30750,O49340
AT2G30760,O49341
AT2G30766,Q56Y35
AT2G30770,O49342
AT2G30780,O49343
AT2G30790,O49344
AT2G30800,F4INY4
AT2G30810,Q6GKX7
AT2G30820,Q6NMH7
AT2G30830,O80850
AT2G30840,O80851
AT2G30860,O80852
AT2G30870,P42761
AT2G30880,Q8VYJ6
AT2G30890,O80854
AT2G30900,Q6DR10
AT2G30910,O80856
AT2G30920,O49354
AT2G30925,Q8S8Q0
AT2G30930,O80858
AT2G30933,Q1G3P4
AT2G30940,Q3EBR4
AT2G30942,F4IPU5
AT2G30950,O80860
AT2G30960,O80861
AT2G30970,P46643
AT2G30980,Q39010
AT2G30985,Q3EBR2
AT2G30990,F4IPV3
AT2G31005,A8MQA0
AT2G31010,F4IPV6
AT2G31018,B3H6S4
AT2G31020,O80866
AT2G31030,Q8S8P9
AT2G31035,Q8S8P8
AT2G31040,O82279
AT2G31050,O82761
AT2G31060,F4IPW5
AT2G31070,O82277
AT2G31081,Q8S8N0
AT2G31082,Q8S8N1
AT2G31083,Q8S8N2
AT2G31085,Q8S8N3
AT2G31090,O82275
AT2G31100,O82274
AT2G31110,Q67XC4
AT2G31130,O82271
AT2G31140,Q84VZ6
AT2G31141,F4IPX8
AT2G31150,F4IPY0
AT2G31160,O82268
AT2G31170,F4IPY2
AT2G31180,Q9SJX8
AT2G31190,Q9SJX7
AT2G31200,Q9ZSK2
AT2G31210,Q8GX46
AT2G31215,F4IQQ9
AT2G31220,Q84TK1
AT2G31230,Q8VYM0
AT2G31240,Q8VZQ8
AT2G31250,Q9SJX1
AT2G31260,Q8RUS5
AT2G31265,A0A1P8AX78
AT2G31270,Q9SJW9
AT2G31280,Q58G01
AT2G31290,Q9SJW7
AT2G31300,Q9SJW6
AT2G31305,Q8S8F7
AT2G31310,Q9SJW5
AT2G31320,Q9ZP54
AT2G31335,Q1G3B9
AT2G31340,F4IQS9
AT2G31345,Q8L9Z1
AT2G31350,Q9SID3
AT2G31360,Q9SID2
AT2G31370,Q04088
AT2G31380,Q9SID1
AT2G31390,Q9SID0
AT2G31400,Q9SIC9
AT2G31410,Q9SIC8
AT2G31420,Q9SIC7
AT2G31425,Q2V441
AT2G31430,Q9SIC6
AT2G31432,A0A1P8AYD6
AT2G31440,Q8L9G7
AT2G31450,Q9SIC4
AT2G31460,Q9SIC3
AT2G31470,Q5BPS3
AT2G31480,Q4PSS8
AT2G31490,Q9SIQ8
AT2G31500,Q9SIQ7
AT2G31510,Q84RR0
AT2G31530,F4IQV7
AT2G31540,Q9SIQ3
AT2G31550,Q9SIQ2
AT2G31560,Q8VZ71
AT2G31570,O04922
AT2G31580,F4IRQ5
AT2G31590,Q9SIP9
AT2G31600,Q84LR3
AT2G31610,Q9SIP7
AT2G31620,Q9SIP6
AT2G31650,Q9C5X4
AT2G31660,F4IRR2
AT2G31670,Q9SIP1
AT2G31680,Q9SIP0
AT2G31690,Q9SIN9
AT2G31700,Q9SIN8
AT2G31710,Q9SIN7
AT2G31720,Q8RV83
AT2G31725,Q8RV68
AT2G31730,Q7XJU1
AT2G31740,Q8VYT6
AT2G31750,Q9SKC5
AT2G31760,Q9SKC4
AT2G31770,Q9SKC3
AT2G31780,Q9SKC2
AT2G31790,Q9SKC1
AT2G31800,Q1JPN7
AT2G31810,Q93YZ7
AT2G31820,Q9SKB8
AT2G31830,Q9SKB7
AT2G31840,Q9SKB6
AT2G31850,Q9SKB5
AT2G31862,Q6DSS2
AT2G31865,Q8VYA1
AT2G31870,Q9SKB3
AT2G31880,Q9SKB2
AT2G31890,Q8VZE7
AT2G31900,F4IRU3
AT2G31910,Q9SKA9
AT2G31920,Q9SKA8
AT2G31930,F4IRU6
AT2G31940,Q9SKA6
AT2G31945,Q8RU85
AT2G31953,P82785
AT2G31955,Q39055
AT2G31957,P82784
AT2G31960,Q9SL03
AT2G31970,Q9SL02
AT2G31980,Q8L5T9
AT2G31981,B3H4V8
AT2G31985,Q8GWR2
AT2G31990,Q5XF04
AT2G32000,F4ISQ7
AT2G32010,Q0WQ41
AT2G32020,Q9SKZ7
AT2G32030,Q9SKZ6
AT2G32040,Q9SKZ5
AT2G32050,Q9SKZ4
AT2G32060,Q9SKZ3
AT2G32070,Q9SKZ2
AT2G32080,Q9SKZ1
AT2G32090,Q9SKZ0
AT2G32100,Q9SKY9
AT2G32120,Q9SKY8
AT2G32130,Q9SKY7
AT2G32140,F4ISS7
AT2G32150,Q9SKY5
AT2G32160,B3H6T0
AT2G32170,F4IST2
AT2G32180,Q9SKY2
AT2G32190,Q9SKY1
AT2G32200,Q1PEX8
AT2G32210,Q9SKX9
AT2G32220,Q9SKX8
AT2G32230,Q66GI4
AT2G32235,Q5S4W8
AT2G32240,F4ISU2
AT2G32250,Q3EBQ3
AT2G32260,Q9ZV56
AT2G32270,Q9SLG3
AT2G32275,Q3E6N7
AT2G32280,Q9ZV57
AT2G32290,Q8L762
AT2G32295,F4ISV2
AT2G32300,O82081
AT2G32310,F4ISV4
AT2G32320,F4ISV6
AT2G32340,F4ITP5
AT2G32350,F4ITP6
AT2G32360,Q9ZV64
AT2G32370,Q9ZV65
AT2G32380,Q9ZV66
AT2G32390,Q9SW97
AT2G32400,Q9SDQ4
AT2G32410,Q9ZV69
AT2G32415,A9LLI8
AT2G32430,Q9ZV71
AT2G32440,Q9C5Y2
AT2G32450,Q8S8L9
AT2G32460,O80883
AT2G32470,O80884
AT2G32480,O80885
AT2G32487,A0A1P8B0G0
AT2G32500,Q67XD6
AT2G32510,O80888
AT2G32520,O80889
AT2G32530,Q8RX83
AT2G32540,O80891
AT2G32550,Q58FZ9
AT2G32560,Q8RY82
AT2G32580,O80895
AT2G32590,Q564K3
AT2G32600,O80897
AT2G32610,O80898
AT2G32620,O80899
AT2G32630,Q8S8P6
AT2G32640,Q0WVA1
AT2G32645,Q1G3B8
AT2G32650,O48852
AT2G32660,O48851
AT2G32670,O48850
AT2G32680,O48849
AT2G32690,O48848
AT2G32700,O48847
AT2G32710,Q8GYJ3
AT2G32720,O48845
AT2G32730,O48844
AT2G32740,O48843
AT2G32750,O48842
AT2G32760,Q8S9J3
AT2G32765,Q8VZI7
AT2G32770,O48840
AT2G32780,Q9FPT5
AT2G32785,A8MR74
AT2G32788,A8MRN0
AT2G32790,O48838
AT2G32800,O48837
AT2G32810,Q9SCV3
AT2G32820,F4IUQ8
AT2G32830,Q8GYF4
AT2G32835,A8MRM1
AT2G32840,Q8GYK6
AT2G32850,Q8H0Z0
AT2G32860,O48779
AT2G32870,F4IUR7
AT2G32880,F4IUR8
AT2G32885,A8MR00
AT2G32890,O48776
AT2G32900,O48626
AT2G32905,Q3EBP7
AT2G32910,F4IUS3
AT2G32920,O48773
AT2G32930,O48772
AT2G32940,O48771
AT2G32950,P43254
AT2G32960,Q84MD6
AT2G32970,F4IUT0
AT2G32980,O48767
AT2G32990,O48766
AT2G33000,F4IUT4
AT2G33010,O50062
AT2G33020,O49329
AT2G33030,O48763
AT2G33040,Q96250
AT2G33050,O49328
AT2G33060,F4IUU1
AT2G33070,O49326
AT2G33080,O49325
AT2G33090,O49324
AT2G33100,O49323
AT2G33110,Q8VY69
AT2G33120,P47192
AT2G33130,O49320
AT2G33150,Q56WD9
AT2G33160,O49319
AT2G33170,O49318
AT2G33175,F4IVQ7
AT2G33180,O49317
AT2G33190,O49316
AT2G33200,O49315
AT2G33205,A0A1P8B1A7
AT2G33210,Q8L7B5
AT2G33220,O49313
AT2G33230,O49312
AT2G33233,P82764
AT2G33240,F4IVR7
AT2G33255,Q8RYE9
AT2G33260,A0A1P8B1H3
AT2G33270,O22779
AT2G33280,O22780
AT2G33290,O22781
AT2G33300,Q1PEX4
AT2G33310,Q38831
AT2G33320,O22783
AT2G33330,O22784
AT2G33340,O22785
AT2G33350,A0A1P8AYU7
AT2G33360,O22787
AT2G33380,O22788
AT2G33385,F4IVU1
AT2G33390,O22789
AT2G33400,Q8H1N0
AT2G33410,O22791
AT2G33420,O22792
AT2G33430,O22793
AT2G33435,F4IVU7
AT2G33450,O22795
AT2G33460,F4IVV0
AT2G33470,O22797
AT2G33480,O22798
AT2G33490,O22799
AT2G33500,O22800
AT2G33510,Q5HZ54
AT2G33520,O22802
AT2G33530,Q8VY01
AT2G33540,Q8LL04
AT2G33550,Q8VZ20
AT2G33560,O22806
AT2G33570,O22807
AT2G33580,O22808
AT2G33585,F4IFV5
AT2G33590,O22809
AT2G33600,O22810
AT2G33610,Q84JG2
AT2G33620,O22812
AT2G33630,O22813
AT2G33640,Q6DR03
AT2G33655,Q3EBP1
AT2G33670,O22815
AT2G33680,P93005
AT2G33685,A0A1P8AY13
AT2G33690,Q6NLU9
AT2G33700,P93006
AT2G33705,Q3EBP0
AT2G33710,P93007
AT2G33720,O23659
AT2G33730,P93008
AT2G33735,Q8RYC5
AT2G33740,P93009
AT2G33750,Q94GB1
AT2G33760,P93011
AT2G33770,Q8VY10
AT2G33775,Q6NME6
AT2G33780,O23660
AT2G33790,P93013
AT2G33793,F4IFY5
AT2G33796,F4IFY6
AT2G33800,P93014
AT2G33810,P93015
AT2G33820,Q84UC7
AT2G33830,P93017
AT2G33835,Q84VG7
AT2G33840,Q8S9J2
AT2G33845,Q8RYC3
AT2G33847,A8MQY9
AT2G33850,P93019
AT2G33855,Q29Q74
AT2G33860,O23661
AT2G33870,Q1PEX3
AT2G33880,Q6X7J4
AT2G33980,O22951
AT2G33990,Q0WNP8
AT2G34000,O22953
AT2G34010,F4IGU3
AT2G34020,A0A1P8AYB6
AT2G34030,F4IGU5
AT2G34040,O22957
AT2G34050,O22958
AT2G34060,O22959
AT2G34070,O22960
AT2G34080,O22961
AT2G34090,A0A1P8AX45
AT2G34100,Q84RJ7
AT2G34110,O22964
AT2G34120,O22965
AT2G34123,Q2V433
AT2G34135,P0CAY2
AT2G34140,O22967
AT2G34150,Q6AWX6
AT2G34160,O22969
AT2G34170,Q8RYE0
AT2G34180,O22971
AT2G34185,F4IGW7
AT2G34186,B3H6Q4
AT2G34190,Q94C70
AT2G34200,Q84RF4
AT2G34210,O80770
AT2G34220,A0A1P8B2K1
AT2G34224,B3H6C8
AT2G34230,O80772
AT2G34238,B3H6H5
AT2G34240,F4IGX9
AT2G34250,O80774
AT2G34260,O80775
AT2G34270,O80776
AT2G34280,O80777
AT2G34290,O80778
AT2G34300,Q0WT31
AT2G34310,O80780
AT2G34317,A0A1P8AXZ1
AT2G34320,O80781
AT2G34325,A0A1P8B0Q6
AT2G34330,O80782
AT2G34340,O80783
AT2G34350,Q0WMV5
AT2G34355,Q501E0
AT2G34357,F4IHU8
AT2G34360,F4IHU9
AT2G34370,Q8S8Q7
AT2G34380,Q8L615
AT2G34390,Q8W037
AT2G34400,O64705
AT2G34410,Q66GQ5
AT2G34420,Q39141
AT2G34430,Q39142
AT2G34440,O64703
AT2G34450,O64702
AT2G34460,Q8H124
AT2G34470,O64700
AT2G34480,P51418
AT2G34490,O64698
AT2G34500,O64697
AT2G34510,O64696
AT2G34520,Q9SMX4
AT2G34530,A0A1P8B2K7
AT2G34540,O64693
AT2G34555,O64692
AT2G34560,B9DGC0
AT2G34570,Q8L8C2
AT2G34580,F4IHX8
AT2G34590,O64688
AT2G34600,O64687
AT2G34610,Q8VYN4
AT2G34620,O64685
AT2G34630,Q5HZ00
AT2G34640,F4IHY7
AT2G34650,O64682
AT2G34655,Q94BZ4
AT2G34660,Q42093
AT2G34670,F4IIU2
AT2G34680,F4IIU4
AT2G34690,O64587
AT2G34700,O64586
AT2G34710,O04291
AT2G34720,Q8VY64
AT2G34730,O64584
AT2G34740,O64583
AT2G34750,Q8L643
AT2G34770,O48916
AT2G34780,F4IIV5
AT2G34790,O64743
AT2G34810,O64745
AT2G34820,Q84RD0
AT2G34825,A8MQL7
AT2G34830,O64747
AT2G34840,O64748
AT2G34850,O64749
AT2G34860,O64750
AT2G34870,O64751
AT2G34880,O64752
AT2G34890,O64753
AT2G34900,Q84XV2
AT2G34910,O64755
AT2G34920,A0A1P8B041
AT2G34925,Q6IWB2
AT2G34930,O64757
AT2G34940,O64758
AT2G34960,O64759
AT2G34970,O64760
AT2G34980,O64761
AT2G34990,O64762
AT2G35000,O64763
AT2G35010,O64764
AT2G35020,O64765
AT2G35030,O64766
AT2G35035,Q7Y0S0
AT2G35040,O64767
AT2G35050,O64768
AT2G35060,O64769
AT2G35065,O82184
AT2G35075,F4IIZ5
AT2G35080,F4IJR9
AT2G35090,F4IJS1
AT2G35100,Q6DBG8
AT2G35110,Q5S2C4
AT2G35120,O82179
AT2G35130,O82178
AT2G35140,A0A1P8AYJ0
AT2G35150,O82176
AT2G35155,Q8S8Q2
AT2G35160,O82175
AT2G35170,O82174
AT2G35190,Q944A9
AT2G35200,O82172
AT2G35210,O82171
AT2G35215,Q8GX16
AT2G35230,O82170
AT2G35240,O82169
AT2G35250,O82168
AT2G35260,O82167
AT2G35270,O82166
AT2G35280,Q1PEW8
AT2G35290,Q8GWV0
AT2G35300,Q96273
AT2G35310,Q5PNU4
AT2G35320,O82162
AT2G35330,Q8L7B1
AT2G35340,F4IJV4
AT2G35343,A0A1P8AXK3
AT2G35345,Q1G3S2
AT2G35350,O82302
AT2G35360,O82301
AT2G35370,P25855
AT2G35380,Q9SLH7
AT2G35390,Q42581
AT2G35410,O82299
AT2G35420,Q6NKR1
AT2G35430,Q5PP65
AT2G35440,Q682E0
AT2G35460,O82294
AT2G35470,O82293
AT2G35480,Q8VZ11
AT2G35490,O82291
AT2G35500,O82290
AT2G35510,O82289
AT2G35520,O22622
AT2G35530,Q501B2
AT2G35540,F4IKR5
AT2G35550,O82286
AT2G35555,A0A1P8AYE6
AT2G35580,O82283
AT2G35585,Q8S8M7
AT2G35600,O82281
AT2G35605,Q93W30
AT2G35610,Q8VXZ5
AT2G35612,Q3EBM6
AT2G35615,Q3EBM5
AT2G35620,C0LGL9
AT2G35630,Q94FN2
AT2G35635,Q8RUC6
AT2G35640,Q9ZQN7
AT2G35650,Q9ZQN8
AT2G35658,Q1G3S1
AT2G35660,F4IKT4
AT2G35670,P0DKJ8
AT2G35680,Q9ZQP1
AT2G35690,Q9ZQP2
AT2G35700,Q9ZQP3
AT2G35710,Q8VZP6
AT2G35720,Q39079
AT2G35730,Q9ZQP5
AT2G35733,Q8S8K4
AT2G35736,Q8S8K5
AT2G35740,Q9ZQP6
AT2G35750,Q9ZQP7
AT2G35760,Q8L924
AT2G35765,Q1G3S0
AT2G35770,Q8S8K6
AT2G35780,Q9ZQQ0
AT2G35790,Q9ZQQ1
AT2G35795,Q8RV04
AT2G35800,Q8VZP7
AT2G35810,Q8VZP3
AT2G35820,A0A1P8B223
AT2G35830,Q9SJ67
AT2G35840,Q9SJ66
AT2G35850,Q9SJ65
AT2G35860,Q8RWC5
AT2G35880,Q9SJ62
AT2G35890,Q9SJ61
AT2G35900,Q9SJ60
AT2G35910,Q8RX29
AT2G35920,F4ILR7
AT2G35930,Q84TG3
AT2G35935,A0A1P8B0S1
AT2G35940,Q9SJ56
AT2G35950,A0A1P8B048
AT2G35960,Q9SJ54
AT2G35965,A0A1P8AX67
AT2G35970,Q9SJ53
AT2G35980,Q9SJ52
AT2G35990,Q5BPS0
AT2G36000,Q9SJ50
AT2G36010,Q9FNY0
AT2G36020,Q8GXE9
AT2G36026,B3H6R4
AT2G36030,Q9SJ47
AT2G36050,Q9SJ45
AT2G36060,Q9SJ44
AT2G36070,Q5XF06
AT2G36080,Q8GYJ2
AT2G36090,Q9SIH5
AT2G36100,Q9SIH4
AT2G36110,Q9SIH3
AT2G36120,Q9SIH2
AT2G36130,Q9SIH1
AT2G36145,Q8VXY0
AT2G36160,Q9SIH0
AT2G36170,B9DHA6
AT2G36180,Q9SJN6
AT2G36190,Q8W413
AT2G36200,P82266
AT2G36210,Q8L8B9
AT2G36220,Q9SJN3
AT2G36230,O82782
AT2G36240,Q9SJN2
AT2G36250,O82533
AT2G36255,Q2V424
AT2G36260,Q8L8C0
AT2G36270,Q9SJN0
AT2G36290,A0A1P8AZZ2
AT2G36295,Q570L6
AT2G36300,Q9SJM8
AT2G36305,Q8GW19
AT2G36307,Q56WL5
AT2G36310,Q9SJM7
AT2G36320,Q9SJM6
AT2G36325,Q8RWJ4
AT2G36330,Q84WP5
AT2G36340,Q9SJM4
AT2G36350,Q9SJM3
AT2G36355,Q1G3R9
AT2G36360,F4IMW1
AT2G36370,Q8S8F2
AT2G36380,Q7PC87
AT2G36390,O23647
AT2G36400,Q9SJR5
AT2G36410,Q9SJR4
AT2G36420,Q9SJR3
AT2G36430,Q9SJR2
AT2G36440,Q9SJR1
AT2G36450,Q9SJR0
AT2G36460,Q9SJQ9
AT2G36470,Q9SJQ8
AT2G36480,F4IMY0
AT2G36490,Q9SJQ6
AT2G36500,Q9SJQ5
AT2G36530,P25696
AT2G36540,Q9SJQ4
AT2G36550,Q84WY5
AT2G36560,Q9SJQ2
AT2G36570,Q9SJQ1
AT2G36580,Q9SJQ0
AT2G36590,Q9SJP9
AT2G36610,Q4PSR7
AT2G36620,Q42347
AT2G36630,Q8S9J0
AT2G36640,Q9SKP0
AT2G36650,Q5BPR9
AT2G36660,Q9ZQA8
AT2G36670,F4INZ4
AT2G36680,Q3EBL9
AT2G36690,F4INZ9
AT2G36695,F4IP00
AT2G36700,Q9ZQA4
AT2G36710,Q9ZQA3
AT2G36720,Q8RWG0
AT2G36724,Q2V421
AT2G36730,Q9ZQA1
AT2G36740,F4IP06
AT2G36750,Q9ZQ99
AT2G36760,Q9ZQ98
AT2G36770,Q9ZQ97
AT2G36780,Q9ZQ96
AT2G36790,Q9ZQ95
AT2G36800,Q9ZQ94
AT2G36810,F4IP13
AT2G36815,F4IP14
AT2G36830,P25818
AT2G36835,Q8W455
AT2G36840,Q9SJM1
AT2G36850,Q9SJM0
AT2G36854,B3H532
AT2G36870,Q9SJL9
AT2G36880,Q9SJL8
AT2G36885,Q8S8F1
AT2G36890,Q9SJL7
AT2G36895,A8MSG0
AT2G36900,Q9SJL6
AT2G36910,Q9ZR72
AT2G36920,Q9SJL5
AT2G36930,Q9SJL4
AT2G36950,Q9SJL2
AT2G36960,Q8LJT8
AT2G36970,Q9SJL0
AT2G36980,Q9SJK9
AT2G36985,Q7XXN8
AT2G36990,Q9LD95
AT2G37000,Q9SJK7
AT2G37010,Q9SJK6
AT2G37020,A0A178W0K0
AT2G37025,F4IPY7
AT2G37030,Q9SJK4
AT2G37035,F4IPZ0
AT2G37040,P35510
AT2G37050,F4IPZ3
AT2G37060,Q8VYK4
AT2G37070,F4IPZ8
AT2G37080,Q9ZQC5
AT2G37090,Q9ZQC6
AT2G37100,Q9ZQC7
AT2G37110,Q9ZQC8
AT2G37120,Q42337
AT2G37125,A0A1P8B1C6
AT2G37130,Q42580
AT2G37140,Q9ZQD0
AT2G37150,F4IQ07
AT2G37160,F4IQ10
AT2G37170,P43287
AT2G37180,P30302
AT2G37190,P50883
AT2G37195,Q52K99
AT2G37200,Q6NPF8
AT2G37210,Q8L8B8
AT2G37220,Q9ZUU4
AT2G37230,Q9ZUU3
AT2G37240,Q9ZUU2
AT2G37250,Q9ZUU1
AT2G37260,Q9ZUU0
AT2G37270,Q9ZUT9
AT2G37280,Q9ZUT8
AT2G37290,F4IQ29
AT2G37300,F4IQ31
AT2G37310,Q9ZUT5
AT2G37320,Q9ZUT4
AT2G37330,Q9ZUT3
AT2G37340,Q8VYA5
AT2G37360,Q9ZUT0
AT2G37370,F4IQ39
AT2G37380,Q9ZUS8
AT2G37390,Q58FZ0
AT2G37400,Q9ZUS6
AT2G37410,Q9SP35
AT2G37420,Q0WQJ7
AT2G37430,Q9SLD4
AT2G37435,Q58FY9
AT2G37440,Q0WT19
AT2G37450,F4IQX1
AT2G37460,Q9ZUS1
AT2G37470,Q9ZUS0
AT2G37480,Q9ZUR8
AT2G37500,Q9ZUR7
AT2G37510,Q8S8L4
AT2G37520,F4IQY0
AT2G37530,F4IQY1
AT2G37540,O80924
AT2G37550,O80925
AT2G37560,Q38899
AT2G37570,O80926
AT2G37580,O80927
AT2G37585,Q8S8P3
AT2G37590,O80928
AT2G37600,O80929
AT2G37610,O80930
AT2G37620,P0CJ46
AT2G37630,O80931
AT2G37640,O80932
AT2G37650,O80933
AT2G37660,O80934
AT2G37670,A0A1P8AXU9
AT2G37678,Q8S4Q6
AT2G37680,A8MQJ8
AT2G37690,Q84TI2
AT2G37700,F4IR05
AT2G37710,O80939
AT2G37720,O80940
AT2G37730,O80941
AT2G37740,O80942
AT2G37750,O80943
AT2G37760,O80944
AT2G37770,Q0PGJ6
AT2G37780,F4IR19
AT2G37790,Q84TF0
AT2G37800,F4IRV7
AT2G37805,A0A1P8AY95
AT2G37810,Q4PSR5
AT2G37820,Q6NM27
AT2G37840,F4IRW0
AT2G37860,B9DFK5
AT2G37870,Q9SHA0
AT2G37880,Q1PEW0
AT2G37890,Q8L7R0
AT2G37900,P0CI03
AT2G37910,Q6NPL8
AT2G37925,Q8SAA5
AT2G37930,A0A1P8B2G4
AT2G37940,Q9SH93
AT2G37950,Q5XEN4
AT2G37960,Q5S4W1
AT2G37970,F4IRX7
AT2G37975,Q8LG42
AT2G37980,Q9SH89
AT2G37990,Q9SH88
AT2G38000,Q9SH87
AT2G38010,Q304B9
AT2G38020,Q93VQ0
AT2G38025,Q8GYW0
AT2G38040,Q9LD43
AT2G38050,Q38944
AT2G38060,Q7XJR2
AT2G38070,F4IRZ1
AT2G38080,O80434
AT2G38090,Q8GXN7
AT2G38100,O80436
AT2G38110,O80437
AT2G38120,Q96247
AT2G38130,O80438
AT2G38140,O80439
AT2G38150,F4IS00
AT2G38152,F4IS01
AT2G38160,A0A1P8B1C2
AT2G38170,Q39253
AT2G38180,O80443
AT2G38185,Q0WS06
AT2G38195,F4ISV9
AT2G38210,O80446
AT2G38220,B3H754
AT2G38230,O80448
AT2G38240,O80449
AT2G38250,O80450
AT2G38255,F4ISW5
AT2G38270,Q8H7F6
AT2G38280,O80452
AT2G38290,Q9M6N7
AT2G38300,Q8GYE4
AT2G38310,O80920
AT2G38320,O80919
AT2G38330,Q84K71
AT2G38340,O80917
AT2G38350,O80916
AT2G38360,O80915
AT2G38365,Q84N39
AT2G38370,F4ISY0
AT2G38380,P24102
AT2G38390,O80912
AT2G38400,Q94AL9
AT2G38410,O80910
AT2G38420,Q8L6Y7
AT2G38430,Q58FY7
AT2G38440,Q5XPJ9
AT2G38450,F4ISY9
AT2G38460,O80905
AT2G38465,Q8S8P4
AT2G38470,Q8S8P5
AT2G38480,Q8LE26
AT2G38490,O80902
AT2G38500,Q8GY13
AT2G38510,Q9ZVH5
AT2G38530,Q9S7I3
AT2G38540,Q42589
AT2G38550,Q9ZVH7
AT2G38560,Q9ZVH8
AT2G38570,F4IT02
AT2G38580,Q682E1
AT2G38590,Q9ZVI1
AT2G38600,Q9ZVI2
AT2G38610,Q9ZVI3
AT2G38620,Q2V419
AT2G38630,Q84J57
AT2G38640,Q9ZVI6
AT2G38646,B3H4F4
AT2G38650,Q9ZVI7
AT2G38660,A2RVV7
AT2G38670,Q9ZVI9
AT2G38680,F4ITW1
AT2G38690,F4ITW2
AT2G38695,F4ITW3
AT2G38700,O23722
AT2G38710,Q9ZVJ2
AT2G38720,Q9ZVJ3
AT2G38730,Q9ZVJ4
AT2G38740,Q9ZVJ5
AT2G38750,Q9ZVJ6
AT2G38760,Q9SE45
AT2G38770,Q8L5Y4
AT2G38780,A0A1P8AZJ4
AT2G38790,Q84JS8
AT2G38800,Q9SII1
AT2G38810,Q9SII0
AT2G38820,F4ITY1
AT2G38823,Q5S4V8
AT2G38830,F4ITY4
AT2G38840,F4ITY5
AT2G38860,Q9ZV19
AT2G38870,Q9ZV18
AT2G38880,Q9SLG0
AT2G38890,A0A1P8B0G6
AT2G38900,F4IU00
AT2G38905,Q941D7
AT2G38910,Q9ZV15
AT2G38920,Q8GW10
AT2G38940,Q96303
AT2G38950,Q8L7T6
AT2G38960,Q7X9I4
AT2G38970,F4IU12
AT2G38995,F4IU14
AT2G39000,Q9ZV08
AT2G39010,Q9ZV07
AT2G39020,Q9ZV06
AT2G39030,Q9ZV05
AT2G39040,Q9ZV04
AT2G39050,Q945P1
AT2G39060,Q9ZV02
AT2G39070,Q8VZB1
AT2G39090,Q8VY89
AT2G39100,Q8VZ73
AT2G39110,A0A1P8B0K8
AT2G39120,Q9ZUZ6
AT2G39130,F4IUW3
AT2G39140,Q8L960
AT2G39160,O80965
AT2G39170,O80964
AT2G39180,O80963
AT2G39190,O80962
AT2G39200,O80961
AT2G39210,O80960
AT2G39220,O80959
AT2G39230,O80958
AT2G39240,Q1PEV9
AT2G39250,Q6PV67
AT2G39260,F4IUX6
AT2G39270,Q84JF7
AT2G39280,F4IUX9
AT2G39290,O80952
AT2G39300,F4IUY1
AT2G39310,O80950
AT2G39320,O80949
AT2G39330,O80948
AT2G39340,F4IUY8
AT2G39350,O80946
AT2G39355,A0A1P8AY04
AT2G39360,O80623
AT2G39370,O80624
AT2G39375,A0A1P8AXR6
AT2G39380,O80625
AT2G39390,O80626
AT2G39400,O80627
AT2G39410,O80628
AT2G39415,Q3EBJ8
AT2G39420,Q8RXN7
AT2G39430,O80630
AT2G39435,F4IV00
AT2G39445,B3H5S3
AT2G39450,O80632
AT2G39460,Q8LD46
AT2G39470,O80634
AT2G39480,Q8LPT1
AT2G39490,Q5S4V7
AT2G39500,O80637
AT2G39510,O80638
AT2G39518,Q56X75
AT2G39520,O80639
AT2G39530,Q8GWD5
AT2G39540,O80641
AT2G39550,O80642
AT2G39560,O80643
AT2G39570,O80644
AT2G39580,A0A1P8B0L2
AT2G39590,O80646
AT2G39620,O80647
AT2G39630,Q9SLN0
AT2G39640,O48812
AT2G39650,O48813
AT2G39660,O48814
AT2G39670,F4IVY6
AT2G39690,A0A1P8B1C9
AT2G39700,O48818
AT2G39705,Q8S8S3
AT2G39710,O22282
AT2G39720,O22283
AT2G39725,Q8VZU1
AT2G39730,P10896
AT2G39740,Q5XET5
AT2G39750,O22285
AT2G39760,O22286
AT2G39770,O22287
AT2G39780,P42814
AT2G39782,B3H4S8
AT2G39790,O22288
AT2G39795,Q8W487
AT2G39800,P54887
AT2G39805,A8MSE3
AT2G39810,Q84JU6
AT2G39820,O22290
AT2G39830,Q0WSN2
AT2G39840,P48484
AT2G39850,F4IG09
AT2G39851,B3H4B7
AT2G39855,Q84WZ4
AT2G39865,B3H7G8
AT2G39870,O04191
AT2G39880,O04192
AT2G39890,P92961
AT2G39900,O04193
AT2G39910,Q8GXP4
AT2G39920,O04195
AT2G39930,O04196
AT2G39940,O04197
AT2G39950,O04198
AT2G39960,P58684
AT2G39970,O04200
AT2G39975,O04201
AT2G39990,O04202
AT2G40000,O04203
AT2G40004,F4IG33
AT2G40010,O04204
AT2G40020,A0A1P8B1X0
AT2G40030,Q5D869
AT2G40050,O04208
AT2G40060,O04209
AT2G40070,Q494P4
AT2G40080,O04211
AT2G40085,F4IG46
AT2G40090,O04212
AT2G40095,Q8GZ10
AT2G40100,Q9S7W1
AT2G40110,Q8LE51
AT2G40113,Q58FY6
AT2G40116,Q8GV43
AT2G40120,Q9XEE4
AT2G40130,F4IGZ2
AT2G40140,Q9XEE6
AT2G40150,Q94K00
AT2G40160,Q9SEZ9
AT2G40165,A0A1P8AXR7
AT2G40170,Q02973
AT2G40180,Q9XEE8
AT2G40190,Q9XEE9
AT2G40200,Q9XEF0
AT2G40210,Q9XEF1
AT2G40220,A0MES8
AT2G40230,Q9XEF2
AT2G40240,Q9S733
AT2G40250,Q9SIZ6
AT2G40260,Q9SIZ5
AT2G40270,Q9SIZ4
AT2G40280,Q9SIZ3
AT2G40290,Q9SIZ2
AT2G40300,Q9S756
AT2G40310,Q9S761
AT2G40313,Q4PL95
AT2G40320,F4IH21
AT2G40330,Q8S8E3
AT2G40340,Q8LFR2
AT2G40350,Q9SIZ0
AT2G40360,F4IH25
AT2G40370,Q9SIY8
AT2G40380,Q9SIY7
AT2G40390,Q6DR18
AT2G40400,Q9SIY5
AT2G40410,F4IH31
AT2G40420,Q0WQJ3
AT2G40430,O22892
AT2G40435,Q8RUZ5
AT2G40440,O22891
AT2G40450,O22890
AT2G40460,Q8VZR7
AT2G40470,Q8L5T5
AT2G40475,Q8RYE6
AT2G40480,Q5XVC7
AT2G40490,O22886
AT2G40500,O22885
AT2G40510,Q8LPJ7
AT2G40520,Q5BPR8
AT2G40530,O22882
AT2G40540,O22881
AT2G40550,Q501D5
AT2G40560,O22879
AT2G40570,A0A1P8B2A5
AT2G40580,O22877
AT2G40590,P49206
AT2G40600,Q8H114
AT2G40610,O22874
AT2G40620,O22873
AT2G40630,Q94EI6
AT2G40640,Q58FY4
AT2G40650,Q8LB54
AT2G40660,Q93VB0
AT2G40670,Q9SHC2
AT2G40690,Q949Q0
AT2G40700,Q7XJN0
AT2G40710,F4II26
AT2G40711,Q1G3R8
AT2G40715,A0A1P8B312
AT2G40720,Q7XJN6
AT2G40730,F4II29
AT2G40740,Q9SHB5
AT2G40745,Q84X46
AT2G40750,Q93WU8
AT2G40760,Q1JPN0
AT2G40765,Q94K78
AT2G40770,F4II36
AT2G40780,F4II37
AT2G40790,Q8GXV2
AT2G40800,Q9SHB0
AT2G40810,Q8GYD7
AT2G40815,A0A1P8B0P5
AT2G40820,F4IIZ9
AT2G40830,O22197
AT2G40840,Q8RXD9
AT2G40850,O22199
AT2G40860,Q940A2
AT2G40880,Q41906
AT2G40890,O22203
AT2G40900,F4IJ08
AT2G40910,Q3EBI7
AT2G40920,Q2V414
AT2G40925,Q3E7D1
AT2G40930,O22207
AT2G40935,Q8S8T8
AT2G40940,Q38846
AT2G40950,O22208
AT2G40955,Q8S8T7
AT2G40960,O22209
AT2G40970,O22210
AT2G40980,Q9SLM4
AT2G40990,O80685
AT2G40995,Q2V413
AT2G41000,Q0WTI8
AT2G41010,O80683
AT2G41020,Q67ZZ1
AT2G41040,Q0WPT7
AT2G41050,Q8RXY4
AT2G41060,O80678
AT2G41070,Q9C5Q2
AT2G41080,Q8S9M4
AT2G41082,B3H603
AT2G41090,P30187
AT2G41100,P25071
AT2G41105,A0A1P8B1C5
AT2G41110,P0DH97
AT2G41120,O80675
AT2G41130,O80674
AT2G41140,O80673
AT2G41150,F4IJX5
AT2G41160,Q8RXQ2
AT2G41170,Q6NKN8
AT2G41180,O80669
AT2G41190,O80668
AT2G41200,O80667
AT2G41210,Q9SLG9
AT2G41220,Q9T0P4
AT2G41225,B3H4R0
AT2G41230,Q8RWS1
AT2G41231,F4IJY5
AT2G41240,Q9ZVB5
AT2G41250,Q9ZVB6
AT2G41260,Q9S7S3
AT2G41280,O81483
AT2G41290,Q9SLG8
AT2G41300,F4IJZ6
AT2G41310,O80365
AT2G41330,Q9ZVB8
AT2G41340,Q9ZVB9
AT2G41342,Q1G3R7
AT2G41350,F4IK01
AT2G41355,A0A1P8AXW5
AT2G41360,Q9ZVC1
AT2G41370,Q9ZVC2
AT2G41375,A0A1P8AXS6
AT2G41380,Q9ZVC3
AT2G41390,F4IK06
AT2G41400,Q6DBF8
AT2G41410,P30188
AT2G41415,Q1G3R6
AT2G41417,A0A1P8AZY1
AT2G41420,Q8S8M0
AT2G41430,Q39096
AT2G41440,F4IK16
AT2G41445,A0A178VTF4
AT2G41450,B3H6L5
AT2G41451,B3H5R0
AT2G41460,P45951
AT2G41470,F4IKW3
AT2G41473,F4IKW4
AT2G41475,Q681K2
AT2G41480,O80822
AT2G41490,O22211
AT2G41500,O22212
AT2G41505,A0A1P8B1Q0
AT2G41510,O22213
AT2G41515,A0A1P8AYP2
AT2G41520,F4IKX0
AT2G41530,Q8LAS8
AT2G41540,O22216
AT2G41550,Q8GWL7
AT2G41560,O22218
AT2G41590,O22221
AT2G41600,O22222
AT2G41610,Q6DR41
AT2G41620,O22224
AT2G41630,P48512
AT2G41640,O22225
AT2G41650,O22226
AT2G41660,O22227
AT2G41670,Q8L607
AT2G41680,O22229
AT2G41690,O22230
AT2G41700,Q84M24
AT2G41705,Q8RYE2
AT2G41710,Q8GWK2
AT2G41720,Q8RWS8
AT2G41730,O22947
AT2G41740,O81644
AT2G41750,F4IL05
AT2G41760,O22944
AT2G41770,O22943
AT2G41780,O22942
AT2G41790,O22941
AT2G41800,O22940
AT2G41810,O22939
AT2G41820,O22938
AT2G41830,F4ILW4
AT2G41835,Q8VZ42
AT2G41840,P49688
AT2G41850,Q8RY29
AT2G41860,P93759
AT2G41870,P93758
AT2G41880,P93757
AT2G41890,P93756
AT2G41900,P93755
AT2G41905,Q3EBI2
AT2G41910,P93754
AT2G41920,P93753
AT2G41930,P93752
AT2G41940,P93751
AT2G41945,Q6GKW1
AT2G41950,O23684
AT2G41960,P93750
AT2G41970,P93749
AT2G41980,P93748
AT2G41990,P93747
AT2G41997,A8MQN0
AT2G42000,P93746
AT2G42005,F4ILY9
AT2G42010,P93733
AT2G42030,P93744
AT2G42040,P93743
AT2G42060,P93741
AT2G42065,A0A1P8AYV4
AT2G42070,P93740
AT2G42080,P93739
AT2G42090,P93738
AT2G42100,Q8RYC2
AT2G42110,O23683
AT2G42120,O48520
AT2G42130,Q8S9M1
AT2G42140,O48522
AT2G42150,O48523
AT2G42160,E5KGE0
AT2G42170,Q8GWA5
AT2G42180,Q84RF6
AT2G42190,O48526
AT2G42200,Q700W2
AT2G42210,O48528
AT2G42220,O48529
AT2G42230,Q66GP5
AT2G42240,Q0WQM7
AT2G42250,O48532
AT2G42260,O48533
AT2G42270,O48534
AT2G42280,Q66GR3
AT2G42290,Q9SLD0
AT2G42300,Q8VZ02
AT2G42310,Q9SLC8
AT2G42320,Q9SLC7
AT2G42330,Q9SLC6
AT2G42340,Q5BPR7
AT2G42350,Q9SLC4
AT2G42360,Q9SLC3
AT2G42370,Q9SLC2
AT2G42380,F4IN23
AT2G42390,Q9SLC0
AT2G42395,Q84TF7
AT2G42400,Q9SLB9
AT2G42410,Q9SLB8
AT2G42430,Q9SLB7
AT2G42440,Q9SLB6
AT2G42450,F4IN30
AT2G42455,A0A1P8B135
AT2G42460,F4IN32
AT2G42465,P0DKG4
AT2G42470,P0DKG5
AT2G42475,P0DKG6
AT2G42480,P0DKG7
AT2G42490,Q8L866
AT2G42500,Q07100
AT2G42510,F4IN39
AT2G42520,Q84W89
AT2G42530,Q9SIN5
AT2G42540,Q42512
AT2G42550,Q9SIN4
AT2G42560,Q9SIN3
AT2G42570,Q9SIN2
AT2G42580,Q9SIN1
AT2G42590,Q96299
AT2G42600,Q5GM68
AT2G42610,Q9S7R3
AT2G42620,Q9SIM9
AT2G42640,F4IP61
AT2G42650,Q8S8D2
AT2G42660,Q9SJJ0
AT2G42670,Q9SJI9
AT2G42680,Q9SJI8
AT2G42690,Q9SJI7
AT2G42700,F4IP69
AT2G42710,Q8RWT4
AT2G42720,Q6DR13
AT2G42725,A0A1P8AZ37
AT2G42730,Q0WR05
AT2G42740,P42795
AT2G42750,Q9SJI1
AT2G42760,Q9SJI0
AT2G42770,Q9SJH9
AT2G42780,Q9SJH8
AT2G42790,Q9SJH7
AT2G42800,Q9SJH6
AT2G42810,Q84XU2
AT2G42820,Q682H0
AT2G42830,P29385
AT2G42840,Q9S728
AT2G42850,Q9SJH2
AT2G42860,Q9SJH1
AT2G42865,A0A1P8B188
AT2G42870,Q9SJH0
AT2G42880,Q9SJG9
AT2G42885,Q8GY39
AT2G42890,Q9SJG8
AT2G42900,Q9SJG7
AT2G42910,Q680A5
AT2G42920,Q9SJG6
AT2G42930,Q9SJG5
AT2G42940,Q9SJG4
AT2G42950,Q8GY73
AT2G42955,F4IQ44
AT2G42960,Q9SJG2
AT2G42975,Q8RXT7
AT2G42980,Q9SJG1
AT2G42990,Q67ZI9
AT2G43000,Q9SK55
AT2G43010,Q8W2F3
AT2G43020,Q9SKX5
AT2G43030,Q9SKX4
AT2G43040,Q8GZN1
AT2G43050,Q9SKX2
AT2G43060,Q9SKX1
AT2G43070,Q4V3B8
AT2G43080,Q9ZW86
AT2G43090,Q9ZW85
AT2G43100,Q9ZW84
AT2G43110,Q8GWB4
AT2G43120,Q9ZW82
AT2G43130,P28187
AT2G43140,Q9ZW81
AT2G43150,Q9ZW80
AT2G43160,Q67YI9
AT2G43180,Q8GYI4
AT2G43190,Q9ZW76
AT2G43200,Q9ZW75
AT2G43210,Q9ZW74
AT2G43220,Q9ZW73
AT2G43230,F4IQ85
AT2G43240,Q8GY97
AT2G43250,Q9ZW70
AT2G43255,B3H5P2
AT2G43260,Q8S8Q9
AT2G43261,B3H784
AT2G43270,Q1PEU9
AT2G43280,Q84J94
AT2G43290,O22845
AT2G43310,O22846
AT2G43320,O22847
AT2G43330,Q8VZR6
AT2G43340,Q94JW9
AT2G43350,O22850
AT2G43360,P54967
AT2G43370,Q8VY74
AT2G43386,B3H563
AT2G43390,Q5BPR6
AT2G43400,O22854
AT2G43410,Q8LPQ9
AT2G43420,A9X4U2
AT2G43430,O24495
AT2G43440,A8MS20
AT2G43445,Q0WRU9
AT2G43450,O22859
AT2G43460,O22860
AT2G43465,A0A1P8B1F6
AT2G43470,F4IR55
AT2G43480,O22862
AT2G43490,B3H765
AT2G43500,O22864
AT2G43510,Q42328
AT2G43520,O22866
AT2G43530,O22867
AT2G43535,Q8RYE7
AT2G43540,O22868
AT2G43550,O22869
AT2G43560,O22870
AT2G43570,O24603
AT2G43580,O24598
AT2G43590,O24658
AT2G43600,O24654
AT2G43610,O22842
AT2G43620,O22841
AT2G43630,Q8VYY8
AT2G43640,O04421
AT2G43650,Q8L3P4
AT2G43660,F4IS25
AT2G43670,Q6IDB5
AT2G43680,Q8LPG9
AT2G43690,O22834
AT2G43700,O22833
AT2G43710,O22832
AT2G43720,O22831
AT2G43730,Q84X07
AT2G43740,O22829
AT2G43745,Q84X12
AT2G43750,P47999
AT2G43760,O22827
AT2G43770,O22826
AT2G43780,O22825
AT2G43790,Q39026
AT2G43795,B3H7M7
AT2G43800,O22824
AT2G43810,O22823
AT2G43820,O22822
AT2G43840,O22820
AT2G43850,F4IS56
AT2G43860,O22818
AT2G43865,Q1G3R3
AT2G43870,O22817
AT2G43880,Q9SLM8
AT2G43890,O80559
AT2G43900,O80560
AT2G43910,Q0WP12
AT2G43920,O80562
AT2G43930,F4IT19
AT2G43940,Q6AWU6
AT2G43945,F4IT21
AT2G43950,O80565
AT2G43960,Q58FX2
AT2G43970,O80567
AT2G43980,O80568
AT2G43990,O80569
AT2G44000,O80570
AT2G44010,O80571
AT2G44020,O80572
AT2G44030,O80573
AT2G44040,O80574
AT2G44050,O80575
AT2G44060,O80576
AT2G44065,Q8VZU4
AT2G44070,F4IT40
AT2G44080,Q8RXL7
AT2G44090,O80579
AT2G44100,Q96254
AT2G44110,O80580
AT2G44120,P60039
AT2G44130,O80582
AT2G44140,Q8S929
AT2G44150,Q945S8
AT2G44160,O80585
AT2G44170,Q94L32
AT2G44175,Q3EBG4
AT2G44180,Q9FV49
AT2G44190,O80588
AT2G44195,Q1PEU6
AT2G44198,B3H503
AT2G44200,O64855
AT2G44210,B9DGK6
AT2G44220,F4IT63
AT2G44230,O64858
AT2G44240,O64859
AT2G44250,F4IT66
AT2G44260,O64861
AT2G44270,O64862
AT2G44280,Q8L7S2
AT2G44290,O64864
AT2G44300,O64865
AT2G44310,O64866
AT2G44330,O64867
AT2G44340,O64868
AT2G44350,P20115
AT2G44360,O64870
AT2G44370,O64871
AT2G44380,O64872
AT2G44390,O64873
AT2G44400,O64874
AT2G44410,Q6NLR3
AT2G44420,O64876
AT2G44430,O64877
AT2G44440,Q08A72
AT2G44450,O64879
AT2G44460,Q4V3B3
AT2G44470,Q8GXT2
AT2G44480,O64882
AT2G44490,O64883
AT2G44500,O64884
AT2G44510,O64885
AT2G44520,O64886
AT2G44525,Q8RUX8
AT2G44530,O64888
AT2G44540,O64889
AT2G44550,O64890
AT2G44560,Q8S8Q4
AT2G44570,O80497
AT2G44578,A8MS73
AT2G44580,F4IU60
AT2G44581,B3H6J7
AT2G44590,Q8S3C9
AT2G44600,O80500
AT2G44610,O80501
AT2G44620,P53665
AT2G44630,O80502
AT2G44640,O80503
AT2G44650,O80504
AT2G44660,O80505
AT2G44670,O80506
AT2G44680,O80507
AT2G44690,Q9XGU0
AT2G44700,Q84RE1
AT2G44710,Q8RWQ1
AT2G44730,O80512
AT2G44735,F4IV13
AT2G44740,O80513
AT2G44745,Q93WY4
AT2G44750,F4IV16
AT2G44760,F4IV18
AT2G44770,O80516
AT2G44790,O80517
AT2G44800,F4IV21
AT2G44810,Q948R1
AT2G44820,F4IV24
AT2G44830,F4IV25
AT2G44840,Q8L9K1
AT2G44850,F4IV28
AT2G44860,O22165
AT2G44870,O22164
AT2G44880,Q1PEU4
AT2G44890,F4IV34
AT2G44900,O22161
AT2G44910,P92953
AT2G44920,O22160
AT2G44925,B3H5E6
AT2G44930,O22159
AT2G44940,Q8LBQ7
AT2G44950,Q8RXD6
AT2G44970,Q84WV5
AT2G44980,F4IV45
AT2G44990,Q7XJM2
AT2G44993,A0A1P8B242
AT2G45000,Q8L7F7
AT2G45010,Q8L3T0
AT2G45030,F4IW10
AT2G45040,Q8GWW6
AT2G45050,O49741
AT2G45060,Q94AZ5
AT2G45070,P38389
AT2G45080,Q9SHD3
AT2G45100,F4IW19
AT2G45110,Q9SHD1
AT2G45120,Q9SHD0
AT2G45130,Q5PP62
AT2G45135,F4IW24
AT2G45140,Q9SHC8
AT2G45150,Q94A03
AT2G45160,Q7XJM8
AT2G45170,Q8S926
AT2G45180,Q42044
AT2G45190,O22152
AT2G45200,O22151
AT2G45210,O22150
AT2G45220,O22149
AT2G45240,Q9SLN5
AT2G45243,A0A1P8B292
AT2G45250,A8MRU4
AT2G45260,O22146
AT2G45270,O22145
AT2G45280,Q8GXF0
AT2G45290,F4IW47
AT2G45300,P05466
AT2G45310,O22141
AT2G45320,F4IW50
AT2G45330,F4IW51
AT2G45340,O22138
AT2G45350,O22137
AT2G45360,O22136
AT2G45370,F4IG49
AT2G45400,O22133
AT2G45403,Q84V14
AT2G45403,F4IG52
AT2G45405,A0A1P8AYD3
AT2G45406,F4IG53
AT2G45410,O22132
AT2G45420,O22131
AT2G45430,O22130
AT2G45440,Q9FVC8
AT2G45450,F4IG60
AT2G45460,F4IG63
AT2G45470,O22126
AT2G45480,Q8S9M3
AT2G45490,O64629
AT2G45500,Q0WMJ4
AT2G45510,O64631
AT2G45520,O64632
AT2G45530,O64633
AT2G45540,F4IG73
AT2G45550,O64635
AT2G45560,O64636
AT2G45570,O64637
AT2G45580,O64638
AT2G45590,O64639
AT2G45600,O64640
AT2G45610,O64641
AT2G45620,O64642
AT2G45630,Q67Y01
AT2G45640,O64644
AT2G45650,P29386
AT2G45660,O64645
AT2G45670,Q8S8S2
AT2G45680,O64647
AT2G45690,Q8S8S1
AT2G45695,A0MDQ1
AT2G45700,O64649
AT2G45710,O64650
AT2G45720,O64651
AT2G45730,O80846
AT2G45740,O80845
AT2G45750,O80844
AT2G45760,Q58FX0
AT2G45770,O80842
AT2G45790,O80840
AT2G45800,O80839
AT2G45810,Q94BV4
AT2G45820,O80837
AT2G45830,F4IH50
AT2G45840,F4IH52
AT2G45850,O80834
AT2G45860,O80833
AT2G45870,O80832
AT2G45880,O80831
AT2G45890,Q0WNP7
AT2G45900,O80829
AT2G45910,Q8GUH1
AT2G45920,Q683D5
AT2G45930,O80826
AT2G45940,A0A178VQ73
AT2G45950,A8MQG7
AT2G45960,Q06611
AT2G45970,O80823
AT2G45980,O82775
AT2G45990,O82790
AT2G46000,O82812
AT2G46020,Q6EVK6
AT2G46030,P42750
AT2G46040,Q84JT7
AT2G46050,O82363
AT2G46060,Q8RWX6
AT2G46070,Q8GYQ5
AT2G46080,O82360
AT2G46090,O82359
AT2G46100,Q6ID84
AT2G46110,O82357
AT2G46130,Q8GY11
AT2G46140,O82355
AT2G46150,O82354
AT2G46160,O82353
AT2G46170,O82352
AT2G46180,Q8VYU6
AT2G46190,O82350
AT2G46200,Q8VYD3
AT2G46210,Q3EBF7
AT2G46220,O82347
AT2G46225,Q8S8M5
AT2G46230,O82346
AT2G46240,O82345
AT2G46250,O82344
AT2G46260,O82343
AT2G46270,P42776
AT2G46280,Q38884
AT2G46290,F4II66
AT2G46300,Q1PEU2
AT2G46308,B3H448
AT2G46310,O82339
AT2G46320,F4II70
AT2G46330,O82337
AT2G46340,Q9SYX2
AT2G46360,Q9SKE3
AT2G46370,Q9SKE2
AT2G46375,Q8S8G5
AT2G46380,Q0WVG1
AT2G46390,Q9SKE0
AT2G46400,Q9SKD9
AT2G46410,O22059
AT2G46420,Q9SKD8
AT2G46430,Q9SKD7
AT2G46440,Q9SKD6
AT2G46450,Q8GWD2
AT2G46455,A0A1P8B0B8
AT2G46460,Q9SKD4
AT2G46470,Q9SKD3
AT2G46480,Q9ZPZ1
AT2G46490,Q9ZPZ0
AT2G46493,P0CH03
AT2G46494,P0CH02
AT2G46495,P0CH01
AT2G46500,Q9ZPY9
AT2G46505,Q941A0
AT2G46510,Q9ZPY8
AT2G46520,Q9ZPY7
AT2G46530,Q9ZPY6
AT2G46535,Q84JE7
AT2G46540,Q9ZPY5
AT2G46550,Q9ZPY4
AT2G46560,F4IJ68
AT2G46567,B3H5F1
AT2G46570,Q9ZPY2
AT2G46580,Q9ZPY1
AT2G46590,Q9ZPY0
AT2G46600,Q9ZPX9
AT2G46610,Q9ZPX8
AT2G46620,F4IJ77
AT2G46630,Q9ZNU3
AT2G46640,F4IJ79
AT2G46650,Q9ZNV4
AT2G46660,Q9ZNR0
AT2G46670,C0SV91
AT2G46680,P46897
AT2G46690,Q9ZUZ3
AT2G46700,Q9ZUZ2
AT2G46710,Q8GYY5
AT2G46720,Q9ZUZ0
AT2G46735,Q8VYU9
AT2G46740,O81030
AT2G46750,Q6NQ66
AT2G46760,O81032
AT2G46765,A0A1P8AXW3
AT2G46770,Q84WP6
AT2G46780,Q501B0
AT2G46790,Q8L500
AT2G46800,Q9ZT63
AT2G46810,O81037
AT2G46820,Q8LCA1
AT2G46830,P92973
AT2G46840,O81039
AT2G46850,Q8S8N4
AT2G46860,O82793
AT2G46870,O82799
AT2G46880,Q84LR6
AT2G46890,O81042
AT2G46900,O80734
AT2G46910,Q8W4F1
AT2G46915,F4IK40
AT2G46920,Q8RWN7
AT2G46930,O80731
AT2G46940,F4IK44
AT2G46950,F4IK45
AT2G46960,Q9ASR3
AT2G46970,Q8L5W8
AT2G46980,Q0WR66
AT2G46990,O24410
AT2G46995,B3H5F0
AT2G47000,O80725
AT2G47010,Q944A3
AT2G47020,A2RVR7
AT2G47030,O80722
AT2G47040,Q5MFV8
AT2G47050,O80720
AT2G47060,O80719
AT2G47070,Q9SMX9
AT2G47090,F4IK69
AT2G47110,P59232
AT2G47115,F4IK72
AT2G47120,O80714
AT2G47130,O80713
AT2G47140,Q94K41
AT2G47150,O80711
AT2G47160,Q8VYR7
AT2G47170,P36397
AT2G47180,O22893
AT2G47190,Q39028
AT2G47200,O22894
AT2G47210,Q8VZL6
AT2G47220,Q0WNB1
AT2G47230,O22897
AT2G47240,O22898
AT2G47245,A0A1P8B2A8
AT2G47250,O22899
AT2G47260,O22900
AT2G47270,O22901
AT2G47280,Q4PSQ5
AT2G47300,F4IL30
AT2G47310,Q6AWW6
AT2G47320,Q94A16
AT2G47330,O22907
AT2G47340,O22908
AT2G47350,O22909
AT2G47360,O22910
AT2G47370,O22911
AT2G47380,O22912
AT2G47390,Q8VZF3
AT2G47400,O22914
AT2G47410,A0A178W3E8
AT2G47420,O22268
AT2G47430,O22267
AT2G47440,O22266
AT2G47450,O22265
AT2G47460,O22264
AT2G47470,O22263
AT2G47480,O22262
AT2G47485,Q6DBG0
AT2G47490,O22261
AT2G47500,F4IL57
AT2G47510,P93033
AT2G47520,O22259
AT2G47530,O22258
AT2G47540,O22257
AT2G47550,O22256
AT2G47560,O22255
AT2G47570,O22254
AT2G47580,Q39244
AT2G47584,P0DKJ1
AT2G47590,Q8LB72
AT2G47600,O22252
AT2G47610,P49692
AT2G47620,Q8W475
AT2G47630,O22248
AT2G47640,Q8RUH0
AT2G47650,Q8S8T4
AT2G47670,O22244
AT2G47680,O22243
AT2G47690,O82238
AT2G47700,O82239
AT2G47710,O82240
AT2G47720,O82241
AT2G47730,Q96266
AT2G47750,O82243
AT2G47760,O82244
AT2G47770,O82245
AT2G47780,O82246
AT2G47790,Q944S2
AT2G47800,Q7DM58
AT2G47810,O82248
AT2G47820,Q8GZA1
AT2G47830,Q8L725
AT2G47840,O82251
AT2G47844,B3H4R4
AT2G47850,Q84W91
AT2G47860,O82253
AT2G47870,O82254
AT2G47880,O82255
AT2G47885,A0A1P8AXS1
AT2G47890,O82256
AT2G47900,Q8VY21
AT2G47910,O82258
AT2G47920,O82259
AT2G47930,Q94F57
AT2G47935,A0A1P8B1Y5
AT2G47940,O82261
AT2G47950,A0A1P8AZN4
AT2G47960,O82263
AT2G47970,O82264
AT2G47980,O82265
AT2G47990,O82266
AT2G48000,Q9ZU88
AT2G48010,P93050
AT2G48020,P93051
AT2G48030,Q9ZU86
AT2G48060,F4IN58
AT2G48070,Q9ZU82
AT2G48075,Q2V2R0
AT2G48080,F4IN63
AT2G48090,A0A1P8B1J6
AT2G48100,Q9ZU79
AT2G48110,F4IN69
AT2G48120,Q39089
AT2G48121,F4IN73
AT2G48130,Q7EB72
AT2G48140,Q94AX3
AT2G48150,Q8L910
AT2G48160,F4IN78
AT3G01010,Q9MAB5
AT3G01015,Q5XVC4
AT3G01020,Q9MAB6
AT3G01030,F4IYD1
AT3G01040,Q0WV13
AT3G01050,Q9MAB9
AT3G01060,Q8RWI4
AT3G01070,Q9MAC1
AT3G01080,Q93WU7
AT3G01085,A0A1I9LLS7
AT3G01090,Q38997
AT3G01100,Q8GUH7
AT3G01120,P55217
AT3G01130,A0A1I9LP53
AT3G01140,Q9LE63
AT3G01150,Q9MAC5
AT3G01160,Q9MAC6
AT3G01170,Q6NLZ8
AT3G01175,F4J4Q8
AT3G01180,Q9MAC8
AT3G01185,Q3EBD9
AT3G01190,Q43735
AT3G01200,Q9MAC9
AT3G01210,Q9MAD0
AT3G01220,Q8LAT0
AT3G01230,Q9MAD2
AT3G01240,Q9MAD3
AT3G01250,Q9MAD4
AT3G01260,F4J5Z7
AT3G01270,Q9SRH4
AT3G01280,Q9SRH5
AT3G01290,Q9SRH6
AT3G01300,Q9SRH7
AT3G01310,F4J8C6
AT3G01311,F4J8C8
AT3G01319,B3H428
AT3G01320,Q9SRH9
AT3G01322,A8MQI0
AT3G01323,Q2V3Z5
AT3G01324,A7REG9
AT3G01325,Q3EBD8
AT3G01326,A8MRE2
AT3G01327,A8MRI2
AT3G01328,A8MQL3
AT3G01329,A7REG8
AT3G01330,Q8RWL0
AT3G01331,A8MRV4
AT3G01340,Q9SRI1
AT3G01345,Q3EBD7
AT3G01350,Q9SRI2
AT3G01360,Q9SRI3
AT3G01370,Q8L7C2
AT3G01380,A0A1I9LQ21
AT3G01390,O82628
AT3G01400,Q9SGH8
AT3G01410,F4JEB4
AT3G01415,A0A1I9LSK1
AT3G01420,Q9SGH6
AT3G01430,Q9SGH5
AT3G01435,Q6ID77
AT3G01440,Q9SGH4
AT3G01450,Q9SGH3
AT3G01460,Q9SGH2
AT3G01470,Q02283
AT3G01475,A0A1I9LTC6
AT3G01480,Q9SSA5
AT3G01490,Q9SSA4
AT3G01500,P27140
AT3G01510,F4J117
AT3G01513,Q6DR30
AT3G01516,Q6NLE5
AT3G01520,Q8LGG8
AT3G01530,Q9SSA1
AT3G01540,Q8H136
AT3G01550,Q8H0T6
AT3G01560,F4J3J5
AT3G01570,Q9SS98
AT3G01572,B3H495
AT3G01580,Q9SS97
AT3G01590,Q9SS96
AT3G01600,F4J4R5
AT3G01610,Q9SS94
AT3G01620,Q9SS93
AT3G01630,Q9SS92
AT3G01640,Q93ZC9
AT3G01650,Q9SS90
AT3G01660,Q9SS89
AT3G01670,Q93XX2
AT3G01680,Q9SS87
AT3G01690,Q9S7U7
AT3G01700,Q9FVE0
AT3G01710,A0A1I9LPX1
AT3G01720,Q8VYF9
AT3G01730,Q9S7S5
AT3G01740,Q9S799
AT3G01750,Q9S7I4
AT3G01760,Q9SS86
AT3G01770,Q93ZB7
AT3G01780,F4J8D3
AT3G01790,Q7XA68
AT3G01800,Q6NQM0
AT3G01810,Q9SGJ0
AT3G01820,Q8L7W7
AT3G01830,Q9SGI8
AT3G01840,Q9SGI7
AT3G01850,Q94K13
AT3G01860,Q0WMJ7
AT3G01870,Q9SGI4
AT3G01880,Q9S7Q5
AT3G01890,Q147F4
AT3G01900,Q9S833
AT3G01910,Q9S850
AT3G01920,Q9SGI3
AT3G01930,Q9S7R2
AT3G01940,Q9S7L7
AT3G01950,Q9S721
AT3G01960,Q9S839
AT3G01961,B3H711
AT3G01970,Q9S763
AT3G01980,A0A1I9LNL3
AT3G01990,Q9SGA0
AT3G02000,Q96305
AT3G02010,Q9S7F4
AT3G02020,Q9S702
AT3G02030,A0A1I9LSS3
AT3G02040,Q9SGA2
AT3G02050,Q9LD18
AT3G02060,F4JFJ3
AT3G02065,Q3EBD3
AT3G02070,Q9SGA5
AT3G02080,Q9SGA6
AT3G02090,Q42290
AT3G02100,Q9SGA8
AT3G02110,Q8L9Y0
AT3G02120,Q8L9N1
AT3G02125,Q1PET7
AT3G02130,Q9S7I6
AT3G02140,Q9S7Z2
AT3G02150,Q9S7W5
AT3G02160,Q9S7R9
AT3G02170,Q9S823
AT3G02180,Q9S7P8
AT3G02190,Q8L8W6
AT3G02200,Q8W4A0
AT3G02210,Q9SRT7
AT3G02220,Q9SRT8
AT3G02230,Q9SRT9
AT3G02240,Q6NNL3
AT3G02242,B3H5Q2
AT3G02245,A0A178VM33
AT3G02250,Q93ZR8
AT3G02255,A0A1I9LNA3
AT3G02260,Q9SRU2
AT3G02270,Q9SRU3
AT3G02280,Q6NPS8
AT3G02290,Q8LE94
AT3G02300,F4J609
AT3G02310,P29384
AT3G02320,Q9SRU7
AT3G02330,Q9FWA6
AT3G02340,Q9FWA5
AT3G02350,Q9FWA4
AT3G02360,Q9FWA3
AT3G02370,F4J8D6
AT3G02380,Q96502
AT3G02390,F4J8D9
AT3G02400,Q9M8A0
AT3G02410,Q1PET6
AT3G02420,Q9M898
AT3G02430,Q9M897
AT3G02440,Q9M896
AT3G02450,Q9M895
AT3G02460,Q8LAF3
AT3G02470,Q96286
AT3G02480,Q9M892
AT3G02490,Q9M891
AT3G02493,Q6X5U1
AT3G02500,A0A1I9LSH4
AT3G02510,Q0WSJ9
AT3G02520,Q96300
AT3G02530,Q9M888
AT3G02540,Q84L31
AT3G02550,Q9M886
AT3G02555,Q8LF93
AT3G02560,Q9M885
AT3G02570,Q9M884
AT3G02580,Q39208
AT3G02590,Q9M883
AT3G02600,Q8LFD1
AT3G02610,Q9M881
AT3G02620,Q9M880
AT3G02630,Q9M879
AT3G02640,Q9M878
AT3G02645,P0C897
AT3G02650,P0C896
AT3G02660,Q9M876
AT3G02670,Q9M875
AT3G02673,A0A1I9LQ91
AT3G02677,A0A1I9LQ93
AT3G02680,Q0H8D7
AT3G02690,Q93V85
AT3G02700,Q9M872
AT3G02710,A3KPF3
AT3G02720,Q9M8R4
AT3G02730,Q9XFH8
AT3G02740,Q9M8R6
AT3G02750,Q9M8R7
AT3G02760,F4IYF8
AT3G02770,Q9M8R9
AT3G02780,Q42553
AT3G02790,Q9M8S0
AT3G02800,Q681Z2
AT3G02810,Q9M8S2
AT3G02820,A0A1I9LR82
AT3G02830,Q8GXX7
AT3G02840,Q9M8S5
AT3G02850,Q9M8S6
AT3G02860,Q9M8S7
AT3G02870,Q9M8S8
AT3G02875,P54968
AT3G02880,Q9M8T0
AT3G02885,Q84J95
AT3G02890,F4IYH6
AT3G02900,F4IYH7
AT3G02910,Q9M8T3
AT3G02920,Q8LFJ8
AT3G02930,Q9M8T5
AT3G02940,Q9LDI5
AT3G02950,Q9M8T6
AT3G02960,Q9M8T7
AT3G02970,Q9M8T8
AT3G02975,A0A1I9LTE5
AT3G02980,Q9M8T9
AT3G02990,Q9SCW5
AT3G03000,Q9M8U1
AT3G03010,Q9M8U2
AT3G03020,Q8GUN0
AT3G03030,Q9M8U4
AT3G03040,Q9LDJ9
AT3G03050,Q9M9M4
AT3G03060,Q0WVF7
AT3G03070,Q9M9M6
AT3G03080,Q9M9M7
AT3G03090,Q8L6Z8
AT3G03100,Q9M9M9
AT3G03110,F4IZR5
AT3G03120,Q9M9N1
AT3G03130,Q9M9N2
AT3G03140,Q9M9N3
AT3G03150,Q84VW1
AT3G03160,Q9M9N5
AT3G03170,Q29PZ2
AT3G03180,Q6NMM1
AT3G03190,Q96324
AT3G03200,A4VCM0
AT3G03210,Q9M9N9
AT3G03220,Q9M9P0
AT3G03230,Q9M9P1
AT3G03240,Q501F6
AT3G03250,Q9M9P3
AT3G03260,Q9M9P4
AT3G03270,Q9M9P5
AT3G03272,A7RED5
AT3G03280,Q9M9P6
AT3G03290,Q9M9P7
AT3G03300,Q3EBC8
AT3G03305,Q0WVZ1
AT3G03310,Q93V61
AT3G03320,Q9SRN6
AT3G03330,Q8L7U0
AT3G03340,F4IZU3
AT3G03341,Q1G3B4
AT3G03350,F4J128
AT3G03360,Q84W80
AT3G03370,F4J131
AT3G03380,Q8RY22
AT3G03400,Q9SRP4
AT3G03405,F4J135
AT3G03410,Q9SRP5
AT3G03420,Q9SRP6
AT3G03430,Q9SRP7
AT3G03440,F4J139
AT3G03450,Q8GXW1
AT3G03460,Q9SRQ0
AT3G03470,Q9SRQ1
AT3G03480,Q9SRQ2
AT3G03490,Q9SRQ3
AT3G03500,Q9SRQ4
AT3G03510,Q9SRQ5
AT3G03520,Q9SRQ6
AT3G03530,Q9SRQ7
AT3G03540,Q9S816
AT3G03550,Q9SRQ8
AT3G03560,F4J152
AT3G03570,F4J153
AT3G03580,Q9SS60
AT3G03590,Q9SS61
AT3G03600,Q9GCB9
AT3G03610,Q8VXW7
AT3G03620,F4J158
AT3G03630,O22682
AT3G03640,O82772
AT3G03650,Q9SS65
AT3G03660,Q6X7J3
AT3G03670,Q9SS67
AT3G03680,Q9SS68
AT3G03690,Q9SS69
AT3G03700,Q9S7M7
AT3G03710,Q8GZQ3
AT3G03720,Q8W4K3
AT3G03726,F4J173
AT3G03730,Q9SRV0
AT3G03740,Q9SRV1
AT3G03750,Q9SRV2
AT3G03760,Q9SRV3
AT3G03770,Q8LFN2
AT3G03773,Q6ID70
AT3G03776,A0A1I9LP11
AT3G03780,Q9SRV5
AT3G03790,F4J2C6
AT3G03800,Q9SRV7
AT3G03810,F4J2C8
AT3G03820,Q9SRV9
AT3G03826,B3H4D2
AT3G03828,B3H4H1
AT3G03830,Q9SRW0
AT3G03840,Q9SRW1
AT3G03847,Q3EBC5
AT3G03850,Q6NMM4
AT3G03860,Q93YX4
AT3G03870,Q9SRW4
AT3G03880,Q84JV8
AT3G03890,Q8LDU1
AT3G03900,Q9SRW7
AT3G03910,Q9S7A0
AT3G03920,Q8VZT0
AT3G03930,Q9S828
AT3G03940,Q9SQR8
AT3G03950,Q3MK94
AT3G03960,Q94K05
AT3G03970,Q9SQR5
AT3G03980,Q9SQR4
AT3G03990,Q9SQR3
AT3G04000,Q9SQR2
AT3G04010,Q9SQR1
AT3G04020,F4J2F8
AT3G04030,Q9SQQ9
AT3G04040,Q6NNK6
AT3G04050,Q9SQQ7
AT3G04060,Q9SQQ6
AT3G04070,Q84TD6
AT3G04080,Q9SQG2
AT3G04090,Q9M8W5
AT3G04100,Q9M8W6
AT3G04110,Q9M8W7
AT3G04120,P25858
AT3G04130,Q9M8W9
AT3G04140,Q9M8X0
AT3G04150,Q9M8X1
AT3G04160,Q9M8X2
AT3G04170,Q9M8X3
AT3G04180,Q9M8X4
AT3G04181,B3H4V9
AT3G04184,B3H617
AT3G04190,Q9M8X5
AT3G04200,Q9M8X6
AT3G04210,Q8H1N6
AT3G04220,Q9M8X8
AT3G04230,Q9M8X9
AT3G04240,Q9M8Y0
AT3G04250,Q9M8Y1
AT3G04260,F4J3M2
AT3G04270,F4J3M3
AT3G04280,Q9M8Y4
AT3G04290,Q9M8Y5
AT3G04300,Q9M8Y6
AT3G04310,Q9M8Y7
AT3G04320,Q0WNE5
AT3G04330,Q9M8Y9
AT3G04340,F4J3N2
AT3G04350,Q9M8Z1
AT3G04360,F4J3N4
AT3G04370,Q6E263
AT3G04380,Q8W595
AT3G04390,Q9M847
AT3G04410,Q9M846
AT3G04420,Q8W4R4
AT3G04430,Q9M844
AT3G04440,Q9M843
AT3G04443,A0A1I9LLJ8
AT3G04450,F4J3P7
AT3G04460,Q9M841
AT3G04470,Q9M840
AT3G04480,F4J3Q1
AT3G04490,A0A1I9LPW4
AT3G04500,Q9M837
AT3G04510,Q9M836
AT3G04520,Q9FPH3
AT3G04530,Q93VK0
AT3G04540,Q9M833
AT3G04545,Q2V3Y8
AT3G04550,Q9SR19
AT3G04560,Q9SR18
AT3G04570,Q9SR17
AT3G04580,Q9ZTP3
AT3G04590,A1L4X7
AT3G04600,Q9SR15
AT3G04610,Q9SR13
AT3G04620,Q9SR12
AT3G04630,Q8GYX9
AT3G04640,Q9SR10
AT3G04650,Q9SR09
AT3G04660,Q9SR08
AT3G04670,Q9SR07
AT3G04680,Q9SR06
AT3G04690,Q9SR05
AT3G04700,Q9SR04
AT3G04710,F4J4V4
AT3G04720,P43082
AT3G04730,O24407
AT3G04735,A8MRF9
AT3G04740,Q9SR02
AT3G04750,Q9SR01
AT3G04760,Q9SR00
AT3G04770,Q8H173
AT3G04780,Q9SQZ9
AT3G04790,Q9S726
AT3G04800,Q9S837
AT3G04810,Q9CAU7
AT3G04820,Q5XVC2
AT3G04830,Q9CAU9
AT3G04840,Q9CAV0
AT3G04850,Q84JZ8
AT3G04854,B3H6R6
AT3G04855,B3H4X9
AT3G04860,Q9CAV2
AT3G04870,Q38893
AT3G04880,Q05212
AT3G04890,B3H4P9
AT3G04900,Q9CAV5
AT3G04903,Q2V3Y5
AT3G04910,Q9CAV6
AT3G04920,Q9SS17
AT3G04930,Q9CAV7
AT3G04940,Q9S6Z7
AT3G04943,P82756
AT3G04945,P82732
AT3G04950,Q681W7
AT3G04960,F4J631
AT3G04970,Q3EBC2
AT3G04980,A0A1I9LPC5
AT3G04990,Q9CAW3
AT3G05000,Q9CAW4
AT3G05010,Q94AH1
AT3G05020,P11829
AT3G05030,Q56XP4
AT3G05035,A0A1I9LMZ0
AT3G05040,Q0WP44
AT3G05050,Q9MAB4
AT3G05060,Q9MAB3
AT3G05070,Q9MAB2
AT3G05080,Q9MAB1
AT3G05090,Q93ZS6
AT3G05100,Q9MAA9
AT3G05110,Q9MAA8
AT3G05120,Q9MAA7
AT3G05130,Q9MAA6
AT3G05140,Q8RXC8
AT3G05150,Q0WQ63
AT3G05155,Q7XA64
AT3G05160,Q93Z80
AT3G05165,Q94AF9
AT3G05170,Q9MAA2
AT3G05180,Q9MAA1
AT3G05190,Q8W0Z7
AT3G05200,Q8RXX9
AT3G05210,Q9MA98
AT3G05220,Q0WV37
AT3G05230,Q9MA96
AT3G05240,Q9MA95
AT3G05250,Q8GYA2
AT3G05260,Q9MA93
AT3G05270,Q9MA92
AT3G05280,Q8GWB3
AT3G05290,Q9MA90
AT3G05300,Q9MA89
AT3G05310,Q9MA88
AT3G05320,Q9MA87
AT3G05327,Q1G3M7
AT3G05330,Q84M91
AT3G05340,Q9MA85
AT3G05345,F4J794
AT3G05350,Q8RY11
AT3G05360,Q9MA83
AT3G05365,A0A1I9LT75
AT3G05370,Q8RX63
AT3G05380,Q6A333
AT3G05390,Q9MA52
AT3G05400,Q8VZT3
AT3G05410,F4J7A7
AT3G05420,Q9MA55
AT3G05425,B3H6C0
AT3G05430,Q9MA56
AT3G05440,Q9MA57
AT3G05450,F4J7B4
AT3G05460,Q8L9R7
AT3G05470,Q9MA60
AT3G05480,F4J7B7
AT3G05490,Q9MA62
AT3G05500,Q9MA63
AT3G05510,Q94F16
AT3G05520,O82631
AT3G05530,Q9SEI2
AT3G05540,Q9M9V9
AT3G05545,Q84WW4
AT3G05550,Q9M9W0
AT3G05560,Q9M9W1
AT3G05570,Q9M9W2
AT3G05580,Q9M9W3
AT3G05590,P42791
AT3G05600,Q9M9W5
AT3G05610,Q8GX86
AT3G05620,Q9M9W7
AT3G05625,Q8GUK5
AT3G05630,Q9M9W8
AT3G05640,Q9M9W9
AT3G05650,Q9M9X0
AT3G05660,F4J8G2
AT3G05670,Q9M9X2
AT3G05675,Q8RX01
AT3G05680,F4J8G7
AT3G05685,F4J8G8
AT3G05690,Q9M9X4
AT3G05700,Q84J70
AT3G05710,Q9SUJ1
AT3G05720,Q9M9X7
AT3G05725,Q5XVC1
AT3G05727,Q56XB0
AT3G05730,Q9M9M3
AT3G05740,Q9FT74
AT3G05741,Q2V3Y1
AT3G05746,B3H6G2
AT3G05750,F4J8I0
AT3G05760,Q93W87
AT3G05770,Q9M9L9
AT3G05775,A0A1I9LME3
AT3G05780,Q9M9L8
AT3G05790,Q9M9L7
AT3G05800,Q9M9L6
AT3G05810,Q8LC40
AT3G05820,Q84JL5
AT3G05830,Q9M9L3
AT3G05840,P43289
AT3G05850,Q9M9L2
AT3G05858,Q1G3M8
AT3G05860,F4J9K3
AT3G05870,Q9M9L0
AT3G05880,Q9ZNQ7
AT3G05890,Q9ZNS6
AT3G05900,F4J9K9
AT3G05910,Q9SFF6
AT3G05920,Q9SFF7
AT3G05930,P93000
AT3G05935,A0A1I9LLN1
AT3G05936,Q1G3B3
AT3G05937,Q3EBC0
AT3G05940,Q9SFF8
AT3G05950,Q9SFF9
AT3G05960,Q9SFG0
AT3G05970,Q8LPS1
AT3G05975,Q3EBB9
AT3G05980,Q9SFG2
AT3G05990,Q9SFG3
AT3G06000,Q9SFG4
AT3G06010,F4J9M5
AT3G06019,B3H758
AT3G06020,Q9SFG6
AT3G06030,O22042
AT3G06035,Q84MC0
AT3G06040,Q9M7T1
AT3G06050,Q9M7T0
AT3G06060,Q0WRJ2
AT3G06070,Q8LED7
AT3G06080,Q9LDG2
AT3G06085,A0A1I9LNA0
AT3G06090,Q9M8K9
AT3G06100,Q8LAI1
AT3G06110,Q9M8K7
AT3G06120,Q9M8K6
AT3G06130,Q9M8K5
AT3G06140,Q8LA32
AT3G06150,Q9M8K3
AT3G06160,Q9M8K2
AT3G06170,Q494Q0
AT3G06180,Q9M8K0
AT3G06190,Q9M8J9
AT3G06200,Q94JM2
AT3G06210,Q9M8J7
AT3G06220,Q1PES7
AT3G06230,Q9M8J5
AT3G06240,Q8GXC7
AT3G06250,Q9M8J3
AT3G06260,Q9M8J2
AT3G06270,Q7XJ53
AT3G06280,Q9M8J0
AT3G06290,F4JAU2
AT3G06300,F4JAU3
AT3G06310,Q9SQT4
AT3G06320,Q9SQT5
AT3G06330,Q9SQT6
AT3G06340,Q9SQT7
AT3G06350,Q9SQT8
AT3G06360,Q9SQT9
AT3G06370,Q84WG1
AT3G06380,Q9SQU1
AT3G06390,Q9SQU2
AT3G06400,Q8RWY3
AT3G06410,Q9SQU4
AT3G06420,Q8S925
AT3G06430,Q9SQU6
AT3G06435,Q3EBB7
AT3G06436,A0A1I9LQ30
AT3G06440,Q9ASW1
AT3G06450,Q93Z13
AT3G06455,F4JAX0
AT3G06460,Q9SQU9
AT3G06470,Q9SQV0
AT3G06480,Q9SQV1
AT3G06483,Q9SBJ1
AT3G06490,Q9LDE1
AT3G06500,B9DFA8
AT3G06510,Q93Y07
AT3G06520,Q9C8Z3
AT3G06530,Q9C8Z4
AT3G06540,Q8LLD4
AT3G06545,F4JC04
AT3G06550,Q0WW17
AT3G06560,Q56XM9
AT3G06570,Q94K34
AT3G06580,Q9SEE5
AT3G06590,Q9C8Z9
AT3G06600,Q9C900
AT3G06610,Q9C901
AT3G06620,Q9C902
AT3G06630,A0A1I9LPU6
AT3G06640,F4JC18
AT3G06650,Q9C522
AT3G06660,Q94CE6
AT3G06670,F4JC31
AT3G06680,Q84WM0
AT3G06690,P0CZ24
AT3G06700,Q9M7X7
AT3G06710,Q6E260
AT3G06720,Q96321
AT3G06730,Q9M7X9
AT3G06740,Q8LG10
AT3G06750,Q9M7Y1
AT3G06760,Q8VXU6
AT3G06770,A0A1I9LN94
AT3G06778,F4JC50
AT3G06780,Q9M7Y4
AT3G06790,Q84JZ6
AT3G06810,Q8RWZ3
AT3G06820,F4JC55
AT3G06830,Q8GXA1
AT3G06840,Q8LFJ2
AT3G06850,Q9M7Z1
AT3G06860,Q9ZPI5
AT3G06868,Q0WM46
AT3G06870,F4JD67
AT3G06880,A0A1I9LN87
AT3G06890,Q9M910
AT3G06895,Q9M909
AT3G06910,Q8GYL3
AT3G06920,Q9M907
AT3G06930,Q84W92
AT3G06950,A1A6J3
AT3G06960,Q9M903
AT3G06970,Q1PES4
AT3G06980,Q8GUG7
AT3G06985,P82759
AT3G06990,Q9M900
AT3G07000,Q9M8Z9
AT3G07005,P82758
AT3G07010,Q9M8Z8
AT3G07020,Q9M8Z7
AT3G07030,A0A1I9LSC0
AT3G07040,Q39214
AT3G07050,Q9M8Z5
AT3G07060,F4JD91
AT3G07070,Q9SFT7
AT3G07080,Q9SFT8
AT3G07090,Q9SFT9
AT3G07100,Q9SFU0
AT3G07110,Q9SFU1
AT3G07120,Q9SFU2
AT3G07130,Q9SFU3
AT3G07140,Q949U5
AT3G07150,Q9SFU5
AT3G07160,Q9SFU6
AT3G07170,Q9SFU7
AT3G07180,Q8W4D7
AT3G07190,Q9SFU9
AT3G07195,Q6NLZ1
AT3G07200,Q9SFV0
AT3G07210,Q9SFV1
AT3G07220,Q9SFV2
AT3G07230,Q9SFV3
AT3G07250,F4JED3
AT3G07255,A0A1I9LNF2
AT3G07260,Q9SFV6
AT3G07270,Q9SFV7
AT3G07273,B3H7J7
AT3G07290,Q9SFV9
AT3G07300,B3H7H1
AT3G07310,Q9S7A6
AT3G07320,Q9SRT4
AT3G07330,Q9SRT3
AT3G07340,Q9SRT2
AT3G07350,Q9SRT1
AT3G07360,Q9SRT0
AT3G07370,Q9SRS9
AT3G07380,Q9SRS8
AT3G07390,Q94BT2
AT3G07400,Q9SRS6
AT3G07410,Q9SRS5
AT3G07420,Q9SW95
AT3G07425,Q3EBA9
AT3G07430,Q9SRS3
AT3G07440,Q9SRS2
AT3G07450,Q9SRS1
AT3G07460,F4JEG0
AT3G07470,Q94AG1
AT3G07480,Q9SRR8
AT3G07490,Q9SRR7
AT3G07500,Q84JA7
AT3G07510,A0A1I9LQA1
AT3G07520,Q8LGN1
AT3G07522,B3H7J9
AT3G07525,Q8VZ52
AT3G07530,A0A1I9LM22
AT3G07540,Q9SRR2
AT3G07550,Q9SRR1
AT3G07560,Q9SRR0
AT3G07565,F4JEH7
AT3G07570,Q0WRW8
AT3G07580,Q6NME2
AT3G07590,Q9SSF1
AT3G07600,Q9SSF0
AT3G07610,Q9SSE9
AT3G07620,Q9SSE8
AT3G07630,Q9SSE7
AT3G07640,Q8L8V4
AT3G07650,Q9SSE5
AT3G07660,Q0WUY5
AT3G07670,Q9S7D2
AT3G07680,Q9S7M9
AT3G07690,Q9S785
AT3G07700,B9DGY1
AT3G07710,Q9S6Z9
AT3G07720,Q9S7W4
AT3G07730,Q9S7X5
AT3G07740,Q9SFD5
AT3G07750,Q9FPI0
AT3G07760,Q93VV3
AT3G07770,F4JFN3
AT3G07780,Q9S736
AT3G07790,Q9S7V6
AT3G07800,Q9S750
AT3G07810,F4JFN7
AT3G07820,Q9SFD2
AT3G07830,Q9SFD1
AT3G07840,Q9SFD0
AT3G07850,P49063
AT3G07860,Q84WS8
AT3G07870,Q9SFC7
AT3G07880,Q9SFC6
AT3G07890,Q1H5B2
AT3G07900,Q9SFC4
AT3G07910,Q9SFC3
AT3G07920,F4JFQ0
AT3G07930,Q0IGK1
AT3G07940,Q8L7A4
AT3G07950,Q8LF05
AT3G07960,Q9SFB8
AT3G07970,Q9SFB7
AT3G07980,Q9SFB6
AT3G07990,Q9SFB5
AT3G08000,Q9SFB4
AT3G08010,Q9SFB3
AT3G08020,Q0WKW1
AT3G08030,Q9SFB1
AT3G08040,Q9SFB0
AT3G08490,Q9C6U2
AT3G08500,Q9C6U1
AT3G08505,Q6IDS6
AT3G08510,Q39033
AT3G08530,Q0WLB5
AT3G08550,Q9C9Z9
AT3G08560,Q9C9Z8
AT3G08570,Q9C9Z7
AT3G08580,P31167
AT3G08590,Q9M9K1
AT3G08600,Q9C9Z6
AT3G08610,Q9C9Z5
AT3G08620,Q8GYR4
AT3G08630,Q9C9Z3
AT3G08636,B3H7E3
AT3G08640,Q9C9Z2
AT3G08650,Q9C9Z1
AT3G08660,Q9C9Z0
AT3G08670,Q9C9Y9
AT3G08680,Q9C9Y8
AT3G08690,P35134
AT3G08700,Q9C9Y7
AT3G08710,Q9C9Y6
AT3G08720,Q39030
AT3G08730,P42818
AT3G08740,Q8VZW6
AT3G08750,Q9C9Y4
AT3G08760,Q9C9Y3
AT3G08770,Q9LDB4
AT3G08780,Q8RY09
AT3G08790,Q9C9Y1
AT3G08800,Q8VZA0
AT3G08810,Q9C9X9
AT3G08820,Q9SR82
AT3G08840,A0A1I9LPE3
AT3G08850,Q93YQ1
AT3G08860,Q9SR86
AT3G08870,Q9SR87
AT3G08880,Q67XT3
AT3G08890,Q9SR89
AT3G08900,O22666
AT3G08910,Q9SR91
AT3G08920,Q9SR92
AT3G08930,Q9SR93
AT3G08940,Q9XF88
AT3G08943,F4IYK3
AT3G08947,Q0WML1
AT3G08950,Q8VYP0
AT3G08960,F4IYK6
AT3G08970,Q9SR96
AT3G08980,Q9S724
AT3G08990,Q9SR97
AT3G09000,Q9S7V5
AT3G09010,Q8LF75
AT3G09020,Q9S790
AT3G09030,Q9S7R7
AT3G09032,Q6ID69
AT3G09035,Q3EBA4
AT3G09040,Q9SS83
AT3G09050,Q9SS82
AT3G09055,A0A1I9LNS3
AT3G09060,Q9SS81
AT3G09070,Q9SS80
AT3G09080,A0A1I9LSE8
AT3G09085,Q8LDK7
AT3G09090,F4IYM4
AT3G09100,F4IYM6
AT3G09110,Q5S4V1
AT3G09120,Q5Q0C9
AT3G09130,Q9SS74
AT3G09140,Q6DYD0
AT3G09150,Q9SR43
AT3G09160,F4IZU8
AT3G09162,Q8GYI0
AT3G09180,Q8RWM3
AT3G09190,F4IZV1
AT3G09200,Q42112
AT3G09210,Q94AA3
AT3G09220,Q9SR40
AT3G09230,Q42575
AT3G09240,A0A178VBH8
AT3G09250,F4IZV9
AT3G09260,Q9SR37
AT3G09270,Q9SR36
AT3G09280,Q9SR35
AT3G09290,Q9SR34
AT3G09300,Q9SR33
AT3G09310,Q9SR32
AT3G09320,Q93VV0
AT3G09330,Q1PER9
AT3G09340,F4IZW8
AT3G09350,Q84J81
AT3G09360,Q0WVQ3
AT3G09370,Q8H1P9
AT3G09380,Q9SR25
AT3G09390,P25860
AT3G09400,Q9SR24
AT3G09405,Q9SR23
AT3G09410,Q9SR22
AT3G09430,Q58FW4
AT3G09440,O65719
AT3G09450,Q9S710
AT3G09455,Q9SF57
AT3G09470,Q94AA1
AT3G09480,Q9SF55
AT3G09490,Q9SF54
AT3G09500,Q9SF53
AT3G09510,Q9SF52
AT3G09520,Q9SF51
AT3G09530,Q9SF50
AT3G09540,Q9SF49
AT3G09550,A0A1I9LLR6
AT3G09560,Q9SF47
AT3G09570,Q9C5T6
AT3G09580,Q9SF45
AT3G09590,Q9SF44
AT3G09600,Q8RWU3
AT3G09620,Q9SF41
AT3G09630,Q9SF40
AT3G09640,Q1PER6
AT3G09650,Q9SF38
AT3G09660,Q9SF37
AT3G09670,Q9SF36
AT3G09680,Q9SF35
AT3G09690,Q9SF34
AT3G09700,Q9SF33
AT3G09710,Q9SF32
AT3G09720,Q84TG1
AT3G09730,F4J1A6
AT3G09735,Q93VI0
AT3G09740,Q9SF29
AT3G09750,F4J1B0
AT3G09760,Q940P1
AT3G09770,Q9S752
AT3G09780,Q9S7D9
AT3G09790,Q39256
AT3G09800,Q84LG4
AT3G09810,Q8LG77
AT3G09820,Q9SF85
AT3G09830,Q9SF86
AT3G09840,P54609
AT3G09850,Q9SF87
AT3G09860,Q6IDB3
AT3G09863,B3H546
AT3G09870,Q9SF89
AT3G09880,O04376
AT3G09890,Q8LDN2
AT3G09900,Q9SF91
AT3G09910,Q9SF92
AT3G09920,Q8L850
AT3G09925,F4J2H2
AT3G09930,Q9SF94
AT3G09940,Q9SR59
AT3G09950,Q9SR60
AT3G09960,Q8LEC0
AT3G09970,Q9SR62
AT3G09980,Q8RXZ8
AT3G09990,Q9SR64
AT3G10000,Q700D8
AT3G10010,Q9SR66
AT3G10020,Q9SR67
AT3G10030,Q94JR1
AT3G10040,Q8RWY5
AT3G10050,Q9ZSS6
AT3G10060,Q9SR70
AT3G10070,Q9SR71
AT3G10080,Q9SR72
AT3G10090,Q9SR73
AT3G10110,A2RVP7
AT3G10113,F4J2J6
AT3G10116,F4J2J7
AT3G10120,Q8GY70
AT3G10130,Q9SR77
AT3G10140,Q8RY99
AT3G10150,Q9SR79
AT3G10160,F4J2K2
AT3G10180,F4J2K4
AT3G10185,A8MR46
AT3G10190,Q9SS31
AT3G10195,Q2V3X3
AT3G10200,Q84TJ0
AT3G10210,Q9SS33
AT3G10220,Q67Z52
AT3G10230,Q38933
AT3G10240,Q9SS35
AT3G10250,Q940M5
AT3G10260,Q9SS37
AT3G10270,Q9SS38
AT3G10280,Q9SS39
AT3G10290,Q9SS40
AT3G10300,Q8W4L0
AT3G10310,F4J2M6
AT3G10320,Q9SS43
AT3G10330,Q9SS44
AT3G10340,Q9SS45
AT3G10350,A1L4Y1
AT3G10360,Q9SS47
AT3G10370,Q9SS48
AT3G10380,Q93YU5
AT3G10390,Q9CAE3
AT3G10400,Q9CAE4
AT3G10405,A0JQ78
AT3G10410,P32826
AT3G10420,F4J3R7
AT3G10430,Q9CAE7
AT3G10439,B3H4C6
AT3G10440,F4J3S1
AT3G10450,Q9SQX6
AT3G10455,A0A178VNT0
AT3G10460,Q9CAE8
AT3G10470,Q7G8T1
AT3G10480,Q9SQX9
AT3G10490,Q9SQY0
AT3G10500,Q949N0
AT3G10510,Q9CAE9
AT3G10520,O24521
AT3G10525,Q9LPP4
AT3G10527,A0A1I9LNH5
AT3G10530,Q9LPP3
AT3G10540,Q4V3C8
AT3G10550,F4J3T8
AT3G10560,Q9SQY6
AT3G10570,Q9SQY7
AT3G10572,Q8W4B2
AT3G10580,Q9SQY8
AT3G10585,F4J3U4
AT3G10590,Q9SQY9
AT3G10595,Q9LPN9
AT3G10600,Q9SQZ0
AT3G10605,A0A1I9LM43
AT3G10610,Q9SQZ1
AT3G10620,Q9CAF2
AT3G10630,Q9LPN6
AT3G10640,Q9LPN5
AT3G10650,Q9CAF4
AT3G10660,Q38870
AT3G10670,Q9CAF5
AT3G10680,Q9S732
AT3G10690,Q9CAF6
AT3G10700,Q8VYG2
AT3G10710,Q9SG77
AT3G10720,Q94CB1
AT3G10730,Q9SG79
AT3G10740,Q9SG80
AT3G10750,Q9SG81
AT3G10760,Q9SG82
AT3G10770,Q9SG83
AT3G10780,F4J4Y0
AT3G10790,Q9SG85
AT3G10800,Q9SG86
AT3G10810,A4VCL9
AT3G10820,F4J4Y5
AT3G10840,A4IJ41
AT3G10845,F4J4Y8
AT3G10850,O24496
AT3G10860,Q9SG91
AT3G10870,Q9SG92
AT3G10880,Q58FW3
AT3G10890,Q9SG94
AT3G10900,Q9SG95
AT3G10910,Q9SG96
AT3G10915,Q8GYH6
AT3G10920,O81235
AT3G10930,Q84TK4
AT3G10940,Q9SRK5
AT3G10950,Q9SRK6
AT3G10960,Q9SRK7
AT3G10970,F4J510
AT3G10974,B3H5I4
AT3G10980,Q8W4N1
AT3G10985,Q94AK6
AT3G10986,B3H5L1
AT3G10990,Q9SRL0
AT3G11000,F4J517
AT3G11010,Q9SRL2
AT3G11020,O82133
AT3G11030,Q9SRL3
AT3G11040,Q9SRL4
AT3G11050,Q9SRL5
AT3G11060,Q9C782
AT3G11070,Q9SRL6
AT3G11080,Q9SRL7
AT3G11090,Q9SRL8
AT3G11100,Q8VZI9
AT3G11110,Q9SRM0
AT3G11130,Q0WNJ6
AT3G11150,Q8GX26
AT3G11160,Q6E257
AT3G11165,F4J668
AT3G11170,P46310
AT3G11180,Q9SRM3
AT3G11200,Q9SRM4
AT3G11210,Q9SRM5
AT3G11220,Q9C778
AT3G11230,Q9C777
AT3G11240,Q9C776
AT3G11250,P57691
AT3G11260,Q8H1D2
AT3G11270,Q9C774
AT3G11280,Q9C773
AT3G11290,Q0WRG4
AT3G11300,F4J687
AT3G11310,Q9C771
AT3G11320,Q5XF09
AT3G11325,A0A1I9LTN3
AT3G11330,Q8VYG9
AT3G11340,Q9C768
AT3G11350,Q9CAY8
AT3G11370,Q9CAY7
AT3G11380,Q9CAY6
AT3G11385,Q3EB87
AT3G11390,Q9CAY5
AT3G11397,Q8W115
AT3G11400,Q9SSJ0
AT3G11402,Q3EB86
AT3G11405,Q58FW2
AT3G11410,P49598
AT3G11420,Q9CAY4
AT3G11430,Q9CAY3
AT3G11440,Q9FR97
AT3G11450,F4J6A8
AT3G11460,Q9CAY1
AT3G11470,Q8VYK1
AT3G11480,Q6XMI3
AT3G11490,Q9CAX8
AT3G11500,Q9CAX7
AT3G11510,Q9CAX6
AT3G11520,Q39069
AT3G11530,A0A178VGR9
AT3G11540,Q96301
AT3G11550,Q9CAX3
AT3G11570,Q9CAX1
AT3G11580,Q8RYD3
AT3G11590,Q9CAW9
AT3G11591,Q1G3M6
AT3G11600,Q9SRN4
AT3G11620,Q0WPD9
AT3G11630,Q96291
AT3G11640,Q9SRN2
AT3G11650,Q9SRN1
AT3G11660,Q9SRN0
AT3G11670,Q9S7D1
AT3G11680,Q9SRM9
AT3G11690,Q9SRM8
AT3G11700,Q93W32
AT3G11710,Q9ZPI1
AT3G11720,F4J7F3
AT3G11730,Q9ZRE2
AT3G11740,Q9SF24
AT3G11745,Q56XW9
AT3G11750,Q9SF23
AT3G11760,Q9SF22
AT3G11770,Q9SF21
AT3G11773,F4J7G2
AT3G11780,Q9SF20
AT3G11800,Q94AI8
AT3G11810,Q9SF17
AT3G11820,Q9ZSD4
AT3G11825,A8MQR9
AT3G11830,Q9SF16
AT3G11840,Q9SF15
AT3G11850,Q9SF14
AT3G11860,Q9SF13
AT3G11870,Q9SF12
AT3G11880,Q9SF11
AT3G11890,Q9SF10
AT3G11900,Q9SF09
AT3G11910,Q84WU2
AT3G11920,Q9SF07
AT3G11930,F4J8J7
AT3G11940,P51427
AT3G11945,Q1ACB3
AT3G11950,Q9SF04
AT3G11960,Q84R20
AT3G11964,F4J8K6
AT3G11980,Q08891
AT3G11990,Q9LHM2
AT3G12000,Q9LHM1
AT3G12010,F4J8L1
AT3G12020,F4J8L3
AT3G12030,Q9LHL8
AT3G12040,Q39147
AT3G12050,Q9LHL7
AT3G12060,Q9LHL6
AT3G12070,Q9LHL5
AT3G12080,B5X565
AT3G12090,Q9C7C1
AT3G12100,Q6ICY4
AT3G12110,P53496
AT3G12120,P46313
AT3G12130,Q9C7C3
AT3G12140,Q9C7C4
AT3G12145,Q9LH52
AT3G12150,Q8RWA3
AT3G12160,Q9LH50
AT3G12170,A0A1I9LLP0
AT3G12180,Q9C7D7
AT3G12190,Q9LHI8
AT3G12200,Q9LHI7
AT3G12203,Q9C7D6
AT3G12210,Q9C7D5
AT3G12220,Q9C7D4
AT3G12230,Q9C7D3
AT3G12240,Q9C7D2
AT3G12250,Q39140
AT3G12260,Q9LHI0
AT3G12270,Q0WVD6
AT3G12280,Q9LKZ3
AT3G12290,Q9LHH7
AT3G12300,Q93ZI1
AT3G12320,Q9LHH5
AT3G12340,F4J9Q6
AT3G12345,Q9LHH3
AT3G12350,Q84WW1
AT3G12360,Q9C7A2
AT3G12370,Q9LHH1
AT3G12380,Q940Z2
AT3G12390,Q9LHG9
AT3G12400,Q9LHG8
AT3G12410,Q9LHG7
AT3G12420,F4J9R7
AT3G12430,Q9C7A5
AT3G12440,Q9LHG4
AT3G12460,Q9LHG2
AT3G12470,Q9LHG1
AT3G12480,Q9LHG0
AT3G12490,Q8H0X6
AT3G12500,P19171
AT3G12510,Q9LHF8
AT3G12520,Q8GYH8
AT3G12530,Q9C7A8
AT3G12540,Q9LHB3
AT3G12545,F4J9T2
AT3G12550,Q9LHB1
AT3G12560,Q9C7B1
AT3G12570,Q9LHA9
AT3G12580,Q9LHA8
AT3G12587,Q9LHK3
AT3G12590,F4J9U2
AT3G12600,Q9LHK1
AT3G12610,Q00874
AT3G12620,Q9LHJ9
AT3G12630,Q9LHJ8
AT3G12640,Q9LTX1
AT3G12650,Q9LTX0
AT3G12660,Q9LTW9
AT3G12670,Q9LTW8
AT3G12680,Q941Q3
AT3G12685,Q93ZZ7
AT3G12690,Q9LTW5
AT3G12700,Q9LTW4
AT3G12710,Q9LTW3
AT3G12720,Q9LTW2
AT3G12730,Q8VYI2
AT3G12740,Q9LTW0
AT3G12750,O81123
AT3G12760,Q9LTV9
AT3G12770,Q9LTV8
AT3G12775,F4JAZ0
AT3G12780,Q9LD57
AT3G12800,Q9LTV6
AT3G12810,Q7X9V2
AT3G12820,Q9LTV4
AT3G12830,Q9LTV3
AT3G12833,A0A1I9LQT8
AT3G12835,B3H5C8
AT3G12840,Q9LTV2
AT3G12850,F4JAZ8
AT3G12860,Q9LTV0
AT3G12870,Q9LDH9
AT3G12880,Q9LJX2
AT3G12890,Q9LDL9
AT3G12900,Q9LE86
AT3G12910,Q9LSI4
AT3G12915,F4JB05
AT3G12920,Q9LDD1
AT3G12930,Q9LDY9
AT3G12940,A4IJ32
AT3G12950,Q9LDF8
AT3G12955,Q9LSI2
AT3G12960,Q9LE44
AT3G12970,Q9LD39
AT3G12977,Q9LSI1
AT3G12980,Q9LE42
AT3G12990,Q9LDM2
AT3G13000,Q56W79
AT3G13010,Q9LDB0
AT3G13020,Q9LDK4
AT3G13030,Q9LDS0
AT3G13040,Q949U2
AT3G13050,Q940M4
AT3G13060,Q0WR25
AT3G13062,B9UY99
AT3G13065,Q6R2K2
AT3G13070,Q9LK65
AT3G13075,A0A1I9LPQ3
AT3G13080,Q9LK64
AT3G13090,Q8VZZ4
AT3G13100,Q9LK62
AT3G13110,Q39218
AT3G13120,Q9LK61
AT3G13130,Q9LK60
AT3G13140,Q9LK59
AT3G13150,Q9LK58
AT3G13160,Q9LK57
AT3G13170,Q9M4A2
AT3G13175,Q9LK55
AT3G13180,Q8VYC4
AT3G13190,Q9LK53
AT3G13200,Q9LK52
AT3G13210,F4JC74
AT3G13220,Q9LK50
AT3G13222,Q8VZS6
AT3G13224,Q9LHL2
AT3G13225,F4JC80
AT3G13226,Q0WTL2
AT3G13227,Q9LHL1
AT3G13228,Q9LTU8
AT3G13229,Q9LTU7
AT3G13230,Q9LTU6
AT3G13235,Q1EBV4
AT3G13240,A0A1I9LLC9
AT3G13275,Q84VG5
AT3G13276,A0A1I9LTB9
AT3G13280,F4JC91
AT3G13290,Q9LTT9
AT3G13300,Q9LTT8
AT3G13310,Q9LTT7
AT3G13320,Q39254
AT3G13330,F4JC97
AT3G13340,Q94AB4
AT3G13350,Q9LTT3
AT3G13360,Q94AV5
AT3G13370,F4JCA2
AT3G13380,Q9LJF3
AT3G13390,Q9LJF2
AT3G13400,Q9LJF1
AT3G13403,Q2V3W5
AT3G13404,F4JCA6
AT3G13410,Q93WB8
AT3G13420,A0A178VGS0
AT3G13430,Q9LJE9
AT3G13432,Q56YQ1
AT3G13433,F4JDB5
AT3G13435,Q8GZ07
AT3G13437,A0A1I9LNG9
AT3G13440,Q9LJE6
AT3G13445,P28147
AT3G13450,Q9LDY2
AT3G13460,Q9LJE5
AT3G13470,Q9LJE4
AT3G13480,F4JDC7
AT3G13490,Q9LJE2
AT3G13500,Q9LJE1
AT3G13510,Q9LJE0
AT3G13520,Q9LJD9
AT3G13530,Q9LJD8
AT3G13540,Q38850
AT3G13550,Q9LJD7
AT3G13560,Q94CD8
AT3G13570,Q9LHP2
AT3G13580,Q9LHP1
AT3G13590,F4JDE3
AT3G13600,Q9LHN9
AT3G13610,Q9LHN8
AT3G13620,Q9LHN7
AT3G13624,Q9LHN6
AT3G13630,Q9LID7
AT3G13640,Q9LID6
AT3G13650,Q9LID5
AT3G13660,Q66GI2
AT3G13662,F4JDF3
AT3G13670,Q9LID3
AT3G13672,Q93WE4
AT3G13674,Q3EB68
AT3G13677,F4JDF8
AT3G13680,Q9LID1
AT3G13682,Q9LID0
AT3G13690,Q9LIC9
AT3G13700,B3H4P0
AT3G13710,Q9LIC7
AT3G13720,Q9LIC6
AT3G13730,Q94IA6
AT3G13750,Q9SCW1
AT3G13760,Q9LIC4
AT3G13770,Q9LIC3
AT3G13772,Q9LIC2
AT3G13780,F4JEI7
AT3G13782,F4JEI8
AT3G13784,Q9LIB9
AT3G13790,Q43866
AT3G13800,Q570G3
AT3G13810,Q9LRW7
AT3G13820,Q9LRW6
AT3G13825,Q9LRW5
AT3G13830,Q9LRW4
AT3G13840,Q9LRW3
AT3G13845,Q8GW60
AT3G13850,Q9LRW1
AT3G13855,Q7X7R5
AT3G13860,Q93ZM7
AT3G13870,P93042
AT3G13880,Q9LRV9
AT3G13882,Q84R26
AT3G13890,Q9SPG3
AT3G13898,C4B8C4
AT3G13900,Q9LVK9
AT3G13910,A0A1I9LQ26
AT3G13920,P41376
AT3G13930,Q8RWN9
AT3G13940,Q9LVK6
AT3G13950,B9DG91
AT3G13960,Q8L8A6
AT3G13970,Q9LVK3
AT3G13980,Q9LVK2
AT3G13990,Q8L7T4
AT3G14000,Q8GYL9
AT3G14010,Q94AM9
AT3G14020,Q9LVJ7
AT3G14030,F4JEN3
AT3G14040,Q9LVJ4
AT3G14050,Q9LVJ3
AT3G14060,Q9LVJ2
AT3G14067,Q9LVJ1
AT3G14070,Q9LJI2
AT3G14075,Q94AB1
AT3G14080,Q8LFL8
AT3G14090,Q9LJH9
AT3G14100,Q9LJH8
AT3G14110,Q940U6
AT3G14120,Q8L748
AT3G14130,Q9LJH5
AT3G14140,F4JFR7
AT3G14150,Q24JJ8
AT3G14160,Q9LJH2
AT3G14170,A0A1I9LS40
AT3G14172,F4JFS3
AT3G14180,Q9LJG8
AT3G14190,Q9LJG6
AT3G14200,Q9LJG5
AT3G14205,Q94A27
AT3G14210,Q9LJG3
AT3G14220,Q9LJP2
AT3G14225,Q9LJP1
AT3G14230,Q9LUM4
AT3G14240,Q9LUM3
AT3G14250,Q1PEQ5
AT3G14260,Q9LUM1
AT3G14270,Q9LUM0
AT3G14280,Q9LUL9
AT3G14290,Q42134
AT3G14300,Q9LUL8
AT3G14310,O49006
AT3G14320,Q9LUL6
AT3G14330,Q9LUL5
AT3G14340,Q3EB64
AT3G14350,Q9LUL4
AT3G14360,F4JFU8
AT3G14362,Q6IM82
AT3G14370,Q9LUL2
AT3G14380,Q9LUL1
AT3G14390,Q949X7
AT3G14395,Q8L923
AT3G14400,Q9FPS2
AT3G14410,Q94EI9
AT3G14415,Q9LRS0
AT3G14420,Q9LRR9
AT3G14430,Q9LRR8
AT3G14440,Q9LRR7
AT3G14450,Q9LRR6
AT3G14452,B3H6H4
AT3G14460,Q9LRR5
AT3G14463,A0A1I9LT67
AT3G14467,A0A1I9LT65
AT3G14470,Q9LRR4
AT3G14480,Q9LRR3
AT3G14490,Q9LRR2
AT3G14510,Q9LRR0
AT3G14520,Q9LUE2
AT3G14530,Q9LUE1
AT3G14540,Q9LUE0
AT3G14550,Q9LUD9
AT3G14560,Q9LUD8
AT3G14570,Q9LUD7
AT3G14580,Q9LUD6
AT3G14590,B3H4I1
AT3G14595,Q1H563
AT3G14600,Q9LUD4
AT3G14610,Q9LUD3
AT3G14620,Q9LUD2
AT3G14630,A0A1I9LTL1
AT3G14640,A0A1I9LNT1
AT3G14650,Q9LUC9
AT3G14660,Q9LUC8
AT3G14670,Q9LUC7
AT3G14680,Q9LUC6
AT3G14690,Q9LUC5
AT3G14700,Q84VW3
AT3G14710,Q9LUC4
AT3G14720,Q9LUC3
AT3G14730,Q9LUC2
AT3G14740,Q9LUC1
AT3G14750,Q93V84
AT3G14760,Q9LH80
AT3G14770,Q9LH79
AT3G14780,Q8GW77
AT3G14790,Q9LH76
AT3G14810,Q9LH74
AT3G14820,Q9LH73
AT3G14830,Q8L634
AT3G14840,C0LGN2
AT3G14850,F4IWA8
AT3G14860,F4IXC9
AT3G14870,Q9LKB7
AT3G14880,Q9LKB6
AT3G14890,Q84JE8
AT3G14900,Q9LKB4
AT3G14910,Q9LKB3
AT3G14920,Q9LKB2
AT3G14930,Q93ZB6
AT3G14940,Q84VW9
AT3G14950,F4IXE4
AT3G14960,Q9LKA9
AT3G14970,Q9LKA8
AT3G14980,F4IXE7
AT3G14981,B3H5P3
AT3G14990,Q9FPF0
AT3G15000,Q9LKA5
AT3G15010,Q9LKA4
AT3G15020,Q9LKA3
AT3G15030,Q8LPR5
AT3G15040,Q9LKA1
AT3G15050,Q9LKA0
AT3G15060,Q9LK99
AT3G15070,Q94F54
AT3G15080,Q8LAA0
AT3G15090,Q9LK96
AT3G15095,Q9LIM5
AT3G15110,Q9LIM3
AT3G15110,Q2HIU0
AT3G15111,B3H7B9
AT3G15120,Q9LIM2
AT3G15130,P0C898
AT3G15140,Q8W566
AT3G15150,Q8GYH7
AT3G15160,Q8H1F1
AT3G15170,Q9FRV4
AT3G15180,Q84M90
AT3G15190,Q9ASV6
AT3G15200,Q9LIL5
AT3G15210,O80340
AT3G15220,Q9LDN6
AT3G15240,F4IXI5
AT3G15250,Q5BPR0
AT3G15251,B3H6P4
AT3G15260,Q9LDA7
AT3G15270,Q9S758
AT3G15280,Q9LDN8
AT3G15290,Q9LDF5
AT3G15300,Q9LDZ1
AT3G15340,B3H4K7
AT3G15348,Q9LJR0
AT3G15350,Q9LE60
AT3G15351,Q9LJR1
AT3G15352,Q9LJQ9
AT3G15353,O22433
AT3G15354,Q9LJR3
AT3G15355,Q9LUQ5
AT3G15356,Q9LJR2
AT3G15357,Q8LDR8
AT3G15359,B3H6F6
AT3G15360,Q9SEU6
AT3G15370,Q9LDJ3
AT3G15380,Q94AN2
AT3G15390,Q9LUQ3
AT3G15395,Q8L9Y4
AT3G15400,Q9LD84
AT3G15410,Q8L7Z2
AT3G15420,Q9LDR3
AT3G15430,Q9LDU3
AT3G15440,Q9LE10
AT3G15450,Q9LE80
AT3G15460,Q9LE16
AT3G15470,Q9LDG7
AT3G15480,Q9LDK1
AT3G15490,Q4PSP2
AT3G15500,Q9LDY8
AT3G15510,Q9LD44
AT3G15518,Q8GYA5
AT3G15520,P82869
AT3G15530,Q9LDW4
AT3G15534,B3H6H2
AT3G15540,O24409
AT3G15548,B3H4Q8
AT3G15550,Q9LRP9
AT3G15570,Q9LRP8
AT3G15578,B3H6H1
AT3G15580,Q9LRP7
AT3G15590,Q9LRP6
AT3G15604,B3H4N1
AT3G15605,F4J000
AT3G15610,Q9LW17
AT3G15620,O48652
AT3G15630,Q9LW16
AT3G15635,A0A1I9LLW8
AT3G15640,Q9LW15
AT3G15650,Q9LW14
AT3G15660,Q8LBK6
AT3G15670,Q9LW12
AT3G15680,Q9LW11
AT3G15690,Q8GRT9
AT3G15700,Q9LW09
AT3G15710,Q9LW08
AT3G15720,Q9LW07
AT3G15730,Q38882
AT3G15740,Q9LW05
AT3G15750,Q9LW04
AT3G15760,Q9LW03
AT3G15770,B9DGF6
AT3G15780,Q9LW01
AT3G15790,Q9LW00
AT3G15800,F4J030
AT3G15810,Q9LVZ8
AT3G15820,Q9LVZ7
AT3G15830,Q9LVZ6
AT3G15840,Q9LVZ5
AT3G15850,Q949X0
AT3G15860,Q5XVB9
AT3G15870,Q9LVZ3
AT3G15880,Q27GK7
AT3G15890,Q9LSC2
AT3G15900,Q9LSC1
AT3G15909,B3H519
AT3G15910,F4J048
AT3G15920,Q9LSB9
AT3G15930,Q9LSB8
AT3G15940,Q9LSB5
AT3G15950,Q9LSB4
AT3G15960,F4J1D9
AT3G15970,Q9LW88
AT3G15980,Q8L828
AT3G15990,Q9LW86
AT3G16000,Q9LW85
AT3G16010,Q9LW84
AT3G16020,F4J1E9
AT3G16030,Q9LW83
AT3G16040,Q1EBS5
AT3G16050,Q9ZNR6
AT3G16060,Q940Y8
AT3G16070,Q9LW80
AT3G16080,Q8LEM8
AT3G16090,Q9LW77
AT3G16100,Q9LW76
AT3G16110,Q66GQ3
AT3G16117,B3H624
AT3G16120,Q9LW74
AT3G16130,F4J1G1
AT3G16140,Q9SUI7
AT3G16150,Q8GXG1
AT3G16160,Q700D0
AT3G16170,Q8H151
AT3G16175,Q940V5
AT3G16180,Q8LPL2
AT3G16190,Q93Z51
AT3G16200,Q9LU25
AT3G16210,Q9LU24
AT3G16220,Q6NKQ6
AT3G16230,F4J1H2
AT3G16240,Q41951
AT3G16250,Q9LU21
AT3G16260,F4J1H7
AT3G16270,Q9C5H4
AT3G16280,Q9LU18
AT3G16290,A8MPR5
AT3G16300,Q3EB59
AT3G16310,O04326
AT3G16320,Q06AN9
AT3G16330,O04324
AT3G16340,Q94A18
AT3G16350,Q84TG2
AT3G16360,Q9LU15
AT3G16370,Q9LU14
AT3G16380,O04319
AT3G16390,O04318
AT3G16400,Q9SDM9
AT3G16410,O04316
AT3G16420,O04314
AT3G16430,O04313
AT3G16432,B3H4G7
AT3G16440,O04312
AT3G16450,O04311
AT3G16460,O04310
AT3G16470,O04309
AT3G16480,O04308
AT3G16490,Q9LK76
AT3G16500,Q8LAL2
AT3G16510,Q9LK74
AT3G16520,Q9LK73
AT3G16525,A0A1I9LM76
AT3G16530,Q9LK72
AT3G16540,Q9LK71
AT3G16550,Q9LK70
AT3G16555,Q9LUS9
AT3G16560,Q9LUS8
AT3G16565,A8MSD3
AT3G16570,Q9LUS7
AT3G16580,Q9LUS6
AT3G16590,Q9LUS5
AT3G16600,F4J2R0
AT3G16610,Q9LUS3
AT3G16620,Q9LUS2
AT3G16630,Q940B8
AT3G16640,P31265
AT3G16650,Q39190
AT3G16660,Q9LUR8
AT3G16670,Q9LUR6
AT3G16680,F4J2R9
AT3G16690,Q9LUR4
AT3G16700,Q9LUR3
AT3G16710,Q9LUR2
AT3G16712,B3H7G7
AT3G16720,Q8L9T5
AT3G16730,Q9LUR0
AT3G16740,Q9LUQ9
AT3G16750,Q9LUQ8
AT3G16760,Q6NMH5
AT3G16770,P42736
AT3G16780,Q9LUQ6
AT3G16785,Q9LRZ5
AT3G16800,Q9LRZ4
AT3G16810,Q9LRZ3
AT3G16820,Q9LRZ2
AT3G16830,Q9LRZ0
AT3G16840,Q93Y39
AT3G16850,Q94C86
AT3G16857,Q940D0
AT3G16860,Q9LIB6
AT3G16870,Q9LIB5
AT3G16880,Q9LIB4
AT3G16890,Q9LSQ2
AT3G16895,Q3E7C7
AT3G16900,Q9LSQ1
AT3G16910,Q8VZF1
AT3G16920,Q9LSP9
AT3G16930,Q3E734
AT3G16940,Q9LSP8
AT3G16950,A8MS68
AT3G16960,F4J3Y5
AT3G16970,Q3EB54
AT3G16980,Q6NLH0
AT3G16990,Q9ASY9
AT3G17000,Q9LSP7
AT3G17010,Q9LSP6
AT3G17020,Q9LSP5
AT3G17030,F4J3Z2
AT3G17040,Q8RWG2
AT3G17050,P27483
AT3G17060,Q9LSP1
AT3G17070,Q9LSP0
AT3G17080,Q9LSN9
AT3G17090,Q0V7V2
AT3G17100,Q9LSN7
AT3G17120,Q9LSN5
AT3G17130,Q9LSN4
AT3G17140,F4J405
AT3G17145,Q0WR80
AT3G17152,Q9LSN2
AT3G17155,Q2V3V1
AT3G17160,Q9LSN1
AT3G17170,Q948R9
AT3G17180,Q9LSM9
AT3G17190,F4J412
AT3G17205,Q8RWB8
AT3G17210,Q9LUV2
AT3G17220,Q9LUV1
AT3G17225,Q9LUV0
AT3G17227,A0A1I9LPY7
AT3G17230,Q9LUU8
AT3G17240,Q9M5K2
AT3G17250,Q9LUU7
AT3G17261,B3H5A7
AT3G17265,Q9LUU5
AT3G17270,Q9LUU4
AT3G17280,Q9LUU3
AT3G17310,Q8H1E8
AT3G17320,Q9LUT9
AT3G17330,Q1JPL5
AT3G17340,F4J549
AT3G17350,F4J551
AT3G17360,Q27IK7
AT3G17365,Q949P5
AT3G17370,F4J555
AT3G17380,F4J556
AT3G17390,Q9LUT2
AT3G17400,Q9LUT1
AT3G17410,Q9LUT0
AT3G17420,Q9LRP3
AT3G17430,Q9LRP2
AT3G17440,Q9LRP1
AT3G17450,Q0WQA4
AT3G17460,Q9LRN9
AT3G17465,Q9LRN8
AT3G17470,Q84R11
AT3G17480,Q9LUP9
AT3G17490,Q9LUP8
AT3G17500,Q9LUP7
AT3G17510,Q8RWC9
AT3G17520,F4J573
AT3G17530,Q9LUP5
AT3G17540,Q9LUP4
AT3G17550,Q9LUP3
AT3G17560,Q9LUP2
AT3G17570,Q9LUP1
AT3G17580,Q9LUN9
AT3G17590,P93045
AT3G17600,Q8H174
AT3G17609,Q8W191
AT3G17611,Q8RXW0
AT3G17620,Q9LUN5
AT3G17626,B3H6U3
AT3G17630,Q9LUN4
AT3G17640,Q9LUN3
AT3G17650,Q9LUN2
AT3G17655,A0A1I9LM63
AT3G17660,Q0WQQ1
AT3G17670,F4J6C9
AT3G17675,Q9LUM8
AT3G17680,F4J6D3
AT3G17690,Q9LDR2
AT3G17700,Q9LD37
AT3G17710,Q9LUM6
AT3G17712,F4J6D7
AT3G17717,A0A1I9LT04
AT3G17720,F4J6E0
AT3G17730,Q9LSH5
AT3G17740,Q9LSH4
AT3G17750,Q8RX85
AT3G17760,Q9LSH2
AT3G17765,A0A1I9LPW0
AT3G17770,Q494P3
AT3G17780,Q9LSH0
AT3G17790,Q9SCX8
AT3G17800,Q9LVJ0
AT3G17810,Q9LVI9
AT3G17820,Q9LVI8
AT3G17830,Q058J9
AT3G17840,Q9LVI6
AT3G17850,F4J6F6
AT3G17860,Q9LVI4
AT3G17880,Q8VWG7
AT3G17890,Q9LVI1
AT3G17900,Q9ASZ4
AT3G17910,Q9SE51
AT3G17920,F4J6G5
AT3G17930,Q94BY7
AT3G17940,Q9LVH6
AT3G17950,Q6DR24
AT3G17970,Q9LVH5
AT3G17980,Q9LVH4
AT3G18000,Q9FR44
AT3G18010,Q6X7K0
AT3G18020,Q9LSK8
AT3G18030,Q9SWE5
AT3G18035,Q9LSK7
AT3G18040,Q9LV37
AT3G18050,Q9LV36
AT3G18060,Q9LV35
AT3G18070,Q9LV34
AT3G18080,Q9LV33
AT3G18090,Q9LV32
AT3G18100,Q9LV31
AT3G18110,Q5G1S8
AT3G18120,Q9LV29
AT3G18130,Q9LV28
AT3G18140,Q9LV27
AT3G18150,Q9LV26
AT3G18160,Q8LDG7
AT3G18165,Q949S9
AT3G18170,Q9LV23
AT3G18180,Q9LV22
AT3G18190,Q9LV21
AT3G18200,Q9LV20
AT3G18210,P0DO23
AT3G18215,Q9LV18
AT3G18220,Q0WNG6
AT3G18230,Q9LJQ7
AT3G18235,F4J7L7
AT3G18240,Q9LJQ6
AT3G18250,Q6E248
AT3G18260,Q9LJQ5
AT3G18280,A0A1I9LP30
AT3G18282,F4J7M4
AT3G18290,Q8LPQ5
AT3G18291,B3H4I2
AT3G18295,Q9LS61
AT3G18300,Q9LS60
AT3G18310,Q9LS59
AT3G18320,Q9LS58
AT3G18330,Q9LS57
AT3G18340,Q9LS56
AT3G18350,Q9LS55
AT3G18360,Q9LS54
AT3G18370,Q93ZM0
AT3G18380,Q8RWJ7
AT3G18390,Q9LS51
AT3G18400,Q9LS50
AT3G18410,Q94C12
AT3G18420,Q9LS48
AT3G18430,Q9LS47
AT3G18440,Q9LS46
AT3G18450,Q9LS45
AT3G18460,Q9LS44
AT3G18470,Q9LS43
AT3G18480,Q9LS42
AT3G18485,F4J8R4
AT3G18490,Q9LS40
AT3G18500,Q9LS39
AT3G18510,Q8GXY3
AT3G18518,Q6IM94
AT3G18520,Q8GXJ1
AT3G18524,O24617
AT3G18530,F4J8S4
AT3G18535,F4J8S5
AT3G18550,A1YKT1
AT3G18560,Q9LII3
AT3G18570,Q9LII2
AT3G18580,Q9LII1
AT3G18590,Q9LII0
AT3G18600,Q9LIH9
AT3G18610,Q1PEP5
AT3G18620,Q9LIH7
AT3G18630,Q9LIH6
AT3G18640,Q9LIH5
AT3G18650,Q9LSB2
AT3G18660,Q9LSB1
AT3G18670,Q9LSB0
AT3G18680,Q9LSA9
AT3G18690,Q8LGD5
AT3G18700,F4J8U4
AT3G18710,Q9LSA6
AT3G18715,Q6DUW6
AT3G18720,Q9LSA5
AT3G18730,Q6Q4D0
AT3G18740,Q9LSA3
AT3G18750,Q8S8Y8
AT3G18760,Q9LSA1
AT3G18770,F4J8V5
AT3G18773,Q9LS99
AT3G18775,A0A1I9LNT0
AT3G18780,Q96292
AT3G18790,Q9LS97
AT3G18800,Q9LS96
AT3G18810,Q9LS95
AT3G18820,Q9LS94
AT3G18830,Q8VZ80
AT3G18840,Q9LHN5
AT3G18850,Q9LHN4
AT3G18860,F4J9W8
AT3G18870,Q9LHN2
AT3G18880,Q9LHN1
AT3G18890,Q8H0U5
AT3G18900,A0A1I9LMH3
AT3G18905,Q9LHM8
AT3G18910,Q9LJ74
AT3G18915,A0A1I9LRC5
AT3G18930,Q67YI6
AT3G18940,Q9LJ72
AT3G18950,Q9LJ71
AT3G18957,F4J9Y1
AT3G18960,Q84R27
AT3G18970,Q9LJ69
AT3G18980,Q9LJ68
AT3G18990,Q8L3W1
AT3G19000,Q9LJ66
AT3G19010,Q9LJ65
AT3G19020,Q9LJ64
AT3G19030,Q9LJ63
AT3G19035,B3H5B6
AT3G19040,Q6PUA2
AT3G19050,Q27IK6
AT3G19055,F4J9Z7
AT3G19070,F4J9Z8
AT3G19080,A0A178V7N9
AT3G19085,A0A178VIK9
AT3G19090,Q9LHL3
AT3G19100,Q9LJL9
AT3G19120,Q9LJL8
AT3G19130,Q0WW84
AT3G19140,Q9LJL6
AT3G19150,Q0WNX9
AT3G19160,Q9LJL4
AT3G19170,Q9LJL3
AT3G19180,Q8VY16
AT3G19184,Q1G3M3
AT3G19190,F8S296
AT3G19200,Q9LJK8
AT3G19210,Q0PCS3
AT3G19220,Q93YN0
AT3G19230,F4JB46
AT3G19240,Q9LJK5
AT3G19250,Q9LJK4
AT3G19260,Q9LJK3
AT3G19270,Q9LJK2
AT3G19274,B3H634
AT3G19280,Q9LJK1
AT3G19290,Q9M7Q2
AT3G19300,Q9LT87
AT3G19310,Q9LT86
AT3G19320,Q9LT85
AT3G19330,Q9LT84
AT3G19340,Q8RWC3
AT3G19350,Q9LT82
AT3G19360,Q9LT81
AT3G19370,F4JB65
AT3G19380,Q9LT79
AT3G19390,Q9LT78
AT3G19400,Q9LT77
AT3G19410,Q9LT76
AT3G19420,Q9LT75
AT3G19430,A0A178VGJ3
AT3G19440,Q9LT72
AT3G19450,P48523
AT3G19460,Q9LT71
AT3G19470,Q8LCE9
AT3G19480,Q9LT69
AT3G19490,Q9LT68
AT3G19500,Q9LT67
AT3G19508,Q1G3M2
AT3G19510,Q04996
AT3G19515,F4JB86
AT3G19520,Q9LH42
AT3G19530,Q5XVB7
AT3G19540,Q9LH41
AT3G19550,Q8LEN7
AT3G19552,A0A1I9LNT8
AT3G19553,Q9LH39
AT3G19560,Q9LJP0
AT3G19565,A0A1I9LSV6
AT3G19570,Q8GXD9
AT3G19580,Q9SSW2
AT3G19590,Q9LJN8
AT3G19600,F4JCB2
AT3G19610,F4JCB3
AT3G19613,A0A1I9LP79
AT3G19615,A8MR54
AT3G19620,Q9LJN4
AT3G19630,Q84JV6
AT3G19640,Q9LJN2
AT3G19650,Q9LJN1
AT3G19660,Q9LJN0
AT3G19663,B3H4Q2
AT3G19670,F4JCC1
AT3G19680,Q9LJM6
AT3G19690,Q9LJM5
AT3G19700,Q9LJM4
AT3G19710,Q9LE06
AT3G19720,Q84N64
AT3G19740,F4JCC9
AT3G19760,Q94A52
AT3G19770,Q9LT31
AT3G19780,F4JCD3
AT3G19790,Q9LT29
AT3G19800,Q9C5M1
AT3G19810,Q9LT27
AT3G19820,Q39085
AT3G19830,B6ETT7
AT3G19840,Q9LT25
AT3G19850,Q9LT24
AT3G19860,Q9LT23
AT3G19870,Q9LT22
AT3G19880,Q9LT21
AT3G19890,Q4PSN8
AT3G19895,Q8GWB1
AT3G19900,Q8LDI1
AT3G19910,Q9LT17
AT3G19920,A0A1I9LLD2
AT3G19930,Q39228
AT3G19940,Q9LT15
AT3G19950,Q8LPN7
AT3G19960,Q9LHE9
AT3G19970,Q9LHE8
AT3G19980,Q9LHE7
AT3G19990,Q501F4
AT3G20000,Q9LHE5
AT3G20010,Q9LHE4
AT3G20015,Q9LHE3
AT3G20020,Q08A71
AT3G20030,Q9LJZ8
AT3G20040,Q56XE8
AT3G20050,P28769
AT3G20060,Q9LJZ5
AT3G20070,Q9LJZ4
AT3G20080,Q9LJZ2
AT3G20090,Q9LJY9
AT3G20100,Q9LJY8
AT3G20110,Q9LJY7
AT3G20120,Q9LJY6
AT3G20130,Q9LJY5
AT3G20140,Q9LJY4
AT3G20150,F4JDI6
AT3G20155,Q45GL6
AT3G20160,Q9LJY2
AT3G20170,Q9LJY1
AT3G20180,F4JDJ0
AT3G20190,Q9LJY0
AT3G20200,Q8GWU3
AT3G20210,Q9LJX8
AT3G20220,Q9LJX7
AT3G20230,Q9LJX6
AT3G20240,Q9LJX5
AT3G20250,Q9LJX4
AT3G20260,Q8L795
AT3G20270,Q8VYC2
AT3G20280,Q5PNS0
AT3G20290,Q94CF0
AT3G20300,Q8VXV8
AT3G20310,Q9LDE4
AT3G20320,Q9LTR2
AT3G20330,P49077
AT3G20340,Q9LTR0
AT3G20350,B7ZWR9
AT3G20360,Q8W0Z1
AT3G20362,F4JDL5
AT3G20370,Q9LTQ5
AT3G20380,Q9LTQ4
AT3G20390,Q94JQ4
AT3G20395,Q1G3M1
AT3G20400,Q9LTQ1
AT3G20410,Q38868
AT3G20420,Q9LTQ0
AT3G20430,Q9LTP9
AT3G20440,D2WL32
AT3G20450,Q9LTP7
AT3G20460,Q9LTP6
AT3G20470,Q9LTP5
AT3G20475,F4JEP5
AT3G20480,Q8LEA0
AT3G20490,F4JEP8
AT3G20500,Q9LJU7
AT3G20510,Q9LJU6
AT3G20520,F4JEQ1
AT3G20530,F4JEQ2
AT3G20540,Q84ND9
AT3G20550,Q8W4D8
AT3G20555,F4JEQ6
AT3G20557,Q56YT7
AT3G20560,Q9LJU2
AT3G20570,Q9LJU1
AT3G20580,Q9LJU0
AT3G20590,Q9LJT9
AT3G20600,O48915
AT3G20610,Q9LJT8
AT3G20620,Q8GYH4
AT3G20630,Q8L6Y1
AT3G20640,Q8GXT3
AT3G20650,Q9LHQ7
AT3G20660,Q9LHQ6
AT3G20670,Q9LHQ5
AT3G20680,Q9LHQ4
AT3G20690,Q1PEN8
AT3G20700,Q9LHQ2
AT3G20705,Q9LHQ1
AT3G20710,Q9LHQ0
AT3G20720,Q84R14
AT3G20730,Q9LT48
AT3G20740,Q9LT47
AT3G20750,Q9LT45
AT3G20760,F4JET1
AT3G20770,O24606
AT3G20780,Q9C5V6
AT3G20790,Q8RWP0
AT3G20800,Q8RWV5
AT3G20810,Q8RWR1
AT3G20820,Q9LT39
AT3G20830,Q9LT38
AT3G20840,Q5YGP8
AT3G20850,Q9LT36
AT3G20860,Q9LT35
AT3G20865,Q8LD43
AT3G20870,Q940Q3
AT3G20880,Q8W030
AT3G20890,F4IWB2
AT3G20898,F4IWB3
AT3G20900,Q3EB32
AT3G20910,Q945M9
AT3G20920,Q9LIH2
AT3G20930,Q8L440
AT3G20935,F4IWB9
AT3G20940,Q9LIG9
AT3G20950,Q9LIG8
AT3G20960,Q9LIG7
AT3G20970,Q9LIG6
AT3G20980,F4IWC6
AT3G20993,P82770
AT3G20997,P82769
AT3G21000,Q1PEN6
AT3G21055,Q39195
AT3G21060,Q5E915
AT3G21070,Q56YN3
AT3G21080,Q9LJC4
AT3G21090,Q8RWI9
AT3G21100,A0A1I9LQK5
AT3G21110,P38025
AT3G21120,Q9LJC0
AT3G21130,Q9LJB9
AT3G21140,Q8L637
AT3G21150,Q9LJB7
AT3G21160,Q8H116
AT3G21165,A0A1I9LRE7
AT3G21170,Q9LU43
AT3G21175,Q8GXL7
AT3G21180,Q9LU41
AT3G21190,Q9LU40
AT3G21200,Q9LU39
AT3G21210,Q84R08
AT3G21215,Q9ASW4
AT3G21220,Q8RXG3
AT3G21230,Q9LU36
AT3G21240,Q9S725
AT3G21250,Q8LGU1
AT3G21260,Q9LU33
AT3G21270,Q94AR6
AT3G21280,Q84WC6
AT3G21290,F4IXI9
AT3G21295,F4IXJ0
AT3G21300,Q9LU28
AT3G21305,A0A178V5Q1
AT3G21310,Q058K9
AT3G21320,Q5Q0C8
AT3G21330,Q8S3D2
AT3G21340,Q9LIG2
AT3G21350,F4IXJ7
AT3G21351,F4IXJ9
AT3G21352,Q1G3B1
AT3G21360,Q9LIG0
AT3G21370,Q9LIF9
AT3G21371,B3H5J3
AT3G21380,Q9LIF8
AT3G21390,Q8RXZ9
AT3G21400,Q9LIF6
AT3G21405,A0A1I9LRK9
AT3G21410,Q4PSN6
AT3G21420,Q9LIF4
AT3G21430,Q6A332
AT3G21450,F4IXL0
AT3G21460,Q9LIF1
AT3G21465,F4IXL3
AT3G21470,Q9LVF9
AT3G21473,A0A1I9LN39
AT3G21480,Q9LVF7
AT3G21490,A0JPW5
AT3G21500,A0A1I9LTC7
AT3G21510,Q9ZNV9
AT3G21520,Q9LVF4
AT3G21530,Q9LVF3
AT3G21540,Q9LVF2
AT3G21550,Q9LVF1
AT3G21560,Q9LVF0
AT3G21570,Q9LVE9
AT3G21580,Q944H2
AT3G21590,A0A1I9LQF6
AT3G21600,Q9LVE6
AT3G21620,Q9LVE4
AT3G21630,A8R7E6
AT3G21640,Q9LDC0
AT3G21650,Q9LVE2
AT3G21660,F4IXN6
AT3G21670,Q9LVE0
AT3G21680,Q3EB28
AT3G21690,Q9LVD9
AT3G21700,Q9LSZ4
AT3G21710,Q9LSZ3
AT3G21720,P28297
AT3G21730,Q6GKX5
AT3G21740,Q9LSZ0
AT3G21750,Q9LSY9
AT3G21760,Q9LSY8
AT3G21770,Q9LSY7
AT3G21780,Q9LSY6
AT3G21790,Q9LSY5
AT3G21800,Q9LSY4
AT3G21810,Q93XW7
AT3G21820,Q5PP37
AT3G21825,A0A1I9LPW1
AT3G21830,Q9LSY1
AT3G21840,Q9LSY0
AT3G21850,Q9LSX9
AT3G21860,Q9LSX8
AT3G21865,Q9LSX7
AT3G21870,Q9LJ45
AT3G21880,Q9LJ44
AT3G21890,Q9LRM4
AT3G21900,Q9LRM3
AT3G21910,Q9LRM2
AT3G21920,Q9LRM1
AT3G21930,Q9LRM0
AT3G21933,Q9LRL9
AT3G21937,Q9LRL8
AT3G21940,Q9LRL7
AT3G21945,Q9LRL6
AT3G21950,A0A1I9LSP4
AT3G21960,Q9LRL4
AT3G21965,Q9LRL2
AT3G21970,Q9LRL1
AT3G21980,Q9LRL0
AT3G21985,Q9LRK9
AT3G21990,Q9LRK8
AT3G22000,A0MEX7
AT3G22010,Q9LRK6
AT3G22020,Q9LRK5
AT3G22022,B3H6B4
AT3G22030,Q9LRK4
AT3G22040,Q9LRK3
AT3G22050,Q9LRK2
AT3G22053,Q9LRK1
AT3G22057,Q9LRK0
AT3G22060,Q9LRJ9
AT3G22070,Q9LRJ8
AT3G22080,F4IYY5
AT3G22085,A0A1I9LT92
AT3G22090,Q9LRJ5
AT3G22100,Q9LRJ4
AT3G22104,Q9C5J4
AT3G22110,O81148
AT3G22120,A0A1I9LSA3
AT3G22125,A0A1I9LSA7
AT3G22142,Q9LIE8
AT3G22150,Q9LIE7
AT3G22160,Q9LIE6
AT3G22170,Q9LIE5
AT3G22180,Q9LIE4
AT3G22183,B3H783
AT3G22190,F4J061
AT3G22200,Q94CE5
AT3G22210,Q8LA01
AT3G22220,Q9LIE1
AT3G22230,Q8LCL3
AT3G22231,Q94C26
AT3G22235,Q8W472
AT3G22240,Q9LHJ3
AT3G22250,Q9LHJ2
AT3G22260,Q0V869
AT3G22270,F4J077
AT3G22275,F4J078
AT3G22280,Q94K91
AT3G22300,P42797
AT3G22310,Q9LUW6
AT3G22320,O81098
AT3G22330,Q9LUW5
AT3G22333,A0A1I9LT98
AT3G22337,A0A1I9LT96
AT3G22345,Q9LUW3
AT3G22350,Q1PEN2
AT3G22360,O23913
AT3G22370,Q39219
AT3G22380,Q94KE2
AT3G22400,Q9LUW0
AT3G22410,Q9LUV9
AT3G22415,Q3EB24
AT3G22420,Q8S8Y9
AT3G22421,Q9LUV7
AT3G22425,P34047
AT3G22430,F4J099
AT3G22436,B3H524
AT3G22440,Q9LUV4
AT3G22450,Q9LJA1
AT3G22460,Q9LJA0
AT3G22470,Q6NQ83
AT3G22480,Q9LJ98
AT3G22490,Q9LJ97
AT3G22500,Q9LJ95
AT3G22510,Q6AWV8
AT3G22520,Q9LJ94
AT3G22530,Q8VY73
AT3G22540,Q9LJ92
AT3G22550,Q8L471
AT3G22560,Q9LJ90
AT3G22565,A0A1I9LNZ2
AT3G22570,Q8GYS8
AT3G22580,Q9LJ88
AT3G22590,Q9LJ87
AT3G22600,Q9LJ86
AT3G22620,Q9LJ85
AT3G22630,O23714
AT3G22640,Q9LUJ7
AT3G22650,Q9LUJ6
AT3G22660,Q9LUJ5
AT3G22670,Q9LUJ4
AT3G22680,Q9LUJ3
AT3G22690,Q9LUJ2
AT3G22700,Q9LUJ1
AT3G22710,Q9LUJ0
AT3G22720,Q9LUI9
AT3G22723,B3H4R3
AT3G22730,Q9LUI8
AT3G22740,Q8LAX0
AT3G22750,Q9LUI6
AT3G22760,Q8L548
AT3G22770,Q9LUI4
AT3G22780,Q9LUI3
AT3G22790,Q9LUI2
AT3G22800,Q9LUI1
AT3G22810,Q9LUI0
AT3G22820,Q9LUH9
AT3G22830,Q9LUH8
AT3G22840,P93735
AT3G22845,Q9LIL4
AT3G22850,Q9LIL3
AT3G22860,F4J1N5
AT3G22870,Q9LIL1
AT3G22880,Q39009
AT3G22890,Q9LIK9
AT3G22900,Q8LE42
AT3G22910,Q9LIK7
AT3G22920,Q9LIK6
AT3G22930,Q9LIK5
AT3G22935,Q9LIK4
AT3G22940,Q9LIK3
AT3G22942,Q93V47
AT3G22950,Q9LIK1
AT3G22960,Q9LIK0
AT3G22961,Q9LIJ9
AT3G22970,Q9LIJ8
AT3G22980,F4J2T9
AT3G22990,Q9LS90
AT3G23000,Q9XIW0
AT3G23010,Q1PEN0
AT3G23020,Q9LS88
AT3G23030,P49678
AT3G23050,Q38825
AT3G23060,Q9LS86
AT3G23070,F4J2U9
AT3G23080,Q9LS84
AT3G23090,Q84WL6
AT3G23100,Q682V0
AT3G23110,Q9LS80
AT3G23120,Q9LS79
AT3G23123,A0A1I9LM80
AT3G23130,Q38895
AT3G23140,Q9LTD6
AT3G23145,F4J2W0
AT3G23150,Q0WPQ2
AT3G23160,Q9LTD4
AT3G23165,P82757
AT3G23167,P82754
AT3G23170,Q9LTD3
AT3G23172,F4J2W7
AT3G23175,Q8GYI3
AT3G23180,Q9LTD0
AT3G23190,Q9LTC9
AT3G23200,Q8L7R5
AT3G23210,Q9LTC7
AT3G23220,Q9LTC6
AT3G23230,Q9LTC5
AT3G23240,Q8LDC8
AT3G23245,F4J2X6
AT3G23250,Q9LTC4
AT3G23255,F4J2X9
AT3G23260,Q9LTC3
AT3G23270,A0A1I9LTP1
AT3G23280,Q4FE47
AT3G23290,Q9LW68
AT3G23300,Q8H118
AT3G23310,Q9LW66
AT3G23320,Q9LW65
AT3G23325,Q9LW64
AT3G23330,Q9LW63
AT3G23340,Q9LW62
AT3G23350,Q9LW61
AT3G23360,Q9LW60
AT3G23370,Q9LW59
AT3G23380,F4J424
AT3G23390,O23290
AT3G23400,Q9LW57
AT3G23410,Q9LW56
AT3G23420,Q9LW55
AT3G23430,Q8S403
AT3G23440,Q9LW53
AT3G23450,Q9LW52
AT3G23460,F4J432
AT3G23470,Q5PP30
AT3G23480,F4J434
AT3G23490,O22683
AT3G23500,Q8GZ28
AT3G23530,Q8VZH1
AT3G23540,Q6NKN2
AT3G23550,Q9LUH3
AT3G23560,Q9LUH2
AT3G23570,Q94JY3
AT3G23580,P50651
AT3G23590,Q9LUG9
AT3G23600,Q9LUG8
AT3G23605,Q9LUG7
AT3G23610,Q9ZR37
AT3G23620,Q9LUG5
AT3G23630,Q94ID1
AT3G23633,Q9LUG3
AT3G23635,A8MRE9
AT3G23637,Q6IM80
AT3G23640,Q93Y12
AT3G23660,Q9LUG1
AT3G23670,Q8L7Y8
AT3G23680,F4J465
AT3G23685,F4J466
AT3G23690,Q9LK48
AT3G23700,Q9LK47
AT3G23710,F4J469
AT3G23715,P82632
AT3G23727,P82631
AT3G23730,Q8LG58
AT3G23740,Q9LK44
AT3G23750,Q9LK43
AT3G23760,Q8L9Q7
AT3G23770,Q9LK41
AT3G23780,Q9LK40
AT3G23790,Q9LK39
AT3G23800,Q9LK38
AT3G23805,Q9LK37
AT3G23810,Q9LK36
AT3G23820,Q9LIS3
AT3G23830,Q9LIS2
AT3G23840,Q9LIS1
AT3G23860,Q9LIS0
AT3G23870,Q9LIR9
AT3G23880,Q9LIR8
AT3G23890,P30182
AT3G23900,F4J5A7
AT3G23910,A0A1I9LRJ4
AT3G23920,Q9LIR6
AT3G23930,Q9LIR5
AT3G23940,Q9LIR4
AT3G23950,Q9LIR3
AT3G23955,Q9LIR2
AT3G23960,Q9LIR1
AT3G23970,Q9LIR0
AT3G23980,Q9LIQ9
AT3G23990,P29197
AT3G24000,Q9LIQ7
AT3G24010,Q9LIQ6
AT3G24020,Q7Y225
AT3G24030,Q9LIQ4
AT3G24040,Q9LIQ3
AT3G24050,Q8LAU9
AT3G24060,Q940K6
AT3G24065,Q9LIQ1
AT3G24068,Q2V3T1
AT3G24080,F4J5D3
AT3G24090,Q9LIP9
AT3G24093,Q1G3L8
AT3G24100,Q94K36
AT3G24110,Q9LRN6
AT3G24120,Q94A57
AT3G24130,Q4PSN0
AT3G24140,Q56YJ8
AT3G24150,Q0WQ76
AT3G24160,Q9ZSJ7
AT3G24170,P48641
AT3G24180,Q8VZ08
AT3G24190,Q9LRN0
AT3G24200,F4J6I6
AT3G24210,F4J6I7
AT3G24220,Q9LRM7
AT3G24225,Q8W261
AT3G24230,Q9LRM5
AT3G24240,Q9LHP4
AT3G24250,Q6NPS5
AT3G24255,F4J6J4
AT3G24260,Q9LK19
AT3G24270,Q9LK18
AT3G24280,Q1ECS0
AT3G24290,Q9LK16
AT3G24300,Q9SQH9
AT3G24310,Q9LK14
AT3G24315,Q1LYX4
AT3G24320,Q84LK0
AT3G24330,Q9LK11
AT3G24340,Q9LK10
AT3G24350,Q9LK09
AT3G24360,Q9LK08
AT3G24400,Q9LK03
AT3G24420,Q9LK01
AT3G24430,Q6STH5
AT3G24440,Q9LHF5
AT3G24450,Q9LHF4
AT3G24460,Q8VZI4
AT3G24463,A0A178V9P2
AT3G24465,Q9LHF2
AT3G24480,Q9LHF1
AT3G24490,Q9LV59
AT3G24495,Q9SMV7
AT3G24500,Q9LV58
AT3G24503,Q56YU0
AT3G24506,Q9LV56
AT3G24508,Q2V3S8
AT3G24510,Q9LV55
AT3G24513,Q2V3S7
AT3G24514,A0A1I9LLK9
AT3G24515,Q941B6
AT3G24516,B3H6X5
AT3G24517,F4J6M8
AT3G24520,Q9LV52
AT3G24530,A0A1I9LLV2
AT3G24535,Q3EB12
AT3G24540,Q1PEM5
AT3G24542,F4J7P5
AT3G24550,Q9LV48
AT3G24560,F4J7P7
AT3G24570,Q9LV46
AT3G24575,A0A1I9LLB7
AT3G24580,Q9LV45
AT3G24590,Q8H0W1
AT3G24600,Q9LV43
AT3G24605,Q9LV42
AT3G24610,Q9LV41
AT3G24620,Q9LV40
AT3G24630,Q9LJ43
AT3G24640,Q3EB10
AT3G24650,Q01593
AT3G24660,P33543
AT3G24670,Q9LJ42
AT3G24690,Q9LJ40
AT3G24700,Q9LJ39
AT3G24710,F4J7R4
AT3G24715,Q9LRY7
AT3G24730,Q6NMD4
AT3G24740,Q9LRY5
AT3G24750,A0A1I9LQU9
AT3G24760,Q3EB08
AT3G24770,Q84W98
AT3G24780,Q1PEM2
AT3G24790,Q9LRY1
AT3G24800,Q8LBL5
AT3G24810,Q9LRY0
AT3G24820,Q9LRX9
AT3G24830,Q9LRX8
AT3G24840,F4J7S8
AT3G24850,Q9LRX6
AT3G24860,Q9LRX5
AT3G24870,F4J7T2
AT3G24880,F4J7T3
AT3G24890,F4J7T4
AT3G24900,F4J7T6
AT3G24929,F4J7T7
AT3G24982,Q9LRW9
AT3G25010,Q9LJS2
AT3G25011,B3H4F9
AT3G25012,A0A1I9LSQ8
AT3G25013,F4J7U3
AT3G25014,B3H7L4
AT3G25020,Q9LJS0
AT3G25030,Q9LJR9
AT3G25040,Q8VWI1
AT3G25050,Q9LJR7
AT3G25060,Q9LJR6
AT3G25070,Q8GYN5
AT3G25080,Q6E244
AT3G25090,F4J8W8
AT3G25100,Q9LSG6
AT3G25110,Q42561
AT3G25120,Q9LSG5
AT3G25130,Q9LSG4
AT3G25140,Q9LSG3
AT3G25150,F4J8X6
AT3G25160,Q5PNU5
AT3G25165,Q9LSG0
AT3G25170,Q0V822
AT3G25180,Q9LSF8
AT3G25182,Q9LSF7
AT3G25190,Q9LSF6
AT3G25200,F4J8Y4
AT3G25210,Q9LSF5
AT3G25220,Q38935
AT3G25221,B3H475
AT3G25230,Q38931
AT3G25240,Q9LSF2
AT3G25250,Q9LSF1
AT3G25260,Q9LSF0
AT3G25265,P82719
AT3G25270,Q9LSE9
AT3G25280,Q9LSE8
AT3G25290,Q9LSE7
AT3G25400,Q9LSW0
AT3G25410,Q8RXE8
AT3G25420,Q9LSV8
AT3G25430,Q8W4C3
AT3G25440,Q67XL4
AT3G25460,Q9LSV6
AT3G25470,Q9LSV5
AT3G25480,Q56XR7
AT3G25490,Q9LSV3
AT3G25493,A0A1I9LNY7
AT3G25500,Q9SE97
AT3G25505,A0A1I9LTD7
AT3G25510,F4J910
AT3G25520,Q8LBI1
AT3G25530,Q9LSV0
AT3G25540,Q9LDF2
AT3G25545,Q9LSU9
AT3G25550,Q9LSU8
AT3G25560,Q8RY65
AT3G25570,Q9LSU6
AT3G25573,Q1G3L6
AT3G25577,Q1G3A6
AT3G25580,Q9LSU4
AT3G25585,O82568
AT3G25590,Q9LI86
AT3G25597,Q9LI85
AT3G25600,Q9LI84
AT3G25610,Q9LI83
AT3G25620,Q7XA72
AT3G25640,Q9LI79
AT3G25650,Q1PEL7
AT3G25655,Q29PV4
AT3G25660,Q9LI77
AT3G25670,F4JA38
AT3G25680,F4JA39
AT3G25690,Q9LI74
AT3G25710,Q9LS08
AT3G25716,Q1G3L5
AT3G25717,Q6IM95
AT3G25719,B3H4J5
AT3G25720,Q3EB05
AT3G25727,F4JA50
AT3G25730,Q9LS06
AT3G25740,Q9FV51
AT3G25750,Q9LS04
AT3G25760,Q9LS03
AT3G25770,Q9LS02
AT3G25780,Q9LS01
AT3G25790,Q9LS00
AT3G25800,Q38950
AT3G25805,Q94K74
AT3G25810,Q9LRZ6
AT3G25820,P0DI76
AT3G25830,P0DI77
AT3G25840,Q8RWN3
AT3G25850,F4JA67
AT3G25855,Q8LBL7
AT3G25860,Q9SQI8
AT3G25870,Q9LUA5
AT3G25880,A0A1I9LPS6
AT3G25882,Q9LUA3
AT3G25890,Q9LUA2
AT3G25900,Q9SDL7
AT3G25905,Q9LUA1
AT3G25910,Q9LUA0
AT3G25920,P25873
AT3G25930,Q9LU98
AT3G25940,Q9LU97
AT3G25950,Q6DR02
AT3G25960,Q9LU95
AT3G25970,Q9LU94
AT3G25980,Q9LU93
AT3G25990,Q9LU92
AT3G26000,Q9LU91
AT3G26010,Q9LU90
AT3G26020,Q9LU89
AT3G26030,Q9ZQY6
AT3G26040,F4JBC7
AT3G26050,Q84JG6
AT3G26060,Q9LU86
AT3G26070,Q9LU85
AT3G26080,Q6DBN2
AT3G26085,A8MRZ2
AT3G26090,Q8H1F2
AT3G26100,Q9LU80
AT3G26110,Q3EB02
AT3G26115,A1L4V7
AT3G26120,F4JBE2
AT3G26125,Q9LTN1
AT3G26130,Q9LTN0
AT3G26135,A0A1I9LS65
AT3G26140,A0A1I9LMY1
AT3G26147,B3H613
AT3G26150,Q9LTM7
AT3G26160,Q9LTM6
AT3G26170,Q9LTM4
AT3G26180,Q9LTM3
AT3G26190,Q9LTM2
AT3G26200,Q9LTM1
AT3G26210,Q9LTM0
AT3G26220,O65785
AT3G26230,Q9LTL8
AT3G26235,F4JCH0
AT3G26237,A0A1I9LQ59
AT3G26240,Q9LTL7
AT3G26250,Q9LTL6
AT3G26270,Q9LTL2
AT3G26280,O65786
AT3G26290,Q9LTL0
AT3G26300,Q9LIP6
AT3G26310,Q9LIP5
AT3G26320,Q9LIP4
AT3G26330,Q9LIP3
AT3G26340,Q9LIP2
AT3G26350,Q9LIP1
AT3G26355,A0A1I9LPI9
AT3G26360,F4JCI2
AT3G26370,Q9LIN9
AT3G26380,F4JCI4
AT3G26390,F4JCI5
AT3G26395,A0A1I9LQ11
AT3G26400,Q9LIN5
AT3G26410,Q9LIN4
AT3G26420,Q9LIN3
AT3G26430,Q9LIN2
AT3G26440,A0A1I9LLN7
AT3G26445,F4JCJ4
AT3G26450,Q9LIN0
AT3G26460,Q9LIM9
AT3G26470,Q9LIM8
AT3G26480,Q9LIM7
AT3G26490,Q9LIM6
AT3G26500,Q9LRV8
AT3G26510,Q27GK5
AT3G26512,A0A1I9LPK7
AT3G26520,Q41963
AT3G26539,B3H6N5
AT3G26540,Q9LRV2
AT3G26550,Q9LRV1
AT3G26560,Q38953
AT3G26570,Q38954
AT3G26580,Q38955
AT3G26590,Q38956
AT3G26600,Q38957
AT3G26610,Q38958
AT3G26616,Q3EAZ5
AT3G26618,P35614
AT3G26620,P59467
AT3G26630,Q38959
AT3G26640,Q38960
AT3G26650,P25856
AT3G26660,P59468
AT3G26670,Q8RWF4
AT3G26680,Q38961
AT3G26690,Q52K88
AT3G26700,F4JDN8
AT3G26710,Q9LSE4
AT3G26720,P94078
AT3G26730,Q9LSE3
AT3G26740,Q96500
AT3G26742,F4JDP4
AT3G26744,Q9LSE2
AT3G26750,Q9LW36
AT3G26760,Q9LW35
AT3G26770,Q9LW34
AT3G26780,Q9LW33
AT3G26782,Q9LW32
AT3G26790,Q9LW31
AT3G26800,F4JDQ4
AT3G26810,Q9LW29
AT3G26820,F4JDQ6
AT3G26830,Q9LW27
AT3G26840,Q9LW26
AT3G26850,Q9LW25
AT3G26855,F4JDR1
AT3G26860,Q9LW24
AT3G26870,Q9LW23
AT3G26880,Q9LW22
AT3G26890,Q949N7
AT3G26900,Q9LW20
AT3G26910,Q9LW19
AT3G26920,Q9LJF9
AT3G26922,Q9LJF8
AT3G26930,A0A1I9LSS0
AT3G26932,Q9LJF5
AT3G26934,Q9LJF6
AT3G26935,Q0WQK2
AT3G26940,Q9LSE1
AT3G26950,Q6NQ93
AT3G26960,F4JEV5
AT3G26980,Q9LSD8
AT3G26990,Q66GK1
AT3G27000,Q9LSD6
AT3G27010,Q9LSD5
AT3G27020,Q6R3K6
AT3G27025,F4JEW1
AT3G27027,B3H5H0
AT3G27030,F4JEW3
AT3G27040,Q9LSD2
AT3G27050,Q94JV2
AT3G27060,Q9LSD0
AT3G27070,P82872
AT3G27080,P82874
AT3G27090,Q9LSC7
AT3G27100,Q6NQ54
AT3G27110,Q9LSC4
AT3G27120,F4JEX5
AT3G27140,Q3EAZ3
AT3G27150,Q9LI89
AT3G27160,Q9LI88
AT3G27170,P92942
AT3G27180,B3DNP3
AT3G27185,A0A1I9LSE2
AT3G27190,Q9LK34
AT3G27200,Q8VY59
AT3G27210,Q9LK32
AT3G27220,Q9LK31
AT3G27230,Q9LK30
AT3G27240,Q9LK29
AT3G27250,Q9LK28
AT3G27260,Q9LK27
AT3G27270,A0A1I9LNG5
AT3G27280,Q9LK25
AT3G27283,P0CAY1
AT3G27290,Q9LK24
AT3G27300,Q9LK23
AT3G27310,Q9LK22
AT3G27320,Q9LK21
AT3G27325,F4IWG3
AT3G27329,B3H590
AT3G27330,F4IWG7
AT3G27331,B3H5H4
AT3G27340,Q1H557
AT3G27350,Q9LTZ4
AT3G27355,Q9LTZ3
AT3G27380,Q8LBZ7
AT3G27390,Q8GUM4
AT3G27400,Q9LTZ0
AT3G27410,Q9LTY9
AT3G27415,Q9LTY8
AT3G27416,B3H6K5
AT3G27420,Q8VY55
AT3G27425,A8MRQ7
AT3G27430,O23710
AT3G27440,Q9LTY6
AT3G27460,Q8RXY6
AT3G27473,Q9LTY3
AT3G27475,A0A1I9LSM5
AT3G27480,F4IWJ4
AT3G27490,Q9LT63
AT3G27495,A0A1I9LRR4
AT3G27500,Q9LT62
AT3G27503,P82638
AT3G27510,F4IWJ8
AT3G27520,Q8LF87
AT3G27530,B0F9L4
AT3G27540,Q9LT58
AT3G27550,Q9LT57
AT3G27560,Q9LT56
AT3G27570,Q93Z74
AT3G27580,Q05999
AT3G27590,F4IWK7
AT3G27600,F4IWK8
AT3G27610,Q84Q59
AT3G27620,O22048
AT3G27630,Q9LVX6
AT3G27640,A0A1I9LQM4
AT3G27650,Q8L8Q3
AT3G27660,Q42431
AT3G27670,Q7XZF5
AT3G27680,Q9LVX2
AT3G27690,Q9XF87
AT3G27700,Q9LVX1
AT3G27710,Q9LVX0
AT3G27720,Q9LVW9
AT3G27730,Q5D892
AT3G27740,Q9LVW7
AT3G27750,Q9LVW6
AT3G27770,Q8W4R6
AT3G27785,Q9LVW4
AT3G27809,Q0WR64
AT3G27810,Q9LK95
AT3G27820,Q9LK94
AT3G27830,P36210
AT3G27831,Q2V3S0
AT3G27835,Q2V3R9
AT3G27840,P36211
AT3G27850,P36212
AT3G27860,Q9LK91
AT3G27870,Q9LK90
AT3G27880,Q9LK89
AT3G27890,Q9LK88
AT3G27900,Q9LK87
AT3G27906,Q56YY9
AT3G27910,Q9LK86
AT3G27920,P27900
AT3G27925,O22609
AT3G27930,Q8W106
AT3G27940,Q9LIJ0
AT3G27950,Q9LII9
AT3G27960,Q9LII8
AT3G27970,B3LFC1
AT3G27980,Q3EAY9
AT3G27999,Q1G3A4
AT3G28007,Q944M5
AT3G28020,F4IXT2
AT3G28030,Q9ATY5
AT3G28040,Q9LRT1
AT3G28050,Q94JU2
AT3G28060,F4IXT6
AT3G28070,Q8VYZ7
AT3G28080,F4IYZ0
AT3G28100,Q9LRS5
AT3G28120,Q3EAY7
AT3G28130,Q56X95
AT3G28140,Q9LRS3
AT3G28150,Q9LRS2
AT3G28155,F4IZ00
AT3G28170,F4IZ01
AT3G28180,Q9LJP4
AT3G28190,F4IZ03
AT3G28193,B3H5N0
AT3G28200,Q9LHA7
AT3G28210,Q67YE6
AT3G28216,B3H6A3
AT3G28220,Q9LHA6
AT3G28223,F4IZ09
AT3G28230,F4IZ10
AT3G28243,B3H729
AT3G28250,F4IZ13
AT3G28270,Q9LHD9
AT3G28280,Q9LHD8
AT3G28290,P0DI78
AT3G28291,B3H4Q5
AT3G28300,P0DI79
AT3G28310,Q6E240
AT3G28330,Q9LHD3
AT3G28335,A0A1I9LPF9
AT3G28340,Q9LHD2
AT3G28345,Q9LHD1
AT3G28360,Q9LSJ8
AT3G28370,A0A1I9LPY5
AT3G28380,Q9LSJ6
AT3G28390,Q9LSJ5
AT3G28410,Q9LSJ3
AT3G28415,Q9LSJ2
AT3G28420,Q9LSJ1
AT3G28430,Q8W4P9
AT3G28450,Q9LSI9
AT3G28455,Q8LFL4
AT3G28460,Q9LSI8
AT3G28470,Q9LSI7
AT3G28480,Q8L970
AT3G28490,F4J0A8
AT3G28500,Q9LH85
AT3G28510,Q9LH84
AT3G28520,Q9LH83
AT3G28530,Q3EAY3
AT3G28540,Q9LH82
AT3G28550,F4J0B5
AT3G28560,Q9LJJ9
AT3G28570,F4J0B7
AT3G28580,Q9LJJ7
AT3G28590,Q3EAY2
AT3G28600,F4J0C0
AT3G28610,Q9LJJ5
AT3G28620,Q9LJJ3
AT3G28630,Q8GXC9
AT3G28635,A0A1I9LRZ5
AT3G28640,Q9LJJ1
AT3G28650,Q9LJJ0
AT3G28660,Q9LJI9
AT3G28670,Q944S5
AT3G28674,B3H5E2
AT3G28680,F4J0D0
AT3G28690,F4J0D2
AT3G28700,F4J0D4
AT3G28710,Q9LJI5
AT3G28715,Q9LHA4
AT3G28720,Q9LHA3
AT3G28730,Q05153
AT3G28740,Q9LHA1
AT3G28750,Q9LHA0
AT3G28760,B9DHA5
AT3G28770,Q9LH98
AT3G28780,F4J0E6
AT3G28785,A0A1I9LPL8
AT3G28790,Q9LH95
AT3G28810,Q9LH93
AT3G28820,Q9LH92
AT3G28830,F4J0F0
AT3G28840,Q058M7
AT3G28850,Q9LH89
AT3G28853,Q9LH88
AT3G28857,Q9LJX1
AT3G28860,Q9LJX0
AT3G28870,F4J0F5
AT3G28875,A0A1I9LNY2
AT3G28880,F4J0F6
AT3G28890,Q9LJW7
AT3G28899,Q1G3A2
AT3G28900,Q9LJW6
AT3G28910,Q9SCU7
AT3G28917,Q9LJW5
AT3G28918,B3H427
AT3G28920,Q9LHF0
AT3G28922,A0A1I9LS99
AT3G28925,F4J1Q3
AT3G28930,P54121
AT3G28940,Q9MBH2
AT3G28950,Q9MBH1
AT3G28956,A0A1I9LMM7
AT3G28958,F4J1Q8
AT3G28960,F4J1Q9
AT3G28970,Q9MBG8
AT3G28980,Q9MBG7
AT3G28990,Q9MBG6
AT3G29000,Q9MBG5
AT3G29010,Q9MBG4
AT3G29020,F4J1R5
AT3G29030,Q38864
AT3G29033,F4J1R8
AT3G29034,Q8GX70
AT3G29035,Q9LJW3
AT3G29040,Q9LJW2
AT3G29050,Q9LJW1
AT3G29060,Q9LJW0
AT3G29070,Q9LJV9
AT3G29075,Q9LJV8
AT3G29080,F4J1S7
AT3G29090,Q9LVQ0
AT3G29100,Q9LVP9
AT3G29110,Q9LVP7
AT3G29130,Q9LVP5
AT3G29140,F4J1T4
AT3G29152,F4J1T5
AT3G29160,P92958
AT3G29170,Q9LVP2
AT3G29173,A0A1I9LPH3
AT3G29180,Q9LI95
AT3G29185,F4J1U2
AT3G29190,Q9LS76
AT3G29200,P42738
AT3G29230,Q9LS72
AT3G29240,Q9LS71
AT3G29250,F4J2Z7
AT3G29255,Q9LS68
AT3G29260,F4J300
AT3G29270,Q84JZ7
AT3G29280,A0A1I9LQG9
AT3G29290,Q84J46
AT3G29300,Q9LHJ4
AT3G29305,F4J306
AT3G29310,Q9LIB3
AT3G29320,Q9LIB2
AT3G29330,Q6E238
AT3G29340,F4J311
AT3G29350,Q9ZNV8
AT3G29360,Q9LIA8
AT3G29370,Q8LD48
AT3G29375,Q9LIA7
AT3G29380,Q9LIA6
AT3G29385,F4J320
AT3G29390,Q9LIA4
AT3G29400,Q9LIA2
AT3G29410,Q9LIA1
AT3G29430,Q9LIA0
AT3G29450,F4J326
AT3G29455,A0A1I9LLX4
AT3G29560,F4J327
AT3G29570,F4J328
AT3G29575,Q94F39
AT3G29580,Q9LJB5
AT3G29590,Q9LJB4
AT3G29630,Q9LJA6
AT3G29631,A0A1I9LQX6
AT3G29633,B3H4J6
AT3G29635,Q9LJA2
AT3G29636,F4J479
AT3G29637,A0A1I9LQY5
AT3G29638,F4J480
AT3G29639,A8MS19
AT3G29645,A0A1I9LTS9
AT3G29670,Q9LRQ8
AT3G29680,Q9LRQ7
AT3G29690,Q9LRQ6
AT3G29720,F4J485
AT3G29740,Q9LRQ1
AT3G29750,F4J487
AT3G29760,Q9LRQ0
AT3G29763,Q3EAW7
AT3G29765,Q3E6V3
AT3G29770,Q9FW03
AT3G29780,Q9LH43
AT3G29785,Q3E7T9
AT3G29790,Q9LJ53
AT3G29791,Q9LJ52
AT3G29794,A0A1I9LT82
AT3G29796,Q9LJ51
AT3G29797,A8MRH6
AT3G29800,Q9LJ50
AT3G29810,Q8L8Q7
AT3G29830,Q9LJ48
AT3G29970,A0A1I9LRM7
AT3G30160,F4J5F2
AT3G30165,A0A1I9LRT2
AT3G30180,Q940V4
AT3G30200,F4J5F4
AT3G30210,Q9LRU5
AT3G30220,F4J5F6
AT3G30222,B3H528
AT3G30230,F4J5F8
AT3G30235,F4J5F9
AT3G30247,Q9LRU1
AT3G30260,Q7X9H6
AT3G30280,Q9LI71
AT3G30290,F4J5G3
AT3G30300,Q8GZ81
AT3G30305,A0A1I9LNH2
AT3G30320,F4J5G5
AT3G30340,Q9LI65
AT3G30350,Q9LI64
AT3G30370,Q9LI63
AT3G30380,F4J5H1
AT3G30383,A8MQI1
AT3G30385,A8MQ82
AT3G30390,Q9LI61
AT3G30430,Q058G7
AT3G30460,A0A1I9LPW5
AT3G30520,F4J6N4
AT3G30525,A0A1I9LPP6
AT3G30530,Q9LW45
AT3G30540,Q9LW44
AT3G30580,F4J6N7
AT3G30705,B3H5U3
AT3G30714,Q9LJ82
AT3G30720,Q3E7K4
AT3G30725,Q3EAV6
AT3G30730,Q9LH38
AT3G30739,A0A1I9LT28
AT3G30770,F4J7U9
AT3G30775,P92983
AT3G30805,F4J7V2
AT3G30820,F4J7V3
AT3G30823,A0A1I9LRC4
AT3G30840,F4J7V4
AT3G30841,Q9LHK9
AT3G30842,Q7PC85
AT3G30845,F4J7V7
AT3G30875,Q9LHK4
AT3G31350,F4J917
AT3G31402,F4J921
AT3G31430,F4J922
AT3G31550,A0A1I9LQI3
AT3G31560,A0A1I9LL68
AT3G31900,F4J923
AT3G31910,F4J924
AT3G31925,A0A1I9LMB0
AT3G31950,F4J925
AT3G31960,Q9LIJ4
AT3G32030,Q9LH31
AT3G32040,Q9LHR4
AT3G32047,F4JA71
AT3G32050,F4JA72
AT3G32090,F4JA74
AT3G32130,F4JA77
AT3G32150,F4JA78
AT3G32160,F4JA79
AT3G32180,F4JA80
AT3G32190,F4JA81
AT3G32200,Q3EAT4
AT3G32260,F4JA83
AT3G32280,F4JA84
AT3G32330,F4JA85
AT3G32380,A0A1I9LT45
AT3G32400,Q9LH02
AT3G32410,Q3E727
AT3G32420,A0A1I9LNK8
AT3G32896,F4JBG0
AT3G32904,F4JBG1
AT3G32920,Q3EAS6
AT3G32930,Q9LHC4
AT3G32940,Q0WVW4
AT3G32960,F4JBG6
AT3G32980,Q9LHB9
AT3G33187,Q2V3R5
AT3G33293,F4JCM1
AT3G33393,F4JCM2
AT3G33494,F4JCM3
AT3G33520,Q8LGE3
AT3G33528,Q1G3P2
AT3G33530,F4JCM7
AT3G36659,F4JC28
AT3G41762,F4JDS7
AT3G42050,Q9LX65
AT3G42060,Q9LX64
AT3G42075,A0A1I9LN07
AT3G42130,Q9LX57
AT3G42140,Q9M2N8
AT3G42148,B3H648
AT3G42150,Q9M2N7
AT3G42153,A0A1I9LLR3
AT3G42155,F4JDT6
AT3G42160,Q9M2N6
AT3G42170,Q9M2N5
AT3G42180,Q3EAR7
AT3G42310,Q9M3G5
AT3G42390,Q9M3F7
AT3G42473,P82762
AT3G42550,F4JF07
AT3G42560,Q9M2A8
AT3G42565,A8MS80
AT3G42570,F4JF10
AT3G42628,Q3EAR4
AT3G42630,Q9M2A1
AT3G42640,Q9M2A0
AT3G42660,F4JF14
AT3G42670,Q9M297
AT3G42722,Q3EAR3
AT3G42723,F4IWM0
AT3G42725,Q949S3
AT3G42770,Q9M190
AT3G42780,Q9M189
AT3G42786,Q3E7G4
AT3G42790,Q9M2B4
AT3G42800,Q9M2B3
AT3G42830,Q9M2B0
AT3G42850,A0A1I9LRU1
AT3G42860,Q9M1L9
AT3G42870,Q9M1L8
AT3G42880,Q9M1L7
AT3G42940,Q9M1L1
AT3G42950,Q9M1L0
AT3G42960,Q9M1K9
AT3G42990,Q9M1K6
AT3G42995,A0A1I9LQW5
AT3G43083,P82748
AT3G43110,Q9M250
AT3G43120,Q9M249
AT3G43148,F4IXU3
AT3G43150,Q9FY45
AT3G43153,F4IXU5
AT3G43160,Q9LXL8
AT3G43170,Q9LXL7
AT3G43180,Q9LXL6
AT3G43190,Q9LXL5
AT3G43210,Q8LNZ2
AT3G43220,Q7XZU2
AT3G43230,Q9LXL1
AT3G43240,Q6NQ79
AT3G43250,Q9LXK9
AT3G43260,Q9LXK8
AT3G43270,Q9LXK7
AT3G43280,Q9LXK6
AT3G43290,Q9LXK5
AT3G43291,B3H5P4
AT3G43300,F4IXW2
AT3G43340,Q9M185
AT3G43400,Q9M179
AT3G43410,Q9M178
AT3G43415,A0A1I9LQ80
AT3G43420,F4IZ43
AT3G43430,Q9M176
AT3G43432,Q1G3A0
AT3G43440,Q9M246
AT3G43470,Q9M243
AT3G43480,Q9M242
AT3G43490,Q9M241
AT3G43500,Q9M240
AT3G43503,A0A1I9LMZ8
AT3G43505,P82745
AT3G43520,Q94A32
AT3G43530,Q9M237
AT3G43540,Q9M236
AT3G43550,Q3EAQ9
AT3G43570,Q9FYD3
AT3G43572,B3H6I8
AT3G43574,F4IZ60
AT3G43580,Q9FYD2
AT3G43583,Q3EAQ8
AT3G43590,Q9FYD1
AT3G43600,Q7G192
AT3G43610,A0A1I9LLJ3
AT3G43630,Q9M2C3
AT3G43645,A0A1I9LQX8
AT3G43660,Q9M2C0
AT3G43670,Q9M2B9
AT3G43682,F4J0G0
AT3G43700,A1L4W5
AT3G43710,Q9M2B5
AT3G43720,Q9LZH5
AT3G43740,Q6NQP4
AT3G43750,Q9LZH2
AT3G43790,Q3EAQ5
AT3G43800,Q9LZG7
AT3G43810,P59220
AT3G43833,F4J0H5
AT3G43837,A0A1I9LN10
AT3G43840,Q9LZG4
AT3G43850,A0A1I9LQ12
AT3G43860,Q8VYG3
AT3G43870,Q9LXX2
AT3G43880,Q9LXX1
AT3G43890,Q9LXX0
AT3G43910,Q9LXW8
AT3G43920,Q9LXW7
AT3G43930,Q6DSR3
AT3G43940,Q9LXW5
AT3G43950,Q9LXW4
AT3G43960,Q9LXW3
AT3G43970,A0A1I9LQN4
AT3G43980,Q680P8
AT3G43990,Q9LXW1
AT3G44006,B3H760
AT3G44020,Q9LXV9
AT3G44050,F4J1U4
AT3G44060,Q9LXQ6
AT3G44070,Q9LXQ5
AT3G44080,Q9LXQ4
AT3G44090,Q9LXQ3
AT3G44100,Q9LXQ2
AT3G44110,Q94AW8
AT3G44115,Q3EAQ3
AT3G44120,Q9LXQ1
AT3G44130,Q9LXQ0
AT3G44140,Q9LXP9
AT3G44150,Q8VZ18
AT3G44160,Q5PP51
AT3G44170,Q9LXP6
AT3G44180,Q9LXP5
AT3G44190,Q9LXP4
AT3G44200,Q0WPH8
AT3G44210,Q9LXP2
AT3G44220,Q9LXM6
AT3G44230,Q9LXM5
AT3G44235,F4J1W7
AT3G44240,Q9LXM4
AT3G44250,Q9LXM3
AT3G44260,Q9LXM2
AT3G44261,B3H4X6
AT3G44265,A0A1I9LSB3
AT3G44280,Q9LXM0
AT3G44290,Q9LXL9
AT3G44300,P32962
AT3G44310,P32961
AT3G44320,P46010
AT3G44326,Q2V3R1
AT3G44330,Q9M292
AT3G44340,Q9M291
AT3G44350,Q9M290
AT3G44370,Q0WUC5
AT3G44380,Q9M287
AT3G44400,Q9M285
AT3G44405,A0A1I9LPM3
AT3G44428,A8MQM1
AT3G44430,Q9M282
AT3G44435,A0A1I9LTK0
AT3G44440,Q9M281
AT3G44450,Q9M280
AT3G44460,Q8RYD6
AT3G44480,F4J339
AT3G44485,A0A1I9LQM1
AT3G44490,Q9LXN8
AT3G44510,F4J341
AT3G44530,Q9LXN4
AT3G44540,Q9LXN3
AT3G44550,Q0WRB0
AT3G44555,A0A1I9LMU1
AT3G44560,Q1PEI6
AT3G44570,F4J349
AT3G44580,Q9LXM9
AT3G44590,Q9LXM8
AT3G44600,Q8W4D0
AT3G44610,Q0V7S5
AT3G44620,F4J355
AT3G44630,F4J359
AT3G44635,A0A1I9LST5
AT3G44660,Q9M1N8
AT3G44665,A0A1I9LQL8
AT3G44670,F4J361
AT3G44680,Q8H0W2
AT3G44690,F4J364
AT3G44695,A0A1I9LT05
AT3G44700,Q5XVB2
AT3G44703,A0A1I9LNI3
AT3G44704,B3H748
AT3G44710,Q9M1N3
AT3G44713,F4J368
AT3G44716,Q3EAQ0
AT3G44718,A8MS77
AT3G44720,O22241
AT3G44730,Q8W1Y3
AT3G44735,Q8LA14
AT3G44740,F4J376
AT3G44750,Q9FVE6
AT3G44753,A0A1I9LT34
AT3G44755,F4J379
AT3G44760,O22237
AT3G44763,A0A1I9LPG0
AT3G44766,A0A1I9LPG1
AT3G44769,A0A1I9LPG2
AT3G44770,Q5BPP4
AT3G44780,F4J496
AT3G44785,Q3EAP8
AT3G44790,F4J4A0
AT3G44800,F4J4A1
AT3G44805,F4J4A2
AT3G44810,O22232
AT3G44820,Q9FYC8
AT3G44830,Q9FYC7
AT3G44840,Q9FYC6
AT3G44850,Q9FYC5
AT3G44860,Q9FYC4
AT3G44870,Q9FYC3
AT3G44880,Q9FYC2
AT3G44890,P25864
AT3G44900,Q9FYC1
AT3G44910,Q9FYC0
AT3G44920,Q9FYB9
AT3G44930,Q58P69
AT3G44935,Q3EAP6
AT3G44940,Q84JJ0
AT3G44950,Q9LXI0
AT3G44960,A0A1I9LT08
AT3G44970,F4J4C0
AT3G44980,Q9LXH7
AT3G44990,P93046
AT3G45000,Q9LXH5
AT3G45010,Q56WF8
AT3G45020,Q9LXH3
AT3G45030,P49200
AT3G45040,F4J4C8
AT3G45050,B9DG54
AT3G45060,Q9LXH0
AT3G45070,Q9M1V2
AT3G45080,Q9M1V1
AT3G45090,Q93ZS1
AT3G45093,Q2V3Q8
AT3G45100,Q94BX4
AT3G45110,Q9M1U8
AT3G45130,Q1G1A4
AT3G45140,P38418
AT3G45150,Q9M1U4
AT3G45160,Q9M1U3
AT3G45170,Q9M1U2
AT3G45180,Q9M1U1
AT3G45190,F4J5I0
AT3G45200,Q9M1T9
AT3G45210,Q9M1T8
AT3G45220,Q9M1T7
AT3G45230,Q9M1T6
AT3G45240,Q93V58
AT3G45243,A8MSE2
AT3G45245,A8MQR5
AT3G45248,A8MR22
AT3G45252,A8MR63
AT3G45260,Q944L3
AT3G45275,A8MS30
AT3G45280,Q94KK6
AT3G45285,A8MRF6
AT3G45290,Q94KB9
AT3G45300,Q9SWG0
AT3G45310,Q8RWQ9
AT3G45320,Q9M3E6
AT3G45330,Q9M3E5
AT3G45390,Q7FK82
AT3G45400,Q9M3D9
AT3G45410,Q9M3D8
AT3G45420,Q9M3D7
AT3G45430,Q9M1G4
AT3G45440,Q9M1G3
AT3G45443,Q93WA2
AT3G45450,Q9M1G2
AT3G45460,Q1PEI1
AT3G45470,Q9M1G0
AT3G45480,F4J5L3
AT3G45490,Q9M1F8
AT3G45500,Q9M1F7
AT3G45510,Q9M1F6
AT3G45525,F4J5L7
AT3G45530,Q9M1F4
AT3G45540,Q9M1F3
AT3G45555,Q4PS42
AT3G45560,Q9M1F1
AT3G45570,Q9M1F0
AT3G45577,Q2V3Q6
AT3G45580,Q9M1E9
AT3G45590,Q9M1E8
AT3G45600,Q9M1E7
AT3G45610,Q9M1E6
AT3G45620,Q9M1E5
AT3G45630,Q9M1E4
AT3G45640,Q39023
AT3G45645,A0A1I9LNE1
AT3G45650,Q9M1E2
AT3G45660,Q9M1E1
AT3G45670,Q9M1E0
AT3G45673,B3H777
AT3G45680,Q9M175
AT3G45690,Q9M174
AT3G45700,Q9M173
AT3G45710,Q9M172
AT3G45720,Q9M171
AT3G45730,Q9M170
AT3G45740,Q9M169
AT3G45750,Q7Y216
AT3G45760,F4J6R3
AT3G45770,Q8LCU7
AT3G45780,O48963
AT3G45790,Q9M165
AT3G45800,F4J6S0
AT3G45810,Q9LZU9
AT3G45820,Q9LZU8
AT3G45830,Q9LZU7
AT3G45840,F4J6S4
AT3G45850,Q9LZU5
AT3G45851,B3H656
AT3G45860,Q9LZU4
AT3G45870,Q5PP32
AT3G45880,Q0WVR4
AT3G45890,Q7X6P3
AT3G45900,Q6IDC0
AT3G45910,Q9LZT9
AT3G45920,Q9LZT8
AT3G45940,F4J6T7
AT3G45950,Q9LZT6
AT3G45960,Q9LZT5
AT3G45970,Q9LZT4
AT3G45980,O23629
AT3G45990,Q9LZT3
AT3G46000,Q39251
AT3G46010,Q39250
AT3G46020,Q9LZT1
AT3G46030,Q9LZT0
AT3G46040,Q9LX88
AT3G46050,Q9LX87
AT3G46060,P28186
AT3G46070,Q9LX86
AT3G46080,Q9LX85
AT3G46086,B3H5S1
AT3G46090,Q42453
AT3G46100,O82413
AT3G46110,Q8GY65
AT3G46120,Q9LX83
AT3G46130,Q9LX82
AT3G46140,Q9LX81
AT3G46150,Q9LX80
AT3G46160,Q9LX79
AT3G46170,Q9LX78
AT3G46180,Q6NM25
AT3G46190,A0A1I9LN71
AT3G46200,Q8VYR2
AT3G46210,Q9LX74
AT3G46220,Q9LX73
AT3G46230,P19036
AT3G46240,F4J800
AT3G46260,F4J801
AT3G46270,A0A1I9LLS2
AT3G46280,Q8GYH9
AT3G46290,Q9LX66
AT3G46300,Q9SNA6
AT3G46310,Q9SNA5
AT3G46330,C0LGP2
AT3G46340,Q9SNA3
AT3G46350,F4J810
AT3G46355,A0A1I9LTT1
AT3G46360,Q9SNA1
AT3G46370,Q9SNA0
AT3G46380,Q9SN99
AT3G46390,Q9SN98
AT3G46400,F4J927
AT3G46410,Q7FK55
AT3G46420,Q9SN97
AT3G46430,P0DO44
AT3G46440,Q9SN95
AT3G46450,F4J934
AT3G46460,Q42541
AT3G46470,Q9SN93
AT3G46480,F4J937
AT3G46490,F4J938
AT3G46500,A0A1I9LPT9
AT3G46510,Q9SNC6
AT3G46520,P53497
AT3G46530,Q9M667
AT3G46540,Q9SNC4
AT3G46550,Q9SNC3
AT3G46560,Q9XGX9
AT3G46565,A0A1I9LRJ5
AT3G46570,Q9SNC1
AT3G46580,Q9SNC0
AT3G46590,Q9SNB9
AT3G46600,Q9SNB8
AT3G46610,Q9SNB7
AT3G46613,Q6IM86
AT3G46616,F4J956
AT3G46617,A0A1I9LS19
AT3G46620,Q9SNB6
AT3G46630,Q9SNB5
AT3G46640,Q9SNB4
AT3G46650,F4J962
AT3G46660,Q94AB5
AT3G46666,Q1G398
AT3G46670,Q9SNB1
AT3G46680,Q9SNB0
AT3G46690,Q9STE3
AT3G46700,Q494Q1
AT3G46710,Q9STE5
AT3G46720,Q9STE6
AT3G46730,Q9STE7
AT3G46735,A0A1I9LQA9
AT3G46740,Q9STE8
AT3G46750,Q5XVB0
AT3G46760,Q9STF0
AT3G46770,Q9STF1
AT3G46780,Q9STF2
AT3G46790,Q9STF3
AT3G46800,Q9STF4
AT3G46810,Q9STF5
AT3G46820,P48485
AT3G46830,Q96283
AT3G46840,F4JA91
AT3G46845,A0A1I9LP67
AT3G46850,Q9STF7
AT3G46860,Q9STF8
AT3G46870,Q9STF9
AT3G46880,Q9STG0
AT3G46890,Q9STG1
AT3G46900,Q9STG2
AT3G46910,Q9STG3
AT3G46920,A0A1I9LN82
AT3G46930,A0A1I9LS70
AT3G46940,Q9STG6
AT3G46950,Q9STG7
AT3G46960,F4JAA5
AT3G46970,Q9SD76
AT3G46980,Q66GI9
AT3G46990,Q9SD74
AT3G47000,A0A1I9LR69
AT3G47010,Q9SD72
AT3G47020,Q9SD71
AT3G47030,Q9SD70
AT3G47040,F4JAB7
AT3G47050,Q9SD68
AT3G47060,Q9SD67
AT3G47070,Q9SD66
AT3G47080,Q9SD65
AT3G47090,Q9SD64
AT3G47100,F4JAC4
AT3G47110,Q9SD62
AT3G47120,Q9SD61
AT3G47130,Q9SD60
AT3G47140,Q9SD59
AT3G47150,Q9SD58
AT3G47160,F4JAD0
AT3G47170,F4JAD2
AT3G47180,Q9SD55
AT3G47190,F4JAD4
AT3G47200,Q9SD53
AT3G47210,Q9SD52
AT3G47220,Q6NMA7
AT3G47250,Q9SD48
AT3G47290,Q9STZ3
AT3G47295,Q8LE92
AT3G47300,Q9STZ2
AT3G47340,P49078
AT3G47341,B3H681
AT3G47350,Q9STY8
AT3G47360,Q9STY7
AT3G47370,Q9STY6
AT3G47380,Q9STY5
AT3G47390,Q9STY4
AT3G47400,Q9STY3
AT3G47410,Q9STY2
AT3G47420,Q9C5L3
AT3G47430,Q9STY0
AT3G47440,Q9STX9
AT3G47450,Q66GP9
AT3G47460,Q9SN90
AT3G47470,P27521
AT3G47480,Q9SN89
AT3G47490,F4JBJ9
AT3G47500,Q8LFV3
AT3G47510,Q9SN87
AT3G47520,Q9SN86
AT3G47530,Q9SN85
AT3G47540,F4JBK4
AT3G47550,Q9SN83
AT3G47560,F4JBL2
AT3G47570,C0LGP4
AT3G47580,Q9SN80
AT3G47590,Q9SN79
AT3G47600,Q9SN78
AT3G47610,Q9SN77
AT3G47620,Q93Z00
AT3G47630,Q9SN75
AT3G47640,Q9SN74
AT3G47650,Q9SN73
AT3G47660,A0A1I9LLL7
AT3G47670,F4JCN4
AT3G47680,Q9STU5
AT3G47690,Q7XJ60
AT3G47700,Q9STU3
AT3G47710,F4JCN9
AT3G47720,Q9STU1
AT3G47730,Q84K47
AT3G47740,Q1PEH6
AT3G47750,Q9STT8
AT3G47760,Q9STT7
AT3G47770,Q9STT6
AT3G47780,Q9STT5
AT3G47790,Q8LPK0
AT3G47800,Q9STT3
AT3G47810,Q9STT2
AT3G47820,Q9STT1
AT3G47830,F4JCQ3
AT3G47833,Q9C5E8
AT3G47836,Q3EAN0
AT3G47840,Q9STS9
AT3G47850,F4JCQ8
AT3G47860,Q9STS7
AT3G47870,Q9STS6
AT3G47890,F4JCR1
AT3G47910,F4JCR3
AT3G47920,Q9SU55
AT3G47930,Q9SU56
AT3G47940,Q9SU57
AT3G47950,Q9SU58
AT3G47960,Q944G5
AT3G47965,Q9ASY5
AT3G47970,Q84MC3
AT3G47990,Q8GYT9
AT3G48000,Q9SU63
AT3G48010,Q9SU64
AT3G48020,Q9SU65
AT3G48030,Q7X843
AT3G48040,Q9SU67
AT3G48050,F4JCS8
AT3G48060,A0A1I9LTA1
AT3G48070,Q9SU70
AT3G48080,Q9SU71
AT3G48090,Q9SU72
AT3G48100,Q9SB04
AT3G48110,Q8L785
AT3G48120,Q6NQC3
AT3G48131,B3H5V7
AT3G48140,Q42338
AT3G48150,Q9STS3
AT3G48160,Q8LSZ4
AT3G48170,Q9STS1
AT3G48180,Q9STS0
AT3G48185,Q8VZW8
AT3G48187,A0A1I9LTU3
AT3G48190,Q9M3G7
AT3G48195,F4JDV4
AT3G48200,Q0WV86
AT3G48205,A0A1I9LPN2
AT3G48208,A8MQX5
AT3G48209,A8MQ79
AT3G48210,Q93VK9
AT3G48220,Q9STR6
AT3G48230,Q8GX31
AT3G48231,P82763
AT3G48240,Q9STK4
AT3G48250,Q9STK5
AT3G48260,Q9STK6
AT3G48270,Q9STK7
AT3G48280,Q9STK8
AT3G48290,Q9STK9
AT3G48298,B3H4X7
AT3G48300,Q9STL0
AT3G48310,Q9STL1
AT3G48320,Q9STL2
AT3G48330,Q42539
AT3G48340,Q9STL4
AT3G48343,A0A1I9LRZ7
AT3G48344,B3H6F7
AT3G48346,B3H645
AT3G48350,Q9STL5
AT3G48360,Q94BN0
AT3G48380,Q9STL8
AT3G48390,Q9STL9
AT3G48400,F4JDY6
AT3G48410,Q9STM1
AT3G48420,Q94K71
AT3G48425,Q5XF07
AT3G48430,Q9STM3
AT3G48440,Q9STM4
AT3G48450,Q8LCF4
AT3G48460,Q9STM6
AT3G48470,A0A1I9LMG5
AT3G48475,A0A1I9LMG4
AT3G48480,F4JF18
AT3G48490,Q8LD28
AT3G48500,F4JF21
AT3G48510,Q9SMP6
AT3G48520,Q9SMP5
AT3G48530,Q8LBB2
AT3G48540,Q1PEH3
AT3G48550,Q9SMP3
AT3G48560,P17597
AT3G48570,Q9SMP2
AT3G48580,Q9SMP1
AT3G48590,Q9SMP0
AT3G48600,F4JF32
AT3G48610,Q8H965
AT3G48620,F4JF35
AT3G48630,F4JF36
AT3G48640,Q9SMN5
AT3G48650,Q9SMN4
AT3G48660,Q9SMN3
AT3G48670,Q8VZ79
AT3G48675,Q3EAM7
AT3G48680,Q9SMN1
AT3G48690,Q9SMN0
AT3G48700,Q9SMM9
AT3G48710,Q9SMM8
AT3G48720,Q9SMM7
AT3G48730,Q42522
AT3G48740,Q9SMM5
AT3G48750,P24100
AT3G48760,Q9M306
AT3G48770,Q9M305
AT3G48780,Q9M304
AT3G48790,F4JF53
AT3G48800,Q9M303
AT3G48810,Q9M302
AT3G48820,Q8RY00
AT3G48830,F4JF58
AT3G48835,A0A1I9LQX3
AT3G48840,F4JF59
AT3G48850,Q9M2Z8
AT3G48860,Q8RWD5
AT3G48870,Q9SXJ7
AT3G48880,Q9M2Z5
AT3G48890,Q9M2Z4
AT3G48900,Q9M2Z3
AT3G48920,Q9SMT1
AT3G48930,P16181
AT3G48940,Q9SMT2
AT3G48950,Q9SMT3
AT3G48960,Q9SMT4
AT3G48970,Q84K70
AT3G48980,A0A178VAW3
AT3G48990,Q9SMT7
AT3G49000,Q8LPK6
AT3G49010,P41127
AT3G49020,Q9SMT9
AT3G49030,Q9SMU0
AT3G49040,Q9SMU1
AT3G49045,A0A1I9LNU8
AT3G49050,Q9SMU2
AT3G49055,Q5XVA8
AT3G49060,Q94A51
AT3G49070,Q9SMU4
AT3G49080,Q8L6Z4
AT3G49100,Q9SMU7
AT3G49110,P24101
AT3G49115,B3H714
AT3G49120,Q9SMU8
AT3G49130,Q9SMU9
AT3G49140,Q0WMN5
AT3G49142,P0C899
AT3G49150,Q9M3B7
AT3G49155,A0A1I9LLJ2
AT3G49160,Q9M3B6
AT3G49170,Q5G1T1
AT3G49180,Q9M3B4
AT3G49190,Q9M3B3
AT3G49200,Q9M3B2
AT3G49210,Q9M3B1
AT3G49220,Q9M3B0
AT3G49230,Q5XVA6
AT3G49240,Q9M3A8
AT3G49250,Q94A79
AT3G49260,Q9ASW3
AT3G49270,A8MRV7
AT3G49290,Q9M3A3
AT3G49300,F4IWT9
AT3G49305,Q3E7N2
AT3G49307,B1WCA5
AT3G49310,Q9CA11
AT3G49320,Q9SG17
AT3G49330,Q9CA10
AT3G49340,Q9SG15
AT3G49350,Q4V3B4
AT3G49360,Q8LG70
AT3G49370,Q9SG12
AT3G49380,Q9SG11
AT3G49390,Q9SG10
AT3G49400,F4IXX3
AT3G49410,F4IXX4
AT3G49420,Q9SCL4
AT3G49430,A2RVS6
AT3G49440,Q9S7F8
AT3G49450,Q9SCL2
AT3G49460,Q1PEH0
AT3G49470,Q94JX9
AT3G49480,Q9CA04
AT3G49490,Q9SCK9
AT3G49500,Q9SG02
AT3G49510,Q9CA02
AT3G49520,Q9SCK7
AT3G49530,Q9SCK6
AT3G49540,Q9SCK5
AT3G49550,Q9SCK4
AT3G49551,B3H4E1
AT3G49560,Q9SCK3
AT3G49570,Q9SCK2
AT3G49580,Q9SCK1
AT3G49590,Q9SCK0
AT3G49600,Q9SCJ9
AT3G49601,B3H6J5
AT3G49610,Q9SCJ8
AT3G49620,Q8H113
AT3G49630,F4IY03
AT3G49640,A0A1I9LMB8
AT3G49645,B3H460
AT3G49650,Q9SCJ4
AT3G49660,Q9M2Z2
AT3G49670,Q9M2Z1
AT3G49680,Q9M401
AT3G49690,Q9M2Y9
AT3G49700,Q9M2Y8
AT3G49710,Q9M2Y7
AT3G49720,Q9M2Y6
AT3G49725,Q0WTB4
AT3G49730,P0C8A0
AT3G49740,Q9M2Y4
AT3G49744,B3H6Y3
AT3G49750,Q9M2Y3
AT3G49760,Q29PT3
AT3G49770,Q5Q0C6
AT3G49780,Q9M2Y0
AT3G49790,Q9M2X9
AT3G49796,B3H7A1
AT3G49800,Q9M2X8
AT3G49810,Q058P4
AT3G49820,Q9M2X6
AT3G49830,Q9M2X5
AT3G49840,A0A1I9LLM0
AT3G49845,F4IZ80
AT3G49850,Q9M2X3
AT3G49860,F4IZ82
AT3G49870,Q8VY57
AT3G49880,Q9M2X0
AT3G49890,A0A1I9LR96
AT3G49900,Q9M2W8
AT3G49910,P51414
AT3G49920,Q9M2W6
AT3G49930,Q9SN24
AT3G49940,Q9SN23
AT3G49950,Q9SN22
AT3G49960,Q96510
AT3G49970,Q9SN21
AT3G49980,Q9SN20
AT3G49990,Q9SN19
AT3G50000,Q08466
AT3G50010,Q9SN17
AT3G50020,Q9SN16
AT3G50030,Q9SN15
AT3G50040,Q147P4
AT3G50050,Q9SN13
AT3G50060,Q9SN12
AT3G50070,Q9SN11
AT3G50080,Q9SN10
AT3G50090,Q9SN09
AT3G50100,A3KPE8
AT3G50110,Q8H106
AT3G50120,Q9SN06
AT3G50123,B3H649
AT3G50130,Q9SN05
AT3G50140,F4IZB4
AT3G50150,Q9SN03
AT3G50160,Q45GK4
AT3G50170,Q9S7S4
AT3G50180,Q9SNE9
AT3G50190,F4IZC0
AT3G50200,Q9SNE7
AT3G50210,Q84MB6
AT3G50220,Q9SNE5
AT3G50230,A0A1I9LQ53
AT3G50240,Q94LW7
AT3G50250,Q9SNE2
AT3G50260,Q9SNE1
AT3G50270,Q9SNE0
AT3G50280,Q9SND9
AT3G50290,F4J0K7
AT3G50300,F4J0K8
AT3G50310,Q9SND6
AT3G50320,F4J0L0
AT3G50330,Q9SND4
AT3G50340,Q9SND3
AT3G50350,Q9SND2
AT3G50360,O82659
AT3G50370,A0A1I9LPZ1
AT3G50373,F4J0L8
AT3G50380,A0A1I9LQ65
AT3G50390,A2RVN9
AT3G50400,Q9M2R9
AT3G50410,Q39088
AT3G50420,Q9SCT2
AT3G50430,Q84TJ4
AT3G50440,Q8S9K8
AT3G50450,Q9SCS9
AT3G50460,Q9SCS8
AT3G50470,Q9SCS7
AT3G50480,Q9SCS6
AT3G50500,Q39192
AT3G50510,Q9SCS4
AT3G50520,Q9SCS3
AT3G50530,Q9SCS2
AT3G50540,F4J0N6
AT3G50550,Q8L8Y4
AT3G50560,Q943Z4
AT3G50570,A0A1I9LTN0
AT3G50580,Q1PEG5
AT3G50590,A0A1I9LNN0
AT3G50610,A0A1I9LMX5
AT3G50620,Q6NLV9
AT3G50630,Q9SCR2
AT3G50640,Q9SCR1
AT3G50650,Q9SCR0
AT3G50660,O64989
AT3G50670,Q42404
AT3G50685,Q941E5
AT3G50690,Q9SCQ7
AT3G50700,Q9SCQ6
AT3G50710,Q9SCQ5
AT3G50720,Q9SCQ4
AT3G50730,F4J1Z7
AT3G50740,Q94A84
AT3G50750,Q9S7F3
AT3G50760,Q9S7G2
AT3G50770,Q8L3R2
AT3G50780,Q9SVM0
AT3G50790,Q9SVL9
AT3G50800,Q9SVL8
AT3G50808,P0CB19
AT3G50810,P0CB17
AT3G50820,Q9S841
AT3G50830,Q9SVL6
AT3G50840,Q8LPQ3
AT3G50845,A8MR89
AT3G50850,Q9SVL4
AT3G50860,Q8VZ37
AT3G50870,Q8LC79
AT3G50880,Q9SVL1
AT3G50890,Q9SVL0
AT3G50900,Q9SVK9
AT3G50910,Q94BX2
AT3G50920,F4J220
AT3G50925,Q2V3Q1
AT3G50930,Q8VZG2
AT3G50940,Q147F9
AT3G50950,Q38834
AT3G50960,Q6NPL9
AT3G50970,P42758
AT3G50980,P25863
AT3G50990,Q9SD46
AT3G51000,Q9SD45
AT3G51010,Q9SD44
AT3G51020,Q9SD43
AT3G51030,P29448
AT3G51040,Q9SD42
AT3G51050,F4J381
AT3G51060,Q9SD40
AT3G51070,Q9SD39
AT3G51080,Q9SD38
AT3G51090,Q94F04
AT3G51100,F4J389
AT3G51110,F4J390
AT3G51120,Q9SD34
AT3G51130,Q9SD33
AT3G51140,Q94C78
AT3G51150,F4J394
AT3G51160,P93031
AT3G51171,Q1G3N6
AT3G51180,Q94C33
AT3G51190,Q4PSL7
AT3G51200,Q9SD26
AT3G51210,Q9SD25
AT3G51220,Q9SD24
AT3G51230,Q6DYC8
AT3G51240,Q9S818
AT3G51250,Q9SD22
AT3G51260,P30186
AT3G51270,F4J3A9
AT3G51280,Q9SD20
AT3G51290,A0A178VBJ0
AT3G51300,P92978
AT3G51310,A8R7K9
AT3G51320,Q0WVU0
AT3G51325,Q3E7K1
AT3G51330,Q84WU7
AT3G51340,F4J3B9
AT3G51350,F4J3C0
AT3G51360,A0A1I9LQZ6
AT3G51370,Q9SD12
AT3G51380,Q9SD11
AT3G51390,Q7XA86
AT3G51400,Q9SD09
AT3G51410,Q6NMZ5
AT3G51420,Q9SD07
AT3G51430,Q9CAZ7
AT3G51440,Q9SD05
AT3G51450,Q9SD04
AT3G51460,Q9C5G5
AT3G51470,Q9SD02
AT3G51480,Q84W41
AT3G51490,Q9SD00
AT3G51500,Q9SCZ9
AT3G51510,Q9SCZ8
AT3G51520,Q9ASU1
AT3G51530,Q501E9
AT3G51540,Q9SCZ5
AT3G51550,Q9SCZ4
AT3G51560,Q9SCZ3
AT3G51570,Q9SCZ2
AT3G51580,Q9SCZ1
AT3G51590,Q9SCZ0
AT3G51600,Q9XFS7
AT3G51610,Q8L776
AT3G51620,F4J4G2
AT3G51630,Q9SCU5
AT3G51640,F4J4G9
AT3G51642,B3H5W5
AT3G51644,B3H4Z0
AT3G51650,F4J4H2
AT3G51660,Q8LG92
AT3G51670,Q9SCU1
AT3G51680,Q9SCU0
AT3G51690,Q45GK3
AT3G51700,Q9SCT8
AT3G51710,Q9SCT7
AT3G51720,Q9SCT6
AT3G51730,Q9SCT5
AT3G51740,Q9SCT4
AT3G51750,Q9SCT3
AT3G51760,Q5Q0C5
AT3G51770,O65020
AT3G51780,Q8RX71
AT3G51790,Q96326
AT3G51800,Q96327
AT3G51810,Q07187
AT3G51820,Q38833
AT3G51830,Q96328
AT3G51840,Q96329
AT3G51850,Q8W4I7
AT3G51860,Q93Z81
AT3G51870,O65023
AT3G51880,O49595
AT3G51890,F4J5M9
AT3G51895,Q9SV13
AT3G51910,Q9SV12
AT3G51920,Q9S744
AT3G51930,Q9SV11
AT3G51940,A0A1I9LSU7
AT3G51950,Q9SV09
AT3G51960,Q8GTS1
AT3G51970,Q9SV07
AT3G51980,Q9SV06
AT3G51990,Q9SV05
AT3G52000,Q9SV04
AT3G52010,Q84WF0
AT3G52020,Q9SV02
AT3G52030,Q9SV01
AT3G52040,Q9SV00
AT3G52050,F4J5Q3
AT3G52060,Q9SUZ8
AT3G52070,Q9SUZ7
AT3G52075,A0A1I9LTQ8
AT3G52080,Q8L709
AT3G52090,Q38859
AT3G52100,F4J5R1
AT3G52110,Q9SUZ4
AT3G52115,Q9ZRT1
AT3G52120,Q94C11
AT3G52130,F4J5R8
AT3G52140,F4J5S1
AT3G52150,Q8VYM4
AT3G52155,Q94BY1
AT3G52160,Q9SUY9
AT3G52170,Q8L641
AT3G52180,Q9FEB5
AT3G52190,Q8GYE0
AT3G52200,Q0WQF7
AT3G52210,Q5HZ60
AT3G52220,Q94JX8
AT3G52230,Q9SUY2
AT3G52240,Q8GYC9
AT3G52250,F4J6V1
AT3G52260,Q5M721
AT3G52270,F4J6V5
AT3G52280,Q9FT54
AT3G52290,Q9FT53
AT3G52300,Q9FT52
AT3G52310,Q9FT51
AT3G52320,Q9FT50
AT3G52330,Q9FT49
AT3G52340,Q93XN8
AT3G52350,Q9FT47
AT3G52360,Q9FT46
AT3G52370,Q9FT45
AT3G52380,Q39061
AT3G52390,Q84TD7
AT3G52400,Q9SVC2
AT3G52420,Q9SVC4
AT3G52430,Q9S745
AT3G52440,Q9SVC5
AT3G52450,Q9SVC6
AT3G52460,Q9SVC7
AT3G52470,Q9SVC8
AT3G52480,Q9SVC9
AT3G52490,Q9SVD0
AT3G52500,Q9SVD1
AT3G52510,F4J6Y4
AT3G52520,Q9SVD3
AT3G52525,Q3EAL1
AT3G52526,A0A1I9LS57
AT3G52530,Q9SVD4
AT3G52540,Q9SVD5
AT3G52550,Q9SVD6
AT3G52560,Q9SVD7
AT3G52561,Q1G396
AT3G52570,Q8VXV0
AT3G52580,P42036
AT3G52590,Q42202
AT3G52600,Q1PEF8
AT3G52610,Q8H1S5
AT3G52620,Q9LXK2
AT3G52630,Q9LXK1
AT3G52640,Q8GUM5
AT3G52660,Q9LXJ8
AT3G52670,Q9LXJ7
AT3G52680,Q9LXJ6
AT3G52690,F4J826
AT3G52700,F4J827
AT3G52710,Q9LXJ3
AT3G52720,O04846
AT3G52730,Q9LXJ2
AT3G52740,Q9LXJ1
AT3G52750,Q9LXJ0
AT3G52760,Q9LXI9
AT3G52770,Q9LXI8
AT3G52780,Q9LXI7
AT3G52790,Q9LXI6
AT3G52800,Q94B40
AT3G52810,Q9LXI4
AT3G52820,Q8S340
AT3G52830,Q9LXI2
AT3G52840,Q9LFA6
AT3G52850,P93026
AT3G52860,Q9LFA5
AT3G52870,Q9LFA4
AT3G52880,Q9LFA3
AT3G52890,Q9LFA2
AT3G52900,Q9LFA1
AT3G52905,Q8GYR7
AT3G52910,Q8L8A7
AT3G52920,Q8L9S7
AT3G52930,Q9LF98
AT3G52940,Q9LDR4
AT3G52941,B3H6V8
AT3G52950,Q9LF97
AT3G52960,Q949U7
AT3G52970,F4J864
AT3G52980,Q9LF94
AT3G52990,Q94KE3
AT3G53000,Q9LF92
AT3G53010,Q0WNN6
AT3G53020,P38666
AT3G53030,F4J982
AT3G53040,Q9LF88
AT3G53050,Q9LF87
AT3G53060,Q1PEF6
AT3G53065,B3H4Y0
AT3G53070,Q9LF85
AT3G53075,A0A1I9LPY2
AT3G53080,Q9SCQ3
AT3G53090,Q9SCQ2
AT3G53100,Q0WPI9
AT3G53110,Q93ZG7
AT3G53120,Q9SCP9
AT3G53130,Q6TBX7
AT3G53140,Q9SCP7
AT3G53150,Q9SCP6
AT3G53160,Q9SCP5
AT3G53170,Q9SCP4
AT3G53180,F4J9A0
AT3G53190,Q9SCP2
AT3G53200,Q9SCP1
AT3G53210,F4J9A3
AT3G53220,Q8LCH9
AT3G53230,Q9SCN8
AT3G53232,Q8LBB5
AT3G53235,Q3EAK6
AT3G53240,F4J9A8
AT3G53250,A0A1I9LQF0
AT3G53260,P45724
AT3G53270,Q8RXK3
AT3G53280,O65784
AT3G53294,B3H6E2
AT3G53300,Q9SCN2
AT3G53305,F4J9C1
AT3G53310,Q8LAV5
AT3G53320,Q9LFI5
AT3G53330,Q9LFI4
AT3G53340,Q67XJ2
AT3G53342,B3H703
AT3G53350,Q8VYU8
AT3G53360,Q9LFI1
AT3G53370,P42551
AT3G53380,Q9LFH9
AT3G53390,F4JAE0
AT3G53400,Q9LFH7
AT3G53410,Q9LFH6
AT3G53420,P43286
AT3G53430,Q9LFH5
AT3G53440,Q9LFH4
AT3G53450,Q9LFH3
AT3G53460,Q43349
AT3G53470,F4JAF4
AT3G53480,Q9LFH0
AT3G53490,Q9LFG9
AT3G53500,Q9FYB7
AT3G53510,Q9LFG8
AT3G53520,Q8VZC0
AT3G53530,Q8RXH8
AT3G53540,A0A1I9LP47
AT3G53550,Q9LFG4
AT3G53560,Q9LFG3
AT3G53570,P51566
AT3G53580,Q9LFG2
AT3G53590,Q9LFG1
AT3G53600,Q9LFG0
AT3G53610,O24466
AT3G53611,B3H6E8
AT3G53620,Q9LFF9
AT3G53630,A0A1I9LRC2
AT3G53640,Q9LFF7
AT3G53650,Q9LFF6
AT3G53660,Q9LFF4
AT3G53680,A0A1I9LNX5
AT3G53690,Q9LFF2
AT3G53700,Q9LFF1
AT3G53710,Q9M354
AT3G53720,Q9M353
AT3G53740,Q9M352
AT3G53750,P0CJ47
AT3G53760,Q9M350
AT3G53770,Q9M349
AT3G53780,F4JBM4
AT3G53790,Q9M347
AT3G53800,Q9M346
AT3G53810,Q9M345
AT3G53820,Q9M344
AT3G53830,A0A1I9LSN5
AT3G53840,Q9M342
AT3G53850,Q945M8
AT3G53860,Q9M340
AT3G53870,Q9M339
AT3G53880,Q9M338
AT3G53890,Q9M337
AT3G53900,Q9M336
AT3G53910,Q9M335
AT3G53920,O24621
AT3G53930,F4JBP3
AT3G53940,Q8W4M2
AT3G53950,Q9M332
AT3G53960,Q9M331
AT3G53970,Q9M330
AT3G53980,Q9M329
AT3G53990,Q9M328
AT3G54000,Q84JE0
AT3G54010,Q7DMA9
AT3G54020,Q9M325
AT3G54030,Q9M324
AT3G54040,Q9LCZ9
AT3G54050,P25851
AT3G54060,Q9M397
AT3G54065,A0A1I9LQJ5
AT3G54070,F4JBR5
AT3G54080,Q9M395
AT3G54085,Q8GRX8
AT3G54090,Q9M394
AT3G54100,Q9M393
AT3G54110,O81845
AT3G54120,Q9M392
AT3G54130,Q9M391
AT3G54140,Q9M390
AT3G54150,Q9M389
AT3G54160,Q9M388
AT3G54170,Q9ZSZ8
AT3G54180,P25859
AT3G54190,Q9C5G8
AT3G54200,Q9M386
AT3G54210,Q9M385
AT3G54220,Q9M384
AT3G54230,F4JCU0
AT3G54240,Q4PSL3
AT3G54250,F4JCU3
AT3G54260,Q940H3
AT3G54270,Q93WU4
AT3G54280,B5BT18
AT3G54290,Q8RWC0
AT3G54300,Q9M376
AT3G54310,Q9M375
AT3G54320,Q6X5Y6
AT3G54340,P35632
AT3G54350,F4JCV6
AT3G54360,Q9M2V1
AT3G54363,B3H5F3
AT3G54380,Q67XV2
AT3G54390,Q9M2U8
AT3G54400,Q9M2U7
AT3G54410,Q9M2U6
AT3G54420,Q9M2U5
AT3G54430,Q9M2U4
AT3G54440,F4JCX0
AT3G54450,Q9M1I2
AT3G54460,Q9M1I1
AT3G54470,Q42586
AT3G54480,Q94FT2
AT3G54490,Q9M1H8
AT3G54500,F4JCX9
AT3G54510,F4JCY2
AT3G54520,Q6DYC5
AT3G54530,Q1PEF3
AT3G54540,Q9M1H3
AT3G54550,Q9M1H2
AT3G54560,O23628
AT3G54570,Q9M1H1
AT3G54580,F4JCZ1
AT3G54590,Q9M1G9
AT3G54600,Q9M1G8
AT3G54610,Q9AR19
AT3G54620,Q9M1G6
AT3G54630,Q9M1G5
AT3G54640,Q42529
AT3G54650,Q8W104
AT3G54660,P42770
AT3G54670,Q6Q1P4
AT3G54680,Q8L7Z6
AT3G54690,Q9M1T1
AT3G54700,Q494P0
AT3G54710,Q9M1S9
AT3G54720,Q9M1S8
AT3G54730,P0DKG2
AT3G54740,Q9M1S6
AT3G54750,A0A1I9LR33
AT3G54760,Q9M1S4
AT3G54770,Q9M1S3
AT3G54780,A0A1I9LN98
AT3G54790,Q8GWV5
AT3G54800,B9DGX7
AT3G54810,Q9SV30
AT3G54820,Q9SV31
AT3G54826,F4JE34
AT3G54830,F4JE35
AT3G54840,Q9CB01
AT3G54850,Q8VZ40
AT3G54860,Q94KJ7
AT3G54870,Q9SV36
AT3G54880,Q9SV37
AT3G54890,Q01667
AT3G54900,Q84Y95
AT3G54910,Q501B7
AT3G54920,Q93Z04
AT3G54925,B3H7I0
AT3G54930,Q9SV41
AT3G54940,Q8VYS0
AT3G54950,Q9SV43
AT3G54960,Q8VX13
AT3G54970,Q8VZN6
AT3G54980,Q9SV46
AT3G54990,Q6PV68
AT3G55000,Q9FQ25
AT3G55005,Q9FQ24
AT3G55010,Q05728
AT3G55020,F4JF82
AT3G55030,Q9M2W3
AT3G55040,Q9M2W2
AT3G55050,Q94CL8
AT3G55060,Q9M2W0
AT3G55070,Q9M2V9
AT3G55080,Q5PP40
AT3G55090,Q9M2V7
AT3G55100,Q9M2V6
AT3G55110,Q9M2V5
AT3G55120,P41088
AT3G55130,Q9M3D6
AT3G55140,B3LF89
AT3G55150,Q8VY27
AT3G55160,F4JFA0
AT3G55170,Q9M3D2
AT3G55180,Q9M3D1
AT3G55190,Q9M3D0
AT3G55200,P0DKL4
AT3G55210,Q9M3C9
AT3G55220,P0DKL6
AT3G55230,Q9M3C8
AT3G55240,Q9M3C7
AT3G55250,Q9M3C6
AT3G55252,Q1G395
AT3G55254,B3H6P2
AT3G55260,A7WM73
AT3G55270,Q9C5S1
AT3G55280,Q9M3C3
AT3G55290,Q94AL3
AT3G55310,Q67Z59
AT3G55320,Q9M3B9
AT3G55330,P82538
AT3G55340,Q9M3B8
AT3G55350,Q9M2U3
AT3G55360,Q9M2U2
AT3G55370,Q9M2U1
AT3G55380,P42747
AT3G55390,Q9M2U0
AT3G55400,Q9M2T9
AT3G55410,F4IWV2
AT3G55420,Q9M2T7
AT3G55430,Q9M2T6
AT3G55440,P48491
AT3G55450,Q8H186
AT3G55460,Q8L3X8
AT3G55470,Q9M2T2
AT3G55480,Q9M2T1
AT3G55500,Q9M2S9
AT3G55510,Q0WVH0
AT3G55513,A0A1I9LQW3
AT3G55515,Q6IM93
AT3G55520,Q9M2S7
AT3G55530,Q9M2S6
AT3G55540,Q9M2S5
AT3G55550,Q9M2S4
AT3G55560,Q9M2S3
AT3G55566,B3H5I7
AT3G55570,Q9M2S2
AT3G55580,Q9M2S1
AT3G55590,Q9M2S0
AT3G55600,Q6NKR3
AT3G55605,Q8LCT2
AT3G55610,P54888
AT3G55620,Q9M060
AT3G55630,Q8W035
AT3G55640,A0A1I9LSL0
AT3G55646,Q1G3N4
AT3G55650,Q9M057
AT3G55660,Q9M056
AT3G55665,A8MR68
AT3G55670,Q9M055
AT3G55672,B3H595
AT3G55677,Q2V3P0
AT3G55680,Q9M054
AT3G55690,Q9M053
AT3G55700,Q9M052
AT3G55710,Q9M051
AT3G55720,Q9M050
AT3G55730,Q9LDW5
AT3G55740,P92962
AT3G55750,P51422
AT3G55760,Q5EAH9
AT3G55770,Q9M047
AT3G55780,F4IY34
AT3G55790,Q9M045
AT3G55800,P46283
AT3G55810,Q9M044
AT3G55820,Q9M043
AT3G55830,Q9LY62
AT3G55840,Q9LY61
AT3G55850,A0A1I9LN01
AT3G55860,Q6DYC4
AT3G55870,A0A1I9LMN9
AT3G55880,Q8L7D8
AT3G55890,Q9LY56
AT3G55900,Q6AWW4
AT3G55910,Q9LY54
AT3G55920,Q8L8W5
AT3G55930,Q1PEF1
AT3G55935,A0A1I9LTU6
AT3G55940,Q9LY51
AT3G55950,Q9LY50
AT3G55960,Q9LY49
AT3G55970,Q9LY48
AT3G55980,Q93ZS9
AT3G55990,Q9LY46
AT3G56000,Q84W06
AT3G56010,Q9LY44
AT3G56030,Q9LY43
AT3G56040,F4IY62
AT3G56050,Q9LYN6
AT3G56060,Q93ZK1
AT3G56070,Q38867
AT3G56080,Q9LYN3
AT3G56090,Q9LYN2
AT3G56100,C0LGP9
AT3G56110,Q9LYN0
AT3G56120,Q93YU6
AT3G56130,Q93W03
AT3G56140,Q8RWG3
AT3G56150,O49160
AT3G56160,F4IZC4
AT3G56170,F4IZC5
AT3G56180,Q9LYM3
AT3G56190,Q9SPE6
AT3G56200,Q9LYM2
AT3G56210,Q6NNI1
AT3G56220,Q9LYM0
AT3G56230,Q9LYL9
AT3G56240,O82089
AT3G56250,Q9LYL8
AT3G56260,Q6NLT4
AT3G56270,Q9LYL6
AT3G56290,Q9LYL4
AT3G56300,Q9LYL3
AT3G56310,Q8VXZ7
AT3G56320,Q7Y227
AT3G56330,Q9LYL0
AT3G56340,Q9LYK9
AT3G56350,Q9LYK8
AT3G56360,Q9LY04
AT3G56370,Q9LY03
AT3G56380,Q9FPR6
AT3G56390,Q1PEF0
AT3G56400,Q9LY00
AT3G56410,Q9LXZ9
AT3G56420,Q9LXZ8
AT3G56430,Q9LXZ7
AT3G56440,Q0WPK3
AT3G56450,Q9LXZ5
AT3G56460,Q9LXZ4
AT3G56470,Q9LXZ3
AT3G56480,Q8GX05
AT3G56490,Q8GUN2
AT3G56500,Q9LXZ0
AT3G56510,Q6NM71
AT3G56520,Q9LXY8
AT3G56530,Q9LXY7
AT3G56540,Q9LXY6
AT3G56550,Q9LXY5
AT3G56560,Q9LXY4
AT3G56570,A0A1I9LQY7
AT3G56580,Q94AK4
AT3G56590,B3H693
AT3G56600,Q0WMZ6
AT3G56610,Q9LXX9
AT3G56620,Q9LXX8
AT3G56630,Q9LXX7
AT3G56640,Q9LXX6
AT3G56650,Q9LXX5
AT3G56660,Q9LXX4
AT3G56670,Q9LXX3
AT3G56680,Q9LET8
AT3G56690,Q9LET7
AT3G56700,B9TSP7
AT3G56710,Q9LDH1
AT3G56720,C0Z252
AT3G56730,F4J0R7
AT3G56740,Q9LET3
AT3G56750,Q9LET2
AT3G56760,Q9LET1
AT3G56770,Q9LET0
AT3G56780,Q9LES9
AT3G56790,Q9LES8
AT3G56800,P0DH98
AT3G56810,Q9LES7
AT3G56820,Q94EG4
AT3G56830,Q9LES5
AT3G56840,Q9LES4
AT3G56850,Q9LES3
AT3G56860,Q9LES2
AT3G56870,Q5XVA1
AT3G56880,Q9LES0
AT3G56890,Q9LER9
AT3G56891,B3H6D0
AT3G56900,Q8GWR1
AT3G56910,Q9LER7
AT3G56920,B3DN87
AT3G56930,Q9M1K5
AT3G56940,Q9M591
AT3G56950,Q9M1K3
AT3G56960,Q9M1K2
AT3G56970,Q9M1K1
AT3G56980,Q9M1K0
AT3G56990,Q9M1J9
AT3G57000,Q9M1J8
AT3G57010,Q9M1J7
AT3G57020,Q9M1J6
AT3G57030,Q4V3D9
AT3G57040,O80366
AT3G57050,P53780
AT3G57060,A0A1I9LM04
AT3G57062,Q0WRF0
AT3G57070,Q9M1J3
AT3G57072,B3H6B2
AT3G57080,Q9M1J2
AT3G57090,Q9M1J1
AT3G57100,Q9M1J0
AT3G57110,Q9M1I9
AT3G57120,Q8VYG5
AT3G57130,Q9M1I7
AT3G57140,Q9M1I6
AT3G57150,Q9LD90
AT3G57160,Q8LCL8
AT3G57170,F4J262
AT3G57180,Q8W4I6
AT3G57190,F4J264
AT3G57200,Q5XV99
AT3G57210,Q5BPN1
AT3G57220,Q9M2M5
AT3G57230,A2RVQ5
AT3G57240,F4J270
AT3G57250,Q9M2M2
AT3G57260,P33157
AT3G57270,Q9M2M0
AT3G57280,Q93V66
AT3G57290,Q9C5Z3
AT3G57300,Q8RXS6
AT3G57310,Q9M2L6
AT3G57320,Q9M2L5
AT3G57330,Q9M2L4
AT3G57340,Q9M2L3
AT3G57350,F4J284
AT3G57360,Q6DBN3
AT3G57370,Q1PEE4
AT3G57380,F4J287
AT3G57390,Q9M2K8
AT3G57400,Q9M2K7
AT3G57410,O81645
AT3G57420,Q9SCN0
AT3G57430,Q7Y211
AT3G57440,Q6DYC0
AT3G57450,Q9SCM7
AT3G57460,F4J3D6
AT3G57465,A0A1I9LR11
AT3G57470,F4J3D9
AT3G57480,Q9SCM4
AT3G57490,Q9SCM3
AT3G57500,Q5Q0C3
AT3G57510,O23147
AT3G57520,Q94A08
AT3G57530,Q6NLQ6
AT3G57540,Q93YN8
AT3G57550,Q9M682
AT3G57560,Q9SCL7
AT3G57570,F4J3F3
AT3G57580,Q6ICX6
AT3G57587,A0A178UN75
AT3G57590,Q9SVX4
AT3G57600,Q9SVX5
AT3G57610,Q96529
AT3G57620,Q9SVX6
AT3G57630,Q6NKR6
AT3G57640,Q0WSK8
AT3G57650,Q8LG50
AT3G57660,Q9SVY0
AT3G57670,Q9SVY1
AT3G57680,F4J3G5
AT3G57690,Q8S2W4
AT3G57700,Q9SVY4
AT3G57710,Q9SVY5
AT3G57720,Q9SVY6
AT3G57730,Q8VZF4
AT3G57740,A0A178VE74
AT3G57750,Q8LGB6
AT3G57760,Q9SVZ0
AT3G57770,F4J3H7
AT3G57780,F4J3H8
AT3G57785,Q8L3S7
AT3G57787,A0A1I9LQL9
AT3G57790,F4J3I0
AT3G57800,Q3EAI1
AT3G57810,Q8LBZ4
AT3G57830,Q9M2R4
AT3G57840,Q9M2R3
AT3G57850,Q9M2R2
AT3G57860,Q9M2R1
AT3G57870,Q42551
AT3G57880,Q9M2R0
AT3G57890,Q940S9
AT3G57900,Q9M2Q8
AT3G57910,Q9M2Q7
AT3G57920,Q9M2Q6
AT3G57930,Q9M2Q5
AT3G57940,Q9M2Q4
AT3G57950,Q9M2Q3
AT3G57960,Q9M2Q2
AT3G57970,Q9M2Q1
AT3G57980,A0A1I9LTJ3
AT3G57990,Q9M2P9
AT3G58000,Q9M2P8
AT3G58010,Q9M2P7
AT3G58020,Q8RXJ5
AT3G58030,Q8RXF2
AT3G58040,Q9M2P4
AT3G58050,A0A1I9LLC5
AT3G58060,Q9M2P2
AT3G58070,Q84WI0
AT3G58090,F4J4N3
AT3G58100,Q9M2K6
AT3G58110,F4J4N6
AT3G58120,Q9M2K4
AT3G58130,Q6DBN0
AT3G58140,Q94K73
AT3G58150,F4J4P1
AT3G58160,Q9M2K0
AT3G58170,Q9M2J9
AT3G58180,Q94JW0
AT3G58190,Q9M2J7
AT3G58200,Q9M2J6
AT3G58210,Q9M2J5
AT3G58220,F4J4P8
AT3G58230,Q9M2J3
AT3G58240,Q9M2J2
AT3G58250,Q9M2J1
AT3G58260,Q9M2J0
AT3G58270,Q9M2I9
AT3G58280,Q58FV5
AT3G58290,Q4PSK6
AT3G58300,Q9M2I6
AT3G58310,Q9M2I5
AT3G58320,Q9M2I4
AT3G58330,Q9M2I3
AT3G58340,Q9M2I2
AT3G58350,D5K228
AT3G58360,Q9M2I0
AT3G58370,Q9M2H9
AT3G58380,Q9M2H8
AT3G58390,Q9M2H7
AT3G58400,Q9M2H6
AT3G58410,Q9M2H5
AT3G58415,A0A178VM97
AT3G58420,Q9M2H4
AT3G58430,F4J5U9
AT3G58440,Q9M2H2
AT3G58450,Q84JS5
AT3G58460,Q8LB17
AT3G58470,Q93Z55
AT3G58480,Q9M2G8
AT3G58490,Q9M2G7
AT3G58500,P48578
AT3G58510,Q8LA13
AT3G58520,Q940L8
AT3G58530,Q8LB33
AT3G58540,Q9M2G2
AT3G58550,Q9M2G1
AT3G58560,Q8W0Z9
AT3G58570,Q9M2F9
AT3G58580,Q9M2F8
AT3G58585,A0A1I9LQM2
AT3G58590,Q0WN01
AT3G58600,Q84WV7
AT3G58610,Q05758
AT3G58620,Q84JR9
AT3G58630,Q8GXR6
AT3G58640,Q94AB2
AT3G58650,Q9M2F2
AT3G58660,Q9LXT5
AT3G58670,Q9LXT4
AT3G58680,Q9LXT3
AT3G58690,F4J5Y7
AT3G58700,P42794
AT3G58710,Q93WV5
AT3G58720,A0A1I9LN13
AT3G58730,Q9XGM1
AT3G58740,Q9LXS7
AT3G58750,Q9LXS6
AT3G58760,A0A1I9LMD5
AT3G58770,Q9LXS4
AT3G58780,P29381
AT3G58790,Q8L4B0
AT3G58800,Q9LXS2
AT3G58810,Q9LXS1
AT3G58820,Q9LXS0
AT3G58830,Q9LXR9
AT3G58840,Q9LXR8
AT3G58850,Q9LXR7
AT3G58860,Q9LXR6
AT3G58875,A0A1I9LQC5
AT3G58877,B3H7J4
AT3G58880,Q9LXR4
AT3G58890,Q9LXR3
AT3G58900,Q93ZX6
AT3G58910,Q9LXR1
AT3G58920,Q9LXR0
AT3G58930,Q8GXW6
AT3G58940,Q9LXQ8
AT3G58950,Q9LXQ7
AT3G58960,Q9LYU0
AT3G58970,Q93ZD7
AT3G58975,Q8GYA8
AT3G58980,P0C2G1
AT3G58990,Q9LYT7
AT3G59000,Q2V3N5
AT3G59010,Q9LYT5
AT3G59020,F4J738
AT3G59030,Q9LYT3
AT3G59040,Q9LYT2
AT3G59050,Q9LYT1
AT3G59060,Q84LH8
AT3G59070,Q9LYS9
AT3G59080,Q9LYS8
AT3G59090,B9DGA1
AT3G59100,Q9LYS6
AT3G59110,Q9LYS5
AT3G59120,Q9LYS4
AT3G59130,F4J868
AT3G59140,Q9LYS2
AT3G59150,Q9LX56
AT3G59160,Q9LX55
AT3G59170,Q9LX54
AT3G59180,Q9LX53
AT3G59190,Q1PED9
AT3G59200,Q9LX51
AT3G59210,Q8GW80
AT3G59220,Q9LX49
AT3G59230,Q9LX48
AT3G59240,Q9LX47
AT3G59245,A0A1I9LQP1
AT3G59250,Q9LX46
AT3G59260,Q9LX45
AT3G59270,Q9LX44
AT3G59280,Q93VV9
AT3G59290,Q93YP4
AT3G59295,A0A1I9LPV1
AT3G59300,A0A1I9LM77
AT3G59310,F4J890
AT3G59320,Q948Q8
AT3G59330,A0A1I9LQ57
AT3G59340,A0A1I9LLD6
AT3G59350,B9DFG5
AT3G59360,Q9C5H6
AT3G59370,Q9LX34
AT3G59380,Q9LX33
AT3G59390,F4J8A2
AT3G59400,Q9LX31
AT3G59410,Q9LX30
AT3G59420,Q9LX29
AT3G59430,Q9LX28
AT3G59435,A0A1I9LMS4
AT3G59440,Q9LX27
AT3G59450,Q9LX26
AT3G59455,A8MR90
AT3G59460,F4J8B4
AT3G59470,F4J8B6
AT3G59480,Q9M1B9
AT3G59490,B3H686
AT3G59500,F4J8C0
AT3G59510,Q9M1B6
AT3G59520,Q9M1B5
AT3G59530,Q9M1B4
AT3G59550,Q9FQ19
AT3G59570,A0A1I9LM99
AT3G59580,Q9M1B0
AT3G59590,Q9M1A9
AT3G59600,Q9M1A8
AT3G59610,Q9M1A7
AT3G59620,Q9M1A6
AT3G59630,Q9M1A5
AT3G59640,Q9M1A4
AT3G59650,Q9M1A3
AT3G59660,Q8W4D4
AT3G59670,Q56XZ5
AT3G59680,F4J9E8
AT3G59690,Q9M199
AT3G59700,Q96285
AT3G59710,Q9M198
AT3G59730,Q9LEA3
AT3G59740,Q9ZR79
AT3G59750,Q9M1Z9
AT3G59760,Q43725
AT3G59770,Q7XZU0
AT3G59780,F4J9G2
AT3G59790,Q9M1Z5
AT3G59800,Q9M1Z4
AT3G59810,Q9M1Z3
AT3G59820,F4J9G6
AT3G59830,F4J9G8
AT3G59840,Q8LPM0
AT3G59850,Q5XF50
AT3G59870,Q9M1Y7
AT3G59880,Q5BPM7
AT3G59890,Q8LB01
AT3G59900,Q6NMD6
AT3G59910,Q9M1Y3
AT3G59920,O24653
AT3G59930,Q94JR6
AT3G59940,Q9M1Y1
AT3G59950,Q9M1Y0
AT3G59960,Q9M1X9
AT3G59970,Q9SE60
AT3G59980,Q9M1X8
AT3G59990,Q56Y85
AT3G60000,Q5BPM6
AT3G60010,Q9M1X5
AT3G60020,Q9M1X4
AT3G60030,Q9S7P5
AT3G60040,Q8GWI2
AT3G60050,Q9M1D8
AT3G60060,Q9M1D7
AT3G60070,Q8L7Z7
AT3G60080,Q9M1D5
AT3G60090,Q9M1D4
AT3G60100,Q9M1D3
AT3G60110,Q93ZQ2
AT3G60120,Q9M1D1
AT3G60130,Q9M1D0
AT3G60140,Q9M1C9
AT3G60150,Q682I4
AT3G60160,Q9M1C7
AT3G60180,Q8VY84
AT3G60190,Q9FNX5
AT3G60200,Q9M1C3
AT3G60210,Q9M1C2
AT3G60220,Q9LY41
AT3G60240,Q76E23
AT3G60245,Q8RXU5
AT3G60250,O81275
AT3G60260,Q8VZ78
AT3G60270,Q9LY37
AT3G60280,Q96316
AT3G60286,F4JAP6
AT3G60290,F4JAP7
AT3G60300,F4JAP8
AT3G60310,Q9LY34
AT3G60320,Q93YU8
AT3G60328,B3H4U5
AT3G60330,Q9LY32
AT3G60340,Q9LY31
AT3G60350,Q9M224
AT3G60360,Q9M223
AT3G60370,Q0WRJ7
AT3G60380,Q9M221
AT3G60390,P46602
AT3G60400,Q9M219
AT3G60410,Q9C5E4
AT3G60415,Q9M217
AT3G60420,F4JBT8
AT3G60440,F4JBU0
AT3G60450,A0A1I9LN21
AT3G60460,A0A178VEK7
AT3G60470,Q9M212
AT3G60480,Q8L9P2
AT3G60490,Q9M210
AT3G60500,Q9M209
AT3G60510,Q5XF59
AT3G60520,Q9M207
AT3G60530,O49743
AT3G60540,Q9M206
AT3G60550,Q9M205
AT3G60560,Q9M204
AT3G60570,Q9M203
AT3G60580,Q9M202
AT3G60590,Q9M201
AT3G60600,Q8VZ95
AT3G60620,Q9M001
AT3G60630,Q9M000
AT3G60640,Q9LZZ9
AT3G60650,F4JBX1
AT3G60660,Q9LZZ7
AT3G60670,Q9LZZ6
AT3G60680,Q9LZZ5
AT3G60690,Q9LZZ4
AT3G60700,Q9LZZ3
AT3G60710,Q9LZZ2
AT3G60720,Q6NKQ9
AT3G60730,Q84R10
AT3G60740,Q8L5R3
AT3G60750,Q8RWV0
AT3G60760,Q9LZY7
AT3G60770,P59223
AT3G60780,Q9LZY5
AT3G60790,Q9LZY4
AT3G60800,Q8VYP5
AT3G60810,Q9LZY2
AT3G60820,P42742
AT3G60830,Q8L4Y5
AT3G60840,Q9LZY0
AT3G60850,Q9LZX9
AT3G60860,Q9LZX8
AT3G60870,Q9LZX7
AT3G60880,Q9LZX6
AT3G60890,Q9LZX5
AT3G60900,Q9LZX4
AT3G60910,Q8RXT8
AT3G60920,F4JD14
AT3G60930,Q9LEX8
AT3G60940,Q9LEX7
AT3G60950,F4JD16
AT3G60960,Q9LEX6
AT3G60961,B3H4S0
AT3G60966,Q1G3N1
AT3G60970,Q7FB56
AT3G60975,A0A1I9LRR3
AT3G60980,Q9LEX5
AT3G60990,Q9LDS4
AT3G61000,F4JD24
AT3G61020,Q93ZA5
AT3G61028,F4JD25
AT3G61030,F4JD27
AT3G61035,F4JD28
AT3G61040,Q9LEX2
AT3G61050,Q9LEX1
AT3G61060,Q9LEX0
AT3G61070,Q84JW1
AT3G61080,Q9LEW8
AT3G61090,Q9LEW7
AT3G61100,Q9LEW6
AT3G61110,Q9M2F1
AT3G61111,B3H5X2
AT3G61113,B3H7G2
AT3G61117,B3H5C2
AT3G61120,Q38837
AT3G61130,Q9LE59
AT3G61140,P45432
AT3G61150,Q9M2E8
AT3G61160,O23145
AT3G61170,Q9M2E7
AT3G61172,P82723
AT3G61175,P82766
AT3G61177,P82767
AT3G61180,Q93YQ5
AT3G61182,P82768
AT3G61190,Q941L2
AT3G61200,Q9M2E4
AT3G61210,Q9M2E3
AT3G61220,Q9M2E2
AT3G61230,Q500W4
AT3G61240,Q9M2E0
AT3G61250,Q9M2D9
AT3G61260,Q9M2D8
AT3G61270,A0A1I9LS97
AT3G61280,Q5Q0C1
AT3G61290,Q9M2D5
AT3G61300,Q9M2D4
AT3G61310,Q8L7L5
AT3G61320,Q9M2D2
AT3G61340,Q9M2D0
AT3G61350,Q9M2C9
AT3G61360,Q9M2C8
AT3G61370,Q9M2C7
AT3G61380,Q9M2C6
AT3G61390,Q8GZ84
AT3G61400,Q9M2C4
AT3G61410,A0A1I9LQ28
AT3G61415,Q8LF97
AT3G61420,Q9M322
AT3G61430,P61837
AT3G61440,Q9S757
AT3G61450,Q94KK5
AT3G61460,Q9XF92
AT3G61470,Q9SYW8
AT3G61480,A0A1I9LQF4
AT3G61490,Q9M318
AT3G61500,F4JFC6
AT3G61510,Q06429
AT3G61520,Q9M316
AT3G61530,Q9M315
AT3G61540,Q9M314
AT3G61550,Q9M313
AT3G61560,Q6DBN4
AT3G61570,Q84WU4
AT3G61571,B3H5Z0
AT3G61580,Q9ZRP7
AT3G61590,Q9M310
AT3G61600,Q9FPW6
AT3G61610,Q9M308
AT3G61620,Q9SP08
AT3G61630,Q9M374
AT3G61640,Q9M373
AT3G61650,P38557
AT3G61660,A0A1I9LLT6
AT3G61670,Q9M371
AT3G61680,Q7Y220
AT3G61690,F4JFF2
AT3G61700,A8MQR1
AT3G61710,Q9M367
AT3G61720,Q9M366
AT3G61723,B3H691
AT3G61730,Q9M365
AT3G61740,Q9M364
AT3G61750,Q9M363
AT3G61760,Q84XF3
AT3G61770,Q8RXV2
AT3G61780,Q9M360
AT3G61790,Q84JL3
AT3G61800,Q9M358
AT3G61810,Q9M357
AT3G61820,Q9M356
AT3G61826,B3H6M9
AT3G61829,B3H6K2
AT3G61830,Q9C5W9
AT3G61840,F4JFH6
AT3G61850,Q43385
AT3G61860,P92964
AT3G61870,Q9M277
AT3G61880,Q9SLP1
AT3G61890,Q9M276
AT3G61898,F4IX05
AT3G61900,Q9M275
AT3G61910,Q9M274
AT3G61920,Q9M273
AT3G61930,Q9M272
AT3G61940,Q9M271
AT3G61950,Q700E4
AT3G61960,Q94C95
AT3G61962,B3H5M8
AT3G61970,Q9M268
AT3G61980,Q9M267
AT3G61990,Q9M266
AT3G62000,Q9M265
AT3G62010,F4IX22
AT3G62020,Q9M263
AT3G62030,P34791
AT3G62040,F4IX29
AT3G62050,A6QR85
AT3G62060,Q84JS1
AT3G62070,Q9M1R7
AT3G62080,Q9M1R6
AT3G62090,Q8L5W7
AT3G62100,Q9M1R4
AT3G62110,Q9FPJ2
AT3G62120,Q9M1R2
AT3G62130,Q9M1R1
AT3G62140,Q5XV94
AT3G62150,Q9M1Q9
AT3G62160,Q9M1Q8
AT3G62170,Q5MFV6
AT3G62180,A0A1I9LNH8
AT3G62190,Q9M1Q5
AT3G62200,Q9M1Q4
AT3G62210,Q9M1Q3
AT3G62220,Q9M1Q2
AT3G62230,Q9M1Q1
AT3G62240,Q9M1Q0
AT3G62250,P59233
AT3G62260,Q3EAF9
AT3G62270,Q9M1P7
AT3G62280,Q6NLP7
AT3G62290,Q9M1P5
AT3G62300,Q8H0V4
AT3G62310,Q9LZQ9
AT3G62320,Q9LZQ8
AT3G62330,Q9LZQ7
AT3G62340,Q93WV6
AT3G62350,Q9LZQ5
AT3G62360,A0A1I9LSH2
AT3G62370,Q9LZQ3
AT3G62380,Q9LZQ2
AT3G62390,Q9LZQ1
AT3G62400,Q9LZQ0
AT3G62410,Q9LZP9
AT3G62420,Q9LZP8
AT3G62430,Q9LZP7
AT3G62440,Q9LZP6
AT3G62450,Q9LZP5
AT3G62460,Q9LZP4
AT3G62470,Q9LZP3
AT3G62499,Q1G393
AT3G62500,A0A1I9LQ20
AT3G62510,A0A1I9LTP0
AT3G62528,B3H6J4
AT3G62530,Q94K48
AT3G62540,Q3EAF8
AT3G62550,Q93W91
AT3G62560,Q8VYP7
AT3G62570,Q8W591
AT3G62580,F4IYB7
AT3G62590,Q940L4
AT3G62600,Q9LZK5
AT3G62610,Q9LZK4
AT3G62615,A0A1I9LQW7
AT3G62620,Q29Q18
AT3G62630,Q9LZK2
AT3G62640,Q9LZK1
AT3G62650,Q9LZK0
AT3G62660,Q8VYF4
AT3G62670,Q9LZJ8
AT3G62680,Q9LZJ7
AT3G62690,Q9LZJ6
AT3G62695,A0A1I9LRY8
AT3G62700,Q9LZJ5
AT3G62710,Q9LZJ4
AT3G62720,Q9LZJ3
AT3G62730,Q9LZJ2
AT3G62740,Q9LZJ1
AT3G62750,Q67XN2
AT3G62760,Q9LZI9
AT3G62770,Q93VB2
AT3G62780,Q9LZI7
AT3G62790,Q9LZI6
AT3G62800,Q8H1D4
AT3G62810,Q9LZI4
AT3G62820,Q9LZI3
AT3G62830,Q9LZI2
AT3G62850,Q9LZI1
AT3G62860,A0A1I9LSE1
AT3G62870,Q9LZH9
AT3G62880,Q9LZH8
AT3G62890,Q683I9
AT3G62900,F4IZK5
AT3G62910,Q8RX79
AT3G62920,Q9LYC9
AT3G62930,Q9LYC8
AT3G62940,Q9LYC7
AT3G62950,Q9LYC6
AT3G62960,Q9LYC5
AT3G62970,F4IZL5
AT3G62980,Q570C0
AT3G62990,A0JPZ2
AT3G63000,Q9LYC2
AT3G63010,Q9LYC1
AT3G63020,Q9LYC0
AT3G63030,Q9LYB9
AT3G63040,Q9LYB8
AT3G63050,F4IZM5
AT3G63052,B3H5A4
AT3G63060,Q93ZT5
AT3G63070,F4IZM8
AT3G63080,Q9LYB4
AT3G63088,Q6IM87
AT3G63090,Q9LYB3
AT3G63093,A0A1I9LTT2
AT3G63095,A8MRN4
AT3G63110,Q93WC9
AT3G63120,Q8LB60
AT3G63130,Q9LE82
AT3G63140,Q9LYA9
AT3G63150,F4J0W4
AT3G63160,Q9M1X3
AT3G63170,Q9M1X2
AT3G63180,F4J0W8
AT3G63190,Q9M1X0
AT3G63200,Q93ZQ3
AT3G63210,Q8LGS1
AT3G63215,A0A1I9LLX9
AT3G63220,Q9M1W7
AT3G63230,Q4PSK3
AT3G63240,Q8GTS0
AT3G63250,Q9M1W4
AT3G63255,A0A1I9LLE1
AT3G63260,O22100
AT3G63270,Q94K49
AT3G63280,Q8RXT4
AT3G63290,Q8VYD7
AT3G63300,Q8W4K5
AT3G63310,Q9M1V9
AT3G63320,Q9M1V8
AT3G63330,Q8RXY0
AT3G63340,Q93YS2
AT3G63350,Q9M1V5
AT3G63360,Q9M1V4
AT3G63370,Q9M1V3
AT3G63380,Q9LY77
AT3G63390,Q1H5D6
AT3G63400,Q9LY75
AT3G63410,Q9LY74
AT3G63420,Q9FDX9
AT3G63430,Q9LY72
AT3G63440,Q9LY71
AT3G63450,F4J108
AT3G63460,Q8L611
AT3G63470,Q0WRX3
AT3G63480,Q8GW44
AT3G63490,Q9LY66
AT3G63500,Q84TI3
AT3G63510,Q8H128
AT3G63520,O65572
AT3G63530,Q8L649
AT3G63540,P82658
AT3G63550,E0X9N4
AT3G66652,F4JC20
AT3G66654,Q9C835
AT3G66656,Q9C836
AT3G66658,Q0WSF1
AT4G00005,F4JGU4
AT4G00020,Q7Y1C5
AT4G00026,Q1G3L1
AT4G00030,O81304
AT4G00040,O81305
AT4G00050,Q8GZ38
AT4G00060,F4JH01
AT4G00070,F4JH02
AT4G00080,O81309
AT4G00090,Q93ZN5
AT4G00100,P59224
AT4G00110,O81312
AT4G00120,O81313
AT4G00130,Q1PED2
AT4G00140,O81315
AT4G00150,O81316
AT4G00155,A0A1P8B386
AT4G00160,Q8LF09
AT4G00163,A0A1P8B630
AT4G00165,Q8RW93
AT4G00170,Q84WW5
AT4G00180,Q9XFB1
AT4G00190,O81320
AT4G00200,Q4V3E0
AT4G00210,O81322
AT4G00220,O81323
AT4G00230,Q9LLL8
AT4G00231,O81325
AT4G00232,Q3EAE7
AT4G00234,F4JH25
AT4G00238,Q8LG05
AT4G00240,O23078
AT4G00250,O23077
AT4G00260,O23076
AT4G00270,Q9ASZ1
AT4G00280,O23074
AT4G00290,Q8VZL4
AT4G00295,A0A1P8B4K0
AT4G00300,Q0WQL0
AT4G00305,Q3EAE6
AT4G00310,O23071
AT4G00315,Q3EAE5
AT4G00320,P0C2G6
AT4G00330,Q8VZJ9
AT4G00335,Q2HIJ8
AT4G00340,Q39203
AT4G00342,B3H6F3
AT4G00350,F4JH46
AT4G00355,Q8VY98
AT4G00360,O23066
AT4G00370,Q8GX78
AT4G00380,F4JH53
AT4G00390,O23063
AT4G00400,Q5XF03
AT4G00416,Q4PSK1
AT4G00420,F4JHB3
AT4G00430,Q39196
AT4G00440,A8MQI6
AT4G00450,H3K2Y6
AT4G00460,A4IJ27
AT4G00467,A0A1P8B3W1
AT4G00480,Q8W2F1
AT4G00490,O65258
AT4G00500,Q8W495
AT4G00520,Q5FYU1
AT4G00525,Q6AWV5
AT4G00530,Q6DYB5
AT4G00540,Q9SPN3
AT4G00550,Q8W1S1
AT4G00560,F4JHD7
AT4G00570,Q8L7K9
AT4G00580,O65267
AT4G00585,Q8VZT9
AT4G00590,O65268
AT4G00600,O65269
AT4G00610,O65270
AT4G00620,O65271
AT4G00630,O65272
AT4G00650,Q67Z93
AT4G00651,F4JHF1
AT4G00660,Q8RXK6
AT4G00670,Q6IDB4
AT4G00680,Q570Y6
AT4G00690,O65278
AT4G00695,F4JHF7
AT4G00700,Q8RXU9
AT4G00710,Q8W4L3
AT4G00720,Q96287
AT4G00730,Q0WV12
AT4G00740,Q93W95
AT4G00750,Q9ZPH9
AT4G00752,Q4V3D3
AT4G00755,Q8LG03
AT4G00760,O23100
AT4G00770,Q147G2
AT4G00780,Q8VZ38
AT4G00800,F4JHM9
AT4G00810,O23095
AT4G00820,F4JHN2
AT4G00830,Q9ASP6
AT4G00840,Q5M757
AT4G00850,Q93VH6
AT4G00860,Q38842
AT4G00870,O23090
AT4G00872,F4JHP1
AT4G00880,O23089
AT4G00883,A0A1P8B666
AT4G00889,A0A1P8B664
AT4G00890,O23088
AT4G00893,Q1G391
AT4G00895,Q8W481
AT4G00900,O23087
AT4G00905,Q3EAE0
AT4G00910,O23086
AT4G00920,O23085
AT4G00925,A0A1P8B8C5
AT4G00930,F4JHQ0
AT4G00940,Q9M161
AT4G00950,Q9M160
AT4G00953,A0A1P8B4V1
AT4G00955,A0A1P8B4V9
AT4G00960,O23082
AT4G00970,O23081
AT4G00980,Q8GXX5
AT4G00990,Q8VYB9
AT4G01000,Q9SV28
AT4G01010,Q9LD40
AT4G01020,P0CE10
AT4G01023,A0A178UZR1
AT4G01026,Q1ECF1
AT4G01030,Q9SV26
AT4G01037,A0MFS5
AT4G01040,Q9M159
AT4G01050,Q9M158
AT4G01060,Q9M157
AT4G01070,Q9M156
AT4G01080,O04621
AT4G01090,Q9M155
AT4G01100,O04619
AT4G01110,Q5XV90
AT4G01120,P42775
AT4G01130,Q9M153
AT4G01140,Q9M152
AT4G01150,O04616
AT4G01160,O04615
AT4G01170,Q9M151
AT4G01180,Q9M150
AT4G01190,Q9M149
AT4G01200,Q9M148
AT4G01210,F4JHZ4
AT4G01220,Q9M146
AT4G01230,Q9M145
AT4G01240,Q9M144
AT4G01245,F4JI00
AT4G01250,O04609
AT4G01260,O04608
AT4G01270,Q9M143
AT4G01280,C0SVG5
AT4G01290,Q56YR0
AT4G01310,O04603
AT4G01320,Q8RX88
AT4G01330,F4JI10
AT4G01335,F4JI12
AT4G01340,Q9M138
AT4G01350,F4JI14
AT4G01360,F4JI15
AT4G01370,Q39024
AT4G01380,Q9M135
AT4G01390,F4JI18
AT4G01395,Q8L838
AT4G01400,Q8LDU5
AT4G01410,Q9M132
AT4G01420,Q7FZF1
AT4G01430,Q9M131
AT4G01435,A0A1P8B3J6
AT4G01440,Q9M130
AT4G01450,Q9M129
AT4G01460,Q9M128
AT4G01470,O82598
AT4G01480,O82597
AT4G01500,O82595
AT4G01510,Q5MK23
AT4G01516,B3H4W2
AT4G01520,O82593
AT4G01535,F4JI37
AT4G01540,A8MQY1
AT4G01550,Q9M126
AT4G01560,Q9M125
AT4G01570,Q8VZE4
AT4G01575,F4JG23
AT4G01580,Q9ZSH7
AT4G01590,Q9M123
AT4G01595,F4JG28
AT4G01600,Q9M122
AT4G01610,Q94K85
AT4G01630,Q9ZSI1
AT4G01640,Q9M121
AT4G01650,Q9M120
AT4G01660,Q9SBB2
AT4G01670,Q8GXD3
AT4G01671,B3H670
AT4G01680,Q9ZSI4
AT4G01690,P55826
AT4G01700,Q9ZSI6
AT4G01703,B3H601
AT4G01710,Q9M117
AT4G01720,Q9ZSI7
AT4G01730,Q9M115
AT4G01735,F4JG50
AT4G01740,Q9ZSI9
AT4G01750,Q9ZSJ0
AT4G01760,Q9ZSJ1
AT4G01770,Q9ZSJ2
AT4G01780,F4JG55
AT4G01790,Q9SYH9
AT4G01800,Q9SYI0
AT4G01810,Q84WV4
AT4G01820,Q9SYI2
AT4G01830,Q9SYI3
AT4G01840,Q9S6Z8
AT4G01850,P17562
AT4G01860,Q8RXC4
AT4G01870,A0A1P8B8B4
AT4G01880,F4JG68
AT4G01883,Q1G3L2
AT4G01890,F4JG70
AT4G01895,Q9FNY8
AT4G01897,Q8LC12
AT4G01900,Q9ZST4
AT4G01910,Q9SYI8
AT4G01915,F4JG75
AT4G01920,Q9SYI9
AT4G01925,F4JH56
AT4G01930,Q9SYJ0
AT4G01935,F4JH58
AT4G01940,Q93W77
AT4G01950,Q9SYJ2
AT4G01960,Q9SYJ3
AT4G01970,Q9SYJ4
AT4G01985,Q3EAC9
AT4G01990,Q93WC5
AT4G01995,Q8W4C4
AT4G02000,O04244
AT4G02010,Q8L7V7
AT4G02020,Q9ZSM8
AT4G02030,Q0WQ75
AT4G02040,O04248
AT4G02050,O04249
AT4G02060,P43299
AT4G02070,O04716
AT4G02075,Q9XF50
AT4G02080,O04834
AT4G02090,O04712
AT4G02100,Q84VX5
AT4G02110,O04251
AT4G02120,Q8L6Z9
AT4G02130,O04253
AT4G02140,O04254
AT4G02150,O04294
AT4G02160,Q9ZU01
AT4G02170,F4JH89
AT4G02180,Q9ZU00
AT4G02190,O04257
AT4G02195,Q9SWH4
AT4G02200,O04259
AT4G02210,O81424
AT4G02220,Q93VB4
AT4G02230,P49693
AT4G02235,O81421
AT4G02250,F4JHA1
AT4G02260,F4JHA2
AT4G02270,O81417
AT4G02280,Q9M111
AT4G02290,O81416
AT4G02300,O81415
AT4G02310,O81414
AT4G02320,O81301
AT4G02330,Q8RXK7
AT4G02340,O81299
AT4G02350,F4JHH5
AT4G02360,O81297
AT4G02370,O81296
AT4G02380,Q93WF6
AT4G02390,Q11207
AT4G02400,F4JHI1
AT4G02405,B3H6G9
AT4G02410,O81292
AT4G02420,O81291
AT4G02425,Q8GYI5
AT4G02430,F4JHI7
AT4G02440,Q8LEA8
AT4G02450,Q8L7U4
AT4G02460,Q941I6
AT4G02465,F4JHJ3
AT4G02470,Q0WM93
AT4G02482,F4JHJ5
AT4G02485,Q1ECQ5
AT4G02489,F4JHJ7
AT4G02500,O22775
AT4G02510,O81283
AT4G02520,P46422
AT4G02530,O22773
AT4G02540,Q9ZQX3
AT4G02541,B3H5W2
AT4G02550,O22772
AT4G02560,Q38796
AT4G02570,Q94AH6
AT4G02580,O22769
AT4G02590,O22768
AT4G02600,O49621
AT4G02610,O22765
AT4G02620,Q9ZQX4
AT4G02630,O22764
AT4G02640,O22763
AT4G02650,Q8GX47
AT4G02655,A0A1P8B4S5
AT4G02660,F4JHT3
AT4G02670,O22759
AT4G02680,Q9ZQX6
AT4G02690,Q9ZQX7
AT4G02700,O04289
AT4G02710,Q9ZQX8
AT4G02715,Q8L757
AT4G02720,Q8S9I4
AT4G02725,A8MR38
AT4G02730,Q9SY00
AT4G02733,Q2V3L6
AT4G02735,A0A1P8B5P2
AT4G02740,Q0WRC9
AT4G02750,Q9SY02
AT4G02760,Q9SY03
AT4G02770,Q9S7H1
AT4G02780,Q38802
AT4G02790,Q8H1F6
AT4G02800,Q9SY05
AT4G02810,Q9SY06
AT4G02820,Q9SY07
AT4G02830,Q9SY08
AT4G02840,Q9SY09
AT4G02850,Q66GM9
AT4G02860,F4JHW1
AT4G02870,Q9SY12
AT4G02880,F4JHW4
AT4G02890,Q3E7T8
AT4G02900,Q9SY14
AT4G02910,Q9ZT89
AT4G02920,Q8RXG5
AT4G02930,Q9ZT91
AT4G02940,Q9ZT92
AT4G02960,Q9ZT94
AT4G02970,Q9ZT95
AT4G02980,P33487
AT4G02990,Q9ZT96
AT4G03000,Q0WPJ7
AT4G03010,Q9ZT98
AT4G03020,Q8LPI5
AT4G03030,Q0V7S6
AT4G03040,Q9ZTA0
AT4G03050,Q9ZTA1
AT4G03060,Q9ZTA2
AT4G03070,Q9ZTA3
AT4G03080,Q8L7U5
AT4G03090,F4JI44
AT4G03100,F4JI46
AT4G03110,Q8LFS6
AT4G03113,B3H5A3
AT4G03115,F4JI50
AT4G03120,Q56XE4
AT4G03130,A0A1P8B7K8
AT4G03140,F4JI53
AT4G03150,Q944G6
AT4G03153,Q4PSJ7
AT4G03156,Q3EAC2
AT4G03157,A0A1P8B6S2
AT4G03160,Q9ZR15
AT4G03165,F4JI58
AT4G03170,Q9ZR14
AT4G03175,F4JI60
AT4G03180,Q9ZR13
AT4G03190,Q9ZR12
AT4G03200,F4JI64
AT4G03205,Q93Z96
AT4G03210,Q8LDW9
AT4G03220,Q9ZR09
AT4G03230,Q9ZR08
AT4G03240,Q9ZR07
AT4G03250,F4JI72
AT4G03260,Q8GUJ5
AT4G03270,Q9ZR04
AT4G03280,Q9ZR03
AT4G03290,Q9ZR02
AT4G03292,Q3E7R1
AT4G03298,A8MQG6
AT4G03320,Q9ZQZ9
AT4G03330,Q9ZQZ8
AT4G03340,Q9ZQZ7
AT4G03350,Q9ZQZ6
AT4G03360,F4JI85
AT4G03370,Q9ZQZ4
AT4G03380,Q9ZQZ3
AT4G03390,Q6R2K3
AT4G03400,Q9ZNS2
AT4G03410,F4JI90
AT4G03415,Q8GY60
AT4G03420,Q8S9K9
AT4G03430,Q9ZT71
AT4G03440,Q9ZT72
AT4G03443,F4JG82
AT4G03450,Q9ZT73
AT4G03460,F4JG84
AT4G03470,Q9M109
AT4G03480,F4JG86
AT4G03490,A0A1P8B3M4
AT4G03495,A0A1P8B3L9
AT4G03500,A0A1P8B4J1
AT4G03505,Q2V3L5
AT4G03510,O64425
AT4G03520,Q9SEU8
AT4G03540,Q9ZT81
AT4G03550,Q9ZT82
AT4G03560,Q94KI8
AT4G03565,F4JG98
AT4G03566,Q1G3K1
AT4G03570,Q9SY35
AT4G03580,Q9SY36
AT4G03590,Q9SY37
AT4G03600,Q9SY38
AT4G03610,A0A1P8B5J8
AT4G03620,A0A178V3G1
AT4G03625,A0A1P8B8Z3
AT4G03630,Q9SY41
AT4G03635,Q1G3K0
AT4G03645,A0A1P8B801
AT4G03728,F4JGB0
AT4G03740,Q9SY52
AT4G03820,B3LF52
AT4G03830,Q9M107
AT4G03930,Q1PEC0
AT4G03940,O81515
AT4G03945,Q1G390
AT4G03950,O81514
AT4G03960,Q940L5
AT4G03965,Q5XV87
AT4G04020,O81439
AT4G04025,A0A1P8B3X9
AT4G04030,P0DKG3
AT4G04040,F4JGR5
AT4G04078,B3H7E1
AT4G04080,O81433
AT4G04090,O81432
AT4G04110,O81430
AT4G04180,F4JGS0
AT4G04190,Q0IGH7
AT4G04200,F4JGB4
AT4G04210,Q8RWU7
AT4G04220,F4JGB6
AT4G04260,F4JGB7
AT4G04265,A0A1P8B5V0
AT4G04320,Q7Y1Z8
AT4G04330,Q94AU9
AT4G04340,Q9XEA1
AT4G04350,Q9XEA0
AT4G04360,F4JGC5
AT4G04370,Q9XE98
AT4G04402,F4JGC7
AT4G04404,F4JGC8
AT4G04415,A0A1P8B6C7
AT4G04423,F4JGC9
AT4G04430,Q9XEC1
AT4G04450,Q9XEC3
AT4G04460,Q9XEC4
AT4G04470,Q9ZS51
AT4G04480,Q9XEC5
AT4G04490,Q9XEC6
AT4G04500,Q9XEC7
AT4G04510,Q9XEC8
AT4G04540,Q9SYS7
AT4G04555,A0A1P8B772
AT4G04570,Q9SYS3
AT4G04580,Q9XEB2
AT4G04601,B3H7M4
AT4G04605,A0A1P8B8R6
AT4G04610,P92979
AT4G04614,Q1G3K2
AT4G04620,Q9XEB5
AT4G04630,Q8LFI5
AT4G04632,F4JGV7
AT4G04640,Q01908
AT4G04650,Q9S9V5
AT4G04670,Q8W4K1
AT4G04680,F4JGW1
AT4G04690,Q9S9V1
AT4G04695,Q9S9V0
AT4G04700,Q9ZSA4
AT4G04710,Q9ZSA3
AT4G04720,Q9ZSA2
AT4G04730,Q9M102
AT4G04740,Q9M101
AT4G04745,Q6NL28
AT4G04750,Q8GXK5
AT4G04760,Q9M0Z9
AT4G04770,Q9ZS97
AT4G04775,Q9ZS96
AT4G04780,C0LU16
AT4G04790,Q6NQ81
AT4G04800,Q9M0Z6
AT4G04810,Q9M0Z5
AT4G04830,Q9ZS91
AT4G04840,Q8GWF4
AT4G04850,Q9M0Z3
AT4G04860,Q9ZS88
AT4G04870,Q93YW7
AT4G04880,Q8LPL7
AT4G04885,Q0WPF2
AT4G04890,Q93V99
AT4G04900,Q9M0Y9
AT4G04910,Q9M0Y8
AT4G04920,F4JGZ1
AT4G04925,Q8LFB8
AT4G04930,Q9ZPH4
AT4G04940,Q93YS7
AT4G04950,Q9ZPH2
AT4G04955,Q94AP0
AT4G04957,B3H5Q5
AT4G04960,Q9S9U1
AT4G04970,Q9S9U0
AT4G04972,F4JGK7
AT4G04980,Q1PEB4
AT4G04985,Q3EAA9
AT4G04990,Q9S9T8
AT4G05000,Q9S9T7
AT4G05010,Q9S9T6
AT4G05018,B3H479
AT4G05020,Q94BV7
AT4G05030,A0A178UVL2
AT4G05040,Q94A85
AT4G05050,P0CH33
AT4G05060,Q8LPQ7
AT4G05070,Q9S9T1
AT4G05071,B3H4I5
AT4G05080,Q9S9T0
AT4G05090,Q9M0Y6
AT4G05091,B3H432
AT4G05095,Q3EAA8
AT4G05097,A0A1P8B6C9
AT4G05100,Q9M0Y5
AT4G05110,Q944N8
AT4G05120,Q9M0Y3
AT4G05130,Q9M0Y2
AT4G05140,Q9M0Y1
AT4G05150,Q940N7
AT4G05160,Q9M0X9
AT4G05170,Q9M0X8
AT4G05180,Q41932
AT4G05190,F4JGP4
AT4G05200,Q9M0X5
AT4G05210,F4JGP6
AT4G05220,Q9M0X3
AT4G05230,Q9M0X2
AT4G05240,Q9M0X1
AT4G05250,Q9M0X0
AT4G05260,Q9M0W9
AT4G05270,Q9M0W8
AT4G05310,Q9M0W4
AT4G05320,Q8H159
AT4G05330,Q8LFN9
AT4G05340,Q9M0W1
AT4G05350,Q9M0W0
AT4G05360,Q9M0V9
AT4G05380,F4JGF3
AT4G05390,Q9M0V6
AT4G05400,Q9M0V5
AT4G05410,Q9M0V4
AT4G05420,Q9M0V3
AT4G05430,A0A1P8B3J8
AT4G05440,Q9M0V1
AT4G05450,Q9M0V0
AT4G05460,Q9M0U9
AT4G05470,Q9M0U8
AT4G05475,Q9M0U7
AT4G05490,Q9M0U6
AT4G05497,Q9S9V8
AT4G05500,Q9S9V9
AT4G05520,B3LF48
AT4G05523,F4JGH3
AT4G05530,Q9S9W2
AT4G05540,F4JGH5
AT4G05553,F4JGH6
AT4G05555,A0A1P8B8Q4
AT4G05590,Q8LD38
AT4G05612,F4JGH9
AT4G05620,Q9M0U2
AT4G05630,Q9M0U1
AT4G05631,F4JGI3
AT4G05632,F4JGI4
AT4G06479,F4JGI5
AT4G06490,F4JGI6
AT4G06526,F4JGI7
AT4G06534,F4JGI8
AT4G06536,Q1PEB2
AT4G06583,F4JGJ2
AT4G06598,Q8W3M7
AT4G06599,Q8W3M6
AT4G06634,Q2V3L3
AT4G06639,F4JGJ0
AT4G06643,A0A1P8B947
AT4G06655,A0A1P8B634
AT4G06676,Q5BPL5
AT4G06688,F4JGU2
AT4G06744,Q8W3M4
AT4G06746,Q8W3M3
AT4G07325,A0A1P8B3C0
AT4G07350,Q9S9X7
AT4G07380,Q9S9X6
AT4G07390,Q8VY63
AT4G07400,Q9S9X4
AT4G07408,B3H4W8
AT4G07410,Q8RXU6
AT4G07445,A0A1P8B3S9
AT4G07455,Q0WTS9
AT4G07515,Q058H0
AT4G07524,F4JGT3
AT4G07526,F4JGT4
AT4G07666,F4JGJ5
AT4G07670,Q9XH28
AT4G07675,F4JGJ8
AT4G07740,Q9XH18
AT4G07820,Q9ZPG2
AT4G07825,Q8GZ72
AT4G07835,A0A1P8B359
AT4G07868,Q5XV83
AT4G07932,F4JGK4
AT4G07940,Q9ZQC1
AT4G07950,Q9ZQC0
AT4G07960,Q9ZQB9
AT4G07965,F4JFX4
AT4G07990,Q8L814
AT4G07995,A0A1P8B936
AT4G08025,Q1PEB1
AT4G08028,Q2V3L0
AT4G08039,Q2V3K9
AT4G08040,Q9S9U6
AT4G08097,F4JG15
AT4G08140,Q9SYE4
AT4G08150,P46639
AT4G08160,F4JG10
AT4G08170,Q9SUG3
AT4G08180,Q8L751
AT4G08190,Q9SUG1
AT4G08210,Q9SUF9
AT4G08230,Q8VY68
AT4G08240,Q9SUF6
AT4G08250,Q9SUF5
AT4G08260,Q9SUF4
AT4G08263,F4JFZ4
AT4G08267,F4JFZ6
AT4G08270,Q9SUF3
AT4G08280,Q9SUF2
AT4G08290,Q9SUF1
AT4G08300,Q501F8
AT4G08310,Q9SUE9
AT4G08320,F4JG03
AT4G08330,Q9STN5
AT4G08350,Q9STN3
AT4G08360,Q9STN2
AT4G08370,Q9STN1
AT4G08380,Q9STN0
AT4G08390,Q42592
AT4G08395,F4JFY6
AT4G08400,Q9STM8
AT4G08406,B3H614
AT4G08410,Q9STM7
AT4G08430,Q9SW62
AT4G08450,Q9SW60
AT4G08455,Q6DBN1
AT4G08460,Q9M0T4
AT4G08470,Q9M0T3
AT4G08480,O81472
AT4G08485,Q2V3K7
AT4G08500,Q39008
AT4G08510,O81469
AT4G08520,Q8H1F4
AT4G08530,Q9M0T1
AT4G08535,A0A1P8B460
AT4G08540,Q8H1E1
AT4G08545,A0A1P8B502
AT4G08550,A0A1P8B891
AT4G08555,Q8GWL6
AT4G08558,P0DN94
AT4G08560,P0DN95
AT4G08570,O81464
AT4G08580,O22281
AT4G08590,Q681I0
AT4G08593,F4JIB4
AT4G08620,Q9SAY1
AT4G08630,F4JIB6
AT4G08640,F4JIB7
AT4G08670,Q2PE70
AT4G08685,Q9SZY5
AT4G08690,O22270
AT4G08691,Q1G388
AT4G08700,Q8RY83
AT4G08730,Q9LDC3
AT4G08740,Q9LE68
AT4G08760,Q9LE31
AT4G08770,Q9LDN9
AT4G08780,Q9LDA4
AT4G08790,Q94JV5
AT4G08800,F4JID0
AT4G08810,Q9LE45
AT4G08840,Q9LDW3
AT4G08850,Q8VZG8
AT4G08867,Q2V3K6
AT4G08868,Q2V3K5
AT4G08869,Q2V3K4
AT4G08870,Q9ZPF5
AT4G08874,A0A1P8B5I4
AT4G08875,Q2V3K2
AT4G08876,Q3E7M8
AT4G08878,F4JJ77
AT4G08895,F4JJ78
AT4G08900,P46637
AT4G08910,A2RVU4
AT4G08920,Q43125
AT4G08930,Q9ZPE9
AT4G08940,Q6NQB8
AT4G08950,Q9ZPE7
AT4G08960,Q9C5N3
AT4G08980,Q9ZPE4
AT4G08990,Q9M0S8
AT4G09000,P42643
AT4G09010,P82281
AT4G09012,F4JJ97
AT4G09020,Q9M0S5
AT4G09030,Q9M0S4
AT4G09035,A0A1P8B990
AT4G09040,Q6NPL0
AT4G09060,F4JJA3
AT4G09070,Q9M0S0
AT4G09080,Q5IZC8
AT4G09090,Q6NKV5
AT4G09100,Q9M0R7
AT4G09110,Q9M0R6
AT4G09120,Q9M0R5
AT4G09130,Q9M0R4
AT4G09140,Q9ZRV4
AT4G09150,F4JJB2
AT4G09153,P82751
AT4G09160,Q9M0R2
AT4G09170,Q9M0R1
AT4G09180,Q9M0R0
AT4G09190,Q9M0Q9
AT4G09200,Q8RX25
AT4G09210,Q9M0Q7
AT4G09260,Q9SMS8
AT4G09300,A0A1P8B5A1
AT4G09320,P39207
AT4G09330,Q94BS7
AT4G09350,Q9SMS0
AT4G09360,Q9M0Q5
AT4G09420,Q9M0Q0
AT4G09430,F4JK03
AT4G09435,A0A1P8B723
AT4G09440,Q9M0P8
AT4G09450,Q9M0P7
AT4G09460,Q38851
AT4G09462,Q1G387
AT4G09464,Q1G3J4
AT4G09465,Q1G3J2
AT4G09466,B3H4S7
AT4G09490,Q9M0P4
AT4G09500,Q9M0P3
AT4G09510,Q67XD9
AT4G09520,F4JK17
AT4G09530,Q9M0P0
AT4G09545,A8MRC9
AT4G09550,Q9M0N8
AT4G09560,Q0WPW5
AT4G09570,Q38869
AT4G09580,Q8L586
AT4G09585,A0A1P8B3B5
AT4G09589,A0A1P8B398
AT4G09590,Q9SST3
AT4G09600,P46687
AT4G09610,P46688
AT4G09620,Q9SST2
AT4G09630,Q9SST1
AT4G09640,F4JKQ7
AT4G09647,Q2V3K1
AT4G09649,B3H6P1
AT4G09650,Q9SSS9
AT4G09660,Q9SZ82
AT4G09670,Q9SZ83
AT4G09680,D0EL35
AT4G09690,Q9SZ85
AT4G09720,Q948K8
AT4G09730,Q56X76
AT4G09731,B3H5K1
AT4G09740,Q9SZ90
AT4G09750,Q9SZ91
AT4G09760,Q9SZ92
AT4G09770,A0A1P8B3G1
AT4G09775,F4JKS9
AT4G09780,F4JKT0
AT4G09784,F4JKT1
AT4G09790,Q9SZ95
AT4G09795,P82728
AT4G09810,Q9SZ96
AT4G09820,Q9FT81
AT4G09830,Q9SZ98
AT4G09840,Q9SZ99
AT4G09850,Q1PEA4
AT4G09860,Q9SZA1
AT4G09870,Q9SZA2
AT4G09880,Q9M0N6
AT4G09890,Q9T0E8
AT4G09900,Q940H7
AT4G09920,Q9T0F1
AT4G09930,Q9T0F2
AT4G09940,Q9T0F3
AT4G09950,Q9T0F4
AT4G09960,Q38836
AT4G09965,F4JKV3
AT4G09970,Q6DBH2
AT4G09980,Q94AI4
AT4G09984,P82749
AT4G09990,Q9T0F7
AT4G10000,F4JKW0
AT4G10010,Q9T0F9
AT4G10020,Q9T0G0
AT4G10030,Q9T0G1
AT4G10040,Q9T0G2
AT4G10050,Q94F26
AT4G10060,F4JLJ2
AT4G10070,F4JLJ3
AT4G10080,Q8GSF0
AT4G10090,Q8L9Y2
AT4G10100,Q9S7A3
AT4G10110,Q8GW25
AT4G10115,P82639
AT4G10120,F4JLK2
AT4G10130,O82623
AT4G10140,Q9SN29
AT4G10150,Q9SN28
AT4G10160,Q9SN27
AT4G10170,Q9SN26
AT4G10180,P48732
AT4G10190,O82622
AT4G10200,Q9SN25
AT4G10210,F4JLL3
AT4G10220,F4JLL4
AT4G10230,O82618
AT4G10240,O82617
AT4G10250,Q38806
AT4G10260,O82616
AT4G10265,Q8GY66
AT4G10270,O82615
AT4G10280,Q9SV93
AT4G10300,Q9SV91
AT4G10305,A0A1P8B5L0
AT4G10310,Q84TI7
AT4G10320,F4JLM5
AT4G10330,Q9SV88
AT4G10340,Q9XF89
AT4G10350,Q9SV87
AT4G10360,Q93ZA9
AT4G10370,F4JLN1
AT4G10380,Q9SV84
AT4G10390,Q9SV83
AT4G10400,Q9SV82
AT4G10410,Q9SV81
AT4G10420,F4JLN7
AT4G10430,Q93XX0
AT4G10440,Q9SZX8
AT4G10450,Q9SZX9
AT4G10457,P82620
AT4G10465,F4JMB8
AT4G10470,Q944H1
AT4G10480,Q9SZY1
AT4G10490,Q9ZSA7
AT4G10500,Q9ZSA8
AT4G10510,Q9SZY2
AT4G10520,Q9ZSB0
AT4G10530,Q9ZSB1
AT4G10540,Q9SZY3
AT4G10550,Q8L7I2
AT4G10560,Q9ZSB4
AT4G10570,Q9ZSB5
AT4G10590,Q93Y01
AT4G10595,P82717
AT4G10600,Q9T0B9
AT4G10603,Q2V3K0
AT4G10610,Q9S7N9
AT4G10613,Q2V3J8
AT4G10620,Q9ZSB8
AT4G10630,Q9ZSB9
AT4G10640,Q7XA83
AT4G10650,O82497
AT4G10660,Q9T0C3
AT4G10670,F4JME7
AT4G10680,O82494
AT4G10695,Q3EA58
AT4G10700,O82492
AT4G10710,O82491
AT4G10720,Q4V397
AT4G10730,F4JMF4
AT4G10740,O82488
AT4G10750,O82487
AT4G10760,O82486
AT4G10767,P82640
AT4G10770,O82485
AT4G10780,O82484
AT4G10790,Q9M0N1
AT4G10800,O81632
AT4G10810,Q9SN67
AT4G10820,Q9SN66
AT4G10840,O81629
AT4G10843,A0A1P8B5G1
AT4G10850,Q8LBF7
AT4G10860,O81627
AT4G10870,O81626
AT4G10880,O81625
AT4G10890,F4JN57
AT4G10895,F4JN58
AT4G10910,Q9SN61
AT4G10920,O65155
AT4G10925,Q93YV9
AT4G10930,Q8L7I1
AT4G10955,Q680C0
AT4G10960,Q9SN58
AT4G10970,Q9SN57
AT4G11000,F4JN77
AT4G11010,O49203
AT4G11020,Q9SN53
AT4G11030,Q9T009
AT4G11040,Q9T010
AT4G11050,Q8L7I0
AT4G11060,Q84J78
AT4G11070,Q8H0Y8
AT4G11080,Q9T012
AT4G11090,O82509
AT4G11100,Q8VZ24
AT4G11110,Q9T014
AT4G11120,Q5XF75
AT4G11130,O82504
AT4G11140,O82503
AT4G11150,Q39258
AT4G11160,Q67ZW2
AT4G11170,O82500
AT4G11175,O82499
AT4G11180,O82498
AT4G11190,Q9T017
AT4G11210,Q9T019
AT4G11211,Q3EA55
AT4G11220,Q9SUT9
AT4G11230,Q9SUT8
AT4G11240,P48486
AT4G11250,Q9SUT6
AT4G11260,Q9SUT5
AT4G11270,Q9SUT4
AT4G11280,Q9SAR0
AT4G11290,Q9SUT2
AT4G11300,Q9SUT1
AT4G11310,Q9SUT0
AT4G11320,Q9SUS9
AT4G11330,Q39025
AT4G11340,Q9SUS7
AT4G11350,B6IDH2
AT4G11360,Q9SUS5
AT4G11370,Q9SUS4
AT4G11373,A0A1P8B8U9
AT4G11380,Q9SUS3
AT4G11385,F4JP00
AT4G11390,A0A1P8B397
AT4G11393,Q2V3J6
AT4G11400,Q9LDD4
AT4G11402,A0A1P8B981
AT4G11410,Q9LDY7
AT4G11420,Q9LD55
AT4G11430,Q9M3G8
AT4G11440,F4JP07
AT4G11450,Q9LE58
AT4G11460,Q9LDT0
AT4G11470,Q9LDM5
AT4G11480,Q9LDS6
AT4G11485,P82726
AT4G11490,Q9LDN1
AT4G11510,Q9LDU1
AT4G11521,Q8LPI0
AT4G11530,Q9LDQ3
AT4G11540,Q9LE85
AT4G11547,Q56X58
AT4G11550,Q9LDV7
AT4G11560,Q8RXT5
AT4G11570,Q9LDD5
AT4G11580,Q9T0C6
AT4G11590,Q9T0C7
AT4G11600,O48646
AT4G11610,Q84TJ7
AT4G11630,Q9T0D0
AT4G11640,Q2PGG3
AT4G11650,P50700
AT4G11653,A8MQP2
AT4G11655,Q3EA54
AT4G11660,Q9T0D3
AT4G11670,A0A1P8B6M6
AT4G11680,Q93Z92
AT4G11690,Q9T0D6
AT4G11700,Q9T0D7
AT4G11720,F4JP36
AT4G11730,Q9T0E0
AT4G11740,F4JPR7
AT4G11745,F4JPR8
AT4G11750,Q9T0E2
AT4G11760,Q9T0E3
AT4G11770,Q9T0E4
AT4G11780,Q9T0E5
AT4G11790,Q93ZH3
AT4G11800,F4JPS4
AT4G11810,Q9T050
AT4G11820,P54873
AT4G11830,Q9T051
AT4G11840,Q9T052
AT4G11845,F4JPT1
AT4G11850,Q9T053
AT4G11860,Q8LE63
AT4G11870,Q9T055
AT4G11880,Q38838
AT4G11890,Q8GY82
AT4G11900,Q9T058
AT4G11910,Q66WT5
AT4G11911,B3H593
AT4G11920,Q8VZS9
AT4G11930,Q9T061
AT4G11940,Q9SZ59
AT4G11950,Q9SZ60
AT4G11960,Q8GYC7
AT4G11970,F4JPV2
AT4G11980,Q9SZ63
AT4G11990,Q4V3B0
AT4G12000,Q9SZ65
AT4G12005,Q0V817
AT4G12010,Q9SZ66
AT4G12020,Q9SZ67
AT4G12030,F4JPW1
AT4G12040,Q9SZ69
AT4G12050,Q9SZ70
AT4G12060,Q8GW78
AT4G12070,Q94B03
AT4G12080,Q8VYJ2
AT4G12090,Q9SZ74
AT4G12100,Q9SZ75
AT4G12110,Q8L7W5
AT4G12120,Q9SZ77
AT4G12130,Q8L733
AT4G12140,Q9SZ79
AT4G12150,Q9SZ80
AT4G12170,F4JQK2
AT4G12190,F4JQK3
AT4G12210,Q9STJ0
AT4G12220,Q9STI9
AT4G12230,Q9STI8
AT4G12240,Q9STI7
AT4G12250,Q9STI6
AT4G12270,Q9STI4
AT4G12280,Q9STI3
AT4G12290,Q8L742
AT4G12300,Q9STI1
AT4G12310,Q9STI0
AT4G12320,Q66GJ1
AT4G12330,Q9STH8
AT4G12334,F4JQL6
AT4G12340,Q9STH7
AT4G12350,Q9SPG1
AT4G12360,Q9STH5
AT4G12370,Q9STH4
AT4G12380,Q9STH3
AT4G12382,Q1G3I7
AT4G12390,Q9STH2
AT4G12400,Q9STH1
AT4G12410,Q9STH0
AT4G12420,Q9SU40
AT4G12430,Q9SU39
AT4G12440,Q9SU38
AT4G12450,Q9SU37
AT4G12460,Q9SU36
AT4G12470,Q9SU35
AT4G12480,Q39176
AT4G12490,Q9SU34
AT4G12495,A0A1P8B684
AT4G12500,Q9SU33
AT4G12510,Q9S7U3
AT4G12530,Q9SU32
AT4G12540,Q9SU31
AT4G12543,A0A1P8B453
AT4G12545,Q9ZSP6
AT4G12550,Q9S7I2
AT4G12555,A0A1P8B7B7
AT4G12560,Q9SU30
AT4G12570,Q9SU29
AT4G12580,Q9SU28
AT4G12590,Q9SU27
AT4G12600,Q9SU26
AT4G12610,Q9SU25
AT4G12617,B3H469
AT4G12620,Q9SU24
AT4G12640,F4JRD9
AT4G12650,F4JRE0
AT4G12670,A0A178UYZ3
AT4G12680,Q45GJ7
AT4G12690,Q9SU17
AT4G12700,Q9SU16
AT4G12710,Q9SU15
AT4G12720,Q9SU14
AT4G12730,Q9SU13
AT4G12731,B3H7D5
AT4G12735,Q8LCC1
AT4G12740,F4JRF4
AT4G12750,F4JRF5
AT4G12760,F4JRF6
AT4G12770,Q0WQ57
AT4G12780,Q9SU08
AT4G12790,Q8W4C1
AT4G12800,Q9SUI4
AT4G12810,Q9SU05
AT4G12820,Q9SU04
AT4G12825,A8MRI8
AT4G12830,Q93ZN4
AT4G12840,B3LFC6
AT4G12850,F4JRH5
AT4G12860,Q9SU00
AT4G12870,Q8VY56
AT4G12880,Q9STZ8
AT4G12890,Q0V809
AT4G12900,Q9SV79
AT4G12910,Q8L7B2
AT4G12920,Q9SV77
AT4G12930,Q9SV76
AT4G12940,Q9SV75
AT4G12950,Q9SV74
AT4G12960,Q9SV73
AT4G12970,Q9SV72
AT4G12980,Q9SV71
AT4G12990,Q9SV70
AT4G13000,Q9SV69
AT4G13010,Q9SV68
AT4G13020,P43294
AT4G13030,A0A1P8B4T0
AT4G13040,Q56XP9
AT4G13050,Q9SV64
AT4G13060,Q9SV63
AT4G13070,Q67YJ7
AT4G13075,A7REH2
AT4G13080,Q9SV61
AT4G13090,Q9SV60
AT4G13095,P82752
AT4G13100,F4JS86
AT4G13110,F4JS91
AT4G13130,Q9SVR4
AT4G13150,F4JS93
AT4G13160,Q9SVR1
AT4G13170,Q9SVR0
AT4G13180,Q9SVQ9
AT4G13190,Q1PE89
AT4G13195,Q941C5
AT4G13200,Q8LDV3
AT4G13210,Q9SVQ6
AT4G13220,Q6NLB6
AT4G13230,Q8LFD5
AT4G13235,Q56XC2
AT4G13240,Q9SVQ3
AT4G13250,Q93ZA0
AT4G13260,Q9SVQ1
AT4G13261,Q3E6U3
AT4G13263,Q3E6Z0
AT4G13266,Q1PE85
AT4G13270,Q52K84
AT4G13280,Q9T0J9
AT4G13290,Q9T0K0
AT4G13300,Q9T0K1
AT4G13310,Q9T0K2
AT4G13320,Q9T0K3
AT4G13330,Q9T0K4
AT4G13340,Q9T0K5
AT4G13345,A0A1P8B544
AT4G13350,Q8W4K6
AT4G13360,Q9T0K7
AT4G13370,Q9T0K8
AT4G13380,Q9T0K9
AT4G13390,Q9T0L0
AT4G13395,Q6IM91
AT4G13400,F4JT13
AT4G13410,Q9T0L2
AT4G13420,Q9M7K4
AT4G13430,Q94AR8
AT4G13440,A0A178V266
AT4G13450,Q9T0L6
AT4G13460,Q9T0G7
AT4G13480,Q9T0G9
AT4G13490,Q9T0H0
AT4G13500,Q9T0H1
AT4G13510,P54144
AT4G13520,Q9T0H2
AT4G13530,Q67ZR8
AT4G13540,Q9T0H4
AT4G13550,A0A1P8B415
AT4G13560,Q9T0H6
AT4G13570,Q9T0H7
AT4G13572,F4JT34
AT4G13575,B3H4S9
AT4G13577,A0A1P8B3W6
AT4G13580,Q9T0H8
AT4G13590,Q9T0H9
AT4G13600,F4JT39
AT4G13610,Q9T0I1
AT4G13615,Q8GXU7
AT4G13620,Q9SVQ0
AT4G13630,F4JT43
AT4G13640,Q8LAJ7
AT4G13650,Q9SVP7
AT4G13660,Q9SVP6
AT4G13670,A1A6M1
AT4G13680,Q9SVP4
AT4G13690,Q1PE84
AT4G13700,Q6TPH1
AT4G13710,Q944R1
AT4G13720,Q8L968
AT4G13730,Q9SVN9
AT4G13750,F4JTS8
AT4G13760,F4JTS9
AT4G13770,P48421
AT4G13780,Q9SVN5
AT4G13790,Q9SVN4
AT4G13800,B3LFA3
AT4G13810,Q9SVN2
AT4G13820,Q8RXQ6
AT4G13830,Q9SDN0
AT4G13840,Q9SVM9
AT4G13850,Q9SVM8
AT4G13860,Q6ID29
AT4G13870,Q84LH3
AT4G13880,F4JTU7
AT4G13885,F4JTU8
AT4G13890,Q9SVM4
AT4G13900,Q9SVM3
AT4G13920,Q93YT3
AT4G13930,O23254
AT4G13940,O23255
AT4G13950,Q2HIM9
AT4G13955,Q2V3J1
AT4G13960,O23257
AT4G13965,Q3EA38
AT4G13968,Q2V3J0
AT4G13970,F4JTW1
AT4G13980,Q94BZ5
AT4G13985,Q4PSI6
AT4G13990,Q84R16
AT4G13992,B3H723
AT4G14000,Q8VY62
AT4G14010,O23262
AT4G14020,O23263
AT4G14030,O23264
AT4G14040,Q93WN0
AT4G14050,O23266
AT4G14060,O23267
AT4G14070,Q8W471
AT4G14080,Q06915
AT4G14090,Q0WW21
AT4G14096,Q94B46
AT4G14100,Q67YC9
AT4G14103,Q8L7H1
AT4G14104,Q1G3I6
AT4G14105,B3H5J4
AT4G14110,P43255
AT4G14120,F4JUL3
AT4G14130,Q38911
AT4G14140,O23273
AT4G14145,A0JPW4
AT4G14147,F4JUL9
AT4G14150,Q9LDN0
AT4G14160,Q8VXX0
AT4G14165,F4JUM4
AT4G14170,Q5XEY7
AT4G14180,O23277
AT4G14190,O23278
AT4G14200,F4JUM8
AT4G14210,Q07356
AT4G14220,Q4TU14
AT4G14225,Q3EA33
AT4G14226,B3H646
AT4G14230,Q4V3C7
AT4G14240,Q67XQ0
AT4G14245,P0DKI5
AT4G14250,P0DKI4
AT4G14260,F4JUP0
AT4G14270,Q94AR4
AT4G14272,P0CAY0
AT4G14276,P0CAX9
AT4G14280,Q1PE83
AT4G14290,F4JUP6
AT4G14300,Q8W034
AT4G14301,F4JUP8
AT4G14310,F4JUQ2
AT4G14315,F4JUQ3
AT4G14330,Q8VWI7
AT4G14340,Q39050
AT4G14342,P58728
AT4G14350,Q8L7S7
AT4G14358,Q1G385
AT4G14360,Q93YV7
AT4G14365,Q9FPH0
AT4G14368,F4JVE8
AT4G14370,A0A1P8B8A2
AT4G14380,O23294
AT4G14385,Q93VF4
AT4G14390,F4JVF4
AT4G14400,Q8LPS2
AT4G14410,Q8L467
AT4G14420,O23298
AT4G14430,O23299
AT4G14440,O23300
AT4G14450,Q6NN02
AT4G14455,Q94CG2
AT4G14465,Q8GWQ2
AT4G14480,O23304
AT4G14490,O23305
AT4G14500,Q944M2
AT4G14510,F4JVH1
AT4G14520,Q6NML5
AT4G14530,O23309
AT4G14540,O23310
AT4G14550,Q38832
AT4G14560,P49677
AT4G14570,Q84LM4
AT4G14580,Q9SUL7
AT4G14590,O23315
AT4G14600,Q8VXX9
AT4G14605,F4JVI3
AT4G14610,O23317
AT4G14615,Q8L9X5
AT4G14620,Q8L7H9
AT4G14630,Q9LEA7
AT4G14640,O23320
AT4G14650,Q6NKT4
AT4G14660,A6QRA1
AT4G14670,F4JVJ1
AT4G14675,A0A1P8B5U7
AT4G14680,O23324
AT4G14690,Q94K66
AT4G14695,Q8L7H8
AT4G14700,Q710E8
AT4G14710,Q8W108
AT4G14713,Q7XA73
AT4G14716,Q8GXE2
AT4G14720,Q8GY55
AT4G14723,Q2V3I3
AT4G14730,F4JIE8
AT4G14740,Q8VY20
AT4G14746,F4JIF2
AT4G14750,A0A1P8B590
AT4G14760,F4JIF4
AT4G14770,F4JIF5
AT4G14780,O23334
AT4G14785,P82642
AT4G14790,Q9SMX1
AT4G14800,O24633
AT4G14805,F4JIG1
AT4G14810,F4JIG2
AT4G14815,Q2PE59
AT4G14819,Q1G3I3
AT4G14820,O23337
AT4G14830,O23338
AT4G14840,O23339
AT4G14850,Q0WSH6
AT4G14860,O23341
AT4G14870,O23342
AT4G14880,P47998
AT4G14890,O23344
AT4G14900,Q940H8
AT4G14905,Q8GXX4
AT4G14910,O23346
AT4G14920,A0A1P8B7I1
AT4G14930,Q8LAM2
AT4G14940,O23349
AT4G14950,Q5XF36
AT4G14960,P29511
AT4G14965,Q2HIW2
AT4G14970,F4JIJ1
AT4G14980,F4JIJ2
AT4G14990,Q94C98
AT4G15000,P51419
AT4G15010,Q940F4
AT4G15020,F4JJC1
AT4G15025,A0A1P8B3C9
AT4G15030,F4JJC3
AT4G15040,O23357
AT4G15050,Q1PE81
AT4G15053,F4JJC7
AT4G15056,F4JJC8
AT4G15060,O23360
AT4G15070,O23361
AT4G15075,F4JJD2
AT4G15080,Q8L5Y5
AT4G15090,Q9SWG3
AT4G15093,Q949R4
AT4G15096,F4JJD6
AT4G15100,O23364
AT4G15110,O23365
AT4G15120,O23366
AT4G15130,F4JJE0
AT4G15140,Q94JV9
AT4G15150,O23369
AT4G15165,F4JJE5
AT4G15180,O23372
AT4G15200,O23373
AT4G15210,P25853
AT4G15215,Q7PC83
AT4G15230,Q8GZ52
AT4G15233,Q7PC82
AT4G15236,Q7PC81
AT4G15240,F4JJF6
AT4G15245,A0A1P8B3W5
AT4G15248,Q1G3I2
AT4G15250,O23379
AT4G15260,Q8GYB0
AT4G15270,F4JJG0
AT4G15280,O23382
AT4G15290,Q0WT40
AT4G15300,O23384
AT4G15310,F4JJG4
AT4G15320,O23386
AT4G15330,Q0WQ07
AT4G15340,Q9FR95
AT4G15350,O23391
AT4G15360,O23389
AT4G15370,O23390
AT4G15380,Q8L7H7
AT4G15390,O23392
AT4G15393,A8MS53
AT4G15396,F4JK32
AT4G15400,O23393
AT4G15410,Q7Y175
AT4G15415,Q8RW96
AT4G15417,A0A1P8B4K5
AT4G15420,Q8W1E7
AT4G15430,Q8VZM5
AT4G15440,B3LF83
AT4G15450,Q8GY71
AT4G15460,F4JK43
AT4G15470,Q94A20
AT4G15475,Q9C5D2
AT4G15480,Q5XF20
AT4G15490,O23401
AT4G15500,O23402
AT4G15510,O23403
AT4G15520,Q8GYT1
AT4G15530,O23404
AT4G15540,F4JK59
AT4G15545,Q93W28
AT4G15550,O23406
AT4G15560,Q38854
AT4G15562,A0A1P8B3H9
AT4G15563,A0A1P8B5C8
AT4G15570,B6SFA4
AT4G15610,Q9FE29
AT4G15620,O23413
AT4G15630,Q8L8Z1
AT4G15640,Q1JPP0
AT4G15650,F4JK69
AT4G15660,O23417
AT4G15670,Q6NLU2
AT4G15680,O23419
AT4G15690,O23420
AT4G15700,O23421
AT4G15710,F4JK75
AT4G15715,F4JK76
AT4G15720,Q8VYH0
AT4G15730,Q8GY51
AT4G15733,P82630
AT4G15735,P82629
AT4G15740,O23425
AT4G15750,O23426
AT4G15755,F4JK83
AT4G15760,O81815
AT4G15765,F4JK86
AT4G15770,Q6NM52
AT4G15780,O23429
AT4G15790,Q8VYF2
AT4G15800,Q8L9P8
AT4G15802,Q8GW48
AT4G15810,F4JKW7
AT4G15820,F4JKW8
AT4G15830,F4JKW9
AT4G15840,F4JKX0
AT4G15850,Q7FGZ2
AT4G15870,O23651
AT4G15880,Q94F30
AT4G15885,F4JKX4
AT4G15890,O24610
AT4G15900,Q42384
AT4G15910,Q39084
AT4G15920,Q84WN3
AT4G15930,Q84VW0
AT4G15940,Q93ZE5
AT4G15950,Q6DBA5
AT4G15953,A8MQA4
AT4G15955,F4JKY3
AT4G15960,F4JKY6
AT4G15970,P0C042
AT4G15975,Q8LF65
AT4G15980,O23447
AT4G15990,O23448
AT4G16000,Q0WWC4
AT4G16008,Q8LBY3
AT4G16015,F4JKZ3
AT4G16024,B3H5G4
AT4G16030,Q680Q9
AT4G16040,A0A1P8B6X2
AT4G16045,F4JKZ7
AT4G16050,Q8RXC3
AT4G16060,F4JKZ9
AT4G16070,F4JL01
AT4G16080,F4JL02
AT4G16090,F4JL03
AT4G16095,F4JL04
AT4G16100,Q940I8
AT4G16110,Q9ZWJ9
AT4G16120,Q8GZ17
AT4G16130,O23461
AT4G16140,O23462
AT4G16141,Q8GW81
AT4G16143,F4JL11
AT4G16144,Q5PNU3
AT4G16146,F4JLP3
AT4G16150,O23463
AT4G16155,F4JLP5
AT4G16160,Q0WMZ5
AT4G16162,F4JLP8
AT4G16165,Q6AWW2
AT4G16180,F4JLQ2
AT4G16190,Q9SUL1
AT4G16195,F4JLQ5
AT4G16200,O23467
AT4G16210,Q6NL24
AT4G16215,F4JLQ8
AT4G16220,O23469
AT4G16230,O23470
AT4G16233,A0A1P8B6B7
AT4G16240,O23471
AT4G16250,P42497
AT4G16260,Q8VZJ2
AT4G16265,Q8L5V0
AT4G16270,O23474
AT4G16280,O04425
AT4G16295,F4JLS0
AT4G16310,F4JLS1
AT4G16330,F4JLS2
AT4G16340,Q8SAB7
AT4G16350,Q9C5P6
AT4G16360,Q9SCY5
AT4G16370,O23482
AT4G16380,A0A1P8B9B2
AT4G16390,Q8GWE0
AT4G16400,F4JLT3
AT4G16410,Q8VZK4
AT4G16420,Q9ATB4
AT4G16430,O23487
AT4G16440,Q94CL6
AT4G16442,Q8L9B5
AT4G16444,Q1H5D2
AT4G16447,Q29Q07
AT4G16450,Q84W12
AT4G16451,B3H4L2
AT4G16460,Q1PE76
AT4G16470,O23491
AT4G16480,O23492
AT4G16490,F4JMH0
AT4G16500,Q84WT8
AT4G16510,Q940I4
AT4G16515,Q93VK8
AT4G16520,Q8VYK7
AT4G16530,F4JMH6
AT4G16535,A0A1P8B457
AT4G16540,O23498
AT4G16545,A0A178V119
AT4G16550,F4JMH8
AT4G16555,A0A1P8B4R6
AT4G16560,F4JMH9
AT4G16563,Q940R4
AT4G16566,Q84VV6
AT4G16570,Q944R7
AT4G16580,Q9SUK9
AT4G16590,Q84W54
AT4G16600,F4JMI5
AT4G16610,O23504
AT4G16620,F4JMI7
AT4G16630,Q9ZRZ8
AT4G16640,O23507
AT4G16650,Q8LPF8
AT4G16660,F4JMJ1
AT4G16670,Q5HZ31
AT4G16680,F4JMJ3
AT4G16690,O23512
AT4G16695,F4JMJ6
AT4G16700,Q84V22
AT4G16710,O23514
AT4G16720,O23515
AT4G16730,P0CJ42
AT4G16740,A4FVP2
AT4G16745,F4JMK5
AT4G16750,Q9SUK8
AT4G16760,O65202
AT4G16765,A1A6I8
AT4G16770,F4JML2
AT4G16780,Q05466
AT4G16790,Q9SUK6
AT4G16800,F4JML5
AT4G16807,F4JML6
AT4G16810,B3H7I2
AT4G16820,O23522
AT4G16830,O23523
AT4G16835,Q9M4P3
AT4G16840,Q8GWM8
AT4G16845,Q8W5B1
AT4G16850,Q0WQ99
AT4G16855,B3H7A5
AT4G16857,A0A1P8B877
AT4G16860,F4JNA9
AT4G16880,F4JNB0
AT4G16890,O23530
AT4G16900,F4JNB2
AT4G16915,F4JNB3
AT4G16920,A0A1P8B6H3
AT4G16930,O23534
AT4G16940,A0A1P8B6A5
AT4G16950,F4JNB7
AT4G16955,A0A1P8B3C2
AT4G16957,A0A1P8B3D3
AT4G16960,F4JNB9
AT4G16970,Q0WPK0
AT4G16980,Q9FT76
AT4G16983,A0A1P8B5V4
AT4G16990,Q9FT77
AT4G17000,O23544
AT4G17010,Q94AX0
AT4G17020,Q680U9
AT4G17030,O23547
AT4G17040,Q8LB10
AT4G17050,Q8GXV5
AT4G17060,O23550
AT4G17070,Q93ZN3
AT4G17080,Q8L7W4
AT4G17085,Q0WR81
AT4G17090,O23553
AT4G17140,F4JNE2
AT4G17150,Q8GWG9
AT4G17160,O23561
AT4G17170,P92963
AT4G17180,Q8GYS2
AT4G17190,Q43315
AT4G17200,Q9M0M7
AT4G17210,O23564
AT4G17215,Q8RXZ6
AT4G17220,Q8GYX3
AT4G17230,Q9M0M5
AT4G17240,F4JNF8
AT4G17243,A0A1P8B8C0
AT4G17245,Q940N3
AT4G17250,Q93ZA8
AT4G17260,O23569
AT4G17270,Q9M0M4
AT4G17280,Q8VYH6
AT4G17300,O48593
AT4G17310,Q949V8
AT4G17330,F4JP43
AT4G17340,Q41975
AT4G17350,Q5U1F1
AT4G17360,F4JP46
AT4G17370,Q66GR2
AT4G17380,F4JP48
AT4G17390,Q8VYF1
AT4G17410,F4JP52
AT4G17420,Q84J77
AT4G17430,Q1JPM5
AT4G17440,O23587
AT4G17460,P46600
AT4G17470,Q501G7
AT4G17480,Q84JI7
AT4G17483,Q8L7H5
AT4G17486,Q93VG8
AT4G17490,Q8VZ91
AT4G17500,O80337
AT4G17505,F4JP70
AT4G17510,Q8GWE1
AT4G17520,O23593
AT4G17530,Q9SEH3
AT4G17540,Q8RWF2
AT4G17550,O23596
AT4G17560,Q8W463
AT4G17565,Q3EA00
AT4G17570,Q8W4H1
AT4G17580,F4JP81
AT4G17585,Q3E9Z9
AT4G17590,F4JP84
AT4G17600,Q9SYX1
AT4G17610,F4JP86
AT4G17615,O81445
AT4G17616,B3H672
AT4G17620,Q8RY73
AT4G17640,P40229
AT4G17650,F4JP95
AT4G17660,F4JPX3
AT4G17670,Q8VZM9
AT4G17680,Q8L7G9
AT4G17690,O23609
AT4G17695,Q941I2
AT4G17700,O23610
AT4G17710,Q8L7H4
AT4G17713,Q2V3H6
AT4G17718,Q2V3H5
AT4G17720,Q8LA96
AT4G17730,O04378
AT4G17740,O23614
AT4G17750,P41151
AT4G17760,Q8L7G8
AT4G17770,O23617
AT4G17780,Q3E9Z8
AT4G17785,Q8GWP0
AT4G17787,P0DKJ0
AT4G17790,O23619
AT4G17800,O23620
AT4G17810,Q6NNI6
AT4G17830,Q9C5C4
AT4G17840,Q0WMZ7
AT4G17850,O49684
AT4G17860,Q1PE74
AT4G17870,O49686
AT4G17880,O49687
AT4G17890,Q8H100
AT4G17895,Q9FPS7
AT4G17900,Q0WUB8
AT4G17905,P0C041
AT4G17910,B3H6K1
AT4G17915,P0C043
AT4G17920,O49691
AT4G17940,Q0WUZ1
AT4G17950,Q940I0
AT4G17960,O49695
AT4G17970,O49696
AT4G17980,O49697
AT4G17990,O49698
AT4G18010,Q9FUR2
AT4G18020,Q6LA43
AT4G18030,Q94EJ6
AT4G18040,O23252
AT4G18050,Q9M0M2
AT4G18060,Q8L7W0
AT4G18070,Q8VZS7
AT4G18080,Q9SVW3
AT4G18090,Q9SVW2
AT4G18100,P49211
AT4G18110,Q9SVW0
AT4G18120,Q9SVV9
AT4G18130,P42498
AT4G18140,F4JQR6
AT4G18150,F4JQR9
AT4G18160,Q9SVV6
AT4G18170,Q8VWJ2
AT4G18180,F4JQS2
AT4G18190,O49722
AT4G18195,Q0WRB9
AT4G18197,Q2V3H2
AT4G18203,A0A1P8B498
AT4G18205,Q8RY74
AT4G18210,O49725
AT4G18215,A0A1P8B771
AT4G18220,O49726
AT4G18230,Q84R09
AT4G18240,Q0WVX5
AT4G18250,F4JQT1
AT4G18253,A0A1P8B6P8
AT4G18257,Q8GWI5
AT4G18260,Q0WPS2
AT4G18270,O49730
AT4G18280,F4JQT4
AT4G18290,Q38849
AT4G18300,O49733
AT4G18310,F4JQT8
AT4G18320,O49735
AT4G18330,F4JQU1
AT4G18335,Q1PE71
AT4G18340,Q8L837
AT4G18350,O49505
AT4G18360,O49506
AT4G18370,Q9SEL7
AT4G18372,F4JQU9
AT4G18375,P58223
AT4G18380,O49508
AT4G18390,Q93V43
AT4G18395,Q1PE70
AT4G18400,Q8LEL5
AT4G18422,F4JRI9
AT4G18425,Q8L928
AT4G18430,O49513
AT4G18440,Q8RY94
AT4G18450,O49515
AT4G18460,Q8VZ75
AT4G18465,F4JRJ6
AT4G18470,Q9SWA6
AT4G18480,P16127
AT4G18490,P16128
AT4G18500,O49518
AT4G18501,Q1G3I1
AT4G18510,O49519
AT4G18520,Q0WNP3
AT4G18530,F4JRK4
AT4G18540,O49522
AT4G18550,O49523
AT4G18570,Q8L7S5
AT4G18580,Q8LBN4
AT4G18590,Q6NLG7
AT4G18593,Q570P7
AT4G18596,Q6NMJ2
AT4G18600,Q5XPK0
AT4G18610,Q9SN52
AT4G18620,Q9SN51
AT4G18630,Q8GYP4
AT4G18640,C0LGQ4
AT4G18650,Q84JC2
AT4G18660,Q9SN47
AT4G18670,Q9SN46
AT4G18680,Q9SN45
AT4G18690,Q58FV0
AT4G18692,B3H695
AT4G18700,Q9SN43
AT4G18710,Q39011
AT4G18720,Q9SN41
AT4G18740,F4JRN0
AT4G18750,Q9SN39
AT4G18760,Q9SN38
AT4G18770,Q9S7L2
AT4G18780,Q8LPK5
AT4G18790,Q9SN36
AT4G18800,Q9SN35
AT4G18810,Q8VYA4
AT4G18820,F4JRP0
AT4G18823,Q2L6T3
AT4G18830,Q8VZN1
AT4G18840,O49399
AT4G18860,O49401
AT4G18870,O49402
AT4G18880,O49403
AT4G18890,O49404
AT4G18900,F4JSB9
AT4G18905,F4JSC0
AT4G18910,Q8LFP7
AT4G18920,Q1PE68
AT4G18930,O04147
AT4G18940,O49408
AT4G18950,Q93Z30
AT4G18960,P17839
AT4G18970,Q93YW8
AT4G18975,Q2V3H0
AT4G18980,Q8GX72
AT4G18990,Q8L7H3
AT4G19000,O49413
AT4G19003,Q8VZC9
AT4G19006,Q8GYA6
AT4G19010,Q84P24
AT4G19020,Q94F87
AT4G19030,Q8VZW1
AT4G19035,P82722
AT4G19038,P82730
AT4G19040,F4JSE7
AT4G19045,Q8GYX0
AT4G19050,P0CB16
AT4G19060,Q84WD3
AT4G19070,P42735
AT4G19080,Q1PE67
AT4G19090,O50072
AT4G19095,Q8L8X7
AT4G19100,O49668
AT4G19110,F4JSF8
AT4G19120,Q94II3
AT4G19130,F4JSG3
AT4G19140,Q147I3
AT4G19150,Q8GX17
AT4G19160,F4JSG8
AT4G19170,O49675
AT4G19180,F4JSH1
AT4G19185,Q8W4R9
AT4G19190,Q8VZ67
AT4G19191,P0C8Q2
AT4G19200,Q9M0L8
AT4G19210,Q8LPJ4
AT4G19220,O49680
AT4G19230,Q949P1
AT4G19240,O49681
AT4G19250,O65696
AT4G19260,O65697
AT4G19270,Q9LDP7
AT4G19275,C6EMY9
AT4G19330,O65704
AT4G19340,O65705
AT4G19350,Q8LAF5
AT4G19360,O65707
AT4G19370,O65708
AT4G19380,O65709
AT4G19390,Q94JM4
AT4G19400,Q29Q75
AT4G19410,Q940J8
AT4G19420,Q6DBP4
AT4G19430,Q67Y03
AT4G19440,Q940A6
AT4G19450,Q8H132
AT4G19460,F4JT73
AT4G19470,O49465
AT4G19480,O49466
AT4G19485,A0A1P8B5J6
AT4G19490,F4JT76
AT4G19500,F4JT78
AT4G19510,F4JT80
AT4G19520,F4JT82
AT4G19530,O49471
AT4G19540,O49472
AT4G19550,F4JT86
AT4G19560,Q56YF8
AT4G19570,Q84TH2
AT4G19580,F4JT89
AT4G19590,A0A1P8B3S0
AT4G19600,Q8GYM6
AT4G19610,F4JT92
AT4G19620,O49479
AT4G19630,Q8L7H2
AT4G19640,Q9SN68
AT4G19645,Q8GSI6
AT4G19650,A0A178V165
AT4G19660,Q5ICL9
AT4G19670,O81849
AT4G19680,O81850
AT4G19690,Q38856
AT4G19700,O81851
AT4G19710,O81852
AT4G19720,F4JTY4
AT4G19730,O81854
AT4G19740,Q1PE65
AT4G19750,F4JTY7
AT4G19760,F4JTY8
AT4G19770,F4JTY9
AT4G19800,O81861
AT4G19810,O81862
AT4G19820,F4JTZ2
AT4G19830,O81864
AT4G19840,O81865
AT4G19850,O81866
AT4G19860,Q71N54
AT4G19865,P0C2G4
AT4G19870,Q8GXF6
AT4G19880,F4JU03
AT4G19890,P0C8Q3
AT4G19900,P0C8Q4
AT4G19905,P82753
AT4G19910,F4JU08
AT4G19920,F4JU09
AT4G19925,F4JU10
AT4G19930,O49420
AT4G19940,O49421
AT4G19950,Q6DBH7
AT4G19960,O49423
AT4G19970,F4JU16
AT4G19975,A0A1P8B5X7
AT4G19980,Q3E9Y5
AT4G19985,Q940H2
AT4G19990,Q5UBY2
AT4G20000,O49427
AT4G20010,Q8GXH3
AT4G20020,O49429
AT4G20030,Q67XI5
AT4G20040,Q944M6
AT4G20050,O49432
AT4G20060,O49433
AT4G20070,O49434
AT4G20080,O49435
AT4G20090,O49436
AT4G20095,B3H4Z7
AT4G20100,O49437
AT4G20110,Q8L7E3
AT4G20130,Q84JF5
AT4G20140,C0LGQ5
AT4G20150,Q94AL6
AT4G20160,A0A1P8B5T0
AT4G20170,O65431
AT4G20190,O65433
AT4G20200,O65434
AT4G20210,O65435
AT4G20220,O65436
AT4G20230,Q8L7G4
AT4G20235,P58047
AT4G20240,O65438
AT4G20250,O65439
AT4G20260,Q96262
AT4G20270,O65440
AT4G20280,Q9M565
AT4G20290,A2RVJ6
AT4G20300,Q8L603
AT4G20310,F4JUU5
AT4G20320,Q0WRY1
AT4G20325,A8MRG8
AT4G20330,Q9SUP3
AT4G20340,F4JUV3
AT4G20350,Q9SUP1
AT4G20360,P17745
AT4G20370,Q9S7R5
AT4G20380,P94077
AT4G20390,Q9SUP0
AT4G20400,Q8GUI6
AT4G20410,Q9SPE5
AT4G20420,Q9SUN7
AT4G20430,Q9SUN6
AT4G20440,Q9SUN5
AT4G20450,C0LGQ7
AT4G20460,Q9SUN3
AT4G20470,Q9SUN2
AT4G20480,Q8H1G2
AT4G20520,Q9SUM7
AT4G20530,P0CJ61
AT4G20535,A0A1P8B417
AT4G20540,P0CJ60
AT4G20550,P0CJ59
AT4G20560,P0CJ58
AT4G20570,P0CJ57
AT4G20580,P0CJ56
AT4G20590,P0CJ55
AT4G20600,P0CJ54
AT4G20610,P0CJ53
AT4G20620,P0CJ52
AT4G20630,P0CJ51
AT4G20640,P0CJ50
AT4G20645,P0CJ49
AT4G20670,Q9SVI0
AT4G20680,Q9SVH9
AT4G20690,Q9SVH8
AT4G20700,Q9SVH7
AT4G20703,A0A1P8B781
AT4G20707,A0A1P8B786
AT4G20720,F4JVM4
AT4G20735,A0A1P8B7J0
AT4G20740,Q9SVH3
AT4G20750,Q941A7
AT4G20770,Q9SVH0
AT4G20780,Q9SVG9
AT4G20790,Q9SVG8
AT4G20800,Q9SVG7
AT4G20810,Q9SVG6
AT4G20820,Q9SVG5
AT4G20830,Q9SVG4
AT4G20835,A0A1P8B5U0
AT4G20840,Q9SVG3
AT4G20850,F4JVN6
AT4G20860,Q9SUC6
AT4G20870,Q9SUC5
AT4G20880,Q9SUC4
AT4G20890,P29517
AT4G20900,Q9SUC3
AT4G20910,Q9C5Q8
AT4G20920,A0A1P8B4L0
AT4G20930,Q9SUC0
AT4G20935,A0A1P8B7P2
AT4G20940,C0LGQ9
AT4G20947,A0A1P8B3W3
AT4G20953,A0A1P8B6X4
AT4G20960,Q8GWP5
AT4G20970,F4JIJ7
AT4G20980,P56820
AT4G20990,F4JIK2
AT4G21000,Q9SUB4
AT4G21010,Q9SUB3
AT4G21020,Q9SUB2
AT4G21030,Q9SUB1
AT4G21040,Q9SUB0
AT4G21050,Q9SUA9
AT4G21060,A7XDQ9
AT4G21063,A0A1P8B6J4
AT4G21065,A8MQA3
AT4G21070,Q8RXD4
AT4G21080,O49550
AT4G21090,Q8S904
AT4G21100,O49552
AT4G21105,Q944S8
AT4G21110,O49553
AT4G21120,Q84MA5
AT4G21130,Q3MKM6
AT4G21140,F4JIM4
AT4G21150,Q93Z16
AT4G21160,Q9FVJ3
AT4G21170,O49558
AT4G21180,F4JIN3
AT4G21190,Q8LG95
AT4G21192,Q0WSU0
AT4G21200,O49561
AT4G21210,O49562
AT4G21213,B3H4Q0
AT4G21215,F4JIP3
AT4G21220,F4JIP6
AT4G21230,O49564
AT4G21240,O49565
AT4G21250,F4JIP9
AT4G21260,O49567
AT4G21270,Q07970
AT4G21280,Q9XFT3
AT4G21300,Q9STE1
AT4G21310,O81898
AT4G21320,Q8GWL1
AT4G21323,F4JJH4
AT4G21326,F4JJH5
AT4G21330,O81900
AT4G21340,Q8VZ22
AT4G21350,O81902
AT4G21364,P0CG07
AT4G21366,F4JJH9
AT4G21370,P0DH87
AT4G21380,O81905
AT4G21390,O81906
AT4G21400,O65405
AT4G21410,Q8S9L6
AT4G21430,Q8H1S7
AT4G21440,Q9LDR8
AT4G21445,Q8W1B3
AT4G21450,Q8VYN2
AT4G21460,Q683K3
AT4G21470,Q84MD8
AT4G21480,O65413
AT4G21490,F4JJJ3
AT4G21500,O65415
AT4G21510,O65416
AT4G21515,A0A1P8B7R0
AT4G21520,Q8H1R6
AT4G21530,O65418
AT4G21534,F2Y4A3
AT4G21540,Q8L7L1
AT4G21550,O65420
AT4G21560,O65421
AT4G21570,O65422
AT4G21580,O65423
AT4G21585,F4JJL0
AT4G21590,Q8LDW6
AT4G21600,F4JJL3
AT4G21610,O65426
AT4G21620,Q9SVT5
AT4G21630,Q9SVT4
AT4G21640,F4JJL8
AT4G21650,Q8GUK4
AT4G21660,Q8H0V8
AT4G21670,Q5YDB6
AT4G21680,Q8GXN2
AT4G21690,Q9SVS8
AT4G21700,Q9SVS7
AT4G21705,Q84JR3
AT4G21710,P38420
AT4G21720,Q9SVS5
AT4G21740,Q9SVS3
AT4G21745,Q0WL69
AT4G21750,Q8RWU4
AT4G21760,Q9SVS1
AT4G21770,Q9SVS0
AT4G21780,Q9SVR9
AT4G21790,Q9FEG2
AT4G21800,Q8W586
AT4G21810,Q8VZ96
AT4G21820,A0A1P8B7Z9
AT4G21830,Q8VY86
AT4G21840,O49707
AT4G21850,Q84JT6
AT4G21860,Q9C5C8
AT4G21865,A0JPV5
AT4G21870,O49710
AT4G21880,O49711
AT4G21890,O49712
AT4G21895,B3H641
AT4G21900,F4JKB6
AT4G21902,B3H742
AT4G21903,F4JKB9
AT4G21910,Q940N9
AT4G21920,O49715
AT4G21926,B3H4V5
AT4G21930,Q8L864
AT4G21940,O49717
AT4G21950,F4JKC9
AT4G21960,Q9SB81
AT4G21970,F4JKD1
AT4G21980,Q8LEM4
AT4G21990,P92980
AT4G22000,O65448
AT4G22010,O65449
AT4G22030,O65451
AT4G22035,A0A1P8B474
AT4G22050,F4JKD9
AT4G22060,O65454
AT4G22070,Q93WT0
AT4G22080,O65456
AT4G22090,O65457
AT4G22100,O65458
AT4G22105,P82645
AT4G22110,Q0V7W6
AT4G22115,P82633
AT4G22120,Q5XEZ5
AT4G22130,Q6R2J8
AT4G22140,F4JL28
AT4G22150,Q9SUG6
AT4G22160,Q8L8L9
AT4G22165,P0CG94
AT4G22170,Q9SUG4
AT4G22180,O49624
AT4G22190,Q8L4C5
AT4G22200,Q38898
AT4G22210,P82794
AT4G22212,Q94AZ8
AT4G22214,Q7X6T3
AT4G22217,Q3E6U0
AT4G22220,O49627
AT4G22230,Q8L7G7
AT4G22235,Q6NMS3
AT4G22240,O49629
AT4G22250,Q8GXD8
AT4G22260,Q56X52
AT4G22270,A0A1P8B952
AT4G22280,Q3E7K7
AT4G22285,Q8H148
AT4G22300,Q8GYK2
AT4G22305,Q84WK4
AT4G22310,O49636
AT4G22320,Q8GYJ0
AT4G22330,Q94IB9
AT4G22340,O49639
AT4G22350,F4JL64
AT4G22360,Q93YR5
AT4G22370,A0A1P8B531
AT4G22380,Q8LCC7
AT4G22390,Q9SUY0
AT4G22400,Q9SUX9
AT4G22410,F4JL70
AT4G22420,Q9SUX7
AT4G22430,Q1PE57
AT4G22440,Q9SUX5
AT4G22460,Q9SUX3
AT4G22463,A0A1P8B8X3
AT4G22467,A0A1P8B8Y5
AT4G22470,F4JLV4
AT4G22475,A0A1P8B5W2
AT4G22485,A8MRQ5
AT4G22490,Q9SUX0
AT4G22495,A0A1P8B724
AT4G22505,F4JLV7
AT4G22510,A0A1P8B449
AT4G22513,A8MQX6
AT4G22517,A8MQX9
AT4G22520,Q9SUW7
AT4G22530,Q9SUW6
AT4G22540,Q940Y1
AT4G22550,Q9SUW4
AT4G22560,Q9SUW3
AT4G22570,Q9SUW2
AT4G22580,Q9SUW1
AT4G22590,Q9SUW0
AT4G22600,Q9SUV9
AT4G22610,Q9SUV8
AT4G22620,O49643
AT4G22630,O49644
AT4G22640,O49645
AT4G22650,Q9SUV6
AT4G22660,O49647
AT4G22666,Q1G3I0
AT4G22670,Q93YR3
AT4G22680,Q94GA6
AT4G22690,F4JLY4
AT4G22700,O49651
AT4G22710,O49652
AT4G22720,O49653
AT4G22730,O49654
AT4G22740,Q940N4
AT4G22745,Q5XEN5
AT4G22750,Q94C49
AT4G22755,F4JLZ6
AT4G22756,Q1EC69
AT4G22758,Q56XJ7
AT4G22760,P0C8Q5
AT4G22770,O49658
AT4G22780,Q8LJW1
AT4G22790,O49660
AT4G22810,O49662
AT4G22820,O49663
AT4G22830,F4JMN0
AT4G22840,Q8VYY4
AT4G22850,Q84JU5
AT4G22860,Q4V3C5
AT4G22870,F4JMN7
AT4G22880,Q96323
AT4G22890,Q8H112
AT4G22900,Q8GYJ5
AT4G22910,Q8L3Z8
AT4G22920,O82741
AT4G22930,O04904
AT4G22940,A0A1P8B731
AT4G22950,O82743
AT4G22960,F4JMQ2
AT4G22970,Q5IBC5
AT4G22980,O82746
AT4G22990,Q93ZQ5
AT4G23000,F4JMQ8
AT4G23010,Q29Q28
AT4G23015,A0A1P8B735
AT4G23020,F4JMR3
AT4G23030,O82752
AT4G23040,Q9C5G7
AT4G23050,O82754
AT4G23060,Q2NNE0
AT4G23070,O82756
AT4G23080,F4JMS0
AT4G23090,Q1PE54
AT4G23100,P46309
AT4G23110,O82760
AT4G23120,O65464
AT4G23130,Q9C5S8
AT4G23140,Q9C5S9
AT4G23150,Q8L7G3
AT4G23160,O65468
AT4G23170,O65469
AT4G23180,Q8GYA4
AT4G23190,Q9ZP16
AT4G23200,O65472
AT4G23210,Q0PW40
AT4G23220,Q8H199
AT4G23230,Q8W4G6
AT4G23240,O65476
AT4G23250,Q8L710
AT4G23260,Q8RX80
AT4G23270,Q8GWJ7
AT4G23271,B3H7C0
AT4G23280,O65479
AT4G23290,Q3E9X6
AT4G23300,Q6NQ87
AT4G23310,O65482
AT4G23320,O65483
AT4G23330,F4JNI1
AT4G23340,F4JNI3
AT4G23350,F4JNI5
AT4G23355,A0A1P8B6J1
AT4G23360,F4JNI6
AT4G23365,A0A1P8B3Z8
AT4G23370,F4JNI7
AT4G23373,A0A1P8B762
AT4G23380,F4JNI8
AT4G23390,Q8GXV8
AT4G23400,Q8LAA6
AT4G23410,Q84WF6
AT4G23420,Q8H1Q6
AT4G23430,A2RVM0
AT4G23440,O81740
AT4G23450,Q93ZF6
AT4G23460,O81742
AT4G23470,Q8W458
AT4G23490,Q8H0S2
AT4G23493,Q8LC94
AT4G23496,Q8LGD1
AT4G23498,F2Q9V5
AT4G23500,O81746
AT4G23510,F4JNL1
AT4G23515,F4JNL2
AT4G23520,F4JNL3
AT4G23530,O81749
AT4G23540,F4JNL5
AT4G23550,Q9SUS1
AT4G23560,Q9SUS0
AT4G23570,Q9SUR9
AT4G23580,Q9SUR8
AT4G23590,Q8VYP2
AT4G23600,Q9SUR6
AT4G23610,Q9SUR5
AT4G23620,Q9SUR4
AT4G23630,Q9SUR3
AT4G23640,Q9FE38
AT4G23650,Q42479
AT4G23660,Q93YP7
AT4G23670,Q9SUR0
AT4G23680,Q9SUQ9
AT4G23690,Q9SUQ8
AT4G23700,Q9SUQ7
AT4G23710,O82629
AT4G23712,P0DKJ2
AT4G23720,Q5S4T6
AT4G23730,Q9SUQ4
AT4G23740,Q9SUQ3
AT4G23750,Q9SUQ2
AT4G23760,F4JPC0
AT4G23770,Q84JI2
AT4G23780,A0A1P8B6A7
AT4G23790,Q8H1R3
AT4G23800,Q9SUP7
AT4G23810,Q9SUP6
AT4G23820,Q9SUP5
AT4G23850,Q9T0A0
AT4G23860,A0A1P8B6F6
AT4G23870,Q9T0A2
AT4G23880,Q9T0A3
AT4G23882,F4JPD5
AT4G23885,Q2HIQ5
AT4G23890,Q9T0A4
AT4G23895,F4JPD8
AT4G23900,Q8LAH8
AT4G23910,Q9T0A6
AT4G23920,Q9T0A7
AT4G23930,Q9T0A8
AT4G23940,O22993
AT4G23950,F4JPE9
AT4G23960,Q9T0B0
AT4G23970,Q9T0B1
AT4G23980,Q9XED8
AT4G23990,Q0WVN5
AT4G24000,Q8VYR4
AT4G24010,Q570S7
AT4G24015,Q84TF5
AT4G24020,Q84TH9
AT4G24026,Q0WQ09
AT4G24040,Q9SU50
AT4G24050,O22985
AT4G24060,Q8LAP8
AT4G24070,O22983
AT4G24080,F4JQ41
AT4G24090,Q5XEV6
AT4G24100,A0A1P8B4A5
AT4G24110,O22980
AT4G24120,Q6R3L0
AT4G24130,O22978
AT4G24140,O22977
AT4G24150,Q9SU44
AT4G24160,O22975
AT4G24170,F4JQ51
AT4G24180,A0A1P8B554
AT4G24190,Q9STX5
AT4G24200,Q8VZM2
AT4G24204,B3H489
AT4G24210,Q9STX3
AT4G24220,Q9STX2
AT4G24230,Q9STX1
AT4G24231,B3H5T0
AT4G24240,Q9STX0
AT4G24250,Q94KB2
AT4G24260,Q9STW8
AT4G24265,A0A1P8B8R8
AT4G24270,F4JQ75
AT4G24275,Q84R17
AT4G24280,Q9STW6
AT4G24290,Q9STW5
AT4G24300,Q9STW4
AT4G24310,Q9STW3
AT4G24320,Q9STW2
AT4G24330,Q9STW1
AT4G24340,Q8GW53
AT4G24350,A0A1P8B6Q8
AT4G24370,Q9STV7
AT4G24380,Q8GX45
AT4G24390,Q8RWQ8
AT4G24400,Q9STV4
AT4G24410,Q9STV3
AT4G24413,A0A1P8B5M9
AT4G24420,Q9STV2
AT4G24430,Q9STV1
AT4G24440,Q39236
AT4G24450,Q9STV0
AT4G24460,A1L4X0
AT4G24470,Q9LRH6
AT4G24480,F4JQX7
AT4G24490,Q8VYB7
AT4G24500,Q9SB47
AT4G24510,Q39048
AT4G24520,Q9SB48
AT4G24530,Q7Y030
AT4G24540,O82794
AT4G24550,Q9SB50
AT4G24560,Q9SB51
AT4G24570,Q9SB52
AT4G24580,F4JQZ3
AT4G24590,A0A1P8B5V8
AT4G24600,Q9SB55
AT4G24610,F4JQZ7
AT4G24615,A0A1P8B7J5
AT4G24620,Q8H103
AT4G24630,Q9SB58
AT4G24640,Q9SB59
AT4G24644,B3H5I6
AT4G24650,Q9SB60
AT4G24660,Q9SB61
AT4G24670,Q94A02
AT4G24680,Q9SB63
AT4G24690,Q9SB64
AT4G24700,Q9SB65
AT4G24710,Q8H1F9
AT4G24715,Q9SB67
AT4G24730,Q9SB68
AT4G24740,P51567
AT4G24750,Q0WWT7
AT4G24760,Q9SB70
AT4G24770,Q04836
AT4G24780,Q9C5M8
AT4G24790,F4JRP8
AT4G24800,Q8W4Q4
AT4G24810,F4JRQ4
AT4G24820,Q93Y35
AT4G24830,Q9SZX3
AT4G24840,F4JRR1
AT4G24860,F4JRR2
AT4G24880,Q93ZD6
AT4G24890,Q8H1R2
AT4G24900,F4JRR5
AT4G24910,Q9SW35
AT4G24920,P0DI74
AT4G24930,Q9SW33
AT4G24940,Q8VY78
AT4G24950,Q9SW31
AT4G24960,Q9S760
AT4G24970,F4JRS4
AT4G24972,Q6TLJ2
AT4G24973,B3H730
AT4G24974,B3H7A6
AT4G24975,Q3E9W6
AT4G24980,F4JRS9
AT4G24990,Q9SW27
AT4G25000,Q8VZ56
AT4G25010,Q9SW25
AT4G25020,Q9SW24
AT4G25030,Q9SW23
AT4G25040,Q9M0L3
AT4G25050,Q9SW21
AT4G25070,A0MFT2
AT4G25080,Q9SW18
AT4G25090,Q9SW17
AT4G25100,P21276
AT4G25110,Q7XJE5
AT4G25120,D1KF50
AT4G25130,P54150
AT4G25140,P29525
AT4G25150,Q9SW12
AT4G25160,Q9SW11
AT4G25170,F4JSI0
AT4G25180,Q6ICW8
AT4G25190,Q1PE51
AT4G25200,Q96331
AT4G25210,Q9SB42
AT4G25220,Q9SB41
AT4G25225,Q1G3H9
AT4G25230,Q8VYC8
AT4G25240,Q8VXX5
AT4G25250,Q9SB38
AT4G25260,Q9SB37
AT4G25270,Q9SB36
AT4G25280,Q6NMK6
AT4G25290,F4JSJ6
AT4G25300,Q9SB33
AT4G25310,Q9SB32
AT4G25315,F4JSK0
AT4G25320,Q9SB31
AT4G25330,Q8L7G1
AT4G25340,Q93ZG9
AT4G25350,Q6R8G6
AT4G25360,Q8VYS5
AT4G25370,Q93WL3
AT4G25380,Q9STJ9
AT4G25390,Q9STJ8
AT4G25400,Q9STJ7
AT4G25410,Q9STJ6
AT4G25420,Q39110
AT4G25430,F4JSL7
AT4G25433,Q6NLQ4
AT4G25434,Q6NPD7
AT4G25440,Q9FNZ2
AT4G25450,Q8LPQ6
AT4G25470,Q9SYS6
AT4G25480,Q9M0L0
AT4G25490,P93835
AT4G25500,P92965
AT4G25510,O65610
AT4G25515,F4JT98
AT4G25520,Q0WVM7
AT4G25530,Q9FVI6
AT4G25540,O65607
AT4G25550,Q8GXS3
AT4G25560,Q9M0K4
AT4G25570,Q8L856
AT4G25580,Q8RY15
AT4G25590,Q67ZM4
AT4G25600,Q8GXT7
AT4G25610,Q8RXF0
AT4G25620,Q8GYX5
AT4G25630,Q94AH9
AT4G25640,F4JTB3
AT4G25650,Q8W496
AT4G25660,Q9SZZ4
AT4G25670,Q94BX3
AT4G25680,Q9SZZ6
AT4G25690,Q9SZZ7
AT4G25700,Q9SZZ8
AT4G25707,B3H5R5
AT4G25710,Q9SZZ9
AT4G25720,Q84WV9
AT4G25730,F4JTD2
AT4G25740,Q9SW09
AT4G25750,Q9SW08
AT4G25760,Q9SW07
AT4G25770,F4JTD8
AT4G25780,Q9SW05
AT4G25790,Q9SW04
AT4G25800,Q0WVV6
AT4G25810,Q38910
AT4G25820,Q9ZSU4
AT4G25830,Q8L8U9
AT4G25835,Q8RY66
AT4G25840,F4JTE7
AT4G25845,Q2V3E8
AT4G25850,Q9SW00
AT4G25860,Q9SVZ9
AT4G25870,Q9SVZ8
AT4G25880,Q9C5E7
AT4G25890,Q9SVZ6
AT4G25900,Q940G5
AT4G25910,Q84RQ7
AT4G25920,Q8H1S2
AT4G25930,Q1PE50
AT4G25940,Q8VYT2
AT4G25950,Q9SZH0
AT4G25960,Q8LPK2
AT4G25970,A4GNA8
AT4G25980,Q9SZH2
AT4G25990,Q94KJ2
AT4G26000,Q9SZH4
AT4G26010,Q93V93
AT4G26020,Q1PE49
AT4G26030,Q9SZH7
AT4G26040,Q9SZH8
AT4G26050,Q8RWE5
AT4G26055,B3H6H3
AT4G26060,Q9SZI0
AT4G26070,Q94A06
AT4G26080,P49597
AT4G26090,Q42484
AT4G26100,P42158
AT4G26110,Q9SZI2
AT4G26120,Q9SZI3
AT4G26130,Q9SZI4
AT4G26140,Q9SCV0
AT4G26145,A0A1P8B830
AT4G26150,Q9SZI6
AT4G26160,Q8LEK4
AT4G26170,F4JU69
AT4G26180,F4JU70
AT4G26190,F4JU71
AT4G26200,Q9STR4
AT4G26210,Q9STR3
AT4G26220,Q9C5D7
AT4G26230,Q9STR1
AT4G26240,Q8RXC0
AT4G26250,Q8H1S1
AT4G26260,Q8H1S0
AT4G26270,Q94AA4
AT4G26280,Q9STQ6
AT4G26288,A8MS05
AT4G26290,Q9STQ5
AT4G26300,O23247
AT4G26310,F4JUX3
AT4G26320,Q9STQ3
AT4G26330,Q9STQ2
AT4G26340,Q8H1R7
AT4G26350,Q9STQ0
AT4G26370,Q93XY7
AT4G26380,O65596
AT4G26390,O65595
AT4G26400,Q8L5Z3
AT4G26410,Q84K90
AT4G26415,A0A1P8B4J0
AT4G26420,F4JUY5
AT4G26430,Q8W1P0
AT4G26440,O65590
AT4G26450,P0CB21
AT4G26455,Q8GXA4
AT4G26460,A0A1P8B8X6
AT4G26466,B3GS44
AT4G26470,Q52K82
AT4G26480,Q0WLR1
AT4G26483,F4JUZ6
AT4G26485,P0C8L4
AT4G26490,Q56Y59
AT4G26500,Q84W65
AT4G26510,O65583
AT4G26520,P22197
AT4G26530,O65581
AT4G26540,C0LGR3
AT4G26550,Q2HIG7
AT4G26555,Q944B0
AT4G26560,Q9SUA6
AT4G26570,Q8LEM7
AT4G26580,Q0WSW1
AT4G26590,Q9SUA4
AT4G26600,Q8VYM6
AT4G26610,Q9SUA3
AT4G26620,Q8LFZ9
AT4G26630,Q9SUA1
AT4G26640,Q93WV0
AT4G26650,Q8W569
AT4G26660,Q9SU98
AT4G26670,Q94EH2
AT4G26680,Q9SZ10
AT4G26690,Q9SZ11
AT4G26700,Q7G188
AT4G26701,B3H4K2
AT4G26710,Q9SZ13
AT4G26720,P48529
AT4G26730,Q9SZ14
AT4G26740,O81270
AT4G26750,Q9SZ15
AT4G26760,Q8LEG3
AT4G26770,Q1PE48
AT4G26780,Q8LB47
AT4G26790,Q8VY93
AT4G26800,Q9SZ20
AT4G26810,Q9SZ21
AT4G26820,Q9SZ22
AT4G26830,A0A1P8B420
AT4G26840,P55852
AT4G26850,Q8RWE8
AT4G26860,Q94JS1
AT4G26870,Q8H104
AT4G26880,Q9SZ28
AT4G26890,F4JVS7
AT4G26900,Q9SZ30
AT4G26910,Q8H107
AT4G26920,Q9M0J8
AT4G26930,Q9S773
AT4G26940,Q8LEJ9
AT4G26950,Q9SZ34
AT4G26960,F4JVT8
AT4G26965,Q8RXY1
AT4G26970,Q94A28
AT4G26980,Q501F5
AT4G26990,Q8RY61
AT4G27000,Q93W34
AT4G27010,F4JVU5
AT4G27020,Q9SZ41
AT4G27030,Q9SZ42
AT4G27040,Q5M759
AT4G27050,Q9SZ44
AT4G27060,Q9T041
AT4G27070,P25269
AT4G27080,Q9T042
AT4G27090,Q9T043
AT4G27100,Q8H1R9
AT4G27110,Q9T045
AT4G27120,Q94C53
AT4G27130,P41568
AT4G27140,P15457
AT4G27150,P15458
AT4G27160,P15459
AT4G27170,P15460
AT4G27180,P46864
AT4G27190,Q9T048
AT4G27220,O81825
AT4G27230,O81826
AT4G27240,O81827
AT4G27250,Q8H1R1
AT4G27260,O81829
AT4G27270,Q6NQE2
AT4G27280,O81831
AT4G27290,O81832
AT4G27300,O81833
AT4G27310,O81834
AT4G27320,Q8L4N1
AT4G27330,O81836
AT4G27340,Q6NQ64
AT4G27350,O81838
AT4G27360,Q8VZW5
AT4G27370,F4JIU4
AT4G27380,O81841
AT4G27390,Q93VI9
AT4G27400,O81843
AT4G27410,Q93VY3
AT4G27415,Q3E9V8
AT4G27420,Q9SZR9
AT4G27430,O80386
AT4G27435,Q940M6
AT4G27440,P21218
AT4G27450,Q93V62
AT4G27460,Q84WQ5
AT4G27470,Q8GUK7
AT4G27480,F4JIW2
AT4G27490,A2RVK7
AT4G27500,O23144
AT4G27510,Q5XV71
AT4G27520,Q9T076
AT4G27530,Q9T077
AT4G27540,Q8LFP1
AT4G27550,Q9T079
AT4G27560,Q9T080
AT4G27565,A0A1P8B5Z9
AT4G27570,Q9T081
AT4G27575,Q8L9A7
AT4G27585,Q93VP9
AT4G27590,F4JJN9
AT4G27595,F4JJP1
AT4G27600,Q940Y6
AT4G27610,Q84JD6
AT4G27620,Q56Y15
AT4G27630,Q0WQG8
AT4G27640,Q8W498
AT4G27650,Q9ZT87
AT4G27652,Q8L9W9
AT4G27654,Q3E9V5
AT4G27657,Q8LF18
AT4G27660,Q1PE44
AT4G27670,P31170
AT4G27680,Q9T090
AT4G27690,Q9T091
AT4G27700,Q94A65
AT4G27710,Q9T093
AT4G27720,Q9C5R0
AT4G27730,Q9T095
AT4G27740,Q2V3E2
AT4G27745,Q9T096
AT4G27750,Q84J43
AT4G27760,F4JJR8
AT4G27780,Q9STP8
AT4G27790,Q9STP7
AT4G27800,P49599
AT4G27810,Q5S4T5
AT4G27820,Q9STP4
AT4G27830,Q93ZI4
AT4G27840,Q9STP2
AT4G27845,A0A1P8B5J9
AT4G27850,Q9STP1
AT4G27860,Q8W4P8
AT4G27870,Q8LPT3
AT4G27880,Q9STN8
AT4G27890,Q9STN7
AT4G27900,Q9SUE8
AT4G27910,Q9SUE7
AT4G27920,Q8H1R0
AT4G27940,Q944H5
AT4G27950,Q9SUE3
AT4G27960,P35132
AT4G27970,Q9ASQ7
AT4G27980,A0A178V490
AT4G27990,Q9SUE0
AT4G28000,A0A1P8B5P0
AT4G28005,F4JKF9
AT4G28010,Q9SUD8
AT4G28015,Q6NMB4
AT4G28025,Q9C5F3
AT4G28030,Q94AC8
AT4G28040,Q9SUD5
AT4G28050,Q9SUD4
AT4G28060,Q9SUD3
AT4G28068,B3H4U6
AT4G28070,Q5XET7
AT4G28080,F4JKH6
AT4G28085,Q94AQ4
AT4G28088,F4JKH9
AT4G28090,Q9SUD0
AT4G28100,Q9SUC9
AT4G28110,Q9M0J5
AT4G28130,F4JKI3
AT4G28140,Q9M0J3
AT4G28150,Q8GUN3
AT4G28160,Q9M0J1
AT4G28170,F4JKI8
AT4G28180,Q9M0I9
AT4G28190,Q8GZA8
AT4G28200,Q9M0I7
AT4G28210,Q9M0I6
AT4G28220,Q1JPL4
AT4G28230,Q9M0I4
AT4G28240,Q94A22
AT4G28250,Q9M0I2
AT4G28260,Q9M0I1
AT4G28270,P93030
AT4G28280,Q9M0I0
AT4G28290,Q9M0H9
AT4G28300,Q8VZR8
AT4G28310,Q8LDV4
AT4G28320,Q9M0H6
AT4G28330,Q6NM81
AT4G28340,O49443
AT4G28350,O49445
AT4G28365,F4JL85
AT4G28370,Q5PP23
AT4G28380,O49448
AT4G28390,O49447
AT4G28395,F4JL89
AT4G28397,A8MRX8
AT4G28400,Q93YW5
AT4G28405,Q3E9U9
AT4G28410,F4JL94
AT4G28420,Q67Y55
AT4G28430,Q8LDS3
AT4G28440,O49453
AT4G28450,Q93VK1
AT4G28460,Q1PE40
AT4G28470,Q6XJG8
AT4G28480,O49457
AT4G28485,Q5XV67
AT4G28490,P47735
AT4G28500,O49459
AT4G28510,O49460
AT4G28520,Q96318
AT4G28530,Q8GUJ6
AT4G28540,Q8LPJ1
AT4G28550,A1L4V1
AT4G28556,Q1G3K8
AT4G28560,F4JLB7
AT4G28570,Q94BP3
AT4G28580,Q1PE39
AT4G28590,F4JLC1
AT4G28600,Q66GN3
AT4G28610,Q94CL7
AT4G28620,Q9M0G9
AT4G28630,Q9FUT3
AT4G28640,Q38829
AT4G28650,Q9M0G7
AT4G28660,Q8W0Y8
AT4G28670,Q9M0G5
AT4G28680,Q9M0G4
AT4G28690,Q08AA3
AT4G28700,Q9SVT8
AT4G28703,Q8LAH4
AT4G28706,Q944J2
AT4G28710,F4JM19
AT4G28720,Q9SVU0
AT4G28730,Q8GWS0
AT4G28740,F4JM22
AT4G28750,Q9S831
AT4G28755,A0A1P8B5H9
AT4G28760,Q949M4
AT4G28770,Q9SVU4
AT4G28775,B3H5I9
AT4G28780,Q9SVU5
AT4G28790,Q9SVU6
AT4G28800,Q9SVU7
AT4G28811,Q8GT73
AT4G28815,Q7XHI7
AT4G28820,Q67Y48
AT4G28830,Q84TF1
AT4G28840,Q6IDB0
AT4G28850,Q9SVV2
AT4G28860,Q8LPI7
AT4G28870,Q9SVV4
AT4G28880,Q93Z18
AT4G28890,Q5XF85
AT4G28910,Q9SV55
AT4G28920,Q9SV54
AT4G28930,Q9SV53
AT4G28940,F4JM51
AT4G28950,O82480
AT4G28980,O80345
AT4G28990,F4JM55
AT4G29000,Q9SZD1
AT4G29010,Q9ZPI6
AT4G29020,Q9SZD2
AT4G29030,Q9SZD3
AT4G29033,Q2V3D7
AT4G29035,Q2HQ46
AT4G29037,A0A1P8B973
AT4G29040,Q9SZD4
AT4G29050,Q9SZD5
AT4G29060,Q9SZD6
AT4G29070,Q2HIU1
AT4G29080,Q9ZSY8
AT4G29090,Q9SZD8
AT4G29100,Q8S3D1
AT4G29103,B3H434
AT4G29110,Q9SZE0
AT4G29120,Q9SZE1
AT4G29130,Q42525
AT4G29140,Q9SZE2
AT4G29150,F4JMV6
AT4G29160,Q9SZE4
AT4G29170,Q8GYD2
AT4G29180,C0LGR6
AT4G29190,Q9M0G2
AT4G29200,Q9M0G1
AT4G29210,Q9M0G0
AT4G29220,Q9M0F9
AT4G29230,Q9M0F8
AT4G29240,Q9M0F7
AT4G29250,F4JMX1
AT4G29260,Q9M0F5
AT4G29270,Q9M0F4
AT4G29273,P82737
AT4G29280,Q9M0F3
AT4G29283,P82735
AT4G29285,Q8LFM0
AT4G29290,Q9M0F2
AT4G29300,Q9M0F1
AT4G29305,P82739
AT4G29310,Q9M0F0
AT4G29330,Q8VZU9
AT4G29340,Q38904
AT4G29350,Q42418
AT4G29360,Q8VYE5
AT4G29370,Q9M0E6
AT4G29380,Q9M0E5
AT4G29400,Q5XV66
AT4G29410,Q9M0E2
AT4G29420,Q9M0E1
AT4G29430,Q9M0E0
AT4G29440,F4JNM2
AT4G29450,Q9M0D8
AT4G29460,Q9M0D7
AT4G29470,Q8GV50
AT4G29480,Q9M0D5
AT4G29490,Q0WUQ7
AT4G29510,Q9SU94
AT4G29520,Q9SU93
AT4G29530,Q9SU92
AT4G29540,Q9SU91
AT4G29548,B3H6E1
AT4G29550,Q8LFV1
AT4G29560,Q9SU89
AT4G29570,Q9XEX4
AT4G29580,Q9S789
AT4G29590,Q9SU88
AT4G29600,Q9SU87
AT4G29610,Q9SU86
AT4G29620,O65571
AT4G29630,Q9S847
AT4G29640,Q9S7L8
AT4G29650,Q9S7S2
AT4G29654,F4JNP7
AT4G29658,Q1G3K7
AT4G29660,Q94K18
AT4G29670,Q8LCT3
AT4G29680,Q9SU83
AT4G29690,Q9SU82
AT4G29700,Q9SU81
AT4G29710,Q9SU80
AT4G29720,Q9SU79
AT4G29730,Q9SU78
AT4G29735,Q8LCF2
AT4G29740,Q9FUJ2
AT4G29750,F4JNR2
AT4G29760,Q9SU75
AT4G29770,Q8LFW5
AT4G29780,Q84J48
AT4G29790,Q9SZQ2
AT4G29800,Q8H133
AT4G29810,Q9S7U9
AT4G29820,Q94AF0
AT4G29830,Q9SZQ5
AT4G29840,Q9S7B5
AT4G29850,Q9SZQ6
AT4G29860,Q3MV14
AT4G29870,Q9SZQ8
AT4G29880,Q5G5D8
AT4G29890,Q9SZR0
AT4G29900,Q9SZR1
AT4G29905,Q940I1
AT4G29910,Q6EWX0
AT4G29920,Q9SZR3
AT4G29930,Q700E3
AT4G29940,P48785
AT4G29950,Q9SZR5
AT4G29960,Q9SZR6
AT4G29970,Q9SZR7
AT4G29980,Q9SZV1
AT4G29990,Q9SZV2
AT4G30000,Q9SZV3
AT4G30010,Q9SZV4
AT4G30020,Q9SZV5
AT4G30030,Q9SZV6
AT4G30040,Q9SZV7
AT4G30050,Q5BPK3
AT4G30060,Q8W4E9
AT4G30064,P82775
AT4G30067,P82777
AT4G30070,P82773
AT4G30074,P82733
AT4G30080,Q93YR9
AT4G30090,F4JPI4
AT4G30097,B3H555
AT4G30100,Q9SZW3
AT4G30110,Q9SZW4
AT4G30120,P0CW77
AT4G30130,Q9SZW6
AT4G30140,Q9SZW7
AT4G30150,F4JPJ1
AT4G30160,O65570
AT4G30170,Q96522
AT4G30180,Q9SUM5
AT4G30190,P19456
AT4G30200,Q9SUM4
AT4G30210,Q9SUM3
AT4G30220,Q9SUM2
AT4G30230,Q9SUM1
AT4G30240,Q944G8
AT4G30250,F4JPK8
AT4G30260,Q93VH1
AT4G30270,P24806
AT4G30280,Q9M0D2
AT4G30290,Q9M0D1
AT4G30300,Q9M0D0
AT4G30310,F4JQ90
AT4G30320,Q9M0C8
AT4G30330,Q8LAK5
AT4G30340,F4JQ95
AT4G30350,Q9M0C5
AT4G30360,Q8L7Z0
AT4G30370,Q9M0C3
AT4G30380,Q9M0C2
AT4G30390,Q9M0C1
AT4G30400,Q940Q4
AT4G30410,Q9M0B9
AT4G30420,Q9M0B8
AT4G30430,Q9M0B7
AT4G30440,Q9M0B6
AT4G30450,Q9M0B5
AT4G30460,Q9M0B4
AT4G30470,Q9M0B3
AT4G30480,Q9M0B2
AT4G30490,Q8L517
AT4G30500,Q8LEC2
AT4G30510,Q8H1Q8
AT4G30520,Q8VYT3
AT4G30530,Q9M0A7
AT4G30540,Q9M0A6
AT4G30550,Q9M0A5
AT4G30560,Q9M0A4
AT4G30570,Q8H1Q7
AT4G30580,Q8GXU8
AT4G30590,Q9M0A1
AT4G30600,Q9M0A0
AT4G30610,Q9M099
AT4G30620,Q9M098
AT4G30630,Q9M097
AT4G30640,Q9M096
AT4G30650,Q9M095
AT4G30660,Q9SUI0
AT4G30662,Q1G3K6
AT4G30670,Q8LGE4
AT4G30680,Q9SUH8
AT4G30690,Q94B52
AT4G30700,Q9SUH6
AT4G30710,Q9SUH5
AT4G30720,F4JQE2
AT4G30730,Q9SUH3
AT4G30740,Q9SUH2
AT4G30750,Q9SUH1
AT4G30760,Q84K44
AT4G30770,Q9SUG9
AT4G30780,Q9SUG8
AT4G30790,Q9SUG7
AT4G30800,O65569
AT4G30810,Q949Q7
AT4G30825,O65567
AT4G30830,Q1PE31
AT4G30840,Q24JJ9
AT4G30845,A8MR80
AT4G30850,Q84N34
AT4G30860,Q949T8
AT4G30870,Q5W9E7
AT4G30880,F4JR37
AT4G30890,Q9FPS3
AT4G30900,F4JR41
AT4G30910,Q8RX72
AT4G30920,Q944P7
AT4G30930,Q8L9A0
AT4G30935,P59583
AT4G30940,O65555
AT4G30950,P46312
AT4G30960,O65554
AT4G30970,O65553
AT4G30980,Q8S3D5
AT4G30990,A0A1P8B4E4
AT4G30993,Q8GW42
AT4G30996,Q94AM8
AT4G31000,F4JR57
AT4G31010,Q8VYD9
AT4G31020,Q84JV3
AT4G31030,O65547
AT4G31040,Q8RXP7
AT4G31050,Q948J9
AT4G31060,Q6NLD5
AT4G31070,O65543
AT4G31073,A0A1P8B5Z1
AT4G31080,Q8L766
AT4G31100,Q9M092
AT4G31110,Q0WNY5
AT4G31115,B3H5W4
AT4G31120,Q8GWT4
AT4G31130,Q9M089
AT4G31140,Q9M088
AT4G31150,Q8L9R0
AT4G31160,Q9M086
AT4G31170,Q9M085
AT4G31180,Q9M084
AT4G31196,B3H6B7
AT4G31200,O49570
AT4G31210,F4JRX3
AT4G31230,Q1PE30
AT4G31240,Q8VZQ0
AT4G31250,C0LGR9
AT4G31260,F4JRX8
AT4G31270,Q8GWR8
AT4G31280,O49578
AT4G31290,Q84MC1
AT4G31300,Q8LD27
AT4G31310,A2RVS4
AT4G31320,O49581
AT4G31330,Q9C5C1
AT4G31340,Q8GUN1
AT4G31350,Q8GS18
AT4G31351,B3H493
AT4G31354,B3H6D4
AT4G31355,B3H511
AT4G31360,Q8W465
AT4G31370,O49586
AT4G31380,Q5Q0B3
AT4G31390,Q8RWG1
AT4G31400,A7UL74
AT4G31405,A0A1P8B3I7
AT4G31410,Q8S9L2
AT4G31420,Q8H1G5
AT4G31430,Q949W6
AT4G31440,Q9SV25
AT4G31441,B3H6Z9
AT4G31450,Q944Q9
AT4G31470,Q9SV22
AT4G31480,Q9SV21
AT4G31490,Q9SV20
AT4G31500,O65782
AT4G31510,Q9SV19
AT4G31520,Q9M082
AT4G31530,F4JSP1
AT4G31540,Q7XYW9
AT4G31550,Q9SV15
AT4G31560,Q9SV14
AT4G31570,F4JSP7
AT4G31580,O81126
AT4G31590,Q9SB75
AT4G31600,Q94B65
AT4G31610,Q84J39
AT4G31615,Q3E9T2
AT4G31620,Q8VZQ9
AT4G31630,Q9SB79
AT4G31640,Q9SB80
AT4G31650,O81782
AT4G31660,Q8H2D0
AT4G31670,Q67XW5
AT4G31680,Q8H2D1
AT4G31685,A0A1P8B795
AT4G31690,O81778
AT4G31700,O48549
AT4G31710,O81776
AT4G31715,A0A1P8B4L7
AT4G31720,O04173
AT4G31730,O81775
AT4G31740,O81774
AT4G31750,Q8RXV3
AT4G31760,O81772
AT4G31770,Q94K01
AT4G31780,O81770
AT4G31790,O81769
AT4G31800,Q9C5T4
AT4G31805,Q6NQ99
AT4G31810,Q8RXN4
AT4G31820,Q8H1D3
AT4G31830,Q9SZ50
AT4G31840,Q9SZ51
AT4G31850,Q9SZ52
AT4G31860,Q9SZ53
AT4G31870,Q9SZ54
AT4G31875,Q93ZC6
AT4G31880,Q8GUP3
AT4G31890,Q9SZ56
AT4G31900,F4JTF6
AT4G31910,Q9SZ58
AT4G31920,O49397
AT4G31930,Q9AST4
AT4G31940,Q9SZ46
AT4G31950,O49396
AT4G31960,Q5Q0B2
AT4G31970,O49394
AT4G31980,O49393
AT4G31990,P46248
AT4G32000,A0A178UUY0
AT4G32010,Q5CCK4
AT4G32020,O49389
AT4G32030,O49388
AT4G32040,P48002
AT4G32050,Q5E911
AT4G32060,Q9SZ45
AT4G32070,F4JTI1
AT4G32080,A0A1P8B6G5
AT4G32090,O49383
AT4G32100,F4JTI5
AT4G32105,Q8LCV8
AT4G32110,Q6ID72
AT4G32120,Q94A05
AT4G32130,Q8VY97
AT4G32140,O49378
AT4G32150,O49377
AT4G32160,F4JTJ2
AT4G32170,O49373
AT4G32175,Q500X1
AT4G32180,Q8L5Y9
AT4G32190,Q8H1E5
AT4G32200,F4JTJ9
AT4G32208,B3H683
AT4G32210,P0DKI1
AT4G32230,O49367
AT4G32240,Q8LBW4
AT4G32250,Q8RWX4
AT4G32260,Q42139
AT4G32272,A8MRY9
AT4G32280,Q93WC4
AT4G32285,Q8S9J8
AT4G32290,O49362
AT4G32295,Q84JY3
AT4G32300,Q8RWZ5
AT4G32320,Q8GY91
AT4G32330,Q94C48
AT4G32340,O49358
AT4G32342,A0A1P8B7K7
AT4G32350,Q8RXT2
AT4G32360,Q8W3L1
AT4G32370,F4JUA3
AT4G32375,F4JUA4
AT4G32380,F4JUA6
AT4G32390,Q9SUV2
AT4G32400,Q9SUV1
AT4G32410,O48946
AT4G32420,Q8RWY7
AT4G32430,Q84MA3
AT4G32440,Q0WP65
AT4G32450,Q9SUU7
AT4G32460,Q8LAR0
AT4G32470,Q9SUU5
AT4G32480,Q9SUU4
AT4G32490,Q84JV2
AT4G32500,Q9SCX5
AT4G32510,Q9SUU1
AT4G32520,Q94JQ3
AT4G32530,Q9SZY7
AT4G32535,A0A1P8B3Y4
AT4G32540,Q9SZY8
AT4G32551,Q9FUY2
AT4G32560,A0A1P8B3F9
AT4G32570,Q84MB2
AT4G32580,O65541
AT4G32590,Q94AK9
AT4G32600,Q8VY23
AT4G32610,Q0WTS1
AT4G32620,F4JV27
AT4G32630,B3H5G3
AT4G32640,Q9M081
AT4G32650,P92960
AT4G32660,P51568
AT4G32670,F4JV39
AT4G32680,F4JV40
AT4G32690,Q67XG0
AT4G32700,Q588V7
AT4G32710,O65530
AT4G32714,P82644
AT4G32717,P82643
AT4G32720,Q93ZV7
AT4G32730,Q9S7G7
AT4G32750,Q8LA21
AT4G32760,Q8L860
AT4G32770,Q94FY7
AT4G32780,A0A1P8B8L5
AT4G32790,O65522
AT4G32800,Q9M080
AT4G32810,Q8VY26
AT4G32820,F4JV59
AT4G32830,Q9M077
AT4G32840,Q9M076
AT4G32850,Q8VYW1
AT4G32860,Q6NNI9
AT4G32870,Q9M073
AT4G32880,Q39123
AT4G32890,O82632
AT4G32900,F4JV77
AT4G32910,Q8RXH2
AT4G32915,F4JV80
AT4G32920,F4JV81
AT4G32930,F4JVV4
AT4G32940,Q39119
AT4G32950,O82637
AT4G32960,O82638
AT4G32970,F4JVV9
AT4G32980,P48731
AT4G32990,F4JVW1
AT4G33000,Q7FRS8
AT4G33010,Q94B78
AT4G33020,O82643
AT4G33030,O48917
AT4G33040,Q8L9S3
AT4G33050,O82645
AT4G33060,Q6Q152
AT4G33070,O82647
AT4G33080,Q8GUH5
AT4G33090,Q8VZH2
AT4G33100,Q9SMZ9
AT4G33110,Q8L788
AT4G33120,Q84TE2
AT4G33130,A8MS81
AT4G33140,Q93ZF7
AT4G33145,Q1G3K5
AT4G33150,Q9SMZ4
AT4G33160,Q9SMZ3
AT4G33170,Q9SMZ2
AT4G33180,B5X0N4
AT4G33200,Q0WPU1
AT4G33210,Q9SMY8
AT4G33220,Q9SMY7
AT4G33230,Q9SMY6
AT4G33240,Q0WUR5
AT4G33250,Q9SZA3
AT4G33260,Q9S7I8
AT4G33270,Q9SZA4
AT4G33280,Q8RYD1
AT4G33290,Q9SZA6
AT4G33300,Q9SZA7
AT4G33310,Q9SZA8
AT4G33320,Q9SZA9
AT4G33330,Q8GWW4
AT4G33350,Q9SZB2
AT4G33355,Q2V3C1
AT4G33360,F4JIW8
AT4G33370,Q9SZB4
AT4G33380,Q8VZI6
AT4G33390,Q9SZB6
AT4G33400,Q9SZB7
AT4G33410,Q93Z32
AT4G33420,Q9SZB9
AT4G33430,Q94F62
AT4G33440,Q84K13
AT4G33450,Q9SZC2
AT4G33460,Q8H1R4
AT4G33465,P82641
AT4G33467,Q1G3K4
AT4G33470,Q941D6
AT4G33480,A2RVW1
AT4G33490,Q8LCW1
AT4G33495,Q689D6
AT4G33500,Q93V88
AT4G33510,Q00218
AT4G33520,Q9SZC9
AT4G33530,Q8LPL8
AT4G33540,Q8RWE1
AT4G33550,Q6NLG8
AT4G33560,O81873
AT4G33565,F4JJ02
AT4G33580,Q94CE3
AT4G33585,F4JJ05
AT4G33590,O81876
AT4G33600,Q8GXN3
AT4G33610,O81878
AT4G33620,Q0WKV8
AT4G33625,Q8GXK1
AT4G33630,Q93YW0
AT4G33640,Q8LBN7
AT4G33650,Q8S944
AT4G33660,Q8LG30
AT4G33666,Q94AJ7
AT4G33670,O81884
AT4G33680,Q93ZN9
AT4G33690,Q6NPE9
AT4G33700,Q8VZI2
AT4G33710,Q39187
AT4G33720,O81888
AT4G33730,O81889
AT4G33740,Q67YL8
AT4G33760,F4JJT9
AT4G33770,O81893
AT4G33780,Q8LCF7
AT4G33790,Q93ZB9
AT4G33800,Q8L9K4
AT4G33810,A0A1P8B8F8
AT4G33820,Q84WT5
AT4G33830,F4JJU7
AT4G33840,Q6NQI6
AT4G33860,F4JJU9
AT4G33870,O81755
AT4G33880,Q84WK0
AT4G33885,A0A1P8B616
AT4G33890,O81757
AT4G33900,Q9FPH4
AT4G33900,Q1PE27
AT4G33910,Q8VZJ7
AT4G33920,O81760
AT4G33925,Q147J4
AT4G33930,O81761
AT4G33940,Q8L5Z0
AT4G33950,Q940H6
AT4G33960,O81764
AT4G33970,O81765
AT4G33980,Q8L983
AT4G33990,O81767
AT4G34000,Q9M7Q3
AT4G34020,Q8VY09
AT4G34030,Q9LDD8
AT4G34040,O49500
AT4G34050,O49499
AT4G34060,O49498
AT4G34070,F4JJY3
AT4G34080,F4JJY4
AT4G34090,Q94JY0
AT4G34100,F4JKK0
AT4G34110,P42731
AT4G34120,Q9C5D0
AT4G34131,Q8W491
AT4G34135,Q94C57
AT4G34138,Q8VZE9
AT4G34139,A0A1P8B4Y2
AT4G34140,F4JKK8
AT4G34150,Q945K9
AT4G34160,P42753
AT4G34170,O49488
AT4G34180,Q93V74
AT4G34190,Q9M7I9
AT4G34200,O49485
AT4G34210,O49484
AT4G34215,Q8L9J9
AT4G34220,Q94C77
AT4G34230,O49482
AT4G34240,Q8W033
AT4G34250,Q9SYZ0
AT4G34260,Q8L7W8
AT4G34265,A0A1P8B754
AT4G34270,Q8VXY4
AT4G34280,Q8GYY7
AT4G34290,Q9SYZ4
AT4G34300,Q9SYZ5
AT4G34310,F4JKN4
AT4G34320,Q9SYZ7
AT4G34330,Q9SYZ8
AT4G34340,Q9SYZ9
AT4G34345,A0A1P8B5T9
AT4G34350,Q94B35
AT4G34360,Q6ID86
AT4G34370,Q949V6
AT4G34380,Q9SZ03
AT4G34390,C6KIE6
AT4G34400,Q9SZ05
AT4G34410,Q9SZ06
AT4G34412,Q6NMZ4
AT4G34420,F4JKP9
AT4G34430,Q8VY05
AT4G34440,Q8GX23
AT4G34450,Q0WW26
AT4G34460,P49177
AT4G34470,O65674
AT4G34480,Q9M069
AT4G34490,O65902
AT4G34500,Q6NKZ9
AT4G34510,O65677
AT4G34520,Q38860
AT4G34530,Q8GY61
AT4G34540,O65679
AT4G34550,O65680
AT4G34555,Q8GYL5
AT4G34560,Q8L623
AT4G34570,Q05763
AT4G34580,F4JLE5
AT4G34590,O65683
AT4G34600,O65684
AT4G34610,O65685
AT4G34620,O65686
AT4G34630,O65687
AT4G34640,P53799
AT4G34650,O65688
AT4G34660,Q8VWF1
AT4G34670,Q42262
AT4G34680,Q8L4M6
AT4G34690,O65691
AT4G34700,Q945M1
AT4G34710,O23141
AT4G34720,P0DH92
AT4G34730,O65693
AT4G34740,Q9STG9
AT4G34750,O65694
AT4G34760,O65695
AT4G34770,Q9SW57
AT4G34780,Q9SW56
AT4G34790,Q9SW55
AT4G34800,Q9SW54
AT4G34810,F4JLH5
AT4G34830,Q0WLC6
AT4G34840,Q7XA67
AT4G34850,Q8LDM2
AT4G34860,Q9SW48
AT4G34870,Q42406
AT4G34880,A0A1P8B760
AT4G34881,Q0WQ74
AT4G34890,Q8GUQ8
AT4G34900,F4JLI5
AT4G34910,Q9SW44
AT4G34920,Q9SW43
AT4G34930,Q9SW42
AT4G34940,Q9SW41
AT4G34950,Q9SW40
AT4G34960,O49605
AT4G34970,O49606
AT4G34980,O49607
AT4G34990,O49608
AT4G35000,Q42564
AT4G35010,Q9SCV1
AT4G35020,Q38912
AT4G35025,B3H7G5
AT4G35030,F4JM74
AT4G35040,Q8VY76
AT4G35050,O22469
AT4G35060,O49613
AT4G35070,Q66GR4
AT4G35080,Q94A99
AT4G35090,P25819
AT4G35100,P93004
AT4G35110,O49617
AT4G35120,O49618
AT4G35130,O49619
AT4G35140,A0A178UWL0
AT4G35150,Q9T002
AT4G35160,Q9T003
AT4G35165,Q5BPK0
AT4G35170,Q5BPJ9
AT4G35180,Q84WE9
AT4G35190,Q8LBB7
AT4G35200,Q9T007
AT4G35210,Q9T008
AT4G35220,Q94JT5
AT4G35230,Q944A7
AT4G35240,F4JMA6
AT4G35250,O65502
AT4G35260,Q8LFC0
AT4G35270,Q7X9B9
AT4G35280,O65499
AT4G35290,Q93YT1
AT4G35295,F4JMB5
AT4G35300,Q8LPQ8
AT4G35310,Q38871
AT4G35320,Q9ASZ6
AT4G35335,F4JN00
AT4G35350,O65493
AT4G35360,Q8W4Q1
AT4G35370,F4JN04
AT4G35375,A0A1P8B7E7
AT4G35380,F4JN05
AT4G35390,Q6DBQ1
AT4G35410,O23685
AT4G35420,Q500U8
AT4G35430,Q3E9Q9
AT4G35440,Q8GX93
AT4G35450,Q9SAR5
AT4G35460,Q39243
AT4G35470,Q9SVW8
AT4G35480,Q9ZT49
AT4G35485,A0A1P8B5Y8
AT4G35490,Q9SVW7
AT4G35500,F4JN22
AT4G35510,O81784
AT4G35519,B3H770
AT4G35520,F4JN26
AT4G35530,Q8VY53
AT4G35540,O81787
AT4G35550,O81788
AT4G35560,F4JN30
AT4G35570,O49597
AT4G35580,F4JN35
AT4G35590,O81791
AT4G35600,P27450
AT4G35610,O81793
AT4G35620,Q39070
AT4G35630,Q96255
AT4G35640,Q8W2B8
AT4G35650,O81796
AT4G35655,A8MS72
AT4G35660,O81797
AT4G35670,F4JN47
AT4G35680,F4JN48
AT4G35685,A0A1P8B756
AT4G35690,O81800
AT4G35700,O81801
AT4G35710,O81802
AT4G35720,O81803
AT4G35725,Q8L9S9
AT4G35730,F4JNS8
AT4G35733,B3H6C3
AT4G35740,Q9FT72
AT4G35750,O81806
AT4G35760,Q8L540
AT4G35770,Q38853
AT4G35780,Q8RWL6
AT4G35783,Q6IM84
AT4G35785,Q494N5
AT4G35790,Q9C5Y0
AT4G35800,P18616
AT4G35810,F4JNU8
AT4G35820,Q9SZT0
AT4G35830,Q42560
AT4G35840,Q8GT75
AT4G35850,Q8VYR5
AT4G35860,Q38922
AT4G35870,Q9SZT4
AT4G35880,B3LF45
AT4G35890,Q94K80
AT4G35900,Q84JK2
AT4G35905,Q8LG27
AT4G35910,O65628
AT4G35920,Q8L7E9
AT4G35930,Q5XF11
AT4G35940,O65631
AT4G35950,Q9SBJ6
AT4G35970,Q7XZP5
AT4G35985,F4JNX2
AT4G35987,F4JNX3
AT4G36000,F4JNX4
AT4G36010,O65638
AT4G36020,O65639
AT4G36030,O65640
AT4G36040,Q9FYB5
AT4G36050,F4JNY0
AT4G36060,Q8W2F2
AT4G36070,Q1PE17
AT4G36080,F4JPL2
AT4G36090,Q5RJC7
AT4G36100,F4JPL6
AT4G36105,F4JPL7
AT4G36110,O65648
AT4G36120,O65649
AT4G36130,Q42064
AT4G36140,O65506
AT4G36150,O65507
AT4G36160,O65508
AT4G36170,O65509
AT4G36180,C0LGS2
AT4G36190,A4VCL8
AT4G36195,Q94CC6
AT4G36210,B3H797
AT4G36220,Q42600
AT4G36230,O65514
AT4G36240,O65515
AT4G36250,Q70E96
AT4G36260,O65517
AT4G36270,F4JPP0
AT4G36280,Q5FV35
AT4G36290,Q84WV6
AT4G36350,O23244
AT4G36360,Q9SCV9
AT4G36370,O65521
AT4G36380,Q9M066
AT4G36390,Q8H0V1
AT4G36400,O23240
AT4G36410,O23239
AT4G36420,O23238
AT4G36430,O23237
AT4G36440,F4JPQ4
AT4G36450,O23236
AT4G36460,O23235
AT4G36470,O23234
AT4G36480,Q94IB8
AT4G36490,Q94A34
AT4G36500,O23231
AT4G36510,F4JPR2
AT4G36515,Q8GYT3
AT4G36520,F4JPR4
AT4G36530,O23227
AT4G36540,Q93VJ4
AT4G36550,O23225
AT4G36560,Q9SYY5
AT4G36570,Q6NNN0
AT4G36580,F4JQE9
AT4G36590,O23222
AT4G36600,A0A1P8B7I6
AT4G36610,O23220
AT4G36620,Q6QPM2
AT4G36630,Q8L5Y0
AT4G36640,O23217
AT4G36650,O23215
AT4G36660,Q6NLX7
AT4G36670,Q8GXR2
AT4G36680,Q9M065
AT4G36690,O23212
AT4G36700,F4JQG6
AT4G36710,O23210
AT4G36720,Q6NLY8
AT4G36730,P42774
AT4G36740,O23208
AT4G36750,O23207
AT4G36760,F4JQH3
AT4G36770,O23205
AT4G36780,Q94A43
AT4G36790,O23203
AT4G36791,B3H6M0
AT4G36795,A0A1P8B423
AT4G36800,Q9SDY5
AT4G36810,P34802
AT4G36820,Q1PE15
AT4G36830,Q9SYY4
AT4G36840,Q8GWJ1
AT4G36850,Q94AH7
AT4G36860,Q8W4F0
AT4G36870,Q9SW80
AT4G36880,Q94B08
AT4G36890,Q8L707
AT4G36900,Q9SW63
AT4G36910,O23193
AT4G36920,P47927
AT4G36925,A0A178UWM9
AT4G36930,Q9FUA4
AT4G36940,Q8RWM2
AT4G36945,F4JQJ7
AT4G36950,Q6K1M3
AT4G36960,Q94AC3
AT4G36970,O23188
AT4G36980,F4JR77
AT4G36990,Q96320
AT4G37000,Q8LDU4
AT4G37010,O23184
AT4G37020,Q9FPI7
AT4G37022,F4JR86
AT4G37030,Q58FU6
AT4G37040,Q9FV50
AT4G37050,O23181
AT4G37060,O23180
AT4G37070,O23179
AT4G37080,F4JR96
AT4G37090,O23177
AT4G37095,B3H659
AT4G37100,O23176
AT4G37110,Q0WPT6
AT4G37120,O23174
AT4G37130,Q8RWH9
AT4G37140,F4JRA6
AT4G37150,O23171
AT4G37160,O23170
AT4G37170,O23169
AT4G37180,F4JRB0
AT4G37190,O23167
AT4G37200,O23166
AT4G37210,Q94K88
AT4G37220,O23164
AT4G37230,Q9SW65
AT4G37235,Q66GI1
AT4G37240,Q8LE56
AT4G37250,C0LGS3
AT4G37260,O23160
AT4G37270,Q9M3H5
AT4G37280,Q94C32
AT4G37290,F4JRC5
AT4G37295,Q8LCF5
AT4G37300,O23157
AT4G37310,Q9SW67
AT4G37320,O23156
AT4G37330,O23155
AT4G37340,O23154
AT4G37360,Q9SZT6
AT4G37370,Q9SZT7
AT4G37380,Q9SZT8
AT4G37390,Q9SZT9
AT4G37400,Q0WTF4
AT4G37409,Q0WR08
AT4G37410,Q9SZU1
AT4G37420,Q9SZU2
AT4G37430,O65790
AT4G37435,A0A1P8B5J4
AT4G37440,Q9SZU4
AT4G37445,F4JS23
AT4G37450,Q9FPR2
AT4G37460,F4JS25
AT4G37470,Q9SZU7
AT4G37480,F4JS27
AT4G37483,B3H628
AT4G37490,P30183
AT4G37500,Q9SZU9
AT4G37510,Q9SZV0
AT4G37520,Q43731
AT4G37530,Q9SZE7
AT4G37540,Q9SZE8
AT4G37550,A0A178UXH8
AT4G37560,Q8H1G4
AT4G37580,Q42381
AT4G37590,Q0WL52
AT4G37600,Q9SZF3
AT4G37610,Q6EJ98
AT4G37630,Q2V3B2
AT4G37640,O81108
AT4G37650,Q9SZF7
AT4G37660,Q9SZF8
AT4G37670,B5X4Z4
AT4G37680,Q9SZG0
AT4G37682,B3H4A9
AT4G37685,F4JS55
AT4G37690,Q9SZG1
AT4G37700,Q9SZG2
AT4G37710,Q9SZG3
AT4G37720,Q9SZG4
AT4G37730,Q9T062
AT4G37740,Q8L8A8
AT4G37750,Q38914
AT4G37760,Q8VYH2
AT4G37770,Q9T065
AT4G37780,F4JSU0
AT4G37790,P46604
AT4G37800,Q8LER3
AT4G37810,Q9T068
AT4G37820,Q9T069
AT4G37830,Q9T070
AT4G37840,Q9T071
AT4G37850,Q9T072
AT4G37860,Q9T073
AT4G37870,Q9T074
AT4G37880,Q9T075
AT4G37890,F4JSV3
AT4G37900,Q9SZJ2
AT4G37910,Q8GUM2
AT4G37920,Q84WN0
AT4G37925,Q2V2S7
AT4G37930,Q9SZJ5
AT4G37940,Q9SZJ6
AT4G37950,Q84W85
AT4G37970,O65621
AT4G37980,Q02971
AT4G37990,Q02972
AT4G38000,Q84K52
AT4G38005,A0A1P8B682
AT4G38010,Q9SZK1
AT4G38020,Q8GYL4
AT4G38030,F4JSW8
AT4G38040,Q9SZK4
AT4G38050,Q6SZ87
AT4G38060,Q93VQ7
AT4G38062,P0CB23
AT4G38065,P0CB24
AT4G38070,P0CB25
AT4G38080,Q9SZK8
AT4G38090,B9DG41
AT4G38092,B3H6P6
AT4G38100,Q8LDD3
AT4G38120,A0A1P8B4P1
AT4G38130,O22446
AT4G38140,Q9SZL4
AT4G38150,Q9SZL5
AT4G38160,Q9SZL6
AT4G38170,Q9SZL7
AT4G38180,Q9SZL8
AT4G38190,Q9SZL9
AT4G38200,F4JSZ5
AT4G38210,Q9SZM1
AT4G38213,A0A1P8B6C8
AT4G38220,F4JTK8
AT4G38225,F4JTL0
AT4G38230,Q9SZM3
AT4G38240,Q9XGM8
AT4G38250,Q9SVG0
AT4G38260,F4JTM0
AT4G38270,Q0WQD2
AT4G38280,Q8L6Z3
AT4G38300,Q9SVF5
AT4G38310,Q9SVF4
AT4G38320,Q9SVF3
AT4G38330,Q9SVF2
AT4G38340,Q9SVF1
AT4G38350,F4JTN0
AT4G38360,F4JTN2
AT4G38370,Q0WW53
AT4G38380,Q9SVE7
AT4G38390,Q9SVE6
AT4G38400,Q9SVE5
AT4G38401,B3H514
AT4G38405,B3H6G6
AT4G38410,Q8GY17
AT4G38420,Q8VYB3
AT4G38430,Q93ZY2
AT4G38440,Q8GYU3
AT4G38460,Q39108
AT4G38470,F4JTP5
AT4G38480,F4JTP6
AT4G38490,Q940H5
AT4G38495,Q8RWS0
AT4G38500,Q94AV6
AT4G38510,Q9SZN1
AT4G38520,Q5PNS9
AT4G38530,Q56W08
AT4G38540,O81816
AT4G38550,A0A1P8B5D8
AT4G38560,Q0WV01
AT4G38570,Q8GUK6
AT4G38580,Q9SZN7
AT4G38590,Q9SCU8
AT4G38600,Q6WWW4
AT4G38620,Q9SZP1
AT4G38630,P55034
AT4G38640,Q93YN6
AT4G38650,Q84VX1
AT4G38660,Q8VYN5
AT4G38670,Q8GYY3
AT4G38680,Q41188
AT4G38690,Q9SZP6
AT4G38700,F4JUF8
AT4G38710,Q9SZP8
AT4G38730,Q8GYS1
AT4G38740,P34790
AT4G38760,F4JUG3
AT4G38770,Q9T0I5
AT4G38775,A0A1P8B3N2
AT4G38780,Q9T0I6
AT4G38781,B3H6I0
AT4G38790,Q8LD89
AT4G38800,Q9T0I8
AT4G38810,Q9T0I9
AT4G38820,Q9T0J0
AT4G38825,B3H4F0
AT4G38830,Q9T0J1
AT4G38840,Q9T0J2
AT4G38850,Q41220
AT4G38860,Q9T0J3
AT4G38870,Q9T0J4
AT4G38880,Q9T0J5
AT4G38890,Q9T0J6
AT4G38900,Q8H1F0
AT4G38905,A0A1P8B399
AT4G38910,F4JUI3
AT4G38920,P0DH93
AT4G38930,Q9SVK0
AT4G38940,Q9SVJ9
AT4G38950,F4JUI9
AT4G38960,C0SVM5
AT4G38970,Q944G9
AT4G38980,Q9SVJ5
AT4G38990,Q9SVJ4
AT4G39000,Q8GY58
AT4G39010,Q93YQ7
AT4G39020,Q9SVJ1
AT4G39030,Q945F0
AT4G39040,Q9SVI9
AT4G39050,Q8W5R5
AT4G39060,F4JV88
AT4G39070,Q0IGM7
AT4G39080,Q8W4S4
AT4G39090,P43296
AT4G39100,Q9FEN9
AT4G39110,Q9T020
AT4G39120,Q6NPM8
AT4G39130,Q9T022
AT4G39140,Q9T023
AT4G39150,Q9T024
AT4G39160,F4JVA4
AT4G39170,F4JVA6
AT4G39180,F4JVA9
AT4G39190,Q9T028
AT4G39200,Q9T029
AT4G39210,P55231
AT4G39220,O48670
AT4G39230,Q9T030
AT4G39235,Q29Q00
AT4G39240,Q9T031
AT4G39250,F4JVB8
AT4G39260,Q03251
AT4G39270,Q9T033
AT4G39280,Q9T034
AT4G39290,Q9T035
AT4G39300,Q9T036
AT4G39320,Q9T038
AT4G39330,P42734
AT4G39340,Q9T039
AT4G39350,O48947
AT4G39360,Q5Q0B1
AT4G39370,Q9FPS0
AT4G39380,F4JVE0
AT4G39390,Q8RWW7
AT4G39400,O22476
AT4G39403,Q8LLV8
AT4G39410,Q9SVB7
AT4G39420,F4JW20
AT4G39460,Q94AG6
AT4G39470,Q94A56
AT4G39490,F4JW26
AT4G39500,A0A1P8B4Y3
AT4G39510,Q9SVA7
AT4G39520,Q9SVA6
AT4G39530,Q9SVA5
AT4G39540,Q8GY88
AT4G39550,Q9SVA3
AT4G39560,Q67XN8
AT4G39570,Q9SVA1
AT4G39580,Q9SVA0
AT4G39590,Q1PE10
AT4G39600,Q9SV98
AT4G39610,Q9SV97
AT4G39620,Q9SV96
AT4G39630,F4JW44
AT4G39640,Q8VYW6
AT4G39650,Q680I5
AT4G39660,Q940M2
AT4G39670,Q8L7U7
AT4G39675,Q8LEP7
AT4G39680,O65655
AT4G39690,Q9ASV5
AT4G39700,O65657
AT4G39710,Q9SCY3
AT4G39720,O65659
AT4G39730,O65660
AT4G39740,Q8LAL0
AT4G39745,F4JW60
AT4G39750,Q3E9N2
AT4G39753,Q1PE09
AT4G39756,P0C2F9
AT4G39760,O65663
AT4G39770,Q8GWG2
AT4G39780,O65665
AT4G39790,Q5XV54
AT4G39795,F4JW68
AT4G39800,P42801
AT4G39810,F4JJ23
AT4G39820,Q5XF35
AT4G39830,O65670
AT4G39840,Q9SMR9
AT4G39850,Q94FB9
AT4G39860,Q9SMR7
AT4G39870,Q8GUN9
AT4G39880,Q9SMR5
AT4G39890,Q9SMR4
AT4G39900,Q93VM6
AT4G39910,O24454
AT4G39917,P82760
AT4G39920,Q9SMR2
AT4G39925,F4JJ40
AT4G39930,Q9SMR1
AT4G39940,O49196
AT4G39950,O81346
AT4G39952,Q3E9N1
AT4G39955,Q058J1
AT4G39960,Q940V1
AT4G39970,Q680K2
AT4G39980,P29976
AT4G39990,Q9SMQ6
AT4G40000,F4JJ52
AT4G40010,Q9SMQ4
AT4G40011,B3H4N6
AT4G40020,Q9SMQ3
AT4G40030,P59169
AT4G40042,Q84MC9
AT4G40045,Q940J7
AT4G40050,Q94BN1
AT4G40060,Q940J1
AT4G40063,A0A1P8B758
AT4G40070,Q8W571
AT4G40080,Q8L936
AT4G40090,Q9ZT17
AT4G40100,Q9M063
AT5G00585,P0DO60
AT5G01010,Q8GSG8
AT5G01015,Q8LBK1
AT5G01017,A0A1P8BAW4
AT5G01020,Q8GXZ3
AT5G01030,Q9LFD3
AT5G01040,Q9LFD2
AT5G01050,Q9LFD1
AT5G01060,Q9LFD0
AT5G01070,F4K7X7
AT5G01075,Q8LEW6
AT5G01080,F4K7X9
AT5G01090,Q9LFC7
AT5G01100,Q9LFC6
AT5G01110,Q9LFC5
AT5G01120,Q9LFC4
AT5G01130,F4K7Y4
AT5G01140,Q9LFC2
AT5G01150,Q9LFC1
AT5G01160,Q9LFC0
AT5G01170,Q9LFB9
AT5G01180,Q9LFB8
AT5G01190,Q6ID18
AT5G01200,Q9LFB6
AT5G01210,Q9LFB5
AT5G01220,Q8S4F6
AT5G01225,Q3E9N0
AT5G01230,Q8GUN8
AT5G01240,Q9LFB2
AT5G01250,Q9LFB1
AT5G01260,Q9LFB0
AT5G01270,Q5YDB5
AT5G01280,F4K804
AT5G01290,Q8GSD7
AT5G01300,A0A1P8BD35
AT5G01305,A0A178UDM7
AT5G01310,Q9M041
AT5G01320,Q9M040
AT5G01330,Q9M039
AT5G01340,Q9M038
AT5G01350,Q93W37
AT5G01360,Q8LED3
AT5G01370,Q9M035
AT5G01380,Q9SDW0
AT5G01390,Q9M034
AT5G01400,Q9M033
AT5G01410,Q8L940
AT5G01420,Q9M031
AT5G01440,F4K9D7
AT5G01445,F4K9D8
AT5G01450,Q6DBH0
AT5G01460,Q9M028
AT5G01470,A8MS01
AT5G01480,Q9M026
AT5G01490,Q945S5
AT5G01500,Q9M024
AT5G01510,B6IDH3
AT5G01520,Q9M022
AT5G01530,Q07473
AT5G01540,Q9M021
AT5G01550,Q9M020
AT5G01560,Q66GN2
AT5G01570,A0A1P8BFF1
AT5G01580,Q9M017
AT5G01590,Q7Y1W1
AT5G01600,Q39101
AT5G01610,Q9M015
AT5G01620,Q8RXQ1
AT5G01630,Q7Y1C4
AT5G01640,Q9M012
AT5G01650,Q9M011
AT5G01660,F4K9G6
AT5G01670,Q8GXW0
AT5G01680,Q9M008
AT5G01690,Q9M007
AT5G01700,Q6NKS1
AT5G01710,Q9M005
AT5G01720,Q8RWU5
AT5G01730,Q5XPJ6
AT5G01740,Q9LZX2
AT5G01750,Q9LZX1
AT5G01760,F4KAU9
AT5G01770,Q9LZW9
AT5G01780,F4KAV2
AT5G01790,Q6NNJ2
AT5G01800,Q9LZW6
AT5G01810,P92937
AT5G01820,Q9LZW4
AT5G01830,Q9LZW3
AT5G01840,Q9LZW2
AT5G01850,A0A1P8BGL4
AT5G01860,Q9LZW0
AT5G01870,Q9LZV9
AT5G01880,Q9LZV8
AT5G01881,Q2V3A8
AT5G01890,Q9LZV7
AT5G01895,A0A1P8BBA6
AT5G01900,Q9LZV6
AT5G01910,Q1PE06
AT5G01920,Q9LZV4
AT5G01930,Q9LZV3
AT5G01940,A0A1P8BFD8
AT5G01950,A0A1P8BAU6
AT5G01960,Q8L610
AT5G01970,Q9LZN4
AT5G01980,Q9LZN3
AT5G01990,Q9LZN2
AT5G02000,Q9LZN1
AT5G02010,Q9LZN0
AT5G02020,Q9LZM9
AT5G02030,Q9LZM8
AT5G02040,Q9LZM7
AT5G02050,Q9LZM6
AT5G02060,Q9LZM5
AT5G02065,A0A1P8BDX7
AT5G02070,Q9LZM4
AT5G02080,Q9LZM3
AT5G02090,Q9LZM2
AT5G02100,Q9LZM1
AT5G02110,Q9LZM0
AT5G02120,O81208
AT5G02130,Q9LZL9
AT5G02140,A0A178URU8
AT5G02150,Q9LZL7
AT5G02160,Q9FPH2
AT5G02170,Q8LPF4
AT5G02180,Q8GYS4
AT5G02190,Q9LZL3
AT5G02200,A8MR65
AT5G02210,Q9LZL1
AT5G02220,Q1JPP8
AT5G02230,Q9LZK9
AT5G02240,Q94EG6
AT5G02250,Q6NQJ6
AT5G02260,Q9LZ99
AT5G02270,Q9LZ98
AT5G02280,Q9LZ97
AT5G02290,P43293
AT5G02310,F4KCC2
AT5G02320,Q6R032
AT5G02330,Q9LZ92
AT5G02340,Q9LZ91
AT5G02350,Q9LZ90
AT5G02360,Q9LZ89
AT5G02370,Q5E913
AT5G02380,Q38805
AT5G02390,Q9LZ87
AT5G02400,Q9LZ86
AT5G02410,Q8L638
AT5G02420,Q9LZ60
AT5G02430,Q9LZ59
AT5G02440,Q9LZ58
AT5G02450,Q9LZ57
AT5G02460,Q9LZ56
AT5G02470,Q9FNY3
AT5G02480,Q9C5N0
AT5G02490,P22954
AT5G02500,P22953
AT5G02502,Q8L986
AT5G02510,A0A1P8BHA2
AT5G02520,F4KCE9
AT5G02530,Q8L719
AT5G02540,F4KCF2
AT5G02550,Q9LZ47
AT5G02560,Q9LZ46
AT5G02570,Q9LZ45
AT5G02580,Q84TG0
AT5G02590,Q8LEV0
AT5G02600,Q8LDS4
AT5G02610,Q9LZ41
AT5G02620,Q6AWW5
AT5G02630,Q9LZ39
AT5G02640,Q9LZ38
AT5G02650,F4KDR7
AT5G02660,Q9LZ36
AT5G02670,F4KDR9
AT5G02680,F4KDS0
AT5G02690,Q6NNM9
AT5G02700,Q9LZ15
AT5G02710,Q9LZ14
AT5G02720,A0A1P8BDZ7
AT5G02730,Q9LZ12
AT5G02740,A0JQ00
AT5G02750,Q8GXF8
AT5G02760,Q501F9
AT5G02770,Q9LZ08
AT5G02780,Q6NLB0
AT5G02790,Q9LZ06
AT5G02800,Q0WRY5
AT5G02810,Q93WK5
AT5G02820,Q9LZ03
AT5G02830,Q8GYL7
AT5G02840,Q6R0G4
AT5G02850,Q9LZ00
AT5G02860,Q9LYZ9
AT5G02870,P49691
AT5G02880,Q9LYZ7
AT5G02890,Q9LYZ6
AT5G02900,Q9LYZ5
AT5G02910,Q9LYZ4
AT5G02920,Q1PE04
AT5G02930,Q9LYZ2
AT5G02940,Q8VZM7
AT5G02950,Q9LYZ0
AT5G02960,P49201
AT5G02970,Q9LYY8
AT5G02980,Q9LYY7
AT5G02995,Q9LYY6
AT5G03000,Q9LYY5
AT5G03010,Q6NLS9
AT5G03020,Q9LYY3
AT5G03030,Q9LYY2
AT5G03040,Q93ZH7
AT5G03050,Q8GY72
AT5G03070,F4KF65
AT5G03080,Q6NLA5
AT5G03090,Q9LYX6
AT5G03100,Q501G5
AT5G03110,Q9LYX4
AT5G03120,A0A1P8BB94
AT5G03130,Q9LYX2
AT5G03140,Q9LYX1
AT5G03150,Q700D2
AT5G03160,Q9LYW9
AT5G03170,Q8LEJ6
AT5G03180,F4KF77
AT5G03190,A8MQH8
AT5G03200,Q9LYW5
AT5G03204,B3H6S3
AT5G03210,Q949Q2
AT5G03220,Q9LYW3
AT5G03230,Q9LYW2
AT5G03240,Q1EC66
AT5G03250,Q9LYW0
AT5G03260,Q8VZA1
AT5G03270,Q9LYV8
AT5G03280,Q9S814
AT5G03290,Q945K7
AT5G03300,Q9LZG0
AT5G03310,Q9LZF9
AT5G03320,Q9LZF8
AT5G03330,Q9LZF7
AT5G03340,Q9LZF6
AT5G03345,Q2HIM5
AT5G03350,Q9LZF5
AT5G03360,F4KFA3
AT5G03370,Q9LZF2
AT5G03380,Q9LZF1
AT5G03390,Q9LZF0
AT5G03400,Q9LZE9
AT5G03406,F4KFB0
AT5G03415,Q9FNY2
AT5G03420,F4KFB3
AT5G03430,Q9LZE4
AT5G03435,Q9LZE5
AT5G03440,Q8LBJ0
AT5G03450,Q9LZE2
AT5G03455,Q8GY31
AT5G03460,Q9LZE0
AT5G03470,O04375
AT5G03480,Q9LZD9
AT5G03490,Q9LZD8
AT5G03500,Q9LZD7
AT5G03510,Q9LZD5
AT5G03520,Q9LZD4
AT5G03530,O49841
AT5G03540,Q9LZD3
AT5G03545,Q9LZD2
AT5G03550,Q9LZD1
AT5G03553,A0A1P8BH56
AT5G03555,Q9LZD0
AT5G03560,F4KGN4
AT5G03570,F4KGN5
AT5G03580,F4KGN7
AT5G03590,Q9LZS9
AT5G03600,Q9LZS8
AT5G03610,Q9LZS7
AT5G03620,Q9LZS6
AT5G03630,Q93WJ8
AT5G03640,Q9LZS4
AT5G03650,Q9LZS3
AT5G03660,Q940P0
AT5G03670,Q9LZS1
AT5G03680,Q9LZS0
AT5G03690,F4KGQ0
AT5G03700,Q9LZR8
AT5G03710,Q9LZR7
AT5G03720,Q8GYY1
AT5G03730,Q05609
AT5G03740,Q9LZR5
AT5G03750,Q9LZR4
AT5G03760,Q9LZR3
AT5G03770,Q8VZA5
AT5G03780,A0A1P8BEZ4
AT5G03790,Q9LZR0
AT5G03795,Q9FFN2
AT5G03800,Q9FFN1
AT5G03810,Q9FFN0
AT5G03820,Q9LZC5
AT5G03830,F4KI15
AT5G03840,P93003
AT5G03860,Q9LZC3
AT5G03870,Q9LZC2
AT5G03880,Q940I2
AT5G03885,A0A1P8BH36
AT5G03890,Q9LZC0
AT5G03900,Q8GW20
AT5G03905,Q8LCY2
AT5G03910,Q9LZB8
AT5G03920,F4KI28
AT5G03930,F4KI29
AT5G03940,P37107
AT5G03944,B3H7J0
AT5G03960,A0A1P8BH03
AT5G03970,Q94A64
AT5G03980,Q9LZB2
AT5G03990,Q93XY4
AT5G03995,Q0WRE7
AT5G04000,F4KI39
AT5G04010,Q5EAF6
AT5G04020,A0A1P8BH59
AT5G04030,Q9LZA7
AT5G04040,Q9LZA6
AT5G04045,Q3E715
AT5G04047,B3H5F7
AT5G04050,Q9LZA5
AT5G04060,Q9LZA4
AT5G04070,Q6NLR7
AT5G04080,Q6NN03
AT5G04090,A0A178UIE7
AT5G04100,A0A1P8BB88
AT5G04120,F4KI56
AT5G04130,Q94BZ7
AT5G04140,Q9ZNZ7
AT5G04150,Q9FYE6
AT5G04160,Q9FYE5
AT5G04170,Q9FYE4
AT5G04180,Q9FYE3
AT5G04190,Q9FYE2
AT5G04200,Q9FYE1
AT5G04210,Q9FYE0
AT5G04220,Q7XA06
AT5G04230,P45725
AT5G04238,B3H7H9
AT5G04240,Q6BDA0
AT5G04250,Q8LBW2
AT5G04260,Q8VZT6
AT5G04267,B3H5Q8
AT5G04270,Q500Z2
AT5G04280,Q8RWN5
AT5G04290,F4JW79
AT5G04310,F4JW80
AT5G04320,Q0WTB8
AT5G04330,F4JW83
AT5G04340,O22533
AT5G04347,A0A1P8B9Z0
AT5G04350,F4JW86
AT5G04360,Q8GTR4
AT5G04370,Q0WL44
AT5G04380,A0A1P8BC09
AT5G04390,Q84K31
AT5G04395,A0A1P8BGF2
AT5G04400,F4JW93
AT5G04410,Q84K00
AT5G04420,Q9LZ83
AT5G04430,Q9LZ82
AT5G04440,Q500X2
AT5G04460,F4JWA1
AT5G04470,Q9LZ78
AT5G04475,A0A1P8BBB0
AT5G04480,Q940Y7
AT5G04490,Q9LZ76
AT5G04500,Q84WB7
AT5G04510,Q9XF67
AT5G04520,Q9LZ73
AT5G04530,Q9LZ72
AT5G04540,F4JWB3
AT5G04550,Q9LZ71
AT5G04560,Q8LK56
AT5G04590,Q9LZ66
AT5G04600,Q9LZ65
AT5G04610,F4JWB9
AT5G04620,Q8GW43
AT5G04630,Q9LZ62
AT5G04640,Q9LZ61
AT5G04660,Q9LZ31
AT5G04670,Q9LZ30
AT5G04680,A0A1P8BH58
AT5G04690,A0A1P8BCP0
AT5G04700,Q9LZ27
AT5G04710,Q9LZ26
AT5G04720,Q9LZ25
AT5G04730,F4JXP4
AT5G04740,Q9LZ23
AT5G04750,Q84W11
AT5G04760,Q9LZ21
AT5G04770,Q9LZ20
AT5G04780,Q9LZ19
AT5G04790,Q9LZ18
AT5G04800,Q9LZ17
AT5G04810,Q0WMY5
AT5G04820,Q9FMC8
AT5G04830,Q9FMC7
AT5G04840,Q8L5X9
AT5G04850,Q9FMC5
AT5G04853,B3H5I3
AT5G04860,Q9FMC4
AT5G04870,Q06850
AT5G04885,Q0WNW0
AT5G04890,Q9M670
AT5G04895,Q9FF84
AT5G04900,Q8LEU3
AT5G04910,Q1PE01
AT5G04920,Q9FF81
AT5G04930,P98204
AT5G04933,A0A1P8BE04
AT5G04937,A0A1P8BDW2
AT5G04940,Q9FF80
AT5G04950,Q9FF79
AT5G04960,Q9FF78
AT5G04970,Q9FF77
AT5G04980,A8MR21
AT5G04990,Q9FF75
AT5G05000,Q38906
AT5G05010,Q93Y22
AT5G05020,Q9FF72
AT5G05030,Q9FF71
AT5G05040,Q9FF70
AT5G05050,Q9FF69
AT5G05060,Q9FF68
AT5G05070,Q5PNZ1
AT5G05080,Q9FF66
AT5G05085,A0A1R7T3C4
AT5G05090,Q9FF65
AT5G05100,Q93YN3
AT5G05110,Q8LC76
AT5G05113,B3H6G1
AT5G05120,Q9FF62
AT5G05130,Q9FF61
AT5G05140,Q9FHK9
AT5G05150,Q9FHK8
AT5G05160,Q9FHK7
AT5G05170,Q941L0
AT5G05180,Q9FHK5
AT5G05190,Q9FHK4
AT5G05200,Q9ASX5
AT5G05210,Q9FLD3
AT5G05220,Q940U2
AT5G05230,Q6DBN5
AT5G05240,F4JZ91
AT5G05250,Q9FLC9
AT5G05260,Q9FLC8
AT5G05270,Q8VZW3
AT5G05280,Q9FLC6
AT5G05285,A0A1P8BG84
AT5G05290,Q38866
AT5G05300,Q9FLC4
AT5G05310,A0A1P8BCM5
AT5G05320,Q9FLC2
AT5G05330,Q58FU4
AT5G05340,Q9FLC0
AT5G05350,Q5XV52
AT5G05360,F4JZA9
AT5G05365,Q56ZM7
AT5G05370,Q9FLB7
AT5G05380,Q9FLB6
AT5G05390,Q9FLB5
AT5G05400,Q9FLB4
AT5G05410,O82132
AT5G05420,Q9FLB3
AT5G05430,A0A1P8BBH0
AT5G05440,Q9FLB1
AT5G05450,Q9FLB0
AT5G05460,F4JZC2
AT5G05470,Q9FE78
AT5G05480,Q9FFG6
AT5G05490,Q9S7T7
AT5G05500,Q9FFG5
AT5G05510,Q9FFG4
AT5G05520,Q9FFG3
AT5G05530,Q9FFG2
AT5G05540,Q9FFG1
AT5G05550,Q9FFG0
AT5G05560,Q9FFF9
AT5G05570,F4K0R0
AT5G05580,P48622
AT5G05590,Q42527
AT5G05598,A8MR84
AT5G05600,Q9FFF6
AT5G05610,Q9FFF5
AT5G05620,P38558
AT5G05630,Q9FFL1
AT5G05635,A0A1P8BGR5
AT5G05640,Q9FFL0
AT5G05650,Q9FFK9
AT5G05653,A0A1P8BH19
AT5G05657,Q3E9K9
AT5G05660,Q9FFK8
AT5G05670,Q9FFK7
AT5G05675,A0A1P8BH99
AT5G05680,Q9FFK6
AT5G05690,Q42569
AT5G05700,Q9ZT48
AT5G05710,Q9FFK5
AT5G05720,F4K0T3
AT5G05730,P32068
AT5G05735,A0A1R7T3C3
AT5G05740,Q9FFK3
AT5G05750,Q9FFK2
AT5G05760,Q9FFK1
AT5G05770,Q9FFK0
AT5G05780,O24412
AT5G05790,Q9FFJ9
AT5G05800,Q9FFJ8
AT5G05810,Q5EAE9
AT5G05820,Q6DBP3
AT5G05825,F2Q9V4
AT5G05830,Q9FFJ5
AT5G05840,Q9FFJ4
AT5G05850,Q9FFJ3
AT5G05860,Q9FIA0
AT5G05870,Q9FI99
AT5G05880,Q9FI98
AT5G05890,Q9FI97
AT5G05900,Q9FI96
AT5G05910,Q9FI95
AT5G05920,Q9FI94
AT5G05930,Q8L870
AT5G05940,F4K295
AT5G05950,Q9FI91
AT5G05960,Q8LBY9
AT5G05965,Q5XV49
AT5G05970,B3H5K9
AT5G05980,F4K2A1
AT5G05987,Q8GWC3
AT5G05990,Q9FI87
AT5G06000,Q9FI86
AT5G06010,Q9FI85
AT5G06020,Q9FI84
AT5G06030,Q9FI83
AT5G06040,Q9FI82
AT5G06043,Q2V397
AT5G06050,Q9FG39
AT5G06060,Q9LHT0
AT5G06070,Q9LHS9
AT5G06080,Q9LHS8
AT5G06090,Q9LHS7
AT5G06100,Q8W1W6
AT5G06110,Q9LHS5
AT5G06120,A0A1P8BC62
AT5G06130,Q8VYD8
AT5G06140,Q9FG38
AT5G06150,Q39067
AT5G06160,Q9FG01
AT5G06170,Q9FG00
AT5G06180,Q8LGK6
AT5G06190,F4K2D3
AT5G06200,Q9FFZ7
AT5G06210,Q9FFZ6
AT5G06220,F4K2D7
AT5G06230,Q9FFZ4
AT5G06240,Q9FFZ3
AT5G06250,Q9FNI3
AT5G06260,Q9FNI2
AT5G06265,Q8LCC6
AT5G06270,Q9FNI1
AT5G06280,Q9FNI0
AT5G06290,Q9C5R8
AT5G06300,Q8GW29
AT5G06310,Q6NKX5
AT5G06320,Q9FNH6
AT5G06330,Q9FNH5
AT5G06340,Q9FNH4
AT5G06350,F4K3T5
AT5G06360,Q9FNH2
AT5G06370,Q93V51
AT5G06380,Q9FNH0
AT5G06390,Q66GR0
AT5G06400,Q9FNG8
AT5G06410,Q8L7K4
AT5G06420,Q9FNG6
AT5G06430,Q9FNG5
AT5G06440,F4K3U7
AT5G06450,Q9FNG3
AT5G06460,P92974
AT5G06470,Q9FNG2
AT5G06480,Q9FG22
AT5G06490,Q9FG21
AT5G06500,Q9FG20
AT5G06510,Q8LFU0
AT5G06520,Q9FG18
AT5G06530,Q93YS4
AT5G06540,Q9FG16
AT5G06550,Q67XX3
AT5G06560,Q9FG14
AT5G06570,Q9FG13
AT5G06580,Q94AX4
AT5G06590,Q8GYE1
AT5G06600,Q9FPT1
AT5G06610,Q9FG09
AT5G06620,Q9FG08
AT5G06630,F4K3X4
AT5G06640,Q9FG06
AT5G06645,A0A1P8BCW1
AT5G06650,Q9FG05
AT5G06660,Q9FG04
AT5G06670,F4K3X8
AT5G06680,Q9FG37
AT5G06690,Q9FG36
AT5G06700,Q9FG35
AT5G06710,P46665
AT5G06720,Q42578
AT5G06730,Q9FG34
AT5G06740,Q9FG33
AT5G06750,Q84JD5
AT5G06755,F4K580
AT5G06760,Q9FG31
AT5G06770,Q9FG30
AT5G06780,Q9FG29
AT5G06790,Q9FG28
AT5G06800,Q0WVU3
AT5G06810,F4K588
AT5G06811,A0A1P8BG52
AT5G06820,Q9FG24
AT5G06830,Q9FG23
AT5G06839,E3VNM4
AT5G06850,Q9FL59
AT5G06860,Q9M5J9
AT5G06870,Q9M5J8
AT5G06890,Q9FL57
AT5G06900,Q9FL56
AT5G06905,F4K599
AT5G06910,Q9FL54
AT5G06920,Q9FL53
AT5G06930,Q0WQA5
AT5G06940,Q9FL51
AT5G06950,P43273
AT5G06960,Q39163
AT5G06970,Q8RX56
AT5G06980,Q9FL48
AT5G06990,Q9FL47
AT5G07000,Q8GZ53
AT5G07010,Q8L5A7
AT5G07020,Q9FL44
AT5G07030,F4K5B9
AT5G07040,Q9FL42
AT5G07050,Q9FL41
AT5G07060,Q9FL40
AT5G07070,Q9LYQ8
AT5G07080,Q9LYQ7
AT5G07090,P49204
AT5G07100,Q9C5T3
AT5G07110,Q9LYQ4
AT5G07120,B9DFS6
AT5G07130,Q9LYQ2
AT5G07140,F4K6K4
AT5G07150,A0A1P8BBQ5
AT5G07160,Q56FQ1
AT5G07165,A0A1P8BFS0
AT5G07170,F4K6K7
AT5G07175,A0A1P8BBB8
AT5G07180,Q6XAT2
AT5G07190,Q9LYP6
AT5G07200,Q39112
AT5G07210,Q9LYP5
AT5G07220,Q9LYP4
AT5G07225,F4K6L4
AT5G07230,Q00762
AT5G07240,Q9LYP2
AT5G07250,Q9LYP1
AT5G07260,Q84JD1
AT5G07270,Q4FE45
AT5G07280,Q9LYN8
AT5G07290,Q9LYN7
AT5G07300,Q5S1W2
AT5G07310,Q9LY29
AT5G07320,Q9LY28
AT5G07330,Q9LY27
AT5G07340,Q38798
AT5G07350,Q8VZG7
AT5G07360,F4K6N3
AT5G07370,Q9LY23
AT5G07380,Q1PDZ3
AT5G07390,O81209
AT5G07400,Q84MA4
AT5G07410,Q9LY19
AT5G07420,Q9LY18
AT5G07430,Q9LY17
AT5G07440,Q38946
AT5G07450,Q9LY16
AT5G07460,Q9LY15
AT5G07470,Q9LY14
AT5G07475,Q7XA70
AT5G07480,F4K813
AT5G07490,Q1PDZ2
AT5G07500,O65036
AT5G07510,Q1PDZ0
AT5G07520,Q9LY10
AT5G07530,Q9LY09
AT5G07540,Q9LY08
AT5G07545,A0A1R7T3I1
AT5G07550,Q42574
AT5G07560,Q9LY07
AT5G07570,Q9LY06
AT5G07571,F4K829
AT5G07572,Q1G379
AT5G07580,Q9LY05
AT5G07590,Q5PP39
AT5G07600,Q9FLS1
AT5G07610,Q9FLS0
AT5G07620,Q9FLR9
AT5G07630,A0A1P8BG39
AT5G07640,Q9FLR7
AT5G07645,P0C5K3
AT5G07650,P0C5K2
AT5G07660,Q9FLR5
AT5G07670,Q8VYT5
AT5G07680,Q9FLR3
AT5G07690,Q9FLR1
AT5G07700,Q9SPG5
AT5G07710,Q9FLR0
AT5G07720,Q9LF80
AT5G07730,Q93XY2
AT5G07740,Q9FLQ7
AT5G07760,P0C5K4
AT5G07765,P0C5K5
AT5G07770,Q9FF15
AT5G07780,Q9FF14
AT5G07790,Q9FF13
AT5G07800,Q9FF12
AT5G07810,F4K856
AT5G07820,Q9SDA2
AT5G07830,Q9FF10
AT5G07840,Q9FF09
AT5G07850,Q9SD99
AT5G07860,Q9SD98
AT5G07870,Q9SD97
AT5G07880,Q9SD96
AT5G07890,B9DG86
AT5G07900,Q9SD94
AT5G07910,Q8RWI2
AT5G07920,Q39017
AT5G07930,Q9SD91
AT5G07940,Q9FF08
AT5G07950,Q8LA67
AT5G07960,Q9SD88
AT5G07970,Q9SD87
AT5G07980,Q9SD86
AT5G07990,Q9SD85
AT5G08000,Q9SD84
AT5G08005,A0A1P8BHH9
AT5G08010,Q9SD83
AT5G08020,Q9SD82
AT5G08030,Q9SD81
AT5G08040,Q9SD80
AT5G08050,Q9SD79
AT5G08055,Q2V392
AT5G08060,Q9SD78
AT5G08070,Q9LEZ9
AT5G08080,Q8VZU2
AT5G08090,Q9LEZ7
AT5G08100,P50287
AT5G08110,A0A1P8BBA5
AT5G08120,Q9LEZ4
AT5G08130,Q9LEZ3
AT5G08139,Q8GYG0
AT5G08141,F4K9L7
AT5G08150,Q9LEZ1
AT5G08160,O04265
AT5G08170,Q8GWW7
AT5G08180,Q9LEY9
AT5G08190,Q944I5
AT5G08200,Q8L708
AT5G08230,Q9LEY4
AT5G08240,Q9LEY3
AT5G08250,Q9LEY2
AT5G08260,Q9LEY1
AT5G08270,F4K9N6
AT5G08280,Q43316
AT5G08290,Q9FE62
AT5G08300,P68209
AT5G08305,P0C8Q7
AT5G08310,P0C8Q6
AT5G08315,Q2V391
AT5G08320,Q9FTA3
AT5G08330,Q9FTA2
AT5G08335,Q93W54
AT5G08340,Q8VZR0
AT5G08350,Q9FTA0
AT5G08360,Q84MC6
AT5G08370,Q8RX86
AT5G08380,Q9FT97
AT5G08390,F4KB17
AT5G08391,Q8LBX6
AT5G08400,Q8VZD1
AT5G08410,Q8LBP6
AT5G08415,Q8LEE8
AT5G08420,Q9FT93
AT5G08430,Q9FT92
AT5G08440,A0A1P8B9Z1
AT5G08450,Q8RWV9
AT5G08460,Q9FNP2
AT5G08470,Q9FNP1
AT5G08480,Q9FNP0
AT5G08490,Q9FNN9
AT5G08500,Q9FNN8
AT5G08505,Q2V390
AT5G08510,Q9FNN7
AT5G08520,Q9FNN6
AT5G08530,Q9FNN5
AT5G08535,Q94EI2
AT5G08540,Q93VT6
AT5G08550,Q9FNN3
AT5G08560,Q9FNN2
AT5G08565,Q8LCQ3
AT5G08570,Q9FNN1
AT5G08580,Q9FNN0
AT5G08590,P43292
AT5G08600,F4KB50
AT5G08610,Q9FNM7
AT5G08620,Q94C75
AT5G08630,F4KB54
AT5G08640,Q96330
AT5G08650,Q9FNM5
AT5G08660,P0DO24
AT5G08670,P83483
AT5G08680,Q9C5A9
AT5G08690,P83484
AT5G08695,F4KCG5
AT5G08710,Q8GWF2
AT5G08720,Q9C5A5
AT5G08730,Q9C5A4
AT5G08740,Q8GXR9
AT5G08750,F4KCH0
AT5G08760,F4KCH3
AT5G08770,F4KCH4
AT5G08780,Q6AWW7
AT5G08790,Q9C598
AT5G09210,F4KCH7
AT5G09220,Q38967
AT5G09225,Q8GYQ7
AT5G09230,Q94AQ6
AT5G09240,F4KCI8
AT5G09250,O65154
AT5G09260,Q9FY89
AT5G09270,Q9FY88
AT5G09280,Q9FY87
AT5G09290,Q84VY5
AT5G09300,Q84JL2
AT5G09310,Q9FY84
AT5G09320,F4KCK0
AT5G09330,Q9FY82
AT5G09340,Q9FY81
AT5G09350,Q0WPX9
AT5G09360,Q9FY79
AT5G09370,Q9FY78
AT5G09380,Q9FY77
AT5G09390,Q8L4S3
AT5G09400,Q9FY75
AT5G09410,Q9FY74
AT5G09420,F4KCL7
AT5G09430,Q4PSG2
AT5G09440,Q9FY71
AT5G09445,A8MQR8
AT5G09450,Q94B59
AT5G09460,Q9FY69
AT5G09470,Q9FY68
AT5G09480,Q9FY67
AT5G09490,Q9FY66
AT5G09500,Q9FY65
AT5G09510,Q9FY64
AT5G09520,Q9LXB7
AT5G09530,Q9LXB8
AT5G09540,Q9LXB9
AT5G09550,Q9LXC0
AT5G09560,F4KDY1
AT5G09570,Q9LXC2
AT5G09580,Q9LXC3
AT5G09590,Q9LDZ0
AT5G09600,P0DKI0
AT5G09610,Q9LXC5
AT5G09620,Q9LXC6
AT5G09630,Q9LXC7
AT5G09640,Q8VZU3
AT5G09650,Q9LXC9
AT5G09660,Q9ZP05
AT5G09670,Q9LXD0
AT5G09680,Q9LXD1
AT5G09690,Q304A0
AT5G09700,F4KE06
AT5G09710,Q9LXD4
AT5G09711,B3H7H0
AT5G09720,P0CZ22
AT5G09730,Q9LXD6
AT5G09740,Q9LXD7
AT5G09750,Q9LXD8
AT5G09760,Q9LXD9
AT5G09770,Q8LD39
AT5G09780,Q9LXE1
AT5G09790,Q8VZJ1
AT5G09800,Q9LXE3
AT5G09805,Q6DUW7
AT5G09810,P53492
AT5G09820,Q5M755
AT5G09830,Q9FIC3
AT5G09840,Q9FIC2
AT5G09850,F4KFC7
AT5G09860,Q93VM9
AT5G09870,Q8L778
AT5G09876,F4KFD1
AT5G09880,Q93Y25
AT5G09890,F4KFD4
AT5G09900,Q9FIB6
AT5G09910,F4KFD8
AT5G09920,O48890
AT5G09930,Q9FIB4
AT5G09940,Q9FIB3
AT5G09950,Q9FIB2
AT5G09960,Q67XU1
AT5G09970,Q9FIB0
AT5G09976,F4KFE5
AT5G09978,P0C1T5
AT5G09980,Q9FIA9
AT5G09990,Q8LD63
AT5G09995,F4KFF0
AT5G10000,Q9FIA7
AT5G10010,A2RVJ8
AT5G10020,Q0WR59
AT5G10030,Q39162
AT5G10040,Q9LX24
AT5G10050,Q147P9
AT5G10060,Q8GUK8
AT5G10070,F4KFG2
AT5G10080,Q9LX20
AT5G10090,Q9LX19
AT5G10100,F4KFG5
AT5G10110,Q8VZV8
AT5G10120,Q9LX16
AT5G10130,Q9LX15
AT5G10140,Q9S7Q7
AT5G10150,Q9LX14
AT5G10160,Q9LX13
AT5G10170,Q9LX12
AT5G10180,O04722
AT5G10190,A0A1P8BBK2
AT5G10200,Q0WMT6
AT5G10210,Q9LX09
AT5G10220,Q9LX08
AT5G10230,Q9LX07
AT5G10240,Q9LFU1
AT5G10250,Q9LFU0
AT5G10260,Q9LFT9
AT5G10270,Q9LFT8
AT5G10280,Q9SBF3
AT5G10290,C0LGT1
AT5G10300,Q9LFT6
AT5G10310,Q9LFT5
AT5G10320,A0A1P8BGP0
AT5G10330,B9DHD3
AT5G10336,B3H562
AT5G10340,Q9LX89
AT5G10350,Q9LX90
AT5G10360,P51430
AT5G10370,F4KGU4
AT5G10380,Q9LX93
AT5G10410,Q8H0W9
AT5G10420,Q1PDX9
AT5G10430,Q9ZT16
AT5G10435,A0A1P8BC53
AT5G10440,Q0WQN9
AT5G10450,P48349
AT5G10460,Q6DBI9
AT5G10470,Q9LX99
AT5G10480,Q8VZB2
AT5G10490,Q56X46
AT5G10500,Q8LPQ1
AT5G10510,Q52QU2
AT5G10520,Q8H1D6
AT5G10530,Q9LXA5
AT5G10540,Q949P2
AT5G10550,Q9LXA7
AT5G10560,Q9LXA8
AT5G10570,Q9LXA9
AT5G10580,A0A1P8BAB6
AT5G10590,Q9LXB1
AT5G10600,F4KI78
AT5G10605,F4KI79
AT5G10610,Q9LXB3
AT5G10620,Q9LXB4
AT5G10625,Q9LXB5
AT5G10650,Q5XEP8
AT5G10660,F4KI88
AT5G10680,Q9FT64
AT5G10690,Q8VYD6
AT5G10695,Q8RXY3
AT5G10700,A0A1P8BD66
AT5G10710,Q8GUP4
AT5G10720,Q3S4A7
AT5G10730,Q93VH5
AT5G10740,Q8LAY8
AT5G10745,Q8LCJ2
AT5G10750,Q9LEW4
AT5G10760,Q9LEW3
AT5G10770,Q8S9J6
AT5G10780,A8MQD8
AT5G10790,Q9LEW0
AT5G10800,F4KIA8
AT5G10810,Q96319
AT5G10820,Q9LEV7
AT5G10830,Q9LEV6
AT5G10840,F4KIB2
AT5G10860,Q9LEV3
AT5G10870,Q9S7H4
AT5G10880,Q9LEV2
AT5G10890,A0A1P8B9P9
AT5G10900,Q9LEV0
AT5G10910,Q9LEU9
AT5G10920,Q9LEU8
AT5G10930,Q9LEU7
AT5G10940,Q94BQ3
AT5G10946,A0A1P8BE35
AT5G10950,Q9LEU5
AT5G10960,Q9LEU4
AT5G10970,Q9LEU3
AT5G10990,Q9LEU2
AT5G11000,Q9LEU1
AT5G11010,Q8VYP6
AT5G11020,F4JWD4
AT5G11030,Q84VX3
AT5G11040,Q9FY61
AT5G11050,Q9FY60
AT5G11060,P48001
AT5G11070,Q9FY58
AT5G11080,F4JWE4
AT5G11090,Q9FY56
AT5G11100,A0JJX5
AT5G11110,Q9FY54
AT5G11130,Q9LFP3
AT5G11140,Q9LFP2
AT5G11150,Q9LFP1
AT5G11160,Q9LFP0
AT5G11170,Q56XG6
AT5G11180,Q9LFN8
AT5G11190,Q9LFN7
AT5G11200,Q9LFN6
AT5G11210,Q9LFN5
AT5G11220,Q9LFN4
AT5G11230,Q9LFN3
AT5G11240,B5X503
AT5G11250,Q9LFN1
AT5G11260,O24646
AT5G11270,Q8H0V5
AT5G11280,Q94AQ7
AT5G11290,Q9LFM8
AT5G11300,Q147G5
AT5G11310,Q9LFM6
AT5G11320,Q9LFM5
AT5G11330,Q9LFM4
AT5G11340,Q9LFM3
AT5G11350,Q8VYU4
AT5G11360,F4JWH8
AT5G11370,Q9LFM0
AT5G11380,Q9LFL9
AT5G11390,Q8L7E5
AT5G11400,Q9LFL7
AT5G11410,Q9LFL6
AT5G11412,Q1G378
AT5G11416,B3H491
AT5G11420,Q9LYE7
AT5G11425,B3H775
AT5G11430,F4JXV3
AT5G11440,Q9LYE5
AT5G11450,P82715
AT5G11460,Q9LYE4
AT5G11470,Q9LYE3
AT5G11480,Q9LYE2
AT5G11490,Q9LDK9
AT5G11500,Q9LYE1
AT5G11510,Q94FL9
AT5G11520,P46644
AT5G11530,Q9LYD9
AT5G11540,Q9LYD8
AT5G11550,Q9LYD7
AT5G11560,F4JXW9
AT5G11565,A0A1P8BDW1
AT5G11570,Q9LYD5
AT5G11580,Q93Z10
AT5G11590,Q9LYD3
AT5G11600,Q9LYD2
AT5G11610,Q9LYD1
AT5G11620,Q9LYG8
AT5G11630,Q6NNL9
AT5G11640,Q9LYG6
AT5G11650,Q9LYG5
AT5G11660,Q9LYG4
AT5G11670,Q9LYG3
AT5G11680,Q9LYG2
AT5G11690,Q9LYG1
AT5G11700,F4JXY6
AT5G11710,Q8VY07
AT5G11720,Q9LYF8
AT5G11730,Q9LYF7
AT5G11740,Q9LYF6
AT5G11750,A0A1P8BFU6
AT5G11760,Q9LYF4
AT5G11770,Q42577
AT5G11780,Q56Y63
AT5G11790,Q9ASU8
AT5G11800,B5X0N6
AT5G11810,Q9LYF0
AT5G11820,F4JXZ8
AT5G11830,Q9LYE8
AT5G11840,B6IDH6
AT5G11850,Q8S9K4
AT5G11860,Q9LYI7
AT5G11870,F4JZD5
AT5G11880,Q94A94
AT5G11890,Q9LYI4
AT5G11900,Q8VZK2
AT5G11910,Q24JN1
AT5G11920,Q8W4S6
AT5G11930,Q29PZ1
AT5G11940,Q1PDX5
AT5G11950,Q84MC2
AT5G11960,Q8RWH8
AT5G11970,Q9LYH6
AT5G11975,A0A1P8BGE1
AT5G11980,Q84K25
AT5G11990,Q9LYH4
AT5G12000,Q0WVJ0
AT5G12010,Q9LYH2
AT5G12020,P29830
AT5G12030,O81822
AT5G12040,Q8RUF8
AT5G12043,B3H5D1
AT5G12050,Q9LYH0
AT5G12060,Q9FMQ4
AT5G12070,F4JZG1
AT5G12080,Q9LYG9
AT5G12090,Q9FMQ2
AT5G12100,Q9FMQ1
AT5G12110,Q84WM9
AT5G12120,Q9FMQ0
AT5G12130,F4JZG9
AT5G12140,Q945Q1
AT5G12150,Q9FMP8
AT5G12170,Q8RWL5
AT5G12180,Q9FMP5
AT5G12190,Q9FMP4
AT5G12200,Q9FMP3
AT5G12210,Q84J75
AT5G12220,F4JZH9
AT5G12230,Q9FMP0
AT5G12235,Q3E9I4
AT5G12236,B3H4M6
AT5G12240,Q6NQD2
AT5G12250,P29514
AT5G12260,Q9FMN8
AT5G12270,Q94CL5
AT5G12280,Q94CL4
AT5G12290,Q8GUK1
AT5G12300,Q94CL2
AT5G12310,Q94CL1
AT5G12320,Q8GWI1
AT5G12330,Q94CK9
AT5G12340,Q1PDX4
AT5G12350,F4K0X5
AT5G12360,Q94CK6
AT5G12365,X5JB51
AT5G12370,X5JA13
AT5G12380,Q94CK4
AT5G12390,Q94CK3
AT5G12400,F4K0Y2
AT5G12410,Q94CK1
AT5G12420,Q94CK0
AT5G12430,F4K0Y5
AT5G12440,Q94CJ8
AT5G12450,Q94CJ7
AT5G12460,Q1PDX3
AT5G12470,Q94CJ5
AT5G12480,Q38873
AT5G12840,Q9LXV5
AT5G12850,Q9LXV4
AT5G12860,Q9LXV3
AT5G12870,Q9LXV2
AT5G12880,Q9LXV1
AT5G12890,Q9LXV0
AT5G12900,Q9LXU9
AT5G12910,Q9LXU8
AT5G12920,F4K108
AT5G12930,Q9LXU6
AT5G12940,Q9LXU5
AT5G12950,Q9LXU4
AT5G12960,Q84W43
AT5G12970,Q9LXU2
AT5G12980,Q9LXU1
AT5G12990,Q9LXU0
AT5G13000,Q9LXT9
AT5G13010,F4K2E9
AT5G13020,F4K2F0
AT5G13030,Q8H126
AT5G13050,Q8L539
AT5G13060,B7U179
AT5G13070,Q9FYA3
AT5G13080,Q9FYA2
AT5G13090,Q8H0Z9
AT5G13100,Q9FYA0
AT5G13110,Q9FY99
AT5G13120,Q9ASS6
AT5G13130,F4K2G3
AT5G13140,Q9FY96
AT5G13150,Q9FY95
AT5G13160,Q9FE20
AT5G13170,Q9FY94
AT5G13180,Q9FY93
AT5G13181,B3H435
AT5G13190,Q94CD4
AT5G13200,Q9LYV6
AT5G13210,Q9LYV5
AT5G13220,Q93ZM9
AT5G13230,Q9LYV3
AT5G13240,Q8RXT1
AT5G13250,F4K2H9
AT5G13260,Q8VZL1
AT5G13270,Q9LYU9
AT5G13280,Q9LYU8
AT5G13290,Q9LYU7
AT5G13295,A0A1P8BF06
AT5G13300,Q5W7F2
AT5G13310,Q9LYU5
AT5G13320,Q9LYU4
AT5G13330,Q9LYU3
AT5G13340,Q9LYU2
AT5G13350,Q9LYU1
AT5G13360,F4K2J2
AT5G13370,Q8GZ29
AT5G13380,F4K2J6
AT5G13390,A0A1P8BD81
AT5G13400,Q9LYR6
AT5G13410,Q9LYR5
AT5G13420,Q9LYR4
AT5G13430,Q94JS0
AT5G13440,Q9LYR2
AT5G13450,Q96251
AT5G13460,Q9LYR0
AT5G13470,Q9LYQ9
AT5G13480,Q6NLV4
AT5G13490,P40941
AT5G13500,Q9FY51
AT5G13510,Q9FY50
AT5G13520,Q9FY49
AT5G13530,Q9FY48
AT5G13550,Q9FY46
AT5G13560,Q8GY46
AT5G13565,A0A1P8BCQ2
AT5G13570,Q8GW31
AT5G13580,Q9FNB5
AT5G13590,A0A1P8BET4
AT5G13600,Q9FNB3
AT5G13610,Q9FNB2
AT5G13620,Q9FNB1
AT5G13630,Q9FNB0
AT5G13640,Q9FNA9
AT5G13650,F4K410
AT5G13660,B3H544
AT5G13670,Q9FNA5
AT5G13680,Q9FNA4
AT5G13690,Q9FNA3
AT5G13700,Q9FNA2
AT5G13710,Q9LM02
AT5G13720,Q9FNA1
AT5G13730,Q9ZSL6
AT5G13740,Q8RWN2
AT5G13750,Q94BZ1
AT5G13760,F4K425
AT5G13770,Q66GP4
AT5G13780,Q9FKI4
AT5G13790,Q38847
AT5G13800,Q9FFZ1
AT5G13810,Q9FFZ0
AT5G13820,Q9FFY9
AT5G13825,Q5XV41
AT5G13830,Q9SXH3
AT5G13840,Q8LPL5
AT5G13850,Q6ICZ8
AT5G13860,Q9FFY6
AT5G13870,Q9XIW1
AT5G13880,Q9FFY5
AT5G13890,Q9FFY4
AT5G13900,Q9FFY3
AT5G13910,Q9M644
AT5G13920,A0A1P8BEI2
AT5G13930,P13114
AT5G13940,F4K5D9
AT5G13950,F4K5E2
AT5G13960,Q8GZB6
AT5G13970,Q9FFX8
AT5G13980,Q8LPJ3
AT5G13990,Q9FFX6
AT5G14000,A0A1P8BAC2
AT5G14010,Q9FFX4
AT5G14020,Q0WSL5
AT5G14030,Q94BY3
AT5G14040,Q9FMU6
AT5G14050,Q9FMU5
AT5G14060,O23653
AT5G14070,Q8LF89
AT5G14080,Q9FMU2
AT5G14090,Q5XV40
AT5G14100,Q8LEF6
AT5G14105,Q8LEU9
AT5G14110,Q9FMT9
AT5G14120,Q9FMT8
AT5G14130,Q96509
AT5G14140,Q0WRF4
AT5G14150,Q9FMT6
AT5G14160,Q9FMT5
AT5G14170,Q9FMT4
AT5G14180,Q67ZU1
AT5G14200,Q9FMT1
AT5G14210,A0A1P8BA72
AT5G14220,Q8S9J1
AT5G14230,F4K5I0
AT5G14240,Q9LYA5
AT5G14250,Q8W575
AT5G14260,Q8VZB5
AT5G14270,Q93YS6
AT5G14275,A0A1R7T3J3
AT5G14280,P0DKL0
AT5G14285,Q8GYK7
AT5G14290,Q1PDW9
AT5G14300,Q9LY99
AT5G14310,Q8LED9
AT5G14320,P42732
AT5G14330,Q9LY96
AT5G14340,F4K6R6
AT5G14345,F4K6R7
AT5G14360,Q9LY93
AT5G14370,Q949T9
AT5G14380,Q9LY91
AT5G14390,Q9LY90
AT5G14400,A0A1P8BDE8
AT5G14410,Q9LY88
AT5G14420,Q9LY87
AT5G14430,Q8VZV7
AT5G14440,Q6NPE4
AT5G14450,Q9LY84
AT5G14460,Q0WVR7
AT5G14470,Q9LY82
AT5G14480,Q9LY81
AT5G14490,A0A1P8BAI4
AT5G14500,Q5EAF4
AT5G14510,Q9LY78
AT5G14515,A0A1P8BB23
AT5G14520,Q9LYK7
AT5G14530,Q9LYK6
AT5G14540,B9DHK3
AT5G14550,A0A1P8BAC3
AT5G14560,Q9LYK3
AT5G14570,Q9LYK2
AT5G14580,Q9S7G6
AT5G14590,Q8LPJ5
AT5G14600,Q84K50
AT5G14602,B3H764
AT5G14610,Q9LYJ9
AT5G14620,Q9M548
AT5G14640,Q8VZD5
AT5G14650,Q9LYJ5
AT5G14660,Q9FUZ2
AT5G14670,A0A1P8BDK6
AT5G14680,Q9LYJ2
AT5G14690,Q9LYJ1
AT5G14700,Q9LYJ0
AT5G14710,Q9LER5
AT5G14720,Q84WU5
AT5G14730,Q9LER3
AT5G14740,P42737
AT5G14750,Q9SEI0
AT5G14760,Q94AY1
AT5G14770,Q9LER0
AT5G14780,Q9S7E4
AT5G14790,Q9LEQ9
AT5G14800,P54904
AT5G14820,Q9LEQ7
AT5G14850,Q94A15
AT5G14860,Q1PDW8
AT5G14870,Q9LEQ3
AT5G14880,Q9M7J9
AT5G14890,F4K891
AT5G14895,A0A1P8BDM5
AT5G14900,Q9LFR5
AT5G14910,Q93VK7
AT5G14920,Q9LFR3
AT5G14930,Q4F883
AT5G14940,Q9LFR1
AT5G14950,Q9LFR0
AT5G14960,Q9LFQ9
AT5G14970,Q9LFQ8
AT5G14980,Q9LFQ7
AT5G14990,Q9LFQ6
AT5G14995,A8MS22
AT5G15000,F4K8A7
AT5G15008,B3H4Y8
AT5G15010,Q9LFQ4
AT5G15020,Q9LFQ3
AT5G15025,A0A1P8BFD5
AT5G15030,F4K8B2
AT5G15040,Q9LFQ1
AT5G15050,Q9LFQ0
AT5G15060,P59469
AT5G15070,Q84WW3
AT5G15080,Q9LFP7
AT5G15090,Q9SMX3
AT5G15100,Q9LFP6
AT5G15110,Q9LFP5
AT5G15120,Q9LXG9
AT5G15130,Q9LXG8
AT5G15140,Q9LXG7
AT5G15150,Q00466
AT5G15160,Q9LXG5
AT5G15170,Q8H1D9
AT5G15180,Q9LXG3
AT5G15190,Q8GW49
AT5G15200,Q9LXG1
AT5G15210,Q9LXG0
AT5G15220,Q94AC6
AT5G15230,P46690
AT5G15240,Q9LXF8
AT5G15250,Q1PDW5
AT5G15260,Q8VYH4
AT5G15265,Q56YM4
AT5G15270,Q0WNX3
AT5G15280,Q9LXF4
AT5G15290,Q9LXF3
AT5G15300,Q9LXF2
AT5G15310,Q9LXF1
AT5G15320,Q8GXE7
AT5G15330,Q94A21
AT5G15340,Q9LXE8
AT5G15350,Q39131
AT5G15360,Q9LXE7
AT5G15380,Q9LXE5
AT5G15390,Q9LXE4
AT5G15400,Q9LF41
AT5G15410,O65718
AT5G15420,Q9LF40
AT5G15430,Q9LF39
AT5G15440,Q9LF38
AT5G15450,Q9LF37
AT5G15460,Q8LCS8
AT5G15470,Q8GWT1
AT5G15480,Q9LF34
AT5G15490,Q9LF33
AT5G15500,Q9LF32
AT5G15510,F4K9U0
AT5G15520,Q9LF30
AT5G15530,Q9LLC1
AT5G15533,A0A1P8BGN4
AT5G15537,A0A1P8BHW0
AT5G15540,A5HEI1
AT5G15550,Q9LF27
AT5G15560,Q9LF26
AT5G15570,Q9LF25
AT5G15580,Q9LF24
AT5G15581,Q9LF23
AT5G15600,Q9LF22
AT5G15610,Q0WSE9
AT5G15620,Q9LF20
AT5G15630,Q9LFW3
AT5G15640,Q949U9
AT5G15650,Q9LFW1
AT5G15660,Q9LFW0
AT5G15670,Q9LFV9
AT5G15680,F4KB73
AT5G15685,A0A1P8BBR6
AT5G15690,Q9LFV7
AT5G15700,Q9LFV6
AT5G15710,Q9LFV5
AT5G15720,Q8LFJ9
AT5G15725,F4KB79
AT5G15730,Q9LFV3
AT5G15740,Q4V398
AT5G15745,A0A1P8BGG8
AT5G15750,Q683D4
AT5G15760,Q9LFV0
AT5G15770,Q9LFU9
AT5G15780,Q9LFU8
AT5G15790,Q9LFU7
AT5G15800,P29382
AT5G15802,Q8GYN2
AT5G15810,Q9LFU5
AT5G15820,Q9LFU4
AT5G15830,Q9LFU3
AT5G15840,Q39057
AT5G15843,A0A1P8B9E1
AT5G15850,O50055
AT5G15853,B3H4H6
AT5G15860,Q94AS5
AT5G15870,Q9LFT3
AT5G15880,Q9LFT2
AT5G15890,Q9LFT1
AT5G15900,Q9LFT0
AT5G15910,Q949S7
AT5G15920,Q9LFS8
AT5G15930,O81347
AT5G15940,A0A1P8BEX4
AT5G15950,Q9S7T9
AT5G15960,P18612
AT5G15970,P31169
AT5G15980,Q8LPF1
AT5G16000,Q9LFS4
AT5G16010,Q9LFS3
AT5G16020,Q9LFS2
AT5G16023,Q6X5V0
AT5G16030,B3H6N4
AT5G16040,Q9LFS0
AT5G16050,P42645
AT5G16060,Q9LFR9
AT5G16070,Q8L7N0
AT5G16080,Q9LFR7
AT5G16090,F4KCN6
AT5G16100,A0A1R7T3I3
AT5G16110,Q9LF17
AT5G16120,Q9C5I9
AT5G16130,Q8LD03
AT5G16140,Q9LF14
AT5G16150,Q56ZZ7
AT5G16160,Q67Z64
AT5G16170,Q4V3A2
AT5G16180,Q9LF10
AT5G16190,Q9LF09
AT5G16200,Q9LF08
AT5G16210,Q8VYW7
AT5G16220,Q9LF06
AT5G16230,Q9LF05
AT5G16240,Q9LF04
AT5G16250,Q9LF03
AT5G16260,Q9LF02
AT5G16270,Q8W1Y0
AT5G16280,F4KCR0
AT5G16285,Q3E9H1
AT5G16290,Q9FFF4
AT5G16300,Q9FFF3
AT5G16310,Q9FFF2
AT5G16320,Q9FFF1
AT5G16330,Q9FFF0
AT5G16340,Q9FFE9
AT5G16350,Q9FFE8
AT5G16360,Q9FFE7
AT5G16370,Q9FFE6
AT5G16380,Q8VZN3
AT5G16390,Q42533
AT5G16400,Q9XFH9
AT5G16410,Q9FFE4
AT5G16420,Q9FFE3
AT5G16430,Q9FFE2
AT5G16440,Q38929
AT5G16450,Q9FFE0
AT5G16453,Q2V371
AT5G16460,Q9FFD9
AT5G16470,Q9FFD8
AT5G16480,Q9FFD7
AT5G16486,Q1G3F8
AT5G16490,Q9FFD5
AT5G16500,Q1PDW3
AT5G16510,Q9FFD2
AT5G16520,Q8GUJ0
AT5G16530,Q9FFD0
AT5G16540,Q8L7N8
AT5G16550,Q9FFC9
AT5G16560,Q93WJ9
AT5G16570,Q9FMD9
AT5G16580,Q9FMD8
AT5G16590,Q9FMD7
AT5G16600,Q9SPG7
AT5G16610,F4KE50
AT5G16620,Q9FMD5
AT5G16630,Q8W489
AT5G16640,Q9FMD3
AT5G16650,Q9FMD2
AT5G16660,Q8H0X5
AT5G16680,F4KE59
AT5G16690,Q6E7H0
AT5G16700,Q9LFE7
AT5G16710,Q8LE52
AT5G16715,F4KE63
AT5G16720,Q0WNW4
AT5G16730,Q9LFE4
AT5G16740,Q9LFE3
AT5G16750,Q9LFE2
AT5G16760,Q9SBA5
AT5G16770,F4KE69
AT5G16780,Q9LFE0
AT5G16790,Q8LDS5
AT5G16800,Q9LFD8
AT5G16810,Q8GWD0
AT5G16820,O81821
AT5G16830,Q39233
AT5G16840,Q9LFD5
AT5G16850,Q9SPU7
AT5G16860,Q9LFL5
AT5G16870,Q1H5E3
AT5G16880,Q9LFL3
AT5G16890,Q9LFL2
AT5G16900,C0LGT5
AT5G16910,Q9LFL0
AT5G16920,Q1PDW1
AT5G16930,Q8RXI0
AT5G16940,Q9LFK7
AT5G16950,Q9LFK6
AT5G16960,Q9LFK5
AT5G16970,Q39172
AT5G16980,F4KFK3
AT5G16990,Q39173
AT5G17000,Q93Z72
AT5G17010,Q6AWX0
AT5G17020,Q9SMV6
AT5G17030,Q9LFK0
AT5G17040,Q9LFJ9
AT5G17050,Q9LFJ8
AT5G17060,Q9LFJ7
AT5G17070,Q8VY58
AT5G17080,Q9LFJ5
AT5G17090,Q9LFJ4
AT5G17100,Q58FU2
AT5G17110,Q9LFJ2
AT5G17120,Q9LFJ1
AT5G17130,Q9LFJ0
AT5G17140,Q9LFI9
AT5G17150,F4KFM6
AT5G17160,Q8L6X8
AT5G17165,F4KFM8
AT5G17167,A0A1P8BD70
AT5G17170,Q9FFJ2
AT5G17180,Q9FFJ1
AT5G17190,Q9FFJ0
AT5G17200,Q9FFI9
AT5G17210,Q94C50
AT5G17220,Q9FE46
AT5G17230,P37271
AT5G17240,Q6NQJ8
AT5G17250,F4KGY0
AT5G17260,Q9FFI5
AT5G17270,Q9FFI4
AT5G17280,Q9FFI3
AT5G17290,Q9FFI2
AT5G17300,F4KGY6
AT5G17305,A0A1P8BGC5
AT5G17310,P57751
AT5G17320,Q9FFI0
AT5G17330,Q42521
AT5G17340,Q9FYN3
AT5G17345,A0A1P8BFR9
AT5G17350,Q9LF49
AT5G17360,Q9LF48
AT5G17370,A0A1P8BB81
AT5G17380,Q9LF46
AT5G17390,Q9LF45
AT5G17400,Q8LB08
AT5G17410,Q9C5H9
AT5G17420,Q9SWW6
AT5G17430,Q6PQQ4
AT5G17440,Q940U9
AT5G17450,Q9LF57
AT5G17460,Q949X1
AT5G17470,Q9LF55
AT5G17480,Q9LF54
AT5G17490,Q9LF53
AT5G17500,Q9LF52
AT5G17510,Q9LF51
AT5G17520,Q9LF50
AT5G17522,A0A1P8BC41
AT5G17523,F4KH13
AT5G17530,F4KH14
AT5G17540,Q9LF70
AT5G17550,Q94EI3
AT5G17560,Q9LF68
AT5G17570,A2RVM4
AT5G17580,Q9LF66
AT5G17590,Q9LF65
AT5G17600,Q9LF64
AT5G17610,Q67Y04
AT5G17620,Q0WTP1
AT5G17630,Q9LF61
AT5G17640,Q9LF60
AT5G17650,Q9LF59
AT5G17660,Q8L8R4
AT5G17670,Q9FN84
AT5G17680,Q9FN83
AT5G17690,Q946J8
AT5G17700,Q8L616
AT5G17710,Q9XQC7
AT5G17720,Q9FN79
AT5G17730,Q9FN78
AT5G17740,Q9FN77
AT5G17750,F4KID5
AT5G17760,Q9FN75
AT5G17770,Q9ZNT1
AT5G17780,Q700D5
AT5G17790,Q8S9K3
AT5G17800,Q6R053
AT5G17810,Q8GY25
AT5G17820,Q43729
AT5G17830,Q9FN70
AT5G17840,Q93ZT2
AT5G17847,B3H473
AT5G17850,Q9FKP2
AT5G17860,Q9FKP1
AT5G17870,Q9FKP0
AT5G17880,F4KIF3
AT5G17890,Q9FKN7
AT5G17900,Q9FKN6
AT5G17910,Q9FKN5
AT5G17920,O50008
AT5G17930,Q67Z79
AT5G17950,Q9FJG6
AT5G17960,Q9FJG5
AT5G17970,Q9FJG4
AT5G17980,Q9FJG3
AT5G17990,Q02166
AT5G18000,Q9FJG2
AT5G18010,Q9FJG1
AT5G18020,Q9FJG0
AT5G18030,Q9FJF9
AT5G18037,B3H7D8
AT5G18040,Q9FJF8
AT5G18050,Q9FJF7
AT5G18060,Q9FJF6
AT5G18065,F4KIH4
AT5G18070,P57750
AT5G18080,Q9FK62
AT5G18090,Q9FK61
AT5G18100,Q9FK60
AT5G18110,Q9FK59
AT5G18120,Q84JN1
AT5G18130,Q9FK57
AT5G18140,Q9FK56
AT5G18150,Q9FK55
AT5G18160,Q9FK54
AT5G18170,Q43314
AT5G18180,Q9FK53
AT5G18190,Q9FK52
AT5G18200,Q9FK51
AT5G18210,A0A1P8BDP1
AT5G18220,Q9FK49
AT5G18230,A0A1P8B9R0
AT5G18240,Q9FK47
AT5G18250,Q9FK46
AT5G18260,Q9FK45
AT5G18270,Q9FK44
AT5G18280,Q9SPM5
AT5G18290,Q9FK43
AT5G18300,Q9FK42
AT5G18310,B9DGJ0
AT5G18320,Q3E9F7
AT5G18330,Q3E9F6
AT5G18340,Q3E9F5
AT5G18350,F4JWL7
AT5G18360,F4JWL8
AT5G18370,F4JWM0
AT5G18380,Q42340
AT5G18390,Q94JX6
AT5G18400,Q8L7Z3
AT5G18403,Q2V370
AT5G18404,B3H712
AT5G18407,Q2V369
AT5G18410,Q5S2C3
AT5G18420,B4F7N8
AT5G18430,Q5PNZ0
AT5G18440,Q5BPJ1
AT5G18450,P61827
AT5G18460,Q8LFH3
AT5G18470,Q94K76
AT5G18475,Q3E9F0
AT5G18480,Q8GWB7
AT5G18490,Q940K1
AT5G18500,Q8LEB6
AT5G18510,Q3E9E9
AT5G18520,F4JY11
AT5G18525,F4JY12
AT5G18540,Q6GKY0
AT5G18550,Q6NPN3
AT5G18560,Q6J9Q2
AT5G18570,Q8L7L0
AT5G18580,Q9FEE2
AT5G18590,Q0WWX4
AT5G18600,Q8L8Z8
AT5G18610,Q1PDV6
AT5G18620,F4JY24
AT5G18630,Q6DBI3
AT5G18636,Q3E6T3
AT5G18640,F4JY30
AT5G18650,Q8VZK0
AT5G18660,Q1H537
AT5G18661,B3H4H8
AT5G18670,Q8VYW2
AT5G18680,Q6NPQ1
AT5G18690,Q6NN00
AT5G18700,F4JY37
AT5G18705,A0A1P8BBA7
AT5G18710,F4JY38
AT5G18720,Q3E9E2
AT5G18730,F4JY41
AT5G18735,A0A1P8BCT2
AT5G18740,F4JY42
AT5G18748,B3H4N8
AT5G18750,Q3E9D9
AT5G18760,Q1H5A5
AT5G18770,Q93ZK9
AT5G18780,Q56YH2
AT5G18800,Q8LGE7
AT5G18810,Q1PDV2
AT5G18820,Q56XV8
AT5G18830,Q8S9G8
AT5G18840,Q8LBI9
AT5G18850,Q6NLF5
AT5G18860,Q8RY23
AT5G18870,F4JZJ0
AT5G18880,Q3E9D7
AT5G18890,F4JZJ2
AT5G18900,Q8LAN3
AT5G18910,Q8GXZ5
AT5G18920,F4JZJ5
AT5G18930,Q3E9D5
AT5G18933,A0A1P8BGC2
AT5G18937,A0A1P8BGB6
AT5G18940,Q8L9L9
AT5G18950,Q8GYM2
AT5G18960,Q3E7I5
AT5G18970,Q8LG79
AT5G18980,Q93ZV0
AT5G18990,Q3E9D3
AT5G19000,Q8L765
AT5G19010,Q8W4J2
AT5G19020,P0C8Q8
AT5G19025,P0C8Q9
AT5G19030,F4JZK9
AT5G19040,Q94ID2
AT5G19050,Q94IU8
AT5G19060,Q5XV39
AT5G19070,Q6DBQ2
AT5G19080,Q84ME1
AT5G19090,F4JZL7
AT5G19100,Q3E9C8
AT5G19110,A0A1P8BDM1
AT5G19120,Q93VG3
AT5G19130,F4JZM4
AT5G19140,Q94BR2
AT5G19150,Q94AF2
AT5G19151,B3H4L6
AT5G19160,Q5BPJ0
AT5G19170,F4JZN1
AT5G19172,Q2V366
AT5G19175,Q2V365
AT5G19180,O65041
AT5G19190,Q8GYS0
AT5G19200,F4JZN6
AT5G19210,Q3E9C3
AT5G19220,P55229
AT5G19230,Q8GUL8
AT5G19240,Q84VZ5
AT5G19250,P59833
AT5G19260,Q6NMR8
AT5G19270,Q3E7D7
AT5G19280,P46014
AT5G19290,Q8VZV6
AT5G19300,Q6NLH7
AT5G19310,F4K128
AT5G19315,Q2V364
AT5G19320,Q9M651
AT5G19330,B9DHT4
AT5G19340,Q6NM33
AT5G19350,Q8VXZ9
AT5G19360,Q3E9C0
AT5G19370,Q93WI0
AT5G19380,Q058P6
AT5G19390,Q8RWQ4
AT5G19400,A9QM73
AT5G19410,Q3E9B8
AT5G19420,F4K149
AT5G19430,A0A1P8BGB5
AT5G19440,Q29Q34
AT5G19450,Q42438
AT5G19460,Q8VXZ0
AT5G19470,P0C026
AT5G19473,A0A1P8BGZ5
AT5G19480,Q6NQD9
AT5G19485,Q1G3F7
AT5G19490,F4K162
AT5G19500,Q5PP33
AT5G19510,Q9SCX3
AT5G19520,Q84M97
AT5G19530,Q9S7X6
AT5G19540,Q949W7
AT5G19550,P46645
AT5G19560,Q1KS66
AT5G19570,Q94AU5
AT5G19580,F4K172
AT5G19590,Q8GUJ9
AT5G19595,A0A1R7T3I9
AT5G19600,Q94LW6
AT5G19610,F4K2K3
AT5G19620,Q9C5J8
AT5G19630,Q8GYI7
AT5G19633,A0A1P8BGN3
AT5G19640,Q3E9B5
AT5G19650,Q3E9B4
AT5G19660,Q0WUG6
AT5G19670,F4K2K9
AT5G19675,A0A1P8BHB0
AT5G19680,Q84WJ9
AT5G19690,Q93ZY3
AT5G19700,Q4PSF4
AT5G19710,F4K2L3
AT5G19720,F4K2L4
AT5G19730,Q8VYZ3
AT5G19740,Q7Y228
AT5G19750,F4K2L8
AT5G19760,Q9C5M0
AT5G19770,Q56WH1
AT5G19780,B9DHQ0
AT5G19790,Q6J9S1
AT5G19800,Q3E9B1
AT5G19810,Q4PSF3
AT5G19820,Q93VS8
AT5G19830,Q6NLS8
AT5G19840,F4K2M8
AT5G19850,F4K2M9
AT5G19855,Q8L9X2
AT5G19860,Q7XA63
AT5G19870,Q66GS4
AT5G19875,Q8L9M7
AT5G19880,P59120
AT5G19890,Q39034
AT5G19900,B9DF92
AT5G19910,Q8VYB1
AT5G19920,Q8GX62
AT5G19930,Q0WP96
AT5G19940,Q941D3
AT5G19950,Q8L502
AT5G19960,Q8RWF8
AT5G19970,Q3E9A9
AT5G19980,Q84L08
AT5G19990,Q9C5U3
AT5G20000,Q94BQ2
AT5G20010,P41916
AT5G20020,P41917
AT5G20030,Q8LES5
AT5G20040,Q9C5J6
AT5G20045,Q8LB93
AT5G20050,Q94C25
AT5G20060,Q8L9X1
AT5G20070,Q94A82
AT5G20080,P83291
AT5G20090,Q949R9
AT5G20100,Q3E9A8
AT5G20110,Q6NM36
AT5G20120,Q84VV3
AT5G20130,Q8LAF9
AT5G20140,F4K452
AT5G20150,Q8LBH4
AT5G20160,Q94AF6
AT5G20165,Q6IDB1
AT5G20170,F4K460
AT5G20180,Q8W464
AT5G20190,F4K464
AT5G20200,F4K465
AT5G20220,A0A1P8BB42
AT5G20230,Q07488
AT5G20240,P48007
AT5G20250,Q8RX87
AT5G20260,Q3E9A4
AT5G20270,Q93ZH9
AT5G20280,Q94BT0
AT5G20290,Q93VG5
AT5G20300,Q6S5G3
AT5G20310,Q1G363
AT5G20320,P84634
AT5G20330,O49352
AT5G20340,O49353
AT5G20350,Q52T38
AT5G20360,F4K487
AT5G20370,Q3E9A1
AT5G20380,Q3E9A0
AT5G20390,Q8VZ16
AT5G20400,Q84K82
AT5G20410,O82730
AT5G20420,F4K493
AT5G20430,F4K494
AT5G20440,F4K495
AT5G20447,B3H515
AT5G20450,A0A1P8BCC2
AT5G20460,F4K5I8
AT5G20470,F4K5I9
AT5G20480,C0LGT6
AT5G20490,F4K5J1
AT5G20500,Q8LFQ6
AT5G20510,Q5XEM9
AT5G20520,Q8RXP6
AT5G20540,Q8GZ92
AT5G20550,Q8LF12
AT5G20560,Q4PSF2
AT5G20570,Q940X7
AT5G20580,F4K5K3
AT5G20590,F4K5K4
AT5G20600,Q8RY12
AT5G20610,F4K5K6
AT5G20620,P0CH32
AT5G20630,P94072
AT5G20635,Q6AWT8
AT5G20640,A0MFH4
AT5G20650,Q93VM8
AT5G20655,Q0WVZ7
AT5G20670,A6QR87
AT5G20680,F4K5L5
AT5G20690,Q3E991
AT5G20700,Q8GYX2
AT5G20710,Q9SCV5
AT5G20720,O65282
AT5G20730,P93022
AT5G20740,Q84WE4
AT5G20790,F4K5N0
AT5G20810,Q2V359
AT5G20820,Q29PU2
AT5G20830,P49040
AT5G20840,Q7XZU1
AT5G20850,P94102
AT5G20860,Q3E989
AT5G20870,F4K6W1
AT5G20885,Q93ZD8
AT5G20890,Q940P8
AT5G20900,Q9C5K8
AT5G20910,Q8RXD3
AT5G20920,Q41969
AT5G20930,Q39238
AT5G20935,F4K6X0
AT5G20940,Q8RWM4
AT5G20950,Q8W112
AT5G20960,Q7G193
AT5G20970,F4K6X6
AT5G20980,Q0WNZ5
AT5G20990,Q39054
AT5G20995,A0A1P8BGT8
AT5G21010,Q1EBV6
AT5G21020,Q3E985
AT5G21030,Q3E984
AT5G21040,Q94AD8
AT5G21050,Q3E983
AT5G21060,Q84JZ4
AT5G21070,Q940N6
AT5G21080,F4K6Z1
AT5G21090,Q9FPJ5
AT5G21100,Q8LPL3
AT5G21105,F4K6Z5
AT5G21120,O23115
AT5G21125,Q84VP7
AT5G21130,Q84VP8
AT5G21140,Q84VP9
AT5G21150,Q84VQ0
AT5G21160,Q940X9
AT5G21170,Q84VQ1
AT5G21222,Q8S9D1
AT5G21274,Q03509
AT5G21280,Q9C589
AT5G21326,Q84VQ3
AT5G21430,Q84VQ4
AT5G21482,Q9FUJ1
AT5G21900,Q9C597
AT5G21910,Q5XV37
AT5G21920,Q9C595
AT5G21930,B9DFX7
AT5G21940,Q9C593
AT5G21950,A0A1P8BDU6
AT5G21960,Q9C591
AT5G21970,Q9C590
AT5G21990,B7ZWR6
AT5G22000,Q9ZT42
AT5G22010,Q9C587
AT5G22020,Q9C586
AT5G22030,Q9C585
AT5G22040,Q9C584
AT5G22050,Q67YR4
AT5G22060,P42825
AT5G22070,Q9C581
AT5G22080,Q9C580
AT5G22090,Q0V865
AT5G22100,Q9C578
AT5G22110,Q500V9
AT5G22120,Q9C576
AT5G22130,Q500W7
AT5G22140,Q9C574
AT5G22145,A0A1P8BC60
AT5G22150,Q9C573
AT5G22160,Q9C572
AT5G22170,Q9C571
AT5G22180,Q9C570
AT5G22190,Q9C569
AT5G22200,Q9C568
AT5G22210,Q9C567
AT5G22220,Q9FV71
AT5G22240,Q9FMS7
AT5G22250,Q9FMS6
AT5G22260,Q9FMS5
AT5G22270,Q9FMS4
AT5G22280,Q9FMS3
AT5G22290,Q94F58
AT5G22300,P46011
AT5G22310,Q93ZM2
AT5G22320,Q9FMS0
AT5G22330,Q9FMR9
AT5G22340,F4K9U7
AT5G22350,Q93YN4
AT5G22355,Q9FMR6
AT5G22360,Q9FMR5
AT5G22370,Q56XY2
AT5G22380,Q9FMR3
AT5G22390,Q9FMR2
AT5G22400,Q9FMR1
AT5G22410,Q9FMR0
AT5G22420,Q9FMQ9
AT5G22430,Q9FMQ8
AT5G22440,P59231
AT5G22450,F4K9W2
AT5G22460,Q9FMQ5
AT5G22470,Q9FK91
AT5G22480,F4K9W6
AT5G22490,Q9FK89
AT5G22500,Q39152
AT5G22505,A0A1P8BDE3
AT5G22510,Q9FK88
AT5G22520,Q9FK87
AT5G22530,Q9FK86
AT5G22540,Q9FK85
AT5G22545,Q8GWC9
AT5G22550,Q9FK84
AT5G22555,F4K9X6
AT5G22560,Q9FK83
AT5G22570,Q8GWF1
AT5G22580,Q9FK81
AT5G22590,Q9FNK2
AT5G22600,Q1PDU4
AT5G22608,F4K9Y3
AT5G22610,Q9FNK0
AT5G22620,Q9FNJ9
AT5G22630,Q9FNJ8
AT5G22640,Q8LPR8
AT5G22650,Q56WH4
AT5G22660,Q9FNJ5
AT5G22670,Q9FNJ4
AT5G22680,Q9FNJ3
AT5G22690,A0A1P8BDK2
AT5G22700,Q9FNJ1
AT5G22720,Q9FNI9
AT5G22730,Q9FNI8
AT5G22740,Q9FNI7
AT5G22750,Q9FNI6
AT5G22760,F4KBB1
AT5G22765,A0A1P8BGI2
AT5G22770,Q8LPL6
AT5G22780,Q8LPK4
AT5G22785,A0A1P8B9U7
AT5G22790,Q9FGP9
AT5G22791,F4KBB7
AT5G22794,F4KBB9
AT5G22796,A0A1P8BED2
AT5G22799,A0A1P8BED0
AT5G22800,Q9FFC7
AT5G22810,Q9FFC6
AT5G22820,C0Z225
AT5G22830,Q058N4
AT5G22840,Q9FE52
AT5G22850,Q0WRU5
AT5G22860,Q9FFC2
AT5G22870,Q9FFC1
AT5G22875,Q8LBZ1
AT5G22880,Q9FFC0
AT5G22890,Q0WT24
AT5G22900,Q9FFB8
AT5G22910,Q9FFB7
AT5G22920,Q9FFB6
AT5G22930,F4KBD8
AT5G22940,Q6NMM8
AT5G22950,Q9FFB3
AT5G22960,Q9FFB2
AT5G22970,A0A1P8BEI6
AT5G22980,Q9FFB0
AT5G22990,Q9FFA9
AT5G23000,Q9FG68
AT5G23010,Q9FG67
AT5G23020,Q9FN52
AT5G23030,Q9FN51
AT5G23035,Q2V354
AT5G23040,Q9FN50
AT5G23050,F4KBF3
AT5G23060,Q9FN48
AT5G23070,F4KBF5
AT5G23080,Q8GXN9
AT5G23090,P49592
AT5G23100,Q9FN45
AT5G23110,Q9FN44
AT5G23120,O82660
AT5G23130,Q8VYP8
AT5G23140,Q9FN42
AT5G23150,Q9XER9
AT5G23160,Q9FMY4
AT5G23170,Q9FMY3
AT5G23180,Q9FMY2
AT5G23190,Q9FMY1
AT5G23200,Q8RUI8
AT5G23210,Q0WPR4
AT5G23212,Q2V352
AT5G23220,Q9FMX8
AT5G23230,Q9FMX7
AT5G23240,Q9FMX6
AT5G23250,Q8LAD2
AT5G23260,Q8RYD9
AT5G23270,Q9FMX3
AT5G23280,Q9FMX2
AT5G23290,P57742
AT5G23300,P32746
AT5G23310,Q9FMX0
AT5G23320,Q9FMW9
AT5G23330,Q9FMW8
AT5G23340,Q9FMW7
AT5G23350,Q9FMW6
AT5G23360,Q9FMW5
AT5G23370,Q9FMW4
AT5G23380,Q9FGE1
AT5G23390,Q8RX89
AT5G23395,Q8GYJ4
AT5G23400,Q9FHL8
AT5G23405,Q941D1
AT5G23411,B3H7E0
AT5G23420,Q8LDF9
AT5G23430,Q8H0T9
AT5G23440,Q9FHL4
AT5G23450,Q9LRB0
AT5G23460,Q9FHL2
AT5G23470,Q9FHL1
AT5G23480,A0A1P8B9E3
AT5G23490,A0A1P8BDX3
AT5G23510,F4KCX6
AT5G23520,Q9LT11
AT5G23530,Q9LT10
AT5G23535,Q9LT09
AT5G23540,Q9LT08
AT5G23550,Q9LT07
AT5G23570,Q9LDX1
AT5G23575,Q8VZJ5
AT5G23580,Q42396
AT5G23590,Q8L7M3
AT5G23600,Q9LT04
AT5G23610,F4KE84
AT5G23630,Q9LT02
AT5G23650,Q9LT00
AT5G23660,O82587
AT5G23670,Q9LSZ9
AT5G23680,Q9LSZ8
AT5G23690,F4KE92
AT5G23700,A0A1P8BB69
AT5G23710,Q9LSZ5
AT5G23720,Q75QN6
AT5G23730,Q9FFA7
AT5G23740,P42733
AT5G23750,Q9FFA5
AT5G23760,A0A1P8BA56
AT5G23770,F4KEA4
AT5G23780,Q9FFA2
AT5G23790,Q9FFA1
AT5G23800,Q9FFA0
AT5G23810,Q9FF99
AT5G23820,Q9FF98
AT5G23830,Q9FF97
AT5G23840,Q9FF96
AT5G23850,Q9FF95
AT5G23860,P29516
AT5G23870,B9DFR3
AT5G23880,Q9LKF9
AT5G23890,Q9FF91
AT5G23900,Q9FF90
AT5G23903,B3H6V9
AT5G23908,B3H7J2
AT5G23910,F4KEC6
AT5G23920,Q9FF88
AT5G23930,Q9FF87
AT5G23940,Q9FF86
AT5G23950,Q9FF85
AT5G23960,Q84UU4
AT5G23970,Q9FLW4
AT5G23980,Q8W110
AT5G23990,Q9FLW2
AT5G24000,Q9FLW1
AT5G24010,Q9FLW0
AT5G24020,Q9MBA2
AT5G24030,Q9FLV9
AT5G24040,Q9FLV8
AT5G24050,Q9FLV7
AT5G24060,F4KFP8
AT5G24070,Q9FLV5
AT5G24080,Q9FLV4
AT5G24090,P19172
AT5G24100,Q9FL63
AT5G24105,Q8L9T8
AT5G24110,Q9FL62
AT5G24120,Q9ZNX9
AT5G24130,Q9FL61
AT5G24140,O65403
AT5G24150,O65404
AT5G24155,Q6ID26
AT5G24160,O65402
AT5G24165,Q8LDQ8
AT5G24170,Q6GKX4
AT5G24180,Q9FIP1
AT5G24190,Q9FIP0
AT5G24200,F4KFR6
AT5G24210,Q9FNG1
AT5G24215,A0A1P8BDB6
AT5G24220,Q9FNG0
AT5G24230,Q8GW37
AT5G24240,Q9FNF8
AT5G24260,Q9FNF6
AT5G24270,O81223
AT5G24275,A0A1P8BDF3
AT5G24280,F4KFS5
AT5G24290,F4KFS7
AT5G24300,Q9FNF2
AT5G24310,Q6NMC6
AT5G24313,Q8L8Z4
AT5G24314,Q8VZV9
AT5G24316,Q8L8V7
AT5G24318,F4KH28
AT5G24320,F4KH31
AT5G24330,Q9FNE9
AT5G24340,Q9FIN8
AT5G24350,Q9FIN7
AT5G24352,A8MSG2
AT5G24355,Q3E970
AT5G24360,Q93VJ2
AT5G24370,Q9FIN5
AT5G24380,Q6R3K9
AT5G24390,Q9FIN3
AT5G24400,Q84WW2
AT5G24410,Q9FIN1
AT5G24420,Q8LEV7
AT5G24430,Q9FIM9
AT5G24440,Q9FGE6
AT5G24450,F4KH50
AT5G24460,Q9FGE4
AT5G24470,Q6LA42
AT5G24480,Q9FGE2
AT5G24490,Q94K97
AT5G24500,Q84J91
AT5G24510,Q9FLV1
AT5G24520,Q9XGN1
AT5G24530,Q9FLV0
AT5G24540,Q9FLU9
AT5G24550,Q9FLU8
AT5G24560,Q9FLU7
AT5G24570,Q9FLU6
AT5G24580,Q9FLU5
AT5G24590,Q9LKG8
AT5G24600,Q9FLU4
AT5G24610,Q9FLU3
AT5G24620,A0A1P8BGX4
AT5G24630,Q9FLU1
AT5G24640,Q9FLU0
AT5G24650,Q9FLT9
AT5G24655,Q8L8S2
AT5G24660,Q9FIR9
AT5G24670,F4KH86
AT5G24680,Q9FIR7
AT5G24690,Q93W02
AT5G24710,F4KIH8
AT5G24740,A0A1P8BEE1
AT5G24750,F4KII1
AT5G24760,Q8LEB2
AT5G24770,O82122
AT5G24780,O49195
AT5G24790,Q9FT41
AT5G24800,Q9FUD3
AT5G24810,F4KIJ2
AT5G24820,Q4PSE9
AT5G24830,Q8L6Y3
AT5G24840,Q8GXB7
AT5G24850,Q84KJ5
AT5G24860,O23624
AT5G24870,Q8L775
AT5G24879,B3H5H5
AT5G24880,Q3E966
AT5G24890,Q8L9W8
AT5G24900,Q6NKZ8
AT5G24910,Q93Z79
AT5G24920,Q3E965
AT5G24930,Q940T9
AT5G24940,Q4PSE8
AT5G24950,P58046
AT5G24960,P58045
AT5G24970,F4KIL1
AT5G24980,Q6NQ43
AT5G24990,Q94AK1
AT5G25000,Q3E964
AT5G25010,Q3E7D9
AT5G25020,F4KIL6
AT5G25030,F4KIL7
AT5G25040,F4KIL8
AT5G25050,Q5FV41
AT5G25060,Q9C5J3
AT5G25070,Q8L4Q6
AT5G25080,Q93VA9
AT5G25090,Q8LC95
AT5G25100,Q9C5N2
AT5G25110,Q8W1D5
AT5G25120,P58049
AT5G25130,Q9ZU07
AT5G25140,P58050
AT5G25150,Q6S7B0
AT5G25160,Q39262
AT5G25170,Q6NQ19
AT5G25180,P58051
AT5G25190,Q94AW5
AT5G25195,A0A1P8BAX2
AT5G25200,F4JWP5
AT5G25210,A0A1P8BC51
AT5G25220,P48000
AT5G25230,F4JWP9
AT5G25240,Q8GYN8
AT5G25250,Q501E6
AT5G25260,Q4V3D6
AT5G25265,Q8W4E6
AT5G25270,F4JWQ4
AT5G25280,Q93WB2
AT5G25290,Q4PSE7
AT5G25300,Q3E960
AT5G25310,Q3E7Q9
AT5G25320,F4JWR0
AT5G25330,Q494P1
AT5G25340,Q8GXI1
AT5G25350,Q708Y0
AT5G25360,A0A1P8BAD1
AT5G25370,P58766
AT5G25380,Q39071
AT5G25390,Q3E958
AT5G25400,Q3E6T0
AT5G25410,Q941C9
AT5G25415,F4JWS2
AT5G25420,Q3E956
AT5G25425,F4JWS5
AT5G25430,Q3E954
AT5G25440,Q8L617
AT5G25450,F4JWS8
AT5G25460,Q94F20
AT5G25470,Q1PDT6
AT5G25475,Q680D9
AT5G25480,F4JWT7
AT5G25490,Q8GWD1
AT5G25500,Q5XV34
AT5G25510,Q93YV6
AT5G25520,A0A1P8BD97
AT5G25530,F4JY55
AT5G25540,Q6NQH9
AT5G25550,Q4PSE6
AT5G25560,F4JY59
AT5G25570,Q8LD64
AT5G25580,Q84JN0
AT5G25590,Q8RWW9
AT5G25600,F4JY67
AT5G25610,Q08298
AT5G25620,Q8VZ59
AT5G25630,Q8GZ63
AT5G25640,F4JY73
AT5G25750,F4JY74
AT5G25752,Q84MB5
AT5G25754,F4JY76
AT5G25755,A0A1P8BG76
AT5G25756,A0A1P8BFI2
AT5G25760,Q8LGF7
AT5G25770,Q8L7E1
AT5G25780,Q8GUM1
AT5G25790,F4JY84
AT5G25800,Q8L7M4
AT5G25810,Q39127
AT5G25820,Q0WPG1
AT5G25830,P69781
AT5G25840,Q8GW85
AT5G25850,Q3E944
AT5G25860,Q3E7J7
AT5G25870,F4JY92
AT5G25880,Q9XGZ0
AT5G25890,Q9XFM0
AT5G25900,Q93ZB2
AT5G25910,Q7FZR1
AT5G25920,F4JY97
AT5G25930,Q9XGZ2
AT5G25940,Q9XGZ3
AT5G25950,F4JYA0
AT5G25960,F4JYA1
AT5G25970,Q1PDT4
AT5G25980,Q9C5C2
AT5G25990,Q9XGZ8
AT5G25995,A0A1P8BAW7
AT5G26000,P37702
AT5G26010,Q9XGZ9
AT5G26030,P42043
AT5G26040,Q944K3
AT5G26050,Q5XV33
AT5G26060,Q680N1
AT5G26070,Q4PSE5
AT5G26080,Q3E939
AT5G26090,A0A1P8BCW9
AT5G26100,Q3E938
AT5G26110,Q94K14
AT5G26120,Q8VZR2
AT5G26130,F4JZQ4
AT5G26140,Q9XH06
AT5G26150,A0A1P8BD07
AT5G26160,Q7Y219
AT5G26170,Q8VWQ5
AT5G26180,Q8GYE8
AT5G26190,Q3E937
AT5G26200,Q93YZ9
AT5G26210,O81488
AT5G26220,Q8GY54
AT5G26230,Q3E936
AT5G26240,P92943
AT5G26250,Q9SBA7
AT5G26260,O81493
AT5G26262,B3H5U4
AT5G26270,F4JZS0
AT5G26280,A0A1P8BA53
AT5G26290,F4JZS4
AT5G26300,F4JZS5
AT5G26310,O81498
AT5G26320,F4JZS7
AT5G26330,O81500
AT5G26340,Q94AZ2
AT5G26360,Q84WV1
AT5G26570,Q6ZY51
AT5G26580,Q7X9H2
AT5G26594,F4JZT3
AT5G26600,Q3E6S9
AT5G26610,Q147M4
AT5G26617,F4K1A0
AT5G26620,Q3E7U8
AT5G26622,Q2V346
AT5G26630,Q7XJK7
AT5G26640,Q3E931
AT5G26650,Q7XJK6
AT5G26660,Q8LPH6
AT5G26667,O04905
AT5G26670,Q66GM8
AT5G26673,A8MRY4
AT5G26680,O65251
AT5G26690,Q8GWS3
AT5G26692,Q3E927
AT5G26700,O65252
AT5G26710,O82462
AT5G26717,Q3E926
AT5G26718,Q8GXF7
AT5G26730,F4K185
AT5G26731,Q94EW8
AT5G26734,Q949Z2
AT5G26742,Q8L7S8
AT5G26749,F4K1A8
AT5G26751,P43288
AT5G26760,F4K1B1
AT5G26770,F4K1B4
AT5G26780,Q94C74
AT5G26790,Q8LAB7
AT5G26800,Q6IDB8
AT5G26805,Q3E922
AT5G26810,O04953
AT5G26820,Q8W4E7
AT5G26830,O04630
AT5G26840,F4K1C5
AT5G26850,F4K1C7
AT5G26860,P93655
AT5G26865,O04632
AT5G26880,Q6NPL4
AT5G26890,Q3E920
AT5G26900,Q4PSE4
AT5G26910,Q6NQ74
AT5G26920,F4K2R6
AT5G26930,Q8LC59
AT5G26940,Q682U6
AT5G26950,Q7X9H9
AT5G26955,A0A1P8BAH0
AT5G26960,Q6NPN5
AT5G26970,Q3E918
AT5G26980,O65359
AT5G26990,Q6NM26
AT5G27000,O81635
AT5G27010,F4K2T0
AT5G27020,O04643
AT5G27030,Q84JM4
AT5G27060,Q9S9U3
AT5G27065,A0A1P8BHY2
AT5G27070,Q7X9N2
AT5G27080,Q9S7H3
AT5G27090,Q9S9U2
AT5G27100,O04660
AT5G27110,O04659
AT5G27120,O04658
AT5G27130,F4K2U3
AT5G27140,O04656
AT5G27150,Q68KI4
AT5G27170,F4K2U6
AT5G27200,O04652
AT5G27210,F4K2U8
AT5G27220,O04650
AT5G27230,Q5XV31
AT5G27238,B3H5E1
AT5G27240,F4K2V2
AT5G27247,B3H5W9
AT5G27260,F4K2V4
AT5G27270,O04647
AT5G27280,O04646
AT5G27290,Q08AA8
AT5G27300,F4K2V9
AT5G27310,Q3E914
AT5G27320,Q940G6
AT5G27330,F4K498
AT5G27340,F4K499
AT5G27350,Q94CI7
AT5G27360,Q94CI6
AT5G27370,Q3E912
AT5G27380,P46416
AT5G27390,F4K4A6
AT5G27395,B3H4A1
AT5G27400,Q84TD5
AT5G27410,Q9ASR4
AT5G27420,Q8LGA5
AT5G27430,Q53YF3
AT5G27440,Q6NQ21
AT5G27450,P46086
AT5G27460,Q3E911
AT5G27470,Q39230
AT5G27490,F4K4B8
AT5G27493,A0A1P8BBR5
AT5G27495,Q2V342
AT5G27510,Q3E909
AT5G27520,Q8VZS0
AT5G27530,F4K4C2
AT5G27540,Q8RXF8
AT5G27550,F4K4C5
AT5G27560,Q94K68
AT5G27570,Q3E906
AT5G27580,Q7XJL1
AT5G27600,Q8LKS5
AT5G27606,F4K4D0
AT5G27607,A0A1P8BGX5
AT5G27610,Q6A331
AT5G27620,Q8W5S1
AT5G27630,Q8RWD9
AT5G27640,Q9C5Z1
AT5G27650,F4K4D6
AT5G27660,Q3E6S8
AT5G27670,Q94F49
AT5G27680,Q9FT69
AT5G27690,Q84J88
AT5G27700,Q3E902
AT5G27710,Q6NM16
AT5G27720,F4K4E3
AT5G27730,Q94CC1
AT5G27740,Q8VXX4
AT5G27750,Q0V7P8
AT5G27760,Q8LG60
AT5G27765,A0A1P8BD36
AT5G27770,Q9FE58
AT5G27780,Q3E901
AT5G27790,Q3E900
AT5G27800,F4K5P3
AT5G27810,Q3E8Z9
AT5G27820,Q8LDK5
AT5G27830,Q94BQ5
AT5G27840,O82734
AT5G27850,Q940B0
AT5G27860,F4K5Q4
AT5G27870,Q3E8Z8
AT5G27880,F4K5Q7
AT5G27889,B3H526
AT5G27890,F4K5Q9
AT5G27893,A0A1P8BEL9
AT5G27910,Q4PSE2
AT5G27920,Q8GZ31
AT5G27930,Q0WRB2
AT5G27940,Q0WQ91
AT5G27944,B3H5S0
AT5G27945,F4K5R6
AT5G27950,Q8W0Y9
AT5G27960,Q7XJK5
AT5G27970,F4K5S0
AT5G27980,Q8GWT7
AT5G27990,Q8L9R4
AT5G28000,Q941R5
AT5G28010,F4K5S5
AT5G28020,Q9SXS7
AT5G28030,F4K5T2
AT5G28040,F4K5T4
AT5G28050,Q94BU8
AT5G28060,Q8LC83
AT5G28080,Q2V338
AT5G28090,F4K719
AT5G28150,Q8RX84
AT5G28160,Q3E8Y7
AT5G28180,Q3E8Y5
AT5G28190,F4K723
AT5G28210,Q9S9L3
AT5G28220,F4K725
AT5G28235,Q9S9L0
AT5G28237,F4K727
AT5G28288,Q2V337
AT5G28290,Q8RX66
AT5G28295,F4K730
AT5G28300,Q8H181
AT5G28310,F4K732
AT5G28320,F4K733
AT5G28340,Q303Z7
AT5G28345,A0A1P8BDT1
AT5G28350,F4K735
AT5G28370,Q9LKV3
AT5G28380,Q3E8X7
AT5G28390,F4K739
AT5G28400,F4K740
AT5G28410,F4K741
AT5G28420,F4K742
AT5G28440,Q7Y205
AT5G28450,F4K8I1
AT5G28460,Q9LKU8
AT5G28462,A0A1P8BD96
AT5G28463,F4K8I3
AT5G28470,Q3E8X3
AT5G28490,Q6NNI3
AT5G28491,B3H7K4
AT5G28500,Q9LKR8
AT5G28510,Q9LKR7
AT5G28520,Q9LKR6
AT5G28530,Q9LKR4
AT5G28540,Q9LKR3
AT5G28550,F4K8J4
AT5G28560,F4K8J5
AT5G28590,F4K8J6
AT5G28610,Q9LKU5
AT5G28615,Q3E713
AT5G28620,F4K8J9
AT5G28630,Q8VXY1
AT5G28640,Q8L8A5
AT5G28646,Q84ZT9
AT5G28650,Q93WU6
AT5G28660,F4K8K6
AT5G28680,Q3E8W4
AT5G28690,Q6NQD5
AT5G28720,Q3E8W3
AT5G28730,F4KA06
AT5G28740,Q9LKU3
AT5G28750,Q9LKU2
AT5G28770,B9DGI8
AT5G28780,F4KA12
AT5G28810,F4KA15
AT5G28820,F4KA16
AT5G28823,F4KA18
AT5G28830,F4KA19
AT5G28840,Q93VR3
AT5G28850,Q5QIT3
AT5G28885,F4KA24
AT5G28900,Q8VZQ4
AT5G28910,Q6ICX5
AT5G28919,Q0WRC3
AT5G28920,F4KA29
AT5G28950,F4KBG4
AT5G28960,F4KBG5
AT5G29000,Q8GUN5
AT5G29050,F4KBH1
AT5G29054,B3H4E3
AT5G29070,F4KBH3
AT5G29210,Q3E8U4
AT5G29560,F4KBH6
AT5G29576,P0CAY4
AT5G29613,F4KBH7
AT5G29624,F4KBH8
AT5G30341,F4KCY0
AT5G30360,A0A1P8BGS0
AT5G30490,Q8GX81
AT5G30495,F4KCY1
AT5G30500,F4KED2
AT5G30510,Q93VC7
AT5G30520,F4KED4
AT5G31412,F4KCY3
AT5G32440,F4KED5
AT5G32450,Q8L9M9
AT5G32460,F4KFT6
AT5G32470,F4KFT7
AT5G32590,F4KFT8
AT5G32613,F4KFU0
AT5G32619,Q2V334
AT5G32670,A0A1P8BCK8
AT5G33210,F4KH89
AT5G33280,P60300
AT5G33290,Q94AA9
AT5G33300,Q5XET8
AT5G33320,Q8RXN3
AT5G33330,F4KH94
AT5G33340,Q6XBF8
AT5G33355,Q3E8R5
AT5G33370,Q8LB81
AT5G33390,Q949R3
AT5G33393,F4KH99
AT5G33406,F4KHA1
AT5G33806,F4KIN1
AT5G33898,F4KIN2
AT5G34581,F4KIN3
AT5G34780,F4KIN4
AT5G34828,A8MRM7
AT5G34829,B3H5T9
AT5G34830,F4KIN5
AT5G34850,Q949Y3
AT5G34869,Q1G374
AT5G34870,F4JWU5
AT5G34881,Q3E8Q1
AT5G34882,A8MRP6
AT5G34883,Q3E8Q0
AT5G34885,F4JWU9
AT5G34887,Q3E8P9
AT5G34905,Q3E8P8
AT5G34908,B3H7M5
AT5G34930,Q944B6
AT5G34940,Q9FZP1
AT5G35050,F4JWV7
AT5G35067,A0A1P8BAQ1
AT5G35069,B3H6H0
AT5G35080,Q8GWH3
AT5G35090,Q9FYR2
AT5G35100,O65220
AT5G35110,Q9FYR1
AT5G35120,Q3E8P4
AT5G35160,Q9FYQ8
AT5G35170,Q8VYL1
AT5G35180,A0A1P8BH65
AT5G35190,Q9LHS1
AT5G35195,Q2V333
AT5G35200,Q9LHS0
AT5G35210,F4JYC8
AT5G35220,Q949Y5
AT5G35230,F4JYD1
AT5G35300,F4JYD3
AT5G35320,O65233
AT5G35330,Q8LA53
AT5G35338,Q9FZP6
AT5G35360,O04983
AT5G35370,O65238
AT5G35375,Q56YJ7
AT5G35380,F4JZT9
AT5G35390,C0LGU0
AT5G35400,F4JZU2
AT5G35405,Q9LKB8
AT5G35410,Q9LDI3
AT5G35430,Q93ZI7
AT5G35450,Q9FJB5
AT5G35460,Q9FJB4
AT5G35475,F4JZU9
AT5G35480,Q9FJB1
AT5G35490,F4JZV1
AT5G35510,A0A1P8BER7
AT5G35520,Q2V0Z5
AT5G35525,P0CW97
AT5G35530,Q9FJA6
AT5G35540,Q9FJA3
AT5G35550,Q9FJA2
AT5G35560,F4JZV9
AT5G35570,Q94BY4
AT5G35580,F4JZW1
AT5G35590,O81146
AT5G35600,Q9FH09
AT5G35603,F4JZW5
AT5G35604,F4JZW7
AT5G35610,Q9FJS7
AT5G35620,O04663
AT5G35630,Q43127
AT5G35640,F4JZX5
AT5G35660,Q9FJS3
AT5G35670,Q8L8M9
AT5G35680,F4K1D3
AT5G35688,A0A1P8BF70
AT5G35690,Q8VYQ7
AT5G35695,F4K1D8
AT5G35698,A8MQJ3
AT5G35700,Q9FKI0
AT5G35715,P58048
AT5G35730,Q8VYS9
AT5G35732,A0A1P8B9S8
AT5G35735,Q9FKH6
AT5G35737,Q9FKH5
AT5G35740,Q9FKH4
AT5G35750,Q9C5U2
AT5G35753,F4K1E8
AT5G35760,F4K1E9
AT5G35770,Q9FKH1
AT5G35780,Q9FFM6
AT5G35790,Q43727
AT5G35810,Q9FFM1
AT5G35830,Q9FFL9
AT5G35840,P14714
AT5G35870,Q9FFL6
AT5G35890,Q9FFL4
AT5G35900,Q9FFL3
AT5G35910,A9LLI7
AT5G35913,A0A1P8BBS9
AT5G35926,A0A1P8BG75
AT5G35927,A0A1P8BG62
AT5G35930,F4K1G2
AT5G35940,Q9FGC5
AT5G35945,F4K1G4
AT5G35950,Q9FGC4
AT5G35960,Q9FGC3
AT5G35970,F4K1G7
AT5G35980,Q8RWH3
AT5G35995,Q56W59
AT5G36000,Q9FGB8
AT5G36001,F4K2W6
AT5G36080,Q9LVZ0
AT5G36100,F4K2W9
AT5G36110,Q9LVY7
AT5G36120,Q8RWM7
AT5G36130,A0A140JWM8
AT5G36150,Q9LVY2
AT5G36160,Q9LVY1
AT5G36170,Q9LVY0
AT5G36180,Q8RWJ6
AT5G36190,Q9LVX8
AT5G36200,Q9FHK1
AT5G36210,F4K2Y3
AT5G36220,Q9FG65
AT5G36225,A0A1P8BF81
AT5G36228,Q9FG64
AT5G36230,Q93ZC2
AT5G36240,Q9FG62
AT5G36250,Q9FG61
AT5G36260,Q4V3D2
AT5G36270,Q9FG59
AT5G36280,Q9FG58
AT5G36290,Q93Y38
AT5G36300,Q9FFZ2
AT5G36310,A8MQ86
AT5G36320,A8MQY6
AT5G36330,F4K2Z6
AT5G36350,A7REH6
AT5G36370,A8MQK2
AT5G36480,F4K4F5
AT5G36490,A8MRQ2
AT5G36500,A8MRF5
AT5G36520,A8MQW2
AT5G36540,A8MRD6
AT5G36550,A8MS61
AT5G36657,A8MRI4
AT5G36658,A8MRC5
AT5G36659,A8MRQ3
AT5G36661,A8MS76
AT5G36662,A8MS52
AT5G36670,F4K4G6
AT5G36680,F4K4G7
AT5G36690,P0DKC0
AT5G36700,P0DKC3
AT5G36710,Q84MC5
AT5G36720,Q9LHT2
AT5G36722,Q3E8M9
AT5G36730,P0DI00
AT5G36780,P0DKC1
AT5G36790,P0DKC4
AT5G36820,P0DI01
AT5G36870,Q9LTG5
AT5G36880,B9DGD6
AT5G36890,Q9FIW4
AT5G36900,Q3E8M6
AT5G36906,P0DN92
AT5G36907,A0A178U9T0
AT5G36910,Q42597
AT5G36920,Q9FIW1
AT5G36925,Q9FIW0
AT5G36930,B3H776
AT5G36940,Q8GYB4
AT5G36950,Q9FIV6
AT5G36960,Q9FIV5
AT5G36970,F4K5V1
AT5G36980,F4K5V2
AT5G36985,Q9FIV3
AT5G37000,F4K5V3
AT5G37010,Q9FGV2
AT5G37020,Q9FGV1
AT5G37030,F4K5V7
AT5G37035,P0DN93
AT5G37040,Q9FHW4
AT5G37050,F4K5V9
AT5G37055,Q9FHW2
AT5G37060,Q1HDT2
AT5G37070,Q9FHW0
AT5G37130,F4K5W3
AT5G37140,F4K5W4
AT5G37147,Q1G373
AT5G37150,F4K5W5
AT5G37160,F4K5W6
AT5G37165,A0A1P8BAQ8
AT5G37170,F4K5W7
AT5G37180,F4K5W8
AT5G37190,Q9FHU3
AT5G37200,Q9FG51
AT5G37210,F4K5X1
AT5G37220,F4K5X2
AT5G37230,Q9FHU1
AT5G37240,F4K5X4
AT5G37247,A0A1P8BH02
AT5G37250,Q9FHU0
AT5G37260,F4K5X6
AT5G37270,Q9FHT8
AT5G37280,Q9FHT7
AT5G37290,Q9FHT6
AT5G37300,Q93ZR6
AT5G37310,Q9FHT4
AT5G37320,Q9FHT3
AT5G37340,F4K746
AT5G37350,Q9FHT0
AT5G37360,Q93Z11
AT5G37370,Q8RWB1
AT5G37380,Q9FHS7
AT5G37400,Q9FG48
AT5G37410,A0A1P8BHB3
AT5G37415,B3H4N9
AT5G37420,Q9FG46
AT5G37430,Q9FG45
AT5G37440,Q9FG44
AT5G37450,C0LGU1
AT5G37460,Q9FG42
AT5G37470,A0A1P8B9F4
AT5G37473,Q2V329
AT5G37474,Q2V328
AT5G37475,Q8GRX2
AT5G37478,F4K773
AT5G37480,Q8RWG7
AT5G37490,Q5PNY6
AT5G37500,Q94A76
AT5G37510,Q9FGI6
AT5G37520,F4K779
AT5G37530,Q08A97
AT5G37540,Q9FGI3
AT5G37550,Q9FGI2
AT5G37560,F4K784
AT5G37570,Q9FHR3
AT5G37590,F4K786
AT5G37600,Q56WN1
AT5G37610,Q9FHQ9
AT5G37620,Q9FHQ8
AT5G37630,F4K790
AT5G37640,Q9FHQ6
AT5G37650,Q9FHQ5
AT5G37660,Q0WPN8
AT5G37670,Q9FHQ3
AT5G37680,Q8W4C8
AT5G37690,Q9FHQ1
AT5G37710,F4K8L2
AT5G37715,A0A1P8BGL3
AT5G37720,Q6NQ72
AT5G37730,Q9FHP8
AT5G37740,Q9FHP6
AT5G37750,F4K8L8
AT5G37760,F4K8L9
AT5G37770,P25070
AT5G37780,P0DH95
AT5G37785,Q9FJ04
AT5G37790,Q8LGB4
AT5G37793,A0A1P8BF78
AT5G37800,Q9FJ00
AT5G37810,Q9FIZ9
AT5G37820,Q8W036
AT5G37830,Q9FIZ7
AT5G37840,Q6NL13
AT5G37850,Q8W1X2
AT5G37860,Q4PSD8
AT5G37870,Q9FKD9
AT5G37890,Q9FKD7
AT5G37900,Q9FKD6
AT5G37910,Q9FKD5
AT5G37920,Q9FKD4
AT5G37930,Q84K34
AT5G37940,Q9FKD2
AT5G37950,Q9FKD1
AT5G37960,F4K8P3
AT5G37970,Q9FKD0
AT5G37980,Q9FKC9
AT5G37990,Q9FKC8
AT5G38000,Q9LTB4
AT5G38010,Q9LS21
AT5G38020,Q84MB1
AT5G38030,Q9LS19
AT5G38040,Q9LS16
AT5G38050,Q9LS15
AT5G38060,Q58FT9
AT5G38070,Q9LS14
AT5G38080,Q9LS13
AT5G38090,F4KA31
AT5G38100,Q9LS10
AT5G38110,Q9LS09
AT5G38120,Q84P26
AT5G38130,Q6DBD5
AT5G38140,Q58CM8
AT5G38150,Q9FF41
AT5G38160,Q9FF40
AT5G38170,Q9FF39
AT5G38180,Q6NM41
AT5G38190,F4KA42
AT5G38195,Q29QA1
AT5G38197,A8MRC2
AT5G38200,F4KA45
AT5G38210,Q8VYG0
AT5G38220,Q9FF34
AT5G38240,F4KA50
AT5G38250,F4KA51
AT5G38260,Q9FF31
AT5G38270,Q9FF30
AT5G38280,Q9FF29
AT5G38290,Q9FKN4
AT5G38300,Q1ECL9
AT5G38310,Q9FKN2
AT5G38317,P82772
AT5G38320,Q9FKN0
AT5G38330,P82789
AT5G38340,Q9FKM9
AT5G38344,Q9FKM8
AT5G38350,Q9FF28
AT5G38360,F4KA67
AT5G38378,A8MRJ5
AT5G38380,Q8RWM9
AT5G38386,Q3E8L5
AT5G38390,Q9FF23
AT5G38391,A0A1P8BGP4
AT5G38392,A0A1P8BBT1
AT5G38396,Q3E8L4
AT5G38397,A0A1P8BGP8
AT5G38400,Q9FF22
AT5G38410,P10798
AT5G38420,P10797
AT5G38430,P10796
AT5G38435,B3H453
AT5G38440,Q9FF19
AT5G38450,Q9FF18
AT5G38460,Q9FF17
AT5G38470,Q84L30
AT5G38480,P42644
AT5G38490,Q9FFX2
AT5G38500,Q9FFX1
AT5G38510,Q9FFX0
AT5G38520,F4KBJ3
AT5G38530,Q9FFW8
AT5G38540,Q9FFW7
AT5G38550,Q9FFW6
AT5G38560,Q9FFW5
AT5G38565,Q3E8L3
AT5G38570,Q9FFW4
AT5G38580,Q9FFW3
AT5G38590,Q9FFW2
AT5G38600,Q93YW4
AT5G38610,Q9FFW0
AT5G38620,Q9FFV9
AT5G38630,Q9SWS1
AT5G38640,Q9FFV8
AT5G38650,Q9FFV7
AT5G38660,A0A219HZL6
AT5G38670,Q9FFV5
AT5G38680,Q9FFV4
AT5G38690,Q8RW95
AT5G38700,Q570M0
AT5G38710,Q6NKX1
AT5G38720,A0A1P8BGF0
AT5G38730,Q9FKR3
AT5G38740,Q9FKR2
AT5G38743,A0A1P8BHB4
AT5G38747,A0A1P8BHB2
AT5G38750,F4KBM0
AT5G38760,Q9FKR1
AT5G38770,Q3E8L0
AT5G38780,Q9FKR0
AT5G38790,Q9FKQ9
AT5G38800,Q9FMC2
AT5G38810,Q9FMC1
AT5G38820,F4KBM7
AT5G38830,B3LFA4
AT5G38840,Q0WW94
AT5G38850,Q9FMB7
AT5G38860,Q9FMB6
AT5G38865,A0A1P8BB09
AT5G38880,Q9FMB4
AT5G38890,A2RVT9
AT5G38895,Q94C65
AT5G38900,Q9FMB1
AT5G38910,Q9FMB0
AT5G38920,F4KCZ1
AT5G38930,Q9FMA9
AT5G38940,Q9FMA8
AT5G38950,F4KCZ4
AT5G38960,Q9FMA6
AT5G38970,Q9FMA5
AT5G38980,Q8GXY9
AT5G38990,Q9FID9
AT5G39000,Q9FID8
AT5G39010,Q9FID7
AT5G39020,Q9FID6
AT5G39024,B3H6E3
AT5G39030,Q9FID5
AT5G39040,Q0WML0
AT5G39050,Q940Z5
AT5G39080,Q9FID2
AT5G39090,Q9FID1
AT5G39100,P92997
AT5G39110,Q9FID0
AT5G39120,Q9FIC9
AT5G39130,Q9FIC8
AT5G39140,F4KD14
AT5G39150,Q9FIC6
AT5G39160,P92999
AT5G39170,F4KD19
AT5G39180,Q9FL89
AT5G39190,P92996
AT5G39200,Q9FL88
AT5G39210,Q9FL87
AT5G39220,Q84JL7
AT5G39230,Q3E7U7
AT5G39240,Q9FL84
AT5G39250,Q9FL82
AT5G39260,Q9FL81
AT5G39270,Q9FL80
AT5G39280,Q9FL79
AT5G39290,Q9FL78
AT5G39300,Q9FL77
AT5G39310,Q9FL76
AT5G39320,Q9FM01
AT5G39330,Q9FM00
AT5G39340,Q9SAZ5
AT5G39350,Q9FLZ9
AT5G39360,Q9FLZ8
AT5G39365,Q2V325
AT5G39370,Q9FLZ7
AT5G39380,Q9FLZ6
AT5G39390,F4KEF0
AT5G39400,Q9FLZ5
AT5G39410,Q8LGI2
AT5G39420,B5X564
AT5G39430,Q9ZR99
AT5G39440,Q9FLZ3
AT5G39450,Q8RWD6
AT5G39460,Q9FLZ1
AT5G39470,Q3E8K6
AT5G39471,Q9FLZ0
AT5G39480,Q9FLY8
AT5G39490,Q9FLY7
AT5G39493,Q9FLY6
AT5G39500,Q9FLY5
AT5G39510,Q9SEL6
AT5G39520,Q0WW43
AT5G39530,Q8GWM5
AT5G39540,F4KEG7
AT5G39550,Q9FKA7
AT5G39560,Q6NL02
AT5G39570,Q9FKA5
AT5G39580,Q9FKA4
AT5G39590,Q9FKA3
AT5G39600,Q940G3
AT5G39610,Q9FKA0
AT5G39620,Q948K6
AT5G39630,Q1PDQ2
AT5G39640,F4KEH9
AT5G39645,A8MR15
AT5G39650,Q9FK96
AT5G39660,Q93ZL5
AT5G39670,Q93Z27
AT5G39680,Q9FK93
AT5G39690,F4KEI6
AT5G39700,Q9SPG4
AT5G39710,Q9FIX3
AT5G39715,A0A1P8BGM4
AT5G39720,Q9FIX2
AT5G39730,Q9FIX1
AT5G39740,P49227
AT5G39750,Q9FIX0
AT5G39760,Q9FIW9
AT5G39770,F4KFU8
AT5G39775,A0A1P8BH06
AT5G39780,A0A1P8BD72
AT5G39790,Q94AX2
AT5G39800,Q8GXS6
AT5G39810,Q9FIW6
AT5G39820,Q9FIW5
AT5G39830,Q9LU10
AT5G39840,F4KFV7
AT5G39850,Q9FLF0
AT5G39860,Q9FLE9
AT5G39865,Q9FLE8
AT5G39870,A0A1P8BDW4
AT5G39880,Q9FLE6
AT5G39890,Q8LGJ5
AT5G39900,Q9FLE4
AT5G39910,F4KFW5
AT5G39920,F4KFW6
AT5G39930,Q9FLE2
AT5G39940,Q8GUI2
AT5G39950,Q38879
AT5G39960,F4KFX1
AT5G39970,F4KFX2
AT5G39980,Q9FLD8
AT5G39990,Q9FLD7
AT5G40000,F4KFX5
AT5G40010,Q9FLD5
AT5G40020,Q9FLD4
AT5G40030,Q9LUK3
AT5G40040,Q9LUK2
AT5G40050,Q9LUK1
AT5G40060,F4KFY1
AT5G40070,F4KFY2
AT5G40080,Q9LUJ9
AT5G40090,Q9LUJ8
AT5G40100,F4KFY5
AT5G40120,Q9FL19
AT5G40140,Q9FL17
AT5G40150,Q9FL16
AT5G40153,Q0WR27
AT5G40155,Q3E8K0
AT5G40160,Q9SQK3
AT5G40170,F4KHA2
AT5G40180,F4KHA3
AT5G40190,Q9FL13
AT5G40200,Q9FL12
AT5G40210,Q945L4
AT5G40220,Q9FL10
AT5G40230,F4KHA8
AT5G40240,Q9FL08
AT5G40250,Q9FL07
AT5G40260,Q8LFH5
AT5G40270,Q9FL05
AT5G40280,Q38920
AT5G40290,F4KHB6
AT5G40300,Q9FNE8
AT5G40310,A0A1P8BBT6
AT5G40320,Q9FNE5
AT5G40330,Q96276
AT5G40340,Q9FNE4
AT5G40350,Q9SPG9
AT5G40360,Q1PDP9
AT5G40370,Q9FNE2
AT5G40380,Q9FNE1
AT5G40382,Q9FNE0
AT5G40390,Q9FND9
AT5G40400,Q9FND8
AT5G40405,Q9FND7
AT5G40410,Q9FND6
AT5G40420,Q39165
AT5G40430,Q9SPH0
AT5G40440,O80396
AT5G40450,F4KHD5
AT5G40460,Q29Q81
AT5G40470,Q9FI63
AT5G40480,F4KHD8
AT5G40490,Q9FM47
AT5G40500,Q8VZ30
AT5G40510,A0A1P8BAT6
AT5G40520,F4KHE3
AT5G40530,Q84JC0
AT5G40540,Q9FM43
AT5G40550,Q500Z7
AT5G40560,Q9FM41
AT5G40570,A8MRG2
AT5G40580,Q7DLS1
AT5G40590,Q9FM39
AT5G40595,F4KIP1
AT5G40600,F4KIP2
AT5G40610,Q9SCX9
AT5G40620,Q9FM36
AT5G40630,Q9FM35
AT5G40640,Q84K38
AT5G40645,Q8LGF0
AT5G40650,Q8LB02
AT5G40660,Q94BY8
AT5G40670,P57758
AT5G40680,Q9FM30
AT5G40690,Q9FM29
AT5G40700,Q5PP69
AT5G40710,Q9FM27
AT5G40720,Q9FM26
AT5G40730,Q5PP12
AT5G40740,Q94BP7
AT5G40750,F4KIR0
AT5G40760,Q9FJI5
AT5G40770,O04331
AT5G40780,Q9FKS8
AT5G40790,Q9FKS7
AT5G40800,Q9FKS6
AT5G40810,Q9FKS5
AT5G40820,Q9FKS4
AT5G40830,Q9FKS3
AT5G40840,Q9FQ20
AT5G40850,Q42606
AT5G40855,Q3E8J7
AT5G40860,Q1PDP3
AT5G40870,Q9FKS0
AT5G40880,Q9FKR9
AT5G40890,P92941
AT5G40900,F4KIT4
AT5G40910,Q9FKR7
AT5G40930,P82805
AT5G40940,Q9FGW0
AT5G40942,P0DKH2
AT5G40950,Q9FLN4
AT5G40960,Q9FLN3
AT5G40970,F4KIU0
AT5G40980,Q9FLN1
AT5G40981,B3H6G4
AT5G40990,Q9FLN0
AT5G41000,Q6R3K8
AT5G41010,Q9FLM8
AT5G41020,Q9FLM7
AT5G41025,A0A1P8BCS2
AT5G41030,Q9FLM6
AT5G41040,Q94CD1
AT5G41050,Q9FLM4
AT5G41060,Q9FLM3
AT5G41070,Q8GY79
AT5G41071,B3H6D9
AT5G41080,Q9FLM1
AT5G41090,Q9FLM0
AT5G41100,A4FVS2
AT5G41109,B3H638
AT5G41110,Q9FLL8
AT5G41120,Q9FLL7
AT5G41130,A0A1R7T3H9
AT5G41140,Q9FLL5
AT5G41150,Q9LKI5
AT5G41160,Q9FLL4
AT5G41170,Q9FLL3
AT5G41180,Q9FLL2
AT5G41190,Q9FLL1
AT5G41200,Q9FLL0
AT5G41210,Q9ZRT5
AT5G41220,Q9FHE1
AT5G41240,Q8L727
AT5G41250,Q9FHD8
AT5G41260,Q9FHD7
AT5G41270,Q84VV1
AT5G41280,Q9FHD5
AT5G41290,Q9FHD4
AT5G41300,Q9FHD3
AT5G41310,F4JX00
AT5G41315,Q9FN69
AT5G41320,Q9FN68
AT5G41330,Q9FN67
AT5G41340,P42748
AT5G41350,Q94AB7
AT5G41360,Q9FUG4
AT5G41370,Q38861
AT5G41380,Q5Q0A4
AT5G41390,Q45GG6
AT5G41400,Q9FN60
AT5G41401,B3H464
AT5G41410,Q38897
AT5G41420,B3H6X1
AT5G41430,Q9FN58
AT5G41440,Q9FN57
AT5G41450,Q9FN56
AT5G41460,Q9FN55
AT5G41470,F4JYE8
AT5G41480,F4JYE9
AT5G41490,Q9FH73
AT5G41500,Q9FFT0
AT5G41510,Q9FFS9
AT5G41520,Q9FFS8
AT5G41530,Q9FFS7
AT5G41540,Q9FFS6
AT5G41550,Q9FFS5
AT5G41560,Q9FFS4
AT5G41570,Q9FFS3
AT5G41580,F4JYG0
AT5G41590,A0MFL4
AT5G41600,Q9FFS0
AT5G41610,Q9FFR9
AT5G41620,Q66GQ2
AT5G41630,Q9FFR7
AT5G41640,Q9FFR6
AT5G41650,Q9FFR5
AT5G41660,F4JYH0
AT5G41670,Q9FFR3
AT5G41680,Q3E8J4
AT5G41685,Q9ASY8
AT5G41690,Q56XC6
AT5G41700,P35131
AT5G41720,Q6NLE0
AT5G41730,Q9FGG5
AT5G41740,F4JYI4
AT5G41750,Q9LSX5
AT5G41760,Q8LGE9
AT5G41761,Q1G3G9
AT5G41763,A0A1P8BEK1
AT5G41765,F4JYJ1
AT5G41770,F4JZX8
AT5G41780,Q9FJ36
AT5G41790,F4JZY1
AT5G41800,Q8L4X4
AT5G41810,Q9FJ33
AT5G41820,Q9FJ32
AT5G41830,A0A1P8BAY2
AT5G41840,Q9FJ30
AT5G41850,Q9FJ29
AT5G41860,Q9FJ28
AT5G41870,Q9FJ27
AT5G41880,F4JZZ1
AT5G41890,Q9FJ25
AT5G41900,Q9FJ24
AT5G41908,B3H4Y7
AT5G41910,Q9FHZ2
AT5G41920,Q9FHZ1
AT5G41940,Q67YN2
AT5G41950,Q9FHY8
AT5G41960,Q9FHY7
AT5G41970,F4K000
AT5G41980,Q9FHY5
AT5G41990,Q944Q0
AT5G42000,F4K005
AT5G42010,Q9FHY2
AT5G42020,Q39043
AT5G42030,Q9FHY1
AT5G42040,Q9FHY0
AT5G42050,Q8RXN8
AT5G42053,B3H6P5
AT5G42060,Q9FHX8
AT5G42070,Q8RWR9
AT5G42080,P42697
AT5G42090,Q9FHX6
AT5G42100,Q9FHX5
AT5G42110,Q8GW66
AT5G42120,Q9FHX3
AT5G42130,Q9FHX2
AT5G42140,A0A1P8BCA2
AT5G42146,Q2V323
AT5G42150,Q9FHX0
AT5G42170,Q9FHW9
AT5G42180,Q43872
AT5G42190,Q9FHW7
AT5G42200,Q8L9W3
AT5G42210,F4K1G9
AT5G42220,Q8L745
AT5G42223,Q2V322
AT5G42230,Q9FH06
AT5G42232,Q2V321
AT5G42235,Q3E8I8
AT5G42240,Q9FH05
AT5G42242,P82771
AT5G42250,Q9FH04
AT5G42260,Q9FH03
AT5G42270,Q9FH02
AT5G42280,F4K1I0
AT5G42290,Q9FH00
AT5G42300,Q9FGZ9
AT5G42310,Q8L844
AT5G42325,F4K1I5
AT5G42330,Q6GKX1
AT5G42340,Q681N2
AT5G42350,Q9FII2
AT5G42360,Q9FII1
AT5G42370,F4K1J1
AT5G42380,Q9FIH9
AT5G42390,Q9FIH8
AT5G42400,F4K1J4
AT5G42410,Q9FIH6
AT5G42420,Q9FIH5
AT5G42430,Q9FIH4
AT5G42440,Q9FIH3
AT5G42450,Q9FIH2
AT5G42460,Q9FIH1
AT5G42470,Q5XF81
AT5G42480,Q9FIG9
AT5G42490,Q9FIG8
AT5G42500,Q9FIG7
AT5G42504,B3H759
AT5G42510,Q9FIG6
AT5G42520,Q8L999
AT5G42530,Q8W483
AT5G42540,Q9FQ02
AT5G42560,Q8LE10
AT5G42567,A8MS16
AT5G42570,Q93XZ7
AT5G42580,Q9FH67
AT5G42590,Q9FH66
AT5G42600,Q9FJV8
AT5G42610,Q9FJV7
AT5G42620,F4K306
AT5G42630,Q9FJV5
AT5G42635,F4K310
AT5G42640,Q9FJV4
AT5G42650,Q96242
AT5G42655,A0A1P8BDN2
AT5G42660,Q93Z91
AT5G42670,F4K315
AT5G42680,Q9FMZ6
AT5G42690,Q45GG2
AT5G42700,Q9FMZ4
AT5G42710,Q9FMZ3
AT5G42720,Q8VY12
AT5G42740,P34795
AT5G42750,Q9FMZ0
AT5G42760,F4K328
AT5G42765,F4K329
AT5G42770,F4K331
AT5G42780,Q9FMY7
AT5G42785,Q1PDN7
AT5G42790,P34066
AT5G42797,P82743
AT5G42800,P51102
AT5G42810,Q93YN9
AT5G42820,Q9FMY5
AT5G42825,Q94AK0
AT5G42830,Q9FMN6
AT5G42840,Q9FMN5
AT5G42850,Q9FMN4
AT5G42860,Q9FMN3
AT5G42870,Q9FMN2
AT5G42880,Q9FMN1
AT5G42890,Q9FMN0
AT5G42895,A8MQ80
AT5G42900,Q8L8T7
AT5G42905,F4K355
AT5G42910,Q9FMM7
AT5G42920,F4K4J0
AT5G42930,F4K4J2
AT5G42940,Q9FMM4
AT5G42950,Q9FMM3
AT5G42955,F4K4J5
AT5G42957,Q3E8I4
AT5G42960,Q8H0Y1
AT5G42965,Q3E8I3
AT5G42970,Q8L5U0
AT5G42980,Q42403
AT5G42990,Q9FMM0
AT5G43000,Q9FML9
AT5G43010,Q9SEI3
AT5G43020,Q9FMI2
AT5G43030,Q9FMI1
AT5G43040,Q9FMI0
AT5G43050,Q9FMH9
AT5G43060,Q9FMH8
AT5G43064,A0A1P8BER4
AT5G43066,B3H7F1
AT5G43068,A0A1P8BEV7
AT5G43070,Q9FMH6
AT5G43080,Q9FMH5
AT5G43090,Q9FMH4
AT5G43100,F4K4L3
AT5G43110,Q4PSD1
AT5G43120,A0A1P8BFL1
AT5G43130,F4K4L7
AT5G43140,A0JQ86
AT5G43150,Q9FMG8
AT5G43155,A0A1P8BC48
AT5G43160,F4K4M0
AT5G43170,Q9SSW0
AT5G43175,Q3E7L7
AT5G43180,Q9LUH6
AT5G43185,Q3E7J3
AT5G43190,Q9FHS6
AT5G43200,Q9FHS5
AT5G43210,Q9FHS4
AT5G43211,B3H5F2
AT5G43230,F4K4M9
AT5G43240,F4K4N0
AT5G43250,Q9FHS0
AT5G43260,Q94CB5
AT5G43270,Q9S840
AT5G43280,Q9FHR8
AT5G43285,Q4VP09
AT5G43290,Q9FHR7
AT5G43300,Q680A6
AT5G43310,F4K5Y5
AT5G43320,Q9LSX4
AT5G43330,P57106
AT5G43340,Q9ZWT3
AT5G43350,Q8VYM2
AT5G43360,O48639
AT5G43370,Q96243
AT5G43380,O82733
AT5G43390,Q9LSX2
AT5G43400,Q94AE4
AT5G43401,Q2V318
AT5G43410,Q9LSX0
AT5G43420,Q9LSW9
AT5G43430,Q9LSW8
AT5G43440,Q9LSW7
AT5G43450,Q9LSW6
AT5G43460,Q9LSW5
AT5G43470,Q8W4J9
AT5G43480,Q9LSW4
AT5G43490,F4K613
AT5G43500,Q9LSW2
AT5G43510,Q4VP08
AT5G43513,Q4VP10
AT5G43516,Q4VP07
AT5G43518,P0CAY6
AT5G43520,Q9FIY8
AT5G43525,A8MRC6
AT5G43530,Q9FIY7
AT5G43540,Q9FIY6
AT5G43550,Q9FIY5
AT5G43560,Q8RY18
AT5G43570,A0A1P8B9R8
AT5G43580,F4K627
AT5G43590,Q9FIY1
AT5G43600,Q8VXY9
AT5G43610,Q6A329
AT5G43620,Q9FIX8
AT5G43630,Q9FIX7
AT5G43640,Q9FIX6
AT5G43650,Q9FIX5
AT5G43660,F4K794
AT5G43670,Q84WI4
AT5G43680,Q94AZ7
AT5G43690,Q9FG94
AT5G43695,B3H5M1
AT5G43700,P33077
AT5G43710,Q9FG93
AT5G43720,Q67YA7
AT5G43730,Q9FG91
AT5G43740,Q9FG90
AT5G43745,Q940Y9
AT5G43750,Q9FG89
AT5G43755,F4K7A8
AT5G43760,Q9FG87
AT5G43770,Q9FG86
AT5G43780,Q9S7D8
AT5G43790,Q9FG85
AT5G43810,Q9XGW1
AT5G43820,P0C8R0
AT5G43822,Q6NPG7
AT5G43830,Q9FG81
AT5G43840,Q1PDN3
AT5G43850,Q8H185
AT5G43860,Q9M7I7
AT5G43870,Q9LKC2
AT5G43880,Q9LKC1
AT5G43890,Q9LKC0
AT5G43900,Q9LKB9
AT5G43910,F4K7C7
AT5G43920,Q9FND4
AT5G43930,F4K7D1
AT5G43935,F4K7D5
AT5G43940,Q96533
AT5G43950,Q9FND1
AT5G43960,Q9FND0
AT5G43970,Q9FNC9
AT5G43980,Q8GXV7
AT5G43990,Q9FNC7
AT5G44000,Q1H5B1
AT5G44005,Q84WM1
AT5G44010,A0A1P8B9K4
AT5G44020,Q9FNC4
AT5G44030,Q84JA6
AT5G44040,Q9FNC2
AT5G44050,Q9FNC1
AT5G44060,Q9FNC0
AT5G44063,A0A1P8BD38
AT5G44065,B3H574
AT5G44070,Q9S7Z3
AT5G44080,Q9FNB9
AT5G44090,Q9XGR4
AT5G44100,Q9FFH8
AT5G44110,Q9XF19
AT5G44120,P15455
AT5G44130,Q9FFH6
AT5G44140,Q9FFH5
AT5G44150,F4K8S5
AT5G44160,Q9FFH3
AT5G44170,Q9FFH2
AT5G44180,Q9FFH1
AT5G44190,Q9FFH0
AT5G44200,Q9XFD1
AT5G44210,Q9FE67
AT5G44220,Q9FFG9
AT5G44230,Q9FFG8
AT5G44240,P98205
AT5G44250,Q9FFG7
AT5G44260,Q9FKW2
AT5G44265,A8MQA2
AT5G44270,Q9FKW1
AT5G44280,Q9FKW0
AT5G44290,Q9FKV9
AT5G44300,Q9FKV8
AT5G44306,B3H5H2
AT5G44310,Q9FKV7
AT5G44316,Q3E8H7
AT5G44320,Q9FKV6
AT5G44330,Q9FKV5
AT5G44340,P24636
AT5G44345,F4K8V7
AT5G44350,Q9FKV3
AT5G44360,Q9FKV2
AT5G44370,Q9FKV1
AT5G44380,Q9FKV0
AT5G44390,Q9FKU9
AT5G44400,Q9FKU8
AT5G44410,Q9FI25
AT5G44420,Q9FI23
AT5G44430,Q9FI22
AT5G44440,Q9FI21
AT5G44450,Q5PP70
AT5G44460,Q9FI19
AT5G44470,Q9FI18
AT5G44480,Q9FI17
AT5G44490,Q9FI16
AT5G44495,A8MR71
AT5G44500,Q9FI15
AT5G44510,Q9FI14
AT5G44520,Q9FI13
AT5G44530,Q9FI12
AT5G44540,Q9FI11
AT5G44550,Q9FI10
AT5G44560,Q0WTY4
AT5G44563,A0A1P8BDK1
AT5G44565,Q3E8H4
AT5G44566,A0A1P8BDM7
AT5G44567,A0A1P8BDL3
AT5G44568,Q570K8
AT5G44570,Q56WV9
AT5G44572,Q0WML3
AT5G44574,A8MS31
AT5G44575,Q8GWN6
AT5G44578,A8MQS5
AT5G44580,Q9LU08
AT5G44582,A8MRU6
AT5G44585,B3H7I1
AT5G44590,Q9LU07
AT5G44600,F4KAB4
AT5G44610,Q9LU05
AT5G44620,Q9LU04
AT5G44630,Q4KSH9
AT5G44635,F4KAB8
AT5G44640,Q9LU02
AT5G44650,Q9LU01
AT5G44660,Q9LU00
AT5G44670,Q9LTZ9
AT5G44680,Q9FIZ5
AT5G44690,F4KAC4
AT5G44700,Q9FIZ3
AT5G44710,Q8GXH5
AT5G44720,O48588
AT5G44730,O48587
AT5G44740,Q8H2D5
AT5G44750,A3EWL3
AT5G44760,Q9FIZ1
AT5G44770,O48583
AT5G44780,O48582
AT5G44785,Q8GWJ4
AT5G44790,Q9S7J8
AT5G44800,F4KBP5
AT5G44820,Q147R7
AT5G44830,Q9FIY9
AT5G44840,F4KBP8
AT5G44850,O48575
AT5G44860,O48574
AT5G44870,O48573
AT5G44900,Q6NPD9
AT5G44910,Q9FLA7
AT5G44920,Q0WSX8
AT5G44930,Q9FLA5
AT5G44940,Q9FLA3
AT5G44950,Q9FLA2
AT5G44960,Q9FLA1
AT5G44970,Q9FLA0
AT5G44973,Q2V315
AT5G44980,Q9FL99
AT5G44990,Q9FL98
AT5G45000,Q56XU3
AT5G45010,Q9FL96
AT5G45020,Q9FL95
AT5G45030,Q9FL94
AT5G45040,Q93VA3
AT5G45050,Q9FL92
AT5G45060,Q9FHF0
AT5G45070,Q9FHE9
AT5G45080,Q9FHE8
AT5G45090,Q9FHE5
AT5G45095,Q8GZ89
AT5G45100,Q9FHE4
AT5G45105,Q8S3W4
AT5G45110,Q8L746
AT5G45113,Q3E8G9
AT5G45115,A0A1P8BAM9
AT5G45120,Q9FHE2
AT5G45130,P31582
AT5G45140,F4KD38
AT5G45150,Q9FKF0
AT5G45160,Q9FKE9
AT5G45170,A0A1P8BBQ8
AT5G45180,Q9FKE7
AT5G45190,Q9FKE6
AT5G45200,F4KD45
AT5G45210,A0A1P8BGN2
AT5G45220,Q9FKE3
AT5G45230,Q9FKE2
AT5G45240,F4KD49
AT5G45250,Q9XGM3
AT5G45260,P0DKH5
AT5G45275,F4KD53
AT5G45277,A0A1P8BEG4
AT5G45280,Q9FH82
AT5G45290,F4KD57
AT5G45300,Q9FH80
AT5G45310,Q94JR2
AT5G45320,Q9FH78
AT5G45330,Q9FH77
AT5G45340,Q9FH76
AT5G45350,Q39115
AT5G45360,Q9FHK0
AT5G45370,F4KD68
AT5G45380,F4KD71
AT5G45390,Q94B60
AT5G45400,Q9FHJ6
AT5G45410,Q9FHJ5
AT5G45420,Q9ASQ2
AT5G45430,Q8H0X4
AT5G45440,Q9FHJ2
AT5G45450,Q9FHJ1
AT5G45455,A0A1P8BCS3
AT5G45460,Q9FHJ0
AT5G45469,B3H6U9
AT5G45470,Q9FHI9
AT5G45480,Q9FHI8
AT5G45490,Q9FHI7
AT5G45500,Q9FHI6
AT5G45510,Q8VZC7
AT5G45520,Q9FHI4
AT5G45530,Q9FHI3
AT5G45540,Q9FHI2
AT5G45550,Q9FHI1
AT5G45560,Q8VZF6
AT5G45570,Q9FH44
AT5G45573,F4KEK1
AT5G45580,C0SVS4
AT5G45590,Q8LAA7
AT5G45600,Q9FH40
AT5G45610,C8KI33
AT5G45620,Q8RWF0
AT5G45630,Q9FK78
AT5G45640,F4KEL0
AT5G45650,Q9FK76
AT5G45660,Q0WPS6
AT5G45670,Q9FK75
AT5G45680,Q9SCY2
AT5G45690,Q941A4
AT5G45700,Q9FK73
AT5G45710,Q9FK72
AT5G45720,F4KEM0
AT5G45730,F4KEM1
AT5G45740,F4KEM2
AT5G45750,Q9FK68
AT5G45760,F4KEM4
AT5G45770,Q9FK66
AT5G45780,C0LGU5
AT5G45790,F4KEN0
AT5G45800,Q9FK63
AT5G45810,Q9FJ55
AT5G45820,Q9FJ54
AT5G45830,A0SVK0
AT5G45840,C0LGU7
AT5G45850,F4KEN8
AT5G45860,Q9FJ50
AT5G45870,Q9FJ49
AT5G45875,P82646
AT5G45880,Q680L9
AT5G45890,Q9FJ47
AT5G45900,Q94CD5
AT5G45910,Q9FJ45
AT5G45920,Q6NMR9
AT5G45930,Q5XF33
AT5G45940,Q8LET2
AT5G45950,Q9FJ41
AT5G45960,Q9FJ40
AT5G45970,Q38903
AT5G45980,Q6X7J5
AT5G45990,A0A1P8B9B1
AT5G46000,Q9FNM2
AT5G46010,F4KG06
AT5G46020,Q9FNM0
AT5G46025,Q3E8G1
AT5G46030,Q8LEF3
AT5G46040,Q9FNL8
AT5G46050,Q9FNL7
AT5G46060,Q9FNL6
AT5G46070,F4KG14
AT5G46080,Q9FNL4
AT5G46085,A0A1P8B9F1
AT5G46090,Q9FNL3
AT5G46100,Q9FNL2
AT5G46110,Q9ZSR7
AT5G46115,Q3E8G0
AT5G46130,Q9FNK9
AT5G46140,Q5XV21
AT5G46150,Q67YS6
AT5G46160,Q93Z17
AT5G46170,Q9FNK5
AT5G46180,Q9FNK4
AT5G46190,Q9FNK3
AT5G46200,Q9FGP1
AT5G46210,Q8LGH4
AT5G46220,Q6DBD7
AT5G46230,Q9FL37
AT5G46240,Q39128
AT5G46250,Q94A38
AT5G46260,Q9FL35
AT5G46270,A0A1P8B9V7
AT5G46280,Q9FL33
AT5G46290,P52410
AT5G46295,Q3E8F8
AT5G46297,A0A1P8BCA0
AT5G46300,Q9FL31
AT5G46310,Q9FL30
AT5G46320,Q9FL29
AT5G46330,Q9FL28
AT5G46340,Q8L7C8
AT5G46350,Q9FL26
AT5G46360,Q9XFR0
AT5G46370,Q9FL25
AT5G46380,A0A1P8BEK3
AT5G46390,F4KHG6
AT5G46395,A0A1P8BAC6
AT5G46400,F4KHG8
AT5G46410,F4KHG9
AT5G46420,Q9FHG3
AT5G46430,Q9FHG2
AT5G46440,Q9FHG1
AT5G46450,Q9FHG0
AT5G46460,Q9FHF9
AT5G46470,F4KHH8
AT5G46490,Q9FHF6
AT5G46500,Q9FHF5
AT5G46510,Q9FHF4
AT5G46520,F4KHI3
AT5G46530,F4KHI4
AT5G46540,Q9FHF1
AT5G46550,Q9LS28
AT5G46560,F4KHI7
AT5G46570,Q9LS26
AT5G46580,Q9LS25
AT5G46590,Q9LS24
AT5G46600,Q9LS23
AT5G46610,Q9LS22
AT5G46620,Q8GYV3
AT5G46630,O23140
AT5G46640,Q9FIR1
AT5G46650,Q9FIR0
AT5G46660,Q9FIQ9
AT5G46670,Q9FIQ8
AT5G46680,Q56XR6
AT5G46690,Q56XR0
AT5G46700,Q9FIQ5
AT5G46710,Q9FIQ4
AT5G46720,Q9FIQ3
AT5G46730,Q7Y218
AT5G46740,Q9FIQ1
AT5G46750,Q9FIQ0
AT5G46760,Q9FIP9
AT5G46770,Q9FIP8
AT5G46780,Q9FIP7
AT5G46790,Q8VZS8
AT5G46795,Q1PDM1
AT5G46800,Q93XM7
AT5G46810,Q9FIP4
AT5G46820,Q9FIP3
AT5G46825,A0A1P8BHC5
AT5G46830,Q9LUK7
AT5G46840,Q9LUK6
AT5G46850,F4KIV8
AT5G46860,P93654
AT5G46870,Q6NM69
AT5G46871,Q4VP04
AT5G46873,Q2V311
AT5G46874,Q2V310
AT5G46877,Q2V309
AT5G46880,Q9FJS2
AT5G46890,Q9FJS1
AT5G46900,Q39100
AT5G46910,F4KIX0
AT5G46915,F4KIX1
AT5G46920,Q9FJR9
AT5G46930,Q9FJR8
AT5G46940,Q9FJR7
AT5G46950,Q9FJR6
AT5G46960,Q9FJR5
AT5G46970,Q9FJR4
AT5G46980,Q9FJR3
AT5G46990,Q9FJR2
AT5G47000,Q9FJR1
AT5G47010,Q9FJR0
AT5G47020,F4KIY2
AT5G47030,Q96252
AT5G47040,O64948
AT5G47050,Q9FJQ8
AT5G47060,Q9FGQ9
AT5G47070,Q9LTC0
AT5G47075,P82734
AT5G47077,P82721
AT5G47080,P40228
AT5G47090,Q9LTB9
AT5G47100,Q9LTB8
AT5G47110,Q6NKS4
AT5G47120,Q9LD45
AT5G47130,A0A1P8BFV1
AT5G47140,Q5PP38
AT5G47150,Q9FHI0
AT5G47160,Q9LVU3
AT5G47170,Q9LVU2
AT5G47175,P82718
AT5G47180,Q9LVU1
AT5G47190,Q8RXX5
AT5G47200,Q9FPJ4
AT5G47210,Q9LVT8
AT5G47220,O80338
AT5G47229,B3H7I6
AT5G47230,O80341
AT5G47240,Q8L7W2
AT5G47250,Q9LVT4
AT5G47260,Q9LVT3
AT5G47280,Q9LVT1
AT5G47290,Q9LVT0
AT5G47300,Q9LVS9
AT5G47310,Q9LVS8
AT5G47320,P39697
AT5G47330,Q9LVS6
AT5G47340,F4JX42
AT5G47350,Q9LVS4
AT5G47360,Q9LVS3
AT5G47370,P46601
AT5G47380,F4JX46
AT5G47390,Q9LVS0
AT5G47400,F4JX48
AT5G47420,Q8RXM5
AT5G47430,B9DFV2
AT5G47435,Q93YQ3
AT5G47440,Q9FGL4
AT5G47450,Q9FGL2
AT5G47455,Q84MD3
AT5G47460,Q9FGL1
AT5G47470,Q9FGL0
AT5G47480,Q9FGK9
AT5G47490,Q9FGK8
AT5G47500,Q8LPF3
AT5G47510,F4JYJ3
AT5G47520,Q9FGK5
AT5G47530,Q9FGK4
AT5G47540,Q9FGK3
AT5G47550,Q41916
AT5G47560,Q8LG88
AT5G47570,Q9FGK0
AT5G47580,Q9FGJ9
AT5G47590,Q9FGJ8
AT5G47600,Q6NLV0
AT5G47610,Q9FGJ6
AT5G47620,Q8VZ63
AT5G47630,Q9FGJ4
AT5G47635,Q29PT1
AT5G47640,Q9FGJ3
AT5G47650,Q94B74
AT5G47660,Q9FGJ1
AT5G47670,Q84W66
AT5G47680,Q9FGI9
AT5G47690,B6EUB3
AT5G47700,Q8LEQ0
AT5G47710,Q9FIK8
AT5G47720,Q9FIK7
AT5G47730,Q9FIK6
AT5G47740,F4JYN2
AT5G47750,Q39183
AT5G47760,Q8GWU0
AT5G47770,Q09152
AT5G47780,Q93ZX7
AT5G47790,Q9FIK2
AT5G47800,Q9FIK1
AT5G47810,Q9FIK0
AT5G47820,Q8GS71
AT5G47830,Q3E8E9
AT5G47840,Q9FIJ7
AT5G47850,Q9FIJ6
AT5G47860,Q9FIJ5
AT5G47870,Q9FIJ4
AT5G47880,Q39097
AT5G47890,Q9FIJ2
AT5G47900,A0A1P8BC52
AT5G47910,Q9FIJ0
AT5G47920,Q9FII9
AT5G47930,Q8L953
AT5G47940,Q9FGV5
AT5G47950,Q9FGV4
AT5G47960,Q9FE79
AT5G47970,Q9FI41
AT5G47980,Q9FI40
AT5G47990,Q9FI39
AT5G48000,Q8L7D5
AT5G48010,Q9FI37
AT5G48020,Q9FI36
AT5G48030,Q8GWW8
AT5G48040,Q9FI34
AT5G48050,Q9FI33
AT5G48060,Q9FI32
AT5G48070,Q9FI31
AT5G48090,F4K064
AT5G48100,Q84J37
AT5G48110,Q9FI27
AT5G48120,Q0WVF8
AT5G48130,Q9LUB9
AT5G48140,Q9LUB8
AT5G48150,Q9LDL7
AT5G48160,Q9LUB7
AT5G48170,Q9LUB6
AT5G48175,Q8L9E4
AT5G48180,Q93XW5
AT5G48200,Q9LUB4
AT5G48205,F4K080
AT5G48210,Q9LUB3
AT5G48220,Q9LUB2
AT5G48230,Q8S4Y1
AT5G48240,F4K087
AT5G48250,Q9LUA9
AT5G48270,Q9LUA7
AT5G48280,Q9FGW2
AT5G48290,Q5PNZ7
AT5G48300,P55228
AT5G48310,Q9LK83
AT5G48320,Q9LK82
AT5G48330,Q8GYL6
AT5G48335,Q6AWV7
AT5G48340,Q9LK80
AT5G48350,Q9LK79
AT5G48360,Q8GX37
AT5G48370,Q9LK77
AT5G48375,Q3E8E5
AT5G48380,Q9ASS4
AT5G48385,Q67ZB3
AT5G48390,B0M1H3
AT5G48400,Q9LV72
AT5G48410,Q9FH75
AT5G48420,Q9LV71
AT5G48430,Q9LV70
AT5G48440,Q9LV69
AT5G48450,A0A1P8BGY1
AT5G48460,O50064
AT5G48470,Q1H5E9
AT5G48480,Q9LV66
AT5G48485,Q8W453
AT5G48490,Q9LV65
AT5G48500,Q8LEL0
AT5G48510,Q9LV63
AT5G48515,Q2V306
AT5G48520,Q0WQE7
AT5G48530,F4K1Q9
AT5G48540,Q9LV60
AT5G48543,P82716
AT5G48545,F4K1R2
AT5G48550,Q1PDL6
AT5G48560,Q9FJL4
AT5G48570,Q9FJL3
AT5G48575,Q3E8E3
AT5G48580,Q38936
AT5G48590,Q9FJL1
AT5G48595,Q2V305
AT5G48600,Q9FJL0
AT5G48605,Q2V304
AT5G48610,A0A1P8BGR8
AT5G48620,Q9FJK8
AT5G48630,Q9FJK7
AT5G48640,Q9FJK6
AT5G48650,Q84JH2
AT5G48655,Q8GS41
AT5G48657,F4K366
AT5G48660,Q9FJK4
AT5G48670,Q9FJK3
AT5G48680,Q52K85
AT5G48690,Q5XV09
AT5G48700,Q9FKC6
AT5G48710,Q9FKC5
AT5G48720,Q6NLW5
AT5G48730,Q9FKC3
AT5G48740,C0LGV0
AT5G48750,Q9FKC1
AT5G48760,Q9FKC0
AT5G48770,Q9FKB9
AT5G48780,F4K383
AT5G48790,Q94F50
AT5G48800,Q9FKB6
AT5G48810,Q9ZWT2
AT5G48820,Q9FKB5
AT5G48830,F4K390
AT5G48840,Q9FKB3
AT5G48850,Q8GXU5
AT5G48860,Q9FKB1
AT5G48870,Q9FKB0
AT5G48880,Q570C8
AT5G48890,Q9FKA9
AT5G48900,Q93WF1
AT5G48905,P82727
AT5G48910,Q9FI80
AT5G48920,Q9FI79
AT5G48930,Q9FI78
AT5G48940,C0LGV1
AT5G48945,P82761
AT5G48950,Q9FI76
AT5G48953,P82795
AT5G48960,F4K3A9
AT5G48970,Q9FI73
AT5G48980,Q9FI72
AT5G48990,Q9FI71
AT5G49000,Q9FI70
AT5G49010,Q6NQP5
AT5G49015,Q3E6Q4
AT5G49020,A3KPF2
AT5G49030,Q8RXK8
AT5G49040,Q9FI66
AT5G49050,Q9FI65
AT5G49060,Q9FH28
AT5G49070,Q9FH27
AT5G49100,Q9FH24
AT5G49110,A0A1P8BDX4
AT5G49120,Q9FH22
AT5G49130,Q9FH21
AT5G49140,Q9FH20
AT5G49150,F4K4R6
AT5G49160,P34881
AT5G49170,Q0WQJ1
AT5G49180,Q9FJ21
AT5G49190,Q00917
AT5G49200,Q9FE91
AT5G49210,Q945P2
AT5G49215,Q8RX04
AT5G49220,Q8VZK6
AT5G49230,Q9FJ17
AT5G49240,Q9FJ16
AT5G49250,Q9FJ15
AT5G49260,Q9FJ14
AT5G49270,Q9FJ13
AT5G49280,Q9FJ12
AT5G49290,F4K4T3
AT5G49300,Q9FJ10
AT5G49305,A0A1P8BDF2
AT5G49310,Q9FJ09
AT5G49320,Q9FJ08
AT5G49330,Q9FJ07
AT5G49340,Q9FJ06
AT5G49350,Q84Q60
AT5G49360,Q9FGY1
AT5G49390,F4K4U5
AT5G49400,Q6NMK2
AT5G49410,Q9FGX6
AT5G49420,Q7X9H5
AT5G49430,F4K639
AT5G49440,Q9FGX3
AT5G49450,Q9FGX2
AT5G49460,Q9FGX1
AT5G49470,F4K645
AT5G49480,Q9FDX6
AT5G49490,Q9FGZ5
AT5G49500,P49966
AT5G49510,P57741
AT5G49520,Q9FGZ4
AT5G49525,Q8L7F0
AT5G49530,Q9FGZ3
AT5G49540,Q9AST5
AT5G49550,F4K657
AT5G49555,F4K658
AT5G49560,Q9FGZ0
AT5G49570,Q9FGY9
AT5G49580,Q9FGY8
AT5G49590,Q9FGY6
AT5G49600,Q9FGY5
AT5G49610,Q9FGY4
AT5G49620,Q9FGY3
AT5G49630,P92934
AT5G49640,Q9LT52
AT5G49645,A0A1R7T3B9
AT5G49650,Q949W8
AT5G49660,Q9FGL5
AT5G49665,Q9LTA6
AT5G49680,Q6IMT0
AT5G49690,Q9LTA3
AT5G49700,Q9LTA2
AT5G49710,Q0WP38
AT5G49720,Q38890
AT5G49730,Q8RWS6
AT5G49740,Q3KTM0
AT5G49750,F4K682
AT5G49760,Q8GZ99
AT5G49770,Q9LT96
AT5G49780,A0A1R7T3H1
AT5G49800,Q5HZ48
AT5G49810,Q9LTB2
AT5G49820,Q93YU2
AT5G49830,Q9LTB0
AT5G49840,F4K7F6
AT5G49850,Q9LTA8
AT5G49860,Q9LTA7
AT5G49870,Q9LTY2
AT5G49880,Q9LTY1
AT5G49890,Q96282
AT5G49900,Q8GUI9
AT5G49910,Q9LTX9
AT5G49920,Q9LTX8
AT5G49930,Q9LTX7
AT5G49940,Q93W20
AT5G49945,Q94CC0
AT5G49950,Q9LTX5
AT5G49960,Q9LTX4
AT5G49970,Q9LTX3
AT5G49980,Q9LTX2
AT5G49990,Q8RWE9
AT5G50000,Q9FGB1
AT5G50010,Q9FGB0
AT5G50020,Q8VYS8
AT5G50030,Q9FGA8
AT5G50040,Q9FGA7
AT5G50050,Q9FGA6
AT5G50060,Q9FGA5
AT5G50070,Q9FGA4
AT5G50080,Q70II3
AT5G50090,Q9FGA2
AT5G50100,Q8W485
AT5G50110,Q1WWI8
AT5G50115,F4K7J1
AT5G50120,Q9FG99
AT5G50130,Q8RWK2
AT5G50140,Q9FG97
AT5G50150,Q9FG96
AT5G50160,Q8VY13
AT5G50170,Q9FGS8
AT5G50175,Q2V301
AT5G50180,Q9FGS7
AT5G50200,Q9FGS5
AT5G50210,Q9FGS4
AT5G50220,Q9FGS3
AT5G50230,Q6NNP0
AT5G50240,Q64J17
AT5G50250,Q9FGS0
AT5G50260,Q9FGR9
AT5G50270,Q9FGR8
AT5G50280,Q9FGR7
AT5G50290,Q5XV04
AT5G50300,Q84MA8
AT5G50310,Q945N1
AT5G50320,Q93ZR1
AT5G50330,Q0WSU9
AT5G50335,Q8LEB7
AT5G50340,F4K8X8
AT5G50345,A8MRV5
AT5G50350,Q9FK37
AT5G50360,Q9FK36
AT5G50361,B3H5Q7
AT5G50365,A0A1R7T3F0
AT5G50370,Q9FK35
AT5G50375,Q9M643
AT5G50380,F4K8Y6
AT5G50390,Q9FK33
AT5G50400,Q5MAU8
AT5G50410,Q9FK31
AT5G50420,Q9FK30
AT5G50423,Q2V300
AT5G50430,Q9FK29
AT5G50440,Q9FK28
AT5G50443,A0A178UQR8
AT5G50450,Q9FK27
AT5G50460,P0DI75
AT5G50470,Q9FGP8
AT5G50480,Q9FGP7
AT5G50490,Q9FGP6
AT5G50500,Q9FGP5
AT5G50510,Q9LUF9
AT5G50520,Q9LUF8
AT5G50530,Q0WLC7
AT5G50540,Q9FGP4
AT5G50550,Q9FGP3
AT5G50560,Q9LUF5
AT5G50562,B3H5R2
AT5G50565,F4KAD6
AT5G50570,B9DI20
AT5G50580,P0DI12
AT5G50590,P0DKC7
AT5G50600,P0DKC5
AT5G50610,Q9LUF0
AT5G50640,P0DH79
AT5G50670,P0DI11
AT5G50680,P0DI13
AT5G50690,Q9LUF2
AT5G50700,P0DKC6
AT5G50720,Q9FED2
AT5G50740,B3H4U8
AT5G50750,Q9LUE6
AT5G50760,Q9LUE5
AT5G50770,Q9LUE4
AT5G50780,F4KAF2
AT5G50790,Q9LUE3
AT5G50800,Q9FGQ2
AT5G50810,Q9XGY4
AT5G50820,Q9FGQ1
AT5G50830,F4KAF8
AT5G50840,F4KAG0
AT5G50850,Q38799
AT5G50870,Q9FI61
AT5G50890,Q9FI59
AT5G50900,Q9FI58
AT5G50910,Q9FI57
AT5G50915,Q93W88
AT5G50920,Q9FI56
AT5G50930,Q9FI55
AT5G50940,F4KAH4
AT5G50950,Q9FI53
AT5G50960,Q8H1Q2
AT5G50970,Q683G3
AT5G50990,Q9FI49
AT5G51000,Q9FI48
AT5G51010,Q9FI47
AT5G51020,Q9FI46
AT5G51030,Q9FI45
AT5G51040,Q9FI44
AT5G51050,Q9FI43
AT5G51060,O81210
AT5G51070,P42762
AT5G51080,Q84TE0
AT5G51090,Q9LU65
AT5G51100,Q9LU64
AT5G51105,F4KBU9
AT5G51110,Q9LU63
AT5G51120,Q93VI4
AT5G51130,Q6NPC9
AT5G51140,Q9LU60
AT5G51150,Q9LU59
AT5G51160,Q9LU58
AT5G51170,Q9LU57
AT5G51180,Q949V0
AT5G51190,Q8VY90
AT5G51195,F4KBW5
AT5G51200,F4KBW6
AT5G51210,Q43284
AT5G51220,Q500Z1
AT5G51230,Q8L6Y4
AT5G51250,Q9LU49
AT5G51260,Q9LU48
AT5G51270,Q9LU47
AT5G51280,Q9LU46
AT5G51290,Q6USK2
AT5G51300,Q9LU44
AT5G51310,F4KBY0
AT5G51330,Q9FGN8
AT5G51340,Q9FGN7
AT5G51350,Q9FGN6
AT5G51360,Q9FGN5
AT5G51370,Q9FGN4
AT5G51380,Q9FGN3
AT5G51390,F4KBY8
AT5G51400,P94032
AT5G51410,P94088
AT5G51420,Q9FGN1
AT5G51430,Q9FGN0
AT5G51440,Q9FGM9
AT5G51450,Q8W4Q5
AT5G51451,B3H5J1
AT5G51460,O64896
AT5G51465,A0A1P8BH24
AT5G51470,Q9FHN7
AT5G51480,Q9FHN6
AT5G51490,Q9FHN5
AT5G51500,Q9FHN4
AT5G51510,Q9FHN3
AT5G51520,Q9FHN2
AT5G51530,Q9FHN1
AT5G51540,F4KDA5
AT5G51545,F4KDA6
AT5G51550,Q9FHM9
AT5G51560,Q9FHM8
AT5G51570,Q9FHM7
AT5G51580,Q9FHM6
AT5G51585,A0A1P8BGC7
AT5G51590,Q9FHM5
AT5G51600,Q9FHM4
AT5G51610,Q9FHM3
AT5G51620,A0A1P8BFG8
AT5G51630,Q0WPW2
AT5G51640,Q9FHM0
AT5G51650,Q9FHL9
AT5G51660,Q9FGR0
AT5G51670,Q9LTD7
AT5G51680,F4KDC4
AT5G51690,Q8GYY0
AT5G51700,Q9SE33
AT5G51710,Q8VYR9
AT5G51720,Q9FLI7
AT5G51730,F4KDD0
AT5G51740,Q9FLI5
AT5G51750,Q9FLI4
AT5G51760,Q9FLI3
AT5G51770,Q9FLI2
AT5G51780,Q9FLI1
AT5G51790,Q9FLI0
AT5G51795,F4KDD7
AT5G51800,Q9FLH9
AT5G51810,Q39111
AT5G51820,Q9SCY0
AT5G51830,Q9FLH8
AT5G51840,Q2HIW6
AT5G51845,Q2V2Z3
AT5G51850,Q9FLH6
AT5G51860,Q9FLH5
AT5G51870,Q9LT93
AT5G51880,Q9LT92
AT5G51890,Q9LT91
AT5G51900,Q9LT90
AT5G51910,Q9LT89
AT5G51915,A0A1P8BA64
AT5G51920,Q9FGL6
AT5G51930,F4KEQ5
AT5G51940,Q9FJ98
AT5G51950,Q94KD2
AT5G51960,Q9FJ96
AT5G51970,Q9FJ95
AT5G51980,Q9FNZ1
AT5G51990,Q9FJ93
AT5G52000,Q9FJ92
AT5G52010,Q9FJ91
AT5G52020,Q9FJ90
AT5G52030,F4KER9
AT5G52040,P92966
AT5G52045,A0A1P8BAK2
AT5G52050,Q9FJ87
AT5G52060,Q0WUQ1
AT5G52070,Q8RXR3
AT5G52080,Q9FJ84
AT5G52090,Q9FJ83
AT5G52100,Q9FJ82
AT5G52110,Q9FJ81
AT5G52115,A0A1P8BG68
AT5G52120,Q9FJ80
AT5G52130,Q9LTK7
AT5G52140,Q1PDK3
AT5G52150,Q9LTK5
AT5G52155,A0A1P8BFJ4
AT5G52160,Q9LTK4
AT5G52170,Q9LTK3
AT5G52180,Q9LTK2
AT5G52190,Q9LTK1
AT5G52200,Q9LTK0
AT5G52210,Q38921
AT5G52220,F4KEU5
AT5G52230,Q9LTJ8
AT5G52240,Q9XFM6
AT5G52250,Q9LTJ6
AT5G52260,Q9LTJ5
AT5G52270,A0A1P8BCU8
AT5G52280,Q9FHD1
AT5G52290,F4KG50
AT5G52300,Q04980
AT5G52310,Q06738
AT5G52320,Q9FHC8
AT5G52330,Q9FHC7
AT5G52340,F4KG57
AT5G52350,F4KG58
AT5G52360,Q8LFH6
AT5G52370,Q9FHC3
AT5G52380,Q9FHC2
AT5G52390,Q9FHC1
AT5G52400,F4KG63
AT5G52410,F4KG64
AT5G52420,Q9FHB8
AT5G52430,Q9FHB7
AT5G52440,Q9XH75
AT5G52450,Q9FHB6
AT5G52460,Q9FHB5
AT5G52470,Q9FEF8
AT5G52480,Q9FHB4
AT5G52490,Q9FHB3
AT5G52500,Q9FYR8
AT5G52510,Q9FYR7
AT5G52520,Q9FYR6
AT5G52530,Q9FGR1
AT5G52540,Q9LTG3
AT5G52545,A0A1P8BFV7
AT5G52547,Q6IDA3
AT5G52550,Q940C2
AT5G52560,Q9C5I1
AT5G52570,Q9LTG0
AT5G52580,F4KG91
AT5G52600,Q9LTF7
AT5G52605,Q2V2S1
AT5G52610,Q9LTF6
AT5G52620,Q9LTF5
AT5G52630,Q9LTF4
AT5G52640,P27323
AT5G52650,Q9LTF2
AT5G52655,A0A1P8BDC6
AT5G52660,Q8H0W3
AT5G52670,Q9LTF0
AT5G52680,Q9LTE9
AT5G52690,Q9LTE8
AT5G52700,Q9LTE7
AT5G52710,Q9LTE6
AT5G52720,F4KHL6
AT5G52730,Q9LTE4
AT5G52740,Q9LTE3
AT5G52750,Q9LTE2
AT5G52760,Q9LTE1
AT5G52770,Q9LTE0
AT5G52780,Q9LTD9
AT5G52790,Q9LTD8
AT5G52800,F4KHM5
AT5G52810,Q9FLY0
AT5G52820,Q9FLX9
AT5G52830,Q9FLX8
AT5G52840,Q9FLX7
AT5G52850,Q9FLX6
AT5G52860,Q9FLX5
AT5G52870,Q9FLX4
AT5G52880,Q9FLX3
AT5G52882,F4KHN5
AT5G52890,Q9FLX2
AT5G52900,Q84JK8
AT5G52910,A0A1P8B9S9
AT5G52920,Q9FLW9
AT5G52930,Q9FLW8
AT5G52940,Q9FLW7
AT5G52950,F4KHP4
AT5G52960,Q9LVV6
AT5G52965,Q3E709
AT5G52970,Q9LVV5
AT5G52975,Q147K7
AT5G52980,Q9LVV4
AT5G52990,Q9LVV3
AT5G53000,Q8LDQ4
AT5G53010,F4KHQ2
AT5G53020,A0A1P8BAF7
AT5G53030,Q9LVU9
AT5G53040,Q9LVU8
AT5G53045,Q8GWD7
AT5G53050,Q9LVU7
AT5G53060,Q8W4B1
AT5G53070,Q9LVU5
AT5G53080,Q5XEY4
AT5G53090,Q66GR1
AT5G53100,Q9FGM6
AT5G53110,F4KJ04
AT5G53120,Q94BN2
AT5G53130,O65717
AT5G53140,Q94AT1
AT5G53150,Q9FGM2
AT5G53160,Q9FGM1
AT5G53170,Q9FGM0
AT5G53180,Q9FGL9
AT5G53190,Q6NQN5
AT5G53200,Q8GV05
AT5G53210,Q700C7
AT5G53220,Q5BPG9
AT5G53230,Q9FK18
AT5G53240,Q9FK17
AT5G53250,Q9FK16
AT5G53260,Q9FK15
AT5G53270,Q9FK14
AT5G53280,Q9FK13
AT5G53290,Q9FK12
AT5G53300,P35133
AT5G53310,Q9ASY2
AT5G53320,Q9FK10
AT5G53330,Q8LG11
AT5G53340,Q94F27
AT5G53350,Q9FK07
AT5G53360,Q8S3N1
AT5G53370,Q9FK05
AT5G53380,Q9FK04
AT5G53390,Q5KS41
AT5G53400,Q9LV09
AT5G53410,Q9LV08
AT5G53420,Q8L602
AT5G53430,Q8GZ42
AT5G53440,Q9LV05
AT5G53450,Q9LV04
AT5G53460,Q9LV03
AT5G53470,Q9SM23
AT5G53480,Q9FJD4
AT5G53486,Q1G3G7
AT5G53490,P81760
AT5G53500,Q9FJD3
AT5G53510,Q9FJD2
AT5G53520,Q9FJD1
AT5G53530,Q9FJD0
AT5G53540,Q9FJC9
AT5G53550,Q2EF88
AT5G53560,Q42342
AT5G53570,Q94BY9
AT5G53580,Q56Y42
AT5G53590,Q6NPG2
AT5G53592,Q0WVH8
AT5G53600,Q9FJC4
AT5G53610,Q9FJC3
AT5G53620,Q93XY1
AT5G53635,Q9FJC1
AT5G53637,A0A1P8BDQ9
AT5G53640,Q9FJC0
AT5G53650,Q9FJB9
AT5G53660,Q9FJB8
AT5G53670,Q9FI09
AT5G53680,Q9FI08
AT5G53700,Q5BPG8
AT5G53710,A0A1P8BBX7
AT5G53720,Q9FI04
AT5G53730,Q9FI03
AT5G53740,Q9FI02
AT5G53742,A8MRZ6
AT5G53750,F4JXB6
AT5G53760,Q9FI00
AT5G53770,Q84WU1
AT5G53780,Q9FHZ8
AT5G53790,Q9FHZ7
AT5G53800,F4JXC2
AT5G53810,Q9FHZ5
AT5G53820,Q9FHZ4
AT5G53830,Q9FHZ3
AT5G53840,Q9FGQ3
AT5G53850,Q9FN41
AT5G53860,Q93W26
AT5G53870,Q9FN39
AT5G53880,Q9FN38
AT5G53890,Q9FN37
AT5G53895,Q6NMD7
AT5G53900,Q9FN36
AT5G53905,F4JYR8
AT5G53910,Q9FN35
AT5G53920,Q9FN34
AT5G53930,Q9FN33
AT5G53940,Q9FN32
AT5G53950,O04017
AT5G53960,Q9FN31
AT5G53970,Q9FN30
AT5G53980,Q9FN29
AT5G53990,Q9FN28
AT5G54000,Q9FN27
AT5G54010,Q9FN26
AT5G54020,A0A1P8BFV2
AT5G54030,Q9FN24
AT5G54035,A0A1P8BBP0
AT5G54040,Q9FN23
AT5G54043,A0A1P8BEU5
AT5G54050,F4JYT3
AT5G54060,Q9LVW3
AT5G54062,F4JYT5
AT5G54067,Q3E7N5
AT5G54070,Q9LVW2
AT5G54080,Q9ZRA2
AT5G54090,F4JYU0
AT5G54095,Q681J0
AT5G54100,Q9LVW0
AT5G54110,Q1ECE0
AT5G54130,Q8GUH8
AT5G54140,O81641
AT5G54145,Q94BV1
AT5G54148,F4JYU9
AT5G54150,F4JYV0
AT5G54160,Q9FK25
AT5G54165,Q570N6
AT5G54170,F4JYV3
AT5G54180,Q9FK23
AT5G54190,Q42536
AT5G54200,Q9FK21
AT5G54210,Q9FL74
AT5G54215,Q2V2Y6
AT5G54220,Q9FL73
AT5G54225,P82792
AT5G54230,Q9SPG6
AT5G54240,Q9FL72
AT5G54250,Q94AS9
AT5G54260,Q9XGM2
AT5G54270,Q9S7M0
AT5G54280,F4K0A6
AT5G54290,Q9M5P3
AT5G54300,Q9FL70
AT5G54310,Q9FL69
AT5G54320,Q9FL68
AT5G54330,Q9FL67
AT5G54340,Q9FL66
AT5G54350,F4K0B5
AT5G54360,Q9FL64
AT5G54370,Q9FG54
AT5G54380,Q9LK35
AT5G54390,Q38945
AT5G54400,Q9LSR5
AT5G54410,Q9LSR4
AT5G54420,Q9LSR3
AT5G54430,Q8VYN9
AT5G54440,F4K0C4
AT5G54450,Q9LSR0
AT5G54460,Q9LSQ9
AT5G54470,Q6NLH4
AT5G54480,Q9LSQ7
AT5G54490,Q9LSQ6
AT5G54500,Q9LSQ5
AT5G54510,Q9LSQ4
AT5G54520,F4K0D3
AT5G54530,Q8GYV1
AT5G54540,Q9FIV0
AT5G54550,Q9FIU9
AT5G54560,Q9FIU8
AT5G54570,Q9FIU7
AT5G54580,Q9FIU6
AT5G54585,Q8VZU6
AT5G54590,Q9FIU5
AT5G54600,P92959
AT5G54610,Q8GYH5
AT5G54620,F4K1T0
AT5G54630,Q9FIU1
AT5G54640,Q9LD28
AT5G54650,Q94B77
AT5G54660,Q9FIT9
AT5G54670,P46875
AT5G54680,Q9FH37
AT5G54690,Q9FH36
AT5G54700,F4K1T9
AT5G54710,A0A1R7T3B3
AT5G54720,Q9FH33
AT5G54730,Q9FH32
AT5G54740,Q9FH31
AT5G54745,Q3E8B4
AT5G54750,Q9FFV2
AT5G54760,Q9FFV1
AT5G54770,Q38814
AT5G54780,Q0WV47
AT5G54790,Q5BPG5
AT5G54800,Q9M5A9
AT5G54810,P14671
AT5G54820,Q9FFU7
AT5G54830,Q9FFU6
AT5G54840,Q9SUJ6
AT5G54850,Q9FFU5
AT5G54855,Q94EJ3
AT5G54860,Q8RWQ5
AT5G54870,Q9FFU3
AT5G54880,Q9FFU2
AT5G54890,Q9FFU1
AT5G54900,Q9FPJ8
AT5G54910,Q9FFT9
AT5G54920,F4K1W7
AT5G54930,Q8L7T9
AT5G54940,Q9FFT6
AT5G54950,Q9FFT5
AT5G54960,Q9FFT4
AT5G54970,Q9FFT3
AT5G54980,Q9FFT2
AT5G54990,Q9FFT1
AT5G55000,Q9SE95
AT5G55010,Q9FIA5
AT5G55020,Q94FL7
AT5G55040,Q8VY17
AT5G55050,Q9FIA1
AT5G55060,Q683D2
AT5G55070,Q9FLQ4
AT5G55080,Q9FLQ3
AT5G55090,A0A1P8BAK9
AT5G55100,Q94BN8
AT5G55110,Q9FLQ0
AT5G55120,Q9FLP9
AT5G55125,Q1G3G5
AT5G55130,Q9ZNW0
AT5G55131,Q2V2Y3
AT5G55132,Q8GXV6
AT5G55135,Q1PDJ2
AT5G55140,Q8L908
AT5G55150,Q9FLP7
AT5G55160,Q9FLP6
AT5G55170,Q9FLP5
AT5G55180,F4K3D8
AT5G55190,Q8H156
AT5G55200,Q9FLP3
AT5G55210,Q9FLP2
AT5G55220,Q8S9L5
AT5G55230,Q9FLP0
AT5G55240,Q9FLN9
AT5G55250,Q9FLN8
AT5G55260,P48528
AT5G55270,Q9FLN7
AT5G55280,Q42545
AT5G55290,Q9FLN5
AT5G55300,P30181
AT5G55310,Q9FJ79
AT5G55320,Q9FJ78
AT5G55330,Q9FJ77
AT5G55340,Q9FJ76
AT5G55350,Q9FJ75
AT5G55360,Q9FJ74
AT5G55370,Q9FJ73
AT5G55380,Q9FJ72
AT5G55390,F4K3G5
AT5G55400,Q9FJ70
AT5G55410,Q9FJ69
AT5G55430,Q9FJ67
AT5G55440,Q9FJ66
AT5G55450,Q9FJ65
AT5G55460,Q8GWA4
AT5G55470,Q8S397
AT5G55480,Q9FJ62
AT5G55490,Q681K7
AT5G55500,Q9LDH0
AT5G55507,Q84VG8
AT5G55508,B3H721
AT5G55510,Q6NKU9
AT5G55520,F4K4W1
AT5G55530,Q5HZ03
AT5G55540,Q9FJ57
AT5G55550,F4K4W6
AT5G55560,Q6ICW6
AT5G55565,Q3E8B0
AT5G55570,F4K4X2
AT5G55580,Q9FM80
AT5G55590,Q9FM79
AT5G55600,Q8W109
AT5G55610,Q9FM77
AT5G55620,Q8LC55
AT5G55630,Q8LBL1
AT5G55640,Q9FM74
AT5G55650,Q9FM73
AT5G55660,F4K4Y5
AT5G55670,Q9FM71
AT5G55680,Q9FM70
AT5G55690,Q9FM69
AT5G55700,Q9FM68
AT5G55710,Q9FM67
AT5G55720,Q9FM66
AT5G55730,Q9FM65
AT5G55740,Q9FM64
AT5G55750,Q9FM63
AT5G55760,Q9FE17
AT5G55770,Q9FM62
AT5G55780,Q9FM61
AT5G55790,Q9FM60
AT5G55800,Q9FM59
AT5G55810,F4K687
AT5G55820,Q9FM57
AT5G55830,Q9FHG4
AT5G55840,Q9LVQ5
AT5G55850,O22633
AT5G55855,Q3E8A8
AT5G55856,B3H5R8
AT5G55860,Q9LVQ4
AT5G55870,Q9LVQ3
AT5G55880,Q9LDH8
AT5G55893,F4K6A1
AT5G55900,Q9FG75
AT5G55910,Q9FG74
AT5G55920,Q9FG73
AT5G55930,Q9FG72
AT5G55940,Q9FG71
AT5G55950,Q9FG70
AT5G55960,Q93XX1
AT5G55970,Q8LES9
AT5G55980,Q9FKU6
AT5G55990,Q8LAS7
AT5G56000,O03986
AT5G56010,P51818
AT5G56020,Q9FKU4
AT5G56030,P55737
AT5G56040,F4K6B8
AT5G56050,Q9FKU2
AT5G56060,F4K6C1
AT5G56070,Q9FKU0
AT5G56075,F4K6C3
AT5G56080,Q9FKT9
AT5G56090,Q9FKT8
AT5G56100,Q9FKT7
AT5G56110,Q9XHV0
AT5G56120,Q6NPP2
AT5G56130,Q9FKT5
AT5G56140,Q9FKT4
AT5G56150,Q9FKT3
AT5G56160,F4K6D3
AT5G56170,Q9FKT1
AT5G56180,Q9FKT0
AT5G56190,Q8RXP4
AT5G56200,Q9FH19
AT5G56210,Q9FH18
AT5G56220,Q9FH17
AT5G56230,Q9FH16
AT5G56240,F4K7K8
AT5G56250,Q9FH14
AT5G56260,Q9FH13
AT5G56270,Q9FG77
AT5G56280,Q8W206
AT5G56290,Q9FMA3
AT5G56300,Q5XF78
AT5G56310,Q9FMA1
AT5G56320,Q9FMA0
AT5G56325,Q1PDI7
AT5G56330,Q9FM99
AT5G56340,Q9FM98
AT5G56350,Q9FM97
AT5G56360,Q9FM96
AT5G56368,Q2V2Y0
AT5G56369,Q2L6T1
AT5G56370,Q9FM94
AT5G56380,Q9FM93
AT5G56390,Q9FM92
AT5G56400,Q9FM91
AT5G56410,Q9FM90
AT5G56420,Q9FM89
AT5G56430,Q9FM88
AT5G56440,Q9FM87
AT5G56450,Q9FM86
AT5G56452,Q1G371
AT5G56460,Q9FM85
AT5G56470,Q9FM84
AT5G56480,Q9FM83
AT5G56490,Q9FM82
AT5G56500,C0Z361
AT5G56510,Q9LVC3
AT5G56520,Q8L9N8
AT5G56530,Q9LVC1
AT5G56540,Q9LVC0
AT5G56550,Q9LVB9
AT5G56555,A0A1P8BA07
AT5G56560,Q9FJV2
AT5G56570,Q9FJV1
AT5G56580,Q9FJV0
AT5G56590,Q9FJU9
AT5G56600,Q9FE63
AT5G56610,Q6NKR2
AT5G56620,A0A1P8B9R1
AT5G56630,Q9C5J7
AT5G56640,Q9FJU4
AT5G56650,P54969
AT5G56660,P54970
AT5G56680,Q9SW96
AT5G56690,Q9FJU3
AT5G56700,Q9FJU2
AT5G56710,P51420
AT5G56720,Q9FJU0
AT5G56730,Q9FJT9
AT5G56740,Q9FJT8
AT5G56750,Q9FJT7
AT5G56760,Q42538
AT5G56770,Q9FJT6
AT5G56780,F4K933
AT5G56790,Q8H0Z8
AT5G56795,Q38803
AT5G56800,Q9FJT3
AT5G56810,Q9FJT2
AT5G56820,Q9FJT1
AT5G56840,Q9FJS9
AT5G56850,F4K940
AT5G56860,Q5HZ36
AT5G56870,Q9SCV8
AT5G56880,Q9LV38
AT5G56890,F4K946
AT5G56900,Q84WU9
AT5G56910,Q9LTS9
AT5G56920,Q9LTS8
AT5G56930,Q9LTS7
AT5G56940,Q9LTS6
AT5G56950,Q94K07
AT5G56960,Q9LTS4
AT5G56970,Q9LTS3
AT5G56980,F4K956
AT5G56985,A0A1P8BAX5
AT5G56990,A0A1P8BF61
AT5G57000,Q9LTS1
AT5G57010,Q058N0
AT5G57015,Q8VYK9
AT5G57020,Q9LTR9
AT5G57030,Q38932
AT5G57035,F4K964
AT5G57040,Q9LTR8
AT5G57050,O04719
AT5G57060,Q7X6A8
AT5G57070,F4KAI4
AT5G57080,Q9LU78
AT5G57090,Q9LU77
AT5G57100,Q9LU76
AT5G57110,Q9LF79
AT5G57120,Q9LU74
AT5G57123,Q8LCB5
AT5G57130,Q9LU73
AT5G57140,Q9LU72
AT5G57150,Q2HIV9
AT5G57160,Q9LL84
AT5G57170,Q9LU69
AT5G57180,Q9LU68
AT5G57190,F4KAK5
AT5G57200,Q9LVD8
AT5G57210,Q9LVD7
AT5G57220,Q9LVD6
AT5G57230,Q9LVD5
AT5G57240,Q9LVD4
AT5G57250,Q9LVD3
AT5G57260,Q9LVD2
AT5G57270,Q8W4D1
AT5G57280,Q9LVD0
AT5G57290,Q9LVC9
AT5G57300,Q9LVC8
AT5G57320,Q9LVC6
AT5G57330,Q9LVC5
AT5G57340,Q9LVC4
AT5G57345,Q8LAD4
AT5G57350,P20431
AT5G57360,Q94BT6
AT5G57370,Q9FIE4
AT5G57380,Q9FIE3
AT5G57390,Q6PQQ3
AT5G57400,Q5BPG1
AT5G57410,F4KAN9
AT5G57420,Q9FKM7
AT5G57440,Q8VZP1
AT5G57450,Q9FKM5
AT5G57460,Q9FKM4
AT5G57480,Q9FKM3
AT5G57490,Q9FKM2
AT5G57500,Q9FKM1
AT5G57510,Q9FKM0
AT5G57520,Q39261
AT5G57530,Q9FKL9
AT5G57535,B3H713
AT5G57540,Q9FKL8
AT5G57550,Q38907
AT5G57560,Q38857
AT5G57565,F4KC10
AT5G57567,Q1G3G4
AT5G57569,A0A1P8BAK3
AT5G57570,Q9FKL7
AT5G57580,Q9FKL6
AT5G57590,B0F481
AT5G57610,Q9FKL3
AT5G57620,Q9FKL2
AT5G57625,Q9FKL1
AT5G57630,Q94CG0
AT5G57640,Q9FKK9
AT5G57650,Q9FKK8
AT5G57655,Q9FKK7
AT5G57660,Q9FHH8
AT5G57670,Q5XF57
AT5G57685,Q9FHH5
AT5G57690,Q1PDI2
AT5G57700,F4KC30
AT5G57710,Q9FHH2
AT5G57720,Q9FHH1
AT5G57740,Q6NLQ8
AT5G57750,Q9FHG8
AT5G57760,Q9FHG7
AT5G57770,F4KC40
AT5G57780,Q9FJN6
AT5G57785,Q8GY06
AT5G57790,F4KC44
AT5G57800,Q8H1Z0
AT5G57810,Q1PDI1
AT5G57815,Q945L0
AT5G57820,Q9FJN2
AT5G57830,F4KDE6
AT5G57840,Q9FJN0
AT5G57850,Q8L493
AT5G57860,Q8L8S0
AT5G57870,Q93ZT6
AT5G57880,F4KDF5
AT5G57887,Q8GWP9
AT5G57890,Q9FJM5
AT5G57900,Q9FDX1
AT5G57910,Q8GW24
AT5G57920,Q8L6Z5
AT5G57930,Q8W4A5
AT5G57940,Q8RWS9
AT5G57950,Q8LAJ4
AT5G57960,A0A1P8BEY8
AT5G57970,Q9FJL9
AT5G57980,Q9FJL8
AT5G57990,Q9FPS4
AT5G58000,Q56X72
AT5G58003,Q00IB6
AT5G58005,Q8RXH9
AT5G58010,Q9LSQ3
AT5G58020,Q6NQ98
AT5G58030,Q9FGU1
AT5G58040,F4KDH9
AT5G58050,Q9FGT9
AT5G58060,Q9ZRD6
AT5G58070,Q9FGT8
AT5G58080,Q9FGT7
AT5G58090,Q93Z08
AT5G58100,F4KDI6
AT5G58110,Q9FGT3
AT5G58120,Q9FGT2
AT5G58130,Q9FGT1
AT5G58140,P93025
AT5G58150,Q9LVN2
AT5G58160,Q9LVN1
AT5G58170,Q9LVN0
AT5G58180,Q9LVM9
AT5G58190,F4KDJ9
AT5G58200,F4KDK1
AT5G58210,Q8GWS7
AT5G58220,Q9LVM5
AT5G58230,O22467
AT5G58240,F4KEV7
AT5G58250,Q9LVM3
AT5G58260,Q9LVM2
AT5G58270,Q9LVM1
AT5G58280,Q9FHB2
AT5G58290,Q9SEI4
AT5G58300,Q9LVM0
AT5G58310,Q9LVL9
AT5G58320,F4KEW8
AT5G58330,Q8H1E2
AT5G58340,Q5XUY3
AT5G58350,Q9LVL5
AT5G58360,Q9LVL4
AT5G58370,B9DFZ2
AT5G58375,Q7XA76
AT5G58380,Q9C562
AT5G58390,Q9LVL2
AT5G58400,Q9LVL1
AT5G58410,Q9FGI1
AT5G58412,A8MQK9
AT5G58420,Q8VYK6
AT5G58430,Q9FGH9
AT5G58440,Q8L5Z7
AT5G58450,F4KEY9
AT5G58460,Q9FGH6
AT5G58470,Q94KD0
AT5G58480,Q9FGH4
AT5G58490,Q9FGH3
AT5G58500,Q9FGH2
AT5G58510,Q8RWW8
AT5G58520,Q0WN89
AT5G58530,Q9FGG8
AT5G58540,Q9FGG7
AT5G58550,Q9LV01
AT5G58560,Q67ZM7
AT5G58570,Q94AT2
AT5G58575,Q94BV2
AT5G58580,Q9LUZ9
AT5G58590,P92985
AT5G58600,Q9LUZ6
AT5G58610,Q9LUZ5
AT5G58620,Q9LUZ4
AT5G58630,F4KGA5
AT5G58640,Q8W1E5
AT5G58650,Q941C7
AT5G58660,Q9LUZ1
AT5G58670,Q39032
AT5G58680,Q8LGC7
AT5G58690,Q944C2
AT5G58700,Q944C1
AT5G58710,Q9SP02
AT5G58720,O65573
AT5G58730,Q93Z01
AT5G58740,Q8VXX3
AT5G58750,A0A1P8BB01
AT5G58760,Q6NQ88
AT5G58770,Q56Y11
AT5G58780,Q8RX73
AT5G58782,Q8GY03
AT5G58784,Q570Q8
AT5G58787,Q8L8N5
AT5G58790,F4KGC9
AT5G58800,Q9LUX9
AT5G58810,Q9FIM8
AT5G58820,F4KGD4
AT5G58830,Q9FIM6
AT5G58840,Q9FIM5
AT5G58850,Q9FIM4
AT5G58860,P48422
AT5G58870,Q9FIM2
AT5G58880,F4KGE0
AT5G58890,Q9FIM0
AT5G58900,Q9FIL9
AT5G58910,Q1PDH6
AT5G58930,Q9FIL8
AT5G58940,Q9FIL7
AT5G58950,Q9FIL6
AT5G58960,F4KGE8
AT5G58970,Q9ZWG1
AT5G58980,F4KHQ8
AT5G58990,Q9FIL3
AT5G59000,Q2HIG9
AT5G59010,Q9FIL1
AT5G59030,Q39065
AT5G59040,Q9FGU8
AT5G59050,F4KHR6
AT5G59060,Q5XUY2
AT5G59080,Q9FGU5
AT5G59090,Q8L7D2
AT5G59100,Q9FGU3
AT5G59105,A8MRC8
AT5G59110,Q9FIG3
AT5G59120,Q9FIG2
AT5G59130,Q9FIG1
AT5G59140,Q9FIG0
AT5G59150,Q9FIF9
AT5G59160,P48482
AT5G59170,Q84JV0
AT5G59180,P38421
AT5G59190,Q9FIF8
AT5G59200,Q9FIF7
AT5G59210,Q8RY08
AT5G59220,Q9FIF5
AT5G59230,Q9FIF4
AT5G59240,Q9FIF3
AT5G59250,Q0WWW9
AT5G59260,Q9FIF1
AT5G59270,Q9FIF0
AT5G59280,Q9FIE9
AT5G59290,Q9FIE8
AT5G59300,Q42540
AT5G59305,Q8LDN4
AT5G59310,Q9LLR6
AT5G59320,Q9LLR7
AT5G59330,Q1PDH3
AT5G59340,Q6X7K1
AT5G59350,Q9LTJ3
AT5G59360,Q9LTJ2
AT5G59370,P53494
AT5G59380,Q9LTJ1
AT5G59390,Q9LTJ0
AT5G59400,F4KJ55
AT5G59410,Q6NKV4
AT5G59420,Q93Y40
AT5G59430,Q8L7L8
AT5G59440,Q0WW55
AT5G59450,Q9LTI5
AT5G59460,Q9LTI4
AT5G59470,Q9LTI3
AT5G59490,Q7XJ55
AT5G59500,Q9LTI0
AT5G59510,Q8LE84
AT5G59520,Q9LTH9
AT5G59530,Q9LTH8
AT5G59540,Q9LTH7
AT5G59550,Q940T5
AT5G59560,Q8GWZ6
AT5G59570,Q9LTH4
AT5G59580,Q9LTH3
AT5G59590,Q9LTH2
AT5G59600,Q9FGR2
AT5G59610,A0A1P8BB64
AT5G59613,P0DO45
AT5G59616,F4KJ89
AT5G59650,C0LGW2
AT5G59660,A0A1P8BEN9
AT5G59670,Q9FN94
AT5G59680,Q9FN93
AT5G59700,Q9FN92
AT5G59710,Q9FPW4
AT5G59720,P19037
AT5G59730,Q9FN91
AT5G59740,Q6NMB6
AT5G59750,Q9FN89
AT5G59760,Q58FT1
AT5G59770,Q8GW27
AT5G59780,Q4JL84
AT5G59790,Q9FJF5
AT5G59800,Q9FJF4
AT5G59810,F4JXC5
AT5G59820,Q42410
AT5G59830,F4JXC7
AT5G59840,Q9FJF1
AT5G59845,Q8LFM2
AT5G59860,F4JXD2
AT5G59865,A0A178ULY3
AT5G59870,Q9FJE8
AT5G59880,Q9ZSK4
AT5G59890,Q9ZSK3
AT5G59895,A0A1P8BH47
AT5G59900,Q9FJE6
AT5G59910,P40283
AT5G59920,Q8W2D2
AT5G59930,Q9FJE3
AT5G59940,Q9FJE2
AT5G59950,Q8L773
AT5G59960,F4JXE8
AT5G59980,F4JXF1
AT5G59990,Q9FJD8
AT5G60000,Q9FJD7
AT5G60010,Q9FJD6
AT5G60020,Q9FJD5
AT5G60030,Q9LVH1
AT5G60040,F4JXF9
AT5G60050,Q9LVG9
AT5G60060,Q9LVG8
AT5G60070,Q9LVG7
AT5G60080,Q9LVG6
AT5G60090,Q9LVG5
AT5G60100,Q9LVG4
AT5G60110,Q9LVG3
AT5G60120,Q9LVG2
AT5G60130,Q9LVG1
AT5G60140,Q9FHB0
AT5G60142,Q9LST3
AT5G60150,A0A1P8BA18
AT5G60160,Q9LST0
AT5G60170,F4JXH7
AT5G60180,Q9LSS8
AT5G60190,Q9LSS7
AT5G60200,Q84TE9
AT5G60210,Q9LSS5
AT5G60215,A0A1P8BH68
AT5G60220,Q9LSS4
AT5G60230,Q9LSS3
AT5G60240,F4JYW2
AT5G60250,Q9LSS2
AT5G60260,F4JYW4
AT5G60265,A0A1P8BD86
AT5G60270,Q9LSS0
AT5G60280,Q9LSR9
AT5G60290,F4JYW7
AT5G60300,Q9LSR8
AT5G60310,Q3E884
AT5G60320,Q9FJI4
AT5G60335,Q9FJI2
AT5G60340,Q9FJI1
AT5G60350,A0A1P8BG42
AT5G60360,Q8H166
AT5G60370,Q9FKK6
AT5G60380,F4JYY1
AT5G60390,Q8GTY0
AT5G60400,F4JYY5
AT5G60410,Q680Q4
AT5G60430,Q9FKK3
AT5G60440,Q9FKK2
AT5G60450,Q9ZTX9
AT5G60460,Q9FKK1
AT5G60470,F4JYZ8
AT5G60480,Q9FKJ9
AT5G60490,Q8LEE9
AT5G60500,Q8LED0
AT5G60510,Q8LAR7
AT5G60520,Q9FKJ5
AT5G60530,Q9FKJ4
AT5G60540,Q8LAD0
AT5G60550,Q5HZ38
AT5G60553,Q2V2W8
AT5G60560,Q9FKJ1
AT5G60570,Q9FKJ0
AT5G60580,F4K0E2
AT5G60590,F4K0E6
AT5G60600,F4K0E8
AT5G60610,Q9FF58
AT5G60615,Q2V2W7
AT5G60620,Q8GWG0
AT5G60630,Q9FF56
AT5G60640,Q9FF55
AT5G60650,Q9FF54
AT5G60660,Q9FF53
AT5G60670,Q9FF52
AT5G60680,Q9FF51
AT5G60690,Q9SE43
AT5G60700,Q9FF50
AT5G60710,Q9FF49
AT5G60720,F4K0G5
AT5G60730,Q5XF80
AT5G60740,Q9FF46
AT5G60750,Q8VZ58
AT5G60760,Q9FJH9
AT5G60770,Q9FJH8
AT5G60780,Q9FJH7
AT5G60790,Q9FJH6
AT5G60800,Q9FJH5
AT5G60805,Q2V2W6
AT5G60810,Q3E880
AT5G60820,Q9FJH4
AT5G60830,F4K0H9
AT5G60840,Q8GXK2
AT5G60850,Q8LDR0
AT5G60860,Q9FJH0
AT5G60870,Q9FJG9
AT5G60880,Q5BPF3
AT5G60890,O64399
AT5G60900,Q39202
AT5G60910,Q38876
AT5G60920,Q94KT8
AT5G60930,F4K0J3
AT5G60940,Q8L4J2
AT5G60945,A8MQ81
AT5G60950,Q9FME5
AT5G60960,Q9FME4
AT5G60964,A8MSD1
AT5G60970,Q9FME3
AT5G60980,Q9FME2
AT5G60990,Q8GY84
AT5G61000,Q9FME0
AT5G61010,Q9FNR3
AT5G61020,F4K1Z0
AT5G61030,Q9FNR1
AT5G61040,Q9FNR0
AT5G61050,Q9FNQ9
AT5G61060,Q8RX28
AT5G61070,Q8LRK8
AT5G61090,Q9FNQ6
AT5G61100,Q9FNQ5
AT5G61110,Q9FNQ4
AT5G61120,F4K200
AT5G61130,Q9FNQ2
AT5G61140,Q9FNQ1
AT5G61150,Q9FNQ0
AT5G61160,Q9FNP9
AT5G61170,Q9FNP8
AT5G61180,F4K208
AT5G61190,A0A1P8BCJ7
AT5G61200,F4K210
AT5G61210,Q9S7P9
AT5G61220,Q8L9E3
AT5G61230,Q9FNP4
AT5G61240,Q9FLK9
AT5G61250,Q8L608
AT5G61260,Q9FLK7
AT5G61270,Q570R7
AT5G61280,Q9FLK5
AT5G61290,Q9FLK4
AT5G61300,Q9FLK3
AT5G61310,Q9FLK2
AT5G61320,F4K231
AT5G61330,A0A1P8BD18
AT5G61340,Q94B75
AT5G61350,Q9FLJ8
AT5G61360,Q9FLJ7
AT5G61370,Q9FLJ6
AT5G61380,Q9LKL2
AT5G61390,Q0V842
AT5G61400,Q9FLJ4
AT5G61410,Q9SAU2
AT5G61412,Q9FLJ3
AT5G61420,Q9SPG2
AT5G61430,Q9FLJ2
AT5G61440,Q9XFI1
AT5G61450,Q9FII8
AT5G61460,Q9FII7
AT5G61470,Q9FII6
AT5G61480,Q9FII5
AT5G61490,Q9FKH0
AT5G61495,F4K3I2
AT5G61500,Q0WWQ1
AT5G61510,A1L4Y4
AT5G61520,Q8L7R8
AT5G61530,Q3E875
AT5G61540,Q56W64
AT5G61550,Q9FKG6
AT5G61560,Q9FKG5
AT5G61570,F4K3J7
AT5G61580,Q9FKG3
AT5G61590,Q9FKG2
AT5G61600,Q9FKG1
AT5G61605,Q1PDG8
AT5G61610,F4K3K4
AT5G61620,Q9FKF9
AT5G61630,Q1PDG7
AT5G61640,Q9FKF7
AT5G61650,Q9FKF6
AT5G61660,Q9FKF5
AT5G61670,Q9FKF4
AT5G61680,Q9FKF3
AT5G61690,Q9FKF2
AT5G61700,Q9FLT8
AT5G61710,Q9FLT7
AT5G61720,Q9FLT6
AT5G61730,Q9FLT5
AT5G61740,Q9FLT4
AT5G61750,Q9FLT3
AT5G61760,Q9FLT2
AT5G61770,Q9ASU7
AT5G61780,Q9FLT0
AT5G61790,P29402
AT5G61800,Q9FLS9
AT5G61810,Q9FLS8
AT5G61820,Q8VZ21
AT5G61830,Q501A2
AT5G61840,Q940Q8
AT5G61850,Q00958
AT5G61865,Q501B3
AT5G61880,Q93W66
AT5G61890,Q9FH54
AT5G61900,Q941L3
AT5G61910,F4K518
AT5G61920,Q9FH51
AT5G61930,Q9FH50
AT5G61940,A0A1P8BG67
AT5G61950,F4K529
AT5G61960,Q8W4I9
AT5G61970,Q9FH46
AT5G61980,Q9FIT8
AT5G61990,Q9FIT7
AT5G61997,B3H529
AT5G62000,Q94JM3
AT5G62020,Q9SCW4
AT5G62030,Q8RWW3
AT5G62040,Q9FIT4
AT5G62050,Q42191
AT5G62060,Q9FIT3
AT5G62065,Q9FIT2
AT5G62070,Q9FIT1
AT5G62080,Q8GT78
AT5G62090,Q94BP0
AT5G62100,Q0WPX7
AT5G62110,F4K553
AT5G62120,F4K554
AT5G62130,F4K556
AT5G62140,Q9FIS4
AT5G62150,Q9FIS3
AT5G62160,Q9FIS2
AT5G62165,Q9FIS1
AT5G62170,Q9FIS0
AT5G62180,Q9LVB8
AT5G62190,Q39189
AT5G62200,Q6NPM5
AT5G62210,Q9LVB5
AT5G62220,F4K6F1
AT5G62230,C0LGW6
AT5G62240,Q5XUX8
AT5G62250,Q4PSA3
AT5G62260,Q9LVB0
AT5G62270,Q9LVA9
AT5G62280,Q9LVA8
AT5G62290,Q9LVA7
AT5G62310,Q9LE81
AT5G62320,Q9SNW9
AT5G62330,F4K6G6
AT5G62340,Q9LVA5
AT5G62350,Q9LVA4
AT5G62360,Q9LVA3
AT5G62370,Q9LVA2
AT5G62380,Q9LVA1
AT5G62390,Q9LVA0
AT5G62400,Q9LV99
AT5G62410,Q9C5Y4
AT5G62420,Q9FJK0
AT5G62430,Q8W1E3
AT5G62440,Q8L557
AT5G62460,A0A1P8B9Q6
AT5G62470,Q24JK1
AT5G62480,Q9FUT0
AT5G62490,Q9SYX7
AT5G62500,Q9FJJ5
AT5G62510,Q9FJJ4
AT5G62520,Q9FJJ3
AT5G62530,Q8VZC3
AT5G62540,P42746
AT5G62550,Q9FJJ1
AT5G62560,Q0WUF6
AT5G62570,C0SVV6
AT5G62573,A0A1P8BGE7
AT5G62575,Q3E870
AT5G62580,Q6NPR6
AT5G62600,Q8GUL2
AT5G62610,Q9LV17
AT5G62620,Q9LV16
AT5G62623,Q2V2W3
AT5G62627,Q2V2W2
AT5G62630,Q94F08
AT5G62640,Q9LV14
AT5G62650,Q940R3
AT5G62660,Q9LV12
AT5G62670,Q9LV11
AT5G62680,Q9LV10
AT5G62690,Q56YW9
AT5G62700,Q9ASR0
AT5G62710,Q8GX94
AT5G62720,Q8GZ51
AT5G62730,Q9FM20
AT5G62740,Q9FM19
AT5G62750,Q9FM18
AT5G62760,F4K7T1
AT5G62770,Q9FM16
AT5G62780,F4K7T4
AT5G62790,Q9XFS9
AT5G62800,Q9FM14
AT5G62810,Q9FXT6
AT5G62820,Q501G6
AT5G62830,F4K7U0
AT5G62840,Q9FM11
AT5G62850,Q9FM10
AT5G62860,F4K7U3
AT5G62860,Q9FM08
AT5G62880,O82481
AT5G62890,Q27GI3
AT5G62900,Q9FM06
AT5G62910,Q9FM05
AT5G62920,Q9ZWS6
AT5G62930,Q9FM04
AT5G62940,Q9FM03
AT5G62950,Q7XJ61
AT5G62960,Q6NPD1
AT5G62970,Q9FM55
AT5G62980,Q9FM54
AT5G62990,Q9FM53
AT5G62998,B3H644
AT5G63000,Q84K84
AT5G63010,Q9FM51
AT5G63020,Q8RXS5
AT5G63030,Q8L8T2
AT5G63040,Q29Q13
AT5G63050,Q6NM17
AT5G63060,F4K975
AT5G63063,A8MSA3
AT5G63070,Q9FML6
AT5G63080,Q67ZB6
AT5G63085,A8MR43
AT5G63087,A8MSA5
AT5G63090,Q9FML4
AT5G63100,Q9FML3
AT5G63110,Q9FML2
AT5G63120,Q8W4R3
AT5G63130,Q9FML0
AT5G63135,Q8LC33
AT5G63140,Q9FMK9
AT5G63150,Q9FMK8
AT5G63160,Q9FMK7
AT5G63170,Q9FMK6
AT5G63180,Q93Z25
AT5G63190,Q94BR1
AT5G63200,Q67YJ9
AT5G63220,Q6GKV1
AT5G63225,Q8GX54
AT5G63230,A8MRV8
AT5G63240,Q9FMJ9
AT5G63250,Q9FMJ8
AT5G63260,Q5RJC5
AT5G63270,Q9FMJ6
AT5G63280,Q8VZP2
AT5G63290,Q9FMJ4
AT5G63300,Q9FMJ3
AT5G63310,O64903
AT5G63320,Q9FGW9
AT5G63370,Q9FGW5
AT5G63375,Q9FGW6
AT5G63380,Q84P23
AT5G63390,Q9FMW3
AT5G63400,O82514
AT5G63410,Q84JF8
AT5G63420,Q84W56
AT5G63440,Q8GWQ6
AT5G63450,Q9FMV7
AT5G63460,Q6IDA6
AT5G63470,Q9FMV5
AT5G63480,Q9FMV4
AT5G63490,Q9FMV3
AT5G63500,Q9FMV2
AT5G63510,Q9FMV1
AT5G63520,Q9FMV0
AT5G63530,Q9C5D3
AT5G63540,Q5XUX6
AT5G63550,Q84JB7
AT5G63560,Q9FFQ7
AT5G63570,P42799
AT5G63580,B2GVM7
AT5G63590,Q9FFQ5
AT5G63595,F4KAS1
AT5G63600,Q9FFQ4
AT5G63610,Q84TI6
AT5G63620,F4KAS6
AT5G63625,A0A1P8BEQ7
AT5G63630,Q9FFQ1
AT5G63640,Q9FFQ0
AT5G63650,Q9FFP9
AT5G63660,Q9FFP8
AT5G63670,Q94C60
AT5G63680,Q9FFP6
AT5G63690,Q9FFP5
AT5G63700,F4KAT5
AT5G63710,Q8W4S5
AT5G63720,Q9FFP2
AT5G63730,Q9FFP1
AT5G63740,Q9FFP0
AT5G63750,Q9FFN9
AT5G63760,Q84RQ8
AT5G63770,Q9FFN7
AT5G63780,Q8GUG6
AT5G63790,Q8H115
AT5G63800,Q9FFN4
AT5G63810,Q9FN08
AT5G63820,Q9FN07
AT5G63830,Q9FN06
AT5G63840,Q9FN05
AT5G63850,Q9FN04
AT5G63860,Q9FN03
AT5G63870,Q9FN02
AT5G63880,Q8GXN6
AT5G63890,Q9C5U8
AT5G63900,Q9FMZ9
AT5G63905,Q8LB29
AT5G63910,P57681
AT5G63920,Q9LVP1
AT5G63930,Q9LVP0
AT5G63940,Q9LVN9
AT5G63950,Q8W103
AT5G63960,Q9LVN7
AT5G63970,Q8RX26
AT5G63980,Q42546
AT5G63990,Q8GY63
AT5G64000,O49623
AT5G64010,F4KC77
AT5G64020,Q0WPS0
AT5G64030,Q8L7V3
AT5G64040,P49107
AT5G64050,Q9FEA2
AT5G64060,Q9FMJ1
AT5G64070,Q9FMJ0
AT5G64080,Q8VYI9
AT5G64090,Q9FMI8
AT5G64100,Q96511
AT5G64110,Q9FMI7
AT5G64120,Q43387
AT5G64130,Q93Z49
AT5G64140,P34789
AT5G64150,Q9FMI5
AT5G64160,Q94C20
AT5G64170,A8MQN2
AT5G64180,Q9FMG6
AT5G64190,A0A1P8BBZ0
AT5G64200,Q9FMG4
AT5G64210,O22049
AT5G64220,Q6NPP4
AT5G64230,F4KDK4
AT5G64240,Q9FMG1
AT5G64250,Q9FMG0
AT5G64260,Q9FE06
AT5G64270,Q9FMF9
AT5G64280,Q9FMF8
AT5G64290,Q9FMF7
AT5G64300,P47924
AT5G64310,Q8LCN5
AT5G64320,Q9FMF6
AT5G64330,Q9FMF5
AT5G64340,Q9FMF4
AT5G64350,Q8LGG0
AT5G64360,Q9FMF3
AT5G64370,Q8H183
AT5G64380,Q9FMF1
AT5G64390,F4KDN0
AT5G64395,B3H5S8
AT5G64400,Q9FME9
AT5G64401,B3H779
AT5G64410,Q9FME8
AT5G64420,Q9FGF4
AT5G64430,Q9FGF3
AT5G64440,Q7XJJ7
AT5G64450,Q9FGF1
AT5G64460,Q9FGF0
AT5G64470,Q9FGE9
AT5G64480,Q9FGE8
AT5G64490,Q9FGE7
AT5G64500,Q9FLG8
AT5G64510,Q84JN2
AT5G64520,Q682D3
AT5G64530,Q8GWK6
AT5G64540,Q5BPE9
AT5G64550,Q9FLG3
AT5G64560,Q9FLG2
AT5G64570,Q9FLG1
AT5G64580,F4KF14
AT5G64590,Q9FLF9
AT5G64600,F4KF16
AT5G64610,Q9FLF7
AT5G64620,O49603
AT5G64630,Q9SXY1
AT5G64640,Q8L7Q7
AT5G64650,Q1ECK2
AT5G64660,Q9FLF4
AT5G64667,Q6DUW9
AT5G64670,Q9FLF3
AT5G64680,F4KF27
AT5G64687,A0A1P8BB03
AT5G64690,Q9FGG4
AT5G64700,Q9FGG3
AT5G64710,Q9FGG2
AT5G64720,Q9FGG1
AT5G64730,Q94AH2
AT5G64740,Q94JQ6
AT5G64750,Q9FGF8
AT5G64760,Q8VWK0
AT5G64770,Q9FGF6
AT5G64780,Q9FGF5
AT5G64790,Q9LV98
AT5G64800,Q9LV97
AT5G64810,Q93WU9
AT5G64813,Q9C5J9
AT5G64816,Q8L8Q8
AT5G64820,Q9LV95
AT5G64830,Q9LV94
AT5G64840,Q9LV93
AT5G64850,Q0WN19
AT5G64860,Q9LV91
AT5G64870,Q9LV90
AT5G64880,Q9LV89
AT5G64890,Q9LV88
AT5G64900,Q9LV87
AT5G64905,Q8LAX3
AT5G64910,F4KGF3
AT5G64920,Q9SPL2
AT5G64930,Q9LV85
AT5G64940,Q93Y08
AT5G64950,Q9LV83
AT5G64960,Q8W4P1
AT5G64970,Q9LV81
AT5G64980,Q9LV80
AT5G64990,Q9LV79
AT5G65000,Q8LES0
AT5G65005,Q1G367
AT5G65010,Q9LV77
AT5G65020,Q9XEE2
AT5G65030,Q9LV76
AT5G65040,Q9LV75
AT5G65050,Q9FPN7
AT5G65060,Q9LSR7
AT5G65070,F4KGH9
AT5G65080,Q683D7
AT5G65090,Q66GQ6
AT5G65100,Q9FJQ5
AT5G65110,O65201
AT5G65120,B4F7Q0
AT5G65130,Q9FJQ2
AT5G65140,Q5HZ05
AT5G65158,Q2V2V3
AT5G65160,Q9FJQ0
AT5G65165,Q9FJP9
AT5G65170,Q9FJP8
AT5G65180,Q9FJP7
AT5G65200,Q9FJP6
AT5G65205,Q944R2
AT5G65207,Q8RXW8
AT5G65210,Q39237
AT5G65220,Q9FJP3
AT5G65225,A0A1P8BAY9
AT5G65230,Q9FJP2
AT5G65240,C0LGX1
AT5G65250,Q9FJP0
AT5G65260,Q9FJN9
AT5G65270,Q9FJN8
AT5G65274,B3H6Y2
AT5G65280,Q9FJN7
AT5G65290,Q9FKQ8
AT5G65300,Q9FKQ7
AT5G65310,P46667
AT5G65320,Q9FKQ6
AT5G65330,Q9FKQ5
AT5G65340,Q9FKQ4
AT5G65350,Q9FKQ3
AT5G65370,Q9FKQ2
AT5G65380,Q9FKQ1
AT5G65390,Q8LG54
AT5G65400,A0A178UQA6
AT5G65410,Q9FKP8
AT5G65420,Q8LGA1
AT5G65430,P48348
AT5G65440,Q9FKP6
AT5G65450,Q9FKP5
AT5G65460,Q9FKP4
AT5G65470,Q0WUZ5
AT5G65480,Q9LSM6
AT5G65490,Q9LSM5
AT5G65495,Q8GWU7
AT5G65500,Q9FGD7
AT5G65510,Q6J9N8
AT5G65520,Q9LSM3
AT5G65530,F4KI00
AT5G65540,Q8GXR1
AT5G65550,Q9LSM0
AT5G65560,Q9LSL9
AT5G65570,Q9LSL8
AT5G65580,Q9LSL7
AT5G65590,Q9LSL6
AT5G65600,Q9LSL5
AT5G65609,B3H6A4
AT5G65610,F4KI10
AT5G65613,A0A178UFC4
AT5G65620,Q94AM1
AT5G65630,Q7Y214
AT5G65640,Q9LSL1
AT5G65650,Q8LFK6
AT5G65660,Q9LSK9
AT5G65670,Q38827
AT5G65683,Q0WQX9
AT5G65685,A0A1P8B9B9
AT5G65687,Q6NMN6
AT5G65690,B5X574
AT5G65700,O49545
AT5G65710,C0LGX3
AT5G65720,O49543
AT5G65730,Q8LF99
AT5G65740,B9DHA4
AT5G65750,Q9FLH2
AT5G65760,Q1JPM1
AT5G65770,Q9FLH0
AT5G65780,Q9FYA6
AT5G65790,O49538
AT5G65800,Q37001
AT5G65810,Q0WPN7
AT5G65820,Q9FH87
AT5G65830,Q9FH86
AT5G65840,Q8L5Y8
AT5G65850,Q9FHP3
AT5G65860,O49532
AT5G65870,Q9FEB4
AT5G65880,Q9FHP2
AT5G65890,Q9FHP1
AT5G65900,Q9SB89
AT5G65910,Q9FHP0
AT5G65920,Q9FHN9
AT5G65925,Q6NLB7
AT5G65930,Q9FHN8
AT5G65940,Q9LKJ1
AT5G65950,F4JXM9
AT5G65960,Q8VZ15
AT5G65970,Q9FKY5
AT5G65980,Q9FKY4
AT5G65990,Q9FKY3
AT5G66000,Q9FKY2
AT5G66005,Q6ID68
AT5G66010,F4JZ11
AT5G66020,Q7X911
AT5G66030,Q8S2T0
AT5G66040,Q39129
AT5G66050,A0A1P8BHA8
AT5G66052,Q8GW83
AT5G66053,B3H5B2
AT5G66055,Q05753
AT5G66060,F4JZ24
AT5G66070,Q9FKX5
AT5G66080,Q9FKX4
AT5G66090,Q9FKX3
AT5G66100,Q8RWR2
AT5G66110,Q67ZW1
AT5G66120,Q8VYV7
AT5G66130,Q9MBA3
AT5G66140,O24616
AT5G66150,Q9FKW9
AT5G66160,Q9M622
AT5G66170,Q9FKW8
AT5G66180,F4JZ42
AT5G66190,Q9FKW6
AT5G66200,Q9FKW5
AT5G66210,Q9FKW4
AT5G66220,Q9FKW3
AT5G66230,F4JZ53
AT5G66240,Q8RXD8
AT5G66250,F4JZ59
AT5G66260,Q9FH62
AT5G66270,Q9FH61
AT5G66280,Q9SNY3
AT5G66290,Q9FH60
AT5G66300,Q9FH59
AT5G66310,F4JZ68
AT5G66320,Q9FH57
AT5G66330,Q9FH56
AT5G66335,A0A1P8BB71
AT5G66340,Q9FH55
AT5G66350,Q9XGX0
AT5G66360,Q9FK02
AT5G66370,F4K0K4
AT5G66380,Q7XA87
AT5G66390,Q9FJZ9
AT5G66400,P30185
AT5G66410,Q8LCV1
AT5G66420,Q9FJZ7
AT5G66430,Q9FJZ6
AT5G66440,Q9FJZ5
AT5G66450,Q6NQL6
AT5G66460,Q9FJZ3
AT5G66470,Q8VZ74
AT5G66480,Q93ZY1
AT5G66490,Q9FJZ0
AT5G66500,Q9FJY9
AT5G66510,Q94AU7
AT5G66520,Q9FJY7
AT5G66530,Q9FJY6
AT5G66540,Q9FJY5
AT5G66550,F4K0M7
AT5G66560,Q94A73
AT5G66570,P23321
AT5G66580,Q9FJY2
AT5G66590,Q9FJY1
AT5G66595,A0A1P8BBW6
AT5G66600,A0A1P8B9N5
AT5G66607,B3H4Z3
AT5G66610,Q9FJX9
AT5G66620,Q9FJX8
AT5G66630,Q84WJ0
AT5G66631,B3H4P1
AT5G66640,Q9LVR6
AT5G66650,Q9LVR5
AT5G66658,Q2V2U0
AT5G66660,Q9LVR4
AT5G66670,Q9LVR3
AT5G66675,Q8GW16
AT5G66680,Q944K2
AT5G66690,Q9LVR1
AT5G66700,Q9LVR0
AT5G66710,Q9LVQ9
AT5G66720,Q9LVQ8
AT5G66730,Q9LVQ7
AT5G66740,F4K243
AT5G66750,Q9XFH4
AT5G66760,O82663
AT5G66770,Q9FL03
AT5G66780,Q9FL02
AT5G66790,Q8GYF5
AT5G66800,Q9FL00
AT5G66810,F4K250
AT5G66815,Q058G9
AT5G66816,B3H5A9
AT5G66818,P0DN96
AT5G66819,P0DN97
AT5G66820,F4K253
AT5G66830,Q9FKZ7
AT5G66840,Q9FKZ6
AT5G66850,Q9C5H5
AT5G66860,Q9FKZ4
AT5G66870,Q9FKZ3
AT5G66880,Q39193
AT5G66890,Q9FKZ2
AT5G66900,Q9FKZ1
AT5G66910,Q9FKZ0
AT5G66920,Q8LPS9
AT5G66930,F4K265
AT5G66940,Q9FGD6
AT5G66950,Q9FGD5
AT5G66960,Q9FGD4
AT5G66970,Q1PDF5
AT5G66980,Q9FGD2
AT5G66985,Q8L9T9
AT5G66990,Q9FGD1
AT5G67000,Q38Q40
AT5G67010,Q9FGC9
AT5G67020,Q9FGC8
AT5G67030,Q9FGC7
AT5G67040,Q9FGC6
AT5G67050,F4K280
AT5G67060,Q9FHA7
AT5G67070,Q9FHA6
AT5G67080,Q9FHA5
AT5G67090,Q9FHA4
AT5G67100,Q9FHA3
AT5G67110,Q9FHA2
AT5G67120,Q9FHA1
AT5G67130,Q93XX5
AT5G67140,Q9FH99
AT5G67150,Q9FH98
AT5G67160,Q9FH97
AT5G67170,F4K3M6
AT5G67180,Q9FH95
AT5G67190,Q9FH94
AT5G67200,Q93Y06
AT5G67210,Q9FH92
AT5G67220,Q9FH91
AT5G67230,Q9FH90
AT5G67240,Q8RXK2
AT5G67245,Q8GX73
AT5G67250,Q9FE83
AT5G67260,Q9FGQ7
AT5G67265,F4K3N8
AT5G67270,Q9FGQ6
AT5G67280,Q9FGQ5
AT5G67290,Q9FN21
AT5G67300,Q9FDW1
AT5G67310,Q8GZ20
AT5G67320,Q9FN19
AT5G67330,Q9FN18
AT5G67340,Q5XEZ8
AT5G67350,Q9FN16
AT5G67360,O65351
AT5G67370,Q9FN15
AT5G67380,Q08467
AT5G67385,Q66GP0
AT5G67390,Q9FN13
AT5G67400,Q43873
AT5G67410,Q9FN12
AT5G67411,Q2V2T9
AT5G67420,Q9FN11
AT5G67430,Q9FN10
AT5G67440,Q9FN09
AT5G67450,Q9SSW1
AT5G67460,Q9FJX7
AT5G67470,Q9FJX6
AT5G67480,Q9FJX5
AT5G67490,Q8LCR1
AT5G67500,Q9FJX3
AT5G67510,Q9FJX2
AT5G67520,Q84JF0
AT5G67530,Q9FJX0
AT5G67540,Q8W1E6
AT5G67550,Q1PDF2
AT5G67560,Q93Y31
AT5G67570,Q9FJW6
AT5G67580,Q9FJW5
AT5G67590,Q9FJW4
AT5G67600,Q9FJW3
AT5G67610,Q9FJW2
AT5G67620,Q9FJW1
AT5G67630,Q9FJW0
AT5G67640,Q9FJV9
ATMG00010,P93275
ATMG00030,P93276
ATMG00040,P93278
ATMG00050,P93277
ATMG00060,P29388
ATMG00070,Q95748
ATMG00080,Q95747
ATMG00090,Q95749
ATMG00110,P93280
ATMG00120,P93281
ATMG00130,P93282
ATMG00140,P93283
ATMG00150,P93284
ATMG00160,P93285
ATMG00170,P94024
ATMG00180,P93286
ATMG00200,P93287
ATMG00210,P42793
ATMG00220,P42792
ATMG00240,P93290
ATMG00260,P93291
ATMG00270,P60497
ATMG00280,P93292
ATMG00285,O05000
ATMG00290,Q31708
ATMG00300,P93293
ATMG00310,P93295
ATMG00370,P93296
ATMG00400,P93297
ATMG00410,P93298
ATMG00430,P93299
ATMG00440,P93300
ATMG00450,P93301
ATMG00470,P93302
ATMG00480,P93303
ATMG00490,P93304
ATMG00500,P93305
ATMG00510,P93306
ATMG00516,P92558
ATMG00520,A0A2P2CLH3
ATMG00530,P93308
ATMG00540,P93309
ATMG00550,P93310
ATMG00560,P93311
ATMG00570,P93312
ATMG00580,P93313
ATMG00590,P93314
ATMG00600,P93315
ATMG00610,P93316
ATMG00630,P93317
ATMG00640,Q04613
ATMG00650,Q04614
ATMG00660,P93318
ATMG00670,P93319
ATMG00680,P92510
ATMG00690,P92511
ATMG00710,P92512
ATMG00720,P92513
ATMG00730,P92514
ATMG00750,P92516
ATMG00760,P92517
ATMG00810,P92519
ATMG00830,Q9T6H8
ATMG00840,P92521
ATMG00850,P92522
ATMG00860,P92523
ATMG00870,P92525
ATMG00880,P92524
ATMG00890,P92526
ATMG00900,P92527
ATMG00910,P92528
ATMG00920,P92529
ATMG00940,P92530
ATMG00960,Q33884
ATMG00970,P92531
ATMG00980,P92532
ATMG00990,P92533
ATMG01000,P92534
ATMG01010,P92535
ATMG01020,P92536
ATMG01030,P92537
ATMG01040,P92538
ATMG01050,P92539
ATMG01060,P92540
ATMG01080,P60112
ATMG01090,P92541
ATMG01100,P92542
ATMG01110,P92543
ATMG01130,P92544
ATMG01170,P92547
ATMG01180,P92548
ATMG01190,P92549
ATMG01200,P92550
ATMG01210,P92551
ATMG01220,P92552
ATMG01230,P92553
ATMG01240,P92554
ATMG01260,P92556
ATMG01270,P92557
ATMG01280,P92559
ATMG01290,P92560
ATMG01300,P92561
ATMG01310,P92562
ATMG01330,P92563
ATMG01350,P92564
ATMG01360,P60620
ATMG01370,P92565
ATMG01400,P92566
ATMG01410,P92567
ATCG00020,P83755
ATCG00040,P56784
ATCG00050,P56806
ATCG00065,P62126
ATCG00070,P56782
ATCG00080,P62100
ATCG00120,P56757
ATCG00130,P56759
ATCG00140,P56760
ATCG00150,P56758
ATCG00160,P56797
ATCG00170,P56764
ATCG00180,P56763
ATCG00190,P50546
ATCG00210,P61039
ATCG00220,P62109
ATCG00270,P56761
ATCG00280,P56778
ATCG00300,P56790
ATCG00330,P56804
ATCG00340,P56767
ATCG00350,P56766
ATCG00360,P61843
ATCG00380,P56799
ATCG00420,P56754
ATCG00430,P56756
ATCG00440,P56751
ATCG00470,P09468
ATCG00480,P19366
ATCG00490,O03042
ATCG00500,P56765
ATCG00510,P56768
ATCG00520,P56788
ATCG00530,P56783
ATCG00540,P56771
ATCG00550,P56781
ATCG00560,P60129
ATCG00570,P62095
ATCG00580,P56779
ATCG00590,P56776
ATCG00600,P56775
ATCG00630,P56769
ATCG00640,P56796
ATCG00650,P56807
ATCG00660,P56794
ATCG00670,P56772
ATCG00680,P56777
ATCG00690,P61839
ATCG00700,P62113
ATCG00710,P56780
ATCG00720,P56773
ATCG00730,P56774
ATCG00740,P56762
ATCG00750,P56802
ATCG00760,P62117
ATCG00770,P56801
ATCG00780,P56792
ATCG00790,P56793
ATCG00800,P56798
ATCG00810,P56795
ATCG00820,P56808
ATCG00830,P56791
ATCG00840,P61845
ATCG00860,P56786
ATCG00870,P56809
ATCG00890,P0CC32
ATCG00900,P61841
ATCG01000,P56785
ATCG01010,P56752
ATCG01020,P61847
ATCG01040,P56770
ATCG01050,P26288
ATCG01060,P62090
ATCG01070,P26289
ATCG01080,Q95695
ATCG01090,P56755
ATCG01100,Q37165
ATCG01110,P56753
ATCG01120,P56805
ATCG01250,P0CC33
