Gene,Predicted_Expr_Change
AT1G01010,0.44402882
AT1G01020,-0.07295651
AT1G01030,0.01015771
AT1G01040,-0.047917377
AT1G01050,-0.01991076
AT1G01060,-0.051678203
AT1G01070,0.025893567
AT1G01080,-0.29028964
AT1G01090,-0.06057228
AT1G01100,0.1425333
AT1G01110,-0.81929904
AT1G01120,-0.24986891
AT1G01130,-0.15437599
AT1G01140,-0.027230745
AT1G01150,-0.012901454
AT1G01160,0.043351397
AT1G01170,-0.063698374
AT1G01180,0.097076125
AT1G01184,0.0
AT1G01190,-0.03527625
AT1G01200,-0.033826265
AT1G01210,0.05320234
AT1G01220,-0.021982884
AT1G01225,-0.13462837
AT1G01230,0.13800107
AT1G01240,0.009168919
AT1G01250,-0.21409549
AT1G01260,-0.020271372
AT1G01280,0.000548907
AT1G01290,-0.08748515
AT1G01300,-0.39759034
AT1G01305,0.000179891
AT1G01310,0.002167555
AT1G01320,-0.027165785
AT1G01335,0.00028394588
AT1G01340,0.86198086
AT1G01350,0.0474035
AT1G01355,-0.083491825
AT1G01360,-0.21084434
AT1G01370,-0.11627489
AT1G01380,-0.071740635
AT1G01390,-0.10856417
AT1G01400,0.00066704414
AT1G01410,0.0
AT1G01420,0.0038936604
AT1G01430,-0.11487043
AT1G01440,0.068176135
AT1G01450,-0.02282368
AT1G01453,0.049307507
AT1G01460,0.0011695937
AT1G01470,0.27968743
AT1G01480,2.6224082
AT1G01490,0.030288382
AT1G01500,0.047391906
AT1G01510,-0.13452299
AT1G01520,-0.014871273
AT1G01530,0.013611933
AT1G01540,-0.24054159
AT1G01550,0.023038989
AT1G01560,1.2501847
AT1G01570,-0.25056455
AT1G01580,-0.06398763
AT1G01590,-0.03753273
AT1G01600,0.13107191
AT1G01610,-0.023120873
AT1G01620,-0.1561704
AT1G01630,0.011904805
AT1G01640,-0.018671356
AT1G01650,0.32737276
AT1G01660,0.03531958
AT1G01670,-0.0032091835
AT1G01680,1.110422
AT1G01690,-0.2177673
AT1G01695,-0.013822084
AT1G01700,0.0019043235
AT1G01710,0.10320628
AT1G01715,0.0069910353
AT1G01720,0.74740666
AT1G01725,0.14084487
AT1G01730,0.34106576
AT1G01740,-0.095536
AT1G01750,0.024309194
AT1G01760,0.03474977
AT1G01770,0.21816821
AT1G01780,0.15147854
AT1G01790,-0.31588626
AT1G01800,0.096915565
AT1G01810,0.090915844
AT1G01820,0.14200851
AT1G01830,0.017741626
AT1G01840,-0.05019622
AT1G01860,-0.10904534
AT1G01880,-0.119694166
AT1G01900,0.056015577
AT1G01910,0.102969706
AT1G01920,-0.02718667
AT1G01930,-0.015292877
AT1G01940,0.06222535
AT1G01950,-0.23257664
AT1G01960,0.040475745
AT1G01970,-0.0036957907
AT1G01980,0.0037542144
AT1G01990,0.016686456
AT1G02000,0.080975085
AT1G02010,-0.047418304
AT1G02020,-0.0011780761
AT1G02030,0.011794487
AT1G02050,-0.042590503
AT1G02060,-0.102411985
AT1G02065,0.037068747
AT1G02067,0.0022976038
AT1G02070,-0.0027654448
AT1G02080,0.040359013
AT1G02090,0.14748779
AT1G02100,0.044806223
AT1G02110,-0.2961112
AT1G02120,0.10586506
AT1G02130,-0.010574114
AT1G02140,0.056021675
AT1G02145,-0.041392945
AT1G02150,-0.013246954
AT1G02160,-0.019260421
AT1G02170,0.08205795
AT1G02180,-0.14675158
AT1G02190,-0.014539863
AT1G02205,0.76518697
AT1G02210,0.0
AT1G02220,1.9874054
AT1G02230,0.5068869
AT1G02250,-0.009446931
AT1G02260,0.13354185
AT1G02270,0.10311985
AT1G02280,-0.133926
AT1G02290,-0.19818807
AT1G02300,0.13987963
AT1G02305,0.18260966
AT1G02310,0.7452445
AT1G02320,2.1871892e-05
AT1G02330,0.007035184
AT1G02335,0.018965796
AT1G02340,-0.11686532
AT1G02350,-0.12908772
AT1G02360,0.8086599
AT1G02370,0.06805959
AT1G02380,0.2589271
AT1G02390,0.23172766
AT1G02400,0.86894053
AT1G02405,0.06919227
AT1G02410,0.11214875
AT1G02420,-0.03389242
AT1G02430,-0.020550324
AT1G02440,-0.00018944428
AT1G02450,0.66324025
AT1G02460,0.5612657
AT1G02470,0.9221013
AT1G02475,-0.12200555
AT1G02490,-0.00048341253
AT1G02500,0.27277833
AT1G02510,0.0011245589
AT1G02520,0.37296823
AT1G02530,0.003013383
AT1G02540,5.9488495e-05
AT1G02550,0.0046455963
AT1G02560,0.014954597
AT1G02570,0.23934236
AT1G02575,-0.0052344888
AT1G02580,0.23759125
AT1G02610,-0.13012046
AT1G02620,-0.118000954
AT1G02630,-0.05829089
AT1G02640,-1.1471355
AT1G02650,-0.0623856
AT1G02660,-0.053941086
AT1G02680,-0.009642977
AT1G02690,-0.00012512307
AT1G02705,-0.22569515
AT1G02710,-0.007698823
AT1G02720,-0.13897096
AT1G02730,-0.22283398
AT1G02740,-0.07996072
AT1G02750,0.046051256
AT1G02770,-0.0070464443
AT1G02780,0.028795179
AT1G02790,-0.00021112773
AT1G02800,-0.0374206
AT1G02810,-0.022729352
AT1G02813,0.0013167458
AT1G02816,0.42601013
AT1G02820,-0.053479098
AT1G02830,0.0073821354
AT1G02840,0.009096932
AT1G02850,0.34948286
AT1G02860,0.057635047
AT1G02870,0.07180475
AT1G02880,0.033069313
AT1G02890,0.038425583
AT1G02900,-0.07330862
AT1G02910,-0.05911508
AT1G02920,1.3813787
AT1G02930,1.3979998
AT1G02940,0.07567268
AT1G02950,-0.24293323
AT1G02960,-0.02610174
AT1G02965,0.00026460245
AT1G02970,0.03189048
AT1G02980,0.1195848
AT1G02990,0.03691352
AT1G03000,-0.044726253
AT1G03010,-0.056995478
AT1G03020,-0.07942189
AT1G03040,0.051725324
AT1G03050,0.3025929
AT1G03055,-0.14734828
AT1G03060,0.014081404
AT1G03070,-0.00846078
AT1G03080,0.012586288
AT1G03090,0.0028674724
AT1G03100,-0.038550172
AT1G03103,0.003861835
AT1G03106,0.51213396
AT1G03110,0.0047126864
AT1G03120,-0.10753075
AT1G03130,-0.3908053
AT1G03140,0.06576375
AT1G03150,-0.074695356
AT1G03160,-0.15565495
AT1G03165,-0.017241502
AT1G03170,-0.018394578
AT1G03190,0.030974118
AT1G03200,-0.08092378
AT1G03210,0.18718822
AT1G03220,1.4718355
AT1G03230,0.33306685
AT1G03240,0.10603269
AT1G03250,0.14305805
AT1G03260,0.117826626
AT1G03270,-0.25942045
AT1G03280,0.05892817
AT1G03290,0.25264475
AT1G03300,-0.061980728
AT1G03310,-0.12177128
AT1G03320,0.002332788
AT1G03325,0.00028394588
AT1G03330,0.45408785
AT1G03340,-0.012811981
AT1G03350,0.14611378
AT1G03360,0.019022541
AT1G03365,0.011489672
AT1G03370,0.3490665
AT1G03380,0.015731186
AT1G03390,0.0066788755
AT1G03395,0.00038939604
AT1G03400,0.2932421
AT1G03410,-0.36273745
AT1G03430,0.1014458
AT1G03440,-0.29269633
AT1G03445,-0.01894678
AT1G03457,-0.23385572
AT1G03470,-0.1128177
AT1G03475,-0.1523588
AT1G03490,-1.0569273e-05
AT1G03495,0.085974
AT1G03510,-0.004570208
AT1G03530,0.032441486
AT1G03540,-0.10035807
AT1G03550,0.2973863
AT1G03560,-0.063861504
AT1G03590,0.05319161
AT1G03600,-0.25863504
AT1G03620,-0.15215181
AT1G03630,-0.23250082
AT1G03650,0.03856297
AT1G03660,0.4431832
AT1G03670,-0.0042342483
AT1G03680,-0.078081824
AT1G03687,-0.20478529
AT1G03700,-0.00821431
AT1G03710,0.02020364
AT1G03720,-2.5869436e-05
AT1G03730,0.13516356
AT1G03740,0.022071823
AT1G03750,0.29648283
AT1G03760,0.254923
AT1G03770,-0.0031341016
AT1G03780,-0.1455991
AT1G03790,0.6133384
AT1G03800,0.112393804
AT1G03810,3.7525635e-05
AT1G03830,-0.3064169
AT1G03840,-0.08812001
AT1G03850,1.0192436
AT1G03860,0.18156941
AT1G03870,-0.4889176
AT1G03880,-0.0013049928
AT1G03890,-0.0009464822
AT1G03900,0.119206436
AT1G03905,0.045468144
AT1G03910,-0.020549713
AT1G03920,-0.03745769
AT1G03930,-0.21852462
AT1G03940,0.09037746
AT1G03950,0.065803446
AT1G03960,-0.048803028
AT1G03970,0.059560966
AT1G03980,0.011669465
AT1G03982,0.0021913603
AT1G03990,0.07518548
AT1G04000,-0.040054224
AT1G04010,-0.14320414
AT1G04020,0.020082373
AT1G04030,-0.07976222
AT1G04040,-0.63866436
AT1G04050,-0.24704644
AT1G04070,0.31402966
AT1G04080,-0.035220463
AT1G04090,0.004502234
AT1G04100,0.20318398
AT1G04105,0.0007557857
AT1G04110,-0.040503282
AT1G04120,0.1794125
AT1G04130,-0.010600047
AT1G04140,0.058679022
AT1G04150,-0.0016441459
AT1G04160,0.003691787
AT1G04170,0.055400766
AT1G04180,0.02692537
AT1G04190,-0.010405429
AT1G04200,-0.16343823
AT1G04210,-0.02532759
AT1G04220,0.1622676
AT1G04230,0.0047021657
AT1G04240,-0.3816962
AT1G04250,-0.4622438
AT1G04260,0.17665762
AT1G04270,0.017328732
AT1G04280,0.31745857
AT1G04290,0.116579965
AT1G04300,0.013103441
AT1G04310,0.4106243
AT1G04330,-0.051566157
AT1G04340,0.1564728
AT1G04350,-0.011045358
AT1G04360,-0.22622687
AT1G04370,0.06818211
AT1G04380,-0.0062406613
AT1G04390,-0.018771721
AT1G04400,-0.003523955
AT1G04410,0.23656496
AT1G04420,-0.28021926
AT1G04430,-0.15708458
AT1G04440,0.18868323
AT1G04445,0.071117364
AT1G04450,5.126484e-05
AT1G04455,0.0014105514
AT1G04470,0.0019470246
AT1G04480,0.08164406
AT1G04490,0.39623705
AT1G04500,0.37633538
AT1G04510,0.15636544
AT1G04520,-0.49862647
AT1G04530,-0.071726754
AT1G04540,-0.0025757998
AT1G04550,-0.24410126
AT1G04555,0.14595453
AT1G04560,-0.0040415786
AT1G04570,-0.04434647
AT1G04580,1.1648558
AT1G04590,-0.047945943
AT1G04600,-0.07949785
AT1G04610,0.0013623567
AT1G04620,0.050157785
AT1G04625,-0.0034596163
AT1G04630,0.070391774
AT1G04635,0.058905773
AT1G04640,-0.07095549
AT1G04645,0.015349602
AT1G04650,-0.07459506
AT1G04660,-0.043783005
AT1G04670,0.0013471703
AT1G04680,-0.37470692
AT1G04690,0.22804081
AT1G04700,-0.018133271
AT1G04710,-0.006276955
AT1G04730,-0.013447648
AT1G04750,0.19045883
AT1G04760,-0.0015471652
AT1G04770,1.0873504
AT1G04778,-0.0065223323
AT1G04780,0.32698283
AT1G04790,0.020232696
AT1G04800,-0.20381801
AT1G04810,0.100419864
AT1G04820,-0.106170036
AT1G04830,0.04221225
AT1G04840,-0.03180288
AT1G04850,0.1815456
AT1G04860,-0.013587858
AT1G04870,0.20394565
AT1G04880,0.003701056
AT1G04895,9.861059e-05
AT1G04900,-0.038187668
AT1G04910,0.012082913
AT1G04920,-0.08249223
AT1G04930,0.037950564
AT1G04940,0.046339493
AT1G04945,0.3499393
AT1G04950,-0.10035379
AT1G04970,0.23528267
AT1G04980,0.57195026
AT1G04985,0.02011967
AT1G04990,0.24186811
AT1G05000,0.96203864
AT1G05005,0.0032121364
AT1G05010,0.36557677
AT1G05020,0.03786307
AT1G05030,0.024718856
AT1G05035,-0.00038577907
AT1G05040,0.00035009434
AT1G05055,-0.038788356
AT1G05060,0.11904575
AT1G05065,0.12936792
AT1G05070,0.021138493
AT1G05080,0.00019079071
AT1G05085,0.0005286204
AT1G05087,-0.0818729
AT1G05090,-0.13144764
AT1G05100,1.5182614
AT1G05120,0.2305034
AT1G05136,0.00062507467
AT1G05140,-0.2081381
AT1G05150,-0.10846621
AT1G05160,-0.033997145
AT1G05170,0.4465873
AT1G05180,0.0858679
AT1G05190,-0.29679593
AT1G05200,-0.21221283
AT1G05205,0.08757989
AT1G05210,0.04363716
AT1G05220,0.11455326
AT1G05230,0.00420174
AT1G05240,0.00067263475
AT1G05250,0.030078026
AT1G05260,0.011911561
AT1G05270,0.10089091
AT1G05280,0.0019031073
AT1G05290,-8.59479e-05
AT1G05291,8.4926905e-05
AT1G05300,0.22266796
AT1G05310,-0.0092219
AT1G05320,-0.11254436
AT1G05330,0.0140602095
AT1G05340,0.80063534
AT1G05350,0.09204689
AT1G05360,-0.023518765
AT1G05370,-0.24006769
AT1G05380,0.10830008
AT1G05385,-0.25493947
AT1G05400,0.122356914
AT1G05410,-0.046016246
AT1G05420,-0.067967
AT1G05430,-0.0073137823
AT1G05440,-0.010242345
AT1G05450,0.4742075
AT1G05460,-0.27671638
AT1G05470,-0.35692057
AT1G05490,-0.07402306
AT1G05500,-0.0025891333
AT1G05510,0.0072928704
AT1G05520,0.16077209
AT1G05530,0.003267174
AT1G05540,-0.5668076
AT1G05560,0.50972736
AT1G05570,0.2364084
AT1G05575,0.42850783
AT1G05577,0.004278112
AT1G05580,0.00043285397
AT1G05590,-0.10548347
AT1G05600,-0.18563259
AT1G05610,0.05212308
AT1G05615,0.00010301439
AT1G05620,0.7564708
AT1G05630,0.123512335
AT1G05640,-0.13756576
AT1G05650,-0.009864514
AT1G05660,-0.00477534
AT1G05670,-0.14242606
AT1G05675,0.5991097
AT1G05680,1.3823543
AT1G05690,-0.084448084
AT1G05700,0.019039307
AT1G05710,0.1427978
AT1G05720,0.21695124
AT1G05730,-0.09000018
AT1G05750,0.028798837
AT1G05760,-0.124881595
AT1G05770,-0.13361888
AT1G05780,-0.007632794
AT1G05783,0.00070488825
AT1G05785,0.24117976
AT1G05790,0.13152944
AT1G05800,-0.03357692
AT1G05805,-0.06523339
AT1G05810,-0.16447185
AT1G05820,-0.03740695
AT1G05830,-0.015161133
AT1G05835,-0.086280406
AT1G05840,0.1161484
AT1G05850,-0.3752804
AT1G05860,-0.068797454
AT1G05870,-0.22673103
AT1G05880,0.48546243
AT1G05890,0.15563951
AT1G05894,-0.096755266
AT1G05900,-0.036511134
AT1G05910,0.1237273
AT1G05920,0.0039278786
AT1G05930,0.00091121113
AT1G05940,0.24181764
AT1G05950,-0.039365955
AT1G05960,0.029422522
AT1G05970,-0.055986494
AT1G05990,0.0516366
AT1G06000,0.19482063
AT1G06010,0.040506005
AT1G06020,0.046926964
AT1G06030,0.11874031
AT1G06040,-0.10869703
AT1G06045,0.0003899869
AT1G06050,0.21364856
AT1G06080,-0.040684715
AT1G06090,0.046899855
AT1G06100,0.030029377
AT1G06110,-0.0152412
AT1G06120,-0.018756347
AT1G06130,0.12106873
AT1G06135,0.16756086
AT1G06137,0.11207732
AT1G06140,0.057829294
AT1G06143,-0.023134487
AT1G06148,0.078862384
AT1G06150,0.02744814
AT1G06160,-0.16186178
AT1G06170,-0.029542597
AT1G06180,0.8821734
AT1G06190,0.030136934
AT1G06200,0.04519078
AT1G06210,0.05010109
AT1G06220,0.026882486
AT1G06225,0.00055568194
AT1G06230,0.04198079
AT1G06240,-0.2812194
AT1G06250,-0.033063255
AT1G06260,0.0010555066
AT1G06270,0.0050904844
AT1G06280,0.0
AT1G06290,0.3760528
AT1G06310,0.006004918
AT1G06320,-0.0020945105
AT1G06330,0.0046901605
AT1G06350,0.14127956
AT1G06360,0.27539384
AT1G06380,-0.057448693
AT1G06390,-0.14159277
AT1G06400,-0.020216156
AT1G06410,-0.038667656
AT1G06420,-0.044989847
AT1G06430,-0.001407036
AT1G06440,0.04200932
AT1G06450,0.07947018
AT1G06460,0.03067075
AT1G06470,-0.08299553
AT1G06475,0.034745052
AT1G06490,-0.14081301
AT1G06500,-0.17932163
AT1G06510,-0.031178849
AT1G06515,0.02848432
AT1G06520,0.66995746
AT1G06530,0.007482658
AT1G06540,0.13457088
AT1G06550,0.04991743
AT1G06560,-0.04667105
AT1G06570,0.28666323
AT1G06580,-0.11997897
AT1G06590,0.09102796
AT1G06620,0.490876
AT1G06630,-0.021281373
AT1G06640,-0.008722986
AT1G06650,0.111470066
AT1G06660,-0.02354592
AT1G06670,-0.0104788495
AT1G06680,-0.33359987
AT1G06690,0.016637208
AT1G06700,-0.030008102
AT1G06710,-0.017183434
AT1G06720,0.022210348
AT1G06750,0.006578443
AT1G06760,0.1254978
AT1G06770,0.067045234
AT1G06780,0.27279294
AT1G06790,-0.033146635
AT1G06800,0.09083494
AT1G06820,-0.052011363
AT1G06830,-0.097737625
AT1G06840,0.12823384
AT1G06850,-0.27871752
AT1G06870,0.4030676
AT1G06890,0.13835771
AT1G06900,0.0019924256
AT1G06910,-0.15290277
AT1G06920,0.003560609
AT1G06923,0.007992723
AT1G06925,0.0024330504
AT1G06930,-0.00031649738
AT1G06950,0.07098709
AT1G06960,-0.16252252
AT1G06970,0.021544298
AT1G06980,-0.1651455
AT1G06990,0.0028450903
AT1G07000,0.3045913
AT1G07010,-0.101625875
AT1G07020,0.26706144
AT1G07025,0.058449596
AT1G07030,0.21691693
AT1G07040,0.560216
AT1G07050,0.016816188
AT1G07060,-0.014601739
AT1G07070,-0.1334963
AT1G07080,0.0927096
AT1G07090,-0.030782977
AT1G07110,-0.13550067
AT1G07120,-0.037884276
AT1G07130,0.12152899
AT1G07135,0.5731535
AT1G07140,0.14959627
AT1G07150,0.16461286
AT1G07160,0.5563635
AT1G07170,0.13287286
AT1G07175,0.0074784537
AT1G07180,-0.3996245
AT1G07190,0.00027099065
AT1G07200,-0.033885412
AT1G07210,0.044239342
AT1G07220,0.15719701
AT1G07230,0.03338001
AT1G07240,-0.040316157
AT1G07250,-0.00094631355
AT1G07260,0.042460177
AT1G07270,-0.006812197
AT1G07280,-0.041754615
AT1G07290,-0.12989911
AT1G07300,-0.014813525
AT1G07310,0.17435494
AT1G07320,-0.3002509
AT1G07340,-0.0017269232
AT1G07350,0.0658151
AT1G07360,0.05857694
AT1G07370,0.015711682
AT1G07380,0.47861174
AT1G07390,0.58499414
AT1G07400,1.8253943
AT1G07410,0.3080534
AT1G07420,0.013696967
AT1G07430,0.36956322
AT1G07440,-0.2178083
AT1G07450,-0.1331775
AT1G07460,0.00041458284
AT1G07470,0.1192493
AT1G07473,0.0022630733
AT1G07476,0.0054805772
AT1G07480,0.16795146
AT1G07490,-0.2066922
AT1G07500,0.0040141894
AT1G07510,-0.12044352
AT1G07520,-0.024772137
AT1G07530,0.03503866
AT1G07540,-0.0042122356
AT1G07550,0.006200156
AT1G07560,-0.01265778
AT1G07570,-0.17863785
AT1G07590,0.92114
AT1G07600,0.08364997
AT1G07610,1.4833741
AT1G07615,0.1230464
AT1G07620,0.5826115
AT1G07630,0.28718615
AT1G07640,-0.057798136
AT1G07650,0.17054543
AT1G07660,0.075966656
AT1G07670,0.25694203
AT1G07680,0.0016599855
AT1G07690,0.2080107
AT1G07700,-0.16363648
AT1G07705,0.06843705
AT1G07710,0.013720009
AT1G07720,0.14615968
AT1G07725,0.09369321
AT1G07730,0.024147999
AT1G07740,0.041046515
AT1G07745,0.0036238453
AT1G07747,0.0026061728
AT1G07750,0.24926233
AT1G07770,-0.030585496
AT1G07780,-0.071692154
AT1G07790,-0.0041157743
AT1G07795,0.00666836
AT1G07810,0.2881839
AT1G07830,0.09184511
AT1G07840,-0.080583446
AT1G07850,-0.04213277
AT1G07860,0.085288905
AT1G07870,0.17540476
AT1G07880,-0.22443914
AT1G07885,-0.0028898949
AT1G07890,0.5485056
AT1G07900,0.7208111
AT1G07901,-0.0058439737
AT1G07902,0.07694013
AT1G07910,-0.042781137
AT1G07920,0.09027745
AT1G07930,0.13599032
AT1G07940,0.09113476
AT1G07950,0.058077134
AT1G07960,0.17890733
AT1G07970,0.021684874
AT1G07980,-0.022781603
AT1G07985,-0.1617836
AT1G07990,0.18167733
AT1G08000,-0.021447582
AT1G08005,-0.007463367
AT1G08010,-0.1214283
AT1G08030,-0.007431461
AT1G08035,-0.008489776
AT1G08040,-0.03764271
AT1G08050,0.9496875
AT1G08060,0.009310467
AT1G08065,0.0
AT1G08070,0.066453956
AT1G08080,-0.017233316
AT1G08090,-0.20368338
AT1G08100,-0.0055807866
AT1G08110,-0.010550846
AT1G08120,0.0022645742
AT1G08125,0.016223058
AT1G08130,0.0010085071
AT1G08135,0.0091047855
AT1G08140,-0.00073862995
AT1G08150,0.0011035255
AT1G08160,-0.2175839
AT1G08165,-0.027838338
AT1G08170,-0.015583955
AT1G08180,0.1393613
AT1G08190,0.0032197281
AT1G08200,-0.03262142
AT1G08210,0.046836317
AT1G08220,0.13078594
AT1G08230,0.2009139
AT1G08250,0.2558003
AT1G08260,-0.10514902
AT1G08270,0.044072766
AT1G08280,-0.26749536
AT1G08290,0.23339283
AT1G08300,-0.22469532
AT1G08310,0.0014009918
AT1G08315,0.45709506
AT1G08320,0.13201979
AT1G08340,-0.013712941
AT1G08350,-0.04523416
AT1G08360,-0.019455425
AT1G08370,0.12978068
AT1G08380,-0.5753166
AT1G08390,-0.22881691
AT1G08400,0.039546013
AT1G08410,0.06608329
AT1G08420,0.10906282
AT1G08430,0.0026396054
AT1G08440,0.017985003
AT1G08450,0.27711618
AT1G08460,0.14383082
AT1G08465,0.015838362
AT1G08470,-0.18943849
AT1G08480,0.21011627
AT1G08490,-0.01812548
AT1G08500,-0.090078816
AT1G08510,-0.13487129
AT1G08520,-0.25727326
AT1G08530,-0.03265304
AT1G08540,-0.19687568
AT1G08550,-0.032281257
AT1G08560,-0.10926694
AT1G08570,0.049094804
AT1G08580,0.07783875
AT1G08590,0.011860054
AT1G08600,0.0072593
AT1G08610,-0.110052735
AT1G08620,0.085402295
AT1G08630,1.0988894
AT1G08640,0.13398142
AT1G08645,0.0015924991
AT1G08650,0.42698288
AT1G08660,-0.108762346
AT1G08670,0.005365866
AT1G08680,0.030770853
AT1G08695,0.0003501309
AT1G08700,0.0756211
AT1G08710,-0.08999253
AT1G08720,-0.14832844
AT1G08730,-0.05327208
AT1G08750,0.029626507
AT1G08760,0.046182845
AT1G08770,0.09977144
AT1G08780,-0.07692933
AT1G08790,-0.0008044938
AT1G08800,0.42118326
AT1G08810,-0.13259183
AT1G08820,0.17879951
AT1G08830,0.50404733
AT1G08840,-0.031204395
AT1G08845,-0.09631218
AT1G08860,1.1421192
AT1G08880,0.05579404
AT1G08890,0.112947054
AT1G08900,-0.02366898
AT1G08910,0.024937244
AT1G08920,0.91275257
AT1G08930,0.39207953
AT1G08940,1.1581213
AT1G08960,0.0054498026
AT1G08970,0.006343239
AT1G08980,-0.2887157
AT1G08985,-0.00050631224
AT1G08990,-0.0020689678
AT1G09000,-0.04665325
AT1G09010,-0.028484754
AT1G09020,0.06949157
AT1G09030,0.00076104124
AT1G09040,-0.04906224
AT1G09050,0.10063434
AT1G09060,0.0019752318
AT1G09070,0.45347804
AT1G09080,0.34847245
AT1G09090,0.019624174
AT1G09100,0.1741941
AT1G09130,0.036770266
AT1G09140,0.0500007
AT1G09150,-0.004485096
AT1G09155,0.021058043
AT1G09157,0.00013731979
AT1G09160,-0.2218586
AT1G09170,-0.022260109
AT1G09176,0.11110162
AT1G09180,0.09759749
AT1G09190,0.0132074915
AT1G09195,0.13284412
AT1G09200,-0.24336573
AT1G09210,0.20787697
AT1G09220,-0.024510186
AT1G09230,0.07703662
AT1G09240,0.6201361
AT1G09245,0.00022462636
AT1G09250,-0.23679113
AT1G09260,-0.011213698
AT1G09270,0.2481074
AT1G09280,0.009300281
AT1G09290,0.0119027
AT1G09300,0.20549996
AT1G09310,-0.406047
AT1G09320,0.030114632
AT1G09330,0.22821853
AT1G09340,-0.5476071
AT1G09350,-0.23420285
AT1G09360,5.967378e-05
AT1G09370,-0.00023362075
AT1G09380,0.44218475
AT1G09390,-0.042039588
AT1G09400,0.105474085
AT1G09410,-0.06698204
AT1G09415,0.05401536
AT1G09420,0.43089372
AT1G09430,0.3152247
AT1G09440,-0.06597061
AT1G09450,0.036666606
AT1G09460,-0.018868562
AT1G09470,-0.0472043
AT1G09480,0.44408765
AT1G09483,0.0058644214
AT1G09490,0.1433888
AT1G09500,1.6063724
AT1G09510,0.5537348
AT1G09520,0.08510653
AT1G09530,0.0014282372
AT1G09540,0.016877724
AT1G09550,0.0016890815
AT1G09560,1.0058208
AT1G09570,-0.14286558
AT1G09575,-0.0910154
AT1G09580,-0.031458277
AT1G09590,0.045105074
AT1G09600,0.00079806533
AT1G09610,-0.11102348
AT1G09620,-0.04483462
AT1G09625,0.0
AT1G09630,0.19546913
AT1G09640,0.1075821
AT1G09645,0.2520844
AT1G09650,0.0025128676
AT1G09660,-0.23682067
AT1G09665,7.883297e-05
AT1G09680,0.051136926
AT1G09700,-0.02975839
AT1G09710,-0.038265746
AT1G09720,0.00048742862
AT1G09730,-0.010366374
AT1G09750,-0.48426348
AT1G09760,0.04211802
AT1G09770,-0.045541976
AT1G09780,0.19485582
AT1G09790,-0.0037338657
AT1G09794,0.18329243
AT1G09795,0.065177254
AT1G09810,-0.0055367826
AT1G09812,-0.1225059
AT1G09815,0.2507567
AT1G09820,-0.20492323
AT1G09830,-0.009344057
AT1G09840,-0.030893873
AT1G09850,0.036370933
AT1G09860,0.015430877
AT1G09870,0.07121853
AT1G09880,-0.020237384
AT1G09890,0.05817544
AT1G09900,-0.00868997
AT1G09910,0.048984636
AT1G09920,0.21024361
AT1G09930,0.27701733
AT1G09932,0.7743149
AT1G09935,0.22312857
AT1G09940,0.66823006
AT1G09950,-0.07921644
AT1G09960,-0.06900903
AT1G09970,0.28512117
AT1G09980,-0.034764305
AT1G09995,-0.16861384
AT1G10000,-0.07183441
AT1G10010,0.0015891328
AT1G10020,-0.061908282
AT1G10030,-0.22345306
AT1G10040,0.31570238
AT1G10050,0.18715447
AT1G10060,-0.008326287
AT1G10070,0.5369092
AT1G10090,-0.09498521
AT1G10095,0.07283143
AT1G10100,-0.0015699208
AT1G10110,0.028404377
AT1G10120,-0.17550737
AT1G10130,0.022853956
AT1G10140,0.5736969
AT1G10150,0.00870978
AT1G10155,0.049728192
AT1G10170,0.30879325
AT1G10180,0.019223455
AT1G10190,-0.00018430944
AT1G10200,0.040131137
AT1G10210,0.25587422
AT1G10220,0.46777493
AT1G10225,0.0026095798
AT1G10230,-0.018312046
AT1G10240,-0.028281607
AT1G10250,-0.00068868883
AT1G10270,0.027027626
AT1G10280,0.019399248
AT1G10290,0.20865141
AT1G10300,0.06063985
AT1G10310,0.041977692
AT1G10320,-0.06787976
AT1G10330,-0.11432615
AT1G10340,0.28894705
AT1G10350,-0.041170727
AT1G10360,-0.559616
AT1G10370,-0.022239279
AT1G10380,-0.22100988
AT1G10385,0.0027691561
AT1G10390,0.0883343
AT1G10395,0.0
AT1G10400,0.15392779
AT1G10410,0.71264213
AT1G10417,0.20344363
AT1G10430,0.07605374
AT1G10450,0.046226393
AT1G10455,-0.0007398105
AT1G10460,0.01917265
AT1G10470,-0.11413985
AT1G10480,0.009340944
AT1G10490,0.014163966
AT1G10500,0.013763411
AT1G10510,-0.02846116
AT1G10520,-0.043583844
AT1G10522,0.010786531
AT1G10540,0.09610126
AT1G10550,-0.19384663
AT1G10560,-0.02126313
AT1G10570,-0.011450846
AT1G10580,0.24843022
AT1G10585,1.7731594
AT1G10586,0.48762605
AT1G10588,0.0414871
AT1G10590,0.12014086
AT1G10600,-0.0034127233
AT1G10610,-0.09220929
AT1G10620,0.00052506104
AT1G10630,0.14182746
AT1G10640,-0.15531303
AT1G10650,-0.10300236
AT1G10657,-0.3959476
AT1G10660,0.0040364275
AT1G10670,-0.08643381
AT1G10680,0.018262194
AT1G10690,0.12381259
AT1G10700,0.09025762
AT1G10705,0.0
AT1G10710,0.04429488
AT1G10715,0.0004369874
AT1G10717,2.1602043e-05
AT1G10720,0.15865804
AT1G10730,0.08728186
AT1G10740,-0.10389501
AT1G10745,0.00055611116
AT1G10747,0.0017365147
AT1G10750,-0.17809138
AT1G10760,-0.20114094
AT1G10770,0.060034692
AT1G10780,-0.123390794
AT1G10790,-0.06915101
AT1G10800,0.078479156
AT1G10810,-0.08942907
AT1G10820,0.029923687
AT1G10830,0.00044804811
AT1G10840,0.020392537
AT1G10850,-0.13807693
AT1G10865,0.19255038
AT1G10870,-0.11104192
AT1G10875,0.00028676717
AT1G10880,0.0012448796
AT1G10890,0.04962291
AT1G10895,0.0
AT1G10900,-0.15093997
AT1G10910,-0.23846956
AT1G10920,-0.051074356
AT1G10930,0.048390448
AT1G10940,-0.045357138
AT1G10950,0.047748398
AT1G10960,-0.2695887
AT1G10970,-0.086933784
AT1G10980,0.011644092
AT1G10990,0.16280676
AT1G11000,-0.30492076
AT1G11020,0.023770988
AT1G11040,0.16777317
AT1G11050,-0.01583824
AT1G11060,0.056822754
AT1G11070,-0.21671778
AT1G11080,0.054573134
AT1G11090,-0.062893674
AT1G11100,0.33810198
AT1G11110,0.011174211
AT1G11112,-0.010797587
AT1G11120,-0.13798375
AT1G11125,0.030481543
AT1G11130,-0.32720658
AT1G11145,-8.4204614e-05
AT1G11160,-0.05850394
AT1G11170,-0.06214364
AT1G11180,0.04897181
AT1G11190,0.5318944
AT1G11200,0.33804736
AT1G11210,-0.25404254
AT1G11220,-0.09483804
AT1G11230,0.03846103
AT1G11240,-0.0059702327
AT1G11250,0.0025724762
AT1G11260,0.08717115
AT1G11270,0.009304854
AT1G11280,-0.46256614
AT1G11290,-0.10577309
AT1G11300,-0.15133391
AT1G11303,-0.115081206
AT1G11310,0.36829445
AT1G11320,-0.016421365
AT1G11330,0.72709805
AT1G11340,-0.47198898
AT1G11350,-0.43597525
AT1G11360,0.0914161
AT1G11362,0.21790124
AT1G11370,0.06945747
AT1G11380,-0.021494083
AT1G11390,0.30974895
AT1G11400,0.061494026
AT1G11410,-0.13501485
AT1G11420,-0.12301244
AT1G11430,0.050809395
AT1G11440,-0.20638756
AT1G11450,0.035982862
AT1G11460,-0.0039458293
AT1G11470,0.0003311918
AT1G11475,0.06327841
AT1G11480,0.22769293
AT1G11490,-0.013528008
AT1G11500,-0.03780506
AT1G11510,-3.4228113e-05
AT1G11520,5.2402942e-05
AT1G11530,-0.08187306
AT1G11540,0.09289382
AT1G11545,-0.628471
AT1G11560,-0.014287864
AT1G11570,0.03230468
AT1G11572,0.22315842
AT1G11580,0.35807386
AT1G11590,0.004280959
AT1G11591,0.006390065
AT1G11593,0.0
AT1G11600,0.085958816
AT1G11608,0.00211897
AT1G11610,0.025641125
AT1G11620,0.0003785943
AT1G11630,-0.02844935
AT1G11650,0.14034742
AT1G11655,0.0034920664
AT1G11660,0.10324625
AT1G11670,-0.034215882
AT1G11680,-0.013296053
AT1G11684,0.001256786
AT1G11690,-0.0023503143
AT1G11700,-0.39002576
AT1G11710,-0.054168228
AT1G11720,-0.06691153
AT1G11730,-0.08521586
AT1G11740,-0.3993954
AT1G11750,-0.013970747
AT1G11760,0.08961066
AT1G11765,5.191329e-05
AT1G11770,0.0002810631
AT1G11780,-0.06592766
AT1G11785,-0.004893679
AT1G11790,0.11918545
AT1G11800,0.12105239
AT1G11810,0.023681106
AT1G11820,-0.10449244
AT1G11840,-0.0039808014
AT1G11850,0.040212132
AT1G11860,-0.53110945
AT1G11870,-0.024917804
AT1G11880,-0.026192483
AT1G11890,0.13862215
AT1G11900,-0.02765747
AT1G11905,0.2610219
AT1G11910,0.42305225
AT1G11915,-0.055885907
AT1G11920,0.013487782
AT1G11925,0.15624245
AT1G11930,0.035518985
AT1G11940,0.04274032
AT1G11950,-0.03748107
AT1G11960,-0.10750242
AT1G11970,0.00021822655
AT1G11980,0.0003232559
AT1G11990,-0.087885275
AT1G12000,0.24881545
AT1G12010,-0.007427492
AT1G12020,-0.27445248
AT1G12030,0.087820135
AT1G12040,-0.0009772028
AT1G12050,0.22446698
AT1G12060,-0.05226139
AT1G12064,-0.0037204197
AT1G12070,-0.013321424
AT1G12080,-0.77154756
AT1G12090,-0.090062484
AT1G12100,-0.032735623
AT1G12110,0.02764532
AT1G12120,-0.195336
AT1G12130,-0.004798406
AT1G12140,0.16651109
AT1G12150,-0.019595452
AT1G12160,0.027118424
AT1G12170,0.0
AT1G12180,0.00065981696
AT1G12190,-1.2078758e-05
AT1G12200,0.19678834
AT1G12210,0.24884452
AT1G12211,0.0075991787
AT1G12220,0.049540885
AT1G12230,-0.20773204
AT1G12240,0.09615093
AT1G12244,-0.2962526
AT1G12250,-0.21099456
AT1G12260,0.047004476
AT1G12270,-0.03031837
AT1G12280,-0.14612353
AT1G12290,0.3709311
AT1G12300,-0.06166181
AT1G12310,0.0732028
AT1G12320,0.6844431
AT1G12330,-0.04697179
AT1G12340,-0.065701194
AT1G12350,0.090915576
AT1G12360,0.007859274
AT1G12370,-0.0053833546
AT1G12380,-0.23256145
AT1G12390,0.015658757
AT1G12400,0.06440517
AT1G12410,-0.018318921
AT1G12411,1.831045e-05
AT1G12420,0.16397186
AT1G12430,-0.25378186
AT1G12440,0.105578154
AT1G12450,-0.030069822
AT1G12460,-0.21178275
AT1G12470,-0.008071197
AT1G12480,-0.22978501
AT1G12490,-0.018221145
AT1G12500,-0.6238021
AT1G12520,0.070943095
AT1G12530,-0.026256308
AT1G12540,-0.00028806538
AT1G12550,-0.31294096
AT1G12560,0.01353366
AT1G12570,0.024432426
AT1G12580,-0.06855717
AT1G12600,0.0018619669
AT1G12610,-0.082741596
AT1G12615,0.00575699
AT1G12620,-0.12986282
AT1G12630,0.054185573
AT1G12640,0.36091173
AT1G12650,0.05097548
AT1G12660,4.168239e-05
AT1G12663,-0.0002891602
AT1G12665,-0.00021644999
AT1G12672,-0.0014892936
AT1G12680,-0.02828386
AT1G12700,-0.09460239
AT1G12710,0.082919165
AT1G12730,-0.029375253
AT1G12740,0.0100226365
AT1G12750,-0.055891544
AT1G12760,0.09550966
AT1G12770,-0.05893449
AT1G12775,-0.13384703
AT1G12780,0.12282427
AT1G12790,-0.030230623
AT1G12800,-0.33749616
AT1G12805,0.012978302
AT1G12810,0.24272788
AT1G12820,-0.066740744
AT1G12830,-0.00067050254
AT1G12840,0.12007194
AT1G12845,-0.25604096
AT1G12850,0.021844849
AT1G12855,0.008248121
AT1G12860,-0.25351372
AT1G12870,-0.015385577
AT1G12880,-0.126691
AT1G12890,0.027190348
AT1G12900,-0.41230956
AT1G12910,-0.0021696368
AT1G12920,0.009353631
AT1G12930,-0.14951459
AT1G12940,-0.42985246
AT1G12950,0.010445342
AT1G12960,0.00015809867
AT1G12970,0.14815383
AT1G12980,-0.0033745118
AT1G12990,-0.008452911
AT1G13000,0.05889991
AT1G13020,0.049785305
AT1G13030,-0.10289118
AT1G13040,-0.04703911
AT1G13050,0.0013256613
AT1G13060,0.13017103
AT1G13080,0.011870175
AT1G13090,0.07143421
AT1G13100,-0.24697688
AT1G13110,-0.13042831
AT1G13120,-0.0930905
AT1G13130,0.05179796
AT1G13140,0.0060894466
AT1G13143,-0.0035910313
AT1G13150,-0.0062417025
AT1G13160,0.009832833
AT1G13170,-0.4528253
AT1G13180,0.16609272
AT1G13190,0.021385375
AT1G13195,0.16258845
AT1G13200,0.0047834325
AT1G13210,0.13633306
AT1G13220,-0.045292743
AT1G13230,0.012140863
AT1G13245,-0.010531708
AT1G13250,-0.37005246
AT1G13260,0.017800422
AT1G13270,0.5597427
AT1G13280,-0.004443468
AT1G13290,0.0011394438
AT1G13300,0.26584655
AT1G13310,1.1194576
AT1G13320,0.058876075
AT1G13330,-0.11307641
AT1G13340,1.2629331
AT1G13350,0.04672563
AT1G13360,0.25339472
AT1G13370,-0.033478107
AT1G13380,-0.25640017
AT1G13390,0.18415591
AT1G13400,0.009182509
AT1G13410,-0.028487492
AT1G13420,-0.0035622977
AT1G13430,-0.09051322
AT1G13440,0.051285535
AT1G13450,-0.06925786
AT1G13460,0.036879
AT1G13470,0.7527212
AT1G13480,0.41311452
AT1G13485,3.5465986e-05
AT1G13490,0.0071870745
AT1G13500,0.0027330224
AT1G13510,0.028525062
AT1G13520,2.1441891
AT1G13530,0.12134018
AT1G13540,0.15112558
AT1G13550,0.22398783
AT1G13560,-0.06335758
AT1G13570,0.029078266
AT1G13580,0.0014201568
AT1G13590,0.009755661
AT1G13600,-0.033082567
AT1G13605,0.00015853402
AT1G13607,-0.0028297356
AT1G13608,0.0011436115
AT1G13609,-0.0021257396
AT1G13610,-0.00819717
AT1G13620,-0.0030274927
AT1G13630,-0.084114
AT1G13635,0.01838131
AT1G13640,-0.14560519
AT1G13650,-0.9806146
AT1G13670,0.007850498
AT1G13680,-0.0021466645
AT1G13690,0.028552862
AT1G13700,-0.03686847
AT1G13710,-0.011378913
AT1G13730,-0.14666687
AT1G13740,0.049295835
AT1G13750,0.45269
AT1G13755,0.0001737433
AT1G13760,-0.00011771623
AT1G13770,-0.016627176
AT1G13780,0.01993545
AT1G13790,-0.39681837
AT1G13800,-0.14806291
AT1G13805,0.0
AT1G13810,0.15917791
AT1G13820,-0.103621565
AT1G13825,0.0019762863
AT1G13830,0.3743638
AT1G13860,0.009863136
AT1G13870,-0.014861397
AT1G13880,0.0060557504
AT1G13890,-0.0014019485
AT1G13900,0.004851799
AT1G13910,0.041024275
AT1G13920,-0.020731043
AT1G13930,1.0924208
AT1G13940,-0.005670201
AT1G13950,0.022924155
AT1G13960,0.14087385
AT1G13980,0.0064336103
AT1G13990,0.30739474
AT1G14000,0.38411483
AT1G14010,0.2740442
AT1G14020,0.012805665
AT1G14030,-0.28943527
AT1G14040,0.16863385
AT1G14048,0.00049586804
AT1G14050,0.0
AT1G14070,0.0
AT1G14080,-0.018290063
AT1G14100,-0.047036503
AT1G14110,7.430336e-05
AT1G14120,0.30013406
AT1G14130,0.518043
AT1G14140,0.014915805
AT1G14150,-0.44475594
AT1G14160,0.0021277552
AT1G14170,0.7775146
AT1G14175,0.0
AT1G14182,0.0
AT1G14185,0.0146309985
AT1G14190,-0.13276729
AT1G14200,0.3892353
AT1G14205,-0.17896335
AT1G14210,-0.13334961
AT1G14220,-0.00072645606
AT1G14230,0.09684296
AT1G14240,0.054324
AT1G14250,0.06234314
AT1G14260,0.6215456
AT1G14270,-0.19555344
AT1G14280,-0.36435428
AT1G14290,-0.25926745
AT1G14300,0.04238116
AT1G14310,0.046552807
AT1G14315,-0.004538903
AT1G14320,0.3281692
AT1G14330,0.3222901
AT1G14340,0.10096839
AT1G14345,-0.20586342
AT1G14350,-0.32697192
AT1G14360,0.49984416
AT1G14370,0.14441721
AT1G14380,-0.56748646
AT1G14390,-0.050333343
AT1G14400,0.10227527
AT1G14410,0.00046307096
AT1G14420,-6.2112624e-05
AT1G14430,-0.09996046
AT1G14440,0.018415067
AT1G14450,0.17044917
AT1G14453,-0.010174253
AT1G14455,0.012892624
AT1G14460,-0.34169912
AT1G14470,-0.058669947
AT1G14480,-0.4746147
AT1G14490,0.016487151
AT1G14500,-0.0019552654
AT1G14510,0.054065235
AT1G14520,-0.0959109
AT1G14530,0.092564166
AT1G14540,1.9055948
AT1G14550,0.60757
AT1G14560,-0.065991476
AT1G14570,0.0014927182
AT1G14580,-0.010586303
AT1G14590,0.008239499
AT1G14600,-0.05907717
AT1G14610,0.00068905135
AT1G14620,0.048921682
AT1G14640,-0.013830086
AT1G14642,0.015638892
AT1G14650,0.016809043
AT1G14660,-0.09242861
AT1G14670,0.15662482
AT1G14680,0.016314322
AT1G14685,0.01590809
AT1G14686,-0.0010203898
AT1G14687,0.012419583
AT1G14688,0.0014888198
AT1G14690,0.0031338357
AT1G14700,-0.58522075
AT1G14710,0.031865433
AT1G14720,0.14010575
AT1G14730,-0.07605555
AT1G14740,0.01748649
AT1G14750,-0.078775726
AT1G14755,8.670082e-06
AT1G14760,-0.0050095012
AT1G14770,-0.22145271
AT1G14780,0.10767436
AT1G14790,0.20338775
AT1G14800,0.0023687023
AT1G14810,0.2308975
AT1G14820,0.10010194
AT1G14830,0.014537361
AT1G14840,-0.4896575
AT1G14850,0.024809707
AT1G14860,0.22474292
AT1G14870,1.8271002
AT1G14880,1.187073
AT1G14890,0.19579594
AT1G14900,0.15402271
AT1G14910,0.085321434
AT1G14920,-0.28585395
AT1G14930,0.014924581
AT1G14940,0.0010566576
AT1G14950,-4.112313e-05
AT1G14960,-0.010161956
AT1G14970,-0.12939294
AT1G14980,0.16544434
AT1G14990,0.10409182
AT1G15000,-0.41411927
AT1G15010,0.21598764
AT1G15015,-0.002960973
AT1G15020,0.019527126
AT1G15030,-0.06965528
AT1G15040,1.822661
AT1G15050,0.0049078865
AT1G15060,0.06716068
AT1G15080,-0.024961658
AT1G15085,0.002088133
AT1G15100,0.33676636
AT1G15110,0.3868339
AT1G15120,0.16782327
AT1G15125,-0.8658739
AT1G15130,0.35063872
AT1G15140,0.047249723
AT1G15150,-0.018333089
AT1G15160,-0.012390051
AT1G15165,-0.14649323
AT1G15170,0.02328912
AT1G15180,-0.18692715
AT1G15190,0.06351321
AT1G15200,0.006254444
AT1G15210,0.036872044
AT1G15215,-0.15258144
AT1G15220,-0.04789414
AT1G15230,0.052996643
AT1G15240,0.03544907
AT1G15250,-0.008346376
AT1G15260,-0.30389753
AT1G15270,0.21709712
AT1G15280,0.008318154
AT1G15290,-0.11259409
AT1G15310,0.113156885
AT1G15320,-0.0029496308
AT1G15330,-0.0037521578
AT1G15340,-0.0014378664
AT1G15350,0.05638017
AT1G15360,0.01951257
AT1G15370,0.097882695
AT1G15380,1.8336267
AT1G15385,0.4687501
AT1G15390,-0.035988577
AT1G15400,0.06822157
AT1G15410,-0.6611245
AT1G15415,0.5519047
AT1G15420,0.14399245
AT1G15430,0.6239609
AT1G15440,0.06938274
AT1G15460,0.009208857
AT1G15470,0.011743303
AT1G15480,0.016209966
AT1G15490,0.08264817
AT1G15500,0.017400257
AT1G15510,0.004989875
AT1G15520,2.5070617
AT1G15530,0.08379951
AT1G15540,0.0072346777
AT1G15550,-0.7451003
AT1G15570,0.019917287
AT1G15580,-0.052153233
AT1G15590,0.00025894155
AT1G15600,0.0034233588
AT1G15610,0.014997148
AT1G15620,0.00231292
AT1G15625,0.23945232
AT1G15630,0.007262755
AT1G15640,7.20486e-05
AT1G15660,-0.049767155
AT1G15670,0.68026423
AT1G15680,0.0
AT1G15690,0.026228111
AT1G15700,-0.045911014
AT1G15710,-0.013768322
AT1G15720,0.043101393
AT1G15730,-0.20522393
AT1G15740,-0.009827417
AT1G15750,0.07220129
AT1G15757,0.021952577
AT1G15760,-0.09713883
AT1G15770,-4.0737024e-05
AT1G15772,0.0037069737
AT1G15780,0.17791794
AT1G15790,0.47505847
AT1G15800,0.07159081
AT1G15810,-0.033076197
AT1G15820,-0.27776426
AT1G15825,-0.017731959
AT1G15830,-0.6392054
AT1G15840,0.013368549
AT1G15850,0.0
AT1G15860,0.16486618
AT1G15870,0.030052599
AT1G15880,0.08110902
AT1G15885,0.0018133493
AT1G15890,-0.6329773
AT1G15900,0.051347863
AT1G15910,-0.32754502
AT1G15920,0.0063910997
AT1G15930,0.068207204
AT1G15940,-0.47966954
AT1G15950,0.21352026
AT1G15960,0.018761678
AT1G15970,-0.010905635
AT1G15980,-0.5512318
AT1G15990,0.019191217
AT1G16000,0.03359837
AT1G16010,0.120848015
AT1G16020,-0.11125329
AT1G16022,0.004358921
AT1G16025,-0.0024174026
AT1G16030,0.58908725
AT1G16040,0.20759808
AT1G16060,-0.009008722
AT1G16070,-0.0136478115
AT1G16080,-0.19879664
AT1G16110,0.21535046
AT1G16120,-0.0026762267
AT1G16130,0.4473646
AT1G16140,0.0
AT1G16150,-0.232528
AT1G16160,0.0237854
AT1G16170,-0.028610758
AT1G16180,0.1805385
AT1G16190,-0.017487463
AT1G16210,0.15604568
AT1G16220,-0.08201606
AT1G16225,0.02030478
AT1G16230,0.00324552
AT1G16240,0.03258071
AT1G16250,0.06507478
AT1G16260,0.18181054
AT1G16270,0.06677792
AT1G16280,-0.068465106
AT1G16290,-0.0073164892
AT1G16300,0.39056358
AT1G16310,0.01791947
AT1G16320,-0.049890283
AT1G16330,-0.047216997
AT1G16340,-0.2374336
AT1G16350,-0.0316725
AT1G16360,-0.0040718736
AT1G16370,-0.031182978
AT1G16380,0.00025564426
AT1G16390,-0.21387233
AT1G16400,-0.2745541
AT1G16410,-1.2955328
AT1G16420,0.7064069
AT1G16430,-0.042439323
AT1G16440,-0.011434866
AT1G16445,-0.32835764
AT1G16460,-0.07403983
AT1G16470,0.25949377
AT1G16480,-0.033117794
AT1G16490,-0.06985901
AT1G16500,0.40075424
AT1G16510,0.5767534
AT1G16515,-0.19231594
AT1G16520,0.0877137
AT1G16530,0.0013159974
AT1G16540,0.4704617
AT1G16560,0.10439817
AT1G16570,0.022848641
AT1G16590,-0.105160594
AT1G16610,0.13129374
AT1G16630,-0.03479677
AT1G16640,-0.24327967
AT1G16650,0.003500117
AT1G16670,0.37499338
AT1G16680,-0.07066804
AT1G16690,-0.018085964
AT1G16700,0.32726416
AT1G16705,-0.011767195
AT1G16710,-0.027795443
AT1G16720,-0.7254105
AT1G16730,-0.015703563
AT1G16740,0.09334479
AT1G16750,-0.16924044
AT1G16760,0.0045306343
AT1G16770,0.038352627
AT1G16780,-0.3120513
AT1G16790,0.06237161
AT1G16800,-0.1075494
AT1G16810,0.035871793
AT1G16820,-0.07474158
AT1G16825,0.05691683
AT1G16830,0.026491024
AT1G16840,0.2398085
AT1G16850,-0.15152796
AT1G16860,-0.12390958
AT1G16870,0.024326345
AT1G16880,-0.17422661
AT1G16890,0.1312847
AT1G16900,0.039308306
AT1G16900,0.039308306
AT1G16910,0.0022297283
AT1G16916,-0.006281986
AT1G16920,-0.25555477
AT1G16930,-0.118712775
AT1G16940,-3.0226236e-05
AT1G16945,0.0
AT1G16950,0.010793551
AT1G16960,-0.1735529
AT1G16970,0.016981352
AT1G16980,0.00084616616
AT1G17000,0.0064859595
AT1G17010,0.00034038041
AT1G17020,1.4141587
AT1G17030,0.011134356
AT1G17040,-0.008522051
AT1G17050,-0.18224996
AT1G17060,-0.044069495
AT1G17065,-0.00036252764
AT1G17070,0.040073603
AT1G17080,0.3295545
AT1G17100,0.10827296
AT1G17110,-0.048209317
AT1G17120,0.040370118
AT1G17130,-0.009129424
AT1G17140,-0.44813547
AT1G17145,-0.12921162
AT1G17147,0.39166206
AT1G17150,-0.000116218274
AT1G17160,-0.0034078057
AT1G17170,1.399046
AT1G17180,0.049701635
AT1G17190,-0.032216925
AT1G17200,-0.21778159
AT1G17210,-0.009588231
AT1G17220,-0.28735802
AT1G17230,0.077707306
AT1G17235,0.015112718
AT1G17240,0.053535536
AT1G17250,0.056601338
AT1G17260,-0.08985605
AT1G17270,0.023523005
AT1G17280,0.070065245
AT1G17285,0.0067964196
AT1G17290,0.6425578
AT1G17300,0.026897445
AT1G17310,0.06286163
AT1G17330,0.09962681
AT1G17340,0.077656135
AT1G17345,-0.018011952
AT1G17350,-0.22599179
AT1G17360,-0.1239889
AT1G17370,0.03887015
AT1G17380,0.111494035
AT1G17400,-0.023464823
AT1G17410,0.010502696
AT1G17420,0.18566327
AT1G17430,0.09607257
AT1G17440,0.03625675
AT1G17450,0.115743205
AT1G17455,-0.021106783
AT1G17460,0.022241019
AT1G17470,-0.0030047682
AT1G17480,-0.17887269
AT1G17490,0.12950441
AT1G17500,0.34209886
AT1G17510,0.11746824
AT1G17520,0.03223243
AT1G17530,0.37969273
AT1G17540,0.0008725869
AT1G17545,0.00036115746
AT1G17550,0.1915703
AT1G17560,-0.14836358
AT1G17580,-0.0025181696
AT1G17590,-0.06716771
AT1G17600,0.31302968
AT1G17610,0.15371865
AT1G17620,-0.031208953
AT1G17630,-0.056589566
AT1G17640,0.014986358
AT1G17650,-0.48093295
AT1G17665,0.11666046
AT1G17680,0.10673893
AT1G17690,0.048277374
AT1G17700,-0.3071293
AT1G17710,-0.046003148
AT1G17720,0.1061821
AT1G17730,0.0064516477
AT1G17740,0.0
AT1G17745,0.8839578
AT1G17750,0.09968046
AT1G17760,-0.0039977916
AT1G17770,0.0
AT1G17780,0.15426494
AT1G17790,-0.06571909
AT1G17800,4.9531165e-05
AT1G17810,-0.00078571046
AT1G17820,0.025633555
AT1G17830,0.3248561
AT1G17840,-0.15710929
AT1G17850,-0.29458013
AT1G17860,0.8268276
AT1G17870,-0.073710024
AT1G17880,-0.004963943
AT1G17890,0.36243612
AT1G17910,0.00016676637
AT1G17920,-0.021776527
AT1G17930,0.0023465035
AT1G17940,0.043178383
AT1G17950,0.057571962
AT1G17960,0.043539595
AT1G17970,-0.08851818
AT1G17980,-0.032479513
AT1G17990,-0.10688391
AT1G18000,0.04804511
AT1G18010,-0.042859953
AT1G18020,0.09075324
AT1G18030,-0.08138287
AT1G18040,-0.15686265
AT1G18050,0.01966096
AT1G18070,0.04217385
AT1G18080,0.0852454
AT1G18090,-0.24145448
AT1G18100,-0.0015698588
AT1G18120,0.0
AT1G18130,0.00012576322
AT1G18140,0.027950669
AT1G18150,-0.048084017
AT1G18160,-0.0005930755
AT1G18170,-0.22706811
AT1G18180,0.02214817
AT1G18190,-0.008734601
AT1G18193,-0.0072121704
AT1G18197,0.037025463
AT1G18200,0.5058584
AT1G18210,0.43857822
AT1G18220,-0.0006534403
AT1G18250,-0.22085966
AT1G18260,0.117545724
AT1G18265,-0.12992825
AT1G18270,0.2184608
AT1G18280,0.041926056
AT1G18290,-0.0008621861
AT1G18300,0.14138453
AT1G18310,-0.044354558
AT1G18320,-0.019257702
AT1G18330,-0.31559083
AT1G18335,-0.04927344
AT1G18340,-0.054953538
AT1G18350,0.102130845
AT1G18360,-0.19695042
AT1G18370,-0.013763418
AT1G18390,0.66598374
AT1G18400,-0.24782209
AT1G18410,-0.0042819325
AT1G18420,0.080696724
AT1G18440,0.06620767
AT1G18450,0.02636487
AT1G18460,-0.22306904
AT1G18470,0.12530026
AT1G18480,0.31997404
AT1G18485,-0.20848611
AT1G18486,0.011375345
AT1G18490,-0.08099088
AT1G18500,0.022795105
AT1G18510,0.027360642
AT1G18520,0.002311061
AT1G18530,-0.0008555318
AT1G18540,0.02667626
AT1G18550,-0.04392852
AT1G18560,0.14144467
AT1G18570,0.26594156
AT1G18580,0.034483586
AT1G18590,-0.06287217
AT1G18600,0.13049272
AT1G18610,-0.115499824
AT1G18620,-0.5503762
AT1G18630,0.21160905
AT1G18640,-0.021635206
AT1G18650,-0.31971252
AT1G18660,-0.0015828755
AT1G18670,-0.03678733
AT1G18680,0.076808095
AT1G18690,0.06901584
AT1G18700,-0.017523594
AT1G18710,-0.18686956
AT1G18720,0.305508
AT1G18730,-0.51795805
AT1G18740,0.047643
AT1G18750,-0.22841403
AT1G18760,4.5221415e-05
AT1G18770,0.0
AT1G18773,-0.17567334
AT1G18780,-0.0002002512
AT1G18790,-0.00040587972
AT1G18800,0.017329518
AT1G18810,-0.3300417
AT1G18830,0.0037412415
AT1G18835,0.06367468
AT1G18840,-0.25563747
AT1G18850,0.14405493
AT1G18860,0.6799308
AT1G18870,-0.22612488
AT1G18871,0.00051362277
AT1G18880,-0.11407091
AT1G18890,0.24851342
AT1G18900,0.14706215
AT1G18910,-0.0021480117
AT1G18950,-0.0036155246
AT1G18960,-0.00069193746
AT1G18970,0.04412931
AT1G18975,0.0012524007
AT1G18980,0.23184244
AT1G18990,-0.056473807
AT1G19000,-0.17088078
AT1G19010,0.0177035
AT1G19020,1.1279701
AT1G19025,0.02706041
AT1G19040,-0.00681937
AT1G19050,-0.24372835
AT1G19060,-0.0009211256
AT1G19070,0.004286806
AT1G19080,-0.13780664
AT1G19086,0.0
AT1G19090,3.7249894e-05
AT1G19100,-0.02499597
AT1G19110,-0.19673643
AT1G19115,-0.005002294
AT1G19120,0.003162189
AT1G19130,0.2529237
AT1G19140,0.009258502
AT1G19150,-0.54885715
AT1G19160,0.022958348
AT1G19170,-0.035517104
AT1G19180,0.45894396
AT1G19190,0.053819217
AT1G19200,0.95736444
AT1G19210,0.03501186
AT1G19220,-0.20745125
AT1G19230,0.108156115
AT1G19240,0.15967353
AT1G19250,0.70746756
AT1G19260,-0.0017996506
AT1G19270,0.49182302
AT1G19290,0.000830222
AT1G19300,0.15933745
AT1G19310,0.26511356
AT1G19330,-0.5152384
AT1G19340,-0.43702424
AT1G19350,-0.25512084
AT1G19360,0.22042704
AT1G19370,0.10890715
AT1G19380,0.47532767
AT1G19390,0.00078562996
AT1G19394,-0.032551415
AT1G19397,-0.09520311
AT1G19400,-0.08457168
AT1G19410,0.0041798255
AT1G19430,-0.030113582
AT1G19440,0.1475973
AT1G19450,-0.14937279
AT1G19460,-0.0006028864
AT1G19470,-0.0034137391
AT1G19480,-0.042901535
AT1G19485,-0.008029161
AT1G19490,-0.08525224
AT1G19500,0.008104536
AT1G19510,-0.070509516
AT1G19520,-0.02106567
AT1G19525,0.0
AT1G19530,0.32206145
AT1G19540,0.1760591
AT1G19550,0.0047524287
AT1G19565,-0.009338748
AT1G19570,-0.009562712
AT1G19580,0.0263244
AT1G19600,0.0075414088
AT1G19610,0.7457473
AT1G19620,-0.11566052
AT1G19630,0.0008947267
AT1G19640,0.4995694
AT1G19650,-0.024910588
AT1G19660,-0.028287517
AT1G19670,0.20704266
AT1G19680,0.016418997
AT1G19690,0.016582387
AT1G19700,-0.059344564
AT1G19710,-0.23116039
AT1G19715,-0.3694686
AT1G19720,-0.36567518
AT1G19730,0.12538603
AT1G19740,-0.027108673
AT1G19750,-0.004358081
AT1G19770,-0.010136845
AT1G19780,0.0032859545
AT1G19790,0.02524899
AT1G19800,0.1248108
AT1G19830,-0.011182358
AT1G19835,-0.3476122
AT1G19840,-0.047372207
AT1G19850,0.39948612
AT1G19860,0.013466304
AT1G19870,-0.06183025
AT1G19880,0.06234147
AT1G19890,0.00029552635
AT1G19900,-0.016618133
AT1G19910,0.30534482
AT1G19920,-0.13745032
AT1G19930,3.1384563e-05
AT1G19940,-0.29946917
AT1G19950,-0.2953522
AT1G19960,0.36426157
AT1G19970,0.19651832
AT1G19980,0.020115364
AT1G19990,-0.094895005
AT1G20000,0.0003655636
AT1G20010,-0.32590014
AT1G20020,-0.29408187
AT1G20030,0.11080186
AT1G20050,0.2326933
AT1G20060,-0.049638994
AT1G20065,-0.028778667
AT1G20070,0.6370972
AT1G20080,-0.009362588
AT1G20090,-0.32514417
AT1G20100,0.2664418
AT1G20110,0.15275446
AT1G20120,0.09879799
AT1G20130,-0.010846675
AT1G20132,7.174135e-05
AT1G20135,0.0
AT1G20140,0.14724064
AT1G20150,0.013941057
AT1G20160,0.012640159
AT1G20180,0.37530503
AT1G20190,-0.6329715
AT1G20200,0.19960827
AT1G20220,0.0004552789
AT1G20230,-0.06420938
AT1G20240,7.899909e-05
AT1G20260,0.023986856
AT1G20270,-0.0030510111
AT1G20280,8.545684e-05
AT1G20290,0.014238499
AT1G20300,0.034172416
AT1G20310,0.5083669
AT1G20320,0.001156552
AT1G20330,-0.058199376
AT1G20340,-0.22681125
AT1G20350,0.25014225
AT1G20360,0.00021940842
AT1G20380,-0.1354004
AT1G20400,0.0010439836
AT1G20405,-0.00035447653
AT1G20410,0.12638454
AT1G20440,0.11815723
AT1G20450,-0.07962809
AT1G20470,-0.14023952
AT1G20480,-0.09420533
AT1G20490,0.025544971
AT1G20500,0.0048509412
AT1G20510,-0.5851694
AT1G20520,0.067622684
AT1G20530,0.006109954
AT1G20540,-0.19185126
AT1G20550,-0.11702112
AT1G20560,0.03941625
AT1G20570,-0.16936466
AT1G20575,0.16956674
AT1G20580,0.15231772
AT1G20590,0.009263283
AT1G20600,-0.0073676165
AT1G20610,-0.0684089
AT1G20620,0.13812965
AT1G20630,0.594966
AT1G20640,-0.053920776
AT1G20650,-0.19169407
AT1G20657,0.0
AT1G20670,-0.021143233
AT1G20680,-0.015975283
AT1G20683,0.0
AT1G20687,0.0
AT1G20693,0.037567787
AT1G20696,0.14368851
AT1G20700,0.008673795
AT1G20710,4.7184138e-05
AT1G20720,-0.14478156
AT1G20730,-0.011454106
AT1G20735,-0.00068726006
AT1G20740,0.111908935
AT1G20750,-0.007602688
AT1G20760,0.07557134
AT1G20770,0.20393279
AT1G20780,0.38480216
AT1G20790,0.0008562456
AT1G20795,0.003166912
AT1G20800,0.0
AT1G20803,0.00032743247
AT1G20810,-0.26384547
AT1G20816,-0.18400331
AT1G20823,-0.14951916
AT1G20830,-0.06639595
AT1G20840,0.20239316
AT1G20850,-0.01101655
AT1G20860,0.025732081
AT1G20870,-0.004650776
AT1G20875,-8.6793785e-05
AT1G20880,0.12615095
AT1G20890,0.12630647
AT1G20900,0.17214786
AT1G20910,0.032923736
AT1G20920,-0.0038109217
AT1G20923,-0.0017794258
AT1G20925,-0.005546654
AT1G20930,0.025092218
AT1G20940,0.00016676637
AT1G20950,-0.060594458
AT1G20960,0.024969291
AT1G20970,0.090863675
AT1G20980,0.15601616
AT1G20990,-0.009756539
AT1G21000,0.10064295
AT1G21010,0.24097832
AT1G21050,-0.019751467
AT1G21060,-0.14445932
AT1G21065,-0.063039415
AT1G21070,-0.13576244
AT1G21080,0.1253384
AT1G21090,-0.34120816
AT1G21100,0.13915297
AT1G21110,-0.93090844
AT1G21120,0.07486506
AT1G21130,0.057301845
AT1G21140,-0.17338125
AT1G21150,-0.19721131
AT1G21160,-0.051987737
AT1G21170,0.16765317
AT1G21190,0.21019918
AT1G21200,0.184037
AT1G21210,0.03469282
AT1G21230,0.0058747306
AT1G21240,1.1574106
AT1G21245,0.0021170513
AT1G21250,0.9130008
AT1G21270,0.24989504
AT1G21280,0.01808429
AT1G21310,1.1719445
AT1G21313,0.19630131
AT1G21320,0.14051594
AT1G21323,0.0
AT1G21326,-0.0051547503
AT1G21340,-0.00037849654
AT1G21360,-0.022699228
AT1G21370,0.30040273
AT1G21380,0.32843012
AT1G21390,0.27106625
AT1G21395,0.004186461
AT1G21400,0.46060836
AT1G21410,0.18529998
AT1G21430,0.0004756513
AT1G21440,-0.28478512
AT1G21450,0.10777835
AT1G21460,-0.047248516
AT1G21470,-0.0074924408
AT1G21475,0.00011722652
AT1G21480,-0.043982614
AT1G21500,-0.35290158
AT1G21510,-0.0019886931
AT1G21520,0.86463
AT1G21528,0.09408155
AT1G21530,-0.0028000982
AT1G21540,-0.057269823
AT1G21550,0.5632598
AT1G21560,-0.30677968
AT1G21570,0.0
AT1G21580,0.06793559
AT1G21590,0.0073609175
AT1G21600,0.0016647177
AT1G21610,0.016384315
AT1G21620,0.0026649851
AT1G21630,0.002074758
AT1G21640,-0.026135407
AT1G21650,-0.10834643
AT1G21660,-0.00971017
AT1G21670,0.28880256
AT1G21680,0.17318541
AT1G21690,0.035561603
AT1G21695,0.114390045
AT1G21700,0.01352541
AT1G21710,0.043592572
AT1G21720,0.14559205
AT1G21722,0.026309052
AT1G21730,-0.0809492
AT1G21738,-0.0023975288
AT1G21740,0.24594156
AT1G21750,0.41998532
AT1G21760,0.14103237
AT1G21770,0.23803951
AT1G21780,0.02269816
AT1G21790,0.06627086
AT1G21810,-0.07283044
AT1G21820,0.0
AT1G21835,-6.684207e-05
AT1G21840,-0.08840947
AT1G21850,0.023999196
AT1G21860,0.000163167
AT1G21864,4.823583e-07
AT1G21866,2.9069379e-05
AT1G21870,0.0008205791
AT1G21880,-0.24652112
AT1G21890,0.0148238605
AT1G21900,0.32559684
AT1G21910,-0.24311544
AT1G21920,-0.027558584
AT1G21925,0.0
AT1G21928,0.0
AT1G21930,0.021752555
AT1G21940,0.007774178
AT1G21950,0.0049040206
AT1G21960,0.0
AT1G21970,0.00831255
AT1G21980,0.08464884
AT1G21990,0.00075791666
AT1G22000,0.0012377826
AT1G22010,0.0
AT1G22015,-0.00058050716
AT1G22020,-0.78779
AT1G22030,-0.0974485
AT1G22040,0.069904804
AT1G22050,-0.13522951
AT1G22060,-0.15252942
AT1G22065,0.0005049128
AT1G22070,0.3736991
AT1G22080,-0.0007850143
AT1G22090,0.0022218728
AT1G22100,-1.5355128e-05
AT1G22110,0.068536535
AT1G22120,-0.00321035
AT1G22130,-0.08076886
AT1G22140,-0.024827773
AT1G22150,0.052570734
AT1G22160,-0.57770056
AT1G22170,-0.12892877
AT1G22180,0.59441733
AT1G22190,0.015777927
AT1G22200,0.21654305
AT1G22210,0.005699412
AT1G22220,-0.0071201674
AT1G22230,-0.061005067
AT1G22240,0.018244762
AT1G22250,-0.26807705
AT1G22260,-0.07228884
AT1G22270,0.20674326
AT1G22275,0.17039227
AT1G22280,0.36169055
AT1G22290,0.003306652
AT1G22300,0.097049825
AT1G22310,-0.095131114
AT1G22330,-0.12595688
AT1G22340,0.13028765
AT1G22360,0.39997336
AT1G22370,-0.10317682
AT1G22380,0.9264664
AT1G22400,0.3293865
AT1G22410,0.99021333
AT1G22420,0.016261276
AT1G22430,-0.49628082
AT1G22440,0.07612458
AT1G22450,0.08063766
AT1G22460,-0.00476574
AT1G22470,0.015327072
AT1G22480,0.21530248
AT1G22490,-0.019358803
AT1G22500,0.031027224
AT1G22510,0.037026398
AT1G22520,0.01704583
AT1G22530,-0.17015545
AT1G22540,0.057098165
AT1G22550,-0.14777288
AT1G22570,0.15284745
AT1G22590,-0.41229814
AT1G22600,0.001270731
AT1G22610,0.121517226
AT1G22620,0.06307475
AT1G22630,-0.2926069
AT1G22640,-0.03694175
AT1G22650,-0.21273853
AT1G22660,0.012209758
AT1G22670,-0.011225014
AT1G22680,0.0077221477
AT1G22690,-0.35643697
AT1G22700,-0.15741003
AT1G22710,0.0029693781
AT1G22720,0.00074492977
AT1G22730,0.08173553
AT1G22740,-0.46924675
AT1G22750,0.06421104
AT1G22760,-0.009518688
AT1G22770,-0.014618813
AT1G22780,0.029784553
AT1G22790,-0.021269798
AT1G22800,-0.0039122077
AT1G22810,0.7050927
AT1G22830,-0.15298113
AT1G22840,0.66353166
AT1G22850,-0.18481958
AT1G22860,0.014012853
AT1G22870,0.11112239
AT1G22880,0.008413663
AT1G22882,0.06497792
AT1G22885,-0.031355657
AT1G22890,0.43192744
AT1G22900,0.52846265
AT1G22910,-0.037732244
AT1G22920,0.19279166
AT1G22930,0.02981024
AT1G22940,-0.0017577019
AT1G22950,0.06385459
AT1G22960,0.022422118
AT1G22970,0.028584475
AT1G22980,0.023144703
AT1G22985,0.18681036
AT1G22990,0.071806125
AT1G23000,-0.120867506
AT1G23010,0.052515287
AT1G23020,0.09132288
AT1G23030,-0.040340282
AT1G23037,3.0822477e-05
AT1G23040,0.33236286
AT1G23050,-0.1306161
AT1G23060,-0.11219851
AT1G23070,0.019557118
AT1G23080,-0.20623052
AT1G23090,0.013448633
AT1G23100,0.14453048
AT1G23110,0.048831355
AT1G23120,0.8756771
AT1G23130,-0.0033022137
AT1G23140,0.18922208
AT1G23145,4.5221415e-05
AT1G23147,3.4045785e-05
AT1G23150,0.44580093
AT1G23160,0.0055361367
AT1G23170,-0.014238858
AT1G23180,-0.06767132
AT1G23190,0.3168417
AT1G23200,-0.40214437
AT1G23201,0.02867492
AT1G23210,-0.03230978
AT1G23220,0.047313668
AT1G23230,0.103479154
AT1G23240,-0.0010913098
AT1G23250,0.00032577466
AT1G23260,-0.025078837
AT1G23270,0.00031917545
AT1G23280,-0.034058623
AT1G23290,0.07669267
AT1G23300,0.027857145
AT1G23310,-0.31120205
AT1G23320,0.0024050954
AT1G23330,0.016587367
AT1G23340,-0.28677997
AT1G23360,-0.025896087
AT1G23380,0.17063268
AT1G23390,-0.06585919
AT1G23400,-0.03726179
AT1G23410,0.0040618074
AT1G23420,0.0
AT1G23430,0.0
AT1G23450,0.18521528
AT1G23460,0.12584299
AT1G23465,-0.043458123
AT1G23480,-0.43676978
AT1G23490,0.123929165
AT1G23500,0.009639913
AT1G23510,0.039685473
AT1G23520,0.01262334
AT1G23530,-0.12880722
AT1G23540,0.016023155
AT1G23550,0.73806643
AT1G23560,0.69941056
AT1G23570,0.0017114407
AT1G23580,0.007298963
AT1G23590,0.0003921973
AT1G23600,0.024088461
AT1G23610,0.000535736
AT1G23630,0.0
AT1G23645,0.001402967
AT1G23650,0.0
AT1G23660,0.00035727108
AT1G23670,0.0
AT1G23680,-0.00085380155
AT1G23690,0.0
AT1G23700,0.0027879938
AT1G23710,0.5915597
AT1G23720,0.018818874
AT1G23730,0.2873024
AT1G23740,-0.15470694
AT1G23750,-0.14965814
AT1G23760,-0.030773703
AT1G23770,0.0034213464
AT1G23780,0.25896132
AT1G23790,-0.09181945
AT1G23800,1.2827411
AT1G23810,0.004352363
AT1G23820,0.035090256
AT1G23830,0.12091619
AT1G23840,0.44105196
AT1G23850,0.33752972
AT1G23860,0.13093673
AT1G23870,0.10356466
AT1G23880,-0.082173154
AT1G23890,-0.08423833
AT1G23900,0.2267277
AT1G23910,0.00077724707
AT1G23915,0.05027568
AT1G23935,-0.29911667
AT1G23950,0.031774443
AT1G23960,0.11878732
AT1G23965,-0.112438
AT1G23970,-0.29096174
AT1G23980,-0.11170232
AT1G23985,0.004142618
AT1G23995,0.007667533
AT1G24000,0.0019633134
AT1G24010,-0.0027517586
AT1G24020,0.02664502
AT1G24030,-0.07074559
AT1G24040,-0.10352555
AT1G24050,0.17613238
AT1G24060,4.3227985e-05
AT1G24062,4.3227985e-05
AT1G24070,-0.8030177
AT1G24090,0.009850836
AT1G24095,0.12870552
AT1G24100,-0.12687415
AT1G24110,0.00056623376
AT1G24120,-0.036331605
AT1G24130,-0.0011534877
AT1G24140,0.431495
AT1G24145,0.2998258
AT1G24147,0.7201594
AT1G24148,-0.046084173
AT1G24150,0.52038753
AT1G24159,0.00028291976
AT1G24160,-0.09919622
AT1G24170,-0.1576378
AT1G24180,0.27674899
AT1G24190,-0.0072248615
AT1G24200,0.0
AT1G24210,0.03553255
AT1G24220,-0.0018512552
AT1G24230,0.0047352854
AT1G24240,0.012998644
AT1G24250,-0.0011200685
AT1G24256,0.0
AT1G24260,0.020114765
AT1G24265,-0.2069341
AT1G24267,0.1371245
AT1G24270,0.02197804
AT1G24280,0.047883824
AT1G24290,-0.03699263
AT1G24300,0.015654115
AT1G24310,-0.010608149
AT1G24320,-0.05802746
AT1G24330,-0.020369135
AT1G24340,-0.03334518
AT1G24350,0.13130367
AT1G24360,0.10205022
AT1G24380,0.0031503728
AT1G24388,-5.603436e-05
AT1G24390,0.0004602856
AT1G24400,-0.0017793663
AT1G24405,-0.019499915
AT1G24420,0.0013739117
AT1G24430,0.038769707
AT1G24440,0.06971961
AT1G24450,-0.103800274
AT1G24460,0.013819767
AT1G24470,0.13679089
AT1G24475,0.00046840843
AT1G24480,0.03362157
AT1G24485,0.00051755994
AT1G24490,0.10321756
AT1G24510,0.009703115
AT1G24520,0.06237745
AT1G24530,-0.07541542
AT1G24540,-0.0017009057
AT1G24545,8.163679e-05
AT1G24560,-0.025378827
AT1G24570,0.018488327
AT1G24575,0.34744352
AT1G24577,-0.13812399
AT1G24580,-0.14151126
AT1G24590,-0.0013236343
AT1G24600,0.07002188
AT1G24610,-0.021473318
AT1G24620,-0.0030208642
AT1G24625,0.100855604
AT1G24650,0.015830463
AT1G24660,0.0
AT1G24706,0.013262099
AT1G24735,0.02029525
AT1G24764,-0.18086322
AT1G24793,0.0059105717
AT1G24800,0.32884997
AT1G24807,0.003101787
AT1G24822,-0.001173601
AT1G24851,0.081295416
AT1G24880,-0.12536578
AT1G24881,0.28217095
AT1G24909,0.0
AT1G24996,0.017917138
AT1G25025,0.00036216067
AT1G25054,-0.13948232
AT1G25055,0.09589396
AT1G25145,-0.38288185
AT1G25150,0.5083931
AT1G25210,0.0047537126
AT1G25211,0.304291
AT1G25220,1.089873
AT1G25230,-0.117841125
AT1G25240,0.0038360716
AT1G25250,-0.26218155
AT1G25260,0.005078673
AT1G25270,7.246026e-05
AT1G25275,0.18754366
AT1G25277,0.021496348
AT1G25280,0.11106721
AT1G25290,-0.23010163
AT1G25300,6.299685e-05
AT1G25310,0.0015898781
AT1G25320,-0.0505918
AT1G25330,0.00033389012
AT1G25340,0.00035937421
AT1G25350,-0.012794175
AT1G25360,0.0066611543
AT1G25370,0.26504752
AT1G25375,-0.0048865024
AT1G25380,0.085573785
AT1G25390,0.23194374
AT1G25400,0.5362734
AT1G25410,0.00019081017
AT1G25420,-0.017842678
AT1G25422,0.04393902
AT1G25425,-0.06972858
AT1G25440,-0.29673854
AT1G25450,-0.07827322
AT1G25460,0.09446886
AT1G25470,-0.08204046
AT1G25480,-0.05433191
AT1G25490,0.0910676
AT1G25500,0.27531585
AT1G25510,-0.041477792
AT1G25520,0.1331902
AT1G25530,0.12497653
AT1G25540,0.21000673
AT1G25550,0.20309122
AT1G25560,0.21611282
AT1G25570,-0.13358116
AT1G25580,0.17558429
AT1G25682,0.2985893
AT1G25988,2.2971662e-05
AT1G26090,-0.010522878
AT1G26100,-0.07217568
AT1G26110,0.08497125
AT1G26120,0.024785025
AT1G26130,0.19163993
AT1G26140,-0.0005253997
AT1G26150,-0.47507757
AT1G26160,-0.04392474
AT1G26170,-0.016811477
AT1G26180,-0.09165873
AT1G26190,-0.08777744
AT1G26200,0.11791676
AT1G26210,-0.1842168
AT1G26220,-0.3127136
AT1G26225,-0.01642673
AT1G26230,-0.063743435
AT1G26240,0.17067137
AT1G26250,0.1206429
AT1G26255,0.006783162
AT1G26260,-0.19596282
AT1G26270,0.16466565
AT1G26290,0.0545297
AT1G26300,0.1456411
AT1G26310,-0.0014144588
AT1G26320,0.0147879375
AT1G26330,0.0026972154
AT1G26340,0.1373739
AT1G26350,0.01776922
AT1G26355,0.001798736
AT1G26360,0.00854885
AT1G26370,-0.012262877
AT1G26380,1.7818699
AT1G26390,3.0190976
AT1G26400,0.6830753
AT1G26410,0.9929406
AT1G26420,1.3751644
AT1G26440,0.16638155
AT1G26450,-0.07140063
AT1G26460,0.010251246
AT1G26470,0.35547274
AT1G26480,0.0020533167
AT1G26500,-0.06468564
AT1G26510,-0.0011789313
AT1G26515,-0.0010435365
AT1G26520,-0.19166744
AT1G26530,-0.038322516
AT1G26540,-0.09818245
AT1G26550,0.033181995
AT1G26560,-0.22579592
AT1G26570,-0.4261429
AT1G26580,-0.043632165
AT1G26590,-0.0015074088
AT1G26600,-0.10755095
AT1G26610,-0.07322372
AT1G26620,0.046294294
AT1G26630,0.07455136
AT1G26640,-0.09665831
AT1G26650,-0.20327708
AT1G26660,0.21129848
AT1G26665,0.2308161
AT1G26670,0.020102859
AT1G26680,0.0106188115
AT1G26690,0.4327775
AT1G26700,-0.00034762753
AT1G26710,5.2662843e-05
AT1G26720,0.0009901176
AT1G26730,0.093200795
AT1G26740,0.118185885
AT1G26750,0.054917444
AT1G26761,-0.48088375
AT1G26762,0.016943306
AT1G26770,0.4266241
AT1G26773,0.0
AT1G26780,0.0011562775
AT1G26790,-0.06562931
AT1G26795,0.0
AT1G26796,0.0
AT1G26797,0.0
AT1G26798,0.0
AT1G26799,0.0
AT1G26800,0.17473699
AT1G26810,-0.2529388
AT1G26815,0.0011902848
AT1G26820,0.12359225
AT1G26830,0.09949857
AT1G26840,-0.062451176
AT1G26850,0.0040120166
AT1G26870,0.0015413085
AT1G26880,0.0024039962
AT1G26890,-0.00932719
AT1G26900,0.03945877
AT1G26910,-0.014073861
AT1G26920,0.016325451
AT1G26921,0.0016735615
AT1G26930,1.0776969
AT1G26940,-0.057668254
AT1G26945,-0.3563113
AT1G26960,-0.19228086
AT1G26970,0.29055527
AT1G26976,0.0085770385
AT1G27000,0.29896605
AT1G27008,0.0006839991
AT1G27020,-0.25854456
AT1G27030,-0.3440176
AT1G27040,0.006413766
AT1G27045,-0.2997731
AT1G27050,-0.05574038
AT1G27060,-0.052455768
AT1G27070,-0.016835732
AT1G27080,0.0048269266
AT1G27090,-0.014954157
AT1G27100,0.202975
AT1G27110,0.11034375
AT1G27120,-0.377644
AT1G27130,-0.15076415
AT1G27135,6.211591e-05
AT1G27140,0.009277441
AT1G27150,-0.01930232
AT1G27160,-0.0045416444
AT1G27170,0.11844267
AT1G27180,0.049348705
AT1G27190,-0.2758215
AT1G27200,-0.015050925
AT1G27210,-0.4170056
AT1G27220,0.0
AT1G27240,-0.0014127023
AT1G27250,0.0
AT1G27260,0.0
AT1G27270,0.00014853138
AT1G27280,0.0005502576
AT1G27290,-0.06458298
AT1G27300,0.41773328
AT1G27310,0.105727434
AT1G27320,0.058800407
AT1G27340,-0.029375277
AT1G27350,0.32901433
AT1G27360,-0.0019532088
AT1G27370,-0.09869138
AT1G27380,-0.032008577
AT1G27385,0.04600188
AT1G27390,0.039992448
AT1G27400,-0.011470889
AT1G27420,-0.14580192
AT1G27430,0.08646822
AT1G27435,0.038137015
AT1G27440,-0.012067804
AT1G27450,0.17441265
AT1G27460,-0.24902724
AT1G27461,0.0022961695
AT1G27470,0.106130786
AT1G27480,-0.8103911
AT1G27490,6.0894945e-05
AT1G27500,0.01667932
AT1G27510,-0.01958745
AT1G27520,-0.09026579
AT1G27530,0.13938574
AT1G27535,0.0
AT1G27540,0.017553726
AT1G27550,0.0
AT1G27555,0.0
AT1G27565,-0.0114133265
AT1G27570,1.1313916e-11
AT1G27580,-0.09422076
AT1G27595,-0.085881166
AT1G27600,0.014221449
AT1G27610,0.005580664
AT1G27620,0.014055822
AT1G27630,0.08796661
AT1G27640,0.00861399
AT1G27650,0.013865421
AT1G27660,-0.353091
AT1G27670,-0.025228735
AT1G27680,-0.02373856
AT1G27690,0.0072499453
AT1G27695,0.1360064
AT1G27700,0.0011242707
AT1G27710,-0.009417701
AT1G27720,0.25681654
AT1G27730,0.79982764
AT1G27740,0.009274496
AT1G27750,-0.0007830453
AT1G27760,0.63625735
AT1G27770,0.18314222
AT1G27820,-0.007739068
AT1G27840,-0.00424877
AT1G27850,-0.09092655
AT1G27860,0.0016793675
AT1G27870,0.00027666418
AT1G27880,0.01632036
AT1G27890,0.018433126
AT1G27900,-0.045804773
AT1G27910,0.044094846
AT1G27920,-0.07805087
AT1G27930,0.2446376
AT1G27940,0.028194591
AT1G27950,-0.13335177
AT1G27960,-0.11880242
AT1G27970,0.3642529
AT1G27980,0.39008605
AT1G27990,-0.0060190414
AT1G28000,0.0010637788
AT1G28005,-0.0009254948
AT1G28010,0.059948288
AT1G28020,0.0
AT1G28030,0.0076145045
AT1G28040,0.07405146
AT1G28050,0.06420774
AT1G28060,0.043682177
AT1G28070,-0.019905532
AT1G28080,-0.0035775965
AT1G28090,0.02403731
AT1G28100,-0.03259287
AT1G28110,-0.058296584
AT1G28120,0.06271895
AT1G28130,0.6645612
AT1G28135,-0.011903117
AT1G28140,0.03261338
AT1G28150,0.082392596
AT1G28160,-0.00040841108
AT1G28170,0.003939857
AT1G28180,0.2295253
AT1G28190,0.93121445
AT1G28200,0.09746087
AT1G28210,0.21020752
AT1G28220,-0.0005989969
AT1G28230,0.053164486
AT1G28240,-0.35329166
AT1G28260,0.20377037
AT1G28265,0.0013574184
AT1G28270,0.0010715201
AT1G28280,0.03547246
AT1G28290,-0.67371786
AT1G28300,-0.0068358886
AT1G28305,0.0
AT1G28306,0.0
AT1G28310,-0.3165915
AT1G28320,0.059875194
AT1G28330,0.19628397
AT1G28335,-0.0005317689
AT1G28340,-0.0016823206
AT1G28350,0.011604189
AT1G28360,0.22538033
AT1G28370,0.7462542
AT1G28375,0.0140424585
AT1G28380,0.31757492
AT1G28390,0.47243816
AT1G28395,0.22771066
AT1G28400,-0.13382603
AT1G28410,-0.07074581
AT1G28420,0.014304997
AT1G28430,-0.0008000556
AT1G28440,-0.09851831
AT1G28450,-0.00067067123
AT1G28460,0.00030803346
AT1G28470,-0.0045989244
AT1G28480,0.15298475
AT1G28490,0.018961234
AT1G28500,0.0027026075
AT1G28510,0.09719395
AT1G28520,0.27135733
AT1G28530,-0.0365728
AT1G28540,0.050545685
AT1G28550,0.010018954
AT1G28560,-0.1857762
AT1G28570,-0.03631818
AT1G28580,1.0528954
AT1G28590,0.04093342
AT1G28600,0.34973934
AT1G28610,0.048006922
AT1G28630,0.0013822849
AT1G28640,-0.00010839851
AT1G28650,0.22788425
AT1G28660,0.1600269
AT1G28670,-0.270557
AT1G28680,0.44502807
AT1G28690,-0.06747696
AT1G28695,-0.004036667
AT1G28700,0.00010135371
AT1G28710,-0.037471324
AT1G28765,-0.0031593475
AT1G28815,0.006460088
AT1G28960,0.0775629
AT1G29000,0.07625828
AT1G29005,0.0
AT1G29010,-5.0281487e-05
AT1G29020,0.0045454954
AT1G29025,0.00074790156
AT1G29030,0.05155454
AT1G29040,0.22628021
AT1G29041,-0.014398081
AT1G29050,-0.16490604
AT1G29060,0.3242516
AT1G29070,-0.105591446
AT1G29080,0.0
AT1G29090,0.15082695
AT1G29100,0.07761721
AT1G29110,-0.0063618426
AT1G29120,-0.012415623
AT1G29140,-0.010023412
AT1G29150,0.20543303
AT1G29160,-0.00583583
AT1G29170,-0.36627197
AT1G29179,-0.00093863986
AT1G29180,-0.0018068245
AT1G29195,0.15598969
AT1G29200,0.03613283
AT1G29220,-0.077540815
AT1G29230,0.93460363
AT1G29240,0.26310968
AT1G29250,-0.0014939972
AT1G29260,0.027316406
AT1G29270,0.019375708
AT1G29280,0.06634108
AT1G29290,0.4382549
AT1G29300,0.6560115
AT1G29310,0.3738722
AT1G29320,0.12621513
AT1G29330,0.3811742
AT1G29340,0.070926934
AT1G29350,0.02730859
AT1G29355,0.01618751
AT1G29370,0.036014635
AT1G29380,-0.066661134
AT1G29390,-0.13923149
AT1G29395,-0.12615487
AT1G29400,0.07697355
AT1G29410,-0.03399534
AT1G29418,-0.07410074
AT1G29420,-0.27107424
AT1G29430,-0.6347746
AT1G29435,0.0019602047
AT1G29440,-0.42376044
AT1G29450,-0.39686206
AT1G29460,-0.259801
AT1G29465,-0.16327241
AT1G29470,-0.08092662
AT1G29480,0.0
AT1G29490,-0.009460522
AT1G29500,-0.22379175
AT1G29510,-0.3874293
AT1G29520,-0.07199041
AT1G29530,-0.5351363
AT1G29535,-0.0022702098
AT1G29540,0.02788481
AT1G29550,-0.21061958
AT1G29560,-0.15656447
AT1G29570,0.00014944091
AT1G29580,0.0
AT1G29590,-0.13558361
AT1G29600,-0.5409116
AT1G29620,5.7554324e-05
AT1G29630,0.11557658
AT1G29640,1.267592
AT1G29660,-0.65005374
AT1G29670,-0.3194924
AT1G29680,0.015851082
AT1G29690,0.41380164
AT1G29700,-0.2985359
AT1G29710,-0.008193318
AT1G29720,-0.26789662
AT1G29730,-0.098630704
AT1G29740,-0.00765283
AT1G29750,0.09404681
AT1G29760,0.3282506
AT1G29770,-0.011856027
AT1G29775,-0.009868326
AT1G29780,-0.0017880569
AT1G29790,-0.10529588
AT1G29800,0.20878832
AT1G29810,-0.01866541
AT1G29820,-0.37815747
AT1G29830,0.010368298
AT1G29840,-0.28231564
AT1G29850,0.097240396
AT1G29860,0.18512034
AT1G29870,0.0020487986
AT1G29880,-0.05444653
AT1G29890,-0.018893994
AT1G29900,0.022772351
AT1G29910,-1.2926998
AT1G29920,-0.9887323
AT1G29930,-0.10873393
AT1G29940,0.038639393
AT1G29950,-0.007844712
AT1G29960,-0.05503318
AT1G29962,-0.00015914429
AT1G29965,0.0788451
AT1G29970,0.13792637
AT1G29980,-0.31385988
AT1G29990,0.008080767
AT1G30000,0.21975328
AT1G30010,-0.06984786
AT1G30020,0.0030887348
AT1G30040,1.1265173
AT1G30050,0.007839096
AT1G30060,0.0037143442
AT1G30070,0.16111566
AT1G30080,-0.0061120056
AT1G30090,0.054444548
AT1G30100,0.1719402
AT1G30110,-0.13386264
AT1G30120,-0.009705067
AT1G30130,0.069121286
AT1G30135,0.45290002
AT1G30140,-0.0036312498
AT1G30160,-0.01824721
AT1G30170,-0.018988214
AT1G30190,-0.079224825
AT1G30200,0.027789352
AT1G30210,-0.08153084
AT1G30220,0.51109576
AT1G30230,-0.010711248
AT1G30240,0.093008034
AT1G30250,0.09276163
AT1G30260,-0.0036717728
AT1G30270,0.31725156
AT1G30280,-0.10839206
AT1G30290,-0.008646553
AT1G30300,0.28967807
AT1G30320,0.1303871
AT1G30330,-0.11660303
AT1G30350,-6.662054e-05
AT1G30360,-0.24271365
AT1G30370,0.94851774
AT1G30380,-0.6973063
AT1G30400,0.2533886
AT1G30410,0.13531177
AT1G30420,0.013302527
AT1G30440,-0.03367625
AT1G30450,0.19332078
AT1G30455,-0.011382146
AT1G30460,0.07770428
AT1G30470,0.098441385
AT1G30473,-0.0041058627
AT1G30475,0.17878547
AT1G30480,0.16405264
AT1G30490,0.07584924
AT1G30500,0.39309385
AT1G30510,0.059936494
AT1G30515,0.0068817916
AT1G30520,-0.51282704
AT1G30530,-0.6223265
AT1G30540,0.19969305
AT1G30545,0.0392213
AT1G30550,0.006503942
AT1G30560,0.009550289
AT1G30570,-0.17262435
AT1G30580,0.14682929
AT1G30590,-0.10432474
AT1G30600,-0.16166754
AT1G30610,-0.06704797
AT1G30620,0.9117318
AT1G30630,0.25942
AT1G30640,0.2768679
AT1G30650,0.049239144
AT1G30660,-0.012948666
AT1G30670,0.00037541083
AT1G30680,0.011202703
AT1G30690,-0.04712799
AT1G30700,2.395327
AT1G30710,0.006308061
AT1G30720,0.28082168
AT1G30730,0.82212627
AT1G30740,0.5261607
AT1G30750,0.00426833
AT1G30755,0.45961547
AT1G30757,0.26175624
AT1G30760,-0.03806358
AT1G30780,0.029419646
AT1G30790,0.0
AT1G30795,-0.00064137834
AT1G30800,0.005762196
AT1G30810,0.10790389
AT1G30814,0.12685317
AT1G30820,0.07224924
AT1G30825,-0.06956915
AT1G30840,-0.04460814
AT1G30845,-0.09427504
AT1G30850,0.16140456
AT1G30860,-0.028404877
AT1G30870,0.019915624
AT1G30880,0.0047392775
AT1G30890,0.18677089
AT1G30900,0.47943178
AT1G30910,-0.021518448
AT1G30920,0.0032685471
AT1G30925,0.0
AT1G30930,-0.00010451244
AT1G30935,0.0
AT1G30945,0.0
AT1G30950,0.009648526
AT1G30960,0.06534334
AT1G30970,0.05594625
AT1G30972,0.004797439
AT1G30974,0.0
AT1G30990,0.2975265
AT1G31000,0.00015398372
AT1G31010,0.26790825
AT1G31020,0.011104332
AT1G31040,-0.012750539
AT1G31050,-0.05733419
AT1G31060,0.0
AT1G31070,-0.07299564
AT1G31072,0.0
AT1G31080,0.001400683
AT1G31090,0.0
AT1G31095,0.0
AT1G31120,0.3049929
AT1G31130,0.06570727
AT1G31140,0.0016829516
AT1G31150,-0.23046473
AT1G31160,-0.11604515
AT1G31163,0.00038583035
AT1G31170,0.006421391
AT1G31175,-0.06438315
AT1G31180,-0.0392152
AT1G31190,-0.1767437
AT1G31200,0.0029486872
AT1G31220,0.16882762
AT1G31230,-0.16694553
AT1G31240,0.078791164
AT1G31243,-0.0101046935
AT1G31250,0.0027728803
AT1G31255,0.0
AT1G31260,0.00011869455
AT1G31270,-0.0013759739
AT1G31280,0.09798612
AT1G31290,-0.104067385
AT1G31300,-0.07214717
AT1G31310,0.04436792
AT1G31320,-0.077087134
AT1G31330,-0.18896337
AT1G31335,-0.07922271
AT1G31340,-0.04980138
AT1G31350,0.034090396
AT1G31360,-0.049820095
AT1G31370,0.000278413
AT1G31380,0.0011619994
AT1G31390,6.2076964e-05
AT1G31400,0.0052767205
AT1G31410,-0.10841054
AT1G31420,-0.18013427
AT1G31430,-0.008793011
AT1G31440,-0.009841379
AT1G31450,7.341997e-05
AT1G31460,-0.014410199
AT1G31470,0.13724288
AT1G31480,0.030656036
AT1G31490,-0.12867877
AT1G31500,0.04215708
AT1G31510,0.0
AT1G31520,0.0
AT1G31530,6.4994834e-05
AT1G31540,0.2615454
AT1G31550,-0.011636883
AT1G31555,0.00073947076
AT1G31580,0.32135895
AT1G31600,0.06846058
AT1G31620,0.0
AT1G31630,-0.0005518182
AT1G31640,0.00018536732
AT1G31650,-0.12658425
AT1G31660,0.07830691
AT1G31670,0.0012843211
AT1G31672,0.0
AT1G31690,-0.04067123
AT1G31710,-0.26531488
AT1G31720,-0.10046914
AT1G31730,0.13559659
AT1G31740,-0.00037880687
AT1G31750,0.14083022
AT1G31760,0.020275723
AT1G31770,0.02974145
AT1G31772,-0.01108092
AT1G31780,0.019183934
AT1G31790,0.029291129
AT1G31800,-0.11880735
AT1G31810,0.002764076
AT1G31812,-0.069954455
AT1G31814,-0.039763827
AT1G31817,0.06167624
AT1G31820,0.15787643
AT1G31830,0.39116478
AT1G31835,-0.037978567
AT1G31840,0.26527816
AT1G31850,-0.11472564
AT1G31860,-0.31073612
AT1G31870,0.16834307
AT1G31880,0.23612069
AT1G31885,0.014090454
AT1G31910,0.12565361
AT1G31920,-0.21896105
AT1G31930,0.08807117
AT1G31940,0.066065945
AT1G31950,-0.0015237854
AT1G31960,0.00024861572
AT1G31970,-0.001268433
AT1G31990,-0.024353515
AT1G32000,0.00010215888
AT1G32010,0.0
AT1G32020,3.9833907e-05
AT1G32030,0.00023941597
AT1G32050,0.02248604
AT1G32060,-0.50452197
AT1G32070,-0.32881823
AT1G32080,-0.704192
AT1G32090,0.19547904
AT1G32100,-0.021055471
AT1G32120,-0.35281312
AT1G32127,0.2606587
AT1G32130,0.15520383
AT1G32140,0.00013204537
AT1G32150,-0.12843776
AT1G32160,-0.02982272
AT1G32170,0.6567364
AT1G32180,0.0052368185
AT1G32190,0.053453077
AT1G32200,-0.10664033
AT1G32210,0.25082302
AT1G32220,-0.11207374
AT1G32225,-0.002508275
AT1G32230,0.12273041
AT1G32240,-0.03414741
AT1G32250,0.001937786
AT1G32260,0.041668337
AT1G32270,0.070669286
AT1G32280,-0.00024257152
AT1G32300,0.00037702612
AT1G32310,0.11579632
AT1G32320,-0.002949546
AT1G32330,0.23176652
AT1G32337,0.0
AT1G32340,0.3114635
AT1G32350,1.4395524
AT1G32360,-0.0045600776
AT1G32361,0.0007392551
AT1G32370,0.0072513865
AT1G32375,0.006772847
AT1G32380,0.08289885
AT1G32400,0.110235676
AT1G32410,0.0020502112
AT1G32415,-0.021900246
AT1G32420,0.0
AT1G32430,0.0005966674
AT1G32440,-0.058754925
AT1G32450,0.67124414
AT1G32460,0.2177905
AT1G32470,-0.78272843
AT1G32480,0.00046084594
AT1G32490,0.035696745
AT1G32500,-0.06350964
AT1G32510,-0.0021148669
AT1G32530,-0.035461802
AT1G32540,-0.012070181
AT1G32550,-0.22546332
AT1G32560,0.34370932
AT1G32570,0.010869639
AT1G32575,-0.007857915
AT1G32580,-0.0038463557
AT1G32583,-0.08548494
AT1G32585,-2.340511e-06
AT1G32600,-5.7999463e-05
AT1G32610,0.04701301
AT1G32630,-0.006448157
AT1G32640,0.26043233
AT1G32650,0.0005169065
AT1G32660,0.008931769
AT1G32690,0.25306606
AT1G32700,0.30165327
AT1G32710,-0.005079534
AT1G32720,0.0
AT1G32730,-0.11346317
AT1G32740,0.13505928
AT1G32750,0.028427707
AT1G32760,-0.16400301
AT1G32763,0.0003810031
AT1G32770,0.0002872817
AT1G32780,-0.44514114
AT1G32790,0.21079877
AT1G32810,-0.064463384
AT1G32850,0.06907241
AT1G32860,0.018268526
AT1G32870,0.22101465
AT1G32880,0.0011183624
AT1G32900,-0.39028066
AT1G32910,0.027491404
AT1G32920,0.7460413
AT1G32928,0.2740271
AT1G32930,-0.21654122
AT1G32940,1.4139769
AT1G32950,0.2557166
AT1G32960,1.3279353
AT1G32970,0.012618063
AT1G32975,0.0
AT1G32980,8.574981e-05
AT1G32990,-0.26768088
AT1G33010,0.0
AT1G33020,0.0017422778
AT1G33030,1.194168
AT1G33040,-0.22731021
AT1G33050,0.05579935
AT1G33055,-0.029702518
AT1G33060,-0.024251614
AT1G33070,0.0
AT1G33080,-0.10450828
AT1G33090,0.038008668
AT1G33100,-0.001079323
AT1G33102,0.21254806
AT1G33110,0.031838577
AT1G33120,0.053131122
AT1G33170,-0.54955244
AT1G33220,0.00039429593
AT1G33230,0.038365528
AT1G33240,-0.31440458
AT1G33250,0.07646424
AT1G33260,0.27619192
AT1G33265,0.24032478
AT1G33270,0.09389207
AT1G33280,0.0069767265
AT1G33290,-0.18069154
AT1G33320,0.0145414155
AT1G33330,0.032835152
AT1G33340,0.020276794
AT1G33350,-0.08030911
AT1G33360,0.16520956
AT1G33390,0.12282618
AT1G33400,0.014168532
AT1G33410,0.08163332
AT1G33420,0.32237196
AT1G33430,0.06484127
AT1G33440,-0.16233537
AT1G33470,-0.19498824
AT1G33475,-0.025681546
AT1G33480,-0.08944743
AT1G33490,0.10771109
AT1G33500,0.0075541316
AT1G33520,0.03892951
AT1G33530,4.7095815e-05
AT1G33540,0.0048936843
AT1G33560,0.34862825
AT1G33590,0.25702712
AT1G33600,0.22031206
AT1G33607,-3.613808e-05
AT1G33610,0.38327107
AT1G33612,0.013139697
AT1G33640,-0.033220537
AT1G33670,0.0058997422
AT1G33680,-0.050415017
AT1G33700,-0.29913375
AT1G33710,3.960436e-05
AT1G33720,0.1453911
AT1G33730,0.9505309
AT1G33750,-0.0009590276
AT1G33760,-0.18093513
AT1G33770,-0.4639873
AT1G33780,0.009550322
AT1G33790,-0.45410058
AT1G33800,-0.08808581
AT1G33810,-0.16309312
AT1G33811,-0.45194793
AT1G33820,8.777202e-05
AT1G33830,-4.7545564e-06
AT1G33840,0.15706508
AT1G33850,0.00025325146
AT1G33860,0.0030608994
AT1G33870,0.006705324
AT1G33880,0.003995219
AT1G33890,0.015837636
AT1G33900,0.004104061
AT1G33910,-0.016398806
AT1G33920,0.00021530596
AT1G33930,-0.07188245
AT1G33940,0.046212386
AT1G33945,0.0
AT1G33950,0.5071881
AT1G33960,0.72944415
AT1G33970,0.21953738
AT1G33980,0.076017305
AT1G33990,0.078019604
AT1G34000,-0.23221405
AT1G34010,-0.2849477
AT1G34015,2.8062572e-05
AT1G34020,-0.039599538
AT1G34040,-0.03541681
AT1G34042,0.00020183042
AT1G34046,0.0001706305
AT1G34047,0.007554704
AT1G34049,0.0
AT1G34050,0.00508055
AT1G34060,-0.124087684
AT1G34065,-0.07148498
AT1G34070,0.0
AT1G34095,-0.045703873
AT1G34110,-0.01751468
AT1G34120,0.05048226
AT1G34130,0.122788765
AT1G34140,-5.0232793e-06
AT1G34150,0.07134882
AT1G34160,-0.033801492
AT1G34170,0.0
AT1G34180,0.79491615
AT1G34190,0.17052658
AT1G34200,0.025563387
AT1G34210,-0.1849288
AT1G34220,0.18262915
AT1G34245,0.012282379
AT1G34260,0.0402202
AT1G34270,0.09123217
AT1G34290,0.0
AT1G34300,0.26694334
AT1G34310,-1.7925733e-05
AT1G34315,0.00083565124
AT1G34317,0.00042904
AT1G34320,-0.10280757
AT1G34340,0.006885859
AT1G34350,-0.041726395
AT1G34355,-0.06514267
AT1G34360,-0.0031476542
AT1G34370,0.19770212
AT1G34380,0.08615145
AT1G34390,7.832654e-05
AT1G34400,0.0
AT1G34403,0.0046635866
AT1G34410,-0.0005076629
AT1G34420,0.76424503
AT1G34430,-0.18874548
AT1G34440,-0.00038720595
AT1G34460,-0.16316697
AT1G34470,0.032045934
AT1G34480,-0.03313494
AT1G34490,-0.001868142
AT1G34500,-0.00046752972
AT1G34510,0.0137708355
AT1G34520,0.009305046
AT1G34540,0.0098731
AT1G34550,0.006986933
AT1G34560,0.001137004
AT1G34570,-0.114537954
AT1G34575,0.00019544271
AT1G34580,-0.11273848
AT1G34630,0.038581245
AT1G34640,-0.17353791
AT1G34650,-0.0795937
AT1G34670,0.033192758
AT1G34750,0.28567708
AT1G34760,-0.20641325
AT1G34770,0.23697595
AT1G34780,-0.014329629
AT1G34790,0.00039421662
AT1G34792,0.0
AT1G34795,0.0
AT1G34800,0.0
AT1G34807,0.0
AT1G34812,0.0
AT1G34840,0.0
AT1G34855,0.0
AT1G34860,0.0
AT1G34910,0.0001656263
AT1G34930,0.0
AT1G35030,0.0
AT1G35035,0.0
AT1G35040,0.0
AT1G35140,0.2639508
AT1G35150,0.0
AT1G35160,0.13449931
AT1G35170,-0.009069615
AT1G35180,-0.015976323
AT1G35181,0.0
AT1G35183,-0.00438359
AT1G35190,0.10664092
AT1G35210,0.1187363
AT1G35215,-0.023477782
AT1G35220,0.12587012
AT1G35230,1.2122271
AT1G35240,0.00812612
AT1G35242,0.0018990188
AT1G35250,0.004904559
AT1G35255,0.0022416627
AT1G35260,0.0011196561
AT1G35290,0.00074169773
AT1G35310,-0.01629052
AT1G35320,0.123023294
AT1G35330,0.011019652
AT1G35340,-0.15523547
AT1G35350,0.07994822
AT1G35353,0.009082256
AT1G35365,0.0
AT1G35375,0.0
AT1G35400,0.0
AT1G35410,0.0
AT1G35420,-0.40659878
AT1G35430,-0.014224116
AT1G35435,0.0007545064
AT1G35440,-5.1754218e-05
AT1G35460,-0.08800403
AT1G35467,0.0
AT1G35470,0.059179474
AT1G35490,-0.00010946307
AT1G35500,-4.5520675e-05
AT1G35510,-0.1274275
AT1G35515,0.009283819
AT1G35520,0.00046596193
AT1G35530,-0.03554327
AT1G35537,0.0005876985
AT1G35540,0.00020597914
AT1G35560,0.00017408608
AT1G35580,0.37216052
AT1G35610,-0.0028514774
AT1G35614,0.0
AT1G35617,0.0008682401
AT1G35620,0.0098879635
AT1G35625,0.0022858079
AT1G35630,-0.015936902
AT1G35660,0.60227984
AT1G35670,0.07933807
AT1G35680,-0.2722945
AT1G35710,0.57422507
AT1G35720,0.46850273
AT1G35730,0.013021502
AT1G35750,-0.0147040775
AT1G35780,-0.18090758
AT1G35820,0.00076611864
AT1G35830,-0.031364486
AT1G35850,0.0
AT1G35860,0.0001524091
AT1G35880,0.0043359413
AT1G35890,-0.0002369774
AT1G35895,0.0
AT1G35910,1.2415123
AT1G36000,0.0
AT1G36005,4.3512366e-05
AT1G36020,0.0006731237
AT1G36030,0.0
AT1G36045,0.0
AT1G36050,0.06984771
AT1G36060,0.15008226
AT1G36070,0.016499601
AT1G36078,2.4175988e-05
AT1G36085,0.041493338
AT1G36095,0.0
AT1G36100,0.0
AT1G36150,0.00090022286
AT1G36160,-0.21984515
AT1G36180,-0.1056581
AT1G36230,4.838486e-05
AT1G36240,0.000709644
AT1G36272,-4.3855147e-05
AT1G36280,0.028752875
AT1G36310,-0.0063282675
AT1G36320,0.18772353
AT1G36325,0.0
AT1G36340,0.010177147
AT1G36370,0.15069698
AT1G36380,0.28341308
AT1G36390,-0.10930073
AT1G36510,4.812712e-05
AT1G36580,-0.0032113723
AT1G36622,0.39211905
AT1G36623,-0.00020178042
AT1G36627,0.0
AT1G36640,0.67740124
AT1G36675,-0.15788846
AT1G36730,0.042315386
AT1G36745,0.0
AT1G36756,0.0064044227
AT1G36920,-0.06049582
AT1G36922,0.01392266
AT1G36925,0.0
AT1G36940,-0.3668941
AT1G36942,0.0
AT1G36950,-0.0002345288
AT1G36960,0.0
AT1G36970,0.0
AT1G36980,0.18791465
AT1G36990,0.0028030032
AT1G37000,-0.00032968054
AT1G37010,0.00019012207
AT1G37020,-0.00023011099
AT1G37113,0.0017152146
AT1G37130,0.50329083
AT1G37140,0.017487912
AT1G37150,-0.11107355
AT1G38065,-0.22840905
AT1G38131,-0.22076644
AT1G38790,0.0
AT1G39060,0.0
AT1G39070,0.0
AT1G40083,0.0
AT1G40086,0.0
AT1G40087,0.0028747474
AT1G40090,-0.00030869403
AT1G40104,0.00024626296
AT1G40129,0.0030449738
AT1G40390,0.040660754
AT1G41820,5.2662843e-05
AT1G41830,-0.47519737
AT1G41880,0.017955538
AT1G41920,0.0
AT1G42080,0.0
AT1G42190,0.0
AT1G42430,-0.36716202
AT1G42440,0.10492226
AT1G42470,0.033581242
AT1G42480,-0.117082514
AT1G42525,0.0
AT1G42540,0.0396507
AT1G42550,-0.27994072
AT1G42560,0.12904456
AT1G42615,5.494854e-05
AT1G42680,4.2780157e-05
AT1G42700,0.0
AT1G42710,0.0
AT1G42960,-0.045669105
AT1G42970,-0.7747058
AT1G42980,-0.0063806744
AT1G42990,0.3403984
AT1G43000,0.010432983
AT1G43005,-0.00010946312
AT1G43010,-0.0005869087
AT1G43020,-0.0037637579
AT1G43040,0.003224266
AT1G43080,0.0
AT1G43090,0.0
AT1G43100,0.0
AT1G43130,0.20136154
AT1G43140,0.0017601295
AT1G43145,-7.957124e-05
AT1G43160,1.6435031
AT1G43170,0.0036762087
AT1G43171,-0.0027768086
AT1G43190,-0.04495145
AT1G43245,0.033979576
AT1G43260,-0.020008672
AT1G43310,0.0655509
AT1G43320,0.0
AT1G43330,0.0
AT1G43415,0.0
AT1G43560,-0.03706046
AT1G43580,-0.015924936
AT1G43600,-0.0030501287
AT1G43605,-0.104988225
AT1G43610,-0.000115441704
AT1G43620,0.012103985
AT1G43630,0.00012275961
AT1G43640,0.05461635
AT1G43650,-0.2651836
AT1G43665,0.0
AT1G43666,0.0
AT1G43667,-0.00020670482
AT1G43670,-0.24481384
AT1G43680,-0.0039926493
AT1G43690,0.108430244
AT1G43700,0.072069734
AT1G43710,-0.008375057
AT1G43720,-0.00018471613
AT1G43722,-0.0005767872
AT1G43730,0.0
AT1G43760,0.0
AT1G43770,0.0064643426
AT1G43780,-0.0010861288
AT1G43790,0.120112225
AT1G43800,0.05672197
AT1G43810,-0.0006460758
AT1G43815,0.000406602
AT1G43825,0.0
AT1G43850,-0.016335128
AT1G43860,0.08537168
AT1G43890,0.2709941
AT1G43900,0.09963817
AT1G43910,0.8013649
AT1G43920,0.0
AT1G43950,0.0
AT1G43970,0.010031463
AT1G43980,0.100278154
AT1G44000,-0.42783198
AT1G44010,0.0060642194
AT1G44020,-0.00041750277
AT1G44030,0.0009344261
AT1G44050,-0.000510736
AT1G44080,0.00029707525
AT1G44085,0.0
AT1G44090,0.11884153
AT1G44100,0.123157576
AT1G44110,-0.06936191
AT1G44120,-0.010763484
AT1G44130,1.5619162
AT1G44160,-0.26875874
AT1G44170,0.24310727
AT1G44180,0.0112527525
AT1G44191,0.00023549916
AT1G44222,0.0
AT1G44318,0.001818546
AT1G44350,0.5684689
AT1G44414,0.042542633
AT1G44446,-0.3531681
AT1G44478,-0.012495484
AT1G44542,0.2748711
AT1G44575,-0.42769462
AT1G44608,0.02895682
AT1G44740,-0.030388232
AT1G44750,0.0761012
AT1G44760,-0.16021687
AT1G44770,0.010984404
AT1G44780,-0.20121987
AT1G44790,0.19479826
AT1G44800,0.27643532
AT1G44810,-0.030289534
AT1G44820,0.11069211
AT1G44830,-0.156353
AT1G44835,0.021902392
AT1G44890,0.03995997
AT1G44895,0.00016332902
AT1G44900,0.019928945
AT1G44910,0.001839427
AT1G44920,-0.17081477
AT1G44940,-5.7008892e-06
AT1G44941,5.2964897e-05
AT1G44960,0.36030412
AT1G44970,-0.014786351
AT1G44980,-2.5869436e-05
AT1G44990,2.1602043e-05
AT1G45000,0.14437073
AT1G45010,-0.35719764
AT1G45015,0.0006364383
AT1G45050,0.17220177
AT1G45063,0.0041754073
AT1G45100,0.00012928655
AT1G45110,-0.019093614
AT1G45130,-0.67015797
AT1G45145,1.092018
AT1G45150,0.31047797
AT1G45160,-0.044011828
AT1G45163,0.00502266
AT1G45165,-0.013699895
AT1G45170,-0.019990942
AT1G45180,-0.32155302
AT1G45190,0.00010555944
AT1G45191,-0.290841
AT1G45196,0.0
AT1G45207,-0.67876685
AT1G45215,-0.00027188723
AT1G45221,-4.9004093e-06
AT1G45223,0.0
AT1G45229,-0.11272194
AT1G45230,-0.00959086
AT1G45231,0.033251807
AT1G45233,0.04586825
AT1G45243,0.00019131189
AT1G45248,-0.10457991
AT1G45249,-0.07086974
AT1G45332,0.12726423
AT1G45403,6.403371e-05
AT1G45474,-0.1439848
AT1G45545,-0.02904769
AT1G45616,0.05819122
AT1G45688,0.0023487664
AT1G45976,0.7017622
AT1G46264,-0.07217571
AT1G46336,4.77016e-05
AT1G46408,0.0
AT1G46480,-0.2727328
AT1G46696,-0.0032055492
AT1G46768,0.005161176
AT1G46840,-6.630301e-05
AT1G46912,0.0
AT1G46984,0.0019971556
AT1G47056,0.09989766
AT1G47128,0.3652577
AT1G47130,0.20447376
AT1G47200,0.108533524
AT1G47210,-0.18014702
AT1G47220,0.0024981026
AT1G47230,-0.11584245
AT1G47240,0.04041857
AT1G47250,0.2081084
AT1G47260,0.041373897
AT1G47265,0.0011170362
AT1G47270,-0.08408616
AT1G47271,-0.02051375
AT1G47278,0.22512382
AT1G47280,0.0014920714
AT1G47290,-0.015195539
AT1G47300,0.00030747047
AT1G47310,-0.023053251
AT1G47317,-0.00046067196
AT1G47320,0.0
AT1G47330,0.0018353146
AT1G47340,0.1310549
AT1G47350,-0.0004837807
AT1G47370,0.042864375
AT1G47380,-0.018334042
AT1G47389,0.0
AT1G47390,2.966324e-05
AT1G47400,0.048355896
AT1G47410,-0.18479294
AT1G47420,0.3237146
AT1G47450,-7.6924385e-05
AT1G47470,0.0
AT1G47480,0.16119327
AT1G47485,-0.008468951
AT1G47490,0.0125533845
AT1G47495,0.0
AT1G47497,0.004193514
AT1G47500,0.023271956
AT1G47510,1.9973828
AT1G47530,0.017340397
AT1G47540,0.00094240054
AT1G47550,0.07356974
AT1G47560,0.4508849
AT1G47570,-0.057677377
AT1G47578,-0.031987503
AT1G47580,-0.28851718
AT1G47590,0.0
AT1G47600,0.0073694563
AT1G47603,0.05353602
AT1G47610,0.026639428
AT1G47620,-0.002294974
AT1G47640,0.1768366
AT1G47655,-0.18150263
AT1G47657,0.0
AT1G47660,0.00035796306
AT1G47670,-0.16624506
AT1G47680,0.0
AT1G47690,0.00039631882
AT1G47695,0.00012053744
AT1G47702,0.0
AT1G47710,0.19404353
AT1G47720,-0.0002754433
AT1G47730,0.0
AT1G47740,-0.17071278
AT1G47750,0.404593
AT1G47760,0.0029391157
AT1G47765,-0.015218693
AT1G47770,0.0010215457
AT1G47780,0.0012250638
AT1G47786,0.00011170214
AT1G47790,0.00018533453
AT1G47800,0.0
AT1G47810,0.0
AT1G47813,0.001561143
AT1G47820,-0.019833568
AT1G47830,0.27926657
AT1G47840,0.02955694
AT1G47845,0.00011237147
AT1G47870,0.18051872
AT1G47885,0.0011160829
AT1G47890,0.8784297
AT1G47900,-0.19673808
AT1G47915,-0.0015823337
AT1G47920,0.001223972
AT1G47940,0.0
AT1G47960,0.04165162
AT1G47970,-0.05146007
AT1G47980,0.024669532
AT1G47990,0.01466535
AT1G48000,0.14090401
AT1G48010,0.0
AT1G48020,0.008847948
AT1G48030,-0.05234249
AT1G48040,0.063600704
AT1G48050,0.02807225
AT1G48060,0.02243685
AT1G48070,0.00019248143
AT1G48090,-0.038597602
AT1G48095,3.4867022e-05
AT1G48100,-0.024671659
AT1G48120,-0.0017013322
AT1G48130,-0.0023605116
AT1G48140,0.32161322
AT1G48145,-0.0003635157
AT1G48150,0.00094158493
AT1G48160,0.22110577
AT1G48170,0.09335102
AT1G48175,0.13899897
AT1G48180,0.0032832667
AT1G48190,0.0
AT1G48195,0.0016776759
AT1G48200,0.2814506
AT1G48210,0.76104915
AT1G48220,0.0076586585
AT1G48230,-0.08423206
AT1G48240,-0.31898323
AT1G48260,0.019013599
AT1G48270,-0.04238432
AT1G48280,-0.12945181
AT1G48285,0.00014657862
AT1G48300,-0.11768257
AT1G48310,0.08680924
AT1G48320,0.52157605
AT1G48325,0.011739016
AT1G48330,-0.23400608
AT1G48350,-0.3045333
AT1G48355,-0.0015051751
AT1G48360,-0.07841095
AT1G48370,0.840998
AT1G48380,-0.10015103
AT1G48390,-0.2429784
AT1G48400,0.03235019
AT1G48405,-0.007067629
AT1G48410,0.0024732146
AT1G48420,-0.085739866
AT1G48430,0.033659186
AT1G48440,0.13351746
AT1G48450,-0.008034097
AT1G48470,0.013329982
AT1G48480,-0.49783757
AT1G48490,0.30760968
AT1G48500,-0.030475797
AT1G48510,0.045769244
AT1G48520,-0.20718746
AT1G48530,-0.0054940064
AT1G48540,-0.1454157
AT1G48550,0.078482404
AT1G48560,0.009310059
AT1G48570,0.060377024
AT1G48590,-0.01295336
AT1G48600,-0.4858791
AT1G48605,0.61191934
AT1G48610,-0.0030905209
AT1G48620,-0.008006881
AT1G48625,0.0
AT1G48630,0.0074929674
AT1G48635,0.04183116
AT1G48640,-0.0020744577
AT1G48650,-0.076356485
AT1G48660,-0.037933856
AT1G48670,0.006590278
AT1G48690,0.0016618316
AT1G48700,0.013291539
AT1G48720,0.0009302323
AT1G48725,0.00038021902
AT1G48730,-0.00015815104
AT1G48740,-0.00010004226
AT1G48745,-0.088632785
AT1G48750,0.064385474
AT1G48760,-0.040044352
AT1G48780,-0.28675553
AT1G48790,0.16838597
AT1G48800,0.0021142832
AT1G48820,0.0011932844
AT1G48830,0.0031223628
AT1G48840,0.07760017
AT1G48850,0.50688183
AT1G48860,0.113778956
AT1G48870,0.006305786
AT1G48880,-0.10621573
AT1G48900,0.18179058
AT1G48910,0.00022923213
AT1G48912,0.0
AT1G48920,0.06438183
AT1G48930,0.026265578
AT1G48940,0.0040768227
AT1G48950,-0.059287604
AT1G48953,0.0053532287
AT1G48960,-0.2651845
AT1G48970,0.2539845
AT1G48980,0.0069003706
AT1G48990,0.0068159606
AT1G49000,-0.055131715
AT1G49005,-0.0029292116
AT1G49010,-0.39681217
AT1G49015,0.00026987563
AT1G49030,0.1522485
AT1G49032,0.06931405
AT1G49040,0.09757653
AT1G49050,0.37459862
AT1G49100,0.0020051666
AT1G49110,0.0009823396
AT1G49120,-0.004300934
AT1G49130,-0.43621728
AT1G49140,-0.030555027
AT1G49150,0.037783097
AT1G49160,0.18769145
AT1G49170,-0.014188791
AT1G49180,-0.04405527
AT1G49190,0.0
AT1G49200,-0.4826196
AT1G49205,0.001309016
AT1G49210,-0.012576054
AT1G49220,-0.0047766855
AT1G49225,-0.0006046316
AT1G49230,0.011032578
AT1G49240,0.018986506
AT1G49245,0.09241518
AT1G49250,-0.0015663966
AT1G49260,-4.145473e-05
AT1G49270,4.404779e-05
AT1G49290,-0.00026663524
AT1G49300,0.10534166
AT1G49310,0.0028836215
AT1G49320,0.18612534
AT1G49330,0.06169786
AT1G49340,-0.011109476
AT1G49350,0.17383337
AT1G49360,0.11459194
AT1G49380,-0.33409333
AT1G49390,-0.0055862158
AT1G49400,0.059286527
AT1G49405,0.03741094
AT1G49410,0.13505784
AT1G49420,0.00012653644
AT1G49430,-0.8430586
AT1G49435,0.0
AT1G49450,0.5357428
AT1G49470,0.10883777
AT1G49475,0.08656687
AT1G49480,-0.089101344
AT1G49490,-0.115391426
AT1G49500,0.18869968
AT1G49510,-0.008282848
AT1G49520,-0.052399106
AT1G49530,0.020096768
AT1G49540,0.12671983
AT1G49560,-0.20980054
AT1G49570,0.033190638
AT1G49580,-0.31337512
AT1G49590,0.0123833995
AT1G49600,-0.012448223
AT1G49610,-0.0053477865
AT1G49620,-0.06588445
AT1G49630,-0.20980255
AT1G49640,-0.013431231
AT1G49650,0.5747574
AT1G49660,-0.06102321
AT1G49670,0.36634555
AT1G49680,0.00014550686
AT1G49700,0.0760909
AT1G49710,0.17580895
AT1G49715,-7.874417e-05
AT1G49720,0.03701044
AT1G49730,-0.26366833
AT1G49740,0.09836035
AT1G49750,0.112379506
AT1G49760,-0.02520236
AT1G49770,0.0005948327
AT1G49780,-0.038833097
AT1G49790,-0.053777747
AT1G49800,0.06559497
AT1G49810,0.0020552098
AT1G49820,0.26831764
AT1G49830,0.0065762424
AT1G49840,-0.31368983
AT1G49850,0.06765189
AT1G49860,0.0439713
AT1G49870,-0.17649674
AT1G49880,-0.052256078
AT1G49890,-0.22996539
AT1G49900,0.19746755
AT1G49910,0.028354308
AT1G49920,0.03756742
AT1G49930,0.005595325
AT1G49940,-0.028555904
AT1G49950,0.10557709
AT1G49960,0.12804964
AT1G49970,-0.010315459
AT1G49975,-0.35363021
AT1G49980,0.025637843
AT1G49990,-0.10615729
AT1G50000,-0.015910242
AT1G50010,-0.5093093
AT1G50020,0.08573358
AT1G50030,0.0490125
AT1G50040,0.26090178
AT1G50050,0.004427838
AT1G50060,0.0018135039
AT1G50080,0.00010051025
AT1G50090,0.011037029
AT1G50110,-0.026646968
AT1G50120,-0.035469357
AT1G50140,0.01757098
AT1G50160,0.00015717515
AT1G50170,0.06939218
AT1G50180,0.057009425
AT1G50190,-0.01007881
AT1G50200,0.03770896
AT1G50220,0.000314775
AT1G50240,-0.045463685
AT1G50250,-0.0147988405
AT1G50260,0.13390976
AT1G50270,-0.02974654
AT1G50280,-0.27309752
AT1G50290,-0.016084997
AT1G50300,0.017255582
AT1G50310,-0.00043901388
AT1G50320,-0.05229391
AT1G50325,-5.296024e-07
AT1G50340,0.0
AT1G50360,0.18845862
AT1G50370,0.20790917
AT1G50380,0.05096012
AT1G50390,0.00566934
AT1G50400,0.06618445
AT1G50410,0.08535943
AT1G50420,0.10081217
AT1G50430,0.2149638
AT1G50440,0.046568025
AT1G50450,-0.096640855
AT1G50460,-0.038525436
AT1G50470,0.00068281183
AT1G50480,0.03625942
AT1G50490,0.049098562
AT1G50500,0.07978046
AT1G50510,-0.03481601
AT1G50520,0.03549484
AT1G50530,3.886329e-05
AT1G50560,-0.0071522403
AT1G50570,0.068710335
AT1G50580,0.002127035
AT1G50590,0.13239136
AT1G50600,0.013818504
AT1G50610,-0.006325936
AT1G50620,-0.06476195
AT1G50630,-0.010710772
AT1G50640,0.14304279
AT1G50650,-0.0028126629
AT1G50660,0.06577592
AT1G50670,0.14575529
AT1G50680,-0.00031403618
AT1G50690,2.4143375e-05
AT1G50700,-0.17081146
AT1G50710,-0.04536545
AT1G50720,0.0012579707
AT1G50730,-0.03742701
AT1G50732,-0.633186
AT1G50740,0.45898035
AT1G50745,-0.020113911
AT1G50750,-0.037487745
AT1G50760,-0.0011691446
AT1G50770,0.01580567
AT1G50780,-0.008249084
AT1G50790,-0.07329151
AT1G50820,0.0038618692
AT1G50830,0.002578754
AT1G50840,-0.05422207
AT1G50870,0.0
AT1G50880,0.0
AT1G50890,-0.020467201
AT1G50900,-0.33222806
AT1G50910,-0.13937972
AT1G50920,0.036201626
AT1G50930,0.01685228
AT1G50940,0.32562265
AT1G50950,0.1464851
AT1G50960,0.0008610123
AT1G50970,0.0063067134
AT1G50980,0.0
AT1G50990,0.014825271
AT1G51000,0.00042486412
AT1G51010,0.0019984916
AT1G51030,0.017691314
AT1G51035,0.15019242
AT1G51040,0.0020608488
AT1G51055,-0.0038571756
AT1G51060,-0.03950997
AT1G51070,-0.18562257
AT1G51080,-0.105830714
AT1G51090,0.13812055
AT1G51100,-0.107653014
AT1G51110,-1.0651679
AT1G51120,0.0046371566
AT1G51130,0.040672682
AT1G51140,-0.04812038
AT1G51150,0.00014857335
AT1G51160,0.089921385
AT1G51170,-0.027644377
AT1G51172,6.663471e-05
AT1G51190,0.0042145993
AT1G51200,-0.0136161195
AT1G51210,0.00024410742
AT1G51220,0.0012520709
AT1G51230,0.0
AT1G51240,0.0
AT1G51250,-9.051133e-11
AT1G51260,-0.011154179
AT1G51270,-0.55379814
AT1G51290,0.0
AT1G51300,0.011285798
AT1G51310,0.08373363
AT1G51320,8.323257e-05
AT1G51330,0.0015407118
AT1G51340,0.11035185
AT1G51350,0.30564404
AT1G51355,-0.060936645
AT1G51360,-0.031893592
AT1G51370,-0.039300706
AT1G51380,-0.0064960932
AT1G51390,0.13134788
AT1G51400,-0.40613312
AT1G51402,-0.0290804
AT1G51405,-0.14664906
AT1G51410,0.001329896
AT1G51420,0.15138614
AT1G51430,-0.05259029
AT1G51440,0.22589515
AT1G51450,0.048639726
AT1G51460,0.033777826
AT1G51470,0.006688202
AT1G51480,0.008878919
AT1G51490,8.672843e-05
AT1G51500,-0.13846782
AT1G51510,0.028302327
AT1G51520,0.010441619
AT1G51530,-0.0149330245
AT1G51538,0.01001622
AT1G51540,0.057004426
AT1G51550,0.002740678
AT1G51560,-0.033779383
AT1G51570,-0.034363944
AT1G51580,-0.24271613
AT1G51590,0.20707968
AT1G51600,0.15785708
AT1G51610,-0.027298938
AT1G51620,0.2785912
AT1G51630,-0.0585852
AT1G51640,0.47000894
AT1G51650,0.15681802
AT1G51660,0.065343075
AT1G51670,0.45111817
AT1G51680,0.0888777
AT1G51690,-0.025455846
AT1G51700,0.022039548
AT1G51710,0.24685721
AT1G51720,0.004410714
AT1G51730,-0.00513269
AT1G51740,0.14817788
AT1G51745,-0.07842016
AT1G51760,0.90429693
AT1G51770,0.039874185
AT1G51780,0.41213888
AT1G51790,0.33007658
AT1G51800,0.3372957
AT1G51802,0.0
AT1G51805,-0.36641315
AT1G51810,0.067580864
AT1G51820,0.3312538
AT1G51823,0.0
AT1G51830,0.012322756
AT1G51840,0.005471371
AT1G51850,0.26517653
AT1G51860,0.308517
AT1G51870,0.014034521
AT1G51880,0.0061588148
AT1G51890,1.3507723
AT1G51900,0.051956434
AT1G51910,0.0005696216
AT1G51913,0.15441851
AT1G51915,0.03646007
AT1G51920,0.3680374
AT1G51930,0.0012328414
AT1G51940,-0.026546635
AT1G51950,0.050497297
AT1G51960,0.12152366
AT1G51965,-0.10930403
AT1G51970,0.0
AT1G51980,0.24197473
AT1G51990,-5.7225046e-05
AT1G52000,-0.29686114
AT1G52030,-0.08212306
AT1G52040,-0.18751924
AT1G52050,-0.000113918424
AT1G52060,0.0007547655
AT1G52070,0.008634469
AT1G52080,0.45565903
AT1G52100,0.106244266
AT1G52110,0.04704331
AT1G52120,0.046098918
AT1G52130,0.0048876116
AT1G52140,-0.1888054
AT1G52150,0.045051765
AT1G52155,0.032686923
AT1G52160,0.12113814
AT1G52180,0.0
AT1G52190,-0.77771235
AT1G52191,0.14692259
AT1G52200,0.8891618
AT1G52220,-0.26325756
AT1G52230,-0.6968817
AT1G52240,-0.012858353
AT1G52245,0.016998643
AT1G52260,-0.043214
AT1G52270,0.11905479
AT1G52280,-0.15403323
AT1G52290,-0.08146371
AT1G52300,-0.011148486
AT1G52310,-0.05931685
AT1G52315,-0.063529216
AT1G52320,0.34074914
AT1G52325,0.00032986392
AT1G52330,0.008748529
AT1G52340,-0.15313347
AT1G52342,0.053910777
AT1G52343,0.020131918
AT1G52360,0.13751358
AT1G52370,0.10388743
AT1G52380,0.010258168
AT1G52390,0.009781404
AT1G52400,-0.3989425
AT1G52410,-0.15399627
AT1G52415,0.00031289936
AT1G52420,0.09504066
AT1G52430,0.016590845
AT1G52440,-0.00016724392
AT1G52450,-0.061032925
AT1G52460,-4.6705946e-07
AT1G52470,0.0017976577
AT1G52490,2.6749745e-05
AT1G52495,-0.00054454483
AT1G52500,-0.0025201875
AT1G52510,-0.35174027
AT1G52520,-0.021769527
AT1G52530,0.0937489
AT1G52540,0.04817114
AT1G52550,0.057439145
AT1G52560,0.26227337
AT1G52565,0.102954485
AT1G52570,-0.12439346
AT1G52580,0.007125721
AT1G52590,-0.18449211
AT1G52600,0.11550519
AT1G52603,-0.00013884742
AT1G52618,0.0069116508
AT1G52620,-0.06459202
AT1G52630,-0.0038889158
AT1G52640,0.0057758
AT1G52650,-0.0024669154
AT1G52660,0.0041670054
AT1G52670,-0.028625363
AT1G52680,0.00784311
AT1G52690,1.2205964
AT1G52695,0.0006495264
AT1G52700,-0.1322448
AT1G52710,-0.021910908
AT1G52720,0.2457478
AT1G52730,0.060717396
AT1G52740,0.013944253
AT1G52750,-0.23317668
AT1G52760,0.32792386
AT1G52770,0.09133663
AT1G52780,0.24225548
AT1G52790,0.0047676037
AT1G52800,0.029016264
AT1G52810,0.027616221
AT1G52820,0.041829444
AT1G52825,-0.021378856
AT1G52827,-0.32702383
AT1G52830,-0.3005914
AT1G52855,0.043792725
AT1G52857,0.0014994383
AT1G52870,-0.08543494
AT1G52880,0.029086977
AT1G52890,1.4849838
AT1G52900,0.4206868
AT1G52905,-0.002129517
AT1G52910,-0.0005586345
AT1G52920,-0.111876994
AT1G52930,0.022985552
AT1G52940,0.009110941
AT1G52950,-0.02158673
AT1G52970,0.0010095383
AT1G52980,0.058208518
AT1G52990,-0.09427613
AT1G53000,-0.14886773
AT1G53010,-0.00036951102
AT1G53020,0.0
AT1G53023,0.002878491
AT1G53025,-0.03090532
AT1G53030,0.36027348
AT1G53035,0.0010649229
AT1G53040,-0.16053405
AT1G53050,-0.0022073742
AT1G53060,-0.03851018
AT1G53070,-0.06910096
AT1G53080,-0.01650315
AT1G53090,-0.090014145
AT1G53100,0.6795482
AT1G53110,0.064390115
AT1G53120,0.0024788943
AT1G53130,0.0043062163
AT1G53140,0.013480211
AT1G53160,-0.17774953
AT1G53163,-0.0003441847
AT1G53165,0.02904665
AT1G53170,0.14157607
AT1G53180,-0.008334003
AT1G53190,-0.019194895
AT1G53200,-0.014302041
AT1G53210,-0.020614626
AT1G53230,-0.053562086
AT1G53240,-0.014649971
AT1G53250,-0.060371704
AT1G53260,-0.0036642232
AT1G53265,8.672843e-05
AT1G53270,0.074881665
AT1G53280,0.015827993
AT1G53282,0.0
AT1G53285,0.009135211
AT1G53290,-0.16653574
AT1G53300,-0.351584
AT1G53310,0.2691913
AT1G53320,0.099558875
AT1G53325,-3.27512e-05
AT1G53330,0.06886427
AT1G53340,-0.014968628
AT1G53345,-0.07288386
AT1G53350,0.0024962346
AT1G53360,0.00033159298
AT1G53366,7.899909e-05
AT1G53370,0.012543613
AT1G53380,-0.1276962
AT1G53390,-0.0626176
AT1G53400,-0.020758513
AT1G53420,0.00086454843
AT1G53430,0.12137791
AT1G53440,-0.6481587
AT1G53450,-0.11
AT1G53460,-0.023737235
AT1G53470,1.1249384
AT1G53480,-1.6095275
AT1G53490,0.16229402
AT1G53500,-0.065366425
AT1G53510,-0.12849751
AT1G53520,-0.4492659
AT1G53530,-0.024731921
AT1G53540,1.2736728
AT1G53541,0.0040351013
AT1G53542,-0.002436959
AT1G53550,0.014509916
AT1G53560,0.12720849
AT1G53570,0.17082264
AT1G53580,0.5323253
AT1G53590,-0.013251786
AT1G53600,-0.0065737343
AT1G53610,0.008740666
AT1G53620,0.64108545
AT1G53625,1.6799831
AT1G53633,0.008781548
AT1G53635,0.006448355
AT1G53640,0.0013263166
AT1G53645,0.03993844
AT1G53650,-0.0040806057
AT1G53655,-0.0023032182
AT1G53660,0.0078059463
AT1G53670,-0.03149555
AT1G53680,-0.00310947
AT1G53690,-0.034006845
AT1G53700,-0.059001535
AT1G53705,3.5465986e-05
AT1G53708,0.0016419762
AT1G53710,0.14519478
AT1G53720,0.10349519
AT1G53730,-0.06474702
AT1G53750,0.30264032
AT1G53760,0.39565435
AT1G53770,0.06965883
AT1G53780,0.02807858
AT1G53790,0.064523876
AT1G53800,-0.2832958
AT1G53815,0.0
AT1G53820,0.0024617896
AT1G53830,0.32575965
AT1G53840,-0.2588418
AT1G53850,0.16886681
AT1G53860,-0.011155073
AT1G53870,0.13868715
AT1G53875,-0.17708752
AT1G53880,0.16535166
AT1G53885,0.0
AT1G53887,0.02928165
AT1G53890,-0.06497586
AT1G53900,0.18905339
AT1G53903,-0.0015192707
AT1G53910,0.15877417
AT1G53920,0.5281155
AT1G53930,0.00052818545
AT1G53935,0.00012990648
AT1G53940,0.010582881
AT1G53945,0.00039027655
AT1G53950,0.02587745
AT1G53970,0.029740565
AT1G53980,0.18498082
AT1G53990,0.039836302
AT1G54000,0.46652034
AT1G54010,0.14189261
AT1G54020,-0.045634735
AT1G54030,0.59565103
AT1G54040,-0.11911046
AT1G54050,0.033607304
AT1G54060,0.039089445
AT1G54070,0.0066714236
AT1G54080,0.10438164
AT1G54090,0.1985122
AT1G54095,0.42555156
AT1G54100,0.1382407
AT1G54110,0.1990285
AT1G54115,0.3406773
AT1G54120,0.031654064
AT1G54130,0.09773926
AT1G54140,0.008583941
AT1G54150,0.19157182
AT1G54160,-0.1516936
AT1G54170,0.1407218
AT1G54180,-0.18602559
AT1G54200,-0.2875466
AT1G54210,0.15559155
AT1G54215,0.07452958
AT1G54217,-0.047443777
AT1G54220,0.06869255
AT1G54230,5.7154408e-05
AT1G54240,0.00018400431
AT1G54250,0.06961092
AT1G54260,-0.010472469
AT1G54270,0.3380017
AT1G54280,0.023425888
AT1G54290,0.22671673
AT1G54300,-0.0018141348
AT1G54310,-0.11736247
AT1G54320,0.29338527
AT1G54330,0.012632434
AT1G54340,0.0057829265
AT1G54350,-0.28756356
AT1G54360,0.0653811
AT1G54370,0.032781165
AT1G54380,-8.786854e-05
AT1G54385,-0.09846413
AT1G54390,-0.04813836
AT1G54400,0.05068901
AT1G54410,0.046814796
AT1G54420,0.0020709464
AT1G54440,0.056670412
AT1G54445,0.0
AT1G54450,-0.15164964
AT1G54460,0.07765918
AT1G54470,-0.048233382
AT1G54490,0.123334244
AT1G54500,-0.20922478
AT1G54510,-0.05434636
AT1G54520,-0.0059278305
AT1G54530,0.044747163
AT1G54540,0.021916714
AT1G54550,0.0008133707
AT1G54560,0.22969893
AT1G54570,0.58925277
AT1G54575,0.71805125
AT1G54580,-0.09258015
AT1G54590,-0.0030934145
AT1G54610,-0.018622011
AT1G54620,0.0005979862
AT1G54630,-0.0039524836
AT1G54640,7.649222e-05
AT1G54650,0.02041713
AT1G54680,0.08957967
AT1G54690,-0.07707435
AT1G54700,4.580814e-05
AT1G54710,0.409984
AT1G54720,0.00012343217
AT1G54730,-0.26139218
AT1G54740,-0.30404606
AT1G54760,-0.0043194336
AT1G54770,-0.032821734
AT1G54773,-0.0798011
AT1G54775,0.0
AT1G54780,-0.7283981
AT1G54790,-0.013718868
AT1G54820,-0.4575005
AT1G54830,0.021944301
AT1G54840,0.0053162114
AT1G54850,0.07400068
AT1G54860,0.0016584542
AT1G54870,0.0071985186
AT1G54890,0.85022926
AT1G54920,-0.021236429
AT1G54930,0.0041214805
AT1G54940,0.0037649467
AT1G54950,0.0012592934
AT1G54953,0.010019343
AT1G54957,0.023407321
AT1G54960,0.03598997
AT1G54970,0.019277463
AT1G54980,0.00089494983
AT1G54990,0.08069243
AT1G55000,0.0354628
AT1G55010,0.04994421
AT1G55020,1.6613772
AT1G55030,-0.001815985
AT1G55040,0.03379335
AT1G55050,0.06168284
AT1G55060,0.00030105477
AT1G55070,0.00011130631
AT1G55080,0.39821094
AT1G55090,0.120572254
AT1G55110,0.124936834
AT1G55120,-0.38231662
AT1G55130,-0.15195222
AT1G55140,-0.06338536
AT1G55150,0.091758616
AT1G55152,0.0032005867
AT1G55160,0.027906245
AT1G55170,0.151978
AT1G55175,-0.02055759
AT1G55180,0.031647604
AT1G55190,0.12982467
AT1G55200,0.03510572
AT1G55205,-0.07157878
AT1G55207,0.002329793
AT1G55210,0.6297112
AT1G55220,0.0011572379
AT1G55230,0.066566795
AT1G55240,0.04682576
AT1G55250,-0.07977144
AT1G55260,-0.0141006205
AT1G55265,0.4496993
AT1G55270,-0.13916305
AT1G55280,0.0746492
AT1G55290,0.017624645
AT1G55300,0.036505565
AT1G55310,0.026083177
AT1G55320,-0.17897046
AT1G55325,-0.06015795
AT1G55330,-0.67304564
AT1G55335,-0.00398521
AT1G55340,-0.20577092
AT1G55350,-0.08632516
AT1G55360,-0.5303632
AT1G55365,0.17950301
AT1G55370,-0.3271086
AT1G55380,-0.059502304
AT1G55390,0.013326036
AT1G55420,-0.110517584
AT1G55430,-0.003727607
AT1G55440,-0.023251398
AT1G55450,0.27734947
AT1G55460,-0.08861178
AT1G55475,-0.09682067
AT1G55480,-0.4426592
AT1G55490,-0.18803751
AT1G55500,0.036627732
AT1G55510,0.55422854
AT1G55520,0.13107914
AT1G55530,0.36305085
AT1G55535,0.19783047
AT1G55540,-0.07052106
AT1G55546,0.00043173312
AT1G55550,-0.15964897
AT1G55560,0.0011485647
AT1G55570,0.00036375003
AT1G55580,-0.0019390879
AT1G55590,0.16563748
AT1G55600,-0.00014448015
AT1G55610,0.3993925
AT1G55620,-0.022676833
AT1G55630,-0.03725127
AT1G55640,0.0062962617
AT1G55650,0.00051737064
AT1G55660,0.012608992
AT1G55670,-0.4105093
AT1G55673,-0.023884311
AT1G55675,0.02336364
AT1G55680,0.026555315
AT1G55690,-0.031609807
AT1G55710,0.00073136843
AT1G55720,-0.00071279577
AT1G55730,0.28853136
AT1G55740,0.30828875
AT1G55750,-0.05725682
AT1G55755,0.0026664177
AT1G55760,-0.25531742
AT1G55775,0.6842202
AT1G55790,0.00041348167
AT1G55800,-0.008582614
AT1G55803,0.002900468
AT1G55805,-0.004987113
AT1G55810,0.058304407
AT1G55820,0.28341186
AT1G55830,0.040617775
AT1G55840,0.028914683
AT1G55850,0.06260942
AT1G55860,0.048547726
AT1G55865,-0.0034982057
AT1G55870,0.031740002
AT1G55880,-0.039293725
AT1G55890,-0.04345581
AT1G55900,0.0743452
AT1G55910,0.23484644
AT1G55915,0.2808334
AT1G55917,0.00039094157
AT1G55920,0.38552272
AT1G55928,-0.00034164486
AT1G55930,-0.061669476
AT1G55940,0.01872104
AT1G55945,-9.808051e-06
AT1G55947,0.002608983
AT1G55950,-0.0055450574
AT1G55960,-0.29595163
AT1G55970,-0.20538549
AT1G55980,-0.12693919
AT1G55990,-0.009423724
AT1G56000,-0.036389492
AT1G56010,0.022175211
AT1G56020,0.0023779515
AT1G56030,1.8391265e-06
AT1G56040,0.00097502576
AT1G56045,0.035968952
AT1G56050,-0.17150183
AT1G56060,1.2323552
AT1G56070,0.084233254
AT1G56080,0.08396972
AT1G56085,-0.0009085067
AT1G56090,-0.08957771
AT1G56100,0.00022654144
AT1G56105,-0.0025524586
AT1G56110,0.21048696
AT1G56120,0.41008556
AT1G56130,-0.0051937904
AT1G56140,0.2700326
AT1G56145,0.69129735
AT1G56150,0.5185959
AT1G56160,-0.010057996
AT1G56170,0.23400691
AT1G56180,0.0039581107
AT1G56190,0.017232094
AT1G56200,0.008993509
AT1G56210,-0.27848655
AT1G56220,-0.13056839
AT1G56225,0.0
AT1G56230,-0.21689703
AT1G56233,2.0184205e-05
AT1G56240,0.5417564
AT1G56250,0.10847485
AT1G56260,0.018564004
AT1G56270,0.00042257877
AT1G56280,0.033272836
AT1G56290,0.08250619
AT1G56300,0.9092191
AT1G56310,-0.1096029
AT1G56320,0.07427995
AT1G56330,0.07616282
AT1G56340,0.27228296
AT1G56345,-0.026340507
AT1G56350,0.0045998
AT1G56360,7.081253e-05
AT1G56380,4.4597313e-05
AT1G56385,0.0
AT1G56400,0.0
AT1G56410,0.020479055
AT1G56415,0.0
AT1G56418,-0.0005852071
AT1G56420,-0.056054916
AT1G56423,-0.011479498
AT1G56430,0.047118798
AT1G56440,-0.047433615
AT1G56450,0.29667267
AT1G56460,0.08946086
AT1G56500,-0.30212417
AT1G56510,-0.11897391
AT1G56520,-0.07622713
AT1G56530,0.001067186
AT1G56540,0.004006911
AT1G56550,0.3218552
AT1G56553,0.0
AT1G56555,-0.025192458
AT1G56560,0.37328416
AT1G56570,-0.14286023
AT1G56580,-0.4101
AT1G56590,0.16511723
AT1G56600,-0.45460978
AT1G56610,-0.06994845
AT1G56620,-0.00091043237
AT1G56630,-0.001453519
AT1G56650,0.32423744
AT1G56660,0.5804576
AT1G56670,-0.45922762
AT1G56680,0.0027705305
AT1G56690,-0.0168129
AT1G56700,0.29453138
AT1G56710,0.6763695
AT1G56720,-0.39287624
AT1G57540,-0.0026705572
AT1G57550,0.00024472844
AT1G57557,0.0
AT1G57565,1.2538598e-05
AT1G57570,0.012718989
AT1G57580,-0.00025482016
AT1G57590,-0.15888174
AT1G57600,0.01286291
AT1G57610,-0.05837731
AT1G57613,7.863587e-05
AT1G57620,0.2195203
AT1G57630,1.4921194
AT1G57650,0.9819844
AT1G57660,-0.006888903
AT1G57670,0.01711839
AT1G57680,0.05273007
AT1G57690,0.00053784624
AT1G57700,0.07528029
AT1G57720,0.022552678
AT1G57730,0.008512393
AT1G57750,0.012641936
AT1G57760,0.0
AT1G57760,0.0
AT1G57770,0.12367031
AT1G57775,0.0
AT1G57777,0.0
AT1G57780,-0.0024546315
AT1G57790,-0.16000545
AT1G57800,-8.612655e-05
AT1G57820,0.0391537
AT1G57830,0.004446943
AT1G57850,-0.0015769834
AT1G57870,-0.05890869
AT1G57906,0.00021587181
AT1G57943,0.025673788
AT1G57980,-0.21636222
AT1G57990,0.570031
AT1G58007,-0.054715443
AT1G58025,0.012874574
AT1G58030,0.29498988
AT1G58037,-0.012848329
AT1G58050,0.00021093947
AT1G58055,7.9782076e-05
AT1G58060,-0.04737808
AT1G58070,0.20696558
AT1G58080,-0.080639265
AT1G58090,1.0771106e-05
AT1G58100,0.121971786
AT1G58110,0.06726842
AT1G58120,0.00943759
AT1G58150,-0.11121923
AT1G58160,0.0008174706
AT1G58170,-0.03955476
AT1G58180,0.11783938
AT1G58190,0.5897635
AT1G58195,0.0
AT1G58200,0.06394415
AT1G58210,-0.21486205
AT1G58215,-0.0143922595
AT1G58220,0.031773128
AT1G58223,-0.014482056
AT1G58225,-0.13143162
AT1G58230,-0.055379782
AT1G58235,0.051559627
AT1G58242,0.0
AT1G58245,0.0
AT1G58248,5.656958e-12
AT1G58250,-0.04062113
AT1G58260,-3.368074e-05
AT1G58265,-0.0072394093
AT1G58270,0.106652245
AT1G58280,-0.0033427496
AT1G58290,-0.26317096
AT1G58300,0.09103656
AT1G58310,0.0005836763
AT1G58320,0.024417238
AT1G58330,0.0024045813
AT1G58340,1.1289784
AT1G58350,-0.12085764
AT1G58360,0.5016983
AT1G58370,-0.104173176
AT1G58380,0.07673913
AT1G58390,0.16929857
AT1G58400,-0.14893052
AT1G58410,0.00870805
AT1G58420,0.36750704
AT1G58430,-0.008228219
AT1G58440,-0.26885125
AT1G58450,-0.0003150548
AT1G58460,-0.007435155
AT1G58470,0.21714815
AT1G58520,-0.2544637
AT1G58525,0.0019181891
AT1G58602,-0.027682565
AT1G58643,0.06115526
AT1G58725,-0.0052435813
AT1G58766,5.9048773e-05
AT1G58807,-0.050692044
AT1G58848,0.0034858785
AT1G58889,0.0
AT1G59030,-0.015708625
AT1G59124,0.0
AT1G59171,0.0122149605
AT1G59218,-0.09434338
AT1G59359,0.041729912
AT1G59406,0.0
AT1G59460,0.0
AT1G59470,0.0
AT1G59500,0.00019093351
AT1G59510,-0.08992899
AT1G59520,0.061230138
AT1G59530,0.005495818
AT1G59540,0.028190946
AT1G59550,0.00063525763
AT1G59560,-0.0810929
AT1G59580,0.053603712
AT1G59590,0.605447
AT1G59600,-0.0003994163
AT1G59610,0.1532577
AT1G59620,-0.12518473
AT1G59630,0.00025173475
AT1G59640,0.2885593
AT1G59650,0.14902613
AT1G59660,-0.00044982694
AT1G59670,0.03767431
AT1G59675,-8.0992e-05
AT1G59680,0.0
AT1G59690,-0.0033988422
AT1G59700,0.21241578
AT1G59710,0.5382381
AT1G59720,-0.3351157
AT1G59722,0.0
AT1G59723,0.0
AT1G59724,0.0
AT1G59725,-0.006864767
AT1G59730,0.079984896
AT1G59740,0.66840374
AT1G59750,-0.17526896
AT1G59760,-0.031169433
AT1G59780,0.004941045
AT1G59790,0.0061393115
AT1G59800,0.00048128067
AT1G59810,-0.006502816
AT1G59820,0.33707482
AT1G59830,-0.030911569
AT1G59833,0.0
AT1G59835,0.0
AT1G59840,-0.04534501
AT1G59850,0.8784968
AT1G59860,0.023959324
AT1G59865,0.029135086
AT1G59870,0.18326648
AT1G59885,0.00016572753
AT1G59890,0.095828235
AT1G59900,0.09974742
AT1G59910,0.15366814
AT1G59920,-0.05204744
AT1G59930,0.046174206
AT1G59940,0.0055255187
AT1G59950,0.16479525
AT1G59960,-0.010051089
AT1G59970,-0.038711328
AT1G59980,-0.064269796
AT1G59990,-0.021898866
AT1G60000,-0.024638504
AT1G60010,-0.2114074
AT1G60030,-0.04984007
AT1G60040,0.0036688775
AT1G60050,0.008932827
AT1G60060,-0.028199065
AT1G60070,-0.045739014
AT1G60080,0.317412
AT1G60090,-0.0004838998
AT1G60095,0.008573624
AT1G60110,0.039833058
AT1G60130,0.086895704
AT1G60140,0.29259467
AT1G60160,-0.020405563
AT1G60170,0.045144327
AT1G60180,0.0
AT1G60190,0.20590636
AT1G60200,0.01130138
AT1G60220,-0.09543999
AT1G60230,-0.18644208
AT1G60240,-0.003862962
AT1G60250,0.00080542313
AT1G60260,-0.116785765
AT1G60270,-0.2579875
AT1G60280,0.0017617261
AT1G60300,0.00104138
AT1G60320,0.0
AT1G60340,0.0010786463
AT1G60350,0.006764089
AT1G60360,-0.05458112
AT1G60370,0.00016052615
AT1G60380,-0.0033055968
AT1G60390,-0.49182633
AT1G60400,-4.6403704e-05
AT1G60410,0.0055692247
AT1G60420,0.5865896
AT1G60430,0.06275907
AT1G60440,0.10052974
AT1G60450,-0.0036109088
AT1G60460,-0.08520786
AT1G60470,0.03240677
AT1G60490,0.053439
AT1G60500,0.00682818
AT1G60530,0.014110502
AT1G60550,-0.34288073
AT1G60560,-0.15656506
AT1G60570,-0.0042212857
AT1G60590,-0.033826243
AT1G60600,-0.057170726
AT1G60610,0.15470622
AT1G60620,0.07457889
AT1G60625,0.0
AT1G60630,-0.3417333
AT1G60640,-0.007942786
AT1G60650,0.10956765
AT1G60660,-0.06920161
AT1G60670,-0.003739121
AT1G60680,0.090952404
AT1G60690,-0.39431214
AT1G60700,-0.16828631
AT1G60710,0.038615324
AT1G60720,-0.0033204583
AT1G60730,0.9538548
AT1G60740,0.3039193
AT1G60750,0.012520134
AT1G60760,0.00020938563
AT1G60770,-0.08528769
AT1G60780,0.10961712
AT1G60783,0.0075346567
AT1G60787,-0.003820585
AT1G60790,-0.41386157
AT1G60800,-0.05907148
AT1G60810,-0.08305743
AT1G60815,0.0
AT1G60830,0.08732307
AT1G60850,0.0712475
AT1G60860,-0.09267424
AT1G60870,-0.0314345
AT1G60880,0.00110887
AT1G60890,0.5548841
AT1G60900,-0.07820323
AT1G60913,-0.0016101509
AT1G60920,0.0015471953
AT1G60930,-0.043717243
AT1G60940,-0.013092575
AT1G60950,-0.25865284
AT1G60960,0.07793026
AT1G60970,0.0432435
AT1G60980,0.00023919536
AT1G60983,-0.0001525201
AT1G60985,1.27178755e-05
AT1G60986,0.001254143
AT1G60987,-0.0013914282
AT1G60989,0.00014087278
AT1G60990,-0.15328068
AT1G60995,0.068103425
AT1G61000,-0.13617079
AT1G61010,0.0022390431
AT1G61030,0.022297518
AT1G61040,0.009021418
AT1G61050,0.010183254
AT1G61060,0.0049670795
AT1G61065,0.040790234
AT1G61070,0.0010822504
AT1G61080,0.061231572
AT1G61090,0.003450285
AT1G61093,0.0032538837
AT1G61095,0.0011133056
AT1G61097,0.0010008571
AT1G61100,-0.32007554
AT1G61105,0.0008236184
AT1G61110,0.050646655
AT1G61120,1.7802063
AT1G61130,-0.027126314
AT1G61140,0.19856186
AT1G61150,0.08013791
AT1G61160,0.017191153
AT1G61165,-0.0182528
AT1G61170,-0.22790413
AT1G61180,-0.0033740045
AT1G61190,-0.17521174
AT1G61200,0.0044021457
AT1G61210,-0.06723971
AT1G61215,0.004887363
AT1G61230,-0.10275504
AT1G61240,-0.32687452
AT1G61250,0.4452191
AT1G61255,0.14391471
AT1G61260,-0.4377711
AT1G61270,0.0061824163
AT1G61280,-0.027343363
AT1G61290,-0.031525314
AT1G61300,-0.3406034
AT1G61310,-0.057057828
AT1G61320,-0.014159057
AT1G61330,0.0009671793
AT1G61340,0.9324691
AT1G61350,-0.26638693
AT1G61360,0.23285867
AT1G61370,0.35316792
AT1G61380,0.17974189
AT1G61390,-0.059620976
AT1G61400,0.021536546
AT1G61410,0.0101838205
AT1G61415,0.03842181
AT1G61420,0.5846572
AT1G61430,0.2594054
AT1G61440,0.27759698
AT1G61450,0.030039456
AT1G61460,0.036692474
AT1G61470,0.010596075
AT1G61475,0.0037901527
AT1G61480,0.07509522
AT1G61490,0.3345387
AT1G61500,-0.14910394
AT1G61520,-0.31362426
AT1G61540,-0.00018702316
AT1G61550,0.10033234
AT1G61560,1.0850642
AT1G61562,-0.008713094
AT1G61563,0.000652471
AT1G61565,-4.324365e-05
AT1G61566,0.0006863083
AT1G61570,0.21168646
AT1G61575,-0.009233765
AT1G61580,-0.029423013
AT1G61590,0.0048252842
AT1G61600,-0.27414224
AT1G61610,0.86676824
AT1G61620,0.024611253
AT1G61630,0.0014851689
AT1G61640,0.35495138
AT1G61660,-0.031047383
AT1G61667,-0.06740211
AT1G61670,0.06543003
AT1G61680,0.0006561695
AT1G61685,0.0
AT1G61688,0.00027899153
AT1G61690,0.13718142
AT1G61700,0.011587642
AT1G61710,-0.027268466
AT1G61720,0.006339572
AT1G61730,0.1186722
AT1G61740,-0.30261442
AT1G61750,0.3786996
AT1G61760,-0.08193639
AT1G61770,0.10972493
AT1G61780,0.05253711
AT1G61790,0.060364973
AT1G61795,-0.34366047
AT1G61800,2.4494364
AT1G61810,1.8566177
AT1G61820,2.3097646
AT1G61840,-0.004540624
AT1G61850,0.08191749
AT1G61860,0.07532183
AT1G61870,0.051747397
AT1G61890,0.011994752
AT1G61900,-0.13423921
AT1G61920,0.0008878107
AT1G61930,0.06600042
AT1G61940,0.00025346247
AT1G61950,0.0057940846
AT1G61960,-0.038234767
AT1G61970,-0.1228452
AT1G61980,0.0029957558
AT1G61990,0.010549373
AT1G62000,0.0071247383
AT1G62010,0.010198938
AT1G62020,0.023141209
AT1G62030,-0.14706439
AT1G62040,0.030665135
AT1G62045,0.18434876
AT1G62050,0.015480048
AT1G62060,0.0003270952
AT1G62070,-5.9551898e-05
AT1G62080,0.0072716074
AT1G62085,-0.06739937
AT1G62110,-0.0526964
AT1G62120,-0.2555836
AT1G62130,-0.023329798
AT1G62150,-0.02192817
AT1G62160,0.00019779336
AT1G62170,0.0007063425
AT1G62180,-0.06400138
AT1G62190,-0.013247755
AT1G62200,0.2181105
AT1G62210,-4.1998268e-05
AT1G62220,0.00024750727
AT1G62225,0.012274255
AT1G62240,0.16106977
AT1G62250,-0.30621865
AT1G62260,-0.10926983
AT1G62262,0.008214891
AT1G62270,3.774662e-05
AT1G62280,0.022213511
AT1G62290,-0.18108962
AT1G62300,0.6111919
AT1G62305,0.5754288
AT1G62310,0.22415473
AT1G62320,0.09367971
AT1G62330,-0.09532276
AT1G62333,-0.005523948
AT1G62340,0.00017882037
AT1G62350,0.0028120424
AT1G62360,0.022519706
AT1G62370,0.41574398
AT1G62380,0.10337925
AT1G62390,-0.005543399
AT1G62400,-0.105335064
AT1G62410,0.0018432166
AT1G62415,0.0
AT1G62420,0.22646296
AT1G62421,0.00024681253
AT1G62430,-0.09108828
AT1G62440,-0.0035936832
AT1G62450,0.005807141
AT1G62480,-0.7233606
AT1G62490,-0.019347882
AT1G62500,0.027840039
AT1G62510,0.59133023
AT1G62515,-0.0068590334
AT1G62520,-0.3240708
AT1G62530,0.0005239981
AT1G62540,-0.19780256
AT1G62560,-0.2823796
AT1G62570,1.168699
AT1G62580,0.15159208
AT1G62590,-0.239313
AT1G62600,0.15912008
AT1G62610,-0.0027001097
AT1G62620,0.045258056
AT1G62630,-0.1848937
AT1G62640,-0.10582234
AT1G62660,0.27483463
AT1G62670,0.0006169223
AT1G62680,-0.057133164
AT1G62690,-0.0003169412
AT1G62700,-0.009667841
AT1G62710,-0.23279445
AT1G62720,0.10998149
AT1G62730,0.43968034
AT1G62740,0.13380626
AT1G62750,-0.38997212
AT1G62760,0.6482038
AT1G62770,0.04270625
AT1G62780,-0.08636722
AT1G62790,0.46284539
AT1G62800,-0.3674646
AT1G62810,0.15691741
AT1G62820,0.047247976
AT1G62830,-0.03940706
AT1G62850,-0.02126751
AT1G62870,-0.1944943
AT1G62880,0.15417087
AT1G62886,-0.0053351796
AT1G62895,0.0
AT1G62900,-0.003522757
AT1G62910,-0.24080719
AT1G62914,-0.18429634
AT1G62915,0.006023835
AT1G62920,-0.04464809
AT1G62930,-0.12507774
AT1G62935,0.022771629
AT1G62940,0.03903988
AT1G62950,-0.06195438
AT1G62960,-0.08522678
AT1G62970,0.021909079
AT1G62975,-0.2689119
AT1G62978,0.0
AT1G62980,-0.0037800574
AT1G62981,-0.010829425
AT1G62990,0.00287333
AT1G63000,-0.072412245
AT1G63010,0.29082116
AT1G63020,0.08848868
AT1G63030,-0.025076082
AT1G63040,0.0
AT1G63050,-0.05185803
AT1G63055,-0.0021701425
AT1G63057,-0.0016993384
AT1G63060,-0.00030351567
AT1G63070,0.0074314442
AT1G63080,-0.30654976
AT1G63090,0.11993304
AT1G63100,-0.094155155
AT1G63105,-0.00079805806
AT1G63110,-0.003550368
AT1G63120,-0.12839003
AT1G63130,-0.34507585
AT1G63140,-0.0059251143
AT1G63150,-0.2770421
AT1G63160,0.31183502
AT1G63170,-0.07496827
AT1G63180,0.61094743
AT1G63190,-0.0008260296
AT1G63200,0.0
AT1G63205,0.0
AT1G63206,5.488591e-05
AT1G63210,0.0017277387
AT1G63220,-0.12924245
AT1G63230,-0.08652916
AT1G63240,-0.112833284
AT1G63245,0.46523073
AT1G63250,0.0066536535
AT1G63260,-0.054708734
AT1G63270,0.018123254
AT1G63280,0.018014876
AT1G63290,0.13356411
AT1G63295,-0.008781586
AT1G63300,-0.15311807
AT1G63310,-0.17024794
AT1G63320,-0.0014357363
AT1G63330,-0.07396676
AT1G63340,0.0025853189
AT1G63350,-0.18363178
AT1G63360,-0.19618325
AT1G63370,0.05192728
AT1G63390,0.030220749
AT1G63400,-0.11652442
AT1G63410,0.0038426938
AT1G63420,0.09399396
AT1G63430,-0.038875263
AT1G63440,1.1107085
AT1G63450,0.17352945
AT1G63460,0.29069856
AT1G63470,-0.23072033
AT1G63480,-0.04324453
AT1G63490,0.03210293
AT1G63500,0.10844275
AT1G63520,-0.055439487
AT1G63522,0.0012465685
AT1G63530,0.37608656
AT1G63535,0.0
AT1G63540,-0.00030017426
AT1G63550,0.0037702017
AT1G63560,0.0
AT1G63570,0.007148008
AT1G63580,-0.025979673
AT1G63590,0.026441338
AT1G63600,0.0025997018
AT1G63610,-0.088576436
AT1G63615,0.008876512
AT1G63630,0.015387363
AT1G63640,-0.02511884
AT1G63650,-0.043433476
AT1G63660,0.09123976
AT1G63670,-0.08574015
AT1G63680,-0.018634614
AT1G63690,-0.12535217
AT1G63700,-0.029147305
AT1G63710,0.04142292
AT1G63720,0.9205549
AT1G63730,-0.049181297
AT1G63740,0.058320105
AT1G63750,0.2367161
AT1G63760,0.0
AT1G63770,0.04682258
AT1G63780,0.10222915
AT1G63800,-0.1428312
AT1G63810,0.014977545
AT1G63820,0.056327853
AT1G63830,0.117009595
AT1G63840,0.42918622
AT1G63850,-0.42035332
AT1G63855,0.021048402
AT1G63860,0.09239196
AT1G63870,0.0060795527
AT1G63880,-0.094590515
AT1G63900,0.056461427
AT1G63910,-0.018988144
AT1G63930,0.08179765
AT1G63940,-0.038446218
AT1G63950,0.0035415136
AT1G63960,0.0105599
AT1G63970,-0.026240163
AT1G63980,-0.032393284
AT1G63990,0.010038741
AT1G64000,0.0039181677
AT1G64010,0.06852048
AT1G64020,0.049552917
AT1G64030,-0.010711801
AT1G64040,0.19904374
AT1G64050,-0.007832985
AT1G64060,-0.07178621
AT1G64065,0.33473742
AT1G64070,-0.016825572
AT1G64080,-0.050249636
AT1G64090,0.1418361
AT1G64100,0.014120283
AT1G64107,0.0017759106
AT1G64110,0.031857513
AT1G64130,0.00053991884
AT1G64140,0.124733776
AT1G64150,-0.18342744
AT1G64160,0.11856371
AT1G64170,0.47029173
AT1G64180,-0.03790181
AT1G64185,0.22779597
AT1G64190,0.06919466
AT1G64195,0.03649206
AT1G64200,0.30537647
AT1G64210,0.16248746
AT1G64220,-0.015314574
AT1G64230,0.015387702
AT1G64235,-0.0006844418
AT1G64253,-0.0011669172
AT1G64255,0.0015454569
AT1G64260,-0.0025436042
AT1G64280,0.28780386
AT1G64290,-0.00083989603
AT1G64295,0.0032366524
AT1G64300,-0.024698846
AT1G64310,-0.0156235695
AT1G64320,-0.118722215
AT1G64330,-0.046883672
AT1G64340,0.0014799967
AT1G64350,0.11043178
AT1G64355,-0.27638346
AT1G64360,-0.26690567
AT1G64370,-0.3994306
AT1G64380,0.3521332
AT1G64385,0.15133639
AT1G64390,-0.38858208
AT1G64400,-0.022157172
AT1G64405,0.26838535
AT1G64430,-0.12762946
AT1G64440,-0.030250583
AT1G64450,0.0050724735
AT1G64455,0.01846021
AT1G64460,0.09644406
AT1G64480,0.00393616
AT1G64490,0.016700255
AT1G64500,-0.18273285
AT1G64510,-0.2785993
AT1G64520,0.14917229
AT1G64530,-0.2031482
AT1G64540,0.0007808753
AT1G64550,0.01039902
AT1G64561,0.032464758
AT1G64570,0.015059826
AT1G64580,-0.1091794
AT1G64583,0.035628084
AT1G64584,0.0013130157
AT1G64585,5.771791e-05
AT1G64590,0.01230388
AT1G64600,0.00818793
AT1G64610,0.6997224
AT1G64620,-0.010580405
AT1G64625,-0.05994024
AT1G64630,-0.023122353
AT1G64640,-0.63496256
AT1G64650,-0.054790027
AT1G64660,0.7182802
AT1G64670,-0.44673973
AT1G64680,-0.49283373
AT1G64690,-0.09700628
AT1G64700,-0.102663845
AT1G64710,-0.13161208
AT1G64720,-0.22386618
AT1G64740,0.097846396
AT1G64750,0.08956167
AT1G64760,-0.037595674
AT1G64770,-0.3482694
AT1G64780,-0.52788824
AT1G64790,0.014764346
AT1G64795,0.03664819
AT1G64800,0.0103681
AT1G64810,0.1251925
AT1G64820,-0.016617563
AT1G64830,-0.000568768
AT1G64840,0.22285938
AT1G64850,0.057901915
AT1G64860,-0.4074887
AT1G64870,0.0005409521
AT1G64880,-0.032980446
AT1G64890,0.35255465
AT1G64900,0.12617664
AT1G64910,0.0003738285
AT1G64920,0.003138993
AT1G64930,0.0107903415
AT1G64940,0.1306634
AT1G64950,0.33307514
AT1G64960,-0.12987669
AT1G64970,0.050240356
AT1G64980,-0.14451283
AT1G64990,0.1085035
AT1G65000,0.07333826
AT1G65010,-0.4892431
AT1G65020,0.21956064
AT1G65030,0.55309886
AT1G65032,-0.06391776
AT1G65040,0.2525956
AT1G65050,0.00076660106
AT1G65060,-0.025545679
AT1G65070,-0.10528238
AT1G65080,0.006230275
AT1G65090,-0.0077301
AT1G65110,-0.026022414
AT1G65113,-9.082441e-05
AT1G65120,-0.071086936
AT1G65130,-0.040903106
AT1G65140,-0.00950468
AT1G65150,0.12487296
AT1G65160,4.8500424e-05
AT1G65165,0.0
AT1G65170,4.0305385e-05
AT1G65180,-0.00847653
AT1G65190,-0.1256515
AT1G65200,0.00017226237
AT1G65210,0.0
AT1G65220,0.04892284
AT1G65230,-0.49029344
AT1G65240,0.39227125
AT1G65250,0.08605775
AT1G65260,-0.06217187
AT1G65270,0.1698251
AT1G65280,0.013901268
AT1G65290,0.10450148
AT1G65295,-0.31872806
AT1G65300,-0.0066212155
AT1G65310,-0.044674553
AT1G65320,-0.076850064
AT1G65330,-0.033113923
AT1G65340,-0.0013084048
AT1G65342,0.0
AT1G65346,0.0026200702
AT1G65349,2.4206103e-05
AT1G65350,3.5652163e-05
AT1G65352,0.0
AT1G65360,0.0060340776
AT1G65370,-0.40495345
AT1G65380,-0.11146593
AT1G65390,0.4695223
AT1G65410,-0.014777328
AT1G65420,-0.016316602
AT1G65425,2.7950957e-05
AT1G65430,0.04896646
AT1G65440,0.03807257
AT1G65450,0.014323324
AT1G65470,-0.12057374
AT1G65480,0.055797935
AT1G65481,0.54691666
AT1G65483,0.6567695
AT1G65484,-0.025918253
AT1G65486,0.061041556
AT1G65490,0.0057433704
AT1G65500,0.6314295
AT1G65510,0.37238207
AT1G65520,0.32592955
AT1G65540,0.08159179
AT1G65541,0.00042275235
AT1G65550,0.0038099599
AT1G65560,-0.00074238377
AT1G65570,0.005577229
AT1G65580,0.14867151
AT1G65590,-0.088901214
AT1G65610,1.7729074
AT1G65620,0.010292158
AT1G65630,0.0074639623
AT1G65640,4.3063246e-05
AT1G65650,0.105919726
AT1G65660,0.08197473
AT1G65670,-0.006144395
AT1G65680,0.006767899
AT1G65681,0.0
AT1G65690,1.489313
AT1G65700,0.09546054
AT1G65710,-0.110406026
AT1G65720,0.10668713
AT1G65730,0.7458156
AT1G65735,0.0
AT1G65740,0.0
AT1G65750,0.0
AT1G65760,0.007840729
AT1G65770,0.0
AT1G65780,0.000310111
AT1G65790,0.11808343
AT1G65800,0.0536526
AT1G65810,0.0069103623
AT1G65820,0.698627
AT1G65840,0.17763685
AT1G65845,0.09809625
AT1G65850,0.034268767
AT1G65860,-0.7088341
AT1G65870,-0.28451073
AT1G65880,-0.011025017
AT1G65890,-0.007319567
AT1G65900,-0.06131893
AT1G65910,-0.21435723
AT1G65920,-0.27475485
AT1G65930,-0.0026918275
AT1G65950,-0.030818332
AT1G65960,-0.10142244
AT1G65970,0.67287135
AT1G65980,0.5176393
AT1G65985,-0.36058134
AT1G65990,0.0003120441
AT1G66000,-0.00026204807
AT1G66020,-0.025749179
AT1G66040,0.47066838
AT1G66045,0.0
AT1G66050,1.3799675
AT1G66060,0.24986365
AT1G66070,0.20813121
AT1G66080,0.12870711
AT1G66090,1.6403615
AT1G66100,-0.37024444
AT1G66110,0.028112978
AT1G66120,0.0035922527
AT1G66130,-0.19204812
AT1G66140,-0.060102493
AT1G66145,0.0
AT1G66150,-0.38456085
AT1G66160,0.95113546
AT1G66170,0.022545377
AT1G66180,-0.5055336
AT1G66190,-0.21925421
AT1G66200,0.0211392
AT1G66210,-4.6449077e-05
AT1G66220,4.77016e-05
AT1G66230,-0.10456481
AT1G66235,0.00043363188
AT1G66240,0.29121527
AT1G66245,0.0004256082
AT1G66250,-0.09012451
AT1G66260,0.08289491
AT1G66270,0.040568255
AT1G66280,0.5621925
AT1G66290,0.00018597016
AT1G66300,0.009931732
AT1G66310,6.186776e-05
AT1G66320,0.014554242
AT1G66330,-0.16203211
AT1G66340,0.12136837
AT1G66345,-0.1139305
AT1G66350,-0.2338207
AT1G66360,0.008258097
AT1G66370,0.09111485
AT1G66380,0.012328707
AT1G66390,0.38321736
AT1G66400,0.27403998
AT1G66410,0.09555425
AT1G66420,0.0010153978
AT1G66430,-0.60319746
AT1G66440,0.0031264822
AT1G66450,-0.0081214765
AT1G66460,-0.089452475
AT1G66465,0.082677476
AT1G66470,0.0052834777
AT1G66480,0.105147496
AT1G66490,0.00018230849
AT1G66500,0.60262674
AT1G66510,-0.17264168
AT1G66520,0.031333007
AT1G66530,-0.04158983
AT1G66540,-0.05203201
AT1G66550,0.16703787
AT1G66560,0.019175466
AT1G66570,1.6961472
AT1G66580,0.82218796
AT1G66590,0.43671477
AT1G66600,0.6094471
AT1G66610,0.0037594966
AT1G66620,0.020422675
AT1G66630,0.00094391685
AT1G66640,-0.00018469318
AT1G66650,-0.11320318
AT1G66660,-0.020346232
AT1G66670,0.11768917
AT1G66680,0.3233363
AT1G66690,-0.0065540327
AT1G66700,1.5824159
AT1G66720,0.0014009441
AT1G66730,-0.2596671
AT1G66740,0.14449222
AT1G66750,-0.005811381
AT1G66760,0.2702773
AT1G66770,0.001064561
AT1G66780,0.14920668
AT1G66800,-0.00095841126
AT1G66810,-0.09418019
AT1G66820,-0.0027101156
AT1G66830,0.27955085
AT1G66840,-0.0624713
AT1G66850,0.00026983256
AT1G66852,4.0841485e-05
AT1G66855,0.00017517892
AT1G66860,0.0419059
AT1G66870,0.09496093
AT1G66880,0.46031722
AT1G66890,-0.03741525
AT1G66900,-0.06416578
AT1G66910,-0.024543874
AT1G66920,0.35373637
AT1G66930,-0.06586751
AT1G66940,-0.7364352
AT1G66950,0.0112872915
AT1G66960,0.031839434
AT1G66970,0.22169727
AT1G66980,-0.52194875
AT1G67000,0.5504256
AT1G67020,0.022061681
AT1G67025,-0.0015820873
AT1G67030,0.008224664
AT1G67035,0.03567299
AT1G67040,-0.25021297
AT1G67050,-0.060586873
AT1G67060,0.21901916
AT1G67070,1.2974364
AT1G67080,-0.15375741
AT1G67090,-0.41695324
AT1G67100,0.056315944
AT1G67110,0.021366639
AT1G67120,0.08141937
AT1G67130,0.00042763512
AT1G67140,-0.0054738414
AT1G67148,0.036425676
AT1G67150,0.005110991
AT1G67160,0.0032544774
AT1G67170,0.19987349
AT1G67180,-0.07267689
AT1G67190,0.2193465
AT1G67210,0.083923146
AT1G67220,0.010690361
AT1G67230,0.01593637
AT1G67235,0.0006602502
AT1G67250,0.19991814
AT1G67260,0.001964915
AT1G67265,0.071939155
AT1G67270,0.02615058
AT1G67280,-0.20903717
AT1G67290,0.055841483
AT1G67300,0.113029435
AT1G67310,-0.009862908
AT1G67320,-0.004959992
AT1G67325,0.041980706
AT1G67330,0.10643459
AT1G67340,-0.07760945
AT1G67350,0.20059021
AT1G67360,0.133266
AT1G67370,0.024489708
AT1G67390,0.00031930036
AT1G67400,-0.064372905
AT1G67410,-0.000879691
AT1G67420,0.03870739
AT1G67430,0.081540674
AT1G67440,-0.07783007
AT1G67450,-0.00038621388
AT1G67455,0.00023112245
AT1G67460,-0.037813585
AT1G67470,-0.040679228
AT1G67480,-0.056794234
AT1G67490,0.08508841
AT1G67500,0.002911277
AT1G67510,-0.18023615
AT1G67520,0.5758931
AT1G67530,0.004046866
AT1G67540,0.025071986
AT1G67550,0.12437833
AT1G67560,0.14848612
AT1G67570,0.13856614
AT1G67580,-0.010325026
AT1G67590,-0.47704303
AT1G67600,0.27593455
AT1G67620,0.2736385
AT1G67623,-0.0013453076
AT1G67630,0.06670089
AT1G67635,0.20519382
AT1G67640,0.0009132953
AT1G67650,0.34272966
AT1G67660,-0.016998533
AT1G67670,0.0031467464
AT1G67680,0.19114739
AT1G67690,-0.030480448
AT1G67700,-0.31313735
AT1G67710,-0.12852038
AT1G67720,-0.09390506
AT1G67730,-0.09400967
AT1G67740,-0.27646726
AT1G67750,-0.77876353
AT1G67760,0.010605292
AT1G67770,-0.0027749634
AT1G67775,4.7606805e-05
AT1G67780,0.0059782546
AT1G67785,0.15845847
AT1G67790,-0.07459009
AT1G67800,0.38677692
AT1G67810,0.4869635
AT1G67820,0.037532117
AT1G67830,-0.027571082
AT1G67840,-0.11845358
AT1G67850,0.638028
AT1G67855,0.0030011781
AT1G67856,0.04211843
AT1G67860,-0.058259726
AT1G67865,0.20035954
AT1G67870,-0.13889194
AT1G67880,-0.08697357
AT1G67890,-0.023192987
AT1G67900,-0.22944273
AT1G67910,-0.16718902
AT1G67920,0.12637329
AT1G67930,0.04146046
AT1G67940,0.13142885
AT1G67950,-0.10038093
AT1G67960,0.07615382
AT1G67970,0.22309628
AT1G67980,1.8235474
AT1G67990,0.008975566
AT1G68000,0.036320794
AT1G68010,-0.39393985
AT1G68020,-0.0055909175
AT1G68030,-0.01665945
AT1G68040,0.00236156
AT1G68050,0.22124879
AT1G68060,-0.1313146
AT1G68070,0.04293718
AT1G68080,-0.039690316
AT1G68090,0.0047543943
AT1G68100,0.23996685
AT1G68110,-0.19177647
AT1G68120,-0.01658023
AT1G68130,-0.03766398
AT1G68140,0.14923252
AT1G68150,0.001123999
AT1G68160,0.2557632
AT1G68170,-0.0018910887
AT1G68180,-0.061332334
AT1G68185,-0.13259453
AT1G68190,-0.49671513
AT1G68200,0.41444418
AT1G68210,-1.5290962e-05
AT1G68220,-0.11726703
AT1G68230,0.03050163
AT1G68238,-0.08368516
AT1G68240,-0.06370054
AT1G68250,-0.02561409
AT1G68260,-0.33842146
AT1G68270,7.6066106e-05
AT1G68280,0.0005941314
AT1G68290,0.015971968
AT1G68300,0.4475148
AT1G68310,0.23949164
AT1G68320,0.044011377
AT1G68325,0.00010634753
AT1G68330,-0.03922934
AT1G68340,0.105531126
AT1G68350,0.010079922
AT1G68360,0.121862054
AT1G68370,0.19798796
AT1G68380,0.5070263
AT1G68390,0.4513033
AT1G68400,-0.6642632
AT1G68410,0.49670538
AT1G68420,3.2782867e-05
AT1G68430,-0.048228145
AT1G68440,0.24128951
AT1G68450,1.4880081
AT1G68460,0.0040422245
AT1G68470,0.08704277
AT1G68480,0.016107285
AT1G68490,-0.08010823
AT1G68500,0.09202936
AT1G68510,-0.000584119
AT1G68520,-0.22691563
AT1G68526,0.0043642973
AT1G68530,-0.1246637
AT1G68540,-0.13678141
AT1G68550,-0.049996022
AT1G68560,-0.14471911
AT1G68570,-0.072420955
AT1G68580,-0.09651856
AT1G68585,0.15986083
AT1G68590,-0.23032753
AT1G68600,-0.28575414
AT1G68610,0.06322324
AT1G68620,1.921929
AT1G68630,0.3088527
AT1G68640,0.032253154
AT1G68650,0.11954969
AT1G68660,-0.12880936
AT1G68670,0.069820896
AT1G68680,0.17959192
AT1G68690,1.0621716
AT1G68700,0.00018542493
AT1G68710,0.124184094
AT1G68720,-0.0047487943
AT1G68723,0.014592781
AT1G68725,0.007925817
AT1G68730,-0.002466774
AT1G68735,0.0
AT1G68740,-0.35909465
AT1G68750,0.0022519655
AT1G68760,-0.032830954
AT1G68765,0.28593695
AT1G68780,-0.55777085
AT1G68790,-0.082025364
AT1G68795,0.18984754
AT1G68800,-0.018176718
AT1G68810,-0.52015275
AT1G68820,0.5126647
AT1G68825,-0.013420616
AT1G68830,-0.16466081
AT1G68840,0.13660835
AT1G68845,-0.0052903313
AT1G68850,0.06066849
AT1G68862,-0.056696743
AT1G68870,-0.29758704
AT1G68875,-4.2498763e-05
AT1G68877,8.322466e-06
AT1G68880,-0.0069483025
AT1G68890,-0.3100171
AT1G68905,0.00010578976
AT1G68907,0.00032795066
AT1G68910,0.042108275
AT1G68920,0.047516387
AT1G68930,-0.014225464
AT1G68935,-0.16290772
AT1G68937,-0.04545781
AT1G68940,-0.04385046
AT1G68945,0.029832855
AT1G68960,0.0028925473
AT1G68980,0.019080985
AT1G68990,0.0657507
AT1G69010,-0.06418779
AT1G69020,-0.121046714
AT1G69030,-0.06690148
AT1G69040,-0.071418524
AT1G69050,0.06840415
AT1G69060,-0.01835596
AT1G69070,-0.016559083
AT1G69080,-0.4763724
AT1G69085,0.0056048757
AT1G69090,0.0
AT1G69100,0.0009859307
AT1G69120,0.0052068196
AT1G69150,0.214944
AT1G69160,-0.70055664
AT1G69170,-0.010885399
AT1G69180,-0.005355876
AT1G69190,0.0004730329
AT1G69200,0.24969019
AT1G69210,0.052501887
AT1G69220,0.010979534
AT1G69230,-0.18493755
AT1G69240,0.010730377
AT1G69250,0.34830236
AT1G69260,0.3658919
AT1G69270,0.2293716
AT1G69290,-0.012670971
AT1G69295,0.13290367
AT1G69310,0.08924545
AT1G69320,-0.053384557
AT1G69325,-0.039004084
AT1G69330,-0.090624444
AT1G69340,0.046110157
AT1G69350,-0.063226484
AT1G69360,-0.04321977
AT1G69370,-0.2298694
AT1G69380,-0.13092072
AT1G69390,-0.04764876
AT1G69400,-0.10509764
AT1G69410,0.48332807
AT1G69420,-0.38638827
AT1G69430,-0.026223062
AT1G69440,-0.117393225
AT1G69450,0.117452346
AT1G69460,0.029536825
AT1G69470,0.002073996
AT1G69480,0.6561341
AT1G69485,0.0444913
AT1G69490,-0.034793597
AT1G69500,0.00026501203
AT1G69510,-0.015772535
AT1G69520,0.3222454
AT1G69523,-0.34208074
AT1G69526,-0.07560468
AT1G69530,-0.8209929
AT1G69540,-0.037581716
AT1G69550,0.035020802
AT1G69560,0.0013651008
AT1G69570,-0.0050247675
AT1G69580,-0.51171726
AT1G69588,-0.06871972
AT1G69600,0.08725124
AT1G69610,0.38146138
AT1G69620,0.031247599
AT1G69630,0.00799441
AT1G69640,0.1922912
AT1G69650,0.00050129514
AT1G69660,-0.0002687677
AT1G69670,0.024644677
AT1G69680,0.16904095
AT1G69690,-0.37809402
AT1G69700,-0.47486067
AT1G69710,-0.023855759
AT1G69720,0.16771711
AT1G69730,0.2772111
AT1G69740,0.04976787
AT1G69760,0.3148808
AT1G69770,0.017042808
AT1G69780,-0.15116626
AT1G69790,1.0891445
AT1G69800,-0.16651775
AT1G69810,0.4933556
AT1G69818,0.0
AT1G69820,-0.0005497331
AT1G69825,0.0
AT1G69828,0.01008232
AT1G69830,-0.21045266
AT1G69840,0.15317881
AT1G69850,0.057897665
AT1G69860,0.003373472
AT1G69870,0.45831385
AT1G69880,1.2246978
AT1G69890,0.35410982
AT1G69900,0.43432567
AT1G69910,-0.08717019
AT1G69920,0.97966105
AT1G69930,1.7299323
AT1G69935,-0.15492441
AT1G69940,5.3100808e-05
AT1G69960,0.12576433
AT1G69970,-0.0017625524
AT1G69980,0.12981938
AT1G69990,0.006191321
AT1G70000,0.051735144
AT1G70020,-0.048696022
AT1G70030,0.018684348
AT1G70040,-0.00013356522
AT1G70060,-0.007981214
AT1G70070,-0.0089823995
AT1G70080,0.4772765
AT1G70090,-0.103383526
AT1G70100,-0.47262216
AT1G70110,-0.00056085933
AT1G70120,0.00026010093
AT1G70130,-0.34350592
AT1G70140,0.35871837
AT1G70150,0.08461565
AT1G70160,0.54707783
AT1G70170,1.3166845
AT1G70175,0.005250512
AT1G70180,-0.037070774
AT1G70190,0.03060004
AT1G70200,-0.04953302
AT1G70209,-0.0018337583
AT1G70210,-0.34623867
AT1G70220,0.07493009
AT1G70230,-0.22394866
AT1G70250,0.014361075
AT1G70260,-0.24892792
AT1G70270,0.019393338
AT1G70280,-0.40422958
AT1G70290,-0.13265072
AT1G70300,0.18268676
AT1G70310,-0.049043037
AT1G70320,0.033719547
AT1G70330,0.065545596
AT1G70335,0.0072315345
AT1G70340,-0.01005449
AT1G70350,0.14401618
AT1G70360,0.024226239
AT1G70370,-0.6224461
AT1G70380,-0.0056541543
AT1G70390,-0.08102311
AT1G70400,0.010078892
AT1G70410,-0.598807
AT1G70420,0.18892013
AT1G70430,-0.31311947
AT1G70440,0.21317372
AT1G70450,0.017126216
AT1G70460,0.036115766
AT1G70470,-0.38910738
AT1G70475,0.00016029837
AT1G70480,0.042760648
AT1G70490,0.08549949
AT1G70500,0.25894877
AT1G70505,-0.02790016
AT1G70510,-0.013121767
AT1G70520,0.041042596
AT1G70530,0.09353092
AT1G70540,0.00067261606
AT1G70550,-0.22894856
AT1G70560,-0.057171162
AT1G70570,0.041327387
AT1G70580,-0.069784805
AT1G70590,-0.0020410358
AT1G70600,0.06748356
AT1G70610,-0.039434116
AT1G70620,-0.010694406
AT1G70630,0.38644093
AT1G70640,0.73738515
AT1G70650,0.21195328
AT1G70660,0.014695944
AT1G70670,-0.051352855
AT1G70680,0.021722259
AT1G70690,0.34734803
AT1G70700,0.003462152
AT1G70710,-0.15537733
AT1G70720,0.0038963486
AT1G70730,-0.090062134
AT1G70740,0.20376462
AT1G70750,-0.1283016
AT1G70760,-1.220308
AT1G70770,0.22589314
AT1G70780,0.51454437
AT1G70790,-0.25100186
AT1G70800,-0.08444573
AT1G70810,0.44520485
AT1G70820,-0.49506077
AT1G70830,-0.030085796
AT1G70840,0.0013404646
AT1G70850,0.032461267
AT1G70860,0.0053614294
AT1G70870,3.4919487e-06
AT1G70880,-0.09300928
AT1G70890,-0.450866
AT1G70895,-0.18534932
AT1G70900,0.0014908239
AT1G70910,-0.004927087
AT1G70920,0.0699923
AT1G70940,-0.25904438
AT1G70944,-0.0011074315
AT1G70949,0.0
AT1G70950,-0.060743146
AT1G70960,3.5465986e-05
AT1G70970,2.2627832e-11
AT1G70980,0.2141753
AT1G70985,-0.14796655
AT1G70990,-0.09656416
AT1G71000,0.6464612
AT1G71010,0.060241736
AT1G71015,-0.022174358
AT1G71020,-0.19831759
AT1G71030,-0.14452176
AT1G71040,0.24954726
AT1G71050,-0.29750115
AT1G71060,-0.03589175
AT1G71070,-0.026771488
AT1G71080,0.072353534
AT1G71090,0.027375765
AT1G71100,0.6236119
AT1G71110,0.09372973
AT1G71120,-0.012126405
AT1G71130,0.14297837
AT1G71140,0.44359583
AT1G71150,0.014931783
AT1G71160,0.000981321
AT1G71170,0.2995667
AT1G71180,-0.19646583
AT1G71190,0.16494788
AT1G71200,0.007356901
AT1G71210,0.119511954
AT1G71220,0.17956474
AT1G71230,0.031050615
AT1G71235,-8.826738e-05
AT1G71240,0.12076517
AT1G71250,0.008136504
AT1G71260,-0.061704136
AT1G71270,0.030590791
AT1G71280,-0.0040468466
AT1G71290,0.0019720418
AT1G71300,0.00093272305
AT1G71310,0.06280157
AT1G71320,-0.0076709758
AT1G71330,-0.13511306
AT1G71340,-0.18413699
AT1G71350,-0.011781776
AT1G71360,-0.27068853
AT1G71370,0.100452885
AT1G71380,-0.032191817
AT1G71390,0.4639061
AT1G71400,-0.36910307
AT1G71410,0.07919087
AT1G71420,0.052080397
AT1G71430,0.0946186
AT1G71440,0.035949823
AT1G71450,-0.0014931445
AT1G71460,-0.11396412
AT1G71470,-2.4342702e-05
AT1G71480,0.022028202
AT1G71490,-0.003435743
AT1G71500,-0.2983258
AT1G71520,0.70758283
AT1G71530,0.8767089
AT1G71680,0.0
AT1G71690,0.024679309
AT1G71691,0.0008287769
AT1G71692,0.039173268
AT1G71695,-0.16443351
AT1G71696,0.0068426942
AT1G71697,0.38669336
AT1G71710,-0.1503706
AT1G71720,-0.32480827
AT1G71730,0.10960108
AT1G71740,-0.013648327
AT1G71750,0.018762449
AT1G71760,-0.019970568
AT1G71770,0.09552803
AT1G71780,0.24574852
AT1G71790,-0.24467875
AT1G71800,0.09286212
AT1G71810,-0.09242831
AT1G71820,0.0042671515
AT1G71830,0.15175349
AT1G71840,0.3041923
AT1G71850,0.079080336
AT1G71860,0.026256677
AT1G71865,0.02533231
AT1G71866,-0.026475327
AT1G71870,-0.06965254
AT1G71880,0.34592983
AT1G71890,0.45524475
AT1G71900,0.036086883
AT1G71910,0.15865108
AT1G71920,0.12324506
AT1G71930,-0.0028872336
AT1G71940,0.2338374
AT1G71950,0.013762256
AT1G71960,0.021444542
AT1G71970,-0.5260498
AT1G71980,0.012845308
AT1G71990,-0.11100734
AT1G72000,0.13195089
AT1G72010,0.040372994
AT1G72020,0.27131328
AT1G72030,-0.24945952
AT1G72040,0.05043001
AT1G72050,-0.046775542
AT1G72060,-0.07407335
AT1G72070,0.085148886
AT1G72080,0.035534613
AT1G72090,-0.06768219
AT1G72100,-0.00094060897
AT1G72110,0.0009783509
AT1G72120,0.496792
AT1G72125,0.4111877
AT1G72130,-0.115420006
AT1G72140,0.20404269
AT1G72141,0.0
AT1G72150,-0.07807362
AT1G72160,-0.14558269
AT1G72165,0.0
AT1G72175,0.14725024
AT1G72180,-0.16669126
AT1G72190,-0.031299267
AT1G72200,0.08444949
AT1G72210,-0.042009104
AT1G72220,0.008378831
AT1G72230,-0.43633708
AT1G72240,0.009320241
AT1G72250,-0.15162605
AT1G72260,0.1345258
AT1G72270,-0.027850082
AT1G72275,-0.11313684
AT1G72280,0.51744664
AT1G72290,0.00015630589
AT1G72300,-0.06696654
AT1G72310,-0.16638893
AT1G72320,-0.008998897
AT1G72330,0.29692757
AT1G72340,0.07906498
AT1G72350,0.0018261644
AT1G72360,0.02108283
AT1G72370,0.07606255
AT1G72390,0.08318946
AT1G72410,-0.2193724
AT1G72416,-0.0009923214
AT1G72420,-0.028314473
AT1G72430,-0.27276328
AT1G72440,-0.027153378
AT1G72450,0.0042596646
AT1G72460,0.001245988
AT1G72470,0.036341757
AT1G72480,-0.0623977
AT1G72490,0.029431576
AT1G72500,-0.1664231
AT1G72510,-0.10142536
AT1G72520,0.6304719
AT1G72530,-0.03411189
AT1G72540,0.40942073
AT1G72545,0.0011567685
AT1G72550,-0.07379564
AT1G72560,-0.05866516
AT1G72570,0.00042101392
AT1G72580,3.8550123e-05
AT1G72590,-0.005646511
AT1G72600,-0.20333773
AT1G72610,-0.3475016
AT1G72620,-0.0045624757
AT1G72630,-0.117221884
AT1G72640,-0.3674142
AT1G72645,-0.86022615
AT1G72650,0.0129585005
AT1G72660,0.09912407
AT1G72670,0.05979574
AT1G72680,0.79548526
AT1G72690,0.24864306
AT1G72700,0.20304434
AT1G72710,0.046647985
AT1G72720,-2.3516826e-05
AT1G72730,0.25901586
AT1G72740,0.00035436958
AT1G72750,0.09865261
AT1G72755,0.00018588906
AT1G72760,0.054391503
AT1G72770,0.25741348
AT1G72790,0.05199112
AT1G72800,0.84778875
AT1G72810,-0.28956467
AT1G72820,-0.18867013
AT1G72830,0.06350551
AT1G72840,-0.024499603
AT1G72850,-0.027513346
AT1G72860,-0.08640346
AT1G72870,-0.06856626
AT1G72880,-0.020841712
AT1G72890,0.24270022
AT1G72900,0.7335086
AT1G72910,0.07299258
AT1G72920,0.29544035
AT1G72930,0.43666637
AT1G72940,0.080107264
AT1G72950,0.1822525
AT1G72960,0.0514477
AT1G72970,-0.1381529
AT1G72980,0.0025070945
AT1G72990,-0.05380715
AT1G73000,0.014377786
AT1G73010,0.71719664
AT1G73020,-0.55880654
AT1G73030,0.0316627
AT1G73040,-0.00811116
AT1G73050,-0.017356195
AT1G73060,-0.14074332
AT1G73065,0.006303561
AT1G73066,0.007405678
AT1G73080,0.0617646
AT1G73090,-0.14642823
AT1G73100,-0.006211947
AT1G73110,-0.41746125
AT1G73120,-0.14549038
AT1G73130,0.23156515
AT1G73140,0.03160452
AT1G73150,0.1106599
AT1G73160,-0.00015873782
AT1G73165,0.0033804653
AT1G73170,-0.027563196
AT1G73177,-0.022380555
AT1G73180,0.07268296
AT1G73190,-0.0057460526
AT1G73200,0.117184386
AT1G73210,0.02146348
AT1G73220,0.034699973
AT1G73230,0.0028135818
AT1G73240,0.06997909
AT1G73250,0.11000413
AT1G73260,1.4763913
AT1G73270,0.036559034
AT1G73280,0.014233523
AT1G73290,0.00014976016
AT1G73300,0.004109036
AT1G73310,-0.19122405
AT1G73325,0.23486234
AT1G73330,-0.14678332
AT1G73340,0.005224898
AT1G73350,0.024055881
AT1G73360,-0.063350394
AT1G73370,-0.19734542
AT1G73380,0.0006397038
AT1G73390,-0.0039669652
AT1G73400,-0.012832744
AT1G73410,0.15471905
AT1G73430,0.014226032
AT1G73440,-0.047859125
AT1G73450,-0.0057458524
AT1G73460,-0.01193969
AT1G73470,-0.008710481
AT1G73480,-0.02825501
AT1G73490,0.01640408
AT1G73500,0.3454114
AT1G73510,0.042787924
AT1G73530,-0.12240587
AT1G73540,0.14794514
AT1G73550,-0.027497932
AT1G73560,0.0010305694
AT1G73570,-0.25839788
AT1G73580,-0.017503466
AT1G73590,-0.16366968
AT1G73600,-0.07928718
AT1G73603,0.031241328
AT1G73607,0.0074071665
AT1G73610,0.43639484
AT1G73620,0.017625075
AT1G73630,0.031896878
AT1G73640,-0.05795046
AT1G73655,-0.18218535
AT1G73660,-0.26870215
AT1G73670,-0.15849552
AT1G73680,-0.09446789
AT1G73690,-0.06395614
AT1G73700,-0.20601219
AT1G73710,-0.03258245
AT1G73720,-0.004417969
AT1G73730,0.02614114
AT1G73740,0.14949772
AT1G73750,0.03470007
AT1G73760,0.008472372
AT1G73770,-0.008190491
AT1G73780,-0.028725315
AT1G73790,0.018003354
AT1G73805,0.93152314
AT1G73810,0.964268
AT1G73820,0.08283753
AT1G73830,-0.4166291
AT1G73840,-0.004127119
AT1G73850,-0.12225272
AT1G73860,-0.00255763
AT1G73870,-0.57178986
AT1G73875,-0.016331535
AT1G73880,0.6165235
AT1G73885,-0.18436208
AT1G73890,-0.004541819
AT1G73910,-0.062221397
AT1G73920,0.08165403
AT1G73930,-0.06269748
AT1G73940,0.021155331
AT1G73950,-0.03185805
AT1G73960,0.0064010294
AT1G73965,0.13251482
AT1G73970,-0.056349166
AT1G73980,0.15927997
AT1G73990,-0.009943145
AT1G74000,0.6452386
AT1G74010,1.6218166
AT1G74020,1.358791
AT1G74030,0.25782785
AT1G74035,-0.0030662287
AT1G74040,-0.2040812
AT1G74045,7.320079e-05
AT1G74050,0.0019572151
AT1G74055,0.0077228714
AT1G74060,0.040499613
AT1G74070,-0.5341566
AT1G74080,0.25836483
AT1G74088,-0.09886877
AT1G74090,-0.07058189
AT1G74100,0.3852075
AT1G74110,0.0034495338
AT1G74120,-0.08762017
AT1G74130,0.007224623
AT1G74140,0.062805146
AT1G74150,-0.025393978
AT1G74160,-0.07727137
AT1G74170,-0.12280616
AT1G74180,-0.13769652
AT1G74190,0.07636783
AT1G74200,0.30462804
AT1G74210,0.31168774
AT1G74220,0.0015623408
AT1G74230,0.20078288
AT1G74240,0.013417091
AT1G74250,0.12824658
AT1G74260,0.032834496
AT1G74270,0.105736405
AT1G74280,0.44016734
AT1G74290,0.14778984
AT1G74300,0.036649812
AT1G74310,0.52245724
AT1G74320,0.0020845928
AT1G74330,0.20481436
AT1G74340,0.34679073
AT1G74350,0.031290658
AT1G74360,1.3639709
AT1G74370,-0.31059042
AT1G74380,-0.062415548
AT1G74385,-0.02150483
AT1G74390,-0.0033583683
AT1G74400,0.12485681
AT1G74410,0.09004208
AT1G74420,-0.20855226
AT1G74430,-0.30459908
AT1G74440,0.3813694
AT1G74450,-0.10765807
AT1G74458,-0.05191458
AT1G74460,0.012634007
AT1G74470,-0.35569957
AT1G74480,0.0022071882
AT1G74490,0.057920344
AT1G74500,0.006349917
AT1G74510,-0.046010207
AT1G74520,-0.1292759
AT1G74530,-0.10113156
AT1G74540,0.006820628
AT1G74550,0.13470678
AT1G74560,-0.0027185879
AT1G74580,-0.17942938
AT1G74590,1.5490327
AT1G74600,0.09808885
AT1G74620,3.7347796e-05
AT1G74630,-0.11762534
AT1G74640,0.23877798
AT1G74650,-0.24373364
AT1G74660,0.02034543
AT1G74670,-0.968924
AT1G74675,0.013079412
AT1G74680,-0.06226324
AT1G74690,-0.20178205
AT1G74700,-0.0018061359
AT1G74710,0.4598167
AT1G74720,-0.02200639
AT1G74740,0.034593217
AT1G74750,0.36424696
AT1G74770,-0.16087879
AT1G74780,-0.05506776
AT1G74790,0.42360088
AT1G74800,-0.15545665
AT1G74810,-0.15301998
AT1G74820,0.00027375252
AT1G74830,-0.029066153
AT1G74840,-0.046369758
AT1G74850,-0.014831935
AT1G74860,0.048720356
AT1G74870,0.043911923
AT1G74875,-0.009795983
AT1G74880,-0.5219658
AT1G74890,-0.18351565
AT1G74900,0.09302832
AT1G74910,-0.11175773
AT1G74920,0.020532867
AT1G74929,0.0022196765
AT1G74930,-0.09999417
AT1G74940,-0.24653842
AT1G74950,0.013017761
AT1G74960,-0.09780219
AT1G74970,-0.2980886
AT1G74990,0.015339632
AT1G75000,0.9379991
AT1G75010,-0.07071982
AT1G75020,0.21530682
AT1G75030,0.0447044
AT1G75040,0.66765994
AT1G75050,0.005664702
AT1G75060,-0.13231193
AT1G75080,-0.039082073
AT1G75090,-0.05949729
AT1G75100,-0.13656941
AT1G75110,-0.059216157
AT1G75120,-0.06265158
AT1G75125,-0.13825323
AT1G75130,0.07540776
AT1G75140,0.045992892
AT1G75150,-0.10674707
AT1G75160,0.010320434
AT1G75170,0.67033076
AT1G75180,-0.19552569
AT1G75190,-0.11633439
AT1G75200,0.22626866
AT1G75210,-0.04702745
AT1G75220,0.1007805
AT1G75230,0.061955333
AT1G75240,-0.4451826
AT1G75250,-0.25495428
AT1G75260,-0.07827903
AT1G75270,0.40940118
AT1G75280,-0.01191711
AT1G75290,0.038210027
AT1G75300,-0.13896383
AT1G75310,-0.25320518
AT1G75330,0.092275396
AT1G75335,0.28213853
AT1G75340,0.05729965
AT1G75350,-0.23049283
AT1G75360,-0.05562401
AT1G75370,0.065302625
AT1G75380,0.0633492
AT1G75390,-0.0035485793
AT1G75400,0.21751104
AT1G75410,0.07138954
AT1G75420,-0.074860096
AT1G75430,0.004986018
AT1G75440,-0.03766256
AT1G75450,-0.054349434
AT1G75460,-0.05411224
AT1G75470,0.02492958
AT1G75490,-0.2812503
AT1G75500,-0.39817807
AT1G75510,0.19680667
AT1G75520,0.031423133
AT1G75530,0.0013708994
AT1G75540,0.061574094
AT1G75560,0.21420854
AT1G75580,0.039001606
AT1G75590,-0.12262556
AT1G75600,0.0530335
AT1G75620,-0.1091193
AT1G75630,0.09625571
AT1G75660,0.045409426
AT1G75670,0.41118225
AT1G75680,-0.3813263
AT1G75690,-0.2963701
AT1G75700,0.064272545
AT1G75710,-0.24339923
AT1G75717,0.00023701902
AT1G75720,-0.072266474
AT1G75730,0.08457422
AT1G75750,0.14744261
AT1G75760,0.007420635
AT1G75780,-0.33670947
AT1G75785,-0.00047639923
AT1G75790,-0.0034444125
AT1G75800,-0.43654752
AT1G75810,0.12926945
AT1G75820,-0.41321146
AT1G75830,0.20935103
AT1G75840,-0.049850088
AT1G75850,0.18807904
AT1G75860,0.066642664
AT1G75870,4.259102e-05
AT1G75880,-0.07587309
AT1G75890,-0.04674345
AT1G75900,0.10359576
AT1G75910,0.0020958635
AT1G75920,0.15756032
AT1G75930,-0.0006285717
AT1G75940,0.00023257417
AT1G75945,-0.0288583
AT1G75950,0.23434553
AT1G75960,-0.5911264
AT1G75980,-0.0068102134
AT1G75990,0.1790539
AT1G76010,0.047396645
AT1G76020,-0.0705061
AT1G76030,0.026465831
AT1G76040,0.16762707
AT1G76050,-0.014758762
AT1G76060,0.3066176
AT1G76065,0.0528968
AT1G76070,0.8521595
AT1G76080,0.011737302
AT1G76090,0.07486451
AT1G76100,-0.1271774
AT1G76110,-0.3426777
AT1G76120,-0.13505083
AT1G76130,-0.0004975321
AT1G76140,0.12409799
AT1G76150,0.50866073
AT1G76160,-0.05082238
AT1G76170,-0.017101156
AT1G76180,-0.020810287
AT1G76185,0.16375758
AT1G76190,-0.015595009
AT1G76200,0.22065969
AT1G76210,0.029035456
AT1G76220,-0.01416259
AT1G76230,0.022943072
AT1G76240,-0.30462918
AT1G76250,0.084444165
AT1G76260,-0.039991513
AT1G76270,-0.007443154
AT1G76280,-0.101363316
AT1G76290,0.016639786
AT1G76300,0.032226153
AT1G76310,-0.21442606
AT1G76320,0.018175596
AT1G76340,-0.027827296
AT1G76350,-0.08350876
AT1G76360,0.11733149
AT1G76370,0.003823001
AT1G76380,-0.04831973
AT1G76390,0.63725436
AT1G76400,-0.041874833
AT1G76405,-0.11630392
AT1G76410,0.075107105
AT1G76420,0.017919786
AT1G76430,0.041236665
AT1G76440,-0.12889886
AT1G76450,-0.340389
AT1G76460,0.035061784
AT1G76465,0.001100557
AT1G76470,1.5543249
AT1G76480,0.026273808
AT1G76490,0.0032002754
AT1G76500,0.011861672
AT1G76510,0.14852479
AT1G76520,0.3633912
AT1G76530,-0.19774282
AT1G76540,-0.098341905
AT1G76550,0.13249075
AT1G76560,0.41228604
AT1G76570,-0.21097149
AT1G76580,0.20588844
AT1G76590,0.31357768
AT1G76600,1.0122076
AT1G76610,-0.10160043
AT1G76620,0.018981164
AT1G76630,0.0443831
AT1G76640,0.33799627
AT1G76650,1.4480122
AT1G76660,0.038993835
AT1G76670,-0.08783042
AT1G76680,0.16031761
AT1G76690,0.08665374
AT1G76700,0.2678302
AT1G76705,0.060198385
AT1G76710,-0.04809689
AT1G76720,-0.4603514
AT1G76728,0.0
AT1G76730,-0.18470305
AT1G76740,-0.22836576
AT1G76750,0.00024114412
AT1G76760,0.32407874
AT1G76770,0.007473031
AT1G76780,-0.22233197
AT1G76790,0.2908887
AT1G76800,-0.27404615
AT1G76810,0.01284835
AT1G76820,-0.029907925
AT1G76830,0.00092399336
AT1G76840,0.00051686756
AT1G76850,-0.0022270926
AT1G76860,0.051241867
AT1G76870,-0.06140846
AT1G76880,-0.120547906
AT1G76890,-0.14622355
AT1G76900,0.04713154
AT1G76910,2.213418e-05
AT1G76920,0.11547574
AT1G76930,1.1130443
AT1G76940,0.06290046
AT1G76950,0.035681136
AT1G76952,-0.018615434
AT1G76954,0.0014958221
AT1G76955,-0.11913848
AT1G76960,0.46318355
AT1G76965,0.025604255
AT1G76970,0.13814628
AT1G76980,0.57149553
AT1G76990,-0.2842687
AT1G76994,-0.0073202914
AT1G77000,0.47356966
AT1G77010,-0.03374826
AT1G77020,-0.078915946
AT1G77030,0.021164376
AT1G77060,-0.13342588
AT1G77080,-0.052585106
AT1G77090,-0.19343276
AT1G77093,0.0026649504
AT1G77100,0.00062357954
AT1G77110,-0.10781865
AT1G77120,0.5950455
AT1G77122,-0.029940514
AT1G77130,0.06466875
AT1G77140,0.083538264
AT1G77145,0.5606289
AT1G77150,-0.0037397072
AT1G77160,0.006929738
AT1G77170,0.0462695
AT1G77180,0.12331434
AT1G77200,0.025608193
AT1G77210,0.13551587
AT1G77220,0.032198105
AT1G77230,0.031771705
AT1G77240,0.17931688
AT1G77260,0.014639863
AT1G77270,-0.3662295
AT1G77280,-0.004961027
AT1G77290,-0.050966203
AT1G77300,-0.0003145656
AT1G77310,-0.0037070683
AT1G77320,-0.047384527
AT1G77330,-0.35051018
AT1G77340,0.0032055753
AT1G77350,0.036330674
AT1G77360,0.008710866
AT1G77370,0.3197431
AT1G77380,1.1367159
AT1G77390,0.01869633
AT1G77400,-0.004900467
AT1G77405,0.14914285
AT1G77410,0.031862408
AT1G77420,0.32051635
AT1G77440,0.07895975
AT1G77450,0.1493086
AT1G77460,-0.07408359
AT1G77470,0.12330724
AT1G77480,-0.008020111
AT1G77490,-0.62254566
AT1G77500,0.5015271
AT1G77510,0.4870399
AT1G77520,0.06240105
AT1G77525,0.0037726949
AT1G77530,0.032092217
AT1G77540,0.22802459
AT1G77550,-0.027880853
AT1G77570,0.32730538
AT1G77580,-0.7492912
AT1G77590,-0.05158742
AT1G77600,-0.10383604
AT1G77610,0.12097981
AT1G77620,-0.16872482
AT1G77630,-0.17658162
AT1G77640,0.038082696
AT1G77650,0.0
AT1G77655,0.0028686582
AT1G77660,0.0074893907
AT1G77670,0.018471153
AT1G77680,0.42717168
AT1G77682,0.0
AT1G77690,-0.2871009
AT1G77700,-0.035063814
AT1G77710,0.18388169
AT1G77720,-0.1598452
AT1G77730,0.07928279
AT1G77740,-0.030345548
AT1G77750,-0.12712853
AT1G77760,0.15859334
AT1G77765,0.0046612946
AT1G77770,0.46918264
AT1G77780,0.0
AT1G77790,0.0045435145
AT1G77800,0.0070348694
AT1G77810,0.51326686
AT1G77815,0.00032091257
AT1G77830,0.00044322974
AT1G77840,0.5676495
AT1G77850,0.015658217
AT1G77855,-0.114444934
AT1G77860,-0.019923385
AT1G77870,-0.0523889
AT1G77880,0.060551293
AT1G77885,0.2860913
AT1G77890,0.455363
AT1G77910,0.0
AT1G77920,0.4674028
AT1G77930,-0.015381156
AT1G77932,-0.021030068
AT1G77940,-0.0029646722
AT1G77950,0.0057630986
AT1G77960,-0.2309756
AT1G77980,-0.0022044883
AT1G77990,-0.010796228
AT1G78000,0.41121337
AT1G78010,-0.0021275622
AT1G78020,-0.27623302
AT1G78030,0.023406902
AT1G78040,-0.2912306
AT1G78050,0.42089242
AT1G78060,-0.38774857
AT1G78070,-0.098281175
AT1G78080,0.18348841
AT1G78090,-0.06884816
AT1G78100,-0.1812539
AT1G78110,-0.2301713
AT1G78120,0.0072545595
AT1G78130,-0.03042318
AT1G78140,0.0050019254
AT1G78150,-0.059650145
AT1G78160,-0.0017698847
AT1G78170,-0.15902387
AT1G78172,0.058296915
AT1G78180,-0.06498482
AT1G78190,0.6898154
AT1G78200,0.09138209
AT1G78210,0.09817715
AT1G78220,0.0029573552
AT1G78230,-0.016827658
AT1G78240,-0.15558699
AT1G78260,-0.18962575
AT1G78270,-0.036854096
AT1G78280,0.20124231
AT1G78290,-0.120773226
AT1G78300,0.022410436
AT1G78310,0.2303391
AT1G78320,-0.0015489236
AT1G78340,0.06158645
AT1G78360,0.011481383
AT1G78370,-0.27184403
AT1G78380,0.5500661
AT1G78390,-0.009799457
AT1G78400,0.0068160477
AT1G78410,0.7588868
AT1G78420,0.6311853
AT1G78430,-0.07503528
AT1G78440,-0.035516877
AT1G78450,-0.39400434
AT1G78460,-0.5156788
AT1G78470,-0.00020818351
AT1G78476,-0.0078250095
AT1G78480,-0.045829915
AT1G78490,0.2140683
AT1G78500,0.0019961928
AT1G78510,-0.017434146
AT1G78520,-0.0142027065
AT1G78530,-0.2448626
AT1G78540,-0.029258853
AT1G78550,0.248395
AT1G78560,0.014450911
AT1G78570,0.27592003
AT1G78580,-0.21305728
AT1G78590,0.05456344
AT1G78600,0.13208258
AT1G78610,0.5743778
AT1G78620,0.23369151
AT1G78630,-0.29018566
AT1G78635,0.011810875
AT1G78640,7.432208e-05
AT1G78650,-0.046290133
AT1G78660,0.15366793
AT1G78670,0.027604014
AT1G78680,-0.019701598
AT1G78690,-0.050228335
AT1G78700,-0.055490024
AT1G78710,0.04339604
AT1G78720,0.077276886
AT1G78730,-0.044110164
AT1G78740,0.00018090519
AT1G78750,-0.20013252
AT1G78760,-0.0103993965
AT1G78770,-0.12176637
AT1G78780,0.65676695
AT1G78790,0.021816984
AT1G78800,0.17460676
AT1G78810,0.006410583
AT1G78815,0.01543571
AT1G78820,-0.21212086
AT1G78830,0.28183815
AT1G78840,0.013091882
AT1G78850,0.040336616
AT1G78860,0.010317811
AT1G78870,0.18238924
AT1G78880,-0.07619893
AT1G78890,0.18786167
AT1G78895,0.12417752
AT1G78900,0.18695153
AT1G78910,0.062388457
AT1G78915,-0.29119784
AT1G78920,0.12818806
AT1G78922,0.0013988961
AT1G78930,0.13996948
AT1G78940,0.0917602
AT1G78950,-0.1685805
AT1G78955,-0.067899
AT1G78960,0.25303224
AT1G78970,-0.25630683
AT1G78980,0.0052108625
AT1G78990,-0.086078756
AT1G78995,-0.25573558
AT1G79000,0.008971125
AT1G79010,0.20764257
AT1G79020,0.039637275
AT1G79030,-0.15649703
AT1G79040,-0.29427817
AT1G79050,0.073702484
AT1G79060,-0.17015448
AT1G79070,-0.109847866
AT1G79080,0.030654915
AT1G79090,-0.010255039
AT1G79100,0.004799546
AT1G79103,0.009322375
AT1G79110,-0.10112304
AT1G79120,-0.018705036
AT1G79130,-0.0014060214
AT1G79150,0.012158664
AT1G79160,0.12433859
AT1G79170,-0.021180974
AT1G79180,0.37930652
AT1G79190,0.104137205
AT1G79200,0.014102543
AT1G79210,0.23119771
AT1G79220,-0.097316146
AT1G79230,0.09282572
AT1G79250,0.015299308
AT1G79260,0.0026331628
AT1G79270,-0.01338982
AT1G79280,-0.00019434938
AT1G79310,0.044170782
AT1G79320,0.034650687
AT1G79330,0.005007611
AT1G79340,0.15681122
AT1G79350,0.015531484
AT1G79360,0.30360597
AT1G79370,-0.000866035
AT1G79380,0.09709109
AT1G79390,0.020854244
AT1G79400,0.15497942
AT1G79410,0.012789151
AT1G79420,-0.019588232
AT1G79430,0.11586609
AT1G79440,0.086040355
AT1G79450,1.5480075
AT1G79460,-0.08217779
AT1G79470,0.08926089
AT1G79480,-0.14605376
AT1G79485,-0.001275217
AT1G79490,0.0009434279
AT1G79500,-0.22407885
AT1G79510,-0.010332729
AT1G79520,0.33824822
AT1G79530,0.2738046
AT1G79540,-0.007910332
AT1G79550,0.5610688
AT1G79560,-0.1802087
AT1G79570,0.007749928
AT1G79580,0.008972771
AT1G79590,0.06734486
AT1G79600,0.0008777295
AT1G79610,0.3873374
AT1G79620,-0.063189775
AT1G79630,-0.07193667
AT1G79640,-0.08756013
AT1G79650,0.021848382
AT1G79660,-0.02898964
AT1G79670,-0.051256042
AT1G79680,1.4156715
AT1G79690,0.28697646
AT1G79700,-0.20268367
AT1G79710,0.097828954
AT1G79720,-0.12546887
AT1G79730,0.12259671
AT1G79740,0.0046584327
AT1G79750,0.0742441
AT1G79760,-0.21584658
AT1G79770,-0.115535
AT1G79780,0.003672309
AT1G79790,-0.030407034
AT1G79800,0.0014091579
AT1G79810,0.042154282
AT1G79820,-0.21369112
AT1G79830,0.017318096
AT1G79840,-0.11669576
AT1G79850,-0.25862864
AT1G79860,0.013427358
AT1G79870,0.017949846
AT1G79880,-0.025610227
AT1G79890,-0.07308539
AT1G79900,0.9803497
AT1G79910,0.044481385
AT1G79915,0.014729258
AT1G79920,0.101840556
AT1G79930,0.300578
AT1G79940,0.16650854
AT1G79950,0.02606994
AT1G79960,0.0013688836
AT1G79970,0.1231027
AT1G79985,0.11606131
AT1G79990,-0.21322972
AT1G80000,0.1398809
AT1G80010,0.11730083
AT1G80030,-0.21076383
AT1G80040,0.11645537
AT1G80050,-0.18830152
AT1G80060,-0.083437435
AT1G80070,0.0862668
AT1G80080,0.18991292
AT1G80090,-0.0056678653
AT1G80100,0.0062049385
AT1G80110,0.1229702
AT1G80120,0.16668884
AT1G80130,-0.20509806
AT1G80133,0.0011930579
AT1G80140,0.0
AT1G80150,0.09271467
AT1G80160,0.96606797
AT1G80165,0.031376474
AT1G80170,-0.23894133
AT1G80180,0.0054595387
AT1G80190,-0.00818528
AT1G80200,-0.07506157
AT1G80210,0.11431002
AT1G80220,0.0
AT1G80230,0.44511387
AT1G80240,0.03162962
AT1G80245,-0.009400595
AT1G80260,-0.28288427
AT1G80270,0.011672276
AT1G80280,-0.30645233
AT1G80290,0.20464936
AT1G80300,0.5308403
AT1G80310,0.07860584
AT1G80315,-0.16068222
AT1G80320,0.3282824
AT1G80330,0.0006729156
AT1G80340,-0.010795166
AT1G80350,-0.04389577
AT1G80360,0.034987934
AT1G80370,-0.0829652
AT1G80380,-0.08107737
AT1G80390,-0.0027801583
AT1G80400,-0.02736582
AT1G80410,0.0019771561
AT1G80420,0.17009921
AT1G80440,0.12541185
AT1G80450,0.45831025
AT1G80460,0.22649841
AT1G80470,0.01753702
AT1G80480,-0.083756566
AT1G80490,-0.0021218357
AT1G80500,0.098454334
AT1G80510,0.3121392
AT1G80520,-0.09037885
AT1G80525,0.00050465553
AT1G80530,-0.17922
AT1G80540,0.0108572785
AT1G80550,-0.012219496
AT1G80555,0.026462803
AT1G80560,-0.032286968
AT1G80570,-0.07535059
AT1G80580,0.064803556
AT1G80590,0.040389035
AT1G80600,0.01512923
AT1G80610,0.061681177
AT1G80620,0.036266543
AT1G80625,0.0013530796
AT1G80630,-0.067003705
AT1G80640,-0.44176438
AT1G80650,0.021470102
AT1G80660,-0.025530057
AT1G80670,0.10721605
AT1G80680,0.013733431
AT1G80690,-0.38161618
AT1G80700,-0.0518301
AT1G80710,0.15869646
AT1G80720,-0.0023093862
AT1G80730,0.02019725
AT1G80740,-0.0046140174
AT1G80745,-0.062825724
AT1G80750,0.025045382
AT1G80760,-0.49810144
AT1G80770,-0.03538212
AT1G80780,-0.05335083
AT1G80790,-0.14450699
AT1G80810,-0.013215786
AT1G80820,1.2044644
AT1G80830,0.35773644
AT1G80840,0.6032435
AT1G80850,-0.18262357
AT1G80860,0.00457973
AT1G80865,4.2650994e-05
AT1G80870,-0.14876914
AT1G80880,-0.020023998
AT1G80890,0.2028883
AT1G80900,-0.038945355
AT1G80910,-0.008421015
AT1G80920,-0.3797843
AT1G80930,0.056466505
AT1G80940,-0.079833046
AT1G80950,0.22651035
AT1G80960,-0.0021325685
AT1G80970,-0.09900652
AT1G80980,-0.15631121
AT1G80990,0.0012840838
AT2G01008,0.29871643
AT2G01021,0.01807663
AT2G01023,0.0004604766
AT2G01035,0.0
AT2G01050,0.0
AT2G01060,0.21583444
AT2G01070,-0.2487236
AT2G01080,-0.038313188
AT2G01090,-0.061476614
AT2G01100,0.040580925
AT2G01110,-0.056147885
AT2G01120,-0.017858813
AT2G01130,-0.058416285
AT2G01140,0.21969405
AT2G01150,-0.17511535
AT2G01170,0.124361224
AT2G01175,0.030748101
AT2G01180,0.46248174
AT2G01190,0.14134525
AT2G01200,0.017356697
AT2G01210,-0.30204093
AT2G01220,0.13004316
AT2G01240,4.5378805e-05
AT2G01250,-0.008343149
AT2G01260,-0.033794425
AT2G01270,0.06657803
AT2G01275,-0.03241825
AT2G01280,0.0018891537
AT2G01290,0.028286621
AT2G01300,0.027900426
AT2G01310,0.00686064
AT2G01320,-0.012623313
AT2G01330,0.037734278
AT2G01340,0.4126226
AT2G01350,0.25079575
AT2G01360,-0.0021491796
AT2G01370,0.0013045624
AT2G01379,0.22487707
AT2G01390,-0.041217964
AT2G01400,0.021273475
AT2G01410,0.26014325
AT2G01420,-0.34609523
AT2G01430,0.02057455
AT2G01440,0.067135595
AT2G01450,0.0032254523
AT2G01460,0.20225595
AT2G01470,0.18903522
AT2G01480,0.11533864
AT2G01490,0.44470713
AT2G01500,0.0008430398
AT2G01505,-0.3380878
AT2G01510,-0.04820798
AT2G01520,0.02062078
AT2G01530,0.06065522
AT2G01540,0.4385244
AT2G01554,8.662204e-05
AT2G01560,0.0038753988
AT2G01570,-0.24676031
AT2G01580,0.006477769
AT2G01590,-0.38952303
AT2G01600,0.16677035
AT2G01610,0.08651708
AT2G01620,-0.047881193
AT2G01630,-0.07362287
AT2G01640,0.016691132
AT2G01650,0.15244329
AT2G01660,-0.077012375
AT2G01667,0.00051362277
AT2G01670,0.09024768
AT2G01680,0.04227601
AT2G01690,-0.0020740696
AT2G01710,-0.01965609
AT2G01720,0.06874099
AT2G01730,0.021961842
AT2G01735,0.04791794
AT2G01740,-0.12901297
AT2G01750,0.00093697617
AT2G01755,-0.1611242
AT2G01760,-0.19897088
AT2G01770,0.0012286399
AT2G01780,0.00904202
AT2G01790,-9.1475296e-05
AT2G01800,0.00010309656
AT2G01810,0.02478498
AT2G01818,0.019318752
AT2G01820,-0.03167456
AT2G01830,-0.18113536
AT2G01850,-0.042079292
AT2G01860,-0.0658629
AT2G01870,-0.24983205
AT2G01880,0.016833492
AT2G01890,1.1535673
AT2G01900,0.030543145
AT2G01905,-0.047367387
AT2G01910,-0.24927755
AT2G01913,0.064121634
AT2G01918,-0.30479908
AT2G01920,0.26193205
AT2G01930,-0.040591937
AT2G01940,-0.11036397
AT2G01950,-0.23423803
AT2G01960,0.004205851
AT2G01970,0.1813968
AT2G01980,0.21852173
AT2G01990,-0.29053393
AT2G02000,0.005469489
AT2G02010,0.2984228
AT2G02020,-0.5483304
AT2G02023,0.0001284169
AT2G02026,0.0
AT2G02030,0.007905145
AT2G02040,0.37335482
AT2G02050,0.2903723
AT2G02060,0.3610989
AT2G02061,0.285609
AT2G02070,-0.11752858
AT2G02080,0.0012319013
AT2G02090,0.097503275
AT2G02100,0.31012467
AT2G02103,0.0005348014
AT2G02120,0.07531761
AT2G02130,-0.2071289
AT2G02135,0.0
AT2G02140,5.191328e-05
AT2G02147,0.007053331
AT2G02148,0.0458159
AT2G02150,-0.02117834
AT2G02160,0.00040790718
AT2G02170,-0.36529794
AT2G02180,-0.0034561194
AT2G02220,0.047021944
AT2G02230,-0.110859305
AT2G02240,0.1326461
AT2G02250,-0.016361551
AT2G02270,0.0
AT2G02280,0.0
AT2G02290,0.0
AT2G02300,-0.0015733737
AT2G02310,0.036642905
AT2G02320,0.1146962
AT2G02340,0.23556584
AT2G02350,0.2758558
AT2G02360,0.23104958
AT2G02370,0.20963842
AT2G02380,0.008656495
AT2G02390,0.63350844
AT2G02400,0.07014767
AT2G02410,-0.009692608
AT2G02440,0.00048268292
AT2G02450,-0.22390056
AT2G02455,0.018106781
AT2G02470,-0.024007885
AT2G02480,-0.0008332012
AT2G02490,0.0010687037
AT2G02493,0.0013761432
AT2G02497,-0.0023113019
AT2G02498,0.00038539257
AT2G02500,-0.32547864
AT2G02510,0.39335775
AT2G02515,0.013045471
AT2G02520,-0.020326514
AT2G02525,-0.00071157026
AT2G02540,0.020922465
AT2G02550,-0.0013858806
AT2G02560,-0.024014307
AT2G02570,-0.07318415
AT2G02580,0.09822829
AT2G02590,-0.0691247
AT2G02610,-0.0044494863
AT2G02620,-0.0023320303
AT2G02630,0.00054246595
AT2G02635,8.541296e-06
AT2G02640,0.0023192656
AT2G02650,0.00019019487
AT2G02660,9.5103256e-05
AT2G02680,-0.011180087
AT2G02690,-9.180811e-05
AT2G02695,0.00021852428
AT2G02700,0.005071136
AT2G02710,-0.0905668
AT2G02720,0.007188183
AT2G02730,0.45533568
AT2G02740,0.0706838
AT2G02750,-0.038871408
AT2G02760,0.09473555
AT2G02765,-0.24949118
AT2G02770,0.0002617957
AT2G02780,-0.49658614
AT2G02790,-0.18335499
AT2G02795,0.0003025118
AT2G02800,-0.030109638
AT2G02810,0.60193527
AT2G02820,-0.085065715
AT2G02835,0.001601833
AT2G02840,0.00046627867
AT2G02850,0.4118067
AT2G02860,0.18393518
AT2G02870,0.5779976
AT2G02880,0.026603738
AT2G02890,-0.00051724154
AT2G02910,-0.10102817
AT2G02930,0.29853964
AT2G02950,0.00015642494
AT2G02955,0.08359985
AT2G02960,0.14167728
AT2G02970,0.1141067
AT2G02980,-0.08386522
AT2G02990,0.5804599
AT2G03000,0.008492813
AT2G03010,0.04444988
AT2G03020,0.07163223
AT2G03030,-0.0011689415
AT2G03040,0.023933617
AT2G03050,0.0016504795
AT2G03060,0.0045460826
AT2G03070,0.04005143
AT2G03090,-0.2236335
AT2G03110,0.020947224
AT2G03120,0.21392636
AT2G03130,0.008309398
AT2G03140,-0.010132232
AT2G03150,0.028451242
AT2G03160,0.011097608
AT2G03170,0.0016401259
AT2G03180,0.0
AT2G03190,8.672843e-05
AT2G03200,-0.04062284
AT2G03210,0.0023637176
AT2G03220,0.010772839
AT2G03230,0.012585568
AT2G03240,0.25409734
AT2G03250,0.026798842
AT2G03260,0.02717324
AT2G03270,0.14330448
AT2G03280,-0.08961607
AT2G03290,0.014417407
AT2G03300,0.0031177152
AT2G03310,-0.115199216
AT2G03320,0.004264661
AT2G03330,-0.059864823
AT2G03340,-0.10249783
AT2G03350,-0.38440138
AT2G03360,0.66015124
AT2G03370,-0.0053333757
AT2G03380,-0.02680351
AT2G03390,-0.057032887
AT2G03410,0.38841572
AT2G03420,-0.29237786
AT2G03430,0.055528983
AT2G03440,-0.11987922
AT2G03450,0.14454417
AT2G03460,0.004317896
AT2G03470,0.09776981
AT2G03480,-0.13849743
AT2G03500,-0.06458419
AT2G03505,0.5463432
AT2G03510,0.37085754
AT2G03520,-0.014128055
AT2G03530,-0.1079093
AT2G03550,-0.23970056
AT2G03560,-0.051699094
AT2G03565,-0.0010468503
AT2G03567,6.377408e-05
AT2G03570,0.0
AT2G03580,0.0053668013
AT2G03590,-0.012845805
AT2G03600,0.00027472654
AT2G03610,0.0002920948
AT2G03620,0.057947166
AT2G03630,0.005313149
AT2G03640,0.06950841
AT2G03667,0.06415439
AT2G03670,0.09076746
AT2G03680,0.046582006
AT2G03690,0.05515153
AT2G03710,-0.28745145
AT2G03720,0.008840817
AT2G03730,-0.08084924
AT2G03740,0.01558683
AT2G03750,-0.40328246
AT2G03760,0.937017
AT2G03770,0.0061997324
AT2G03780,-0.119250625
AT2G03800,0.20064011
AT2G03810,-0.0441342
AT2G03820,0.024009205
AT2G03821,0.004149777
AT2G03822,0.00020622252
AT2G03823,0.0
AT2G03830,0.04734662
AT2G03840,0.002999823
AT2G03850,1.0605426
AT2G03870,0.03776013
AT2G03880,-0.009046019
AT2G03890,-0.21409068
AT2G03913,0.00015909568
AT2G03930,0.0
AT2G03931,0.0
AT2G03932,0.0
AT2G03933,8.574981e-05
AT2G03936,0.0
AT2G03937,0.0
AT2G03955,0.00024075848
AT2G03965,0.068926424
AT2G03980,0.2143651
AT2G04020,-6.633527e-05
AT2G04025,-0.0002528669
AT2G04030,-0.009682167
AT2G04031,0.0
AT2G04032,-0.22450607
AT2G04033,0.0
AT2G04034,0.0
AT2G04037,0.0
AT2G04038,0.010235116
AT2G04039,-0.68129146
AT2G04040,0.7327332
AT2G04041,0.0
AT2G04045,0.0
AT2G04046,0.011900717
AT2G04050,0.0056717303
AT2G04060,0.00028736447
AT2G04062,0.0
AT2G04063,0.0
AT2G04066,0.030602438
AT2G04070,0.3676633
AT2G04080,0.079589695
AT2G04090,0.0019727712
AT2G04100,1.076196
AT2G04115,0.0056935423
AT2G04137,0.00044637604
AT2G04160,0.4252594
AT2G04170,-0.16619405
AT2G04190,0.52924955
AT2G04220,-0.00017753526
AT2G04230,-0.10380968
AT2G04235,-0.06132344
AT2G04240,-0.043271564
AT2G04270,-0.08212231
AT2G04280,-0.06980241
AT2G04300,0.0001068986
AT2G04305,0.057608664
AT2G04340,-0.017487101
AT2G04350,0.19147484
AT2G04360,-0.02360421
AT2G04378,-0.2228438
AT2G04380,0.008048331
AT2G04390,0.10782929
AT2G04395,-0.04087762
AT2G04400,0.9603502
AT2G04410,0.04102023
AT2G04420,0.0069961445
AT2G04425,0.0
AT2G04430,0.30219823
AT2G04440,0.0040415497
AT2G04450,0.4951184
AT2G04480,-9.937494e-05
AT2G04495,0.1178577
AT2G04500,0.0041161347
AT2G04515,0.18631326
AT2G04520,0.07339077
AT2G04530,0.037234
AT2G04540,-0.040197972
AT2G04550,0.20886028
AT2G04560,-0.07240895
AT2G04570,-0.0015949009
AT2G04620,0.36983415
AT2G04621,0.007880919
AT2G04622,0.0
AT2G04630,0.08607608
AT2G04650,0.08768883
AT2G04660,-0.10376103
AT2G04675,-0.002895114
AT2G04680,0.0041358527
AT2G04690,0.14885612
AT2G04700,-0.017637294
AT2G04740,0.32176253
AT2G04750,0.00015611365
AT2G04780,-0.23335245
AT2G04790,-0.6077189
AT2G04795,-0.022533795
AT2G04800,0.015194036
AT2G04810,8.481404e-05
AT2G04830,8.491037e-05
AT2G04840,0.002135493
AT2G04842,-0.029598882
AT2G04845,-0.002047816
AT2G04850,-0.1191252
AT2G04860,0.00020809937
AT2G04865,-0.03541233
AT2G04870,0.0
AT2G04880,0.09597194
AT2G04890,0.23978923
AT2G04900,0.25587848
AT2G04910,2.1602043e-05
AT2G04920,0.0
AT2G04925,-0.027123654
AT2G04930,4.5378805e-05
AT2G04940,-0.020052692
AT2G05050,-7.85412e-05
AT2G05060,-0.0009040999
AT2G05070,-0.55688745
AT2G05100,-0.6101444
AT2G05105,0.0
AT2G05117,0.0
AT2G05120,-0.008737501
AT2G05140,0.0006953708
AT2G05160,-0.21354343
AT2G05170,-0.008805592
AT2G05180,-0.003900102
AT2G05210,-0.114451565
AT2G05220,0.021429064
AT2G05230,-0.0041549606
AT2G05260,0.3408197
AT2G05270,0.0028317405
AT2G05294,0.0
AT2G05300,0.0
AT2G05310,-0.40433365
AT2G05320,0.25483623
AT2G05330,0.0058949618
AT2G05335,0.00025886708
AT2G05350,0.0013623531
AT2G05360,-0.00067606743
AT2G05370,-0.002453262
AT2G05380,0.42686343
AT2G05400,0.0007478755
AT2G05410,0.0005124226
AT2G05420,0.00036825193
AT2G05430,-0.00035651
AT2G05440,1.0856141
AT2G05510,0.60476804
AT2G05520,0.4284602
AT2G05530,0.0010928197
AT2G05540,0.3824114
AT2G05580,0.00124465
AT2G05590,-0.036238775
AT2G05600,0.003477425
AT2G05620,-0.21852605
AT2G05630,0.3770665
AT2G05632,-0.10742489
AT2G05635,0.0016627855
AT2G05642,0.0060271663
AT2G05645,0.0
AT2G05655,-0.0023648248
AT2G05710,0.7342865
AT2G05720,0.0012558515
AT2G05752,0.0
AT2G05753,0.0013726059
AT2G05755,0.004672232
AT2G05760,-0.1365742
AT2G05786,0.0
AT2G05790,-0.5882034
AT2G05810,-0.27006045
AT2G05830,-0.02575845
AT2G05840,0.1919648
AT2G05850,6.2562794e-05
AT2G05900,-0.000699169
AT2G05910,1.4631733
AT2G05915,0.027389051
AT2G05920,-0.41410092
AT2G05940,0.03685267
AT2G05970,0.0
AT2G05990,-0.16718066
AT2G06000,-0.012559159
AT2G06005,0.08487469
AT2G06010,-0.02259533
AT2G06020,0.00013815539
AT2G06025,-0.011898563
AT2G06040,0.11523787
AT2G06050,0.3378612
AT2G06090,0.0
AT2G06095,0.00020322987
AT2G06105,0.0
AT2G06166,0.0
AT2G06200,-0.00040492055
AT2G06210,-0.04709777
AT2G06255,0.20799956
AT2G06265,2.1069482e-05
AT2G06420,0.030805651
AT2G06425,0.031573694
AT2G06500,2.7496188e-05
AT2G06510,0.16070747
AT2G06520,-0.28788382
AT2G06530,0.21766591
AT2G06541,0.00026799346
AT2G06555,-0.016726242
AT2G06565,0.00017514848
AT2G06570,0.0003784447
AT2G06645,0.0
AT2G06667,0.0007765912
AT2G06675,0.0
AT2G06845,0.0016192428
AT2G06850,-0.8728043
AT2G06904,0.000102166974
AT2G06906,0.0
AT2G06908,0.0
AT2G06925,-0.18338226
AT2G06960,0.000669213
AT2G06983,-0.0003024187
AT2G06990,0.019893628
AT2G07000,-0.023779003
AT2G07020,4.6508587e-05
AT2G07040,-4.5381737e-05
AT2G07050,-0.058724966
AT2G07110,0.0
AT2G07120,0.0
AT2G07140,0.00449884
AT2G07170,-0.024180077
AT2G07180,0.23012808
AT2G07190,0.0
AT2G07200,0.0
AT2G07215,0.0034026827
AT2G07240,-0.0049774554
AT2G07280,-8.445068e-05
AT2G07290,0.0
AT2G07310,0.0
AT2G07340,-0.09824221
AT2G07360,0.071057
AT2G07440,-3.6405638e-06
AT2G07505,0.0
AT2G07560,0.0
AT2G07565,0.0008100111
AT2G07599,-0.017345086
AT2G07613,-8.001218e-05
AT2G07621,0.0061857915
AT2G07623,0.0048004966
AT2G07625,0.0094123855
AT2G07626,0.0
AT2G07627,0.0002921937
AT2G07628,-0.00035222428
AT2G07629,0.04913744
AT2G07631,0.00023889307
AT2G07632,0.002760902
AT2G07633,0.024971046
AT2G07634,-1.1313916e-11
AT2G07636,-0.0015790127
AT2G07637,0.015319961
AT2G07638,0.007960158
AT2G07640,-8.323934e-05
AT2G07641,-0.0038785124
AT2G07642,0.0
AT2G07643,-0.01220098
AT2G07644,0.0023824167
AT2G07646,0.018716563
AT2G07648,0.0013413121
AT2G07652,0.013352159
AT2G07654,0.0005534586
AT2G07655,0.0040082033
AT2G07656,-0.002182038
AT2G07658,0.005638727
AT2G07659,-0.0011670322
AT2G07661,0.0063545112
AT2G07662,-0.0009594999
AT2G07665,0.0020603621
AT2G07667,-0.036041565
AT2G07669,0.08269025
AT2G07674,-0.0025590612
AT2G07676,0.03165961
AT2G07678,0.027350506
AT2G07680,-0.33690748
AT2G07681,0.022356952
AT2G07684,-0.0042196326
AT2G07689,0.03713622
AT2G07690,-0.053490885
AT2G07698,0.29286855
AT2G07705,0.001711756
AT2G07706,0.004874837
AT2G07714,0.0011067265
AT2G07715,0.07863379
AT2G07721,0.013336695
AT2G07728,0.0021982484
AT2G07732,0.055965602
AT2G07738,0.007923819
AT2G07749,0.017724171
AT2G07750,0.027680123
AT2G07751,-0.004662765
AT2G07760,0.0
AT2G07768,-0.0055286125
AT2G07772,0.018207414
AT2G07773,0.048731104
AT2G07774,0.0035384987
AT2G07775,0.011973383
AT2G07777,0.04917926
AT2G07779,0.113304846
AT2G07787,0.053285897
AT2G07795,0.014981152
AT2G07798,0.13064024
AT2G07800,0.00022038358
AT2G07806,0.04260574
AT2G07810,0.0
AT2G07815,0.013610203
AT2G07820,0.0034359747
AT2G07825,0.05042473
AT2G07827,0.003523122
AT2G07830,0.0053193816
AT2G07835,0.005809432
AT2G07981,5.568362e-05
AT2G08986,0.00011539083
AT2G09388,0.0
AT2G09838,0.0
AT2G09840,0.016825058
AT2G09970,-0.0013299136
AT2G09990,0.009642137
AT2G10020,0.0
AT2G10025,0.00013081447
AT2G10260,7.102119e-05
AT2G10440,0.33913082
AT2G10450,-0.0016876201
AT2G10455,0.0
AT2G10535,0.00035079662
AT2G10545,-0.00636528
AT2G10550,0.0
AT2G10553,0.0012021139
AT2G10556,0.0
AT2G10557,0.0
AT2G10560,-0.0004087367
AT2G10602,0.0
AT2G10608,0.00086783245
AT2G10615,0.00084460195
AT2G10625,0.00014423503
AT2G10920,-0.00014103686
AT2G10930,0.013368006
AT2G10940,-0.7738441
AT2G10950,0.12985924
AT2G10955,0.0
AT2G10965,-2.2984488e-05
AT2G10970,-0.0077788825
AT2G10975,-0.046488766
AT2G11000,-0.05421159
AT2G11005,0.00027707635
AT2G11010,0.0
AT2G11015,0.0
AT2G11025,0.0052181464
AT2G11035,-0.0030253897
AT2G11045,0.0
AT2G11200,0.0
AT2G11205,0.00020558685
AT2G11215,0.0011039869
AT2G11225,-0.029202748
AT2G11270,0.032855924
AT2G11271,0.00025358135
AT2G11405,0.0014567184
AT2G11462,0.0
AT2G11520,0.30732945
AT2G11522,-0.005264847
AT2G11570,0.0013401238
AT2G11620,-0.00072054385
AT2G11623,0.00053166127
AT2G11626,0.0002449141
AT2G11773,0.000467724
AT2G11778,0.0045692385
AT2G11810,0.0036208015
AT2G11815,-0.009063682
AT2G11851,-0.0040989267
AT2G11890,0.086116426
AT2G11891,0.0038978483
AT2G11910,-0.18285146
AT2G12170,-0.19808173
AT2G12190,0.03144759
AT2G12200,-0.00024538938
AT2G12205,0.0038769972
AT2G12280,0.0007457996
AT2G12290,0.0010678917
AT2G12400,-0.2227101
AT2G12405,0.0015045406
AT2G12461,-0.013769764
AT2G12462,-0.31846178
AT2G12465,-0.0012241614
AT2G12475,0.0
AT2G12480,-0.0022378645
AT2G12550,0.14059673
AT2G12646,0.009138079
AT2G12875,0.0019007344
AT2G12880,0.0
AT2G12900,0.0001517511
AT2G12905,0.017185189
AT2G12935,0.0126300985
AT2G12940,0.0031064614
AT2G12945,0.0
AT2G13100,-0.0828976
AT2G13105,0.00026901922
AT2G13125,0.0001556669
AT2G13126,0.0001998261
AT2G13150,0.0
AT2G13275,0.044335894
AT2G13290,0.04675145
AT2G13295,0.0
AT2G13350,0.00032459624
AT2G13360,-0.17029414
AT2G13370,-0.023583308
AT2G13420,0.0
AT2G13422,3.0336553e-06
AT2G13430,0.005221908
AT2G13440,-0.08944593
AT2G13450,-0.002428507
AT2G13463,0.0050467947
AT2G13500,0.0
AT2G13510,0.0
AT2G13540,-0.024669174
AT2G13542,0.0
AT2G13547,0.052483983
AT2G13550,-0.36935443
AT2G13555,0.0
AT2G13560,-0.005019009
AT2G13570,-0.049569197
AT2G13600,-0.065908805
AT2G13610,-0.059093542
AT2G13620,0.0003975263
AT2G13630,0.0
AT2G13640,0.06687515
AT2G13650,0.33025238
AT2G13660,-0.057725884
AT2G13680,-0.0016191117
AT2G13690,-0.10564796
AT2G13720,0.00027899153
AT2G13760,0.006213733
AT2G13770,-0.0007490156
AT2G13790,0.43861645
AT2G13800,0.11169176
AT2G13810,0.480272
AT2G13820,-0.14312036
AT2G13840,0.018809345
AT2G13845,0.0
AT2G13895,-0.00066934497
AT2G13900,-0.00047632382
AT2G13905,0.0
AT2G13950,0.0
AT2G13960,0.04776941
AT2G13965,0.008803435
AT2G13980,0.0
AT2G13985,4.2133066e-05
AT2G14000,0.0
AT2G14045,-0.0623824
AT2G14050,-0.22015302
AT2G14060,0.015916163
AT2G14070,0.066509
AT2G14095,0.08785313
AT2G14100,-0.00044849783
AT2G14110,0.15012006
AT2G14120,0.1425373
AT2G14160,0.0121674165
AT2G14170,0.19923514
AT2G14210,0.05394274
AT2G14247,-0.72301006
AT2G14255,0.056280892
AT2G14260,0.038471296
AT2G14265,0.00057147763
AT2G14270,0.0
AT2G14282,0.0
AT2G14285,-0.056056734
AT2G14288,0.00023657286
AT2G14289,0.0
AT2G14290,0.48402947
AT2G14365,0.0005935715
AT2G14378,0.00018673154
AT2G14390,0.0
AT2G14395,0.0
AT2G14440,0.0047325036
AT2G14460,-0.023719873
AT2G14500,8.672843e-05
AT2G14510,0.007724979
AT2G14520,-0.17849492
AT2G14530,-0.028573927
AT2G14540,0.0
AT2G14560,0.8095124
AT2G14580,0.023183651
AT2G14610,1.6953962
AT2G14620,0.9634831
AT2G14635,0.0017278735
AT2G14660,-0.14948513
AT2G14670,1.8500825e-05
AT2G14680,0.043120105
AT2G14690,0.0025679204
AT2G14692,0.0003527565
AT2G14695,0.00010415145
AT2G14700,0.0
AT2G14710,0.0
AT2G14720,0.17576078
AT2G14740,0.064473614
AT2G14750,0.023678957
AT2G14755,-0.00014105019
AT2G14760,-0.0009573664
AT2G14765,4.7172674e-05
AT2G14775,-0.027504534
AT2G14800,-0.033886068
AT2G14810,0.0
AT2G14820,0.0014235609
AT2G14825,0.19404405
AT2G14830,-0.0007990346
AT2G14835,0.206503
AT2G14846,0.00062400615
AT2G14850,0.4778027
AT2G14860,-0.2301762
AT2G14870,8.007205e-05
AT2G14880,-0.16682717
AT2G14890,-0.32373485
AT2G14900,-0.36050567
AT2G14910,-0.042003617
AT2G14920,-0.0053320294
AT2G14935,0.0
AT2G14945,9.1465095e-05
AT2G14960,0.013088741
AT2G15000,-0.0038161415
AT2G15010,-0.0018916517
AT2G15020,-0.6968705
AT2G15025,0.0002941934
AT2G15029,-0.00063154125
AT2G15040,0.0
AT2G15050,-0.322067
AT2G15080,0.47714216
AT2G15090,-0.24245256
AT2G15110,0.0011384555
AT2G15130,-0.047883496
AT2G15170,-0.003558262
AT2G15180,0.0
AT2G15185,0.0
AT2G15220,0.76696706
AT2G15230,0.17953855
AT2G15240,0.070579946
AT2G15260,0.00015896137
AT2G15270,-0.030989276
AT2G15280,-0.10960421
AT2G15290,-0.006182063
AT2G15300,0.0019086547
AT2G15310,0.21520858
AT2G15318,-0.03324805
AT2G15320,0.088832766
AT2G15325,0.0
AT2G15327,2.592536e-06
AT2G15340,0.044874534
AT2G15345,0.0020481388
AT2G15350,-0.0010841124
AT2G15360,-3.0480254e-05
AT2G15370,0.0040992876
AT2G15390,0.08696863
AT2G15400,-0.026394611
AT2G15420,0.00046056465
AT2G15430,0.088730164
AT2G15440,-0.18997177
AT2G15450,0.0
AT2G15460,0.0
AT2G15470,0.0
AT2G15480,0.16748375
AT2G15490,1.5685318
AT2G15500,3.25095e-05
AT2G15530,0.021290457
AT2G15535,0.0
AT2G15560,-0.04002671
AT2G15570,0.25691974
AT2G15580,0.0049248203
AT2G15590,-8.247261e-05
AT2G15610,0.00046358275
AT2G15620,0.1324635
AT2G15630,-0.013625228
AT2G15640,0.0
AT2G15660,0.00020339727
AT2G15670,0.0
AT2G15680,0.016674507
AT2G15690,0.03788721
AT2G15695,0.12675452
AT2G15710,0.0
AT2G15730,0.09188116
AT2G15740,5.8568454e-05
AT2G15760,0.9947939
AT2G15770,0.0050797276
AT2G15780,1.138604
AT2G15790,-0.07870766
AT2G15820,-0.06132287
AT2G15830,0.1492198
AT2G15860,0.0684165
AT2G15880,0.15221244
AT2G15890,0.1881215
AT2G15900,-0.03332876
AT2G15910,0.13263828
AT2G15960,0.024242472
AT2G15970,0.8564502
AT2G15980,0.17809965
AT2G16005,0.020368598
AT2G16015,0.0
AT2G16016,0.0
AT2G16018,0.0020007284
AT2G16019,0.0
AT2G16020,0.0
AT2G16030,-0.0014459952
AT2G16040,0.0
AT2G16050,0.11028635
AT2G16060,0.49655566
AT2G16070,0.025766576
AT2G16090,-0.026545674
AT2G16120,8.441102e-05
AT2G16130,0.0
AT2G16190,0.00020554868
AT2G16200,0.0
AT2G16210,-0.0005906684
AT2G16220,4.197571e-05
AT2G16225,6.800777e-05
AT2G16230,-0.00358339
AT2G16250,-0.10923238
AT2G16260,0.0
AT2G16270,-0.13568468
AT2G16280,-0.045777746
AT2G16290,0.00012690396
AT2G16300,0.0002525212
AT2G16340,0.0032803912
AT2G16360,0.023034278
AT2G16365,-0.0035597477
AT2G16370,-0.18261394
AT2G16380,-0.16640373
AT2G16385,0.016627092
AT2G16390,-0.16879393
AT2G16400,0.0127996635
AT2G16405,0.08958129
AT2G16430,0.23013768
AT2G16440,0.05486707
AT2G16450,0.0015301617
AT2G16460,0.20036358
AT2G16485,0.047256574
AT2G16490,-0.00031972176
AT2G16500,0.2197697
AT2G16505,0.0028638244
AT2G16510,0.33161005
AT2G16520,0.0
AT2G16530,0.28837472
AT2G16535,0.0
AT2G16570,0.10129209
AT2G16575,-0.00029025023
AT2G16580,-0.030981343
AT2G16586,1.1246048
AT2G16592,0.00048687967
AT2G16594,0.0
AT2G16595,0.26924095
AT2G16600,0.2286132
AT2G16620,5.4987988e-05
AT2G16630,0.0141170565
AT2G16640,0.08189954
AT2G16650,0.028426597
AT2G16660,0.49705285
AT2G16676,-0.03468382
AT2G16700,0.5543428
AT2G16710,0.7103969
AT2G16720,0.43886787
AT2G16730,-0.0005179986
AT2G16740,0.2553522
AT2G16750,-0.41675633
AT2G16760,0.16631602
AT2G16770,-0.02277352
AT2G16780,0.05557705
AT2G16790,0.8540914
AT2G16800,0.288252
AT2G16810,0.0002533122
AT2G16835,0.0
AT2G16850,-0.20415324
AT2G16860,-0.048718248
AT2G16870,0.24411921
AT2G16880,-0.19633545
AT2G16890,0.023060888
AT2G16900,0.39587724
AT2G16910,-0.00012269319
AT2G16920,-0.059362102
AT2G16930,0.12038267
AT2G16940,-0.041244116
AT2G16950,0.19381188
AT2G16953,0.00010753683
AT2G16960,-0.0022622254
AT2G16970,-0.0058089998
AT2G16980,-0.0008561672
AT2G16990,-0.13131815
AT2G17000,0.00017199079
AT2G17010,-0.011202617
AT2G17020,0.021297803
AT2G17030,0.071428224
AT2G17033,0.07639093
AT2G17036,-0.08719875
AT2G17040,0.10120516
AT2G17043,0.0007451273
AT2G17050,-0.059619267
AT2G17055,-0.0021187863
AT2G17060,-0.015765443
AT2G17070,0.0033823282
AT2G17080,-0.0025485249
AT2G17090,0.0003569568
AT2G17110,-0.08141696
AT2G17120,0.49845946
AT2G17130,0.4863194
AT2G17140,-0.07576206
AT2G17150,0.02219402
AT2G17160,0.0
AT2G17170,-0.0052181566
AT2G17180,0.023727736
AT2G17190,0.15916555
AT2G17200,0.17500927
AT2G17210,-0.024128327
AT2G17220,0.66663617
AT2G17230,-0.16930556
AT2G17240,0.003498808
AT2G17250,0.21784487
AT2G17260,0.004581145
AT2G17265,0.029377578
AT2G17270,0.09448103
AT2G17280,0.009194063
AT2G17290,0.09881875
AT2G17300,-0.23895763
AT2G17305,0.0002444613
AT2G17310,4.5221394e-05
AT2G17320,-0.13823633
AT2G17330,0.0
AT2G17340,-0.22687799
AT2G17350,0.0006660684
AT2G17360,0.006448403
AT2G17370,0.0505282
AT2G17380,0.090834215
AT2G17390,0.117412776
AT2G17410,0.005193183
AT2G17420,0.37582943
AT2G17430,-0.020381987
AT2G17440,0.1589187
AT2G17442,-0.14074504
AT2G17450,0.008060051
AT2G17470,-0.0035428132
AT2G17480,0.01080217
AT2G17500,1.9268998
AT2G17510,0.008466858
AT2G17520,0.1473299
AT2G17525,-0.16468525
AT2G17530,-0.010398452
AT2G17540,-0.06983869
AT2G17550,-0.093017265
AT2G17560,0.039015975
AT2G17570,0.10326491
AT2G17580,-0.05225207
AT2G17590,-0.00023888356
AT2G17600,5.1580093e-05
AT2G17620,0.017503338
AT2G17630,0.12628819
AT2G17640,0.01593233
AT2G17650,-0.14852415
AT2G17660,-0.042633746
AT2G17670,0.03909275
AT2G17680,0.009839691
AT2G17690,-0.083623625
AT2G17695,-0.14616346
AT2G17700,0.06219728
AT2G17705,0.51578784
AT2G17710,-0.23136638
AT2G17720,0.75233245
AT2G17723,0.00023519556
AT2G17730,0.3563943
AT2G17740,0.57048815
AT2G17750,0.0011297832
AT2G17760,0.60341257
AT2G17770,0.008980216
AT2G17780,-0.6562645
AT2G17785,0.0
AT2G17787,-0.008375957
AT2G17790,0.30760863
AT2G17800,-0.081548624
AT2G17820,-0.108585455
AT2G17830,-0.08706012
AT2G17840,0.09801919
AT2G17845,0.0023577139
AT2G17850,0.015501571
AT2G17860,0.0049000573
AT2G17870,0.071022205
AT2G17880,-0.0031637615
AT2G17890,-0.0017227781
AT2G17900,-0.020898933
AT2G17905,3.112207e-05
AT2G17920,-0.0023354664
AT2G17930,0.017033322
AT2G17940,-0.026740557
AT2G17950,0.0021608758
AT2G17960,0.0
AT2G17970,-0.026724305
AT2G17972,-0.2914088
AT2G17975,-0.050407432
AT2G17980,0.09009257
AT2G17990,0.012885969
AT2G18000,0.14788824
AT2G18010,-0.06647106
AT2G18020,0.046224866
AT2G18025,-0.00051128387
AT2G18030,0.072482966
AT2G18040,0.047785707
AT2G18050,-0.095796704
AT2G18060,-0.0019356944
AT2G18070,4.2860545e-05
AT2G18080,-5.656958e-12
AT2G18090,0.12079041
AT2G18100,-0.015740085
AT2G18110,0.058721174
AT2G18120,-0.17831138
AT2G18130,0.0008647266
AT2G18140,0.0008929411
AT2G18150,0.13257827
AT2G18160,-0.24677005
AT2G18170,0.3604642
AT2G18180,0.004094174
AT2G18190,0.04963331
AT2G18193,-0.28759304
AT2G18196,-0.057853557
AT2G18200,0.00410479
AT2G18210,0.01978807
AT2G18220,0.026812755
AT2G18230,-0.14716767
AT2G18240,0.12505494
AT2G18245,-0.005067512
AT2G18250,0.050325874
AT2G18260,-0.17346425
AT2G18270,0.0035517628
AT2G18280,0.039950624
AT2G18290,-0.21092269
AT2G18300,-0.5200553
AT2G18320,0.0017121779
AT2G18328,-0.5427031
AT2G18330,0.069585174
AT2G18340,0.003655351
AT2G18350,0.09785798
AT2G18360,0.044478893
AT2G18370,0.052027874
AT2G18380,-0.13744365
AT2G18390,0.0052106213
AT2G18400,-0.07784429
AT2G18410,0.018649526
AT2G18420,0.0017610498
AT2G18450,0.026615938
AT2G18460,0.001645651
AT2G18465,0.124594174
AT2G18470,-0.0030212249
AT2G18480,-0.02763018
AT2G18490,-0.003297635
AT2G18500,0.0050621773
AT2G18510,0.043711323
AT2G18520,0.012152972
AT2G18530,0.00014149338
AT2G18540,0.002325787
AT2G18550,0.114250116
AT2G18560,-0.17356919
AT2G18570,-0.3219715
AT2G18590,0.0029480031
AT2G18600,0.21580815
AT2G18620,-0.062623315
AT2G18630,-0.26648566
AT2G18640,0.011796065
AT2G18650,-0.16575098
AT2G18660,1.6173071
AT2G18670,-0.04148186
AT2G18680,0.30350167
AT2G18685,0.00080861617
AT2G18690,1.4539628
AT2G18700,0.05829858
AT2G18710,-0.18576297
AT2G18720,0.13825014
AT2G18721,2.8657847e-05
AT2G18730,0.046859916
AT2G18740,0.049956825
AT2G18750,0.018344875
AT2G18760,0.03424974
AT2G18770,0.010867659
AT2G18780,0.046975292
AT2G18790,-0.0075673247
AT2G18800,-0.017134342
AT2G18810,8.672843e-05
AT2G18830,0.0015146743
AT2G18840,0.121816576
AT2G18850,-0.11629441
AT2G18860,-0.0747152
AT2G18870,-0.00034042355
AT2G18876,-0.10470729
AT2G18880,-0.00090681936
AT2G18890,-0.3056952
AT2G18900,0.04280963
AT2G18910,-0.29174128
AT2G18915,0.053497653
AT2G18920,0.00017088336
AT2G18938,0.01748074
AT2G18940,-0.33798996
AT2G18950,0.74472696
AT2G18960,0.20501547
AT2G18969,-0.054479096
AT2G18970,0.039442778
AT2G18980,0.0053523695
AT2G18990,-0.029676786
AT2G19000,0.0
AT2G19010,-1.1313916e-11
AT2G19020,0.0
AT2G19030,7.704995e-05
AT2G19040,0.0
AT2G19045,-0.00012467537
AT2G19050,-0.004714645
AT2G19060,0.0027363547
AT2G19070,-0.0011353795
AT2G19080,0.17029059
AT2G19090,-0.18762448
AT2G19110,0.029619409
AT2G19120,0.118102625
AT2G19130,0.045531005
AT2G19146,0.0012468181
AT2G19150,0.006115681
AT2G19160,0.40764466
AT2G19170,-0.3008075
AT2G19180,0.13528821
AT2G19190,1.0022951
AT2G19200,0.0
AT2G19210,0.0076493355
AT2G19220,0.0
AT2G19230,0.0003680105
AT2G19240,0.034099843
AT2G19260,0.018304873
AT2G19270,0.34549248
AT2G19280,-0.07062931
AT2G19290,0.0015850655
AT2G19300,0.0
AT2G19310,-0.017250888
AT2G19320,0.013574505
AT2G19330,0.06337915
AT2G19340,0.05231881
AT2G19350,0.25240397
AT2G19360,4.070707e-05
AT2G19365,0.01787324
AT2G19380,0.016578404
AT2G19385,0.1866104
AT2G19390,0.026308479
AT2G19400,-0.27954194
AT2G19410,0.004206947
AT2G19420,0.00026013702
AT2G19430,0.0011458035
AT2G19440,0.011187885
AT2G19450,0.15055299
AT2G19460,-0.16637202
AT2G19470,0.09173009
AT2G19480,0.042154796
AT2G19490,0.35246575
AT2G19500,0.3178086
AT2G19510,-0.0027965838
AT2G19520,-0.02877227
AT2G19530,-0.042973965
AT2G19540,0.13131966
AT2G19550,0.0049728937
AT2G19560,0.29303485
AT2G19570,0.99226856
AT2G19580,-0.061270513
AT2G19590,0.03904296
AT2G19600,0.021114528
AT2G19610,0.014308904
AT2G19620,-0.3338687
AT2G19630,0.0006919117
AT2G19640,0.12534232
AT2G19650,-0.21351515
AT2G19660,-0.055429526
AT2G19670,-0.03512054
AT2G19680,-0.012812219
AT2G19690,-0.0021089176
AT2G19700,0.3155911
AT2G19710,0.15768261
AT2G19720,-0.10330186
AT2G19730,0.0779304
AT2G19740,0.06589328
AT2G19750,0.03781139
AT2G19760,0.14685506
AT2G19770,-0.009610886
AT2G19780,-0.24490714
AT2G19790,0.021920273
AT2G19800,0.7007724
AT2G19802,0.0005128094
AT2G19810,-0.14175156
AT2G19820,8.672843e-05
AT2G19830,0.0704378
AT2G19850,-0.0016764042
AT2G19860,0.0069648316
AT2G19870,0.045794684
AT2G19880,0.105295636
AT2G19890,0.0029478043
AT2G19893,3.381534e-05
AT2G19900,0.15120971
AT2G19910,-0.06280269
AT2G19920,-0.016272478
AT2G19930,-0.14641348
AT2G19940,-0.09662242
AT2G19950,0.08643146
AT2G19960,0.12094726
AT2G19970,0.083994545
AT2G19980,0.027088052
AT2G19990,0.02197273
AT2G20000,-0.007859415
AT2G20010,0.4766475
AT2G20020,-0.06410493
AT2G20030,0.12629856
AT2G20050,-0.08397929
AT2G20060,0.09220389
AT2G20070,5.191329e-05
AT2G20080,0.0036431905
AT2G20100,-0.08752468
AT2G20110,0.66875976
AT2G20120,-0.025213877
AT2G20130,0.18131925
AT2G20140,0.008956286
AT2G20142,0.62019545
AT2G20150,0.06778982
AT2G20160,-0.0012658372
AT2G20170,6.5065426e-05
AT2G20180,-0.26960072
AT2G20190,-0.1293298
AT2G20208,0.0
AT2G20210,-0.21771874
AT2G20230,-0.0076470664
AT2G20240,-0.21655202
AT2G20250,-0.0733782
AT2G20260,-0.06420203
AT2G20270,-0.004252878
AT2G20280,0.11273092
AT2G20290,-0.1507852
AT2G20300,-0.28371802
AT2G20310,0.059108138
AT2G20320,0.27216712
AT2G20330,0.07439159
AT2G20340,-0.07236385
AT2G20350,-0.0044237627
AT2G20360,0.16297473
AT2G20362,-0.008240685
AT2G20370,0.068504006
AT2G20380,-0.0006309367
AT2G20390,0.1591047
AT2G20400,0.062107906
AT2G20410,0.1836119
AT2G20420,0.191107
AT2G20430,4.0305385e-05
AT2G20440,-0.0656198
AT2G20450,-0.0019140845
AT2G20463,0.00069235516
AT2G20465,0.0
AT2G20470,0.023584751
AT2G20480,0.011594144
AT2G20490,0.01910925
AT2G20495,0.030165702
AT2G20500,0.23192434
AT2G20510,0.055576168
AT2G20515,-0.075805396
AT2G20520,0.010256114
AT2G20530,0.09913309
AT2G20540,-0.001098868
AT2G20550,-0.055793572
AT2G20560,0.19321966
AT2G20562,0.72077125
AT2G20570,-0.13791457
AT2G20580,0.06400973
AT2G20585,0.11963495
AT2G20590,-0.0173681
AT2G20595,-0.0009772761
AT2G20597,0.0011939732
AT2G20605,0.00030031093
AT2G20610,0.13559312
AT2G20613,0.0
AT2G20616,4.5378805e-05
AT2G20618,0.0
AT2G20619,0.0
AT2G20620,-0.000967984
AT2G20625,0.015887743
AT2G20630,0.09229198
AT2G20635,-0.41204077
AT2G20650,0.018258315
AT2G20660,0.0
AT2G20670,-0.049473792
AT2G20680,-0.23700628
AT2G20690,0.0120787565
AT2G20700,-0.118706495
AT2G20710,-0.050924383
AT2G20720,0.10527674
AT2G20725,-0.020063784
AT2G20740,0.12847085
AT2G20750,-0.4322339
AT2G20760,0.27555236
AT2G20770,0.068951815
AT2G20780,0.2759301
AT2G20784,0.0024955238
AT2G20790,0.1252315
AT2G20800,-0.02981319
AT2G20805,2.8983173e-05
AT2G20810,0.019037018
AT2G20815,-0.07697473
AT2G20820,0.20186092
AT2G20825,0.51897705
AT2G20830,0.012662897
AT2G20835,-0.0675529
AT2G20840,-0.3749644
AT2G20850,-0.045909233
AT2G20860,0.029248593
AT2G20870,0.014660997
AT2G20873,0.0005359556
AT2G20875,-0.07654305
AT2G20880,0.48259336
AT2G20890,-0.2315434
AT2G20900,0.14651732
AT2G20920,0.030289289
AT2G20921,0.0021527312
AT2G20930,0.008103468
AT2G20940,0.12958409
AT2G20950,0.02895733
AT2G20960,0.3224077
AT2G20970,-0.0018319816
AT2G20980,-0.05754727
AT2G20990,-0.03692268
AT2G21010,-0.004255039
AT2G21030,0.003506944
AT2G21040,0.000115785704
AT2G21045,0.0065244813
AT2G21050,-0.29579002
AT2G21060,0.22294714
AT2G21070,-0.050052274
AT2G21080,-0.3206826
AT2G21090,-0.059480824
AT2G21100,0.15901004
AT2G21110,0.0001689378
AT2G21120,-0.027451027
AT2G21130,1.1559186
AT2G21140,0.78527164
AT2G21150,0.030857233
AT2G21160,0.17285639
AT2G21170,-0.17745437
AT2G21180,0.33415383
AT2G21185,0.24155262
AT2G21190,0.20772575
AT2G21195,-0.03616282
AT2G21200,-0.1505275
AT2G21210,-0.29369953
AT2G21220,-7.49575e-05
AT2G21230,0.07072629
AT2G21235,0.0035983701
AT2G21237,-0.002571248
AT2G21240,0.17502616
AT2G21250,0.0029379353
AT2G21260,0.013868889
AT2G21270,0.2003674
AT2G21280,-0.066835225
AT2G21290,0.078015074
AT2G21300,-0.2367393
AT2G21320,-0.05313754
AT2G21330,-0.5496368
AT2G21340,-0.10124849
AT2G21350,0.30092642
AT2G21370,-0.13428083
AT2G21380,-0.11524802
AT2G21385,-0.33637926
AT2G21390,0.06473119
AT2G21400,0.00072288193
AT2G21410,0.02717626
AT2G21420,-0.009653303
AT2G21430,0.36180097
AT2G21440,0.15185063
AT2G21450,0.023937253
AT2G21455,0.00010162434
AT2G21465,0.00010959279
AT2G21470,0.23654003
AT2G21480,0.004715803
AT2G21490,-0.0036194574
AT2G21500,0.2971541
AT2G21510,0.41139936
AT2G21520,0.1668816
AT2G21530,-0.38686344
AT2G21540,-0.22413684
AT2G21550,0.30989218
AT2G21560,-0.03187634
AT2G21580,0.07288595
AT2G21590,-0.25934774
AT2G21595,-0.0023696811
AT2G21600,0.01718744
AT2G21610,0.17814249
AT2G21620,0.93878657
AT2G21630,-0.007108855
AT2G21640,0.2281649
AT2G21650,-0.7595755
AT2G21655,0.0
AT2G21660,0.06737687
AT2G21680,0.0075518447
AT2G21690,4.3740947e-05
AT2G21710,-0.096197724
AT2G21720,-0.0012542428
AT2G21725,0.0
AT2G21727,0.0
AT2G21730,-0.09642407
AT2G21740,0.0024455644
AT2G21750,-9.082441e-05
AT2G21770,-0.14858422
AT2G21780,0.94216394
AT2G21790,-0.024886504
AT2G21800,0.038867358
AT2G21810,-2.768941e-05
AT2G21820,0.08343524
AT2G21830,-0.17966564
AT2G21840,0.08459933
AT2G21850,0.300855
AT2G21860,-0.14123313
AT2G21870,0.1408699
AT2G21880,-0.30147308
AT2G21890,-0.06215635
AT2G21900,0.11284295
AT2G21910,0.036575314
AT2G21920,0.00015945763
AT2G21930,0.008478952
AT2G21940,-0.05190703
AT2G21950,0.025105825
AT2G21960,-0.16810668
AT2G21970,-0.00050915615
AT2G21980,2.749619e-05
AT2G21990,-0.018250281
AT2G22000,-0.24950919
AT2G22010,0.1105166
AT2G22030,0.0003188773
AT2G22040,-0.0008540108
AT2G22050,0.0
AT2G22055,-4.5255664e-11
AT2G22060,-0.0005380003
AT2G22070,-0.0038627833
AT2G22080,-0.002404146
AT2G22088,0.0012067808
AT2G22090,-0.0009558783
AT2G22100,-0.023088314
AT2G22120,-0.005282139
AT2G22121,0.00014112833
AT2G22122,-0.09734106
AT2G22125,-0.20157807
AT2G22140,-0.014979711
AT2G22145,0.0010878725
AT2G22155,0.0
AT2G22160,0.0
AT2G22170,-0.07280973
AT2G22180,0.0014635727
AT2G22190,-0.19492957
AT2G22200,0.062721245
AT2G22230,-0.31440526
AT2G22240,-0.12155804
AT2G22241,0.00016036625
AT2G22250,0.31696463
AT2G22260,-0.07032362
AT2G22270,-0.05526038
AT2G22290,0.006352624
AT2G22300,0.007987836
AT2G22310,0.14165759
AT2G22320,0.02641734
AT2G22330,0.24127357
AT2G22340,0.004830284
AT2G22345,0.0
AT2G22360,0.23215596
AT2G22370,-0.003737573
AT2G22390,0.0
AT2G22400,-0.017797958
AT2G22410,-0.17813824
AT2G22420,-0.04345807
AT2G22425,0.20820662
AT2G22426,0.012059704
AT2G22430,0.004362507
AT2G22440,-8.557653e-05
AT2G22450,-0.017219134
AT2G22460,-0.0022954538
AT2G22465,-0.00016165897
AT2G22470,1.960259
AT2G22475,0.2519734
AT2G22480,0.14136223
AT2G22490,0.0076288832
AT2G22500,1.0158917
AT2G22510,0.18073317
AT2G22520,0.0
AT2G22530,-0.09085451
AT2G22540,-0.22986592
AT2G22560,0.6695242
AT2G22570,0.20308441
AT2G22590,-0.022643577
AT2G22600,-0.0948185
AT2G22610,-0.17357874
AT2G22620,0.0911953
AT2G22630,0.010814315
AT2G22640,-0.019079553
AT2G22650,-0.039216638
AT2G22660,0.09951048
AT2G22670,-0.47468537
AT2G22680,0.23794515
AT2G22690,0.21394058
AT2G22720,-0.043553565
AT2G22730,-0.04519594
AT2G22740,0.003857564
AT2G22750,-0.044994093
AT2G22760,0.71754503
AT2G22770,-0.0494079
AT2G22780,0.39710748
AT2G22790,0.10481252
AT2G22795,-0.34908435
AT2G22800,0.15496662
AT2G22805,0.0
AT2G22807,-0.00070467056
AT2G22810,-0.14928228
AT2G22820,0.0005665882
AT2G22830,-0.12876146
AT2G22840,0.046411324
AT2G22850,-0.4326736
AT2G22860,0.57361454
AT2G22870,-0.14509648
AT2G22880,0.7235282
AT2G22890,-0.05552947
AT2G22900,-0.16856745
AT2G22905,-0.017019741
AT2G22910,0.028057538
AT2G22920,-0.116544396
AT2G22930,0.026052766
AT2G22940,0.003422192
AT2G22941,0.0
AT2G22942,0.0031810144
AT2G22950,0.00014005083
AT2G22960,9.222358e-05
AT2G22970,0.12925364
AT2G22980,-0.20333143
AT2G22990,-0.11893165
AT2G23000,-0.09672855
AT2G23010,0.17315528
AT2G23030,0.12476432
AT2G23050,0.004504571
AT2G23060,0.015659893
AT2G23067,0.0
AT2G23070,0.051993378
AT2G23080,-0.01638976
AT2G23090,0.13486302
AT2G23093,-0.06854138
AT2G23096,-0.0035383403
AT2G23100,-0.067454256
AT2G23110,0.26093644
AT2G23118,-0.0020415282
AT2G23120,0.19198364
AT2G23130,-0.09897658
AT2G23140,0.10411147
AT2G23142,0.0
AT2G23148,0.0007088699
AT2G23150,0.977774
AT2G23160,0.0
AT2G23170,1.588249
AT2G23180,-0.20338283
AT2G23190,0.009339684
AT2G23200,0.090777785
AT2G23210,0.009755219
AT2G23220,0.002433076
AT2G23230,0.00025950835
AT2G23240,-0.0044882637
AT2G23250,-0.00027394935
AT2G23260,0.12999195
AT2G23270,0.5014576
AT2G23290,-0.29936588
AT2G23300,0.1416719
AT2G23310,0.15060423
AT2G23320,0.16276631
AT2G23321,0.007958429
AT2G23340,-0.11280569
AT2G23348,-0.015650285
AT2G23350,0.04722683
AT2G23360,-0.25628695
AT2G23370,0.107034504
AT2G23380,0.044569127
AT2G23390,-0.13569768
AT2G23400,-0.00031791866
AT2G23410,0.0009514303
AT2G23420,-0.012374043
AT2G23430,-0.060957223
AT2G23440,0.00040943047
AT2G23445,0.0016981959
AT2G23450,0.6026904
AT2G23460,-0.011434378
AT2G23470,-0.057329748
AT2G23510,-0.0005221341
AT2G23520,-0.0038664753
AT2G23530,-0.016306981
AT2G23540,0.0078466125
AT2G23550,-0.011958825
AT2G23560,-0.36224782
AT2G23570,0.00022815295
AT2G23580,-0.00064132275
AT2G23590,-0.035309177
AT2G23600,-0.4815145
AT2G23610,-0.34968072
AT2G23620,0.28119078
AT2G23630,-0.001281315
AT2G23640,0.00092068186
AT2G23660,0.005676441
AT2G23670,-0.20030251
AT2G23680,0.7080106
AT2G23690,-0.20089756
AT2G23700,-0.266462
AT2G23740,-0.018580507
AT2G23755,-0.15821299
AT2G23760,0.042844996
AT2G23770,0.00785451
AT2G23780,0.05770083
AT2G23790,0.8406016
AT2G23800,0.0046811546
AT2G23810,0.31517527
AT2G23820,0.04445525
AT2G23830,0.34428182
AT2G23834,0.00045440329
AT2G23840,-0.004046444
AT2G23890,0.03867765
AT2G23900,0.0010332707
AT2G23910,0.70349336
AT2G23930,0.10486883
AT2G23940,-0.030060414
AT2G23945,-0.010644089
AT2G23950,-0.24432752
AT2G23960,0.037652045
AT2G23970,0.004202253
AT2G23980,0.0016236575
AT2G23985,-0.09215438
AT2G23987,-0.0028694323
AT2G23990,5.5134846e-05
AT2G24000,0.007199783
AT2G24010,-0.25920367
AT2G24020,-0.18911178
AT2G24030,-0.07811928
AT2G24040,0.19341496
AT2G24050,-0.050184205
AT2G24060,-0.3546211
AT2G24070,0.032441005
AT2G24080,0.00020233692
AT2G24090,-0.2899502
AT2G24100,0.20000283
AT2G24120,0.120948926
AT2G24130,-0.011739297
AT2G24140,-0.07585886
AT2G24150,-0.3360464
AT2G24170,-0.03823903
AT2G24180,0.82692146
AT2G24190,-0.16229433
AT2G24195,0.65794986
AT2G24200,0.5718171
AT2G24205,0.0
AT2G24210,0.050131474
AT2G24220,-0.060039975
AT2G24230,-0.07834836
AT2G24240,0.22315031
AT2G24250,-0.13125598
AT2G24255,0.0021364626
AT2G24260,0.20633535
AT2G24270,-0.20051154
AT2G24280,-0.35398066
AT2G24285,0.5564271
AT2G24290,-0.06742498
AT2G24300,-0.27477816
AT2G24310,-0.060819894
AT2G24320,-0.010393748
AT2G24330,0.06452718
AT2G24340,-1.314493e-05
AT2G24350,-0.3429111
AT2G24360,0.1479197
AT2G24370,0.017074298
AT2G24390,0.08816981
AT2G24395,-0.25684592
AT2G24400,0.0032851635
AT2G24410,0.00057327765
AT2G24420,-0.025780171
AT2G24430,0.006366904
AT2G24440,-0.17718467
AT2G24450,0.0019812766
AT2G24460,0.032813415
AT2G24470,5.208558e-05
AT2G24480,7.9825535e-05
AT2G24490,-0.008298087
AT2G24500,0.17166999
AT2G24510,-0.00017730395
AT2G24520,-0.02247322
AT2G24530,0.011405034
AT2G24535,0.014065896
AT2G24540,-0.14154688
AT2G24550,0.1411764
AT2G24560,-0.0027695545
AT2G24570,0.1902566
AT2G24580,-0.0025958968
AT2G24590,0.035403855
AT2G24600,0.35820213
AT2G24610,-0.0063139433
AT2G24615,-2.2984488e-05
AT2G24617,1.1313916e-11
AT2G24620,0.00015851042
AT2G24625,0.00025886708
AT2G24630,-0.5316495
AT2G24640,0.17812851
AT2G24645,-0.22040261
AT2G24650,-0.05664677
AT2G24670,-1.6241898e-05
AT2G24680,-0.06137421
AT2G24681,0.013079641
AT2G24683,-0.0008206862
AT2G24690,-0.09861477
AT2G24692,-0.016637811
AT2G24693,0.0030093107
AT2G24696,0.0019464428
AT2G24700,0.018248385
AT2G24710,-0.009654179
AT2G24720,-0.0055807787
AT2G24740,0.021869676
AT2G24762,-0.56663626
AT2G24765,0.02838037
AT2G24780,0.003230998
AT2G24790,-0.2036563
AT2G24800,-0.02210595
AT2G24810,7.424239e-05
AT2G24820,0.039406925
AT2G24830,-0.060343284
AT2G24840,0.00096249016
AT2G24850,1.5846763
AT2G24860,0.16627115
AT2G24870,0.015598007
AT2G24880,-0.0034244016
AT2G24940,0.080451325
AT2G24945,-0.109213226
AT2G24950,0.0
AT2G24960,-0.0029410855
AT2G24970,-0.04147754
AT2G24980,0.037519414
AT2G24990,0.08694457
AT2G25000,0.7870506
AT2G25010,0.030705428
AT2G25050,-0.1375261
AT2G25055,0.0011354357
AT2G25060,-0.07702976
AT2G25070,-0.030928198
AT2G25080,-0.3160184
AT2G25090,0.65869504
AT2G25100,-0.026287323
AT2G25110,0.3828974
AT2G25120,0.0008667575
AT2G25125,0.008693444
AT2G25130,0.072312884
AT2G25140,0.045508437
AT2G25150,-0.12667117
AT2G25160,0.018047834
AT2G25169,0.00022672121
AT2G25170,0.013867926
AT2G25180,-0.14508729
AT2G25185,-2.4798652e-05
AT2G25190,0.17493962
AT2G25200,-0.058938216
AT2G25210,0.045443617
AT2G25215,0.004414309
AT2G25220,-0.30178392
AT2G25230,0.0029700461
AT2G25240,0.02763032
AT2G25250,-0.043811098
AT2G25260,-0.006660155
AT2G25270,-0.34946963
AT2G25280,0.1646065
AT2G25290,-0.04967398
AT2G25295,-0.012231109
AT2G25297,0.32001284
AT2G25300,-0.016442612
AT2G25305,9.465862e-05
AT2G25310,-0.014562387
AT2G25312,0.00047663445
AT2G25320,0.03455239
AT2G25330,0.0048124567
AT2G25340,0.0004760449
AT2G25344,0.0
AT2G25350,0.047255926
AT2G25355,-0.028405344
AT2G25360,-0.000658706
AT2G25370,0.00047555045
AT2G25409,0.000541409
AT2G25410,0.004740652
AT2G25420,-0.008489303
AT2G25430,0.017083852
AT2G25440,1.0943736
AT2G25450,0.18265162
AT2G25460,1.8011371
AT2G25470,-0.074682176
AT2G25480,-0.5664277
AT2G25482,-0.00060108583
AT2G25490,0.022316866
AT2G25500,0.008819908
AT2G25510,0.6093713
AT2G25520,0.14953476
AT2G25530,0.35659027
AT2G25540,-0.0408392
AT2G25560,0.04500002
AT2G25565,0.0016119372
AT2G25580,-0.07152664
AT2G25590,0.09649661
AT2G25600,0.017617278
AT2G25605,-0.021767365
AT2G25610,0.2492757
AT2G25620,0.3992473
AT2G25625,0.64585745
AT2G25630,0.0024722973
AT2G25640,-0.0991112
AT2G25650,0.18015194
AT2G25660,-0.07397103
AT2G25670,0.25635803
AT2G25680,-0.06608256
AT2G25685,0.01279202
AT2G25690,-0.13530903
AT2G25700,-0.0075842477
AT2G25710,-0.06832441
AT2G25720,-0.0049540186
AT2G25730,0.120106384
AT2G25735,0.6093488
AT2G25737,0.15108937
AT2G25740,0.11725452
AT2G25750,0.0
AT2G25770,0.21073158
AT2G25780,0.03298122
AT2G25790,0.06018283
AT2G25800,-0.11136797
AT2G25810,-0.004445771
AT2G25820,-0.06870582
AT2G25830,-0.015901024
AT2G25840,-0.26032364
AT2G25850,0.10735355
AT2G25870,0.04077098
AT2G25880,0.01788029
AT2G25890,0.008926138
AT2G25900,-0.15515655
AT2G25905,-0.002644669
AT2G25910,0.10402314
AT2G25920,-0.04812568
AT2G25930,0.06698843
AT2G25940,0.27515575
AT2G25950,-0.05404648
AT2G25964,-0.052668188
AT2G25970,0.20145215
AT2G25980,0.012709252
AT2G25990,-6.733209e-05
AT2G26000,0.08468295
AT2G26010,0.32181025
AT2G26020,-0.108052336
AT2G26030,0.0063969763
AT2G26040,-0.18097578
AT2G26050,-0.00070074224
AT2G26060,0.086459026
AT2G26070,-0.09917609
AT2G26080,-0.22481681
AT2G26100,-0.04239724
AT2G26110,-0.2730085
AT2G26120,-0.00831382
AT2G26130,0.0003929073
AT2G26135,0.001245385
AT2G26140,0.07218021
AT2G26150,0.9812385
AT2G26160,-0.0003337016
AT2G26170,0.24385214
AT2G26180,-0.25765082
AT2G26190,0.13478185
AT2G26200,0.01852486
AT2G26210,0.06940584
AT2G26230,0.26539612
AT2G26240,0.2000883
AT2G26250,-0.22588213
AT2G26260,-0.044407338
AT2G26270,-0.10613593
AT2G26280,1.7940416e-05
AT2G26290,0.88508725
AT2G26300,0.0150832385
AT2G26310,0.36642712
AT2G26320,0.0
AT2G26330,-0.42627862
AT2G26350,0.0383937
AT2G26360,-0.057460416
AT2G26370,0.015292196
AT2G26380,0.013044863
AT2G26390,0.1404026
AT2G26400,0.45318395
AT2G26410,0.034315117
AT2G26420,0.009422209
AT2G26430,-0.042772982
AT2G26440,0.6206691
AT2G26450,0.00430091
AT2G26460,-0.01073028
AT2G26470,-0.057092424
AT2G26480,0.016697846
AT2G26490,-6.1172177e-06
AT2G26500,-0.21286027
AT2G26510,0.07326907
AT2G26515,-0.07396102
AT2G26520,-0.09333945
AT2G26530,0.10016247
AT2G26540,-0.12964813
AT2G26550,-0.03726682
AT2G26560,1.310693
AT2G26570,-0.005038746
AT2G26580,-0.27221417
AT2G26590,0.5597123
AT2G26600,0.19007279
AT2G26610,0.015209365
AT2G26620,-0.002768247
AT2G26640,-0.06302339
AT2G26650,-0.07799882
AT2G26660,0.35859117
AT2G26670,0.10063247
AT2G26680,-0.011721693
AT2G26690,-0.0065642465
AT2G26695,-0.7875327
AT2G26700,-0.021046659
AT2G26710,-0.4178445
AT2G26720,0.0033080934
AT2G26730,-0.19512135
AT2G26740,0.2530154
AT2G26750,0.007559659
AT2G26760,-0.19546732
AT2G26770,0.022391144
AT2G26780,0.14567888
AT2G26790,-0.02240426
AT2G26800,0.073096715
AT2G26810,-0.039731152
AT2G26820,0.03339479
AT2G26830,0.09417893
AT2G26840,-0.118883535
AT2G26850,-0.00058254
AT2G26860,-0.081409626
AT2G26865,0.0
AT2G26870,-0.37633628
AT2G26880,0.0011124981
AT2G26890,0.15011838
AT2G26900,0.4136175
AT2G26910,-0.27868125
AT2G26920,0.29774672
AT2G26930,-0.049953964
AT2G26940,-0.00029173517
AT2G26950,0.0004894566
AT2G26960,0.008930748
AT2G26970,0.04861508
AT2G26975,-0.05956283
AT2G26980,0.07030876
AT2G26990,0.09189816
AT2G27000,0.04028772
AT2G27010,0.008022261
AT2G27020,0.13461067
AT2G27030,-0.035446916
AT2G27035,-0.030029245
AT2G27040,-0.40193692
AT2G27050,-0.25064382
AT2G27060,-0.4439229
AT2G27070,3.4919237e-06
AT2G27080,0.36344993
AT2G27090,0.055439923
AT2G27100,0.06348724
AT2G27110,-0.057753734
AT2G27120,0.00477606
AT2G27130,-0.110136636
AT2G27140,-0.037491046
AT2G27145,0.0
AT2G27150,0.15748799
AT2G27160,0.0019469906
AT2G27170,-0.020266034
AT2G27180,-0.024097957
AT2G27190,0.07818821
AT2G27200,0.25581384
AT2G27210,0.1102605
AT2G27220,0.011773071
AT2G27229,0.025585342
AT2G27230,0.07956281
AT2G27240,0.0031088537
AT2G27250,0.0017221249
AT2G27260,0.02348911
AT2G27270,0.006058459
AT2G27280,0.03262613
AT2G27290,-0.026096102
AT2G27300,-0.042922907
AT2G27310,0.037450556
AT2G27313,0.0037780907
AT2G27315,0.00030114347
AT2G27320,0.009481639
AT2G27330,0.08094683
AT2G27340,-0.13707307
AT2G27350,0.0660814
AT2G27360,-0.09958844
AT2G27370,-0.00089171587
AT2G27380,0.00011981015
AT2G27385,-0.39894068
AT2G27389,1.2074684
AT2G27390,0.02266426
AT2G27402,-0.6054912
AT2G27410,0.0039804373
AT2G27420,-0.2863438
AT2G27430,0.33863083
AT2G27450,-0.08411481
AT2G27460,0.0075270664
AT2G27470,-0.117553264
AT2G27480,0.12828566
AT2G27490,0.057979308
AT2G27500,0.21254145
AT2G27505,0.4196626
AT2G27507,0.0017671252
AT2G27510,0.5396188
AT2G27520,-0.00061205565
AT2G27530,-0.009940592
AT2G27535,-0.0015186515
AT2G27540,3.4963774e-05
AT2G27550,0.04681288
AT2G27570,0.0019045771
AT2G27580,0.17615978
AT2G27590,-0.0034354758
AT2G27600,0.11069132
AT2G27610,-0.14436261
AT2G27630,0.01149628
AT2G27650,-0.008675934
AT2G27660,0.110052966
AT2G27670,7.511392e-05
AT2G27680,-0.11428085
AT2G27690,0.12908475
AT2G27700,0.0017934237
AT2G27710,0.11453447
AT2G27720,0.09723688
AT2G27730,0.4408266
AT2G27740,-0.09006439
AT2G27750,0.00069032464
AT2G27760,-0.023603454
AT2G27770,-0.4437021
AT2G27775,0.02950811
AT2G27780,-0.0009627343
AT2G27790,-0.031925093
AT2G27800,-0.30058864
AT2G27810,-0.29550797
AT2G27820,0.11597222
AT2G27830,0.21140741
AT2G27840,0.04135022
AT2G27860,0.04200041
AT2G27880,0.013452475
AT2G27890,0.0
AT2G27920,-0.035672426
AT2G27930,-0.0057897344
AT2G27940,0.00042307645
AT2G27950,0.012826531
AT2G27960,-0.015275244
AT2G27970,-0.013898552
AT2G27980,-0.024686694
AT2G27990,0.06824428
AT2G28000,-0.032560386
AT2G28010,-2.3718096e-05
AT2G28020,0.000107134314
AT2G28030,9.930085e-05
AT2G28040,0.0043741264
AT2G28050,-0.17800085
AT2G28060,0.09196641
AT2G28070,-0.08968581
AT2G28080,0.0056121605
AT2G28085,0.0912113
AT2G28090,0.0056075724
AT2G28100,-0.12654614
AT2G28105,-0.05791937
AT2G28110,0.63805234
AT2G28120,0.50824654
AT2G28130,0.4527432
AT2G28140,-0.13748887
AT2G28150,-0.40522784
AT2G28160,-0.050807707
AT2G28170,3.4943027e-05
AT2G28180,0.0010596404
AT2G28190,0.019456664
AT2G28200,-0.047645345
AT2G28210,0.28309563
AT2G28220,-0.0019744427
AT2G28225,0.0006806193
AT2G28230,-0.052099697
AT2G28240,0.010004171
AT2G28250,-0.22711396
AT2G28260,-0.2852976
AT2G28270,-0.00067972357
AT2G28290,-0.073926255
AT2G28305,0.030929334
AT2G28310,-0.37911296
AT2G28315,0.019247614
AT2G28320,0.22001925
AT2G28330,-0.01142494
AT2G28340,0.0041818554
AT2G28350,-0.03397374
AT2G28355,0.0
AT2G28360,0.09856895
AT2G28370,0.19844684
AT2G28380,-0.05144367
AT2G28390,0.017305702
AT2G28400,-0.028553935
AT2G28405,4.070707e-05
AT2G28410,-0.587013
AT2G28420,-0.041933164
AT2G28426,0.0048482264
AT2G28430,0.0021109951
AT2G28440,-0.030767865
AT2G28450,-0.049136825
AT2G28460,-0.13796921
AT2G28470,-0.6868818
AT2G28480,-0.025582504
AT2G28490,-0.0061858078
AT2G28500,0.24835122
AT2G28510,0.0138206575
AT2G28520,0.031641055
AT2G28540,0.00050261646
AT2G28550,-0.0005910428
AT2G28560,-0.050554127
AT2G28570,0.16180234
AT2G28580,-0.18527377
AT2G28590,-0.052897073
AT2G28600,0.007664081
AT2G28605,-0.3172687
AT2G28610,0.0045233965
AT2G28620,-0.10782801
AT2G28625,-0.00054512185
AT2G28630,-0.30563152
AT2G28640,0.001683939
AT2G28650,0.08297674
AT2G28660,0.015033168
AT2G28670,0.010173662
AT2G28671,-0.022349935
AT2G28680,0.03267427
AT2G28690,0.043597903
AT2G28700,0.008233421
AT2G28710,0.5459626
AT2G28720,-0.33397073
AT2G28725,0.0012601742
AT2G28755,0.0058285915
AT2G28760,0.21213733
AT2G28780,0.053717926
AT2G28790,-0.16036186
AT2G28800,-0.051202208
AT2G28810,-0.073134996
AT2G28815,0.107712336
AT2G28830,0.0002163063
AT2G28840,0.28214905
AT2G28850,0.0028430608
AT2G28860,-0.0009292923
AT2G28870,-0.12441997
AT2G28880,-0.13016401
AT2G28890,0.2947976
AT2G28900,-0.08010317
AT2G28910,0.033209927
AT2G28920,0.013773717
AT2G28930,0.06722617
AT2G28940,0.31328154
AT2G28950,-0.6526587
AT2G28960,0.0106256455
AT2G28970,0.06674106
AT2G28990,-0.020325558
AT2G29000,0.009110788
AT2G29020,0.045297757
AT2G29040,0.0010121425
AT2G29045,0.0
AT2G29050,-0.050538596
AT2G29060,0.07535544
AT2G29065,0.07928725
AT2G29070,0.2285714
AT2G29080,0.016826475
AT2G29090,-0.23275216
AT2G29100,0.18971711
AT2G29110,-0.12735385
AT2G29120,0.05056785
AT2G29125,-0.13143362
AT2G29130,-0.24020368
AT2G29140,0.075116694
AT2G29150,0.3538597
AT2G29170,-0.48055843
AT2G29180,-0.3270471
AT2G29190,0.010482978
AT2G29200,0.0937776
AT2G29210,0.0061306534
AT2G29220,0.05374473
AT2G29250,0.025015052
AT2G29260,0.38555473
AT2G29263,0.00083799876
AT2G29290,-0.6726848
AT2G29300,-0.35874087
AT2G29310,-0.4622703
AT2G29320,-0.09943742
AT2G29330,0.025691606
AT2G29340,-0.058347993
AT2G29350,2.5995803
AT2G29360,-0.5286204
AT2G29370,0.005626758
AT2G29380,0.041091148
AT2G29390,-0.06557753
AT2G29400,0.020258868
AT2G29410,0.08268132
AT2G29420,0.4527726
AT2G29430,0.18627949
AT2G29440,0.1541485
AT2G29450,0.5136974
AT2G29452,0.0005292899
AT2G29460,2.23332
AT2G29470,2.1773608
AT2G29480,0.7838385
AT2G29485,0.0008532902
AT2G29490,0.67137146
AT2G29500,1.1406957
AT2G29510,-0.3007251
AT2G29525,-0.025935343
AT2G29530,0.022716286
AT2G29540,-0.01344088
AT2G29550,-0.19967812
AT2G29560,0.08771061
AT2G29570,-0.055648755
AT2G29580,-0.046523627
AT2G29590,0.1330587
AT2G29600,0.0041116667
AT2G29605,0.00017074162
AT2G29610,0.0
AT2G29620,-0.0024855915
AT2G29628,0.00014716994
AT2G29630,-0.12696451
AT2G29640,0.012787352
AT2G29650,-0.18451254
AT2G29654,0.0
AT2G29660,-0.18738388
AT2G29670,-0.1924491
AT2G29679,3.8550123e-05
AT2G29680,-0.24979347
AT2G29690,-0.19853288
AT2G29700,0.1760219
AT2G29710,-0.060260028
AT2G29720,0.39349645
AT2G29730,-0.17971154
AT2G29735,0.00033910904
AT2G29740,0.07046773
AT2G29750,0.10981188
AT2G29760,0.055037692
AT2G29770,-0.0007237868
AT2G29780,0.0
AT2G29790,0.0
AT2G29800,4.77016e-05
AT2G29810,0.0
AT2G29820,-0.005294028
AT2G29830,2.4206103e-05
AT2G29840,0.0005378715
AT2G29850,0.00025495602
AT2G29860,0.0
AT2G29870,0.00034301836
AT2G29880,6.9427726e-05
AT2G29890,-0.38433477
AT2G29900,0.016922366
AT2G29910,0.115688555
AT2G29920,0.0014012912
AT2G29925,0.0
AT2G29930,0.023909288
AT2G29940,0.355397
AT2G29950,0.23517244
AT2G29960,-0.0019709477
AT2G29970,0.009108207
AT2G29980,-0.48113793
AT2G29990,0.4074763
AT2G29995,0.5211558
AT2G30000,0.07247588
AT2G30010,0.03836843
AT2G30020,0.25745544
AT2G30040,0.48880708
AT2G30050,0.29175702
AT2G30060,0.009828365
AT2G30070,-0.21969077
AT2G30080,-0.012073926
AT2G30090,0.0032817037
AT2G30100,0.03694748
AT2G30105,0.038593784
AT2G30110,0.3471867
AT2G30120,0.021166015
AT2G30130,0.0031855772
AT2G30140,1.1446031
AT2G30150,-0.027367752
AT2G30160,0.008917188
AT2G30170,-0.19100796
AT2G30200,-0.17398754
AT2G30210,0.04159135
AT2G30220,-0.0017655381
AT2G30230,-0.055760026
AT2G30240,0.0024199863
AT2G30250,0.10101118
AT2G30260,0.02554025
AT2G30270,0.1573136
AT2G30280,0.004342534
AT2G30290,0.022646992
AT2G30300,-0.0004959714
AT2G30310,-0.0046393266
AT2G30320,-0.06261528
AT2G30330,-0.024361817
AT2G30340,0.031383242
AT2G30350,-0.078845486
AT2G30360,0.46444958
AT2G30370,0.07261337
AT2G30380,-0.008095314
AT2G30385,0.00013600406
AT2G30390,-0.037519444
AT2G30395,0.57620406
AT2G30400,0.12219875
AT2G30410,-0.13081367
AT2G30420,-0.06253689
AT2G30424,-0.4711852
AT2G30430,5.3181768e-05
AT2G30432,-0.02042468
AT2G30440,0.17674905
AT2G30460,-0.11291237
AT2G30470,0.01950346
AT2G30480,-0.003608367
AT2G30490,0.52564615
AT2G30500,0.04154172
AT2G30505,-0.044836495
AT2G30520,-0.11081941
AT2G30530,0.2159507
AT2G30540,-0.06570714
AT2G30550,1.0574025
AT2G30560,0.002285292
AT2G30570,-0.34679595
AT2G30575,-0.19702955
AT2G30580,0.12857331
AT2G30590,-0.009357582
AT2G30600,0.10855459
AT2G30615,0.03150638
AT2G30620,-0.053230084
AT2G30630,0.009005088
AT2G30650,0.0014544067
AT2G30660,0.41984418
AT2G30670,0.025344517
AT2G30680,0.0023713517
AT2G30690,-0.027730089
AT2G30695,-0.20433529
AT2G30700,0.010073319
AT2G30710,-0.027598606
AT2G30720,0.5561877
AT2G30730,0.0027989307
AT2G30740,0.0041040555
AT2G30750,2.96517
AT2G30760,0.019078912
AT2G30766,-0.047164254
AT2G30770,2.6705787
AT2G30780,0.04517966
AT2G30790,-0.30414635
AT2G30800,-0.017520797
AT2G30810,0.0
AT2G30820,-0.2059906
AT2G30830,0.4404749
AT2G30840,0.820478
AT2G30860,0.39403248
AT2G30870,0.37056473
AT2G30880,0.1801004
AT2G30890,-0.38147828
AT2G30900,0.011524553
AT2G30910,-0.038858134
AT2G30920,-0.085601725
AT2G30925,0.0
AT2G30930,0.04269427
AT2G30933,-0.024807828
AT2G30940,0.0071993987
AT2G30942,0.06313645
AT2G30950,-0.12858105
AT2G30960,-0.3520948
AT2G30970,0.42744628
AT2G30980,-0.060723927
AT2G30985,0.0009702083
AT2G30990,-0.3938074
AT2G31005,0.0
AT2G31010,-0.05978865
AT2G31018,0.0
AT2G31020,0.5958941
AT2G31030,0.0017524427
AT2G31035,0.0024846331
AT2G31040,-0.031706836
AT2G31050,0.0002851042
AT2G31060,0.372994
AT2G31070,-0.31522936
AT2G31081,-0.0005905557
AT2G31082,-0.0036107574
AT2G31083,-0.0029445475
AT2G31085,-0.012919744
AT2G31090,0.10397133
AT2G31100,0.0019158135
AT2G31110,-0.013536181
AT2G31130,0.0839515
AT2G31140,-0.024482079
AT2G31141,0.5916375
AT2G31150,-0.17557766
AT2G31160,0.22851743
AT2G31170,-0.030039717
AT2G31180,0.4370068
AT2G31190,-0.14019746
AT2G31200,0.271435
AT2G31210,-0.015242856
AT2G31215,0.0
AT2G31220,-0.0021060742
AT2G31230,0.15969682
AT2G31240,0.09970483
AT2G31250,0.0036759502
AT2G31260,0.2998638
AT2G31265,0.0
AT2G31270,0.046057787
AT2G31280,0.101142496
AT2G31290,-0.0006373357
AT2G31300,0.09296983
AT2G31305,0.24326533
AT2G31310,-0.0025605871
AT2G31320,-0.14818384
AT2G31335,-0.02966759
AT2G31340,-0.011852644
AT2G31345,0.07577792
AT2G31350,0.23479915
AT2G31360,-0.021956686
AT2G31370,-0.087493435
AT2G31380,0.06321047
AT2G31390,0.6653021
AT2G31400,0.119213015
AT2G31410,0.09878559
AT2G31420,0.09653443
AT2G31425,0.1255886
AT2G31430,0.00021321187
AT2G31432,0.00015526246
AT2G31440,-0.06336022
AT2G31450,-0.07033211
AT2G31460,0.00013017193
AT2G31470,0.0008129433
AT2G31480,0.0022158648
AT2G31490,0.09904586
AT2G31500,0.0042602294
AT2G31510,0.12207532
AT2G31530,-0.066365555
AT2G31540,0.00985558
AT2G31550,0.01739387
AT2G31560,0.3120027
AT2G31570,0.56126076
AT2G31580,-0.110388845
AT2G31590,0.019403532
AT2G31600,0.008566415
AT2G31610,-0.005387874
AT2G31620,0.00045277292
AT2G31650,-0.06467897
AT2G31660,-0.0482283
AT2G31670,0.11967256
AT2G31680,0.03459575
AT2G31690,0.13675202
AT2G31700,8.50704e-05
AT2G31710,0.044360574
AT2G31720,0.00024525236
AT2G31725,-0.05181768
AT2G31730,-0.01710869
AT2G31740,0.18445757
AT2G31750,-0.023487806
AT2G31760,0.0003318451
AT2G31770,0.0004624734
AT2G31780,0.0008378407
AT2G31790,-0.50952876
AT2G31800,0.17731848
AT2G31810,-0.013547769
AT2G31820,-0.08357105
AT2G31830,-0.10242911
AT2G31840,0.07798279
AT2G31850,-0.0015629863
AT2G31862,0.0015591969
AT2G31865,0.81396693
AT2G31870,0.04473813
AT2G31880,0.25770783
AT2G31890,-0.05777137
AT2G31900,-0.3633802
AT2G31910,-0.027987134
AT2G31920,-0.011631974
AT2G31930,-0.0045293276
AT2G31940,0.027175326
AT2G31945,0.55182713
AT2G31953,0.00047112704
AT2G31955,0.2842504
AT2G31957,0.017465608
AT2G31960,-0.014441681
AT2G31970,-0.08394592
AT2G31980,0.022034371
AT2G31981,-0.0006574569
AT2G31985,-0.0018502704
AT2G31990,0.1354514
AT2G32000,-0.03144257
AT2G32010,-0.52250475
AT2G32020,0.34480137
AT2G32030,0.3681556
AT2G32040,-0.0027163187
AT2G32050,0.101730004
AT2G32060,0.038076535
AT2G32070,0.012566669
AT2G32080,-0.04004333
AT2G32090,-0.08191748
AT2G32100,-0.28770906
AT2G32120,0.037228342
AT2G32130,0.31433952
AT2G32140,0.30643898
AT2G32150,0.06176451
AT2G32160,0.6277973
AT2G32170,-0.014294039
AT2G32180,-0.07007288
AT2G32190,1.7484236
AT2G32200,0.6645085
AT2G32210,1.7231643
AT2G32220,0.14214227
AT2G32230,-0.015349014
AT2G32235,0.0122394
AT2G32240,0.24482438
AT2G32250,0.17425737
AT2G32260,0.040014844
AT2G32270,0.0004159084
AT2G32275,0.0007755845
AT2G32280,-0.11379608
AT2G32290,-0.015036154
AT2G32295,-0.020040225
AT2G32300,0.0054368777
AT2G32310,0.0007971479
AT2G32320,0.043995988
AT2G32340,-0.17784856
AT2G32350,0.002533347
AT2G32360,9.405146e-05
AT2G32370,-0.0016542628
AT2G32380,0.032757204
AT2G32390,0.030290851
AT2G32400,-0.0035589566
AT2G32410,-0.07553224
AT2G32415,-0.08555153
AT2G32430,-0.17853004
AT2G32440,-0.2592332
AT2G32450,-0.14671697
AT2G32460,0.67283577
AT2G32470,-0.008221212
AT2G32480,0.05044241
AT2G32487,0.1269939
AT2G32500,-0.41371933
AT2G32510,0.36890507
AT2G32520,0.5515543
AT2G32530,-0.09229048
AT2G32540,-0.14223604
AT2G32550,-0.07147496
AT2G32560,-0.40251932
AT2G32580,-0.06711388
AT2G32590,0.031501174
AT2G32600,0.07812543
AT2G32610,0.009676296
AT2G32620,0.00019904495
AT2G32630,-0.02146725
AT2G32640,-0.21008272
AT2G32645,0.009271981
AT2G32650,-0.08380784
AT2G32660,1.0749031
AT2G32670,0.37837085
AT2G32680,0.4183987
AT2G32690,-0.41262785
AT2G32700,0.05816982
AT2G32710,-0.05022134
AT2G32720,-0.21102557
AT2G32730,0.03962389
AT2G32740,0.005652748
AT2G32750,-0.0077125058
AT2G32760,-0.017496075
AT2G32765,-0.115786105
AT2G32770,-0.08828628
AT2G32780,-0.0042095724
AT2G32785,0.0
AT2G32788,0.0
AT2G32790,0.011951811
AT2G32800,0.19626905
AT2G32810,0.017007684
AT2G32820,-0.026962396
AT2G32830,0.21163192
AT2G32835,0.0
AT2G32840,0.045188174
AT2G32850,0.13684574
AT2G32860,-0.3157526
AT2G32870,-0.3028507
AT2G32880,-0.22471584
AT2G32885,-0.16662967
AT2G32890,0.010122734
AT2G32900,0.08240031
AT2G32905,0.003421071
AT2G32910,0.07158069
AT2G32920,0.09784572
AT2G32930,0.19377175
AT2G32940,-0.10982683
AT2G32950,-0.07200015
AT2G32960,0.55037093
AT2G32970,-0.2255348
AT2G32980,-0.002452982
AT2G32990,-0.3773964
AT2G33000,0.035329953
AT2G33010,0.0008794546
AT2G33020,0.21381368
AT2G33030,0.00548401
AT2G33040,0.178164
AT2G33050,-0.08437003
AT2G33060,0.009068593
AT2G33070,0.014453772
AT2G33080,0.39778665
AT2G33090,0.0053938166
AT2G33100,0.41397703
AT2G33110,0.2726713
AT2G33120,0.0878861
AT2G33130,0.207939
AT2G33150,0.6828979
AT2G33160,1.3396201
AT2G33170,0.32617655
AT2G33175,0.12082123
AT2G33180,-0.09541943
AT2G33190,0.007548185
AT2G33200,-0.0013136527
AT2G33205,0.013080731
AT2G33210,0.057963118
AT2G33220,0.04516395
AT2G33230,-0.0008105
AT2G33233,-0.0001562052
AT2G33240,-0.052973595
AT2G33255,-0.16555183
AT2G33260,-0.0021718994
AT2G33270,0.005250983
AT2G33280,-0.16786158
AT2G33290,-0.058242194
AT2G33300,0.0010767838
AT2G33310,-0.21391064
AT2G33320,0.019561414
AT2G33330,-0.54669106
AT2G33340,0.03496994
AT2G33350,-0.021791935
AT2G33360,-0.10612099
AT2G33380,0.7869288
AT2G33385,0.637544
AT2G33390,-0.036480688
AT2G33400,-0.108446285
AT2G33410,0.17140603
AT2G33420,0.0041671856
AT2G33430,0.0
AT2G33435,-0.0032682046
AT2G33450,-0.41275162
AT2G33460,0.012851163
AT2G33470,0.16533165
AT2G33480,0.07547845
AT2G33490,0.15659285
AT2G33500,-0.21042576
AT2G33510,-0.39470232
AT2G33520,0.0039643464
AT2G33530,0.04199788
AT2G33540,-0.18626274
AT2G33550,-0.1009376
AT2G33560,-0.07374479
AT2G33570,-0.4887105
AT2G33580,0.49025118
AT2G33585,0.34841707
AT2G33590,0.35764942
AT2G33600,0.05205528
AT2G33610,0.026059566
AT2G33620,0.078839876
AT2G33630,0.19946693
AT2G33640,-0.046709478
AT2G33655,0.0
AT2G33670,0.0012406262
AT2G33680,-0.014431013
AT2G33685,0.0
AT2G33690,-0.0052547297
AT2G33700,0.34380338
AT2G33705,0.00017107013
AT2G33710,0.3831768
AT2G33720,0.008473217
AT2G33730,0.22050233
AT2G33735,-0.1300022
AT2G33740,0.13085887
AT2G33750,-0.0030992965
AT2G33760,-0.035183445
AT2G33770,-0.02131138
AT2G33775,-0.064157195
AT2G33780,0.07933474
AT2G33790,-0.016483726
AT2G33793,0.044992108
AT2G33796,5.3505584e-05
AT2G33800,-0.3416874
AT2G33810,-0.06840714
AT2G33820,-0.057768248
AT2G33830,0.3847827
AT2G33835,0.10853406
AT2G33840,-0.061320104
AT2G33845,0.26141542
AT2G33847,0.010405269
AT2G33850,-0.046683516
AT2G33855,-0.112639226
AT2G33860,-0.10821619
AT2G33870,4.411416e-05
AT2G33880,-0.007468608
AT2G33980,0.0011731321
AT2G33990,-0.028599743
AT2G34000,0.089979306
AT2G34010,-0.064832434
AT2G34020,0.006253185
AT2G34030,-0.001798895
AT2G34040,0.0057591097
AT2G34050,-0.036114227
AT2G34060,-0.5557234
AT2G34070,0.17235854
AT2G34080,0.36630532
AT2G34090,-0.019507816
AT2G34100,-0.0004732165
AT2G34110,7.087537e-05
AT2G34120,0.0
AT2G34123,0.0
AT2G34135,0.0
AT2G34140,0.20045686
AT2G34150,-0.19631045
AT2G34160,0.2005518
AT2G34170,-0.40199283
AT2G34180,0.45140272
AT2G34185,-0.03751071
AT2G34186,0.0
AT2G34190,-0.15049337
AT2G34200,-0.087973006
AT2G34210,0.023071988
AT2G34220,-0.100365534
AT2G34224,0.0076928404
AT2G34230,0.0098224245
AT2G34238,-0.0064401664
AT2G34240,-0.020302715
AT2G34250,0.19706425
AT2G34260,0.2722156
AT2G34270,0.00023388157
AT2G34280,0.009075304
AT2G34290,-9.150111e-05
AT2G34300,-0.2457233
AT2G34310,-0.082546875
AT2G34317,-0.002524152
AT2G34320,-0.007007752
AT2G34325,0.016813576
AT2G34330,0.0010369399
AT2G34340,-0.03395036
AT2G34350,0.009154851
AT2G34355,0.054240428
AT2G34357,0.042672575
AT2G34360,0.37538427
AT2G34370,-0.0024607978
AT2G34380,-0.02793298
AT2G34390,0.019042576
AT2G34400,0.058182552
AT2G34410,-0.032407373
AT2G34420,-0.2410695
AT2G34430,-0.2770967
AT2G34440,0.056190994
AT2G34450,0.006008302
AT2G34460,-0.026387438
AT2G34470,-0.015137917
AT2G34480,0.02836235
AT2G34490,-0.21326475
AT2G34500,2.4536402
AT2G34510,-0.44931892
AT2G34520,0.057813536
AT2G34530,-0.13302068
AT2G34540,-0.078644946
AT2G34555,-0.004204748
AT2G34560,-0.06232061
AT2G34570,0.0879963
AT2G34580,0.083666
AT2G34590,-0.045370124
AT2G34600,-0.111255765
AT2G34610,0.38629955
AT2G34620,-0.6544435
AT2G34630,0.228545
AT2G34640,-0.07214087
AT2G34650,0.07969883
AT2G34655,-0.08441348
AT2G34660,-0.0004985364
AT2G34670,-0.09125922
AT2G34680,-0.36659318
AT2G34690,0.03082122
AT2G34700,0.0047173807
AT2G34710,-0.027196635
AT2G34720,0.003500361
AT2G34730,0.14617245
AT2G34740,2.027094e-05
AT2G34750,-0.04155623
AT2G34770,-0.07041345
AT2G34780,0.0063615167
AT2G34790,0.15435681
AT2G34810,0.6066996
AT2G34820,-0.006350822
AT2G34825,0.0
AT2G34830,0.045856375
AT2G34840,0.16617586
AT2G34850,-0.13033509
AT2G34860,-0.19933416
AT2G34870,-0.0039096116
AT2G34880,0.008969914
AT2G34890,5.9051512e-05
AT2G34900,-0.00906398
AT2G34910,-0.0010847851
AT2G34920,-0.21074288
AT2G34925,-0.20169288
AT2G34930,-0.08132204
AT2G34940,0.4325004
AT2G34960,-0.0107235955
AT2G34970,0.011692643
AT2G34980,-0.052236225
AT2G34990,0.0077020917
AT2G35000,0.018100454
AT2G35010,0.04953812
AT2G35020,0.0072547016
AT2G35030,-0.10267427
AT2G35035,-0.013548912
AT2G35040,0.02624533
AT2G35050,0.022872508
AT2G35060,0.009080378
AT2G35065,0.0
AT2G35075,-0.0066380594
AT2G35080,0.00029747284
AT2G35090,0.0014066612
AT2G35100,-0.015107134
AT2G35110,0.02865313
AT2G35120,-0.038713984
AT2G35130,-0.13658533
AT2G35140,-0.06497502
AT2G35150,-0.138442
AT2G35155,-0.14987627
AT2G35160,-0.11645486
AT2G35170,-0.0021517202
AT2G35190,-0.10853905
AT2G35200,0.007660872
AT2G35210,-0.04444109
AT2G35215,0.0036279247
AT2G35230,0.053454977
AT2G35240,0.16412319
AT2G35250,0.00041230788
AT2G35260,-0.23908451
AT2G35270,0.014980671
AT2G35280,-0.0015127974
AT2G35290,-0.024563203
AT2G35300,0.1752363
AT2G35310,-0.0015691298
AT2G35320,-0.07889385
AT2G35330,0.018758485
AT2G35340,-0.19248582
AT2G35343,-0.010966529
AT2G35345,-0.0066174436
AT2G35350,-0.19487439
AT2G35360,0.112506054
AT2G35370,-0.49223346
AT2G35380,0.01599759
AT2G35390,0.027104335
AT2G35410,-0.058157556
AT2G35420,-0.006512008
AT2G35430,0.05277867
AT2G35440,0.0
AT2G35460,-0.0054595675
AT2G35470,-0.14273404
AT2G35480,0.17111865
AT2G35490,0.01091036
AT2G35500,-0.24375081
AT2G35510,0.13467447
AT2G35520,0.030197982
AT2G35530,0.0610082
AT2G35540,0.07688388
AT2G35550,0.31579044
AT2G35555,-0.007186532
AT2G35580,-0.024217397
AT2G35585,-0.02954187
AT2G35600,-0.12234586
AT2G35605,-0.012792111
AT2G35610,0.15728214
AT2G35612,0.0017176188
AT2G35615,8.672843e-05
AT2G35620,-0.25212705
AT2G35630,-0.024653576
AT2G35635,0.13371514
AT2G35640,-0.07756345
AT2G35650,-0.30338767
AT2G35658,0.11695718
AT2G35660,-0.27487344
AT2G35670,-9.054306e-05
AT2G35680,0.0024675226
AT2G35690,0.00535894
AT2G35700,-0.16453394
AT2G35710,0.5204872
AT2G35720,0.23830661
AT2G35730,1.3243918
AT2G35733,0.00055401487
AT2G35736,0.36326468
AT2G35740,0.014206257
AT2G35750,-0.110716134
AT2G35760,-0.43502393
AT2G35765,0.0016204603
AT2G35770,0.05236081
AT2G35780,-0.038655367
AT2G35790,0.18099788
AT2G35795,0.012954792
AT2G35800,-0.14249131
AT2G35810,0.080780305
AT2G35820,0.054404467
AT2G35830,-0.35738847
AT2G35840,-0.08154216
AT2G35850,0.006320921
AT2G35860,-0.4620306
AT2G35880,-0.27891114
AT2G35890,0.00515115
AT2G35900,0.0879842
AT2G35910,0.14249377
AT2G35920,0.07915243
AT2G35930,0.6419146
AT2G35935,0.0014981664
AT2G35940,0.23492017
AT2G35950,0.05774542
AT2G35960,-0.23204166
AT2G35965,0.023417318
AT2G35970,0.053672176
AT2G35980,1.7414315
AT2G35990,0.014916153
AT2G36000,-0.19784392
AT2G36010,-0.033911347
AT2G36020,0.6496772
AT2G36026,-0.0789236
AT2G36030,0.006533418
AT2G36050,-0.23065098
AT2G36060,0.072489575
AT2G36070,-0.012520881
AT2G36080,0.39668277
AT2G36090,0.038180664
AT2G36100,0.0013769383
AT2G36110,0.011533472
AT2G36120,0.09395388
AT2G36130,0.025879182
AT2G36145,-0.49328682
AT2G36160,0.04517354
AT2G36170,0.058957074
AT2G36180,0.0034099133
AT2G36190,0.0040795873
AT2G36200,-0.05870353
AT2G36210,0.030594097
AT2G36220,0.3460593
AT2G36230,-0.2711117
AT2G36240,-0.051719137
AT2G36250,-0.14583968
AT2G36255,0.004339555
AT2G36260,-0.0074729123
AT2G36270,0.2743305
AT2G36290,0.08273914
AT2G36295,-0.0027726723
AT2G36300,0.110517845
AT2G36305,0.14070223
AT2G36307,0.0
AT2G36310,0.11077278
AT2G36320,0.14603916
AT2G36325,0.022473978
AT2G36330,0.25295973
AT2G36340,-0.21586154
AT2G36350,-0.1477636
AT2G36355,0.0148513
AT2G36360,0.13216403
AT2G36370,-0.036627635
AT2G36380,0.282871
AT2G36390,-0.06533158
AT2G36400,-0.1962147
AT2G36410,-0.16164103
AT2G36420,0.06275256
AT2G36430,-0.30516776
AT2G36440,0.0072408477
AT2G36450,-0.00039589257
AT2G36460,0.21830572
AT2G36470,0.015796825
AT2G36480,0.02550738
AT2G36490,-0.23804145
AT2G36500,-0.01330051
AT2G36530,0.70647377
AT2G36540,0.021439593
AT2G36550,0.00016394719
AT2G36560,0.0013736044
AT2G36570,-0.63605255
AT2G36580,0.41410875
AT2G36590,0.7067367
AT2G36610,0.004846516
AT2G36620,-0.012484174
AT2G36630,-0.16456158
AT2G36640,-0.098820254
AT2G36650,0.0329018
AT2G36660,0.02399653
AT2G36670,0.17420475
AT2G36680,0.105084226
AT2G36690,-0.12922204
AT2G36695,0.022807634
AT2G36700,-9.504453e-05
AT2G36710,0.028831916
AT2G36720,-0.09190857
AT2G36724,0.00027685225
AT2G36730,-0.09802213
AT2G36740,0.004359424
AT2G36750,-0.01756846
AT2G36760,-0.009356038
AT2G36770,0.5988142
AT2G36780,1.335599
AT2G36790,-0.098073505
AT2G36800,0.69865316
AT2G36810,0.042924605
AT2G36815,-0.0019668099
AT2G36830,0.17428958
AT2G36835,0.12096262
AT2G36840,0.15023813
AT2G36850,0.08796932
AT2G36854,-0.000443501
AT2G36870,-0.5286689
AT2G36880,0.21201771
AT2G36885,-0.17564097
AT2G36890,0.10404481
AT2G36895,0.05731104
AT2G36900,0.06109146
AT2G36910,-0.0017190586
AT2G36920,0.0072012823
AT2G36930,0.26185322
AT2G36950,0.5065503
AT2G36960,0.28998172
AT2G36970,-0.49721164
AT2G36980,-0.091111936
AT2G36985,-0.010183615
AT2G36990,-0.32495221
AT2G37000,0.013711037
AT2G37010,0.00010869859
AT2G37020,-0.021920465
AT2G37025,-0.3623635
AT2G37030,-0.0140439905
AT2G37035,0.020936377
AT2G37040,0.79385394
AT2G37050,-0.10542575
AT2G37060,0.1414023
AT2G37070,0.031742986
AT2G37080,-0.1338686
AT2G37090,-0.08909253
AT2G37100,-0.06422813
AT2G37110,0.2996056
AT2G37120,-0.03189924
AT2G37125,0.003715038
AT2G37130,0.64472944
AT2G37140,-0.027154278
AT2G37150,0.29360107
AT2G37160,0.06745878
AT2G37170,0.031858787
AT2G37180,-0.06268301
AT2G37190,-0.0150151355
AT2G37195,-0.017192736
AT2G37200,0.16259351
AT2G37210,0.031412095
AT2G37220,-0.074527025
AT2G37230,-0.015293643
AT2G37240,0.013301124
AT2G37250,0.4726139
AT2G37260,-0.02669651
AT2G37270,0.036240157
AT2G37280,0.094139576
AT2G37290,0.007889277
AT2G37300,-0.0024724458
AT2G37310,-0.06507505
AT2G37320,-0.06987633
AT2G37330,0.02449947
AT2G37340,-0.021570574
AT2G37360,0.09656548
AT2G37370,0.005682195
AT2G37380,-0.17022333
AT2G37390,0.03655242
AT2G37400,0.0185745
AT2G37410,0.118858956
AT2G37420,-0.03415174
AT2G37430,0.7072441
AT2G37435,0.0045213886
AT2G37440,0.2598034
AT2G37450,-0.4424911
AT2G37460,-0.05459216
AT2G37470,0.14883466
AT2G37480,-0.0006141141
AT2G37500,-0.08139997
AT2G37510,0.016202308
AT2G37520,0.1362885
AT2G37530,-0.027095478
AT2G37540,0.09646685
AT2G37550,0.043691397
AT2G37560,0.013989073
AT2G37570,0.00076714833
AT2G37580,0.074338965
AT2G37585,-0.5372819
AT2G37590,-0.056297954
AT2G37600,-0.0896373
AT2G37610,-0.0069526425
AT2G37620,-0.002824965
AT2G37630,-0.012036965
AT2G37640,-0.0942665
AT2G37650,-0.07572015
AT2G37660,-0.2564923
AT2G37670,0.063740246
AT2G37678,-0.13485366
AT2G37680,0.13474125
AT2G37690,0.25340518
AT2G37700,-0.004902445
AT2G37710,0.3916213
AT2G37720,0.013427231
AT2G37730,0.00045653473
AT2G37740,0.0057153143
AT2G37750,1.189856
AT2G37760,0.5764774
AT2G37770,1.5176591
AT2G37780,0.0062098345
AT2G37790,-0.19596697
AT2G37800,-3.803692e-06
AT2G37805,0.009801232
AT2G37810,0.0060373177
AT2G37820,0.010593088
AT2G37840,0.024769403
AT2G37860,-0.05705366
AT2G37870,0.35068947
AT2G37880,-0.017597739
AT2G37890,-0.016427482
AT2G37900,-0.24747351
AT2G37910,-0.0067329644
AT2G37925,-0.027351744
AT2G37930,-0.28353217
AT2G37940,0.10688855
AT2G37950,-0.19522226
AT2G37960,0.030557832
AT2G37970,0.54118305
AT2G37975,0.20533124
AT2G37980,0.694302
AT2G37990,0.08551174
AT2G38000,0.09109186
AT2G38010,-0.08623787
AT2G38020,0.093103856
AT2G38025,-0.006479783
AT2G38040,-0.13374615
AT2G38050,-0.011758156
AT2G38060,0.11786072
AT2G38070,-0.13549024
AT2G38080,0.028261
AT2G38090,-0.3036224
AT2G38100,0.002616989
AT2G38110,0.007438085
AT2G38120,-0.47413898
AT2G38130,0.34393448
AT2G38140,-0.24978153
AT2G38150,0.002865028
AT2G38152,0.00626488
AT2G38160,0.017428437
AT2G38170,0.08965145
AT2G38180,0.11543239
AT2G38185,-0.018382175
AT2G38195,-0.01955406
AT2G38210,-0.26841292
AT2G38220,-0.0040567233
AT2G38230,0.021831838
AT2G38240,2.4204953
AT2G38250,0.6936551
AT2G38255,0.042968214
AT2G38270,0.08733002
AT2G38280,0.022806603
AT2G38290,0.49167058
AT2G38300,-0.24725515
AT2G38310,-0.006366914
AT2G38320,-0.10705744
AT2G38330,0.001461414
AT2G38340,1.3221947
AT2G38350,0.0026624277
AT2G38360,0.74091214
AT2G38365,0.0041557075
AT2G38370,0.0012364029
AT2G38380,0.72783923
AT2G38390,0.04931113
AT2G38400,-0.21169521
AT2G38410,0.12502961
AT2G38420,-0.042777624
AT2G38430,-0.03844365
AT2G38440,0.0019284553
AT2G38450,0.027227486
AT2G38460,-0.38339823
AT2G38465,0.16248304
AT2G38470,0.45296794
AT2G38480,-0.17077756
AT2G38490,1.2708913
AT2G38500,0.3319758
AT2G38510,0.00041019946
AT2G38530,0.58535016
AT2G38540,0.08240433
AT2G38550,0.060983013
AT2G38560,0.030721506
AT2G38570,-0.27034354
AT2G38580,0.09509158
AT2G38590,0.0033610924
AT2G38600,0.007652862
AT2G38610,0.17250063
AT2G38620,-0.016745754
AT2G38630,-0.016942881
AT2G38640,0.28445604
AT2G38646,0.0007167862
AT2G38650,-0.037952606
AT2G38660,0.13618703
AT2G38670,0.06475452
AT2G38680,-0.08543492
AT2G38690,0.094686024
AT2G38695,-0.08577742
AT2G38700,-0.025922602
AT2G38710,0.18879315
AT2G38720,0.050454788
AT2G38730,-0.061069228
AT2G38740,0.052420247
AT2G38750,0.03373119
AT2G38760,-0.052066706
AT2G38770,0.015342605
AT2G38780,-0.15258032
AT2G38790,0.21311001
AT2G38800,-0.014430748
AT2G38810,-0.08493422
AT2G38820,-0.06363906
AT2G38823,0.08139234
AT2G38830,0.23526081
AT2G38840,0.04727832
AT2G38860,1.3780786
AT2G38870,0.950203
AT2G38880,0.045732986
AT2G38890,-0.014064494
AT2G38900,7.515034e-05
AT2G38905,0.0065951776
AT2G38910,0.00011512634
AT2G38920,0.023981819
AT2G38940,0.6478173
AT2G38950,0.003491602
AT2G38960,0.17139702
AT2G38970,-0.2281238
AT2G38995,-0.21689895
AT2G39000,-0.04704024
AT2G39010,-0.24525438
AT2G39020,0.041061558
AT2G39030,1.867158
AT2G39040,0.04878292
AT2G39050,1.1373965
AT2G39060,4.2133066e-05
AT2G39070,0.0
AT2G39090,-0.024221454
AT2G39100,0.08592941
AT2G39110,0.26404345
AT2G39120,0.0031359429
AT2G39130,-0.020997694
AT2G39140,-0.008758755
AT2G39160,-0.0086809285
AT2G39170,0.031966314
AT2G39180,-0.23781978
AT2G39190,-0.14294456
AT2G39200,0.44738284
AT2G39210,0.7627614
AT2G39220,-0.07924564
AT2G39230,0.02071074
AT2G39240,0.058260355
AT2G39250,-0.5469184
AT2G39260,0.05803784
AT2G39270,0.89151716
AT2G39280,-0.2969569
AT2G39290,0.041859884
AT2G39300,0.015084941
AT2G39310,0.22791246
AT2G39320,0.06731681
AT2G39330,0.18532169
AT2G39340,0.120918326
AT2G39350,0.8553907
AT2G39355,0.00010376389
AT2G39360,0.087352484
AT2G39370,0.013470195
AT2G39375,0.08087156
AT2G39380,0.14353347
AT2G39390,0.039416514
AT2G39400,0.076219514
AT2G39410,0.60533786
AT2G39415,0.0010354331
AT2G39420,0.14028932
AT2G39430,-0.007261873
AT2G39435,0.080788575
AT2G39445,0.06787851
AT2G39450,-0.27299598
AT2G39460,0.0057253162
AT2G39470,-0.77366275
AT2G39480,0.036072083
AT2G39490,0.028436732
AT2G39500,-0.03208502
AT2G39510,0.014896013
AT2G39518,1.2906073
AT2G39520,0.000117973446
AT2G39530,0.87972635
AT2G39540,0.0007257262
AT2G39550,0.0823722
AT2G39560,-0.06732074
AT2G39570,-0.038660437
AT2G39580,-0.09323524
AT2G39590,0.0059352326
AT2G39620,-0.051868748
AT2G39630,0.018682884
AT2G39640,0.0009094043
AT2G39650,0.56675786
AT2G39660,0.50235885
AT2G39670,-0.011471471
AT2G39690,-0.38123623
AT2G39700,-0.21110816
AT2G39705,-0.08674333
AT2G39710,0.66247046
AT2G39720,0.12429285
AT2G39725,0.44386777
AT2G39730,-0.7695466
AT2G39740,0.09775741
AT2G39750,-0.06463091
AT2G39760,0.07321059
AT2G39770,0.014904636
AT2G39780,0.3366595
AT2G39782,0.00011496686
AT2G39790,0.0013339376
AT2G39795,0.08150202
AT2G39800,-0.079230756
AT2G39805,0.09766173
AT2G39810,0.0022314808
AT2G39820,0.0071517825
AT2G39830,0.12694032
AT2G39840,0.030458607
AT2G39850,-0.23928733
AT2G39851,0.00047851732
AT2G39855,0.005394926
AT2G39865,0.0
AT2G39870,-0.18357126
AT2G39880,-0.29515037
AT2G39890,0.023989074
AT2G39900,-0.3033858
AT2G39910,-0.014125697
AT2G39920,0.03489283
AT2G39930,-0.3519638
AT2G39940,0.004162075
AT2G39950,-0.0783915
AT2G39960,0.18991548
AT2G39970,0.119082324
AT2G39975,0.0034473876
AT2G39990,0.0760032
AT2G40000,0.29271328
AT2G40004,0.0010237773
AT2G40010,-0.105812676
AT2G40020,-0.10169998
AT2G40030,-0.11030877
AT2G40050,-0.002784325
AT2G40060,0.063495785
AT2G40070,-0.07235068
AT2G40080,0.35879675
AT2G40085,-0.08466054
AT2G40090,0.2479288
AT2G40095,0.8384777
AT2G40100,-0.47318518
AT2G40110,0.3624546
AT2G40113,0.5187035
AT2G40116,0.086238325
AT2G40120,-0.051821012
AT2G40130,-0.09542254
AT2G40140,0.14705162
AT2G40150,-0.34656283
AT2G40160,0.06276927
AT2G40165,-0.01859552
AT2G40170,0.05515301
AT2G40180,0.30939436
AT2G40190,0.03425551
AT2G40200,0.35516092
AT2G40210,0.00023030498
AT2G40220,-0.0028433492
AT2G40230,-0.16639441
AT2G40240,-0.025249416
AT2G40250,-0.0075668367
AT2G40260,-0.2460638
AT2G40270,0.20162413
AT2G40280,-0.02082554
AT2G40290,0.027546123
AT2G40300,-0.19285533
AT2G40310,0.0002444613
AT2G40313,0.0
AT2G40320,-0.14661348
AT2G40330,0.06481638
AT2G40340,0.60791695
AT2G40350,0.022194779
AT2G40360,0.050341655
AT2G40370,0.3318508
AT2G40380,0.012238469
AT2G40390,0.62980545
AT2G40400,0.032197155
AT2G40410,0.09946194
AT2G40420,0.18964064
AT2G40430,-0.0042683203
AT2G40435,-0.22378781
AT2G40440,-0.0043469146
AT2G40450,0.0010493561
AT2G40460,-0.08849922
AT2G40470,0.07440355
AT2G40475,-0.45690885
AT2G40480,-0.21674588
AT2G40490,-0.15754461
AT2G40500,0.006044733
AT2G40510,0.11004224
AT2G40520,0.08578678
AT2G40530,-0.47787827
AT2G40540,-0.26950738
AT2G40550,-0.03695588
AT2G40560,0.00013395595
AT2G40570,-0.14990538
AT2G40580,4.342481e-05
AT2G40590,0.054753937
AT2G40600,0.29082075
AT2G40610,-0.86705714
AT2G40620,0.13511762
AT2G40630,0.044593528
AT2G40640,-0.4766165
AT2G40650,-0.018575156
AT2G40660,0.010405816
AT2G40670,0.0041006748
AT2G40690,-0.13152216
AT2G40700,0.19075257
AT2G40710,-0.010321618
AT2G40711,-0.05430542
AT2G40715,0.014069623
AT2G40720,-0.1198246
AT2G40730,0.16768306
AT2G40740,0.33484307
AT2G40745,-0.005318969
AT2G40750,0.5710841
AT2G40760,-0.16393897
AT2G40765,0.38802475
AT2G40770,0.05123634
AT2G40780,0.15770939
AT2G40790,0.016940719
AT2G40800,0.022319753
AT2G40810,-0.039901536
AT2G40815,-0.09499415
AT2G40820,0.12037426
AT2G40830,0.08360325
AT2G40840,-0.09809983
AT2G40850,-0.008240289
AT2G40860,-0.0398728
AT2G40880,-0.116013706
AT2G40890,0.18432835
AT2G40900,-0.08038382
AT2G40910,0.013580481
AT2G40920,-0.039909795
AT2G40925,-0.01461147
AT2G40930,0.020415485
AT2G40935,0.005249829
AT2G40940,0.32682252
AT2G40950,0.21003899
AT2G40955,0.044192664
AT2G40960,-0.26677895
AT2G40970,-0.049499393
AT2G40980,-0.031028176
AT2G40990,0.004057466
AT2G40995,0.0
AT2G41000,0.0466164
AT2G41010,0.3173063
AT2G41020,-0.004617629
AT2G41040,0.4331064
AT2G41050,-0.104587786
AT2G41060,-0.06847874
AT2G41070,0.18759724
AT2G41080,-0.07560494
AT2G41082,-0.032657403
AT2G41090,0.25313008
AT2G41100,0.269581
AT2G41105,0.0026581679
AT2G41110,0.23949818
AT2G41120,-0.07648085
AT2G41130,-0.08696623
AT2G41140,0.03191643
AT2G41150,-0.02603194
AT2G41160,-0.0007406813
AT2G41170,-0.026121937
AT2G41180,-0.14670531
AT2G41190,-0.22507572
AT2G41200,0.0042669913
AT2G41210,0.025523067
AT2G41220,0.26801503
AT2G41225,0.00015362573
AT2G41230,0.39503682
AT2G41231,0.009997557
AT2G41240,0.017009992
AT2G41250,0.016693542
AT2G41260,0.14884776
AT2G41280,0.017645903
AT2G41290,-0.36549422
AT2G41300,-0.37345377
AT2G41310,-0.16288725
AT2G41330,-0.2573456
AT2G41340,-0.17617086
AT2G41342,0.17923504
AT2G41350,-0.040544175
AT2G41355,2.4128361e-05
AT2G41360,0.021280276
AT2G41370,0.022201452
AT2G41375,0.0011990264
AT2G41380,0.70019484
AT2G41390,9.3573624e-05
AT2G41400,0.00017340163
AT2G41410,0.53572154
AT2G41415,0.0027308252
AT2G41417,0.0
AT2G41420,0.10110257
AT2G41430,0.04998287
AT2G41440,0.039664127
AT2G41445,0.02028028
AT2G41450,-0.03045458
AT2G41451,0.007799687
AT2G41460,0.14204007
AT2G41470,-0.00047066036
AT2G41473,0.0013435457
AT2G41475,-0.0467557
AT2G41480,-0.44942164
AT2G41490,0.13502464
AT2G41500,0.10224593
AT2G41505,-0.0104418835
AT2G41510,0.026513895
AT2G41515,-0.02438367
AT2G41520,-0.0038041999
AT2G41530,0.0317504
AT2G41540,0.1028792
AT2G41550,-0.07650221
AT2G41560,-0.21301101
AT2G41590,0.006423536
AT2G41600,0.006040618
AT2G41610,-0.028245848
AT2G41620,-0.014825055
AT2G41630,-0.16745098
AT2G41640,0.4949745
AT2G41650,-0.06531771
AT2G41660,-0.010638207
AT2G41670,0.14571115
AT2G41680,-0.1486093
AT2G41690,0.24564296
AT2G41700,0.2187785
AT2G41705,0.21080007
AT2G41710,-0.24124476
AT2G41720,-0.10332395
AT2G41730,1.2139878
AT2G41740,0.09856616
AT2G41750,-0.010546953
AT2G41760,-0.13354461
AT2G41770,-0.09478071
AT2G41780,0.4387853
AT2G41790,0.10850936
AT2G41800,0.5543289
AT2G41810,0.26133484
AT2G41820,-0.25424117
AT2G41830,-0.0027364437
AT2G41835,0.4727363
AT2G41840,0.038011782
AT2G41850,2.0894427
AT2G41860,0.0018626075
AT2G41870,-0.23362254
AT2G41880,-0.108675234
AT2G41890,-0.056012675
AT2G41900,0.101163656
AT2G41905,0.12555294
AT2G41910,0.0060822917
AT2G41920,0.00086929137
AT2G41930,-0.0011946622
AT2G41940,-0.25517517
AT2G41945,0.67130744
AT2G41950,-0.10732167
AT2G41960,-0.0036015578
AT2G41970,0.009119514
AT2G41980,-0.016429123
AT2G41990,-0.13945174
AT2G41997,-0.00034335413
AT2G42000,-0.0014962183
AT2G42005,-0.021475837
AT2G42010,0.1983542
AT2G42030,-0.015995206
AT2G42040,-0.07015618
AT2G42060,0.01907514
AT2G42065,0.035962813
AT2G42070,-0.02011811
AT2G42080,0.08910726
AT2G42090,0.0013508566
AT2G42100,-7.754616e-05
AT2G42110,-0.078269705
AT2G42120,-0.12012007
AT2G42130,-0.038733833
AT2G42140,0.068630666
AT2G42150,0.03660796
AT2G42160,0.021048492
AT2G42170,-0.2997094
AT2G42180,0.00038809824
AT2G42190,-0.24292924
AT2G42200,-0.11523154
AT2G42210,0.021572463
AT2G42220,-0.49877852
AT2G42230,0.03816359
AT2G42240,0.069563225
AT2G42250,-0.0042748987
AT2G42260,0.09157462
AT2G42270,-0.014672875
AT2G42280,0.0404858
AT2G42290,-0.06826578
AT2G42300,-0.055225857
AT2G42310,0.30051005
AT2G42320,-0.34377283
AT2G42330,0.1453993
AT2G42340,0.010773115
AT2G42350,0.37690982
AT2G42360,0.89342666
AT2G42370,-0.078727245
AT2G42380,-0.7676168
AT2G42390,0.065530255
AT2G42395,-0.07614088
AT2G42400,-0.027847786
AT2G42410,0.0012412639
AT2G42430,0.08149764
AT2G42440,0.0057985135
AT2G42450,-0.1052805
AT2G42455,-3.9439892e-05
AT2G42460,0.023905002
AT2G42465,0.00014157995
AT2G42470,0.0011070737
AT2G42475,0.0074428455
AT2G42480,0.08982858
AT2G42490,0.069431216
AT2G42500,-0.034414023
AT2G42510,-0.24270505
AT2G42520,0.23901539
AT2G42530,-0.24927962
AT2G42540,-0.16524917
AT2G42550,-2.0169518e-05
AT2G42560,0.25158697
AT2G42570,-0.06730222
AT2G42580,-0.14485553
AT2G42590,-0.29274476
AT2G42600,-0.016452992
AT2G42610,-0.12966792
AT2G42620,-0.021816023
AT2G42640,-0.03734402
AT2G42650,0.09332504
AT2G42660,0.001851419
AT2G42670,-0.018198889
AT2G42680,0.40169728
AT2G42690,-0.2988484
AT2G42700,0.17795706
AT2G42710,-0.020980043
AT2G42720,-0.022935675
AT2G42725,0.00018569113
AT2G42730,-0.042600736
AT2G42740,-0.13104726
AT2G42750,0.005689572
AT2G42760,-0.2286584
AT2G42770,-0.009009238
AT2G42780,0.0543511
AT2G42790,0.50625104
AT2G42800,-0.0083439145
AT2G42810,0.006178748
AT2G42820,-0.04456766
AT2G42830,-0.0017996288
AT2G42840,0.49928322
AT2G42850,-0.020223469
AT2G42860,0.0150417555
AT2G42865,-0.0015887396
AT2G42870,-0.50560325
AT2G42880,-0.16595359
AT2G42885,0.0054674493
AT2G42890,0.2924319
AT2G42900,-0.17749356
AT2G42910,0.019163873
AT2G42920,-0.11328962
AT2G42930,0.00033459452
AT2G42940,0.0070538926
AT2G42950,0.2549443
AT2G42955,-0.042306475
AT2G42960,-0.0965137
AT2G42975,-0.28711167
AT2G42980,0.28694087
AT2G42990,-0.0001818338
AT2G43000,1.6013407
AT2G43010,-0.2415685
AT2G43020,0.6048343
AT2G43030,-0.20733863
AT2G43040,0.005995297
AT2G43050,0.13456653
AT2G43060,0.15568796
AT2G43070,0.14021672
AT2G43080,0.17889522
AT2G43090,0.24990748
AT2G43100,-0.005651667
AT2G43110,-0.006623456
AT2G43120,0.2188718
AT2G43130,0.022021845
AT2G43140,0.3740943
AT2G43150,0.40911615
AT2G43160,0.10437838
AT2G43180,0.06473431
AT2G43190,0.040124226
AT2G43200,-0.12551771
AT2G43210,0.01857439
AT2G43220,0.0012428664
AT2G43230,0.09336728
AT2G43240,0.10961664
AT2G43250,0.04950904
AT2G43255,-0.012576809
AT2G43260,0.014757037
AT2G43261,0.0006540753
AT2G43270,0.0035948292
AT2G43280,0.020988306
AT2G43290,0.034435213
AT2G43310,-0.07513347
AT2G43320,0.4576752
AT2G43330,-0.019413047
AT2G43340,-0.23878406
AT2G43350,0.045481693
AT2G43360,-0.1907847
AT2G43370,-0.013939258
AT2G43386,5.1363393e-05
AT2G43390,0.002378184
AT2G43400,0.04421952
AT2G43410,0.059676055
AT2G43420,0.16120711
AT2G43430,0.02485839
AT2G43440,-0.01499535
AT2G43445,-0.11731088
AT2G43450,0.0016887474
AT2G43460,0.013646487
AT2G43465,-0.081836626
AT2G43470,0.009062078
AT2G43480,0.00020272995
AT2G43490,0.26615185
AT2G43500,-0.095739484
AT2G43510,1.7390794
AT2G43520,0.25247204
AT2G43530,0.09408693
AT2G43535,0.0005673673
AT2G43540,0.20813298
AT2G43550,-0.123727925
AT2G43560,-0.45158237
AT2G43570,1.8701094
AT2G43580,0.5101177
AT2G43590,0.5793936
AT2G43600,-0.0017801324
AT2G43610,-0.06466629
AT2G43620,0.81563246
AT2G43630,0.0995124
AT2G43640,0.2089939
AT2G43650,-0.018109033
AT2G43660,0.03048697
AT2G43670,0.0061877323
AT2G43680,0.02690944
AT2G43690,-0.22743678
AT2G43700,0.017794907
AT2G43710,-0.12417009
AT2G43720,-0.027575385
AT2G43730,-0.0037902254
AT2G43740,0.002005831
AT2G43745,0.030435234
AT2G43750,-0.017889094
AT2G43760,0.01870832
AT2G43770,0.060702745
AT2G43780,0.18007205
AT2G43790,0.12858476
AT2G43795,-0.0014928693
AT2G43800,-0.21457143
AT2G43810,0.020910246
AT2G43820,0.8583225
AT2G43840,-0.048408642
AT2G43850,0.11791121
AT2G43860,0.0013721685
AT2G43865,0.0025850798
AT2G43870,1.2683922
AT2G43880,0.0070069833
AT2G43890,-0.006725154
AT2G43900,-0.0878133
AT2G43910,-0.013518285
AT2G43920,-0.41904858
AT2G43930,0.02174368
AT2G43940,0.31147778
AT2G43945,-0.057304002
AT2G43950,0.13893238
AT2G43960,7.956532e-05
AT2G43970,0.05480173
AT2G43980,0.24455236
AT2G43990,0.0009060765
AT2G44000,-0.018844623
AT2G44010,0.62617505
AT2G44020,0.008965386
AT2G44030,0.0040941746
AT2G44040,-0.04761682
AT2G44050,-0.030791426
AT2G44060,-0.13095161
AT2G44065,0.09491911
AT2G44070,0.019969072
AT2G44080,0.06936471
AT2G44090,0.011375934
AT2G44100,0.32113162
AT2G44110,0.010510925
AT2G44120,0.080869906
AT2G44130,0.28784916
AT2G44140,0.12732024
AT2G44150,-0.090195686
AT2G44160,-0.20716155
AT2G44170,0.0
AT2G44175,-0.0012137255
AT2G44180,0.1346483
AT2G44190,-0.019177716
AT2G44195,0.017822001
AT2G44198,0.0
AT2G44200,0.058757193
AT2G44210,-0.17443803
AT2G44220,-0.010506962
AT2G44230,-0.70329416
AT2G44240,0.5857159
AT2G44250,-0.0049806847
AT2G44260,0.04937361
AT2G44270,-0.008297347
AT2G44280,0.10804383
AT2G44290,0.33228117
AT2G44300,-0.06616655
AT2G44310,0.05328784
AT2G44330,0.0025329858
AT2G44340,-0.004953475
AT2G44350,0.61928874
AT2G44360,0.09138395
AT2G44370,-0.09724509
AT2G44380,0.33216316
AT2G44390,0.033654597
AT2G44400,0.10698444
AT2G44410,0.13023251
AT2G44420,0.27099192
AT2G44430,0.09421132
AT2G44440,-0.054351218
AT2G44450,0.15320724
AT2G44460,0.09852593
AT2G44470,0.0005555307
AT2G44480,0.1571939
AT2G44490,0.118127614
AT2G44500,-0.13523826
AT2G44510,0.28415734
AT2G44520,0.21331002
AT2G44525,0.1961173
AT2G44530,0.09769696
AT2G44540,0.002867235
AT2G44550,0.00016123065
AT2G44560,-0.002017483
AT2G44570,0.022229858
AT2G44578,0.15490176
AT2G44580,-0.0005408676
AT2G44581,0.0026263646
AT2G44590,0.017200092
AT2G44600,0.06759152
AT2G44610,0.050377883
AT2G44620,0.014002159
AT2G44630,-0.09971445
AT2G44640,-0.19461857
AT2G44650,-0.07954751
AT2G44660,0.08787241
AT2G44670,-0.120998524
AT2G44680,-0.013237132
AT2G44690,-0.004593169
AT2G44700,-0.010019528
AT2G44710,0.1443016
AT2G44730,0.01608069
AT2G44735,0.0054987115
AT2G44740,-0.6512803
AT2G44745,-0.0055262293
AT2G44750,0.077620424
AT2G44760,0.013158457
AT2G44770,0.15170603
AT2G44790,1.7113292
AT2G44800,0.0132756205
AT2G44810,-0.028010426
AT2G44820,-0.03338387
AT2G44830,-0.37215638
AT2G44840,0.16919705
AT2G44850,-0.044438235
AT2G44860,0.3489704
AT2G44870,0.06009712
AT2G44880,-0.0764774
AT2G44890,0.017006947
AT2G44900,-0.017022494
AT2G44910,-0.030230531
AT2G44920,-0.2337352
AT2G44925,0.00018356292
AT2G44930,-0.166704
AT2G44940,-0.23060387
AT2G44950,-0.057360142
AT2G44970,0.54930526
AT2G44980,0.120238654
AT2G44990,0.50046265
AT2G44993,-0.0055346107
AT2G45000,0.12926279
AT2G45010,0.030859267
AT2G45030,0.2554523
AT2G45040,-0.06502283
AT2G45050,-0.009864949
AT2G45060,0.10844931
AT2G45070,0.31693792
AT2G45080,0.0027669067
AT2G45100,-0.12184202
AT2G45110,6.8094654e-05
AT2G45120,-0.09580885
AT2G45130,0.03180077
AT2G45135,0.028033398
AT2G45140,0.19406332
AT2G45150,-0.08268019
AT2G45160,0.08171017
AT2G45170,0.17587002
AT2G45180,-0.2780278
AT2G45190,-0.4379523
AT2G45200,-0.10329646
AT2G45210,0.76124823
AT2G45220,2.7015722
AT2G45240,0.19627848
AT2G45243,0.03615611
AT2G45250,0.0065548373
AT2G45260,0.02308318
AT2G45270,0.10075768
AT2G45280,-0.019843135
AT2G45290,0.2882899
AT2G45300,0.6653903
AT2G45310,-0.05923349
AT2G45320,0.06716437
AT2G45330,0.19167098
AT2G45340,-0.04797615
AT2G45350,-0.19952697
AT2G45360,0.32274047
AT2G45370,0.0
AT2G45400,-0.33937865
AT2G45403,0.001625602
AT2G45403,0.001625602
AT2G45405,-0.0028533034
AT2G45406,0.0
AT2G45410,-0.005647297
AT2G45420,0.021299953
AT2G45430,0.0036727132
AT2G45440,0.03092542
AT2G45450,0.0027918182
AT2G45460,-0.11338199
AT2G45470,-0.64316624
AT2G45480,-0.012263147
AT2G45490,0.028393779
AT2G45500,0.28713304
AT2G45510,0.18673545
AT2G45520,0.029876253
AT2G45530,-0.018485729
AT2G45540,0.07538782
AT2G45550,0.004151569
AT2G45560,-0.07030157
AT2G45570,2.5640447
AT2G45580,0.10509358
AT2G45590,-0.34992063
AT2G45600,-0.1717035
AT2G45610,0.0030231576
AT2G45620,-0.024928281
AT2G45630,0.13633624
AT2G45640,0.069575824
AT2G45650,0.010871462
AT2G45660,-0.21306098
AT2G45670,-0.026733886
AT2G45680,0.045804758
AT2G45690,-0.05359041
AT2G45695,0.19127025
AT2G45700,-0.069051415
AT2G45710,0.2516893
AT2G45720,-0.04394568
AT2G45730,-0.04762567
AT2G45740,0.31103182
AT2G45750,0.055361196
AT2G45760,1.9734287
AT2G45770,-0.028210469
AT2G45790,0.011971634
AT2G45800,-0.24437606
AT2G45810,-0.12949999
AT2G45820,-0.22839402
AT2G45830,-0.1830979
AT2G45840,0.012663456
AT2G45850,-0.14828931
AT2G45860,-0.09541647
AT2G45870,-0.03108781
AT2G45880,-0.035062242
AT2G45890,-0.004739305
AT2G45900,-0.115289465
AT2G45910,0.13970937
AT2G45920,0.039028093
AT2G45930,0.030515848
AT2G45940,-0.033205163
AT2G45950,-0.03521394
AT2G45960,0.018781716
AT2G45970,-0.16379043
AT2G45980,0.46507818
AT2G45990,-0.10049633
AT2G46000,0.2888334
AT2G46020,0.05369441
AT2G46030,-0.030407604
AT2G46040,0.18075532
AT2G46050,0.0043915715
AT2G46060,0.0079455245
AT2G46070,-0.009979977
AT2G46080,0.0549705
AT2G46090,0.14509746
AT2G46100,0.00959466
AT2G46110,-0.18036613
AT2G46130,-0.0026521161
AT2G46140,0.52981347
AT2G46150,0.3359465
AT2G46160,0.11120924
AT2G46170,0.2357051
AT2G46180,-0.014311898
AT2G46190,0.00011773347
AT2G46200,-0.0030005816
AT2G46210,-0.04540795
AT2G46220,-0.09466542
AT2G46225,-0.38362616
AT2G46230,0.10674461
AT2G46240,0.24957845
AT2G46250,-0.56306577
AT2G46260,0.12676011
AT2G46270,0.16327026
AT2G46280,0.019253086
AT2G46290,-0.051676724
AT2G46300,-0.0252349
AT2G46308,0.00038282337
AT2G46310,-0.048653744
AT2G46320,0.07444067
AT2G46330,-0.059752606
AT2G46340,-0.0049045216
AT2G46360,0.007438951
AT2G46370,0.014983516
AT2G46375,-0.0027892662
AT2G46380,-0.07477924
AT2G46390,0.19016561
AT2G46400,0.2976575
AT2G46410,-0.0009819325
AT2G46420,-0.11260004
AT2G46430,0.8338473
AT2G46440,0.54719853
AT2G46450,0.038704045
AT2G46455,-0.006952438
AT2G46460,0.0032831035
AT2G46470,-0.014457516
AT2G46480,-0.01826803
AT2G46490,0.06016106
AT2G46493,0.0006980649
AT2G46494,0.0021996372
AT2G46495,0.006144768
AT2G46500,0.8291044
AT2G46505,0.4191501
AT2G46510,-0.032930557
AT2G46520,0.008556138
AT2G46530,-0.38117513
AT2G46535,-0.050921246
AT2G46540,0.17160328
AT2G46550,0.01009471
AT2G46560,0.045662194
AT2G46567,-0.0061699003
AT2G46570,-0.13189818
AT2G46580,0.009795025
AT2G46590,-0.16926096
AT2G46600,0.21198961
AT2G46610,0.017146802
AT2G46620,0.48057067
AT2G46630,-0.3011474
AT2G46640,-0.79758406
AT2G46650,0.4590514
AT2G46660,-0.21794091
AT2G46670,0.3148442
AT2G46680,0.54357094
AT2G46690,0.05586736
AT2G46700,0.014076427
AT2G46710,-0.4147642
AT2G46720,-0.15499228
AT2G46735,0.059982702
AT2G46740,-0.0017143335
AT2G46750,0.90121794
AT2G46760,-0.043237776
AT2G46765,0.017967353
AT2G46770,-0.003572107
AT2G46780,-0.15915503
AT2G46790,-0.15534818
AT2G46800,0.04551913
AT2G46810,-0.095454745
AT2G46820,-0.40261513
AT2G46830,-0.123352975
AT2G46840,0.0140972715
AT2G46850,0.0051014517
AT2G46860,0.01636399
AT2G46870,-0.07393789
AT2G46880,-0.026783815
AT2G46890,-0.1175298
AT2G46900,0.020969132
AT2G46910,-0.20444974
AT2G46915,-0.069427446
AT2G46920,-0.0067510176
AT2G46930,0.00074238994
AT2G46940,0.117606446
AT2G46950,0.084311746
AT2G46960,0.002209784
AT2G46970,-0.32494876
AT2G46980,0.023878118
AT2G46990,-0.020107538
AT2G46995,0.036388732
AT2G47000,1.5690339
AT2G47010,-0.044414077
AT2G47020,-0.08097476
AT2G47030,0.00029320567
AT2G47040,0.0010203809
AT2G47050,0.0055124825
AT2G47060,-0.100173496
AT2G47070,-0.2038725
AT2G47090,-0.023947421
AT2G47110,-0.012491139
AT2G47115,0.0022406057
AT2G47120,5.6134973e-05
AT2G47130,0.78876245
AT2G47140,0.31997037
AT2G47150,-0.0029119276
AT2G47160,-0.22488973
AT2G47170,0.14945288
AT2G47180,0.34370154
AT2G47190,0.5205943
AT2G47200,0.20509133
AT2G47210,0.09371579
AT2G47220,-0.0742021
AT2G47230,-0.26833427
AT2G47240,-0.14653406
AT2G47245,0.007906874
AT2G47250,0.020376222
AT2G47260,-0.14628905
AT2G47270,0.060109675
AT2G47280,0.00062096294
AT2G47300,0.039716695
AT2G47310,0.028601816
AT2G47320,0.117995515
AT2G47330,0.0290968
AT2G47340,-0.018274734
AT2G47350,0.022710059
AT2G47360,0.030115336
AT2G47370,-0.15647246
AT2G47380,0.26045796
AT2G47390,0.11762692
AT2G47400,0.0034118993
AT2G47410,-0.05278154
AT2G47420,0.04285422
AT2G47430,-0.0007419727
AT2G47440,-0.42449197
AT2G47450,-0.30294484
AT2G47460,-0.00670477
AT2G47470,0.30139217
AT2G47480,-0.056172714
AT2G47485,0.57579
AT2G47490,0.07817985
AT2G47500,-0.30474257
AT2G47510,0.4921269
AT2G47520,0.54781276
AT2G47530,0.005465106
AT2G47540,0.0079417555
AT2G47550,1.1470153
AT2G47560,0.020764153
AT2G47570,0.0003534617
AT2G47580,-0.050758183
AT2G47584,0.0
AT2G47590,-0.19883156
AT2G47600,0.29211617
AT2G47610,0.10798793
AT2G47620,0.06799025
AT2G47630,-0.025806535
AT2G47640,0.31219763
AT2G47650,0.31023896
AT2G47670,0.054174762
AT2G47680,-0.0824909
AT2G47690,0.12032383
AT2G47700,0.014896753
AT2G47710,0.24360076
AT2G47720,0.0028162983
AT2G47730,0.12278009
AT2G47750,-0.23045452
AT2G47760,0.10750715
AT2G47770,0.4273603
AT2G47780,-0.27570516
AT2G47790,0.0121606365
AT2G47800,0.4317186
AT2G47810,0.0013312156
AT2G47820,0.23931006
AT2G47830,0.08270127
AT2G47840,0.10235951
AT2G47844,-0.012824969
AT2G47850,0.0053173923
AT2G47860,0.071894646
AT2G47870,0.14035064
AT2G47880,-0.8765814
AT2G47885,-0.0020335703
AT2G47890,0.049686603
AT2G47900,0.00092988287
AT2G47910,0.0762275
AT2G47920,0.021560114
AT2G47930,-0.34549266
AT2G47935,-0.012308072
AT2G47940,-0.29546368
AT2G47950,0.45413572
AT2G47960,0.10186406
AT2G47970,0.40720728
AT2G47980,-0.026429204
AT2G47990,0.3518191
AT2G48000,0.007151494
AT2G48010,0.1406776
AT2G48020,-0.013840242
AT2G48030,-0.012678487
AT2G48060,0.091962576
AT2G48070,-0.07680182
AT2G48075,-0.0382806
AT2G48080,0.013577586
AT2G48090,0.23731235
AT2G48100,0.080277294
AT2G48110,0.048838962
AT2G48120,-0.023078177
AT2G48121,-0.018523388
AT2G48130,0.028267227
AT2G48140,0.067374215
AT2G48150,0.33027646
AT2G48160,0.0061642705
AT3G01010,-5.878458e-05
AT3G01015,0.004935014
AT3G01020,0.00030464822
AT3G01030,0.024034012
AT3G01040,0.20591043
AT3G01050,0.033964716
AT3G01060,-0.038958658
AT3G01070,-0.08533803
AT3G01080,0.7392018
AT3G01085,0.0017689462
AT3G01090,0.14582747
AT3G01100,0.053801425
AT3G01120,0.09579859
AT3G01130,0.174596
AT3G01140,-0.19695559
AT3G01150,0.09158485
AT3G01160,0.036231548
AT3G01170,0.0797036
AT3G01175,0.18497166
AT3G01180,-0.03352547
AT3G01185,-0.0001018333
AT3G01190,0.0017177844
AT3G01200,0.18998143
AT3G01210,-0.113261454
AT3G01220,0.0120222205
AT3G01230,-4.094131e-05
AT3G01240,-0.000117557734
AT3G01250,0.000107812266
AT3G01260,-0.0061408672
AT3G01270,-0.00393751
AT3G01280,0.2938486
AT3G01290,1.2267163
AT3G01300,-0.0045220605
AT3G01310,-0.013761926
AT3G01311,0.02925867
AT3G01319,0.00039038146
AT3G01320,0.03978258
AT3G01322,0.00028239386
AT3G01323,0.0015949638
AT3G01324,0.0
AT3G01325,0.00012521367
AT3G01326,0.00077433535
AT3G01327,0.00086550636
AT3G01328,5.9488495e-05
AT3G01329,-0.0023465964
AT3G01330,0.0033380203
AT3G01331,0.0023811376
AT3G01340,0.11723241
AT3G01345,0.16555272
AT3G01350,0.008646648
AT3G01360,0.1404696
AT3G01370,-0.0333383
AT3G01380,-0.006874875
AT3G01390,-0.0064245015
AT3G01400,0.16739003
AT3G01410,-0.07262539
AT3G01415,0.0
AT3G01420,2.119483
AT3G01430,0.12995248
AT3G01435,0.040813636
AT3G01440,-0.4381084
AT3G01450,-0.07235115
AT3G01460,0.019889433
AT3G01470,0.14474319
AT3G01475,0.0014562344
AT3G01480,-0.34228885
AT3G01490,-0.34622788
AT3G01500,-0.9357603
AT3G01510,-0.057285435
AT3G01513,0.010104353
AT3G01516,-0.004997408
AT3G01520,-0.036512338
AT3G01530,0.0006397355
AT3G01540,0.12249832
AT3G01550,-0.3478448
AT3G01560,0.0344929
AT3G01570,0.07356205
AT3G01572,-0.0038191588
AT3G01580,0.107855596
AT3G01590,0.22114487
AT3G01600,0.00940345
AT3G01610,-0.04705643
AT3G01620,0.0014226281
AT3G01630,-0.039732363
AT3G01640,0.30438855
AT3G01650,0.6150048
AT3G01660,-0.3351523
AT3G01670,-0.23078476
AT3G01680,-0.36475414
AT3G01690,-0.21514697
AT3G01700,0.006541856
AT3G01710,-0.046081945
AT3G01720,0.23439327
AT3G01730,0.0063691745
AT3G01740,0.014332804
AT3G01750,-0.011546696
AT3G01760,0.020102227
AT3G01770,-0.035207693
AT3G01780,0.010593802
AT3G01790,-0.002468477
AT3G01800,0.28429085
AT3G01810,-0.5104225
AT3G01820,0.22844589
AT3G01830,0.8583556
AT3G01840,-0.15538381
AT3G01850,0.051346675
AT3G01860,-0.37466156
AT3G01870,-0.0021175398
AT3G01880,0.014554776
AT3G01890,-0.13549995
AT3G01900,0.010741362
AT3G01910,0.13154532
AT3G01920,-0.02069552
AT3G01930,0.08362983
AT3G01940,-0.075687565
AT3G01950,-0.19090697
AT3G01960,-0.20590152
AT3G01961,-2.6493177e-05
AT3G01970,0.74383104
AT3G01980,-0.037055764
AT3G01990,0.063995466
AT3G02000,-0.018386453
AT3G02010,-0.013466444
AT3G02020,-0.19566642
AT3G02030,-0.06875951
AT3G02040,0.32513294
AT3G02050,-0.14164957
AT3G02060,-0.059173346
AT3G02065,-0.03325963
AT3G02070,0.20148258
AT3G02080,0.049464747
AT3G02090,0.2542927
AT3G02100,0.008746245
AT3G02110,-0.44386497
AT3G02120,-0.15433249
AT3G02125,0.0043132487
AT3G02130,-0.18260302
AT3G02140,0.3770952
AT3G02150,0.10819673
AT3G02160,0.41328683
AT3G02170,-0.12639302
AT3G02180,0.0042162077
AT3G02190,0.30745766
AT3G02200,0.034695957
AT3G02210,0.021999596
AT3G02220,0.035885822
AT3G02230,0.5705142
AT3G02240,0.4231555
AT3G02242,0.0051867673
AT3G02245,0.0017371562
AT3G02250,-0.21915713
AT3G02255,0.0031355603
AT3G02260,0.060038857
AT3G02270,0.051543403
AT3G02280,0.102497056
AT3G02290,0.06846075
AT3G02300,0.0059682867
AT3G02310,0.023674851
AT3G02320,0.43017453
AT3G02330,-0.028944094
AT3G02340,0.10926874
AT3G02350,-0.080209434
AT3G02360,0.45786953
AT3G02370,0.009330057
AT3G02380,-0.5008666
AT3G02390,0.031517334
AT3G02400,-0.027393237
AT3G02410,-0.014574025
AT3G02420,0.24454103
AT3G02430,0.0024468817
AT3G02440,7.556395e-05
AT3G02450,0.013663098
AT3G02460,0.023029553
AT3G02470,0.094403334
AT3G02480,1.1383277
AT3G02490,-0.013595631
AT3G02493,0.0026199983
AT3G02500,-0.0021394733
AT3G02510,0.12462558
AT3G02520,0.33777604
AT3G02530,0.06288377
AT3G02540,-0.23172404
AT3G02550,0.14201957
AT3G02555,-0.05283336
AT3G02560,0.011836094
AT3G02570,-0.14115365
AT3G02580,0.0063381754
AT3G02590,0.003499374
AT3G02600,0.016999219
AT3G02610,0.106340714
AT3G02620,0.0464295
AT3G02630,-0.031890474
AT3G02640,-0.33596426
AT3G02645,-0.01219889
AT3G02650,0.08757956
AT3G02660,-0.14022209
AT3G02670,-0.010071604
AT3G02673,0.00012128742
AT3G02677,0.008542033
AT3G02680,-0.10292512
AT3G02690,-0.20384248
AT3G02700,0.00466574
AT3G02710,0.18772854
AT3G02720,-0.060385473
AT3G02730,-0.26130626
AT3G02740,0.23172373
AT3G02750,-0.057537563
AT3G02760,-0.027898658
AT3G02770,0.096925594
AT3G02780,0.1797373
AT3G02790,0.033670142
AT3G02800,0.31927857
AT3G02810,0.010460577
AT3G02820,0.030431155
AT3G02830,-0.36191738
AT3G02840,1.0422922
AT3G02850,-0.05858866
AT3G02860,-0.057060994
AT3G02870,-0.22332528
AT3G02875,0.916077
AT3G02880,0.3875354
AT3G02885,0.36776865
AT3G02890,-0.07352283
AT3G02900,-0.03618233
AT3G02910,0.028862284
AT3G02920,0.06929934
AT3G02930,-0.08000535
AT3G02940,0.00587228
AT3G02950,-0.02329052
AT3G02960,6.209615e-05
AT3G02970,0.0034029083
AT3G02975,3.808076e-05
AT3G02980,0.0005536005
AT3G02990,0.23649639
AT3G03000,0.1002062
AT3G03010,-0.061108086
AT3G03020,0.098115794
AT3G03030,-0.11835376
AT3G03040,-0.062803514
AT3G03050,0.21478228
AT3G03060,0.11037416
AT3G03070,0.08637203
AT3G03080,0.0013385125
AT3G03090,-0.03092878
AT3G03100,0.22335763
AT3G03110,0.27105004
AT3G03120,0.016066546
AT3G03130,0.0090013025
AT3G03140,0.09494353
AT3G03150,-0.07831076
AT3G03160,0.20536028
AT3G03170,0.02494767
AT3G03180,-0.12152421
AT3G03190,-0.3851691
AT3G03200,-0.037073363
AT3G03210,-0.038889695
AT3G03220,-0.03915233
AT3G03230,0.004916865
AT3G03240,0.061215404
AT3G03250,-0.087085605
AT3G03260,0.005245524
AT3G03270,-0.091966115
AT3G03272,0.0047737015
AT3G03280,-0.04330075
AT3G03290,0.0035265628
AT3G03300,-0.05029579
AT3G03305,0.107823245
AT3G03310,0.5224899
AT3G03320,0.09783538
AT3G03330,0.12659773
AT3G03340,0.13336353
AT3G03341,-0.06920866
AT3G03350,-0.036871396
AT3G03360,0.0038059275
AT3G03370,-0.04846801
AT3G03380,0.069919035
AT3G03400,0.00030779204
AT3G03405,0.0
AT3G03410,2.1602043e-05
AT3G03420,-0.009487507
AT3G03430,0.021213667
AT3G03440,0.59253997
AT3G03450,-0.2460147
AT3G03460,-0.043656405
AT3G03470,0.45870486
AT3G03480,0.90691996
AT3G03490,0.25288826
AT3G03500,0.026706241
AT3G03510,0.00096582214
AT3G03520,-0.10171955
AT3G03530,0.16750172
AT3G03540,0.015133307
AT3G03550,0.02197225
AT3G03560,0.20641172
AT3G03570,0.12878317
AT3G03580,0.00029232632
AT3G03590,-0.05009247
AT3G03600,0.14772496
AT3G03610,0.5392262
AT3G03620,0.07257242
AT3G03630,0.026960382
AT3G03640,-0.0045093554
AT3G03650,0.17446105
AT3G03660,0.0069163456
AT3G03670,0.036861267
AT3G03680,-0.20375879
AT3G03690,-0.2026921
AT3G03700,0.5484273
AT3G03710,-0.12761231
AT3G03720,0.13093351
AT3G03726,0.00069888734
AT3G03730,1.6466745e-05
AT3G03740,0.15919477
AT3G03750,0.039730348
AT3G03760,0.00056566903
AT3G03770,-0.3550401
AT3G03773,0.07991006
AT3G03776,-0.019289957
AT3G03780,-0.07418023
AT3G03790,0.02001265
AT3G03800,0.014088588
AT3G03810,0.060057677
AT3G03820,-0.34786487
AT3G03826,4.9373153e-05
AT3G03828,0.0011968365
AT3G03830,-0.15490778
AT3G03840,-0.28542435
AT3G03847,0.002613305
AT3G03850,-0.18413778
AT3G03860,0.1095316
AT3G03870,0.060286
AT3G03880,-0.021735273
AT3G03890,0.23881175
AT3G03900,-0.10047292
AT3G03910,-0.22982426
AT3G03920,0.0685509
AT3G03930,-0.013781224
AT3G03940,0.017955229
AT3G03950,0.026926037
AT3G03960,0.009354755
AT3G03970,0.13448851
AT3G03980,-0.05258634
AT3G03990,0.3330265
AT3G04000,0.11723987
AT3G04010,0.4775922
AT3G04020,-0.03997056
AT3G04030,0.06561799
AT3G04040,0.24110638
AT3G04050,0.065713845
AT3G04060,0.5287128
AT3G04070,1.1689569
AT3G04080,0.2075217
AT3G04090,0.19843748
AT3G04100,-0.015763294
AT3G04110,0.09834018
AT3G04120,0.29247552
AT3G04130,-0.055435643
AT3G04140,-0.24640045
AT3G04150,0.00013755429
AT3G04160,-0.10490414
AT3G04170,0.025626367
AT3G04180,0.0020127296
AT3G04181,0.12795676
AT3G04184,0.029610043
AT3G04190,0.022308033
AT3G04200,0.028070148
AT3G04210,0.89682853
AT3G04220,1.0032005
AT3G04230,0.16228338
AT3G04240,0.22904854
AT3G04250,0.0003274872
AT3G04260,-0.05210153
AT3G04270,0.0
AT3G04280,0.00022030118
AT3G04290,0.036736485
AT3G04300,0.07593381
AT3G04310,-0.06946292
AT3G04320,1.905277
AT3G04330,0.004104318
AT3G04340,-0.15120183
AT3G04350,0.107759126
AT3G04360,0.0061648414
AT3G04370,0.003349185
AT3G04380,-0.07993294
AT3G04390,0.0
AT3G04410,-0.0068208724
AT3G04420,0.05766678
AT3G04430,0.00072985445
AT3G04440,0.06044269
AT3G04443,-0.06271239
AT3G04450,-0.25967017
AT3G04460,0.060631394
AT3G04470,-0.058048733
AT3G04480,0.08160601
AT3G04490,-0.049004465
AT3G04500,0.122139424
AT3G04510,0.023274891
AT3G04520,0.13366313
AT3G04530,0.063132785
AT3G04540,0.0006141461
AT3G04545,-9.3659575e-05
AT3G04550,0.058018178
AT3G04560,0.12650895
AT3G04570,0.0074905236
AT3G04580,0.19133206
AT3G04590,0.10016287
AT3G04600,0.17272201
AT3G04610,0.03690294
AT3G04620,0.18437509
AT3G04630,0.06186225
AT3G04640,0.5189576
AT3G04650,0.11890887
AT3G04660,0.0073395455
AT3G04670,0.30300504
AT3G04680,0.05798137
AT3G04690,0.13825463
AT3G04700,-0.008951143
AT3G04710,0.023843896
AT3G04720,1.3184798
AT3G04730,-0.2792894
AT3G04735,0.012164525
AT3G04740,0.015724214
AT3G04750,-0.08304773
AT3G04760,-0.06776253
AT3G04770,-0.027120657
AT3G04780,0.19900398
AT3G04790,-0.07602653
AT3G04800,0.016156657
AT3G04810,-0.0523468
AT3G04820,0.11457913
AT3G04830,0.0055872845
AT3G04840,0.055511814
AT3G04850,-0.061423324
AT3G04854,-0.033488937
AT3G04855,0.0021728575
AT3G04860,-0.20427889
AT3G04870,-0.02630206
AT3G04880,0.07421586
AT3G04890,-0.06658038
AT3G04900,-0.0017717087
AT3G04903,0.00034087527
AT3G04910,-0.12119592
AT3G04920,-0.038793057
AT3G04930,0.012855563
AT3G04940,-0.76313794
AT3G04943,4.352198e-05
AT3G04945,3.381534e-05
AT3G04950,-0.0830333
AT3G04960,-0.23484191
AT3G04970,0.120642625
AT3G04980,-0.022726538
AT3G04990,0.00060504396
AT3G05000,-0.083994254
AT3G05010,0.1840899
AT3G05020,-0.0177533
AT3G05030,0.13211635
AT3G05035,-0.13065183
AT3G05040,0.079065725
AT3G05050,0.29508066
AT3G05060,0.019723307
AT3G05070,0.10469456
AT3G05080,0.0052756113
AT3G05090,0.2526594
AT3G05100,-0.046015486
AT3G05110,0.03127911
AT3G05120,0.022679433
AT3G05130,0.0023239115
AT3G05140,-0.014810639
AT3G05150,-0.014923039
AT3G05155,0.0068699815
AT3G05160,-0.021043861
AT3G05165,0.2596432
AT3G05170,0.5503424
AT3G05180,-0.17070879
AT3G05190,-0.18499772
AT3G05200,0.15462816
AT3G05210,0.2054621
AT3G05220,0.12754777
AT3G05230,0.18612887
AT3G05240,-0.07825231
AT3G05250,0.1153822
AT3G05260,-0.011213278
AT3G05270,0.025371933
AT3G05280,0.19470368
AT3G05290,0.25069433
AT3G05300,0.00056416326
AT3G05310,-0.0051902025
AT3G05320,-0.052686248
AT3G05327,0.029772751
AT3G05330,0.21058163
AT3G05340,-0.2783869
AT3G05345,-0.15758424
AT3G05350,-0.019980244
AT3G05360,0.95783496
AT3G05365,0.059380606
AT3G05370,-0.25369304
AT3G05380,0.31317556
AT3G05390,1.137941
AT3G05400,1.0828431
AT3G05410,-0.1266329
AT3G05420,0.10770926
AT3G05425,0.0
AT3G05430,-0.08745625
AT3G05440,0.00032813396
AT3G05450,0.0016003202
AT3G05460,2.0510672e-05
AT3G05470,-0.010689172
AT3G05480,0.055968974
AT3G05490,-0.030148478
AT3G05500,0.88209933
AT3G05510,0.2194034
AT3G05520,-0.0049978737
AT3G05530,0.08996279
AT3G05540,0.003205978
AT3G05545,0.03051503
AT3G05550,-0.029997101
AT3G05560,0.057639353
AT3G05570,0.26180294
AT3G05580,0.19143212
AT3G05590,0.020139555
AT3G05600,0.062114954
AT3G05610,-0.00013296548
AT3G05620,-0.042756047
AT3G05625,-0.15815133
AT3G05630,0.6915978
AT3G05640,0.75176436
AT3G05650,0.18045588
AT3G05660,0.05566766
AT3G05670,-0.006914663
AT3G05675,-0.07913544
AT3G05680,-0.020308428
AT3G05685,-0.046161495
AT3G05690,-0.061421677
AT3G05700,0.028845314
AT3G05710,0.085777715
AT3G05720,0.006147801
AT3G05725,4.5255664e-11
AT3G05727,0.13421695
AT3G05730,-0.1390093
AT3G05740,-0.028870337
AT3G05741,0.00039698713
AT3G05746,0.00087398634
AT3G05750,-0.16192782
AT3G05760,0.026853917
AT3G05770,0.16377285
AT3G05775,0.0
AT3G05780,0.007306427
AT3G05790,-0.0066945856
AT3G05800,0.0016948096
AT3G05810,0.04722977
AT3G05820,0.0033244719
AT3G05830,0.22567348
AT3G05840,0.01402542
AT3G05850,0.030470524
AT3G05858,0.009512807
AT3G05860,-0.0018306979
AT3G05870,0.18485792
AT3G05880,0.055601567
AT3G05890,-0.054919977
AT3G05900,-0.36440232
AT3G05910,-0.21234186
AT3G05920,0.00863258
AT3G05930,0.00048775075
AT3G05935,-0.07718745
AT3G05936,-0.23751941
AT3G05937,0.21198456
AT3G05940,-0.005065807
AT3G05950,0.034280464
AT3G05960,-0.0011618587
AT3G05970,0.4269102
AT3G05975,0.00090828823
AT3G05980,-0.024689946
AT3G05990,0.0069627836
AT3G06000,0.0
AT3G06010,-0.054147832
AT3G06019,0.0025612323
AT3G06020,-0.13697888
AT3G06030,-0.016692467
AT3G06035,-0.15881926
AT3G06040,-0.013358153
AT3G06050,0.31574684
AT3G06060,0.02431043
AT3G06070,-0.9654138
AT3G06080,-0.15044846
AT3G06085,0.011577879
AT3G06090,0.0020276278
AT3G06100,0.029121486
AT3G06110,0.007989702
AT3G06120,0.06390671
AT3G06130,-0.30704364
AT3G06140,-0.27725342
AT3G06150,-0.2852791
AT3G06160,-0.23943393
AT3G06170,0.097014
AT3G06180,0.0875706
AT3G06190,0.69938517
AT3G06200,-0.008731387
AT3G06210,-0.0042933645
AT3G06220,-0.0059580505
AT3G06230,0.00019425806
AT3G06240,0.2645181
AT3G06250,0.009192491
AT3G06260,-0.009224496
AT3G06270,0.003520445
AT3G06280,-5.3029868e-05
AT3G06290,0.010040044
AT3G06300,0.26210198
AT3G06310,0.049722925
AT3G06320,0.08089813
AT3G06330,-0.100842535
AT3G06340,0.040182978
AT3G06350,0.33473614
AT3G06360,-0.044365384
AT3G06370,-0.11652608
AT3G06380,-0.013051062
AT3G06390,-0.002128132
AT3G06400,0.021857481
AT3G06410,-0.0054406654
AT3G06420,0.95592153
AT3G06430,-0.25984237
AT3G06435,-0.002596847
AT3G06436,0.0031336083
AT3G06440,-0.08555255
AT3G06450,0.15256198
AT3G06455,-0.066163115
AT3G06460,-0.0039570015
AT3G06470,0.11024448
AT3G06480,0.07492793
AT3G06483,0.2319925
AT3G06490,1.4457928
AT3G06500,0.39351562
AT3G06510,0.116790496
AT3G06520,0.09324831
AT3G06530,0.019967379
AT3G06540,0.274632
AT3G06545,-0.0025233417
AT3G06550,-0.023250576
AT3G06560,0.0068263053
AT3G06570,-0.058306247
AT3G06580,0.16550468
AT3G06590,0.039457977
AT3G06600,-0.026428698
AT3G06610,-0.060321376
AT3G06620,0.10604928
AT3G06630,-0.029497612
AT3G06640,0.04217805
AT3G06650,-0.0604017
AT3G06660,-0.034889676
AT3G06670,-0.012650733
AT3G06680,-0.028824434
AT3G06690,0.04598626
AT3G06700,0.085596174
AT3G06710,0.1796243
AT3G06720,0.023889411
AT3G06730,0.012570394
AT3G06740,-0.20602773
AT3G06750,-0.66228783
AT3G06760,-0.0064843763
AT3G06770,-0.444984
AT3G06778,0.002724472
AT3G06780,0.08558685
AT3G06790,0.15626498
AT3G06810,0.7341439
AT3G06820,0.009663504
AT3G06830,0.030260934
AT3G06840,0.021346623
AT3G06850,0.12776104
AT3G06860,0.50150377
AT3G06868,-0.42771384
AT3G06870,0.005098421
AT3G06880,-0.4126237
AT3G06890,0.15342593
AT3G06895,0.0028868432
AT3G06910,0.006755434
AT3G06920,0.06887919
AT3G06930,0.002071677
AT3G06950,-0.06669957
AT3G06960,0.007534787
AT3G06970,-0.009046183
AT3G06980,-0.0288841
AT3G06985,0.001028019
AT3G06990,-0.009312355
AT3G07000,-0.08787729
AT3G07005,0.00023806692
AT3G07010,-0.6120446
AT3G07020,-0.017946735
AT3G07030,0.005256471
AT3G07040,0.008468924
AT3G07050,0.054845102
AT3G07060,0.066469595
AT3G07070,0.014741335
AT3G07080,-0.047373615
AT3G07090,0.13898052
AT3G07100,0.16581173
AT3G07110,0.047983643
AT3G07120,0.028985698
AT3G07130,-0.011329801
AT3G07140,0.041053917
AT3G07150,0.57030827
AT3G07160,0.007608001
AT3G07170,0.043429308
AT3G07180,0.010373476
AT3G07190,-0.2246253
AT3G07195,0.6319821
AT3G07200,-0.32240748
AT3G07210,-0.17418255
AT3G07220,0.17677546
AT3G07230,0.01789719
AT3G07250,0.0011418775
AT3G07255,0.20966788
AT3G07260,-0.016353287
AT3G07270,-0.036439214
AT3G07273,0.16436157
AT3G07290,-0.080526315
AT3G07300,0.028599905
AT3G07310,-0.08789582
AT3G07320,0.024347339
AT3G07330,-0.035085276
AT3G07340,-0.061451606
AT3G07350,0.31985828
AT3G07360,-0.3001923
AT3G07370,0.31582677
AT3G07380,-0.03270562
AT3G07390,0.612724
AT3G07400,-0.014108194
AT3G07410,-0.079587616
AT3G07420,-0.08691047
AT3G07425,-0.0040691993
AT3G07430,-0.14187174
AT3G07440,-0.059368804
AT3G07450,-0.0058802324
AT3G07460,-0.17412212
AT3G07470,-0.017970951
AT3G07480,0.4081018
AT3G07490,0.010624736
AT3G07500,-0.11615839
AT3G07510,-0.24609046
AT3G07520,0.14993252
AT3G07522,0.000840732
AT3G07525,0.047878608
AT3G07530,0.056708854
AT3G07540,-0.3308124
AT3G07550,-0.115936026
AT3G07560,0.16440761
AT3G07565,0.13189492
AT3G07570,0.2605197
AT3G07580,0.050539542
AT3G07590,0.09805345
AT3G07600,0.08017628
AT3G07610,0.02350605
AT3G07620,0.0056706136
AT3G07630,0.08302532
AT3G07640,0.08472798
AT3G07650,0.2227765
AT3G07660,0.059789184
AT3G07670,-0.101211496
AT3G07680,0.13577215
AT3G07690,0.102486275
AT3G07700,0.22674768
AT3G07710,0.008008338
AT3G07720,0.27428734
AT3G07730,0.0037964324
AT3G07740,0.063781165
AT3G07750,0.10200519
AT3G07760,0.057511806
AT3G07770,0.023737222
AT3G07780,0.27516353
AT3G07790,0.03595465
AT3G07800,0.0946588
AT3G07810,-0.012945782
AT3G07820,0.0005798227
AT3G07830,-0.002855869
AT3G07840,0.00016676637
AT3G07850,0.00019012894
AT3G07860,-0.019487023
AT3G07870,0.0001593139
AT3G07880,-0.007109537
AT3G07890,0.025937375
AT3G07900,0.01904678
AT3G07910,0.5771989
AT3G07920,0.024707403
AT3G07930,-0.0071843155
AT3G07940,-0.05659455
AT3G07950,0.14788215
AT3G07960,-0.33790419
AT3G07970,0.6401703
AT3G07980,0.1138338
AT3G07990,-0.2672044
AT3G08000,-0.00065079355
AT3G08010,0.15595089
AT3G08020,-0.05161289
AT3G08030,-0.25571212
AT3G08040,0.10312364
AT3G08490,-0.020591538
AT3G08500,0.00989268
AT3G08505,-0.079202294
AT3G08510,-0.027432835
AT3G08530,0.14027241
AT3G08550,0.060036104
AT3G08560,0.0011364912
AT3G08570,-0.21333674
AT3G08580,0.211186
AT3G08590,0.26451945
AT3G08600,-0.19953431
AT3G08610,0.25250578
AT3G08620,-0.0648581
AT3G08630,0.0038721291
AT3G08636,0.0004406138
AT3G08640,0.4282535
AT3G08650,0.15494831
AT3G08660,-0.19908734
AT3G08670,0.012709206
AT3G08680,-0.104904436
AT3G08690,0.680527
AT3G08700,0.03988058
AT3G08710,0.12246671
AT3G08720,0.64889586
AT3G08730,-0.03293809
AT3G08740,-0.12642622
AT3G08750,0.022723524
AT3G08760,0.46587148
AT3G08770,0.048869777
AT3G08780,0.04295408
AT3G08790,0.00223577
AT3G08800,0.0096471105
AT3G08810,0.03938977
AT3G08820,-0.008526117
AT3G08840,0.009502878
AT3G08850,0.018503023
AT3G08860,0.5599742
AT3G08870,0.51189953
AT3G08880,-0.035333425
AT3G08890,-0.1335904
AT3G08900,0.018195523
AT3G08910,0.0851772
AT3G08920,-0.33732915
AT3G08930,-0.047431193
AT3G08940,-0.56686103
AT3G08943,0.07227735
AT3G08947,-0.024745367
AT3G08950,0.19949345
AT3G08960,0.028634038
AT3G08970,0.5306816
AT3G08980,0.013523699
AT3G08990,0.6178448
AT3G09000,0.23926763
AT3G09010,0.836337
AT3G09020,0.32294902
AT3G09030,0.13432541
AT3G09032,0.11607038
AT3G09035,-0.09904203
AT3G09040,0.0024842941
AT3G09050,-0.13948606
AT3G09055,0.12046644
AT3G09060,0.024091208
AT3G09070,-0.20221522
AT3G09080,-0.0015556671
AT3G09085,0.33426058
AT3G09090,0.06124474
AT3G09100,0.07378946
AT3G09110,0.0014213882
AT3G09120,0.00083140214
AT3G09130,0.0006157565
AT3G09140,6.702196e-05
AT3G09150,-0.08037506
AT3G09160,-0.075456105
AT3G09162,-0.23192348
AT3G09180,0.24280971
AT3G09190,-0.26283726
AT3G09200,0.12962301
AT3G09210,-0.12198412
AT3G09220,0.6541881
AT3G09230,0.10320511
AT3G09240,0.01526026
AT3G09250,0.064425156
AT3G09260,0.27552685
AT3G09270,1.2023077
AT3G09280,0.01642181
AT3G09290,0.00660932
AT3G09300,0.07208367
AT3G09310,-0.16676998
AT3G09320,0.08627496
AT3G09330,0.014337306
AT3G09340,0.035036705
AT3G09350,1.1045282
AT3G09360,-0.012468302
AT3G09370,0.15253805
AT3G09380,0.0009274067
AT3G09390,0.62184626
AT3G09400,0.020836465
AT3G09405,1.2529626
AT3G09410,-0.05564532
AT3G09430,0.04184909
AT3G09440,0.3314241
AT3G09450,0.3137111
AT3G09455,0.2119543
AT3G09470,-0.008739037
AT3G09480,0.3384651
AT3G09490,0.4090666
AT3G09500,-0.09976213
AT3G09510,2.2957254e-05
AT3G09520,0.8415971
AT3G09530,0.0022246204
AT3G09540,0.10691001
AT3G09550,-0.08732277
AT3G09560,0.096271046
AT3G09570,0.18907477
AT3G09580,-0.35285664
AT3G09590,0.0023451052
AT3G09600,-0.0017068498
AT3G09620,-0.018440222
AT3G09630,0.09006805
AT3G09640,0.0066247215
AT3G09650,-0.07322171
AT3G09660,-0.060504135
AT3G09670,0.022031926
AT3G09680,0.049021877
AT3G09690,0.0510075
AT3G09700,0.037681438
AT3G09710,-0.0035161488
AT3G09720,0.039349187
AT3G09730,-0.09354234
AT3G09735,0.2238628
AT3G09740,0.08373124
AT3G09750,0.00073827256
AT3G09760,0.15784436
AT3G09770,0.045187984
AT3G09780,-0.24754208
AT3G09790,0.042186648
AT3G09800,-0.27588218
AT3G09810,0.64286494
AT3G09820,-0.038719893
AT3G09830,0.2482862
AT3G09840,0.2459925
AT3G09850,0.052993875
AT3G09860,-0.13591284
AT3G09863,0.009357078
AT3G09870,-0.06288033
AT3G09880,-0.03960651
AT3G09890,0.17287819
AT3G09900,0.06190745
AT3G09910,0.18621042
AT3G09920,-0.0319375
AT3G09925,0.017753733
AT3G09930,0.0021673976
AT3G09940,0.82261276
AT3G09950,0.053609774
AT3G09960,0.5996939
AT3G09970,0.236112
AT3G09980,-0.1081324
AT3G09990,-4.462692e-06
AT3G10000,0.023574144
AT3G10010,0.077565625
AT3G10020,-0.025949497
AT3G10030,-0.037616413
AT3G10040,-0.063762456
AT3G10050,0.08921287
AT3G10060,-0.43905666
AT3G10070,0.19336833
AT3G10080,-0.27015027
AT3G10090,0.16520573
AT3G10110,0.10400066
AT3G10113,-0.034614667
AT3G10116,0.004781743
AT3G10120,-0.036956526
AT3G10130,0.013084663
AT3G10140,-0.10972254
AT3G10150,-0.14053662
AT3G10160,-0.026473043
AT3G10180,-0.074671865
AT3G10185,-0.030955061
AT3G10190,-0.004718362
AT3G10195,0.00023661532
AT3G10200,-0.07761744
AT3G10210,0.09105459
AT3G10220,0.03467066
AT3G10230,-0.012898879
AT3G10240,0.00031283966
AT3G10250,-0.0035706325
AT3G10260,0.0906284
AT3G10270,-0.092822015
AT3G10280,0.02922918
AT3G10290,0.036173772
AT3G10300,0.39332142
AT3G10310,-0.12143376
AT3G10320,1.7166028
AT3G10330,-0.023703177
AT3G10340,0.41484505
AT3G10350,0.0146721825
AT3G10360,-0.060160592
AT3G10370,0.30234832
AT3G10380,0.1719102
AT3G10390,0.021013878
AT3G10400,0.021640623
AT3G10405,-0.37817308
AT3G10410,0.06704469
AT3G10420,0.16214252
AT3G10430,0.0025948277
AT3G10439,0.0
AT3G10440,-0.10599074
AT3G10450,0.5501317
AT3G10455,0.0014088186
AT3G10460,0.0062832697
AT3G10470,-0.016188823
AT3G10480,0.04368729
AT3G10490,0.16608252
AT3G10500,0.58310676
AT3G10510,0.010479221
AT3G10520,-0.5629783
AT3G10525,-0.0060372846
AT3G10527,0.014152085
AT3G10530,0.06203075
AT3G10540,0.0043235878
AT3G10550,0.23751692
AT3G10560,0.08528725
AT3G10570,-0.16975646
AT3G10572,-0.0380999
AT3G10580,-0.00034101566
AT3G10585,0.00016676637
AT3G10590,0.07374646
AT3G10595,-1.1010134e-05
AT3G10600,-0.0016714893
AT3G10605,-0.0073801745
AT3G10610,-0.0050602886
AT3G10620,0.057099674
AT3G10630,-0.002762165
AT3G10640,0.10651847
AT3G10650,0.028184293
AT3G10660,0.108910486
AT3G10670,0.06723774
AT3G10680,-0.08979978
AT3G10690,-0.04444179
AT3G10700,-0.14071384
AT3G10710,0.0066336817
AT3G10720,-0.33762336
AT3G10730,0.034539178
AT3G10740,0.084110074
AT3G10750,0.1822436
AT3G10760,-0.1617181
AT3G10770,0.008073854
AT3G10780,0.25196654
AT3G10790,0.014595786
AT3G10800,0.14843717
AT3G10810,-0.03934361
AT3G10820,-0.006058487
AT3G10840,-0.31039864
AT3G10845,0.0015437538
AT3G10850,-0.05032996
AT3G10860,0.25942007
AT3G10870,0.023751661
AT3G10880,-0.07964294
AT3G10890,0.00080395315
AT3G10900,4.0160244e-06
AT3G10910,-0.08816084
AT3G10915,0.080837816
AT3G10920,0.042809166
AT3G10930,0.78984445
AT3G10940,-0.14484094
AT3G10950,0.0001284169
AT3G10960,0.040904995
AT3G10970,-0.0061122486
AT3G10974,-0.00017514692
AT3G10980,-0.0041679624
AT3G10985,0.28133684
AT3G10986,0.01633127
AT3G10990,7.817177e-05
AT3G11000,0.044543047
AT3G11010,0.64386255
AT3G11020,0.20276937
AT3G11030,0.21885383
AT3G11040,0.15012789
AT3G11050,0.03212978
AT3G11060,0.00015152416
AT3G11070,-0.010919121
AT3G11080,0.59880537
AT3G11090,-0.02484015
AT3G11100,0.040407978
AT3G11110,-0.29130882
AT3G11130,0.1481756
AT3G11150,0.9376903
AT3G11160,-0.013813462
AT3G11165,0.0013677485
AT3G11170,-0.03849479
AT3G11180,0.027105676
AT3G11200,0.15942292
AT3G11210,-0.00048235804
AT3G11220,0.16268273
AT3G11230,0.2803048
AT3G11240,-0.00049313344
AT3G11250,0.0011109137
AT3G11260,0.052673124
AT3G11270,0.3062796
AT3G11280,-0.17608358
AT3G11290,-0.032003917
AT3G11300,0.0
AT3G11310,2.7950957e-05
AT3G11320,0.16008629
AT3G11325,0.0071599516
AT3G11330,0.4558867
AT3G11340,1.1651502
AT3G11350,0.00051527505
AT3G11370,-0.0007568366
AT3G11380,3.657284e-05
AT3G11385,-0.0019229865
AT3G11390,-0.018028269
AT3G11397,0.11800899
AT3G11400,0.059390865
AT3G11402,0.33118552
AT3G11405,0.0024522427
AT3G11410,0.122687
AT3G11420,0.19477089
AT3G11430,0.9524157
AT3G11440,-0.02492239
AT3G11450,0.0192813
AT3G11460,-0.012731424
AT3G11470,-0.01057104
AT3G11480,1.4780318
AT3G11490,-0.24037704
AT3G11500,-0.01077155
AT3G11510,0.05811681
AT3G11520,0.020103099
AT3G11530,0.09247812
AT3G11540,0.07879971
AT3G11550,-0.005614156
AT3G11570,0.5534213
AT3G11580,0.6114078
AT3G11590,-0.08152035
AT3G11591,0.083342284
AT3G11600,0.10993168
AT3G11620,-0.09188299
AT3G11630,-0.70720345
AT3G11640,-0.062023055
AT3G11650,0.024293117
AT3G11660,0.11734665
AT3G11670,-0.043748505
AT3G11680,-0.0036509873
AT3G11690,0.2274137
AT3G11700,-0.28947487
AT3G11710,0.08695934
AT3G11720,-0.05959392
AT3G11730,-0.009114234
AT3G11740,0.0018917238
AT3G11745,-0.034568563
AT3G11750,-0.107562065
AT3G11760,-0.084505074
AT3G11770,0.28192556
AT3G11773,0.12815507
AT3G11780,0.26591867
AT3G11800,0.028962266
AT3G11810,0.10604873
AT3G11820,0.5304
AT3G11825,-0.00012348643
AT3G11830,0.051177908
AT3G11840,0.6983259
AT3G11850,0.0652352
AT3G11860,0.012829095
AT3G11870,0.00011289103
AT3G11880,0.11820387
AT3G11890,0.010319564
AT3G11900,0.023124708
AT3G11910,0.016593127
AT3G11920,0.052773178
AT3G11930,0.092681035
AT3G11940,0.048696503
AT3G11945,-0.096729875
AT3G11950,0.00020195358
AT3G11960,0.04730904
AT3G11964,0.008638073
AT3G11980,0.002426925
AT3G11990,0.0
AT3G12000,0.009330295
AT3G12010,-0.051299427
AT3G12020,-0.05194972
AT3G12030,0.20394583
AT3G12040,0.26462007
AT3G12050,0.4302058
AT3G12060,-0.01029967
AT3G12070,0.375573
AT3G12080,-0.0799858
AT3G12090,-0.006497191
AT3G12100,0.17707874
AT3G12110,-0.13027492
AT3G12120,-0.0052283653
AT3G12130,0.09309287
AT3G12140,0.11968539
AT3G12145,0.4632347
AT3G12150,-0.13667265
AT3G12160,-0.017625771
AT3G12170,-0.02484284
AT3G12180,0.066486575
AT3G12190,0.0030383777
AT3G12200,-0.0071112798
AT3G12203,-0.0030665065
AT3G12210,-0.008910036
AT3G12220,0.6569207
AT3G12230,0.6788943
AT3G12240,0.004476858
AT3G12250,0.10273996
AT3G12260,-0.004391496
AT3G12270,0.04828791
AT3G12280,0.049436793
AT3G12290,0.037262775
AT3G12300,0.08013618
AT3G12320,-0.14086562
AT3G12340,-0.086775176
AT3G12345,-0.26054245
AT3G12350,0.003209222
AT3G12360,0.15029716
AT3G12370,0.08054958
AT3G12380,0.030430155
AT3G12390,-0.028885897
AT3G12400,0.19614977
AT3G12410,0.0017710464
AT3G12420,2.9525487e-05
AT3G12430,0.0027478149
AT3G12440,0.0036156848
AT3G12460,0.01723201
AT3G12470,0.019508798
AT3G12480,0.11237081
AT3G12490,0.5496325
AT3G12500,1.0170718
AT3G12510,1.3763638
AT3G12520,0.12010318
AT3G12530,0.30038118
AT3G12540,0.0014399637
AT3G12545,0.00046615666
AT3G12550,-0.050059836
AT3G12560,-0.14598079
AT3G12570,0.11301935
AT3G12580,0.77958196
AT3G12587,0.07265753
AT3G12590,-0.04528758
AT3G12600,0.054701723
AT3G12610,-0.71269083
AT3G12620,0.13783541
AT3G12630,0.14121272
AT3G12640,0.052427325
AT3G12650,0.22526555
AT3G12660,0.004208497
AT3G12670,-0.039255094
AT3G12680,0.05411775
AT3G12685,-0.13365917
AT3G12690,-0.08203274
AT3G12700,0.5463076
AT3G12710,-0.4422196
AT3G12720,-0.006348922
AT3G12730,0.09534879
AT3G12740,0.49284622
AT3G12750,-0.04351375
AT3G12760,0.14375016
AT3G12770,0.02106567
AT3G12775,-0.00062785664
AT3G12780,-0.59976685
AT3G12800,0.39397264
AT3G12810,0.007317618
AT3G12820,-0.053738024
AT3G12830,0.23208222
AT3G12833,0.0051467917
AT3G12835,0.0014096065
AT3G12840,0.007621772
AT3G12850,0.0009813616
AT3G12860,0.040123276
AT3G12870,-0.004116886
AT3G12880,0.015859308
AT3G12890,0.01672676
AT3G12900,-0.014134673
AT3G12910,0.46082672
AT3G12915,-0.22603971
AT3G12920,-0.12416297
AT3G12930,-0.033743978
AT3G12940,-0.03271713
AT3G12950,0.021999873
AT3G12955,-0.03794887
AT3G12960,0.00024694187
AT3G12970,0.070865035
AT3G12977,0.12595321
AT3G12980,0.045787685
AT3G12990,0.0072539425
AT3G13000,-0.5104547
AT3G13010,0.002119085
AT3G13020,-0.04858509
AT3G13030,-0.33806956
AT3G13040,-0.039072517
AT3G13050,-0.0021777693
AT3G13060,-0.0031659263
AT3G13062,-0.081951946
AT3G13065,-0.16047506
AT3G13070,-0.0030221497
AT3G13075,-0.00143756
AT3G13080,0.31084502
AT3G13090,0.19045402
AT3G13100,0.73017585
AT3G13110,0.28895992
AT3G13120,-0.29364946
AT3G13130,0.042506825
AT3G13140,0.003390531
AT3G13150,-0.0006491435
AT3G13160,0.018713688
AT3G13170,0.03211143
AT3G13175,0.013193
AT3G13180,-0.17663734
AT3G13190,-0.43869555
AT3G13200,0.09993876
AT3G13210,0.02743656
AT3G13220,-0.0024982223
AT3G13222,-0.06709759
AT3G13224,0.19609602
AT3G13225,0.08315923
AT3G13226,-0.018435027
AT3G13227,0.004522901
AT3G13228,0.0006818253
AT3G13229,-0.12351831
AT3G13230,0.049124308
AT3G13235,0.15937455
AT3G13240,-0.3384645
AT3G13275,0.078229
AT3G13276,0.0041791154
AT3G13280,0.021598384
AT3G13290,0.02432367
AT3G13300,0.112709574
AT3G13310,0.2727356
AT3G13320,0.11833264
AT3G13330,0.31010485
AT3G13340,-0.05371303
AT3G13350,-0.022915669
AT3G13360,-0.08624439
AT3G13370,0.0
AT3G13380,0.7967839
AT3G13390,-0.0007636179
AT3G13400,-0.00050566345
AT3G13403,-0.0095506925
AT3G13404,-0.12330965
AT3G13410,-0.0004499038
AT3G13420,-0.05560615
AT3G13430,0.33287585
AT3G13432,0.21106488
AT3G13433,1.0033983
AT3G13435,0.18100931
AT3G13437,0.007888666
AT3G13440,-0.008750317
AT3G13445,0.27178285
AT3G13450,0.47799695
AT3G13460,0.009226595
AT3G13470,-0.13349375
AT3G13480,-0.04785873
AT3G13490,-0.018116433
AT3G13500,0.20245153
AT3G13510,-0.39398637
AT3G13520,0.045469996
AT3G13530,-0.013420748
AT3G13540,-0.054053176
AT3G13550,0.07968444
AT3G13560,-0.0976735
AT3G13570,0.017968334
AT3G13580,0.09415962
AT3G13590,-0.17712407
AT3G13600,0.17138147
AT3G13610,1.342186
AT3G13620,-0.018260319
AT3G13624,0.0
AT3G13630,0.004714866
AT3G13640,-0.010131478
AT3G13650,0.18252724
AT3G13660,0.10845867
AT3G13662,0.0019057759
AT3G13670,0.23284243
AT3G13672,0.07662186
AT3G13674,0.026269414
AT3G13677,-0.08523793
AT3G13680,0.008152807
AT3G13682,-0.09953945
AT3G13690,-0.3387488
AT3G13700,-0.27540228
AT3G13710,-0.35595608
AT3G13720,0.06284176
AT3G13730,-0.044151213
AT3G13750,-0.30525964
AT3G13760,0.010431752
AT3G13770,-0.019013522
AT3G13772,0.18944156
AT3G13780,0.049158543
AT3G13782,0.04254037
AT3G13784,0.01904744
AT3G13790,1.1203008
AT3G13800,0.06301295
AT3G13810,0.09058157
AT3G13820,0.0027972024
AT3G13825,0.0
AT3G13830,-0.0008913605
AT3G13840,-0.011222953
AT3G13845,0.091641456
AT3G13850,-0.014935951
AT3G13855,0.0
AT3G13860,-0.014049523
AT3G13870,0.11366927
AT3G13880,-0.0070608296
AT3G13882,-0.0176657
AT3G13890,0.00018785626
AT3G13898,0.014003598
AT3G13900,0.005034572
AT3G13910,0.6482782
AT3G13920,0.15934438
AT3G13930,0.28885144
AT3G13940,0.017284427
AT3G13950,1.6784368
AT3G13960,0.02826962
AT3G13970,-0.026728634
AT3G13980,-0.09926364
AT3G13990,0.13159433
AT3G14000,-0.025293462
AT3G14010,0.20908011
AT3G14020,-0.033675313
AT3G14030,1.4249631e-06
AT3G14040,0.018069461
AT3G14050,0.16444582
AT3G14060,0.9034703
AT3G14067,-0.016496206
AT3G14070,0.13736884
AT3G14075,0.23031698
AT3G14080,0.011187037
AT3G14090,0.20968547
AT3G14100,-0.007931321
AT3G14110,-0.1857101
AT3G14120,-0.06477084
AT3G14130,0.27771375
AT3G14140,-0.0010065625
AT3G14150,-0.39506656
AT3G14160,0.21486253
AT3G14170,-0.043869622
AT3G14172,0.12645677
AT3G14180,0.19998282
AT3G14190,0.02400299
AT3G14200,0.06055338
AT3G14205,0.14541061
AT3G14210,-0.48687586
AT3G14220,-0.11019334
AT3G14225,0.28075653
AT3G14230,0.09547993
AT3G14240,-0.34577954
AT3G14250,0.0010602518
AT3G14260,0.004532898
AT3G14270,0.07184394
AT3G14280,0.31682223
AT3G14290,0.09804623
AT3G14300,0.0029341576
AT3G14310,-0.12070946
AT3G14320,0.007574782
AT3G14330,-0.23024358
AT3G14340,-0.010565758
AT3G14350,-0.15300559
AT3G14360,0.093425915
AT3G14362,0.008305251
AT3G14370,0.019277342
AT3G14380,-0.042820495
AT3G14390,-0.07003606
AT3G14395,0.28650722
AT3G14400,0.08529177
AT3G14410,0.042815834
AT3G14415,-0.2649256
AT3G14420,-0.40369064
AT3G14430,0.3275456
AT3G14440,0.38642532
AT3G14450,-0.053455487
AT3G14452,-0.01351382
AT3G14460,0.48920548
AT3G14463,-0.024890747
AT3G14467,0.025620293
AT3G14470,0.3586642
AT3G14480,0.00027520658
AT3G14490,0.0024868099
AT3G14510,0.0017354289
AT3G14520,0.00013018104
AT3G14530,0.008802545
AT3G14540,0.01930577
AT3G14550,0.07810673
AT3G14560,0.3608148
AT3G14570,-0.29733634
AT3G14580,-0.04750199
AT3G14590,0.1327582
AT3G14595,0.0024555544
AT3G14600,0.049709775
AT3G14610,0.26126644
AT3G14620,0.65071774
AT3G14630,0.19530089
AT3G14640,-0.0020417196
AT3G14650,-0.17149593
AT3G14660,0.09082257
AT3G14670,0.016429534
AT3G14680,0.67467946
AT3G14690,0.49568623
AT3G14700,0.15510787
AT3G14710,0.05570258
AT3G14720,0.1886774
AT3G14730,-0.104421705
AT3G14740,-0.0792127
AT3G14750,0.2873512
AT3G14760,-0.140872
AT3G14770,0.49235436
AT3G14780,-0.059246562
AT3G14790,0.116869316
AT3G14810,-0.056160185
AT3G14820,0.006210014
AT3G14830,0.058409967
AT3G14840,0.16916817
AT3G14850,0.76801556
AT3G14860,-0.01417363
AT3G14870,-0.27602798
AT3G14880,0.007834515
AT3G14890,-0.16117255
AT3G14900,0.012338843
AT3G14910,0.079408556
AT3G14920,0.23518845
AT3G14930,-0.2243776
AT3G14940,-0.11191274
AT3G14950,-0.013741334
AT3G14960,0.14383478
AT3G14970,-0.0006111189
AT3G14980,-0.2534832
AT3G14981,-0.0011848733
AT3G14990,0.7328195
AT3G15000,0.19742064
AT3G15010,0.061412845
AT3G15020,0.45186755
AT3G15030,-0.041771848
AT3G15040,0.21717632
AT3G15050,-0.031746965
AT3G15060,0.23552778
AT3G15070,0.022847202
AT3G15080,0.21830109
AT3G15090,0.014955502
AT3G15095,-0.2546203
AT3G15110,-0.012324495
AT3G15110,-0.012324495
AT3G15111,0.0
AT3G15120,0.038517307
AT3G15130,-0.13321313
AT3G15140,-0.0007112693
AT3G15150,-0.033903945
AT3G15160,0.04712475
AT3G15170,-0.083026126
AT3G15180,0.20684454
AT3G15190,-0.24537987
AT3G15200,-0.019616507
AT3G15210,0.29937655
AT3G15220,-0.0012612934
AT3G15240,0.0054493835
AT3G15250,0.002539218
AT3G15251,0.00028211751
AT3G15260,0.0854491
AT3G15270,0.0716684
AT3G15280,-0.011190594
AT3G15290,0.059493225
AT3G15300,0.087971635
AT3G15340,0.0873374
AT3G15348,0.0
AT3G15350,-0.23883525
AT3G15351,0.025183655
AT3G15352,0.58050853
AT3G15353,-0.053899016
AT3G15354,-0.20153508
AT3G15355,0.18703894
AT3G15356,0.92125225
AT3G15357,0.013172181
AT3G15359,0.026159367
AT3G15360,0.016482515
AT3G15370,0.011073227
AT3G15380,-0.12957127
AT3G15390,0.21450193
AT3G15395,-0.07231909
AT3G15400,-0.117380865
AT3G15410,-0.11089818
AT3G15420,-0.03441168
AT3G15430,0.2759334
AT3G15440,0.18474804
AT3G15450,0.07129419
AT3G15460,-0.118980445
AT3G15470,-0.08207809
AT3G15480,-0.14970773
AT3G15490,0.0021088973
AT3G15500,1.0180826
AT3G15510,0.09605428
AT3G15518,0.94169533
AT3G15520,-0.38179585
AT3G15530,-0.20100036
AT3G15534,0.54494786
AT3G15540,0.21891424
AT3G15548,0.0
AT3G15550,-0.10778085
AT3G15570,-0.20537303
AT3G15578,7.4066185e-05
AT3G15580,0.3793587
AT3G15590,0.0048522763
AT3G15604,0.00010853182
AT3G15605,0.0016067745
AT3G15610,-0.038194697
AT3G15620,-0.05694737
AT3G15630,-0.0018167049
AT3G15635,0.008969483
AT3G15640,0.0063614068
AT3G15650,-0.063293695
AT3G15660,0.18379675
AT3G15670,-0.005998782
AT3G15680,-0.26419377
AT3G15690,-0.034909494
AT3G15700,0.009658209
AT3G15710,0.048727654
AT3G15720,-0.28278834
AT3G15730,0.023399781
AT3G15740,0.08057096
AT3G15750,-0.08967073
AT3G15760,0.31983045
AT3G15770,-0.085285746
AT3G15780,0.11532638
AT3G15790,-0.11929615
AT3G15800,-0.09764366
AT3G15810,0.024164882
AT3G15820,0.01687575
AT3G15830,0.14253262
AT3G15840,0.5689782
AT3G15850,-0.2940274
AT3G15860,0.018949611
AT3G15870,0.00062442565
AT3G15880,0.0996421
AT3G15890,-0.03355565
AT3G15900,-0.010773882
AT3G15909,0.0
AT3G15910,7.6874196e-05
AT3G15920,0.0060089994
AT3G15930,-0.084401086
AT3G15940,0.04041344
AT3G15950,0.20007317
AT3G15960,0.005887758
AT3G15970,-0.043505505
AT3G15980,0.084272906
AT3G15990,0.11939817
AT3G16000,-0.23000601
AT3G16010,-0.02199071
AT3G16020,-0.033058606
AT3G16030,-0.4600427
AT3G16040,0.005391965
AT3G16050,-0.033949975
AT3G16060,-0.027917169
AT3G16070,-0.14834972
AT3G16080,0.031275257
AT3G16090,0.028045345
AT3G16100,-0.19806315
AT3G16110,0.03700898
AT3G16117,9.2000395e-05
AT3G16120,-0.005444166
AT3G16130,0.014259626
AT3G16140,-0.3545671
AT3G16150,0.5551795
AT3G16160,-0.020346299
AT3G16170,0.10403266
AT3G16175,-0.04846433
AT3G16180,-0.33590862
AT3G16190,0.1524805
AT3G16200,-0.026064605
AT3G16210,0.02350718
AT3G16220,0.15108067
AT3G16230,-0.02325909
AT3G16240,-0.6242404
AT3G16250,-0.63274497
AT3G16260,-0.07511662
AT3G16270,0.15987392
AT3G16280,0.0596095
AT3G16290,-0.030032584
AT3G16300,0.013150104
AT3G16310,0.0849917
AT3G16320,-0.014578851
AT3G16330,0.9237708
AT3G16340,-0.080362245
AT3G16350,-0.015925746
AT3G16360,-0.02463658
AT3G16370,-0.51093525
AT3G16380,0.009062045
AT3G16390,0.009466108
AT3G16400,0.112540774
AT3G16410,0.058836196
AT3G16420,0.10732654
AT3G16430,0.08904134
AT3G16432,-2.5869436e-05
AT3G16440,-0.007003508
AT3G16450,0.36825094
AT3G16460,0.058802467
AT3G16470,-0.14065363
AT3G16480,0.14034021
AT3G16490,0.042286493
AT3G16500,0.3598045
AT3G16510,0.3421014
AT3G16520,-0.19715835
AT3G16525,0.038547378
AT3G16530,0.29926693
AT3G16540,-0.003252984
AT3G16550,0.0
AT3G16555,0.0023240605
AT3G16560,-0.04650851
AT3G16565,0.34564012
AT3G16570,-0.08206694
AT3G16580,0.00013570157
AT3G16590,-0.00049860444
AT3G16600,0.0042502205
AT3G16610,-0.07385169
AT3G16620,0.08094889
AT3G16630,-0.015141693
AT3G16640,0.097942024
AT3G16650,-0.006084707
AT3G16660,-0.10144138
AT3G16670,-0.38817793
AT3G16680,-0.004697575
AT3G16690,-0.22346106
AT3G16700,0.04515466
AT3G16710,-0.03985657
AT3G16712,0.001475638
AT3G16720,0.14051953
AT3G16730,-0.026454767
AT3G16740,0.04946787
AT3G16750,-0.17451215
AT3G16760,0.11858423
AT3G16770,0.20031299
AT3G16780,0.037215166
AT3G16785,0.24359198
AT3G16800,-0.45018724
AT3G16810,0.054233037
AT3G16820,0.0
AT3G16830,0.027925994
AT3G16840,-0.009282511
AT3G16850,-0.33214417
AT3G16857,0.055323765
AT3G16860,0.90464824
AT3G16870,0.052534536
AT3G16880,-1.0854498e-05
AT3G16890,0.019508356
AT3G16895,0.0002440558
AT3G16900,0.004252666
AT3G16910,0.1654967
AT3G16920,0.044445083
AT3G16930,-0.0005469339
AT3G16940,-0.06291215
AT3G16950,-0.08910969
AT3G16960,0.0
AT3G16970,6.338477e-05
AT3G16980,0.034928787
AT3G16990,0.44033957
AT3G17000,0.3576572
AT3G17010,0.15421705
AT3G17020,0.20009866
AT3G17030,0.0062419157
AT3G17040,-0.4302568
AT3G17050,0.0
AT3G17060,0.0010423738
AT3G17070,-0.14161156
AT3G17080,0.0
AT3G17090,0.057540644
AT3G17100,-0.12884708
AT3G17120,-0.28889322
AT3G17130,-0.05593974
AT3G17140,8.091447e-05
AT3G17145,0.0
AT3G17152,0.0013121674
AT3G17155,3.189757e-05
AT3G17160,-0.05512517
AT3G17170,0.02881465
AT3G17180,0.1266487
AT3G17190,0.0
AT3G17205,0.09450925
AT3G17210,-0.12605417
AT3G17220,0.001923397
AT3G17225,-0.006683689
AT3G17227,0.0008510859
AT3G17230,0.00013020876
AT3G17240,0.37685204
AT3G17250,0.13357188
AT3G17261,0.0
AT3G17265,-0.06615881
AT3G17270,0.0012983165
AT3G17280,-0.10569039
AT3G17310,-0.2321878
AT3G17320,-0.003080431
AT3G17330,-0.4241978
AT3G17340,0.017568396
AT3G17350,-0.39738807
AT3G17360,-0.017930467
AT3G17365,-0.04575161
AT3G17370,-0.00132464
AT3G17380,-0.008824949
AT3G17390,0.111678176
AT3G17400,0.0037913607
AT3G17410,0.39770353
AT3G17420,0.54395634
AT3G17430,-0.046439905
AT3G17440,0.014571138
AT3G17450,0.019791052
AT3G17460,-0.05427368
AT3G17465,-0.027638009
AT3G17470,-0.20352817
AT3G17480,0.00024560175
AT3G17490,7.229652e-05
AT3G17500,0.0
AT3G17510,-0.06628675
AT3G17520,0.020023651
AT3G17530,0.0004194269
AT3G17540,0.0
AT3G17550,0.0
AT3G17560,0.0
AT3G17570,-0.0009265446
AT3G17580,-0.05013083
AT3G17590,-0.005815181
AT3G17600,0.012290609
AT3G17609,0.110442266
AT3G17611,0.123757705
AT3G17620,0.0032347466
AT3G17626,0.0015088143
AT3G17630,-0.09427929
AT3G17640,-0.4394338
AT3G17650,-0.21519986
AT3G17655,0.0021176203
AT3G17660,-0.19308452
AT3G17670,0.0057882816
AT3G17675,8.757036e-05
AT3G17680,-0.08941463
AT3G17690,0.09669569
AT3G17700,0.0769434
AT3G17710,-0.020119116
AT3G17712,-0.048482057
AT3G17717,0.048880216
AT3G17720,-0.0013404329
AT3G17730,-0.04194679
AT3G17740,-0.076811574
AT3G17750,-0.13312373
AT3G17760,0.02077718
AT3G17765,0.00020042282
AT3G17770,0.49821398
AT3G17780,0.13346761
AT3G17790,0.24578388
AT3G17800,0.0034058297
AT3G17810,0.4464853
AT3G17820,0.66552085
AT3G17830,-0.08583994
AT3G17840,-0.066649534
AT3G17850,0.0061670393
AT3G17860,-0.17436615
AT3G17880,0.17802338
AT3G17890,-0.05585903
AT3G17900,0.032479174
AT3G17910,0.34517878
AT3G17920,-0.03744029
AT3G17930,-0.14980042
AT3G17940,0.22755101
AT3G17950,0.013310622
AT3G17970,0.01877286
AT3G17980,0.08429712
AT3G18000,-0.15002829
AT3G18010,0.0034279367
AT3G18020,-0.06027155
AT3G18030,0.055506192
AT3G18035,-0.04618074
AT3G18040,-0.09481344
AT3G18050,-0.45194247
AT3G18060,0.013016165
AT3G18070,-0.14961378
AT3G18080,-0.16993904
AT3G18090,-0.4058147
AT3G18100,-0.03945962
AT3G18110,-0.43243918
AT3G18120,0.0007651366
AT3G18130,0.0029076077
AT3G18140,0.026881065
AT3G18150,0.0022687383
AT3G18160,-0.27158433
AT3G18165,0.10179604
AT3G18170,0.1309296
AT3G18180,0.0004992649
AT3G18190,0.028881643
AT3G18200,0.0007395913
AT3G18210,-0.039683178
AT3G18215,-0.03780645
AT3G18220,-0.0002933534
AT3G18230,0.099402726
AT3G18235,0.021491785
AT3G18240,-0.16199745
AT3G18250,1.1267648
AT3G18260,0.030617785
AT3G18280,0.5595276
AT3G18282,0.00221468
AT3G18290,0.037769344
AT3G18291,0.00018166714
AT3G18295,0.05014486
AT3G18300,-0.004623787
AT3G18310,-0.005769721
AT3G18320,-0.17038436
AT3G18330,-0.009667418
AT3G18340,0.0
AT3G18350,-0.007904742
AT3G18360,-0.009845404
AT3G18370,0.055675015
AT3G18380,0.07690266
AT3G18390,-0.44539824
AT3G18400,0.029779075
AT3G18410,0.26978353
AT3G18420,0.10292138
AT3G18430,0.22379631
AT3G18440,0.4017685
AT3G18450,0.013039539
AT3G18460,5.371475e-05
AT3G18470,-8.1711085e-05
AT3G18480,0.0074106106
AT3G18485,-0.17522642
AT3G18490,0.005835266
AT3G18500,0.24388716
AT3G18510,0.00018656813
AT3G18518,0.0011672912
AT3G18520,0.07919532
AT3G18524,-0.1852578
AT3G18530,-0.018361036
AT3G18535,0.030179402
AT3G18550,0.15512593
AT3G18560,0.04922552
AT3G18570,-0.003543189
AT3G18580,0.09890868
AT3G18590,0.014602475
AT3G18600,0.107501686
AT3G18610,0.03513486
AT3G18620,0.32218692
AT3G18630,-0.18174618
AT3G18640,0.010836042
AT3G18650,0.0
AT3G18660,0.03494427
AT3G18670,-0.030497951
AT3G18680,-0.046330173
AT3G18690,0.062088154
AT3G18700,6.800777e-05
AT3G18710,-0.35502842
AT3G18715,-0.009885002
AT3G18720,0.010562399
AT3G18730,-0.018813454
AT3G18740,0.0076661413
AT3G18750,-0.525799
AT3G18760,0.037809867
AT3G18770,0.0017583198
AT3G18773,-0.21267144
AT3G18775,0.0025915073
AT3G18780,-0.035085075
AT3G18790,-0.05198975
AT3G18800,-0.066545434
AT3G18810,-0.0025773516
AT3G18820,0.1291964
AT3G18830,0.7534401
AT3G18840,-0.031683397
AT3G18850,-0.3620852
AT3G18860,0.0636321
AT3G18870,-0.098388284
AT3G18880,-0.0919622
AT3G18890,-0.6097726
AT3G18900,-0.07275446
AT3G18905,-0.009046985
AT3G18910,-0.018061304
AT3G18915,0.017947318
AT3G18930,0.08977854
AT3G18940,0.033360675
AT3G18950,1.0592895
AT3G18957,0.0
AT3G18960,-0.1386882
AT3G18970,-0.11986823
AT3G18980,-0.19541709
AT3G18990,-0.01375618
AT3G19000,-0.017854564
AT3G19010,0.49522182
AT3G19020,-0.046500504
AT3G19030,0.00292311
AT3G19035,0.0
AT3G19040,-0.058399748
AT3G19050,-0.29004467
AT3G19055,0.00016222453
AT3G19070,0.0004298576
AT3G19080,-0.093742326
AT3G19085,0.0035934139
AT3G19090,0.012250794
AT3G19100,0.069696434
AT3G19120,-0.13018082
AT3G19130,0.21180394
AT3G19140,0.00024077148
AT3G19150,0.13271463
AT3G19160,-0.005312359
AT3G19170,0.06385882
AT3G19180,-0.12117279
AT3G19184,0.017284453
AT3G19190,0.23831128
AT3G19200,0.03565025
AT3G19210,0.13697964
AT3G19220,-0.032232236
AT3G19230,-0.09101783
AT3G19240,0.07714557
AT3G19250,0.18037473
AT3G19260,0.5286208
AT3G19270,0.2259422
AT3G19274,1.9987685e-05
AT3G19280,0.03569525
AT3G19290,0.10869309
AT3G19300,-0.03223605
AT3G19310,-0.008804333
AT3G19320,-0.0061369464
AT3G19330,0.1767423
AT3G19340,-0.050607275
AT3G19350,-0.023042837
AT3G19360,0.017544415
AT3G19370,-0.51871455
AT3G19380,-0.029521143
AT3G19390,0.6913126
AT3G19400,-0.1040371
AT3G19410,3.4867022e-05
AT3G19420,0.06542094
AT3G19430,0.0016640333
AT3G19440,0.0048151356
AT3G19450,-0.0003309776
AT3G19460,0.031093266
AT3G19470,-0.12442306
AT3G19480,-0.46485597
AT3G19490,0.14850226
AT3G19500,-0.038134452
AT3G19508,0.05887993
AT3G19510,-0.041209206
AT3G19515,-0.11046981
AT3G19520,0.068137966
AT3G19530,-2.5439844e-05
AT3G19540,-0.057617985
AT3G19550,0.068937734
AT3G19552,0.007579518
AT3G19553,0.09269531
AT3G19560,-0.0001493678
AT3G19565,-0.0016712692
AT3G19570,-0.33710498
AT3G19580,0.34444374
AT3G19590,-0.061488405
AT3G19600,0.010366021
AT3G19610,0.02639833
AT3G19613,-0.0036575382
AT3G19615,1.0702363
AT3G19620,-0.044585213
AT3G19630,0.06762789
AT3G19640,0.14954107
AT3G19650,-0.0050096167
AT3G19660,0.5057575
AT3G19663,0.0016932565
AT3G19670,0.05119273
AT3G19680,0.115083225
AT3G19690,0.00091904064
AT3G19700,0.0023923472
AT3G19710,-0.6783482
AT3G19720,-0.3126362
AT3G19740,0.059806548
AT3G19760,0.059127204
AT3G19770,0.12562849
AT3G19780,-0.09510501
AT3G19790,-0.047253296
AT3G19800,-0.1625349
AT3G19810,-0.09829043
AT3G19820,-0.27105916
AT3G19830,-0.0111700455
AT3G19840,-0.054381087
AT3G19850,-0.25966865
AT3G19860,-0.039041176
AT3G19870,0.09785582
AT3G19880,0.0
AT3G19890,0.0
AT3G19895,0.0902872
AT3G19900,0.22143924
AT3G19910,0.34325337
AT3G19920,0.11123014
AT3G19930,0.10346998
AT3G19940,-9.108619e-05
AT3G19950,0.44288623
AT3G19960,0.06575691
AT3G19970,0.45035103
AT3G19980,0.025208022
AT3G19990,0.18926865
AT3G20000,0.04965959
AT3G20010,-0.04160389
AT3G20015,-0.31753755
AT3G20020,0.030623524
AT3G20030,3.0375413e-05
AT3G20040,-0.05314274
AT3G20050,0.08049745
AT3G20060,0.08952767
AT3G20070,-0.17723931
AT3G20080,-0.039099213
AT3G20090,-0.04830781
AT3G20100,-0.005800196
AT3G20110,0.10774301
AT3G20120,-0.007731091
AT3G20130,-0.114625156
AT3G20140,-0.0036740347
AT3G20150,-0.13714108
AT3G20155,0.0005711099
AT3G20160,0.0032230301
AT3G20170,0.047758136
AT3G20180,0.025893586
AT3G20190,-0.023147736
AT3G20200,-0.16111816
AT3G20210,0.014808562
AT3G20220,-0.0043254914
AT3G20230,-0.16391672
AT3G20240,-0.06275143
AT3G20250,0.22095959
AT3G20260,-0.015129942
AT3G20270,-0.0052447184
AT3G20280,-0.0028567687
AT3G20290,0.12027891
AT3G20300,-0.029288828
AT3G20310,0.07271951
AT3G20320,-0.05179874
AT3G20330,0.04970918
AT3G20340,0.20880611
AT3G20350,-0.3403446
AT3G20360,0.009084
AT3G20362,-0.0075108022
AT3G20370,0.32197884
AT3G20380,0.06933379
AT3G20390,0.033671632
AT3G20395,-0.0042496696
AT3G20400,-0.00053671584
AT3G20410,0.10570611
AT3G20420,-0.06423605
AT3G20430,0.08421435
AT3G20440,-0.017755745
AT3G20450,-0.0154343285
AT3G20460,-0.09421757
AT3G20470,-0.5865067
AT3G20475,-0.037731096
AT3G20480,-0.027745122
AT3G20490,0.18873551
AT3G20500,0.15983418
AT3G20510,0.20181787
AT3G20520,0.0005825775
AT3G20530,-0.00026694522
AT3G20540,-0.06185343
AT3G20550,0.03623722
AT3G20555,0.00015008695
AT3G20557,0.006263023
AT3G20560,0.056719847
AT3G20570,-0.27560112
AT3G20580,0.005672168
AT3G20590,-0.002699318
AT3G20600,0.47300756
AT3G20610,0.020955367
AT3G20620,0.0058700773
AT3G20630,0.15233114
AT3G20640,-0.05466935
AT3G20650,0.12355303
AT3G20660,0.30362594
AT3G20670,0.17860533
AT3G20680,-0.14993411
AT3G20690,0.00052371476
AT3G20700,8.672843e-05
AT3G20705,0.0
AT3G20710,0.014396253
AT3G20720,-0.011169157
AT3G20730,-0.014543503
AT3G20740,-0.0041614114
AT3G20750,4.1721712e-05
AT3G20760,-0.0017995256
AT3G20770,0.04656705
AT3G20780,-0.060384735
AT3G20790,-0.9132583
AT3G20800,0.15515704
AT3G20810,0.16997254
AT3G20820,-0.26088655
AT3G20830,0.006344439
AT3G20840,-0.00549489
AT3G20850,0.0032512231
AT3G20860,0.13930236
AT3G20865,-0.14927313
AT3G20870,-0.021212725
AT3G20880,0.0011131446
AT3G20890,0.08975823
AT3G20898,0.027333165
AT3G20900,-0.0022880847
AT3G20910,0.028555911
AT3G20920,0.18263961
AT3G20930,-0.15657923
AT3G20935,0.021118684
AT3G20940,0.010747975
AT3G20950,0.0003933507
AT3G20960,0.29894987
AT3G20970,0.2130855
AT3G20980,-4.1218835e-05
AT3G20993,0.0
AT3G20997,0.0
AT3G21000,0.0005255054
AT3G21055,-0.22217184
AT3G21060,-0.11195218
AT3G21070,0.3400207
AT3G21080,0.8146935
AT3G21090,0.65809685
AT3G21100,-0.039831128
AT3G21110,-0.113970555
AT3G21120,0.0
AT3G21130,0.0
AT3G21140,0.067293294
AT3G21150,-0.0019257818
AT3G21160,0.05846522
AT3G21165,0.0
AT3G21170,0.00027797744
AT3G21175,0.02979065
AT3G21180,0.0044136154
AT3G21190,-0.14529496
AT3G21200,-0.055657364
AT3G21210,-0.058276404
AT3G21215,0.054080006
AT3G21220,0.12520455
AT3G21230,0.7626636
AT3G21240,0.73724174
AT3G21250,-0.068273604
AT3G21260,-0.18248329
AT3G21270,-0.080968626
AT3G21280,0.065988176
AT3G21290,0.021470355
AT3G21295,0.067180306
AT3G21300,0.08396967
AT3G21305,0.9098165
AT3G21310,-0.15832788
AT3G21320,0.1324868
AT3G21330,-0.0016580655
AT3G21340,-0.0024965713
AT3G21350,-0.013768122
AT3G21351,0.2642952
AT3G21352,0.028575933
AT3G21360,0.027191557
AT3G21370,-0.0047480026
AT3G21371,0.0
AT3G21380,8.635172e-05
AT3G21390,-0.3403059
AT3G21400,-0.01729758
AT3G21405,0.00329528
AT3G21410,0.00039849698
AT3G21420,0.1533089
AT3G21430,0.024935715
AT3G21450,4.1179697e-05
AT3G21460,-0.4389408
AT3G21465,0.11431368
AT3G21470,-0.014454147
AT3G21473,0.00058773305
AT3G21480,0.01943638
AT3G21490,0.0013829252
AT3G21500,1.3606457
AT3G21510,0.17302664
AT3G21520,1.6251246
AT3G21530,0.27314797
AT3G21540,0.07954919
AT3G21550,-0.034209814
AT3G21560,-0.0036268274
AT3G21570,0.00063051307
AT3G21580,-0.07310042
AT3G21590,-0.00030053503
AT3G21600,0.124234326
AT3G21620,-0.05766661
AT3G21630,0.43599993
AT3G21640,-0.07590608
AT3G21650,-0.07355785
AT3G21660,-0.0015378329
AT3G21670,0.017672902
AT3G21680,0.033908986
AT3G21690,0.44274628
AT3G21700,0.61665785
AT3G21710,0.035133924
AT3G21720,0.04033287
AT3G21730,6.439516e-05
AT3G21740,0.06946344
AT3G21750,-0.09655447
AT3G21760,-0.18521084
AT3G21770,-0.11719349
AT3G21780,0.13909166
AT3G21790,0.35277075
AT3G21800,0.042592984
AT3G21810,0.26036772
AT3G21820,0.035461325
AT3G21825,0.0
AT3G21830,0.001420597
AT3G21840,0.0028361606
AT3G21850,-0.0096972715
AT3G21860,0.010511594
AT3G21865,0.0631372
AT3G21870,-0.31488082
AT3G21880,0.0038583293
AT3G21890,0.0763409
AT3G21900,0.0
AT3G21910,4.0305385e-05
AT3G21920,-0.0010139002
AT3G21930,0.0
AT3G21933,0.0
AT3G21937,0.0
AT3G21940,0.0
AT3G21945,-1.3810129e-05
AT3G21950,-0.30063286
AT3G21960,-0.0011942455
AT3G21965,0.0
AT3G21970,0.0
AT3G21980,0.0
AT3G21985,0.0
AT3G21990,0.00904202
AT3G22000,4.770866e-05
AT3G22010,0.0
AT3G22020,4.3063246e-05
AT3G22022,0.0
AT3G22030,0.0
AT3G22040,-0.022310497
AT3G22050,0.0040633073
AT3G22053,0.0
AT3G22057,0.00017116658
AT3G22060,0.43530643
AT3G22070,-0.09035673
AT3G22080,0.0
AT3G22085,0.0001333042
AT3G22090,-0.021238262
AT3G22100,0.112860724
AT3G22104,-0.086701706
AT3G22110,0.06409574
AT3G22120,0.0088406205
AT3G22125,-0.057373326
AT3G22142,-0.95201725
AT3G22150,-0.29372782
AT3G22160,0.6533991
AT3G22170,0.0027376534
AT3G22180,0.07860756
AT3G22183,-0.006489853
AT3G22190,-0.052367046
AT3G22200,0.3464686
AT3G22210,-0.289938
AT3G22220,0.027544823
AT3G22230,0.12975349
AT3G22231,0.72305393
AT3G22235,0.9387612
AT3G22240,0.45961648
AT3G22250,0.011288125
AT3G22260,0.05846916
AT3G22270,-0.007291015
AT3G22275,-0.035704806
AT3G22280,0.0
AT3G22300,0.12318739
AT3G22310,0.08450351
AT3G22320,0.55358565
AT3G22330,0.18904172
AT3G22333,0.0
AT3G22337,0.0
AT3G22345,0.0
AT3G22350,0.0056538247
AT3G22360,0.031870827
AT3G22370,1.103732
AT3G22380,-0.0075405315
AT3G22400,-0.20101684
AT3G22410,0.009431752
AT3G22415,0.0695861
AT3G22420,-0.22560614
AT3G22421,-0.0010697716
AT3G22425,-0.12975611
AT3G22430,0.15130253
AT3G22436,0.0007336348
AT3G22440,0.068713985
AT3G22450,0.11549708
AT3G22460,0.42020792
AT3G22470,-0.07500252
AT3G22480,0.07807775
AT3G22490,0.0007596531
AT3G22500,0.0030848524
AT3G22510,0.013108279
AT3G22520,-0.04743401
AT3G22530,-0.008653507
AT3G22540,-0.056544404
AT3G22550,0.32658342
AT3G22560,0.43111706
AT3G22565,0.08899914
AT3G22570,-0.0054764734
AT3G22580,3.560486e-05
AT3G22590,-0.003450915
AT3G22600,2.367269
AT3G22620,1.0548674
AT3G22630,0.5410365
AT3G22640,-0.00084718363
AT3G22650,-8.485436e-12
AT3G22660,0.0991365
AT3G22670,-0.23122075
AT3G22680,0.111579224
AT3G22690,-0.059855994
AT3G22700,0.0066457307
AT3G22710,0.0
AT3G22720,-3.3941745e-11
AT3G22723,0.0
AT3G22730,0.0
AT3G22740,0.14361493
AT3G22750,0.3107435
AT3G22760,-0.056907333
AT3G22770,0.007642889
AT3G22780,-0.1863725
AT3G22790,-0.29871574
AT3G22800,0.04248986
AT3G22810,-0.008351378
AT3G22820,-0.04089656
AT3G22830,-0.009571963
AT3G22840,-0.071608976
AT3G22845,0.34607068
AT3G22850,0.3098584
AT3G22860,0.005036683
AT3G22870,3.558214e-05
AT3G22880,0.0064513264
AT3G22890,0.073157914
AT3G22900,0.00674755
AT3G22910,0.98366624
AT3G22920,0.0023192742
AT3G22930,0.05444282
AT3G22935,0.00084758666
AT3G22940,0.0
AT3G22942,0.07475628
AT3G22950,0.31479383
AT3G22960,-0.104501165
AT3G22961,0.0211182
AT3G22970,-0.29145804
AT3G22980,0.29275975
AT3G22990,0.19173163
AT3G23000,0.030652191
AT3G23010,0.17517352
AT3G23020,-0.0570979
AT3G23030,-0.11434107
AT3G23050,-0.20931281
AT3G23060,0.001722968
AT3G23070,-0.13425596
AT3G23080,-0.24543329
AT3G23090,-0.24085209
AT3G23100,0.0435583
AT3G23110,0.2020273
AT3G23120,0.8027893
AT3G23123,0.030636549
AT3G23130,0.00026774855
AT3G23140,0.0
AT3G23145,0.0
AT3G23150,0.06412244
AT3G23160,-0.0522864
AT3G23165,4.259103e-05
AT3G23167,0.00060453196
AT3G23170,0.42144355
AT3G23172,0.0
AT3G23175,-0.013811637
AT3G23180,-0.0065218234
AT3G23190,0.0033569469
AT3G23200,0.12091646
AT3G23210,-0.09815119
AT3G23220,-0.0018169403
AT3G23230,0.322815
AT3G23240,-0.036346994
AT3G23245,0.0009862846
AT3G23250,0.75852466
AT3G23255,0.005392274
AT3G23260,0.005791923
AT3G23270,0.00049841695
AT3G23280,0.12627201
AT3G23290,-0.033533625
AT3G23300,0.020900022
AT3G23310,-0.045367766
AT3G23320,-0.004433838
AT3G23325,0.14179598
AT3G23330,-0.078565285
AT3G23340,-0.08230833
AT3G23350,-0.0014416726
AT3G23360,0.000261426
AT3G23370,-0.046146773
AT3G23380,0.0052841064
AT3G23390,-0.007510404
AT3G23400,0.15530184
AT3G23410,-0.012641503
AT3G23420,0.0005646984
AT3G23430,-0.1595568
AT3G23440,-0.010573954
AT3G23450,-0.014874588
AT3G23460,0.0059543154
AT3G23470,0.005854862
AT3G23480,-0.22035766
AT3G23490,0.09224106
AT3G23500,0.0
AT3G23530,0.0560981
AT3G23540,0.18967599
AT3G23550,0.17891221
AT3G23560,0.19241665
AT3G23570,0.26210287
AT3G23580,0.039060745
AT3G23590,-0.06320172
AT3G23600,0.35208002
AT3G23605,0.049829766
AT3G23610,-0.12570374
AT3G23620,0.08883601
AT3G23630,0.051833227
AT3G23633,0.00016168364
AT3G23635,0.023127226
AT3G23637,0.0011137725
AT3G23640,-0.13264821
AT3G23660,0.03359462
AT3G23670,-0.16611338
AT3G23680,0.0001522306
AT3G23685,3.0494857e-05
AT3G23690,-0.12993747
AT3G23700,-0.26293302
AT3G23710,-0.03532507
AT3G23715,-0.0010184882
AT3G23727,0.00028797647
AT3G23730,-0.059557337
AT3G23740,-0.11161267
AT3G23750,-0.0661342
AT3G23760,-0.3477546
AT3G23770,-4.920601e-05
AT3G23780,-0.14132792
AT3G23790,0.05659007
AT3G23800,-0.000863552
AT3G23805,-0.29986417
AT3G23810,-0.124314345
AT3G23820,-0.36419335
AT3G23830,0.008328268
AT3G23840,-0.4418887
AT3G23860,0.0015687224
AT3G23870,-0.09386654
AT3G23880,-0.7086471
AT3G23890,-0.11828344
AT3G23900,-0.0012993221
AT3G23910,0.05731957
AT3G23920,0.28703713
AT3G23930,-0.017187415
AT3G23940,0.031175552
AT3G23950,0.00023757161
AT3G23955,0.00032926537
AT3G23960,0.0013649121
AT3G23970,-0.023810476
AT3G23980,-0.01316091
AT3G23990,0.00979884
AT3G24000,-0.07723013
AT3G24010,-0.0022681388
AT3G24020,-0.012900176
AT3G24030,-0.103913024
AT3G24040,-0.0872305
AT3G24050,0.03274751
AT3G24060,-0.00034838438
AT3G24065,0.01156226
AT3G24068,0.0032318318
AT3G24080,0.047356874
AT3G24090,0.31977284
AT3G24093,0.0026723412
AT3G24100,0.07009166
AT3G24110,-0.06614252
AT3G24120,0.018529313
AT3G24130,-0.011204949
AT3G24140,-0.1645732
AT3G24150,-0.11792706
AT3G24160,0.10427957
AT3G24170,0.4846392
AT3G24180,0.27581725
AT3G24190,-0.09228118
AT3G24200,0.4326464
AT3G24210,0.008623126
AT3G24220,0.0017998263
AT3G24225,-0.00020244102
AT3G24230,0.0053880247
AT3G24240,0.009690682
AT3G24250,0.00048119228
AT3G24255,-0.019999735
AT3G24260,0.0
AT3G24270,0.0
AT3G24280,0.070401035
AT3G24290,0.00047418213
AT3G24300,-0.008189607
AT3G24310,-0.0074209883
AT3G24315,-0.05815415
AT3G24320,-0.1914421
AT3G24330,4.5180794e-05
AT3G24340,-0.0117114885
AT3G24350,0.023565434
AT3G24360,-0.06851558
AT3G24400,0.0
AT3G24420,0.26897678
AT3G24430,-0.28093886
AT3G24440,-0.019667786
AT3G24450,-0.0204581
AT3G24460,-0.013691645
AT3G24463,-0.04891724
AT3G24465,0.0
AT3G24480,-0.20270897
AT3G24490,-0.014195402
AT3G24495,0.057601314
AT3G24500,0.3055767
AT3G24503,0.048460122
AT3G24506,-0.0016797599
AT3G24508,6.7968e-05
AT3G24510,0.016511567
AT3G24513,0.0
AT3G24514,0.0
AT3G24515,-0.022499993
AT3G24516,0.022353642
AT3G24517,0.020993216
AT3G24520,-0.36744136
AT3G24530,0.11509684
AT3G24535,0.015418702
AT3G24540,0.03785887
AT3G24542,0.0005998933
AT3G24550,0.11767172
AT3G24560,-0.19013682
AT3G24570,0.080490805
AT3G24575,-0.00087546767
AT3G24580,0.0022499536
AT3G24590,-0.13249452
AT3G24600,-0.0018808529
AT3G24605,0.0016186929
AT3G24610,-0.00012792929
AT3G24620,7.850875e-05
AT3G24630,-0.12416965
AT3G24640,0.004908543
AT3G24650,-0.0022452003
AT3G24660,-0.002475675
AT3G24670,-0.04174413
AT3G24690,0.0
AT3G24700,0.0
AT3G24710,0.00039521695
AT3G24715,-0.25490123
AT3G24730,0.26317754
AT3G24740,0.009627317
AT3G24750,-0.0021782096
AT3G24760,-0.033357143
AT3G24770,-0.10092141
AT3G24780,-0.026722347
AT3G24790,0.0025142306
AT3G24800,-0.04389224
AT3G24810,-0.003973578
AT3G24820,-0.057154164
AT3G24830,0.01291264
AT3G24840,0.3142914
AT3G24850,-0.00083349337
AT3G24860,0.14275168
AT3G24870,0.12780766
AT3G24880,0.036549114
AT3G24890,-0.1488964
AT3G24900,0.31525883
AT3G24929,-0.013690228
AT3G24982,1.0417051
AT3G25010,0.8180672
AT3G25011,-0.010544105
AT3G25012,0.00090251357
AT3G25013,-0.09219836
AT3G25014,0.0006922628
AT3G25020,0.29993603
AT3G25030,-0.20122673
AT3G25040,0.0042846324
AT3G25050,0.0005770221
AT3G25060,0.0061677177
AT3G25070,0.13328843
AT3G25080,-0.0009714712
AT3G25090,5.488591e-05
AT3G25100,-0.02683955
AT3G25110,-0.12588906
AT3G25120,0.0018695884
AT3G25130,-0.23594102
AT3G25140,-0.19993295
AT3G25150,0.010034369
AT3G25160,0.0024521365
AT3G25165,0.00023195283
AT3G25170,0.0068589994
AT3G25180,1.3159171
AT3G25182,0.0
AT3G25190,0.039884992
AT3G25200,0.0
AT3G25210,-0.040414445
AT3G25220,0.20287645
AT3G25221,0.0069962
AT3G25230,0.046124257
AT3G25240,0.084589005
AT3G25250,1.4627488
AT3G25260,0.0045779953
AT3G25265,0.0
AT3G25270,0.0007198685
AT3G25280,-0.000389772
AT3G25290,0.2961332
AT3G25400,-0.016864244
AT3G25410,-0.0028887223
AT3G25420,0.0009516155
AT3G25430,0.052002918
AT3G25440,-0.023728112
AT3G25460,0.00038112982
AT3G25470,-0.02693775
AT3G25480,-0.048822757
AT3G25490,0.6369628
AT3G25493,-0.055299312
AT3G25500,-0.27476802
AT3G25505,0.008220457
AT3G25510,0.22277945
AT3G25520,-0.04142382
AT3G25530,-0.1445453
AT3G25540,-0.0029018307
AT3G25545,0.0012513322
AT3G25550,-0.0027153052
AT3G25560,-0.095140144
AT3G25570,-0.07788955
AT3G25573,0.05054954
AT3G25577,0.018800026
AT3G25580,-0.009923561
AT3G25585,0.005245136
AT3G25590,-0.00031107193
AT3G25597,0.33068424
AT3G25600,0.18702054
AT3G25610,0.7753409
AT3G25620,-0.039042756
AT3G25640,0.19798745
AT3G25650,6.299685e-05
AT3G25655,0.14827359
AT3G25660,-0.2043089
AT3G25670,-0.18277107
AT3G25680,-0.09160023
AT3G25690,-0.19472697
AT3G25710,-0.39249694
AT3G25716,4.6552796e-05
AT3G25717,-0.35544845
AT3G25719,0.031772897
AT3G25720,0.0019533518
AT3G25727,0.0
AT3G25730,-0.09709758
AT3G25740,-0.095444836
AT3G25750,0.0
AT3G25760,0.035968643
AT3G25770,0.25597334
AT3G25780,1.1456426
AT3G25790,0.0019780474
AT3G25800,0.20819733
AT3G25805,-0.33614683
AT3G25810,5.3420175e-05
AT3G25820,-0.015902758
AT3G25830,0.0025067232
AT3G25840,0.0153630925
AT3G25850,-4.6403704e-05
AT3G25855,0.0022047204
AT3G25860,-0.080365725
AT3G25870,0.09858332
AT3G25880,0.003978993
AT3G25882,0.8855568
AT3G25890,0.13856848
AT3G25900,0.5124721
AT3G25905,-0.03395146
AT3G25910,0.20759386
AT3G25920,-0.4232211
AT3G25930,0.011689266
AT3G25940,0.028246816
AT3G25950,0.44739085
AT3G25960,0.0021964607
AT3G25970,-0.045806386
AT3G25980,-0.03448272
AT3G25990,0.021636559
AT3G26000,-0.088835545
AT3G26010,0.001317036
AT3G26020,0.22253527
AT3G26030,-0.20481217
AT3G26040,-0.0035910718
AT3G26050,0.01709639
AT3G26060,-0.74706
AT3G26070,-0.20264323
AT3G26080,0.017414987
AT3G26085,-0.12580395
AT3G26090,0.51313835
AT3G26100,0.22665179
AT3G26110,9.217924e-05
AT3G26115,0.011887278
AT3G26120,0.0034536282
AT3G26125,-0.027753089
AT3G26130,-0.033095613
AT3G26135,0.03486988
AT3G26140,-0.0010836497
AT3G26147,0.0
AT3G26150,0.022741439
AT3G26160,0.006722485
AT3G26170,0.4772063
AT3G26180,0.28037003
AT3G26190,0.8690744
AT3G26200,0.5328358
AT3G26210,0.7765373
AT3G26220,0.44164112
AT3G26230,0.06882876
AT3G26235,-0.0006636521
AT3G26237,-2.6759953e-06
AT3G26240,-0.040226966
AT3G26250,4.3793658e-05
AT3G26270,0.08677801
AT3G26280,-0.0044131656
AT3G26290,0.09682764
AT3G26300,-0.36980656
AT3G26310,-0.4856049
AT3G26320,-0.06305168
AT3G26330,0.4715579
AT3G26340,0.26685455
AT3G26350,-0.09904813
AT3G26355,0.0
AT3G26360,0.1270373
AT3G26370,0.03355229
AT3G26380,0.008393882
AT3G26390,-4.0923505e-06
AT3G26395,-0.0005912029
AT3G26400,0.38831848
AT3G26410,0.1376019
AT3G26420,0.16790032
AT3G26430,0.22676726
AT3G26440,0.7803507
AT3G26445,-0.07514927
AT3G26450,-0.4022665
AT3G26460,0.01878738
AT3G26470,0.55757576
AT3G26480,0.019597052
AT3G26490,-0.10522036
AT3G26500,0.39413628
AT3G26510,-0.032838278
AT3G26512,0.017956398
AT3G26520,0.05457247
AT3G26539,-0.049210005
AT3G26540,-0.16390526
AT3G26550,0.015104484
AT3G26560,0.037885576
AT3G26570,-0.31966123
AT3G26580,0.070048176
AT3G26590,0.3245927
AT3G26600,0.43286481
AT3G26610,0.00050809083
AT3G26616,-0.0008791437
AT3G26618,-0.1189441
AT3G26620,-0.005295533
AT3G26630,0.04665148
AT3G26640,0.044922564
AT3G26650,-0.3177552
AT3G26660,-0.0010029853
AT3G26670,0.41147587
AT3G26680,-0.045225218
AT3G26690,0.67057234
AT3G26700,-0.20111895
AT3G26710,-0.1880002
AT3G26720,-0.10573435
AT3G26730,0.023795823
AT3G26740,0.026867386
AT3G26742,-0.0098228315
AT3G26744,-0.08192287
AT3G26750,-0.0805357
AT3G26760,-0.14165464
AT3G26770,0.06839922
AT3G26780,-0.007212094
AT3G26782,-0.029648438
AT3G26790,0.010083555
AT3G26800,0.0010797946
AT3G26810,0.03671193
AT3G26820,0.03224744
AT3G26830,2.4857306
AT3G26840,1.1142662
AT3G26850,-0.091730535
AT3G26855,0.001539682
AT3G26860,0.00034349246
AT3G26870,0.0
AT3G26880,0.01796445
AT3G26890,-0.100564994
AT3G26900,-0.19056204
AT3G26910,0.5352781
AT3G26920,0.0009576314
AT3G26922,-0.21624568
AT3G26930,-0.016667007
AT3G26932,-0.37518552
AT3G26934,0.0008419345
AT3G26935,-0.060150508
AT3G26940,0.10366841
AT3G26950,-0.062986836
AT3G26960,-0.42032623
AT3G26980,0.059286006
AT3G26990,-0.009048601
AT3G27000,0.22565933
AT3G27010,-0.0176307
AT3G27020,-0.01724456
AT3G27025,-0.0549421
AT3G27027,-0.10599684
AT3G27030,-0.105845906
AT3G27040,0.0027821595
AT3G27050,-0.18076807
AT3G27060,0.04950352
AT3G27070,-0.0008155795
AT3G27080,0.12533456
AT3G27090,-0.0652576
AT3G27100,0.02609902
AT3G27110,0.1607221
AT3G27120,-0.027315889
AT3G27140,0.0
AT3G27150,0.0052079507
AT3G27160,-0.22244309
AT3G27170,-0.22619313
AT3G27180,0.04726958
AT3G27185,-0.00026611314
AT3G27190,0.27752578
AT3G27200,0.013500308
AT3G27210,0.2866048
AT3G27220,0.057783503
AT3G27230,-0.045471016
AT3G27240,0.17294537
AT3G27250,-0.12836684
AT3G27260,0.101895586
AT3G27270,0.09601491
AT3G27280,0.08879211
AT3G27283,0.0
AT3G27290,0.0028818522
AT3G27300,0.05818535
AT3G27310,0.059811886
AT3G27320,-0.04508818
AT3G27325,0.13290827
AT3G27329,0.00012343217
AT3G27330,0.7126554
AT3G27331,0.0
AT3G27340,-0.032878146
AT3G27350,-0.2658226
AT3G27355,0.0033998599
AT3G27380,0.7925343
AT3G27390,0.047804147
AT3G27400,0.21797253
AT3G27410,0.024111118
AT3G27415,0.12221177
AT3G27416,0.037891608
AT3G27420,0.0710127
AT3G27425,0.0
AT3G27430,0.21042971
AT3G27440,0.055430066
AT3G27460,-0.1256582
AT3G27473,0.040854167
AT3G27475,-0.028687526
AT3G27480,-0.0003343737
AT3G27490,0.009799734
AT3G27495,0.0007433534
AT3G27500,-0.21282093
AT3G27503,-0.0027647864
AT3G27510,0.021756383
AT3G27520,-0.07663322
AT3G27530,0.076099016
AT3G27540,-0.0229001
AT3G27550,0.017553844
AT3G27560,-0.022437822
AT3G27570,0.07014132
AT3G27580,0.012427174
AT3G27590,-0.0013326056
AT3G27600,0.0011528705
AT3G27610,0.13930735
AT3G27620,-0.103740714
AT3G27630,0.03978201
AT3G27640,-0.06850822
AT3G27650,0.006225409
AT3G27660,0.70669866
AT3G27670,-0.006252865
AT3G27680,6.0119397e-05
AT3G27690,-1.1104178
AT3G27700,0.2585934
AT3G27710,-0.0479232
AT3G27720,0.00023015904
AT3G27730,-0.021992618
AT3G27740,0.031065062
AT3G27750,-0.15073456
AT3G27770,-0.0236499
AT3G27785,0.0013521126
AT3G27809,0.19624749
AT3G27810,0.11236251
AT3G27820,-0.008287441
AT3G27830,-0.18747738
AT3G27831,-0.0014736824
AT3G27835,0.0
AT3G27840,0.0001631416
AT3G27850,-0.2965518
AT3G27860,-0.10550984
AT3G27870,0.0013367697
AT3G27880,0.13126457
AT3G27890,0.32547864
AT3G27900,-0.100540504
AT3G27906,-0.19960795
AT3G27910,0.00039071223
AT3G27920,0.017614992
AT3G27925,-0.033499848
AT3G27930,0.054000437
AT3G27940,-0.0024728691
AT3G27950,0.009173758
AT3G27960,0.030134276
AT3G27970,-0.062241618
AT3G27980,0.003673677
AT3G27999,0.0
AT3G28007,0.3958751
AT3G28020,0.0
AT3G28030,0.13849646
AT3G28040,-0.31498513
AT3G28050,0.09150104
AT3G28060,-0.0021044002
AT3G28070,-0.57237244
AT3G28080,-0.4052496
AT3G28100,0.22967164
AT3G28120,0.009081697
AT3G28130,-0.17141463
AT3G28140,-0.06253767
AT3G28150,0.046440803
AT3G28155,0.0025772685
AT3G28170,0.0014484974
AT3G28180,-0.39395723
AT3G28190,0.00027839464
AT3G28193,0.00044523703
AT3G28200,-0.09362393
AT3G28210,1.6027061
AT3G28216,0.0016174908
AT3G28220,-0.37035042
AT3G28223,-0.00013277672
AT3G28230,0.0044362526
AT3G28243,0.0
AT3G28250,-0.000732758
AT3G28270,-0.21862608
AT3G28280,0.0
AT3G28290,0.0
AT3G28291,-0.00038151626
AT3G28300,0.11091696
AT3G28310,-0.011593465
AT3G28330,0.002218293
AT3G28335,0.02035753
AT3G28340,0.6190647
AT3G28345,-0.053996034
AT3G28360,-0.0046306956
AT3G28370,-0.013801594
AT3G28380,0.004544143
AT3G28390,-0.00034829605
AT3G28410,0.00029169495
AT3G28415,0.0023631493
AT3G28420,-0.21868594
AT3G28430,0.08859257
AT3G28450,0.2859023
AT3G28455,-0.13866112
AT3G28460,-0.19277745
AT3G28470,0.0052160155
AT3G28480,0.4190583
AT3G28490,-2.6751338e-06
AT3G28500,0.20533685
AT3G28510,0.46872318
AT3G28520,0.00046995323
AT3G28530,-0.0023810354
AT3G28540,0.6469721
AT3G28550,0.032430667
AT3G28560,0.017925479
AT3G28570,0.020454114
AT3G28580,1.07426
AT3G28590,0.0035450263
AT3G28600,0.013968443
AT3G28610,0.005136176
AT3G28620,0.068710506
AT3G28630,0.0140365325
AT3G28635,0.028831996
AT3G28640,-0.11682611
AT3G28650,-0.1754119
AT3G28660,0.081921466
AT3G28670,0.066524975
AT3G28674,0.0
AT3G28680,-2.586944e-05
AT3G28690,0.08309008
AT3G28700,0.09274528
AT3G28710,0.06264333
AT3G28715,0.20129369
AT3G28720,0.09901768
AT3G28730,0.010583706
AT3G28740,0.114536285
AT3G28750,-0.057197947
AT3G28760,-0.086862326
AT3G28770,-0.057105694
AT3G28780,-0.00085143617
AT3G28785,-0.0008530069
AT3G28790,0.00039475653
AT3G28810,-0.00021712632
AT3G28820,-8.554445e-07
AT3G28830,-0.008048592
AT3G28840,-0.036144756
AT3G28850,0.23742166
AT3G28853,0.0
AT3G28857,-0.057633195
AT3G28860,-0.44647968
AT3G28870,0.0
AT3G28875,-0.0061582923
AT3G28880,-0.062328562
AT3G28890,0.9178293
AT3G28899,0.0034795008
AT3G28900,0.021216668
AT3G28910,-0.2272268
AT3G28917,0.00062669744
AT3G28918,0.0
AT3G28920,-0.1615839
AT3G28922,0.0
AT3G28925,-0.0004575114
AT3G28930,1.2551384
AT3G28940,0.4022361
AT3G28950,0.23721236
AT3G28956,0.0014084417
AT3G28958,-0.000523124
AT3G28960,-0.28081137
AT3G28970,-0.052141935
AT3G28980,0.0034367612
AT3G28990,0.0006593096
AT3G29000,0.8312207
AT3G29010,0.1346796
AT3G29020,0.0054572853
AT3G29030,-0.63969934
AT3G29033,0.0
AT3G29034,0.6673196
AT3G29035,0.24854606
AT3G29040,0.00014629612
AT3G29050,-9.6580916e-05
AT3G29060,-0.007924912
AT3G29070,-0.0011132727
AT3G29075,0.012483744
AT3G29080,-0.00041495555
AT3G29090,0.04752753
AT3G29100,-0.09437241
AT3G29110,-0.0021745244
AT3G29130,-0.10097182
AT3G29140,-0.016680952
AT3G29152,2.1602043e-05
AT3G29160,0.2363419
AT3G29170,0.02510537
AT3G29173,0.010435468
AT3G29180,-0.006176396
AT3G29185,-0.27244288
AT3G29190,-0.0027657906
AT3G29200,0.23259443
AT3G29230,0.011794327
AT3G29240,0.014371048
AT3G29250,0.29195696
AT3G29255,0.00072758435
AT3G29260,0.00048443006
AT3G29270,0.18514767
AT3G29280,-0.18732737
AT3G29290,-0.2295196
AT3G29300,-0.0067794654
AT3G29305,9.2812246e-05
AT3G29310,-0.003472135
AT3G29320,-0.10934439
AT3G29330,0.18149233
AT3G29340,0.008568229
AT3G29350,0.027119718
AT3G29360,0.121857435
AT3G29370,-0.17918824
AT3G29375,-0.136927
AT3G29380,0.0012221676
AT3G29385,0.00015432115
AT3G29390,0.02802591
AT3G29400,0.13012414
AT3G29410,0.026083136
AT3G29430,-0.0030450476
AT3G29450,0.0
AT3G29455,5.2662843e-05
AT3G29560,0.00018726652
AT3G29570,-8.960345e-05
AT3G29575,0.48154226
AT3G29580,0.0009395097
AT3G29590,0.13016683
AT3G29630,-0.001767001
AT3G29631,-0.30966878
AT3G29633,0.0015648542
AT3G29635,0.0069560446
AT3G29636,0.00035771378
AT3G29637,-0.1356776
AT3G29638,0.032993842
AT3G29639,-0.20371631
AT3G29645,0.00049807614
AT3G29670,-0.30150607
AT3G29680,-0.2234149
AT3G29690,0.011755765
AT3G29720,0.0
AT3G29740,0.0
AT3G29750,0.0
AT3G29760,-0.08310619
AT3G29763,7.2003975e-05
AT3G29765,-0.0025170632
AT3G29770,-0.13526802
AT3G29780,-0.0015359155
AT3G29785,0.0
AT3G29790,0.0
AT3G29791,0.0012129955
AT3G29794,8.672843e-05
AT3G29796,0.0
AT3G29797,0.0
AT3G29800,0.0
AT3G29810,0.1859613
AT3G29830,0.0
AT3G29970,0.04416082
AT3G30160,0.024587141
AT3G30165,-0.00021166143
AT3G30180,-0.02846446
AT3G30200,0.00014155806
AT3G30210,-0.013004734
AT3G30220,0.0
AT3G30222,0.0
AT3G30230,0.0
AT3G30235,0.0
AT3G30247,0.0
AT3G30260,0.009471569
AT3G30280,-0.00022404792
AT3G30290,0.009168081
AT3G30300,-0.24347246
AT3G30305,-0.03268289
AT3G30320,0.0
AT3G30340,-0.033127315
AT3G30350,0.0030920643
AT3G30370,0.0
AT3G30380,0.05334369
AT3G30383,0.0
AT3G30385,-0.0076709758
AT3G30390,0.37910336
AT3G30430,8.340836e-05
AT3G30460,-0.088725075
AT3G30520,0.00014560009
AT3G30525,0.0005428666
AT3G30530,0.017250938
AT3G30540,0.0
AT3G30580,0.0021251573
AT3G30705,0.0
AT3G30714,0.0
AT3G30720,0.015221585
AT3G30725,0.011830307
AT3G30730,-0.0648263
AT3G30739,-0.0058453213
AT3G30770,-0.022076368
AT3G30775,0.3570511
AT3G30805,0.0
AT3G30820,0.00017977842
AT3G30823,0.04471598
AT3G30840,0.0
AT3G30841,-0.17122832
AT3G30842,0.025073158
AT3G30845,0.00011049211
AT3G30875,0.0
AT3G31350,0.0
AT3G31402,0.0
AT3G31430,0.0
AT3G31550,0.0
AT3G31560,0.0
AT3G31900,0.0
AT3G31910,0.00013717038
AT3G31925,0.0
AT3G31950,3.5465986e-05
AT3G31960,0.0
AT3G32030,0.012187621
AT3G32040,-0.003509614
AT3G32047,-0.0023947752
AT3G32050,-0.008404592
AT3G32090,4.1927073e-05
AT3G32130,0.0
AT3G32150,0.0
AT3G32160,0.0
AT3G32180,0.0
AT3G32190,0.0005667207
AT3G32200,7.826628e-05
AT3G32260,0.0
AT3G32280,0.0
AT3G32330,0.0
AT3G32380,5.4835808e-05
AT3G32400,-0.038941193
AT3G32410,0.0
AT3G32420,0.0
AT3G32896,0.0
AT3G32904,0.0
AT3G32920,0.009935329
AT3G32930,-0.06273581
AT3G32940,0.16673303
AT3G32960,0.0
AT3G32980,0.17786296
AT3G33187,0.0
AT3G33293,0.0
AT3G33393,0.0
AT3G33494,0.0
AT3G33520,-0.038618926
AT3G33528,0.0055610747
AT3G33530,0.13602008
AT3G36659,0.0030270235
AT3G41762,0.06692205
AT3G42050,0.16781127
AT3G42060,0.0
AT3G42075,-0.00015540082
AT3G42130,0.0
AT3G42140,0.0
AT3G42148,0.0
AT3G42150,0.35098425
AT3G42153,4.421264e-05
AT3G42155,-2.5869436e-05
AT3G42160,8.2881765e-05
AT3G42170,-0.026414463
AT3G42180,0.3418195
AT3G42310,0.0
AT3G42390,0.0
AT3G42473,0.0
AT3G42550,0.0019007405
AT3G42560,0.0
AT3G42565,-8.0781436e-05
AT3G42570,0.0011120803
AT3G42628,-0.006665157
AT3G42630,-0.013346192
AT3G42640,-0.05306373
AT3G42660,-0.065794244
AT3G42670,-0.2395389
AT3G42722,0.0
AT3G42723,0.018346472
AT3G42725,-0.012576754
AT3G42770,0.0
AT3G42780,-2.9588076e-20
AT3G42786,0.0
AT3G42790,0.2417146
AT3G42800,-0.031920657
AT3G42830,-0.00017544716
AT3G42850,-0.005634818
AT3G42860,0.08344046
AT3G42870,-0.00031803278
AT3G42880,4.999882e-05
AT3G42940,7.8282785e-05
AT3G42950,0.06477329
AT3G42960,0.0001959967
AT3G42990,0.0
AT3G42995,0.0001824628
AT3G43083,0.0
AT3G43110,0.0146458205
AT3G43120,3.3941745e-11
AT3G43148,0.0011442133
AT3G43150,-0.00073825504
AT3G43153,0.0
AT3G43160,5.2827552e-05
AT3G43170,0.0
AT3G43180,0.0
AT3G43190,0.053793553
AT3G43210,0.011931578
AT3G43220,-0.031942282
AT3G43230,0.19696485
AT3G43240,0.08651929
AT3G43250,1.5252964
AT3G43260,0.0
AT3G43270,0.4633159
AT3G43280,4.130999e-05
AT3G43290,0.0
AT3G43291,0.00019539025
AT3G43300,0.027710143
AT3G43340,-0.0038155657
AT3G43400,0.00026960447
AT3G43410,0.0
AT3G43415,0.0
AT3G43420,-0.0002445474
AT3G43430,0.09332343
AT3G43432,0.0
AT3G43440,0.306039
AT3G43470,0.0
AT3G43480,4.622222e-05
AT3G43490,0.0
AT3G43500,0.0
AT3G43503,0.0
AT3G43505,0.00042226352
AT3G43520,0.26318046
AT3G43530,0.0
AT3G43540,-0.32669806
AT3G43550,0.0
AT3G43570,0.0
AT3G43572,7.483361e-05
AT3G43574,-1.5477337e-05
AT3G43580,0.0933951
AT3G43583,-0.00012245496
AT3G43590,-0.052879255
AT3G43600,0.0023161324
AT3G43610,-0.18400253
AT3G43630,0.0004153019
AT3G43645,-2.2627832e-11
AT3G43660,-0.0011964634
AT3G43670,-0.0034095077
AT3G43682,0.0
AT3G43700,-0.06356944
AT3G43710,0.00053354754
AT3G43720,-0.11521403
AT3G43740,-0.07253321
AT3G43750,7.705695e-05
AT3G43790,-0.02925134
AT3G43800,-0.2712239
AT3G43810,0.0012240793
AT3G43833,9.017718e-05
AT3G43837,-0.0011365385
AT3G43840,-0.01474176
AT3G43850,-0.116158314
AT3G43860,0.00034080594
AT3G43870,0.0025723295
AT3G43880,0.0
AT3G43890,0.0010672701
AT3G43910,0.0
AT3G43920,-0.2606513
AT3G43930,-0.04841011
AT3G43940,0.00018695036
AT3G43950,0.00060070836
AT3G43960,-0.29722354
AT3G43970,0.00047953892
AT3G43980,-0.00035389536
AT3G43990,1.3926366e-06
AT3G44006,0.001103106
AT3G44020,-0.19002561
AT3G44050,-0.04143697
AT3G44060,0.008155781
AT3G44070,2.248138e-05
AT3G44080,0.0
AT3G44090,0.0
AT3G44100,0.31575236
AT3G44110,0.13545953
AT3G44115,0.0
AT3G44120,-0.014513031
AT3G44130,0.0
AT3G44140,0.00035650027
AT3G44150,0.070597164
AT3G44160,-0.08027398
AT3G44170,0.0
AT3G44180,0.00013362715
AT3G44190,0.18515609
AT3G44200,0.056796517
AT3G44210,-0.0010592219
AT3G44220,-0.15186624
AT3G44230,2.1602043e-05
AT3G44235,0.0
AT3G44240,-6.892686e-05
AT3G44250,-0.00047637778
AT3G44260,0.2475981
AT3G44261,0.0
AT3G44265,-0.004012562
AT3G44280,0.08254389
AT3G44290,0.019693427
AT3G44300,2.1055841
AT3G44310,0.3512456
AT3G44320,0.74730116
AT3G44326,0.63740385
AT3G44330,0.11607378
AT3G44340,0.13207892
AT3G44350,0.018330704
AT3G44370,0.02652482
AT3G44380,-0.013676008
AT3G44400,0.110253654
AT3G44405,0.005059786
AT3G44428,4.838486e-05
AT3G44430,-0.006302445
AT3G44435,-0.0049377875
AT3G44440,-0.0020928825
AT3G44450,-0.36923528
AT3G44460,0.0058480073
AT3G44480,-0.03287767
AT3G44485,-0.0006055898
AT3G44490,0.0046999045
AT3G44510,0.00220052
AT3G44530,0.023344615
AT3G44540,0.34691942
AT3G44550,0.39405963
AT3G44555,0.00015698577
AT3G44560,0.04452614
AT3G44570,0.011062134
AT3G44580,-0.002970348
AT3G44590,0.05607365
AT3G44600,0.064933196
AT3G44610,-0.16528217
AT3G44620,0.0237804
AT3G44630,-0.031198088
AT3G44635,0.0022751484
AT3G44660,-0.00047408734
AT3G44665,-0.0040970175
AT3G44670,-0.08646706
AT3G44680,0.058910523
AT3G44690,-0.054980464
AT3G44695,-0.0011440002
AT3G44700,0.010641346
AT3G44703,0.0014145414
AT3G44704,-1.4293298e-05
AT3G44710,-0.00024679836
AT3G44713,-0.029200554
AT3G44716,-0.11799732
AT3G44718,0.0
AT3G44720,0.8261571
AT3G44730,-0.12579368
AT3G44735,-0.18113256
AT3G44740,-0.14312036
AT3G44750,0.03193607
AT3G44753,-0.020543015
AT3G44755,0.00061213016
AT3G44760,0.0042000464
AT3G44763,0.0040537454
AT3G44766,0.005569207
AT3G44769,0.006313896
AT3G44770,-0.06509857
AT3G44780,0.0006135485
AT3G44785,0.00015809867
AT3G44790,-0.017691724
AT3G44800,-0.02569985
AT3G44805,-0.018004643
AT3G44810,-0.00023760546
AT3G44820,-0.059953324
AT3G44830,0.512337
AT3G44840,0.0062176683
AT3G44850,0.004927415
AT3G44860,0.5078949
AT3G44870,0.029022712
AT3G44880,0.1189538
AT3G44890,-0.34626848
AT3G44900,0.006127223
AT3G44910,3.381534e-05
AT3G44920,-2.298448e-05
AT3G44930,-7.957124e-05
AT3G44935,8.481761e-05
AT3G44940,-0.29985142
AT3G44950,0.0001441887
AT3G44960,-0.1896061
AT3G44970,0.1528821
AT3G44980,4.5378805e-05
AT3G44990,-0.062418435
AT3G45000,-0.0023476041
AT3G45010,0.114061326
AT3G45020,-0.09188627
AT3G45030,-0.013029294
AT3G45040,0.13746297
AT3G45050,-0.021164361
AT3G45060,1.9190061
AT3G45070,0.009924489
AT3G45080,0.007988097
AT3G45090,0.15337665
AT3G45093,0.0007154164
AT3G45100,0.026391981
AT3G45110,-0.0023401426
AT3G45130,1.4314455
AT3G45140,0.07800758
AT3G45150,0.0006070555
AT3G45160,-0.6819329
AT3G45170,5.8288046e-05
AT3G45180,0.003833379
AT3G45190,0.0062514376
AT3G45200,-0.00013954309
AT3G45210,-0.27338493
AT3G45220,0.00017304333
AT3G45230,-0.05157227
AT3G45240,0.03400669
AT3G45243,0.0
AT3G45245,0.00014062143
AT3G45248,0.0
AT3G45252,0.0
AT3G45260,-0.013524411
AT3G45275,0.0
AT3G45280,0.05287947
AT3G45285,-9.082157e-05
AT3G45290,-0.20243976
AT3G45300,0.17211813
AT3G45310,0.045050144
AT3G45320,0.00026302127
AT3G45330,0.10713816
AT3G45390,-0.09221566
AT3G45400,-0.12844622
AT3G45410,0.29060432
AT3G45420,-0.13734648
AT3G45430,-0.082676075
AT3G45440,-0.0013691075
AT3G45443,-0.16678853
AT3G45450,4.4299064e-05
AT3G45460,0.0075029964
AT3G45470,0.0
AT3G45480,0.0
AT3G45490,0.02296281
AT3G45500,0.00055816595
AT3G45510,0.0001967494
AT3G45525,0.0
AT3G45530,0.0021785772
AT3G45540,-0.002023923
AT3G45555,8.672843e-05
AT3G45560,0.015485401
AT3G45570,0.00079065433
AT3G45577,0.00013070456
AT3G45580,0.00023114789
AT3G45590,0.009683162
AT3G45600,0.11993447
AT3G45610,-0.1706458
AT3G45620,0.38051966
AT3G45630,-0.0017227016
AT3G45640,-0.35979128
AT3G45645,3.3005985e-05
AT3G45650,-0.50218046
AT3G45660,-0.032725338
AT3G45670,0.004360745
AT3G45673,2.714056e-05
AT3G45680,0.039578285
AT3G45690,-0.005789533
AT3G45700,-0.010654849
AT3G45710,-0.04846742
AT3G45720,-8.4734675e-05
AT3G45730,-0.005224143
AT3G45740,-0.025634773
AT3G45750,0.032671656
AT3G45760,-0.002579602
AT3G45770,0.038479928
AT3G45780,-0.36676306
AT3G45790,0.0031686479
AT3G45800,0.00049867306
AT3G45810,0.0
AT3G45820,0.0
AT3G45830,0.051475223
AT3G45840,0.0052619213
AT3G45850,-0.4931981
AT3G45851,5.814181e-05
AT3G45860,0.020181734
AT3G45870,0.04060993
AT3G45880,0.36259755
AT3G45890,-0.04296483
AT3G45900,-0.06711428
AT3G45910,0.0
AT3G45920,0.005137201
AT3G45940,-0.07582493
AT3G45950,-0.0010038386
AT3G45960,-0.08519474
AT3G45970,-0.32472426
AT3G45980,-0.032808207
AT3G45990,6.6988585e-05
AT3G46000,0.23080285
AT3G46010,-0.049469363
AT3G46020,-0.046841353
AT3G46030,0.041136835
AT3G46040,0.055874985
AT3G46050,-0.00020447827
AT3G46060,0.17264257
AT3G46070,0.013791001
AT3G46080,1.012118
AT3G46086,0.0010597681
AT3G46090,0.41375604
AT3G46100,-0.305078
AT3G46110,0.25794846
AT3G46120,-0.00034952935
AT3G46130,-0.7068368
AT3G46140,0.0037600377
AT3G46150,0.070152946
AT3G46160,0.0031343675
AT3G46170,0.0008816272
AT3G46180,-0.001376102
AT3G46190,0.009434024
AT3G46200,-0.026685836
AT3G46210,0.09152436
AT3G46220,-0.0073614554
AT3G46230,1.7072562
AT3G46240,-0.0048578917
AT3G46260,0.20134304
AT3G46270,0.011906654
AT3G46280,1.0935848
AT3G46290,-0.07985617
AT3G46300,0.055246755
AT3G46310,0.002349731
AT3G46330,0.003616555
AT3G46340,0.0107644405
AT3G46350,0.00021386237
AT3G46355,0.0010239664
AT3G46360,0.0
AT3G46370,-0.5534714
AT3G46380,0.0004993363
AT3G46390,0.0
AT3G46400,-0.009184078
AT3G46410,0.0003872443
AT3G46420,0.003206074
AT3G46430,0.14871608
AT3G46440,0.42829746
AT3G46450,0.065369576
AT3G46460,0.023664722
AT3G46470,-9.9661345e-05
AT3G46480,0.0053824005
AT3G46490,-0.44025025
AT3G46500,0.0271798
AT3G46510,0.16378404
AT3G46520,0.27960548
AT3G46530,0.0017709481
AT3G46540,0.019965509
AT3G46550,-0.18128423
AT3G46560,0.20281936
AT3G46565,0.0
AT3G46570,-4.6922323e-05
AT3G46580,-0.17398019
AT3G46590,0.020986285
AT3G46600,0.23225264
AT3G46610,-0.024031827
AT3G46613,0.008830566
AT3G46616,0.012913632
AT3G46617,-0.001470546
AT3G46620,0.19812775
AT3G46630,-0.09847308
AT3G46640,0.01857426
AT3G46650,0.0466837
AT3G46660,2.3397207
AT3G46666,0.004926674
AT3G46670,1.0574706
AT3G46680,0.7877911
AT3G46690,0.9631737
AT3G46700,0.10454039
AT3G46710,-0.0035322623
AT3G46720,0.016967718
AT3G46730,0.08889973
AT3G46735,-0.003121074
AT3G46740,0.095547974
AT3G46750,-0.0016272153
AT3G46760,0.0037597662
AT3G46770,-0.03231139
AT3G46780,-0.55234253
AT3G46790,0.025154887
AT3G46800,0.0027617873
AT3G46810,0.0040404303
AT3G46820,-0.04751108
AT3G46830,-0.0018986954
AT3G46840,0.00931637
AT3G46845,0.08695921
AT3G46850,0.00030495055
AT3G46860,0.0
AT3G46870,-0.01979595
AT3G46880,-0.059761036
AT3G46890,-0.0840064
AT3G46900,-0.11748643
AT3G46910,0.00059685134
AT3G46920,-0.009766293
AT3G46930,0.3298762
AT3G46940,-0.07882911
AT3G46950,-0.05184949
AT3G46960,0.023855433
AT3G46970,-0.055380017
AT3G46980,0.03633149
AT3G46990,-0.33402845
AT3G47000,-0.011790041
AT3G47010,-0.154012
AT3G47020,0.00023674118
AT3G47030,-0.07002214
AT3G47040,0.13534085
AT3G47050,0.03256151
AT3G47060,0.13243088
AT3G47070,-0.4106648
AT3G47080,0.024227222
AT3G47090,0.21426216
AT3G47100,0.0044953874
AT3G47110,-0.10286515
AT3G47120,0.06547545
AT3G47130,-0.00033916518
AT3G47140,2.1421867e-05
AT3G47150,0.00026751394
AT3G47160,0.047660176
AT3G47170,0.00016770331
AT3G47180,-0.102494456
AT3G47190,0.001815348
AT3G47200,0.0023753797
AT3G47210,-0.028119795
AT3G47220,-0.05793774
AT3G47250,0.16059387
AT3G47290,-0.11315802
AT3G47295,-0.22565421
AT3G47300,0.042285837
AT3G47340,0.12703574
AT3G47341,0.0
AT3G47350,0.04944536
AT3G47360,-0.07991915
AT3G47370,0.08802047
AT3G47380,0.3243435
AT3G47390,-0.120986514
AT3G47400,-0.012208043
AT3G47410,0.00793195
AT3G47420,0.21916804
AT3G47430,-0.26719233
AT3G47440,0.00056072185
AT3G47450,-0.016375404
AT3G47460,-0.004015375
AT3G47470,-0.6432546
AT3G47480,1.0927235
AT3G47490,0.04472068
AT3G47500,-0.111306615
AT3G47510,-0.120561086
AT3G47520,0.18284093
AT3G47530,0.10752576
AT3G47540,1.890852
AT3G47550,0.21250229
AT3G47560,-0.38613033
AT3G47570,-0.57430476
AT3G47580,-0.1565943
AT3G47590,-0.033730578
AT3G47600,0.018886318
AT3G47610,0.00024818256
AT3G47620,-0.10426409
AT3G47630,-0.041794837
AT3G47640,0.02011668
AT3G47650,-0.31437185
AT3G47660,-0.044595227
AT3G47670,0.14946812
AT3G47680,0.08293314
AT3G47690,-0.09854249
AT3G47700,0.16580887
AT3G47710,-0.0009666786
AT3G47720,0.008431814
AT3G47730,0.32718036
AT3G47740,0.010995524
AT3G47750,-0.12753077
AT3G47760,0.0019171139
AT3G47770,0.009740662
AT3G47780,1.4327254
AT3G47790,0.028390609
AT3G47800,0.42860514
AT3G47810,0.2698438
AT3G47820,0.061139423
AT3G47830,0.062443756
AT3G47833,0.5707493
AT3G47836,0.12645714
AT3G47840,-0.021842668
AT3G47850,0.075086035
AT3G47860,-0.14216706
AT3G47870,-0.04201614
AT3G47890,0.03562418
AT3G47910,0.067186676
AT3G47920,0.0
AT3G47930,0.06510903
AT3G47940,0.069951035
AT3G47950,0.060040914
AT3G47960,0.18746576
AT3G47965,0.07805831
AT3G47970,0.0
AT3G47990,0.08239409
AT3G48000,0.22552912
AT3G48010,0.027637558
AT3G48020,1.0333488
AT3G48030,0.1300893
AT3G48040,-0.2922447
AT3G48050,0.15159817
AT3G48060,0.06364323
AT3G48070,0.055134665
AT3G48080,0.6271867
AT3G48090,0.3160713
AT3G48100,-0.21581124
AT3G48110,-0.027266532
AT3G48120,-0.0046231523
AT3G48131,-0.00014003828
AT3G48140,0.14087296
AT3G48150,0.01709618
AT3G48160,-0.062403742
AT3G48170,0.31082556
AT3G48180,0.4590734
AT3G48185,-0.010609195
AT3G48187,-0.185153
AT3G48190,-0.049255632
AT3G48195,0.112334386
AT3G48200,-0.5146939
AT3G48205,0.00025271715
AT3G48208,2.684269e-05
AT3G48209,0.0
AT3G48210,0.19545192
AT3G48220,0.0
AT3G48230,-0.0045490316
AT3G48231,0.0
AT3G48240,-0.079773836
AT3G48250,0.084485725
AT3G48260,-0.28343892
AT3G48270,-8.841824e-05
AT3G48280,-0.53296286
AT3G48290,-0.48377144
AT3G48298,0.0
AT3G48300,0.31102
AT3G48310,0.018906534
AT3G48320,0.039078176
AT3G48330,0.03345325
AT3G48340,0.0262021
AT3G48343,0.00034388047
AT3G48344,0.0011854438
AT3G48346,1.5646656e-05
AT3G48350,0.1999443
AT3G48360,0.18860495
AT3G48380,0.10162999
AT3G48390,0.06003626
AT3G48400,0.0040021795
AT3G48410,-0.03211286
AT3G48420,-0.5518372
AT3G48425,-0.01040902
AT3G48430,-0.08165565
AT3G48440,-0.26807737
AT3G48450,0.8466671
AT3G48460,-0.09715926
AT3G48470,0.019924257
AT3G48475,0.0019368718
AT3G48480,-0.07458829
AT3G48490,-0.010003501
AT3G48500,0.012815841
AT3G48510,-0.03625747
AT3G48520,1.5537988
AT3G48530,0.3179924
AT3G48540,-0.034800306
AT3G48550,-0.2999512
AT3G48560,-0.113163695
AT3G48570,0.42371678
AT3G48580,1.0277634
AT3G48590,-0.0061942963
AT3G48600,-0.15985921
AT3G48610,-0.3620558
AT3G48620,-0.027845362
AT3G48630,0.048135225
AT3G48640,0.22418907
AT3G48650,0.0
AT3G48660,0.0032537347
AT3G48670,-0.24482404
AT3G48675,0.00034455265
AT3G48680,0.18719484
AT3G48690,0.1735222
AT3G48700,0.08647782
AT3G48710,0.01717087
AT3G48720,-0.50908744
AT3G48730,-0.2412546
AT3G48740,-0.034792803
AT3G48750,0.036761038
AT3G48760,0.24916784
AT3G48770,-0.15625682
AT3G48780,0.11429883
AT3G48790,-0.06259656
AT3G48800,-0.0034007858
AT3G48810,-0.05506471
AT3G48820,-0.07910885
AT3G48830,0.014010699
AT3G48835,-0.035379868
AT3G48840,0.10803985
AT3G48850,1.504346
AT3G48860,0.18504794
AT3G48870,0.074260004
AT3G48880,-0.01764547
AT3G48890,0.7237592
AT3G48900,0.03451926
AT3G48920,0.16196506
AT3G48930,0.052521173
AT3G48940,-0.0019987584
AT3G48950,0.0
AT3G48960,-0.0015431178
AT3G48970,-0.088269144
AT3G48980,-0.014786509
AT3G48990,0.26174363
AT3G49000,-0.06926661
AT3G49010,0.12270096
AT3G49020,-0.00077209406
AT3G49030,8.422614e-05
AT3G49040,7.910421e-05
AT3G49045,-0.005272839
AT3G49050,-0.17274338
AT3G49055,0.073443785
AT3G49060,0.072696455
AT3G49070,0.092025645
AT3G49080,-0.028339263
AT3G49100,0.37521335
AT3G49110,0.30629525
AT3G49115,0.0
AT3G49120,1.5344778
AT3G49130,0.36637568
AT3G49140,-0.34554425
AT3G49142,-0.07595147
AT3G49150,0.0011837975
AT3G49155,-0.0056205443
AT3G49160,-0.02591151
AT3G49170,-0.061385155
AT3G49180,0.033114273
AT3G49190,0.0018895315
AT3G49200,0.04097101
AT3G49210,0.63393766
AT3G49220,-0.43684208
AT3G49230,0.0051965523
AT3G49240,0.033099197
AT3G49250,-0.14656058
AT3G49260,-0.38589084
AT3G49270,-0.00064847246
AT3G49290,-0.33399355
AT3G49300,-0.0267792
AT3G49305,0.0
AT3G49307,0.0
AT3G49310,0.00321982
AT3G49320,0.09566709
AT3G49330,-0.0077792644
AT3G49340,0.053963237
AT3G49350,-0.26242444
AT3G49360,-0.19933504
AT3G49370,0.2676196
AT3G49380,-0.007853164
AT3G49390,0.21667412
AT3G49400,0.09475498
AT3G49410,-0.012807166
AT3G49420,0.21756832
AT3G49430,0.11211181
AT3G49440,0.0
AT3G49450,0.0002279496
AT3G49460,0.00010512907
AT3G49470,-0.17599952
AT3G49480,0.01961805
AT3G49490,0.08048914
AT3G49500,-0.09930777
AT3G49510,-0.15842937
AT3G49520,-0.0054165525
AT3G49530,0.6030505
AT3G49540,0.23475584
AT3G49550,-0.018754464
AT3G49551,0.008419129
AT3G49560,0.023903362
AT3G49570,0.11839287
AT3G49580,0.108349025
AT3G49590,0.16599667
AT3G49600,-0.029620765
AT3G49601,0.057800073
AT3G49610,0.002827859
AT3G49620,1.4368179
AT3G49630,0.0059825396
AT3G49640,-0.06602909
AT3G49645,0.03262243
AT3G49650,-0.2575431
AT3G49660,0.035985604
AT3G49670,-0.372276
AT3G49680,-0.03496172
AT3G49690,-0.027744126
AT3G49700,0.013858547
AT3G49710,-0.030739853
AT3G49720,-0.3111717
AT3G49725,-0.024252554
AT3G49730,-0.30752108
AT3G49740,-0.021690167
AT3G49744,-0.0031947026
AT3G49750,-0.2078676
AT3G49760,0.010144696
AT3G49770,0.0006036576
AT3G49780,0.49666348
AT3G49790,0.014593556
AT3G49796,0.0021037129
AT3G49800,0.153896
AT3G49810,-0.06900577
AT3G49820,-0.022040311
AT3G49830,0.0008522706
AT3G49840,-0.08242932
AT3G49845,0.22769223
AT3G49850,-0.0338658
AT3G49860,0.047638785
AT3G49870,-0.10221345
AT3G49880,0.004007899
AT3G49890,-0.028131701
AT3G49900,-0.033357415
AT3G49910,0.012786205
AT3G49920,-0.015772494
AT3G49930,-0.16380686
AT3G49940,0.31045926
AT3G49950,0.013050794
AT3G49960,0.009399638
AT3G49970,-0.07822815
AT3G49980,0.0039781677
AT3G49990,-0.04778137
AT3G50000,0.023390476
AT3G50010,-0.07320981
AT3G50020,0.000165384
AT3G50030,0.19302025
AT3G50040,-0.011479473
AT3G50050,-0.23786812
AT3G50060,-0.10466541
AT3G50070,0.026855743
AT3G50080,0.09185952
AT3G50090,0.00020747604
AT3G50100,-0.15330859
AT3G50110,-0.14752993
AT3G50120,-0.10661106
AT3G50123,0.0
AT3G50130,0.03397727
AT3G50140,-0.002102227
AT3G50150,-0.00069660525
AT3G50160,0.010646172
AT3G50170,0.0035798615
AT3G50180,-0.00014833544
AT3G50190,-0.031050382
AT3G50200,-0.015165011
AT3G50210,0.033443388
AT3G50220,0.06141759
AT3G50230,0.0048375023
AT3G50240,-0.80908555
AT3G50250,0.00010586891
AT3G50260,0.328599
AT3G50270,-0.03328993
AT3G50280,0.43864015
AT3G50290,0.0021556446
AT3G50300,0.021858871
AT3G50310,0.17718501
AT3G50320,0.0
AT3G50330,-0.0034710525
AT3G50340,-0.18154125
AT3G50350,0.0021338435
AT3G50360,0.11824282
AT3G50370,0.054551844
AT3G50373,0.0006255059
AT3G50380,-0.08900247
AT3G50390,0.18634462
AT3G50400,0.24235608
AT3G50410,-0.013658772
AT3G50420,0.031023841
AT3G50430,0.0015340307
AT3G50440,-0.22175094
AT3G50450,-0.012337012
AT3G50460,0.029682374
AT3G50470,0.28658673
AT3G50480,0.4141147
AT3G50500,0.08145568
AT3G50510,-0.01967677
AT3G50520,0.010816606
AT3G50530,-0.23096037
AT3G50540,0.00060433254
AT3G50550,0.09489031
AT3G50560,-0.16912043
AT3G50570,0.49912137
AT3G50580,0.0016645286
AT3G50590,0.093535855
AT3G50610,0.0060741166
AT3G50620,-0.12568396
AT3G50630,-0.30414876
AT3G50640,0.0087412605
AT3G50650,0.2379923
AT3G50660,-0.20577015
AT3G50670,-0.076400235
AT3G50685,-0.3016916
AT3G50690,0.020552218
AT3G50700,0.018804425
AT3G50710,-0.006621072
AT3G50720,0.00035571415
AT3G50730,-0.0073467926
AT3G50740,-0.008356243
AT3G50750,-0.080590695
AT3G50760,0.6358843
AT3G50770,1.3570654
AT3G50780,-0.26975444
AT3G50790,-0.2915259
AT3G50800,0.16964711
AT3G50808,7.874517e-05
AT3G50810,0.16329035
AT3G50820,-0.18919417
AT3G50830,-0.02904667
AT3G50840,-0.225069
AT3G50845,-0.10267991
AT3G50850,0.038810853
AT3G50860,0.056066055
AT3G50870,-0.0699833
AT3G50880,0.0440813
AT3G50890,-0.21826911
AT3G50900,0.6887969
AT3G50910,0.27506405
AT3G50920,0.06346456
AT3G50925,0.0
AT3G50930,0.47721052
AT3G50940,-0.0926183
AT3G50950,0.43621364
AT3G50960,-0.26106894
AT3G50970,0.111646816
AT3G50980,0.20015317
AT3G50990,-0.0026180227
AT3G51000,0.22741432
AT3G51010,0.08948777
AT3G51020,-0.0012066935
AT3G51030,-0.02265519
AT3G51040,-0.0044345027
AT3G51050,0.17224668
AT3G51060,0.012447693
AT3G51070,-0.030689806
AT3G51080,-0.24642323
AT3G51090,0.5660992
AT3G51100,0.17080455
AT3G51110,0.04009559
AT3G51120,0.03338164
AT3G51130,0.2839485
AT3G51140,0.033569485
AT3G51150,-0.20057611
AT3G51160,0.16573979
AT3G51171,0.0003264008
AT3G51180,0.083678305
AT3G51190,0.004870007
AT3G51200,-0.0023076774
AT3G51210,3.7347796e-05
AT3G51220,-0.062164064
AT3G51230,-0.074029155
AT3G51240,0.10409854
AT3G51250,0.07828985
AT3G51260,0.11160788
AT3G51270,-0.15428548
AT3G51280,-0.02230207
AT3G51290,-0.20703937
AT3G51300,-0.03129145
AT3G51310,0.05552178
AT3G51320,0.021048207
AT3G51325,-0.023374315
AT3G51330,0.46470362
AT3G51340,0.21725178
AT3G51350,0.21069321
AT3G51360,-0.012447653
AT3G51370,0.047404222
AT3G51380,0.01926608
AT3G51390,0.05425194
AT3G51400,0.077143215
AT3G51410,0.016066395
AT3G51420,-0.054028355
AT3G51430,0.8385244
AT3G51440,0.8642295
AT3G51450,0.2653617
AT3G51460,0.39470023
AT3G51470,-0.06416103
AT3G51480,-0.26303688
AT3G51490,0.0045111584
AT3G51500,0.19095954
AT3G51510,-0.34859803
AT3G51520,0.019743716
AT3G51530,0.0067903334
AT3G51540,0.6187316
AT3G51550,0.02964567
AT3G51560,0.0065449886
AT3G51570,0.003792277
AT3G51580,0.2806753
AT3G51590,0.0012849966
AT3G51600,-1.0914369
AT3G51610,0.07703691
AT3G51620,0.19928697
AT3G51630,0.1443534
AT3G51640,0.07224348
AT3G51642,-0.0024367513
AT3G51644,-0.00075772934
AT3G51650,0.061429888
AT3G51660,1.2517883
AT3G51670,0.03723069
AT3G51680,0.001746767
AT3G51690,0.005241275
AT3G51700,0.00022896536
AT3G51710,-0.21978267
AT3G51720,-0.24783699
AT3G51730,0.35767794
AT3G51740,-0.08184358
AT3G51750,0.0083028255
AT3G51760,-0.13476436
AT3G51770,-0.00251524
AT3G51780,0.12470843
AT3G51790,0.3302021
AT3G51800,0.09898529
AT3G51810,-0.002202198
AT3G51820,-0.31864077
AT3G51830,0.002876636
AT3G51840,0.29378667
AT3G51850,-0.024153102
AT3G51860,1.3681779
AT3G51870,0.07079041
AT3G51880,-0.03858684
AT3G51890,0.21505445
AT3G51895,0.035581056
AT3G51910,-0.10459388
AT3G51920,0.20189478
AT3G51930,-0.085844986
AT3G51940,0.09325115
AT3G51950,-0.46258396
AT3G51960,0.07367589
AT3G51970,0.46274155
AT3G51980,0.08971486
AT3G51990,0.105746225
AT3G52000,0.0005301102
AT3G52010,0.0058505223
AT3G52020,9.916525e-05
AT3G52030,0.20300373
AT3G52040,0.07523215
AT3G52050,-0.11901838
AT3G52060,0.12081209
AT3G52070,0.17023793
AT3G52075,0.0016986406
AT3G52080,0.0018947716
AT3G52090,-0.02964402
AT3G52100,-0.03326398
AT3G52110,-0.08966419
AT3G52115,0.058854423
AT3G52120,0.11332361
AT3G52130,-0.04269239
AT3G52140,-0.041559473
AT3G52150,-0.09311236
AT3G52155,-0.035744093
AT3G52160,0.025486719
AT3G52170,-0.19409628
AT3G52180,-0.012220278
AT3G52190,0.19574006
AT3G52200,0.15667
AT3G52210,0.039133362
AT3G52220,0.005833191
AT3G52230,-0.11920707
AT3G52240,0.24298586
AT3G52250,-0.08622308
AT3G52260,0.042683296
AT3G52270,-0.012195301
AT3G52280,0.079564944
AT3G52290,-0.18781853
AT3G52300,0.21668595
AT3G52310,-0.21308243
AT3G52320,0.00016765809
AT3G52330,0.0002738465
AT3G52340,-0.008282634
AT3G52350,-4.7461188e-05
AT3G52360,-0.33070648
AT3G52370,-0.14168093
AT3G52380,-0.14307065
AT3G52390,-0.061579417
AT3G52400,0.5842377
AT3G52420,0.0814858
AT3G52430,0.56910104
AT3G52440,0.0029579913
AT3G52450,0.30670872
AT3G52460,-0.015881056
AT3G52470,0.00010956824
AT3G52480,0.23252414
AT3G52490,-0.113185406
AT3G52500,-0.22610405
AT3G52510,0.0024228448
AT3G52520,-0.045968547
AT3G52525,-0.027309036
AT3G52526,0.05499025
AT3G52530,-0.0062010875
AT3G52540,0.1466295
AT3G52550,0.040252823
AT3G52560,0.15716858
AT3G52561,0.0032352968
AT3G52570,0.08635472
AT3G52580,0.11040733
AT3G52590,0.011714688
AT3G52600,-0.0028195584
AT3G52610,0.055118576
AT3G52620,0.034488145
AT3G52630,-0.075381145
AT3G52640,-0.010893291
AT3G52660,-0.0049624234
AT3G52670,0.0
AT3G52680,-0.088162065
AT3G52690,0.0
AT3G52700,0.008560999
AT3G52710,0.10277371
AT3G52720,-0.7150451
AT3G52730,0.24066406
AT3G52740,-0.06927058
AT3G52750,-0.3972506
AT3G52760,0.035626493
AT3G52770,0.28636882
AT3G52780,0.51319224
AT3G52790,-0.007713019
AT3G52800,0.32506785
AT3G52810,0.003864715
AT3G52820,0.8069751
AT3G52830,0.0015913462
AT3G52840,-0.11015196
AT3G52850,0.21687022
AT3G52860,0.044215526
AT3G52870,0.015569467
AT3G52880,0.23440072
AT3G52890,-0.2095995
AT3G52900,-0.272228
AT3G52905,-0.037617758
AT3G52910,-0.08184106
AT3G52920,-0.06117879
AT3G52930,0.57275903
AT3G52940,-0.35827163
AT3G52941,-0.0011497184
AT3G52950,-0.031247282
AT3G52960,-0.05463826
AT3G52970,0.049957342
AT3G52980,0.00020017107
AT3G52990,0.20098816
AT3G53000,0.08407012
AT3G53010,-0.08886665
AT3G53020,0.08395126
AT3G53030,-0.050738413
AT3G53040,0.16859707
AT3G53050,3.0375413e-05
AT3G53060,0.0019121952
AT3G53065,0.033010468
AT3G53070,0.0
AT3G53075,0.0033542395
AT3G53080,6.537119e-05
AT3G53090,-0.05309054
AT3G53100,-0.4749052
AT3G53110,0.38454938
AT3G53120,0.4008118
AT3G53130,-0.34735477
AT3G53140,0.0
AT3G53150,1.2920246
AT3G53160,0.8683963
AT3G53170,-0.095507
AT3G53180,0.2583022
AT3G53190,-0.6649842
AT3G53200,0.006199434
AT3G53210,0.048706003
AT3G53220,-0.011613762
AT3G53230,0.93197787
AT3G53232,0.192396
AT3G53235,0.1107303
AT3G53240,-0.2894417
AT3G53250,-0.07639519
AT3G53260,0.18486407
AT3G53270,0.01359174
AT3G53280,0.040826462
AT3G53294,0.0
AT3G53300,0.0028211232
AT3G53305,-4.5520675e-05
AT3G53310,-0.0884106
AT3G53320,-0.086100735
AT3G53330,9.2470276e-05
AT3G53340,0.26200587
AT3G53342,0.0
AT3G53350,-0.012374281
AT3G53360,0.07711965
AT3G53370,0.20189273
AT3G53380,-0.16074134
AT3G53390,0.24413519
AT3G53400,-0.060047675
AT3G53410,0.21893492
AT3G53420,-0.059352443
AT3G53430,0.045752525
AT3G53440,0.010817745
AT3G53450,0.008136235
AT3G53460,0.06932851
AT3G53470,-0.26377743
AT3G53480,1.0327872
AT3G53490,0.12923944
AT3G53500,0.19198556
AT3G53510,0.1562763
AT3G53520,0.116218776
AT3G53530,-0.23722745
AT3G53540,0.019091759
AT3G53550,-0.002334182
AT3G53560,-0.05312305
AT3G53570,-0.09799962
AT3G53580,0.117958724
AT3G53590,0.018901492
AT3G53600,1.0602481
AT3G53610,0.071019344
AT3G53611,3.7315705e-05
AT3G53620,0.41147944
AT3G53630,0.25932127
AT3G53640,0.00060382683
AT3G53650,0.5155204
AT3G53660,0.0
AT3G53680,-0.28584725
AT3G53690,0.00075978664
AT3G53700,-0.0593565
AT3G53710,0.061698273
AT3G53720,0.91452885
AT3G53740,0.06731644
AT3G53750,-0.054476686
AT3G53760,-0.054899108
AT3G53770,0.0024705697
AT3G53780,0.2885866
AT3G53790,0.028303213
AT3G53800,0.19773091
AT3G53810,0.4467477
AT3G53820,0.006631477
AT3G53830,-0.019927323
AT3G53840,0.058813028
AT3G53850,-0.129869
AT3G53860,-0.070258684
AT3G53870,0.011175505
AT3G53880,0.15339616
AT3G53890,0.061917305
AT3G53900,-0.26681113
AT3G53910,7.0535e-05
AT3G53920,-0.2314708
AT3G53930,0.33358395
AT3G53940,0.046263672
AT3G53950,0.0040720403
AT3G53960,0.18066859
AT3G53970,0.11102015
AT3G53980,-0.047286313
AT3G53990,-0.021564482
AT3G54000,-0.20037164
AT3G54010,0.05434953
AT3G54020,0.008051059
AT3G54030,0.18641351
AT3G54040,0.19236946
AT3G54050,-0.49073598
AT3G54060,0.002544256
AT3G54065,-0.008649098
AT3G54070,0.0083689615
AT3G54080,-0.1790509
AT3G54085,0.16800198
AT3G54090,0.35038188
AT3G54100,0.31027615
AT3G54110,0.71505046
AT3G54120,-0.07902867
AT3G54130,0.64129955
AT3G54140,0.4354839
AT3G54150,1.2624656
AT3G54160,0.024673032
AT3G54170,0.077783346
AT3G54180,-0.02857359
AT3G54190,-0.021736434
AT3G54200,-0.06195575
AT3G54210,-0.15093948
AT3G54220,-0.09958526
AT3G54230,0.081500866
AT3G54240,0.0059730285
AT3G54250,-0.13479723
AT3G54260,-0.5582031
AT3G54270,-0.07603882
AT3G54280,-0.054008
AT3G54290,-0.040264234
AT3G54300,0.16648844
AT3G54310,0.0048785647
AT3G54320,-0.007251647
AT3G54340,-0.053380843
AT3G54350,-0.076087244
AT3G54360,0.028636886
AT3G54363,0.07426963
AT3G54380,0.1366813
AT3G54390,0.39831895
AT3G54400,0.01956116
AT3G54410,-0.0051788837
AT3G54420,0.11319829
AT3G54430,-0.036121152
AT3G54440,0.013539865
AT3G54450,0.0020722009
AT3G54460,-0.107060455
AT3G54470,-0.06263294
AT3G54480,0.13507368
AT3G54490,0.021164576
AT3G54500,-0.206232
AT3G54510,-0.009616127
AT3G54520,0.026432384
AT3G54530,0.049387872
AT3G54540,0.08897608
AT3G54550,0.02039607
AT3G54560,-0.013352242
AT3G54570,0.00087044
AT3G54580,0.034131855
AT3G54590,0.012633981
AT3G54600,-0.62385374
AT3G54610,0.08286504
AT3G54620,0.37730902
AT3G54630,-0.035631515
AT3G54640,1.3269835
AT3G54650,-0.028206632
AT3G54660,-0.09004814
AT3G54670,0.06144464
AT3G54680,0.44588792
AT3G54690,-0.25178802
AT3G54700,0.013617602
AT3G54710,-0.040554788
AT3G54720,-0.4555672
AT3G54730,0.009473977
AT3G54740,0.613478
AT3G54750,-0.20269543
AT3G54760,-0.07354313
AT3G54770,-0.007053866
AT3G54780,-0.048232365
AT3G54790,-0.06989649
AT3G54800,0.07707582
AT3G54810,0.16728714
AT3G54820,0.45640972
AT3G54826,0.092400655
AT3G54830,-0.088238224
AT3G54840,0.15746781
AT3G54850,0.14247651
AT3G54860,0.093106166
AT3G54870,0.015310937
AT3G54880,0.13021506
AT3G54890,-0.8426038
AT3G54900,-0.22514449
AT3G54910,-0.35357097
AT3G54920,-0.54819024
AT3G54925,4.3774173e-05
AT3G54930,-0.14798248
AT3G54940,-0.0028822215
AT3G54950,0.88135725
AT3G54960,0.49976742
AT3G54970,0.03856583
AT3G54980,0.07471088
AT3G54990,0.18307419
AT3G55000,0.04033416
AT3G55005,-0.030825503
AT3G55010,0.0036050922
AT3G55020,0.01325546
AT3G55030,0.035949096
AT3G55040,-0.33714634
AT3G55050,-0.0620971
AT3G55060,-0.0040547065
AT3G55070,0.032207552
AT3G55080,-0.07535807
AT3G55090,0.7399745
AT3G55100,0.051479552
AT3G55110,-0.05020035
AT3G55120,0.13666706
AT3G55130,-0.20960346
AT3G55140,-0.052804407
AT3G55150,0.22479951
AT3G55160,0.038347334
AT3G55170,-0.0052993875
AT3G55180,-0.0004088843
AT3G55190,4.6249595e-05
AT3G55200,0.16989872
AT3G55210,-0.018065298
AT3G55220,0.09431844
AT3G55230,-0.014644783
AT3G55240,-0.9485812
AT3G55250,-0.11193221
AT3G55252,-4.5381792e-05
AT3G55254,-0.00064053107
AT3G55260,0.05624479
AT3G55270,0.2150901
AT3G55280,-0.04799271
AT3G55290,0.4415184
AT3G55310,0.030614575
AT3G55320,0.057674196
AT3G55330,-0.40617207
AT3G55340,-0.06463459
AT3G55350,-0.060846593
AT3G55360,0.012271892
AT3G55370,-0.07656329
AT3G55380,0.057533216
AT3G55390,0.17141174
AT3G55400,0.008415373
AT3G55410,0.5394296
AT3G55420,-0.29443666
AT3G55430,0.5959976
AT3G55440,0.053976167
AT3G55450,0.12050382
AT3G55460,0.14491071
AT3G55470,0.689534
AT3G55480,-0.01957352
AT3G55500,-0.061719745
AT3G55510,0.018207768
AT3G55513,5.9042828e-05
AT3G55515,0.031201512
AT3G55520,0.010929763
AT3G55530,0.0010383244
AT3G55540,0.00024280814
AT3G55550,0.013481949
AT3G55560,0.14060369
AT3G55566,6.946182e-05
AT3G55570,0.0
AT3G55580,-0.12442905
AT3G55590,0.00039202505
AT3G55600,0.108511195
AT3G55605,0.19483303
AT3G55610,0.071677566
AT3G55620,0.14809659
AT3G55630,-0.5422352
AT3G55640,0.3247587
AT3G55646,-0.33154687
AT3G55650,0.009868051
AT3G55660,-0.036499463
AT3G55665,0.00054041605
AT3G55670,-0.00460425
AT3G55672,-0.00032988068
AT3G55677,0.0082283635
AT3G55680,3.5465986e-05
AT3G55690,-0.060454767
AT3G55700,0.02213357
AT3G55710,-0.25806683
AT3G55720,0.0614925
AT3G55730,0.37595788
AT3G55740,0.1990206
AT3G55750,0.0205037
AT3G55760,-0.18174644
AT3G55770,0.0139344
AT3G55780,0.00027611223
AT3G55790,0.08473859
AT3G55800,-0.5856785
AT3G55810,-0.0006321048
AT3G55820,-0.024319213
AT3G55830,0.14140967
AT3G55840,0.5624441
AT3G55850,-0.04837418
AT3G55860,0.0036984996
AT3G55870,0.00035567544
AT3G55880,0.4821228
AT3G55890,0.95118034
AT3G55900,0.02732026
AT3G55910,0.703249
AT3G55920,-0.027929205
AT3G55930,0.024580387
AT3G55935,0.011706868
AT3G55940,-0.037527535
AT3G55950,0.3287909
AT3G55960,0.029643355
AT3G55970,1.0247016
AT3G55980,0.06570262
AT3G55990,-0.15747884
AT3G56000,-0.20695227
AT3G56010,-0.18716134
AT3G56030,0.3526765
AT3G56040,-0.25772858
AT3G56050,-0.09156835
AT3G56060,-0.12715808
AT3G56070,0.037147805
AT3G56080,-0.22199394
AT3G56090,-0.32311398
AT3G56100,-0.027260058
AT3G56110,0.26132482
AT3G56120,-0.08814809
AT3G56130,-0.17836139
AT3G56140,0.0018504964
AT3G56150,0.020401932
AT3G56160,-0.56690335
AT3G56170,0.5295312
AT3G56180,0.0030447121
AT3G56190,0.10278989
AT3G56200,0.47484347
AT3G56210,-0.15704903
AT3G56220,0.016885623
AT3G56230,0.001484784
AT3G56240,0.217693
AT3G56250,0.034505956
AT3G56260,0.20204602
AT3G56270,-0.11638274
AT3G56290,-0.012574728
AT3G56300,-0.08199704
AT3G56310,0.1693987
AT3G56320,0.6344478
AT3G56330,-0.13375528
AT3G56340,0.043546136
AT3G56350,0.12515922
AT3G56360,-0.07787548
AT3G56370,-0.53017515
AT3G56380,0.0057625524
AT3G56390,0.00081951177
AT3G56400,0.99686134
AT3G56410,-0.22115149
AT3G56420,-0.0025485773
AT3G56430,-0.04104601
AT3G56440,0.09147165
AT3G56450,0.0156031465
AT3G56460,0.2007613
AT3G56470,0.16193318
AT3G56480,-0.29891318
AT3G56490,0.30794108
AT3G56500,0.18155621
AT3G56510,-0.018924244
AT3G56520,0.0
AT3G56530,-0.0024256534
AT3G56540,0.0001668118
AT3G56550,0.00029838644
AT3G56560,0.00011111442
AT3G56570,-0.025977237
AT3G56580,0.027043229
AT3G56590,-0.0995227
AT3G56600,0.0010273678
AT3G56610,0.0
AT3G56620,0.006744453
AT3G56630,-0.02622811
AT3G56640,-0.033760466
AT3G56650,-0.2679554
AT3G56660,0.0043018237
AT3G56670,0.0
AT3G56680,0.0031044302
AT3G56690,-0.046182662
AT3G56700,-0.0016507985
AT3G56710,0.64657235
AT3G56720,0.08687629
AT3G56730,-0.055208895
AT3G56740,0.028297389
AT3G56750,-0.078372434
AT3G56760,-0.10609781
AT3G56770,0.047917813
AT3G56780,-0.00089742953
AT3G56790,-0.02348938
AT3G56800,-0.20187458
AT3G56810,-0.36254135
AT3G56820,0.20085838
AT3G56830,-0.04140305
AT3G56840,0.017468693
AT3G56850,0.05446911
AT3G56860,0.036611542
AT3G56870,-0.049659844
AT3G56880,0.13597675
AT3G56890,-0.0028473397
AT3G56891,0.5863379
AT3G56900,0.015307209
AT3G56910,-0.22129306
AT3G56920,-0.0046664234
AT3G56930,0.12872453
AT3G56940,-0.40672687
AT3G56950,0.28776744
AT3G56960,-0.13843076
AT3G56970,0.06899474
AT3G56980,0.105428055
AT3G56990,0.14556831
AT3G57000,-0.014348158
AT3G57010,0.3509901
AT3G57020,0.4177188
AT3G57030,0.0002523176
AT3G57040,-0.36809012
AT3G57050,0.013778077
AT3G57060,-0.0037651972
AT3G57062,0.06108003
AT3G57070,-0.18505985
AT3G57072,0.0032485586
AT3G57080,-0.15956607
AT3G57090,0.19444476
AT3G57100,0.07250969
AT3G57110,0.028358955
AT3G57120,0.14565644
AT3G57130,0.02695336
AT3G57140,0.05400129
AT3G57150,0.096395746
AT3G57160,0.071901344
AT3G57170,-0.07123979
AT3G57180,-0.14107887
AT3G57190,-0.16212568
AT3G57200,0.036016155
AT3G57210,-0.016284592
AT3G57220,-0.029299878
AT3G57230,0.17201893
AT3G57240,1.1172618
AT3G57250,-0.0028745169
AT3G57260,0.8587975
AT3G57270,0.08896997
AT3G57280,0.18062176
AT3G57290,0.13531528
AT3G57300,0.011297965
AT3G57310,0.020141948
AT3G57320,-0.15225582
AT3G57330,0.12684679
AT3G57340,0.17219336
AT3G57350,-0.02037232
AT3G57360,0.2133656
AT3G57370,0.0009960483
AT3G57380,0.7813552
AT3G57390,0.099772364
AT3G57400,-0.04944056
AT3G57410,0.027574368
AT3G57420,0.14584793
AT3G57430,-0.058837447
AT3G57440,0.0053102253
AT3G57450,0.40759072
AT3G57460,0.61784166
AT3G57465,0.023459958
AT3G57470,-0.22811732
AT3G57480,0.4545819
AT3G57490,0.30629107
AT3G57500,-0.071830176
AT3G57510,0.12119118
AT3G57520,0.37199128
AT3G57530,0.15312213
AT3G57540,0.49895912
AT3G57550,0.20350358
AT3G57560,0.0827394
AT3G57570,-0.042497806
AT3G57580,-0.018413404
AT3G57587,-0.0126570435
AT3G57590,-0.0071300147
AT3G57600,-0.17274004
AT3G57610,0.008638169
AT3G57620,0.0002448021
AT3G57630,0.31450382
AT3G57640,0.09485731
AT3G57650,0.09971013
AT3G57660,0.004305207
AT3G57670,-0.14679304
AT3G57680,-0.16869573
AT3G57690,0.027314298
AT3G57700,0.37498355
AT3G57710,-0.07911743
AT3G57720,-0.11945902
AT3G57730,-0.046487458
AT3G57740,0.075091444
AT3G57750,-0.0473076
AT3G57760,0.16916306
AT3G57770,0.07135046
AT3G57780,-0.16697018
AT3G57785,0.14744791
AT3G57787,0.006655851
AT3G57790,0.09754613
AT3G57800,-0.12579419
AT3G57810,-0.024704011
AT3G57830,-0.20882487
AT3G57840,0.0
AT3G57850,3.4147768e-05
AT3G57860,-0.0730316
AT3G57870,0.08110549
AT3G57880,0.08685234
AT3G57890,0.061246965
AT3G57900,0.0001173889
AT3G57910,-0.010014941
AT3G57920,-0.025730781
AT3G57930,-0.14552043
AT3G57940,0.059566926
AT3G57950,0.7336454
AT3G57960,0.0069359015
AT3G57970,0.0016182156
AT3G57980,-0.008753477
AT3G57990,-0.032367587
AT3G58000,-0.050054897
AT3G58010,-0.038224425
AT3G58020,-0.0070111775
AT3G58030,0.078753546
AT3G58040,0.01384636
AT3G58050,0.085895486
AT3G58060,-0.009914959
AT3G58070,-0.08438703
AT3G58090,0.06668765
AT3G58100,-0.27705374
AT3G58110,0.08476305
AT3G58120,-0.4642055
AT3G58130,0.0598977
AT3G58140,-0.024438933
AT3G58150,0.2555362
AT3G58160,-0.041380778
AT3G58170,0.10042469
AT3G58180,0.13783967
AT3G58190,0.0103071695
AT3G58200,-0.19325921
AT3G58210,-0.0037651798
AT3G58220,-0.28962642
AT3G58230,8.672843e-05
AT3G58240,0.0
AT3G58250,0.015156015
AT3G58260,0.0
AT3G58270,0.025819387
AT3G58280,0.0006034086
AT3G58290,0.009812566
AT3G58300,0.00074037624
AT3G58310,0.0
AT3G58320,0.0003818907
AT3G58330,0.0008544489
AT3G58340,6.338599e-05
AT3G58350,0.03796677
AT3G58360,-0.00019149894
AT3G58370,-0.0002960876
AT3G58380,0.136245
AT3G58390,4.42649e-05
AT3G58400,0.0
AT3G58410,5.2662843e-05
AT3G58415,3.8991162e-05
AT3G58420,0.00043471437
AT3G58430,-0.112392895
AT3G58440,0.000587691
AT3G58450,0.024434596
AT3G58460,0.18521346
AT3G58470,0.0772225
AT3G58480,-0.0021091597
AT3G58490,-0.05518336
AT3G58500,0.095345825
AT3G58510,0.24296358
AT3G58520,-0.0200887
AT3G58530,0.13409452
AT3G58540,0.104311
AT3G58550,0.05240654
AT3G58560,0.082841955
AT3G58570,0.40322894
AT3G58580,0.024919288
AT3G58585,-7.656086e-05
AT3G58590,-0.04676555
AT3G58600,0.14752625
AT3G58610,-0.0023111806
AT3G58620,-0.13825284
AT3G58630,0.07831185
AT3G58640,0.06534243
AT3G58650,-0.026719986
AT3G58660,0.009768939
AT3G58670,0.058134917
AT3G58680,0.0150157325
AT3G58690,-0.15858752
AT3G58700,0.037665684
AT3G58710,0.20448063
AT3G58720,0.010788383
AT3G58730,0.16619197
AT3G58740,0.14469454
AT3G58750,0.4416526
AT3G58760,0.04326445
AT3G58770,-0.0022048708
AT3G58780,0.023224976
AT3G58790,-0.7318817
AT3G58800,0.04371998
AT3G58810,0.050898578
AT3G58820,-0.16040291
AT3G58830,-0.061006498
AT3G58840,-0.13214302
AT3G58850,-0.41090572
AT3G58860,-5.3986558e-05
AT3G58875,0.006944914
AT3G58877,0.0
AT3G58880,0.00012361244
AT3G58890,0.0
AT3G58900,-0.06281703
AT3G58910,0.0005653073
AT3G58920,-0.004713007
AT3G58930,-0.10668571
AT3G58940,-0.13124655
AT3G58950,0.005746812
AT3G58960,0.0010426027
AT3G58970,0.16461392
AT3G58975,0.0
AT3G58980,-0.11025046
AT3G58990,-0.4988754
AT3G59000,-0.084849134
AT3G59010,-0.3861025
AT3G59020,0.14180915
AT3G59030,-0.0030117494
AT3G59040,-0.13978279
AT3G59050,0.08820101
AT3G59060,-0.36646396
AT3G59070,0.012099363
AT3G59080,0.6935327
AT3G59090,0.09012295
AT3G59100,-0.22312203
AT3G59110,-0.19993366
AT3G59120,0.0015325305
AT3G59130,-0.003988476
AT3G59140,-0.01884555
AT3G59150,0.3829424
AT3G59160,0.0023983226
AT3G59170,4.298105e-05
AT3G59180,3.4532713e-05
AT3G59190,-0.0027631568
AT3G59200,0.022665815
AT3G59210,0.04044861
AT3G59220,-0.029682398
AT3G59230,-0.02342482
AT3G59240,0.00048693293
AT3G59245,0.0
AT3G59250,-0.09203114
AT3G59260,-0.008626626
AT3G59270,-0.0020633293
AT3G59280,0.23401432
AT3G59290,0.09506303
AT3G59295,0.0006784763
AT3G59300,0.23644702
AT3G59310,-0.2987612
AT3G59320,-0.13128501
AT3G59330,-0.18118595
AT3G59340,0.026907057
AT3G59350,-0.030651394
AT3G59360,0.1326533
AT3G59370,-0.053338625
AT3G59380,0.08459464
AT3G59390,-8.783088e-05
AT3G59400,-0.23590432
AT3G59410,0.031118333
AT3G59420,-0.24742143
AT3G59430,-0.028548777
AT3G59435,0.013859767
AT3G59440,0.020416027
AT3G59450,0.0075491355
AT3G59455,0.0001524091
AT3G59460,0.0024554473
AT3G59470,0.11902672
AT3G59480,-0.03092494
AT3G59490,-0.061572045
AT3G59500,0.1227814
AT3G59510,-0.0003336913
AT3G59520,-0.009423384
AT3G59530,0.04507566
AT3G59550,-0.018551331
AT3G59570,0.4283419
AT3G59580,-0.17379339
AT3G59590,0.0
AT3G59600,0.035134435
AT3G59610,0.008852038
AT3G59620,0.0026204505
AT3G59630,0.21516372
AT3G59640,0.4425299
AT3G59650,-0.05302378
AT3G59660,0.30360612
AT3G59670,0.09313267
AT3G59680,-0.007402817
AT3G59690,0.43953863
AT3G59700,0.7979382
AT3G59710,-0.11893499
AT3G59730,-0.0044244374
AT3G59740,0.021579212
AT3G59750,-0.3876795
AT3G59760,0.288444
AT3G59770,0.07941482
AT3G59780,-0.50898695
AT3G59790,-0.012535763
AT3G59800,-0.09518817
AT3G59810,0.19201627
AT3G59820,0.07949225
AT3G59830,-0.02500261
AT3G59840,0.04205211
AT3G59850,0.0113260355
AT3G59870,0.0265793
AT3G59880,-0.021157682
AT3G59890,-0.14302103
AT3G59900,0.010500348
AT3G59910,0.08073736
AT3G59920,0.34740883
AT3G59930,0.3330613
AT3G59940,0.029427482
AT3G59950,0.08196013
AT3G59960,0.0051562763
AT3G59970,-0.008741316
AT3G59980,-0.012438186
AT3G59990,0.05162531
AT3G60000,-0.017336637
AT3G60010,0.009958993
AT3G60020,0.013039454
AT3G60030,-0.11843976
AT3G60040,0.13469109
AT3G60050,-0.1937289
AT3G60060,0.00079767534
AT3G60070,-0.17990871
AT3G60080,-0.013594817
AT3G60090,-6.740971e-06
AT3G60100,-0.0075894124
AT3G60110,0.23634478
AT3G60120,1.5454421
AT3G60130,0.38942254
AT3G60140,2.299503
AT3G60150,0.21404141
AT3G60160,0.03172179
AT3G60180,0.11961894
AT3G60190,0.20528397
AT3G60200,0.13865094
AT3G60210,-0.110049106
AT3G60220,-0.19615223
AT3G60240,0.03932891
AT3G60245,0.038597666
AT3G60250,-0.013991276
AT3G60260,0.009524056
AT3G60270,0.014160469
AT3G60280,0.005888057
AT3G60286,-0.030576268
AT3G60290,-0.45135558
AT3G60300,0.08344168
AT3G60310,-0.1135689
AT3G60320,-0.2668841
AT3G60328,-0.00091784936
AT3G60330,-0.006396579
AT3G60340,0.07088554
AT3G60350,-0.007815521
AT3G60360,0.42514768
AT3G60370,-0.068119854
AT3G60380,-0.07836741
AT3G60390,-0.4157944
AT3G60400,-0.052784625
AT3G60410,0.047057655
AT3G60415,0.7042073
AT3G60420,0.05599669
AT3G60440,0.014349823
AT3G60450,0.43990207
AT3G60460,0.012252604
AT3G60470,0.29960394
AT3G60480,0.016917361
AT3G60490,0.05954892
AT3G60500,-0.0065500387
AT3G60510,0.16351734
AT3G60520,0.027909642
AT3G60530,-0.30292597
AT3G60540,0.29666087
AT3G60550,-0.019214746
AT3G60560,0.0
AT3G60570,0.0
AT3G60580,0.010752944
AT3G60590,0.09013293
AT3G60600,0.079582036
AT3G60620,-0.11734586
AT3G60630,-0.09567938
AT3G60640,0.1325879
AT3G60650,0.018434148
AT3G60660,-0.023958452
AT3G60670,0.1775801
AT3G60680,0.3421293
AT3G60690,0.33360085
AT3G60700,0.15647393
AT3G60710,0.019020867
AT3G60720,0.019231055
AT3G60730,0.0038399196
AT3G60740,-0.111094855
AT3G60750,-0.0073882057
AT3G60760,-9.294385e-05
AT3G60770,0.05159444
AT3G60780,0.008543333
AT3G60790,0.00282241
AT3G60800,0.1472873
AT3G60810,0.03606319
AT3G60820,0.13801245
AT3G60830,-0.04959905
AT3G60840,-0.19573867
AT3G60850,0.081052855
AT3G60860,0.10538119
AT3G60870,-0.0015127788
AT3G60880,-0.018019944
AT3G60890,0.0019575628
AT3G60900,-0.020812266
AT3G60910,-0.26765305
AT3G60920,0.02684225
AT3G60930,0.0
AT3G60940,-0.029105201
AT3G60950,-0.006153621
AT3G60960,0.038783666
AT3G60961,0.20655856
AT3G60966,1.0560671
AT3G60970,0.12663074
AT3G60975,0.0
AT3G60980,0.010382205
AT3G60990,0.0279026
AT3G61000,0.0
AT3G61020,0.0
AT3G61028,-0.0074291695
AT3G61030,-0.006234026
AT3G61035,0.0018118068
AT3G61040,-0.003965935
AT3G61050,-0.0403627
AT3G61060,-0.28282386
AT3G61070,0.2898033
AT3G61080,-0.24221802
AT3G61090,-0.023101656
AT3G61100,0.05061908
AT3G61110,0.07074578
AT3G61111,0.018806035
AT3G61113,0.02680831
AT3G61117,-0.00086657895
AT3G61120,-0.0090066185
AT3G61130,-0.1312021
AT3G61140,0.13189714
AT3G61150,-0.02335408
AT3G61160,0.20388447
AT3G61170,-0.012278803
AT3G61172,-9.624024e-06
AT3G61175,-0.0076709758
AT3G61177,0.011856845
AT3G61180,0.08493967
AT3G61182,0.036833674
AT3G61190,0.38190523
AT3G61200,0.30216646
AT3G61210,-0.20736657
AT3G61220,-0.044022992
AT3G61230,0.0079967845
AT3G61240,0.02777872
AT3G61250,-0.020746645
AT3G61260,-0.13735856
AT3G61270,0.0722397
AT3G61280,0.66781336
AT3G61290,8.952025e-05
AT3G61300,0.02733339
AT3G61310,-0.20001389
AT3G61320,-0.022521695
AT3G61340,0.082596935
AT3G61350,0.027326455
AT3G61360,-0.13243869
AT3G61370,-0.046481475
AT3G61380,-0.13706893
AT3G61390,1.7933221
AT3G61400,0.039446536
AT3G61410,0.015387172
AT3G61415,-0.019544214
AT3G61420,-0.041605487
AT3G61430,-0.019080378
AT3G61440,0.10098892
AT3G61450,0.055226
AT3G61460,0.048934467
AT3G61470,-0.7966701
AT3G61480,0.037014417
AT3G61490,0.54232514
AT3G61500,0.00016064828
AT3G61510,-0.07183985
AT3G61520,-0.17059389
AT3G61530,0.20433296
AT3G61540,0.08120858
AT3G61550,-0.13290647
AT3G61560,-0.014894623
AT3G61570,0.007805787
AT3G61571,0.0013523819
AT3G61580,-0.08023248
AT3G61590,-0.012386363
AT3G61600,0.0060253474
AT3G61610,-0.11606633
AT3G61620,0.161468
AT3G61630,0.1147787
AT3G61640,-0.052316014
AT3G61650,-0.12130287
AT3G61660,-0.0041655917
AT3G61670,-0.5541141
AT3G61680,-0.04542677
AT3G61690,0.066476315
AT3G61700,-0.10847328
AT3G61710,0.0035876548
AT3G61720,0.0010885447
AT3G61723,0.0
AT3G61730,-0.034238696
AT3G61740,-0.021735245
AT3G61750,-0.1401479
AT3G61760,0.09421306
AT3G61770,0.094357096
AT3G61780,-0.11077978
AT3G61790,0.2356733
AT3G61800,-0.02423056
AT3G61810,-0.04375972
AT3G61820,-0.13577619
AT3G61826,0.0
AT3G61829,-0.00021344375
AT3G61830,-0.50067055
AT3G61840,-0.019921687
AT3G61850,-0.04583165
AT3G61860,0.20848393
AT3G61870,-0.36611104
AT3G61880,-0.036077403
AT3G61890,0.19314758
AT3G61898,-0.07808953
AT3G61900,0.07645877
AT3G61910,0.004703949
AT3G61920,-0.0036379998
AT3G61930,1.4752247
AT3G61940,0.00017125778
AT3G61950,-0.22116059
AT3G61960,0.14439803
AT3G61962,0.0
AT3G61970,-0.13997805
AT3G61980,0.5085841
AT3G61990,0.23840491
AT3G62000,-0.0745793
AT3G62010,-0.00055772974
AT3G62020,-0.018595776
AT3G62030,-0.2498171
AT3G62040,-0.023650084
AT3G62050,-0.09176936
AT3G62060,-0.2767284
AT3G62070,-0.49828532
AT3G62080,-0.08199508
AT3G62090,0.18116422
AT3G62100,-0.07661257
AT3G62110,-0.055888887
AT3G62120,-0.020285718
AT3G62130,0.0601635
AT3G62140,-0.0292327
AT3G62150,0.2519138
AT3G62160,0.042618867
AT3G62170,-3.1651412e-05
AT3G62180,0.0022953616
AT3G62190,-0.010251818
AT3G62200,-0.051052973
AT3G62210,-0.006368557
AT3G62220,-0.06206366
AT3G62230,-0.002760983
AT3G62240,0.22012752
AT3G62250,0.027809655
AT3G62260,1.1361214
AT3G62270,0.001573738
AT3G62280,0.09320099
AT3G62290,0.06511245
AT3G62300,-0.08470484
AT3G62310,0.04513334
AT3G62320,0.008503663
AT3G62330,0.09399549
AT3G62340,0.0014846466
AT3G62350,0.0005623094
AT3G62360,0.07312931
AT3G62370,0.16585115
AT3G62380,-0.003305503
AT3G62390,-0.4175415
AT3G62400,0.27259254
AT3G62410,-0.076788865
AT3G62420,0.05722786
AT3G62430,-0.0071124523
AT3G62440,0.0004328826
AT3G62450,0.07459148
AT3G62460,0.14678282
AT3G62470,-0.14801513
AT3G62499,-0.080856726
AT3G62500,-0.20945692
AT3G62510,0.015832387
AT3G62528,0.00046207022
AT3G62530,-0.058650475
AT3G62540,-0.13415696
AT3G62550,0.031361375
AT3G62560,0.14603774
AT3G62570,-0.109668784
AT3G62580,0.2790253
AT3G62590,0.69177026
AT3G62600,0.42916074
AT3G62610,0.014717903
AT3G62615,0.0
AT3G62620,-0.050742634
AT3G62630,-0.38874787
AT3G62640,0.01147512
AT3G62650,0.070811406
AT3G62660,-0.3581513
AT3G62670,-0.00010946312
AT3G62680,-0.0029645078
AT3G62690,-0.20390931
AT3G62695,-0.00045714516
AT3G62700,-0.06556486
AT3G62710,0.001140935
AT3G62720,0.18925664
AT3G62730,0.019132975
AT3G62740,-0.028521422
AT3G62750,-0.20898242
AT3G62760,-0.03599222
AT3G62770,0.7702272
AT3G62780,0.41988394
AT3G62790,0.18710406
AT3G62800,0.15478782
AT3G62810,0.16285935
AT3G62820,-0.09215586
AT3G62830,0.22404847
AT3G62850,-0.00683991
AT3G62860,-0.020349417
AT3G62870,0.02208584
AT3G62880,0.019323098
AT3G62890,0.13402905
AT3G62900,0.026218073
AT3G62910,-0.07064018
AT3G62920,0.16037108
AT3G62930,-0.24623853
AT3G62940,-0.0068295235
AT3G62950,-0.29179138
AT3G62960,-0.08976797
AT3G62970,-0.07096492
AT3G62980,0.008498313
AT3G62990,0.02113245
AT3G63000,0.17738551
AT3G63010,0.41314504
AT3G63020,-0.00015857676
AT3G63030,0.3114593
AT3G63040,0.00048013125
AT3G63050,0.2727007
AT3G63052,0.04551548
AT3G63060,0.64102113
AT3G63070,0.026720049
AT3G63080,0.1936126
AT3G63088,-0.03462772
AT3G63090,0.07184342
AT3G63093,-0.02757777
AT3G63095,-0.016904887
AT3G63110,-0.35468668
AT3G63120,-0.1148482
AT3G63130,-0.07921524
AT3G63140,-0.9645748
AT3G63150,0.26058057
AT3G63160,0.018455144
AT3G63170,-0.15835698
AT3G63180,-0.055384498
AT3G63190,-0.2701239
AT3G63200,-0.1713498
AT3G63210,-0.0082139205
AT3G63215,0.0062219407
AT3G63220,0.22581577
AT3G63230,0.00037018958
AT3G63240,0.043141082
AT3G63250,-0.042688593
AT3G63255,0.0032166948
AT3G63260,0.097652495
AT3G63270,0.106992535
AT3G63280,0.3178729
AT3G63290,-0.030249974
AT3G63300,-0.11297569
AT3G63310,0.30254176
AT3G63320,0.020772552
AT3G63330,0.0
AT3G63340,0.035411507
AT3G63350,0.004638848
AT3G63360,0.011381241
AT3G63370,-0.32334724
AT3G63380,1.7502658
AT3G63390,0.10345995
AT3G63400,0.17741098
AT3G63410,-0.39518684
AT3G63420,0.13874547
AT3G63430,-0.05854361
AT3G63440,-0.47198224
AT3G63450,-0.49007922
AT3G63460,0.16248265
AT3G63470,-0.01057762
AT3G63480,-0.03874392
AT3G63490,-0.19596635
AT3G63500,-0.04082579
AT3G63510,-0.20206463
AT3G63520,-0.09800903
AT3G63530,-0.26270577
AT3G63540,-0.09472785
AT3G63550,0.0
AT3G66652,-0.040120125
AT3G66654,0.23835595
AT3G66656,0.00033607904
AT3G66658,-0.033389404
AT4G00005,4.42649e-05
AT4G00020,-0.041585796
AT4G00026,0.23555183
AT4G00030,-0.036860898
AT4G00040,0.05800376
AT4G00050,-0.23068893
AT4G00060,0.021159424
AT4G00070,-0.013606628
AT4G00080,0.008813573
AT4G00090,0.2212489
AT4G00100,0.013488165
AT4G00110,0.050745603
AT4G00120,0.0012294609
AT4G00130,0.007070002
AT4G00140,0.2933751
AT4G00150,-0.21604435
AT4G00155,0.00016159462
AT4G00160,-0.0015119795
AT4G00163,-0.010942556
AT4G00165,0.21586078
AT4G00170,0.20946985
AT4G00180,-0.25308716
AT4G00190,0.002978081
AT4G00200,0.30363023
AT4G00210,0.008002353
AT4G00220,0.0076743714
AT4G00230,0.117938645
AT4G00231,-0.03723643
AT4G00232,0.0018137555
AT4G00234,0.0008250946
AT4G00238,0.0014264444
AT4G00240,0.375123
AT4G00250,0.039027825
AT4G00260,7.630976e-05
AT4G00270,0.019540913
AT4G00280,-0.00014884637
AT4G00290,0.48084006
AT4G00295,0.0120194955
AT4G00300,-0.060832053
AT4G00305,0.16231775
AT4G00310,-0.14150178
AT4G00315,-0.00015450061
AT4G00320,1.9366755e-05
AT4G00330,0.035310462
AT4G00335,-0.045267526
AT4G00340,-0.06905704
AT4G00342,0.0
AT4G00350,-0.008901536
AT4G00355,0.34071034
AT4G00360,-0.3819526
AT4G00370,-0.024840586
AT4G00380,-0.5521234
AT4G00390,0.0135848
AT4G00400,-0.33002865
AT4G00416,0.0010038862
AT4G00420,-0.006168738
AT4G00430,0.31503537
AT4G00440,-0.032594196
AT4G00450,0.105239674
AT4G00460,-0.11575424
AT4G00467,0.0011636856
AT4G00480,-0.0953926
AT4G00490,-0.23941278
AT4G00500,0.119599625
AT4G00520,-0.07769002
AT4G00525,-0.028586667
AT4G00530,-0.0070828637
AT4G00540,0.018230159
AT4G00550,0.18719727
AT4G00560,-0.2848363
AT4G00570,0.087425634
AT4G00580,0.017211555
AT4G00585,0.17402118
AT4G00590,0.08875081
AT4G00600,-4.0751223e-05
AT4G00610,-0.0005728115
AT4G00620,0.053947065
AT4G00630,0.033005137
AT4G00650,-0.03780896
AT4G00651,-0.0152335055
AT4G00660,0.13054222
AT4G00670,-0.25490764
AT4G00680,0.025014773
AT4G00690,-0.15621676
AT4G00695,0.016419174
AT4G00700,0.49485606
AT4G00710,-0.021186497
AT4G00720,0.0026242703
AT4G00730,-0.1979763
AT4G00740,-0.034590546
AT4G00750,0.009416689
AT4G00752,0.015456996
AT4G00755,-0.011394213
AT4G00760,-0.0922578
AT4G00770,0.0026482176
AT4G00780,-0.040543642
AT4G00800,-0.01860777
AT4G00810,0.032465223
AT4G00820,-0.36527997
AT4G00830,0.017426232
AT4G00840,0.16623907
AT4G00850,0.09871959
AT4G00860,0.26675728
AT4G00870,-0.22277969
AT4G00872,-0.006007037
AT4G00880,-0.15185188
AT4G00883,-0.0016430719
AT4G00889,-0.0030667335
AT4G00890,-0.17835522
AT4G00893,0.005843231
AT4G00895,0.02404695
AT4G00900,0.62730235
AT4G00905,-0.031977918
AT4G00910,0.09416734
AT4G00920,0.01033469
AT4G00925,0.0022376394
AT4G00930,0.039956752
AT4G00940,0.046766765
AT4G00950,-0.47815415
AT4G00953,-0.00605208
AT4G00955,0.12908523
AT4G00960,-0.08215284
AT4G00970,0.07776378
AT4G00980,-0.083870195
AT4G00990,-0.03282391
AT4G01000,-0.03498476
AT4G01010,0.44346085
AT4G01020,-0.030407878
AT4G01023,0.012568944
AT4G01026,-0.03696869
AT4G01030,-0.22035141
AT4G01037,0.016543789
AT4G01040,-0.15017197
AT4G01050,-0.28321418
AT4G01060,-0.04891379
AT4G01070,0.3237068
AT4G01080,-0.061693847
AT4G01090,0.011605168
AT4G01100,0.005964676
AT4G01110,-0.057549033
AT4G01120,-0.068832815
AT4G01130,-0.11442957
AT4G01140,-0.045742605
AT4G01150,-0.24609081
AT4G01160,0.00013866692
AT4G01170,0.00080900127
AT4G01180,0.016258394
AT4G01190,-0.10218555
AT4G01200,0.11422367
AT4G01210,-0.0150113795
AT4G01220,0.00037518423
AT4G01230,-0.03442041
AT4G01240,-0.0012102441
AT4G01245,5.4835808e-05
AT4G01250,0.13919985
AT4G01260,0.0006419818
AT4G01270,-0.02065676
AT4G01280,-0.0035639156
AT4G01290,0.05277105
AT4G01310,-0.3616555
AT4G01320,0.30707237
AT4G01330,-0.3768549
AT4G01335,-0.14519516
AT4G01340,0.001143915
AT4G01350,0.0069616553
AT4G01360,0.2918001
AT4G01370,0.21368323
AT4G01380,0.003675091
AT4G01390,-1.0594014
AT4G01395,0.11201097
AT4G01400,-0.12989612
AT4G01410,0.030142672
AT4G01420,0.11390379
AT4G01430,1.0498698
AT4G01435,-0.016637
AT4G01440,0.094788246
AT4G01450,-0.22074045
AT4G01460,-0.5049119
AT4G01470,0.006417337
AT4G01480,0.051126685
AT4G01500,-0.0018324854
AT4G01510,-0.033095025
AT4G01516,0.0
AT4G01520,0.0001943928
AT4G01535,0.002148525
AT4G01540,0.6658541
AT4G01550,0.039088722
AT4G01560,0.1421014
AT4G01570,-0.07774606
AT4G01575,-0.036214612
AT4G01580,-0.19838813
AT4G01590,-0.0327611
AT4G01595,-0.012076109
AT4G01600,0.10501468
AT4G01610,0.25074777
AT4G01630,0.025573649
AT4G01640,0.00038700658
AT4G01650,0.07241972
AT4G01660,0.19892131
AT4G01670,-0.11086016
AT4G01671,4.376004e-05
AT4G01680,-0.028618457
AT4G01690,-0.15817495
AT4G01700,0.5441029
AT4G01703,0.0
AT4G01710,0.044592287
AT4G01720,0.062167447
AT4G01730,-0.04890776
AT4G01735,-0.004827813
AT4G01740,-0.024840675
AT4G01750,0.09584165
AT4G01760,1.1431286e-05
AT4G01770,-0.0019340321
AT4G01780,0.0001496033
AT4G01790,0.13152722
AT4G01800,-0.24391945
AT4G01810,0.09400253
AT4G01820,-0.03613181
AT4G01830,-0.007574916
AT4G01840,-0.005972894
AT4G01850,0.25564232
AT4G01860,-0.0048946277
AT4G01870,1.8140875
AT4G01880,-0.01108887
AT4G01883,-0.67314905
AT4G01890,0.0045545464
AT4G01895,0.6772095
AT4G01897,-0.08930113
AT4G01900,-0.16902402
AT4G01910,0.32256725
AT4G01915,-0.27834603
AT4G01920,0.30650234
AT4G01925,0.07185753
AT4G01930,0.01770554
AT4G01935,-0.008219342
AT4G01940,0.076530665
AT4G01950,-0.0734919
AT4G01960,0.14475256
AT4G01970,-0.006509537
AT4G01985,0.23723978
AT4G01990,-0.0024541887
AT4G01995,-0.21208113
AT4G02000,0.034947183
AT4G02010,-0.12314944
AT4G02020,0.02242849
AT4G02030,0.03179792
AT4G02040,0.012074353
AT4G02050,0.07969534
AT4G02060,-0.037878104
AT4G02070,-0.026832944
AT4G02075,-0.12188148
AT4G02080,0.22720328
AT4G02090,-0.012423684
AT4G02100,-0.15661082
AT4G02110,0.036393497
AT4G02120,0.08313006
AT4G02130,-0.030343989
AT4G02140,-0.06897885
AT4G02150,0.13806087
AT4G02160,0.0017042281
AT4G02170,-0.014119812
AT4G02180,-0.0047998778
AT4G02190,0.0010753877
AT4G02195,0.13156489
AT4G02200,-0.5543675
AT4G02210,-0.051698595
AT4G02220,0.29679838
AT4G02230,0.021946294
AT4G02235,-0.00062007824
AT4G02250,0.00039895737
AT4G02260,-0.116070755
AT4G02270,0.029829826
AT4G02280,0.5067036
AT4G02290,-0.43199247
AT4G02300,-0.0006294207
AT4G02310,-0.00055823993
AT4G02320,0.056163058
AT4G02330,0.22051036
AT4G02340,0.15263215
AT4G02350,0.2467682
AT4G02360,0.13218743
AT4G02370,0.36854365
AT4G02380,0.885454
AT4G02390,-0.04624347
AT4G02400,-0.046192765
AT4G02405,0.15476078
AT4G02410,0.058553107
AT4G02420,-0.07590119
AT4G02425,-0.060598217
AT4G02430,0.018131847
AT4G02440,0.057940405
AT4G02450,0.033666592
AT4G02460,-0.046300147
AT4G02465,0.00286547
AT4G02470,0.0
AT4G02482,-0.2026462
AT4G02485,-0.021657966
AT4G02489,0.0
AT4G02500,-0.09223821
AT4G02510,-0.109278955
AT4G02520,0.90763104
AT4G02530,-0.25469333
AT4G02540,-0.06872685
AT4G02541,0.00018675039
AT4G02550,0.48237035
AT4G02560,-0.0039577167
AT4G02570,0.11051994
AT4G02580,0.15729208
AT4G02590,0.057719365
AT4G02600,-0.015165933
AT4G02610,-0.1751561
AT4G02620,0.24898113
AT4G02630,-0.3354702
AT4G02640,0.02840664
AT4G02650,0.10448529
AT4G02655,0.0036899066
AT4G02660,0.27679762
AT4G02670,-0.16241099
AT4G02680,-0.07259973
AT4G02690,0.0036734245
AT4G02700,0.06598997
AT4G02710,0.054176606
AT4G02715,-0.07285492
AT4G02720,-0.025122296
AT4G02725,-0.042193655
AT4G02730,0.3964927
AT4G02733,-0.0013407836
AT4G02735,0.0036844835
AT4G02740,0.15290627
AT4G02750,0.0064143604
AT4G02760,0.10173776
AT4G02770,-0.44151014
AT4G02780,-0.18302663
AT4G02790,-0.033296194
AT4G02800,-0.06329531
AT4G02810,-0.120693445
AT4G02820,-0.11705838
AT4G02830,-0.0061956653
AT4G02840,0.08715039
AT4G02850,-0.23790772
AT4G02860,0.3008708
AT4G02870,0.0027330501
AT4G02880,0.5245482
AT4G02890,0.14481828
AT4G02900,-0.14869426
AT4G02910,0.00027863437
AT4G02920,-0.24049379
AT4G02930,0.2683858
AT4G02940,0.46142843
AT4G02960,0.0
AT4G02970,0.0049490156
AT4G02980,0.02364838
AT4G02990,-0.039163157
AT4G03000,0.042429388
AT4G03010,-0.13916709
AT4G03020,0.2448829
AT4G03030,0.15971716
AT4G03040,0.008710328
AT4G03050,0.00056125753
AT4G03060,0.0
AT4G03070,-0.21697861
AT4G03080,0.15361322
AT4G03090,-0.08971692
AT4G03100,-0.041175254
AT4G03110,-0.12209808
AT4G03113,0.0007513959
AT4G03115,-0.035268564
AT4G03120,0.1584441
AT4G03130,0.019154567
AT4G03140,-0.0030258773
AT4G03150,0.16026504
AT4G03153,8.672843e-05
AT4G03156,0.00041769107
AT4G03157,-0.005264088
AT4G03160,0.0
AT4G03165,0.0
AT4G03170,-0.000103157356
AT4G03175,0.00031929687
AT4G03180,0.10588325
AT4G03190,-0.23798172
AT4G03200,0.21297571
AT4G03205,-0.25004816
AT4G03210,-0.69236565
AT4G03220,0.0018879815
AT4G03230,0.019029934
AT4G03240,0.17147698
AT4G03250,-0.043179218
AT4G03260,0.032248747
AT4G03270,-0.03946354
AT4G03280,-0.24850708
AT4G03290,-0.002609012
AT4G03292,-0.0005134561
AT4G03298,-0.004475401
AT4G03320,1.22391
AT4G03330,-0.05653368
AT4G03340,0.019703275
AT4G03350,-4.8424343e-05
AT4G03360,0.041680094
AT4G03370,8.672843e-05
AT4G03380,-0.004541022
AT4G03390,-0.006466102
AT4G03400,0.38612983
AT4G03410,0.2845334
AT4G03415,-0.058564313
AT4G03420,0.29923007
AT4G03430,0.026523333
AT4G03440,-0.14747742
AT4G03443,-0.0032875387
AT4G03450,0.33313403
AT4G03460,0.5277058
AT4G03470,0.010400869
AT4G03480,0.06632992
AT4G03490,0.039365273
AT4G03495,0.0075651105
AT4G03500,0.10812114
AT4G03505,-0.0018912024
AT4G03510,0.030606773
AT4G03520,-0.05690787
AT4G03540,0.30786008
AT4G03550,-0.021491356
AT4G03560,-0.09037118
AT4G03565,0.00016913295
AT4G03566,0.00031917545
AT4G03570,-9.082441e-05
AT4G03580,0.0039983746
AT4G03590,0.0
AT4G03600,-0.009070825
AT4G03610,-0.050461255
AT4G03620,0.0050109355
AT4G03625,4.770866e-05
AT4G03630,0.00010750043
AT4G03635,0.026046872
AT4G03645,-0.0019685228
AT4G03728,0.0
AT4G03740,0.00016260246
AT4G03820,0.3532108
AT4G03830,0.0
AT4G03930,0.0029275133
AT4G03940,-0.05529286
AT4G03945,0.02712012
AT4G03950,0.011360562
AT4G03960,0.29718387
AT4G03965,-0.00046700216
AT4G04020,-0.038320545
AT4G04025,0.0010608496
AT4G04030,0.003707858
AT4G04040,-0.14054663
AT4G04078,0.0
AT4G04080,0.0
AT4G04090,0.041768145
AT4G04110,0.00029223715
AT4G04180,0.046947718
AT4G04190,-0.005287179
AT4G04200,-0.02916697
AT4G04210,0.19799586
AT4G04220,0.08698887
AT4G04260,0.029265152
AT4G04265,-0.03165132
AT4G04320,0.31581077
AT4G04330,0.021834273
AT4G04340,-0.3600727
AT4G04350,-0.14434686
AT4G04360,-0.071627535
AT4G04370,-0.10524291
AT4G04402,0.00029271934
AT4G04404,0.0
AT4G04415,0.0011281812
AT4G04423,0.018851716
AT4G04430,0.0
AT4G04450,-0.03372661
AT4G04460,-0.41836798
AT4G04470,0.20837931
AT4G04480,0.11077405
AT4G04490,1.2230406
AT4G04500,0.34763408
AT4G04510,0.28241596
AT4G04540,0.7560235
AT4G04555,0.0
AT4G04570,-0.4091645
AT4G04580,0.003136696
AT4G04601,0.00081186666
AT4G04605,0.009980761
AT4G04610,0.12128177
AT4G04614,-0.031906024
AT4G04620,0.3590152
AT4G04630,-0.37484077
AT4G04632,0.0
AT4G04640,-0.13235532
AT4G04650,0.0
AT4G04670,0.022282626
AT4G04680,0.008416029
AT4G04690,-0.0054807873
AT4G04695,0.59266466
AT4G04700,-0.18108147
AT4G04710,0.03931797
AT4G04720,0.13922541
AT4G04730,0.0020739965
AT4G04740,0.006019991
AT4G04745,-0.04862064
AT4G04750,-0.4872539
AT4G04760,0.0072213197
AT4G04770,0.009566423
AT4G04775,6.0630402e-05
AT4G04780,0.009246757
AT4G04790,0.05469625
AT4G04800,0.41988122
AT4G04810,-0.085727975
AT4G04830,-0.169232
AT4G04840,-0.43523636
AT4G04850,-0.24839528
AT4G04860,0.062408585
AT4G04870,0.108882785
AT4G04880,0.07561738
AT4G04885,0.0901398
AT4G04890,-0.106804416
AT4G04900,0.016551202
AT4G04910,0.17823409
AT4G04920,0.22108512
AT4G04925,0.114613645
AT4G04930,0.00075552944
AT4G04940,0.16772033
AT4G04950,-0.0028448198
AT4G04955,-0.56424344
AT4G04957,0.0
AT4G04960,0.075897425
AT4G04970,0.015747402
AT4G04972,0.1230559
AT4G04980,0.0023250834
AT4G04985,0.0003620572
AT4G04990,0.019294625
AT4G05000,0.04309477
AT4G05010,-0.00678889
AT4G05018,0.027217535
AT4G05020,0.43937266
AT4G05030,0.15912864
AT4G05040,-0.06416421
AT4G05050,0.29528597
AT4G05060,0.03650359
AT4G05070,-0.0022585017
AT4G05071,0.010318048
AT4G05080,0.0
AT4G05090,-0.24040602
AT4G05091,-0.00066342496
AT4G05095,0.0005689432
AT4G05097,-0.00030466192
AT4G05100,1.2277334
AT4G05110,-0.24153821
AT4G05120,-0.055944115
AT4G05130,-0.18129852
AT4G05140,0.00013091903
AT4G05150,0.07469276
AT4G05160,0.21460769
AT4G05170,-0.37945822
AT4G05180,-0.5823089
AT4G05190,-0.13945405
AT4G05200,0.016910551
AT4G05210,-0.074082
AT4G05220,-0.022083798
AT4G05230,2.1602043e-05
AT4G05240,4.4504726e-05
AT4G05250,0.0
AT4G05260,0.0
AT4G05270,0.0
AT4G05310,-4.556018e-05
AT4G05320,0.19780189
AT4G05330,-0.15558183
AT4G05340,0.0
AT4G05350,0.0005299871
AT4G05360,0.0016600896
AT4G05380,-0.01031196
AT4G05390,0.2820299
AT4G05400,-0.07789708
AT4G05410,0.078509934
AT4G05420,-0.03173297
AT4G05430,-0.02759127
AT4G05440,0.09840273
AT4G05450,0.071291454
AT4G05460,0.15745567
AT4G05470,-0.004609142
AT4G05475,-0.018275369
AT4G05490,0.037029415
AT4G05497,0.48430726
AT4G05500,0.0
AT4G05520,-0.09119943
AT4G05523,0.0004735464
AT4G05530,0.13067336
AT4G05540,0.012686167
AT4G05553,0.0
AT4G05555,0.0
AT4G05590,0.16715711
AT4G05612,0.0
AT4G05620,-1.965007e-05
AT4G05630,3.8374917e-05
AT4G05631,0.0007793432
AT4G05632,0.0
AT4G06479,-0.0069208983
AT4G06490,0.0
AT4G06526,0.0
AT4G06534,-0.23787937
AT4G06536,-0.17012237
AT4G06583,-0.049220275
AT4G06598,-0.075620614
AT4G06599,0.01846868
AT4G06634,0.100539416
AT4G06639,0.0
AT4G06643,0.002542947
AT4G06655,-0.008839786
AT4G06676,0.15836373
AT4G06688,0.0
AT4G06744,0.59307605
AT4G06746,0.65357625
AT4G07325,0.0
AT4G07350,0.0010761527
AT4G07380,0.0
AT4G07390,0.375799
AT4G07400,-0.04532558
AT4G07408,0.3706073
AT4G07410,0.036513165
AT4G07445,2.6038504e-05
AT4G07455,-0.23271555
AT4G07515,0.0
AT4G07524,-9.476411e-05
AT4G07526,0.00079328305
AT4G07666,3.778474e-05
AT4G07670,0.0020238638
AT4G07675,0.0016946978
AT4G07740,0.0
AT4G07820,0.1699438
AT4G07825,-0.014158413
AT4G07835,8.776493e-05
AT4G07868,0.0003032095
AT4G07932,0.0
AT4G07940,0.014410809
AT4G07950,0.1314715
AT4G07960,-0.23226506
AT4G07965,0.0008568077
AT4G07990,0.026279798
AT4G07995,-0.067837164
AT4G08025,0.0
AT4G08028,0.0
AT4G08039,-3.3941745e-11
AT4G08040,0.0030400164
AT4G08097,0.0
AT4G08140,5.549395e-05
AT4G08150,0.035021886
AT4G08160,-0.044305675
AT4G08170,0.035808887
AT4G08180,0.35963815
AT4G08190,0.00018759201
AT4G08210,-0.045061026
AT4G08230,0.19151847
AT4G08240,-0.019807344
AT4G08250,0.013451372
AT4G08260,0.00016211664
AT4G08263,0.00013115813
AT4G08267,0.0
AT4G08270,0.0
AT4G08280,-0.022666495
AT4G08290,0.30271333
AT4G08300,-0.06221645
AT4G08310,-0.0067734085
AT4G08320,0.2202107
AT4G08330,0.029744297
AT4G08350,0.11337317
AT4G08360,0.003576852
AT4G08370,-4.69201e-05
AT4G08380,0.0023593924
AT4G08390,0.5486508
AT4G08395,0.00014279505
AT4G08400,0.013927419
AT4G08406,0.0
AT4G08410,0.009383548
AT4G08430,0.00025023
AT4G08450,0.023363411
AT4G08455,0.07881808
AT4G08460,0.1453131
AT4G08470,0.34673968
AT4G08480,0.08790121
AT4G08485,0.0
AT4G08500,0.046812586
AT4G08510,0.11895908
AT4G08520,-0.0061345054
AT4G08530,0.0
AT4G08535,-0.007219527
AT4G08540,0.049920127
AT4G08545,0.00030540317
AT4G08550,0.0023270245
AT4G08555,0.45067585
AT4G08558,0.0
AT4G08560,0.0
AT4G08570,0.0013760249
AT4G08580,0.008063908
AT4G08590,-0.17236067
AT4G08593,-0.00015066481
AT4G08620,0.016731482
AT4G08630,2.1602043e-05
AT4G08640,0.0
AT4G08670,-0.000114104674
AT4G08685,-0.3943761
AT4G08690,0.05404202
AT4G08691,0.00020558314
AT4G08700,-0.09882568
AT4G08730,0.00038941237
AT4G08740,-0.00013341662
AT4G08760,0.003978977
AT4G08770,1.937513
AT4G08780,0.55419457
AT4G08790,0.033110842
AT4G08800,5.1806066e-05
AT4G08810,-0.07992456
AT4G08840,-4.5520675e-05
AT4G08850,0.23511098
AT4G08867,-0.00028840886
AT4G08868,-0.0013800573
AT4G08869,0.005174214
AT4G08870,0.22124298
AT4G08874,-0.019157551
AT4G08875,0.00048356105
AT4G08876,0.00011148388
AT4G08878,0.006009404
AT4G08895,0.0
AT4G08900,0.06485521
AT4G08910,-0.021087015
AT4G08920,-0.10488351
AT4G08930,-0.002355541
AT4G08940,0.0015582675
AT4G08950,0.1871358
AT4G08960,0.15428372
AT4G08980,0.10223749
AT4G08990,0.007849357
AT4G09000,-0.17252868
AT4G09010,-0.96191514
AT4G09012,-0.06981299
AT4G09020,-0.07032223
AT4G09030,0.042652126
AT4G09035,0.006468713
AT4G09040,-0.18201528
AT4G09060,0.0014487221
AT4G09070,-1.2186576e-06
AT4G09080,0.055790186
AT4G09090,7.8695564e-05
AT4G09100,0.13544138
AT4G09110,0.0053539886
AT4G09120,0.003622231
AT4G09130,0.008270366
AT4G09140,-0.025529262
AT4G09150,-0.008197648
AT4G09153,0.00044911564
AT4G09160,-0.3809322
AT4G09170,0.0047567966
AT4G09180,-0.010036857
AT4G09190,9.263771e-05
AT4G09200,0.094771065
AT4G09210,0.0019773932
AT4G09260,0.0047411644
AT4G09300,0.32872283
AT4G09320,0.09447487
AT4G09330,0.0
AT4G09350,-0.19885522
AT4G09360,0.00047392093
AT4G09420,0.20011686
AT4G09430,-0.124054864
AT4G09435,-0.034111474
AT4G09440,0.0
AT4G09450,5.5785724e-05
AT4G09460,0.027398873
AT4G09462,0.0
AT4G09464,0.0
AT4G09465,0.0
AT4G09466,0.0
AT4G09490,0.15088588
AT4G09500,-0.07203892
AT4G09510,0.033942875
AT4G09520,-0.021655044
AT4G09530,-0.0046826373
AT4G09545,0.0
AT4G09550,-0.05571612
AT4G09560,0.050678656
AT4G09570,0.1582692
AT4G09580,0.177587
AT4G09585,0.0
AT4G09589,0.001199713
AT4G09590,0.0030515776
AT4G09600,0.0035006194
AT4G09610,-0.0021154322
AT4G09620,-0.114187986
AT4G09630,-0.030667897
AT4G09640,-0.30357778
AT4G09647,0.0
AT4G09649,0.002844297
AT4G09650,-0.43064234
AT4G09660,0.00019024481
AT4G09670,-0.016284898
AT4G09680,-0.041321985
AT4G09690,0.004062451
AT4G09720,-0.0032322921
AT4G09730,-0.10922553
AT4G09731,0.0012068868
AT4G09740,0.00028756374
AT4G09750,0.53180397
AT4G09760,0.116754
AT4G09770,0.09714998
AT4G09775,0.0
AT4G09780,0.0019508313
AT4G09784,0.00012122411
AT4G09790,0.0
AT4G09795,0.0
AT4G09810,-0.10398425
AT4G09820,0.11857619
AT4G09830,0.083215974
AT4G09840,0.02601136
AT4G09850,0.0016370461
AT4G09860,0.0
AT4G09870,8.269743e-05
AT4G09880,-0.01709356
AT4G09890,-0.4189275
AT4G09900,-0.092806466
AT4G09920,-0.28174388
AT4G09930,-0.00023332908
AT4G09940,0.000989622
AT4G09950,-0.0886398
AT4G09960,5.1361043e-05
AT4G09965,-0.0011110891
AT4G09970,-0.04403803
AT4G09980,-0.023257926
AT4G09984,0.0
AT4G09990,-0.000571012
AT4G10000,-0.10475142
AT4G10010,-0.0017511647
AT4G10020,-0.04046947
AT4G10030,-0.057653613
AT4G10040,1.0580328
AT4G10050,-0.011665171
AT4G10060,0.015250292
AT4G10070,0.12446553
AT4G10080,-0.018425591
AT4G10090,0.052337077
AT4G10100,0.1732411
AT4G10110,0.11556364
AT4G10115,0.00022462636
AT4G10120,-0.42246404
AT4G10130,0.08964981
AT4G10140,0.10362727
AT4G10150,-0.3445732
AT4G10160,-0.0973255
AT4G10170,-0.042650543
AT4G10180,0.0507194
AT4G10190,3.7062644e-05
AT4G10200,0.007425556
AT4G10210,0.0
AT4G10220,-0.00014787744
AT4G10230,0.012971466
AT4G10240,0.0007649295
AT4G10250,0.10317189
AT4G10260,0.001440975
AT4G10265,0.015837105
AT4G10270,0.042454317
AT4G10280,-0.021432955
AT4G10300,-0.31140473
AT4G10305,0.00031935406
AT4G10310,-0.3157312
AT4G10320,0.055091422
AT4G10330,0.08051995
AT4G10340,-0.46140954
AT4G10350,0.0014523428
AT4G10360,-0.0046257027
AT4G10370,0.0068288203
AT4G10380,0.08923317
AT4G10390,0.059103686
AT4G10400,-0.15728691
AT4G10410,0.0006774646
AT4G10420,-0.06331499
AT4G10430,0.015546692
AT4G10440,-0.0013193391
AT4G10450,0.0046022013
AT4G10457,0.0
AT4G10465,-0.0005483608
AT4G10470,-0.11480785
AT4G10480,-0.013466139
AT4G10490,-0.001640866
AT4G10500,0.63019186
AT4G10510,0.03273408
AT4G10520,0.0032725257
AT4G10530,0.007265868
AT4G10540,0.0049909814
AT4G10550,-0.026849728
AT4G10560,-0.014826985
AT4G10570,0.19135787
AT4G10590,0.31011206
AT4G10595,0.0
AT4G10600,-0.3421809
AT4G10603,0.0
AT4G10610,0.22563809
AT4G10613,0.0002391136
AT4G10620,0.0025930838
AT4G10630,-0.01494607
AT4G10640,0.015069579
AT4G10650,0.008489627
AT4G10660,0.0
AT4G10670,0.00012386462
AT4G10680,7.899909e-05
AT4G10695,0.020419503
AT4G10700,-0.00019787418
AT4G10710,0.0806665
AT4G10720,0.052509412
AT4G10730,0.13548237
AT4G10740,-0.00023466791
AT4G10750,0.09068263
AT4G10760,-0.02729017
AT4G10767,1.6466745e-05
AT4G10770,-0.42330474
AT4G10780,0.024453046
AT4G10790,0.015814207
AT4G10800,-0.21622267
AT4G10810,0.30718738
AT4G10820,0.0012729086
AT4G10840,0.034153987
AT4G10843,0.19468182
AT4G10850,0.005089554
AT4G10860,0.3591987
AT4G10870,0.00014802693
AT4G10880,4.0305385e-05
AT4G10890,-0.23097229
AT4G10895,0.0027686984
AT4G10910,-0.14843827
AT4G10920,-0.09102909
AT4G10925,0.047895335
AT4G10930,0.06386335
AT4G10955,-0.10673206
AT4G10960,0.7867043
AT4G10970,0.09497192
AT4G11000,0.39167553
AT4G11010,-0.007618821
AT4G11020,0.00032475335
AT4G11030,4.580814e-05
AT4G11040,0.004933601
AT4G11050,0.0046951845
AT4G11060,-0.03513307
AT4G11070,0.21942481
AT4G11080,-0.006563613
AT4G11090,0.01149181
AT4G11100,-0.18630907
AT4G11110,0.010310883
AT4G11120,0.12969229
AT4G11130,-0.1220415
AT4G11140,-0.055555727
AT4G11150,0.17373581
AT4G11160,0.22092547
AT4G11170,1.337648
AT4G11175,-0.18298942
AT4G11180,-0.00086535484
AT4G11190,0.007999614
AT4G11210,0.009317791
AT4G11211,-0.12003957
AT4G11220,0.35145184
AT4G11230,0.054165907
AT4G11240,0.016778607
AT4G11250,0.004437929
AT4G11260,0.21267892
AT4G11270,0.041039433
AT4G11280,1.0863385
AT4G11290,-0.16518945
AT4G11300,0.22838484
AT4G11310,0.035011012
AT4G11320,-0.14879991
AT4G11330,-0.013332814
AT4G11340,0.107562415
AT4G11350,0.3655017
AT4G11360,0.17340332
AT4G11370,0.73499674
AT4G11373,0.0
AT4G11380,0.19733325
AT4G11385,-2.7965532e-05
AT4G11390,0.00010984793
AT4G11393,0.007707623
AT4G11400,-0.037294734
AT4G11402,-6.852688e-05
AT4G11410,-0.08794076
AT4G11420,0.040156618
AT4G11430,-4.2498763e-05
AT4G11440,-0.03562458
AT4G11450,-0.35787153
AT4G11460,-0.15878023
AT4G11470,0.28732267
AT4G11480,0.29281276
AT4G11485,0.00810608
AT4G11490,0.00022936452
AT4G11510,0.0040847478
AT4G11521,0.3206233
AT4G11530,0.06257882
AT4G11540,0.0015883916
AT4G11547,0.029637739
AT4G11550,0.027540734
AT4G11560,0.00959754
AT4G11570,-0.012386771
AT4G11580,0.004106251
AT4G11590,0.009063933
AT4G11600,0.64802104
AT4G11610,0.00407607
AT4G11630,0.10977428
AT4G11640,-0.22796097
AT4G11650,2.3765507
AT4G11653,0.0
AT4G11655,0.8116088
AT4G11660,0.030767463
AT4G11670,0.2755763
AT4G11680,0.033415705
AT4G11690,0.038604632
AT4G11700,0.0028384223
AT4G11720,-0.004613687
AT4G11730,0.0071539674
AT4G11740,0.060373466
AT4G11745,2.1421867e-05
AT4G11750,0.0
AT4G11760,4.377416e-05
AT4G11770,0.0
AT4G11780,-0.032286454
AT4G11790,0.3333552
AT4G11800,0.17130145
AT4G11810,-0.077257395
AT4G11820,0.041401118
AT4G11830,-0.049626265
AT4G11840,0.4415942
AT4G11845,-0.094189465
AT4G11850,0.6687921
AT4G11860,0.123631634
AT4G11870,-0.0024124947
AT4G11880,-0.025010018
AT4G11890,1.0855032
AT4G11900,-0.059517186
AT4G11910,0.86574525
AT4G11911,0.08524822
AT4G11920,0.18991986
AT4G11930,0.0013140556
AT4G11940,0.0
AT4G11950,-0.04922772
AT4G11960,0.07033307
AT4G11970,-0.07117223
AT4G11980,-0.042602737
AT4G11990,-0.04856575
AT4G12000,0.04513845
AT4G12005,-0.022889635
AT4G12010,0.032898627
AT4G12020,0.020941941
AT4G12030,-0.5898347
AT4G12040,0.25209188
AT4G12050,-0.007829306
AT4G12060,0.15210931
AT4G12070,0.20863424
AT4G12080,0.3279655
AT4G12090,0.056137893
AT4G12100,-0.004701985
AT4G12110,-0.017600264
AT4G12120,0.44251645
AT4G12130,-0.00482212
AT4G12140,0.00035727816
AT4G12150,3.4147768e-05
AT4G12170,0.0004050333
AT4G12190,9.877977e-05
AT4G12210,0.004601798
AT4G12220,0.016429104
AT4G12230,0.14161767
AT4G12240,0.08597512
AT4G12250,0.44844642
AT4G12270,0.01270903
AT4G12280,0.0009310626
AT4G12290,0.37500238
AT4G12300,0.287702
AT4G12310,-0.1629593
AT4G12320,-0.20987144
AT4G12330,0.049821537
AT4G12334,-0.0006483126
AT4G12340,0.062698916
AT4G12350,0.055472776
AT4G12360,0.005662478
AT4G12370,-0.004304034
AT4G12380,0.004224156
AT4G12382,0.23862168
AT4G12390,-0.19924466
AT4G12400,0.33760694
AT4G12410,0.12613739
AT4G12420,-0.60914046
AT4G12430,0.17406875
AT4G12440,-0.017138705
AT4G12450,0.070814945
AT4G12460,-0.010320724
AT4G12470,0.539859
AT4G12480,1.3469061
AT4G12490,0.93854654
AT4G12495,0.034324057
AT4G12500,1.1096646
AT4G12510,0.015644968
AT4G12530,0.06639874
AT4G12540,0.005741395
AT4G12543,0.0005633525
AT4G12545,0.06397531
AT4G12550,-0.001792359
AT4G12555,6.6161833e-06
AT4G12560,-0.10116562
AT4G12570,0.026810478
AT4G12580,-0.005257993
AT4G12590,0.11442281
AT4G12600,-0.007888351
AT4G12610,0.17420489
AT4G12617,0.0
AT4G12620,-0.27061987
AT4G12640,-0.025816098
AT4G12650,0.123979926
AT4G12670,0.014987947
AT4G12680,0.0018974133
AT4G12690,-0.289403
AT4G12700,-0.1232785
AT4G12710,0.08373799
AT4G12720,0.33848512
AT4G12730,-0.49401143
AT4G12731,-0.0046833265
AT4G12735,1.0218399
AT4G12740,0.06923018
AT4G12750,0.14381576
AT4G12760,-0.038141727
AT4G12770,0.16734453
AT4G12780,0.10055613
AT4G12790,0.019422747
AT4G12800,-0.5517558
AT4G12810,-0.007092534
AT4G12820,0.0001377633
AT4G12825,0.0
AT4G12830,-0.57110447
AT4G12840,0.04256361
AT4G12850,0.08808987
AT4G12860,0.0
AT4G12870,0.026460422
AT4G12880,-0.52338195
AT4G12890,0.027603952
AT4G12900,-0.0128201265
AT4G12910,0.013808885
AT4G12920,3.4103527e-05
AT4G12930,5.9155107e-05
AT4G12940,0.0022833527
AT4G12950,0.0006255568
AT4G12960,-0.002337724
AT4G12970,-0.43256393
AT4G12980,-0.8041338
AT4G12990,-0.021931307
AT4G13000,0.13553965
AT4G13010,0.07321053
AT4G13020,-0.056165285
AT4G13030,0.09238274
AT4G13040,0.039569147
AT4G13050,-0.19459742
AT4G13060,-0.00012165663
AT4G13070,-0.094397634
AT4G13075,2.2627832e-11
AT4G13080,7.2494666e-05
AT4G13090,0.0012882133
AT4G13095,0.0019405662
AT4G13100,-0.18895581
AT4G13110,0.35802773
AT4G13130,-0.0053212456
AT4G13150,-0.13718253
AT4G13160,-0.05666414
AT4G13170,-0.023548704
AT4G13180,0.09643445
AT4G13190,-0.040885117
AT4G13195,-0.06495708
AT4G13200,-0.20479752
AT4G13210,0.0033714403
AT4G13220,-0.05733563
AT4G13230,0.0034613055
AT4G13235,0.021078978
AT4G13240,0.0057652383
AT4G13250,0.38543233
AT4G13260,-0.1331928
AT4G13261,-6.760914e-05
AT4G13263,-0.00010876416
AT4G13266,4.4504726e-05
AT4G13270,0.22433874
AT4G13280,0.0004672553
AT4G13290,0.005613957
AT4G13300,0.0010096225
AT4G13310,0.012012093
AT4G13320,-0.0041239318
AT4G13330,-0.0076132594
AT4G13340,-0.10807311
AT4G13345,0.066839
AT4G13350,0.034553032
AT4G13360,0.21292807
AT4G13370,-0.030144047
AT4G13380,2.8983173e-05
AT4G13390,0.02878335
AT4G13395,0.27446342
AT4G13400,0.008004468
AT4G13410,0.06280969
AT4G13420,0.11135093
AT4G13430,0.04929212
AT4G13440,0.018854808
AT4G13450,-0.0010294927
AT4G13460,-0.018311286
AT4G13480,0.0017452765
AT4G13490,-0.00010540622
AT4G13500,-0.5270439
AT4G13510,0.30998757
AT4G13520,-0.06631987
AT4G13530,0.20277305
AT4G13540,1.0677834
AT4G13550,0.002079172
AT4G13560,-0.26177296
AT4G13570,-0.0028215568
AT4G13572,0.002952494
AT4G13575,-0.6233908
AT4G13577,-0.12912071
AT4G13580,-0.028238367
AT4G13590,0.07923388
AT4G13600,-0.03235202
AT4G13610,-0.00037856793
AT4G13615,0.2429876
AT4G13620,-0.0006177708
AT4G13630,0.004901793
AT4G13640,0.011005998
AT4G13650,-0.04024913
AT4G13660,0.63232845
AT4G13670,-0.052651264
AT4G13680,-0.0059579494
AT4G13690,-0.04402546
AT4G13700,0.007497463
AT4G13710,-0.053545773
AT4G13720,-0.022079831
AT4G13730,0.11057243
AT4G13750,-0.07967202
AT4G13760,8.740778e-05
AT4G13770,-0.34836584
AT4G13780,0.035279676
AT4G13790,0.07094077
AT4G13800,0.20487566
AT4G13810,0.037423324
AT4G13820,0.0735841
AT4G13830,-0.1535461
AT4G13840,-0.52228177
AT4G13850,0.33192527
AT4G13860,0.16791946
AT4G13870,-0.0033784232
AT4G13880,0.25850025
AT4G13885,-0.00850557
AT4G13890,0.1204297
AT4G13900,0.0
AT4G13920,0.6208121
AT4G13930,0.05911435
AT4G13940,0.064293936
AT4G13950,0.0651252
AT4G13955,0.0001711178
AT4G13960,0.00012137175
AT4G13965,0.000102441394
AT4G13968,0.0
AT4G13970,-0.03752055
AT4G13980,0.040147
AT4G13985,-0.0045672837
AT4G13990,-0.076075345
AT4G13992,-0.046682086
AT4G14000,-0.014539611
AT4G14010,0.12178485
AT4G14020,0.11215239
AT4G14030,0.07030398
AT4G14040,-0.07902303
AT4G14050,-0.004919695
AT4G14060,0.019074108
AT4G14070,0.079923406
AT4G14080,-0.0031031342
AT4G14090,0.11282835
AT4G14096,-0.082264826
AT4G14100,-0.22907059
AT4G14103,-0.02814084
AT4G14104,0.004183609
AT4G14105,0.00081471074
AT4G14110,0.13097186
AT4G14120,-0.044724125
AT4G14130,0.16911927
AT4G14140,-0.04412536
AT4G14145,0.06922418
AT4G14147,0.15320496
AT4G14150,0.032895915
AT4G14160,0.15021448
AT4G14165,0.005030441
AT4G14170,-0.11119984
AT4G14180,0.040802494
AT4G14190,-0.0075631943
AT4G14200,-0.21198155
AT4G14210,-0.058849975
AT4G14220,0.33423623
AT4G14225,0.0009119711
AT4G14226,0.0038707238
AT4G14230,0.01664447
AT4G14240,-0.057022274
AT4G14245,0.026242105
AT4G14250,0.00026373984
AT4G14260,0.00011911318
AT4G14270,-0.009141482
AT4G14272,0.0
AT4G14276,0.0
AT4G14280,-0.0014379205
AT4G14290,-0.13847595
AT4G14300,0.009277519
AT4G14301,0.0
AT4G14310,-0.13156615
AT4G14315,0.0
AT4G14330,-0.06587097
AT4G14340,-0.06359067
AT4G14342,0.006500008
AT4G14350,0.028077178
AT4G14358,-0.018445699
AT4G14360,-0.23709491
AT4G14365,0.17769389
AT4G14368,0.1688127
AT4G14370,0.9000116
AT4G14380,-0.2686984
AT4G14385,-0.14946923
AT4G14390,0.2929566
AT4G14400,0.4550661
AT4G14410,0.12387643
AT4G14420,0.2977962
AT4G14430,0.5470205
AT4G14440,-0.11818315
AT4G14450,0.3799519
AT4G14455,0.094622605
AT4G14465,0.031250246
AT4G14480,-0.21747401
AT4G14490,-0.13255437
AT4G14500,0.05927088
AT4G14510,-0.10714851
AT4G14520,-0.045065664
AT4G14530,0.009530927
AT4G14540,-0.35777786
AT4G14550,-0.1947589
AT4G14560,-0.27401832
AT4G14570,-0.049143516
AT4G14580,0.08240986
AT4G14590,0.14399166
AT4G14600,0.17276299
AT4G14605,-0.0030222344
AT4G14610,0.0
AT4G14615,0.035631355
AT4G14620,-0.22134452
AT4G14630,2.789763
AT4G14640,0.1553645
AT4G14650,-0.019503808
AT4G14660,-0.025702264
AT4G14670,4.3297605e-05
AT4G14675,0.00033370577
AT4G14680,-0.43998015
AT4G14690,0.024386112
AT4G14695,-0.0057680714
AT4G14700,-0.044463865
AT4G14710,0.3035068
AT4G14713,-0.25252482
AT4G14716,0.10644002
AT4G14720,0.004111453
AT4G14723,-0.005712344
AT4G14730,0.010294624
AT4G14740,-0.3196109
AT4G14746,0.3599668
AT4G14750,-0.5203175
AT4G14760,-0.07518892
AT4G14770,-0.061111182
AT4G14780,0.0024680714
AT4G14785,7.222784e-05
AT4G14790,-0.035556976
AT4G14800,0.17755044
AT4G14805,0.008605041
AT4G14810,4.130999e-05
AT4G14815,-7.370587e-05
AT4G14819,-0.06836144
AT4G14820,0.0027793967
AT4G14830,-0.04506663
AT4G14840,-0.1595206
AT4G14850,0.069001794
AT4G14860,-0.007322079
AT4G14870,-0.16681257
AT4G14880,0.079267055
AT4G14890,-0.25637364
AT4G14900,0.08323142
AT4G14905,0.01654402
AT4G14910,-0.08350955
AT4G14920,-0.08333288
AT4G14930,0.05737272
AT4G14940,-0.0052103014
AT4G14950,0.5683885
AT4G14960,-0.022045288
AT4G14965,0.03187474
AT4G14970,0.144579
AT4G14980,0.0068954346
AT4G14990,0.07263928
AT4G15000,0.04543214
AT4G15010,0.15935744
AT4G15020,0.07532651
AT4G15025,0.00122541
AT4G15030,-0.004735212
AT4G15040,0.0007366626
AT4G15050,3.758614e-05
AT4G15053,-4.5355366e-05
AT4G15056,2.966324e-05
AT4G15060,0.0
AT4G15070,0.21255632
AT4G15075,0.0034342657
AT4G15080,0.01598978
AT4G15090,-0.011448234
AT4G15093,0.22846748
AT4G15096,-0.009132138
AT4G15100,0.0266101
AT4G15110,-0.14657003
AT4G15120,0.92442936
AT4G15130,-0.08659643
AT4G15140,-0.13395259
AT4G15150,-0.004160023
AT4G15165,0.08983574
AT4G15180,0.020016033
AT4G15200,0.3685787
AT4G15210,-0.08095124
AT4G15215,-0.07145333
AT4G15230,0.5694804
AT4G15233,0.019811852
AT4G15236,0.0496663
AT4G15240,-0.006453394
AT4G15245,0.037780106
AT4G15248,-0.17138198
AT4G15250,-0.002120965
AT4G15260,0.15241434
AT4G15270,0.20364292
AT4G15280,0.9176432
AT4G15290,-0.011521195
AT4G15300,0.0015719198
AT4G15310,0.00024829153
AT4G15320,0.01934091
AT4G15330,0.18708885
AT4G15340,0.039039306
AT4G15350,0.031777285
AT4G15360,0.0069112806
AT4G15370,0.014504014
AT4G15380,-0.045321114
AT4G15390,0.038167946
AT4G15393,0.0107931215
AT4G15396,-0.0035347033
AT4G15400,0.0066300393
AT4G15410,0.2010923
AT4G15415,-0.068854846
AT4G15417,0.34692177
AT4G15420,0.34750143
AT4G15430,-0.07624637
AT4G15440,-0.4802819
AT4G15450,-0.17214009
AT4G15460,-0.00144125
AT4G15470,0.03433122
AT4G15475,0.0485761
AT4G15480,0.00020503206
AT4G15490,0.9978102
AT4G15500,0.026321875
AT4G15510,-0.23035565
AT4G15520,0.026486414
AT4G15530,0.5856581
AT4G15540,-0.111803055
AT4G15545,-0.17096514
AT4G15550,0.1411357
AT4G15560,-0.2550609
AT4G15562,7.1542134e-05
AT4G15563,0.42678255
AT4G15570,-0.011442879
AT4G15610,1.3231606
AT4G15620,-0.205593
AT4G15630,-0.03800013
AT4G15640,0.03284099
AT4G15650,-0.0010277994
AT4G15660,-0.42511687
AT4G15670,0.310335
AT4G15680,0.20040789
AT4G15690,0.39089254
AT4G15700,-0.41076934
AT4G15710,-0.03005315
AT4G15715,0.0
AT4G15720,0.13801676
AT4G15730,-0.032630082
AT4G15733,0.0
AT4G15735,0.00021334889
AT4G15740,0.009419388
AT4G15750,0.0017938432
AT4G15755,0.0014702138
AT4G15760,0.20299983
AT4G15765,0.041835018
AT4G15770,0.07420431
AT4G15780,-0.006583318
AT4G15790,-0.13985069
AT4G15800,-0.08619115
AT4G15802,-0.024282895
AT4G15810,-0.12956911
AT4G15820,-0.18069
AT4G15830,0.04109727
AT4G15840,-0.05026947
AT4G15850,-0.1022627
AT4G15870,4.411416e-05
AT4G15880,0.09557882
AT4G15885,-0.003376309
AT4G15890,0.0024663536
AT4G15900,0.07618232
AT4G15910,0.13524437
AT4G15920,-0.056332592
AT4G15930,-0.08603752
AT4G15940,0.4070105
AT4G15950,-0.15744436
AT4G15953,-0.029172987
AT4G15955,0.341505
AT4G15960,-0.07087937
AT4G15970,-0.014772921
AT4G15975,0.39897227
AT4G15980,0.03682522
AT4G15990,0.13398683
AT4G16000,0.02085757
AT4G16008,-0.108540416
AT4G16015,-0.03563261
AT4G16024,0.00056990376
AT4G16030,-0.0009604471
AT4G16040,0.0
AT4G16045,0.0
AT4G16050,0.0008244749
AT4G16060,0.00412193
AT4G16070,0.09848248
AT4G16080,0.00399731
AT4G16090,0.0006826351
AT4G16095,0.008954169
AT4G16100,0.1975222
AT4G16110,0.41774887
AT4G16120,0.03803867
AT4G16130,0.061438132
AT4G16140,-0.34855914
AT4G16141,-0.026819866
AT4G16143,0.03673969
AT4G16144,0.15261124
AT4G16146,0.68886167
AT4G16150,0.01929895
AT4G16155,-0.25924605
AT4G16160,-0.008412859
AT4G16162,-0.027945744
AT4G16165,0.000699057
AT4G16180,0.10147741
AT4G16190,0.470547
AT4G16195,4.197571e-05
AT4G16200,-0.00030005883
AT4G16210,0.20358527
AT4G16215,0.015523533
AT4G16220,0.007740367
AT4G16230,0.0062014
AT4G16233,-0.0007755527
AT4G16240,0.20659599
AT4G16250,0.23712341
AT4G16260,1.7672428
AT4G16265,-0.114170335
AT4G16270,-0.0077307164
AT4G16280,0.057675377
AT4G16295,2.7950957e-05
AT4G16310,-0.037193414
AT4G16330,0.098560825
AT4G16340,-0.2955299
AT4G16350,0.0405604
AT4G16360,0.09507026
AT4G16370,-0.06229965
AT4G16380,0.042966545
AT4G16390,0.037579935
AT4G16400,-0.04359149
AT4G16410,-0.27939162
AT4G16420,-0.010606968
AT4G16430,0.37100387
AT4G16440,0.11878188
AT4G16442,0.0023515392
AT4G16444,0.06402488
AT4G16447,-0.116073534
AT4G16450,0.09182273
AT4G16451,-0.00046053028
AT4G16460,-0.0051201032
AT4G16470,-0.079363294
AT4G16480,0.05445956
AT4G16490,-0.020100117
AT4G16500,0.48472294
AT4G16510,0.055459
AT4G16515,-0.30950028
AT4G16520,-0.014217005
AT4G16530,0.0054664733
AT4G16535,0.0344805
AT4G16540,0.10056825
AT4G16545,0.0013333441
AT4G16550,-0.00036428438
AT4G16555,3.4103527e-05
AT4G16560,0.00028827373
AT4G16563,0.14458998
AT4G16566,0.019565001
AT4G16570,-0.069107175
AT4G16580,0.0023462758
AT4G16590,-0.043024603
AT4G16600,0.0250095
AT4G16610,0.0035289712
AT4G16620,0.022604305
AT4G16630,0.060462825
AT4G16640,0.051486123
AT4G16650,-0.10370209
AT4G16660,0.20630783
AT4G16670,0.17384993
AT4G16680,0.30742493
AT4G16690,0.88092405
AT4G16695,0.108521044
AT4G16700,0.2006531
AT4G16710,0.08507368
AT4G16720,0.06752999
AT4G16730,0.1260863
AT4G16740,1.3396475
AT4G16745,-0.4340112
AT4G16750,-0.035102926
AT4G16760,0.6331494
AT4G16765,0.015668903
AT4G16770,-0.0026237573
AT4G16780,-0.45909542
AT4G16790,0.020989962
AT4G16800,-0.14381681
AT4G16807,-0.005634792
AT4G16810,-0.00024105495
AT4G16820,0.30725592
AT4G16830,0.0040643467
AT4G16835,-0.03937575
AT4G16840,0.231642
AT4G16845,0.13199952
AT4G16850,0.07124254
AT4G16855,0.0077097844
AT4G16857,-0.31475446
AT4G16860,0.023336347
AT4G16880,0.11934681
AT4G16890,0.010299125
AT4G16900,-0.012489861
AT4G16915,0.0008054858
AT4G16920,-0.1421595
AT4G16930,0.00055819575
AT4G16940,-0.07785637
AT4G16950,-0.0314486
AT4G16955,0.021794708
AT4G16957,0.050515175
AT4G16960,0.17890076
AT4G16970,-0.07178805
AT4G16980,-0.41536203
AT4G16983,-0.061729796
AT4G16990,-0.28061765
AT4G17000,-0.051341474
AT4G17010,0.09831172
AT4G17020,0.0047609373
AT4G17030,-0.30810803
AT4G17040,0.0056305625
AT4G17050,-0.08836239
AT4G17060,0.069628835
AT4G17070,0.28063574
AT4G17080,0.007942737
AT4G17085,0.20237225
AT4G17090,-0.09118883
AT4G17140,0.19213647
AT4G17150,0.0054263696
AT4G17160,-0.014597118
AT4G17170,-0.0068570455
AT4G17180,-0.1712345
AT4G17190,-0.108621806
AT4G17200,0.0005742643
AT4G17210,-0.0005737649
AT4G17215,0.13442716
AT4G17220,-0.018985521
AT4G17230,0.5357102
AT4G17240,-0.0913667
AT4G17243,-0.0031084232
AT4G17245,0.18158562
AT4G17250,0.10378756
AT4G17260,0.30168504
AT4G17270,0.21935976
AT4G17280,-0.0129278805
AT4G17300,0.0051467097
AT4G17310,0.19089383
AT4G17330,-0.04007393
AT4G17340,-0.39339387
AT4G17350,-0.21875246
AT4G17360,-0.14769213
AT4G17370,0.010696111
AT4G17380,0.0150021035
AT4G17390,0.046815395
AT4G17410,0.0455501
AT4G17420,0.02361866
AT4G17430,0.023653032
AT4G17440,-0.023342924
AT4G17460,-0.7340439
AT4G17470,0.25040382
AT4G17480,0.0834476
AT4G17483,0.25598523
AT4G17486,0.26724216
AT4G17490,0.8330732
AT4G17500,0.21992876
AT4G17505,0.00016748467
AT4G17510,-0.060996983
AT4G17520,0.009793051
AT4G17530,0.13932256
AT4G17540,-0.12417393
AT4G17550,0.02471549
AT4G17560,-0.32062733
AT4G17565,0.01229937
AT4G17570,0.06280142
AT4G17580,-1.3442003e-05
AT4G17585,0.00019308492
AT4G17590,0.0
AT4G17600,-0.29767433
AT4G17610,-0.07297376
AT4G17615,0.5458875
AT4G17616,-0.039307322
AT4G17620,0.09905108
AT4G17640,0.01603357
AT4G17650,0.5449712
AT4G17660,0.12893698
AT4G17670,0.28620943
AT4G17680,-0.39563078
AT4G17690,0.0016035747
AT4G17695,0.25338903
AT4G17700,0.0
AT4G17710,-0.0014635893
AT4G17713,-8.0992e-05
AT4G17718,0.0003416721
AT4G17720,0.43255985
AT4G17730,-0.029813375
AT4G17740,-0.120530285
AT4G17750,0.034674734
AT4G17760,-0.034879368
AT4G17770,-0.02742543
AT4G17780,0.00080830115
AT4G17785,-0.0024117515
AT4G17787,0.0
AT4G17790,0.050901648
AT4G17800,0.14296323
AT4G17810,-0.39688262
AT4G17830,0.279142
AT4G17840,0.17298356
AT4G17850,0.0
AT4G17860,0.012125929
AT4G17870,-0.11481613
AT4G17880,-0.07541229
AT4G17890,-0.06701532
AT4G17895,0.17129281
AT4G17900,0.22714922
AT4G17905,-0.20511603
AT4G17910,-0.14565288
AT4G17915,0.0
AT4G17920,-0.002419413
AT4G17940,0.05001704
AT4G17950,0.12574826
AT4G17960,-0.06720903
AT4G17970,-0.33382228
AT4G17980,0.006151829
AT4G17990,0.0005143589
AT4G18010,0.38069582
AT4G18020,0.06515898
AT4G18030,-0.41001543
AT4G18040,0.09957187
AT4G18050,0.5143703
AT4G18060,-0.094540045
AT4G18070,-0.14480339
AT4G18080,0.002396278
AT4G18090,0.00019082385
AT4G18100,0.011121858
AT4G18110,-0.00042443827
AT4G18120,0.0
AT4G18130,-0.048574366
AT4G18140,0.18219759
AT4G18150,0.03271499
AT4G18160,0.08247739
AT4G18170,0.6039294
AT4G18180,-0.007054092
AT4G18190,0.00069878664
AT4G18195,0.022487406
AT4G18197,-0.26335672
AT4G18203,0.0022513857
AT4G18205,-0.4875268
AT4G18210,0.45541748
AT4G18215,0.0066768182
AT4G18220,-0.3518026
AT4G18230,-0.0001013577
AT4G18240,-0.21572769
AT4G18250,0.69847924
AT4G18253,0.8765609
AT4G18257,0.0
AT4G18260,-0.34314117
AT4G18270,0.130217
AT4G18280,0.2616388
AT4G18290,-0.005287892
AT4G18300,0.11611768
AT4G18310,0.0072695967
AT4G18320,0.010793716
AT4G18330,0.001937534
AT4G18335,0.00046042175
AT4G18340,-0.03419061
AT4G18350,0.23535095
AT4G18360,0.7713716
AT4G18370,-0.3921951
AT4G18372,0.0654955
AT4G18375,-0.052199528
AT4G18380,-0.053122018
AT4G18390,-0.22115238
AT4G18395,-0.0034166109
AT4G18400,0.012352233
AT4G18422,0.08712068
AT4G18425,0.31119406
AT4G18430,1.0064852
AT4G18440,0.010992758
AT4G18450,0.004665676
AT4G18460,-0.19500771
AT4G18465,0.0149391
AT4G18470,0.19018827
AT4G18480,-0.19311544
AT4G18490,-0.20392115
AT4G18500,-7.07111e-05
AT4G18501,-0.10096507
AT4G18510,-0.06724709
AT4G18520,-0.16716015
AT4G18530,-0.05114498
AT4G18540,0.025787422
AT4G18550,0.10837564
AT4G18570,-0.22990018
AT4G18580,0.361171
AT4G18590,0.24491261
AT4G18593,-0.011339346
AT4G18596,0.005927599
AT4G18600,-0.058124647
AT4G18610,-0.08928554
AT4G18620,-0.0042788135
AT4G18630,0.26980123
AT4G18640,-0.38033792
AT4G18650,0.00088580814
AT4G18660,0.00529672
AT4G18670,-0.6560636
AT4G18680,0.0006577975
AT4G18690,-0.002567782
AT4G18692,0.001944974
AT4G18700,0.1019113
AT4G18710,-0.035672974
AT4G18720,0.0089475475
AT4G18740,-0.29570377
AT4G18750,-0.08011436
AT4G18760,-0.2791655
AT4G18770,0.009293601
AT4G18780,-0.058887564
AT4G18790,0.0015226181
AT4G18800,0.43634382
AT4G18810,-0.031132147
AT4G18820,-0.08912811
AT4G18823,0.0018305341
AT4G18830,0.035628032
AT4G18840,-0.06422929
AT4G18860,0.00021037988
AT4G18870,0.018540047
AT4G18880,0.027702548
AT4G18890,0.3968354
AT4G18900,-0.0010453541
AT4G18905,0.02682813
AT4G18910,0.20362335
AT4G18920,0.007472492
AT4G18930,0.22945946
AT4G18940,0.020317849
AT4G18950,0.93648785
AT4G18960,0.024732156
AT4G18970,-0.48511684
AT4G18975,-0.025899816
AT4G18980,0.69752115
AT4G18990,0.74972296
AT4G19000,0.061485805
AT4G19003,0.053465124
AT4G19006,0.15243046
AT4G19010,0.13449658
AT4G19020,-0.46263367
AT4G19030,0.028044648
AT4G19035,-0.00015935654
AT4G19038,0.00013999312
AT4G19040,0.14739178
AT4G19045,0.104573525
AT4G19050,-0.41072085
AT4G19060,-0.025144884
AT4G19070,-0.1041019
AT4G19080,0.025010368
AT4G19090,-0.007687041
AT4G19095,0.06318636
AT4G19100,-0.21675265
AT4G19110,0.09869674
AT4G19120,0.026327696
AT4G19130,-0.074015014
AT4G19140,0.046991423
AT4G19150,0.028540445
AT4G19160,0.0011719621
AT4G19170,-0.055377416
AT4G19180,0.22262973
AT4G19185,0.30687994
AT4G19190,0.07406669
AT4G19191,-0.0034875288
AT4G19200,0.28664303
AT4G19210,0.06031943
AT4G19220,0.021343017
AT4G19230,0.99026024
AT4G19240,0.033797614
AT4G19250,4.377416e-05
AT4G19260,0.0
AT4G19270,0.0
AT4G19275,8.672843e-05
AT4G19330,5.1239665e-05
AT4G19340,3.075086e-05
AT4G19350,-0.12003443
AT4G19360,0.0038519637
AT4G19370,0.5882159
AT4G19380,0.015874475
AT4G19390,0.2815534
AT4G19400,0.06772081
AT4G19410,-0.034229934
AT4G19420,-0.16997187
AT4G19430,-0.060762838
AT4G19440,-0.13540038
AT4G19450,0.014873312
AT4G19460,1.2351214
AT4G19470,0.018019762
AT4G19480,0.0001087951
AT4G19485,0.0009411446
AT4G19490,0.08011799
AT4G19500,-0.078328446
AT4G19510,-0.026381753
AT4G19520,0.42790607
AT4G19530,-0.3106999
AT4G19540,-0.058577128
AT4G19550,-0.1206793
AT4G19560,-0.15942854
AT4G19570,-0.0027153166
AT4G19580,0.000976636
AT4G19590,2.4428824e-05
AT4G19600,0.13286068
AT4G19610,-0.105846696
AT4G19620,0.00019903804
AT4G19630,-0.0005818117
AT4G19640,0.15279643
AT4G19645,0.2085456
AT4G19650,-0.052509643
AT4G19660,0.13108009
AT4G19670,0.2285487
AT4G19680,-0.0033066897
AT4G19690,-6.514136e-05
AT4G19700,0.4695865
AT4G19710,-0.19897956
AT4G19720,0.18397334
AT4G19730,4.303416e-05
AT4G19740,0.0010332803
AT4G19750,0.029443622
AT4G19760,9.615703e-05
AT4G19770,0.00071450265
AT4G19800,0.00039634694
AT4G19810,1.5984478
AT4G19820,-0.32109022
AT4G19830,-0.13829574
AT4G19840,0.06877877
AT4G19850,0.09978372
AT4G19860,0.14301878
AT4G19865,-0.02789266
AT4G19870,0.023360493
AT4G19880,0.34677535
AT4G19890,-0.18675281
AT4G19900,-0.12727353
AT4G19905,0.00039260602
AT4G19910,3.4103527e-05
AT4G19920,0.0036174732
AT4G19925,0.057721354
AT4G19930,0.0
AT4G19940,0.0037470646
AT4G19950,0.16181688
AT4G19960,0.0264714
AT4G19970,1.1952283
AT4G19975,0.32508206
AT4G19980,0.008951408
AT4G19985,-0.29602042
AT4G19990,0.09973074
AT4G20000,0.14149804
AT4G20010,0.048174776
AT4G20020,0.087776944
AT4G20030,0.16608109
AT4G20040,-0.047633205
AT4G20050,0.09615743
AT4G20060,-0.064660914
AT4G20070,-0.4090431
AT4G20080,0.023050964
AT4G20090,-0.08274489
AT4G20095,0.0019459322
AT4G20100,2.1421867e-05
AT4G20110,0.76716113
AT4G20130,-0.14353955
AT4G20140,-0.29196504
AT4G20150,0.15488702
AT4G20160,0.009167344
AT4G20170,-0.026380356
AT4G20190,0.046941657
AT4G20200,0.0
AT4G20210,0.0084248455
AT4G20220,4.421427e-05
AT4G20230,-0.17601223
AT4G20235,-0.018826311
AT4G20240,0.015961464
AT4G20250,0.0
AT4G20260,-0.0018819594
AT4G20270,-0.25863558
AT4G20280,-0.005096433
AT4G20290,-0.0047688256
AT4G20300,-0.019292574
AT4G20310,-0.03931215
AT4G20320,0.69118404
AT4G20325,-0.06515943
AT4G20330,0.07565203
AT4G20340,-0.02057837
AT4G20350,-0.012649846
AT4G20360,-0.22960064
AT4G20370,0.06562146
AT4G20380,-0.027480092
AT4G20390,0.04387695
AT4G20400,-0.008620039
AT4G20410,0.007658244
AT4G20420,0.004593961
AT4G20430,-0.3682975
AT4G20440,0.18561663
AT4G20450,0.016817713
AT4G20460,0.72570264
AT4G20470,0.005437859
AT4G20480,0.13420439
AT4G20520,0.00014183408
AT4G20530,0.0
AT4G20535,0.0
AT4G20540,0.0
AT4G20550,-0.015102996
AT4G20560,0.0
AT4G20570,0.0
AT4G20580,0.0
AT4G20590,0.00012357935
AT4G20600,0.0
AT4G20610,0.0
AT4G20620,0.0
AT4G20630,0.0
AT4G20640,0.0
AT4G20645,0.0
AT4G20670,0.0
AT4G20680,4.4504726e-05
AT4G20690,-0.0061052437
AT4G20700,-0.033726238
AT4G20703,0.00023574897
AT4G20707,-0.00035484543
AT4G20720,0.020484185
AT4G20735,1.2572652e-05
AT4G20740,-0.13047078
AT4G20750,0.0
AT4G20770,0.0048719943
AT4G20780,0.12530853
AT4G20790,0.0
AT4G20800,0.00067199545
AT4G20810,0.00024562536
AT4G20820,-0.026181594
AT4G20830,1.4885036
AT4G20835,0.093260035
AT4G20840,-0.0063871136
AT4G20850,0.11765069
AT4G20860,0.5632579
AT4G20870,-0.31458214
AT4G20880,-0.10178548
AT4G20890,0.06928762
AT4G20900,0.0013643265
AT4G20910,-0.05911988
AT4G20920,0.042671725
AT4G20930,0.26262954
AT4G20935,-0.002903535
AT4G20940,-0.2591248
AT4G20947,0.00078373944
AT4G20953,0.0018998735
AT4G20960,-0.062239643
AT4G20970,0.392092
AT4G20980,0.08207483
AT4G20990,0.011225632
AT4G21000,0.0
AT4G21010,0.0030849315
AT4G21020,0.004431647
AT4G21030,-0.00036870822
AT4G21040,0.00012072862
AT4G21050,0.0
AT4G21060,-0.008164941
AT4G21063,-0.0006382757
AT4G21065,-0.0939744
AT4G21070,-0.038837813
AT4G21080,0.0053919405
AT4G21090,0.30561975
AT4G21100,0.36865824
AT4G21105,0.21932885
AT4G21110,0.07430485
AT4G21120,1.2325487
AT4G21130,0.0065154564
AT4G21140,0.14153783
AT4G21150,0.10041331
AT4G21160,0.17287944
AT4G21170,0.069495134
AT4G21180,0.008687722
AT4G21190,-0.12252653
AT4G21192,0.16718891
AT4G21200,0.023660922
AT4G21210,-0.016939474
AT4G21213,0.010963529
AT4G21215,-0.0015428143
AT4G21220,-0.092384905
AT4G21230,0.027503371
AT4G21240,0.0
AT4G21250,0.023039147
AT4G21260,0.00023325028
AT4G21270,-0.07955913
AT4G21280,-0.3318897
AT4G21300,-0.08666466
AT4G21310,-0.03604132
AT4G21320,-0.042154524
AT4G21323,-0.015895337
AT4G21326,0.017691353
AT4G21330,0.0004238615
AT4G21340,-0.0013525531
AT4G21350,-0.0048924163
AT4G21364,0.0
AT4G21366,4.3063246e-05
AT4G21370,0.0
AT4G21380,0.7344188
AT4G21390,0.8144103
AT4G21400,-0.020444617
AT4G21410,0.040588953
AT4G21430,-0.16208464
AT4G21440,0.6791318
AT4G21445,-0.3097081
AT4G21450,0.02344081
AT4G21460,-0.08375114
AT4G21470,0.3510981
AT4G21480,-0.076764785
AT4G21490,-0.029104097
AT4G21500,0.05018102
AT4G21510,-0.11627123
AT4G21515,0.00045038175
AT4G21520,-0.008856686
AT4G21530,0.012515018
AT4G21534,0.290556
AT4G21540,0.22655345
AT4G21550,-0.20444542
AT4G21560,0.0090326425
AT4G21570,0.36814547
AT4G21580,0.50059605
AT4G21585,-0.2559296
AT4G21590,-0.010076306
AT4G21600,0.0077152047
AT4G21610,0.16429323
AT4G21620,0.173764
AT4G21630,0.0011907843
AT4G21640,0.0017297227
AT4G21650,-0.6904506
AT4G21660,0.014512654
AT4G21670,-0.003898257
AT4G21680,1.9965352
AT4G21690,-0.0009916992
AT4G21700,-0.17447716
AT4G21705,0.0063856365
AT4G21710,0.20859104
AT4G21720,0.04395798
AT4G21740,-0.88523275
AT4G21745,-0.003629603
AT4G21750,-0.2138933
AT4G21760,-0.0012808098
AT4G21770,-0.15668982
AT4G21780,0.03184153
AT4G21790,0.3017253
AT4G21800,0.026757143
AT4G21810,-0.019440185
AT4G21820,0.0070543746
AT4G21830,0.967943
AT4G21840,0.7588388
AT4G21850,0.83401895
AT4G21860,-0.0538837
AT4G21865,0.04446721
AT4G21870,-0.5465501
AT4G21880,-0.17078593
AT4G21890,-0.21628751
AT4G21895,0.00039881392
AT4G21900,0.013648312
AT4G21902,0.0007125986
AT4G21903,0.46975774
AT4G21910,0.112324655
AT4G21920,0.678393
AT4G21926,0.10751482
AT4G21930,-0.05812152
AT4G21940,-0.018148625
AT4G21950,0.037398573
AT4G21960,-0.16402557
AT4G21970,-0.12061521
AT4G21980,0.3884728
AT4G21990,0.40092215
AT4G22000,-0.05700673
AT4G22010,-0.18493791
AT4G22030,0.1576889
AT4G22035,0.0015031757
AT4G22050,-0.029093215
AT4G22060,0.00015820222
AT4G22070,1.4795729
AT4G22080,0.012861772
AT4G22090,-0.00056941493
AT4G22100,0.0012102197
AT4G22105,0.004289327
AT4G22110,0.0062013925
AT4G22115,-5.614092e-05
AT4G22120,-0.21129538
AT4G22130,-0.015166378
AT4G22140,0.024757657
AT4G22150,0.09337471
AT4G22160,-0.07099027
AT4G22165,0.0036704864
AT4G22170,-0.05118409
AT4G22180,0.0
AT4G22190,-0.050131433
AT4G22200,-0.17598596
AT4G22210,0.000122749
AT4G22212,0.0132259065
AT4G22214,0.02841511
AT4G22217,-0.0005368397
AT4G22220,0.12029512
AT4G22230,-0.020406378
AT4G22235,0.0097749345
AT4G22240,0.18411675
AT4G22250,0.008352591
AT4G22260,0.16691865
AT4G22270,0.2043052
AT4G22280,-0.033369996
AT4G22285,0.035965867
AT4G22300,-0.018630937
AT4G22305,0.3695057
AT4G22310,0.04805673
AT4G22320,0.14673664
AT4G22330,0.07686472
AT4G22340,0.13519685
AT4G22350,-0.010947629
AT4G22360,0.013867951
AT4G22370,-0.032357186
AT4G22380,0.07136275
AT4G22390,-0.104817
AT4G22400,0.00023712144
AT4G22410,0.007138347
AT4G22420,0.0
AT4G22430,0.0
AT4G22440,-7.442872e-05
AT4G22460,-0.025294757
AT4G22463,-0.00016071614
AT4G22467,0.18312442
AT4G22470,1.674425
AT4G22475,0.020336596
AT4G22485,0.1373236
AT4G22490,0.10018046
AT4G22495,0.000951774
AT4G22505,0.11153421
AT4G22510,0.0030770376
AT4G22513,0.1806377
AT4G22517,0.15474868
AT4G22520,0.07494284
AT4G22530,0.8905229
AT4G22540,-0.07557301
AT4G22550,0.03143902
AT4G22560,-0.22911325
AT4G22570,-0.49949047
AT4G22580,-0.6153657
AT4G22590,0.42987096
AT4G22600,0.0066679395
AT4G22610,0.018642468
AT4G22620,0.05363919
AT4G22630,0.013008146
AT4G22640,0.027467564
AT4G22650,0.0004077788
AT4G22660,-0.00035532392
AT4G22666,0.0059694354
AT4G22670,0.12125841
AT4G22680,0.18900283
AT4G22690,-0.09106404
AT4G22700,0.00038440005
AT4G22710,0.39804614
AT4G22720,0.0061358544
AT4G22730,-0.02735871
AT4G22740,0.00047627324
AT4G22745,-0.12782216
AT4G22750,0.08104809
AT4G22755,0.082406364
AT4G22756,-0.19076951
AT4G22758,-0.08961613
AT4G22760,-0.06166239
AT4G22770,0.3029074
AT4G22780,-0.039420027
AT4G22790,-0.16645318
AT4G22810,0.0017758387
AT4G22820,0.34995854
AT4G22830,-0.12307564
AT4G22840,0.059215993
AT4G22850,-0.04261846
AT4G22860,-0.044530727
AT4G22870,0.0043942444
AT4G22880,0.12240493
AT4G22890,-0.37434912
AT4G22900,-0.15785712
AT4G22910,-0.03271521
AT4G22920,0.28980884
AT4G22930,-0.00072789827
AT4G22940,0.20595104
AT4G22950,0.05356541
AT4G22960,0.09757773
AT4G22970,0.22008862
AT4G22980,0.56817317
AT4G22990,-0.09531395
AT4G23000,-0.058800034
AT4G23010,0.28626993
AT4G23015,0.015067555
AT4G23020,-0.23922259
AT4G23030,0.35015857
AT4G23040,0.16638783
AT4G23050,0.2866853
AT4G23060,-0.055711675
AT4G23070,-0.016179593
AT4G23080,6.184808e-05
AT4G23090,0.00018520917
AT4G23100,0.5420694
AT4G23110,0.00025801235
AT4G23120,0.00025271715
AT4G23130,0.27345115
AT4G23140,0.24750282
AT4G23150,0.6427476
AT4G23160,0.11971521
AT4G23170,0.8304011
AT4G23180,-0.06458661
AT4G23190,0.8060426
AT4G23200,0.16486649
AT4G23210,0.8873125
AT4G23220,0.5691843
AT4G23230,0.16163282
AT4G23240,-0.09325211
AT4G23250,0.1017101
AT4G23260,0.26752347
AT4G23270,0.28338248
AT4G23271,0.00018333251
AT4G23280,0.3948141
AT4G23290,-0.67833394
AT4G23300,0.015012791
AT4G23310,-0.05498764
AT4G23320,0.38989365
AT4G23330,0.009058567
AT4G23340,-0.03400402
AT4G23350,0.006687809
AT4G23355,5.837787e-05
AT4G23360,0.00014857811
AT4G23365,0.00036206652
AT4G23370,-0.0026064725
AT4G23373,0.0
AT4G23380,0.0
AT4G23390,-0.023154154
AT4G23400,-0.27836835
AT4G23410,-0.15626954
AT4G23420,-0.172578
AT4G23430,0.0718198
AT4G23440,-0.10450892
AT4G23450,0.39850634
AT4G23460,0.19785488
AT4G23470,0.35842466
AT4G23490,-0.23858991
AT4G23493,0.018894592
AT4G23496,-0.017028274
AT4G23498,0.0
AT4G23500,0.00915201
AT4G23510,0.01428668
AT4G23515,-0.0047729206
AT4G23520,-0.0030034892
AT4G23530,-0.040414084
AT4G23540,0.1866171
AT4G23550,0.6481569
AT4G23560,0.09417806
AT4G23570,0.06656065
AT4G23580,-0.015911788
AT4G23590,-0.08026372
AT4G23600,0.22541934
AT4G23610,0.20690212
AT4G23620,0.13092782
AT4G23630,0.24106854
AT4G23640,0.07752257
AT4G23650,0.021502817
AT4G23660,0.29253823
AT4G23670,-0.3399262
AT4G23680,0.7180876
AT4G23690,0.24305212
AT4G23700,1.6986814
AT4G23710,0.32922822
AT4G23712,0.0
AT4G23720,-0.07827983
AT4G23730,0.025860956
AT4G23740,-0.23713088
AT4G23750,-0.11359312
AT4G23760,0.19985321
AT4G23770,-0.30672705
AT4G23780,0.0016919903
AT4G23790,-0.4721112
AT4G23800,-0.22408558
AT4G23810,0.10839086
AT4G23820,-0.9406535
AT4G23850,0.21387841
AT4G23860,-0.008701046
AT4G23870,-0.10261784
AT4G23880,-0.030816939
AT4G23882,0.008915301
AT4G23885,0.687275
AT4G23890,-0.11129705
AT4G23895,-0.04157078
AT4G23900,0.0042775073
AT4G23910,0.025870666
AT4G23920,0.028859217
AT4G23930,-0.07277845
AT4G23940,-0.27665418
AT4G23950,-0.06932884
AT4G23960,-0.013192636
AT4G23970,0.00021252754
AT4G23980,-0.008508666
AT4G23990,0.07119194
AT4G24000,1.5239059
AT4G24010,-0.14019169
AT4G24015,0.019136012
AT4G24020,0.07736135
AT4G24026,0.41340047
AT4G24040,0.29881868
AT4G24050,0.032242496
AT4G24060,-0.058694184
AT4G24070,-0.001880849
AT4G24080,0.004789662
AT4G24090,-0.09367743
AT4G24100,0.003175505
AT4G24110,0.6403585
AT4G24120,0.3019419
AT4G24130,0.33149844
AT4G24140,-0.07025805
AT4G24150,0.020345345
AT4G24160,0.669119
AT4G24170,-0.02228075
AT4G24180,-0.086122304
AT4G24190,0.14718434
AT4G24200,0.23751143
AT4G24204,-0.0008876289
AT4G24210,0.022428937
AT4G24220,0.262158
AT4G24230,0.10949554
AT4G24231,0.0016876439
AT4G24240,0.013906915
AT4G24250,-0.052824635
AT4G24260,-0.06639663
AT4G24265,-0.040125832
AT4G24270,0.06764673
AT4G24275,-0.19477642
AT4G24280,-0.05844609
AT4G24290,0.16742195
AT4G24300,0.00011371003
AT4G24310,0.2682419
AT4G24320,0.022771312
AT4G24330,0.11481619
AT4G24340,1.1953368
AT4G24350,-0.2962051
AT4G24370,-0.038063224
AT4G24380,0.98609596
AT4G24390,-0.05799066
AT4G24400,0.3071039
AT4G24410,-0.0015881798
AT4G24413,0.0010764769
AT4G24420,0.0039718677
AT4G24430,0.029891044
AT4G24440,0.29591584
AT4G24450,-0.09465035
AT4G24460,0.14655867
AT4G24470,0.11354001
AT4G24480,-0.12695111
AT4G24490,0.047694296
AT4G24500,-0.02982529
AT4G24510,-0.24800566
AT4G24520,0.12498546
AT4G24530,-0.117926046
AT4G24540,-0.0953088
AT4G24550,0.050652463
AT4G24560,0.06375997
AT4G24570,0.11817025
AT4G24580,0.013491256
AT4G24590,0.050886374
AT4G24600,0.00058602076
AT4G24610,-0.011068851
AT4G24615,-0.0056730392
AT4G24620,-0.11737678
AT4G24630,0.50720614
AT4G24640,-5.063846e-05
AT4G24644,0.0
AT4G24650,5.5785724e-05
AT4G24660,0.26465857
AT4G24670,-0.29221693
AT4G24680,0.04745681
AT4G24690,0.49002802
AT4G24700,-0.3913751
AT4G24710,-0.04632904
AT4G24715,0.00728966
AT4G24730,0.0067112707
AT4G24740,-0.03560473
AT4G24750,-0.18759653
AT4G24760,-0.11012659
AT4G24770,-0.30919594
AT4G24780,-0.5704276
AT4G24790,-0.33743376
AT4G24800,-0.050634973
AT4G24810,-0.14911625
AT4G24820,0.24615146
AT4G24830,0.0019265448
AT4G24840,0.07397079
AT4G24860,-0.25193766
AT4G24880,0.03942393
AT4G24890,-0.0038739785
AT4G24900,-0.18531789
AT4G24910,0.014945416
AT4G24920,0.43443936
AT4G24930,-0.27948478
AT4G24940,0.045408223
AT4G24950,-0.0007250118
AT4G24960,0.03399801
AT4G24970,0.061721895
AT4G24972,-0.30344275
AT4G24973,-0.0021187786
AT4G24974,0.0021136524
AT4G24975,0.008100311
AT4G24980,0.000238499
AT4G24990,0.12039496
AT4G25000,1.153317
AT4G25010,0.029571135
AT4G25020,-0.2728943
AT4G25030,0.3192798
AT4G25040,0.00013712168
AT4G25050,-0.20969816
AT4G25070,0.81405646
AT4G25080,-0.2431316
AT4G25090,0.010181849
AT4G25100,-0.23263715
AT4G25110,0.61169744
AT4G25120,-0.25348476
AT4G25130,0.06844158
AT4G25140,-0.00045307045
AT4G25150,-0.26045975
AT4G25160,-0.036190107
AT4G25170,0.18653525
AT4G25180,0.049064804
AT4G25190,0.006904936
AT4G25200,0.37425506
AT4G25210,0.078973696
AT4G25220,0.029953465
AT4G25225,0.048086334
AT4G25230,0.30324244
AT4G25240,-0.054925606
AT4G25250,-0.010519067
AT4G25260,-0.343925
AT4G25270,-0.2448019
AT4G25280,-0.09007176
AT4G25290,-0.423291
AT4G25300,0.024940375
AT4G25310,0.05183094
AT4G25315,0.07918927
AT4G25320,0.15196122
AT4G25330,0.007491486
AT4G25340,0.10042494
AT4G25350,-0.15385541
AT4G25360,0.014473684
AT4G25370,0.01014983
AT4G25380,0.48486942
AT4G25390,0.37161794
AT4G25400,-0.00525331
AT4G25410,-0.015436827
AT4G25420,-0.14154194
AT4G25430,-0.0019202147
AT4G25433,0.060474996
AT4G25434,0.061179347
AT4G25440,0.1165006
AT4G25450,-0.008385298
AT4G25470,-0.060144287
AT4G25480,-0.10064679
AT4G25490,-0.074071
AT4G25500,0.11953811
AT4G25510,0.0036188196
AT4G25515,0.0050972984
AT4G25520,0.00068459474
AT4G25530,0.0037278037
AT4G25540,0.07947777
AT4G25550,0.13378987
AT4G25560,-0.007968518
AT4G25570,-0.051296707
AT4G25580,0.0056227166
AT4G25590,0.00013120988
AT4G25600,-0.2199758
AT4G25610,0.16373856
AT4G25620,-0.012124806
AT4G25630,0.040194016
AT4G25640,0.18917996
AT4G25650,0.083177224
AT4G25660,0.11816641
AT4G25670,-0.030743586
AT4G25680,0.001136353
AT4G25690,0.19215031
AT4G25700,0.10211526
AT4G25707,0.016434217
AT4G25710,0.06244835
AT4G25720,0.22003648
AT4G25730,0.08413039
AT4G25740,0.016002912
AT4G25750,-0.026965108
AT4G25760,0.016915057
AT4G25770,0.015962183
AT4G25780,-0.022640398
AT4G25790,0.012416281
AT4G25800,0.05481586
AT4G25810,0.7162288
AT4G25820,0.045863993
AT4G25830,-0.47193456
AT4G25835,0.111072436
AT4G25840,0.1701722
AT4G25845,0.10456046
AT4G25850,-0.0061541917
AT4G25860,0.0010664789
AT4G25870,-0.1856112
AT4G25880,0.07973084
AT4G25890,0.007995604
AT4G25900,0.7789498
AT4G25910,-0.27808473
AT4G25920,0.021188231
AT4G25930,0.010395276
AT4G25940,0.2105293
AT4G25950,-0.0439327
AT4G25960,-0.38680744
AT4G25970,0.023638183
AT4G25980,0.060801446
AT4G25990,-0.019056002
AT4G26000,0.12731299
AT4G26010,0.048275698
AT4G26020,-0.0049546394
AT4G26030,-0.00019406356
AT4G26040,-0.00025377012
AT4G26050,0.61874455
AT4G26055,0.043517873
AT4G26060,0.4767447
AT4G26070,0.3009473
AT4G26080,0.47918642
AT4G26090,0.11543336
AT4G26100,0.011929023
AT4G26110,-0.06565126
AT4G26120,0.81563646
AT4G26130,0.066133566
AT4G26140,-0.10752054
AT4G26145,-0.004185966
AT4G26150,0.081680566
AT4G26160,0.2185469
AT4G26170,-0.010846929
AT4G26180,-0.028408974
AT4G26190,-0.0060835388
AT4G26200,0.16025776
AT4G26210,0.14587714
AT4G26220,0.0061123227
AT4G26230,-0.07211556
AT4G26240,0.39447096
AT4G26250,0.0037750516
AT4G26260,1.5732934
AT4G26270,0.9561255
AT4G26280,0.0009383569
AT4G26288,-0.013072543
AT4G26290,-0.007165774
AT4G26300,-0.04758554
AT4G26310,0.16720693
AT4G26320,-0.0029236784
AT4G26330,0.005829795
AT4G26340,7.386148e-05
AT4G26350,-4.5381792e-05
AT4G26370,-0.108612604
AT4G26380,0.001219908
AT4G26390,-0.005771648
AT4G26400,0.037524246
AT4G26410,0.09576182
AT4G26415,-0.023314402
AT4G26420,0.00051090156
AT4G26430,-0.1220881
AT4G26440,0.0009662198
AT4G26450,0.039113335
AT4G26455,0.05833652
AT4G26460,0.007104566
AT4G26466,0.09018832
AT4G26470,1.4013611
AT4G26480,0.018634794
AT4G26483,0.0
AT4G26485,4.838486e-05
AT4G26490,0.016065657
AT4G26500,0.027296744
AT4G26510,-0.012038862
AT4G26520,-0.06847248
AT4G26530,-1.1594086
AT4G26540,-0.10324193
AT4G26550,0.24126352
AT4G26555,-0.23175271
AT4G26560,0.01371701
AT4G26570,-0.054060917
AT4G26580,0.039837174
AT4G26590,0.08812954
AT4G26600,-0.00633468
AT4G26610,0.018908037
AT4G26620,0.031224094
AT4G26630,-0.017863931
AT4G26640,0.09889371
AT4G26650,-0.0021865503
AT4G26660,-0.07969086
AT4G26670,0.01735483
AT4G26680,-0.2323585
AT4G26690,0.027744655
AT4G26700,-0.028303862
AT4G26701,-0.012988945
AT4G26710,0.079218835
AT4G26720,-0.046113737
AT4G26730,-0.0023330622
AT4G26740,0.0012552352
AT4G26750,0.26021636
AT4G26760,-0.39427817
AT4G26770,0.00526236
AT4G26780,0.046698306
AT4G26790,-0.3254527
AT4G26800,-0.048213247
AT4G26810,0.20637871
AT4G26820,0.0046929168
AT4G26830,-0.03650765
AT4G26840,0.037583973
AT4G26850,-0.0049081333
AT4G26860,-0.25204128
AT4G26870,0.023796875
AT4G26880,0.0022467063
AT4G26890,0.3737047
AT4G26900,-0.2624973
AT4G26910,0.64941937
AT4G26920,2.297392e-05
AT4G26930,0.004275569
AT4G26940,0.17639332
AT4G26950,-0.17128944
AT4G26960,-0.024758976
AT4G26965,0.24094974
AT4G26970,0.21315426
AT4G26980,-0.0488208
AT4G26990,0.73001087
AT4G27000,0.17377599
AT4G27010,0.09844583
AT4G27020,0.16011049
AT4G27030,-0.45138854
AT4G27040,0.062369507
AT4G27050,-0.029788718
AT4G27060,-0.043851197
AT4G27070,0.67525
AT4G27080,0.21673128
AT4G27090,-0.03476659
AT4G27100,0.031045431
AT4G27110,-0.004484883
AT4G27120,-0.029464647
AT4G27130,-0.005794091
AT4G27140,-0.012751599
AT4G27150,-0.0012986186
AT4G27160,-0.0037534335
AT4G27170,0.0068953787
AT4G27180,-0.1991844
AT4G27190,-4.4918263e-05
AT4G27220,0.28639993
AT4G27230,-0.11170896
AT4G27240,-0.5750362
AT4G27250,-0.0017224816
AT4G27260,0.7735752
AT4G27270,0.14999646
AT4G27280,0.13782303
AT4G27290,0.023038305
AT4G27300,-0.33776408
AT4G27310,-0.13995942
AT4G27320,0.09076268
AT4G27330,0.02028875
AT4G27340,-0.022372682
AT4G27350,0.09694989
AT4G27360,-0.057360426
AT4G27370,-0.15650764
AT4G27380,0.10420692
AT4G27390,-0.027660491
AT4G27400,0.0044407113
AT4G27410,0.652326
AT4G27415,0.00015809867
AT4G27420,0.0099247005
AT4G27430,-0.24677989
AT4G27435,-0.039171495
AT4G27440,0.0065035606
AT4G27450,-0.2511862
AT4G27460,0.2093952
AT4G27470,0.21635008
AT4G27480,-0.0101615805
AT4G27490,0.19528282
AT4G27500,0.12043986
AT4G27510,0.008359392
AT4G27520,0.018086314
AT4G27530,-0.025875365
AT4G27540,0.32392478
AT4G27550,-0.0040512094
AT4G27560,-0.13063678
AT4G27565,-0.0009617133
AT4G27570,0.0022115724
AT4G27575,0.0
AT4G27585,0.2822925
AT4G27590,0.02919725
AT4G27595,-0.36434674
AT4G27600,-0.0898247
AT4G27610,-0.29092717
AT4G27620,0.046583857
AT4G27630,0.006119687
AT4G27640,-0.026096584
AT4G27650,0.03740921
AT4G27652,0.11967998
AT4G27654,-0.060542665
AT4G27657,0.06486796
AT4G27660,-0.059384648
AT4G27670,0.08272414
AT4G27680,0.35723743
AT4G27690,0.07731217
AT4G27700,-0.06524258
AT4G27710,-0.03732448
AT4G27720,-0.5427514
AT4G27730,0.003156209
AT4G27740,0.39083695
AT4G27745,0.15440169
AT4G27750,0.029232506
AT4G27760,0.040130313
AT4G27780,0.19326508
AT4G27790,0.044722684
AT4G27800,0.009406019
AT4G27810,0.014926667
AT4G27820,-0.22340645
AT4G27830,0.36051592
AT4G27840,-0.0059882645
AT4G27845,0.0047020908
AT4G27850,0.02950514
AT4G27860,0.18935001
AT4G27870,0.059747986
AT4G27880,0.0632936
AT4G27890,0.019080127
AT4G27900,0.056122445
AT4G27910,-0.067431115
AT4G27920,-0.013051018
AT4G27940,-0.08310962
AT4G27950,-0.017111182
AT4G27960,0.02115539
AT4G27970,0.022258626
AT4G27980,0.0076381783
AT4G27990,0.064327665
AT4G28000,0.018850833
AT4G28005,-0.000111367786
AT4G28010,-0.17317644
AT4G28015,0.0
AT4G28025,-0.04626328
AT4G28030,-0.118351266
AT4G28040,0.04706283
AT4G28050,-0.39756814
AT4G28060,0.53116167
AT4G28068,0.0
AT4G28070,-0.057962246
AT4G28080,-0.39701614
AT4G28085,0.3656367
AT4G28088,0.17996176
AT4G28090,0.017509991
AT4G28100,-0.2781427
AT4G28110,0.15778717
AT4G28130,0.00041312928
AT4G28140,1.0134393
AT4G28150,-0.047233045
AT4G28160,0.046121836
AT4G28170,0.15176958
AT4G28180,-0.14783038
AT4G28190,0.0046807798
AT4G28200,0.17514904
AT4G28210,-0.028420884
AT4G28220,-0.28132877
AT4G28230,-0.20745665
AT4G28240,-0.12103677
AT4G28250,-0.4992339
AT4G28260,-0.008616505
AT4G28270,-0.013963572
AT4G28280,-0.44455016
AT4G28290,0.006656196
AT4G28300,0.114176534
AT4G28310,0.0140014505
AT4G28320,-0.13409099
AT4G28330,0.05301734
AT4G28340,0.0847789
AT4G28350,0.13540107
AT4G28365,0.0022000782
AT4G28370,0.1316259
AT4G28380,0.0042143497
AT4G28390,0.5611699
AT4G28395,0.00024364203
AT4G28397,0.00048344207
AT4G28400,-0.059064873
AT4G28405,-0.00031418412
AT4G28410,1.2461242e-05
AT4G28420,0.16218972
AT4G28430,0.024513561
AT4G28440,0.20333754
AT4G28450,0.09408553
AT4G28460,0.87118095
AT4G28470,0.029698817
AT4G28480,0.13957518
AT4G28485,0.035941407
AT4G28490,0.61706424
AT4G28500,-0.056004822
AT4G28510,0.10811373
AT4G28520,-0.0034112793
AT4G28530,-0.009939748
AT4G28540,0.18913569
AT4G28550,0.74621296
AT4G28556,0.05295862
AT4G28560,0.1076583
AT4G28570,0.23543113
AT4G28580,0.006253136
AT4G28590,0.014657326
AT4G28600,0.1409934
AT4G28610,0.0029713344
AT4G28620,-0.009658559
AT4G28630,-0.28056264
AT4G28640,-0.053632148
AT4G28650,0.044911012
AT4G28660,-0.2862277
AT4G28670,0.0016229709
AT4G28680,0.047762465
AT4G28690,-0.0031889263
AT4G28700,-0.06473343
AT4G28703,0.13407217
AT4G28706,-0.24713738
AT4G28710,0.15623207
AT4G28720,-0.08314411
AT4G28730,-0.12552726
AT4G28740,-0.108957
AT4G28750,-0.29820988
AT4G28755,-0.016538361
AT4G28760,-0.2579249
AT4G28770,0.18616551
AT4G28775,0.0013804309
AT4G28780,-0.21075654
AT4G28790,0.04899483
AT4G28800,0.003424366
AT4G28811,0.008362585
AT4G28815,0.0026059411
AT4G28820,0.15786219
AT4G28830,-0.0633816
AT4G28840,-0.012915033
AT4G28850,0.027393583
AT4G28860,0.035139922
AT4G28870,-0.00015870354
AT4G28880,0.07107586
AT4G28890,0.0008991009
AT4G28910,0.27596194
AT4G28920,0.0
AT4G28930,0.035063315
AT4G28940,0.8644682
AT4G28950,-0.0064037344
AT4G28980,-0.003962685
AT4G28990,0.14550379
AT4G29000,0.067476384
AT4G29010,0.1634419
AT4G29020,-0.10030438
AT4G29030,0.05009069
AT4G29033,0.0
AT4G29035,0.0
AT4G29037,5.4256074e-05
AT4G29040,0.18280967
AT4G29050,-0.44748712
AT4G29060,-0.20961584
AT4G29070,-0.015766855
AT4G29080,-0.20930076
AT4G29090,5.4666354e-05
AT4G29100,-0.068915546
AT4G29103,0.0
AT4G29110,0.07398187
AT4G29120,0.028907938
AT4G29130,0.06986123
AT4G29140,0.044250462
AT4G29150,0.051075343
AT4G29160,0.08785261
AT4G29170,-0.047410693
AT4G29180,-0.0037351353
AT4G29190,-0.087786056
AT4G29200,0.056664117
AT4G29210,0.46521538
AT4G29220,-0.047780275
AT4G29230,0.96543235
AT4G29240,-0.18375383
AT4G29250,0.008879271
AT4G29260,0.02785006
AT4G29270,0.013166073
AT4G29273,0.0
AT4G29280,7.2307346e-05
AT4G29283,0.00020976688
AT4G29285,0.0016481405
AT4G29290,3.774662e-05
AT4G29300,0.0
AT4G29305,0.002407949
AT4G29310,-0.24204879
AT4G29330,0.2459051
AT4G29340,0.014645034
AT4G29350,0.10084121
AT4G29360,-0.33870116
AT4G29370,0.0059612193
AT4G29380,0.19922803
AT4G29400,-0.10178522
AT4G29410,-0.00795797
AT4G29420,0.15224452
AT4G29430,-0.013220719
AT4G29440,0.20691119
AT4G29450,0.009894759
AT4G29460,0.0018236566
AT4G29470,0.015628587
AT4G29480,0.14181203
AT4G29490,0.10650117
AT4G29510,0.060369678
AT4G29520,0.3889533
AT4G29530,0.04172424
AT4G29540,-0.0589513
AT4G29548,0.00047014328
AT4G29550,0.0145812575
AT4G29560,0.016874718
AT4G29570,0.0625908
AT4G29580,-0.0014805582
AT4G29590,-0.09529053
AT4G29600,0.00032437211
AT4G29610,-0.045094106
AT4G29620,0.0006939467
AT4G29630,0.0
AT4G29640,-0.019695811
AT4G29650,-0.010366744
AT4G29654,0.00011965885
AT4G29658,0.0034860699
AT4G29660,0.190579
AT4G29670,0.019225609
AT4G29680,0.10007881
AT4G29690,-0.19631402
AT4G29700,-0.016111597
AT4G29710,-0.0026613923
AT4G29720,-0.21244963
AT4G29730,-0.09162419
AT4G29735,0.17087352
AT4G29740,-0.0017278013
AT4G29750,-0.080143005
AT4G29760,-0.027163252
AT4G29770,-0.00074532826
AT4G29780,0.7297429
AT4G29790,0.04948893
AT4G29800,-0.013428097
AT4G29810,0.31944323
AT4G29820,0.06691071
AT4G29830,0.112961486
AT4G29840,0.51408666
AT4G29850,0.42672193
AT4G29860,0.042274732
AT4G29870,0.08813069
AT4G29880,-0.0011176431
AT4G29890,-0.009301354
AT4G29900,0.14264117
AT4G29905,-0.06572199
AT4G29910,-0.08998385
AT4G29920,-0.4836635
AT4G29930,0.029762667
AT4G29940,0.016172864
AT4G29950,0.1288566
AT4G29960,0.19301562
AT4G29970,0.0009430024
AT4G29980,-0.0004902951
AT4G29990,-0.1663333
AT4G30000,-0.10338781
AT4G30010,0.39596108
AT4G30020,-0.57776105
AT4G30030,0.0
AT4G30040,6.585565e-05
AT4G30050,0.0014171746
AT4G30060,-0.4124823
AT4G30064,0.037504468
AT4G30067,2.1602043e-05
AT4G30070,0.0035778116
AT4G30074,3.5181893e-05
AT4G30080,0.038866892
AT4G30090,-0.07457486
AT4G30097,0.0014814697
AT4G30100,0.117487654
AT4G30110,-0.36749473
AT4G30120,-0.069514796
AT4G30130,0.04154397
AT4G30140,0.13119733
AT4G30150,-0.049553707
AT4G30160,-0.005178217
AT4G30170,0.01172262
AT4G30180,-0.09566285
AT4G30190,0.2529095
AT4G30200,-0.024584368
AT4G30210,0.29041728
AT4G30220,0.06536792
AT4G30230,0.66403204
AT4G30240,0.13513932
AT4G30250,-0.10332399
AT4G30260,0.14629366
AT4G30270,0.5266452
AT4G30280,0.8487772
AT4G30290,0.031563275
AT4G30300,0.0029189447
AT4G30310,-0.015768934
AT4G30320,0.008156337
AT4G30330,-0.039198373
AT4G30340,-0.19629966
AT4G30350,0.18650697
AT4G30360,0.13281254
AT4G30370,0.057115696
AT4G30380,0.0013317501
AT4G30390,0.06597711
AT4G30400,-0.43513963
AT4G30410,-0.42603394
AT4G30420,0.009805016
AT4G30430,0.060126435
AT4G30440,-0.21377286
AT4G30450,0.41707668
AT4G30460,0.5918886
AT4G30470,0.112432286
AT4G30480,0.06762936
AT4G30490,0.25243637
AT4G30500,0.07743408
AT4G30510,0.19280031
AT4G30520,-0.19656006
AT4G30530,0.39667985
AT4G30540,0.0058939867
AT4G30550,0.14761253
AT4G30560,-0.08116929
AT4G30570,-0.07675374
AT4G30580,-0.13344723
AT4G30590,0.00013520739
AT4G30600,0.15824805
AT4G30610,-0.42249727
AT4G30620,-0.18888272
AT4G30630,-0.021084543
AT4G30640,0.113334775
AT4G30650,0.0037082075
AT4G30660,-0.04428769
AT4G30662,-0.0047195996
AT4G30670,0.15856709
AT4G30680,-0.058158502
AT4G30690,-0.42025393
AT4G30700,0.011940194
AT4G30710,-0.01453873
AT4G30720,-0.1780682
AT4G30730,0.025285354
AT4G30740,-0.000527013
AT4G30750,0.035615593
AT4G30760,0.06692369
AT4G30770,4.352198e-05
AT4G30780,0.17840736
AT4G30790,0.18728846
AT4G30800,-0.009464977
AT4G30810,-0.008766588
AT4G30825,-0.15301181
AT4G30830,0.025407033
AT4G30840,0.12137883
AT4G30845,-0.17344517
AT4G30850,0.69760644
AT4G30860,0.01884596
AT4G30870,0.049374655
AT4G30880,0.0057970714
AT4G30890,0.13843517
AT4G30900,0.12079209
AT4G30910,0.028663985
AT4G30920,0.010735524
AT4G30930,0.05204951
AT4G30935,0.06452307
AT4G30940,-0.074872635
AT4G30950,-0.24524319
AT4G30960,0.14890763
AT4G30970,-2.2984488e-05
AT4G30980,0.04760094
AT4G30990,0.0408192
AT4G30993,-0.18066138
AT4G30996,-0.018460527
AT4G31000,-0.13582811
AT4G31010,-0.057457477
AT4G31020,0.021227717
AT4G31030,-0.00072172337
AT4G31040,-0.06905469
AT4G31050,-0.090665795
AT4G31060,-0.111956574
AT4G31070,-0.068570636
AT4G31073,0.021793565
AT4G31080,0.0420425
AT4G31100,0.023431582
AT4G31110,0.15519984
AT4G31115,-0.08878414
AT4G31120,-0.033273827
AT4G31130,0.056549016
AT4G31140,-0.1491336
AT4G31150,0.019416392
AT4G31160,-0.012468431
AT4G31170,0.305338
AT4G31180,0.1279399
AT4G31196,4.3063246e-05
AT4G31200,0.04333728
AT4G31210,0.041531757
AT4G31230,0.30697775
AT4G31240,0.4441795
AT4G31250,-0.10722468
AT4G31260,0.00036821634
AT4G31270,-0.061447788
AT4G31280,0.0
AT4G31290,-0.14879733
AT4G31300,0.24120295
AT4G31310,-0.20714815
AT4G31320,-0.0018374382
AT4G31330,0.06214347
AT4G31340,0.1985496
AT4G31350,-0.016836949
AT4G31351,-0.07052817
AT4G31354,-0.01872814
AT4G31355,-0.010561492
AT4G31360,-0.2540159
AT4G31370,0.07368639
AT4G31380,0.008020407
AT4G31390,0.096193865
AT4G31400,0.057713956
AT4G31405,-0.054475963
AT4G31410,0.008194907
AT4G31420,0.5425334
AT4G31430,-0.017287036
AT4G31440,-0.01200226
AT4G31441,0.004813222
AT4G31450,0.031666923
AT4G31470,-0.0044322987
AT4G31480,0.021022689
AT4G31490,0.047227353
AT4G31500,0.34738415
AT4G31510,0.01816244
AT4G31520,-0.072458625
AT4G31530,-0.0086023435
AT4G31540,-0.0023738695
AT4G31550,0.29657987
AT4G31560,0.041365646
AT4G31570,0.091334626
AT4G31580,0.09440791
AT4G31590,-0.29712468
AT4G31600,0.11247796
AT4G31610,-0.01583242
AT4G31615,0.023168763
AT4G31620,0.0009437518
AT4G31630,0.015160579
AT4G31640,-0.0082651265
AT4G31650,-0.14277296
AT4G31660,0.0029232686
AT4G31670,0.18112302
AT4G31680,0.0070722965
AT4G31685,0.002488507
AT4G31690,0.002249292
AT4G31700,0.03652153
AT4G31710,-0.0028287508
AT4G31715,0.00049538264
AT4G31720,0.026287954
AT4G31730,-0.09553161
AT4G31740,-0.0028760307
AT4G31750,0.30264148
AT4G31760,-0.00016049325
AT4G31770,0.31190786
AT4G31780,-0.019396601
AT4G31790,0.069133356
AT4G31800,0.27258524
AT4G31805,-0.03500973
AT4G31810,0.05992507
AT4G31820,-0.23504637
AT4G31830,0.0057177288
AT4G31840,-0.16733025
AT4G31850,-0.09593245
AT4G31860,0.19520566
AT4G31870,0.049586456
AT4G31875,0.08291424
AT4G31880,0.025773382
AT4G31890,-0.2672005
AT4G31900,0.0024983704
AT4G31910,-0.016546005
AT4G31920,0.008719228
AT4G31930,0.0025525389
AT4G31940,-0.03965404
AT4G31950,0.12336154
AT4G31960,0.085365504
AT4G31970,1.3658549
AT4G31980,0.17968453
AT4G31990,0.10806164
AT4G32000,-0.24863616
AT4G32010,0.10815747
AT4G32020,0.03156454
AT4G32030,-0.024920337
AT4G32040,0.28684542
AT4G32050,0.03597979
AT4G32060,-0.033631172
AT4G32070,0.54122794
AT4G32080,0.0090158675
AT4G32090,0.00034048178
AT4G32100,2.0499776e-05
AT4G32105,0.0026419228
AT4G32110,0.00060973514
AT4G32120,-0.09549849
AT4G32130,0.20516324
AT4G32140,0.13134518
AT4G32150,0.12128396
AT4G32160,0.06699763
AT4G32170,0.004732151
AT4G32175,-0.056905918
AT4G32180,0.33933383
AT4G32190,-0.21952264
AT4G32200,0.1702868
AT4G32208,0.057693683
AT4G32210,0.40067127
AT4G32230,4.871974e-05
AT4G32240,0.025086867
AT4G32250,0.57492846
AT4G32260,-0.24926062
AT4G32272,0.18129864
AT4G32280,-0.30183625
AT4G32285,0.059877057
AT4G32290,-0.10678327
AT4G32295,-0.2698956
AT4G32300,-0.0079717375
AT4G32320,0.018943401
AT4G32330,-0.30912885
AT4G32340,0.04897451
AT4G32342,-0.04972427
AT4G32350,-0.27536094
AT4G32360,-0.10864452
AT4G32370,0.0
AT4G32375,-4.9345595e-05
AT4G32380,0.0001390982
AT4G32390,0.1321537
AT4G32400,0.16428907
AT4G32410,-0.08076213
AT4G32420,-0.004326793
AT4G32430,-0.0011331993
AT4G32440,0.071684375
AT4G32450,-0.051688235
AT4G32460,-0.14418441
AT4G32470,0.22125374
AT4G32480,0.10327144
AT4G32490,0.012725559
AT4G32500,-0.0034494877
AT4G32510,-0.021689884
AT4G32520,0.010744437
AT4G32530,0.062185656
AT4G32535,0.00898422
AT4G32540,0.012997543
AT4G32551,0.0043496406
AT4G32560,-0.04317272
AT4G32570,-0.29831976
AT4G32580,-0.0001398293
AT4G32590,-0.16854799
AT4G32600,0.012424778
AT4G32610,0.006752025
AT4G32620,0.003351259
AT4G32630,-0.051368028
AT4G32640,0.13554336
AT4G32650,0.3555897
AT4G32660,0.0816712
AT4G32670,-0.15893525
AT4G32680,0.17549725
AT4G32690,0.26549214
AT4G32700,-0.057795145
AT4G32710,-0.34800422
AT4G32714,0.00027014123
AT4G32717,0.0
AT4G32720,0.02816594
AT4G32730,0.06672195
AT4G32750,-0.05137416
AT4G32760,0.08303656
AT4G32770,0.029444091
AT4G32780,-0.014669887
AT4G32790,-0.1948902
AT4G32800,-0.10571458
AT4G32810,0.8701269
AT4G32820,-0.1388626
AT4G32830,-0.027144386
AT4G32840,-0.16298877
AT4G32850,-0.038652953
AT4G32860,0.024456125
AT4G32870,0.5447607
AT4G32880,-0.031336207
AT4G32890,-0.28961298
AT4G32900,0.1507083
AT4G32910,0.007260126
AT4G32915,0.05885837
AT4G32920,-0.005977344
AT4G32930,0.15234266
AT4G32940,-0.1245265
AT4G32950,-0.059766933
AT4G32960,0.08773164
AT4G32970,0.06728572
AT4G32980,-0.11103153
AT4G32990,-0.08895595
AT4G33000,-0.3096763
AT4G33010,-0.47308573
AT4G33020,0.26171252
AT4G33030,-0.050795164
AT4G33040,0.47459137
AT4G33050,0.6452702
AT4G33060,-0.052505083
AT4G33070,0.23935442
AT4G33080,-0.013269503
AT4G33090,0.19507805
AT4G33100,0.15433371
AT4G33110,-0.113202006
AT4G33120,0.017134989
AT4G33130,-0.015690675
AT4G33140,0.021018164
AT4G33145,-0.007425079
AT4G33150,0.35228148
AT4G33160,0.12776427
AT4G33170,0.030706502
AT4G33180,0.004001383
AT4G33200,-0.05193015
AT4G33210,0.03314973
AT4G33220,-0.30600512
AT4G33230,-0.0013882548
AT4G33240,0.080458924
AT4G33250,0.054905936
AT4G33260,-0.15287149
AT4G33270,-0.21947159
AT4G33280,0.011273434
AT4G33290,-0.0021557289
AT4G33300,0.2886167
AT4G33310,0.008785934
AT4G33320,-0.008512507
AT4G33330,-0.018745178
AT4G33350,-0.008713237
AT4G33355,0.010874485
AT4G33360,0.34170204
AT4G33370,0.06788304
AT4G33380,-0.1366453
AT4G33390,0.003957268
AT4G33400,-0.045581922
AT4G33410,-0.0062578977
AT4G33420,0.09622148
AT4G33430,0.23275551
AT4G33440,-0.08766047
AT4G33450,0.011700665
AT4G33460,-0.013052996
AT4G33465,0.08524398
AT4G33467,1.6412128
AT4G33470,-0.03453031
AT4G33480,-0.042180702
AT4G33490,0.013424009
AT4G33495,-0.028364543
AT4G33500,-0.17097609
AT4G33510,0.1060177
AT4G33520,-0.0018925128
AT4G33530,-0.0296559
AT4G33540,0.6704622
AT4G33550,0.030548293
AT4G33560,0.022750013
AT4G33565,0.24311903
AT4G33580,-0.053388543
AT4G33585,0.0080437455
AT4G33590,0.0004123293
AT4G33600,-0.00043402135
AT4G33610,-0.009982228
AT4G33620,0.07664592
AT4G33625,-0.19086558
AT4G33630,0.01552769
AT4G33640,0.08814385
AT4G33650,0.107979245
AT4G33660,-0.05510264
AT4G33666,-0.14492793
AT4G33670,0.016925806
AT4G33680,-0.08688626
AT4G33690,0.029228874
AT4G33700,0.033914614
AT4G33710,0.0037346417
AT4G33720,0.024402373
AT4G33730,0.009983131
AT4G33740,-0.08352417
AT4G33760,0.012737773
AT4G33770,-0.018139645
AT4G33780,0.3145299
AT4G33790,-0.037613533
AT4G33800,0.0011501596
AT4G33810,-0.02724485
AT4G33820,0.005309721
AT4G33830,0.00019440688
AT4G33840,0.0048055695
AT4G33860,0.008009742
AT4G33870,-0.0025753211
AT4G33880,0.00033147668
AT4G33885,0.0050334577
AT4G33890,0.070613295
AT4G33900,0.051246107
AT4G33900,0.051246107
AT4G33910,0.19581482
AT4G33920,0.56940675
AT4G33925,-0.03329773
AT4G33930,0.3415429
AT4G33940,0.16860028
AT4G33950,0.0023026003
AT4G33960,0.053451233
AT4G33970,-0.009703325
AT4G33980,0.1326864
AT4G33990,-0.10539505
AT4G34000,-0.23189397
AT4G34020,-0.017035022
AT4G34030,0.098368034
AT4G34040,0.16975331
AT4G34050,0.051371906
AT4G34060,-0.32630444
AT4G34070,0.07771087
AT4G34080,0.0014195633
AT4G34090,-0.36224687
AT4G34100,0.037486196
AT4G34110,0.08786113
AT4G34120,0.3560631
AT4G34131,0.7774427
AT4G34135,0.6514336
AT4G34138,0.14186491
AT4G34139,-0.0013875561
AT4G34140,-0.002070574
AT4G34150,0.41828698
AT4G34160,-0.5323718
AT4G34170,0.0006105067
AT4G34180,0.614128
AT4G34190,-0.1530074
AT4G34200,1.2698886
AT4G34210,0.087745935
AT4G34215,0.013792898
AT4G34220,-0.61392194
AT4G34230,0.8415211
AT4G34240,0.0022604223
AT4G34250,-0.023360433
AT4G34260,-0.22191456
AT4G34265,0.034114785
AT4G34270,0.08272734
AT4G34280,0.021245431
AT4G34290,-0.21555284
AT4G34300,-0.0004577482
AT4G34310,0.19823195
AT4G34320,0.06055462
AT4G34330,0.0017640956
AT4G34340,0.20151514
AT4G34345,-0.002286569
AT4G34350,-0.18619992
AT4G34360,-0.04373649
AT4G34370,-0.018807722
AT4G34380,0.5973956
AT4G34390,0.66843426
AT4G34400,0.15566202
AT4G34410,0.39152056
AT4G34412,0.23316948
AT4G34420,-0.072766654
AT4G34430,0.049735736
AT4G34440,0.011164807
AT4G34450,0.047718033
AT4G34460,0.25453135
AT4G34470,0.034709975
AT4G34480,-0.07832213
AT4G34490,-0.074980795
AT4G34500,-0.044802897
AT4G34510,0.0060662422
AT4G34520,-0.008455474
AT4G34530,-0.34306908
AT4G34540,0.025251966
AT4G34550,-0.07062012
AT4G34555,-0.0015801871
AT4G34560,-0.3984069
AT4G34570,-0.07876326
AT4G34580,-0.02364118
AT4G34590,-0.0028728805
AT4G34600,-0.10223045
AT4G34610,-0.22759517
AT4G34620,-0.22797835
AT4G34630,0.084455445
AT4G34640,-0.0703916
AT4G34650,-0.30208716
AT4G34660,0.0707816
AT4G34670,-0.011220837
AT4G34680,-0.15492257
AT4G34690,-0.0014741541
AT4G34700,0.054228082
AT4G34710,0.76668245
AT4G34720,0.043516237
AT4G34730,-0.24945752
AT4G34740,0.03694457
AT4G34750,-0.081555255
AT4G34760,-0.30120513
AT4G34770,-0.15095201
AT4G34780,0.0028509442
AT4G34790,-0.30789542
AT4G34800,0.004357841
AT4G34810,-0.06017624
AT4G34830,-0.18376514
AT4G34840,-0.0343222
AT4G34850,-0.029757235
AT4G34860,0.27007097
AT4G34870,0.10902467
AT4G34880,0.05286635
AT4G34881,0.017386524
AT4G34890,0.30093104
AT4G34900,-0.3012992
AT4G34910,-0.005503769
AT4G34920,0.06598731
AT4G34930,0.03278649
AT4G34940,-0.008167538
AT4G34950,0.8877791
AT4G34960,-0.0044192877
AT4G34970,0.025984637
AT4G34980,-0.26351342
AT4G34990,-0.18462847
AT4G35000,0.063332215
AT4G35010,-0.015395459
AT4G35020,-0.11798523
AT4G35025,-4.590883e-05
AT4G35030,-0.008629026
AT4G35040,0.09949231
AT4G35050,0.024591956
AT4G35060,0.04116007
AT4G35070,0.006700173
AT4G35080,0.1243556
AT4G35090,-0.24028322
AT4G35100,-0.38064027
AT4G35110,0.153264
AT4G35120,0.0007615826
AT4G35130,-0.039472155
AT4G35140,0.008371728
AT4G35150,0.00034317473
AT4G35160,0.85040945
AT4G35165,0.26858988
AT4G35170,0.59685504
AT4G35180,0.96149373
AT4G35190,0.101896346
AT4G35200,0.006066779
AT4G35210,0.007105772
AT4G35220,0.074865736
AT4G35230,0.10271841
AT4G35240,0.08421631
AT4G35250,-0.41431418
AT4G35260,0.3950628
AT4G35270,-0.13943255
AT4G35280,0.00022901667
AT4G35290,-0.22915995
AT4G35295,-0.016051807
AT4G35300,-0.15488419
AT4G35310,0.17797764
AT4G35320,-0.36272502
AT4G35335,-0.011805196
AT4G35350,0.054968424
AT4G35360,0.20399569
AT4G35370,-0.00041726418
AT4G35375,4.5221415e-05
AT4G35380,-0.36274278
AT4G35390,-0.0034843874
AT4G35410,-0.023599878
AT4G35420,-0.3237996
AT4G35430,0.0048291464
AT4G35440,-0.22257566
AT4G35450,-0.14128159
AT4G35460,-0.028131496
AT4G35470,-0.24776264
AT4G35480,0.25880608
AT4G35485,0.00088421017
AT4G35490,0.019439865
AT4G35500,0.30434498
AT4G35510,-0.011447616
AT4G35519,0.0
AT4G35520,0.0075423084
AT4G35530,-0.037857875
AT4G35540,-0.19796747
AT4G35550,0.025342537
AT4G35560,-0.18057664
AT4G35570,-0.117270336
AT4G35580,0.2204594
AT4G35590,0.040533576
AT4G35600,0.10602492
AT4G35610,0.0
AT4G35620,-0.0676738
AT4G35630,1.2497094
AT4G35640,0.02999458
AT4G35650,-0.0016511627
AT4G35655,-0.00941724
AT4G35660,0.006950723
AT4G35670,6.299685e-05
AT4G35680,0.001079785
AT4G35685,0.015418944
AT4G35690,-0.0040228697
AT4G35700,5.656958e-12
AT4G35710,0.000709394
AT4G35720,-0.00798673
AT4G35725,9.572126e-05
AT4G35730,-0.11902747
AT4G35733,0.0010542591
AT4G35740,0.038684078
AT4G35750,0.038529247
AT4G35760,-0.1635721
AT4G35770,-0.14892681
AT4G35780,-0.031343784
AT4G35783,-0.23507588
AT4G35785,0.07528153
AT4G35790,0.2979542
AT4G35800,-0.034923557
AT4G35810,0.024327185
AT4G35820,-0.00011945825
AT4G35830,0.12778862
AT4G35840,-0.102648675
AT4G35850,0.0033460464
AT4G35860,0.31554878
AT4G35870,0.055835582
AT4G35880,-0.03261585
AT4G35890,0.25616345
AT4G35900,-0.1162891
AT4G35905,0.030538213
AT4G35910,0.04194662
AT4G35920,-0.6459213
AT4G35930,-0.23622707
AT4G35940,0.024039239
AT4G35950,-0.18213806
AT4G35970,-0.19524351
AT4G35985,-0.10053856
AT4G35987,-0.022099815
AT4G36000,-0.018776204
AT4G36010,0.16513452
AT4G36020,0.17143023
AT4G36030,0.42051497
AT4G36040,0.198895
AT4G36050,-0.044416748
AT4G36060,-0.042747013
AT4G36070,-0.0008816356
AT4G36080,0.06397736
AT4G36090,0.26946118
AT4G36100,-0.008942941
AT4G36105,-0.104410276
AT4G36110,0.20265229
AT4G36120,-0.08612337
AT4G36130,0.020165429
AT4G36140,0.049572885
AT4G36150,0.28440225
AT4G36160,0.0804984
AT4G36170,-0.0027386711
AT4G36180,-0.18884414
AT4G36190,-0.14203532
AT4G36195,0.19645505
AT4G36210,0.24918154
AT4G36220,0.12992528
AT4G36230,-0.10024675
AT4G36240,-0.66136426
AT4G36250,-0.01251383
AT4G36260,0.050807577
AT4G36270,-0.26285192
AT4G36280,-0.3637539
AT4G36290,-0.054350257
AT4G36350,-0.0020973897
AT4G36360,-0.44478872
AT4G36370,0.0
AT4G36380,-0.06818151
AT4G36390,0.10541688
AT4G36400,0.10614953
AT4G36410,-0.07326351
AT4G36420,-0.030415218
AT4G36430,0.72336215
AT4G36440,0.012054233
AT4G36450,0.34015906
AT4G36460,-0.0010192438
AT4G36470,-0.13133913
AT4G36480,0.07274605
AT4G36490,0.0049306555
AT4G36500,0.3884819
AT4G36510,0.009086246
AT4G36515,-0.057075582
AT4G36520,0.08026114
AT4G36530,-0.11701671
AT4G36540,-0.6000196
AT4G36550,0.07851525
AT4G36560,0.0
AT4G36570,-0.46740142
AT4G36580,0.003606204
AT4G36590,-0.017426131
AT4G36600,-0.014649018
AT4G36610,0.0023356925
AT4G36620,0.002541625
AT4G36630,0.027965115
AT4G36640,0.5925305
AT4G36650,0.122677185
AT4G36660,-0.0503399
AT4G36670,0.35528773
AT4G36680,0.16756918
AT4G36690,-0.01186256
AT4G36700,0.13687913
AT4G36710,0.10024206
AT4G36720,0.18904439
AT4G36730,-0.022256399
AT4G36740,0.008353606
AT4G36750,0.1404238
AT4G36760,0.34074253
AT4G36770,-0.02059763
AT4G36780,0.05070279
AT4G36790,0.0057414705
AT4G36791,0.035510812
AT4G36795,0.060574833
AT4G36800,0.12206367
AT4G36810,-0.04897027
AT4G36820,1.2036434
AT4G36830,-0.04862943
AT4G36840,-0.006557346
AT4G36850,-0.035660468
AT4G36860,0.12114126
AT4G36870,-0.052913588
AT4G36880,0.7687949
AT4G36890,0.08785096
AT4G36900,-0.002296344
AT4G36910,-0.028336454
AT4G36920,-0.037885673
AT4G36925,0.0074374904
AT4G36930,-0.07137209
AT4G36940,-0.029600728
AT4G36945,0.35399982
AT4G36950,1.047652
AT4G36960,-0.0019270694
AT4G36970,-0.031806853
AT4G36980,-0.13767724
AT4G36990,1.02068
AT4G37000,-0.14563794
AT4G37010,1.4452715
AT4G37020,-0.08658549
AT4G37022,0.0041771727
AT4G37030,0.18096161
AT4G37040,-0.016697424
AT4G37050,0.019324627
AT4G37060,0.011103855
AT4G37070,0.06811164
AT4G37080,-0.25578707
AT4G37090,-0.035922635
AT4G37095,0.0037593434
AT4G37100,-0.45024902
AT4G37110,-0.5229822
AT4G37120,0.09762443
AT4G37130,0.062241733
AT4G37140,0.14432786
AT4G37150,0.85930365
AT4G37160,0.010564396
AT4G37170,-0.10310701
AT4G37180,0.24946883
AT4G37190,0.06261844
AT4G37200,0.008660399
AT4G37210,0.13619709
AT4G37220,-0.064350665
AT4G37230,-0.008911564
AT4G37235,0.03538474
AT4G37240,-0.13254115
AT4G37250,-0.19657552
AT4G37260,0.2737446
AT4G37270,0.011504536
AT4G37280,-0.22197026
AT4G37290,0.83878475
AT4G37295,0.40770787
AT4G37300,-0.089737706
AT4G37310,0.6428427
AT4G37320,0.62360823
AT4G37330,0.0040611834
AT4G37340,0.08370275
AT4G37360,0.014859698
AT4G37370,1.4512198
AT4G37380,-0.05852121
AT4G37390,2.0417242
AT4G37400,-0.24371497
AT4G37409,0.014189667
AT4G37410,0.24477777
AT4G37420,0.20803957
AT4G37430,0.10383434
AT4G37435,0.00013993427
AT4G37440,-0.025326356
AT4G37445,-0.029801238
AT4G37450,-0.034151834
AT4G37460,0.00078898657
AT4G37470,-0.18106371
AT4G37480,-0.15372674
AT4G37483,0.0017577922
AT4G37490,0.081015565
AT4G37500,-9.906501e-05
AT4G37510,-0.11056629
AT4G37520,0.9556033
AT4G37530,0.72698414
AT4G37540,0.11383632
AT4G37550,-0.34354228
AT4G37560,-0.26890463
AT4G37580,-0.11852635
AT4G37590,-0.3864621
AT4G37600,0.0
AT4G37610,0.17654765
AT4G37630,-0.19710007
AT4G37640,0.37005395
AT4G37650,-0.21917953
AT4G37660,0.27894768
AT4G37670,0.10321697
AT4G37680,-0.048194453
AT4G37682,-0.14697883
AT4G37685,0.0001899217
AT4G37690,-0.10832925
AT4G37700,-0.20674212
AT4G37710,0.06143174
AT4G37720,0.008921378
AT4G37730,-0.026294772
AT4G37740,-0.08546298
AT4G37750,-0.34253615
AT4G37760,-0.03291531
AT4G37770,0.48271352
AT4G37780,0.12670194
AT4G37790,0.054310076
AT4G37800,-0.93955135
AT4G37810,0.048520707
AT4G37820,-1.5581958e-05
AT4G37830,0.10766482
AT4G37840,0.01846351
AT4G37850,0.052838556
AT4G37860,0.0033260947
AT4G37870,0.09094389
AT4G37880,0.13573727
AT4G37890,-0.14638938
AT4G37900,0.7590604
AT4G37910,0.18167208
AT4G37920,-0.1486108
AT4G37925,-0.5165445
AT4G37930,-0.5613092
AT4G37940,0.016836278
AT4G37950,-0.0065011457
AT4G37970,-0.017455727
AT4G37980,0.045984305
AT4G37990,3.259899
AT4G38000,0.8446043
AT4G38005,-0.00033709334
AT4G38010,-0.04964934
AT4G38020,-0.16126065
AT4G38030,0.26289928
AT4G38040,-0.04519399
AT4G38050,-0.3003843
AT4G38060,0.5058029
AT4G38062,-0.087079704
AT4G38065,0.005557608
AT4G38070,0.00079611223
AT4G38080,0.01434647
AT4G38090,0.027637757
AT4G38092,-0.08898383
AT4G38100,0.107543685
AT4G38120,-0.0529712
AT4G38130,0.08406897
AT4G38140,0.009989287
AT4G38150,0.13450928
AT4G38160,-0.20309474
AT4G38170,-0.0045330455
AT4G38180,0.052204523
AT4G38190,0.00044455958
AT4G38200,0.048289537
AT4G38210,-0.04243302
AT4G38213,-0.017343756
AT4G38220,0.015681881
AT4G38225,0.07104922
AT4G38230,0.0944602
AT4G38240,0.02438769
AT4G38250,0.24400863
AT4G38260,0.34666398
AT4G38270,0.050583992
AT4G38280,-0.050996598
AT4G38300,-0.05583734
AT4G38310,-0.06726117
AT4G38320,-0.11736625
AT4G38330,-0.16608022
AT4G38340,-0.2847003
AT4G38350,-0.11158096
AT4G38360,0.19150873
AT4G38370,-0.1159779
AT4G38380,0.019325804
AT4G38390,0.031604253
AT4G38400,-0.17685908
AT4G38401,1.9149578e-05
AT4G38405,0.0
AT4G38410,-0.01630402
AT4G38420,0.07584666
AT4G38430,-0.27149814
AT4G38440,-0.0019243858
AT4G38460,0.20096117
AT4G38470,0.0770023
AT4G38480,-0.11633171
AT4G38490,0.028006595
AT4G38495,0.020986386
AT4G38500,0.034867328
AT4G38510,0.024741562
AT4G38520,-0.024724785
AT4G38530,-0.1743075
AT4G38540,0.5174958
AT4G38550,0.2048681
AT4G38560,0.21678345
AT4G38570,-0.13663344
AT4G38580,0.17756273
AT4G38590,-0.0023657214
AT4G38600,0.07886004
AT4G38620,-0.016915668
AT4G38630,0.2605671
AT4G38640,0.018859258
AT4G38650,-0.013855181
AT4G38660,-0.26047438
AT4G38670,-0.02440449
AT4G38680,-0.0029738392
AT4G38690,-0.5443189
AT4G38700,-0.16252972
AT4G38710,0.09022164
AT4G38730,-0.0428923
AT4G38740,0.18442078
AT4G38760,-0.049020547
AT4G38770,-0.36871976
AT4G38775,-0.005062516
AT4G38780,0.058221377
AT4G38781,0.00040874718
AT4G38790,0.34092784
AT4G38800,0.014642341
AT4G38810,0.035832442
AT4G38820,-0.01587811
AT4G38825,-0.23178278
AT4G38830,0.025664598
AT4G38840,-0.4347153
AT4G38850,-0.0711805
AT4G38860,-0.44723782
AT4G38870,0.053669885
AT4G38880,-0.0014065028
AT4G38890,-0.028254086
AT4G38900,0.006475658
AT4G38905,0.014050749
AT4G38910,-0.06248514
AT4G38920,0.09140362
AT4G38930,0.1341745
AT4G38940,0.4566833
AT4G38950,-0.07953587
AT4G38960,-0.11329117
AT4G38970,-0.55988944
AT4G38980,-0.00024641398
AT4G38990,0.0
AT4G39000,0.012227012
AT4G39010,-0.03812766
AT4G39020,0.02438419
AT4G39030,1.0975951
AT4G39040,-0.20040955
AT4G39050,-0.17715213
AT4G39060,0.014814401
AT4G39070,0.043584686
AT4G39080,0.10744984
AT4G39090,0.38604796
AT4G39100,-0.015511072
AT4G39110,0.0123209795
AT4G39120,-0.12151458
AT4G39130,-9.167552e-05
AT4G39140,0.24008048
AT4G39150,-0.02513827
AT4G39160,0.06294746
AT4G39170,0.025336754
AT4G39180,-0.050733373
AT4G39190,-0.2815413
AT4G39200,-0.1989889
AT4G39210,-0.16089144
AT4G39220,0.034367956
AT4G39230,0.69491345
AT4G39235,-0.02691774
AT4G39240,0.049016617
AT4G39250,-0.022345083
AT4G39260,0.031738613
AT4G39270,0.8475877
AT4G39280,-0.024541015
AT4G39290,-0.00041079946
AT4G39300,0.035831336
AT4G39320,0.027597532
AT4G39330,-0.18788168
AT4G39340,-0.0004579723
AT4G39350,-0.38416526
AT4G39360,0.09229789
AT4G39370,0.16224541
AT4G39380,0.059804067
AT4G39390,0.2505501
AT4G39400,-0.21139586
AT4G39403,-0.00048028285
AT4G39410,-0.15467747
AT4G39420,0.03496196
AT4G39460,-0.13271892
AT4G39470,-0.02994888
AT4G39490,0.0014321451
AT4G39500,0.0113433115
AT4G39510,-0.37216863
AT4G39520,0.12255356
AT4G39530,-0.085824594
AT4G39540,0.06621412
AT4G39550,-0.08219682
AT4G39560,-0.07297721
AT4G39570,-0.14003058
AT4G39580,0.24738957
AT4G39590,-0.0016512813
AT4G39600,-0.31561804
AT4G39610,0.39473918
AT4G39620,-0.05930784
AT4G39630,-0.052510858
AT4G39640,0.15442581
AT4G39650,0.11145776
AT4G39660,0.057549402
AT4G39670,1.6026965
AT4G39675,0.1928553
AT4G39680,-0.0064741857
AT4G39690,0.13659535
AT4G39700,-0.10375297
AT4G39710,-0.5542746
AT4G39720,0.21698608
AT4G39730,0.11114716
AT4G39740,0.41414875
AT4G39745,0.0
AT4G39750,0.00012544707
AT4G39753,-0.00023009384
AT4G39756,-0.015863376
AT4G39760,0.00017817202
AT4G39770,-0.3168061
AT4G39780,0.27671397
AT4G39790,-0.10145398
AT4G39795,-0.06524668
AT4G39800,-0.711126
AT4G39810,-0.039161164
AT4G39820,0.2811006
AT4G39830,1.1761785
AT4G39840,-0.28401384
AT4G39850,0.19397096
AT4G39860,-0.0151399635
AT4G39870,0.1443825
AT4G39880,0.036195803
AT4G39890,0.42247587
AT4G39900,-0.21922286
AT4G39910,-0.034579888
AT4G39917,0.0
AT4G39920,0.0016155939
AT4G39925,-0.04702547
AT4G39930,-0.0015714903
AT4G39940,0.2637954
AT4G39950,1.9746276
AT4G39952,-0.02460504
AT4G39955,0.51911056
AT4G39960,0.052758105
AT4G39970,-0.3329022
AT4G39980,0.600112
AT4G39990,0.003181498
AT4G40000,-0.08008737
AT4G40010,0.15205999
AT4G40011,-0.017184455
AT4G40020,0.639854
AT4G40030,-0.005238927
AT4G40042,0.09276071
AT4G40045,-0.22722732
AT4G40050,0.08562938
AT4G40060,-0.11841769
AT4G40063,0.015858222
AT4G40070,-0.048861727
AT4G40080,-0.015046524
AT4G40090,-0.033514127
AT4G40100,-0.0012034222
AT5G00585,0.0
AT5G01010,0.15674861
AT5G01015,-0.3255584
AT5G01017,0.002668631
AT5G01020,-0.18707004
AT5G01030,-0.0044964314
AT5G01040,0.024390431
AT5G01050,0.08278953
AT5G01060,-0.007858472
AT5G01070,-0.009535834
AT5G01075,-0.14879537
AT5G01080,0.0077900435
AT5G01090,-0.50380445
AT5G01100,0.8032883
AT5G01110,-0.13084139
AT5G01120,-0.01778869
AT5G01130,4.352198e-05
AT5G01140,0.0
AT5G01150,0.0023028424
AT5G01160,0.082433596
AT5G01170,-0.15962556
AT5G01180,0.005015456
AT5G01190,-0.10087404
AT5G01200,-0.09068362
AT5G01210,0.92258996
AT5G01220,-0.017470378
AT5G01225,0.27080134
AT5G01230,0.010673322
AT5G01240,-0.6161352
AT5G01250,0.5583188
AT5G01260,-0.08572052
AT5G01270,0.036543608
AT5G01280,0.002327091
AT5G01290,0.022768382
AT5G01300,0.38838205
AT5G01305,0.0010836169
AT5G01310,0.0030325812
AT5G01320,-0.14883436
AT5G01330,-0.006905468
AT5G01340,0.4021417
AT5G01350,0.049505517
AT5G01360,0.01925256
AT5G01370,-0.14138374
AT5G01380,0.54987276
AT5G01390,-0.06460619
AT5G01400,0.07249757
AT5G01410,0.06985162
AT5G01420,0.003447293
AT5G01440,0.0
AT5G01445,-0.026275715
AT5G01450,0.23119703
AT5G01460,-0.0029146846
AT5G01470,-0.1981745
AT5G01480,-0.009842801
AT5G01490,1.0486751
AT5G01500,0.6671982
AT5G01510,-0.00019309227
AT5G01520,0.058797933
AT5G01530,-0.36472398
AT5G01540,0.13765526
AT5G01550,1.5819871
AT5G01560,0.16767022
AT5G01570,-0.0481656
AT5G01580,-0.018152116
AT5G01590,-0.25988832
AT5G01600,0.55546254
AT5G01610,0.16698134
AT5G01620,-0.08465557
AT5G01630,0.011036225
AT5G01640,0.88326395
AT5G01650,0.05171818
AT5G01660,-0.10243541
AT5G01670,-0.0013282069
AT5G01680,0.005892811
AT5G01690,0.0033424129
AT5G01700,-0.033077497
AT5G01710,-0.00712052
AT5G01720,0.39653015
AT5G01730,-0.059547454
AT5G01740,-0.105448835
AT5G01750,-0.07131451
AT5G01760,0.10269227
AT5G01770,-0.12725109
AT5G01780,-0.043542303
AT5G01790,-0.24924129
AT5G01800,0.082842074
AT5G01810,0.030228876
AT5G01820,0.2310413
AT5G01830,0.5715712
AT5G01840,0.081714585
AT5G01850,0.32657957
AT5G01860,0.0142414905
AT5G01870,0.045940872
AT5G01880,-0.041060127
AT5G01881,-0.026823955
AT5G01890,-0.17982447
AT5G01895,-0.001214102
AT5G01900,0.20841794
AT5G01910,0.01760004
AT5G01920,-0.4642984
AT5G01930,0.018882576
AT5G01940,0.05769777
AT5G01950,0.073569894
AT5G01960,0.19082305
AT5G01970,0.03568664
AT5G01980,0.28910083
AT5G01990,0.11382513
AT5G02000,0.00021022107
AT5G02010,-0.21054865
AT5G02020,-0.0416812
AT5G02030,-0.080022976
AT5G02040,0.6882123
AT5G02050,0.14561974
AT5G02060,-0.039630555
AT5G02065,0.054301582
AT5G02070,0.011722292
AT5G02080,-0.0537896
AT5G02090,0.07387641
AT5G02100,0.46512932
AT5G02110,-0.004778793
AT5G02120,-0.25311977
AT5G02130,0.03523952
AT5G02140,-0.014721236
AT5G02150,0.003809584
AT5G02160,-0.39678958
AT5G02170,0.020921921
AT5G02180,-0.3127233
AT5G02190,-0.19311099
AT5G02200,-1.4706701
AT5G02210,0.0014909467
AT5G02220,0.031445764
AT5G02230,-0.11227566
AT5G02240,0.041093424
AT5G02250,-0.1674748
AT5G02260,0.040978067
AT5G02270,0.1682879
AT5G02280,-0.048526056
AT5G02290,0.055111114
AT5G02310,0.04336153
AT5G02320,0.039272044
AT5G02330,-0.04373117
AT5G02340,0.00038901268
AT5G02350,-0.0076669645
AT5G02360,0.0076181036
AT5G02370,-0.13032241
AT5G02380,0.042819727
AT5G02390,-0.010121298
AT5G02400,-0.10805314
AT5G02410,0.11678262
AT5G02420,0.3521122
AT5G02430,-0.017635185
AT5G02440,-0.06444184
AT5G02450,0.013493455
AT5G02460,-0.09359811
AT5G02470,-0.01136807
AT5G02480,-0.028923694
AT5G02490,0.7539668
AT5G02500,0.059806872
AT5G02502,0.25129572
AT5G02510,0.00462596
AT5G02520,-0.042749725
AT5G02530,0.052967977
AT5G02540,-0.1674982
AT5G02550,0.052278638
AT5G02560,-0.015680995
AT5G02570,0.11032784
AT5G02580,-0.004932806
AT5G02590,0.1664685
AT5G02600,0.10646575
AT5G02610,0.034121267
AT5G02620,0.20199664
AT5G02630,0.21188255
AT5G02640,0.023737796
AT5G02650,-0.029061526
AT5G02660,0.0011094942
AT5G02670,-0.20931455
AT5G02680,0.0016630562
AT5G02690,-0.027550623
AT5G02700,0.00082531123
AT5G02710,-0.23303477
AT5G02720,0.011526883
AT5G02730,0.0015213094
AT5G02740,0.003985837
AT5G02750,-0.033156753
AT5G02760,-0.6335872
AT5G02770,-0.026795834
AT5G02780,1.3069031
AT5G02790,-0.0063815354
AT5G02800,0.019941457
AT5G02810,-0.09134549
AT5G02820,0.07407253
AT5G02830,-0.34521124
AT5G02840,-0.10848583
AT5G02850,0.044142876
AT5G02860,-0.045775577
AT5G02870,0.058240026
AT5G02880,0.28523967
AT5G02890,-0.3391196
AT5G02900,0.0059016827
AT5G02910,0.02812007
AT5G02920,0.00032074057
AT5G02930,-0.0069767917
AT5G02940,-0.12584451
AT5G02950,-0.22878046
AT5G02960,-0.0037029833
AT5G02970,-0.022423543
AT5G02980,0.00042206142
AT5G02995,0.0
AT5G03000,0.0004839436
AT5G03010,0.0015505094
AT5G03020,0.018558124
AT5G03030,0.32141227
AT5G03040,-0.26125258
AT5G03050,-0.27407065
AT5G03070,-0.13288362
AT5G03080,0.16501217
AT5G03090,0.0054872273
AT5G03100,-0.022305725
AT5G03110,0.05306674
AT5G03120,-0.47276255
AT5G03130,-0.22215456
AT5G03140,-0.25606957
AT5G03150,-0.2614295
AT5G03160,0.38805136
AT5G03170,-0.19717984
AT5G03180,-0.22975655
AT5G03190,-0.13634868
AT5G03200,0.2956968
AT5G03204,0.14545959
AT5G03210,1.2046765
AT5G03220,-0.059917763
AT5G03230,-0.08123701
AT5G03240,0.13385034
AT5G03250,-0.11295709
AT5G03260,0.16496873
AT5G03270,-0.15199669
AT5G03280,-0.012592906
AT5G03290,0.32046995
AT5G03300,-0.0892432
AT5G03310,0.0797756
AT5G03320,0.27104416
AT5G03330,0.23182409
AT5G03340,0.39956042
AT5G03345,0.041512832
AT5G03350,1.1622741
AT5G03360,-0.0024546138
AT5G03370,-0.0018868193
AT5G03380,0.25299945
AT5G03390,0.0036827885
AT5G03400,-0.00023182883
AT5G03406,0.022111254
AT5G03415,-0.0051841503
AT5G03420,-0.03287683
AT5G03430,-0.02974797
AT5G03435,-0.18884344
AT5G03440,0.123056024
AT5G03450,-0.052292768
AT5G03455,0.11742598
AT5G03460,0.37532076
AT5G03470,0.014883592
AT5G03480,0.0071773916
AT5G03490,0.36970818
AT5G03500,0.07164633
AT5G03510,-0.025743527
AT5G03520,-0.100587815
AT5G03530,-0.353222
AT5G03540,0.09618609
AT5G03545,0.110558495
AT5G03550,0.05829332
AT5G03553,-0.03654846
AT5G03555,-0.0039711623
AT5G03560,0.16566676
AT5G03570,0.008003999
AT5G03580,0.0054883366
AT5G03590,0.10471563
AT5G03600,0.0044712303
AT5G03610,1.2617183
AT5G03620,0.008365201
AT5G03630,0.54885274
AT5G03640,-0.25560194
AT5G03650,-0.14216138
AT5G03660,0.015797406
AT5G03670,-0.07886288
AT5G03680,-0.028213628
AT5G03690,-0.009750871
AT5G03700,-0.048669137
AT5G03710,-0.014036678
AT5G03720,-0.19781432
AT5G03730,0.11338765
AT5G03740,0.12627979
AT5G03750,-1.5483163e-05
AT5G03760,-0.54707223
AT5G03770,0.06675634
AT5G03780,-0.17790568
AT5G03790,0.0142059475
AT5G03795,-0.08893863
AT5G03800,-0.032605898
AT5G03810,0.0
AT5G03820,0.00017975233
AT5G03830,-0.08905039
AT5G03840,-0.0062119924
AT5G03860,-0.023736514
AT5G03870,-0.04690707
AT5G03880,-0.32746637
AT5G03885,0.0049578007
AT5G03890,0.0393529
AT5G03900,-0.011204929
AT5G03905,0.5527115
AT5G03910,0.017057715
AT5G03920,0.0037208414
AT5G03930,-0.002037102
AT5G03940,-0.3223466
AT5G03944,0.0
AT5G03960,-0.09124324
AT5G03970,0.3481443
AT5G03980,-0.00083448255
AT5G03990,0.112795085
AT5G03995,-0.08585693
AT5G04000,0.25272772
AT5G04010,0.06400352
AT5G04020,0.18027468
AT5G04030,-0.0004557147
AT5G04040,0.03795439
AT5G04045,-0.00061475876
AT5G04047,0.0
AT5G04050,-0.017572474
AT5G04060,-0.14789061
AT5G04070,0.09358653
AT5G04080,0.00020509493
AT5G04090,-0.10820825
AT5G04100,0.0
AT5G04120,0.008796373
AT5G04130,0.05262201
AT5G04140,-0.5427573
AT5G04150,0.015762482
AT5G04160,-0.12519485
AT5G04170,0.40328884
AT5G04180,0.010527685
AT5G04190,-0.48320615
AT5G04200,0.86599743
AT5G04210,0.041398387
AT5G04220,0.28702664
AT5G04230,-0.29774392
AT5G04238,0.0025608062
AT5G04240,0.0049779834
AT5G04250,0.8617752
AT5G04260,0.063808635
AT5G04267,0.012113049
AT5G04270,-0.012844946
AT5G04280,0.043592565
AT5G04290,0.02948085
AT5G04310,0.019970894
AT5G04320,0.028960329
AT5G04330,0.023759961
AT5G04340,1.1192616
AT5G04347,0.008427312
AT5G04350,0.00015835372
AT5G04360,-0.36811227
AT5G04370,-0.05792137
AT5G04380,-0.0049986355
AT5G04390,0.61180264
AT5G04395,0.00017664762
AT5G04400,0.0018151184
AT5G04410,0.46946886
AT5G04420,-0.0012450628
AT5G04430,-0.07406439
AT5G04440,-0.052067276
AT5G04460,0.0752024
AT5G04470,-0.019096233
AT5G04475,0.004582797
AT5G04480,-0.06393009
AT5G04490,-0.19993572
AT5G04500,0.0017752687
AT5G04510,-0.11799566
AT5G04520,0.18749548
AT5G04530,0.084892794
AT5G04540,0.44035268
AT5G04550,-0.010575257
AT5G04560,0.07813139
AT5G04590,-0.002258999
AT5G04600,0.102509655
AT5G04610,0.053279247
AT5G04620,-0.24336559
AT5G04630,-0.013146777
AT5G04640,0.0009375118
AT5G04660,-0.0368107
AT5G04670,-0.010725111
AT5G04680,-0.19540502
AT5G04690,-0.19111283
AT5G04700,-0.13975671
AT5G04710,-0.037608508
AT5G04720,0.06852078
AT5G04730,0.0044078524
AT5G04740,0.14173184
AT5G04750,0.11514646
AT5G04760,0.06746522
AT5G04770,0.004109296
AT5G04780,-0.028199298
AT5G04790,0.010219768
AT5G04800,0.05326752
AT5G04810,-0.2800284
AT5G04820,-0.23603591
AT5G04830,0.2207469
AT5G04840,0.11323497
AT5G04850,-0.003218017
AT5G04853,0.0
AT5G04860,0.35870576
AT5G04870,0.11914714
AT5G04885,-0.105703846
AT5G04890,-0.023510301
AT5G04895,-0.00750411
AT5G04900,-0.18052426
AT5G04910,0.16677828
AT5G04920,0.09607005
AT5G04930,0.41102824
AT5G04933,8.672843e-05
AT5G04937,0.025538875
AT5G04940,-0.049304284
AT5G04950,-0.0038102083
AT5G04960,0.02788352
AT5G04970,-0.0027765194
AT5G04980,0.08698946
AT5G04990,0.108279236
AT5G05000,0.063633755
AT5G05010,0.00281345
AT5G05020,0.00082904607
AT5G05030,-8.253731e-05
AT5G05040,0.002665679
AT5G05050,0.0
AT5G05060,0.025827883
AT5G05070,0.001683394
AT5G05080,-0.06657409
AT5G05085,0.06799761
AT5G05090,-0.0032469295
AT5G05100,0.14745173
AT5G05110,0.2185963
AT5G05113,-0.00045118603
AT5G05120,2.1602043e-05
AT5G05130,0.05734365
AT5G05140,0.10183346
AT5G05150,0.009506519
AT5G05160,-0.21471648
AT5G05170,-0.21613327
AT5G05180,-0.42819735
AT5G05190,0.105071045
AT5G05200,0.07082677
AT5G05210,-0.03283939
AT5G05220,0.4411232
AT5G05230,0.045883894
AT5G05240,0.018507982
AT5G05250,-0.16177376
AT5G05260,0.0048075397
AT5G05270,-0.081704006
AT5G05280,0.0051345434
AT5G05285,0.0002444613
AT5G05290,0.004907459
AT5G05300,0.57970995
AT5G05310,0.06099579
AT5G05320,0.21567874
AT5G05330,-0.24772008
AT5G05340,2.3862612
AT5G05350,0.008935055
AT5G05360,0.119939946
AT5G05365,-0.09375503
AT5G05370,0.5727633
AT5G05380,0.31551236
AT5G05390,0.26029313
AT5G05400,-0.2641673
AT5G05410,1.0026104
AT5G05420,-0.034963824
AT5G05430,0.016959475
AT5G05440,0.008366504
AT5G05450,-0.07288309
AT5G05460,0.35241926
AT5G05470,0.021089679
AT5G05480,0.07091828
AT5G05490,-0.07462906
AT5G05500,0.017703593
AT5G05510,-0.030864177
AT5G05520,0.29313955
AT5G05530,0.097556055
AT5G05540,-0.021306776
AT5G05550,-0.08997561
AT5G05560,0.08337757
AT5G05570,0.07041842
AT5G05580,-0.24635363
AT5G05590,0.22588108
AT5G05598,0.0
AT5G05600,0.5121285
AT5G05610,0.00037362613
AT5G05620,-0.1612512
AT5G05630,-0.05361838
AT5G05635,-0.0032213954
AT5G05640,0.175096
AT5G05650,-2.5869436e-05
AT5G05653,-0.0070724417
AT5G05657,0.00042910746
AT5G05660,0.0012369265
AT5G05670,0.086742975
AT5G05675,0.0024844662
AT5G05680,0.037172034
AT5G05690,-0.07819926
AT5G05700,0.075486444
AT5G05710,0.12606351
AT5G05720,0.0014642929
AT5G05730,1.3527972
AT5G05735,0.0051963725
AT5G05740,-0.28071758
AT5G05750,0.1414656
AT5G05760,0.002119516
AT5G05770,0.0118478425
AT5G05780,0.15170959
AT5G05790,-0.107334405
AT5G05800,-0.046542827
AT5G05810,0.00070090196
AT5G05820,-0.041834094
AT5G05825,0.0
AT5G05830,-0.33596763
AT5G05840,-0.015315698
AT5G05850,0.13861865
AT5G05860,-0.1596503
AT5G05870,-0.029580493
AT5G05880,-0.04285098
AT5G05890,-0.40216842
AT5G05900,0.0017784977
AT5G05910,-0.00015719054
AT5G05920,0.09353602
AT5G05930,0.1323275
AT5G05940,-0.14120023
AT5G05950,0.048190907
AT5G05960,-0.35701948
AT5G05965,0.10224054
AT5G05970,-0.08127428
AT5G05980,0.01444017
AT5G05987,0.2958649
AT5G05990,-0.04629183
AT5G06000,-0.006135554
AT5G06010,0.00089972786
AT5G06020,0.0
AT5G06030,0.0
AT5G06040,0.0
AT5G06043,-0.003103286
AT5G06050,-0.11619738
AT5G06060,-0.047893047
AT5G06070,0.0011870819
AT5G06080,-0.0016532728
AT5G06090,0.5615707
AT5G06100,0.08928584
AT5G06110,0.45421034
AT5G06120,0.0153700905
AT5G06130,0.042605672
AT5G06140,0.008128817
AT5G06150,-0.06598933
AT5G06160,-0.0028630951
AT5G06170,0.0004895422
AT5G06180,-0.030370865
AT5G06190,0.08415547
AT5G06200,-0.029208746
AT5G06210,-0.0105032
AT5G06220,-0.16397923
AT5G06230,1.202413
AT5G06240,0.08850561
AT5G06250,0.08293921
AT5G06260,0.09091948
AT5G06265,-0.27054074
AT5G06270,-0.10762411
AT5G06280,-0.008041816
AT5G06290,-0.2470974
AT5G06300,0.007996037
AT5G06310,-0.04743285
AT5G06320,0.88217956
AT5G06330,0.042294014
AT5G06340,0.0024406502
AT5G06350,-0.045885067
AT5G06360,0.07628674
AT5G06370,0.20455362
AT5G06380,0.007063574
AT5G06390,-0.32338122
AT5G06400,-0.081875905
AT5G06410,0.055399142
AT5G06420,0.04607723
AT5G06430,0.0015701583
AT5G06440,-0.07272124
AT5G06450,0.21390802
AT5G06460,-0.016469717
AT5G06470,-0.21366996
AT5G06480,-0.070896864
AT5G06490,0.054547627
AT5G06500,0.0011175402
AT5G06510,-0.13419478
AT5G06520,-0.003674933
AT5G06530,0.19234745
AT5G06540,-0.077814184
AT5G06550,0.06855672
AT5G06560,0.008056303
AT5G06570,0.110718854
AT5G06580,0.017908307
AT5G06590,0.07762248
AT5G06600,0.17249674
AT5G06610,-0.06426289
AT5G06620,0.00069045834
AT5G06630,0.0047348007
AT5G06640,0.036768794
AT5G06645,0.00017737757
AT5G06650,0.00077087723
AT5G06660,0.033835284
AT5G06670,-0.30368623
AT5G06680,-0.053240575
AT5G06690,-0.12491986
AT5G06700,-0.19589032
AT5G06710,-0.16581039
AT5G06720,-0.066807754
AT5G06730,0.36078855
AT5G06740,0.38676983
AT5G06750,0.2509596
AT5G06755,0.008559478
AT5G06760,0.36937338
AT5G06770,-0.039619602
AT5G06780,0.048410468
AT5G06790,-0.22989549
AT5G06800,-0.25898278
AT5G06810,0.18776067
AT5G06811,0.092277534
AT5G06820,0.043221638
AT5G06830,0.02893174
AT5G06839,0.1380517
AT5G06850,-0.023251707
AT5G06860,0.95265955
AT5G06870,0.17157133
AT5G06890,0.0020511623
AT5G06900,-0.0021646966
AT5G06905,0.0010839545
AT5G06910,-0.038778916
AT5G06920,0.0012304406
AT5G06930,-0.3391795
AT5G06940,-0.09693505
AT5G06950,0.035511646
AT5G06960,0.17906639
AT5G06970,-0.07262749
AT5G06980,-0.061299555
AT5G06990,-0.027780658
AT5G07000,-0.30111897
AT5G07010,1.0508385
AT5G07020,-0.18236478
AT5G07030,-0.20038514
AT5G07040,0.0026512863
AT5G07050,-0.00096292194
AT5G07060,0.17336275
AT5G07070,0.0025475025
AT5G07080,0.15069278
AT5G07090,-0.03871057
AT5G07100,0.079699226
AT5G07110,-0.053445872
AT5G07120,0.053924304
AT5G07130,0.04910689
AT5G07140,-0.12818262
AT5G07150,0.14643829
AT5G07160,2.760971e-05
AT5G07165,0.011951748
AT5G07170,0.0005821816
AT5G07175,-0.000500647
AT5G07180,-0.029805742
AT5G07190,0.011057195
AT5G07200,0.0030592268
AT5G07210,0.0018149698
AT5G07220,0.035879716
AT5G07225,0.0
AT5G07230,-0.0008552067
AT5G07240,-0.07908373
AT5G07250,-0.26409033
AT5G07260,-0.00052880024
AT5G07270,-0.027016155
AT5G07280,0.09239719
AT5G07290,0.08419809
AT5G07300,0.09917709
AT5G07310,0.20030014
AT5G07320,-0.0897391
AT5G07330,0.0034474153
AT5G07340,0.067801625
AT5G07350,0.21011448
AT5G07360,0.4351421
AT5G07370,-0.023162441
AT5G07380,-0.01463504
AT5G07390,0.019680409
AT5G07400,0.08409322
AT5G07410,0.0050606593
AT5G07420,0.00062621944
AT5G07430,0.0059661004
AT5G07440,1.6913908
AT5G07450,0.009954746
AT5G07460,-0.16993938
AT5G07470,0.26669708
AT5G07475,0.053005867
AT5G07480,0.0029048892
AT5G07490,0.0007200986
AT5G07500,0.016700657
AT5G07510,0.0030427924
AT5G07520,-0.018403688
AT5G07530,0.00026811502
AT5G07540,4.4190085e-05
AT5G07545,0.0
AT5G07550,0.026787277
AT5G07560,-0.0045079165
AT5G07570,0.0031230003
AT5G07571,-0.010083376
AT5G07572,-0.009371191
AT5G07580,-0.16646436
AT5G07590,-0.12692933
AT5G07600,0.0029877743
AT5G07610,0.04709749
AT5G07620,-0.06710337
AT5G07630,-0.05927405
AT5G07640,-0.041980334
AT5G07645,0.0
AT5G07650,0.21492748
AT5G07660,-0.018904792
AT5G07670,-0.0970443
AT5G07680,0.060936313
AT5G07690,-0.5422604
AT5G07700,-0.41895854
AT5G07710,-0.036736116
AT5G07720,-0.07187008
AT5G07730,0.19642842
AT5G07740,0.11868569
AT5G07760,0.026030624
AT5G07765,0.0
AT5G07770,0.31279108
AT5G07780,0.0471297
AT5G07790,-0.07360788
AT5G07800,0.017030794
AT5G07810,-0.13993703
AT5G07820,-0.07754052
AT5G07830,-0.12756345
AT5G07840,-0.08385106
AT5G07850,0.0
AT5G07860,-0.16963391
AT5G07870,-0.053448856
AT5G07880,0.035336684
AT5G07890,-0.067643665
AT5G07900,-0.08624819
AT5G07910,0.251732
AT5G07920,0.028241253
AT5G07930,0.00094253523
AT5G07940,0.058708154
AT5G07950,0.21980526
AT5G07960,0.18119347
AT5G07970,0.051070288
AT5G07980,0.089631334
AT5G07990,-0.018580485
AT5G08000,0.031771664
AT5G08005,0.0016241979
AT5G08010,-0.052156735
AT5G08020,-0.00089819613
AT5G08030,-0.20136738
AT5G08040,-0.005278459
AT5G08050,-0.36665395
AT5G08055,-0.0011622913
AT5G08060,0.2315368
AT5G08070,-0.07993779
AT5G08080,-0.029120894
AT5G08090,3.220475e-05
AT5G08100,-0.0051868507
AT5G08110,-0.027775155
AT5G08120,-0.07944012
AT5G08130,-0.051762506
AT5G08139,0.06710348
AT5G08141,0.001990717
AT5G08150,-0.02788706
AT5G08160,0.23223233
AT5G08170,-0.042002983
AT5G08180,0.027178252
AT5G08190,0.039192997
AT5G08200,0.12854594
AT5G08230,-0.079439506
AT5G08240,0.30170408
AT5G08250,0.08499861
AT5G08260,-0.3897671
AT5G08270,-0.0590448
AT5G08280,-0.09183913
AT5G08290,0.08746155
AT5G08300,0.46136233
AT5G08305,0.1408704
AT5G08310,-0.061551116
AT5G08315,7.717912e-05
AT5G08320,0.012305722
AT5G08330,-0.5281165
AT5G08335,0.1435323
AT5G08340,-0.0042779758
AT5G08350,0.28867188
AT5G08360,0.09467845
AT5G08370,-0.22354397
AT5G08380,0.30425334
AT5G08390,-0.047124937
AT5G08391,-0.06562408
AT5G08400,-0.07061034
AT5G08410,0.11671842
AT5G08415,-0.03359133
AT5G08420,-0.00607659
AT5G08430,-0.22371486
AT5G08440,-0.016640043
AT5G08450,0.058925986
AT5G08460,-0.0008280582
AT5G08470,0.009067697
AT5G08480,-0.040130448
AT5G08490,-0.15764295
AT5G08500,-0.00076787523
AT5G08505,4.259103e-05
AT5G08510,0.018066848
AT5G08520,-0.017777493
AT5G08530,0.12439626
AT5G08535,0.06619136
AT5G08540,-0.024768325
AT5G08550,0.06025187
AT5G08560,0.07512091
AT5G08565,0.34843838
AT5G08570,0.020997351
AT5G08580,0.00029136986
AT5G08590,-0.023534294
AT5G08600,-0.33997992
AT5G08610,-0.0711379
AT5G08620,0.011244436
AT5G08630,0.073894694
AT5G08640,0.08362986
AT5G08650,-0.2890265
AT5G08660,0.1569549
AT5G08670,0.17596222
AT5G08680,0.2493739
AT5G08690,0.1728571
AT5G08695,0.0004316068
AT5G08710,0.0021565729
AT5G08720,-0.42413804
AT5G08730,0.004118921
AT5G08740,-0.05065719
AT5G08750,0.24008793
AT5G08760,0.0265258
AT5G08770,0.017216729
AT5G08780,-0.11720008
AT5G08790,0.66662484
AT5G09210,0.007333898
AT5G09220,0.10600415
AT5G09225,0.09787314
AT5G09230,-0.018937184
AT5G09240,-0.3422476
AT5G09250,0.008016029
AT5G09260,0.08618619
AT5G09270,0.23765828
AT5G09280,-0.00048539552
AT5G09290,0.6541272
AT5G09300,0.10460796
AT5G09310,0.20902558
AT5G09320,0.006549118
AT5G09330,0.6740984
AT5G09340,0.0
AT5G09350,-0.076593354
AT5G09360,0.00096964877
AT5G09370,0.0072605773
AT5G09380,0.041837934
AT5G09390,0.11023554
AT5G09400,0.13907894
AT5G09410,-0.084155865
AT5G09420,0.39595228
AT5G09430,0.012771195
AT5G09440,0.7624228
AT5G09445,-0.013148254
AT5G09450,0.017533662
AT5G09460,-0.05566401
AT5G09470,0.41772053
AT5G09480,0.07568462
AT5G09490,0.0008741396
AT5G09500,0.014513333
AT5G09510,0.11495994
AT5G09520,0.203431
AT5G09530,1.4011018
AT5G09540,-0.14831245
AT5G09550,0.00055070163
AT5G09560,0.00010046674
AT5G09570,0.337854
AT5G09580,-0.017476691
AT5G09590,0.2733762
AT5G09600,-0.15235397
AT5G09610,0.04499492
AT5G09620,0.03964593
AT5G09630,0.06749043
AT5G09640,-0.002512169
AT5G09650,0.033119194
AT5G09660,-0.5806063
AT5G09670,-0.02971701
AT5G09680,0.14692008
AT5G09690,-0.36563173
AT5G09700,0.0022745775
AT5G09710,0.0
AT5G09711,0.004772091
AT5G09720,0.013173796
AT5G09730,-0.21970314
AT5G09740,-0.054751456
AT5G09750,0.001798026
AT5G09760,-0.20166963
AT5G09770,0.012777555
AT5G09780,-0.0065199537
AT5G09790,-0.0014451193
AT5G09800,0.37031966
AT5G09805,-0.16329068
AT5G09810,0.036037683
AT5G09820,-0.47811294
AT5G09830,0.0907095
AT5G09840,0.02203123
AT5G09850,-0.039099086
AT5G09860,-0.043835856
AT5G09870,-0.21290751
AT5G09876,0.05063978
AT5G09880,0.013985132
AT5G09890,0.11991736
AT5G09900,0.09125681
AT5G09910,0.0052238544
AT5G09920,0.083861865
AT5G09930,0.14406335
AT5G09940,0.00077990413
AT5G09950,-0.08193375
AT5G09960,-0.11910673
AT5G09970,0.015255546
AT5G09976,-0.083664335
AT5G09978,0.034053825
AT5G09980,0.09072794
AT5G09990,0.011884705
AT5G09995,-0.17659724
AT5G10000,0.0016368974
AT5G10010,0.062281497
AT5G10020,-0.13674353
AT5G10030,0.04464706
AT5G10040,0.0149135105
AT5G10050,0.023853123
AT5G10060,-0.041902177
AT5G10070,0.11055679
AT5G10080,-0.19851735
AT5G10090,-0.025226519
AT5G10100,-0.0301495
AT5G10110,0.0017674712
AT5G10120,0.009717599
AT5G10130,0.003709304
AT5G10140,-0.51488245
AT5G10150,-0.61800057
AT5G10160,-0.0834915
AT5G10170,-0.41219416
AT5G10180,-0.41237992
AT5G10190,0.13655645
AT5G10200,-0.1303926
AT5G10210,0.01799714
AT5G10220,0.009293269
AT5G10230,0.006028023
AT5G10240,-0.18755129
AT5G10250,-0.5147854
AT5G10260,-0.053763375
AT5G10270,0.033525903
AT5G10280,0.036222775
AT5G10290,0.090589315
AT5G10300,0.5993058
AT5G10310,-0.16510648
AT5G10320,-0.12316739
AT5G10330,-0.06532525
AT5G10336,-0.012662045
AT5G10340,-0.00019007758
AT5G10350,0.075332694
AT5G10360,0.038919322
AT5G10370,0.05021163
AT5G10380,0.28287455
AT5G10410,0.010028475
AT5G10420,-0.00070142595
AT5G10430,-0.26691648
AT5G10435,-0.0033369814
AT5G10440,-0.030269371
AT5G10450,0.005059445
AT5G10460,0.06202784
AT5G10470,-0.31740466
AT5G10480,-0.010279072
AT5G10490,0.061422262
AT5G10500,-0.0044024964
AT5G10510,-0.067779005
AT5G10520,0.41358185
AT5G10530,-0.029783864
AT5G10540,-0.081866585
AT5G10550,-0.08000094
AT5G10560,-0.05501737
AT5G10570,-0.44099718
AT5G10580,0.03994118
AT5G10590,-1.965007e-05
AT5G10600,0.2445022
AT5G10605,-0.39133105
AT5G10610,0.34296787
AT5G10620,-0.044394374
AT5G10625,1.2206825
AT5G10650,0.34183833
AT5G10660,0.015169253
AT5G10680,-0.0023434767
AT5G10690,-0.26609215
AT5G10695,0.8606539
AT5G10700,0.12011385
AT5G10710,0.06819248
AT5G10720,-0.028727572
AT5G10730,0.17505608
AT5G10740,0.26388755
AT5G10745,0.017317982
AT5G10750,-0.00066013925
AT5G10760,0.5511378
AT5G10770,-0.18078184
AT5G10780,0.13650726
AT5G10790,0.15083931
AT5G10800,-0.06391036
AT5G10810,0.04036569
AT5G10820,0.21169423
AT5G10830,0.09552148
AT5G10840,0.39115012
AT5G10860,0.13859627
AT5G10870,0.0471219
AT5G10880,0.010922187
AT5G10890,0.003379527
AT5G10900,-0.037340514
AT5G10910,-0.023185458
AT5G10920,-0.061339587
AT5G10930,-0.052191608
AT5G10940,0.0530355
AT5G10946,-0.079024985
AT5G10950,0.028861046
AT5G10960,-0.0007966412
AT5G10970,-0.067551404
AT5G10990,-0.032004375
AT5G11000,0.15665321
AT5G11010,0.02044578
AT5G11020,-0.17163028
AT5G11030,0.1112951
AT5G11040,0.055143163
AT5G11050,0.0006321956
AT5G11060,0.075953625
AT5G11070,-0.22557126
AT5G11080,-0.00381522
AT5G11090,0.061039053
AT5G11100,-0.116496935
AT5G11110,0.45631042
AT5G11130,0.00039952673
AT5G11140,0.27439144
AT5G11150,-0.012858714
AT5G11160,-0.011849288
AT5G11170,0.10747695
AT5G11180,0.00082335883
AT5G11190,0.11793107
AT5G11200,0.103487924
AT5G11210,1.5946589
AT5G11220,0.002988815
AT5G11230,0.114071414
AT5G11240,0.16634183
AT5G11250,-0.03899083
AT5G11260,0.25117365
AT5G11270,-0.043162692
AT5G11280,0.03819638
AT5G11290,0.05341426
AT5G11300,-0.028295709
AT5G11310,-0.0038590177
AT5G11320,0.0699329
AT5G11330,-0.066997945
AT5G11340,0.09873733
AT5G11350,-0.022340212
AT5G11360,0.0049696034
AT5G11370,0.007592009
AT5G11380,-0.0648478
AT5G11390,0.05389053
AT5G11400,0.0033272728
AT5G11410,-0.0646662
AT5G11412,-0.017520785
AT5G11416,0.00070885115
AT5G11420,-0.61735576
AT5G11425,0.0018751828
AT5G11430,0.011715081
AT5G11440,0.003316033
AT5G11450,-0.16246068
AT5G11460,-0.06151601
AT5G11470,-0.21832868
AT5G11480,-0.14587224
AT5G11490,0.03977887
AT5G11500,0.09902579
AT5G11510,-0.052774113
AT5G11520,1.1416911
AT5G11530,0.11955577
AT5G11540,-0.05717314
AT5G11550,-0.15103143
AT5G11560,0.12876621
AT5G11565,0.0
AT5G11570,-0.003953125
AT5G11580,-0.13284424
AT5G11590,-0.13228074
AT5G11600,0.17056185
AT5G11610,0.046238422
AT5G11620,-0.0062737046
AT5G11630,0.12306756
AT5G11640,-0.02497125
AT5G11650,0.2992206
AT5G11660,0.0
AT5G11670,0.1312736
AT5G11680,0.011094816
AT5G11690,-0.030262787
AT5G11700,-0.2932982
AT5G11710,-0.059310302
AT5G11720,0.03174259
AT5G11730,0.12962128
AT5G11740,-0.016284406
AT5G11750,-0.11564636
AT5G11760,0.062154863
AT5G11770,0.2748967
AT5G11780,-0.04912178
AT5G11790,-0.33184886
AT5G11800,-0.016301552
AT5G11810,0.2628848
AT5G11820,0.0035221733
AT5G11830,-8.847921e-05
AT5G11840,0.034676865
AT5G11850,0.14545102
AT5G11860,0.13684684
AT5G11870,0.10883245
AT5G11880,-0.08024806
AT5G11890,-0.1744182
AT5G11900,0.13032055
AT5G11910,0.06311521
AT5G11920,0.26138583
AT5G11930,0.08959011
AT5G11940,0.003393602
AT5G11950,0.117919
AT5G11960,0.07821654
AT5G11970,0.08970638
AT5G11975,0.00844493
AT5G11980,0.039463267
AT5G11990,-0.06836508
AT5G12000,0.09827957
AT5G12010,0.69049877
AT5G12020,1.0454595
AT5G12030,1.2590768
AT5G12040,0.06387998
AT5G12043,2.7586495e-05
AT5G12050,-0.43865764
AT5G12060,3.8108206e-05
AT5G12070,0.0
AT5G12080,-0.17628576
AT5G12090,0.0
AT5G12100,-0.017529946
AT5G12110,-0.25574532
AT5G12120,0.113427654
AT5G12130,0.025504392
AT5G12140,-0.19871813
AT5G12150,-0.31832665
AT5G12170,0.40612078
AT5G12180,0.027563117
AT5G12190,0.2883831
AT5G12200,0.06445725
AT5G12210,0.17378613
AT5G12220,0.017348075
AT5G12230,-0.057190318
AT5G12235,-0.02515472
AT5G12236,0.002527702
AT5G12240,0.0465341
AT5G12250,-0.36343646
AT5G12260,-0.07595396
AT5G12270,0.013309555
AT5G12280,0.021742586
AT5G12290,0.08447668
AT5G12300,0.32794827
AT5G12310,0.045105323
AT5G12320,-0.0004887786
AT5G12330,0.20670408
AT5G12340,1.6481069
AT5G12350,0.04830693
AT5G12360,-0.03944197
AT5G12365,0.0
AT5G12370,0.06905402
AT5G12380,0.019512668
AT5G12390,0.19886562
AT5G12400,0.0369812
AT5G12410,-0.017827105
AT5G12420,0.2709604
AT5G12430,0.00017782269
AT5G12440,-0.31172842
AT5G12450,-0.00078400853
AT5G12460,0.00046732338
AT5G12470,-0.0521935
AT5G12480,0.06886831
AT5G12840,0.13184467
AT5G12850,-0.06149456
AT5G12860,0.01419365
AT5G12870,0.049519595
AT5G12880,0.15662311
AT5G12890,0.18672134
AT5G12900,-0.40948734
AT5G12910,-0.0024361243
AT5G12920,-0.049407832
AT5G12930,0.9542287
AT5G12940,-0.5799163
AT5G12950,-0.1450792
AT5G12960,0.0005346798
AT5G12970,0.023815379
AT5G12980,0.007338628
AT5G12990,-0.0013360969
AT5G13000,-0.34820932
AT5G13010,0.040526163
AT5G13020,0.11604507
AT5G13030,0.2701924
AT5G13050,0.13877748
AT5G13060,-0.06794353
AT5G13070,0.1219612
AT5G13080,1.7221339
AT5G13090,-0.14199215
AT5G13100,-0.09913125
AT5G13110,0.26540506
AT5G13120,-0.15126888
AT5G13130,-0.0028274637
AT5G13140,-0.55911535
AT5G13150,0.012251614
AT5G13160,0.026546918
AT5G13170,0.28389198
AT5G13180,0.044454128
AT5G13181,0.015941387
AT5G13190,0.78044796
AT5G13200,0.22482015
AT5G13210,0.25004542
AT5G13220,0.10348572
AT5G13230,0.026849965
AT5G13240,-0.03526365
AT5G13250,-0.13140655
AT5G13260,-0.02721331
AT5G13270,-0.0297805
AT5G13280,0.07493303
AT5G13290,-0.10140276
AT5G13295,-0.0014258325
AT5G13300,-0.11520633
AT5G13310,0.17451242
AT5G13320,1.7398851
AT5G13330,0.73068875
AT5G13340,0.026128579
AT5G13350,0.00043414772
AT5G13360,0.062384583
AT5G13370,0.26165438
AT5G13380,-0.0018096844
AT5G13390,0.08832285
AT5G13400,-0.45731544
AT5G13410,-0.2129541
AT5G13420,0.5681615
AT5G13430,0.36034456
AT5G13440,0.25790054
AT5G13450,0.15986934
AT5G13460,-0.36882606
AT5G13470,0.096767746
AT5G13480,0.061287824
AT5G13490,1.4574476
AT5G13500,0.06270562
AT5G13510,-0.18653622
AT5G13520,-0.13429604
AT5G13530,0.110481754
AT5G13550,0.5548164
AT5G13560,0.021231938
AT5G13565,0.013609258
AT5G13570,-0.008051304
AT5G13580,0.15557101
AT5G13590,-0.12237318
AT5G13600,0.0009933605
AT5G13610,-0.00084409956
AT5G13620,-0.0041888603
AT5G13630,-0.26256195
AT5G13640,-0.015270604
AT5G13650,-0.15301889
AT5G13660,-0.093384385
AT5G13670,0.0015443197
AT5G13680,0.0676565
AT5G13690,-0.12179665
AT5G13700,0.39683107
AT5G13710,0.102149755
AT5G13720,0.02139534
AT5G13730,-0.29059494
AT5G13740,0.1174513
AT5G13750,0.85094523
AT5G13760,0.27701986
AT5G13770,-0.56301254
AT5G13780,0.108883016
AT5G13790,0.019591982
AT5G13800,0.55132955
AT5G13810,0.20142065
AT5G13820,0.98001516
AT5G13825,0.0019956017
AT5G13830,0.028744474
AT5G13840,-0.04960272
AT5G13850,0.06859858
AT5G13860,0.49231806
AT5G13870,-0.103283994
AT5G13880,0.12633397
AT5G13890,0.31808954
AT5G13900,0.023916472
AT5G13910,0.008337643
AT5G13920,-0.124705344
AT5G13930,0.58272696
AT5G13940,0.024002377
AT5G13950,-0.0653955
AT5G13960,-0.08725229
AT5G13970,0.06817876
AT5G13980,-0.22841458
AT5G13990,-0.0021508606
AT5G14000,0.059110142
AT5G14010,0.00048408163
AT5G14020,0.0005792149
AT5G14030,0.38222516
AT5G14040,0.26903132
AT5G14050,0.07884094
AT5G14060,-0.42525706
AT5G14070,-0.023941187
AT5G14080,0.015063677
AT5G14090,-0.2663591
AT5G14100,-0.25630566
AT5G14105,0.25029844
AT5G14110,-0.001653227
AT5G14120,0.0637121
AT5G14130,0.051838897
AT5G14140,0.038913455
AT5G14150,-0.0036286544
AT5G14160,0.015065476
AT5G14170,0.07132249
AT5G14180,0.3525472
AT5G14200,-0.57613844
AT5G14210,-0.31401604
AT5G14220,-0.038525563
AT5G14230,-0.36445576
AT5G14240,0.032118537
AT5G14250,0.05202835
AT5G14260,-0.19307014
AT5G14270,0.031378116
AT5G14275,0.0014098652
AT5G14280,-0.12684783
AT5G14285,0.20866391
AT5G14290,-0.00019775057
AT5G14300,0.0014979973
AT5G14310,0.27680546
AT5G14320,-0.2236882
AT5G14330,0.023712644
AT5G14340,0.0048832744
AT5G14345,0.0008079378
AT5G14360,-0.22157684
AT5G14370,-0.12278295
AT5G14380,0.054683343
AT5G14390,-0.041342363
AT5G14400,-0.0043237978
AT5G14410,0.1391146
AT5G14420,0.36666465
AT5G14430,-0.047349397
AT5G14440,0.15714836
AT5G14450,-0.21610552
AT5G14460,-0.1436341
AT5G14470,0.6464509
AT5G14480,0.120916925
AT5G14490,0.03509527
AT5G14500,0.033929102
AT5G14510,-0.058800243
AT5G14515,-0.0011278876
AT5G14520,0.14041679
AT5G14530,0.07742129
AT5G14540,0.27706665
AT5G14550,0.06273886
AT5G14560,0.00012082841
AT5G14570,0.0965893
AT5G14580,0.02588069
AT5G14590,0.150122
AT5G14600,0.07498126
AT5G14602,-2.4792389e-05
AT5G14610,-0.3851413
AT5G14620,-0.07188886
AT5G14640,0.060599126
AT5G14650,0.28951493
AT5G14660,-0.23509128
AT5G14670,0.0036452976
AT5G14680,0.07153112
AT5G14690,-0.0005505917
AT5G14700,0.048171464
AT5G14710,0.044119287
AT5G14720,-0.047819722
AT5G14730,0.29668275
AT5G14740,-0.6278177
AT5G14750,0.004387757
AT5G14760,-0.0039820005
AT5G14770,-0.04943565
AT5G14780,0.35283688
AT5G14790,0.049779654
AT5G14800,0.20030853
AT5G14820,-0.03657381
AT5G14850,-0.10618069
AT5G14860,0.015335402
AT5G14870,-0.042150147
AT5G14880,-0.073396064
AT5G14890,0.05542674
AT5G14895,0.025138684
AT5G14900,0.0040660533
AT5G14910,-0.1136389
AT5G14920,-0.03902039
AT5G14930,0.21583189
AT5G14940,-0.008212223
AT5G14950,0.25665602
AT5G14960,0.24296561
AT5G14970,-0.23748972
AT5G14980,0.003999447
AT5G14990,0.0028843058
AT5G14995,0.0
AT5G15000,0.0
AT5G15008,0.0002567072
AT5G15010,-0.09151459
AT5G15020,-0.08553017
AT5G15025,0.10427051
AT5G15030,-0.00025591406
AT5G15040,0.00037791545
AT5G15050,-0.1258708
AT5G15060,0.0014613053
AT5G15070,-0.07376018
AT5G15080,0.0822236
AT5G15090,0.19851351
AT5G15100,0.0042267703
AT5G15110,0.00028211472
AT5G15120,0.033460002
AT5G15130,0.59435356
AT5G15140,-0.006111268
AT5G15150,-0.10782723
AT5G15160,-0.47658795
AT5G15170,-0.1490955
AT5G15180,0.005015202
AT5G15190,0.35350212
AT5G15200,0.014959558
AT5G15210,-0.19983967
AT5G15220,-0.18039803
AT5G15230,-0.7252131
AT5G15240,0.37867847
AT5G15250,0.061902132
AT5G15260,0.21892422
AT5G15265,-0.022986349
AT5G15270,0.020085867
AT5G15280,-0.10299483
AT5G15290,-0.02641239
AT5G15300,-0.0027478877
AT5G15310,-0.83507454
AT5G15320,0.14564334
AT5G15330,-0.044529274
AT5G15340,-0.09256097
AT5G15350,-0.38845804
AT5G15360,0.0021209219
AT5G15380,0.0066857217
AT5G15390,-0.22713692
AT5G15400,0.24853177
AT5G15410,0.082297705
AT5G15420,-0.0120992195
AT5G15430,0.022631519
AT5G15440,-0.033579115
AT5G15450,-0.0631138
AT5G15460,-0.023924993
AT5G15470,0.08565641
AT5G15480,0.0153855765
AT5G15490,0.6733407
AT5G15500,-0.0039606504
AT5G15510,0.017604752
AT5G15520,-0.0005235706
AT5G15530,-0.30310884
AT5G15533,0.00083815656
AT5G15537,-0.059498455
AT5G15540,0.09758979
AT5G15550,0.16843759
AT5G15560,3.774662e-05
AT5G15570,-0.041982334
AT5G15580,-0.45002583
AT5G15581,-0.027351215
AT5G15600,-0.17973158
AT5G15610,-0.04772737
AT5G15620,0.015582511
AT5G15630,0.12787385
AT5G15640,0.8109076
AT5G15650,-0.54769826
AT5G15660,0.26292717
AT5G15670,-0.000267581
AT5G15680,0.05881267
AT5G15685,0.0002613225
AT5G15690,3.835546e-05
AT5G15700,0.03109455
AT5G15710,0.014304575
AT5G15720,-0.002074672
AT5G15725,0.0021029068
AT5G15730,0.02627172
AT5G15740,-0.18728997
AT5G15745,0.0044974317
AT5G15750,0.03172962
AT5G15760,0.04196614
AT5G15770,0.19126186
AT5G15780,-0.64337367
AT5G15790,-0.2838995
AT5G15800,-0.17605163
AT5G15802,0.030121095
AT5G15810,0.035409342
AT5G15820,0.074810356
AT5G15830,-0.28703108
AT5G15840,-0.033742018
AT5G15843,0.0032685879
AT5G15850,-0.025681349
AT5G15853,0.008112208
AT5G15860,0.041671205
AT5G15870,0.094673194
AT5G15880,0.08316692
AT5G15890,-0.0017140559
AT5G15900,-0.08657671
AT5G15910,-0.008264559
AT5G15920,-0.047463126
AT5G15930,-0.01250573
AT5G15940,0.019812515
AT5G15950,-0.03510158
AT5G15960,-0.042130396
AT5G15970,0.022850366
AT5G15980,0.084306985
AT5G16000,-0.37676254
AT5G16010,0.02569351
AT5G16020,0.21798855
AT5G16023,-0.112823494
AT5G16030,-0.604425
AT5G16040,-0.014637657
AT5G16050,0.142868
AT5G16060,0.091284804
AT5G16070,-0.047960788
AT5G16080,1.05477
AT5G16090,0.006556016
AT5G16100,0.0014798132
AT5G16110,-0.11652049
AT5G16120,0.13684464
AT5G16130,-0.05321765
AT5G16140,-0.11662078
AT5G16150,0.08039542
AT5G16160,0.12785695
AT5G16170,0.32020622
AT5G16180,-0.04265013
AT5G16190,-0.25826842
AT5G16200,0.007386286
AT5G16210,-0.016444897
AT5G16220,0.046364386
AT5G16230,0.12992093
AT5G16240,-0.66043067
AT5G16250,-0.18912049
AT5G16260,-0.014545495
AT5G16270,0.055683803
AT5G16280,0.017425831
AT5G16285,0.017682463
AT5G16290,-0.058935445
AT5G16300,0.107334055
AT5G16310,0.007880581
AT5G16320,0.23838696
AT5G16330,0.016477557
AT5G16340,-0.14334777
AT5G16350,-0.14005171
AT5G16360,0.50288665
AT5G16370,0.36873338
AT5G16380,0.1661481
AT5G16390,-0.29580998
AT5G16400,-0.3974015
AT5G16410,0.010528481
AT5G16420,-0.007517109
AT5G16430,0.0003182502
AT5G16440,0.19164124
AT5G16450,0.19682916
AT5G16453,0.011384519
AT5G16460,0.0005135883
AT5G16470,0.124154694
AT5G16480,-0.07872582
AT5G16486,0.014114747
AT5G16490,-0.014796896
AT5G16500,-3.518433e-05
AT5G16510,0.33159775
AT5G16520,0.11406096
AT5G16530,-0.16862622
AT5G16540,-0.27613404
AT5G16550,0.17169169
AT5G16560,-0.08658072
AT5G16570,0.05465681
AT5G16580,0.003867731
AT5G16590,-0.55148876
AT5G16600,-0.30396584
AT5G16610,-0.02608164
AT5G16620,-0.040215317
AT5G16630,-0.011425033
AT5G16640,-0.008265357
AT5G16650,-0.08095987
AT5G16660,0.041363142
AT5G16680,0.10813993
AT5G16690,0.14283319
AT5G16700,0.00021677552
AT5G16710,-0.5156331
AT5G16715,-0.25508064
AT5G16720,-0.3018603
AT5G16730,-0.006926037
AT5G16740,-0.01969812
AT5G16750,0.13051404
AT5G16760,0.088458054
AT5G16770,0.010930428
AT5G16780,0.02525469
AT5G16790,-0.15697752
AT5G16800,0.012719281
AT5G16810,-0.19798607
AT5G16820,0.023714157
AT5G16830,0.2301743
AT5G16840,0.11664543
AT5G16850,0.013339269
AT5G16860,0.049322017
AT5G16870,-0.049176406
AT5G16880,0.2539335
AT5G16890,-0.14013183
AT5G16900,0.08643265
AT5G16910,0.51604515
AT5G16920,0.0045187823
AT5G16930,0.12509765
AT5G16940,-0.07398619
AT5G16950,0.15781315
AT5G16960,0.7930021
AT5G16970,0.89688766
AT5G16980,0.9466154
AT5G16990,-0.023533873
AT5G17000,0.29029337
AT5G17010,0.31494585
AT5G17020,0.15928374
AT5G17030,0.008464897
AT5G17040,0.019873854
AT5G17050,0.048177727
AT5G17060,0.23897919
AT5G17070,0.029051147
AT5G17080,3.4147768e-05
AT5G17090,-0.0036656489
AT5G17100,-0.000628717
AT5G17110,-7.0064554e-05
AT5G17120,-0.0001020715
AT5G17130,7.899909e-05
AT5G17140,0.0
AT5G17150,-0.016362328
AT5G17160,-0.15240678
AT5G17165,-0.048341174
AT5G17167,0.0009470605
AT5G17170,-0.4019331
AT5G17180,-0.0012430649
AT5G17190,0.31899875
AT5G17200,-0.00022247079
AT5G17210,-0.02380168
AT5G17220,0.111276835
AT5G17230,-0.33871332
AT5G17240,-0.07291715
AT5G17250,-0.06792883
AT5G17260,-0.07410546
AT5G17270,-0.1040165
AT5G17280,0.3907371
AT5G17290,-0.0070173545
AT5G17300,-0.11319377
AT5G17305,0.0021652672
AT5G17310,-0.3122707
AT5G17320,0.0011146124
AT5G17330,0.68667126
AT5G17340,0.0043655187
AT5G17345,-5.166227e-05
AT5G17350,0.61169493
AT5G17360,-0.06998751
AT5G17370,0.03364942
AT5G17380,1.303819
AT5G17390,0.17137924
AT5G17400,-0.036946777
AT5G17410,-0.19394585
AT5G17420,0.014141691
AT5G17430,0.0033911834
AT5G17440,-0.018029504
AT5G17450,0.4160369
AT5G17460,0.6218068
AT5G17470,0.00012791788
AT5G17480,0.000115978226
AT5G17490,0.019946398
AT5G17500,0.0020202766
AT5G17510,0.0012805673
AT5G17520,0.07328819
AT5G17522,-0.053405892
AT5G17523,6.262175e-05
AT5G17530,0.028068896
AT5G17540,0.016619148
AT5G17550,0.10924114
AT5G17560,0.021564126
AT5G17570,0.027300734
AT5G17580,-0.0899407
AT5G17590,0.009084565
AT5G17600,-0.35064358
AT5G17610,0.14508033
AT5G17620,-0.100770034
AT5G17630,-0.05465054
AT5G17640,-0.002809734
AT5G17650,0.8093805
AT5G17660,-0.13579004
AT5G17670,-0.25071037
AT5G17680,-0.11886846
AT5G17690,-0.027850704
AT5G17700,-0.09556757
AT5G17710,-0.2729162
AT5G17720,0.00019920469
AT5G17730,0.0
AT5G17740,-0.0001847114
AT5G17750,8.198328e-05
AT5G17760,0.5647334
AT5G17770,0.28835255
AT5G17780,0.29613668
AT5G17790,-0.048995316
AT5G17800,0.021520147
AT5G17810,-0.0021594185
AT5G17820,0.031249974
AT5G17830,-0.020973897
AT5G17840,0.004468202
AT5G17847,-0.0026396778
AT5G17850,0.22948104
AT5G17860,0.6126582
AT5G17870,-0.2714686
AT5G17880,0.049768355
AT5G17890,-0.07973249
AT5G17900,-0.086747915
AT5G17910,0.022132214
AT5G17920,0.017778683
AT5G17930,-0.03304477
AT5G17950,-4.900541e-06
AT5G17960,0.004091584
AT5G17970,0.0062634638
AT5G17980,-0.39869228
AT5G17990,0.91752255
AT5G18000,-0.006751942
AT5G18010,-0.23689826
AT5G18020,-0.545389
AT5G18030,-0.28568897
AT5G18037,0.029306175
AT5G18040,0.13859145
AT5G18050,-0.36569282
AT5G18060,-0.29333943
AT5G18065,0.06340936
AT5G18070,0.33872217
AT5G18080,-0.52546924
AT5G18090,-0.0008137997
AT5G18100,-0.16301766
AT5G18110,0.58447164
AT5G18120,-0.027816938
AT5G18130,0.41783994
AT5G18140,-0.019625094
AT5G18150,0.24444944
AT5G18160,0.0008250504
AT5G18170,0.012888068
AT5G18180,0.067475036
AT5G18190,-0.035927124
AT5G18200,0.3133649
AT5G18210,0.01086813
AT5G18220,0.010866237
AT5G18230,-0.008805748
AT5G18240,-0.09318951
AT5G18250,0.000528303
AT5G18260,-0.16582243
AT5G18270,1.9203868
AT5G18280,-0.034605324
AT5G18290,-0.062873386
AT5G18300,-0.0759197
AT5G18310,0.41251284
AT5G18320,0.0074121007
AT5G18330,0.0023920655
AT5G18340,-0.18453671
AT5G18350,0.32541686
AT5G18360,0.09031291
AT5G18370,0.08723361
AT5G18380,0.046939664
AT5G18390,0.023444545
AT5G18400,0.6395613
AT5G18403,0.0006457424
AT5G18404,-0.15721491
AT5G18407,-0.040149126
AT5G18410,-0.23106144
AT5G18420,0.03621809
AT5G18430,-0.08918509
AT5G18440,0.1805684
AT5G18450,-0.0015654471
AT5G18460,-0.5147717
AT5G18470,0.31905043
AT5G18475,-0.054344412
AT5G18480,0.36132228
AT5G18490,0.49364328
AT5G18500,-0.14984022
AT5G18510,0.005713941
AT5G18520,0.12412706
AT5G18525,0.22917117
AT5G18540,0.05689415
AT5G18550,0.0062234844
AT5G18560,0.005399648
AT5G18570,-0.3484379
AT5G18580,-0.006929703
AT5G18590,-0.06302268
AT5G18600,-0.0069609284
AT5G18610,0.0736058
AT5G18620,-0.020221468
AT5G18630,-0.039857596
AT5G18636,0.16388018
AT5G18640,-0.0341706
AT5G18650,-0.0436931
AT5G18660,-0.473634
AT5G18661,0.028275335
AT5G18670,0.006955838
AT5G18680,-0.028695779
AT5G18690,-0.44002163
AT5G18700,-0.31400475
AT5G18705,0.0016266212
AT5G18710,-0.039109353
AT5G18720,0.0021982987
AT5G18730,-0.0020977668
AT5G18735,-0.0013293712
AT5G18740,-0.072843984
AT5G18748,0.0032894127
AT5G18750,0.12413998
AT5G18760,-0.031216977
AT5G18770,-0.08628942
AT5G18780,0.55398446
AT5G18800,0.25409746
AT5G18810,0.089484334
AT5G18820,-0.00464821
AT5G18830,0.030619748
AT5G18840,0.02074331
AT5G18850,0.15628761
AT5G18860,-0.09382281
AT5G18870,0.00036403525
AT5G18880,-6.562742e-05
AT5G18890,0.0017907463
AT5G18900,0.18570971
AT5G18910,0.0010279374
AT5G18920,-0.021111734
AT5G18930,-0.1112342
AT5G18933,4.033989e-05
AT5G18937,-0.008008201
AT5G18940,0.042774864
AT5G18950,0.08392659
AT5G18960,-0.09640788
AT5G18970,-0.22282857
AT5G18980,-0.0276302
AT5G18990,0.0015799064
AT5G19000,0.27864334
AT5G19010,-0.09886235
AT5G19020,-0.040389363
AT5G19025,0.058480907
AT5G19030,0.1495154
AT5G19040,-0.011414193
AT5G19050,0.18668438
AT5G19060,-0.037425045
AT5G19070,0.13539833
AT5G19080,0.094806
AT5G19090,-0.33687326
AT5G19100,0.06589326
AT5G19110,1.350422
AT5G19120,0.21360677
AT5G19130,-0.0025589652
AT5G19140,0.024250586
AT5G19150,0.06267338
AT5G19151,0.091979
AT5G19160,0.01782213
AT5G19170,-0.07079173
AT5G19172,0.0003829592
AT5G19175,0.0
AT5G19180,0.046175975
AT5G19190,-0.570322
AT5G19200,0.2934262
AT5G19210,-0.1388429
AT5G19220,-0.3560817
AT5G19230,0.72513455
AT5G19240,0.6330527
AT5G19250,0.16128753
AT5G19260,-0.11338432
AT5G19270,-0.0003528354
AT5G19280,0.075333074
AT5G19290,-0.13032092
AT5G19300,-0.010208628
AT5G19310,-0.052264884
AT5G19315,-0.0021897582
AT5G19320,0.14586368
AT5G19330,0.060433395
AT5G19340,0.07142063
AT5G19350,0.060151037
AT5G19360,0.0030882542
AT5G19370,0.0110745905
AT5G19380,0.025264805
AT5G19390,-0.17378183
AT5G19400,0.23171826
AT5G19410,0.0500683
AT5G19420,0.11276746
AT5G19430,-0.09770132
AT5G19440,0.79791296
AT5G19450,0.056169022
AT5G19460,-0.026072016
AT5G19470,-0.06600938
AT5G19473,0.009630443
AT5G19480,-0.012661091
AT5G19485,0.16089188
AT5G19490,0.083624534
AT5G19500,-0.2536366
AT5G19510,0.073882826
AT5G19520,-0.056172326
AT5G19530,-0.12377195
AT5G19540,0.122742996
AT5G19550,1.0928246
AT5G19560,0.0028606998
AT5G19570,0.029561032
AT5G19580,-0.39358896
AT5G19590,0.0786477
AT5G19595,0.0022291902
AT5G19600,-0.012934018
AT5G19610,-0.00093511085
AT5G19620,-0.038836513
AT5G19630,0.03339454
AT5G19633,-4.199639e-05
AT5G19640,4.8407845e-05
AT5G19650,0.06966871
AT5G19660,-0.030031884
AT5G19670,-0.17085981
AT5G19675,-0.001570045
AT5G19680,0.11663211
AT5G19690,0.11852335
AT5G19700,-0.06932543
AT5G19710,0.0
AT5G19720,0.008233672
AT5G19730,-0.16061985
AT5G19740,-0.37138486
AT5G19750,0.22784255
AT5G19760,-0.066363186
AT5G19770,-0.14147404
AT5G19780,-0.062771596
AT5G19790,0.0013667756
AT5G19800,0.008135647
AT5G19810,-0.023373991
AT5G19820,-0.015764292
AT5G19830,0.0027412237
AT5G19840,0.018144174
AT5G19850,0.08471495
AT5G19855,-0.19185407
AT5G19860,0.087351285
AT5G19870,0.0015727691
AT5G19875,0.034232486
AT5G19880,0.67671704
AT5G19890,0.38107142
AT5G19900,-0.060446404
AT5G19910,-0.0003847368
AT5G19920,-0.07349471
AT5G19930,0.17288804
AT5G19940,-0.6259605
AT5G19950,0.11318009
AT5G19960,0.18429512
AT5G19970,-0.02444819
AT5G19980,0.2732823
AT5G19990,0.028238796
AT5G20000,0.64996994
AT5G20010,-0.019467542
AT5G20020,0.3669906
AT5G20030,-0.067300506
AT5G20040,-0.038251583
AT5G20045,0.0015732045
AT5G20050,0.28393728
AT5G20060,-0.13634926
AT5G20070,-0.021608848
AT5G20080,0.087941274
AT5G20090,0.18139555
AT5G20100,0.0056487555
AT5G20110,0.030296875
AT5G20120,0.109774485
AT5G20130,0.051735118
AT5G20140,-0.27854645
AT5G20150,0.36664858
AT5G20160,0.1670134
AT5G20165,0.18823883
AT5G20170,0.002331935
AT5G20180,0.2666106
AT5G20190,-0.039832965
AT5G20200,0.044386126
AT5G20220,-0.30804467
AT5G20230,0.5626958
AT5G20240,0.054295376
AT5G20250,0.28194672
AT5G20260,0.0022122788
AT5G20270,-0.18741462
AT5G20280,0.06928768
AT5G20290,-0.013313583
AT5G20300,0.09867133
AT5G20310,0.00010418902
AT5G20320,-0.07750149
AT5G20330,0.00063313544
AT5G20340,0.0
AT5G20350,0.09012783
AT5G20360,-0.06317848
AT5G20370,0.010424188
AT5G20380,0.017623965
AT5G20390,5.1913292e-05
AT5G20400,0.30712
AT5G20410,-0.18669881
AT5G20420,0.013783284
AT5G20430,0.0035369894
AT5G20440,-0.0003569556
AT5G20447,0.0
AT5G20450,-0.10633476
AT5G20460,0.0
AT5G20470,0.008526077
AT5G20480,0.20431508
AT5G20490,0.02365406
AT5G20500,0.13077883
AT5G20510,-0.04871853
AT5G20520,-0.003717374
AT5G20540,-0.025234621
AT5G20550,0.022225585
AT5G20560,-0.0012897827
AT5G20570,0.26440164
AT5G20580,-0.07069016
AT5G20590,-0.06619059
AT5G20600,0.014950351
AT5G20610,0.1003559
AT5G20620,-0.0096464325
AT5G20630,0.13399452
AT5G20635,-0.119920194
AT5G20640,-0.028215626
AT5G20650,0.1531443
AT5G20655,0.0
AT5G20670,-0.1666226
AT5G20680,0.10040974
AT5G20690,-0.005276028
AT5G20700,-0.051601645
AT5G20710,-0.0307914
AT5G20720,-0.009104578
AT5G20730,0.15055105
AT5G20740,-0.2343089
AT5G20790,0.2654534
AT5G20810,0.12561615
AT5G20820,-0.06111979
AT5G20830,1.4278147
AT5G20840,-0.10193107
AT5G20850,0.062007833
AT5G20860,0.006278552
AT5G20870,-0.028652145
AT5G20885,-0.31993672
AT5G20890,0.062435474
AT5G20900,0.037329998
AT5G20910,0.4291467
AT5G20920,0.117840685
AT5G20930,0.14030996
AT5G20935,-0.041247413
AT5G20940,0.95939237
AT5G20950,0.47486523
AT5G20960,0.8602435
AT5G20970,-0.15076196
AT5G20980,-0.10453989
AT5G20990,0.15619391
AT5G20995,0.013578017
AT5G21010,0.10268691
AT5G21020,0.09205399
AT5G21030,0.04099777
AT5G21040,-0.030246463
AT5G21050,-0.009824654
AT5G21060,-0.07456241
AT5G21070,0.05956589
AT5G21080,0.0069603464
AT5G21090,0.22759226
AT5G21100,-0.234129
AT5G21105,0.1164095
AT5G21120,0.00085581327
AT5G21125,0.0
AT5G21130,-0.00089219416
AT5G21140,0.005248924
AT5G21150,0.01441163
AT5G21160,0.0013469867
AT5G21170,0.00026813615
AT5G21222,-0.3608539
AT5G21274,0.05937836
AT5G21280,0.12845612
AT5G21326,-0.037709635
AT5G21430,-0.70092624
AT5G21482,0.029426288
AT5G21900,0.41881034
AT5G21910,0.0055751447
AT5G21920,-0.24893564
AT5G21930,-0.60085183
AT5G21940,0.10941133
AT5G21950,-0.0779984
AT5G21960,0.012522577
AT5G21970,-0.047818866
AT5G21990,0.106228426
AT5G22000,0.14119716
AT5G22010,0.016941395
AT5G22020,0.057742923
AT5G22030,0.0032466217
AT5G22040,-0.006167889
AT5G22050,-0.37847978
AT5G22060,0.36735237
AT5G22070,-0.014938044
AT5G22080,-0.018703723
AT5G22090,0.08207087
AT5G22100,0.11051952
AT5G22110,0.076908305
AT5G22120,0.21575913
AT5G22130,0.035623875
AT5G22140,0.20741
AT5G22145,0.0011443755
AT5G22150,-0.004232677
AT5G22160,0.0
AT5G22170,-0.0002612232
AT5G22180,0.0
AT5G22190,7.0304806e-05
AT5G22200,0.08904953
AT5G22210,0.052038003
AT5G22220,0.1564239
AT5G22240,-0.052171234
AT5G22250,-0.80027604
AT5G22260,-0.013704272
AT5G22270,0.2897973
AT5G22280,0.028191766
AT5G22290,-0.01392345
AT5G22300,1.4508278
AT5G22310,-0.07571014
AT5G22320,0.019409267
AT5G22330,0.019170277
AT5G22340,-0.27049562
AT5G22350,0.40489364
AT5G22355,-0.00014387866
AT5G22360,0.23100871
AT5G22370,0.043999285
AT5G22380,0.07782231
AT5G22390,-0.38440576
AT5G22400,-0.025668142
AT5G22410,0.018084608
AT5G22420,-0.00050364295
AT5G22430,0.023791304
AT5G22440,-0.00312676
AT5G22450,0.095849045
AT5G22460,-0.5615478
AT5G22470,0.00023144549
AT5G22480,0.34104502
AT5G22490,0.013131992
AT5G22500,0.3831433
AT5G22505,0.00045096216
AT5G22510,-0.0032732158
AT5G22520,0.33951622
AT5G22530,0.25881186
AT5G22540,0.27555114
AT5G22545,0.60310096
AT5G22550,0.18134177
AT5G22555,0.00960246
AT5G22560,0.063197866
AT5G22570,0.38907075
AT5G22580,-0.5551545
AT5G22590,0.0
AT5G22600,0.00014478737
AT5G22608,0.015578833
AT5G22610,0.0034195336
AT5G22620,-0.42329818
AT5G22630,0.4257496
AT5G22640,-0.34768164
AT5G22650,0.010075837
AT5G22660,-0.0054337964
AT5G22670,0.0061107804
AT5G22680,0.0072575714
AT5G22690,0.003932569
AT5G22700,-0.01589791
AT5G22720,0.0051804753
AT5G22730,-0.00011072509
AT5G22740,-0.1374177
AT5G22750,-0.049633183
AT5G22760,0.06275607
AT5G22765,-5.4061762e-05
AT5G22770,0.14845338
AT5G22780,0.20291159
AT5G22785,9.818301e-05
AT5G22790,-0.02203476
AT5G22791,0.0029245673
AT5G22794,-0.17130053
AT5G22796,-0.03848152
AT5G22799,-0.10078444
AT5G22800,-0.113751724
AT5G22810,-0.0010745014
AT5G22820,0.0042413995
AT5G22830,-0.08235897
AT5G22840,0.1847673
AT5G22850,0.16424902
AT5G22860,0.29652303
AT5G22870,-0.054675654
AT5G22875,-0.036959924
AT5G22880,-0.0030905786
AT5G22890,0.041052543
AT5G22900,0.0
AT5G22910,0.0034067135
AT5G22920,-0.018649893
AT5G22930,-0.10324135
AT5G22940,-0.21575965
AT5G22950,0.07310078
AT5G22960,-4.889742e-06
AT5G22970,4.0305385e-05
AT5G22980,-4.3204982e-05
AT5G22990,5.912134e-06
AT5G23000,0.35117292
AT5G23010,-0.5652263
AT5G23020,-0.555174
AT5G23030,0.0023575893
AT5G23035,0.0005403536
AT5G23040,0.012727019
AT5G23050,0.21989363
AT5G23060,-0.5965407
AT5G23070,0.024809223
AT5G23080,0.03635554
AT5G23090,0.026475923
AT5G23100,-0.4312567
AT5G23110,0.006563402
AT5G23120,-0.28500444
AT5G23130,0.055152573
AT5G23140,0.16437966
AT5G23150,0.16878586
AT5G23160,0.23161788
AT5G23170,-0.11360245
AT5G23180,1.6844102e-05
AT5G23190,0.0057195234
AT5G23200,-0.047562726
AT5G23210,-0.2783614
AT5G23212,-4.8853915e-05
AT5G23220,0.012776229
AT5G23230,0.18351384
AT5G23240,0.1809614
AT5G23250,0.08312502
AT5G23260,0.0016962448
AT5G23270,0.0149778845
AT5G23280,-0.22278768
AT5G23290,0.1550875
AT5G23300,0.055328503
AT5G23310,-0.007899023
AT5G23320,-0.051521257
AT5G23330,0.056957245
AT5G23340,0.012614181
AT5G23350,-0.22381365
AT5G23360,-0.09212909
AT5G23370,-0.20551121
AT5G23380,0.024346929
AT5G23390,0.029249491
AT5G23395,0.10626615
AT5G23400,-0.087807
AT5G23405,0.004880311
AT5G23411,0.02175653
AT5G23420,0.014646407
AT5G23430,-0.03756164
AT5G23440,-0.00014682813
AT5G23450,0.03519424
AT5G23460,-0.11923066
AT5G23470,0.0019948422
AT5G23480,-0.24187486
AT5G23490,0.13397662
AT5G23510,0.09616585
AT5G23520,0.19112074
AT5G23530,0.1069989
AT5G23535,0.09967754
AT5G23540,0.33975184
AT5G23550,-0.026048634
AT5G23570,-0.100533865
AT5G23575,0.06201197
AT5G23580,-0.05387537
AT5G23590,-0.07064704
AT5G23600,-0.04416883
AT5G23610,0.115481995
AT5G23630,0.1380479
AT5G23650,8.435998e-05
AT5G23660,0.25850707
AT5G23670,-0.016009111
AT5G23680,-0.006064671
AT5G23690,-0.12038936
AT5G23700,0.015574997
AT5G23710,0.087671824
AT5G23720,0.011995339
AT5G23730,0.029283423
AT5G23740,0.013873566
AT5G23750,-0.41342184
AT5G23760,-0.120901816
AT5G23770,-0.10564243
AT5G23780,-0.029965794
AT5G23790,0.008664688
AT5G23800,-0.14690535
AT5G23810,-0.033244587
AT5G23820,0.1830288
AT5G23830,0.060022254
AT5G23840,-0.0023081482
AT5G23850,0.3057356
AT5G23860,-0.28059652
AT5G23870,-0.0032417476
AT5G23880,-0.0103207
AT5G23890,0.020037748
AT5G23900,-0.0023238682
AT5G23903,0.0009347567
AT5G23908,0.0
AT5G23910,-0.17308223
AT5G23920,0.0068390854
AT5G23930,-0.053911697
AT5G23940,-0.07835999
AT5G23950,0.6571528
AT5G23960,-0.000356803
AT5G23970,0.004398479
AT5G23980,0.059336122
AT5G23990,0.025818849
AT5G24000,-0.018725067
AT5G24010,-0.021958819
AT5G24020,0.08870783
AT5G24030,0.71971065
AT5G24040,0.031370778
AT5G24050,0.0016148177
AT5G24060,-0.00097155385
AT5G24070,0.00683379
AT5G24080,1.0751963
AT5G24090,0.5020307
AT5G24100,-0.0067955377
AT5G24105,-0.13806553
AT5G24110,0.10555565
AT5G24120,-0.041511204
AT5G24130,-0.0018273027
AT5G24140,0.119590916
AT5G24150,0.67317605
AT5G24155,0.1942459
AT5G24160,0.5076278
AT5G24165,-0.03496035
AT5G24170,-0.0061263577
AT5G24180,0.007725802
AT5G24190,0.0708817
AT5G24200,1.5544686
AT5G24210,0.5815169
AT5G24215,0.0052696783
AT5G24220,0.0032436056
AT5G24230,0.2841796
AT5G24240,0.12099179
AT5G24260,0.19790691
AT5G24270,0.11137834
AT5G24275,-0.00819059
AT5G24280,0.0035669412
AT5G24290,-0.08206351
AT5G24300,-0.35619003
AT5G24310,-0.08156654
AT5G24313,0.007202463
AT5G24314,-0.1964575
AT5G24316,0.011683816
AT5G24318,-0.03284725
AT5G24320,0.016856056
AT5G24330,0.0030261949
AT5G24340,-0.050308764
AT5G24350,0.027655788
AT5G24352,0.09698705
AT5G24355,-0.0009444369
AT5G24360,0.10490471
AT5G24370,0.0014805917
AT5G24380,0.119505346
AT5G24390,-0.112531185
AT5G24400,0.027307209
AT5G24410,-0.010817983
AT5G24420,-0.46641806
AT5G24430,0.105557665
AT5G24440,2.8192293e-05
AT5G24450,0.10642754
AT5G24460,0.14865345
AT5G24470,0.09131935
AT5G24480,0.0014967327
AT5G24490,-0.450819
AT5G24500,0.13221765
AT5G24510,-0.035037447
AT5G24520,0.14726135
AT5G24530,0.68973184
AT5G24540,0.08539644
AT5G24550,0.014360731
AT5G24560,0.00023195923
AT5G24570,0.27289313
AT5G24580,-0.8028429
AT5G24590,0.23756754
AT5G24600,0.30795422
AT5G24610,0.077058606
AT5G24620,-0.046763252
AT5G24630,0.06551781
AT5G24640,0.9741667
AT5G24650,0.061263382
AT5G24655,0.15714018
AT5G24660,-0.25190493
AT5G24670,0.014258634
AT5G24680,-0.026300542
AT5G24690,0.010191481
AT5G24710,0.07416467
AT5G24740,-0.0146015845
AT5G24750,-0.11559842
AT5G24760,0.57663673
AT5G24770,0.12615445
AT5G24780,0.30889183
AT5G24790,0.00040922276
AT5G24800,0.040087268
AT5G24810,0.054274067
AT5G24820,0.30775887
AT5G24830,-0.09821965
AT5G24840,0.008363606
AT5G24850,-0.012554093
AT5G24860,0.3997977
AT5G24870,0.1681102
AT5G24879,1.8352803e-05
AT5G24880,0.013082403
AT5G24890,-0.08796415
AT5G24900,0.0012431287
AT5G24910,0.45272171
AT5G24920,-0.08228092
AT5G24930,-0.124567
AT5G24940,0.0019184471
AT5G24950,-0.0011500278
AT5G24960,0.008093683
AT5G24970,0.059244834
AT5G24980,0.23452772
AT5G24990,-0.23815542
AT5G25000,0.0005103442
AT5G25010,0.0027982756
AT5G25020,0.006996476
AT5G25030,0.0
AT5G25040,-0.061874814
AT5G25050,0.07514519
AT5G25060,0.01422224
AT5G25070,0.10140603
AT5G25080,0.018643029
AT5G25090,-0.06642565
AT5G25100,-0.010600698
AT5G25110,-0.39725658
AT5G25120,0.21943311
AT5G25130,0.13155352
AT5G25140,-0.123290375
AT5G25150,0.0382697
AT5G25160,0.010214219
AT5G25170,-0.05027111
AT5G25180,0.09340643
AT5G25190,-0.4470841
AT5G25195,0.0
AT5G25200,0.0016805647
AT5G25210,0.019184995
AT5G25220,0.041314855
AT5G25230,0.03141729
AT5G25240,-0.14532031
AT5G25250,1.2471874
AT5G25260,1.395915
AT5G25265,0.083368614
AT5G25270,0.14788137
AT5G25280,-0.0009990195
AT5G25290,0.016854117
AT5G25300,0.0006592253
AT5G25310,-0.00083896634
AT5G25320,0.0039670505
AT5G25330,0.00050898484
AT5G25340,-0.0035281647
AT5G25350,0.11484194
AT5G25360,0.027318006
AT5G25370,-0.15205817
AT5G25380,-0.056868047
AT5G25390,-0.030315025
AT5G25400,0.0004971643
AT5G25410,4.6508587e-05
AT5G25415,-0.0025468792
AT5G25420,-0.00016851725
AT5G25425,0.0
AT5G25430,-0.000423536
AT5G25440,0.2594872
AT5G25450,0.040230162
AT5G25460,-0.7262008
AT5G25470,-0.0673269
AT5G25475,-0.2768876
AT5G25480,0.017712867
AT5G25490,-0.03892435
AT5G25500,-0.046628065
AT5G25510,0.0160739
AT5G25520,0.02961524
AT5G25530,0.003807649
AT5G25540,0.25163665
AT5G25550,-0.0048428876
AT5G25560,-0.03995644
AT5G25570,-0.0049562934
AT5G25580,-0.15649623
AT5G25590,-0.21170849
AT5G25600,-0.00045668805
AT5G25610,-0.14309779
AT5G25620,-0.13441452
AT5G25630,-0.21912009
AT5G25640,0.000610764
AT5G25750,-2.6831107e-05
AT5G25752,0.0
AT5G25754,0.07473924
AT5G25755,-0.0707824
AT5G25756,0.042154297
AT5G25760,0.037419554
AT5G25770,0.57497615
AT5G25780,-0.004570269
AT5G25790,0.023176594
AT5G25800,0.043551847
AT5G25810,-0.1634919
AT5G25820,0.45244172
AT5G25830,0.023604056
AT5G25840,-0.22665246
AT5G25850,0.0
AT5G25860,0.0
AT5G25870,0.0002832916
AT5G25880,0.02964935
AT5G25890,0.20900746
AT5G25900,0.0008778863
AT5G25910,0.59264517
AT5G25920,0.15727045
AT5G25930,0.58463573
AT5G25940,0.44830367
AT5G25950,0.00068933633
AT5G25960,0.0011006724
AT5G25970,0.014101295
AT5G25980,-0.15022886
AT5G25990,-0.024208754
AT5G25995,-0.010523961
AT5G26000,-0.20938325
AT5G26010,-0.022479966
AT5G26030,0.72104484
AT5G26040,0.122401215
AT5G26050,0.00059163186
AT5G26060,4.5255664e-11
AT5G26070,0.0036950933
AT5G26080,0.004800074
AT5G26090,0.0021090028
AT5G26100,7.163344e-05
AT5G26110,0.22285213
AT5G26120,0.0014809208
AT5G26130,-4.958913e-06
AT5G26140,-0.0008658352
AT5G26150,-0.0025147456
AT5G26160,-0.088042706
AT5G26170,0.32879704
AT5G26180,0.09826481
AT5G26190,-0.09706807
AT5G26200,-0.10304597
AT5G26210,-0.0007706189
AT5G26220,0.089654475
AT5G26230,-0.20019037
AT5G26240,0.020030495
AT5G26250,0.015515364
AT5G26260,0.06277563
AT5G26262,4.5221415e-05
AT5G26270,0.1371746
AT5G26280,0.32190567
AT5G26290,0.0070074243
AT5G26300,0.012262784
AT5G26310,0.015408446
AT5G26320,0.007577017
AT5G26330,-0.21007144
AT5G26340,1.1025238
AT5G26360,-0.034818906
AT5G26570,0.022665499
AT5G26580,0.00014193139
AT5G26594,0.0
AT5G26600,0.15372251
AT5G26610,0.07690868
AT5G26617,0.00067163276
AT5G26620,0.0027759785
AT5G26622,-0.09887807
AT5G26630,-0.033008393
AT5G26640,0.0
AT5G26650,-8.4039486e-05
AT5G26660,0.49222153
AT5G26667,0.10833203
AT5G26670,-0.3510829
AT5G26673,0.0011850133
AT5G26680,0.20909198
AT5G26690,0.71729475
AT5G26692,-1.1313916e-11
AT5G26700,0.27385417
AT5G26710,0.028064828
AT5G26717,-3.9450764e-20
AT5G26718,0.0
AT5G26730,-0.02671018
AT5G26731,0.23834777
AT5G26734,0.0
AT5G26742,-0.05649196
AT5G26749,-0.006477287
AT5G26751,0.08728458
AT5G26760,0.001560104
AT5G26770,0.21120878
AT5G26780,-0.007963894
AT5G26790,-0.037377678
AT5G26800,-0.0012282913
AT5G26805,1.7321145e-05
AT5G26810,6.750341e-05
AT5G26820,-0.18968436
AT5G26830,0.010033911
AT5G26840,3.2667096e-05
AT5G26850,-0.37191382
AT5G26860,0.11486828
AT5G26865,-0.016595157
AT5G26880,-0.022632083
AT5G26890,0.0061132526
AT5G26900,0.008424069
AT5G26910,-0.22286029
AT5G26920,0.8039359
AT5G26930,-0.002802576
AT5G26940,0.34091437
AT5G26950,0.004810421
AT5G26955,-1.0849151e-06
AT5G26960,-0.12348425
AT5G26970,-0.009571006
AT5G26980,0.025724439
AT5G26990,0.19111171
AT5G27000,0.09214278
AT5G27010,0.0021896467
AT5G27020,0.00045124767
AT5G27030,0.0042027105
AT5G27060,0.88045603
AT5G27065,0.00030960576
AT5G27070,-0.009046236
AT5G27080,0.0011392927
AT5G27090,0.00043962934
AT5G27100,0.14360952
AT5G27110,-0.062395483
AT5G27120,0.045197874
AT5G27130,0.03330063
AT5G27140,0.0017661053
AT5G27150,-0.06824481
AT5G27170,0.0
AT5G27200,-0.007221923
AT5G27210,0.113211915
AT5G27220,-0.06509926
AT5G27230,-0.09396532
AT5G27238,0.0
AT5G27240,-0.152676
AT5G27247,0.00016794857
AT5G27260,0.0041822973
AT5G27270,-0.017574351
AT5G27280,0.15308368
AT5G27290,-0.69526774
AT5G27300,-0.30698562
AT5G27310,0.0004749931
AT5G27320,0.029431863
AT5G27330,-0.07523586
AT5G27340,3.560578e-05
AT5G27350,0.6378351
AT5G27360,-0.27390417
AT5G27370,0.0002567646
AT5G27380,0.19905218
AT5G27390,-0.25289303
AT5G27395,2.8618379e-05
AT5G27400,-0.13762367
AT5G27410,0.024723148
AT5G27420,0.9676226
AT5G27430,0.15170194
AT5G27440,-0.020416772
AT5G27450,0.045010395
AT5G27460,0.05152241
AT5G27470,0.0913882
AT5G27490,-0.037157204
AT5G27493,0.0029940095
AT5G27495,0.0
AT5G27510,0.009148815
AT5G27520,0.7151918
AT5G27530,0.0
AT5G27540,0.09022046
AT5G27550,-0.0210503
AT5G27560,-0.16980284
AT5G27570,0.0008888893
AT5G27580,0.009790344
AT5G27600,0.38428354
AT5G27606,0.0
AT5G27607,0.0
AT5G27610,0.4230763
AT5G27620,-0.046773974
AT5G27630,-0.029153448
AT5G27640,0.13203609
AT5G27650,0.012044751
AT5G27660,-0.035153475
AT5G27670,-0.011245485
AT5G27680,-0.09723891
AT5G27690,-0.03238587
AT5G27700,0.09871976
AT5G27710,0.15425262
AT5G27720,0.27115768
AT5G27730,-0.070784725
AT5G27740,-0.1736471
AT5G27750,0.15588191
AT5G27760,0.89556277
AT5G27765,0.06943243
AT5G27770,0.0096907895
AT5G27780,-0.093781635
AT5G27790,5.2993632e-06
AT5G27800,7.8212426e-05
AT5G27810,0.007120428
AT5G27820,-0.10286806
AT5G27830,0.21958023
AT5G27840,0.084643684
AT5G27850,0.013223261
AT5G27860,0.076625355
AT5G27870,-0.0019949796
AT5G27880,0.0
AT5G27889,0.010091629
AT5G27890,0.031744495
AT5G27893,-0.015593519
AT5G27910,-0.00061569666
AT5G27920,0.36343896
AT5G27930,0.08427475
AT5G27940,-0.010791006
AT5G27944,0.0
AT5G27945,-0.0069208983
AT5G27950,-0.023253521
AT5G27960,3.112207e-05
AT5G27970,0.0093064755
AT5G27980,0.01700088
AT5G27990,0.032691617
AT5G28000,-0.0037284784
AT5G28010,0.07910625
AT5G28020,-0.32525843
AT5G28030,-0.021816375
AT5G28040,0.06550694
AT5G28050,0.28103608
AT5G28060,-0.023151718
AT5G28080,-0.0070885182
AT5G28090,3.365533e-05
AT5G28150,-0.014151445
AT5G28160,3.1384563e-05
AT5G28180,0.00013991684
AT5G28190,-0.0002664279
AT5G28210,-0.00043894502
AT5G28220,0.006787086
AT5G28235,0.2779824
AT5G28237,1.1217959
AT5G28288,0.0
AT5G28290,0.037123524
AT5G28295,4.6905254e-05
AT5G28300,-0.07386758
AT5G28310,0.0019735792
AT5G28320,0.0053149643
AT5G28340,-0.0041242614
AT5G28345,-0.08650022
AT5G28350,0.048546165
AT5G28370,0.03866919
AT5G28380,0.037708692
AT5G28390,0.009179635
AT5G28400,-0.09526282
AT5G28410,0.00033506996
AT5G28420,-0.004078461
AT5G28440,0.0
AT5G28450,-0.040917933
AT5G28460,0.008144916
AT5G28462,7.144128e-05
AT5G28463,2.42061e-05
AT5G28470,0.00074344
AT5G28490,0.07192031
AT5G28491,2.7346865e-05
AT5G28500,-0.01795564
AT5G28510,0.0063121547
AT5G28520,0.004491229
AT5G28530,-0.063275374
AT5G28540,0.45886654
AT5G28550,0.0
AT5G28560,-4.3855147e-05
AT5G28590,0.0
AT5G28610,-0.008987529
AT5G28615,4.0305385e-05
AT5G28620,0.0
AT5G28630,-0.25335723
AT5G28640,0.04688696
AT5G28646,1.0578399
AT5G28650,-0.00579518
AT5G28660,-0.0022097104
AT5G28680,-1.1313916e-10
AT5G28690,5.1913317e-05
AT5G28720,3.8374917e-05
AT5G28730,0.0
AT5G28740,0.08031155
AT5G28750,-0.052641444
AT5G28770,-0.16992739
AT5G28780,0.0
AT5G28810,0.023410277
AT5G28820,0.0
AT5G28823,0.00012602766
AT5G28830,0.42010802
AT5G28840,0.01554034
AT5G28850,-0.0953707
AT5G28885,0.0
AT5G28900,-0.035282552
AT5G28910,-0.11663617
AT5G28919,0.03936527
AT5G28920,-0.008063942
AT5G28950,4.3227985e-05
AT5G28960,0.005633857
AT5G29000,0.24014178
AT5G29050,5.691064e-05
AT5G29054,0.0
AT5G29070,0.0
AT5G29210,8.373603e-05
AT5G29560,-0.0002805428
AT5G29576,0.0
AT5G29613,9.632955e-05
AT5G29624,-8.430181e-05
AT5G30341,0.00027899153
AT5G30360,0.0008572459
AT5G30490,0.093943484
AT5G30495,0.012455681
AT5G30500,0.037586987
AT5G30510,-0.13299915
AT5G30520,4.0062332e-05
AT5G31412,0.0
AT5G32440,0.18969864
AT5G32450,-0.10197312
AT5G32460,0.0037070953
AT5G32470,0.08808653
AT5G32590,0.06602235
AT5G32613,0.0
AT5G32619,0.0
AT5G32670,3.0973948e-05
AT5G33210,0.0001360687
AT5G33280,0.031112019
AT5G33290,0.45858243
AT5G33300,-0.011703585
AT5G33320,0.12659727
AT5G33330,-0.0016852479
AT5G33340,0.0012001568
AT5G33355,0.016230458
AT5G33370,0.12868416
AT5G33390,-0.004201106
AT5G33393,0.0
AT5G33406,0.0010270475
AT5G33806,0.0
AT5G33898,0.0
AT5G34581,0.0
AT5G34780,0.0010115688
AT5G34828,0.0
AT5G34829,0.0
AT5G34830,-0.0062996093
AT5G34850,0.1400903
AT5G34869,5.9155107e-05
AT5G34870,4.0305385e-05
AT5G34881,0.0
AT5G34882,0.0
AT5G34883,0.0
AT5G34885,0.0
AT5G34887,0.00023930664
AT5G34905,0.0
AT5G34908,0.0
AT5G34930,0.59712195
AT5G34940,1.1160243
AT5G35050,-0.000533112
AT5G35067,0.0
AT5G35069,0.0
AT5G35080,-0.017117666
AT5G35090,-0.00063796435
AT5G35100,0.05618436
AT5G35110,0.09504075
AT5G35120,0.0016714764
AT5G35160,0.0046541123
AT5G35170,-0.3794914
AT5G35180,0.089799106
AT5G35190,0.011068316
AT5G35195,0.0
AT5G35200,0.39254093
AT5G35210,-0.11365991
AT5G35220,-0.034991544
AT5G35230,0.0
AT5G35300,0.0
AT5G35320,0.22788288
AT5G35330,0.074513584
AT5G35338,8.6112836e-05
AT5G35360,-0.21710579
AT5G35370,0.4311003
AT5G35375,-0.003046351
AT5G35380,0.0007241034
AT5G35390,-0.0041007223
AT5G35400,-0.015650155
AT5G35405,0.0
AT5G35410,0.2362124
AT5G35430,0.1746549
AT5G35450,-0.2197714
AT5G35460,0.028263485
AT5G35475,0.00016770918
AT5G35480,-0.5685655
AT5G35490,-0.34932634
AT5G35510,-0.004929804
AT5G35520,-0.08969327
AT5G35525,-0.01957488
AT5G35530,0.02317417
AT5G35540,0.0001524091
AT5G35550,0.0039839195
AT5G35560,-0.018800309
AT5G35570,-0.016411532
AT5G35580,0.26795128
AT5G35590,0.09966915
AT5G35600,-0.0014148087
AT5G35603,0.0001648352
AT5G35604,0.00015689405
AT5G35610,0.00016531197
AT5G35620,0.23622982
AT5G35630,-0.38442022
AT5G35640,-0.004552155
AT5G35660,0.017055565
AT5G35670,-0.42262366
AT5G35680,0.50134194
AT5G35688,0.0017792555
AT5G35690,0.07454674
AT5G35695,0.0
AT5G35698,0.0
AT5G35700,0.22450295
AT5G35715,0.0036124291
AT5G35730,0.08660855
AT5G35732,0.060766876
AT5G35735,0.7897678
AT5G35737,2.297392e-05
AT5G35740,-0.506341
AT5G35750,-0.15834463
AT5G35753,-0.112483054
AT5G35760,-0.017045481
AT5G35770,0.004085241
AT5G35780,0.0
AT5G35790,-0.36223462
AT5G35810,8.4198626e-05
AT5G35830,8.8366956e-05
AT5G35840,-0.05982465
AT5G35870,-0.0012795674
AT5G35890,0.00089335046
AT5G35900,0.032325264
AT5G35910,-0.028872874
AT5G35913,0.00076541636
AT5G35926,-0.038052667
AT5G35927,-0.0027910334
AT5G35930,-0.066930294
AT5G35940,0.00096458325
AT5G35945,-0.0019280663
AT5G35950,-0.00018318143
AT5G35960,0.06713371
AT5G35970,-0.2535179
AT5G35980,0.061686218
AT5G35995,-0.0035425732
AT5G36000,-0.018752856
AT5G36001,-0.009187561
AT5G36080,0.0
AT5G36100,0.003650522
AT5G36110,0.0025124901
AT5G36120,-0.017388748
AT5G36130,0.008671662
AT5G36150,0.008299383
AT5G36160,-0.025381837
AT5G36170,-0.23154016
AT5G36180,0.021664096
AT5G36190,0.0013266479
AT5G36200,0.0
AT5G36210,0.019379178
AT5G36220,0.53711736
AT5G36225,0.0
AT5G36228,5.4835808e-05
AT5G36230,0.00029608572
AT5G36240,-0.0011496505
AT5G36250,-0.11869778
AT5G36260,-0.035724334
AT5G36270,0.0
AT5G36280,-0.00269868
AT5G36290,-0.06479291
AT5G36300,0.0
AT5G36310,0.0
AT5G36320,0.0
AT5G36330,0.0
AT5G36350,0.0
AT5G36370,0.0
AT5G36480,0.0
AT5G36490,0.0
AT5G36500,1.0857209e-05
AT5G36520,0.0
AT5G36540,0.0
AT5G36550,1.0857209e-05
AT5G36657,2.1421867e-05
AT5G36658,0.0
AT5G36659,0.0
AT5G36661,0.0
AT5G36662,0.0
AT5G36670,0.015480494
AT5G36680,0.0012630187
AT5G36690,0.0
AT5G36700,-0.9480254
AT5G36710,-0.04900006
AT5G36720,0.0
AT5G36722,4.420569e-05
AT5G36730,0.0
AT5G36780,-0.0004808074
AT5G36790,-0.5958598
AT5G36820,0.0
AT5G36870,0.0102857165
AT5G36880,0.3761
AT5G36890,-0.05402771
AT5G36900,-8.886246e-05
AT5G36906,0.0
AT5G36907,0.6662973
AT5G36910,-0.025461897
AT5G36920,-0.011741809
AT5G36925,0.4816851
AT5G36930,0.06542143
AT5G36940,-0.07575683
AT5G36950,-0.086237706
AT5G36960,0.015600258
AT5G36970,1.1357307
AT5G36980,0.0
AT5G36985,0.0
AT5G37000,-0.38786337
AT5G37010,-0.15343824
AT5G37020,-0.030065767
AT5G37030,-2.3959306e-05
AT5G37035,0.0
AT5G37040,0.0
AT5G37050,-0.0020059706
AT5G37055,-0.021865478
AT5G37060,0.00024634597
AT5G37070,0.480594
AT5G37130,0.06013127
AT5G37140,-0.002601144
AT5G37147,0.0
AT5G37150,-0.00048889976
AT5G37160,-0.00026606544
AT5G37165,0.00018723933
AT5G37170,0.0002924722
AT5G37180,-0.05193668
AT5G37190,-0.04050489
AT5G37200,5.7486424e-05
AT5G37210,0.0050448305
AT5G37220,0.0
AT5G37230,0.0008435545
AT5G37240,-0.0026738755
AT5G37247,-0.0061196536
AT5G37250,0.037838936
AT5G37260,0.10260276
AT5G37270,0.00085665734
AT5G37280,0.000110760964
AT5G37290,-0.1931659
AT5G37300,-0.22831455
AT5G37310,-0.01441032
AT5G37320,0.001227737
AT5G37340,-0.06481546
AT5G37350,0.055736262
AT5G37360,-0.10438847
AT5G37370,-0.07170572
AT5G37380,0.049473003
AT5G37400,-0.029602041
AT5G37410,-0.13693543
AT5G37415,0.0074019292
AT5G37420,0.022185046
AT5G37430,0.00042788003
AT5G37440,-0.024093544
AT5G37450,-0.015896948
AT5G37460,-0.0025167114
AT5G37470,-0.0017608063
AT5G37473,0.0
AT5G37474,0.0037649248
AT5G37475,0.23730652
AT5G37478,-0.055183697
AT5G37480,0.44309372
AT5G37490,0.4058146
AT5G37500,-0.004744865
AT5G37510,0.22163972
AT5G37520,0.00012587715
AT5G37530,-0.017688224
AT5G37540,0.31203395
AT5G37550,0.025848825
AT5G37560,6.374695e-05
AT5G37570,-0.08084348
AT5G37590,0.01219061
AT5G37600,0.4308574
AT5G37610,-0.0018637147
AT5G37620,0.0008078715
AT5G37630,0.001803684
AT5G37640,0.000113609196
AT5G37650,0.0
AT5G37660,-0.4065488
AT5G37670,0.03557959
AT5G37680,-0.14191309
AT5G37690,0.022305198
AT5G37710,-0.047709975
AT5G37715,-0.003784276
AT5G37720,0.30892292
AT5G37730,0.0014402498
AT5G37740,0.55008936
AT5G37750,0.084566124
AT5G37760,5.6545017e-05
AT5G37770,-0.0120950565
AT5G37780,0.35765374
AT5G37785,0.0
AT5G37790,-0.32797098
AT5G37793,-0.009630193
AT5G37800,-0.014336322
AT5G37810,0.0
AT5G37820,-0.0016090478
AT5G37830,0.105428755
AT5G37840,1.1805481
AT5G37850,0.14215322
AT5G37860,-5.1608426e-05
AT5G37870,0.00015043536
AT5G37890,0.064821795
AT5G37900,-0.00031077294
AT5G37910,4.9670514e-05
AT5G37920,0.00021785393
AT5G37930,0.1358615
AT5G37940,0.016945664
AT5G37950,-0.13865443
AT5G37960,7.766809e-05
AT5G37970,0.0058791023
AT5G37980,0.02448328
AT5G37990,0.044655044
AT5G38000,0.047805466
AT5G38010,-0.28643999
AT5G38020,0.059298232
AT5G38030,0.38842553
AT5G38040,-0.18344095
AT5G38050,-0.090692066
AT5G38060,-0.15082484
AT5G38070,0.0027369005
AT5G38080,5.356426e-05
AT5G38090,0.0
AT5G38100,-0.05876836
AT5G38110,-0.008707335
AT5G38120,-0.14681393
AT5G38130,0.012751633
AT5G38140,-0.32856497
AT5G38150,-0.44117892
AT5G38160,-0.00013376732
AT5G38170,0.000109987624
AT5G38180,0.0
AT5G38190,-1.8593077e-05
AT5G38195,0.0
AT5G38197,0.0
AT5G38200,0.053355657
AT5G38210,0.15528233
AT5G38220,0.03799583
AT5G38240,-0.04252053
AT5G38250,0.3066032
AT5G38260,0.004422168
AT5G38270,-0.0006556331
AT5G38280,0.10125009
AT5G38290,-0.11049729
AT5G38300,-0.0716337
AT5G38310,0.15089683
AT5G38317,0.0
AT5G38320,0.27848834
AT5G38330,6.656389e-05
AT5G38340,0.15046205
AT5G38344,0.06761088
AT5G38350,0.031611566
AT5G38360,-0.11225063
AT5G38378,0.0
AT5G38380,-0.0031572068
AT5G38386,0.0008055593
AT5G38390,8.672843e-05
AT5G38391,0.0010739727
AT5G38392,0.00037826085
AT5G38396,0.008936634
AT5G38397,0.0
AT5G38400,0.024431827
AT5G38410,-0.6836302
AT5G38420,-0.77851474
AT5G38430,-0.7081696
AT5G38435,0.0
AT5G38440,0.0
AT5G38450,-0.015857056
AT5G38460,-0.025136353
AT5G38470,0.27543777
AT5G38480,-0.013223008
AT5G38490,0.00081026857
AT5G38500,-0.00045380197
AT5G38510,0.46775925
AT5G38520,-0.42143083
AT5G38530,0.50358874
AT5G38540,0.01101092
AT5G38550,0.03278606
AT5G38560,-0.0065627163
AT5G38565,0.0045009824
AT5G38570,8.206961e-05
AT5G38580,0.00090299716
AT5G38590,-0.036757402
AT5G38600,0.1165407
AT5G38610,0.009147045
AT5G38620,0.00033281476
AT5G38630,0.18487261
AT5G38640,0.14729843
AT5G38650,0.39674866
AT5G38660,-0.13438979
AT5G38670,-4.5520675e-05
AT5G38680,0.00022789938
AT5G38690,-0.0039252117
AT5G38700,-0.03937189
AT5G38710,1.817964
AT5G38720,-0.025366385
AT5G38730,-0.059077926
AT5G38740,0.00213915
AT5G38743,0.0004046722
AT5G38747,0.024668012
AT5G38750,0.008005127
AT5G38760,0.00059682527
AT5G38770,-0.0004664075
AT5G38780,0.08521781
AT5G38790,0.0011502097
AT5G38800,0.005441963
AT5G38810,-0.00028162764
AT5G38820,0.0023750663
AT5G38830,0.27624437
AT5G38840,-0.0074207503
AT5G38850,-0.01746521
AT5G38860,-0.10015263
AT5G38865,-0.008501062
AT5G38880,-0.1431517
AT5G38890,0.2484906
AT5G38895,-0.061186895
AT5G38900,1.6141311
AT5G38910,0.051885366
AT5G38920,0.003518519
AT5G38930,0.026864158
AT5G38940,0.15578178
AT5G38950,0.0
AT5G38960,0.0
AT5G38970,-0.10938294
AT5G38980,-0.035805542
AT5G38990,0.044974357
AT5G39000,0.032792486
AT5G39010,0.009789177
AT5G39020,0.18770692
AT5G39024,0.0005658979
AT5G39030,-0.41105494
AT5G39040,0.3493386
AT5G39050,1.183023
AT5G39080,0.31930593
AT5G39090,0.74270016
AT5G39100,0.089728646
AT5G39110,0.03238775
AT5G39120,0.019000124
AT5G39130,0.02590874
AT5G39140,-0.0074126683
AT5G39150,0.003971683
AT5G39160,0.25875306
AT5G39170,0.0
AT5G39180,0.012524798
AT5G39190,0.038990356
AT5G39200,0.014662352
AT5G39210,-0.07284602
AT5G39220,0.03569691
AT5G39230,-0.0057718847
AT5G39240,-0.005872869
AT5G39250,0.12143388
AT5G39260,0.0152123235
AT5G39270,0.0
AT5G39280,4.2860545e-05
AT5G39290,0.0
AT5G39300,-4.5381792e-05
AT5G39310,4.5255664e-11
AT5G39320,-0.052017014
AT5G39330,0.060543124
AT5G39340,-0.16467343
AT5G39350,0.08686632
AT5G39360,0.06105695
AT5G39365,3.4560715e-05
AT5G39370,0.0012840838
AT5G39380,-0.022587188
AT5G39390,-0.00034800102
AT5G39400,0.0010138932
AT5G39410,0.14056091
AT5G39420,-0.03761902
AT5G39430,0.0050780894
AT5G39440,0.0
AT5G39450,0.2034817
AT5G39460,4.635501e-05
AT5G39470,8.06657e-05
AT5G39471,-0.18313853
AT5G39480,0.00048064988
AT5G39490,0.0026540714
AT5G39493,0.005821013
AT5G39500,0.042229988
AT5G39510,0.15846255
AT5G39520,0.55520594
AT5G39530,-0.3720957
AT5G39540,0.0
AT5G39550,0.02661997
AT5G39560,0.008841441
AT5G39570,0.046240486
AT5G39580,0.7554957
AT5G39590,0.33133322
AT5G39600,0.020089058
AT5G39610,0.41270787
AT5G39620,0.0
AT5G39630,0.059059225
AT5G39640,7.7425444e-05
AT5G39645,3.774662e-05
AT5G39650,0.0035897964
AT5G39660,0.055790275
AT5G39670,1.0615041
AT5G39680,-0.0052675386
AT5G39690,-3.6124518e-06
AT5G39700,0.0
AT5G39710,-0.005288623
AT5G39715,0.0031814643
AT5G39720,0.416704
AT5G39730,0.06632193
AT5G39740,-0.0012053049
AT5G39750,0.0016450852
AT5G39760,0.024820158
AT5G39770,0.006615116
AT5G39775,-3.4078384e-05
AT5G39780,0.0
AT5G39790,-0.0041525965
AT5G39800,0.0014406212
AT5G39810,-0.00808116
AT5G39820,0.0015594827
AT5G39830,-0.08513946
AT5G39840,-0.047490146
AT5G39850,0.3383288
AT5G39860,-0.31148514
AT5G39865,-0.062496535
AT5G39870,0.00023481125
AT5G39880,0.0004296138
AT5G39890,0.03547612
AT5G39900,-0.06695177
AT5G39910,5.035927e-05
AT5G39920,4.0305385e-05
AT5G39930,0.0034861274
AT5G39940,-0.020607658
AT5G39950,0.43971762
AT5G39960,-0.12340584
AT5G39970,0.07359563
AT5G39980,-0.15587582
AT5G39990,0.068718605
AT5G40000,0.026835965
AT5G40010,0.4856739
AT5G40020,0.07250195
AT5G40030,-0.021921074
AT5G40040,0.08374652
AT5G40050,-1.3807237e-05
AT5G40060,-0.052255303
AT5G40070,0.0011283295
AT5G40080,-0.24356122
AT5G40090,-0.033578783
AT5G40100,0.007313161
AT5G40120,0.0
AT5G40140,-0.25076792
AT5G40150,-0.24137391
AT5G40153,-0.00490128
AT5G40155,0.0006741661
AT5G40160,-0.10572223
AT5G40170,0.09644078
AT5G40180,0.05054506
AT5G40190,0.028343303
AT5G40200,-0.004909755
AT5G40210,0.14959508
AT5G40220,0.00053620426
AT5G40230,0.092378974
AT5G40240,0.5901922
AT5G40250,-0.1064516
AT5G40260,0.41549546
AT5G40270,-0.030399166
AT5G40280,0.07576966
AT5G40290,0.00028885968
AT5G40300,0.15043855
AT5G40310,-0.011634493
AT5G40320,-0.005330308
AT5G40330,-0.1127905
AT5G40340,-0.12836252
AT5G40350,-0.008881898
AT5G40360,0.00027390174
AT5G40370,0.41947606
AT5G40380,-0.068438
AT5G40382,-0.0009688282
AT5G40390,0.057128817
AT5G40400,-0.1519482
AT5G40405,0.078509465
AT5G40410,0.007306891
AT5G40420,-0.0013223431
AT5G40430,0.022956625
AT5G40440,0.09120637
AT5G40450,-0.096957736
AT5G40460,0.09076152
AT5G40470,-0.014105646
AT5G40480,-0.01838078
AT5G40490,0.15428947
AT5G40500,-0.08834041
AT5G40510,0.08231644
AT5G40520,0.012069577
AT5G40530,0.03218559
AT5G40540,0.062724866
AT5G40550,-0.10135478
AT5G40560,0.0
AT5G40570,-0.071952514
AT5G40580,0.21193534
AT5G40590,0.04125623
AT5G40595,0.0
AT5G40600,-0.057174947
AT5G40610,-0.4061442
AT5G40620,0.0016010354
AT5G40630,-0.10276058
AT5G40640,0.015581489
AT5G40645,-0.004722842
AT5G40650,0.37387565
AT5G40660,0.1245952
AT5G40670,0.16883011
AT5G40680,0.02091459
AT5G40690,1.1578845
AT5G40700,-0.08385272
AT5G40710,-0.075234294
AT5G40720,0.13992338
AT5G40730,0.92770743
AT5G40740,-0.039045155
AT5G40750,0.0
AT5G40760,0.60731167
AT5G40770,0.17261504
AT5G40780,0.8324312
AT5G40790,-0.0063881446
AT5G40800,0.017436644
AT5G40810,0.039649714
AT5G40820,-0.012037318
AT5G40830,-0.17535323
AT5G40840,-0.02426949
AT5G40850,-0.10787242
AT5G40855,-0.007728879
AT5G40860,0.01625175
AT5G40870,-0.14665791
AT5G40880,0.36263204
AT5G40890,0.01727167
AT5G40900,0.026017657
AT5G40910,-0.16256309
AT5G40930,0.14444132
AT5G40940,-5.567082e-05
AT5G40942,0.0
AT5G40950,-0.20614237
AT5G40960,0.060195066
AT5G40970,-0.11981931
AT5G40980,-0.038094357
AT5G40981,-0.0007562383
AT5G40990,0.58638924
AT5G41000,-0.042815235
AT5G41010,0.16783659
AT5G41020,-0.03760678
AT5G41025,-0.0021593366
AT5G41030,-0.02094635
AT5G41040,0.9918274
AT5G41050,-0.45727032
AT5G41060,-0.5325377
AT5G41070,-0.09096716
AT5G41071,0.008125954
AT5G41080,1.2197034
AT5G41090,0.03213213
AT5G41100,0.3196499
AT5G41109,0.00019161607
AT5G41110,-0.14539275
AT5G41120,0.30747452
AT5G41130,-0.15638025
AT5G41140,-0.5815243
AT5G41150,-0.035636455
AT5G41160,0.24512073
AT5G41170,0.05231247
AT5G41180,0.15346198
AT5G41190,0.019290935
AT5G41200,0.005890212
AT5G41210,0.1470521
AT5G41220,0.17952594
AT5G41240,0.029198263
AT5G41250,0.00012826611
AT5G41260,0.010430659
AT5G41270,0.011237333
AT5G41280,0.05628101
AT5G41290,0.015914947
AT5G41300,0.00068564794
AT5G41310,0.0087936865
AT5G41315,0.07188833
AT5G41320,0.06248495
AT5G41330,0.011336062
AT5G41340,-0.031790175
AT5G41350,0.15021133
AT5G41360,0.12832323
AT5G41370,0.037883185
AT5G41380,0.009456569
AT5G41390,0.021059005
AT5G41400,0.15679063
AT5G41401,0.0
AT5G41410,0.031094212
AT5G41420,0.0003227744
AT5G41430,-6.2511725e-05
AT5G41440,0.00012279152
AT5G41450,-0.0012994999
AT5G41460,-0.044227056
AT5G41470,-0.094259255
AT5G41480,-0.04295492
AT5G41490,0.017376367
AT5G41500,3.7315705e-05
AT5G41510,0.00904202
AT5G41520,0.0128655145
AT5G41530,0.0
AT5G41540,0.006771551
AT5G41550,-0.22606662
AT5G41560,0.037633743
AT5G41570,-0.007931512
AT5G41580,0.041189156
AT5G41590,0.25510842
AT5G41600,-0.018789012
AT5G41610,1.563556
AT5G41620,-0.08278846
AT5G41630,0.0
AT5G41640,0.00026793082
AT5G41650,0.019837622
AT5G41660,0.022454843
AT5G41670,0.083616465
AT5G41680,0.041635543
AT5G41685,0.18963152
AT5G41690,-0.20100076
AT5G41700,-0.028756559
AT5G41720,0.00056342786
AT5G41730,0.4859086
AT5G41740,0.69228375
AT5G41750,0.66628844
AT5G41760,-0.057789374
AT5G41761,-0.17593025
AT5G41763,0.009394874
AT5G41765,0.000349056
AT5G41770,0.04228629
AT5G41780,-0.10084911
AT5G41790,-0.17203416
AT5G41800,0.10763979
AT5G41810,-0.24605767
AT5G41820,-0.0015359933
AT5G41830,-0.051937923
AT5G41840,0.005893517
AT5G41850,0.01339336
AT5G41860,0.39289936
AT5G41870,-0.00177901
AT5G41880,-0.06263694
AT5G41890,-0.021471893
AT5G41900,-0.06865924
AT5G41908,0.0008654172
AT5G41910,0.35479578
AT5G41920,-0.3369509
AT5G41940,0.11584132
AT5G41950,0.12780397
AT5G41960,0.19470961
AT5G41970,0.09899604
AT5G41980,-0.13606158
AT5G41990,0.27575934
AT5G42000,0.012109771
AT5G42010,0.50308776
AT5G42020,0.6318519
AT5G42030,-0.22283705
AT5G42040,-0.25455055
AT5G42050,0.42065784
AT5G42053,0.0014812178
AT5G42060,0.12116888
AT5G42070,-0.32739484
AT5G42080,0.15522225
AT5G42090,0.20168726
AT5G42100,-0.2690376
AT5G42110,-0.008679395
AT5G42120,-0.04429841
AT5G42130,-0.00919032
AT5G42140,0.06397013
AT5G42146,-0.014087271
AT5G42150,0.275098
AT5G42170,0.013617395
AT5G42180,0.018363602
AT5G42190,-0.00561666
AT5G42200,-0.050353955
AT5G42210,-0.15323506
AT5G42220,0.033917777
AT5G42223,0.044235747
AT5G42230,0.006320076
AT5G42232,2.9317265e-05
AT5G42235,0.04399374
AT5G42240,-0.17258362
AT5G42242,-0.00017397526
AT5G42250,0.20422488
AT5G42260,6.446433e-05
AT5G42270,-0.018276135
AT5G42280,-0.1815641
AT5G42290,0.012116675
AT5G42300,0.29072267
AT5G42310,-0.16074571
AT5G42325,0.017768089
AT5G42330,0.016027346
AT5G42340,-0.003791227
AT5G42350,0.12597279
AT5G42360,0.032293957
AT5G42370,0.000506856
AT5G42380,1.5887982
AT5G42390,-0.01511666
AT5G42400,0.05669193
AT5G42410,0.0013292166
AT5G42420,0.06844586
AT5G42430,0.0005918639
AT5G42440,0.4986008
AT5G42450,-0.03320573
AT5G42460,0.03867971
AT5G42470,-0.03256984
AT5G42480,-0.08934904
AT5G42490,5.6907287e-05
AT5G42500,0.021279495
AT5G42504,0.0
AT5G42510,0.13033275
AT5G42520,0.054634742
AT5G42530,0.29010126
AT5G42540,0.0859556
AT5G42560,0.10506142
AT5G42567,0.0
AT5G42570,0.40510228
AT5G42580,0.006384092
AT5G42590,-0.0008736683
AT5G42600,-0.0025803354
AT5G42610,-0.07609014
AT5G42620,-0.13522282
AT5G42630,-0.062200554
AT5G42635,0.0
AT5G42640,0.002477001
AT5G42650,0.0027669147
AT5G42655,0.05427985
AT5G42660,-0.05074563
AT5G42670,-0.060501438
AT5G42680,-0.16464046
AT5G42690,-0.357178
AT5G42700,0.034631737
AT5G42710,0.0471583
AT5G42720,-0.32041967
AT5G42740,0.12218485
AT5G42750,-0.011856763
AT5G42760,0.040641017
AT5G42765,-0.13466449
AT5G42770,-0.20315829
AT5G42780,-0.08787039
AT5G42785,0.0009680444
AT5G42790,0.17934154
AT5G42797,7.0304806e-05
AT5G42800,0.16216214
AT5G42810,-0.08174176
AT5G42820,0.06128983
AT5G42825,0.017189471
AT5G42830,1.0500499
AT5G42840,-0.025360242
AT5G42850,0.33419913
AT5G42860,-0.2708004
AT5G42870,0.17601502
AT5G42880,0.06730767
AT5G42890,0.1806445
AT5G42895,0.00049220223
AT5G42900,0.5354499
AT5G42905,0.0
AT5G42910,0.0
AT5G42920,-0.019576017
AT5G42930,0.15683189
AT5G42940,0.37074655
AT5G42950,0.19053766
AT5G42955,-0.0001702558
AT5G42957,2.1602043e-05
AT5G42960,0.1622104
AT5G42965,0.039473314
AT5G42970,0.33748442
AT5G42980,0.13253325
AT5G42990,0.05128589
AT5G43000,0.0002687993
AT5G43010,0.13311888
AT5G43020,-0.20551819
AT5G43030,0.0063802474
AT5G43040,-0.15777728
AT5G43050,-0.01436168
AT5G43060,0.35773155
AT5G43064,0.04224737
AT5G43066,0.00037599087
AT5G43068,0.037218794
AT5G43070,0.06965649
AT5G43080,-0.042645518
AT5G43090,0.0045188474
AT5G43100,0.1385419
AT5G43110,0.007442062
AT5G43120,-0.003968569
AT5G43130,0.10698923
AT5G43140,-0.08602033
AT5G43150,-0.083126724
AT5G43155,-0.0133275315
AT5G43160,-0.15133905
AT5G43170,0.24657564
AT5G43175,0.0111652035
AT5G43180,0.26490548
AT5G43185,5.656958e-12
AT5G43190,0.10088166
AT5G43200,-0.005111275
AT5G43210,-0.11168605
AT5G43211,0.0
AT5G43230,0.0055193477
AT5G43240,-0.06598201
AT5G43250,-0.023051267
AT5G43260,0.21705781
AT5G43270,-0.06492694
AT5G43280,0.3337682
AT5G43285,-0.000680185
AT5G43290,-0.07175259
AT5G43300,0.068678625
AT5G43310,-0.09208492
AT5G43320,-0.010250367
AT5G43330,-0.015515271
AT5G43340,0.00019389889
AT5G43350,0.18084694
AT5G43360,0.0307132
AT5G43370,0.03077583
AT5G43380,0.28297412
AT5G43390,0.0040894416
AT5G43400,0.23494747
AT5G43401,0.0002677151
AT5G43410,0.20994103
AT5G43420,0.21662182
AT5G43430,0.3619867
AT5G43440,-0.07975208
AT5G43450,0.29931802
AT5G43460,0.097860046
AT5G43470,0.004742053
AT5G43480,-0.0023152991
AT5G43490,0.011750123
AT5G43500,-0.3486172
AT5G43510,-0.002385452
AT5G43513,0.0004985183
AT5G43516,0.0
AT5G43518,0.0002754192
AT5G43520,0.015043071
AT5G43525,0.0017682811
AT5G43530,0.025848113
AT5G43540,0.009523714
AT5G43550,0.00020557313
AT5G43560,0.06703636
AT5G43570,1.1098473
AT5G43580,2.4822006
AT5G43590,0.18848422
AT5G43600,-0.050293602
AT5G43610,-0.00022448425
AT5G43620,0.42498216
AT5G43630,0.043761645
AT5G43640,0.0033364254
AT5G43650,0.52598435
AT5G43660,0.0005368444
AT5G43670,0.047775846
AT5G43680,0.07787044
AT5G43690,0.009283697
AT5G43695,0.0001185908
AT5G43700,-0.62862515
AT5G43710,-0.080197446
AT5G43720,0.0087243
AT5G43730,-0.06440365
AT5G43740,-0.1542995
AT5G43745,0.043457616
AT5G43750,-0.8210761
AT5G43755,0.02172303
AT5G43760,-0.063989386
AT5G43770,0.0061382465
AT5G43780,0.1791819
AT5G43790,-0.12173332
AT5G43810,-0.15911877
AT5G43820,-0.07409863
AT5G43822,-0.07916328
AT5G43830,-0.018213643
AT5G43840,0.0089878095
AT5G43850,-0.027044643
AT5G43860,0.020148009
AT5G43870,-0.10274504
AT5G43880,-0.218154
AT5G43890,-0.025163146
AT5G43900,0.029781437
AT5G43910,0.26286075
AT5G43920,-0.1492478
AT5G43930,0.14842461
AT5G43935,-0.008140296
AT5G43940,0.15833952
AT5G43950,-0.2910999
AT5G43960,0.03849675
AT5G43970,0.07678258
AT5G43980,0.12600504
AT5G43990,-0.19107227
AT5G44000,0.046515744
AT5G44005,0.056520753
AT5G44010,-0.11325828
AT5G44020,-0.62055224
AT5G44030,-0.19265413
AT5G44040,-0.255967
AT5G44050,-0.2898922
AT5G44060,-0.13314116
AT5G44063,-0.04953821
AT5G44065,-0.020069046
AT5G44070,0.29489323
AT5G44080,-0.007951246
AT5G44090,0.19237855
AT5G44100,0.054647937
AT5G44110,-0.10923679
AT5G44120,-0.02373325
AT5G44130,-0.299354
AT5G44140,-0.0147585375
AT5G44150,-0.04959944
AT5G44160,-0.21420239
AT5G44170,0.0066953143
AT5G44180,0.05829841
AT5G44190,-0.17501628
AT5G44200,-0.05408011
AT5G44210,0.092733376
AT5G44220,0.0047646975
AT5G44230,0.0009442859
AT5G44240,0.42845684
AT5G44250,0.007899382
AT5G44260,-0.1177617
AT5G44265,-0.0003352837
AT5G44270,0.00375931
AT5G44280,0.03366856
AT5G44290,0.20088568
AT5G44300,0.00023938352
AT5G44306,0.005631784
AT5G44310,0.0022631679
AT5G44316,0.0023867863
AT5G44320,0.09565404
AT5G44330,0.0056042476
AT5G44340,-0.05903408
AT5G44345,0.0
AT5G44350,0.0041456264
AT5G44360,0.0003981136
AT5G44370,-0.0067036874
AT5G44380,1.5429711
AT5G44390,0.47415653
AT5G44400,0.07463797
AT5G44410,-0.4128908
AT5G44420,0.67992455
AT5G44430,0.13806042
AT5G44440,-0.015596937
AT5G44450,0.0054410133
AT5G44460,0.2422114
AT5G44470,-0.0001973885
AT5G44480,0.6649624
AT5G44490,-0.2532957
AT5G44495,0.0
AT5G44500,0.16465212
AT5G44510,-0.2261367
AT5G44520,-0.068590045
AT5G44530,-0.4650383
AT5G44540,-0.013237073
AT5G44550,-0.16916336
AT5G44560,-0.17010827
AT5G44563,0.07656399
AT5G44565,0.17229238
AT5G44566,0.06488863
AT5G44567,0.82304966
AT5G44568,0.12408992
AT5G44570,0.41305923
AT5G44572,0.17113084
AT5G44574,0.15256944
AT5G44575,0.567894
AT5G44578,0.18398614
AT5G44580,0.011219334
AT5G44582,0.020417955
AT5G44585,0.24551556
AT5G44590,0.014575275
AT5G44600,-0.21456017
AT5G44610,0.7494273
AT5G44620,0.022608193
AT5G44630,-0.0022394103
AT5G44635,-0.009992803
AT5G44640,0.0015378125
AT5G44650,-0.33406737
AT5G44660,-0.16446643
AT5G44670,-0.2915277
AT5G44680,-0.5427227
AT5G44690,-0.0014998863
AT5G44700,0.008838258
AT5G44710,0.005856606
AT5G44720,0.21011342
AT5G44730,-0.1836662
AT5G44740,-0.05666465
AT5G44750,0.013269861
AT5G44760,-0.00028172845
AT5G44770,-0.0037097686
AT5G44780,-0.06354306
AT5G44785,-0.106713444
AT5G44790,0.30244166
AT5G44800,-0.012307569
AT5G44820,0.4870557
AT5G44830,0.0
AT5G44840,0.008582267
AT5G44850,0.0
AT5G44860,0.06629262
AT5G44870,0.08960125
AT5G44900,-0.006568021
AT5G44910,0.105532706
AT5G44920,0.094888724
AT5G44930,-0.04214166
AT5G44940,0.007389306
AT5G44950,-1.1663841e-05
AT5G44960,0.0003660115
AT5G44970,0.0
AT5G44973,0.008017867
AT5G44980,-0.35528916
AT5G44990,1.1462904
AT5G45000,0.68649983
AT5G45010,0.13371223
AT5G45020,-0.11333252
AT5G45030,0.08930932
AT5G45040,-0.4076593
AT5G45050,-0.038947556
AT5G45060,-0.063210115
AT5G45070,0.11149864
AT5G45080,0.038941003
AT5G45090,0.43385178
AT5G45095,0.000988484
AT5G45100,0.45267522
AT5G45105,0.0
AT5G45110,0.21195264
AT5G45113,-0.00016343697
AT5G45115,-0.045845736
AT5G45120,-0.0008239846
AT5G45130,0.043922286
AT5G45140,0.025443884
AT5G45150,-0.048897892
AT5G45160,0.037560306
AT5G45170,-0.121627755
AT5G45180,0.086962774
AT5G45190,-0.027488168
AT5G45200,0.0047746757
AT5G45210,0.009150022
AT5G45220,-0.023620699
AT5G45230,0.00029933138
AT5G45240,0.7219636
AT5G45250,-0.07971004
AT5G45260,-0.056100853
AT5G45275,-0.08755449
AT5G45277,0.0
AT5G45280,0.14245193
AT5G45290,-0.2982886
AT5G45300,-0.14118543
AT5G45310,-0.05596374
AT5G45320,-0.068463534
AT5G45330,-0.053250276
AT5G45340,-0.11588405
AT5G45350,0.44860646
AT5G45360,0.07465604
AT5G45370,0.11704978
AT5G45380,0.24196942
AT5G45390,-0.038621757
AT5G45400,0.04168734
AT5G45410,0.3716879
AT5G45420,0.019863006
AT5G45430,-0.033634
AT5G45440,0.008202257
AT5G45450,0.0027036655
AT5G45455,-0.021876741
AT5G45460,0.0013760687
AT5G45469,-0.036730018
AT5G45470,0.3476236
AT5G45480,0.41200134
AT5G45490,0.17893687
AT5G45500,0.24851818
AT5G45510,0.4525294
AT5G45520,-0.10290242
AT5G45530,-0.31250972
AT5G45540,-0.16872917
AT5G45550,0.20178767
AT5G45560,-0.08516934
AT5G45570,0.19876708
AT5G45573,-0.0035350677
AT5G45580,0.005309275
AT5G45590,-0.09632478
AT5G45600,-0.021216687
AT5G45610,-0.086501196
AT5G45620,0.13276377
AT5G45630,0.9340481
AT5G45640,0.0013982699
AT5G45650,-0.24862878
AT5G45660,0.04274951
AT5G45670,-0.27791685
AT5G45680,-0.37458426
AT5G45690,0.0008902339
AT5G45700,-0.09059039
AT5G45710,-0.016451959
AT5G45720,-0.15367171
AT5G45730,-0.028570522
AT5G45740,-0.02374074
AT5G45750,0.35088518
AT5G45760,-0.23127589
AT5G45770,0.0010567321
AT5G45780,0.09888898
AT5G45790,-0.15280907
AT5G45800,0.13451265
AT5G45810,0.31987977
AT5G45820,-0.5490592
AT5G45830,-0.68122447
AT5G45840,-0.010880489
AT5G45850,0.02544179
AT5G45860,0.018905794
AT5G45870,0.0023623523
AT5G45875,3.5465986e-05
AT5G45880,0.0019115126
AT5G45890,-0.06668309
AT5G45900,0.80524796
AT5G45910,-0.00064901914
AT5G45920,-0.23560725
AT5G45930,-0.22250192
AT5G45940,-0.39359093
AT5G45950,-0.39812893
AT5G45960,-0.1703047
AT5G45970,-0.05382668
AT5G45980,-4.6442997e-06
AT5G45990,0.17015319
AT5G46000,0.0
AT5G46010,0.023037218
AT5G46020,-0.030300343
AT5G46025,4.6728943e-05
AT5G46030,0.05113293
AT5G46040,0.011749453
AT5G46050,0.32336944
AT5G46060,0.001219037
AT5G46070,0.011761267
AT5G46080,0.1667381
AT5G46085,0.0068676905
AT5G46090,0.037086196
AT5G46100,-0.083853535
AT5G46110,-0.458785
AT5G46115,0.08287008
AT5G46130,-0.011762376
AT5G46140,-0.10683326
AT5G46150,-0.056162305
AT5G46160,-0.065733485
AT5G46170,0.035667844
AT5G46180,0.44123304
AT5G46190,-0.055460446
AT5G46200,-0.00043507884
AT5G46210,-0.0141663905
AT5G46220,-0.13284802
AT5G46230,0.4307907
AT5G46240,0.20086679
AT5G46250,0.1287433
AT5G46260,0.14967173
AT5G46270,-0.10400306
AT5G46280,-0.10062061
AT5G46290,-0.16916035
AT5G46295,0.31403667
AT5G46297,0.0
AT5G46300,0.0
AT5G46310,0.0
AT5G46320,0.0005830197
AT5G46330,0.11366338
AT5G46340,0.074624434
AT5G46350,1.2412052
AT5G46360,0.04719301
AT5G46370,-0.011146977
AT5G46380,0.0017568399
AT5G46390,0.014569549
AT5G46395,0.0044490932
AT5G46400,0.02306059
AT5G46410,0.13661256
AT5G46420,-0.16929124
AT5G46430,0.06115488
AT5G46440,-0.004249717
AT5G46450,-0.0053514517
AT5G46460,-0.002927583
AT5G46470,0.02992136
AT5G46490,0.008269682
AT5G46500,0.19489136
AT5G46510,-0.1428135
AT5G46520,0.35012648
AT5G46530,-0.060604174
AT5G46540,-0.026602328
AT5G46550,-0.07354955
AT5G46560,0.046659846
AT5G46570,-0.15108179
AT5G46580,-0.15570843
AT5G46590,0.14815044
AT5G46600,-0.027272537
AT5G46610,0.10463243
AT5G46620,0.057473857
AT5G46630,0.1840553
AT5G46640,-0.17774397
AT5G46650,0.0002549463
AT5G46660,0.06913431
AT5G46670,0.04372526
AT5G46680,0.02938725
AT5G46690,-0.47085735
AT5G46700,-0.34276158
AT5G46710,0.11747823
AT5G46720,0.23041911
AT5G46730,0.34027708
AT5G46740,-0.01595945
AT5G46750,0.26035705
AT5G46760,0.29987824
AT5G46770,0.2734891
AT5G46780,0.15099807
AT5G46790,-0.060872395
AT5G46795,0.0019660809
AT5G46800,-0.09902857
AT5G46810,0.0001864539
AT5G46820,0.0015460963
AT5G46825,0.0013943383
AT5G46830,0.059143584
AT5G46840,-0.06097568
AT5G46850,0.18630363
AT5G46860,0.20419706
AT5G46870,0.07109332
AT5G46871,0.03978554
AT5G46873,2.959924e-05
AT5G46874,-0.008555474
AT5G46877,3.4147768e-05
AT5G46880,-0.16338909
AT5G46890,-0.01212218
AT5G46900,-0.011991955
AT5G46910,0.6739985
AT5G46915,-0.06613681
AT5G46920,0.10211509
AT5G46930,0.00016042894
AT5G46940,0.0007421658
AT5G46950,0.038693093
AT5G46960,1.3694643
AT5G46970,0.00046166332
AT5G46980,0.0
AT5G46990,2.297392e-05
AT5G47000,0.017804345
AT5G47010,0.024877202
AT5G47020,-0.022313008
AT5G47030,0.0080913035
AT5G47040,-0.06750392
AT5G47050,0.2506424
AT5G47060,0.3646577
AT5G47070,0.35050586
AT5G47075,0.0
AT5G47077,0.00076658494
AT5G47080,0.023530193
AT5G47090,0.09992949
AT5G47100,-0.06263368
AT5G47110,-0.10407844
AT5G47120,0.45471317
AT5G47130,0.14883259
AT5G47140,0.32160375
AT5G47150,0.011076491
AT5G47160,-0.15728354
AT5G47170,-0.012867372
AT5G47175,0.001703029
AT5G47180,0.3251533
AT5G47190,-0.27991837
AT5G47200,0.5695309
AT5G47210,0.02689763
AT5G47220,-0.5314855
AT5G47229,0.00047167312
AT5G47230,0.3171964
AT5G47240,0.017452665
AT5G47250,-0.13634177
AT5G47260,0.0039203144
AT5G47280,-0.00032622152
AT5G47290,0.0
AT5G47300,0.0
AT5G47310,-0.0073320586
AT5G47320,0.043900765
AT5G47330,0.36865264
AT5G47340,0.00049475604
AT5G47350,-0.0033667758
AT5G47360,0.027368853
AT5G47370,-0.14093149
AT5G47380,-0.30120724
AT5G47390,-0.13544907
AT5G47400,-0.027000988
AT5G47420,0.12656985
AT5G47430,0.060208343
AT5G47435,-0.01607658
AT5G47440,-0.45665258
AT5G47450,-0.014503961
AT5G47455,0.036464043
AT5G47460,-0.037941325
AT5G47470,0.011733707
AT5G47480,0.15080494
AT5G47490,0.007147461
AT5G47500,-0.1441986
AT5G47510,-0.021409128
AT5G47520,-0.05556946
AT5G47530,0.03159073
AT5G47540,-0.2137303
AT5G47550,-0.15641487
AT5G47560,0.18632706
AT5G47570,0.2903289
AT5G47580,0.44487348
AT5G47590,0.09496401
AT5G47600,0.0415387
AT5G47610,-0.30385715
AT5G47620,-0.04849464
AT5G47630,-0.09351813
AT5G47635,0.045890678
AT5G47640,-0.32466057
AT5G47650,0.052991156
AT5G47660,0.13396311
AT5G47670,0.028317435
AT5G47680,-0.018192705
AT5G47690,0.003261384
AT5G47700,0.056449607
AT5G47710,0.0016003833
AT5G47720,-0.0700626
AT5G47730,0.50506693
AT5G47740,0.45735225
AT5G47750,0.07001163
AT5G47760,0.17142196
AT5G47770,-0.09376086
AT5G47780,-0.052644625
AT5G47790,0.053299412
AT5G47800,-0.21519624
AT5G47810,0.008190857
AT5G47820,-0.090952635
AT5G47830,-0.011595806
AT5G47840,-0.14160389
AT5G47850,0.08003472
AT5G47860,0.19346619
AT5G47870,0.018564828
AT5G47880,0.50550735
AT5G47890,0.03243087
AT5G47900,-0.33534962
AT5G47910,-0.860213
AT5G47920,0.031340048
AT5G47930,0.21580845
AT5G47940,-0.03809919
AT5G47950,0.0012602854
AT5G47960,0.21196012
AT5G47970,-0.16585693
AT5G47980,0.0016806326
AT5G47990,0.041584626
AT5G48000,0.05259637
AT5G48010,0.075912036
AT5G48020,0.22116162
AT5G48030,0.04170586
AT5G48040,-0.035997882
AT5G48050,-0.020002492
AT5G48060,-0.12358813
AT5G48070,0.032496754
AT5G48090,0.002924353
AT5G48100,0.008707756
AT5G48110,-0.001161141
AT5G48120,0.15555513
AT5G48130,0.0031995925
AT5G48140,-0.00020443396
AT5G48150,-0.13779026
AT5G48160,0.10986467
AT5G48170,-0.055798307
AT5G48175,0.044092394
AT5G48180,0.6919271
AT5G48200,0.0
AT5G48205,0.00038237113
AT5G48210,0.0
AT5G48220,-0.18874937
AT5G48230,-0.059898492
AT5G48240,0.047096625
AT5G48250,0.16404426
AT5G48270,0.00052495365
AT5G48280,0.0
AT5G48290,0.07733926
AT5G48300,-0.17717007
AT5G48310,-0.07327842
AT5G48320,-0.12059748
AT5G48330,-0.031708956
AT5G48335,0.074159525
AT5G48340,-0.017879175
AT5G48350,-0.042845886
AT5G48360,-0.19580556
AT5G48370,0.117534555
AT5G48375,-0.00030164688
AT5G48380,0.15139416
AT5G48385,0.13730663
AT5G48390,0.10337168
AT5G48400,1.681239
AT5G48410,1.5319711
AT5G48420,0.0
AT5G48430,0.34036946
AT5G48440,0.1920869
AT5G48450,-0.14627644
AT5G48460,-0.6431592
AT5G48470,-0.0875265
AT5G48480,0.0052114166
AT5G48485,-0.24452454
AT5G48490,-0.12317951
AT5G48500,-0.09532203
AT5G48510,0.0065951836
AT5G48515,0.0
AT5G48520,-0.118076995
AT5G48530,0.2208931
AT5G48540,0.22027905
AT5G48543,0.00015863185
AT5G48545,-0.26618633
AT5G48550,0.020534974
AT5G48560,0.10471614
AT5G48570,0.10199843
AT5G48575,-0.0022726636
AT5G48580,0.13312751
AT5G48590,-0.037667874
AT5G48595,0.0
AT5G48600,-0.044147145
AT5G48605,0.0
AT5G48610,-0.0034923009
AT5G48620,-0.05745076
AT5G48630,-0.03216
AT5G48640,-0.0012681398
AT5G48650,0.13482541
AT5G48655,0.030943
AT5G48657,0.13725519
AT5G48660,-0.2284161
AT5G48670,0.049198955
AT5G48680,0.011536803
AT5G48690,-0.06018625
AT5G48700,-0.00013981634
AT5G48710,0.007267991
AT5G48720,0.07182352
AT5G48730,-0.09017485
AT5G48740,-0.09889975
AT5G48750,0.0005461592
AT5G48760,-0.019317916
AT5G48770,0.11437109
AT5G48780,-0.024540652
AT5G48790,-0.30971584
AT5G48800,-0.1342069
AT5G48810,0.07464886
AT5G48820,0.11572047
AT5G48830,-0.13850486
AT5G48840,-0.040252652
AT5G48850,-0.05845571
AT5G48860,0.00042516104
AT5G48870,0.044223085
AT5G48880,0.024241405
AT5G48890,0.004603191
AT5G48900,-0.6613163
AT5G48905,3.090794e-05
AT5G48910,-0.23351552
AT5G48920,0.06853961
AT5G48930,0.12507506
AT5G48940,-0.017282153
AT5G48945,9.838762e-05
AT5G48950,-0.0075950306
AT5G48953,0.00056888355
AT5G48960,0.015725747
AT5G48970,0.23795229
AT5G48980,-0.0006593647
AT5G48990,-0.1161855
AT5G49000,0.021584053
AT5G49010,-0.042487238
AT5G49015,0.049448315
AT5G49020,-0.0038866124
AT5G49030,-0.15729931
AT5G49040,0.00023045804
AT5G49050,7.425416e-05
AT5G49060,0.031058094
AT5G49070,0.0016209633
AT5G49100,-0.80282974
AT5G49110,-0.12500091
AT5G49120,0.001876327
AT5G49130,-0.05843769
AT5G49140,0.0009322231
AT5G49150,-0.010642015
AT5G49160,-0.07390557
AT5G49170,-0.28190854
AT5G49180,0.0015286431
AT5G49190,0.03848102
AT5G49200,0.038215335
AT5G49210,0.05017048
AT5G49215,-0.2872521
AT5G49220,0.018331828
AT5G49230,-0.060216207
AT5G49240,-0.00019382447
AT5G49250,-0.00044129667
AT5G49260,2.8007975e-05
AT5G49270,0.0056040143
AT5G49280,-0.23839113
AT5G49290,-0.14645495
AT5G49300,0.0011525289
AT5G49305,-0.004086386
AT5G49310,0.0021585305
AT5G49320,-0.01637338
AT5G49330,0.021397006
AT5G49340,-0.0058464794
AT5G49350,-0.0016237192
AT5G49360,0.11506783
AT5G49390,-0.2212649
AT5G49400,0.108304426
AT5G49410,0.037174974
AT5G49420,-0.00409841
AT5G49430,-0.04270792
AT5G49440,-0.009331044
AT5G49450,0.19847038
AT5G49460,-0.106179856
AT5G49470,0.09140405
AT5G49480,1.3071917
AT5G49490,7.534058e-05
AT5G49500,-0.26739946
AT5G49510,-0.025643103
AT5G49520,0.98696256
AT5G49525,0.28922683
AT5G49530,0.0066436855
AT5G49540,0.1343368
AT5G49550,0.114785954
AT5G49555,-0.23529784
AT5G49560,0.07425112
AT5G49570,0.75269985
AT5G49580,0.00042544559
AT5G49590,-0.02078341
AT5G49600,0.23625183
AT5G49610,0.0039428514
AT5G49620,0.32364467
AT5G49630,-0.08722994
AT5G49640,0.0060653165
AT5G49645,0.120871216
AT5G49650,0.06530004
AT5G49660,-0.0015785
AT5G49665,0.14531142
AT5G49680,0.76207745
AT5G49690,1.7829008
AT5G49700,0.78985715
AT5G49710,0.24054839
AT5G49720,-0.17863493
AT5G49730,-0.4706704
AT5G49740,-0.2558637
AT5G49750,0.00075353944
AT5G49760,0.17358257
AT5G49770,0.031406533
AT5G49780,-0.00092720013
AT5G49800,-0.15880024
AT5G49810,-0.011776172
AT5G49820,-0.01805825
AT5G49830,0.23131248
AT5G49840,0.06566559
AT5G49850,0.032364644
AT5G49860,3.4629633e-05
AT5G49870,0.0037989402
AT5G49880,-0.02492872
AT5G49890,0.054727565
AT5G49900,0.116670296
AT5G49910,-0.015619866
AT5G49920,-0.0019246168
AT5G49930,0.02899944
AT5G49940,0.06703296
AT5G49945,-0.054716375
AT5G49950,0.17466825
AT5G49960,-0.1913706
AT5G49970,-0.018929524
AT5G49980,-0.11101761
AT5G49990,-0.06410305
AT5G50000,-0.2407569
AT5G50010,-0.22842875
AT5G50020,-0.080583796
AT5G50030,0.001964402
AT5G50040,0.0011527962
AT5G50050,3.0590647e-05
AT5G50060,-0.017499885
AT5G50070,0.0011267744
AT5G50080,0.06451784
AT5G50090,0.0021995772
AT5G50100,0.19133456
AT5G50110,-0.053358078
AT5G50115,0.00039519244
AT5G50120,-0.033140115
AT5G50130,-0.021830749
AT5G50140,0.065783404
AT5G50150,-0.2150553
AT5G50160,-0.030898299
AT5G50170,-0.012513559
AT5G50175,-0.0015753126
AT5G50180,-0.07174358
AT5G50200,1.1009197
AT5G50210,0.029020654
AT5G50220,0.00047331143
AT5G50230,0.011692231
AT5G50240,-0.13325801
AT5G50250,-0.14150542
AT5G50260,0.006406607
AT5G50270,0.00016055926
AT5G50280,-0.14336884
AT5G50290,-0.069197424
AT5G50300,0.081190266
AT5G50310,-0.015071471
AT5G50320,0.15596479
AT5G50330,0.4241488
AT5G50335,-0.23268779
AT5G50340,-0.038661905
AT5G50345,0.0
AT5G50350,0.17229848
AT5G50360,1.0883869
AT5G50361,0.004114794
AT5G50365,0.0
AT5G50370,0.07969713
AT5G50375,-0.07866058
AT5G50380,0.20313649
AT5G50390,0.038491707
AT5G50400,0.06079818
AT5G50410,-0.07459205
AT5G50420,-0.3319154
AT5G50423,0.00011873025
AT5G50430,-0.016144844
AT5G50440,-0.022645542
AT5G50443,0.027813446
AT5G50450,0.0073194806
AT5G50460,0.3626209
AT5G50470,0.18735883
AT5G50480,-1.680707e-05
AT5G50490,-0.0010317395
AT5G50500,0.0
AT5G50510,0.0
AT5G50520,0.26075733
AT5G50530,-0.03730188
AT5G50540,0.002602647
AT5G50550,-0.1097605
AT5G50560,0.7094207
AT5G50562,0.0021853612
AT5G50565,0.033983905
AT5G50570,0.28587884
AT5G50580,0.025670478
AT5G50590,0.0
AT5G50600,0.036378972
AT5G50610,-0.042901818
AT5G50640,-0.029587297
AT5G50670,0.1790985
AT5G50680,-0.01703634
AT5G50690,0.08714226
AT5G50700,0.0011983992
AT5G50720,-0.12011342
AT5G50740,-0.351886
AT5G50750,0.009990355
AT5G50760,2.1281517
AT5G50770,0.009430281
AT5G50780,0.04621747
AT5G50790,0.003566376
AT5G50800,-0.32615906
AT5G50810,0.11018536
AT5G50820,-0.005293149
AT5G50830,0.0024575153
AT5G50840,0.08300557
AT5G50850,0.2698291
AT5G50870,0.066485494
AT5G50890,-0.30890936
AT5G50900,-0.24410619
AT5G50910,0.0
AT5G50915,-0.97983336
AT5G50920,0.011785097
AT5G50930,0.10388032
AT5G50940,0.2508749
AT5G50950,-0.09321405
AT5G50960,0.32741985
AT5G50970,-0.06731676
AT5G50990,-0.05971754
AT5G51000,0.0007493642
AT5G51010,-0.22134723
AT5G51020,-0.11396373
AT5G51030,0.015733091
AT5G51040,0.41246542
AT5G51050,0.019019106
AT5G51060,0.7957714
AT5G51070,0.54133403
AT5G51080,-0.05621679
AT5G51090,0.00027059382
AT5G51100,-0.042540736
AT5G51105,0.0065035364
AT5G51110,-0.22384651
AT5G51120,0.0062466394
AT5G51130,0.06929567
AT5G51140,-0.05637944
AT5G51150,-0.01396435
AT5G51160,0.11555968
AT5G51170,0.09411446
AT5G51180,-0.004059994
AT5G51190,0.0766552
AT5G51195,0.0
AT5G51200,-0.19783872
AT5G51210,-0.00066092913
AT5G51220,0.12098925
AT5G51230,0.0024702286
AT5G51250,0.00017458145
AT5G51260,0.008892092
AT5G51270,-0.018535186
AT5G51280,0.04374584
AT5G51290,0.2518472
AT5G51300,0.08040665
AT5G51310,0.020284677
AT5G51330,-0.07627735
AT5G51340,0.021227114
AT5G51350,-0.13949847
AT5G51360,-0.0005008257
AT5G51370,0.15025967
AT5G51380,0.012906086
AT5G51390,0.0581646
AT5G51400,0.10815975
AT5G51410,0.075767316
AT5G51420,0.0034427878
AT5G51430,0.15141174
AT5G51440,0.7469451
AT5G51450,0.38625258
AT5G51451,-0.012951421
AT5G51460,-0.29936656
AT5G51465,0.9860808
AT5G51470,-0.052628443
AT5G51480,0.05716724
AT5G51490,0.0012221362
AT5G51500,-0.0060796873
AT5G51510,0.26853403
AT5G51520,-0.002233047
AT5G51530,-0.058439996
AT5G51540,-0.018603716
AT5G51545,-0.31489912
AT5G51550,-0.30291086
AT5G51560,-0.27811092
AT5G51570,0.3955853
AT5G51580,0.09848117
AT5G51585,0.033691023
AT5G51590,0.142715
AT5G51600,-0.10232885
AT5G51610,-0.001133419
AT5G51620,-0.04330272
AT5G51630,0.61798966
AT5G51640,0.6282937
AT5G51650,0.00016890804
AT5G51660,0.034400914
AT5G51670,-0.19552502
AT5G51680,1.0246191
AT5G51690,0.003176854
AT5G51700,0.03143643
AT5G51710,0.35660964
AT5G51720,-0.51679766
AT5G51730,-0.13846049
AT5G51740,0.3156539
AT5G51750,-0.10019138
AT5G51760,0.038292933
AT5G51770,0.13687462
AT5G51780,0.020502953
AT5G51790,-0.013154958
AT5G51795,-0.13007359
AT5G51800,0.0029596484
AT5G51810,0.0012862281
AT5G51820,-0.13800049
AT5G51830,0.41447294
AT5G51840,0.02933761
AT5G51845,0.008000729
AT5G51850,-0.047440294
AT5G51860,0.0019494104
AT5G51870,-0.004133307
AT5G51880,0.03602814
AT5G51890,0.1375281
AT5G51900,-0.00017398341
AT5G51910,-0.044219818
AT5G51915,6.7930785e-05
AT5G51920,-0.4061937
AT5G51930,0.001846284
AT5G51940,0.057635583
AT5G51950,0.56671697
AT5G51960,-0.007955768
AT5G51970,-0.12329405
AT5G51980,-0.29176044
AT5G51990,-0.021865621
AT5G52000,0.0076159434
AT5G52010,-0.16731133
AT5G52020,-0.036515646
AT5G52030,-0.068887524
AT5G52040,0.06822271
AT5G52045,-0.0009687027
AT5G52050,1.0028336
AT5G52060,-0.103296734
AT5G52070,0.1419076
AT5G52080,0.00025481053
AT5G52090,-0.0004486949
AT5G52100,-0.43482283
AT5G52110,-0.109893136
AT5G52115,5.1363393e-05
AT5G52120,-0.03264525
AT5G52130,4.4375247e-05
AT5G52140,0.0
AT5G52150,0.0
AT5G52155,0.0
AT5G52160,-0.01697637
AT5G52170,0.012003492
AT5G52180,-0.123215966
AT5G52190,0.021109233
AT5G52200,0.03179081
AT5G52210,0.059166245
AT5G52220,-0.013308017
AT5G52230,-0.105703846
AT5G52240,0.15860726
AT5G52250,0.21446835
AT5G52260,0.03035971
AT5G52270,-0.03837146
AT5G52280,-0.35027355
AT5G52290,-0.013541821
AT5G52300,0.44515514
AT5G52310,0.01861994
AT5G52320,-0.13999057
AT5G52330,0.01832982
AT5G52340,-0.010357442
AT5G52350,0.013979968
AT5G52360,0.00019957549
AT5G52370,0.20762345
AT5G52380,0.028443243
AT5G52390,0.5226856
AT5G52400,0.061728567
AT5G52410,-0.1323366
AT5G52420,-0.032897405
AT5G52430,0.03795027
AT5G52440,-0.12386502
AT5G52450,0.43635482
AT5G52460,0.0
AT5G52470,0.11614443
AT5G52480,-5.1702646e-06
AT5G52490,-0.00012647461
AT5G52500,0.00010230781
AT5G52510,0.47561815
AT5G52520,-0.027595608
AT5G52530,0.02497172
AT5G52540,0.21713482
AT5G52545,0.0013918838
AT5G52547,-0.070375405
AT5G52550,-0.057943687
AT5G52560,0.06909783
AT5G52570,-0.1777468
AT5G52580,0.14507425
AT5G52600,-0.02118853
AT5G52605,0.0
AT5G52610,0.021994835
AT5G52620,0.059045836
AT5G52630,0.0038863313
AT5G52640,0.62903476
AT5G52650,0.10488394
AT5G52655,0.0017840352
AT5G52660,0.06015638
AT5G52670,0.06821278
AT5G52680,0.021927264
AT5G52690,0.00059635984
AT5G52700,0.0027689382
AT5G52710,0.010798994
AT5G52720,0.80096275
AT5G52730,0.07966406
AT5G52740,0.07905547
AT5G52750,0.31462938
AT5G52760,0.57152265
AT5G52770,0.084785484
AT5G52780,-0.36746415
AT5G52790,0.034906745
AT5G52800,0.12024805
AT5G52810,0.8388739
AT5G52820,0.2528352
AT5G52830,-0.08379046
AT5G52840,0.08082339
AT5G52850,-0.0073673557
AT5G52860,0.08608724
AT5G52870,0.1703865
AT5G52880,0.2317315
AT5G52882,-0.17458957
AT5G52890,0.028512698
AT5G52900,0.0045802095
AT5G52910,0.031822354
AT5G52920,-0.06734993
AT5G52930,-0.027435238
AT5G52940,0.0023671666
AT5G52950,-0.06400722
AT5G52960,-0.1451587
AT5G52965,-0.0027621577
AT5G52970,-0.25691277
AT5G52975,-7.3359384e-05
AT5G52980,0.4556211
AT5G52990,0.13010894
AT5G53000,0.078774534
AT5G53010,0.256791
AT5G53020,-0.20411439
AT5G53030,0.20081575
AT5G53040,0.004493695
AT5G53045,-0.031490516
AT5G53050,-0.021852255
AT5G53060,-0.13902582
AT5G53070,-0.1295843
AT5G53080,-0.044948123
AT5G53090,-0.013713351
AT5G53100,0.0026178455
AT5G53110,0.39146915
AT5G53120,0.77863646
AT5G53130,-0.008848202
AT5G53140,-0.016145416
AT5G53150,-0.034980077
AT5G53160,0.009463601
AT5G53170,-0.18973589
AT5G53180,0.101376474
AT5G53190,-0.008808332
AT5G53200,-0.15431182
AT5G53210,0.00772631
AT5G53220,-0.102507696
AT5G53230,0.0074847005
AT5G53240,0.010984002
AT5G53250,-0.08588654
AT5G53260,8.6420885e-05
AT5G53270,-0.00043996552
AT5G53280,-0.13005126
AT5G53290,0.22219045
AT5G53300,0.106999554
AT5G53310,0.009211715
AT5G53320,0.43841305
AT5G53330,0.39330304
AT5G53340,-0.011344087
AT5G53350,0.046528522
AT5G53360,0.14775836
AT5G53370,-0.00019343942
AT5G53380,0.0020766512
AT5G53390,0.011016115
AT5G53400,0.07261574
AT5G53410,0.0
AT5G53420,0.6284185
AT5G53430,0.011391068
AT5G53440,0.019429078
AT5G53450,0.27220753
AT5G53460,0.025815992
AT5G53470,0.11673269
AT5G53480,0.05101378
AT5G53486,0.40113077
AT5G53490,-0.29096997
AT5G53500,-0.5310073
AT5G53510,0.000174853
AT5G53520,-3.3485303e-05
AT5G53530,0.15865035
AT5G53540,0.22305533
AT5G53550,0.21295746
AT5G53560,0.15337124
AT5G53570,-0.10887289
AT5G53580,-0.2614248
AT5G53590,0.7166028
AT5G53592,-0.047951
AT5G53600,0.0020266462
AT5G53610,0.00038830016
AT5G53620,-0.03148578
AT5G53635,0.0
AT5G53637,0.00045872957
AT5G53640,0.0021003392
AT5G53650,0.17608997
AT5G53660,0.001631009
AT5G53670,0.00013081366
AT5G53680,0.019977475
AT5G53700,0.012955264
AT5G53710,0.009643553
AT5G53720,0.0004433022
AT5G53730,-0.010455375
AT5G53740,0.0071493653
AT5G53742,0.0004921905
AT5G53750,-0.0087480005
AT5G53760,-0.07269255
AT5G53770,0.10997725
AT5G53780,0.0018463293
AT5G53790,4.0305385e-05
AT5G53800,0.12360607
AT5G53810,0.0053019784
AT5G53820,0.68571126
AT5G53830,0.09772717
AT5G53840,0.00063650886
AT5G53850,-0.0697478
AT5G53860,-0.17476654
AT5G53870,0.45026448
AT5G53880,-0.23823772
AT5G53890,-0.078766
AT5G53895,0.008364605
AT5G53900,-0.37176114
AT5G53905,0.0072783013
AT5G53910,0.0
AT5G53920,0.26500827
AT5G53930,-0.010745603
AT5G53940,-0.0006232772
AT5G53950,-0.046519645
AT5G53960,0.00018162768
AT5G53970,0.399951
AT5G53980,0.0030831792
AT5G53990,0.6132489
AT5G54000,0.5706292
AT5G54010,0.0001574654
AT5G54020,0.003980609
AT5G54030,-0.007959848
AT5G54035,0.00041192563
AT5G54040,0.11034114
AT5G54043,-0.0008754064
AT5G54050,0.005185939
AT5G54060,0.08115128
AT5G54062,0.0010651889
AT5G54067,0.0001168648
AT5G54070,0.0020157907
AT5G54080,0.30216998
AT5G54090,0.088554695
AT5G54095,0.056077216
AT5G54100,0.50586206
AT5G54110,0.034725204
AT5G54130,-0.040311813
AT5G54140,0.29407364
AT5G54145,0.015461272
AT5G54148,0.0029432178
AT5G54150,0.0013710556
AT5G54160,0.47391826
AT5G54165,1.175474
AT5G54170,0.27394456
AT5G54180,-0.0038535171
AT5G54190,-0.04012706
AT5G54200,-0.18668808
AT5G54210,0.0
AT5G54215,0.0
AT5G54220,-0.009671751
AT5G54225,0.0006665282
AT5G54230,0.102647245
AT5G54240,0.067597695
AT5G54250,0.057959147
AT5G54260,-0.027783584
AT5G54270,-0.58624643
AT5G54280,-0.063083224
AT5G54290,0.015005587
AT5G54300,0.4905104
AT5G54310,0.15755756
AT5G54320,1.9910805e-05
AT5G54330,0.000252026
AT5G54340,0.0
AT5G54350,0.0
AT5G54360,0.0003470042
AT5G54370,-0.001890949
AT5G54380,-0.21792299
AT5G54390,0.25141692
AT5G54400,0.8627875
AT5G54410,-0.00030623574
AT5G54420,-9.082441e-05
AT5G54430,0.120980985
AT5G54440,0.02022486
AT5G54450,0.05628941
AT5G54460,4.593061e-05
AT5G54470,-0.07084261
AT5G54480,0.0006559677
AT5G54490,0.520856
AT5G54500,0.6682855
AT5G54510,1.0768188
AT5G54520,-0.007023949
AT5G54530,-0.20797548
AT5G54540,0.07656827
AT5G54550,0.0031235213
AT5G54560,0.13781634
AT5G54570,0.16330439
AT5G54580,0.018448323
AT5G54585,-0.56296504
AT5G54590,-0.004733786
AT5G54600,-0.2548444
AT5G54610,0.7894651
AT5G54620,0.013155582
AT5G54630,-0.29644567
AT5G54640,0.10508164
AT5G54650,0.4619185
AT5G54660,-0.0030434704
AT5G54670,-0.03942736
AT5G54680,0.02905402
AT5G54690,-0.0062679416
AT5G54700,0.12478267
AT5G54710,-0.09772291
AT5G54720,-0.11508343
AT5G54730,0.17429475
AT5G54740,-0.0013489908
AT5G54745,5.6395307e-05
AT5G54750,0.016885206
AT5G54760,0.1973951
AT5G54770,-0.005192125
AT5G54780,0.20716596
AT5G54790,-0.0023931891
AT5G54800,-0.026787812
AT5G54810,0.626051
AT5G54820,0.002684243
AT5G54830,0.06560423
AT5G54840,0.31822968
AT5G54850,0.12127067
AT5G54855,0.03527132
AT5G54860,0.42974827
AT5G54870,0.45406142
AT5G54880,-0.25671867
AT5G54890,-0.22562627
AT5G54900,0.23523702
AT5G54910,0.038722005
AT5G54920,0.14206618
AT5G54930,0.22664978
AT5G54940,0.102670215
AT5G54950,0.014441876
AT5G54960,0.24658182
AT5G54970,0.13350508
AT5G54980,-0.58562857
AT5G54990,0.0053710267
AT5G55000,0.017464738
AT5G55010,0.0155254835
AT5G55020,0.023258409
AT5G55040,0.08426514
AT5G55050,-0.015627421
AT5G55060,0.046058327
AT5G55070,0.55353177
AT5G55080,0.00057585275
AT5G55090,0.23217556
AT5G55100,0.1319059
AT5G55110,0.002397799
AT5G55120,-0.0564659
AT5G55125,-0.046975657
AT5G55130,0.13090867
AT5G55131,0.0
AT5G55132,0.004105363
AT5G55135,0.2737962
AT5G55140,-0.0071691344
AT5G55150,-0.019578151
AT5G55160,0.017324712
AT5G55170,0.41205308
AT5G55180,0.9042174
AT5G55190,0.04049956
AT5G55200,0.6782481
AT5G55210,-0.15769696
AT5G55220,-0.30996135
AT5G55230,-0.21392366
AT5G55240,-0.001802973
AT5G55250,-0.088239774
AT5G55260,-0.07532724
AT5G55270,-0.026360814
AT5G55280,-0.17241177
AT5G55290,0.10524902
AT5G55300,-0.031992722
AT5G55310,0.037678648
AT5G55320,0.00074880937
AT5G55330,0.0003407097
AT5G55340,-0.0069290046
AT5G55350,-0.00055064395
AT5G55360,0.00036587694
AT5G55370,0.0028134186
AT5G55380,-0.2249175
AT5G55390,0.116689496
AT5G55400,-0.06414312
AT5G55410,0.14955504
AT5G55430,0.005839406
AT5G55440,0.017101098
AT5G55450,0.71855533
AT5G55460,0.372083
AT5G55470,-0.19931246
AT5G55480,-0.25422823
AT5G55490,0.034089036
AT5G55500,0.17875627
AT5G55507,-0.009533559
AT5G55508,0.0
AT5G55510,0.12826331
AT5G55520,-0.045687597
AT5G55530,0.30587944
AT5G55540,-0.097185865
AT5G55550,-0.02719006
AT5G55560,0.6375028
AT5G55565,0.0
AT5G55570,-0.14174426
AT5G55580,-0.04868723
AT5G55590,-0.03895819
AT5G55600,0.020601887
AT5G55610,0.17062178
AT5G55620,-0.110937536
AT5G55630,0.0070783817
AT5G55640,-0.04336562
AT5G55650,-0.0055798255
AT5G55660,0.0017981548
AT5G55670,-0.007895539
AT5G55680,-0.0070113656
AT5G55690,0.0056049335
AT5G55700,0.028187064
AT5G55710,-0.15169081
AT5G55720,0.039404754
AT5G55730,-0.32085955
AT5G55740,-0.14643589
AT5G55750,-0.012687121
AT5G55760,-0.1597784
AT5G55770,0.00052276294
AT5G55780,-0.0063049635
AT5G55790,-0.08169223
AT5G55800,0.0016770451
AT5G55810,-0.105006784
AT5G55820,0.05458582
AT5G55830,-0.033689152
AT5G55840,-0.06944206
AT5G55850,0.0998458
AT5G55855,0.00034963858
AT5G55856,0.0
AT5G55860,0.14097759
AT5G55870,0.0
AT5G55880,0.00038312157
AT5G55893,0.019158972
AT5G55900,-0.06642715
AT5G55910,-0.14742745
AT5G55920,0.13718839
AT5G55930,0.33183318
AT5G55940,0.040475618
AT5G55950,-0.20871606
AT5G55960,-0.05388023
AT5G55970,0.08183528
AT5G55980,0.023524769
AT5G55990,-0.1344428
AT5G56000,0.050527416
AT5G56010,0.122082755
AT5G56020,0.09694216
AT5G56030,0.19722375
AT5G56040,-0.28632233
AT5G56050,0.2894442
AT5G56060,0.0077292575
AT5G56070,7.076525e-05
AT5G56075,0.0014255433
AT5G56080,-0.02119874
AT5G56090,0.21768065
AT5G56100,-0.13452023
AT5G56110,0.026916305
AT5G56120,-0.14507
AT5G56130,-0.046662994
AT5G56140,0.01150835
AT5G56150,0.3837099
AT5G56160,0.013290069
AT5G56170,0.119484834
AT5G56180,0.461018
AT5G56190,0.569174
AT5G56200,0.2763972
AT5G56210,-0.32333305
AT5G56220,-0.13555314
AT5G56230,0.26357004
AT5G56240,0.10309324
AT5G56250,0.05824425
AT5G56260,0.10316236
AT5G56270,0.12366433
AT5G56280,-0.06805859
AT5G56290,0.004239486
AT5G56300,0.011094768
AT5G56310,-0.009705335
AT5G56320,-0.013483608
AT5G56325,-0.00029724228
AT5G56330,0.00034784197
AT5G56340,0.11381819
AT5G56350,0.5763258
AT5G56360,0.013298502
AT5G56368,0.00097123574
AT5G56369,0.00012581158
AT5G56370,-0.7220654
AT5G56380,-0.17486484
AT5G56390,0.00024576552
AT5G56400,0.0030539415
AT5G56410,0.0015624402
AT5G56420,0.08986995
AT5G56430,-0.0026168525
AT5G56440,0.0047486047
AT5G56450,-0.08715204
AT5G56452,0.00014308802
AT5G56460,0.06627456
AT5G56470,0.0
AT5G56480,0.00017072247
AT5G56490,-0.011332549
AT5G56500,-0.18753661
AT5G56510,0.03580522
AT5G56520,-0.060557097
AT5G56530,-0.3258456
AT5G56540,-0.025175525
AT5G56550,-0.009396872
AT5G56555,0.00065043615
AT5G56560,0.0
AT5G56570,0.003216783
AT5G56580,-0.110512175
AT5G56590,-0.30880144
AT5G56600,0.1164303
AT5G56610,0.2147546
AT5G56620,0.110700145
AT5G56630,0.5706031
AT5G56640,0.00091982324
AT5G56650,0.014845048
AT5G56660,0.13315028
AT5G56680,0.039038412
AT5G56690,0.00045114153
AT5G56700,-0.12004023
AT5G56710,0.021648321
AT5G56720,0.011308923
AT5G56730,0.027825098
AT5G56740,0.018215278
AT5G56750,0.2339989
AT5G56760,0.16975914
AT5G56770,0.002453732
AT5G56780,-0.37213984
AT5G56790,-0.04051718
AT5G56795,0.14661714
AT5G56800,0.0026415722
AT5G56810,-0.053455416
AT5G56820,0.0003915113
AT5G56840,0.05669296
AT5G56850,-0.7390738
AT5G56860,-0.27343208
AT5G56870,-0.04332605
AT5G56880,0.06504904
AT5G56890,-0.075222395
AT5G56900,-0.013205545
AT5G56910,0.0044343807
AT5G56920,0.00030778762
AT5G56930,-0.043779217
AT5G56940,0.034965858
AT5G56950,-0.07919081
AT5G56960,0.84477234
AT5G56970,1.1634474
AT5G56980,0.44246027
AT5G56985,-0.004558403
AT5G56990,-0.12966272
AT5G57000,0.029190404
AT5G57010,1.2219431
AT5G57015,0.16085963
AT5G57020,0.09259083
AT5G57030,-0.40757665
AT5G57035,0.4471016
AT5G57040,-0.2046005
AT5G57050,0.42647907
AT5G57060,0.2969414
AT5G57070,0.06298884
AT5G57080,-0.024009341
AT5G57090,0.0070675625
AT5G57100,-0.2516672
AT5G57110,0.041630678
AT5G57120,-0.0026963614
AT5G57123,0.48485798
AT5G57130,-0.2035342
AT5G57140,-0.2720026
AT5G57150,0.14676365
AT5G57160,-0.16139291
AT5G57170,-0.294516
AT5G57180,-0.22330566
AT5G57190,0.1338681
AT5G57200,0.0028603645
AT5G57210,-0.015640086
AT5G57220,-0.9636001
AT5G57230,0.023295425
AT5G57240,-0.022007063
AT5G57250,-0.017048052
AT5G57260,0.1386548
AT5G57270,-0.21373612
AT5G57280,0.06369996
AT5G57290,0.12062669
AT5G57300,-0.03285486
AT5G57320,-0.009506217
AT5G57330,-0.013037478
AT5G57340,-0.09740522
AT5G57345,-0.40833798
AT5G57350,-0.028739402
AT5G57360,0.030776601
AT5G57370,0.00924981
AT5G57380,0.017736327
AT5G57390,-0.13851796
AT5G57400,0.003756449
AT5G57410,0.08347013
AT5G57420,0.039304923
AT5G57440,-0.2294638
AT5G57450,0.16297251
AT5G57460,0.05652792
AT5G57480,1.124274
AT5G57490,-0.08964752
AT5G57500,0.31895274
AT5G57510,1.8666719
AT5G57520,0.144005
AT5G57530,0.020525847
AT5G57535,4.7606805e-05
AT5G57540,0.005195989
AT5G57550,0.3088145
AT5G57560,0.19591919
AT5G57565,-0.07272494
AT5G57567,-0.027754067
AT5G57569,0.0036089453
AT5G57570,-0.058348533
AT5G57580,0.13957126
AT5G57590,-0.0135932425
AT5G57610,-0.13223937
AT5G57620,0.012665635
AT5G57625,0.021043468
AT5G57630,0.2694453
AT5G57640,-0.014713345
AT5G57650,0.094671145
AT5G57655,0.021708572
AT5G57660,-0.07049003
AT5G57670,0.00015193474
AT5G57685,-0.29745898
AT5G57690,-0.020291675
AT5G57700,-0.2750212
AT5G57710,0.02067485
AT5G57720,0.0002495352
AT5G57740,0.04293863
AT5G57750,0.00026490097
AT5G57760,-0.34860665
AT5G57770,0.0041115694
AT5G57780,-0.49055424
AT5G57785,0.19326955
AT5G57790,-0.10781813
AT5G57800,0.1755056
AT5G57810,-0.021225184
AT5G57815,0.2473715
AT5G57820,0.0049459655
AT5G57830,0.022295551
AT5G57840,0.046678465
AT5G57850,0.041630257
AT5G57860,0.20893942
AT5G57870,0.12151045
AT5G57880,-0.031297535
AT5G57887,0.4798234
AT5G57890,-0.085111365
AT5G57900,0.20295824
AT5G57910,0.51329935
AT5G57920,-0.011730821
AT5G57930,-0.1993711
AT5G57940,0.01609679
AT5G57950,0.127176
AT5G57960,-0.10026517
AT5G57970,-0.0035041436
AT5G57980,0.036173016
AT5G57990,0.086324304
AT5G58000,-0.25818822
AT5G58003,0.13337213
AT5G58005,0.12226414
AT5G58010,0.055070896
AT5G58020,0.15750726
AT5G58030,0.07100206
AT5G58040,0.034395255
AT5G58050,0.04936031
AT5G58060,0.41864532
AT5G58070,0.07061222
AT5G58080,-0.010151619
AT5G58090,-0.32247856
AT5G58100,-0.06417267
AT5G58110,0.10905732
AT5G58120,0.36668238
AT5G58130,0.012926845
AT5G58140,-0.4181515
AT5G58150,0.018152889
AT5G58160,-0.010854391
AT5G58170,0.008362005
AT5G58180,-0.009071387
AT5G58190,0.07537333
AT5G58200,0.001125264
AT5G58210,0.028280275
AT5G58220,0.22862102
AT5G58230,0.034106743
AT5G58240,0.036321342
AT5G58250,-0.09913515
AT5G58260,-0.52800417
AT5G58270,0.04915117
AT5G58280,-0.00050693675
AT5G58290,0.31435433
AT5G58300,-0.19945616
AT5G58310,-0.29299212
AT5G58320,0.35674953
AT5G58330,-0.08675116
AT5G58340,-0.36996296
AT5G58350,0.2878209
AT5G58360,0.002154745
AT5G58370,-0.22866976
AT5G58375,0.32443392
AT5G58380,0.16006514
AT5G58390,-0.38333702
AT5G58400,0.019500358
AT5G58410,0.07920893
AT5G58412,0.00064004696
AT5G58420,0.09007215
AT5G58430,0.15732525
AT5G58440,-0.08459847
AT5G58450,-0.017534254
AT5G58460,-9.191009e-05
AT5G58470,0.13070723
AT5G58480,-0.41460356
AT5G58490,0.08423838
AT5G58500,-0.035621524
AT5G58510,0.04914494
AT5G58520,-0.06206064
AT5G58530,-0.060661454
AT5G58540,0.2019486
AT5G58550,-0.35123783
AT5G58560,0.019139864
AT5G58570,0.382744
AT5G58575,0.035420887
AT5G58580,-0.0063403943
AT5G58590,-0.068463184
AT5G58600,0.00042347552
AT5G58610,0.030714944
AT5G58620,0.47693104
AT5G58630,-0.03529841
AT5G58640,0.20050712
AT5G58650,-0.081414565
AT5G58660,0.059209116
AT5G58670,0.12117862
AT5G58680,0.099405095
AT5G58690,0.14644983
AT5G58700,0.2465631
AT5G58710,0.12794167
AT5G58720,0.10245793
AT5G58730,0.0662304
AT5G58740,0.040071715
AT5G58750,0.0024976002
AT5G58760,0.058061153
AT5G58770,-0.05459323
AT5G58780,0.026905911
AT5G58782,0.0010423651
AT5G58784,0.002970695
AT5G58787,0.11554444
AT5G58790,0.017090935
AT5G58800,0.2115415
AT5G58810,0.0
AT5G58820,0.00036912935
AT5G58830,0.0007013098
AT5G58840,1.2596949
AT5G58850,-1.2105448e-05
AT5G58860,0.03895277
AT5G58870,-0.04409328
AT5G58880,0.0028858548
AT5G58890,0.00010944071
AT5G58900,-0.122588925
AT5G58910,-0.0011119383
AT5G58930,-0.13453239
AT5G58940,0.24699526
AT5G58950,-0.027536139
AT5G58960,-0.020764392
AT5G58970,-0.10827025
AT5G58980,0.09657141
AT5G58990,0.0055898987
AT5G59000,-0.16417216
AT5G59010,-0.008747019
AT5G59030,-0.04012936
AT5G59040,0.002826025
AT5G59050,-0.22317079
AT5G59060,0.022740167
AT5G59080,-0.3130122
AT5G59090,0.007626948
AT5G59100,0.00035194773
AT5G59105,8.65887e-05
AT5G59110,-0.0003014762
AT5G59120,0.006335863
AT5G59130,-0.37283242
AT5G59140,0.2921294
AT5G59150,0.16904812
AT5G59160,0.0821206
AT5G59170,0.03596155
AT5G59180,0.097499855
AT5G59190,0.000895427
AT5G59200,0.31593698
AT5G59210,0.06117277
AT5G59220,1.1161997
AT5G59230,0.27813715
AT5G59240,-0.04836631
AT5G59250,-1.3294013
AT5G59260,0.0008801263
AT5G59270,-0.00052323076
AT5G59280,0.027821068
AT5G59290,0.017328506
AT5G59300,0.14664957
AT5G59305,0.004213665
AT5G59310,1.5008432
AT5G59320,0.5232968
AT5G59330,0.020943996
AT5G59340,0.0673146
AT5G59350,-0.11106093
AT5G59360,-0.13831443
AT5G59370,-0.05129928
AT5G59380,0.010203395
AT5G59390,0.5843246
AT5G59400,-0.05616154
AT5G59410,-0.08568327
AT5G59420,0.2113291
AT5G59430,-0.060492042
AT5G59440,0.0950616
AT5G59450,0.11537067
AT5G59460,-0.024269002
AT5G59470,0.08469956
AT5G59490,0.9507327
AT5G59500,-0.009867978
AT5G59510,0.19338161
AT5G59520,-0.014297852
AT5G59530,0.6842332
AT5G59540,0.030892128
AT5G59550,0.4451694
AT5G59560,0.00329553
AT5G59570,0.44319713
AT5G59580,0.08641795
AT5G59590,0.15250953
AT5G59600,-0.15369955
AT5G59610,0.007031073
AT5G59613,0.13365315
AT5G59616,0.0
AT5G59650,-0.38943523
AT5G59660,-0.340797
AT5G59670,0.92375964
AT5G59680,0.6599018
AT5G59700,0.17092541
AT5G59710,-0.042084884
AT5G59720,0.015973689
AT5G59730,-0.051974222
AT5G59740,-0.12180799
AT5G59750,-0.3467078
AT5G59760,-0.00387544
AT5G59770,-0.009606941
AT5G59780,0.030668864
AT5G59790,0.20086583
AT5G59800,-0.23616797
AT5G59810,0.051453505
AT5G59820,0.80716604
AT5G59830,-0.070996575
AT5G59840,0.24095863
AT5G59845,-0.017956663
AT5G59860,0.0033175456
AT5G59865,-0.009743702
AT5G59870,-0.13530469
AT5G59880,0.062651604
AT5G59890,0.3460254
AT5G59895,-0.0011566088
AT5G59900,-0.15929314
AT5G59910,0.041418478
AT5G59920,-0.14382301
AT5G59930,0.000101518446
AT5G59940,-0.0067166667
AT5G59950,0.13425006
AT5G59960,0.050120655
AT5G59980,-0.05179855
AT5G59990,-0.013122589
AT5G60000,9.484732e-05
AT5G60010,-4.0581323e-05
AT5G60020,0.0037455235
AT5G60030,-0.0946919
AT5G60040,0.08490145
AT5G60050,-0.0882495
AT5G60060,-0.0040244707
AT5G60070,0.0002694307
AT5G60080,-0.0013411077
AT5G60090,0.002609164
AT5G60100,0.10131059
AT5G60110,0.024857175
AT5G60120,-0.060486414
AT5G60130,-0.06676825
AT5G60140,0.0022449116
AT5G60142,-0.065888934
AT5G60150,-0.07950553
AT5G60160,0.21027729
AT5G60170,-0.021191556
AT5G60180,-0.03214761
AT5G60190,0.03075313
AT5G60200,-0.39452854
AT5G60210,-0.19523427
AT5G60215,0.00023819851
AT5G60220,0.021506611
AT5G60230,0.07126913
AT5G60240,-0.0026883464
AT5G60250,0.07068707
AT5G60260,-0.008654206
AT5G60265,-0.0015390692
AT5G60270,0.3303566
AT5G60280,0.44303304
AT5G60290,-0.028094267
AT5G60300,0.18706907
AT5G60310,0.009042472
AT5G60320,0.055349655
AT5G60335,-0.03050456
AT5G60340,0.13815103
AT5G60350,0.009937254
AT5G60360,0.120680846
AT5G60370,-0.1226613
AT5G60380,0.033631586
AT5G60390,-0.0103069
AT5G60400,-0.1354766
AT5G60410,0.20320876
AT5G60430,-0.013915029
AT5G60440,0.014819185
AT5G60450,-0.24406058
AT5G60460,0.27254787
AT5G60470,0.13854536
AT5G60480,-0.0008629864
AT5G60490,-0.4005148
AT5G60500,4.4755252e-05
AT5G60510,0.00010494693
AT5G60520,0.0014986232
AT5G60530,0.04549787
AT5G60540,0.02803491
AT5G60550,0.0047642407
AT5G60553,0.0
AT5G60560,0.0
AT5G60570,0.0045536654
AT5G60580,0.03125345
AT5G60590,0.24900053
AT5G60600,-0.14123833
AT5G60610,0.057035204
AT5G60615,0.00010135371
AT5G60620,0.14451058
AT5G60630,0.19045779
AT5G60640,0.08166982
AT5G60650,0.17194334
AT5G60660,0.08603501
AT5G60670,-0.06089879
AT5G60680,-0.14557116
AT5G60690,-0.0155567
AT5G60700,0.22053654
AT5G60710,0.038017977
AT5G60720,-0.013181931
AT5G60730,0.07384192
AT5G60740,0.010464319
AT5G60750,0.15464273
AT5G60760,0.034876376
AT5G60770,0.0011587789
AT5G60780,0.022270162
AT5G60790,0.27606815
AT5G60800,0.45668417
AT5G60805,0.0
AT5G60810,0.00092523335
AT5G60820,0.0480678
AT5G60830,0.00079184305
AT5G60840,-0.015947456
AT5G60850,-0.22629529
AT5G60860,-0.047604226
AT5G60870,-0.02216348
AT5G60880,0.010452598
AT5G60890,-0.41508418
AT5G60900,0.9917818
AT5G60910,0.113674924
AT5G60920,-0.031896994
AT5G60930,0.029522639
AT5G60940,-0.086649105
AT5G60945,-5.6360955e-07
AT5G60950,0.67075676
AT5G60960,0.010783152
AT5G60964,0.009132607
AT5G60970,-0.0776444
AT5G60980,0.06557454
AT5G60990,0.0010534944
AT5G61000,-0.0058540157
AT5G61010,0.48265988
AT5G61020,0.050819922
AT5G61030,0.05100546
AT5G61040,-0.112214066
AT5G61050,0.0066636554
AT5G61060,0.15967984
AT5G61070,0.027517665
AT5G61090,0.01152946
AT5G61100,-0.06498668
AT5G61110,0.00013211076
AT5G61120,0.017719466
AT5G61130,-0.44543082
AT5G61140,-0.067170486
AT5G61150,-0.035311043
AT5G61160,0.2646732
AT5G61170,0.06337281
AT5G61180,0.0035470198
AT5G61190,0.2295822
AT5G61200,-0.22532645
AT5G61210,0.086357094
AT5G61220,0.07104013
AT5G61230,0.0563496
AT5G61240,0.11768339
AT5G61250,0.7101801
AT5G61260,-0.02414687
AT5G61270,-0.44469866
AT5G61280,-0.025297776
AT5G61290,-0.058976594
AT5G61300,-0.107644245
AT5G61310,0.090943515
AT5G61320,0.017423386
AT5G61330,-0.046065122
AT5G61340,-0.11591843
AT5G61350,-0.18598883
AT5G61360,0.061002336
AT5G61370,0.028465722
AT5G61380,0.22618355
AT5G61390,0.37401387
AT5G61400,0.046997007
AT5G61410,-0.21909934
AT5G61412,0.0025951122
AT5G61420,-0.7599267
AT5G61430,0.0058592344
AT5G61440,0.15099297
AT5G61450,0.3368047
AT5G61460,0.013042198
AT5G61470,0.00042870067
AT5G61480,-0.18825811
AT5G61490,0.1693786
AT5G61495,0.0039161975
AT5G61500,0.014448255
AT5G61510,0.44931525
AT5G61520,0.29399028
AT5G61530,0.2970323
AT5G61540,0.030773768
AT5G61550,0.23280278
AT5G61560,0.2714823
AT5G61570,-0.14946404
AT5G61580,-0.01892852
AT5G61590,0.18136297
AT5G61600,-0.101514466
AT5G61605,-4.6492813e-05
AT5G61610,0.06629451
AT5G61620,0.00587261
AT5G61630,0.0007671271
AT5G61640,0.14362034
AT5G61650,0.03341477
AT5G61660,-0.30670032
AT5G61670,-0.040597502
AT5G61680,0.00016218607
AT5G61690,0.006307975
AT5G61700,0.0013236854
AT5G61710,0.0013167321
AT5G61720,0.004535573
AT5G61730,0.0048850165
AT5G61740,-0.19436789
AT5G61750,0.008512356
AT5G61760,0.25971147
AT5G61770,0.12165273
AT5G61780,0.10329663
AT5G61790,0.41454333
AT5G61800,0.08194065
AT5G61810,-0.010442586
AT5G61820,0.09219165
AT5G61830,-0.08771542
AT5G61840,0.0599495
AT5G61850,0.0030035814
AT5G61865,0.007901846
AT5G61880,0.42706686
AT5G61890,1.5283889
AT5G61900,0.19748047
AT5G61910,0.02703804
AT5G61920,-0.023594292
AT5G61930,-0.024633432
AT5G61940,-0.032756977
AT5G61950,-0.110128194
AT5G61960,0.096301325
AT5G61970,0.09338406
AT5G61980,-0.07610388
AT5G61990,-0.04401371
AT5G61997,0.0
AT5G62000,-0.110203534
AT5G62020,-0.007823829
AT5G62030,-0.048605986
AT5G62040,-0.05548789
AT5G62050,0.22899434
AT5G62060,0.0
AT5G62065,-7.112696e-05
AT5G62070,0.13061485
AT5G62080,0.0041088797
AT5G62090,-0.031707454
AT5G62100,-0.49647975
AT5G62110,-0.00022347314
AT5G62120,-0.00012287228
AT5G62130,-0.06531513
AT5G62140,-0.194281
AT5G62150,1.098058
AT5G62160,0.013515871
AT5G62165,-0.31854463
AT5G62170,-0.3487534
AT5G62180,0.3091506
AT5G62190,0.13097002
AT5G62200,0.20084207
AT5G62210,-0.040226944
AT5G62220,-0.24294566
AT5G62230,0.04405019
AT5G62240,-0.007874606
AT5G62250,-0.030084446
AT5G62260,0.16977671
AT5G62270,-0.0067926743
AT5G62280,-0.3795272
AT5G62290,0.108616404
AT5G62310,-0.052371994
AT5G62320,-0.0032388326
AT5G62330,-0.0072319224
AT5G62340,-0.007743614
AT5G62350,-0.24221751
AT5G62360,-0.053403534
AT5G62370,-0.03618563
AT5G62380,-0.07944335
AT5G62390,-0.02546304
AT5G62400,-8.605777e-05
AT5G62410,-0.024302408
AT5G62420,-0.015834752
AT5G62430,-0.30000275
AT5G62440,0.40843862
AT5G62460,0.31702048
AT5G62470,-0.16432856
AT5G62480,0.57874
AT5G62490,0.005924165
AT5G62500,-0.052956972
AT5G62510,0.023593282
AT5G62520,1.374586
AT5G62530,0.40023097
AT5G62540,0.34307343
AT5G62550,-0.29830718
AT5G62560,0.11569111
AT5G62570,0.10612563
AT5G62573,-0.0023191085
AT5G62575,0.16175735
AT5G62580,-0.056859218
AT5G62600,-0.003004631
AT5G62610,-0.004152594
AT5G62620,-0.21464121
AT5G62623,0.0
AT5G62627,0.0
AT5G62630,-0.0032688351
AT5G62640,0.112161614
AT5G62650,-0.051603768
AT5G62660,0.006017146
AT5G62670,-0.27362612
AT5G62680,0.4120109
AT5G62690,-0.04731015
AT5G62700,-0.32816952
AT5G62710,-0.2718597
AT5G62720,0.031364508
AT5G62730,0.012989189
AT5G62740,0.25215703
AT5G62750,0.0002071611
AT5G62760,-0.048117433
AT5G62770,0.106707536
AT5G62780,-0.0024050116
AT5G62790,-0.052063905
AT5G62800,0.004236313
AT5G62810,-0.027862562
AT5G62820,-0.11957027
AT5G62830,-0.0012686264
AT5G62840,-0.19446506
AT5G62850,-0.1931792
AT5G62860,0.0
AT5G62860,0.0
AT5G62880,-0.05599248
AT5G62890,-0.31560424
AT5G62900,0.11508382
AT5G62910,0.100742206
AT5G62920,-0.39649862
AT5G62930,0.022471108
AT5G62940,-0.29756045
AT5G62950,0.0014981637
AT5G62960,-0.40823543
AT5G62970,0.00017275914
AT5G62980,-0.14844877
AT5G62990,0.014015699
AT5G62998,-7.865411e-05
AT5G63000,0.07968369
AT5G63010,0.31925443
AT5G63020,-0.0143948635
AT5G63030,0.24311809
AT5G63040,-0.13192916
AT5G63050,-0.0017128238
AT5G63060,-0.028113525
AT5G63063,3.0168114e-05
AT5G63070,-0.0014916637
AT5G63080,-0.004880839
AT5G63085,4.593056e-05
AT5G63087,-0.011641167
AT5G63090,0.039637893
AT5G63100,-0.08595225
AT5G63110,0.053394526
AT5G63120,0.36626986
AT5G63130,0.4706859
AT5G63135,-0.08932514
AT5G63140,-0.13253577
AT5G63150,0.12672402
AT5G63160,0.1606454
AT5G63170,0.00042770235
AT5G63180,-0.67638415
AT5G63190,-0.0125874365
AT5G63200,-0.014563724
AT5G63220,0.28493717
AT5G63225,0.23552501
AT5G63230,0.00042242094
AT5G63240,0.06570095
AT5G63250,0.011619446
AT5G63260,0.19207343
AT5G63270,0.02076938
AT5G63280,0.061980657
AT5G63290,0.14533257
AT5G63300,-0.0011623693
AT5G63310,-0.24314952
AT5G63320,-0.074360244
AT5G63370,0.013632125
AT5G63375,0.001177744
AT5G63380,-0.14570668
AT5G63390,-0.016869446
AT5G63400,0.11294764
AT5G63410,-0.40219617
AT5G63420,-0.1399852
AT5G63440,-0.037816357
AT5G63450,0.3070328
AT5G63460,0.043483328
AT5G63470,-0.017065683
AT5G63480,-0.011903661
AT5G63490,0.20528775
AT5G63500,-0.11795206
AT5G63510,0.17422824
AT5G63520,-0.02118877
AT5G63530,-0.49977672
AT5G63540,-0.093541086
AT5G63550,0.017644567
AT5G63560,0.0646444
AT5G63570,0.03810171
AT5G63580,-0.20301731
AT5G63590,-0.007370436
AT5G63595,0.010742765
AT5G63600,0.15914921
AT5G63610,0.18626294
AT5G63620,0.18450338
AT5G63625,0.03559853
AT5G63630,-0.11098636
AT5G63640,0.12819412
AT5G63650,0.014257252
AT5G63660,0.0001027704
AT5G63670,-0.011933953
AT5G63680,0.4524192
AT5G63690,0.01754728
AT5G63700,-0.43271655
AT5G63710,-0.037163034
AT5G63720,0.0036105171
AT5G63730,0.0020309542
AT5G63740,0.021879189
AT5G63750,0.014048371
AT5G63760,0.3136084
AT5G63770,0.028109442
AT5G63780,-0.056547098
AT5G63790,0.744159
AT5G63800,-0.01777952
AT5G63810,0.016686516
AT5G63820,-0.06283551
AT5G63830,-0.06306084
AT5G63840,-0.01207334
AT5G63850,0.42127764
AT5G63860,0.014356786
AT5G63870,0.063475646
AT5G63880,0.36701843
AT5G63890,-0.03770333
AT5G63900,0.014361873
AT5G63905,0.011808576
AT5G63910,0.10509958
AT5G63920,0.049025502
AT5G63930,-0.014956807
AT5G63940,-0.07647756
AT5G63950,0.04138778
AT5G63960,-0.04951423
AT5G63970,1.0482973
AT5G63980,0.10176082
AT5G63990,0.5670694
AT5G64000,0.36342248
AT5G64010,0.10014533
AT5G64020,0.16037443
AT5G64030,-0.14104035
AT5G64040,-0.4298858
AT5G64050,0.0011415337
AT5G64060,0.015187642
AT5G64070,0.0034419065
AT5G64080,0.06554819
AT5G64090,0.054197446
AT5G64100,0.067619875
AT5G64110,-0.37665206
AT5G64120,0.16981432
AT5G64130,0.095446706
AT5G64140,0.042674884
AT5G64150,0.071564004
AT5G64160,0.038212728
AT5G64170,-0.20420438
AT5G64180,0.005765874
AT5G64190,0.07295032
AT5G64200,0.19654661
AT5G64210,-0.009961047
AT5G64220,0.01130879
AT5G64230,0.74714494
AT5G64240,0.14337203
AT5G64250,0.47315517
AT5G64260,0.116660856
AT5G64270,0.11300147
AT5G64280,-0.027344419
AT5G64290,0.06691167
AT5G64300,0.2652453
AT5G64310,1.087172
AT5G64320,-0.061031915
AT5G64330,-0.39095512
AT5G64340,-0.06801308
AT5G64350,0.17096652
AT5G64360,-0.08594234
AT5G64370,0.56877285
AT5G64380,-0.24304783
AT5G64390,-0.005194991
AT5G64395,-0.00045066734
AT5G64400,0.48536092
AT5G64401,0.0007418106
AT5G64410,-0.04053338
AT5G64420,-0.008528774
AT5G64430,0.1742832
AT5G64440,0.16037121
AT5G64450,0.06802532
AT5G64460,-0.29974425
AT5G64470,0.009917812
AT5G64480,-0.21324778
AT5G64490,0.09737755
AT5G64500,0.15341851
AT5G64510,0.6481564
AT5G64520,-0.11864203
AT5G64530,0.1387896
AT5G64540,0.024188008
AT5G64550,-0.30254385
AT5G64560,0.103716366
AT5G64570,0.32236013
AT5G64580,-0.16643943
AT5G64590,0.009760462
AT5G64600,0.064190134
AT5G64610,-0.011944687
AT5G64620,-0.24520472
AT5G64630,-0.11621891
AT5G64640,-0.27048016
AT5G64650,0.05290628
AT5G64660,0.8290731
AT5G64667,-0.029305309
AT5G64670,-0.04798816
AT5G64680,-0.047568977
AT5G64687,-0.027042318
AT5G64690,0.017209046
AT5G64700,0.167353
AT5G64710,0.110944316
AT5G64720,-0.0029030386
AT5G64730,0.13660517
AT5G64740,-0.1693622
AT5G64750,1.2804186
AT5G64760,0.04651068
AT5G64770,-0.42750245
AT5G64780,0.05615788
AT5G64790,0.33422267
AT5G64800,-0.16593239
AT5G64810,0.70693177
AT5G64813,0.076251246
AT5G64816,-0.07439644
AT5G64820,0.0010649716
AT5G64830,-0.0585512
AT5G64840,-0.116075784
AT5G64850,-0.21151292
AT5G64860,-0.063236676
AT5G64870,0.98705107
AT5G64880,0.06233076
AT5G64890,0.8672736
AT5G64900,0.06981347
AT5G64905,0.8824087
AT5G64910,0.07115343
AT5G64920,-0.2155651
AT5G64930,0.32003433
AT5G64940,-0.3981032
AT5G64950,0.043978605
AT5G64960,0.049684063
AT5G64970,-0.08024539
AT5G64980,-0.05980919
AT5G64990,0.12233293
AT5G65000,0.027921569
AT5G65005,0.00025448835
AT5G65010,-0.01632044
AT5G65020,0.04936347
AT5G65030,-0.101380154
AT5G65040,-0.32783014
AT5G65050,0.1475092
AT5G65060,0.028943488
AT5G65070,-0.018482951
AT5G65080,-0.047169853
AT5G65090,0.2485663
AT5G65100,0.0014826646
AT5G65110,0.5869187
AT5G65120,-0.017685724
AT5G65130,0.14555104
AT5G65140,0.62799644
AT5G65158,0.009935601
AT5G65160,0.11653214
AT5G65165,0.059883893
AT5G65170,0.27346912
AT5G65180,0.025224812
AT5G65200,0.20002726
AT5G65205,0.070012815
AT5G65207,0.061689198
AT5G65210,0.24362494
AT5G65220,-0.23970474
AT5G65225,-0.0014391656
AT5G65230,0.0265145
AT5G65240,-0.11194225
AT5G65250,0.07688232
AT5G65260,0.004234503
AT5G65270,0.21705137
AT5G65274,1.945877e-05
AT5G65280,0.39353365
AT5G65290,0.14819425
AT5G65300,1.622058
AT5G65310,-0.33150968
AT5G65320,0.025416777
AT5G65330,-0.00038220955
AT5G65340,-0.0033093402
AT5G65350,0.009247868
AT5G65370,-0.0005872997
AT5G65380,0.0046071704
AT5G65390,-0.4247258
AT5G65400,0.026037872
AT5G65410,-0.32773286
AT5G65420,-0.14656241
AT5G65430,0.024642812
AT5G65440,-0.17380111
AT5G65450,-0.123845324
AT5G65460,-0.28336343
AT5G65470,0.013811526
AT5G65480,-0.10402573
AT5G65490,0.006748466
AT5G65495,0.33119273
AT5G65500,0.17139623
AT5G65510,0.09114132
AT5G65520,0.08091101
AT5G65530,-0.0373482
AT5G65540,-0.019448183
AT5G65550,0.013610891
AT5G65560,0.025341123
AT5G65570,-0.13099724
AT5G65580,0.02301274
AT5G65590,-0.081254765
AT5G65600,0.97023165
AT5G65609,0.10987356
AT5G65610,0.033611245
AT5G65613,0.0013856395
AT5G65620,0.006410963
AT5G65630,-0.04483514
AT5G65640,-0.18910645
AT5G65650,0.040079955
AT5G65660,0.6380028
AT5G65670,0.0069782166
AT5G65683,-0.3210025
AT5G65685,-0.05536584
AT5G65687,0.009717414
AT5G65690,1.6874615
AT5G65700,-0.23197596
AT5G65710,-0.1452104
AT5G65720,0.071031876
AT5G65730,-0.4047475
AT5G65740,-0.2090241
AT5G65750,0.0933921
AT5G65760,0.0042213853
AT5G65770,0.029733695
AT5G65780,0.0037868463
AT5G65790,0.019784093
AT5G65800,-0.052426063
AT5G65810,-0.12579542
AT5G65820,-0.17718601
AT5G65830,-0.15859707
AT5G65840,-0.068275854
AT5G65850,0.007863239
AT5G65860,-0.025449354
AT5G65870,0.123256594
AT5G65880,-0.14229593
AT5G65890,-0.012761843
AT5G65900,-0.07831905
AT5G65910,0.07599205
AT5G65920,0.092045605
AT5G65925,0.023532301
AT5G65930,-0.023450252
AT5G65940,0.06317164
AT5G65950,0.009454805
AT5G65960,0.08324675
AT5G65970,-0.27273142
AT5G65980,0.046629205
AT5G65990,0.09539473
AT5G66000,-0.03555025
AT5G66005,-0.13724008
AT5G66010,0.17309009
AT5G66020,0.015144231
AT5G66030,0.008271307
AT5G66040,0.07952168
AT5G66050,0.1444151
AT5G66052,0.08291282
AT5G66053,-0.0012460322
AT5G66055,-0.08118899
AT5G66060,-0.053265538
AT5G66070,0.5390076
AT5G66080,-0.33884627
AT5G66090,-0.0647718
AT5G66100,0.0844291
AT5G66110,-0.21537659
AT5G66120,0.24004269
AT5G66130,0.04597899
AT5G66140,0.115707785
AT5G66150,0.06261027
AT5G66160,0.123788305
AT5G66170,0.27323914
AT5G66180,0.079250224
AT5G66190,-0.8865064
AT5G66200,0.21759361
AT5G66210,0.19882236
AT5G66220,0.0072285943
AT5G66230,-0.0059916545
AT5G66240,0.025338303
AT5G66250,0.1208474
AT5G66260,-9.538116e-05
AT5G66270,0.03696304
AT5G66280,0.00878602
AT5G66290,0.003681433
AT5G66300,-0.07830422
AT5G66310,-0.5089556
AT5G66320,0.19364643
AT5G66330,-0.19434534
AT5G66335,-0.0006755737
AT5G66340,-0.00015610042
AT5G66350,0.07846678
AT5G66360,0.08466769
AT5G66370,-0.0016372404
AT5G66380,0.041675806
AT5G66390,-0.049149413
AT5G66400,0.20655026
AT5G66410,-0.08148253
AT5G66420,0.34355658
AT5G66430,-0.00075985695
AT5G66440,0.38957363
AT5G66450,0.15200141
AT5G66460,-0.0035832766
AT5G66470,-0.20712283
AT5G66480,0.3414218
AT5G66490,0.26233178
AT5G66500,-0.062320884
AT5G66510,0.113937214
AT5G66520,-0.0657776
AT5G66530,-0.26036912
AT5G66540,-0.026736751
AT5G66550,-0.15477923
AT5G66560,-0.23907837
AT5G66570,-0.046859346
AT5G66580,-0.070479535
AT5G66590,-0.42304105
AT5G66595,0.010885037
AT5G66600,-0.008058395
AT5G66607,-0.08503734
AT5G66610,-0.05597999
AT5G66620,0.21444634
AT5G66630,-0.5883868
AT5G66631,0.038420238
AT5G66640,-0.16789295
AT5G66650,0.31838417
AT5G66658,-0.054210592
AT5G66660,-0.0029523037
AT5G66670,0.012387811
AT5G66675,0.061626695
AT5G66680,0.16830292
AT5G66690,0.28988025
AT5G66700,0.04274754
AT5G66710,-0.0041969405
AT5G66720,0.09189695
AT5G66730,-0.009042571
AT5G66740,-0.24363004
AT5G66750,0.024756338
AT5G66760,0.82760835
AT5G66770,-0.46246967
AT5G66780,0.06590851
AT5G66790,0.006457576
AT5G66800,-0.11444185
AT5G66810,0.114463285
AT5G66815,-0.0034903532
AT5G66816,0.0004237373
AT5G66818,0.0
AT5G66819,0.0
AT5G66820,-0.06261599
AT5G66830,-0.006161274
AT5G66840,0.00953868
AT5G66850,0.18436752
AT5G66860,0.15585428
AT5G66870,-0.0021076393
AT5G66880,0.033865884
AT5G66890,0.9082843
AT5G66900,0.014862832
AT5G66910,0.32924727
AT5G66920,-0.337916
AT5G66930,0.06492375
AT5G66940,0.018097058
AT5G66950,0.023231916
AT5G66960,-0.050087944
AT5G66970,-0.00038546658
AT5G66980,0.0015696734
AT5G66985,0.008178524
AT5G66990,0.00068149954
AT5G67000,0.0012919768
AT5G67010,-0.00054931385
AT5G67020,-0.029457644
AT5G67030,-0.15133394
AT5G67040,0.0003144862
AT5G67050,-0.2106301
AT5G67060,0.005994855
AT5G67070,-0.42591769
AT5G67080,1.181741
AT5G67090,-0.05829214
AT5G67100,-0.06683124
AT5G67110,0.050428163
AT5G67120,-0.009489852
AT5G67130,-0.16623625
AT5G67140,0.022807816
AT5G67150,-0.35277557
AT5G67160,0.0856058
AT5G67170,-0.02105687
AT5G67180,-0.17240709
AT5G67190,-0.14239019
AT5G67200,-0.20999183
AT5G67210,0.041717235
AT5G67220,0.0153943105
AT5G67230,0.045508325
AT5G67240,-0.015187202
AT5G67245,0.3934865
AT5G67250,0.043845136
AT5G67260,-0.026043545
AT5G67265,0.0034897444
AT5G67270,-0.119930394
AT5G67280,-0.21535838
AT5G67290,-0.017005814
AT5G67300,0.52236027
AT5G67310,1.4487283
AT5G67320,0.06963439
AT5G67330,0.08783586
AT5G67340,1.1491251
AT5G67350,0.30479437
AT5G67360,-0.015602185
AT5G67370,-0.22226955
AT5G67380,-0.00379347
AT5G67385,-0.37683386
AT5G67390,-0.7204366
AT5G67400,0.036980566
AT5G67410,-0.01825342
AT5G67411,-0.26433143
AT5G67420,-0.015478326
AT5G67430,0.008095656
AT5G67440,-0.011688593
AT5G67450,-0.24400613
AT5G67460,-0.30400768
AT5G67470,0.34792635
AT5G67480,0.41761416
AT5G67490,0.37130404
AT5G67500,0.2964701
AT5G67510,0.059655063
AT5G67520,0.0053146207
AT5G67530,0.0024484992
AT5G67540,0.103576764
AT5G67550,-0.06921742
AT5G67560,-0.07751752
AT5G67570,-0.09932419
AT5G67580,0.008746849
AT5G67590,0.25801244
AT5G67600,0.62307787
AT5G67610,-0.009430347
AT5G67620,0.06298723
AT5G67630,0.0010339292
AT5G67640,-0.09934384
ATMG00010,0.0051219747
ATMG00030,-0.033600926
ATMG00040,0.07024475
ATMG00050,0.00038192392
ATMG00060,0.20219283
ATMG00070,0.030179014
ATMG00080,0.048036046
ATMG00090,0.030632041
ATMG00110,-0.011611962
ATMG00120,0.012623389
ATMG00130,0.0038399857
ATMG00140,0.005756475
ATMG00150,0.007671521
ATMG00160,0.56642926
ATMG00170,0.0
ATMG00180,-0.047182083
ATMG00200,0.0037878263
ATMG00210,-0.0068930057
ATMG00220,-0.009533383
ATMG00240,0.02057193
ATMG00260,0.0107329
ATMG00270,0.041200392
ATMG00280,0.008229269
ATMG00285,0.18437672
ATMG00290,0.12957084
ATMG00300,0.029323649
ATMG00310,-0.0024391313
ATMG00370,-0.0007622251
ATMG00400,0.0018523355
ATMG00410,0.3174379
ATMG00430,0.0
ATMG00440,0.009149563
ATMG00450,-0.010463243
ATMG00470,0.006101445
ATMG00480,0.20306067
ATMG00490,0.013890605
ATMG00500,0.011830486
ATMG00510,0.081569396
ATMG00516,0.31483826
ATMG00520,0.17573424
ATMG00530,0.0038990716
ATMG00540,0.0
ATMG00550,0.0016089885
ATMG00560,0.18633981
ATMG00570,0.06347863
ATMG00580,0.04917697
ATMG00590,-0.005646038
ATMG00600,0.0022042324
ATMG00610,0.01272075
ATMG00630,0.06599388
ATMG00640,0.34523115
ATMG00650,0.20010315
ATMG00660,0.10620766
ATMG00670,0.20289849
ATMG00680,0.00023216661
ATMG00690,0.07247736
ATMG00710,0.0014241305
ATMG00720,0.0069943885
ATMG00730,0.21173768
ATMG00750,0.003288028
ATMG00760,0.0021775882
ATMG00810,-0.0039991066
ATMG00830,0.08124379
ATMG00840,0.003213258
ATMG00850,0.0006056933
ATMG00860,0.0015656699
ATMG00870,0.0008697481
ATMG00880,0.0010617491
ATMG00890,0.0051649525
ATMG00900,0.061416443
ATMG00910,-0.0028976281
ATMG00920,-0.0020243495
ATMG00940,0.00030818503
ATMG00960,0.10743486
ATMG00970,-0.012419398
ATMG00980,-0.071783476
ATMG00990,0.07150295
ATMG01000,0.1563521
ATMG01010,-0.05191974
ATMG01020,0.024890082
ATMG01030,0.002073831
ATMG01040,0.011075485
ATMG01050,-0.0075484654
ATMG01060,0.0027201013
ATMG01080,0.05548869
ATMG01090,0.13372648
ATMG01100,0.010022249
ATMG01110,0.0011350396
ATMG01130,0.16639853
ATMG01170,0.010455867
ATMG01180,-0.026191628
ATMG01190,0.24270064
ATMG01200,0.16679576
ATMG01210,0.026401643
ATMG01220,0.037061084
ATMG01230,0.040492717
ATMG01240,0.038738977
ATMG01260,0.0300529
ATMG01270,0.0023039947
ATMG01280,-0.0020737215
ATMG01290,0.0034792032
ATMG01300,0.0025139223
ATMG01310,-0.00038967587
ATMG01330,-0.20999664
ATMG01350,0.09871124
ATMG01360,0.12808509
ATMG01370,-0.029908452
ATMG01400,-0.004091314
ATMG01410,0.031139258
ATCG00020,0.046401862
ATCG00040,-0.30569145
ATCG00050,-0.013513337
ATCG00065,-0.024124127
ATCG00070,-0.0456038
ATCG00080,-0.030193182
ATCG00120,-0.23345739
ATCG00130,-0.22143047
ATCG00140,-0.19315486
ATCG00150,-0.36040738
ATCG00160,-0.2647444
ATCG00170,-0.31111562
ATCG00180,-0.2995078
ATCG00190,-0.3642866
ATCG00210,0.007911989
ATCG00220,-0.01798567
ATCG00270,-0.10006376
ATCG00280,-0.19237049
ATCG00300,-0.1456476
ATCG00330,0.06708765
ATCG00340,0.16422841
ATCG00350,0.18604241
ATCG00360,-0.031874593
ATCG00380,-0.047705792
ATCG00420,-0.21307532
ATCG00430,-0.6603068
ATCG00440,-0.4248508
ATCG00470,-0.3124131
ATCG00480,-0.35280564
ATCG00490,0.06615377
ATCG00500,-0.26936668
ATCG00510,-0.015928766
ATCG00520,-0.083413705
ATCG00530,-0.34351125
ATCG00540,-0.2840076
ATCG00550,-0.009537979
ATCG00560,-0.022675179
ATCG00570,-0.029661855
ATCG00580,-0.24908057
ATCG00590,0.0030973903
ATCG00600,-0.0010420044
ATCG00630,-0.40724188
ATCG00640,-0.08633085
ATCG00650,-0.23618993
ATCG00660,-0.08106611
ATCG00670,-0.06040116
ATCG00680,-0.37645555
ATCG00690,-0.0033863613
ATCG00700,-0.018959101
ATCG00710,-0.083311625
ATCG00720,-0.042955052
ATCG00730,-0.22337966
ATCG00740,-0.29460707
ATCG00750,-0.33830288
ATCG00760,-0.011298173
ATCG00770,-0.47541824
ATCG00780,-0.66333914
ATCG00790,-0.430922
ATCG00800,-0.19995268
ATCG00810,-0.29519764
ATCG00820,-0.30597606
ATCG00830,-0.35883194
ATCG00840,0.0
ATCG00860,0.0
ATCG00870,0.0
ATCG00890,0.0
ATCG00900,0.0
ATCG01000,0.003088255
ATCG01010,-0.06492508
ATCG01020,-0.2169676
ATCG01040,-0.02444771
ATCG01050,-0.2410826
ATCG01060,-0.11353664
ATCG01070,-0.038050212
ATCG01080,-0.17513241
ATCG01090,-0.08335473
ATCG01100,-0.22284466
ATCG01110,-0.25958177
ATCG01120,-0.0512028
ATCG01250,-0.3975895
