Gene,Predicted_Expr_Change
AT1G01010,0.33141273
AT1G01020,-0.034664933
AT1G01030,0.20633587
AT1G01040,0.021690106
AT1G01050,-0.1688488
AT1G01060,-0.4248794
AT1G01070,0.16828384
AT1G01080,-0.37619865
AT1G01090,-0.123684995
AT1G01100,0.16946204
AT1G01110,-0.56086713
AT1G01120,-0.49960542
AT1G01130,-0.15747331
AT1G01140,-0.101566
AT1G01150,0.025561446
AT1G01160,0.0341373
AT1G01170,-0.16203544
AT1G01180,0.033880286
AT1G01184,0.0
AT1G01190,-0.12792376
AT1G01200,-0.08003124
AT1G01210,0.20778787
AT1G01220,-0.078865856
AT1G01225,-0.27731138
AT1G01230,0.18994357
AT1G01240,0.24195047
AT1G01250,-0.13620731
AT1G01260,0.03377897
AT1G01280,0.008752826
AT1G01290,-0.04143482
AT1G01300,-0.41559926
AT1G01305,0.00021643797
AT1G01310,0.02377589
AT1G01320,-0.077950194
AT1G01335,0.0
AT1G01340,1.02545
AT1G01350,0.108021595
AT1G01355,-0.12164522
AT1G01360,-0.32504648
AT1G01370,-0.13039269
AT1G01380,-0.14908175
AT1G01390,-0.5530939
AT1G01400,0.002441466
AT1G01410,0.0
AT1G01420,-0.20485224
AT1G01430,-0.38221514
AT1G01440,-0.014633917
AT1G01450,-0.046703193
AT1G01453,0.24260457
AT1G01460,0.013832132
AT1G01470,0.36040854
AT1G01480,2.6337414
AT1G01490,0.04620295
AT1G01500,0.34986612
AT1G01510,-0.22963858
AT1G01520,-0.3267836
AT1G01530,0.039384305
AT1G01540,-0.41896442
AT1G01550,0.17536472
AT1G01560,1.1343592
AT1G01570,-0.16444193
AT1G01580,-0.2547692
AT1G01590,-0.014620725
AT1G01600,-0.005977062
AT1G01610,-0.2870975
AT1G01620,-0.42023265
AT1G01630,0.0018655473
AT1G01640,0.13190232
AT1G01650,0.44498706
AT1G01660,-0.07122806
AT1G01670,-0.1708553
AT1G01680,1.3950509
AT1G01690,-0.24750261
AT1G01695,-0.04924144
AT1G01700,0.13626248
AT1G01710,0.14295234
AT1G01715,0.0383028
AT1G01720,0.58256054
AT1G01725,0.20359913
AT1G01730,0.36807773
AT1G01740,-0.003045386
AT1G01750,-0.0006858068
AT1G01760,0.08005068
AT1G01770,0.1575369
AT1G01780,0.06008524
AT1G01790,-0.5561943
AT1G01800,0.07175535
AT1G01810,0.14979713
AT1G01820,0.23175511
AT1G01830,-0.08610528
AT1G01840,-0.2534705
AT1G01860,-0.115552746
AT1G01880,-0.08982057
AT1G01900,-0.05753538
AT1G01910,0.20027736
AT1G01920,-0.049509957
AT1G01930,0.019556208
AT1G01940,0.24882112
AT1G01950,-0.37424567
AT1G01960,-0.0035726593
AT1G01970,-0.1457822
AT1G01980,0.1545965
AT1G01990,0.06909588
AT1G02000,0.12746143
AT1G02010,-0.2185776
AT1G02020,-0.121774666
AT1G02030,0.042863127
AT1G02050,-0.03457107
AT1G02060,-0.053099766
AT1G02065,-0.01149627
AT1G02067,0.0
AT1G02070,-0.03206958
AT1G02080,0.15026174
AT1G02090,0.20282741
AT1G02100,0.076594375
AT1G02110,-0.35313597
AT1G02120,0.13716169
AT1G02130,0.085834496
AT1G02140,0.1012391
AT1G02145,-0.021895245
AT1G02150,-0.1565954
AT1G02160,-0.026878769
AT1G02170,0.46174875
AT1G02180,-0.36207986
AT1G02190,0.0024748417
AT1G02205,0.40334967
AT1G02210,0.0
AT1G02220,1.81645
AT1G02230,0.5707673
AT1G02250,0.004338499
AT1G02260,0.08506594
AT1G02270,0.16214223
AT1G02280,-0.23929767
AT1G02290,-0.24878746
AT1G02300,0.11612902
AT1G02305,0.35730448
AT1G02310,1.4357438
AT1G02320,0.0
AT1G02330,0.06787982
AT1G02335,0.108160645
AT1G02340,-0.16125321
AT1G02350,-0.1946152
AT1G02360,1.0247192
AT1G02370,0.17559658
AT1G02380,0.2195069
AT1G02390,0.63922787
AT1G02400,0.7059352
AT1G02405,0.076959774
AT1G02410,0.18605167
AT1G02420,0.089133784
AT1G02430,0.030234229
AT1G02440,-0.0904865
AT1G02450,0.6951874
AT1G02460,0.9963123
AT1G02470,1.2036258
AT1G02475,0.10690265
AT1G02490,-0.010438029
AT1G02500,0.28342348
AT1G02510,0.020753207
AT1G02520,0.55003303
AT1G02530,0.015574359
AT1G02540,0.0
AT1G02550,0.010487802
AT1G02560,0.032214697
AT1G02570,0.36764446
AT1G02575,0.011140947
AT1G02580,0.647483
AT1G02610,-0.46639517
AT1G02620,-0.22557513
AT1G02630,-0.11635168
AT1G02640,-0.65285313
AT1G02650,-0.17385884
AT1G02660,0.08113573
AT1G02680,0.009288777
AT1G02690,0.025148984
AT1G02705,-0.20011708
AT1G02710,-0.13501433
AT1G02720,-0.086742386
AT1G02730,-0.37090695
AT1G02740,-0.19026881
AT1G02750,0.21269418
AT1G02770,-0.02141705
AT1G02780,0.08523388
AT1G02790,-0.002407482
AT1G02800,-0.08020026
AT1G02810,-0.101062305
AT1G02813,0.0026773897
AT1G02816,0.26739308
AT1G02820,-0.1618703
AT1G02830,-0.00483484
AT1G02840,-0.03839511
AT1G02850,0.59263986
AT1G02860,0.034010846
AT1G02870,0.15637076
AT1G02880,0.29566884
AT1G02890,0.00030862298
AT1G02900,0.080107145
AT1G02910,-0.17806044
AT1G02920,1.649496
AT1G02930,1.7755449
AT1G02940,0.062289204
AT1G02950,-0.2858924
AT1G02960,-0.18040867
AT1G02965,0.00021493694
AT1G02970,0.010728807
AT1G02980,0.38010925
AT1G02990,-0.00950409
AT1G03000,-0.1344539
AT1G03010,-0.070309125
AT1G03020,-0.031255398
AT1G03040,0.08645818
AT1G03050,0.2926365
AT1G03055,-0.3232909
AT1G03060,0.11154911
AT1G03070,0.33710548
AT1G03080,0.102709986
AT1G03090,0.048552234
AT1G03100,-0.0027734188
AT1G03103,0.006948194
AT1G03106,0.43242145
AT1G03110,0.084176525
AT1G03120,-0.15211256
AT1G03130,-0.48176175
AT1G03140,0.12667963
AT1G03150,0.106982216
AT1G03160,-0.13761695
AT1G03165,-0.06833926
AT1G03170,0.00046472208
AT1G03190,0.027439332
AT1G03200,-0.09727303
AT1G03210,0.18787387
AT1G03220,1.6222734
AT1G03230,0.3745684
AT1G03240,0.085093156
AT1G03250,0.15490362
AT1G03260,0.12857689
AT1G03270,-0.2977341
AT1G03280,0.0718331
AT1G03290,0.46566343
AT1G03300,-0.1143864
AT1G03310,-0.26104861
AT1G03320,-0.05280743
AT1G03325,0.0
AT1G03330,0.21845636
AT1G03340,0.26626086
AT1G03350,0.10681647
AT1G03360,-0.022524714
AT1G03365,-0.035764407
AT1G03370,0.28853917
AT1G03380,0.03415374
AT1G03390,0.0450353
AT1G03395,0.0
AT1G03400,0.15236044
AT1G03410,-0.32783845
AT1G03430,0.08710629
AT1G03440,-0.15195507
AT1G03445,-0.031589303
AT1G03457,-0.40984738
AT1G03470,-0.19234565
AT1G03475,-0.025097987
AT1G03490,0.0
AT1G03495,0.0014584161
AT1G03510,-0.05224619
AT1G03530,-0.08371638
AT1G03540,-0.013047523
AT1G03550,-0.021169491
AT1G03560,-0.18856636
AT1G03590,-0.11998993
AT1G03600,-0.51642996
AT1G03620,-0.2332843
AT1G03630,-0.4603616
AT1G03650,0.17432354
AT1G03660,0.6921303
AT1G03670,0.02457783
AT1G03680,-0.24731633
AT1G03687,-0.30322394
AT1G03700,0.0167167
AT1G03710,0.016592145
AT1G03720,0.0
AT1G03730,0.024692627
AT1G03740,0.17539069
AT1G03750,0.08705384
AT1G03760,0.25648165
AT1G03770,0.035281293
AT1G03780,-0.36968452
AT1G03790,0.74297464
AT1G03800,0.13007195
AT1G03810,0.0
AT1G03830,-0.25251326
AT1G03840,-0.01743435
AT1G03850,1.2407765
AT1G03860,0.20212343
AT1G03870,-0.77251065
AT1G03880,0.005394126
AT1G03890,-0.0015595682
AT1G03900,0.18842797
AT1G03905,0.3150303
AT1G03910,-0.0011751305
AT1G03920,-0.018850429
AT1G03930,-0.18916014
AT1G03940,0.093815334
AT1G03950,0.25768092
AT1G03960,-0.12141327
AT1G03970,-0.046453945
AT1G03980,0.03953686
AT1G03982,0.006739102
AT1G03990,0.10229094
AT1G04000,-0.05972049
AT1G04010,-0.0774915
AT1G04020,-0.055684414
AT1G04030,-0.096738726
AT1G04040,-0.9220621
AT1G04050,-0.3085375
AT1G04070,0.24944346
AT1G04080,-0.07234465
AT1G04090,0.08198994
AT1G04100,0.28693792
AT1G04105,0.0043139574
AT1G04110,-0.03319317
AT1G04120,0.24976023
AT1G04130,0.0076538427
AT1G04140,0.0032601045
AT1G04150,-0.02192408
AT1G04160,-0.091440246
AT1G04170,0.16331281
AT1G04180,0.08943468
AT1G04190,0.068420105
AT1G04200,0.1299587
AT1G04210,0.12418965
AT1G04220,0.3402615
AT1G04230,0.116565526
AT1G04240,-0.6044368
AT1G04250,-0.53446954
AT1G04260,0.2032774
AT1G04270,0.108709835
AT1G04280,0.23369019
AT1G04290,0.009839859
AT1G04300,-0.10943444
AT1G04310,0.55415213
AT1G04330,0.08864425
AT1G04340,0.2866799
AT1G04350,-0.06697018
AT1G04360,-0.40594295
AT1G04370,0.1768353
AT1G04380,-0.013592205
AT1G04390,0.03307689
AT1G04400,0.014776616
AT1G04410,0.26796782
AT1G04420,-0.42542902
AT1G04430,-0.3555992
AT1G04440,0.1785791
AT1G04445,0.10122153
AT1G04450,0.0
AT1G04455,0.026658876
AT1G04470,-0.012054227
AT1G04480,0.13543971
AT1G04490,0.5048925
AT1G04500,0.5740796
AT1G04510,0.1884241
AT1G04520,-0.5077196
AT1G04530,-0.12796676
AT1G04540,-0.08216981
AT1G04550,-0.3142764
AT1G04555,0.28823352
AT1G04560,0.051970463
AT1G04570,0.31667373
AT1G04580,1.4320151
AT1G04590,0.0035269505
AT1G04600,-0.10086498
AT1G04610,-0.029836139
AT1G04620,-0.026798576
AT1G04625,0.01346372
AT1G04630,0.07608103
AT1G04635,0.26839668
AT1G04640,-0.2186177
AT1G04645,0.0040027727
AT1G04650,0.030780049
AT1G04660,-0.06618927
AT1G04670,-0.014430135
AT1G04680,-0.7483587
AT1G04690,0.32290155
AT1G04700,0.0521561
AT1G04710,-0.063893974
AT1G04730,-0.07477517
AT1G04750,0.26069856
AT1G04760,-0.050253514
AT1G04770,-0.23869066
AT1G04778,-0.0035514408
AT1G04780,0.3676156
AT1G04790,-0.11448321
AT1G04800,-0.6521333
AT1G04810,0.28643757
AT1G04820,-0.19096582
AT1G04830,0.16182798
AT1G04840,-0.05378302
AT1G04850,0.3339131
AT1G04860,-0.05906428
AT1G04870,0.44899535
AT1G04880,0.12676162
AT1G04895,0.0
AT1G04900,0.03871861
AT1G04910,0.05283345
AT1G04920,-0.102468036
AT1G04930,0.092592284
AT1G04940,-0.07447269
AT1G04945,0.32546413
AT1G04950,-0.16706578
AT1G04970,0.3884539
AT1G04980,0.70158744
AT1G04985,0.107150555
AT1G04990,0.50585777
AT1G05000,0.907402
AT1G05005,0.0014642557
AT1G05010,0.57376057
AT1G05020,-0.015457594
AT1G05030,0.021967966
AT1G05035,0.005523656
AT1G05040,0.017383909
AT1G05055,0.07325865
AT1G05060,0.42154053
AT1G05065,-0.19935688
AT1G05070,-0.09629727
AT1G05080,0.0005268649
AT1G05085,0.0
AT1G05087,-0.08844662
AT1G05090,-0.052969683
AT1G05100,1.7007197
AT1G05120,0.18351728
AT1G05136,-0.04276775
AT1G05140,-0.13969457
AT1G05150,-0.21018897
AT1G05160,-0.053320132
AT1G05170,0.28390524
AT1G05180,0.27970126
AT1G05190,-0.46730396
AT1G05200,-0.21343695
AT1G05205,0.13030323
AT1G05210,0.10648025
AT1G05220,0.10909925
AT1G05230,-0.1323142
AT1G05240,0.0064661917
AT1G05250,-0.15215561
AT1G05260,-0.085058495
AT1G05270,0.16450672
AT1G05280,0.007053637
AT1G05290,0.0
AT1G05291,0.0
AT1G05300,0.22393203
AT1G05310,-0.1454969
AT1G05320,-0.43152812
AT1G05330,0.061359484
AT1G05340,1.0788896
AT1G05350,0.2519594
AT1G05360,0.042202212
AT1G05370,-0.30670425
AT1G05380,0.11114938
AT1G05385,-0.33909342
AT1G05400,0.18106696
AT1G05410,0.08965358
AT1G05420,-0.0343616
AT1G05430,0.035181653
AT1G05440,-0.08028374
AT1G05450,0.5615365
AT1G05460,-0.46382242
AT1G05470,-0.48531964
AT1G05490,0.15170164
AT1G05500,0.16646034
AT1G05510,0.016605528
AT1G05520,0.2645917
AT1G05530,-0.019912243
AT1G05540,-0.6948779
AT1G05560,0.7475896
AT1G05570,0.24088211
AT1G05575,0.19181299
AT1G05577,0.021813512
AT1G05580,-0.00043517636
AT1G05590,-0.20540845
AT1G05600,-0.19401908
AT1G05610,0.0833321
AT1G05615,6.8725145e-05
AT1G05620,0.87820834
AT1G05630,-0.031301383
AT1G05640,-0.19712658
AT1G05650,-0.02180409
AT1G05660,-0.03645479
AT1G05670,-0.11588123
AT1G05675,0.38320515
AT1G05680,1.8135102
AT1G05690,-0.21008639
AT1G05700,-0.14198619
AT1G05710,0.39713246
AT1G05720,0.23348519
AT1G05730,0.11165151
AT1G05750,0.061758853
AT1G05760,-0.18491112
AT1G05770,-0.21423052
AT1G05780,0.113231964
AT1G05783,0.03652518
AT1G05785,0.2938356
AT1G05790,0.17477293
AT1G05800,0.14409314
AT1G05805,-0.041349683
AT1G05810,-0.3683501
AT1G05820,-0.11038556
AT1G05830,-0.15912423
AT1G05835,-0.2296967
AT1G05840,0.14139622
AT1G05850,-0.46767178
AT1G05860,-0.16143087
AT1G05870,-0.14838302
AT1G05880,0.58159786
AT1G05890,0.16620697
AT1G05894,0.0077025876
AT1G05900,-0.08812382
AT1G05910,0.18587872
AT1G05920,0.023212757
AT1G05930,0.0
AT1G05940,0.23664902
AT1G05950,-0.0030747622
AT1G05960,-0.024020111
AT1G05970,-0.18268295
AT1G05990,0.12515673
AT1G06000,0.3198496
AT1G06010,0.1233111
AT1G06020,0.05519231
AT1G06030,0.20055309
AT1G06040,-0.23697056
AT1G06045,1.7137241e-05
AT1G06050,0.24024205
AT1G06080,0.2567515
AT1G06090,0.060096134
AT1G06100,0.059361015
AT1G06110,0.04047592
AT1G06120,-0.07905778
AT1G06130,0.21183978
AT1G06135,0.15953515
AT1G06137,0.16595154
AT1G06140,0.12292346
AT1G06143,0.012330296
AT1G06148,0.13342878
AT1G06150,-0.07425536
AT1G06160,-0.019226888
AT1G06170,-0.038606428
AT1G06180,1.2363192
AT1G06190,-0.17966443
AT1G06200,0.118425295
AT1G06210,0.19596098
AT1G06220,0.04616038
AT1G06225,0.0011969276
AT1G06230,0.0899263
AT1G06240,-0.35001346
AT1G06250,-0.09672338
AT1G06260,-0.03919573
AT1G06270,0.05641009
AT1G06280,0.0
AT1G06290,0.3286892
AT1G06310,-0.0119117275
AT1G06320,-0.010196135
AT1G06330,0.055767346
AT1G06350,-0.09422235
AT1G06360,0.08781558
AT1G06380,0.06730486
AT1G06390,-0.17148931
AT1G06400,-0.005882531
AT1G06410,-0.15913996
AT1G06420,-0.051321693
AT1G06430,0.09102244
AT1G06440,0.03837031
AT1G06450,0.24026304
AT1G06460,-0.04594465
AT1G06470,0.15956916
AT1G06475,-0.14763677
AT1G06490,-0.34446102
AT1G06500,-0.22570083
AT1G06510,0.020396138
AT1G06515,0.12236955
AT1G06520,0.694993
AT1G06530,-0.055993978
AT1G06540,0.22936973
AT1G06550,0.15363227
AT1G06560,0.0581453
AT1G06570,0.2676715
AT1G06580,-0.04747439
AT1G06590,0.112476304
AT1G06620,0.8941344
AT1G06630,-0.0507451
AT1G06640,-0.16474241
AT1G06650,0.12021356
AT1G06660,-0.09500465
AT1G06670,0.04406183
AT1G06680,-0.4752001
AT1G06690,-0.010951751
AT1G06700,0.050010968
AT1G06710,0.12610728
AT1G06720,0.115345895
AT1G06750,0.021651207
AT1G06760,0.15860479
AT1G06770,-0.044768076
AT1G06780,0.36851564
AT1G06790,0.009323864
AT1G06800,0.29404694
AT1G06820,-0.16677335
AT1G06830,-0.33990324
AT1G06840,0.033227637
AT1G06850,-0.32445365
AT1G06870,0.3346335
AT1G06890,0.22925662
AT1G06900,0.07006324
AT1G06910,-0.32577032
AT1G06920,0.07325457
AT1G06923,-0.013910101
AT1G06925,0.043271597
AT1G06930,0.0020498727
AT1G06950,-0.057021927
AT1G06960,-0.1421236
AT1G06970,0.02578496
AT1G06980,-0.23927563
AT1G06990,0.0022898922
AT1G07000,0.55572915
AT1G07010,-0.2653414
AT1G07020,0.3200153
AT1G07025,0.015900897
AT1G07030,0.4667871
AT1G07040,0.7304019
AT1G07050,0.046015654
AT1G07060,0.07175676
AT1G07070,0.09098751
AT1G07080,0.13384128
AT1G07090,-0.039357338
AT1G07110,-0.30530417
AT1G07120,-0.037866145
AT1G07130,0.1686166
AT1G07135,0.4258708
AT1G07140,0.14980754
AT1G07150,0.301602
AT1G07160,0.57391334
AT1G07170,0.1322687
AT1G07175,-0.015730388
AT1G07180,-0.5472447
AT1G07190,0.0
AT1G07200,-0.21969768
AT1G07210,0.08894069
AT1G07220,0.18528198
AT1G07230,0.03986719
AT1G07240,0.052363757
AT1G07250,0.08227284
AT1G07260,0.3040795
AT1G07270,-0.006001435
AT1G07280,-0.15502484
AT1G07290,-0.23231757
AT1G07300,0.0036279038
AT1G07310,0.22830871
AT1G07320,-0.5732598
AT1G07340,0.0042779096
AT1G07350,-0.027438445
AT1G07360,0.103484705
AT1G07370,0.10802556
AT1G07380,0.07460444
AT1G07390,0.17076184
AT1G07400,1.0334522
AT1G07410,0.51344067
AT1G07420,0.25986528
AT1G07430,0.78101534
AT1G07440,-0.41630605
AT1G07450,-0.32849944
AT1G07460,0.046314582
AT1G07470,0.21242313
AT1G07473,0.04839066
AT1G07476,0.02085221
AT1G07480,0.27177584
AT1G07490,-0.26817396
AT1G07500,0.1249438
AT1G07510,0.06555732
AT1G07520,0.0006511826
AT1G07530,0.09078143
AT1G07540,0.009210603
AT1G07550,0.017566238
AT1G07560,0.009653473
AT1G07570,-0.22647738
AT1G07590,0.9108476
AT1G07600,0.09385198
AT1G07610,1.364702
AT1G07615,0.1483317
AT1G07620,0.5901133
AT1G07630,0.38892683
AT1G07640,0.05669926
AT1G07650,-0.09365263
AT1G07660,0.011194679
AT1G07670,0.29476896
AT1G07680,0.00052975415
AT1G07690,0.017317459
AT1G07700,-0.017957252
AT1G07705,0.13069768
AT1G07710,0.012869231
AT1G07720,-0.067834444
AT1G07725,0.16091125
AT1G07730,-0.01600471
AT1G07740,0.23167074
AT1G07745,0.01525889
AT1G07747,0.019342285
AT1G07750,0.28499597
AT1G07770,0.005839159
AT1G07780,0.19374676
AT1G07790,-0.05824282
AT1G07795,0.02612207
AT1G07810,0.46532077
AT1G07830,0.19750331
AT1G07840,0.052290387
AT1G07850,0.0046488927
AT1G07860,0.063035645
AT1G07870,0.26041842
AT1G07880,-0.27179113
AT1G07885,-0.011772773
AT1G07890,0.46330363
AT1G07900,0.82101053
AT1G07901,-0.018511612
AT1G07902,0.04148958
AT1G07910,-0.011392075
AT1G07920,0.18029678
AT1G07930,0.18843827
AT1G07940,0.151985
AT1G07950,0.037253357
AT1G07960,0.19572996
AT1G07970,0.039992727
AT1G07980,-0.018035537
AT1G07985,-0.06444212
AT1G07990,0.124724835
AT1G08000,-0.07169185
AT1G08005,-0.0046672123
AT1G08010,-0.22091785
AT1G08030,0.0030452218
AT1G08035,0.052975282
AT1G08040,0.03859637
AT1G08050,0.90822124
AT1G08060,0.01210362
AT1G08065,0.0
AT1G08070,0.09512287
AT1G08080,-0.12561986
AT1G08090,-0.36893395
AT1G08100,0.0
AT1G08110,-0.12301679
AT1G08120,-0.067967154
AT1G08125,-0.086128175
AT1G08130,0.09419424
AT1G08135,0.009416027
AT1G08140,-0.0012397827
AT1G08150,0.01872448
AT1G08160,-0.18290864
AT1G08165,0.068517916
AT1G08170,0.0075941375
AT1G08180,0.061749935
AT1G08190,-0.064993545
AT1G08200,-0.12480876
AT1G08210,-0.07435217
AT1G08220,0.26485878
AT1G08230,0.3417169
AT1G08250,0.6401565
AT1G08260,-0.07532927
AT1G08270,0.06042561
AT1G08280,-0.14110595
AT1G08290,0.2840444
AT1G08300,-0.3087278
AT1G08310,0.27818626
AT1G08315,0.40590492
AT1G08320,0.72273403
AT1G08340,0.04869071
AT1G08350,0.044609055
AT1G08360,0.048283856
AT1G08370,0.20713958
AT1G08380,-0.41826275
AT1G08390,-0.21823291
AT1G08400,0.052241016
AT1G08410,0.07983459
AT1G08420,0.2224663
AT1G08430,-0.012964794
AT1G08440,0.03506683
AT1G08450,0.3115333
AT1G08460,0.16908576
AT1G08465,-0.03921673
AT1G08470,-0.22493632
AT1G08480,0.29429036
AT1G08490,0.14053729
AT1G08500,-0.24560873
AT1G08510,-0.1409359
AT1G08520,-0.3293598
AT1G08530,-0.0036573552
AT1G08540,-0.34761038
AT1G08550,-0.29316536
AT1G08560,-0.37619033
AT1G08570,-0.15261647
AT1G08580,0.17799045
AT1G08590,0.11765161
AT1G08600,0.0033154231
AT1G08610,-0.08721804
AT1G08620,0.15994659
AT1G08630,0.9829239
AT1G08640,0.07748368
AT1G08645,-6.382771e-05
AT1G08650,0.54698783
AT1G08660,-0.19650179
AT1G08670,-0.014562138
AT1G08680,-0.023425382
AT1G08695,0.0065277955
AT1G08700,0.16093838
AT1G08710,-0.0075014443
AT1G08720,0.0921024
AT1G08730,-0.05273097
AT1G08750,0.13800956
AT1G08760,0.06609031
AT1G08770,0.21006238
AT1G08780,0.009232924
AT1G08790,-0.0025349993
AT1G08800,0.45227644
AT1G08810,-0.41365382
AT1G08820,0.22139332
AT1G08830,0.534559
AT1G08840,0.03856396
AT1G08845,-0.063962676
AT1G08860,1.0656278
AT1G08880,0.22268133
AT1G08890,0.19201097
AT1G08900,-0.18377468
AT1G08910,-0.025524879
AT1G08920,1.2203714
AT1G08930,0.19939426
AT1G08940,1.1975144
AT1G08960,0.018810038
AT1G08970,0.057544675
AT1G08980,-0.260494
AT1G08985,-3.0241226e-05
AT1G08990,0.024598848
AT1G09000,-0.07141949
AT1G09010,0.025347523
AT1G09020,0.16142015
AT1G09030,0.0
AT1G09040,0.003392136
AT1G09050,0.23923273
AT1G09060,-0.24004358
AT1G09070,0.1556225
AT1G09080,0.30514285
AT1G09090,-0.0055552837
AT1G09100,0.45352548
AT1G09130,0.10331393
AT1G09140,0.113242365
AT1G09150,-0.034741174
AT1G09155,0.037853856
AT1G09157,0.058493435
AT1G09160,-0.34224105
AT1G09170,0.16850904
AT1G09176,0.18122394
AT1G09180,0.22230813
AT1G09190,0.094745524
AT1G09195,0.124675415
AT1G09200,0.19286978
AT1G09210,0.4174306
AT1G09220,0.08491609
AT1G09230,0.09386771
AT1G09240,0.82939196
AT1G09245,0.0
AT1G09250,-0.422271
AT1G09260,-0.0024130002
AT1G09270,0.19001357
AT1G09280,0.109746076
AT1G09290,0.0468632
AT1G09300,0.27420047
AT1G09310,-0.4970499
AT1G09320,0.18930203
AT1G09330,0.35369784
AT1G09340,-0.75613165
AT1G09350,-0.21321735
AT1G09360,0.0
AT1G09370,0.005829254
AT1G09380,1.0464022
AT1G09390,-0.2805371
AT1G09400,0.32166022
AT1G09410,-0.10330687
AT1G09415,-0.084736615
AT1G09420,0.565082
AT1G09430,0.36210242
AT1G09440,-0.22439313
AT1G09450,-0.012244435
AT1G09460,0.0018984473
AT1G09470,-0.20819233
AT1G09480,0.67099327
AT1G09483,-0.040074177
AT1G09490,0.22617705
AT1G09500,2.076136
AT1G09510,0.58965313
AT1G09520,0.103849106
AT1G09530,-0.007433852
AT1G09540,-0.01516019
AT1G09550,0.031923033
AT1G09560,1.0898774
AT1G09570,-0.2410722
AT1G09575,-0.3472386
AT1G09580,-0.0013252149
AT1G09590,0.11501085
AT1G09600,-0.094207145
AT1G09610,-0.21668811
AT1G09620,-0.029765317
AT1G09625,0.0
AT1G09630,0.28510848
AT1G09640,0.12548937
AT1G09645,0.33486578
AT1G09650,-0.05426644
AT1G09660,-0.30675632
AT1G09665,0.0
AT1G09680,0.1715166
AT1G09700,-0.043438546
AT1G09710,-0.029250061
AT1G09720,0.02643261
AT1G09730,0.061944827
AT1G09750,-0.7604869
AT1G09760,0.108481266
AT1G09770,0.0005681979
AT1G09780,0.38751087
AT1G09790,0.07027549
AT1G09794,0.26324025
AT1G09795,-0.07203854
AT1G09810,-0.13307677
AT1G09812,-0.10105141
AT1G09815,0.3886534
AT1G09820,-0.34278023
AT1G09830,0.06922246
AT1G09840,-0.18678501
AT1G09850,0.21865048
AT1G09860,0.0652965
AT1G09870,0.17408763
AT1G09880,0.028465364
AT1G09890,0.026769694
AT1G09900,-0.07203116
AT1G09910,0.06713982
AT1G09920,0.22023773
AT1G09930,0.45494875
AT1G09932,1.059078
AT1G09935,0.3427225
AT1G09940,0.38181925
AT1G09950,-0.3163904
AT1G09960,-0.020082993
AT1G09970,0.50896806
AT1G09980,0.13096265
AT1G09995,-0.05612491
AT1G10000,-0.10399479
AT1G10010,-0.0040849205
AT1G10020,-0.40617925
AT1G10030,-0.305611
AT1G10040,0.7617609
AT1G10050,0.20504816
AT1G10060,0.01565131
AT1G10070,0.8453613
AT1G10090,-0.047079265
AT1G10095,0.04878391
AT1G10100,0.019623782
AT1G10110,0.27412507
AT1G10120,-0.23604356
AT1G10130,0.13917835
AT1G10140,0.7873007
AT1G10150,-0.023767097
AT1G10155,0.044634126
AT1G10170,0.31385496
AT1G10180,-0.08919509
AT1G10190,0.0
AT1G10200,0.053228837
AT1G10210,0.0721352
AT1G10220,0.6715374
AT1G10225,0.09471597
AT1G10230,0.018392267
AT1G10240,-0.091052234
AT1G10250,7.401094e-05
AT1G10270,0.13707608
AT1G10280,0.04119587
AT1G10290,0.33291736
AT1G10300,0.05868385
AT1G10310,0.06628606
AT1G10320,-0.10353346
AT1G10330,-0.08933971
AT1G10340,0.30047587
AT1G10350,0.009921147
AT1G10360,-0.677351
AT1G10370,0.6569144
AT1G10380,-0.33317676
AT1G10385,-0.010256053
AT1G10390,0.098694265
AT1G10395,0.0
AT1G10400,0.18373786
AT1G10410,0.97691524
AT1G10417,0.35251486
AT1G10430,0.14755626
AT1G10450,0.18705697
AT1G10455,-0.0037951793
AT1G10460,-0.05113569
AT1G10470,-0.16995913
AT1G10480,0.017787723
AT1G10490,0.13540931
AT1G10500,0.37576044
AT1G10510,-0.099716365
AT1G10520,-0.01778701
AT1G10522,0.008489582
AT1G10540,0.13180652
AT1G10550,-0.17171766
AT1G10560,0.15427673
AT1G10570,-0.1010954
AT1G10580,0.40981594
AT1G10585,1.8442097
AT1G10586,0.45342058
AT1G10588,-0.013922131
AT1G10590,0.23754674
AT1G10600,0.012259256
AT1G10610,-0.16026035
AT1G10620,0.03075884
AT1G10630,0.19493271
AT1G10640,-0.06986961
AT1G10650,-0.2838317
AT1G10657,-0.6798466
AT1G10660,0.065869756
AT1G10670,-0.13595554
AT1G10680,0.08640334
AT1G10690,0.23598735
AT1G10700,0.92663413
AT1G10705,0.0
AT1G10710,0.08000028
AT1G10715,0.0
AT1G10717,0.0
AT1G10720,0.16211133
AT1G10730,0.24175878
AT1G10740,-0.21042441
AT1G10745,0.00064307556
AT1G10747,0.0010303452
AT1G10750,-0.24871129
AT1G10760,-0.21229148
AT1G10770,0.15060005
AT1G10780,0.020908909
AT1G10790,0.15174331
AT1G10800,0.18161908
AT1G10810,0.0016199484
AT1G10820,-0.20473912
AT1G10830,0.03172813
AT1G10840,0.038848553
AT1G10850,-0.079398006
AT1G10865,0.35332376
AT1G10870,-0.2174452
AT1G10875,0.0
AT1G10880,-0.0020681897
AT1G10890,-0.14957336
AT1G10895,0.0
AT1G10900,-0.10968061
AT1G10910,-0.3821868
AT1G10920,-0.090196535
AT1G10930,-0.09440187
AT1G10940,0.011350911
AT1G10950,0.14763607
AT1G10960,-0.45125684
AT1G10970,-0.0073375837
AT1G10980,0.0015430053
AT1G10990,0.31101075
AT1G11000,-0.57048035
AT1G11020,0.087683395
AT1G11040,0.19233103
AT1G11050,0.19661918
AT1G11060,0.018256657
AT1G11070,-0.23897958
AT1G11080,0.10104165
AT1G11090,-0.07447327
AT1G11100,0.5509328
AT1G11110,0.053911116
AT1G11112,-0.05570724
AT1G11120,-0.16810574
AT1G11125,-0.054451216
AT1G11130,-0.5600073
AT1G11145,-8.380749e-06
AT1G11160,-0.06669669
AT1G11170,0.113794565
AT1G11180,0.054398663
AT1G11190,0.6509462
AT1G11200,0.46432024
AT1G11210,-0.08859393
AT1G11220,-0.16366374
AT1G11230,0.075609766
AT1G11240,-0.006824876
AT1G11250,-0.0071257045
AT1G11260,-0.5052079
AT1G11270,0.16475481
AT1G11280,-0.2750274
AT1G11290,-0.17460597
AT1G11300,-0.19898859
AT1G11303,-0.17307195
AT1G11310,0.34551325
AT1G11320,0.23444471
AT1G11330,0.7781052
AT1G11340,-0.35227385
AT1G11350,-0.44909015
AT1G11360,0.12537701
AT1G11362,0.118530326
AT1G11370,0.02884663
AT1G11380,-0.20996878
AT1G11390,0.26014107
AT1G11400,0.24070305
AT1G11410,-0.28479084
AT1G11420,-0.2445825
AT1G11430,-0.03856272
AT1G11440,-0.18953827
AT1G11450,0.13359241
AT1G11460,-0.016183987
AT1G11470,-0.016979221
AT1G11475,0.21018457
AT1G11480,0.19095938
AT1G11490,-0.00977431
AT1G11500,-0.08976465
AT1G11510,0.0023337672
AT1G11520,0.0
AT1G11530,-0.25766182
AT1G11540,0.1140974
AT1G11545,-0.7385206
AT1G11560,-0.012833205
AT1G11570,0.1301466
AT1G11572,0.22144446
AT1G11580,0.42611632
AT1G11590,-0.022256054
AT1G11591,0.036651805
AT1G11593,0.0
AT1G11600,0.12946492
AT1G11608,0.011952472
AT1G11610,0.047020182
AT1G11620,0.0023337672
AT1G11630,-0.043629747
AT1G11650,0.19077222
AT1G11655,-0.013869862
AT1G11660,0.15219645
AT1G11670,-0.024776518
AT1G11680,-0.0046537053
AT1G11684,-0.0014887602
AT1G11690,0.00034925598
AT1G11700,-0.23503044
AT1G11710,0.036633216
AT1G11720,-0.230763
AT1G11730,-0.15115395
AT1G11740,-0.2944232
AT1G11750,-0.1069315
AT1G11760,0.07225361
AT1G11765,0.0
AT1G11770,0.006332544
AT1G11780,0.080745816
AT1G11785,-0.14822294
AT1G11790,0.052798133
AT1G11800,0.113671266
AT1G11810,0.057200905
AT1G11820,-0.091599375
AT1G11840,0.08597783
AT1G11850,-0.34589368
AT1G11860,-0.71418226
AT1G11870,-0.089155525
AT1G11880,0.07774984
AT1G11890,0.20781709
AT1G11900,-0.05125861
AT1G11905,0.35389218
AT1G11910,0.3579701
AT1G11915,-0.077235065
AT1G11920,-0.0019692595
AT1G11925,1.3895926
AT1G11930,0.075591296
AT1G11940,0.27355948
AT1G11950,-0.19515474
AT1G11960,-0.29855025
AT1G11970,0.00021643797
AT1G11980,0.00021837451
AT1G11990,-0.0227285
AT1G12000,0.41423848
AT1G12010,-0.21341608
AT1G12020,-0.24507119
AT1G12030,-0.09994334
AT1G12040,-0.043111425
AT1G12050,0.28510433
AT1G12060,-0.19624832
AT1G12064,-0.017214043
AT1G12070,-0.07467548
AT1G12080,-0.9791412
AT1G12090,-0.6342347
AT1G12100,-0.07726887
AT1G12110,-0.036338232
AT1G12120,-0.16650705
AT1G12130,-0.006478229
AT1G12140,0.26229462
AT1G12150,-0.025727648
AT1G12160,0.17864975
AT1G12170,0.0
AT1G12180,0.012083153
AT1G12190,0.0
AT1G12200,0.44621712
AT1G12210,0.23457283
AT1G12211,0.08737569
AT1G12220,-0.13216673
AT1G12230,-0.18070395
AT1G12240,0.056783028
AT1G12244,-0.4789345
AT1G12250,-0.2617891
AT1G12260,0.0024921626
AT1G12270,0.06816086
AT1G12280,-0.2478216
AT1G12290,0.26284903
AT1G12300,-0.13706942
AT1G12310,0.090534866
AT1G12320,0.6856132
AT1G12330,-0.3442325
AT1G12340,-0.023262957
AT1G12350,0.075365685
AT1G12360,0.19812442
AT1G12370,-0.13648099
AT1G12380,-0.14360271
AT1G12390,0.116229355
AT1G12400,0.20414867
AT1G12410,-0.045800548
AT1G12411,0.0
AT1G12420,-0.004344756
AT1G12430,-0.26890463
AT1G12440,0.10764256
AT1G12450,-0.33746102
AT1G12460,-0.37199432
AT1G12470,0.0628231
AT1G12480,-0.27852577
AT1G12490,-0.06391397
AT1G12500,-0.70056146
AT1G12520,0.00024964876
AT1G12530,-0.1826358
AT1G12540,-0.013074796
AT1G12550,-0.3547591
AT1G12560,-0.08938477
AT1G12570,0.010854875
AT1G12580,-0.23782755
AT1G12600,-0.03713936
AT1G12610,-0.4904636
AT1G12615,-4.5022683e-05
AT1G12620,-0.12878725
AT1G12630,0.036442764
AT1G12640,0.47717065
AT1G12650,0.21319908
AT1G12660,0.0
AT1G12663,-0.0021925448
AT1G12665,0.0006003768
AT1G12672,0.04174807
AT1G12680,0.017215483
AT1G12700,-0.11774154
AT1G12710,0.122974604
AT1G12730,0.049397733
AT1G12740,0.025455382
AT1G12750,-0.12169618
AT1G12760,0.22974588
AT1G12770,-0.24196501
AT1G12775,-0.2763656
AT1G12780,0.30138358
AT1G12790,0.021731682
AT1G12800,-0.42438856
AT1G12805,0.0022624156
AT1G12810,0.3422558
AT1G12820,-0.15127368
AT1G12830,-0.1094905
AT1G12840,0.22295026
AT1G12845,-0.17455357
AT1G12850,0.05541362
AT1G12855,0.014405102
AT1G12860,-0.5510302
AT1G12870,-0.031280674
AT1G12880,-0.10242545
AT1G12890,-0.050906233
AT1G12900,-0.6660277
AT1G12910,0.017793102
AT1G12920,0.1150516
AT1G12930,-0.12724668
AT1G12940,-0.70997685
AT1G12950,-0.05958359
AT1G12960,0.0
AT1G12970,0.08675428
AT1G12980,0.001864424
AT1G12990,0.061972216
AT1G13000,0.075019956
AT1G13020,0.106421724
AT1G13030,0.020093497
AT1G13040,-0.011736857
AT1G13050,-0.0066415016
AT1G13060,0.3710052
AT1G13080,-0.19808613
AT1G13090,0.17097151
AT1G13100,-0.32806432
AT1G13110,-0.0808495
AT1G13120,0.07597435
AT1G13130,0.09685502
AT1G13140,0.012093259
AT1G13143,-0.0070504197
AT1G13150,0.02264066
AT1G13160,0.18674438
AT1G13170,-0.42037046
AT1G13180,0.19158006
AT1G13190,0.036260657
AT1G13195,0.17845337
AT1G13200,0.053221658
AT1G13210,0.449336
AT1G13220,-0.2951667
AT1G13230,-0.045905363
AT1G13245,-0.04824898
AT1G13250,-0.6051146
AT1G13260,-0.22284864
AT1G13270,0.12724836
AT1G13280,-0.006835057
AT1G13290,0.0
AT1G13300,-0.019422993
AT1G13310,1.2624243
AT1G13320,0.11416239
AT1G13330,-0.090648174
AT1G13340,1.5685402
AT1G13350,-0.0317966
AT1G13360,0.6039946
AT1G13370,0.15297343
AT1G13380,-0.40010038
AT1G13390,0.26409763
AT1G13400,-0.03819847
AT1G13410,0.14226289
AT1G13420,-0.035011254
AT1G13430,-0.15697679
AT1G13440,0.031752683
AT1G13450,-0.08720212
AT1G13460,0.18871151
AT1G13470,0.6443036
AT1G13480,0.68036157
AT1G13485,0.0
AT1G13490,0.014247735
AT1G13500,-0.0055670217
AT1G13510,0.015583972
AT1G13520,2.2690537
AT1G13530,0.18148628
AT1G13540,0.2895794
AT1G13550,0.2889198
AT1G13560,-0.093193
AT1G13570,0.121926896
AT1G13580,0.12286104
AT1G13590,-0.0062274607
AT1G13600,-0.10481018
AT1G13605,0.010409563
AT1G13607,-0.013779676
AT1G13608,-0.030430607
AT1G13609,-0.034678616
AT1G13610,-0.036607217
AT1G13620,-0.03288174
AT1G13630,0.07671193
AT1G13635,0.068192035
AT1G13640,-0.43028787
AT1G13650,-1.0897739
AT1G13670,-0.16309142
AT1G13680,0.0007567642
AT1G13690,0.03392233
AT1G13700,-0.553866
AT1G13710,-0.17117758
AT1G13730,-0.17940746
AT1G13740,0.18917121
AT1G13750,0.5658671
AT1G13755,0.0015517785
AT1G13760,-0.0019317105
AT1G13770,0.029470483
AT1G13780,0.048227258
AT1G13790,-0.44633168
AT1G13800,0.025434244
AT1G13805,0.0
AT1G13810,0.16539198
AT1G13820,-0.29918817
AT1G13825,-0.0011862811
AT1G13830,0.61164415
AT1G13860,-0.21091478
AT1G13870,-0.020170262
AT1G13880,-0.015991628
AT1G13890,0.00094095326
AT1G13900,0.05120713
AT1G13910,0.27086276
AT1G13920,-0.07016296
AT1G13930,0.15604731
AT1G13940,-0.06783396
AT1G13950,0.022747457
AT1G13960,0.16139637
AT1G13980,-0.056977224
AT1G13990,0.6965147
AT1G14000,0.30815873
AT1G14010,0.35245916
AT1G14020,0.025107361
AT1G14030,-0.4661647
AT1G14040,0.2781863
AT1G14048,0.0004263829
AT1G14050,0.0
AT1G14070,0.0
AT1G14080,-0.090924054
AT1G14100,-0.05768103
AT1G14110,0.012878906
AT1G14120,0.13319275
AT1G14130,0.49726322
AT1G14140,-0.0147765605
AT1G14150,-0.6385506
AT1G14160,-0.0038550838
AT1G14170,0.87836194
AT1G14175,0.0
AT1G14182,0.0
AT1G14185,-0.007050644
AT1G14190,-0.22650138
AT1G14200,0.0736165
AT1G14205,-0.27120957
AT1G14210,-0.2394394
AT1G14220,-0.026431339
AT1G14230,0.29553732
AT1G14240,0.06042618
AT1G14250,-0.06954828
AT1G14260,0.43931007
AT1G14270,-0.3411853
AT1G14280,-0.70043784
AT1G14290,-0.5028978
AT1G14300,0.12802354
AT1G14310,0.08979573
AT1G14315,-0.02093509
AT1G14320,0.3831253
AT1G14330,0.76048344
AT1G14340,0.08236618
AT1G14345,-0.37818512
AT1G14350,-0.35390618
AT1G14360,0.61296326
AT1G14370,0.45566013
AT1G14380,-0.43316284
AT1G14390,-0.09038614
AT1G14400,0.16662809
AT1G14410,0.051313546
AT1G14420,-0.009824245
AT1G14430,-0.22763553
AT1G14440,-0.083786875
AT1G14450,0.24849467
AT1G14453,0.028406778
AT1G14455,0.13648833
AT1G14460,-0.40450558
AT1G14470,-0.006753351
AT1G14480,-0.15115194
AT1G14490,-0.09016382
AT1G14500,-0.004982722
AT1G14510,0.10010222
AT1G14520,0.23693925
AT1G14530,0.1758586
AT1G14540,1.5079838
AT1G14550,0.6659823
AT1G14560,-0.057523023
AT1G14570,0.10172298
AT1G14580,-0.087452754
AT1G14590,-0.080527
AT1G14600,-0.13605371
AT1G14610,0.016257625
AT1G14620,0.07852046
AT1G14640,0.04594962
AT1G14642,0.025748277
AT1G14650,-0.029058008
AT1G14660,-0.17438257
AT1G14670,0.21381906
AT1G14680,0.022536455
AT1G14685,0.07904236
AT1G14686,0.00079008576
AT1G14687,0.08514055
AT1G14688,0.02316854
AT1G14690,-0.044410482
AT1G14700,-0.7613848
AT1G14710,0.015586806
AT1G14720,0.104515105
AT1G14730,-0.21075891
AT1G14740,-0.058159668
AT1G14750,-0.10158234
AT1G14755,0.0
AT1G14760,-0.04718568
AT1G14770,-0.2877901
AT1G14780,0.083141044
AT1G14790,0.06280302
AT1G14800,0.0022519224
AT1G14810,0.34973472
AT1G14820,-0.0038501031
AT1G14830,0.11953386
AT1G14840,-0.57410526
AT1G14850,0.13702324
AT1G14860,0.36064833
AT1G14870,1.8412441
AT1G14880,1.0200487
AT1G14890,0.6465202
AT1G14900,-0.065977305
AT1G14910,0.15101694
AT1G14920,0.062703975
AT1G14930,-0.025243223
AT1G14940,0.00090823363
AT1G14950,0.0025671879
AT1G14960,-0.040351696
AT1G14970,-0.28589007
AT1G14980,0.2058384
AT1G14990,0.16561064
AT1G15000,-0.57380617
AT1G15010,0.2712416
AT1G15015,-0.0060302312
AT1G15020,-0.024291093
AT1G15030,-0.0057294434
AT1G15040,2.0883956
AT1G15050,0.08886403
AT1G15060,0.12337079
AT1G15080,-0.1836669
AT1G15085,0.0
AT1G15100,0.5287424
AT1G15110,0.4058108
AT1G15120,0.3130641
AT1G15125,-0.42185917
AT1G15130,0.33164933
AT1G15140,0.049144894
AT1G15150,-0.08890249
AT1G15160,-0.2114305
AT1G15165,-0.15393677
AT1G15170,0.20044091
AT1G15180,-0.22746575
AT1G15190,0.114124775
AT1G15200,-0.009422574
AT1G15210,-0.06418895
AT1G15215,-0.21404693
AT1G15220,-0.08937984
AT1G15230,0.19816047
AT1G15240,0.004515344
AT1G15250,-0.000209711
AT1G15260,-0.54691446
AT1G15270,0.2614686
AT1G15280,-0.009574532
AT1G15290,-0.33865905
AT1G15310,0.30872282
AT1G15320,-0.013698891
AT1G15330,-0.021449046
AT1G15340,-0.25320977
AT1G15350,0.21000507
AT1G15360,0.012729188
AT1G15370,0.19278853
AT1G15380,1.6882985
AT1G15385,0.66009825
AT1G15390,-0.009248649
AT1G15400,0.17149502
AT1G15410,-0.76253
AT1G15415,0.8666965
AT1G15420,0.14527485
AT1G15430,0.70291466
AT1G15440,0.32577053
AT1G15460,-0.010585468
AT1G15470,0.081716284
AT1G15480,0.039509974
AT1G15490,0.016984532
AT1G15500,-0.1562365
AT1G15510,0.07849194
AT1G15520,2.9771214
AT1G15530,0.06795158
AT1G15540,0.09286139
AT1G15550,-0.9434887
AT1G15570,0.008852227
AT1G15580,0.021872472
AT1G15590,0.00028496265
AT1G15600,0.00011097522
AT1G15610,-0.0020282087
AT1G15620,-0.003956478
AT1G15625,0.19922662
AT1G15630,0.0012978775
AT1G15640,0.0024240026
AT1G15660,-0.0341308
AT1G15670,0.52894986
AT1G15680,0.0
AT1G15690,0.036398012
AT1G15700,0.12521735
AT1G15710,0.06842018
AT1G15720,0.1430811
AT1G15730,-0.31919268
AT1G15740,-0.03401971
AT1G15750,0.101138115
AT1G15757,-0.0010924173
AT1G15760,-0.10768436
AT1G15770,0.0054826904
AT1G15772,-0.034868103
AT1G15780,0.23781905
AT1G15790,0.63231564
AT1G15800,0.13406123
AT1G15810,-0.064398624
AT1G15820,-0.48974508
AT1G15825,-0.211682
AT1G15830,-0.8279919
AT1G15840,-0.034575876
AT1G15850,0.0
AT1G15860,0.3554614
AT1G15870,0.17460692
AT1G15880,0.16673459
AT1G15885,-0.12717137
AT1G15890,-0.102403656
AT1G15900,0.03498798
AT1G15910,-0.45521888
AT1G15920,0.18941265
AT1G15930,0.08405502
AT1G15940,0.072932966
AT1G15950,0.26632562
AT1G15960,-0.13682225
AT1G15970,-0.04087022
AT1G15980,-0.6725132
AT1G15990,0.030845769
AT1G16000,0.13829105
AT1G16010,0.18801816
AT1G16020,-0.2157448
AT1G16022,-0.026719412
AT1G16025,-0.0009550589
AT1G16030,0.69160014
AT1G16040,0.24399626
AT1G16060,0.053745467
AT1G16070,-0.040072974
AT1G16080,-0.3882437
AT1G16110,-0.01242089
AT1G16120,-0.032150444
AT1G16130,0.19290079
AT1G16140,0.0
AT1G16150,-0.1477584
AT1G16160,0.00109398
AT1G16170,-0.1902086
AT1G16180,0.30648842
AT1G16190,-0.21363895
AT1G16210,0.27453458
AT1G16220,-0.080261536
AT1G16225,0.0068213963
AT1G16230,0.00075053767
AT1G16240,0.15768859
AT1G16250,0.084004626
AT1G16260,-0.105563015
AT1G16270,0.119878806
AT1G16280,0.10581459
AT1G16290,-0.0016256426
AT1G16300,0.58969414
AT1G16310,0.06964957
AT1G16320,-0.012789447
AT1G16330,-0.083839215
AT1G16340,-0.4127275
AT1G16350,-0.053225182
AT1G16360,-0.022178272
AT1G16370,0.08415362
AT1G16380,0.022383522
AT1G16390,-0.43556985
AT1G16400,-0.35029617
AT1G16410,-0.78323966
AT1G16420,0.61635226
AT1G16430,0.048745196
AT1G16440,0.010202942
AT1G16445,-0.15979117
AT1G16460,-0.14588864
AT1G16470,0.58221745
AT1G16480,-0.14882876
AT1G16490,-0.015922135
AT1G16500,0.5529552
AT1G16510,0.7167208
AT1G16515,0.10221354
AT1G16520,-0.057506263
AT1G16530,0.11091571
AT1G16540,0.53596354
AT1G16560,0.19328302
AT1G16570,0.16676566
AT1G16590,-0.12295695
AT1G16610,0.18756498
AT1G16630,-0.26038978
AT1G16640,-0.24388264
AT1G16650,0.1872124
AT1G16670,0.4054142
AT1G16680,-0.20263687
AT1G16690,-0.06518882
AT1G16700,0.32081202
AT1G16705,0.009677418
AT1G16710,0.04705929
AT1G16720,-0.5072295
AT1G16730,-0.047682006
AT1G16740,0.18273833
AT1G16750,-0.26339328
AT1G16760,0.004775598
AT1G16770,0.13180496
AT1G16780,-0.2839178
AT1G16790,0.19769067
AT1G16800,-0.14566804
AT1G16810,0.10932855
AT1G16820,-0.058303915
AT1G16825,-0.020630589
AT1G16830,0.17329217
AT1G16840,0.25967133
AT1G16850,0.11402871
AT1G16860,-0.11314658
AT1G16870,0.21853991
AT1G16880,-0.25249323
AT1G16890,0.25226715
AT1G16900,0.15620507
AT1G16900,0.15620507
AT1G16910,0.014715163
AT1G16916,0.031176899
AT1G16920,-0.32611895
AT1G16930,-0.09114653
AT1G16940,0.0
AT1G16945,0.0
AT1G16950,0.006213054
AT1G16960,-0.1388243
AT1G16970,0.11105586
AT1G16980,0.012111886
AT1G17000,0.0031489232
AT1G17010,0.010557352
AT1G17020,1.7488325
AT1G17030,0.15934913
AT1G17040,-0.12708703
AT1G17050,-0.30147755
AT1G17060,-0.104201056
AT1G17065,0.0026626007
AT1G17070,0.074720435
AT1G17080,0.391171
AT1G17100,-0.11796388
AT1G17110,-0.20255521
AT1G17120,0.038299035
AT1G17130,0.10583584
AT1G17140,-0.5726158
AT1G17145,-0.11754644
AT1G17147,-0.07348643
AT1G17150,0.01130976
AT1G17160,0.016774673
AT1G17170,1.5504346
AT1G17180,0.8442122
AT1G17190,-0.113197826
AT1G17200,-0.40608227
AT1G17210,0.016295543
AT1G17220,-0.37420082
AT1G17230,0.2058011
AT1G17235,0.15892151
AT1G17240,0.13897146
AT1G17250,0.027935298
AT1G17260,-0.053208146
AT1G17270,0.025637431
AT1G17280,0.11988389
AT1G17285,0.031942315
AT1G17290,0.51654667
AT1G17300,0.07124746
AT1G17310,0.16881363
AT1G17330,0.25852388
AT1G17340,0.13727891
AT1G17345,-0.010593919
AT1G17350,-0.21446107
AT1G17360,-0.30948964
AT1G17370,-0.08354788
AT1G17380,0.75787425
AT1G17400,-0.061628904
AT1G17410,0.101469
AT1G17420,0.80752957
AT1G17430,0.049605966
AT1G17440,-0.02123276
AT1G17450,0.19873185
AT1G17455,-0.042243328
AT1G17460,0.1422769
AT1G17470,-0.01055807
AT1G17480,-0.17311099
AT1G17490,0.26801887
AT1G17500,0.45397845
AT1G17510,0.20099811
AT1G17520,0.049845073
AT1G17530,0.43597478
AT1G17540,0.013190025
AT1G17545,0.0
AT1G17550,0.29777712
AT1G17560,-0.09362163
AT1G17580,-0.040167123
AT1G17590,0.0026266903
AT1G17600,0.31566077
AT1G17610,0.08209348
AT1G17620,-0.31584498
AT1G17630,-0.0039324057
AT1G17640,-0.008507119
AT1G17650,-0.58094925
AT1G17665,0.43778968
AT1G17680,0.06983192
AT1G17690,0.20285892
AT1G17700,-0.3725214
AT1G17710,0.10121561
AT1G17720,0.17179643
AT1G17730,0.06653574
AT1G17740,0.0
AT1G17745,1.5478004
AT1G17750,0.38369033
AT1G17760,-0.0529913
AT1G17770,0.0
AT1G17780,0.09576248
AT1G17790,0.025052356
AT1G17800,0.0
AT1G17810,0.03195094
AT1G17820,-0.006233884
AT1G17830,0.5889283
AT1G17840,-0.3314087
AT1G17850,-0.46681672
AT1G17860,0.6349154
AT1G17870,-0.007011027
AT1G17880,-0.03014408
AT1G17890,0.45754018
AT1G17910,0.0060549285
AT1G17920,-0.19785394
AT1G17930,0.072070666
AT1G17940,0.045848586
AT1G17950,0.13732626
AT1G17960,0.09489258
AT1G17970,-0.27799213
AT1G17980,-0.33191264
AT1G17990,-0.044503544
AT1G18000,-0.35083553
AT1G18010,-0.21833292
AT1G18020,0.085155055
AT1G18030,-0.28102523
AT1G18040,-0.3006244
AT1G18050,0.109886765
AT1G18070,0.10497452
AT1G18080,0.15971735
AT1G18090,-0.36015466
AT1G18100,0.033838
AT1G18120,0.0
AT1G18130,0.0
AT1G18140,0.077609725
AT1G18150,-0.08070782
AT1G18160,0.034011923
AT1G18170,-0.32496667
AT1G18180,0.039514035
AT1G18190,-0.057802074
AT1G18193,-0.015981317
AT1G18197,0.085390806
AT1G18200,0.24025053
AT1G18210,0.39563468
AT1G18220,-0.0034963612
AT1G18250,-0.19189869
AT1G18260,0.10615881
AT1G18265,-0.16036995
AT1G18270,0.25353903
AT1G18280,0.066994414
AT1G18290,-0.01265952
AT1G18300,-0.18407796
AT1G18310,0.003866537
AT1G18320,-0.065411836
AT1G18330,-0.39918324
AT1G18335,0.038906902
AT1G18340,-0.05021845
AT1G18350,0.23508972
AT1G18360,-0.25800595
AT1G18370,-0.24400082
AT1G18390,0.6231459
AT1G18400,-0.31553397
AT1G18410,-0.027553005
AT1G18420,-0.010335194
AT1G18440,-0.0036777717
AT1G18450,0.05910789
AT1G18460,-0.40260032
AT1G18470,0.24595591
AT1G18480,0.4449346
AT1G18485,-0.42426357
AT1G18486,0.014360965
AT1G18490,-0.23149583
AT1G18500,0.15415129
AT1G18510,-0.0006888614
AT1G18520,0.0076111895
AT1G18530,-0.005166353
AT1G18540,0.1973842
AT1G18550,-0.19811781
AT1G18560,0.2632134
AT1G18570,0.39764932
AT1G18580,0.032058947
AT1G18590,0.29977518
AT1G18600,0.1804217
AT1G18610,-0.17607643
AT1G18620,-0.7137306
AT1G18630,0.28644052
AT1G18640,0.07964059
AT1G18650,-0.5250046
AT1G18660,-0.14777558
AT1G18670,-0.18480025
AT1G18680,0.1561468
AT1G18690,-0.023290208
AT1G18700,-0.05077875
AT1G18710,-0.44540954
AT1G18720,0.43096673
AT1G18730,-0.62758887
AT1G18740,-0.19172516
AT1G18750,-0.07605856
AT1G18760,0.0
AT1G18770,0.0
AT1G18773,-0.21020873
AT1G18780,-0.0018371837
AT1G18790,0.0
AT1G18800,0.146757
AT1G18810,-0.31227347
AT1G18830,0.012775174
AT1G18835,0.10299184
AT1G18840,-0.4202644
AT1G18850,0.29075226
AT1G18860,0.8452143
AT1G18870,-0.30456215
AT1G18871,0.024384174
AT1G18880,-0.40353355
AT1G18890,0.3113628
AT1G18900,0.27588463
AT1G18910,0.11337803
AT1G18950,-0.10591077
AT1G18960,-0.019588975
AT1G18970,0.14009398
AT1G18975,0.014783238
AT1G18980,0.48343727
AT1G18990,-0.13638765
AT1G19000,-0.2968811
AT1G19010,-0.037554786
AT1G19020,1.0632608
AT1G19025,0.18105018
AT1G19040,-0.032183114
AT1G19050,-0.33617103
AT1G19060,0.0045369747
AT1G19070,0.0686064
AT1G19080,-0.19868207
AT1G19086,0.0
AT1G19090,0.0
AT1G19100,-0.08229281
AT1G19110,-0.18624525
AT1G19115,-0.0055651125
AT1G19120,0.039405923
AT1G19130,0.38563588
AT1G19140,-0.0066684484
AT1G19150,-0.82265484
AT1G19160,0.014361114
AT1G19170,-0.014402601
AT1G19180,1.0717007
AT1G19190,0.19279821
AT1G19200,1.1086439
AT1G19210,-0.03229569
AT1G19220,-0.35335097
AT1G19230,0.1900533
AT1G19240,0.22718203
AT1G19250,2.09033
AT1G19260,0.00046811363
AT1G19270,0.6242285
AT1G19290,0.11076783
AT1G19300,0.19111365
AT1G19310,0.30635595
AT1G19330,-0.5110124
AT1G19340,-0.39298296
AT1G19350,-0.4323297
AT1G19360,0.395874
AT1G19370,0.1901656
AT1G19380,0.060375746
AT1G19390,-0.0013725914
AT1G19394,-0.039586205
AT1G19397,-0.0150930565
AT1G19400,-0.046890475
AT1G19410,0.029448342
AT1G19430,-0.14599535
AT1G19440,0.34661666
AT1G19450,-0.37341067
AT1G19460,0.0076025315
AT1G19470,-0.002841918
AT1G19480,-0.10075498
AT1G19485,-0.25588328
AT1G19490,0.06995838
AT1G19500,0.016101873
AT1G19510,-0.18890199
AT1G19520,0.0002118585
AT1G19525,0.0
AT1G19530,0.30947945
AT1G19540,0.24630235
AT1G19550,-0.0025474348
AT1G19565,-0.013494993
AT1G19570,0.4694543
AT1G19580,0.060117725
AT1G19600,0.049490854
AT1G19610,0.5203717
AT1G19620,-0.15557101
AT1G19630,-0.28027824
AT1G19640,0.7474857
AT1G19650,0.07025945
AT1G19660,0.01341608
AT1G19670,-0.14558668
AT1G19680,0.23387054
AT1G19690,-0.1564748
AT1G19700,-0.0030599523
AT1G19710,-0.050076015
AT1G19715,-0.57908523
AT1G19720,-0.4610409
AT1G19730,0.13796866
AT1G19740,-0.033524234
AT1G19750,0.09035695
AT1G19770,-0.39923152
AT1G19780,-0.18061256
AT1G19790,-0.018184941
AT1G19800,0.028954247
AT1G19830,-0.049878065
AT1G19835,-0.4313245
AT1G19840,0.019321261
AT1G19850,0.95738536
AT1G19860,0.09053072
AT1G19870,-0.19797567
AT1G19880,0.030545618
AT1G19890,0.0
AT1G19900,-0.035663586
AT1G19910,0.38404077
AT1G19920,-0.21416892
AT1G19930,0.0
AT1G19940,-0.112788156
AT1G19950,-0.1765813
AT1G19960,0.41085106
AT1G19970,0.18961097
AT1G19980,0.0684141
AT1G19990,-0.15818693
AT1G20000,0.004566491
AT1G20010,-0.62659943
AT1G20020,-0.5608133
AT1G20030,0.40148064
AT1G20050,0.29506382
AT1G20060,-0.060182467
AT1G20065,-0.0350455
AT1G20070,0.76126367
AT1G20080,-0.052652292
AT1G20090,-0.23450007
AT1G20100,0.23410827
AT1G20110,0.2070963
AT1G20120,0.07759294
AT1G20130,-0.020402914
AT1G20132,0.0
AT1G20135,0.0
AT1G20140,0.2631788
AT1G20150,-0.03731371
AT1G20160,0.08451869
AT1G20180,0.96144325
AT1G20190,-0.8125595
AT1G20200,0.44830152
AT1G20220,0.07787264
AT1G20230,-0.15634464
AT1G20240,0.0023337672
AT1G20260,0.18017386
AT1G20270,0.08471256
AT1G20280,0.0
AT1G20290,0.07632565
AT1G20300,0.07167601
AT1G20310,0.49728695
AT1G20320,-0.01032615
AT1G20330,-0.11951322
AT1G20340,-0.49103034
AT1G20350,0.43026486
AT1G20360,0.0045024236
AT1G20380,-0.23067488
AT1G20400,0.04821743
AT1G20405,-0.0022384438
AT1G20410,-0.16194052
AT1G20440,0.11207243
AT1G20450,0.03381954
AT1G20470,-0.24829242
AT1G20480,-0.10477506
AT1G20490,-0.04413201
AT1G20500,0.038672168
AT1G20510,0.16741131
AT1G20520,0.06563929
AT1G20530,-0.04759647
AT1G20540,-0.24505766
AT1G20550,0.03978081
AT1G20560,0.20308635
AT1G20570,-0.20725
AT1G20575,0.27542284
AT1G20580,0.18476401
AT1G20590,0.00042921954
AT1G20600,0.01902259
AT1G20610,-0.029227143
AT1G20620,0.14257252
AT1G20630,0.8745789
AT1G20640,-0.34020615
AT1G20650,-0.41617042
AT1G20657,0.0
AT1G20670,-0.14610878
AT1G20680,-0.060385916
AT1G20683,0.0
AT1G20687,0.0
AT1G20693,0.24781004
AT1G20696,0.2591082
AT1G20700,0.069505595
AT1G20710,0.0
AT1G20720,-0.21523225
AT1G20730,5.8969044e-06
AT1G20735,0.009444015
AT1G20740,0.13268724
AT1G20750,0.018701002
AT1G20760,0.060798474
AT1G20770,0.21066183
AT1G20780,0.37557864
AT1G20790,0.015876824
AT1G20795,0.009265636
AT1G20800,0.0
AT1G20803,0.0045024236
AT1G20810,-0.33352247
AT1G20816,-0.21639031
AT1G20823,-0.58781344
AT1G20830,-0.12010096
AT1G20840,0.33046603
AT1G20850,-0.070225745
AT1G20860,0.01703677
AT1G20870,0.040368944
AT1G20875,-0.002857666
AT1G20880,0.16472211
AT1G20890,0.21283886
AT1G20900,0.14790641
AT1G20910,0.05785952
AT1G20920,-0.13712029
AT1G20923,0.0
AT1G20925,0.018451141
AT1G20930,0.029033693
AT1G20940,0.0060549285
AT1G20950,-0.11231843
AT1G20960,0.04670797
AT1G20970,0.23184592
AT1G20980,0.21563461
AT1G20990,-0.06664739
AT1G21000,0.062401112
AT1G21010,0.12757455
AT1G21050,-0.049145415
AT1G21060,-0.19935915
AT1G21065,-0.099177115
AT1G21070,-0.281843
AT1G21080,0.14585696
AT1G21090,-0.4359663
AT1G21100,-0.053052336
AT1G21110,-0.115671195
AT1G21120,0.23183793
AT1G21130,-0.03220594
AT1G21140,-0.055961706
AT1G21150,-0.28628924
AT1G21160,0.04992886
AT1G21170,0.08803914
AT1G21190,0.19941868
AT1G21200,0.13438824
AT1G21210,0.08113137
AT1G21230,0.00021643797
AT1G21240,1.3264945
AT1G21245,0.013938802
AT1G21250,0.84962296
AT1G21270,0.23262265
AT1G21280,0.13365372
AT1G21310,1.4020358
AT1G21313,0.474379
AT1G21320,0.2920964
AT1G21323,0.0
AT1G21326,-0.21774086
AT1G21340,0.013130966
AT1G21360,0.016996834
AT1G21370,0.47770268
AT1G21380,0.24474484
AT1G21390,0.53097874
AT1G21395,0.013969928
AT1G21400,0.7567051
AT1G21410,0.35637948
AT1G21430,0.0015664442
AT1G21440,-0.4388811
AT1G21450,-0.026696289
AT1G21460,-0.060241282
AT1G21470,0.0602014
AT1G21475,0.0031489232
AT1G21480,-0.15579294
AT1G21500,-0.5053456
AT1G21510,-0.13724412
AT1G21520,0.9745222
AT1G21528,0.32310718
AT1G21530,-0.03017722
AT1G21540,-0.26111168
AT1G21550,0.88097113
AT1G21560,-0.4596327
AT1G21570,0.0
AT1G21580,-0.020697255
AT1G21590,0.10496011
AT1G21600,-0.18847153
AT1G21610,-0.059304345
AT1G21620,0.009431079
AT1G21630,-0.01224355
AT1G21640,-0.01834373
AT1G21650,-0.14167829
AT1G21660,0.07900524
AT1G21670,0.34622034
AT1G21680,0.08976588
AT1G21690,0.008018001
AT1G21695,0.16610152
AT1G21700,-0.06397776
AT1G21710,0.019800521
AT1G21720,0.44822
AT1G21722,0.036613442
AT1G21730,-0.19384973
AT1G21738,0.0
AT1G21740,0.29224116
AT1G21750,0.63720614
AT1G21760,0.1866224
AT1G21770,0.32916906
AT1G21780,0.07127758
AT1G21790,0.22488709
AT1G21810,-0.13870975
AT1G21820,0.0
AT1G21835,0.0
AT1G21840,-0.06193398
AT1G21850,0.08152974
AT1G21860,0.0216106
AT1G21864,0.0
AT1G21866,0.0
AT1G21870,0.0
AT1G21880,-0.4296498
AT1G21890,-0.035985343
AT1G21900,0.4469264
AT1G21910,-0.8868789
AT1G21920,-0.08869854
AT1G21925,0.0
AT1G21928,0.0
AT1G21930,-0.028195009
AT1G21940,0.23281926
AT1G21950,0.15681039
AT1G21960,0.0
AT1G21970,0.09122467
AT1G21980,0.18985271
AT1G21990,-0.0018371837
AT1G22000,-0.023679653
AT1G22010,0.0
AT1G22015,0.009320938
AT1G22020,0.11749847
AT1G22030,-0.089018926
AT1G22040,0.1685765
AT1G22050,-0.09003127
AT1G22060,-0.27653053
AT1G22065,0.042535212
AT1G22070,0.26588616
AT1G22080,0.0
AT1G22090,0.037700683
AT1G22100,9.445256e-05
AT1G22110,0.16912489
AT1G22120,-0.024391394
AT1G22130,-0.119872876
AT1G22140,0.06029394
AT1G22150,0.086103246
AT1G22160,-0.4906696
AT1G22170,-0.10605286
AT1G22180,0.71783847
AT1G22190,-0.36075228
AT1G22200,0.19755454
AT1G22210,0.0073990356
AT1G22220,-0.011624563
AT1G22230,-0.20864631
AT1G22240,0.066488005
AT1G22250,-0.26165345
AT1G22260,-0.08518576
AT1G22270,0.26850274
AT1G22275,0.14534946
AT1G22280,0.29956922
AT1G22290,0.009874565
AT1G22300,0.20531496
AT1G22310,-0.11567801
AT1G22330,-0.8179548
AT1G22340,0.28687158
AT1G22360,0.4397838
AT1G22370,0.0042512906
AT1G22380,0.84413946
AT1G22400,1.5724277
AT1G22410,1.1672627
AT1G22420,0.034612693
AT1G22430,-0.72878855
AT1G22440,0.067333944
AT1G22450,0.13590868
AT1G22460,-0.016167467
AT1G22470,-0.13386658
AT1G22480,0.42142066
AT1G22490,-0.012254712
AT1G22500,0.048877522
AT1G22510,0.14438358
AT1G22520,0.1205281
AT1G22530,-0.47109628
AT1G22540,0.029461557
AT1G22550,-0.009405902
AT1G22570,0.21664882
AT1G22590,-0.693653
AT1G22600,0.0135155255
AT1G22610,-0.034879413
AT1G22620,-0.040130563
AT1G22630,-0.39692864
AT1G22640,-0.050675742
AT1G22650,-0.24272539
AT1G22660,-0.06485928
AT1G22670,-0.010233351
AT1G22680,0.0010581343
AT1G22690,-0.44112954
AT1G22700,-0.22745386
AT1G22710,-0.01351452
AT1G22720,0.0
AT1G22730,0.11470816
AT1G22740,-0.4910923
AT1G22750,0.20089369
AT1G22760,-0.011188735
AT1G22770,0.2175702
AT1G22780,0.115281545
AT1G22790,-0.10933048
AT1G22800,0.10859225
AT1G22810,0.014616162
AT1G22830,-0.27018467
AT1G22840,0.74450356
AT1G22850,-0.29544985
AT1G22860,0.033680875
AT1G22870,0.124874756
AT1G22880,-0.039815255
AT1G22882,0.12674622
AT1G22885,0.13566676
AT1G22890,0.19871713
AT1G22900,0.47984514
AT1G22910,-0.0776742
AT1G22920,0.16696702
AT1G22930,0.12545323
AT1G22940,-0.06762752
AT1G22950,0.11020706
AT1G22960,0.16787356
AT1G22970,0.15475483
AT1G22980,0.03602695
AT1G22985,0.2921978
AT1G22990,0.054634262
AT1G23000,-0.25292245
AT1G23010,0.17761834
AT1G23020,-0.008608606
AT1G23030,-0.38238278
AT1G23037,0.0
AT1G23040,0.6576173
AT1G23050,-0.41008714
AT1G23060,-0.013327509
AT1G23070,-0.0040480574
AT1G23080,-0.36558262
AT1G23090,-0.0229231
AT1G23100,0.18861426
AT1G23110,0.009309429
AT1G23120,0.77892065
AT1G23130,-0.11363458
AT1G23140,0.26172718
AT1G23145,0.0
AT1G23147,0.0
AT1G23150,0.6617469
AT1G23160,-0.0013896113
AT1G23170,-0.093475446
AT1G23180,-0.20936196
AT1G23190,0.39767882
AT1G23200,-0.19230373
AT1G23201,0.05664101
AT1G23210,-0.007801226
AT1G23220,0.09753606
AT1G23230,0.2713003
AT1G23240,-4.130602e-05
AT1G23250,0.00061452214
AT1G23260,0.08450301
AT1G23270,0.010557352
AT1G23280,0.063397504
AT1G23290,0.25734833
AT1G23300,0.026208196
AT1G23310,-0.4500438
AT1G23320,0.0065286024
AT1G23330,0.08839959
AT1G23340,-0.43074706
AT1G23360,-0.118171215
AT1G23380,0.09421786
AT1G23390,-0.3079324
AT1G23400,-0.3148799
AT1G23410,-0.08461401
AT1G23420,0.0
AT1G23430,0.0
AT1G23450,0.2131049
AT1G23460,0.2679167
AT1G23465,-0.04552162
AT1G23480,-0.7106618
AT1G23490,0.08289127
AT1G23500,0.029636184
AT1G23510,0.12196843
AT1G23520,0.078220785
AT1G23530,-0.109694436
AT1G23540,0.046984226
AT1G23550,0.9959135
AT1G23560,0.82914156
AT1G23570,0.012340235
AT1G23580,-0.020257527
AT1G23590,-8.380749e-06
AT1G23600,0.022465542
AT1G23610,0.00022709902
AT1G23630,0.0
AT1G23645,0.008878079
AT1G23650,0.0
AT1G23660,0.0
AT1G23670,0.0
AT1G23680,-3.0241226e-05
AT1G23690,0.0
AT1G23700,0.114076175
AT1G23710,0.39287138
AT1G23720,-0.113247246
AT1G23730,0.3509421
AT1G23740,-0.2372304
AT1G23750,-0.17712168
AT1G23760,-0.13973477
AT1G23770,0.023705961
AT1G23780,0.21137805
AT1G23790,-0.19585961
AT1G23800,1.7674693
AT1G23810,0.014040304
AT1G23820,0.107379854
AT1G23830,0.18717775
AT1G23840,0.40137613
AT1G23850,0.58931684
AT1G23860,0.20437577
AT1G23870,-0.009933374
AT1G23880,-0.25114274
AT1G23890,-0.10523969
AT1G23900,0.24450621
AT1G23910,0.0
AT1G23915,0.3095197
AT1G23935,-0.24735203
AT1G23950,0.20752642
AT1G23960,0.1301663
AT1G23965,-0.2756108
AT1G23970,-0.06379735
AT1G23980,-0.30561167
AT1G23985,0.0050537786
AT1G23995,-0.040516146
AT1G24000,0.024590919
AT1G24010,0.00015481921
AT1G24020,0.042011313
AT1G24030,-0.096300885
AT1G24040,-0.13735385
AT1G24050,0.24192382
AT1G24060,0.0
AT1G24062,0.0
AT1G24070,-0.35249126
AT1G24090,0.20675799
AT1G24095,0.4066279
AT1G24100,0.23024873
AT1G24110,0.00081786746
AT1G24120,-0.13224816
AT1G24130,-0.02214238
AT1G24140,0.85219616
AT1G24145,0.3895574
AT1G24147,0.7527465
AT1G24148,-0.16340837
AT1G24150,0.32968727
AT1G24159,0.00064307556
AT1G24160,-0.29212907
AT1G24170,-0.43737695
AT1G24180,0.34710485
AT1G24190,0.13620359
AT1G24200,0.0
AT1G24210,0.09104615
AT1G24220,0.016214963
AT1G24230,0.03092628
AT1G24240,0.06367776
AT1G24250,0.035774413
AT1G24256,0.0
AT1G24260,-0.12869951
AT1G24265,-0.14452583
AT1G24267,0.19787678
AT1G24270,0.25259936
AT1G24280,0.019866548
AT1G24290,-0.1649996
AT1G24300,0.0752902
AT1G24310,-0.02164278
AT1G24320,-0.009727393
AT1G24330,-0.1155191
AT1G24340,-0.041700944
AT1G24350,0.27354413
AT1G24360,0.13027489
AT1G24380,0.01907839
AT1G24388,0.0
AT1G24390,0.000630618
AT1G24400,0.0031740384
AT1G24405,0.10656281
AT1G24420,0.026803643
AT1G24430,0.07739603
AT1G24440,0.13173525
AT1G24450,-0.0605501
AT1G24460,0.09751818
AT1G24470,0.12156147
AT1G24475,0.0
AT1G24480,0.057422172
AT1G24485,0.008326175
AT1G24490,0.21766801
AT1G24510,0.03537884
AT1G24520,0.07134454
AT1G24530,-0.2939848
AT1G24540,-0.012713555
AT1G24545,0.0009935361
AT1G24560,0.046030518
AT1G24570,0.073135965
AT1G24575,0.58739734
AT1G24577,-0.14210944
AT1G24580,-0.0908896
AT1G24590,0.00017970966
AT1G24600,0.35256895
AT1G24610,-0.065869965
AT1G24620,0.010418005
AT1G24625,0.28260177
AT1G24650,0.023032142
AT1G24660,0.0
AT1G24706,-0.022329083
AT1G24735,-0.013880518
AT1G24764,-0.40066332
AT1G24793,-0.20361987
AT1G24800,0.2981664
AT1G24807,0.028106201
AT1G24822,-0.033950973
AT1G24851,0.11173226
AT1G24880,-0.19582196
AT1G24881,0.35592502
AT1G24909,0.0
AT1G24996,0.19503076
AT1G25025,0.0
AT1G25054,-0.40827328
AT1G25055,0.17815676
AT1G25145,-0.42419854
AT1G25150,0.7150874
AT1G25210,0.044400565
AT1G25211,0.24548817
AT1G25220,1.2795517
AT1G25230,-0.366351
AT1G25240,0.012780856
AT1G25250,-0.3309569
AT1G25260,0.13543017
AT1G25270,0.00063961017
AT1G25275,0.35774907
AT1G25277,0.021176158
AT1G25280,0.16072977
AT1G25290,-0.2231238
AT1G25300,0.0
AT1G25310,0.00064307556
AT1G25320,-0.027953703
AT1G25330,0.00017970966
AT1G25340,0.00010396173
AT1G25350,0.045569185
AT1G25360,0.16798678
AT1G25370,0.29810062
AT1G25375,-0.139867
AT1G25380,0.042062793
AT1G25390,0.1191575
AT1G25400,0.4675124
AT1G25410,0.00064307556
AT1G25420,0.012242109
AT1G25422,0.2355586
AT1G25425,-0.1407748
AT1G25440,-0.15345584
AT1G25450,-0.2821237
AT1G25460,0.10413787
AT1G25470,-0.07007515
AT1G25480,-0.11402372
AT1G25490,0.10956022
AT1G25500,0.5650316
AT1G25510,-0.122750305
AT1G25520,0.3043626
AT1G25530,0.24552813
AT1G25540,0.10329807
AT1G25550,0.095724344
AT1G25560,0.13058291
AT1G25570,-0.24436732
AT1G25580,0.14083971
AT1G25682,0.04368729
AT1G25988,0.0027704441
AT1G26090,-0.045057613
AT1G26100,-0.29676145
AT1G26110,0.12718564
AT1G26120,0.09126261
AT1G26130,0.38488156
AT1G26140,-0.038893037
AT1G26150,-0.57111
AT1G26160,0.10118775
AT1G26170,0.06976134
AT1G26180,-0.12773436
AT1G26190,-0.016583102
AT1G26200,0.13579439
AT1G26210,-0.36933345
AT1G26220,-0.47470164
AT1G26225,-0.09699252
AT1G26230,-0.41641277
AT1G26240,0.23196036
AT1G26250,0.43671864
AT1G26255,-0.013703221
AT1G26260,-0.12914637
AT1G26270,-0.07767633
AT1G26290,0.11322319
AT1G26300,0.08665325
AT1G26310,-0.0048962836
AT1G26320,0.0
AT1G26330,0.036637135
AT1G26340,0.3057469
AT1G26350,0.018504212
AT1G26355,0.00021564329
AT1G26360,0.010168879
AT1G26370,0.13224898
AT1G26380,2.2691646
AT1G26390,3.2501695
AT1G26400,0.9078301
AT1G26410,1.1854999
AT1G26420,1.4437314
AT1G26440,0.3299301
AT1G26450,0.15840995
AT1G26460,0.06045425
AT1G26470,0.3942
AT1G26480,0.0270871
AT1G26500,-0.0030038147
AT1G26510,-0.051905803
AT1G26515,0.012274557
AT1G26520,-0.065869346
AT1G26530,0.009515482
AT1G26540,-0.1749933
AT1G26550,0.11489405
AT1G26560,-0.4760291
AT1G26570,-0.28817967
AT1G26580,0.04644509
AT1G26590,0.004306978
AT1G26600,-0.09576402
AT1G26610,-0.017837245
AT1G26620,0.17125016
AT1G26630,0.170297
AT1G26640,-0.16115642
AT1G26650,-0.1702673
AT1G26660,0.3162858
AT1G26665,0.2559648
AT1G26670,0.080998085
AT1G26680,0.043537952
AT1G26690,0.4897758
AT1G26700,-0.040912494
AT1G26710,0.0
AT1G26720,-0.0010835945
AT1G26730,0.32595724
AT1G26740,0.19585733
AT1G26750,0.10420658
AT1G26761,-0.6007785
AT1G26762,0.07277919
AT1G26770,0.6997717
AT1G26773,0.0
AT1G26780,-0.037472107
AT1G26790,-0.076397754
AT1G26795,0.0
AT1G26796,0.0
AT1G26797,0.0
AT1G26798,0.0
AT1G26799,0.0
AT1G26800,-0.21089803
AT1G26810,-0.3708993
AT1G26815,0.00083804067
AT1G26820,0.30486664
AT1G26830,0.14622073
AT1G26840,0.23969026
AT1G26850,0.072346546
AT1G26870,-0.004126196
AT1G26880,0.1805495
AT1G26890,0.008078392
AT1G26900,0.21851367
AT1G26910,0.29547602
AT1G26920,0.287738
AT1G26921,-0.0066488553
AT1G26930,1.4578369
AT1G26940,0.054720037
AT1G26945,-0.3100398
AT1G26960,-0.17664824
AT1G26970,0.1983732
AT1G26976,0.03493286
AT1G27000,0.39058876
AT1G27008,0.014955452
AT1G27020,-0.041670397
AT1G27030,-0.6748854
AT1G27040,0.02076143
AT1G27045,-0.3614079
AT1G27050,-0.030833978
AT1G27060,-0.07013874
AT1G27070,-0.09229072
AT1G27080,0.036927436
AT1G27090,-0.09470544
AT1G27100,0.049272016
AT1G27110,0.25733563
AT1G27120,-0.58078176
AT1G27130,-0.22982433
AT1G27135,0.0
AT1G27140,-0.0075300466
AT1G27150,-0.021104945
AT1G27160,-0.0022825713
AT1G27170,0.18045667
AT1G27180,0.018214105
AT1G27190,-0.19356635
AT1G27200,-0.13389039
AT1G27210,-0.41000053
AT1G27220,0.0
AT1G27240,-0.012939509
AT1G27250,0.0
AT1G27260,0.0
AT1G27270,0.0
AT1G27280,0.0060549285
AT1G27290,-0.040437263
AT1G27300,0.5212056
AT1G27310,0.14562908
AT1G27320,0.06660379
AT1G27340,-0.05093683
AT1G27350,0.42198014
AT1G27360,-0.06898829
AT1G27370,-0.21057542
AT1G27380,-0.17085102
AT1G27385,0.08678397
AT1G27390,0.16904719
AT1G27400,-0.023046916
AT1G27420,-0.25059268
AT1G27430,0.12477231
AT1G27435,0.07845085
AT1G27440,0.0017202114
AT1G27450,0.3251733
AT1G27460,-0.4139313
AT1G27461,0.005452606
AT1G27470,0.2379043
AT1G27480,-0.75976264
AT1G27490,0.0
AT1G27500,0.25739473
AT1G27510,-0.08442232
AT1G27520,-0.18561266
AT1G27530,0.19109441
AT1G27535,0.0
AT1G27540,0.021222252
AT1G27550,0.0
AT1G27555,0.0
AT1G27565,-0.0020095555
AT1G27570,0.0
AT1G27580,-0.09501662
AT1G27595,0.002681226
AT1G27600,-0.002498994
AT1G27610,0.0034099175
AT1G27620,-0.061357103
AT1G27630,0.40410462
AT1G27640,0.043919094
AT1G27650,0.12276093
AT1G27660,-0.5028593
AT1G27670,-0.12469566
AT1G27680,0.0064993436
AT1G27690,0.054652616
AT1G27695,0.17007391
AT1G27700,-0.04801764
AT1G27710,-0.0067412597
AT1G27720,0.494554
AT1G27730,0.71000904
AT1G27740,-0.029835556
AT1G27750,0.02184886
AT1G27760,0.8214817
AT1G27770,0.07442092
AT1G27820,0.0012063993
AT1G27840,-0.08343969
AT1G27850,-0.108050264
AT1G27860,-0.0021375297
AT1G27870,0.0
AT1G27880,0.04307106
AT1G27890,0.15931295
AT1G27900,0.15094423
AT1G27910,-0.028187206
AT1G27920,-0.27833447
AT1G27930,0.3920788
AT1G27940,0.039795205
AT1G27950,-0.33613038
AT1G27960,0.017213827
AT1G27970,0.46722072
AT1G27980,0.59821117
AT1G27990,0.0003452426
AT1G28000,0.0059989067
AT1G28005,6.207163e-05
AT1G28010,-0.26475945
AT1G28020,0.0
AT1G28030,0.016440157
AT1G28040,0.05502148
AT1G28050,0.4241181
AT1G28060,-0.027515797
AT1G28070,0.09405015
AT1G28080,0.023968458
AT1G28090,0.03664589
AT1G28100,-0.1944378
AT1G28110,0.010236781
AT1G28120,0.12141883
AT1G28130,0.8319572
AT1G28135,-0.026755288
AT1G28140,0.13767774
AT1G28150,-0.017647773
AT1G28160,-0.0033897762
AT1G28170,0.004334259
AT1G28180,0.33935693
AT1G28190,1.000545
AT1G28200,0.21747372
AT1G28210,0.41403422
AT1G28220,0.038604222
AT1G28230,0.24566488
AT1G28240,0.019980114
AT1G28260,0.35616696
AT1G28265,0.009473337
AT1G28270,0.0012736936
AT1G28280,0.21321864
AT1G28290,-0.8421727
AT1G28300,-0.030183408
AT1G28305,0.0
AT1G28306,0.0
AT1G28310,-0.19275467
AT1G28320,0.18136682
AT1G28330,-0.1727176
AT1G28335,-0.0042455173
AT1G28340,-0.00077644974
AT1G28350,-0.078346215
AT1G28360,0.21050368
AT1G28370,0.44824678
AT1G28375,0.01672059
AT1G28380,0.0780114
AT1G28390,0.51478356
AT1G28395,0.15165693
AT1G28400,-0.21901774
AT1G28410,-0.12689672
AT1G28420,-0.060009338
AT1G28430,-0.00016534983
AT1G28440,-0.16475074
AT1G28450,-0.0005709516
AT1G28460,-3.137753e-05
AT1G28470,0.22255798
AT1G28480,1.1437405
AT1G28490,0.10313895
AT1G28500,0.016088668
AT1G28510,0.34501868
AT1G28520,0.3279003
AT1G28530,-0.21921968
AT1G28540,0.17934397
AT1G28550,0.005151586
AT1G28560,-0.07575806
AT1G28570,0.074331544
AT1G28580,0.43820122
AT1G28590,0.039791755
AT1G28600,0.47263366
AT1G28610,0.17107873
AT1G28630,0.0022024824
AT1G28640,-0.0017335197
AT1G28650,0.27830493
AT1G28660,-0.032223824
AT1G28670,-0.49232876
AT1G28680,0.5024574
AT1G28690,-0.10324346
AT1G28695,0.0013906417
AT1G28700,0.0
AT1G28710,-0.24063139
AT1G28765,0.09501195
AT1G28815,-0.0045593325
AT1G28960,0.21828964
AT1G29000,0.093321376
AT1G29005,0.0
AT1G29010,0.0
AT1G29020,-0.014781809
AT1G29025,-0.057692423
AT1G29030,0.25816962
AT1G29040,0.3225887
AT1G29041,-0.0024354667
AT1G29050,-0.072321996
AT1G29060,0.42870933
AT1G29070,-0.3379483
AT1G29080,0.0
AT1G29090,0.19397509
AT1G29100,0.2710733
AT1G29110,-0.032333955
AT1G29120,-0.08956158
AT1G29140,0.007996455
AT1G29150,0.44089317
AT1G29160,0.26235637
AT1G29170,-0.44537166
AT1G29179,-0.013021027
AT1G29180,0.0022390597
AT1G29195,0.8498976
AT1G29200,0.0104054455
AT1G29220,-0.007573358
AT1G29230,0.9029117
AT1G29240,0.24211778
AT1G29250,0.1376531
AT1G29260,0.12727946
AT1G29270,0.046713836
AT1G29280,-0.085497916
AT1G29290,1.1274507
AT1G29300,0.8152531
AT1G29310,0.47519663
AT1G29320,0.21583554
AT1G29330,0.568623
AT1G29340,-0.0030483215
AT1G29350,0.23085594
AT1G29355,0.23669939
AT1G29370,0.12372422
AT1G29380,0.009844565
AT1G29390,-0.12512924
AT1G29395,-0.10510128
AT1G29400,0.12740466
AT1G29410,-0.04452323
AT1G29418,0.008061005
AT1G29420,-0.1911012
AT1G29430,-0.7781114
AT1G29435,0.0
AT1G29440,-0.59586966
AT1G29450,-0.61046225
AT1G29460,-0.57705235
AT1G29465,-0.06425973
AT1G29470,-0.18621552
AT1G29480,0.0
AT1G29490,0.016766574
AT1G29500,-0.6360566
AT1G29510,-0.75937647
AT1G29520,-0.023780935
AT1G29530,-0.64066267
AT1G29535,0.07699619
AT1G29540,0.010720526
AT1G29550,-0.26308227
AT1G29560,-0.23486531
AT1G29570,0.0
AT1G29580,0.0
AT1G29590,-0.37638903
AT1G29600,-0.6698509
AT1G29620,0.0
AT1G29630,0.16857658
AT1G29640,1.4695922
AT1G29660,-1.0865504
AT1G29670,-0.78834295
AT1G29680,0.03253077
AT1G29690,0.1450179
AT1G29700,-0.5050756
AT1G29710,0.052503012
AT1G29720,-0.6890463
AT1G29730,-0.096618876
AT1G29740,-0.09768686
AT1G29750,0.15826288
AT1G29760,0.28557172
AT1G29770,0.102962084
AT1G29775,-0.011273139
AT1G29780,0.008278784
AT1G29790,-0.22367842
AT1G29800,0.25142825
AT1G29810,0.072133616
AT1G29820,-0.047219124
AT1G29830,0.022761613
AT1G29840,-0.30357793
AT1G29850,0.13372238
AT1G29860,-0.016218485
AT1G29870,0.03712047
AT1G29880,-0.007272067
AT1G29890,-0.057060797
AT1G29900,-0.0050300364
AT1G29910,-0.8157423
AT1G29920,-0.6536372
AT1G29930,-0.45124665
AT1G29940,0.24266472
AT1G29950,-0.044838708
AT1G29960,-0.06785667
AT1G29962,-0.0013447248
AT1G29965,0.20460983
AT1G29970,0.3079405
AT1G29980,-0.46668503
AT1G29990,0.09601676
AT1G30000,0.24147303
AT1G30010,-0.06567047
AT1G30020,0.021596143
AT1G30040,1.1740134
AT1G30050,0.14801052
AT1G30060,0.0064513953
AT1G30070,0.32685465
AT1G30080,-0.072895445
AT1G30090,0.2041064
AT1G30100,0.3311178
AT1G30110,-0.21243562
AT1G30120,-0.07149317
AT1G30130,0.08968697
AT1G30135,1.1991796
AT1G30140,-0.0043893233
AT1G30160,0.2056506
AT1G30170,0.02588855
AT1G30190,-0.10027461
AT1G30200,0.0070687286
AT1G30210,-0.022696905
AT1G30220,0.80546254
AT1G30230,-0.007985131
AT1G30240,0.16418988
AT1G30250,0.05550166
AT1G30260,-0.018932834
AT1G30270,0.3745476
AT1G30280,-0.44604453
AT1G30290,-0.047799747
AT1G30300,0.2586778
AT1G30320,0.14522786
AT1G30330,-0.1382955
AT1G30350,0.0
AT1G30360,-0.5559953
AT1G30370,0.90239096
AT1G30380,-0.4983119
AT1G30400,0.24675022
AT1G30410,0.14694911
AT1G30420,0.35788482
AT1G30440,-0.14415549
AT1G30450,0.32339296
AT1G30455,0.0038451639
AT1G30460,0.09830859
AT1G30470,0.17006469
AT1G30473,0.030087065
AT1G30475,0.36220285
AT1G30480,0.09896539
AT1G30490,0.05788449
AT1G30500,0.11095426
AT1G30510,-0.13837545
AT1G30515,-0.01661426
AT1G30520,-0.7408472
AT1G30530,-0.26455283
AT1G30540,0.25008714
AT1G30545,-0.0028542983
AT1G30550,-0.03308428
AT1G30560,0.020636903
AT1G30570,-0.21031071
AT1G30580,0.24765678
AT1G30590,-0.06452458
AT1G30600,-0.18360831
AT1G30610,-0.2440987
AT1G30620,1.0368114
AT1G30630,0.30060256
AT1G30640,0.19466248
AT1G30650,0.051675145
AT1G30660,0.09517975
AT1G30670,0.01363036
AT1G30680,0.09588772
AT1G30690,-0.2692594
AT1G30700,2.4773147
AT1G30710,0.05374853
AT1G30720,0.092714734
AT1G30730,0.667858
AT1G30740,0.5432352
AT1G30750,-0.00920198
AT1G30755,0.4560295
AT1G30757,0.27179053
AT1G30760,-0.32662904
AT1G30780,0.08432115
AT1G30790,0.0
AT1G30795,-0.0036896742
AT1G30800,-0.0022436187
AT1G30810,0.09216135
AT1G30814,0.28394344
AT1G30820,-0.13037197
AT1G30825,-0.047917068
AT1G30840,-0.24006419
AT1G30845,0.031625897
AT1G30850,0.40690616
AT1G30860,0.12735055
AT1G30870,-0.06507967
AT1G30880,0.03736865
AT1G30890,0.23689148
AT1G30900,0.5769216
AT1G30910,0.02073075
AT1G30920,0.027714211
AT1G30925,0.0
AT1G30930,-0.016030535
AT1G30935,0.0
AT1G30945,0.0
AT1G30950,0.012422566
AT1G30960,0.26710778
AT1G30970,-0.013680525
AT1G30972,0.009416027
AT1G30974,0.0
AT1G30990,0.3317728
AT1G31000,0.0
AT1G31010,0.3308218
AT1G31020,0.10057609
AT1G31040,-0.016489059
AT1G31050,-0.020428486
AT1G31060,0.0
AT1G31070,-0.26014096
AT1G31072,0.0
AT1G31080,0.047761712
AT1G31090,0.0
AT1G31095,0.0
AT1G31120,0.6092114
AT1G31130,0.4322147
AT1G31140,0.004247779
AT1G31150,-0.40389234
AT1G31160,-0.16344486
AT1G31163,0.0
AT1G31170,0.014849283
AT1G31175,0.024986263
AT1G31180,0.051654924
AT1G31190,-0.2668304
AT1G31200,-0.04190264
AT1G31220,0.22188647
AT1G31230,-0.36000133
AT1G31240,0.23265825
AT1G31243,-0.043546084
AT1G31250,-0.014977654
AT1G31255,0.0
AT1G31260,0.0002078442
AT1G31270,0.07466321
AT1G31280,0.14987336
AT1G31290,-0.05908233
AT1G31300,-0.057424493
AT1G31310,-0.03805825
AT1G31320,-0.11095173
AT1G31330,-0.44267684
AT1G31335,-0.1499513
AT1G31340,-0.06315519
AT1G31350,-0.27075648
AT1G31360,-0.21988419
AT1G31370,0.0
AT1G31380,0.00064307556
AT1G31390,0.0
AT1G31400,-0.009945834
AT1G31410,-0.19364882
AT1G31420,-0.28761262
AT1G31430,-0.0095520355
AT1G31440,-0.1579072
AT1G31450,0.0
AT1G31460,0.03178291
AT1G31470,0.20543262
AT1G31480,0.03450994
AT1G31490,-0.2665309
AT1G31500,0.16540402
AT1G31510,0.0
AT1G31520,0.0
AT1G31530,0.0
AT1G31540,0.17138277
AT1G31550,0.37430608
AT1G31555,0.037714586
AT1G31580,0.43016288
AT1G31600,0.12361968
AT1G31620,0.0
AT1G31630,-0.0035783774
AT1G31640,0.0
AT1G31650,-0.28130817
AT1G31660,0.19916905
AT1G31670,0.0
AT1G31672,0.0
AT1G31690,0.2042175
AT1G31710,-0.50156325
AT1G31720,-0.065084785
AT1G31730,0.045114916
AT1G31740,-0.0022291779
AT1G31750,0.101887025
AT1G31760,0.0049327356
AT1G31770,-0.10766367
AT1G31772,0.0057446766
AT1G31780,0.054629833
AT1G31790,0.13128212
AT1G31800,-0.2570836
AT1G31810,-0.09791888
AT1G31812,-0.027260765
AT1G31814,-0.025772022
AT1G31817,0.09789183
AT1G31820,0.2985295
AT1G31830,0.41504678
AT1G31835,0.006736607
AT1G31840,0.33562803
AT1G31850,-0.055021696
AT1G31860,-0.014009407
AT1G31870,0.077184685
AT1G31880,0.28149807
AT1G31885,0.013326612
AT1G31910,0.19975798
AT1G31920,-0.43003523
AT1G31930,0.19521932
AT1G31940,0.082935415
AT1G31950,-0.17388448
AT1G31960,0.0011529392
AT1G31970,-0.03842795
AT1G31990,-0.07383526
AT1G32000,0.0
AT1G32010,0.0
AT1G32020,0.0
AT1G32030,0.0045024236
AT1G32050,0.13920675
AT1G32060,-0.63080686
AT1G32070,-0.15466714
AT1G32080,-0.8604606
AT1G32090,0.20494258
AT1G32100,0.017984688
AT1G32120,-0.41786537
AT1G32127,0.36551967
AT1G32130,0.2345746
AT1G32140,0.0
AT1G32150,-0.1792867
AT1G32160,-0.09953855
AT1G32170,0.45609346
AT1G32180,0.04664922
AT1G32190,-0.105736494
AT1G32200,-0.09120598
AT1G32210,0.39035434
AT1G32220,-0.32765162
AT1G32225,0.0005422701
AT1G32230,0.20322736
AT1G32240,-0.09957876
AT1G32250,0.011086814
AT1G32260,0.15774609
AT1G32270,0.27657247
AT1G32280,-0.00043517636
AT1G32300,0.0009463434
AT1G32310,0.19524685
AT1G32320,-0.0024888334
AT1G32330,0.08568024
AT1G32337,0.0
AT1G32340,0.23294275
AT1G32350,2.8577988
AT1G32360,0.016300054
AT1G32361,0.02216778
AT1G32370,0.018138448
AT1G32375,-0.03727853
AT1G32380,0.29977864
AT1G32400,0.15861124
AT1G32410,0.02621577
AT1G32415,-0.10336753
AT1G32420,0.0
AT1G32430,0.0008584849
AT1G32440,-0.104992606
AT1G32450,0.84007734
AT1G32460,0.43288317
AT1G32470,-0.82649606
AT1G32480,0.00622972
AT1G32490,0.08371829
AT1G32500,-0.09044913
AT1G32510,-0.0389557
AT1G32530,0.041036587
AT1G32540,0.027801413
AT1G32550,-0.29457262
AT1G32560,0.38149673
AT1G32570,0.009965221
AT1G32575,-0.00721757
AT1G32580,0.10571897
AT1G32583,-0.11047598
AT1G32585,0.0
AT1G32600,0.00030673324
AT1G32610,0.013704615
AT1G32630,0.09078057
AT1G32640,-0.008151575
AT1G32650,0.0015060615
AT1G32660,0.009173904
AT1G32690,0.24073416
AT1G32700,0.0110142
AT1G32710,0.0041498835
AT1G32720,0.0
AT1G32730,0.058632188
AT1G32740,0.20015368
AT1G32750,0.060741212
AT1G32760,-0.27641246
AT1G32763,0.00051839993
AT1G32770,0.00017970966
AT1G32780,-0.3179311
AT1G32790,0.29242855
AT1G32810,0.09366233
AT1G32850,0.11343045
AT1G32860,0.1885973
AT1G32870,0.6421296
AT1G32880,0.098491915
AT1G32900,-0.5258658
AT1G32910,0.22479075
AT1G32920,0.37215397
AT1G32928,0.03967941
AT1G32930,-0.10383407
AT1G32940,1.7664065
AT1G32950,1.2703588
AT1G32960,1.5813879
AT1G32970,0.05590507
AT1G32975,0.0
AT1G32980,0.0
AT1G32990,-0.43765482
AT1G33010,0.0
AT1G33020,-0.0031532797
AT1G33030,1.2877879
AT1G33040,-0.30994555
AT1G33050,0.10995942
AT1G33055,-0.1764922
AT1G33060,-0.12068578
AT1G33070,0.0
AT1G33080,-0.20409958
AT1G33090,0.17136021
AT1G33100,0.00024064958
AT1G33102,0.3581164
AT1G33110,0.4794952
AT1G33120,0.13055703
AT1G33170,-0.69220203
AT1G33220,-0.0024892779
AT1G33230,0.12743443
AT1G33240,-0.55249894
AT1G33250,0.11754614
AT1G33260,0.34606713
AT1G33265,0.40140566
AT1G33270,0.27065125
AT1G33280,0.0032667895
AT1G33290,-0.13351046
AT1G33320,0.0110780215
AT1G33330,0.07247422
AT1G33340,-0.015334762
AT1G33350,-0.047207326
AT1G33360,0.4360256
AT1G33390,0.17549859
AT1G33400,-0.10127385
AT1G33410,0.070174135
AT1G33420,0.39192662
AT1G33430,-0.012638635
AT1G33440,-0.16358683
AT1G33470,-0.23273973
AT1G33475,-0.1681463
AT1G33480,-0.3892462
AT1G33490,0.26406056
AT1G33500,0.04828052
AT1G33520,-0.028019598
AT1G33530,0.0
AT1G33540,-0.009366362
AT1G33560,0.5005402
AT1G33590,0.3976185
AT1G33600,0.35434532
AT1G33607,-0.0013041665
AT1G33610,-0.019133562
AT1G33612,0.05558998
AT1G33640,-0.031242302
AT1G33670,-0.00976607
AT1G33680,-0.062136695
AT1G33700,-0.510894
AT1G33710,0.0
AT1G33720,0.16582055
AT1G33730,1.0692095
AT1G33750,-0.03875297
AT1G33760,-0.6891942
AT1G33770,-0.74017936
AT1G33780,0.03425808
AT1G33790,-0.14683993
AT1G33800,-0.11848349
AT1G33810,-0.14774108
AT1G33811,-0.5476734
AT1G33820,0.0
AT1G33830,0.0
AT1G33840,0.14604245
AT1G33850,0.0
AT1G33860,0.003252091
AT1G33870,0.0026041507
AT1G33880,0.00018789011
AT1G33890,0.04495277
AT1G33900,0.009725058
AT1G33910,-0.029916843
AT1G33920,0.0
AT1G33930,-0.13522615
AT1G33940,-0.012344501
AT1G33945,0.0
AT1G33950,0.6844286
AT1G33960,1.8321799
AT1G33970,0.27473685
AT1G33980,0.2193073
AT1G33990,0.17829198
AT1G34000,-0.31533158
AT1G34010,-0.41549996
AT1G34015,0.0
AT1G34020,0.095410734
AT1G34040,-0.14123544
AT1G34042,-0.00023063156
AT1G34046,0.00032741317
AT1G34047,-0.008878064
AT1G34049,0.0
AT1G34050,0.0969434
AT1G34060,-0.3873448
AT1G34065,-0.29896578
AT1G34070,0.0
AT1G34095,-0.020425105
AT1G34110,-0.07710842
AT1G34120,0.07063228
AT1G34130,0.2505844
AT1G34140,-0.00719692
AT1G34150,0.06016029
AT1G34160,0.02898058
AT1G34170,0.0
AT1G34180,0.6775508
AT1G34190,0.31181747
AT1G34200,0.048494253
AT1G34210,-0.14902633
AT1G34220,0.22340618
AT1G34245,-0.044811934
AT1G34260,0.030966034
AT1G34270,0.106538154
AT1G34290,0.0
AT1G34300,0.28853753
AT1G34310,0.00011097522
AT1G34315,0.028294928
AT1G34317,0.006899474
AT1G34320,-0.14023367
AT1G34340,-0.004770523
AT1G34350,-0.0602225
AT1G34355,-0.15709904
AT1G34360,0.16402364
AT1G34370,0.20495722
AT1G34380,0.14600399
AT1G34390,0.0
AT1G34400,0.0
AT1G34403,0.00082474796
AT1G34410,0.0
AT1G34420,0.73265845
AT1G34430,-0.32026827
AT1G34440,-0.002900124
AT1G34460,-0.12879464
AT1G34470,0.12518725
AT1G34480,-0.011393134
AT1G34490,-0.0017610516
AT1G34500,-0.0005953643
AT1G34510,-0.004766279
AT1G34520,0.07526487
AT1G34540,0.15464656
AT1G34550,0.014858251
AT1G34560,0.0025608663
AT1G34570,-0.028629899
AT1G34575,0.0006298261
AT1G34580,-0.17712036
AT1G34630,0.008186911
AT1G34640,-0.336152
AT1G34650,-0.086265735
AT1G34670,0.090137385
AT1G34750,0.26848263
AT1G34760,-0.30363277
AT1G34770,0.18922092
AT1G34780,0.09084322
AT1G34790,0.0
AT1G34792,0.0
AT1G34795,0.0
AT1G34800,0.0
AT1G34807,0.0
AT1G34812,0.0
AT1G34840,0.0
AT1G34855,0.0
AT1G34860,0.0
AT1G34910,0.0
AT1G34930,0.0
AT1G35030,0.0
AT1G35035,0.0
AT1G35040,0.0
AT1G35140,-0.48640656
AT1G35150,0.0
AT1G35160,0.23112307
AT1G35170,-0.010274695
AT1G35180,-0.2435269
AT1G35181,0.0
AT1G35183,-0.020103278
AT1G35190,0.121870235
AT1G35210,0.53450865
AT1G35215,0.020407043
AT1G35220,0.11064534
AT1G35230,1.2296834
AT1G35240,-0.0038647722
AT1G35242,0.0
AT1G35250,-0.008560901
AT1G35255,-0.009454329
AT1G35260,0.11153909
AT1G35290,-0.045646373
AT1G35310,-0.13092913
AT1G35320,0.36184618
AT1G35330,0.0025466967
AT1G35340,-0.21291806
AT1G35350,0.019024441
AT1G35353,0.009416027
AT1G35365,0.0
AT1G35375,0.0
AT1G35400,0.0
AT1G35410,0.0
AT1G35420,-0.41655943
AT1G35430,-0.18395257
AT1G35435,0.00017970966
AT1G35440,0.0
AT1G35460,-0.14704557
AT1G35467,0.0
AT1G35470,0.1437354
AT1G35490,-0.00043517636
AT1G35500,0.0
AT1G35510,-0.15558726
AT1G35515,0.00078192377
AT1G35520,-0.0022384438
AT1G35530,-0.0052094604
AT1G35537,0.0011529392
AT1G35540,0.0
AT1G35560,-0.03640362
AT1G35580,0.3738156
AT1G35610,0.012181802
AT1G35614,0.0
AT1G35617,0.0
AT1G35620,0.020506363
AT1G35625,-0.039060574
AT1G35630,-0.072753355
AT1G35660,0.09730535
AT1G35670,0.043071277
AT1G35680,-0.45533538
AT1G35710,0.43372428
AT1G35720,0.4430938
AT1G35730,0.13417386
AT1G35750,-0.006273837
AT1G35780,-0.23838906
AT1G35820,-3.0241226e-05
AT1G35830,0.035520427
AT1G35850,0.0
AT1G35860,0.0045024236
AT1G35880,0.18953201
AT1G35890,-0.00043029344
AT1G35895,0.0
AT1G35910,1.4850549
AT1G36000,0.0
AT1G36005,0.0
AT1G36020,0.0
AT1G36030,0.0
AT1G36045,0.0
AT1G36050,0.13277826
AT1G36060,0.20770878
AT1G36070,0.107346505
AT1G36078,0.0
AT1G36085,0.24584556
AT1G36095,0.0
AT1G36100,0.0
AT1G36150,0.008878079
AT1G36160,-0.30543554
AT1G36180,0.0145393
AT1G36230,0.0
AT1G36240,0.0
AT1G36272,0.0
AT1G36280,0.28367946
AT1G36310,0.059920236
AT1G36320,0.018094234
AT1G36325,0.0
AT1G36340,0.0030185075
AT1G36370,-0.28142223
AT1G36380,0.23096253
AT1G36390,-0.035119988
AT1G36510,0.0
AT1G36580,-0.030349983
AT1G36622,1.1253932
AT1G36623,-0.0056467163
AT1G36627,0.0
AT1G36640,0.7520112
AT1G36675,-0.18934022
AT1G36730,0.07725277
AT1G36745,0.0
AT1G36756,0.014251915
AT1G36920,-0.05116355
AT1G36922,0.027722174
AT1G36925,0.0
AT1G36940,-0.47565207
AT1G36942,0.0
AT1G36950,0.0
AT1G36960,0.0
AT1G36970,0.0
AT1G36980,0.20004699
AT1G36990,0.07893922
AT1G37000,0.00011097522
AT1G37010,0.0005044835
AT1G37020,0.0
AT1G37113,0.00024916753
AT1G37130,0.46626043
AT1G37140,0.098807566
AT1G37150,-0.16171898
AT1G38065,-0.3050155
AT1G38131,-0.31565708
AT1G38790,0.0
AT1G39060,0.0
AT1G39070,0.0
AT1G40083,0.0
AT1G40086,0.0
AT1G40087,0.0013643465
AT1G40090,0.0
AT1G40104,0.0018099508
AT1G40129,0.029522788
AT1G40390,0.0055339425
AT1G41820,0.0
AT1G41830,-0.61853945
AT1G41880,0.10196667
AT1G41920,0.0
AT1G42080,0.0
AT1G42190,0.0
AT1G42430,-0.5295648
AT1G42440,0.18701306
AT1G42470,-0.052849676
AT1G42480,-0.0037992413
AT1G42525,0.0
AT1G42540,0.20246804
AT1G42550,-0.4911847
AT1G42560,0.061858516
AT1G42615,0.00030560253
AT1G42680,0.0
AT1G42700,0.0
AT1G42710,0.0
AT1G42960,-0.047271017
AT1G42970,-0.6569927
AT1G42980,-0.011313626
AT1G42990,0.24937658
AT1G43000,-0.10155263
AT1G43005,-0.00043517636
AT1G43010,-0.0054947287
AT1G43020,-0.04341064
AT1G43040,0.008442399
AT1G43080,0.0
AT1G43090,0.0
AT1G43100,0.0
AT1G43130,0.2645283
AT1G43140,0.0070849885
AT1G43145,0.0
AT1G43160,2.190228
AT1G43170,0.03318464
AT1G43171,-0.018736867
AT1G43190,-0.06334939
AT1G43245,0.073295526
AT1G43260,-0.02221606
AT1G43310,0.06206729
AT1G43320,0.0
AT1G43330,0.0
AT1G43415,0.0
AT1G43560,-0.118189566
AT1G43580,-0.13199058
AT1G43600,-0.0065672947
AT1G43605,-0.07350575
AT1G43610,0.020025127
AT1G43620,0.21892868
AT1G43630,0.0
AT1G43640,0.26265523
AT1G43650,-0.4300372
AT1G43665,0.0
AT1G43666,0.0
AT1G43667,0.0
AT1G43670,-0.21839754
AT1G43680,0.0009553955
AT1G43690,0.18329602
AT1G43700,0.07740712
AT1G43710,0.07394759
AT1G43720,-4.5022683e-05
AT1G43722,0.0076063243
AT1G43730,0.0
AT1G43760,0.0
AT1G43770,0.1846762
AT1G43780,0.0008336508
AT1G43790,0.088365115
AT1G43800,0.13586763
AT1G43810,0.0019040211
AT1G43815,0.0010222226
AT1G43825,0.0
AT1G43850,-0.0076072356
AT1G43860,0.2193164
AT1G43890,0.38084745
AT1G43900,0.09688566
AT1G43910,0.63500756
AT1G43920,0.0
AT1G43950,0.0
AT1G43970,0.020616787
AT1G43980,-0.022023572
AT1G44000,-0.52552104
AT1G44010,0.006319234
AT1G44020,-0.004306842
AT1G44030,-0.002010916
AT1G44050,-0.009868927
AT1G44080,0.00087017455
AT1G44085,0.0
AT1G44090,0.13441978
AT1G44100,0.15138009
AT1G44110,-0.11509109
AT1G44120,-0.086656615
AT1G44130,1.931637
AT1G44160,-0.27111304
AT1G44170,0.547519
AT1G44180,0.010621457
AT1G44191,0.0054826904
AT1G44222,0.0
AT1G44318,-0.0056120786
AT1G44350,0.40789244
AT1G44414,0.060415316
AT1G44446,-0.3452655
AT1G44478,-0.035343375
AT1G44542,0.38884142
AT1G44575,-0.6030062
AT1G44608,0.18322186
AT1G44740,-0.030128468
AT1G44750,0.1711027
AT1G44760,-0.2749032
AT1G44770,0.10461575
AT1G44780,-0.36327824
AT1G44790,0.2623539
AT1G44800,0.5164429
AT1G44810,0.07202776
AT1G44820,0.098558895
AT1G44830,-0.19789875
AT1G44835,0.16059358
AT1G44890,0.20137846
AT1G44895,0.00021643797
AT1G44900,0.030323852
AT1G44910,-0.072691
AT1G44920,-0.29236743
AT1G44940,0.0026250249
AT1G44941,0.0031489232
AT1G44960,0.49901557
AT1G44970,-0.025354149
AT1G44980,0.0
AT1G44990,0.0
AT1G45000,0.36024693
AT1G45010,-0.25700372
AT1G45015,-0.05637738
AT1G45050,0.16804518
AT1G45063,0.0006591676
AT1G45100,0.0076513467
AT1G45110,-0.037370566
AT1G45130,-0.52813643
AT1G45145,1.3109678
AT1G45150,0.39211822
AT1G45160,0.102558315
AT1G45163,0.19558057
AT1G45165,-0.15027668
AT1G45170,0.07314792
AT1G45180,0.0792615
AT1G45190,0.00021643797
AT1G45191,-0.4023574
AT1G45196,0.0
AT1G45207,-0.64983803
AT1G45215,0.0
AT1G45221,0.0
AT1G45223,0.0
AT1G45229,-0.14514706
AT1G45230,-0.1052727
AT1G45231,0.14149185
AT1G45233,0.09662529
AT1G45243,0.0031489232
AT1G45248,-0.098233774
AT1G45249,-0.094333544
AT1G45332,0.17947143
AT1G45403,0.0
AT1G45474,-0.21957366
AT1G45545,-0.06903096
AT1G45616,0.07764438
AT1G45688,-0.15762189
AT1G45976,0.23585387
AT1G46264,0.005719768
AT1G46336,0.0
AT1G46408,0.0
AT1G46480,-0.20877162
AT1G46696,-0.0049271695
AT1G46768,0.07651849
AT1G46840,0.0
AT1G46912,0.0
AT1G46984,0.053694855
AT1G47056,0.08446504
AT1G47128,0.42378354
AT1G47130,0.34612867
AT1G47200,0.16115414
AT1G47210,-0.10684982
AT1G47220,0.08362212
AT1G47230,-0.18426204
AT1G47240,0.054576464
AT1G47250,0.448381
AT1G47260,0.13758257
AT1G47265,-0.0017298759
AT1G47270,-0.0037311404
AT1G47271,-0.06655642
AT1G47278,0.18966703
AT1G47280,-5.9487364e-05
AT1G47290,-0.2592197
AT1G47300,-0.0009366203
AT1G47310,0.14676423
AT1G47317,-0.0016933391
AT1G47320,0.0
AT1G47330,0.07208763
AT1G47340,0.040330254
AT1G47350,0.0
AT1G47370,0.08154223
AT1G47380,0.06741201
AT1G47389,0.0
AT1G47390,0.0
AT1G47400,-0.00841515
AT1G47410,-0.08953085
AT1G47420,0.34313312
AT1G47450,0.0
AT1G47470,0.0
AT1G47480,0.24939781
AT1G47485,-0.00088796864
AT1G47490,0.032470908
AT1G47495,0.0
AT1G47497,0.0040170434
AT1G47500,0.0182485
AT1G47510,2.1198022
AT1G47530,0.07531798
AT1G47540,-0.0025800504
AT1G47550,0.12862305
AT1G47560,0.5697774
AT1G47570,0.02303225
AT1G47578,-0.07089459
AT1G47580,-0.4632161
AT1G47590,0.0
AT1G47600,-0.064704984
AT1G47603,0.11036251
AT1G47610,-0.0153070185
AT1G47620,0.005307391
AT1G47640,0.27524832
AT1G47655,-0.32232895
AT1G47657,0.0
AT1G47660,0.00064307556
AT1G47670,-0.35150555
AT1G47680,0.0
AT1G47690,0.0
AT1G47695,0.0
AT1G47702,0.0
AT1G47710,0.34615391
AT1G47720,0.0017771678
AT1G47730,0.0
AT1G47740,-0.25549155
AT1G47750,0.34072015
AT1G47760,-0.015990034
AT1G47765,-0.016620146
AT1G47770,0.0054959594
AT1G47780,0.02205801
AT1G47786,0.0060549285
AT1G47790,0.0
AT1G47800,0.0
AT1G47810,0.0
AT1G47813,0.046609875
AT1G47820,-0.003702459
AT1G47830,0.30312824
AT1G47840,0.03647976
AT1G47845,-0.025621494
AT1G47870,0.28574252
AT1G47885,0.00010396173
AT1G47890,0.9652168
AT1G47900,-0.32379687
AT1G47915,-0.006253278
AT1G47920,-0.013347472
AT1G47940,0.0
AT1G47960,0.19514796
AT1G47970,-0.026657803
AT1G47980,0.13498323
AT1G47990,-0.02572941
AT1G48000,0.81286985
AT1G48010,0.0
AT1G48020,0.009396463
AT1G48030,-0.26156172
AT1G48040,0.22185795
AT1G48050,0.15400149
AT1G48060,0.009526908
AT1G48070,-0.008665232
AT1G48090,0.06726078
AT1G48095,0.00010396173
AT1G48100,-0.16772868
AT1G48120,0.08200908
AT1G48130,0.011149612
AT1G48140,0.3725473
AT1G48145,0.0
AT1G48150,0.048220757
AT1G48160,0.13913411
AT1G48170,0.12190697
AT1G48175,-0.014611047
AT1G48180,-0.0065835016
AT1G48190,0.0
AT1G48195,0.014423365
AT1G48200,0.3327943
AT1G48210,0.7999025
AT1G48220,0.043945055
AT1G48230,-0.034515206
AT1G48240,-0.35300878
AT1G48260,0.2829353
AT1G48270,-0.07051663
AT1G48280,-0.2839409
AT1G48285,0.00011097522
AT1G48300,-0.3312487
AT1G48310,-0.023152692
AT1G48320,0.8079324
AT1G48325,0.033072833
AT1G48330,0.1610864
AT1G48350,-0.45974618
AT1G48355,-0.117934026
AT1G48360,0.0647579
AT1G48370,1.1018893
AT1G48380,-0.020314934
AT1G48390,-0.047700685
AT1G48400,-0.033488825
AT1G48405,0.06739868
AT1G48410,-0.038670715
AT1G48420,-0.12459766
AT1G48430,0.029198777
AT1G48440,0.19402528
AT1G48450,0.03573955
AT1G48470,0.098827064
AT1G48480,-0.6998395
AT1G48490,0.3492821
AT1G48500,-0.12811759
AT1G48510,0.068602316
AT1G48520,-0.33937207
AT1G48530,-0.07469504
AT1G48540,-0.20576362
AT1G48550,0.11678702
AT1G48560,0.09638644
AT1G48570,0.22431575
AT1G48590,-0.025720404
AT1G48600,-0.6520672
AT1G48605,0.45533073
AT1G48610,-0.18480173
AT1G48620,-0.12549518
AT1G48625,0.0
AT1G48630,0.23926051
AT1G48635,0.045626875
AT1G48640,-0.004527185
AT1G48650,-0.09650959
AT1G48660,-0.015288838
AT1G48670,0.027978184
AT1G48690,-0.011197446
AT1G48700,0.12507807
AT1G48720,-0.0046342677
AT1G48725,0.008852931
AT1G48730,0.0
AT1G48740,-0.02813955
AT1G48745,-0.09203096
AT1G48750,-0.36381915
AT1G48760,0.018801155
AT1G48780,-0.27102992
AT1G48790,0.21956633
AT1G48800,-0.00043517636
AT1G48820,-0.0051731365
AT1G48830,0.089939706
AT1G48840,0.11663009
AT1G48850,0.5681605
AT1G48860,0.13293865
AT1G48870,-0.100223325
AT1G48880,-0.158346
AT1G48900,0.1686744
AT1G48910,0.0
AT1G48912,0.0
AT1G48920,0.30861315
AT1G48930,-0.050819643
AT1G48940,-0.012348204
AT1G48950,-0.073817834
AT1G48953,0.0025487044
AT1G48960,-0.22977658
AT1G48970,0.25713155
AT1G48980,0.08804363
AT1G48990,-0.002857666
AT1G49000,0.06293837
AT1G49005,-0.028355584
AT1G49010,-0.5775952
AT1G49015,0.0031489232
AT1G49030,-0.018132038
AT1G49032,0.12628496
AT1G49040,0.15825288
AT1G49050,0.4542313
AT1G49100,-0.0017932379
AT1G49110,-0.000215438
AT1G49120,-0.013855981
AT1G49130,-0.2373415
AT1G49140,0.043102965
AT1G49150,0.3247862
AT1G49160,0.15218404
AT1G49170,0.0291854
AT1G49180,-0.055307917
AT1G49190,0.0
AT1G49200,-0.7212608
AT1G49205,0.014901866
AT1G49210,-0.37195206
AT1G49220,-0.08157554
AT1G49225,-0.035251815
AT1G49230,-0.1822753
AT1G49240,0.05101585
AT1G49245,0.21931371
AT1G49250,0.011809548
AT1G49260,0.0
AT1G49270,0.0
AT1G49290,-6.168511e-05
AT1G49300,0.20706846
AT1G49310,0.18490158
AT1G49320,0.2552927
AT1G49330,-0.02290444
AT1G49340,-0.003998546
AT1G49350,0.14694315
AT1G49360,0.35229588
AT1G49380,-0.40959543
AT1G49390,-0.034295656
AT1G49400,0.14054324
AT1G49405,0.05078817
AT1G49410,0.18446438
AT1G49420,0.0
AT1G49430,-0.5948783
AT1G49435,0.0
AT1G49450,0.86523926
AT1G49470,0.37133718
AT1G49475,0.15862481
AT1G49480,-0.22005562
AT1G49490,-0.34628746
AT1G49500,-0.15003552
AT1G49510,-0.14291734
AT1G49520,0.017770983
AT1G49530,0.05064857
AT1G49540,0.3121443
AT1G49560,0.11330051
AT1G49570,0.05426055
AT1G49580,-0.518297
AT1G49590,0.0072655524
AT1G49600,-0.1434956
AT1G49610,0.034519874
AT1G49620,-0.054853547
AT1G49630,-0.29170257
AT1G49640,0.048910905
AT1G49650,0.08246614
AT1G49660,-0.091476336
AT1G49670,0.39790905
AT1G49680,0.0
AT1G49700,0.049200322
AT1G49710,0.32697737
AT1G49715,-0.0009366203
AT1G49720,0.23343028
AT1G49730,-0.5175452
AT1G49740,0.08356109
AT1G49750,0.11946346
AT1G49760,-0.008937361
AT1G49770,0.0
AT1G49780,-0.248306
AT1G49790,-0.093234695
AT1G49800,0.12709653
AT1G49810,-4.5022683e-05
AT1G49820,0.19612682
AT1G49830,0.00346764
AT1G49840,-0.53152823
AT1G49850,0.16734153
AT1G49860,-0.025572855
AT1G49870,-0.24855863
AT1G49880,-0.0848661
AT1G49890,-0.27287295
AT1G49900,0.671633
AT1G49910,0.08838468
AT1G49920,-0.010624438
AT1G49930,0.0
AT1G49940,-0.12848465
AT1G49950,0.028139526
AT1G49960,0.50518155
AT1G49970,0.081046455
AT1G49975,-0.5370629
AT1G49980,-0.10292645
AT1G49990,-0.38116556
AT1G50000,-0.048424456
AT1G50010,-0.31564835
AT1G50020,0.12958312
AT1G50030,0.08577709
AT1G50040,-0.21326113
AT1G50050,0.003899459
AT1G50060,-0.016792811
AT1G50080,0.0
AT1G50090,-0.009500028
AT1G50110,-0.024623154
AT1G50120,0.00042287333
AT1G50140,-0.062435776
AT1G50160,0.0
AT1G50170,0.069284044
AT1G50180,-0.19553028
AT1G50190,0.005444441
AT1G50200,-0.0012419883
AT1G50220,0.00022709902
AT1G50240,-0.07111587
AT1G50250,-0.17699663
AT1G50260,0.5487539
AT1G50270,0.05394459
AT1G50280,-0.4211754
AT1G50290,-0.14208256
AT1G50300,0.13004193
AT1G50310,-0.04162462
AT1G50320,-0.13746792
AT1G50325,0.0
AT1G50340,0.0
AT1G50360,0.301768
AT1G50370,0.25375676
AT1G50380,0.03976901
AT1G50390,0.029570578
AT1G50400,0.23693447
AT1G50410,0.119432256
AT1G50420,0.43285376
AT1G50430,0.29098168
AT1G50440,0.10825256
AT1G50450,-0.24335665
AT1G50460,-0.21850619
AT1G50470,0.0
AT1G50480,0.16631962
AT1G50490,-0.00068695605
AT1G50500,0.07302299
AT1G50510,0.01723585
AT1G50520,0.04965673
AT1G50530,0.0
AT1G50560,0.03967564
AT1G50570,0.19738297
AT1G50580,0.048022225
AT1G50590,0.15441057
AT1G50600,-0.07702252
AT1G50610,0.031247262
AT1G50620,-0.19005151
AT1G50630,0.03456831
AT1G50640,0.15011856
AT1G50650,-0.0018239956
AT1G50660,-0.101128146
AT1G50670,0.1675053
AT1G50680,0.021258121
AT1G50690,0.01239287
AT1G50700,0.0010439756
AT1G50710,-0.129864
AT1G50720,-0.00781337
AT1G50730,-0.0066583315
AT1G50732,-0.77233696
AT1G50740,0.24891675
AT1G50745,-0.17137435
AT1G50750,-0.18895483
AT1G50760,-0.0039181258
AT1G50770,0.0038017554
AT1G50780,-0.031671785
AT1G50790,-0.06844945
AT1G50820,0.010324207
AT1G50830,0.03989219
AT1G50840,-0.1692717
AT1G50870,0.0
AT1G50880,0.0
AT1G50890,0.012529443
AT1G50900,-0.4742859
AT1G50910,0.04374635
AT1G50920,0.15515032
AT1G50930,0.0014360907
AT1G50940,0.40352097
AT1G50950,0.262068
AT1G50960,0.00017970966
AT1G50970,-0.09658391
AT1G50980,0.0
AT1G50990,0.0
AT1G51000,0.0
AT1G51010,7.269358e-05
AT1G51030,0.002039993
AT1G51035,0.03660957
AT1G51040,7.830054e-05
AT1G51055,-0.016549645
AT1G51060,0.11164088
AT1G51070,-0.31141725
AT1G51080,-0.5146501
AT1G51090,0.19390303
AT1G51100,-0.14896691
AT1G51110,-0.5612246
AT1G51120,0.12121301
AT1G51130,0.19672759
AT1G51140,0.17116368
AT1G51150,0.00022709902
AT1G51160,0.20959647
AT1G51170,-0.070751406
AT1G51172,0.0
AT1G51190,0.0028217444
AT1G51200,-0.017736193
AT1G51210,0.0
AT1G51220,0.0037674715
AT1G51230,0.0
AT1G51240,0.0
AT1G51250,0.0
AT1G51260,-0.043072704
AT1G51270,-0.2366962
AT1G51290,0.0
AT1G51300,0.002686869
AT1G51310,0.06847238
AT1G51320,0.0031489232
AT1G51330,0.055857353
AT1G51340,0.1640721
AT1G51350,0.31706378
AT1G51355,-0.17624561
AT1G51360,0.032520328
AT1G51370,-0.09773552
AT1G51380,0.10891236
AT1G51390,0.1576618
AT1G51400,-0.5352052
AT1G51402,-0.12291428
AT1G51405,-0.2934155
AT1G51410,0.0031478512
AT1G51420,0.14128582
AT1G51430,-0.15459244
AT1G51440,0.18689841
AT1G51450,0.053288616
AT1G51460,0.07321839
AT1G51470,-0.059628252
AT1G51480,0.07534322
AT1G51490,0.0031489232
AT1G51500,-0.4334168
AT1G51510,0.108142205
AT1G51520,0.04022677
AT1G51530,0.012978102
AT1G51538,0.0059704473
AT1G51540,0.21873127
AT1G51550,0.025551112
AT1G51560,0.018709773
AT1G51570,-0.26232955
AT1G51580,-0.2213392
AT1G51590,0.2680282
AT1G51600,0.25349185
AT1G51610,0.16982009
AT1G51620,0.55074984
AT1G51630,-0.12704259
AT1G51640,0.45172057
AT1G51650,0.26066238
AT1G51660,0.5857064
AT1G51670,0.3138307
AT1G51680,0.29341188
AT1G51690,-0.04629617
AT1G51700,-0.22918554
AT1G51710,0.37644014
AT1G51720,0.08170564
AT1G51730,-0.0141579965
AT1G51740,0.05306913
AT1G51745,-0.20751601
AT1G51760,1.1439998
AT1G51770,0.16844983
AT1G51780,1.3454497
AT1G51790,0.32591572
AT1G51800,0.513958
AT1G51802,0.0
AT1G51805,-0.6036797
AT1G51810,0.07160656
AT1G51820,0.38212222
AT1G51823,0.0
AT1G51830,0.024922386
AT1G51840,0.011032787
AT1G51850,-0.062847205
AT1G51860,0.43723667
AT1G51870,0.0007827926
AT1G51880,-0.011858094
AT1G51890,1.4214611
AT1G51900,0.018915616
AT1G51910,0.0
AT1G51913,0.24933082
AT1G51915,0.07867693
AT1G51920,0.38167682
AT1G51930,0.0009498088
AT1G51940,-0.254294
AT1G51950,0.16254051
AT1G51960,0.13977285
AT1G51965,-0.08035251
AT1G51970,0.0
AT1G51980,0.39931655
AT1G51990,0.0
AT1G52000,-0.07546609
AT1G52030,0.11430885
AT1G52040,0.01902992
AT1G52050,-0.07113121
AT1G52060,-0.0945348
AT1G52070,-0.12980226
AT1G52080,0.52522343
AT1G52100,-0.120718285
AT1G52110,0.19673434
AT1G52120,0.09252958
AT1G52130,0.0071059666
AT1G52140,-0.32554585
AT1G52150,-0.0031200591
AT1G52155,0.14820202
AT1G52160,0.32526204
AT1G52180,0.0
AT1G52190,-1.1578295
AT1G52191,0.047726996
AT1G52200,0.8362368
AT1G52220,-0.3616197
AT1G52230,-0.49753338
AT1G52240,-0.021381127
AT1G52245,-0.06361783
AT1G52260,0.27237093
AT1G52270,-0.03290685
AT1G52280,-0.10108231
AT1G52290,-0.12530461
AT1G52300,0.04927895
AT1G52310,0.040611804
AT1G52315,0.28861225
AT1G52320,0.13523236
AT1G52325,-0.0023226007
AT1G52330,0.08004911
AT1G52340,-0.13274881
AT1G52342,0.10848013
AT1G52343,0.045183726
AT1G52360,0.10308633
AT1G52370,0.24904948
AT1G52380,0.12462076
AT1G52390,0.03219836
AT1G52400,0.034102425
AT1G52410,0.039220545
AT1G52415,0.0
AT1G52420,0.100757405
AT1G52430,0.010257203
AT1G52440,0.0
AT1G52450,0.037053026
AT1G52460,0.0
AT1G52470,0.00081786746
AT1G52490,3.6809124e-05
AT1G52495,-3.137753e-05
AT1G52500,-0.0007816332
AT1G52510,-0.52380556
AT1G52520,-0.082296304
AT1G52530,0.26961306
AT1G52540,0.19748895
AT1G52550,0.11254261
AT1G52560,0.47832647
AT1G52565,0.3988913
AT1G52570,-0.13335274
AT1G52580,0.19301823
AT1G52590,-0.14261213
AT1G52600,0.19591986
AT1G52603,0.0
AT1G52618,-0.070156835
AT1G52620,-0.01760068
AT1G52630,0.08841048
AT1G52640,-0.030967256
AT1G52650,0.04731882
AT1G52660,0.014760391
AT1G52670,-0.104366295
AT1G52680,0.011148388
AT1G52690,1.2027022
AT1G52695,0.0
AT1G52700,-0.1318374
AT1G52710,-0.067483604
AT1G52720,0.44355878
AT1G52730,0.08904588
AT1G52740,0.08808947
AT1G52750,-0.29946664
AT1G52760,0.47285512
AT1G52770,0.30616
AT1G52780,0.33538026
AT1G52790,0.015036269
AT1G52800,0.060240597
AT1G52810,0.044937104
AT1G52820,0.09743502
AT1G52825,0.07326652
AT1G52827,-0.15610607
AT1G52830,-0.44290432
AT1G52855,0.25287667
AT1G52857,-0.009077386
AT1G52870,-0.39111927
AT1G52880,0.22471014
AT1G52890,1.7580956
AT1G52900,0.5157876
AT1G52905,0.11089542
AT1G52910,0.08856788
AT1G52920,-0.10167169
AT1G52930,0.150332
AT1G52940,0.00028597962
AT1G52950,-0.019036006
AT1G52970,0.0
AT1G52980,-0.07258741
AT1G52990,-0.0455503
AT1G53000,-0.25438055
AT1G53010,-4.5022683e-05
AT1G53020,0.0
AT1G53023,0.0045024236
AT1G53025,-0.025650768
AT1G53030,0.28443292
AT1G53035,0.4618455
AT1G53040,0.016513644
AT1G53050,0.0021498224
AT1G53060,-0.022798413
AT1G53070,-0.22583362
AT1G53080,-0.09034837
AT1G53090,-0.32277253
AT1G53100,0.9313841
AT1G53110,0.32233614
AT1G53120,-0.18360603
AT1G53130,-0.026235167
AT1G53140,0.084930204
AT1G53160,-0.31606147
AT1G53163,-0.07252369
AT1G53165,0.1063043
AT1G53170,-0.15820503
AT1G53180,0.056083404
AT1G53190,-0.05377894
AT1G53200,0.060151014
AT1G53210,-0.18279529
AT1G53230,-0.10266008
AT1G53240,-0.0030087554
AT1G53250,-0.36267543
AT1G53260,0.019231364
AT1G53265,0.0031489232
AT1G53270,0.23196611
AT1G53280,-0.0820668
AT1G53282,0.0
AT1G53285,0.009416027
AT1G53290,-0.22895059
AT1G53300,-0.37884724
AT1G53310,0.4402759
AT1G53320,0.20339176
AT1G53325,0.0
AT1G53330,0.13900784
AT1G53340,-0.07167585
AT1G53345,0.007968611
AT1G53350,-0.1905259
AT1G53360,0.008291022
AT1G53366,0.0023337672
AT1G53370,0.04336813
AT1G53380,-0.21654862
AT1G53390,0.15741172
AT1G53400,-0.013104249
AT1G53420,0.0110456655
AT1G53430,0.14353369
AT1G53440,-0.15971325
AT1G53450,-0.30525145
AT1G53460,0.058439694
AT1G53470,1.0226936
AT1G53480,-0.005376305
AT1G53490,0.40423456
AT1G53500,-0.059089646
AT1G53510,-0.15602612
AT1G53520,-0.62021494
AT1G53530,-0.026123181
AT1G53540,1.5197071
AT1G53541,0.07536791
AT1G53542,-0.004244838
AT1G53550,0.033052236
AT1G53560,0.4705191
AT1G53570,0.22013135
AT1G53580,0.68345803
AT1G53590,-0.054363698
AT1G53600,0.16717055
AT1G53610,0.005920582
AT1G53620,0.9085853
AT1G53625,1.8570994
AT1G53633,-0.0012737792
AT1G53635,0.01137769
AT1G53640,0.0018304772
AT1G53645,0.18618175
AT1G53650,0.07844007
AT1G53655,0.012080967
AT1G53660,0.014497023
AT1G53670,-0.056041285
AT1G53680,-0.05251426
AT1G53690,-0.30318052
AT1G53700,-0.059551597
AT1G53705,0.0
AT1G53708,-0.0009973622
AT1G53710,0.2573912
AT1G53720,-0.028671792
AT1G53730,-0.18645987
AT1G53750,0.5225234
AT1G53760,0.5835139
AT1G53770,0.202513
AT1G53780,0.071514644
AT1G53790,0.29383513
AT1G53800,-0.4074192
AT1G53815,0.0
AT1G53820,3.6809124e-05
AT1G53830,0.49440312
AT1G53840,-0.35921645
AT1G53850,0.4462822
AT1G53860,-0.00899536
AT1G53870,0.2925369
AT1G53875,-0.25166982
AT1G53880,0.33413994
AT1G53885,0.0
AT1G53887,0.05794016
AT1G53890,-0.054779176
AT1G53900,0.16687521
AT1G53903,0.34809062
AT1G53910,0.20785111
AT1G53920,0.529093
AT1G53930,0.00034241163
AT1G53935,-0.0022384438
AT1G53940,0.011047757
AT1G53945,0.00059902936
AT1G53950,0.055804636
AT1G53970,0.04267699
AT1G53980,0.2688733
AT1G53990,0.2318667
AT1G54000,0.38836235
AT1G54010,0.6181353
AT1G54020,0.5686328
AT1G54030,0.45992243
AT1G54040,-0.22618896
AT1G54050,0.27131513
AT1G54060,0.040358648
AT1G54070,0.03474649
AT1G54080,0.06291708
AT1G54090,0.1728148
AT1G54095,0.48277384
AT1G54100,0.9158582
AT1G54110,0.00875079
AT1G54115,0.39207417
AT1G54120,0.2655387
AT1G54130,0.38234892
AT1G54140,0.05200653
AT1G54150,0.32925704
AT1G54160,0.053948466
AT1G54170,0.1626962
AT1G54180,-0.30901706
AT1G54200,-0.2508303
AT1G54210,0.27152932
AT1G54215,0.17067295
AT1G54217,0.062432308
AT1G54220,0.006278054
AT1G54230,0.0
AT1G54240,0.0010348293
AT1G54250,0.19922546
AT1G54260,0.1652688
AT1G54270,0.450372
AT1G54280,0.19370107
AT1G54290,0.2853983
AT1G54300,0.00033747943
AT1G54310,-0.29849264
AT1G54320,0.39833704
AT1G54330,0.07578909
AT1G54340,0.16117382
AT1G54350,-0.2942773
AT1G54360,0.053893026
AT1G54370,0.017917482
AT1G54380,-0.01606543
AT1G54385,-0.17481308
AT1G54390,0.0507882
AT1G54400,0.09845978
AT1G54410,-0.18650714
AT1G54420,0.003983776
AT1G54440,-0.10324258
AT1G54445,0.0
AT1G54450,-0.15616162
AT1G54460,0.0643031
AT1G54470,-0.038822744
AT1G54490,0.119009174
AT1G54500,-0.34799927
AT1G54510,-0.01872906
AT1G54520,-0.027493395
AT1G54530,0.10496769
AT1G54540,0.5390302
AT1G54550,0.013842435
AT1G54560,0.26230535
AT1G54570,1.3054359
AT1G54575,1.3443874
AT1G54580,-0.057929717
AT1G54590,0.005674558
AT1G54610,0.043645058
AT1G54620,0.000804618
AT1G54630,-0.0018682212
AT1G54640,0.00010573755
AT1G54650,0.09241929
AT1G54680,0.040951528
AT1G54690,0.039956607
AT1G54700,0.0
AT1G54710,0.40881294
AT1G54720,0.0
AT1G54730,-0.39346808
AT1G54740,-0.6217061
AT1G54760,-0.008178388
AT1G54770,0.11102327
AT1G54773,-0.021048682
AT1G54775,0.0
AT1G54780,-0.41138995
AT1G54790,0.029762069
AT1G54820,-0.70327604
AT1G54830,0.16566248
AT1G54840,-0.080574304
AT1G54850,0.060491003
AT1G54860,0.08176845
AT1G54870,0.08143255
AT1G54890,1.5183148
AT1G54920,-0.10690812
AT1G54930,0.003279211
AT1G54940,-0.017005954
AT1G54950,-0.002641228
AT1G54953,0.010059102
AT1G54957,0.12625133
AT1G54960,0.0401781
AT1G54970,-0.025999326
AT1G54980,0.00064307556
AT1G54990,0.23085248
AT1G55000,-0.018077163
AT1G55010,0.0369938
AT1G55020,1.9160057
AT1G55030,-0.0046277065
AT1G55040,0.11950958
AT1G55050,0.075381145
AT1G55060,0.017186718
AT1G55070,0.00028496265
AT1G55080,0.45044193
AT1G55090,0.14483292
AT1G55110,-0.00056329346
AT1G55120,-0.114394695
AT1G55130,-0.2279351
AT1G55140,-0.25539643
AT1G55150,0.053083442
AT1G55152,-0.038763296
AT1G55160,-0.19625589
AT1G55170,0.18946432
AT1G55175,-0.0026970252
AT1G55180,0.07589421
AT1G55190,0.2702363
AT1G55200,-0.010720424
AT1G55205,0.06143606
AT1G55207,0.013621
AT1G55210,0.35573444
AT1G55220,0.00032177177
AT1G55230,0.17638324
AT1G55240,0.10261795
AT1G55250,0.065889716
AT1G55260,-0.45851028
AT1G55265,0.7015323
AT1G55270,-0.17819005
AT1G55280,0.19887461
AT1G55290,0.017693097
AT1G55300,-0.1164237
AT1G55310,0.08239907
AT1G55320,-0.2936516
AT1G55325,0.086405165
AT1G55330,-0.99742335
AT1G55335,-0.3251954
AT1G55340,-0.22913101
AT1G55350,-0.13533396
AT1G55360,-0.64142805
AT1G55365,0.2536521
AT1G55370,-0.61328757
AT1G55380,-0.088665396
AT1G55390,0.047287673
AT1G55420,-0.11012119
AT1G55430,-0.03433945
AT1G55440,-0.036724098
AT1G55450,-0.025441395
AT1G55460,-0.09913155
AT1G55475,0.0042689545
AT1G55480,-0.5870745
AT1G55490,-0.4750942
AT1G55500,0.26603547
AT1G55510,0.5698863
AT1G55520,0.06879221
AT1G55530,0.09707833
AT1G55535,0.26505956
AT1G55540,-0.090350814
AT1G55546,0.0
AT1G55550,0.020716755
AT1G55560,-0.00064941024
AT1G55570,-0.00043517636
AT1G55580,-0.012546557
AT1G55590,0.12066737
AT1G55600,0.0007367744
AT1G55610,0.65897036
AT1G55620,0.038633127
AT1G55630,-0.1118911
AT1G55640,0.0032114289
AT1G55650,-4.9086593e-06
AT1G55660,0.044996005
AT1G55670,-0.46584144
AT1G55673,-0.22969018
AT1G55675,-0.08441429
AT1G55680,0.12046849
AT1G55690,0.07865064
AT1G55710,0.0
AT1G55720,0.009264432
AT1G55730,0.517251
AT1G55740,0.0626252
AT1G55750,0.032912835
AT1G55755,-0.00021733096
AT1G55760,-0.30850357
AT1G55775,0.93952435
AT1G55790,0.0031489232
AT1G55800,0.005837383
AT1G55803,0.022566509
AT1G55805,-0.005241243
AT1G55810,0.090276666
AT1G55820,0.4516404
AT1G55830,0.13780676
AT1G55840,0.17127424
AT1G55850,0.07938264
AT1G55860,0.16859172
AT1G55865,-0.06412302
AT1G55870,0.10242478
AT1G55880,0.042206816
AT1G55890,0.024206782
AT1G55900,0.19470535
AT1G55910,0.31523326
AT1G55915,0.15540229
AT1G55917,0.0
AT1G55920,0.7736941
AT1G55928,0.0
AT1G55930,-0.1623894
AT1G55940,0.03410273
AT1G55945,-3.468297e-05
AT1G55947,0.0
AT1G55950,0.010735748
AT1G55960,-0.30055225
AT1G55970,-0.25904107
AT1G55980,-0.11877748
AT1G55990,-0.001714229
AT1G56000,-0.14436363
AT1G56010,0.36503327
AT1G56020,0.0652004
AT1G56030,0.0
AT1G56040,0.0020476265
AT1G56045,0.09323966
AT1G56050,-0.30983046
AT1G56060,1.2055155
AT1G56070,0.20490234
AT1G56080,0.21554606
AT1G56085,-0.00090439
AT1G56090,-0.01642781
AT1G56100,-0.00043560396
AT1G56105,0.0
AT1G56110,0.27588153
AT1G56120,0.17872281
AT1G56130,0.1168409
AT1G56140,0.19557884
AT1G56145,0.79631424
AT1G56150,0.3134849
AT1G56160,-0.035338648
AT1G56170,-0.19647285
AT1G56180,-0.12866943
AT1G56190,-0.05373883
AT1G56200,-0.0013955607
AT1G56210,-0.45009485
AT1G56220,-0.19420281
AT1G56225,0.0
AT1G56230,-0.30009016
AT1G56233,-0.00032420113
AT1G56240,0.02442876
AT1G56250,0.050149664
AT1G56260,-0.07278804
AT1G56270,-0.012002322
AT1G56280,0.0055289203
AT1G56290,0.08308864
AT1G56300,0.71683156
AT1G56310,-0.0956885
AT1G56320,0.2679873
AT1G56330,0.17556027
AT1G56340,0.3858351
AT1G56345,-0.14259854
AT1G56350,-0.04186194
AT1G56360,0.0
AT1G56380,0.0
AT1G56385,0.0
AT1G56400,0.0
AT1G56410,0.17475215
AT1G56415,0.0
AT1G56418,-0.008742137
AT1G56420,-0.06531915
AT1G56423,-0.10948846
AT1G56430,-0.5009672
AT1G56440,0.051139213
AT1G56450,0.5443157
AT1G56460,0.03295659
AT1G56500,-0.448226
AT1G56510,-0.50352067
AT1G56520,-0.13472347
AT1G56530,0.017282646
AT1G56540,-0.2278219
AT1G56550,0.37136212
AT1G56553,0.0
AT1G56555,-0.022980828
AT1G56560,0.1491229
AT1G56570,-0.1345769
AT1G56580,-0.45235285
AT1G56590,-0.0067193843
AT1G56600,-0.4043774
AT1G56610,0.014989372
AT1G56620,-3.137753e-05
AT1G56630,0.026168726
AT1G56650,0.57259154
AT1G56660,0.29919094
AT1G56670,-0.34220678
AT1G56680,-0.043334905
AT1G56690,0.040519837
AT1G56700,0.41041133
AT1G56710,0.063673906
AT1G56720,-0.56721216
AT1G57540,0.07346472
AT1G57550,-0.00021873838
AT1G57557,0.0
AT1G57565,-0.00075025053
AT1G57570,0.05401003
AT1G57580,-0.00043517636
AT1G57590,0.017590055
AT1G57600,0.16295867
AT1G57610,0.10007942
AT1G57613,0.0
AT1G57620,0.19980739
AT1G57630,1.687115
AT1G57650,1.1777555
AT1G57660,-0.04605326
AT1G57670,0.0070249797
AT1G57680,-0.06824477
AT1G57690,0.018180253
AT1G57700,0.20746002
AT1G57720,0.093655
AT1G57730,-0.011262604
AT1G57750,0.02095387
AT1G57760,0.0
AT1G57760,0.0
AT1G57770,0.008537876
AT1G57775,0.0
AT1G57777,0.0
AT1G57780,-0.023264008
AT1G57790,-0.20567736
AT1G57800,0.002931758
AT1G57820,0.040043753
AT1G57830,0.0
AT1G57850,-0.13591325
AT1G57870,-0.14416473
AT1G57906,0.0023337672
AT1G57943,0.13505007
AT1G57980,-0.33991066
AT1G57990,0.40903762
AT1G58007,-0.037278995
AT1G58025,0.0042303465
AT1G58030,0.27805686
AT1G58037,-0.009462855
AT1G58050,-6.607107e-06
AT1G58055,0.0
AT1G58060,0.08224413
AT1G58070,0.226028
AT1G58080,-0.1327768
AT1G58090,0.0
AT1G58100,0.009147905
AT1G58110,0.14369233
AT1G58120,0.24318136
AT1G58150,-0.12839785
AT1G58160,-0.062308107
AT1G58170,0.1853914
AT1G58180,0.11414952
AT1G58190,0.6438002
AT1G58195,0.0
AT1G58200,0.09465977
AT1G58210,-0.20095654
AT1G58215,0.0036081914
AT1G58220,-0.0030788986
AT1G58223,-0.11603859
AT1G58225,-0.15949214
AT1G58230,0.06457339
AT1G58235,0.20159186
AT1G58242,0.0
AT1G58245,0.0
AT1G58248,0.0
AT1G58250,-0.10565787
AT1G58260,0.0
AT1G58265,-0.0072041196
AT1G58270,0.105588146
AT1G58280,-0.34944254
AT1G58290,-0.32550284
AT1G58300,0.26204187
AT1G58310,0.0045024236
AT1G58320,0.043079533
AT1G58330,0.0023337672
AT1G58340,1.9674447
AT1G58350,-0.20465016
AT1G58360,0.54570293
AT1G58370,-0.28210035
AT1G58380,0.22654596
AT1G58390,0.21233909
AT1G58400,-0.04127964
AT1G58410,0.0793774
AT1G58420,0.22129703
AT1G58430,-0.0036351392
AT1G58440,-0.26573104
AT1G58450,0.00035243435
AT1G58460,-0.014124838
AT1G58470,0.25810224
AT1G58520,-0.28772867
AT1G58525,0.0
AT1G58602,-0.026972447
AT1G58643,0.06549357
AT1G58725,-0.011757383
AT1G58766,4.1308063e-05
AT1G58807,-0.15889609
AT1G58848,-0.104214884
AT1G58889,0.0
AT1G59030,0.005890769
AT1G59124,0.0
AT1G59171,0.054771565
AT1G59218,-0.08001107
AT1G59359,0.06734146
AT1G59406,0.0
AT1G59460,0.0
AT1G59470,0.0
AT1G59500,0.0
AT1G59510,-0.008050688
AT1G59520,0.14450616
AT1G59530,0.008009057
AT1G59540,-0.0695701
AT1G59550,0.00010573755
AT1G59560,-0.10521843
AT1G59580,0.0755585
AT1G59590,0.36006492
AT1G59600,-0.040335942
AT1G59610,0.170754
AT1G59620,-0.122074716
AT1G59630,0.0
AT1G59640,0.2208523
AT1G59650,0.122987084
AT1G59660,0.08896353
AT1G59670,0.06592169
AT1G59675,0.0
AT1G59680,0.0
AT1G59690,0.00079133856
AT1G59700,0.2382101
AT1G59710,0.53874534
AT1G59720,-0.30898094
AT1G59722,0.0
AT1G59723,0.0
AT1G59724,0.0
AT1G59725,0.0021327245
AT1G59730,0.07016182
AT1G59740,1.1855621
AT1G59750,-0.1697474
AT1G59760,0.023804141
AT1G59780,-0.0058265175
AT1G59790,-7.479745e-05
AT1G59800,0.0
AT1G59810,-0.011416671
AT1G59820,0.21188255
AT1G59830,0.0066567077
AT1G59833,0.0
AT1G59835,0.0
AT1G59840,-0.50232005
AT1G59850,1.0529219
AT1G59860,0.05845272
AT1G59865,0.22773153
AT1G59870,0.2828798
AT1G59885,0.0054826904
AT1G59890,0.17380033
AT1G59900,0.09340945
AT1G59910,0.033630494
AT1G59920,-0.20691195
AT1G59930,0.042479996
AT1G59940,-0.018499086
AT1G59950,0.6436694
AT1G59960,0.16874759
AT1G59970,-0.17055592
AT1G59980,-0.029959252
AT1G59990,0.051040325
AT1G60000,-0.21564734
AT1G60010,-0.25627
AT1G60030,0.14516233
AT1G60040,0.005504324
AT1G60050,-0.011070611
AT1G60060,-0.15621702
AT1G60070,-0.07319412
AT1G60080,0.21484542
AT1G60090,0.0
AT1G60095,0.0031535137
AT1G60110,-0.061499443
AT1G60130,0.1530246
AT1G60140,0.21020572
AT1G60160,0.06108955
AT1G60170,0.15823409
AT1G60180,0.0
AT1G60190,0.49343383
AT1G60200,-0.17564203
AT1G60220,-0.05047635
AT1G60230,-0.2370927
AT1G60240,0.049193893
AT1G60250,0.00010573755
AT1G60260,-0.37629652
AT1G60270,-0.32265416
AT1G60280,-0.0005007324
AT1G60300,0.033718076
AT1G60320,0.0
AT1G60340,0.021301791
AT1G60350,0.005121722
AT1G60360,-0.036036693
AT1G60370,0.0
AT1G60380,-0.009956401
AT1G60390,-0.4897296
AT1G60400,0.0
AT1G60410,0.045987833
AT1G60420,0.39492637
AT1G60430,0.13772242
AT1G60440,0.16997705
AT1G60450,-0.013506899
AT1G60460,-0.12411617
AT1G60470,-0.019692052
AT1G60490,0.091468625
AT1G60500,0.09431011
AT1G60530,0.14432102
AT1G60550,-0.38709372
AT1G60560,-0.15888645
AT1G60570,-4.5022683e-05
AT1G60590,-0.18374452
AT1G60600,-0.20507419
AT1G60610,0.40181956
AT1G60620,0.15778282
AT1G60625,0.0
AT1G60630,-0.4867913
AT1G60640,0.110592395
AT1G60650,0.21242177
AT1G60660,0.028142607
AT1G60670,0.021787526
AT1G60680,0.09168059
AT1G60690,-0.4591314
AT1G60700,-0.32030702
AT1G60710,0.008962995
AT1G60720,0.012429216
AT1G60730,1.2865527
AT1G60740,0.3482685
AT1G60750,0.038950432
AT1G60760,0.003286604
AT1G60770,-0.028680947
AT1G60780,0.13067785
AT1G60783,0.0066430196
AT1G60787,-0.014391215
AT1G60790,-0.21852137
AT1G60800,-0.4686485
AT1G60810,-0.2513226
AT1G60815,0.0
AT1G60830,0.20489031
AT1G60850,0.2681245
AT1G60860,-0.29193068
AT1G60870,-0.1416319
AT1G60880,0.002976843
AT1G60890,0.5561534
AT1G60900,-0.07356674
AT1G60913,0.00086855085
AT1G60920,-0.0027029626
AT1G60930,-0.116896234
AT1G60940,0.038477372
AT1G60950,-0.40991983
AT1G60960,0.32694897
AT1G60970,0.07074906
AT1G60980,-1.7356308e-05
AT1G60983,0.0
AT1G60985,-0.00043517636
AT1G60986,0.015673993
AT1G60987,-0.024224011
AT1G60989,0.0023571192
AT1G60990,-0.25609446
AT1G60995,0.092660196
AT1G61000,0.108498976
AT1G61010,-0.0057898667
AT1G61030,0.044865023
AT1G61040,0.058129296
AT1G61050,-0.01055323
AT1G61060,0.008878079
AT1G61065,0.02441446
AT1G61070,0.003328633
AT1G61080,0.22436884
AT1G61090,0.10574403
AT1G61093,0.10437407
AT1G61095,0.032047015
AT1G61097,0.032979902
AT1G61100,-0.33181027
AT1G61105,0.0
AT1G61110,0.22971432
AT1G61120,2.0124333
AT1G61130,-0.012038034
AT1G61140,0.34728152
AT1G61150,0.26713696
AT1G61160,0.0031902746
AT1G61165,-0.020228952
AT1G61170,-0.22218733
AT1G61180,0.10303018
AT1G61190,-0.4063868
AT1G61200,0.010306221
AT1G61210,-0.13709491
AT1G61215,-0.0053638867
AT1G61230,-0.06626743
AT1G61240,-0.3478619
AT1G61250,0.4862795
AT1G61255,0.11997746
AT1G61260,-0.2304809
AT1G61270,0.0546629
AT1G61280,-0.11069591
AT1G61290,-0.059057128
AT1G61300,-0.56442654
AT1G61310,-0.04377157
AT1G61320,-0.00031981626
AT1G61330,0.0023187925
AT1G61340,0.75160664
AT1G61350,-0.21354441
AT1G61360,0.6376187
AT1G61370,0.41427788
AT1G61380,0.18128465
AT1G61390,0.08582907
AT1G61400,0.101818115
AT1G61410,0.08289197
AT1G61415,0.22990972
AT1G61420,0.73540676
AT1G61430,0.059452984
AT1G61440,0.55592084
AT1G61450,0.095194414
AT1G61460,0.0471398
AT1G61470,-0.0960444
AT1G61475,0.0007698098
AT1G61480,0.08179069
AT1G61490,0.2800653
AT1G61500,-0.32322907
AT1G61520,-0.4405011
AT1G61540,0.0023337672
AT1G61550,0.22734493
AT1G61560,0.98465174
AT1G61562,0.0052914605
AT1G61563,-0.00085557473
AT1G61565,0.0
AT1G61566,-0.00021873838
AT1G61570,0.40098292
AT1G61575,-0.05745377
AT1G61580,0.18963018
AT1G61590,-0.068606146
AT1G61600,-0.3384996
AT1G61610,1.2119764
AT1G61620,0.18106693
AT1G61630,0.00028701962
AT1G61640,0.45306173
AT1G61660,-0.119401895
AT1G61667,0.0810674
AT1G61670,0.12907757
AT1G61680,0.066181585
AT1G61685,0.0
AT1G61688,0.0
AT1G61690,0.2142288
AT1G61700,0.03843152
AT1G61710,-0.041820545
AT1G61720,-0.0017985126
AT1G61730,0.2869918
AT1G61740,-0.113094255
AT1G61750,0.37115613
AT1G61760,-0.13033572
AT1G61770,0.22913723
AT1G61780,0.12581
AT1G61790,0.13408549
AT1G61795,-0.5034479
AT1G61800,2.839106
AT1G61810,2.117438
AT1G61820,3.329596
AT1G61840,-0.02525314
AT1G61850,-0.0321979
AT1G61860,0.12649536
AT1G61870,0.2548536
AT1G61890,-0.13922241
AT1G61900,-0.2790208
AT1G61920,-0.01755877
AT1G61930,0.03475066
AT1G61940,0.0
AT1G61950,-0.0058579957
AT1G61960,0.15103608
AT1G61970,-0.13424288
AT1G61980,0.11723861
AT1G61990,0.14821447
AT1G62000,0.0865299
AT1G62010,0.095292374
AT1G62020,0.0709246
AT1G62030,-0.2710948
AT1G62040,0.06506722
AT1G62045,0.356912
AT1G62050,-0.140142
AT1G62060,0.0
AT1G62070,0.0
AT1G62080,-0.001039117
AT1G62085,0.02604054
AT1G62110,0.020599624
AT1G62120,-0.26405394
AT1G62130,-0.056766707
AT1G62150,-0.04511213
AT1G62160,0.0045024236
AT1G62170,0.033210926
AT1G62180,-0.4059499
AT1G62190,-0.009330443
AT1G62200,0.3842493
AT1G62210,0.0
AT1G62220,0.0
AT1G62225,0.12510352
AT1G62240,0.16283809
AT1G62250,-0.3175657
AT1G62260,-0.05030347
AT1G62262,-0.05344688
AT1G62270,0.00021643797
AT1G62280,-0.0012211136
AT1G62290,-0.37919104
AT1G62300,1.2171301
AT1G62305,0.7458077
AT1G62310,0.047068845
AT1G62320,0.26313818
AT1G62330,-0.25401437
AT1G62333,0.04638244
AT1G62340,0.00021643797
AT1G62350,0.13867821
AT1G62360,-0.03123191
AT1G62370,0.6831429
AT1G62380,0.33406043
AT1G62390,0.0069643357
AT1G62400,-0.28059188
AT1G62410,-0.0018537064
AT1G62415,0.0
AT1G62420,0.48604
AT1G62421,0.00011097522
AT1G62430,0.17325994
AT1G62440,-0.30747914
AT1G62450,0.013652947
AT1G62480,-0.30841097
AT1G62490,0.04578226
AT1G62500,0.062179524
AT1G62510,0.3211169
AT1G62515,0.10251386
AT1G62520,-0.5661658
AT1G62530,0.010169592
AT1G62540,-0.29921773
AT1G62560,-0.7536285
AT1G62570,1.3469985
AT1G62580,0.2241471
AT1G62590,-0.2761093
AT1G62600,0.27599797
AT1G62610,0.15629284
AT1G62620,0.05845419
AT1G62630,-0.47541687
AT1G62640,-0.13170187
AT1G62660,0.68864703
AT1G62670,-0.008052677
AT1G62680,-0.12972794
AT1G62690,0.042023063
AT1G62700,0.013374042
AT1G62710,-0.18417147
AT1G62720,0.035051573
AT1G62730,0.38014072
AT1G62740,0.22751401
AT1G62750,-0.4957307
AT1G62760,1.0524427
AT1G62770,-0.049064722
AT1G62780,-0.37543213
AT1G62790,0.5046086
AT1G62800,-0.46859023
AT1G62810,0.2596364
AT1G62820,0.21846133
AT1G62830,-0.13318509
AT1G62850,0.017782247
AT1G62870,-0.13559586
AT1G62880,0.14874429
AT1G62886,-0.01816936
AT1G62895,0.0
AT1G62900,-0.005327172
AT1G62910,-0.28118926
AT1G62914,-0.14146988
AT1G62915,0.012801824
AT1G62920,-0.05113613
AT1G62930,-0.050218146
AT1G62935,0.06303591
AT1G62940,0.0028388952
AT1G62950,-0.023879275
AT1G62960,-0.18360142
AT1G62970,-0.036449585
AT1G62975,-0.34848383
AT1G62978,0.0
AT1G62980,-0.054239064
AT1G62981,0.118491516
AT1G62990,0.10020805
AT1G63000,-0.030717608
AT1G63010,0.49755868
AT1G63020,-0.015394647
AT1G63030,-0.17492425
AT1G63040,0.0
AT1G63050,0.11980154
AT1G63055,0.017465703
AT1G63057,0.018468317
AT1G63060,0.0031489232
AT1G63070,-0.003625412
AT1G63080,-0.32926565
AT1G63090,-0.10010664
AT1G63100,-0.17866921
AT1G63105,0.0027262364
AT1G63110,-0.072525874
AT1G63120,-0.07892399
AT1G63130,-0.4250381
AT1G63140,-0.06085707
AT1G63150,-0.18412489
AT1G63160,0.26858285
AT1G63170,0.021850064
AT1G63180,0.6604386
AT1G63190,0.0
AT1G63200,0.0
AT1G63205,0.0
AT1G63206,0.00010573755
AT1G63210,-0.0036341709
AT1G63220,0.12712222
AT1G63230,-0.1267682
AT1G63240,-0.2538629
AT1G63245,0.9260666
AT1G63250,0.115923345
AT1G63260,-0.29701322
AT1G63270,0.08450798
AT1G63280,0.022403868
AT1G63290,0.12477905
AT1G63295,-0.023468055
AT1G63300,-0.21917444
AT1G63310,-0.14368606
AT1G63320,-0.015088451
AT1G63330,-0.114244014
AT1G63340,0.0067983116
AT1G63350,0.051445752
AT1G63360,-0.44369453
AT1G63370,0.16140361
AT1G63390,0.08831549
AT1G63400,-0.18401985
AT1G63410,-0.012132809
AT1G63420,-0.33010358
AT1G63430,-0.058678526
AT1G63440,1.1833761
AT1G63450,0.23128456
AT1G63460,0.41157132
AT1G63470,-0.3040468
AT1G63480,-0.15466079
AT1G63490,0.052189797
AT1G63500,-0.040313724
AT1G63520,-0.0019609518
AT1G63522,0.0022895723
AT1G63530,0.5479218
AT1G63535,0.0
AT1G63540,0.0
AT1G63550,0.0
AT1G63560,0.0
AT1G63570,0.012941769
AT1G63580,0.11513053
AT1G63590,0.051932175
AT1G63600,-0.012234207
AT1G63610,-0.2159626
AT1G63615,0.013692633
AT1G63630,0.0042181313
AT1G63640,-0.20005563
AT1G63650,0.0051841335
AT1G63660,0.16336519
AT1G63670,-0.20547132
AT1G63680,-0.25646108
AT1G63690,-0.17768708
AT1G63700,-0.13561401
AT1G63710,0.026065402
AT1G63720,1.1907612
AT1G63730,0.018684112
AT1G63740,-0.008284577
AT1G63750,-0.19537216
AT1G63760,0.0
AT1G63770,0.14025658
AT1G63780,0.28966835
AT1G63800,-0.21456292
AT1G63810,0.14948069
AT1G63820,0.10539964
AT1G63830,0.16160347
AT1G63840,1.0154792
AT1G63850,-0.041308
AT1G63855,0.055235025
AT1G63860,-0.46686578
AT1G63870,0.0038283567
AT1G63880,-0.25944057
AT1G63900,-0.044362534
AT1G63910,-0.017384823
AT1G63930,0.16343705
AT1G63940,-0.12848069
AT1G63950,0.10344947
AT1G63960,0.029330822
AT1G63970,-0.047949348
AT1G63980,-0.16644685
AT1G63990,0.051776987
AT1G64000,0.033235755
AT1G64010,0.1110816
AT1G64020,0.15317106
AT1G64030,-0.037321553
AT1G64040,0.349786
AT1G64050,-0.09436162
AT1G64060,0.0882642
AT1G64065,0.49953339
AT1G64070,-0.0013133814
AT1G64080,-0.18806627
AT1G64090,0.23898213
AT1G64100,-0.015650777
AT1G64107,0.06567746
AT1G64110,0.23047583
AT1G64130,-0.006501449
AT1G64140,0.24770126
AT1G64150,-0.36211103
AT1G64160,0.32222375
AT1G64170,-0.13927718
AT1G64180,-0.21820842
AT1G64185,0.10098018
AT1G64190,0.16687143
AT1G64195,0.05268201
AT1G64200,0.45126292
AT1G64210,0.23992337
AT1G64220,-0.15139876
AT1G64230,0.050327007
AT1G64235,-0.023429422
AT1G64253,-0.0201769
AT1G64255,0.004490636
AT1G64260,-0.05898233
AT1G64280,0.30554363
AT1G64290,0.034204435
AT1G64295,0.07236508
AT1G64300,-0.03994172
AT1G64310,-0.042258583
AT1G64320,-0.107084
AT1G64330,-0.19356988
AT1G64340,-0.0012579471
AT1G64350,0.2726102
AT1G64355,-0.4010893
AT1G64360,-0.06269433
AT1G64370,-0.47818622
AT1G64380,0.20216712
AT1G64385,0.115606055
AT1G64390,-0.54285103
AT1G64400,-0.17927584
AT1G64405,0.12938352
AT1G64430,-0.31805286
AT1G64440,-0.110689685
AT1G64450,0.019968918
AT1G64455,0.044066817
AT1G64460,0.26268175
AT1G64480,0.023196641
AT1G64490,0.028208654
AT1G64500,-0.5180606
AT1G64510,-0.4295814
AT1G64520,0.40271586
AT1G64530,-0.28341055
AT1G64540,0.0469247
AT1G64550,0.03402978
AT1G64561,0.06162799
AT1G64570,0.029033585
AT1G64580,-0.12761143
AT1G64583,0.038047954
AT1G64584,0.0014891439
AT1G64585,-0.0022384438
AT1G64590,-0.03406611
AT1G64600,0.15835007
AT1G64610,0.7758035
AT1G64620,0.12282989
AT1G64625,-0.05931641
AT1G64630,0.048501924
AT1G64640,-0.8082888
AT1G64650,0.0017529228
AT1G64660,0.7967408
AT1G64670,-0.5284754
AT1G64680,-0.68143815
AT1G64690,-0.18535851
AT1G64700,-0.06019824
AT1G64710,-0.040186465
AT1G64720,-0.35957196
AT1G64740,0.20725252
AT1G64750,0.16803432
AT1G64760,-0.20759323
AT1G64770,-0.5030972
AT1G64780,-0.70390856
AT1G64790,-0.009647975
AT1G64795,0.056512456
AT1G64800,0.049257316
AT1G64810,0.12688455
AT1G64820,-0.0014514999
AT1G64830,-6.168511e-05
AT1G64840,0.1388677
AT1G64850,0.10842719
AT1G64860,-0.40501216
AT1G64870,0.00010939332
AT1G64880,0.0050529717
AT1G64890,0.44824094
AT1G64900,0.1291748
AT1G64910,-0.021702062
AT1G64920,-0.0023276724
AT1G64930,0.020358471
AT1G64940,0.5632789
AT1G64950,0.49923992
AT1G64960,-0.15398481
AT1G64970,0.17720415
AT1G64980,-0.37979424
AT1G64990,0.1728331
AT1G65000,0.18464692
AT1G65010,-0.6322096
AT1G65020,0.2588084
AT1G65030,0.4473524
AT1G65032,-0.036525223
AT1G65040,0.41113952
AT1G65050,-0.00043029344
AT1G65060,-0.09927436
AT1G65070,-0.32964242
AT1G65080,0.07386669
AT1G65090,0.007141552
AT1G65110,-0.11524293
AT1G65113,0.0
AT1G65120,-0.07568437
AT1G65130,-0.22812521
AT1G65140,-0.021558812
AT1G65150,0.16777101
AT1G65160,0.0
AT1G65165,0.0
AT1G65170,0.0
AT1G65180,-0.021680875
AT1G65190,-0.32060087
AT1G65200,-0.04417646
AT1G65210,0.0
AT1G65220,0.11965491
AT1G65230,-0.7111542
AT1G65240,0.56686574
AT1G65250,-0.031359803
AT1G65260,-0.20063017
AT1G65270,0.1414346
AT1G65280,-0.004224737
AT1G65290,0.26572514
AT1G65295,-0.45494407
AT1G65300,-0.0041737137
AT1G65310,-0.05308345
AT1G65320,-0.08041754
AT1G65330,-0.11462415
AT1G65340,0.0031489232
AT1G65342,0.0
AT1G65346,-0.00086949253
AT1G65349,0.0
AT1G65350,-0.0010931746
AT1G65352,0.0
AT1G65360,0.048742063
AT1G65370,-0.30878696
AT1G65380,-0.07754135
AT1G65390,-0.54907405
AT1G65410,0.062005028
AT1G65420,0.018149536
AT1G65425,0.0
AT1G65430,0.20513776
AT1G65440,0.0075825164
AT1G65450,-0.087312646
AT1G65470,-0.06560051
AT1G65480,0.048576552
AT1G65481,0.6200672
AT1G65483,0.8407706
AT1G65484,0.0010073594
AT1G65486,-0.5498639
AT1G65490,-0.6176423
AT1G65500,0.45895597
AT1G65510,0.4389665
AT1G65520,0.47713
AT1G65540,0.21678627
AT1G65541,-1.0511432e-05
AT1G65550,0.02368627
AT1G65560,-0.25666055
AT1G65570,0.0058247107
AT1G65580,0.21121716
AT1G65590,-0.19660881
AT1G65610,1.7512252
AT1G65620,-0.017689213
AT1G65630,-0.009510718
AT1G65640,0.0
AT1G65650,0.12060171
AT1G65660,0.10949126
AT1G65670,0.0023023898
AT1G65680,0.0005838743
AT1G65681,0.0
AT1G65690,1.4613705
AT1G65700,0.23531291
AT1G65710,-0.18860732
AT1G65720,0.24239452
AT1G65730,0.7827581
AT1G65735,0.0
AT1G65740,0.0
AT1G65750,0.0
AT1G65760,0.006697599
AT1G65770,0.0
AT1G65780,0.0
AT1G65790,-0.022329
AT1G65800,0.01502005
AT1G65810,-0.0368298
AT1G65820,0.82392335
AT1G65840,0.3662978
AT1G65845,-0.12688838
AT1G65850,-0.02812683
AT1G65860,-0.66612226
AT1G65870,-0.29424685
AT1G65880,-0.03543864
AT1G65890,-0.26411685
AT1G65900,-0.31841072
AT1G65910,-0.20092107
AT1G65920,-0.35866797
AT1G65930,-0.02649104
AT1G65950,-0.046532866
AT1G65960,-0.22367023
AT1G65970,1.4973514
AT1G65980,0.42900646
AT1G65985,-0.46502095
AT1G65990,0.0
AT1G66000,0.03198664
AT1G66020,-0.062473036
AT1G66040,1.0301269
AT1G66045,0.0
AT1G66050,1.6424341
AT1G66060,0.2778821
AT1G66070,0.22603667
AT1G66080,-0.24748
AT1G66090,1.1988398
AT1G66100,-0.20539352
AT1G66110,0.03808595
AT1G66120,-0.0061388193
AT1G66130,-0.40545347
AT1G66140,-0.30468106
AT1G66145,0.0
AT1G66150,-0.3768105
AT1G66160,0.6808761
AT1G66170,0.06976976
AT1G66180,-0.92447233
AT1G66190,-0.3123013
AT1G66200,-0.0340712
AT1G66210,-0.00043517636
AT1G66220,0.0
AT1G66230,-0.5215128
AT1G66235,0.007655994
AT1G66240,0.32704332
AT1G66245,0.0
AT1G66250,-0.09024283
AT1G66260,0.03072042
AT1G66270,0.029673742
AT1G66280,0.8167902
AT1G66290,-0.00011217079
AT1G66300,0.063943036
AT1G66310,-0.0022384438
AT1G66320,0.021228775
AT1G66330,-0.23193914
AT1G66340,0.21439213
AT1G66345,-0.16702172
AT1G66350,0.01404867
AT1G66360,0.0267499
AT1G66370,0.20685104
AT1G66380,0.21581666
AT1G66390,0.39417595
AT1G66400,0.35824
AT1G66410,0.3761406
AT1G66420,0.007823055
AT1G66430,-0.29628432
AT1G66440,-0.011827586
AT1G66450,-0.122974314
AT1G66460,-0.06422191
AT1G66465,0.29368505
AT1G66470,-0.021544771
AT1G66480,0.28369015
AT1G66490,0.00021651878
AT1G66500,0.35527807
AT1G66510,-0.14190818
AT1G66520,-0.04406332
AT1G66530,-0.06596976
AT1G66540,0.04560778
AT1G66550,0.29628646
AT1G66560,0.15960114
AT1G66570,1.7789593
AT1G66580,0.91833556
AT1G66590,0.5727954
AT1G66600,1.0597146
AT1G66610,0.019421747
AT1G66620,0.20872788
AT1G66630,0.009595737
AT1G66640,-3.0241226e-05
AT1G66650,0.02201494
AT1G66660,0.009892495
AT1G66670,0.27591136
AT1G66680,0.287309
AT1G66690,0.042132564
AT1G66700,1.8677846
AT1G66720,-0.014100574
AT1G66730,-0.15374665
AT1G66740,0.082933925
AT1G66750,-0.13176936
AT1G66760,0.31186485
AT1G66770,0.0041943532
AT1G66780,0.31897312
AT1G66800,-0.059848446
AT1G66810,-0.16315487
AT1G66820,-0.15136304
AT1G66830,0.23021938
AT1G66840,-0.38173407
AT1G66850,0.0
AT1G66852,0.0
AT1G66855,0.00021493694
AT1G66860,0.056351382
AT1G66870,0.09581655
AT1G66880,0.44851822
AT1G66890,-0.07939766
AT1G66900,0.049449496
AT1G66910,-0.22981158
AT1G66920,0.2811659
AT1G66930,-0.20867664
AT1G66940,-0.8623403
AT1G66950,0.006712707
AT1G66960,0.06280413
AT1G66970,0.0065685343
AT1G66980,-0.1412846
AT1G67000,0.6406506
AT1G67020,0.052684445
AT1G67025,-0.04361904
AT1G67030,-0.15783693
AT1G67035,0.0011070647
AT1G67040,-0.43579352
AT1G67050,-0.16610956
AT1G67060,0.44144383
AT1G67070,1.3518577
AT1G67080,-0.21988408
AT1G67090,-0.64026684
AT1G67100,0.062380943
AT1G67110,0.07296475
AT1G67120,0.24412504
AT1G67130,0.0023337672
AT1G67140,-0.059829526
AT1G67148,0.07855584
AT1G67150,-0.02148328
AT1G67160,0.031215152
AT1G67170,0.19516574
AT1G67180,-0.06440019
AT1G67190,0.3311763
AT1G67210,0.16594508
AT1G67220,0.19989766
AT1G67230,-0.112437755
AT1G67235,0.0060549285
AT1G67250,0.4621877
AT1G67260,0.256248
AT1G67265,0.033063006
AT1G67270,0.04955734
AT1G67280,-0.06884833
AT1G67290,0.05432495
AT1G67300,0.28930014
AT1G67310,-0.051750112
AT1G67320,-0.027078202
AT1G67325,0.09886621
AT1G67330,0.13553491
AT1G67340,-0.2587147
AT1G67350,0.32071346
AT1G67360,0.42584193
AT1G67370,0.121440396
AT1G67390,0.000630618
AT1G67400,-0.10394265
AT1G67410,0.036141828
AT1G67420,0.1940978
AT1G67430,0.17180395
AT1G67440,-0.14215305
AT1G67450,-3.137753e-05
AT1G67455,0.0
AT1G67460,-0.06312847
AT1G67470,-0.19262002
AT1G67480,0.14478901
AT1G67490,0.035840455
AT1G67500,0.12629023
AT1G67510,-0.19860722
AT1G67520,0.7802845
AT1G67530,-0.28725088
AT1G67540,0.03039817
AT1G67550,-0.02361243
AT1G67560,0.065283775
AT1G67570,0.24172525
AT1G67580,0.05917413
AT1G67590,-0.58526
AT1G67600,0.3477715
AT1G67620,0.32707155
AT1G67623,0.0007244736
AT1G67630,0.0007181652
AT1G67635,0.23550008
AT1G67640,0.01182964
AT1G67650,0.42620298
AT1G67660,0.13471404
AT1G67670,0.0071347747
AT1G67680,0.26047897
AT1G67690,-0.042306747
AT1G67700,-0.44793794
AT1G67710,-0.28375053
AT1G67720,-0.32130784
AT1G67730,-0.08471336
AT1G67740,-0.4533466
AT1G67750,-0.98319036
AT1G67760,-0.03438642
AT1G67770,0.0031680586
AT1G67775,0.0
AT1G67780,0.0134714
AT1G67785,0.19863883
AT1G67790,-0.009013301
AT1G67800,0.49339625
AT1G67810,0.70298034
AT1G67820,0.040442407
AT1G67830,-0.17356767
AT1G67840,-0.2524358
AT1G67850,0.6299206
AT1G67855,-0.008667292
AT1G67856,-0.07513158
AT1G67860,-0.0025532965
AT1G67865,0.2757841
AT1G67870,-0.3552973
AT1G67880,-0.1470402
AT1G67890,-0.15750569
AT1G67900,-0.41788742
AT1G67910,-0.5804098
AT1G67920,0.42473343
AT1G67930,0.055409007
AT1G67940,-0.10360829
AT1G67950,-0.13425402
AT1G67960,0.17200512
AT1G67970,0.59451926
AT1G67980,2.0040228
AT1G67990,0.007099328
AT1G68000,0.1901801
AT1G68010,-0.55453575
AT1G68020,-0.07292941
AT1G68030,0.009309861
AT1G68040,-0.008212777
AT1G68050,0.55674434
AT1G68060,-0.34896752
AT1G68070,0.08755929
AT1G68080,-0.13566506
AT1G68090,0.010675407
AT1G68100,0.2438842
AT1G68110,-0.25416976
AT1G68120,-0.021437123
AT1G68130,-0.30407104
AT1G68140,0.33519092
AT1G68150,-0.036583498
AT1G68160,0.29820994
AT1G68170,-0.05188175
AT1G68180,-0.012154427
AT1G68185,-0.046175327
AT1G68190,-0.7408632
AT1G68200,0.6917937
AT1G68210,-0.003427636
AT1G68220,-0.20455493
AT1G68230,0.031313527
AT1G68238,-0.46571168
AT1G68240,-0.109955795
AT1G68250,-0.17001595
AT1G68260,-0.18495348
AT1G68270,0.00064307556
AT1G68280,0.00039390373
AT1G68290,0.26182958
AT1G68300,0.43609264
AT1G68310,0.37325397
AT1G68320,0.121997796
AT1G68325,0.00042098277
AT1G68330,-0.25175402
AT1G68340,0.35481334
AT1G68350,0.022383876
AT1G68360,0.17847611
AT1G68370,0.28885943
AT1G68380,0.3972135
AT1G68390,0.56252587
AT1G68400,-0.7067824
AT1G68410,0.4896699
AT1G68420,0.0
AT1G68430,-0.06464691
AT1G68440,0.29655653
AT1G68450,1.665103
AT1G68460,-0.0137100415
AT1G68470,0.16667604
AT1G68480,0.05674047
AT1G68490,0.061300933
AT1G68500,0.093457356
AT1G68510,0.0035268841
AT1G68520,-0.33916909
AT1G68526,-0.042860195
AT1G68530,-0.40050218
AT1G68540,-0.35844415
AT1G68550,0.18776584
AT1G68560,-0.29020405
AT1G68570,0.0176334
AT1G68580,-0.11018302
AT1G68585,-0.06754872
AT1G68590,-0.42357543
AT1G68600,-0.06599586
AT1G68610,0.11884182
AT1G68620,2.1026487
AT1G68630,0.39844206
AT1G68640,-0.05813294
AT1G68650,0.2198953
AT1G68660,-0.12416619
AT1G68670,-0.11121889
AT1G68680,0.24854639
AT1G68690,0.74174994
AT1G68700,0.031931322
AT1G68710,0.5389825
AT1G68720,-0.048861567
AT1G68723,0.02902987
AT1G68725,-0.048629515
AT1G68730,0.061879344
AT1G68735,0.0
AT1G68740,-0.47261542
AT1G68750,0.00017970966
AT1G68760,-0.12792586
AT1G68765,0.69832134
AT1G68780,-0.5831852
AT1G68790,-0.22314438
AT1G68795,0.6402565
AT1G68800,-0.07678121
AT1G68810,-0.556036
AT1G68820,0.6875891
AT1G68825,-0.05125696
AT1G68830,-0.1964838
AT1G68840,-0.74426883
AT1G68845,-0.012601418
AT1G68850,0.45655867
AT1G68862,-0.16737033
AT1G68870,-0.3742627
AT1G68875,0.0
AT1G68877,0.0
AT1G68880,0.012749793
AT1G68890,-0.483967
AT1G68905,0.0
AT1G68907,0.0
AT1G68910,-0.01969199
AT1G68920,0.02789902
AT1G68930,-0.07884756
AT1G68935,-0.2095871
AT1G68937,-0.058871865
AT1G68940,-0.2367634
AT1G68945,0.00025877773
AT1G68960,0.059934396
AT1G68980,0.058546368
AT1G68990,0.10574198
AT1G69010,-0.10416977
AT1G69020,-0.10866746
AT1G69030,0.070964366
AT1G69040,-0.33238572
AT1G69050,0.2787732
AT1G69060,0.06252702
AT1G69070,0.07264664
AT1G69080,-0.5358978
AT1G69085,0.01407566
AT1G69090,0.0
AT1G69100,3.6809124e-05
AT1G69120,0.02724835
AT1G69150,0.22648157
AT1G69160,-0.6932854
AT1G69170,-0.07877789
AT1G69180,-0.00038422178
AT1G69190,-0.0017262085
AT1G69200,-0.0032161893
AT1G69210,0.11390342
AT1G69220,0.054625884
AT1G69230,-0.29290578
AT1G69240,-0.011367746
AT1G69250,0.24914071
AT1G69260,0.5367261
AT1G69270,0.34543943
AT1G69290,-0.035285424
AT1G69295,0.16853216
AT1G69310,0.16299927
AT1G69320,0.024119047
AT1G69325,0.00717648
AT1G69330,-0.023539431
AT1G69340,0.11372847
AT1G69350,-0.08819438
AT1G69360,0.06546802
AT1G69370,-0.073481366
AT1G69380,0.025120415
AT1G69390,-0.055396732
AT1G69400,0.013568134
AT1G69410,0.5717175
AT1G69420,-0.50357574
AT1G69430,-0.02428005
AT1G69440,-0.05265211
AT1G69450,0.20692909
AT1G69460,0.1560008
AT1G69470,0.009862133
AT1G69480,0.7844621
AT1G69485,0.026475279
AT1G69490,0.13674863
AT1G69500,-0.010797631
AT1G69510,-0.026700806
AT1G69520,0.33568794
AT1G69523,-0.44825956
AT1G69526,-0.17947693
AT1G69530,-0.69572926
AT1G69540,-0.025631016
AT1G69550,-0.009923966
AT1G69560,-0.002034677
AT1G69570,-0.05545097
AT1G69580,-0.48595107
AT1G69588,-0.10144499
AT1G69600,0.21136041
AT1G69610,0.5108189
AT1G69620,0.10638204
AT1G69630,0.024879219
AT1G69640,0.30389673
AT1G69650,0.009094518
AT1G69660,0.024191895
AT1G69670,0.17031215
AT1G69680,0.30862677
AT1G69690,-0.3099736
AT1G69700,-0.5643797
AT1G69710,0.04067511
AT1G69720,0.30835295
AT1G69730,0.039006963
AT1G69740,0.034795627
AT1G69760,0.30910003
AT1G69770,0.10971275
AT1G69780,-0.26034597
AT1G69790,0.7861874
AT1G69800,-0.31091458
AT1G69810,0.648271
AT1G69818,0.0
AT1G69820,0.0
AT1G69825,0.0
AT1G69828,0.029898645
AT1G69830,-0.19542609
AT1G69840,0.2512316
AT1G69850,-0.10503103
AT1G69860,-0.004627961
AT1G69870,0.7238514
AT1G69880,1.5892247
AT1G69890,0.2412176
AT1G69900,0.34183863
AT1G69910,-0.25037125
AT1G69920,1.7608925
AT1G69930,2.0670285
AT1G69935,-0.23050763
AT1G69940,0.0
AT1G69960,0.27744266
AT1G69970,-0.080596395
AT1G69980,0.20741415
AT1G69990,0.047428485
AT1G70000,-0.07777409
AT1G70020,-0.106750615
AT1G70030,-0.026136467
AT1G70040,9.840261e-05
AT1G70060,-0.0201129
AT1G70070,-0.11144803
AT1G70080,0.4828322
AT1G70090,-0.50315386
AT1G70100,-0.43523687
AT1G70110,-0.013640459
AT1G70120,0.0
AT1G70130,-0.0972637
AT1G70140,0.42856464
AT1G70150,0.13213228
AT1G70160,0.44542587
AT1G70170,1.1359069
AT1G70175,0.0550736
AT1G70180,-0.007950796
AT1G70190,0.14208879
AT1G70200,-0.16566333
AT1G70209,-9.508877e-05
AT1G70210,-0.52809703
AT1G70220,0.07970881
AT1G70230,-0.06081177
AT1G70250,-0.13634479
AT1G70260,-0.31302536
AT1G70270,-0.07751338
AT1G70280,-0.5517348
AT1G70290,-0.37530613
AT1G70300,0.6001506
AT1G70310,-0.10966547
AT1G70320,0.10128727
AT1G70330,0.16119975
AT1G70335,-0.021141574
AT1G70340,-0.079163335
AT1G70350,0.20000115
AT1G70360,0.18719459
AT1G70370,-0.771773
AT1G70380,-0.00042474584
AT1G70390,-0.02859616
AT1G70400,0.17305076
AT1G70410,-0.76376283
AT1G70420,0.19511552
AT1G70430,-0.3601904
AT1G70440,0.750812
AT1G70450,0.018782323
AT1G70460,0.26179194
AT1G70470,-0.28842792
AT1G70475,-0.019058784
AT1G70480,0.1836169
AT1G70490,0.19062436
AT1G70500,0.3365606
AT1G70505,-0.07793203
AT1G70510,-0.023812031
AT1G70520,-0.008595703
AT1G70530,0.080880076
AT1G70540,0.0005186968
AT1G70550,-0.31009337
AT1G70560,-0.1601409
AT1G70570,0.053502966
AT1G70580,-0.26963693
AT1G70590,0.10236165
AT1G70600,0.16048515
AT1G70610,0.08589468
AT1G70620,-0.16455986
AT1G70630,0.50773335
AT1G70640,1.052352
AT1G70650,0.03489612
AT1G70660,-0.12008802
AT1G70670,0.037498385
AT1G70680,0.106851466
AT1G70690,0.6894184
AT1G70700,-0.011721878
AT1G70710,-0.2826168
AT1G70720,-0.0061672926
AT1G70730,-0.11035727
AT1G70740,0.031338077
AT1G70750,0.0256994
AT1G70760,-0.85464585
AT1G70770,0.34893805
AT1G70780,0.4102042
AT1G70790,-0.26733765
AT1G70800,-0.045054235
AT1G70810,0.79050475
AT1G70820,-0.2755046
AT1G70830,-0.55632204
AT1G70840,0.01616431
AT1G70850,-0.15875885
AT1G70860,-0.00028207025
AT1G70870,0.0
AT1G70880,-0.06744254
AT1G70890,-0.6793789
AT1G70895,-0.43735725
AT1G70900,0.10221934
AT1G70910,0.008914791
AT1G70920,0.16024233
AT1G70940,-0.4596384
AT1G70944,-4.130602e-05
AT1G70949,0.0
AT1G70950,-0.19373815
AT1G70960,0.0
AT1G70970,0.0
AT1G70980,0.2633163
AT1G70985,-0.3448695
AT1G70990,-0.07747819
AT1G71000,0.80991715
AT1G71010,0.14072876
AT1G71015,-0.104791984
AT1G71020,-0.48177883
AT1G71030,-0.284728
AT1G71040,0.24847469
AT1G71050,-0.32023558
AT1G71060,-0.05831443
AT1G71070,0.022479136
AT1G71080,0.1806273
AT1G71090,0.15825613
AT1G71100,0.9215389
AT1G71110,0.24542025
AT1G71120,-0.031021219
AT1G71130,0.087032475
AT1G71140,0.61066043
AT1G71150,0.14923707
AT1G71160,0.03553796
AT1G71170,0.4317996
AT1G71180,-0.15106496
AT1G71190,0.18628836
AT1G71200,0.045399
AT1G71210,0.35711116
AT1G71220,0.2944001
AT1G71230,0.1851704
AT1G71235,0.0
AT1G71240,0.13830586
AT1G71250,0.09830849
AT1G71260,-0.05808063
AT1G71270,0.12979496
AT1G71280,0.11636242
AT1G71290,0.014466229
AT1G71300,0.0038605004
AT1G71310,0.15411007
AT1G71320,-0.008441553
AT1G71330,-0.12510374
AT1G71340,-0.20484081
AT1G71350,-0.011803228
AT1G71360,-0.030240795
AT1G71370,0.32264075
AT1G71380,-0.046527006
AT1G71390,0.5546077
AT1G71400,-0.12769301
AT1G71410,0.039587416
AT1G71420,0.03640318
AT1G71430,0.15775143
AT1G71440,0.060066897
AT1G71450,-0.018297276
AT1G71460,-0.20173748
AT1G71470,0.001573922
AT1G71480,-0.15027328
AT1G71490,0.00032175396
AT1G71500,-0.45603475
AT1G71520,0.940565
AT1G71530,0.8554919
AT1G71680,0.0
AT1G71690,0.029649302
AT1G71691,-0.018323287
AT1G71692,-0.026432972
AT1G71695,-0.22046882
AT1G71696,-0.15416935
AT1G71697,0.2493943
AT1G71710,-0.23002814
AT1G71720,-0.48784265
AT1G71730,0.15669432
AT1G71740,-0.060132194
AT1G71750,0.08876796
AT1G71760,-0.03896663
AT1G71770,0.3332107
AT1G71780,0.39434358
AT1G71790,-0.3273345
AT1G71800,0.3244687
AT1G71810,-0.29437461
AT1G71820,0.07398426
AT1G71830,0.12069853
AT1G71840,0.22749177
AT1G71850,0.2614091
AT1G71860,0.11866173
AT1G71865,0.14662436
AT1G71866,-0.015220078
AT1G71870,-0.2962402
AT1G71880,0.37348816
AT1G71890,0.43628374
AT1G71900,0.060885277
AT1G71910,0.3338117
AT1G71920,-0.0057390276
AT1G71930,0.02269071
AT1G71940,0.3491645
AT1G71950,0.34259763
AT1G71960,-0.068367496
AT1G71970,-0.23420432
AT1G71980,0.09997156
AT1G71990,-0.30847716
AT1G72000,0.27438182
AT1G72010,0.028745262
AT1G72020,0.36042923
AT1G72030,-0.3781936
AT1G72040,0.11176919
AT1G72050,-0.0085776765
AT1G72060,-0.25327417
AT1G72070,-0.023681665
AT1G72080,0.096356474
AT1G72090,-0.22439335
AT1G72100,0.13843484
AT1G72110,0.00010396173
AT1G72120,1.1293923
AT1G72125,0.5256686
AT1G72130,-0.14641726
AT1G72140,-0.06283699
AT1G72141,0.0
AT1G72150,-0.26854044
AT1G72160,-0.11801793
AT1G72165,0.0
AT1G72175,0.24637654
AT1G72180,-0.15212016
AT1G72190,-0.09823464
AT1G72200,-0.09072242
AT1G72210,-0.19130455
AT1G72220,-0.012591484
AT1G72230,-0.60421616
AT1G72240,-0.014636779
AT1G72250,-0.26557818
AT1G72260,0.29442716
AT1G72270,0.012719685
AT1G72275,-0.27272174
AT1G72280,0.4999785
AT1G72290,0.0031489232
AT1G72300,-0.17643878
AT1G72310,-0.18405302
AT1G72320,0.102862164
AT1G72330,0.7464903
AT1G72340,0.10425713
AT1G72350,0.02236667
AT1G72360,-0.0024029722
AT1G72370,0.10501281
AT1G72390,0.119359925
AT1G72410,-0.28444162
AT1G72416,-0.44556597
AT1G72420,-0.038018376
AT1G72430,-0.50239795
AT1G72440,0.07105009
AT1G72450,-0.01676444
AT1G72460,-0.0016337838
AT1G72470,0.19996068
AT1G72480,-0.16300078
AT1G72490,0.09443964
AT1G72500,-0.2784058
AT1G72510,-0.08393633
AT1G72520,0.65719825
AT1G72530,-0.05217943
AT1G72540,0.68773097
AT1G72545,-0.0014092457
AT1G72550,-0.010364905
AT1G72560,0.08899875
AT1G72570,0.0049685705
AT1G72580,0.0
AT1G72590,-0.010955667
AT1G72600,-0.3972663
AT1G72610,-0.7786542
AT1G72620,-0.013164395
AT1G72630,-0.17038384
AT1G72640,-0.52577645
AT1G72645,-0.7281413
AT1G72650,-0.12391302
AT1G72660,0.15990846
AT1G72670,0.29875472
AT1G72680,1.016315
AT1G72690,0.3798306
AT1G72700,0.6195775
AT1G72710,0.16140316
AT1G72720,-0.07589206
AT1G72730,0.2750343
AT1G72740,0.032096732
AT1G72750,0.21480796
AT1G72755,0.0
AT1G72760,0.1324616
AT1G72770,0.2979112
AT1G72790,0.08984869
AT1G72800,0.8179713
AT1G72810,-0.29283774
AT1G72820,-0.33029318
AT1G72830,0.13901035
AT1G72840,-0.02444028
AT1G72850,0.07559976
AT1G72860,-0.03676477
AT1G72870,0.12495665
AT1G72880,-0.09869892
AT1G72890,0.40152016
AT1G72900,0.82154435
AT1G72910,0.20611027
AT1G72920,0.49099484
AT1G72930,0.3204291
AT1G72940,0.38703364
AT1G72950,0.14124061
AT1G72960,0.08395923
AT1G72970,-0.5415844
AT1G72980,0.03311131
AT1G72990,-0.030002542
AT1G73000,0.04490251
AT1G73010,0.9764738
AT1G73020,-0.3664142
AT1G73030,0.18061912
AT1G73040,-0.010692574
AT1G73050,-0.008458714
AT1G73060,-0.27656224
AT1G73065,0.0054867305
AT1G73066,-4.376332e-05
AT1G73080,0.17922634
AT1G73090,-0.2895996
AT1G73100,-0.08293355
AT1G73110,-0.58652085
AT1G73120,-0.053177938
AT1G73130,0.2764656
AT1G73140,0.13440607
AT1G73150,0.16745976
AT1G73160,-0.002845931
AT1G73165,0.04725397
AT1G73170,-0.22045372
AT1G73177,0.016082127
AT1G73180,0.16810009
AT1G73190,-0.0043519707
AT1G73200,0.07065431
AT1G73210,0.01584732
AT1G73220,0.02648919
AT1G73230,0.012858581
AT1G73240,0.11031117
AT1G73250,0.180191
AT1G73260,3.01118
AT1G73270,0.028738428
AT1G73280,-0.014349384
AT1G73290,0.025843186
AT1G73300,-0.0028863135
AT1G73310,-0.28919768
AT1G73325,0.32224894
AT1G73330,-0.26567554
AT1G73340,0.083101265
AT1G73350,0.023462292
AT1G73360,-0.15562594
AT1G73370,-0.23235022
AT1G73380,0.022642858
AT1G73390,0.10740577
AT1G73400,-0.024516417
AT1G73410,0.2337013
AT1G73430,0.06287422
AT1G73440,-0.110318325
AT1G73450,-0.13977575
AT1G73460,0.037032638
AT1G73470,-0.19089888
AT1G73480,0.17082192
AT1G73490,0.032957293
AT1G73500,0.35509565
AT1G73510,0.068817005
AT1G73530,-0.2329973
AT1G73540,-0.32027325
AT1G73550,-0.09965453
AT1G73560,0.0
AT1G73570,-0.3703209
AT1G73580,0.0122239245
AT1G73590,-0.22668916
AT1G73600,-0.17569493
AT1G73603,0.04594101
AT1G73607,0.009643126
AT1G73610,0.5979244
AT1G73620,-0.051273186
AT1G73630,0.13583165
AT1G73640,-0.16649674
AT1G73655,-0.28021497
AT1G73660,-0.2222358
AT1G73670,0.08433294
AT1G73680,-0.11498823
AT1G73690,-0.060424563
AT1G73700,-0.21170409
AT1G73710,0.03704383
AT1G73720,0.07032334
AT1G73730,0.13942884
AT1G73740,0.28990778
AT1G73750,0.17471465
AT1G73760,0.100052774
AT1G73770,0.20158345
AT1G73780,0.018717086
AT1G73790,0.16569167
AT1G73805,1.0595667
AT1G73810,1.4914908
AT1G73820,0.16923918
AT1G73830,-0.70862556
AT1G73840,-0.0010465618
AT1G73850,-0.19460565
AT1G73860,0.06525946
AT1G73870,-0.6351113
AT1G73875,0.071232
AT1G73880,0.6252685
AT1G73885,-0.3057407
AT1G73890,-0.0942336
AT1G73910,-0.071211144
AT1G73920,0.0016052125
AT1G73930,-0.12112755
AT1G73940,-0.034366064
AT1G73950,-0.04924929
AT1G73960,-0.049246404
AT1G73965,0.31849408
AT1G73970,0.044072527
AT1G73980,0.13603471
AT1G73990,-0.06675238
AT1G74000,1.1758219
AT1G74010,1.7164619
AT1G74020,1.3951222
AT1G74030,0.51124454
AT1G74035,0.013684966
AT1G74040,-0.29203767
AT1G74045,0.00030673324
AT1G74050,0.016666643
AT1G74055,-0.03677141
AT1G74060,0.076106995
AT1G74070,-0.77857375
AT1G74080,1.5108438
AT1G74088,-0.1966547
AT1G74090,-0.17675777
AT1G74100,0.4906343
AT1G74110,0.0009935361
AT1G74120,-0.082749434
AT1G74130,-0.008723422
AT1G74140,0.14646384
AT1G74150,-0.06356031
AT1G74160,-0.17729764
AT1G74170,-0.08367394
AT1G74180,-0.26903877
AT1G74190,0.12828246
AT1G74200,0.3423581
AT1G74210,0.32432002
AT1G74220,0.00042528127
AT1G74230,0.26886755
AT1G74240,0.1647546
AT1G74250,0.1307066
AT1G74260,0.08102311
AT1G74270,0.17034876
AT1G74280,0.38561466
AT1G74290,-0.04867489
AT1G74300,0.0038036837
AT1G74310,0.34913474
AT1G74320,0.071275726
AT1G74330,0.041622292
AT1G74340,0.45480254
AT1G74350,0.11887667
AT1G74360,1.2255632
AT1G74370,-0.38176122
AT1G74380,-0.19510363
AT1G74385,-0.12866049
AT1G74390,-0.10648667
AT1G74400,0.22491959
AT1G74410,0.20664985
AT1G74420,-0.16596791
AT1G74430,-0.3962612
AT1G74440,0.12253581
AT1G74450,-0.29508725
AT1G74458,0.026244588
AT1G74460,0.15569335
AT1G74470,-0.47098044
AT1G74480,0.011983391
AT1G74490,0.060673755
AT1G74500,-0.031400632
AT1G74510,0.03672218
AT1G74520,-0.1686141
AT1G74530,-0.16732624
AT1G74540,0.027870351
AT1G74550,0.11945127
AT1G74560,-0.0037734944
AT1G74580,-0.23974904
AT1G74590,1.5193536
AT1G74600,0.07028573
AT1G74620,0.0
AT1G74630,-0.08788154
AT1G74640,0.48362657
AT1G74650,-0.061461642
AT1G74660,-0.13179189
AT1G74670,-1.3872784
AT1G74675,-0.035076834
AT1G74680,0.0767498
AT1G74690,-0.35754687
AT1G74700,-0.036034364
AT1G74710,0.5833399
AT1G74720,-0.15259445
AT1G74740,0.022600023
AT1G74750,0.6205032
AT1G74770,0.019162618
AT1G74780,-0.06371523
AT1G74790,0.26519823
AT1G74800,-0.1920628
AT1G74810,-0.22144106
AT1G74820,0.0
AT1G74830,-0.004467533
AT1G74840,-0.37634608
AT1G74850,-0.26914567
AT1G74860,0.012534745
AT1G74870,0.17012367
AT1G74875,-0.05844144
AT1G74880,-0.708734
AT1G74890,-0.28022155
AT1G74900,0.079803444
AT1G74910,-0.25799072
AT1G74920,-0.040614896
AT1G74929,0.094711915
AT1G74930,-0.7412982
AT1G74940,-0.29992372
AT1G74950,0.02413784
AT1G74960,-0.15940996
AT1G74970,-0.45107123
AT1G74990,0.045635737
AT1G75000,0.9455344
AT1G75010,-0.055211354
AT1G75020,0.29791814
AT1G75030,-0.03315722
AT1G75040,0.5577036
AT1G75050,0.010060076
AT1G75060,-0.1219808
AT1G75080,-0.07146224
AT1G75090,-0.15361546
AT1G75100,-0.3166344
AT1G75110,-0.09550394
AT1G75120,-0.23824906
AT1G75125,-0.1975902
AT1G75130,0.07123218
AT1G75140,0.13272268
AT1G75150,-0.17217991
AT1G75160,-0.008169331
AT1G75170,0.87716866
AT1G75180,-0.2806767
AT1G75190,-0.2756255
AT1G75200,0.31098062
AT1G75210,-0.09875981
AT1G75220,0.6181601
AT1G75230,-0.13567916
AT1G75240,-0.5175664
AT1G75250,-0.41988716
AT1G75260,-0.09155423
AT1G75270,0.5382271
AT1G75280,-0.29574662
AT1G75290,0.18012583
AT1G75300,-0.039840467
AT1G75310,-0.38227317
AT1G75330,0.18126853
AT1G75335,0.28555885
AT1G75340,-0.06585243
AT1G75350,-0.36651763
AT1G75360,-0.07714643
AT1G75370,0.1969812
AT1G75380,-0.08102162
AT1G75390,0.23280169
AT1G75400,0.3204256
AT1G75410,0.074783504
AT1G75420,-0.08595224
AT1G75430,-0.015121288
AT1G75440,-0.11712257
AT1G75450,0.121654056
AT1G75460,-0.24240516
AT1G75470,-0.003815263
AT1G75490,-0.3355736
AT1G75500,-0.42613277
AT1G75510,0.23733838
AT1G75520,-0.042774484
AT1G75530,0.020263894
AT1G75540,0.12678339
AT1G75560,0.2943157
AT1G75580,0.48626605
AT1G75590,-0.2111994
AT1G75600,0.29756105
AT1G75620,-0.17202836
AT1G75630,0.118166216
AT1G75660,0.09534815
AT1G75670,0.36333764
AT1G75680,-0.5108835
AT1G75690,-0.5273927
AT1G75700,0.20669897
AT1G75710,-0.34314808
AT1G75717,-0.00011477665
AT1G75720,-0.073162936
AT1G75730,-0.070771985
AT1G75750,0.2889395
AT1G75760,0.082721405
AT1G75780,-0.4116629
AT1G75785,0.062256984
AT1G75790,0.0035387508
AT1G75800,-0.3595251
AT1G75810,0.09660723
AT1G75820,-0.44064608
AT1G75830,0.57013667
AT1G75840,-0.14798929
AT1G75850,0.20607257
AT1G75860,0.09681252
AT1G75870,0.0
AT1G75880,-0.14978062
AT1G75890,-0.086210735
AT1G75900,-0.052245025
AT1G75910,0.0007150778
AT1G75920,0.09260446
AT1G75930,0.0
AT1G75940,0.0
AT1G75945,-0.08366283
AT1G75950,0.3602078
AT1G75960,-0.06487261
AT1G75980,0.050435696
AT1G75990,0.21582894
AT1G76010,0.028888889
AT1G76020,0.050516326
AT1G76030,0.08464279
AT1G76040,0.31543025
AT1G76050,-0.12265987
AT1G76060,0.3534457
AT1G76065,0.19213177
AT1G76070,0.97898406
AT1G76080,-0.08431099
AT1G76090,0.027588839
AT1G76100,-0.41160572
AT1G76110,-0.5191447
AT1G76120,0.019233264
AT1G76130,0.33339417
AT1G76140,0.27168974
AT1G76150,0.5722568
AT1G76160,-0.20473567
AT1G76170,0.10225092
AT1G76180,0.11893978
AT1G76185,0.13905728
AT1G76190,-0.028740702
AT1G76200,0.24788313
AT1G76210,0.02221912
AT1G76220,-0.046937604
AT1G76230,0.0117598735
AT1G76240,-0.30566427
AT1G76250,0.1954026
AT1G76260,0.042624816
AT1G76270,-0.044761557
AT1G76280,-0.18981399
AT1G76290,0.0035013575
AT1G76300,0.077295154
AT1G76310,-0.31174046
AT1G76320,-0.08771638
AT1G76340,-0.1034433
AT1G76350,-0.060077842
AT1G76360,-0.07017597
AT1G76370,0.0029239596
AT1G76380,-0.042930562
AT1G76390,0.57874477
AT1G76400,0.076450996
AT1G76405,-0.23176272
AT1G76410,0.27195516
AT1G76420,2.0060563e-06
AT1G76430,0.04557806
AT1G76440,-0.1880533
AT1G76450,-0.4551373
AT1G76460,0.0005112869
AT1G76465,0.0
AT1G76470,1.710385
AT1G76480,0.20834222
AT1G76490,0.05482211
AT1G76500,-0.05516432
AT1G76510,0.114401504
AT1G76520,0.52891237
AT1G76530,-0.17510326
AT1G76540,-0.19264509
AT1G76550,0.15212218
AT1G76560,0.19119531
AT1G76570,-0.28201455
AT1G76580,0.2678222
AT1G76590,0.30447257
AT1G76600,0.64112157
AT1G76610,-0.12209072
AT1G76620,0.17840841
AT1G76630,0.018100327
AT1G76640,0.5878797
AT1G76650,1.1233144
AT1G76660,-0.11551464
AT1G76670,-0.12082892
AT1G76680,0.20595284
AT1G76690,0.34087077
AT1G76700,0.023894772
AT1G76705,0.034716185
AT1G76710,-0.10059363
AT1G76720,-0.5665804
AT1G76728,0.0
AT1G76730,-0.20285164
AT1G76740,-0.26964423
AT1G76750,0.00021493694
AT1G76760,0.38178226
AT1G76770,0.031876147
AT1G76780,-0.31220806
AT1G76790,0.6021048
AT1G76800,-0.32818672
AT1G76810,-0.044044457
AT1G76820,-0.09541269
AT1G76830,0.0004140439
AT1G76840,0.0045024236
AT1G76850,-0.09195688
AT1G76860,0.115800805
AT1G76870,0.0065448075
AT1G76880,-0.24944343
AT1G76890,-0.31304395
AT1G76900,0.088870585
AT1G76910,0.0
AT1G76920,0.17189728
AT1G76930,1.4048117
AT1G76940,0.08556784
AT1G76950,0.012486023
AT1G76952,-0.05478851
AT1G76954,0.00060749176
AT1G76955,0.064293094
AT1G76960,0.8027164
AT1G76965,0.07018677
AT1G76970,0.476391
AT1G76980,0.789781
AT1G76990,-0.3049882
AT1G76994,-0.017317818
AT1G77000,0.7319787
AT1G77010,-0.011599036
AT1G77020,-0.14860481
AT1G77030,0.11994261
AT1G77060,-0.40789866
AT1G77080,-0.025071526
AT1G77090,-0.38095385
AT1G77093,0.0031489232
AT1G77100,0.009768461
AT1G77110,-0.27110684
AT1G77120,0.70052916
AT1G77122,-0.07174501
AT1G77130,0.31300536
AT1G77140,0.2393534
AT1G77145,0.5217336
AT1G77150,0.0144901825
AT1G77160,0.07493052
AT1G77170,0.101851046
AT1G77180,0.11118876
AT1G77200,0.08709973
AT1G77210,-0.3187627
AT1G77220,0.2607372
AT1G77230,0.18634176
AT1G77240,0.36188838
AT1G77260,0.056316305
AT1G77270,-0.3985154
AT1G77280,0.25794768
AT1G77290,-0.15146725
AT1G77300,0.22130056
AT1G77310,0.19904411
AT1G77320,-0.032009624
AT1G77330,-0.3734468
AT1G77340,0.015030433
AT1G77350,0.086905375
AT1G77360,-0.004773438
AT1G77370,0.5097866
AT1G77380,1.3440329
AT1G77390,-0.11190959
AT1G77400,-0.10182017
AT1G77405,0.16510296
AT1G77410,0.07216819
AT1G77420,0.4111544
AT1G77440,0.36399317
AT1G77450,0.4370662
AT1G77460,-0.19178866
AT1G77470,-0.06012653
AT1G77480,-0.02817245
AT1G77490,-0.5854818
AT1G77500,0.7609885
AT1G77510,0.7642059
AT1G77520,0.11172207
AT1G77525,-0.0037493783
AT1G77530,-0.0023051277
AT1G77540,0.32730946
AT1G77550,0.03630983
AT1G77570,0.19022897
AT1G77580,-0.92770845
AT1G77590,-0.05877781
AT1G77600,-0.14044617
AT1G77610,0.22129223
AT1G77620,-0.016749557
AT1G77630,-0.3253057
AT1G77640,-0.30780265
AT1G77650,0.0
AT1G77655,0.00462549
AT1G77660,0.25648257
AT1G77670,0.032587998
AT1G77680,0.35884225
AT1G77682,0.0
AT1G77690,-0.38773042
AT1G77700,-0.06595584
AT1G77710,0.32091147
AT1G77720,-0.09645545
AT1G77730,0.23042294
AT1G77740,0.0036819724
AT1G77750,0.076480575
AT1G77760,0.3659077
AT1G77765,-0.006558682
AT1G77770,0.5699413
AT1G77780,0.0
AT1G77790,0.0073657543
AT1G77800,-0.02839649
AT1G77810,0.73308885
AT1G77815,0.0018099508
AT1G77830,0.017961921
AT1G77840,0.60934484
AT1G77850,0.109972805
AT1G77855,-0.3989845
AT1G77860,0.06744715
AT1G77870,-0.0074005616
AT1G77880,0.14089513
AT1G77885,0.13869204
AT1G77890,0.5801473
AT1G77910,0.0
AT1G77920,0.5731805
AT1G77930,0.018286332
AT1G77932,-0.00571295
AT1G77940,0.12579803
AT1G77950,0.05442364
AT1G77960,-0.25070804
AT1G77980,-0.0028415788
AT1G77990,-0.3587383
AT1G78000,0.08693744
AT1G78010,-0.18247193
AT1G78020,-0.5648604
AT1G78030,-0.057771068
AT1G78040,-0.2677119
AT1G78050,0.4241469
AT1G78060,-0.43911895
AT1G78070,-0.11253172
AT1G78080,0.11413662
AT1G78090,-0.113006964
AT1G78100,-0.22155963
AT1G78110,-0.45200944
AT1G78120,0.12784289
AT1G78130,-0.05866401
AT1G78140,0.05551264
AT1G78150,-0.10591855
AT1G78160,0.0034000017
AT1G78170,-0.53188217
AT1G78172,-0.008502261
AT1G78180,-0.33344027
AT1G78190,0.31689066
AT1G78200,0.024700496
AT1G78210,0.31776097
AT1G78220,0.011629384
AT1G78230,-0.22599898
AT1G78240,-0.24637139
AT1G78260,-0.19366725
AT1G78270,-0.32918903
AT1G78280,-0.01848627
AT1G78290,-0.52758145
AT1G78300,0.06973713
AT1G78310,0.20090318
AT1G78320,-0.1668825
AT1G78340,0.2673852
AT1G78360,-0.0026779564
AT1G78370,-0.7513741
AT1G78380,0.7147263
AT1G78390,0.03817136
AT1G78400,0.0066493433
AT1G78410,0.9019038
AT1G78420,0.27541083
AT1G78430,-0.23625112
AT1G78440,-0.08532782
AT1G78450,-0.65861505
AT1G78460,-0.44529095
AT1G78470,-0.00043517636
AT1G78476,-0.14809722
AT1G78480,0.010865176
AT1G78490,-0.28566104
AT1G78500,0.0004956018
AT1G78510,-0.15443866
AT1G78520,-0.0339138
AT1G78530,-0.33522737
AT1G78540,-0.09893962
AT1G78550,0.05656566
AT1G78560,0.043594632
AT1G78570,0.57817173
AT1G78580,-0.5576019
AT1G78590,0.15192544
AT1G78600,0.47797284
AT1G78610,0.3771505
AT1G78620,0.34477365
AT1G78630,-0.49764153
AT1G78635,0.0031489232
AT1G78640,0.0054826904
AT1G78650,0.048880886
AT1G78660,0.346076
AT1G78670,0.24745157
AT1G78680,0.1827727
AT1G78690,-0.06033582
AT1G78700,-0.20480518
AT1G78710,0.24229582
AT1G78720,0.15760094
AT1G78730,-0.10054994
AT1G78740,0.00021837451
AT1G78750,-0.3309976
AT1G78760,-0.040125035
AT1G78770,0.2145805
AT1G78780,0.7139921
AT1G78790,0.031314902
AT1G78800,0.24541754
AT1G78810,0.058259007
AT1G78815,-0.060597233
AT1G78820,-0.621105
AT1G78830,0.19263306
AT1G78840,0.056634746
AT1G78850,0.54882365
AT1G78860,-0.12029304
AT1G78870,0.20850824
AT1G78880,-0.08188397
AT1G78890,0.24801005
AT1G78895,0.32583338
AT1G78900,0.25329462
AT1G78910,0.0931512
AT1G78915,-0.40314704
AT1G78920,0.17007667
AT1G78922,0.13044737
AT1G78930,0.2892533
AT1G78940,0.17885582
AT1G78950,-0.17325903
AT1G78955,-0.041442353
AT1G78960,0.09071279
AT1G78970,-0.4923447
AT1G78980,0.0031489232
AT1G78990,-0.054830465
AT1G78995,-0.5199293
AT1G79000,-0.012475541
AT1G79010,0.23094848
AT1G79020,0.08630461
AT1G79030,-0.19543119
AT1G79040,-0.44224784
AT1G79050,0.19311884
AT1G79060,-0.2711631
AT1G79070,-0.1998531
AT1G79080,0.08489476
AT1G79090,0.09814935
AT1G79100,-0.0080557065
AT1G79103,-0.026352111
AT1G79110,-0.12886252
AT1G79120,-0.03619226
AT1G79130,0.00037680488
AT1G79150,0.16009869
AT1G79160,0.41165197
AT1G79170,-0.030369075
AT1G79180,0.337839
AT1G79190,0.144251
AT1G79200,0.019953681
AT1G79210,0.47453815
AT1G79220,-0.14198348
AT1G79230,0.19302143
AT1G79250,0.0040146294
AT1G79260,-0.026891617
AT1G79270,0.039934754
AT1G79280,-0.031517744
AT1G79310,0.072655946
AT1G79320,0.036382236
AT1G79330,0.037122626
AT1G79340,0.13253313
AT1G79350,-0.040091056
AT1G79360,0.26566628
AT1G79370,-0.025712417
AT1G79380,-0.112692334
AT1G79390,0.09133938
AT1G79400,0.19222626
AT1G79410,0.3628415
AT1G79420,-0.10252218
AT1G79430,0.066057675
AT1G79440,0.3867287
AT1G79450,1.6432817
AT1G79460,-0.1546394
AT1G79470,0.28828195
AT1G79480,-0.12827925
AT1G79485,0.00066826405
AT1G79490,0.098224916
AT1G79500,-0.30674115
AT1G79510,-0.083414644
AT1G79520,0.38888624
AT1G79530,0.37494436
AT1G79540,0.12253528
AT1G79550,0.40484658
AT1G79560,-0.3285814
AT1G79570,0.14297067
AT1G79580,0.008446105
AT1G79590,0.2074226
AT1G79600,0.16731514
AT1G79610,0.47761926
AT1G79620,0.025772028
AT1G79630,-0.04431491
AT1G79640,-0.19754192
AT1G79650,-0.008131959
AT1G79660,-0.114538595
AT1G79670,-0.026596108
AT1G79680,1.5326738
AT1G79690,0.38473842
AT1G79700,-0.46960506
AT1G79710,0.097934894
AT1G79720,-0.29611814
AT1G79730,0.17804526
AT1G79740,-0.1508636
AT1G79750,0.10885246
AT1G79760,-0.47591272
AT1G79770,-0.23292476
AT1G79780,-0.0056202994
AT1G79790,-0.10512779
AT1G79800,-0.0019440277
AT1G79810,0.08335276
AT1G79820,-0.27947977
AT1G79830,-0.075045414
AT1G79840,-0.22137722
AT1G79850,-0.37863174
AT1G79860,-0.01183171
AT1G79870,0.043330107
AT1G79880,-0.11382681
AT1G79890,-0.0661816
AT1G79900,1.0980874
AT1G79910,0.10683584
AT1G79915,0.06532646
AT1G79920,0.054465044
AT1G79930,0.31170976
AT1G79940,0.23264843
AT1G79950,0.16232607
AT1G79960,-0.014580597
AT1G79970,0.19322528
AT1G79985,0.18018031
AT1G79990,-0.12834983
AT1G80000,0.0997022
AT1G80010,0.09169274
AT1G80030,-0.341067
AT1G80040,0.23115122
AT1G80050,-0.23552527
AT1G80060,-0.057458952
AT1G80070,0.0099797845
AT1G80080,-0.06735326
AT1G80090,-0.0019931647
AT1G80100,-0.03885943
AT1G80110,0.45874062
AT1G80120,0.3367773
AT1G80130,-0.24504003
AT1G80133,0.016556883
AT1G80140,0.0
AT1G80150,0.18115135
AT1G80160,1.8082019
AT1G80165,0.13891241
AT1G80170,-0.31483516
AT1G80180,-0.17825401
AT1G80190,0.003793595
AT1G80200,-0.0625457
AT1G80210,-0.010635
AT1G80220,0.0
AT1G80230,0.31548592
AT1G80240,-0.037516188
AT1G80245,0.1500288
AT1G80260,-0.36547923
AT1G80270,0.069849275
AT1G80280,-0.3242738
AT1G80290,0.24876598
AT1G80300,0.6911318
AT1G80310,0.15180367
AT1G80315,-0.14587326
AT1G80320,0.34562522
AT1G80330,0.0058740885
AT1G80340,-0.060192995
AT1G80350,-0.096341975
AT1G80360,0.2864719
AT1G80370,-0.11851106
AT1G80380,-0.1501528
AT1G80390,0.00037553508
AT1G80400,-0.03178604
AT1G80410,0.07988767
AT1G80420,-0.052283164
AT1G80440,-0.33960378
AT1G80450,0.60788596
AT1G80460,0.18808872
AT1G80470,0.2926935
AT1G80480,-0.055862203
AT1G80490,0.081759416
AT1G80500,0.16683117
AT1G80510,0.40319043
AT1G80520,-0.03526155
AT1G80525,0.004161258
AT1G80530,-0.10631102
AT1G80540,0.00789064
AT1G80550,0.025448488
AT1G80555,0.01878766
AT1G80560,-0.0917474
AT1G80570,-0.017255813
AT1G80580,0.086600214
AT1G80590,0.70476186
AT1G80600,0.09676532
AT1G80610,0.09765919
AT1G80620,0.089837484
AT1G80625,0.013220256
AT1G80630,-0.11518132
AT1G80640,-0.684543
AT1G80650,-0.15303333
AT1G80660,-0.008746136
AT1G80670,0.20533031
AT1G80680,0.0032111206
AT1G80690,-0.46542957
AT1G80700,-0.2128641
AT1G80710,0.28994164
AT1G80720,0.18455425
AT1G80730,0.014073512
AT1G80740,-0.0021918174
AT1G80745,-0.1303277
AT1G80750,0.086423814
AT1G80760,-0.34783322
AT1G80770,-0.0846485
AT1G80780,-0.14251749
AT1G80790,-0.36196843
AT1G80810,-0.03861414
AT1G80820,1.3039885
AT1G80830,0.44707954
AT1G80840,0.5528933
AT1G80850,-0.36100018
AT1G80860,0.03134259
AT1G80865,-0.013139989
AT1G80870,-0.3696841
AT1G80880,0.050239637
AT1G80890,0.19108088
AT1G80900,-0.107239865
AT1G80910,0.062692426
AT1G80920,-0.32362974
AT1G80930,-0.10151683
AT1G80940,-0.039126858
AT1G80950,0.30020326
AT1G80960,0.011205429
AT1G80970,-0.1927385
AT1G80980,-0.14269616
AT1G80990,-0.002682874
AT2G01008,0.6997696
AT2G01021,0.09194038
AT2G01023,0.04344305
AT2G01035,0.0
AT2G01050,0.0
AT2G01060,0.2310991
AT2G01070,-0.355474
AT2G01080,-0.12581784
AT2G01090,-0.1110531
AT2G01100,0.1597854
AT2G01110,-0.09802324
AT2G01120,0.059702355
AT2G01130,-0.029230066
AT2G01140,0.30028224
AT2G01150,-0.28705537
AT2G01170,0.20246018
AT2G01175,-0.01123812
AT2G01180,0.32396737
AT2G01190,0.18781127
AT2G01200,-0.04029148
AT2G01210,-0.23987556
AT2G01220,0.012036949
AT2G01240,0.0
AT2G01250,0.13822682
AT2G01260,-0.037876103
AT2G01270,-0.0043628654
AT2G01275,0.022258207
AT2G01280,0.15333761
AT2G01290,0.015889091
AT2G01300,0.054093786
AT2G01310,0.0018958885
AT2G01320,-0.15449746
AT2G01330,0.1718664
AT2G01340,0.64200175
AT2G01350,0.32717648
AT2G01360,-0.06848101
AT2G01370,0.0040828856
AT2G01379,0.52234215
AT2G01390,-0.04269649
AT2G01400,0.06425667
AT2G01410,0.23400798
AT2G01420,-0.5275366
AT2G01430,0.037685305
AT2G01440,0.0061726472
AT2G01450,0.11629061
AT2G01460,0.25520986
AT2G01470,0.3304643
AT2G01480,0.054238033
AT2G01490,0.45845369
AT2G01500,0.00064307556
AT2G01505,-0.37821224
AT2G01510,-0.16182815
AT2G01520,-0.15485471
AT2G01530,-0.027284851
AT2G01540,0.6801194
AT2G01554,0.0
AT2G01560,0.021330122
AT2G01570,-0.365216
AT2G01580,-0.020304136
AT2G01590,-0.60540247
AT2G01600,0.22121897
AT2G01610,0.28062323
AT2G01620,-0.23261195
AT2G01630,-0.19219129
AT2G01640,0.13065192
AT2G01650,0.38295868
AT2G01660,-0.27520037
AT2G01667,0.024384174
AT2G01670,0.083188415
AT2G01680,0.08235403
AT2G01690,-0.0037937516
AT2G01710,0.025278376
AT2G01720,0.21237569
AT2G01730,0.078699015
AT2G01735,0.10832039
AT2G01740,-0.107493326
AT2G01750,0.08300302
AT2G01755,-0.4454431
AT2G01760,-0.48071203
AT2G01770,-0.00391254
AT2G01780,0.009416027
AT2G01790,-0.019591779
AT2G01800,0.00014186655
AT2G01810,0.048800267
AT2G01818,-0.08641057
AT2G01820,-0.019969048
AT2G01830,-0.17205085
AT2G01850,-0.17580064
AT2G01860,-0.1607777
AT2G01870,-0.21774283
AT2G01880,0.024654826
AT2G01890,1.115202
AT2G01900,-0.051807083
AT2G01905,-0.1321383
AT2G01910,-0.49731368
AT2G01913,-0.22541928
AT2G01918,-0.59629136
AT2G01920,0.27956066
AT2G01930,-0.14164159
AT2G01940,-0.18340254
AT2G01950,-0.34233132
AT2G01960,0.02109497
AT2G01970,0.21839602
AT2G01980,0.11318679
AT2G01990,-0.37298343
AT2G02000,-0.0046161776
AT2G02010,0.9853471
AT2G02020,-0.6832739
AT2G02023,0.0031489232
AT2G02026,0.0
AT2G02030,0.25184414
AT2G02040,0.4514354
AT2G02050,0.30893347
AT2G02060,0.44656044
AT2G02061,0.3237228
AT2G02070,-0.158092
AT2G02080,-0.07404858
AT2G02090,0.13121861
AT2G02100,0.21466309
AT2G02103,-0.00011770624
AT2G02120,0.062450066
AT2G02130,-0.1854671
AT2G02135,0.0
AT2G02140,0.0
AT2G02147,-0.012248315
AT2G02148,2.4613466e-05
AT2G02150,0.08916935
AT2G02160,0.015392839
AT2G02170,-0.3856241
AT2G02180,0.12359404
AT2G02220,0.14611155
AT2G02230,-0.096050255
AT2G02240,0.14397496
AT2G02250,0.021608327
AT2G02270,0.0
AT2G02280,0.0
AT2G02290,0.0
AT2G02300,0.17355718
AT2G02310,0.50123787
AT2G02320,0.15728483
AT2G02340,0.3061615
AT2G02350,0.2713011
AT2G02360,0.31545615
AT2G02370,0.309854
AT2G02380,0.056124594
AT2G02390,0.8143501
AT2G02400,0.021361614
AT2G02410,-0.25824276
AT2G02440,0.0026834155
AT2G02450,-0.44433334
AT2G02455,0.022138506
AT2G02470,-0.061044928
AT2G02480,-0.14966102
AT2G02490,0.012349339
AT2G02493,0.00030560253
AT2G02497,0.001401961
AT2G02498,0.0
AT2G02500,-0.38990682
AT2G02510,0.35883144
AT2G02515,0.0020933151
AT2G02520,-0.02221606
AT2G02525,0.0
AT2G02540,0.03035073
AT2G02550,0.00013089436
AT2G02560,0.15761198
AT2G02570,-0.011191901
AT2G02580,0.12440869
AT2G02590,-0.014839894
AT2G02610,-0.028531777
AT2G02620,-0.019934
AT2G02630,-0.0508999
AT2G02635,-0.00025812045
AT2G02640,-0.005640449
AT2G02650,0.0
AT2G02660,0.0
AT2G02680,-0.052829314
AT2G02690,-0.004165665
AT2G02695,0.0
AT2G02700,0.042414043
AT2G02710,0.3714233
AT2G02720,0.032456506
AT2G02730,0.21214879
AT2G02740,0.061772287
AT2G02750,-0.119999416
AT2G02760,0.21435714
AT2G02765,-0.31418085
AT2G02770,-1.0511432e-05
AT2G02780,-0.5703052
AT2G02790,-0.2866774
AT2G02795,0.00028496265
AT2G02800,-0.07608327
AT2G02810,0.72377276
AT2G02820,-0.122809365
AT2G02835,0.00010396173
AT2G02840,0.007859196
AT2G02850,0.534701
AT2G02860,0.4096101
AT2G02870,0.7217412
AT2G02880,0.24206384
AT2G02890,0.015443114
AT2G02910,-0.07180453
AT2G02930,0.29698116
AT2G02950,-0.5206068
AT2G02955,0.29444775
AT2G02960,0.14956214
AT2G02970,0.19623925
AT2G02980,-0.24464238
AT2G02990,0.93324333
AT2G03000,0.0091630425
AT2G03010,0.020624747
AT2G03020,0.09124852
AT2G03030,-4.5022683e-05
AT2G03040,0.05120292
AT2G03050,0.09325096
AT2G03060,-0.025537267
AT2G03070,0.09366211
AT2G03090,-0.22545126
AT2G03110,0.025783211
AT2G03120,0.33195946
AT2G03130,0.10043742
AT2G03140,-0.14969835
AT2G03150,-0.021549858
AT2G03160,0.018072743
AT2G03170,0.036271706
AT2G03180,0.0
AT2G03190,0.0031489232
AT2G03200,0.15313745
AT2G03210,0.014056834
AT2G03220,0.21323308
AT2G03230,0.47385287
AT2G03240,-0.07302576
AT2G03250,0.06670563
AT2G03260,0.12930919
AT2G03270,0.24722292
AT2G03280,-0.17731203
AT2G03290,0.006708848
AT2G03300,0.008865428
AT2G03310,-0.22307822
AT2G03320,0.025773661
AT2G03330,0.03601086
AT2G03340,-0.079177044
AT2G03350,-0.37418497
AT2G03360,0.7372383
AT2G03370,-0.020673467
AT2G03380,0.086926416
AT2G03390,-0.1407405
AT2G03410,0.46220446
AT2G03420,-0.43887714
AT2G03430,0.30930397
AT2G03440,-0.17319064
AT2G03450,0.3201829
AT2G03460,0.042508993
AT2G03470,0.14222471
AT2G03480,-0.10501693
AT2G03500,-0.060960256
AT2G03505,0.9115419
AT2G03510,0.53862
AT2G03520,-0.008186797
AT2G03530,-0.26231813
AT2G03550,-0.25031322
AT2G03560,-0.061830424
AT2G03565,0.0018535563
AT2G03567,0.0
AT2G03570,0.0
AT2G03580,0.018714536
AT2G03590,-0.28237262
AT2G03600,-0.00647329
AT2G03610,0.0007184839
AT2G03620,0.14067104
AT2G03630,0.009276555
AT2G03640,0.07763012
AT2G03667,0.11953367
AT2G03670,0.15895267
AT2G03680,0.18295394
AT2G03690,0.17393623
AT2G03710,-0.2757102
AT2G03720,-0.00026611396
AT2G03730,-0.18669824
AT2G03740,0.023084588
AT2G03750,-0.7189709
AT2G03760,1.0414101
AT2G03770,0.04341638
AT2G03780,-0.07993926
AT2G03800,0.29666653
AT2G03810,-0.053915244
AT2G03820,0.12667245
AT2G03821,0.012413282
AT2G03822,-0.00043517636
AT2G03823,0.0
AT2G03830,0.08374652
AT2G03840,0.09161715
AT2G03850,1.0938587
AT2G03870,0.11814852
AT2G03880,-0.05746433
AT2G03890,-0.16509712
AT2G03913,0.0004313749
AT2G03930,0.0
AT2G03931,0.0
AT2G03932,0.0
AT2G03933,0.0
AT2G03936,0.0
AT2G03937,0.0
AT2G03955,0.0
AT2G03965,0.3595813
AT2G03980,0.46356657
AT2G04020,-0.000319601
AT2G04025,0.012404664
AT2G04030,0.015960827
AT2G04031,0.0
AT2G04032,-0.40359014
AT2G04033,0.0
AT2G04034,0.0
AT2G04037,0.0
AT2G04038,0.07258441
AT2G04039,-0.5302039
AT2G04040,1.0147595
AT2G04041,0.0
AT2G04045,0.0
AT2G04046,0.011438586
AT2G04050,0.49574766
AT2G04060,0.00027761556
AT2G04062,0.0
AT2G04063,0.0
AT2G04066,-0.03380395
AT2G04070,0.5905311
AT2G04080,0.29003996
AT2G04090,-0.003616453
AT2G04100,1.2336713
AT2G04115,0.013018841
AT2G04137,0.015591049
AT2G04160,0.64863646
AT2G04170,0.14761794
AT2G04190,0.89295614
AT2G04220,0.009430764
AT2G04230,-0.08843921
AT2G04235,-0.038060095
AT2G04240,0.10147066
AT2G04270,-0.2577237
AT2G04280,-0.22616392
AT2G04300,0.0
AT2G04305,0.24235058
AT2G04340,0.023126094
AT2G04350,0.36742055
AT2G04360,0.008276762
AT2G04378,-0.30658752
AT2G04380,0.01715442
AT2G04390,0.20175979
AT2G04395,-0.025940573
AT2G04400,1.1990938
AT2G04410,0.08014835
AT2G04420,0.009785473
AT2G04425,0.0
AT2G04430,0.4510958
AT2G04440,0.0021063027
AT2G04450,0.849613
AT2G04480,-0.005335904
AT2G04495,0.43754083
AT2G04500,0.0046152296
AT2G04515,0.39824867
AT2G04520,0.18095246
AT2G04530,0.18584025
AT2G04540,-0.048525054
AT2G04550,0.261493
AT2G04560,0.0412211
AT2G04570,-0.38245055
AT2G04620,0.38952124
AT2G04621,0.011777675
AT2G04622,0.0
AT2G04630,0.17395411
AT2G04650,0.22021309
AT2G04660,-0.081826195
AT2G04675,-0.0008726056
AT2G04680,0.0029300947
AT2G04690,-0.020319581
AT2G04700,-0.14247388
AT2G04740,0.261918
AT2G04750,0.00022709902
AT2G04780,-0.44616428
AT2G04790,-0.7297815
AT2G04795,-0.34318945
AT2G04800,-0.052495413
AT2G04810,0.00064307556
AT2G04830,0.0
AT2G04840,0.047143534
AT2G04842,-0.2573877
AT2G04845,-0.013129041
AT2G04850,-0.21367094
AT2G04860,0.008637247
AT2G04865,0.03406377
AT2G04870,0.0
AT2G04880,0.15071785
AT2G04890,0.15798406
AT2G04900,0.37779856
AT2G04910,0.0
AT2G04920,0.0
AT2G04925,-0.114099704
AT2G04930,0.0
AT2G04940,0.0057826857
AT2G05050,0.00010573755
AT2G05060,-0.000847285
AT2G05070,-0.4925538
AT2G05100,-0.38213098
AT2G05105,0.0
AT2G05117,0.0
AT2G05120,0.020195529
AT2G05140,0.00022709902
AT2G05160,-0.21800435
AT2G05170,-0.0028890267
AT2G05180,0.0060171243
AT2G05210,-0.356507
AT2G05220,0.14213227
AT2G05230,0.13684314
AT2G05260,0.37269154
AT2G05270,0.015808823
AT2G05294,0.0
AT2G05300,0.0
AT2G05310,-0.48373085
AT2G05320,0.36818376
AT2G05330,0.05272783
AT2G05335,0.0
AT2G05350,-0.010462905
AT2G05360,-0.022950748
AT2G05370,0.0068662846
AT2G05380,0.37261987
AT2G05400,0.01202084
AT2G05410,0.0029161272
AT2G05420,-0.0049497373
AT2G05430,6.8725145e-05
AT2G05440,0.97736305
AT2G05510,0.5369441
AT2G05520,0.23902522
AT2G05530,0.0019297202
AT2G05540,0.3564733
AT2G05580,-0.022544885
AT2G05590,0.14441644
AT2G05600,0.11645652
AT2G05620,-0.33909166
AT2G05630,0.42591906
AT2G05632,-0.1779508
AT2G05635,-0.036449715
AT2G05642,0.01392036
AT2G05645,0.0
AT2G05655,-0.092856444
AT2G05710,0.49362507
AT2G05720,0.006776136
AT2G05752,0.0
AT2G05753,0.013184508
AT2G05755,0.0060082674
AT2G05760,-0.1893994
AT2G05786,0.0
AT2G05790,-0.70049787
AT2G05810,-0.45951688
AT2G05830,-0.052615847
AT2G05840,0.51561534
AT2G05850,0.0018867573
AT2G05900,-3.137753e-05
AT2G05910,1.0042902
AT2G05915,0.13482973
AT2G05920,-0.39961642
AT2G05940,0.46583268
AT2G05970,0.0
AT2G05990,-0.28175402
AT2G06000,0.093100496
AT2G06005,0.048829943
AT2G06010,-0.023259958
AT2G06020,0.0
AT2G06025,-0.05831653
AT2G06040,0.096848875
AT2G06050,0.3458553
AT2G06090,0.0
AT2G06095,0.0018332916
AT2G06105,0.0
AT2G06166,0.0
AT2G06200,-0.030552167
AT2G06210,-0.2190724
AT2G06255,0.57199883
AT2G06265,0.0
AT2G06420,0.13279556
AT2G06425,0.1829723
AT2G06500,0.0
AT2G06510,0.31893674
AT2G06520,-0.36802688
AT2G06530,0.06396819
AT2G06541,0.0
AT2G06555,-0.0115955025
AT2G06565,0.00087017455
AT2G06570,-0.030142996
AT2G06645,0.0
AT2G06667,0.00020953093
AT2G06675,0.0
AT2G06845,0.0019677535
AT2G06850,-1.0319473
AT2G06904,0.00022709902
AT2G06906,0.0
AT2G06908,0.0
AT2G06925,-0.21751282
AT2G06960,0.005572984
AT2G06983,-0.012887691
AT2G06990,0.11618151
AT2G07000,0.00090540963
AT2G07020,0.0
AT2G07040,0.0
AT2G07050,-0.14911269
AT2G07110,0.0
AT2G07120,0.0
AT2G07140,0.04757841
AT2G07170,-0.053474918
AT2G07180,0.13478602
AT2G07190,0.0
AT2G07200,0.0
AT2G07215,0.029912397
AT2G07240,-0.0072041196
AT2G07280,-0.0018958624
AT2G07290,0.0
AT2G07310,0.0
AT2G07340,-0.0502317
AT2G07360,0.054554157
AT2G07440,0.0
AT2G07505,0.0
AT2G07560,0.0
AT2G07565,-0.0014423318
AT2G07599,-0.0982787
AT2G07613,3.6809124e-05
AT2G07621,-0.037345346
AT2G07623,0.007024547
AT2G07625,0.023052711
AT2G07626,0.0
AT2G07627,-0.003948763
AT2G07628,0.0021819933
AT2G07629,0.1049828
AT2G07631,0.0
AT2G07632,0.022294933
AT2G07633,0.05798558
AT2G07634,0.0
AT2G07636,-0.007490152
AT2G07637,0.051892634
AT2G07638,-0.10875967
AT2G07640,0.01537296
AT2G07641,-0.05271903
AT2G07642,0.0
AT2G07643,-0.0003618356
AT2G07644,0.026451826
AT2G07646,0.026092835
AT2G07648,0.013418707
AT2G07652,0.066776104
AT2G07654,-0.009068155
AT2G07655,-0.08727117
AT2G07656,0.015220589
AT2G07658,0.036737036
AT2G07659,-0.018104209
AT2G07661,0.026349269
AT2G07662,0.04699586
AT2G07665,-0.03694189
AT2G07667,-0.16346832
AT2G07669,0.16627735
AT2G07674,-0.067506924
AT2G07676,0.040316787
AT2G07678,0.2139478
AT2G07680,-0.53892606
AT2G07681,-0.056921024
AT2G07684,-0.013325963
AT2G07689,0.21924274
AT2G07690,0.042153887
AT2G07698,0.34105578
AT2G07705,-0.038126957
AT2G07706,-0.16206442
AT2G07714,0.0
AT2G07715,0.14117038
AT2G07721,0.036866248
AT2G07728,-0.039274454
AT2G07732,0.037260976
AT2G07738,-0.0070736287
AT2G07749,0.076384254
AT2G07750,0.15946808
AT2G07751,-0.099104494
AT2G07760,0.0
AT2G07768,0.016055975
AT2G07772,0.06241383
AT2G07773,-0.011204785
AT2G07774,-0.106771484
AT2G07775,0.067880966
AT2G07777,0.02050188
AT2G07779,0.19682111
AT2G07787,0.0054056295
AT2G07795,0.052559145
AT2G07798,0.21841948
AT2G07800,0.0022327236
AT2G07806,0.1331558
AT2G07810,0.0
AT2G07815,0.006195336
AT2G07820,0.068361856
AT2G07825,0.12271668
AT2G07827,0.05824386
AT2G07830,0.00038687946
AT2G07835,0.1281466
AT2G07981,0.0
AT2G08986,0.0
AT2G09388,0.0
AT2G09838,0.0
AT2G09840,0.00030560253
AT2G09970,-0.02990173
AT2G09990,0.06214806
AT2G10020,0.0
AT2G10025,0.0014384576
AT2G10260,0.0
AT2G10440,0.34736818
AT2G10450,0.00059805287
AT2G10455,0.0
AT2G10535,0.000526966
AT2G10545,-0.09669436
AT2G10550,0.0
AT2G10553,-0.020622093
AT2G10556,0.0
AT2G10557,0.0
AT2G10560,-0.022950748
AT2G10602,0.0
AT2G10608,0.0041980767
AT2G10615,0.0038764384
AT2G10625,0.0
AT2G10920,0.0
AT2G10930,0.026630346
AT2G10940,-1.5704832
AT2G10950,0.26109853
AT2G10955,0.0
AT2G10965,0.0
AT2G10970,-0.008441553
AT2G10975,-0.057342343
AT2G11000,0.040947996
AT2G11005,0.0
AT2G11010,0.0
AT2G11015,0.0
AT2G11025,0.009416027
AT2G11035,0.023582203
AT2G11045,0.0
AT2G11200,0.0
AT2G11205,0.00021643797
AT2G11215,0.00086705084
AT2G11225,-0.15793213
AT2G11270,0.030842561
AT2G11271,0.0
AT2G11405,0.0
AT2G11462,0.0
AT2G11520,0.41691488
AT2G11522,-0.00920758
AT2G11570,0.004334974
AT2G11620,-0.000705313
AT2G11623,0.0010192004
AT2G11626,0.0022444124
AT2G11773,0.0
AT2G11778,0.008309858
AT2G11810,-0.014536408
AT2G11815,0.004742916
AT2G11851,-0.0076161283
AT2G11890,0.16898993
AT2G11891,0.028861323
AT2G11910,-0.20749058
AT2G12170,-0.144333
AT2G12190,-0.020888096
AT2G12200,-0.0068670907
AT2G12205,0.0068011647
AT2G12280,-8.529373e-06
AT2G12290,0.0027564946
AT2G12400,-0.39767906
AT2G12405,0.007965324
AT2G12461,-0.05058618
AT2G12462,-0.2928528
AT2G12465,-0.00025637852
AT2G12475,0.0
AT2G12480,-0.004553334
AT2G12550,0.3871559
AT2G12646,-0.032569192
AT2G12875,0.012674971
AT2G12880,0.0
AT2G12900,0.0
AT2G12905,0.07340319
AT2G12935,0.06467084
AT2G12940,0.023050401
AT2G12945,0.0
AT2G13100,0.16983949
AT2G13105,0.0
AT2G13125,0.0
AT2G13126,0.0
AT2G13150,0.0
AT2G13275,0.1393427
AT2G13290,0.12201203
AT2G13295,0.0
AT2G13350,0.0
AT2G13360,-0.2742788
AT2G13370,0.018677741
AT2G13420,0.0
AT2G13422,0.0
AT2G13430,-0.0036497058
AT2G13440,-0.31519958
AT2G13450,-0.014383688
AT2G13463,-0.027189672
AT2G13500,0.0
AT2G13510,0.0
AT2G13540,-0.107889496
AT2G13542,0.0
AT2G13547,0.32435966
AT2G13550,-0.0954768
AT2G13555,0.0
AT2G13560,0.1029981
AT2G13570,-0.030654993
AT2G13600,0.0053502824
AT2G13610,-0.340731
AT2G13620,-0.00043517636
AT2G13630,0.0
AT2G13640,0.100416265
AT2G13650,0.4690893
AT2G13660,-0.10030677
AT2G13680,-0.02257125
AT2G13690,-0.199406
AT2G13720,0.0
AT2G13760,-0.022034897
AT2G13770,0.005491837
AT2G13790,0.2804048
AT2G13800,-0.071622126
AT2G13810,0.85475314
AT2G13820,-0.28362402
AT2G13840,0.05201423
AT2G13845,0.0
AT2G13895,-0.0016458714
AT2G13900,-6.481263e-05
AT2G13905,0.0
AT2G13950,0.0
AT2G13960,0.2218167
AT2G13965,0.024632275
AT2G13980,0.0
AT2G13985,0.0
AT2G14000,0.0
AT2G14045,-0.13306612
AT2G14050,-0.31906483
AT2G14060,-0.03424674
AT2G14070,0.22335859
AT2G14095,0.10994125
AT2G14100,0.038945727
AT2G14110,0.25335747
AT2G14120,0.30101803
AT2G14160,0.036239974
AT2G14170,0.29967046
AT2G14210,0.10188226
AT2G14247,-0.07492622
AT2G14255,-0.05287662
AT2G14260,0.051083986
AT2G14265,0.0
AT2G14270,0.0
AT2G14282,0.0
AT2G14285,-0.08909817
AT2G14288,0.00058726274
AT2G14289,0.0
AT2G14290,0.5928655
AT2G14365,0.0016422156
AT2G14378,0.0
AT2G14390,0.0
AT2G14395,0.0
AT2G14440,0.0
AT2G14460,0.043671627
AT2G14500,0.0031489232
AT2G14510,0.0063007004
AT2G14520,-0.12603001
AT2G14530,-0.14112642
AT2G14540,0.0
AT2G14560,1.0441118
AT2G14580,-0.020264931
AT2G14610,1.8336474
AT2G14620,1.5926179
AT2G14635,0.024725717
AT2G14660,-0.18339881
AT2G14670,0.00011097522
AT2G14680,0.028833184
AT2G14690,0.027786372
AT2G14692,0.0042548594
AT2G14695,0.0031405424
AT2G14700,0.0
AT2G14710,0.0
AT2G14720,0.25457183
AT2G14740,0.042895354
AT2G14750,0.073126376
AT2G14755,-0.006958344
AT2G14760,-0.008824715
AT2G14765,0.0
AT2G14775,-0.04356545
AT2G14800,-0.1299674
AT2G14810,0.0
AT2G14820,-0.0050980947
AT2G14825,0.23906037
AT2G14830,-0.00826294
AT2G14835,0.1415569
AT2G14846,0.0
AT2G14850,0.17931946
AT2G14860,-0.16113564
AT2G14870,0.0
AT2G14880,-0.23233144
AT2G14890,-0.59554434
AT2G14900,-0.39990804
AT2G14910,-0.07298859
AT2G14920,-0.018218437
AT2G14935,0.0
AT2G14945,0.0
AT2G14960,-0.019633103
AT2G15000,0.18776965
AT2G15010,0.0
AT2G15020,-0.85041744
AT2G15025,0.0
AT2G15029,-0.01700458
AT2G15040,0.0
AT2G15050,-0.57819587
AT2G15080,-0.16977455
AT2G15090,-0.5592621
AT2G15110,0.0019723831
AT2G15130,-0.16195291
AT2G15170,0.012631185
AT2G15180,0.0
AT2G15185,0.0
AT2G15220,1.7619394
AT2G15230,0.18208693
AT2G15240,0.15587927
AT2G15260,0.0
AT2G15270,0.06625705
AT2G15280,-0.22483368
AT2G15290,-0.02376025
AT2G15300,-0.040782016
AT2G15310,0.43712702
AT2G15318,-0.11008341
AT2G15320,0.1785224
AT2G15325,0.0
AT2G15327,0.0031489232
AT2G15340,0.2924661
AT2G15345,0.048672345
AT2G15350,-0.0027513336
AT2G15360,0.0
AT2G15370,-0.025828376
AT2G15390,0.6087905
AT2G15400,-0.0603549
AT2G15420,0.0010422526
AT2G15430,0.26861307
AT2G15440,-0.34341633
AT2G15450,0.0
AT2G15460,0.0
AT2G15470,0.0
AT2G15480,0.8547793
AT2G15490,2.0064523
AT2G15500,0.0
AT2G15530,-0.051333178
AT2G15535,0.0
AT2G15560,0.097182795
AT2G15570,0.29567355
AT2G15580,-0.03759008
AT2G15590,0.00057706615
AT2G15610,0.00022709902
AT2G15620,-0.07966129
AT2G15630,0.07214987
AT2G15640,0.0
AT2G15660,0.00053270155
AT2G15670,0.0
AT2G15680,-0.16681778
AT2G15690,0.16066775
AT2G15695,0.028265744
AT2G15710,0.0
AT2G15730,0.14563026
AT2G15740,0.0
AT2G15760,1.2093459
AT2G15770,0.010913753
AT2G15780,1.3100085
AT2G15790,0.13242006
AT2G15820,-0.1285996
AT2G15830,0.29718894
AT2G15860,0.086726576
AT2G15880,-0.013834016
AT2G15890,0.09011391
AT2G15900,0.33364692
AT2G15910,0.2004732
AT2G15960,0.05965426
AT2G15970,0.1678332
AT2G15980,0.17352927
AT2G16005,0.01067857
AT2G16015,0.0
AT2G16016,0.0
AT2G16018,0.0002011502
AT2G16019,0.0
AT2G16020,0.0
AT2G16030,-0.0018353075
AT2G16040,0.0
AT2G16050,0.0757162
AT2G16060,0.3675281
AT2G16070,0.12884086
AT2G16090,0.15272233
AT2G16120,0.0
AT2G16130,0.0
AT2G16190,-0.0146447765
AT2G16200,0.0
AT2G16210,0.0024509227
AT2G16220,0.00017970966
AT2G16225,0.00021837451
AT2G16230,-0.036688298
AT2G16250,-0.17093809
AT2G16260,0.0
AT2G16270,-0.33108217
AT2G16280,-0.29436377
AT2G16290,0.0
AT2G16300,0.0
AT2G16340,0.026737925
AT2G16360,-0.006266704
AT2G16365,0.07013037
AT2G16370,-0.09314826
AT2G16380,-0.2845686
AT2G16385,0.0012437578
AT2G16390,-0.17558682
AT2G16400,-0.096910514
AT2G16405,0.12583506
AT2G16430,0.22024855
AT2G16440,0.075127006
AT2G16450,0.1899999
AT2G16460,0.36845
AT2G16485,-0.02183556
AT2G16490,-0.012894286
AT2G16500,0.29383102
AT2G16505,0.008939117
AT2G16510,0.2837568
AT2G16520,0.0
AT2G16530,0.4419634
AT2G16535,0.0
AT2G16570,0.18236889
AT2G16575,-0.0010783558
AT2G16580,-0.07125685
AT2G16586,0.49076432
AT2G16592,0.0051106275
AT2G16594,0.0
AT2G16595,0.35370293
AT2G16600,0.5169278
AT2G16620,0.0
AT2G16630,-0.020395137
AT2G16640,-0.07986914
AT2G16650,0.13471614
AT2G16660,0.62175804
AT2G16676,-0.028582856
AT2G16700,0.79935026
AT2G16710,0.7975333
AT2G16720,0.6065527
AT2G16730,0.0007787991
AT2G16740,0.34900346
AT2G16750,-0.50833195
AT2G16760,0.23163325
AT2G16770,0.06240187
AT2G16780,-0.00448278
AT2G16790,0.8909381
AT2G16800,0.050297324
AT2G16810,0.003433886
AT2G16835,0.0
AT2G16850,-0.37480617
AT2G16860,-0.016328957
AT2G16870,0.34478968
AT2G16880,-0.032877292
AT2G16890,-0.015547685
AT2G16900,0.5238245
AT2G16910,0.07059365
AT2G16920,-0.0081056375
AT2G16930,0.23996206
AT2G16940,-0.1949089
AT2G16950,0.25644702
AT2G16953,0.0011973957
AT2G16960,-0.0005985723
AT2G16970,-0.019827459
AT2G16980,-0.0817639
AT2G16990,-0.20508866
AT2G17000,0.0002907197
AT2G17010,-0.0090191
AT2G17020,-0.09791044
AT2G17030,0.13934205
AT2G17033,-0.10486537
AT2G17036,-0.16380107
AT2G17040,-0.04933181
AT2G17043,0.0018008453
AT2G17050,-0.080370545
AT2G17055,-0.012697464
AT2G17060,-0.117564626
AT2G17070,-0.047981374
AT2G17080,-0.015007391
AT2G17090,0.0031489232
AT2G17110,-0.0005825451
AT2G17120,0.39026904
AT2G17130,0.52968866
AT2G17140,-0.059586134
AT2G17150,-0.2632536
AT2G17160,0.0
AT2G17170,-0.00018098128
AT2G17180,0.02229621
AT2G17190,0.36771953
AT2G17200,0.32568812
AT2G17210,-0.022203526
AT2G17220,0.6224478
AT2G17230,-0.58761615
AT2G17240,-0.008108974
AT2G17250,0.2619765
AT2G17260,-0.03549715
AT2G17265,0.1321426
AT2G17270,0.1000349
AT2G17280,0.2757366
AT2G17290,0.2369652
AT2G17300,-0.5242662
AT2G17305,0.0
AT2G17310,0.0
AT2G17320,-0.1781508
AT2G17330,0.0
AT2G17340,-0.2856526
AT2G17350,0.07156768
AT2G17360,0.10513061
AT2G17370,0.13247155
AT2G17380,0.23259938
AT2G17390,0.061262887
AT2G17410,-0.13586445
AT2G17420,0.5803242
AT2G17430,0.020596376
AT2G17440,0.14211003
AT2G17442,-0.18073606
AT2G17450,-0.063066214
AT2G17470,-0.058345217
AT2G17480,-0.028646406
AT2G17500,2.0189016
AT2G17510,0.058254752
AT2G17520,0.16275029
AT2G17525,-0.22020161
AT2G17530,-0.029271489
AT2G17540,-0.11272009
AT2G17550,-0.1770071
AT2G17560,0.07992429
AT2G17570,0.14771278
AT2G17580,0.045181658
AT2G17590,-0.004871872
AT2G17600,-0.004984487
AT2G17620,-0.0078056096
AT2G17630,0.42815644
AT2G17640,0.034211632
AT2G17650,-0.12909381
AT2G17660,-0.23296532
AT2G17670,0.18060146
AT2G17680,0.00935822
AT2G17690,-0.031580728
AT2G17695,-0.25107113
AT2G17700,0.04036875
AT2G17705,0.43405533
AT2G17710,-0.22298215
AT2G17720,0.8380143
AT2G17723,0.0011101695
AT2G17730,0.4252241
AT2G17740,0.7867652
AT2G17750,0.00158557
AT2G17760,0.81628036
AT2G17770,-0.053458236
AT2G17780,-0.5228569
AT2G17785,0.0
AT2G17787,-0.020469641
AT2G17790,0.38090396
AT2G17800,-0.070038505
AT2G17820,-0.35714287
AT2G17830,-0.09742322
AT2G17840,0.23153982
AT2G17845,-0.00680958
AT2G17850,-0.013520033
AT2G17860,0.009109362
AT2G17870,0.16301696
AT2G17880,-0.54147315
AT2G17890,0.048622504
AT2G17900,0.20309564
AT2G17905,0.0
AT2G17920,-0.005333936
AT2G17930,0.014829882
AT2G17940,-0.04591185
AT2G17950,0.0035013575
AT2G17960,0.0
AT2G17970,-0.19543895
AT2G17972,-0.28718117
AT2G17975,-0.0639893
AT2G17980,0.16397981
AT2G17990,0.16598135
AT2G18000,0.3413121
AT2G18010,-0.005535857
AT2G18020,0.13130409
AT2G18025,0.0030873045
AT2G18030,0.15552856
AT2G18040,0.14513722
AT2G18050,0.14113958
AT2G18060,0.038087167
AT2G18070,0.0
AT2G18080,0.0
AT2G18090,0.20569564
AT2G18100,-0.058009066
AT2G18110,0.17597255
AT2G18120,-0.29919866
AT2G18130,0.0011529392
AT2G18140,0.0
AT2G18150,0.11130597
AT2G18160,-0.40470135
AT2G18170,0.6595622
AT2G18180,0.24394208
AT2G18190,0.19985911
AT2G18193,0.048963737
AT2G18196,-0.20506896
AT2G18200,0.014770279
AT2G18210,0.3684754
AT2G18220,0.16100548
AT2G18230,-0.39551243
AT2G18240,0.28383756
AT2G18245,-0.017430874
AT2G18250,0.026097732
AT2G18260,-0.28873956
AT2G18270,0.00823072
AT2G18280,-0.030497834
AT2G18290,-0.2712895
AT2G18300,-0.8870036
AT2G18320,-0.010202716
AT2G18328,-0.5912678
AT2G18330,0.24065357
AT2G18340,-0.0036868835
AT2G18350,0.09397387
AT2G18360,0.0014732053
AT2G18370,0.04591184
AT2G18380,-0.24565881
AT2G18390,0.063577145
AT2G18400,0.0047899205
AT2G18410,-0.008653972
AT2G18420,0.026568588
AT2G18450,-0.026453832
AT2G18460,-0.0014390802
AT2G18465,0.12733285
AT2G18470,-0.012573823
AT2G18480,-0.03997814
AT2G18490,-0.008848349
AT2G18500,0.0015704402
AT2G18510,0.14448099
AT2G18520,0.092251614
AT2G18530,0.0023337672
AT2G18540,0.043462817
AT2G18550,0.18058938
AT2G18560,-0.32278058
AT2G18570,-0.50162786
AT2G18590,0.0032667883
AT2G18600,0.29491577
AT2G18620,-0.042635255
AT2G18630,-0.22008742
AT2G18640,0.063700244
AT2G18650,-0.2041518
AT2G18660,1.3947641
AT2G18670,0.037128802
AT2G18680,0.99200165
AT2G18685,0.000630618
AT2G18690,1.5578392
AT2G18700,-0.090252936
AT2G18710,-0.3205866
AT2G18720,0.16007419
AT2G18721,0.0
AT2G18730,0.11821436
AT2G18740,0.19374573
AT2G18750,0.056144137
AT2G18760,0.13056685
AT2G18770,0.026084078
AT2G18780,0.10856306
AT2G18790,-0.112522915
AT2G18800,-0.06313563
AT2G18810,0.0031489232
AT2G18830,0.0032480855
AT2G18840,0.2673286
AT2G18850,-0.22584926
AT2G18860,-0.069612615
AT2G18870,0.0006243576
AT2G18876,-0.24435586
AT2G18880,0.029889673
AT2G18890,-0.5411828
AT2G18900,0.26051915
AT2G18910,-0.3443168
AT2G18915,0.035181955
AT2G18920,0.0031489232
AT2G18938,0.06597287
AT2G18940,-0.23776442
AT2G18950,0.9798423
AT2G18960,0.15608793
AT2G18969,-0.15794685
AT2G18970,0.08980713
AT2G18980,-0.065097935
AT2G18990,-0.12218552
AT2G19000,0.0
AT2G19010,0.0
AT2G19020,0.0
AT2G19030,0.0
AT2G19040,0.0
AT2G19045,0.0
AT2G19050,0.0002001353
AT2G19060,0.0057424274
AT2G19070,-0.0071289786
AT2G19080,0.07778096
AT2G19090,-0.20785278
AT2G19110,-0.14508004
AT2G19120,0.0020041585
AT2G19130,0.2919767
AT2G19146,0.00015952213
AT2G19150,-0.003710333
AT2G19160,0.4035491
AT2G19170,-0.36801422
AT2G19180,0.3264545
AT2G19190,0.9199686
AT2G19200,0.0
AT2G19210,0.0049656597
AT2G19220,0.0
AT2G19230,0.013604206
AT2G19240,0.21397986
AT2G19260,-0.12916373
AT2G19270,0.25827426
AT2G19280,-0.19391246
AT2G19290,-0.0240392
AT2G19300,0.0
AT2G19310,-0.09137579
AT2G19320,0.028752275
AT2G19330,0.03772856
AT2G19340,0.14175768
AT2G19350,0.34524712
AT2G19360,0.0
AT2G19365,0.0
AT2G19380,0.106604
AT2G19385,0.23773815
AT2G19390,0.12223553
AT2G19400,-0.35456896
AT2G19410,0.015674736
AT2G19420,0.001743973
AT2G19430,-0.1127876
AT2G19440,-0.006301911
AT2G19450,0.69710785
AT2G19460,-0.19772008
AT2G19470,0.1932683
AT2G19480,0.069054134
AT2G19490,0.41779575
AT2G19500,0.8715509
AT2G19510,0.0
AT2G19520,0.059204753
AT2G19530,0.017424773
AT2G19540,0.3108219
AT2G19550,0.12222692
AT2G19560,0.29854232
AT2G19570,1.1071479
AT2G19580,-0.044559672
AT2G19590,0.02143186
AT2G19600,0.08941158
AT2G19610,0.022682661
AT2G19620,-0.64535886
AT2G19630,-0.0075308788
AT2G19640,0.4146963
AT2G19650,-0.47900116
AT2G19660,-0.107318476
AT2G19670,0.21748275
AT2G19680,0.054688964
AT2G19690,0.049719658
AT2G19700,0.075577
AT2G19710,0.5163069
AT2G19720,-0.27795205
AT2G19730,0.22411947
AT2G19740,0.15597327
AT2G19750,0.14426647
AT2G19760,0.26838756
AT2G19770,0.024379529
AT2G19780,-0.19328089
AT2G19790,0.0964903
AT2G19800,0.34290388
AT2G19802,0.013015987
AT2G19810,-0.16506095
AT2G19820,0.0031489232
AT2G19830,0.11200767
AT2G19850,0.0005086692
AT2G19860,-0.0767919
AT2G19870,0.26242805
AT2G19880,0.3655812
AT2G19890,0.05047228
AT2G19893,0.0
AT2G19900,0.30669355
AT2G19910,-0.14818414
AT2G19920,-0.10881983
AT2G19930,-0.3669146
AT2G19940,-0.24764714
AT2G19950,0.13532782
AT2G19960,0.15123847
AT2G19970,0.31355444
AT2G19980,0.013263151
AT2G19990,0.1717658
AT2G20000,0.04534399
AT2G20010,0.59810996
AT2G20020,-0.0069998824
AT2G20030,0.36490774
AT2G20050,-0.20697883
AT2G20060,0.1717365
AT2G20070,0.0
AT2G20080,0.028275453
AT2G20100,-0.14266533
AT2G20110,0.50227636
AT2G20120,-0.0069757802
AT2G20130,0.2085
AT2G20140,0.18225846
AT2G20142,0.6763315
AT2G20150,0.08648122
AT2G20160,-0.0070959195
AT2G20170,0.036160048
AT2G20180,-0.40610933
AT2G20190,-0.14032888
AT2G20208,0.0
AT2G20210,-0.27880087
AT2G20230,-0.017309405
AT2G20240,-0.3222291
AT2G20250,-0.15037863
AT2G20260,-0.31823725
AT2G20270,0.03282983
AT2G20280,0.096034415
AT2G20290,-0.23256345
AT2G20300,-0.34437004
AT2G20310,0.08691398
AT2G20320,0.4369611
AT2G20330,0.010995338
AT2G20340,-0.23963746
AT2G20350,-0.016160537
AT2G20360,0.25857055
AT2G20362,-0.06516443
AT2G20370,0.002352927
AT2G20380,-3.137753e-05
AT2G20390,0.29631925
AT2G20400,0.062354222
AT2G20410,0.19166906
AT2G20420,0.350175
AT2G20430,0.0
AT2G20440,0.064834855
AT2G20450,0.0779578
AT2G20463,0.009067142
AT2G20465,0.0
AT2G20470,0.044485066
AT2G20480,0.011590411
AT2G20490,0.17394719
AT2G20495,0.06462241
AT2G20500,0.39210865
AT2G20510,0.09377438
AT2G20515,-0.12933667
AT2G20520,0.031700507
AT2G20530,0.19458464
AT2G20540,-0.08811641
AT2G20550,-0.15939938
AT2G20560,0.24824402
AT2G20562,0.41055882
AT2G20570,0.11179715
AT2G20580,0.25562033
AT2G20585,0.16349557
AT2G20590,-0.13711208
AT2G20595,-4.8815295e-05
AT2G20597,0.008974886
AT2G20605,0.0019594193
AT2G20610,0.14281507
AT2G20613,0.0
AT2G20616,0.0
AT2G20618,0.0
AT2G20619,0.0
AT2G20620,0.0011144534
AT2G20625,-0.006907167
AT2G20630,0.047430396
AT2G20635,-0.26544014
AT2G20650,-0.028174756
AT2G20660,0.0
AT2G20670,-0.763743
AT2G20680,-0.38466308
AT2G20690,-0.04428391
AT2G20700,-0.19177242
AT2G20710,-0.043266073
AT2G20720,0.54098034
AT2G20725,0.00091491523
AT2G20740,0.17208315
AT2G20750,-0.39578164
AT2G20760,0.23470375
AT2G20770,0.16853538
AT2G20780,0.3261415
AT2G20784,0.052154385
AT2G20790,0.19733976
AT2G20800,0.3954323
AT2G20805,0.0
AT2G20810,0.056962486
AT2G20815,-0.09706997
AT2G20820,0.34221905
AT2G20825,1.0093108
AT2G20830,0.13709752
AT2G20835,-0.22471449
AT2G20840,-0.22531822
AT2G20850,-0.061924405
AT2G20860,0.05532587
AT2G20870,-0.036378097
AT2G20873,0.0
AT2G20875,-0.19266246
AT2G20880,0.7205887
AT2G20890,-0.35095584
AT2G20900,0.22711658
AT2G20920,0.16029076
AT2G20921,0.013305501
AT2G20930,0.047090877
AT2G20940,0.20908296
AT2G20950,-0.12149047
AT2G20960,0.09217301
AT2G20970,0.014858123
AT2G20980,-0.13864602
AT2G20990,0.0012544986
AT2G21010,-0.010804375
AT2G21030,0.03654401
AT2G21040,-0.0037730616
AT2G21045,-0.0012898864
AT2G21050,-0.5137327
AT2G21060,0.2725427
AT2G21070,-0.014879809
AT2G21080,-0.4993453
AT2G21090,0.10943607
AT2G21100,0.18901467
AT2G21110,0.0023283048
AT2G21120,0.002491621
AT2G21130,0.65367204
AT2G21140,0.3448279
AT2G21150,0.022385625
AT2G21160,0.27323744
AT2G21170,-0.29340956
AT2G21180,0.45560098
AT2G21185,0.0010304773
AT2G21190,0.3123599
AT2G21195,-0.017337589
AT2G21200,-0.26734453
AT2G21210,-0.56528944
AT2G21220,-0.20001909
AT2G21230,0.021717409
AT2G21235,-0.016519396
AT2G21237,0.0017898278
AT2G21240,0.15323552
AT2G21250,-0.06388917
AT2G21260,-0.0006724665
AT2G21270,0.26982304
AT2G21280,-0.34409297
AT2G21290,0.11840175
AT2G21300,-0.34862393
AT2G21320,-0.21599144
AT2G21330,-0.66487724
AT2G21340,-0.24666843
AT2G21350,0.42916307
AT2G21370,-0.44510114
AT2G21380,-0.19495012
AT2G21385,-0.4896909
AT2G21390,0.16835226
AT2G21400,0.022232646
AT2G21410,0.0931891
AT2G21420,-0.020915668
AT2G21430,0.45069236
AT2G21440,0.09163986
AT2G21450,0.25135934
AT2G21455,0.0
AT2G21465,0.0
AT2G21470,0.3004667
AT2G21480,0.04265751
AT2G21490,0.04211308
AT2G21500,0.16638717
AT2G21510,0.43962398
AT2G21520,0.27621046
AT2G21530,-0.50351954
AT2G21540,-0.33582842
AT2G21550,0.032746885
AT2G21560,-0.105556324
AT2G21580,0.23118435
AT2G21590,-0.35619962
AT2G21595,-0.07358187
AT2G21600,0.09792266
AT2G21610,0.25090286
AT2G21620,0.81092286
AT2G21630,0.05269803
AT2G21640,0.6908019
AT2G21650,-0.76329064
AT2G21655,0.0
AT2G21660,0.57816285
AT2G21680,0.011086592
AT2G21690,0.0
AT2G21710,-0.14357841
AT2G21720,-0.00052389863
AT2G21725,0.0
AT2G21727,0.0
AT2G21730,-0.1360635
AT2G21740,0.009938457
AT2G21750,0.0
AT2G21770,-0.22775382
AT2G21780,0.28814062
AT2G21790,0.026210193
AT2G21800,0.06909178
AT2G21810,0.0
AT2G21820,0.31577048
AT2G21830,-0.36292824
AT2G21840,0.07494104
AT2G21850,0.24305773
AT2G21860,-0.014406782
AT2G21870,0.16954918
AT2G21880,-0.29433915
AT2G21890,-0.033760637
AT2G21900,0.19058622
AT2G21910,0.12505078
AT2G21920,0.0031489232
AT2G21930,0.051267553
AT2G21940,0.0452809
AT2G21950,0.029963655
AT2G21960,-0.2869276
AT2G21970,-0.1671945
AT2G21980,0.0
AT2G21990,-0.005415708
AT2G22000,-0.3350224
AT2G22010,0.1956275
AT2G22030,0.0
AT2G22040,-3.0241226e-05
AT2G22050,0.0
AT2G22055,0.0
AT2G22060,0.00093969994
AT2G22070,-0.051978137
AT2G22080,-0.17098008
AT2G22088,-0.042843264
AT2G22090,0.024610134
AT2G22100,0.057546496
AT2G22120,0.06783634
AT2G22121,0.0006270449
AT2G22122,-0.26633817
AT2G22125,-0.28874633
AT2G22140,-0.013810408
AT2G22145,0.0021075786
AT2G22155,0.0
AT2G22160,0.0
AT2G22170,-0.277387
AT2G22180,-0.0022899006
AT2G22190,-0.46623474
AT2G22200,0.16716488
AT2G22230,-0.35149628
AT2G22240,-0.46955577
AT2G22241,0.0
AT2G22250,0.38961914
AT2G22260,-0.109989405
AT2G22270,-0.16160272
AT2G22290,-0.015345043
AT2G22300,0.11635546
AT2G22310,-0.015677568
AT2G22320,0.047100443
AT2G22330,0.16006047
AT2G22340,-0.03287134
AT2G22345,0.0
AT2G22360,0.26539534
AT2G22370,0.08364738
AT2G22390,0.0
AT2G22400,0.053221103
AT2G22410,-0.054786555
AT2G22420,-0.028086692
AT2G22425,0.30633116
AT2G22426,0.0074337358
AT2G22430,0.18515673
AT2G22440,0.0013180539
AT2G22450,0.2400453
AT2G22460,0.024377381
AT2G22465,-0.0019042431
AT2G22470,1.9921321
AT2G22475,0.31673655
AT2G22480,0.31203672
AT2G22490,0.10403994
AT2G22500,0.65320826
AT2G22510,0.60621244
AT2G22520,0.0
AT2G22530,-0.16951084
AT2G22540,-0.20856455
AT2G22560,0.7888482
AT2G22570,0.26640534
AT2G22590,-0.036901534
AT2G22600,0.034561485
AT2G22610,-0.2496493
AT2G22620,0.10257575
AT2G22630,0.082457565
AT2G22640,-0.020454625
AT2G22650,-0.27571973
AT2G22660,0.22294879
AT2G22670,-0.49414095
AT2G22680,0.16399665
AT2G22690,0.29824817
AT2G22720,0.02239496
AT2G22730,-0.15707704
AT2G22740,-0.054873724
AT2G22750,0.010671058
AT2G22760,0.67504084
AT2G22770,-0.06249468
AT2G22780,0.41022328
AT2G22790,0.055430997
AT2G22795,-0.6126758
AT2G22800,0.05644285
AT2G22805,0.0
AT2G22807,-3.137753e-05
AT2G22810,-0.14761972
AT2G22820,0.012156748
AT2G22830,-0.19252802
AT2G22840,0.11953937
AT2G22850,-0.3020882
AT2G22860,0.768887
AT2G22870,-0.15847433
AT2G22880,0.4233619
AT2G22890,-0.25854403
AT2G22900,-0.2504
AT2G22905,-0.008934904
AT2G22910,0.01817982
AT2G22920,-0.24307464
AT2G22930,0.20771475
AT2G22940,-0.002682874
AT2G22941,0.0
AT2G22942,0.027153673
AT2G22950,-0.0023409978
AT2G22960,-9.89508e-06
AT2G22970,0.17588298
AT2G22980,-0.41279244
AT2G22990,-0.2882221
AT2G23000,0.056634776
AT2G23010,0.19531727
AT2G23030,0.15450233
AT2G23050,0.0050094374
AT2G23060,-0.042865943
AT2G23067,0.0
AT2G23070,0.07381952
AT2G23080,-0.012120865
AT2G23090,0.22395197
AT2G23093,0.14889796
AT2G23096,0.0074676014
AT2G23100,-0.43115404
AT2G23110,0.5389111
AT2G23118,-0.0041431994
AT2G23120,0.021632468
AT2G23130,-0.305093
AT2G23140,-0.007247154
AT2G23142,0.0
AT2G23148,0.014933008
AT2G23150,1.1146686
AT2G23160,0.0
AT2G23170,1.8087394
AT2G23180,-0.15647964
AT2G23190,0.04469199
AT2G23200,0.12591964
AT2G23210,-0.050810654
AT2G23220,0.00594144
AT2G23230,-0.00085557473
AT2G23240,0.0003984144
AT2G23250,-0.0015448529
AT2G23260,0.17816369
AT2G23270,0.8664541
AT2G23290,-0.69133765
AT2G23300,-0.4386886
AT2G23310,0.25063154
AT2G23320,0.5481703
AT2G23321,-0.014418484
AT2G23340,0.062227394
AT2G23348,0.12761746
AT2G23350,0.06513618
AT2G23360,-0.49487737
AT2G23370,0.15375888
AT2G23380,0.11961428
AT2G23390,-0.1637509
AT2G23400,-0.007904339
AT2G23410,-0.025226839
AT2G23420,-0.056580234
AT2G23430,-0.0363263
AT2G23440,-0.00033121463
AT2G23445,0.008584209
AT2G23450,0.71044695
AT2G23460,-0.14540565
AT2G23470,-0.054056894
AT2G23510,-0.0019337722
AT2G23520,-0.1151338
AT2G23530,0.0035548871
AT2G23540,0.12998798
AT2G23550,0.029430717
AT2G23560,-0.38297355
AT2G23570,-8.380749e-06
AT2G23580,-4.5022683e-05
AT2G23590,-0.052881937
AT2G23600,-0.62033796
AT2G23610,-0.4550281
AT2G23620,0.22314602
AT2G23630,-0.03775784
AT2G23640,-0.002649964
AT2G23660,0.09861445
AT2G23670,-0.15185346
AT2G23680,0.70985633
AT2G23690,-0.52850187
AT2G23700,-0.37844396
AT2G23740,-0.033812445
AT2G23755,0.10375395
AT2G23760,0.12995301
AT2G23770,0.23136744
AT2G23780,0.14030334
AT2G23790,0.7683841
AT2G23800,0.010533729
AT2G23810,0.5952014
AT2G23820,0.027037581
AT2G23830,0.50931156
AT2G23834,-0.012887691
AT2G23840,-0.023634989
AT2G23890,0.20556371
AT2G23900,-0.00043517636
AT2G23910,0.50980127
AT2G23930,0.15771754
AT2G23940,0.038494553
AT2G23945,0.018317793
AT2G23950,-0.2039149
AT2G23960,0.06102863
AT2G23970,0.053066384
AT2G23980,0.046557643
AT2G23985,-0.11276693
AT2G23987,-0.0076817474
AT2G23990,0.0
AT2G24000,-7.526391e-05
AT2G24010,-0.28287816
AT2G24020,-0.32072952
AT2G24030,-0.08494642
AT2G24040,0.24874349
AT2G24050,0.16832538
AT2G24060,-0.49255535
AT2G24070,0.06483437
AT2G24080,0.00064307556
AT2G24090,-0.46229738
AT2G24100,0.14530653
AT2G24120,0.086455435
AT2G24130,0.017222157
AT2G24140,-0.0497395
AT2G24150,-0.36387953
AT2G24170,0.0057932725
AT2G24180,1.1400888
AT2G24190,-0.2782584
AT2G24195,0.6495655
AT2G24200,0.72889256
AT2G24205,0.0
AT2G24210,0.3582231
AT2G24220,-0.099924654
AT2G24230,-0.30974537
AT2G24240,0.1285201
AT2G24250,-0.046719432
AT2G24255,0.008951274
AT2G24260,0.3476274
AT2G24270,-0.461641
AT2G24280,-0.45222062
AT2G24285,0.5991525
AT2G24290,-0.22253484
AT2G24300,-0.3265332
AT2G24310,-0.09821386
AT2G24320,-0.019926159
AT2G24330,-0.16386023
AT2G24340,0.0
AT2G24350,-0.4744095
AT2G24360,0.2538304
AT2G24370,0.19904935
AT2G24390,-0.080329
AT2G24395,-0.35224885
AT2G24400,-0.011985125
AT2G24410,0.0023337672
AT2G24420,-0.17645545
AT2G24430,0.024773458
AT2G24440,-0.12567523
AT2G24450,0.0013513594
AT2G24460,0.070961155
AT2G24470,0.0
AT2G24480,0.0023869143
AT2G24490,0.05074725
AT2G24500,0.31911874
AT2G24510,0.0
AT2G24520,-0.101339154
AT2G24530,0.028424291
AT2G24535,0.020783741
AT2G24540,-0.37194586
AT2G24550,-0.3534832
AT2G24560,0.00020020084
AT2G24570,0.16893648
AT2G24580,-0.20675373
AT2G24590,0.0646389
AT2G24600,-0.22779046
AT2G24610,-0.2547768
AT2G24615,0.0
AT2G24617,0.0
AT2G24620,0.0
AT2G24625,0.0
AT2G24630,-0.49446073
AT2G24640,0.20917876
AT2G24645,-0.072191045
AT2G24650,-0.3372641
AT2G24670,0.00021643797
AT2G24680,0.03757232
AT2G24681,0.0023240622
AT2G24683,0.004078284
AT2G24690,-0.26296574
AT2G24692,-0.021968596
AT2G24693,0.017350608
AT2G24696,-0.002857666
AT2G24700,-0.018360086
AT2G24710,0.049335435
AT2G24720,0.012846701
AT2G24740,0.15548584
AT2G24762,-0.6151749
AT2G24765,0.06408256
AT2G24780,0.001013533
AT2G24790,-0.35377228
AT2G24800,-0.032666765
AT2G24810,0.0
AT2G24820,0.14768364
AT2G24830,0.015147788
AT2G24840,-0.001288635
AT2G24850,2.220901
AT2G24860,0.34165362
AT2G24870,-0.0039719054
AT2G24880,-4.2360043e-05
AT2G24940,0.15818699
AT2G24945,-0.036554724
AT2G24950,0.0
AT2G24960,0.071067385
AT2G24970,0.045696113
AT2G24980,-0.11159263
AT2G24990,0.22742687
AT2G25000,0.62134105
AT2G25010,0.1795309
AT2G25050,-0.20346406
AT2G25055,0.0
AT2G25060,-0.29064336
AT2G25070,-0.029175388
AT2G25080,-0.42823514
AT2G25090,0.6112386
AT2G25100,-0.14256443
AT2G25110,0.44371682
AT2G25120,0.0
AT2G25125,0.0069523873
AT2G25130,0.048793875
AT2G25140,0.2737137
AT2G25150,-0.22438726
AT2G25160,0.00044626647
AT2G25169,0.0
AT2G25170,-0.13672794
AT2G25180,-0.19234769
AT2G25185,-0.00043517636
AT2G25190,0.2710934
AT2G25200,-0.42683905
AT2G25210,0.1458154
AT2G25215,0.01348271
AT2G25220,-0.35097307
AT2G25230,0.00017970966
AT2G25240,0.0013680678
AT2G25250,-0.23942786
AT2G25260,0.14345162
AT2G25270,-0.49022016
AT2G25280,0.08214726
AT2G25290,-0.1772221
AT2G25295,-0.07564077
AT2G25297,0.76161593
AT2G25300,0.21541293
AT2G25305,0.0012331357
AT2G25310,-0.053465795
AT2G25312,-3.137753e-05
AT2G25320,0.04921003
AT2G25330,0.02357531
AT2G25340,0.0
AT2G25344,0.0
AT2G25350,0.016873628
AT2G25355,0.15058567
AT2G25360,-0.00019902899
AT2G25370,0.00010396173
AT2G25409,0.0007071196
AT2G25410,0.0012105472
AT2G25420,-0.097134806
AT2G25430,0.008962606
AT2G25440,0.9871787
AT2G25450,0.87892276
AT2G25460,1.5992277
AT2G25470,-0.26436234
AT2G25480,-0.7638294
AT2G25482,-0.028160557
AT2G25490,0.055544138
AT2G25500,0.0059609856
AT2G25510,0.741459
AT2G25520,0.34604645
AT2G25530,0.47172374
AT2G25540,-0.040907357
AT2G25560,0.1187889
AT2G25565,0.0023708176
AT2G25580,-0.037080567
AT2G25590,-0.08151073
AT2G25600,0.13316661
AT2G25605,-0.17709526
AT2G25610,0.2868532
AT2G25620,0.6142527
AT2G25625,0.83420587
AT2G25630,0.0012085676
AT2G25640,-0.07429276
AT2G25650,0.13476788
AT2G25660,-0.06635348
AT2G25670,0.11421836
AT2G25680,-0.04927296
AT2G25685,0.05612081
AT2G25690,-0.09305727
AT2G25700,-0.007801943
AT2G25710,-0.013904312
AT2G25720,-0.06988862
AT2G25730,0.24176893
AT2G25735,0.15061115
AT2G25737,0.2588785
AT2G25740,0.096601486
AT2G25750,0.0
AT2G25770,-0.06243108
AT2G25780,-0.05227625
AT2G25790,-0.10486304
AT2G25800,-0.2703324
AT2G25810,-0.0173699
AT2G25820,-0.12971674
AT2G25830,-0.19970357
AT2G25840,-0.36026523
AT2G25850,-0.0060860957
AT2G25870,0.068111986
AT2G25880,-0.0014371283
AT2G25890,0.009354978
AT2G25900,-0.52169514
AT2G25905,0.00017970966
AT2G25910,0.20191975
AT2G25920,-0.20399666
AT2G25930,0.09043938
AT2G25940,0.39960966
AT2G25950,0.1353745
AT2G25964,-0.13886544
AT2G25970,0.17070314
AT2G25980,-0.031060314
AT2G25990,-0.00043517636
AT2G26000,0.017596643
AT2G26010,-0.16698314
AT2G26020,0.11942046
AT2G26030,-0.030654607
AT2G26040,-0.21096928
AT2G26050,-5.719604e-05
AT2G26060,0.22941542
AT2G26070,-0.09090531
AT2G26080,-0.31172055
AT2G26100,0.10953002
AT2G26110,-0.24189304
AT2G26120,-0.024399834
AT2G26130,0.00073768856
AT2G26135,0.012500215
AT2G26140,0.15638246
AT2G26150,0.7176573
AT2G26160,-0.02240587
AT2G26170,0.16534589
AT2G26180,-0.31560913
AT2G26190,-0.02626208
AT2G26200,0.1495126
AT2G26210,0.17823029
AT2G26230,0.36005387
AT2G26240,0.3476593
AT2G26250,-0.5714283
AT2G26260,0.020676674
AT2G26270,-0.16167565
AT2G26280,-0.078880586
AT2G26290,0.98764473
AT2G26300,0.15974024
AT2G26310,0.6089067
AT2G26320,0.0
AT2G26330,-0.54187876
AT2G26350,0.07619623
AT2G26360,0.04015399
AT2G26370,0.028913729
AT2G26380,0.074939705
AT2G26390,0.32133663
AT2G26400,1.012278
AT2G26410,0.13032316
AT2G26420,-0.017614728
AT2G26430,0.08195214
AT2G26440,0.71279204
AT2G26450,0.012535714
AT2G26460,0.059404362
AT2G26470,-0.06888094
AT2G26480,0.22910899
AT2G26490,-3.68288e-05
AT2G26500,-0.32922772
AT2G26510,0.09407821
AT2G26515,-0.13626724
AT2G26520,-0.10269208
AT2G26530,0.5262552
AT2G26540,-0.17848964
AT2G26550,-0.27894953
AT2G26560,1.3810914
AT2G26570,-0.074058555
AT2G26580,-0.378079
AT2G26590,0.22678846
AT2G26600,0.2418391
AT2G26610,0.01766469
AT2G26620,-0.00048200693
AT2G26640,-0.1454111
AT2G26650,0.14340378
AT2G26660,0.2444749
AT2G26670,0.21013515
AT2G26680,0.073818274
AT2G26690,0.09736475
AT2G26695,-0.7639415
AT2G26700,-0.13080291
AT2G26710,-0.6037066
AT2G26720,0.020958208
AT2G26730,-0.272502
AT2G26740,0.41010875
AT2G26750,0.06156026
AT2G26760,-0.21691057
AT2G26770,0.0039906944
AT2G26780,0.132765
AT2G26790,0.09566646
AT2G26800,0.026708957
AT2G26810,0.10182701
AT2G26820,0.006542103
AT2G26830,0.22346078
AT2G26840,-0.23055063
AT2G26850,0.022788996
AT2G26860,-0.11453751
AT2G26865,0.0
AT2G26870,-0.49678725
AT2G26880,0.00028496265
AT2G26890,0.05411158
AT2G26900,-0.14262098
AT2G26910,-0.45924613
AT2G26920,0.22022547
AT2G26930,-0.29157266
AT2G26940,0.012365023
AT2G26950,0.0
AT2G26960,0.01845394
AT2G26970,0.09289092
AT2G26975,-0.3222538
AT2G26980,0.03996772
AT2G26990,0.10004967
AT2G27000,-0.019803457
AT2G27010,0.051413726
AT2G27020,0.38453984
AT2G27030,-0.03181953
AT2G27035,-0.056071315
AT2G27040,-0.4527909
AT2G27050,-0.4262638
AT2G27060,-0.45659164
AT2G27070,0.0
AT2G27080,0.0074752653
AT2G27090,0.09682025
AT2G27100,0.07922733
AT2G27110,-0.05677083
AT2G27120,0.03731703
AT2G27130,-0.094297245
AT2G27140,-0.110477574
AT2G27145,0.0
AT2G27150,0.44367307
AT2G27160,1.7231117e-05
AT2G27170,0.017759167
AT2G27180,0.044682708
AT2G27190,0.1093857
AT2G27200,0.52538913
AT2G27210,0.18561232
AT2G27220,-0.038851958
AT2G27229,0.030027468
AT2G27230,0.10732294
AT2G27240,-0.014330505
AT2G27250,0.003724347
AT2G27260,0.023462439
AT2G27270,-0.021950822
AT2G27280,0.043378223
AT2G27290,-0.094954215
AT2G27300,-0.020444272
AT2G27310,0.5301655
AT2G27313,0.07412686
AT2G27315,0.0
AT2G27320,0.013185639
AT2G27330,0.14068192
AT2G27340,-0.114663295
AT2G27350,0.09232541
AT2G27360,0.060406417
AT2G27370,-0.053446848
AT2G27380,0.0057541286
AT2G27385,-0.7849143
AT2G27389,1.4893503
AT2G27390,0.026565284
AT2G27402,-0.66160095
AT2G27410,0.022748068
AT2G27420,-0.22231413
AT2G27430,0.4356245
AT2G27450,0.037412956
AT2G27460,-0.029486766
AT2G27470,-0.19787627
AT2G27480,0.1281416
AT2G27490,0.20572636
AT2G27500,0.3019884
AT2G27505,0.13392435
AT2G27507,0.00067354896
AT2G27510,0.7779517
AT2G27520,0.0059185345
AT2G27530,0.07043121
AT2G27535,0.013520119
AT2G27540,0.0
AT2G27550,0.118310995
AT2G27570,0.012582724
AT2G27580,0.20993446
AT2G27590,-0.036510207
AT2G27600,0.25931805
AT2G27610,-0.07156318
AT2G27630,0.04402828
AT2G27650,-0.016682811
AT2G27660,0.2767263
AT2G27670,0.0
AT2G27680,-0.34862846
AT2G27690,0.42105895
AT2G27700,0.0145695405
AT2G27710,0.2428059
AT2G27720,0.1900632
AT2G27730,0.3530694
AT2G27740,-0.1103533
AT2G27750,0.0011769078
AT2G27760,-0.022659548
AT2G27770,-0.3517296
AT2G27775,0.10718513
AT2G27780,-0.0046452982
AT2G27790,-0.0023551248
AT2G27800,-0.33209312
AT2G27810,-0.45959488
AT2G27820,0.4082142
AT2G27830,0.083974175
AT2G27840,0.23246104
AT2G27860,0.017582614
AT2G27880,-0.021351127
AT2G27890,0.0
AT2G27920,-0.120817006
AT2G27930,0.0068552615
AT2G27940,0.0032598984
AT2G27950,-0.0024101352
AT2G27960,-0.014349039
AT2G27970,0.0018317697
AT2G27980,-0.052274212
AT2G27990,-0.0038668911
AT2G28000,-0.27865544
AT2G28010,-0.012502155
AT2G28020,0.00059583964
AT2G28030,0.0
AT2G28040,0.0116758505
AT2G28050,-0.236178
AT2G28060,0.0978949
AT2G28070,-0.21731834
AT2G28080,0.094635405
AT2G28085,0.18124063
AT2G28090,0.023253022
AT2G28100,-0.24136563
AT2G28105,-0.0861986
AT2G28110,0.8369425
AT2G28120,0.30612803
AT2G28130,0.3730307
AT2G28140,-0.32177666
AT2G28150,-0.4703413
AT2G28160,0.105755515
AT2G28170,0.0
AT2G28180,-0.0017092339
AT2G28190,-0.22337179
AT2G28200,0.11771558
AT2G28210,1.5369952
AT2G28220,-0.0042875474
AT2G28225,0.00028052946
AT2G28230,-0.08229803
AT2G28240,-0.039138563
AT2G28250,-0.26287255
AT2G28260,-0.27494693
AT2G28270,-0.00011101874
AT2G28290,0.039639533
AT2G28305,-0.11535638
AT2G28310,-0.45385435
AT2G28315,0.106300086
AT2G28320,0.24764425
AT2G28330,0.099308476
AT2G28340,-0.0009549891
AT2G28350,-0.12319872
AT2G28355,0.0
AT2G28360,0.20182604
AT2G28370,0.18718405
AT2G28380,-0.09919377
AT2G28390,0.015736619
AT2G28400,0.65779924
AT2G28405,0.0
AT2G28410,-0.47702906
AT2G28420,-0.09587552
AT2G28426,0.009950413
AT2G28430,0.16568643
AT2G28440,-0.032185625
AT2G28450,-0.13027251
AT2G28460,-0.18882999
AT2G28470,-0.73800206
AT2G28480,0.0796478
AT2G28490,-0.00368011
AT2G28500,0.429428
AT2G28510,0.23510791
AT2G28520,0.15682256
AT2G28540,0.057959046
AT2G28550,-0.2536729
AT2G28560,-0.040603697
AT2G28570,0.3793411
AT2G28580,-0.13450892
AT2G28590,-0.100230075
AT2G28600,0.17192943
AT2G28605,-0.50787824
AT2G28610,-0.00035306747
AT2G28620,-0.19592014
AT2G28625,-3.137753e-05
AT2G28630,-0.41358948
AT2G28640,0.0074043167
AT2G28650,0.4334994
AT2G28660,0.15139729
AT2G28670,-0.09734051
AT2G28671,-0.29424113
AT2G28680,0.08002958
AT2G28690,0.07882054
AT2G28700,0.029931478
AT2G28710,0.62125975
AT2G28720,0.04193774
AT2G28725,-0.0019317105
AT2G28755,-0.0561113
AT2G28760,0.28155556
AT2G28780,-0.020539245
AT2G28790,-0.085594825
AT2G28800,-0.16413292
AT2G28810,0.0088175535
AT2G28815,0.3355116
AT2G28830,-0.18961668
AT2G28840,0.22128722
AT2G28850,-0.0010299708
AT2G28860,-0.02059154
AT2G28870,-0.14612536
AT2G28880,-0.1108902
AT2G28890,0.35831818
AT2G28900,-0.07084881
AT2G28910,0.042259295
AT2G28920,0.008922217
AT2G28930,-0.018929644
AT2G28940,-0.05170664
AT2G28950,-0.9607981
AT2G28960,-0.058420517
AT2G28970,-0.016479162
AT2G28990,-0.0075967973
AT2G29000,0.0012237468
AT2G29020,0.12766074
AT2G29040,-0.0076350207
AT2G29045,0.0
AT2G29050,-0.17715478
AT2G29060,0.05881158
AT2G29065,0.36331624
AT2G29070,0.30366284
AT2G29080,0.0837212
AT2G29090,-0.40607244
AT2G29100,0.21694227
AT2G29110,0.530994
AT2G29120,0.11447762
AT2G29125,-0.25641623
AT2G29130,-0.1292639
AT2G29140,0.14724597
AT2G29150,0.4504588
AT2G29170,-0.02529907
AT2G29180,-0.56181586
AT2G29190,0.098374166
AT2G29200,0.26896906
AT2G29210,-0.0010990185
AT2G29220,0.0370376
AT2G29250,0.04359702
AT2G29260,0.036892824
AT2G29263,-0.003232955
AT2G29290,-1.0639808
AT2G29300,-0.9677888
AT2G29310,-0.67679685
AT2G29320,-0.3124164
AT2G29330,0.010213403
AT2G29340,-0.10557882
AT2G29350,2.7087498
AT2G29360,-0.45215183
AT2G29370,-0.028004574
AT2G29380,0.06617603
AT2G29390,-0.00899986
AT2G29400,0.16001748
AT2G29410,0.4050944
AT2G29420,0.59350634
AT2G29430,0.4772055
AT2G29440,0.4983496
AT2G29450,0.2909811
AT2G29452,0.0053626494
AT2G29460,2.3166666
AT2G29470,3.033786
AT2G29480,0.971752
AT2G29485,0.0008290505
AT2G29490,1.2768526
AT2G29500,1.1997368
AT2G29510,-0.4296656
AT2G29525,0.061699465
AT2G29530,0.17186119
AT2G29540,0.05735066
AT2G29550,-0.42251602
AT2G29560,0.13640581
AT2G29570,0.06316525
AT2G29580,-0.016226526
AT2G29590,0.19634378
AT2G29600,0.00010876381
AT2G29605,0.0
AT2G29610,0.0
AT2G29620,0.16613595
AT2G29628,-8.642301e-06
AT2G29630,-0.31044582
AT2G29640,0.19827028
AT2G29650,-0.21341966
AT2G29654,0.0
AT2G29660,-0.13053787
AT2G29670,-0.26973918
AT2G29679,0.0
AT2G29680,-0.30596212
AT2G29690,-0.07588098
AT2G29700,0.22426774
AT2G29710,-0.07733732
AT2G29720,0.4533709
AT2G29730,-0.46322933
AT2G29735,0.0011221211
AT2G29740,0.0072773136
AT2G29750,0.084772356
AT2G29760,0.17580366
AT2G29770,-0.0036896742
AT2G29780,0.0
AT2G29790,0.0
AT2G29800,0.0
AT2G29810,0.0
AT2G29820,-0.00018098128
AT2G29830,0.0
AT2G29840,0.0
AT2G29850,0.0
AT2G29860,0.0
AT2G29870,-0.022608455
AT2G29880,0.00021493694
AT2G29890,-0.37889078
AT2G29900,0.13077128
AT2G29910,0.115006246
AT2G29920,-0.0035836308
AT2G29925,0.0
AT2G29930,0.035429228
AT2G29940,1.0829866
AT2G29950,0.41297284
AT2G29960,0.07829523
AT2G29970,-0.036748447
AT2G29980,-0.5189998
AT2G29990,0.57861835
AT2G29995,0.43055284
AT2G30000,0.12623262
AT2G30010,-0.07598306
AT2G30020,0.17094961
AT2G30040,0.34493542
AT2G30050,0.20111011
AT2G30060,0.14309569
AT2G30070,-0.1951588
AT2G30080,0.09400981
AT2G30090,0.0045714774
AT2G30100,-0.30023775
AT2G30105,0.029571705
AT2G30110,0.22288287
AT2G30120,-0.00645452
AT2G30130,0.048264563
AT2G30140,1.2831854
AT2G30150,-0.22924821
AT2G30160,0.0784328
AT2G30170,-0.3380582
AT2G30200,-0.08034444
AT2G30210,-0.09897586
AT2G30220,-0.007092987
AT2G30230,-0.32123736
AT2G30240,0.029899988
AT2G30250,0.3367649
AT2G30260,0.036701642
AT2G30270,0.3035402
AT2G30280,-0.06539922
AT2G30290,0.039780583
AT2G30300,0.01876207
AT2G30310,-0.015765926
AT2G30320,-0.08981579
AT2G30330,0.045369238
AT2G30340,0.051334117
AT2G30350,-0.11135944
AT2G30360,0.8664989
AT2G30370,-0.035872407
AT2G30380,-0.020051645
AT2G30385,0.0
AT2G30390,-0.3469263
AT2G30395,0.7677283
AT2G30400,0.39106286
AT2G30410,-0.11367184
AT2G30420,-0.3435328
AT2G30424,-0.26910543
AT2G30430,0.0
AT2G30432,0.0077038687
AT2G30440,0.22671476
AT2G30460,-0.17966026
AT2G30470,0.08655152
AT2G30480,-0.004364029
AT2G30490,0.6795404
AT2G30500,-0.1951591
AT2G30505,-0.055466477
AT2G30520,-0.24152482
AT2G30530,0.16806582
AT2G30540,-0.21475558
AT2G30550,1.1067964
AT2G30560,0.03270334
AT2G30570,-0.33700132
AT2G30575,-0.34169176
AT2G30580,0.21980174
AT2G30590,-0.0005038433
AT2G30600,-0.025007032
AT2G30615,-0.08889477
AT2G30620,0.05679556
AT2G30630,0.02921094
AT2G30650,0.0054996507
AT2G30660,0.463613
AT2G30670,-0.038403828
AT2G30680,0.001605807
AT2G30690,-0.0025620314
AT2G30695,-0.35498583
AT2G30700,0.016452942
AT2G30710,0.040417556
AT2G30720,0.7083067
AT2G30730,0.02499825
AT2G30740,0.0033698096
AT2G30750,2.9208124
AT2G30760,0.006466171
AT2G30766,-0.08885582
AT2G30770,3.2161386
AT2G30780,0.1062082
AT2G30790,-0.38396302
AT2G30800,0.07330116
AT2G30810,0.0
AT2G30820,-0.31375974
AT2G30830,0.7510338
AT2G30840,1.0620372
AT2G30860,0.6496119
AT2G30870,0.63073987
AT2G30880,0.13235596
AT2G30890,-0.503526
AT2G30900,-0.027195483
AT2G30910,0.033676177
AT2G30920,0.048499484
AT2G30925,0.0
AT2G30930,-0.17287566
AT2G30933,-0.14582631
AT2G30940,-0.010788142
AT2G30942,0.113776624
AT2G30950,-0.11702982
AT2G30960,-0.5252879
AT2G30970,0.2843422
AT2G30980,-0.12982072
AT2G30985,-0.0022468246
AT2G30990,0.10961084
AT2G31005,0.0
AT2G31010,-0.19328043
AT2G31018,0.0
AT2G31020,0.7059483
AT2G31030,-0.0032890288
AT2G31035,0.0009517578
AT2G31040,-0.24918538
AT2G31050,0.008789634
AT2G31060,0.48349768
AT2G31070,-0.22393708
AT2G31081,-0.0069106845
AT2G31082,-0.0089993
AT2G31083,0.12938572
AT2G31085,-0.03255766
AT2G31090,0.39760697
AT2G31100,-0.005009106
AT2G31110,-0.25449392
AT2G31130,0.19203049
AT2G31140,0.09013788
AT2G31141,0.07367585
AT2G31150,-0.48774996
AT2G31160,0.29636613
AT2G31170,-0.15394658
AT2G31180,0.5882331
AT2G31190,-0.1452929
AT2G31200,0.39824036
AT2G31210,-0.0224347
AT2G31215,0.0
AT2G31220,-0.038901847
AT2G31230,0.2713125
AT2G31240,0.115630805
AT2G31250,0.114996046
AT2G31260,0.4862882
AT2G31265,0.0
AT2G31270,0.121420234
AT2G31280,0.12110976
AT2G31290,-0.05569486
AT2G31300,0.041886013
AT2G31305,0.315048
AT2G31310,-0.019404076
AT2G31320,-0.24810407
AT2G31335,0.012990977
AT2G31340,-0.04133988
AT2G31345,0.12318473
AT2G31350,0.27592695
AT2G31360,0.2075068
AT2G31370,-0.073305905
AT2G31380,-0.12373857
AT2G31390,0.8885237
AT2G31400,0.12840612
AT2G31410,0.15822397
AT2G31420,0.1925431
AT2G31425,0.13069372
AT2G31430,7.269358e-05
AT2G31432,3.6809124e-05
AT2G31440,-0.056477647
AT2G31450,-0.078000724
AT2G31460,0.00030673324
AT2G31470,0.00010573755
AT2G31480,0.0033010282
AT2G31490,0.16773972
AT2G31500,0.02089884
AT2G31510,0.01272591
AT2G31530,-0.10507751
AT2G31540,0.013754257
AT2G31550,0.022566615
AT2G31560,0.29590905
AT2G31570,0.67366856
AT2G31580,0.085263245
AT2G31590,0.01229757
AT2G31600,-0.002521831
AT2G31610,0.045670204
AT2G31620,0.0031489232
AT2G31650,0.017107148
AT2G31660,-0.012669259
AT2G31670,0.07341395
AT2G31680,0.19841392
AT2G31690,0.18278913
AT2G31700,0.0
AT2G31710,0.11784986
AT2G31720,0.00011097522
AT2G31725,-0.051252306
AT2G31730,-0.2044956
AT2G31740,0.22319658
AT2G31750,0.023874586
AT2G31760,0.0
AT2G31770,0.00031552004
AT2G31780,0.0060378974
AT2G31790,-0.5871699
AT2G31800,-0.020432612
AT2G31810,-0.09693603
AT2G31820,0.036705926
AT2G31830,-0.045139033
AT2G31840,-0.20896131
AT2G31850,0.00833763
AT2G31862,0.017439714
AT2G31865,0.7868257
AT2G31870,-0.09553599
AT2G31880,0.35976177
AT2G31890,-0.2428573
AT2G31900,-0.34736484
AT2G31910,-0.12889451
AT2G31920,-0.04806424
AT2G31930,0.002379384
AT2G31940,0.060556613
AT2G31945,0.93847144
AT2G31953,0.0006128343
AT2G31955,0.31940812
AT2G31957,-0.00073369854
AT2G31960,-0.06973341
AT2G31970,0.030818168
AT2G31980,0.15144819
AT2G31981,-4.5022683e-05
AT2G31985,0.0054675215
AT2G31990,0.25144657
AT2G32000,-0.10362032
AT2G32010,-0.662536
AT2G32020,0.4619823
AT2G32030,0.33741823
AT2G32040,0.011166489
AT2G32050,0.2732706
AT2G32060,0.23983091
AT2G32070,0.042851996
AT2G32080,-0.016369525
AT2G32090,-0.10928387
AT2G32100,-0.6909894
AT2G32120,0.17701699
AT2G32130,0.40648797
AT2G32140,0.84655285
AT2G32150,0.24005686
AT2G32160,0.15464132
AT2G32170,-0.023241153
AT2G32180,-0.3244599
AT2G32190,1.8544122
AT2G32200,0.09264557
AT2G32210,1.3695059
AT2G32220,0.26656863
AT2G32230,-0.27930096
AT2G32235,-0.009493
AT2G32240,0.14502405
AT2G32250,0.33356914
AT2G32260,0.07242345
AT2G32270,-0.0073016398
AT2G32275,0.0010512262
AT2G32280,0.046473093
AT2G32290,-0.23385075
AT2G32295,0.1052925
AT2G32300,-0.087626085
AT2G32310,-0.00022023941
AT2G32320,0.017187184
AT2G32340,-0.15133493
AT2G32350,0.001087097
AT2G32360,0.0
AT2G32370,0.00035878262
AT2G32380,0.3048867
AT2G32390,0.0371082
AT2G32400,-0.038499422
AT2G32410,0.0065765786
AT2G32415,-0.043443363
AT2G32430,-0.10373275
AT2G32440,-0.3509782
AT2G32450,-0.26743037
AT2G32460,0.8526751
AT2G32470,0.026916746
AT2G32480,-0.07764363
AT2G32487,0.010826113
AT2G32500,-0.54102325
AT2G32510,0.39598817
AT2G32520,0.4371445
AT2G32530,-0.15530367
AT2G32540,-0.22256221
AT2G32550,-0.13105297
AT2G32560,-0.5548563
AT2G32580,-0.15445562
AT2G32590,-0.014919824
AT2G32600,0.11209253
AT2G32610,0.23477836
AT2G32620,-0.0073945094
AT2G32630,-0.04861311
AT2G32640,-0.39767373
AT2G32645,0.099841535
AT2G32650,-0.15082888
AT2G32660,1.5207053
AT2G32670,0.48433295
AT2G32680,0.42846462
AT2G32690,-0.5249443
AT2G32700,0.08625343
AT2G32710,-0.1308723
AT2G32720,-0.22322707
AT2G32730,0.13638702
AT2G32740,-0.031665653
AT2G32750,-0.07530129
AT2G32760,0.21385176
AT2G32765,-0.13237736
AT2G32770,-0.13245066
AT2G32780,0.008399463
AT2G32785,0.0
AT2G32788,0.0
AT2G32790,0.008599697
AT2G32800,0.010510044
AT2G32810,-0.051554423
AT2G32820,-0.005650462
AT2G32830,0.24719688
AT2G32835,0.0
AT2G32840,-0.016896939
AT2G32850,0.2660736
AT2G32860,-0.44830522
AT2G32870,-0.32999608
AT2G32880,-0.3883272
AT2G32885,-0.056806
AT2G32890,0.02775933
AT2G32900,0.07997566
AT2G32905,0.037719708
AT2G32910,0.092108935
AT2G32920,0.27931836
AT2G32930,0.12244507
AT2G32940,-0.11566873
AT2G32950,-0.16140357
AT2G32960,0.4480576
AT2G32970,-0.25636
AT2G32980,0.0057611703
AT2G32990,-0.32627478
AT2G33000,0.019446746
AT2G33010,0.0010383611
AT2G33020,0.14190373
AT2G33030,0.0016358101
AT2G33040,0.22886986
AT2G33050,-0.32134166
AT2G33060,-0.26735398
AT2G33070,0.0055724485
AT2G33080,0.494047
AT2G33090,0.00040553015
AT2G33100,0.42092356
AT2G33110,0.31147483
AT2G33120,0.45263574
AT2G33130,0.26729935
AT2G33150,0.7660932
AT2G33160,1.4372984
AT2G33170,0.30890858
AT2G33175,0.1979012
AT2G33180,-0.23547813
AT2G33190,0.01628707
AT2G33200,-0.020194614
AT2G33205,-0.00022730368
AT2G33210,0.2711909
AT2G33220,0.10949101
AT2G33230,0.0070723295
AT2G33233,0.0
AT2G33240,-0.0023250107
AT2G33255,-0.27238554
AT2G33260,-0.0039414843
AT2G33270,0.006388405
AT2G33280,-0.19156922
AT2G33290,-0.14623675
AT2G33300,0.0031800286
AT2G33310,-0.32910505
AT2G33320,0.1753648
AT2G33330,-0.8101273
AT2G33340,0.1490044
AT2G33350,0.019793289
AT2G33360,-0.2165815
AT2G33380,1.0983826
AT2G33385,0.7152248
AT2G33390,-0.022260886
AT2G33400,-0.35534015
AT2G33410,0.26605037
AT2G33420,0.026012968
AT2G33430,0.0
AT2G33435,-0.09300321
AT2G33450,-0.331557
AT2G33460,0.060056332
AT2G33470,0.29891273
AT2G33480,0.2012517
AT2G33490,0.35134172
AT2G33500,-0.095770486
AT2G33510,-0.1783557
AT2G33520,0.01668933
AT2G33530,-0.030952005
AT2G33540,-0.16010953
AT2G33550,-0.25689724
AT2G33560,-0.2790723
AT2G33570,-0.68377864
AT2G33580,0.13290901
AT2G33585,0.29417893
AT2G33590,0.46723816
AT2G33600,0.06258187
AT2G33610,0.06478751
AT2G33620,0.06672242
AT2G33630,0.15339367
AT2G33640,-0.10787437
AT2G33655,0.0
AT2G33670,0.011270438
AT2G33680,-0.020749418
AT2G33685,0.0
AT2G33690,0.0006258203
AT2G33700,0.45227262
AT2G33705,0.0
AT2G33710,0.71383286
AT2G33720,0.114598714
AT2G33730,0.16384739
AT2G33735,-0.18598667
AT2G33740,0.09074364
AT2G33750,-0.09223649
AT2G33760,-0.016228208
AT2G33770,-0.015241472
AT2G33775,-0.04728829
AT2G33780,0.13635713
AT2G33790,-0.1398916
AT2G33793,0.00072531693
AT2G33796,-3.0241226e-05
AT2G33800,-0.55248696
AT2G33810,-0.21378948
AT2G33820,-0.1815793
AT2G33830,0.11368983
AT2G33835,0.0127092805
AT2G33840,0.041485112
AT2G33845,0.4101888
AT2G33847,0.15759908
AT2G33850,0.3577418
AT2G33855,-0.314794
AT2G33860,-0.33837596
AT2G33870,0.0
AT2G33880,-0.01226055
AT2G33980,0.042313125
AT2G33990,-0.00025855226
AT2G34000,0.11081683
AT2G34010,-0.11958203
AT2G34020,-0.051571433
AT2G34030,-0.0070828013
AT2G34040,0.09734822
AT2G34050,0.087840036
AT2G34060,-0.7923983
AT2G34070,0.5019226
AT2G34080,0.60552555
AT2G34090,-0.0032388812
AT2G34100,0.0
AT2G34110,0.0
AT2G34120,0.0
AT2G34123,0.0
AT2G34135,0.0
AT2G34140,0.44799936
AT2G34150,-0.3131846
AT2G34160,0.21621083
AT2G34170,-0.62250113
AT2G34180,0.6389493
AT2G34185,0.0022060154
AT2G34186,0.0
AT2G34190,-0.16682948
AT2G34200,0.0128022805
AT2G34210,-0.0018238743
AT2G34220,-0.09630681
AT2G34224,-0.017214688
AT2G34230,-0.030112535
AT2G34238,0.020601049
AT2G34240,0.09995292
AT2G34250,0.33597463
AT2G34260,0.29511923
AT2G34270,0.0037885334
AT2G34280,0.009806118
AT2G34290,-0.00085557473
AT2G34300,-0.48849225
AT2G34310,-0.1717481
AT2G34317,-3.0241226e-05
AT2G34320,-0.0005639314
AT2G34325,-0.0051343725
AT2G34330,-0.00036522036
AT2G34340,0.15748045
AT2G34350,0.08024281
AT2G34355,0.2881099
AT2G34357,0.17291498
AT2G34360,0.4527919
AT2G34370,-0.011908181
AT2G34380,0.035744272
AT2G34390,0.006922193
AT2G34400,0.06218198
AT2G34410,0.0664528
AT2G34420,-0.36173636
AT2G34430,-0.5309435
AT2G34440,0.044967346
AT2G34450,-0.067045294
AT2G34460,-0.100805216
AT2G34470,-0.090042725
AT2G34480,0.11106152
AT2G34490,-0.17420116
AT2G34500,2.5280876
AT2G34510,-0.7556
AT2G34520,0.24761577
AT2G34530,-0.13361695
AT2G34540,-0.06767843
AT2G34555,-0.011682051
AT2G34560,-0.33122766
AT2G34570,0.15487185
AT2G34580,0.10991802
AT2G34590,-0.116556965
AT2G34600,-0.053118113
AT2G34610,0.39874274
AT2G34620,-0.95125705
AT2G34630,0.35064524
AT2G34640,-0.22521077
AT2G34650,0.36776307
AT2G34655,-0.07318926
AT2G34660,0.040165152
AT2G34670,-0.06583814
AT2G34680,-0.6047503
AT2G34690,0.14550331
AT2G34700,-0.0022384438
AT2G34710,-0.23052531
AT2G34720,-0.037958026
AT2G34730,0.24722174
AT2G34740,0.00010396173
AT2G34750,0.005335338
AT2G34770,-0.13785838
AT2G34780,0.019135732
AT2G34790,0.325676
AT2G34810,0.9276541
AT2G34820,-0.0040678307
AT2G34825,0.0
AT2G34830,0.04798947
AT2G34840,0.06710712
AT2G34850,-0.22717518
AT2G34860,-0.3359688
AT2G34870,-0.0005830266
AT2G34880,0.05885564
AT2G34890,0.0
AT2G34900,0.03446611
AT2G34910,-0.12376614
AT2G34920,-0.28756905
AT2G34925,-0.19395576
AT2G34930,-0.36313343
AT2G34940,0.47271848
AT2G34960,-0.3433081
AT2G34970,0.086467974
AT2G34980,-0.030852908
AT2G34990,0.0007092615
AT2G35000,0.054195493
AT2G35010,0.13113761
AT2G35020,0.091889
AT2G35030,0.106943436
AT2G35035,0.037155975
AT2G35040,0.06826821
AT2G35050,-0.04669477
AT2G35060,0.17788783
AT2G35065,0.0
AT2G35075,-0.036642402
AT2G35080,0.00010396173
AT2G35090,0.0028675997
AT2G35100,0.10288423
AT2G35110,-0.08487721
AT2G35120,-0.015513233
AT2G35130,-0.55344135
AT2G35140,-0.06629813
AT2G35150,-0.012349663
AT2G35155,-0.2693109
AT2G35160,-0.19600941
AT2G35170,-0.1260635
AT2G35190,-0.16785687
AT2G35200,0.0059757177
AT2G35210,-0.03300483
AT2G35215,0.119416624
AT2G35230,0.010793406
AT2G35240,0.15241599
AT2G35250,0.0
AT2G35260,-0.4166068
AT2G35270,-0.038683392
AT2G35280,-0.001552221
AT2G35290,-0.091121785
AT2G35300,0.29087004
AT2G35310,-0.032776874
AT2G35320,-0.016128823
AT2G35330,-0.057020467
AT2G35340,-0.12591724
AT2G35343,-0.03673825
AT2G35345,-0.08101178
AT2G35350,-0.2144419
AT2G35360,0.26431018
AT2G35370,-0.6110295
AT2G35380,0.03742939
AT2G35390,0.18111977
AT2G35410,-0.12193386
AT2G35420,-0.03822899
AT2G35430,-0.09301576
AT2G35440,0.0
AT2G35460,-3.137753e-05
AT2G35470,-0.23117279
AT2G35480,0.432684
AT2G35490,0.023604708
AT2G35500,-0.42299291
AT2G35510,0.2828265
AT2G35520,0.21420416
AT2G35530,0.11064714
AT2G35540,-0.019043049
AT2G35550,0.035294887
AT2G35555,0.01402864
AT2G35580,0.09861173
AT2G35585,-0.086295605
AT2G35600,-0.16279486
AT2G35605,0.06945254
AT2G35610,0.15161191
AT2G35612,0.015179689
AT2G35615,0.0031489232
AT2G35620,-0.29288173
AT2G35630,-0.0074106026
AT2G35635,0.2232372
AT2G35640,-0.29502353
AT2G35650,-0.25577638
AT2G35658,0.14087571
AT2G35660,-0.4632909
AT2G35670,0.003757153
AT2G35680,0.05006433
AT2G35690,0.11041287
AT2G35700,0.04170146
AT2G35710,0.18837725
AT2G35720,0.34093702
AT2G35730,1.6926434
AT2G35733,0.06823266
AT2G35736,0.30611578
AT2G35740,0.08606877
AT2G35750,-0.18508843
AT2G35760,-0.5997168
AT2G35765,0.0019229107
AT2G35770,0.110977456
AT2G35780,-0.22199991
AT2G35790,0.35656545
AT2G35795,0.06366088
AT2G35800,-0.19036175
AT2G35810,0.21516371
AT2G35820,0.018828565
AT2G35830,-0.36109686
AT2G35840,-0.16404341
AT2G35850,0.023580927
AT2G35860,-0.6284371
AT2G35880,-0.42100626
AT2G35890,-0.005870278
AT2G35900,0.31761912
AT2G35910,0.23755135
AT2G35920,-0.05590053
AT2G35930,0.037603226
AT2G35935,0.006707234
AT2G35940,0.26682684
AT2G35950,0.11630068
AT2G35960,-0.52641517
AT2G35965,0.07296853
AT2G35970,0.13177039
AT2G35980,1.9427
AT2G35990,-0.00037510705
AT2G36000,-0.35046145
AT2G36010,0.012395918
AT2G36020,0.81467706
AT2G36026,-0.2905211
AT2G36030,0.0008650828
AT2G36050,-0.79632914
AT2G36060,0.08688965
AT2G36070,0.18289773
AT2G36080,0.4313924
AT2G36090,0.23384759
AT2G36100,-0.10098785
AT2G36110,-0.0048514227
AT2G36120,-0.038148783
AT2G36130,-0.03886267
AT2G36145,-0.678245
AT2G36160,0.09620629
AT2G36170,0.12085059
AT2G36180,0.0049066115
AT2G36190,0.0024749695
AT2G36200,-0.111447774
AT2G36210,0.027781315
AT2G36220,0.3849501
AT2G36230,-0.37526155
AT2G36240,-0.06763009
AT2G36250,-0.16419889
AT2G36255,0.0
AT2G36260,0.012437303
AT2G36270,0.47567308
AT2G36290,0.13434927
AT2G36295,-0.008468261
AT2G36300,0.2284987
AT2G36305,0.22839428
AT2G36307,0.0
AT2G36310,0.32833657
AT2G36320,0.16634224
AT2G36325,0.038298253
AT2G36330,0.26429072
AT2G36340,-0.059034098
AT2G36350,-0.024652598
AT2G36355,0.07110897
AT2G36360,0.2144599
AT2G36370,0.011417013
AT2G36380,0.6762884
AT2G36390,-0.09373371
AT2G36400,-0.37652287
AT2G36410,-0.2706633
AT2G36420,-0.35737476
AT2G36430,-0.5437084
AT2G36440,0.049563833
AT2G36450,-0.012887691
AT2G36460,0.40804958
AT2G36470,0.13281824
AT2G36480,0.11679084
AT2G36490,-0.43270466
AT2G36500,-0.030101506
AT2G36530,0.49990895
AT2G36540,0.053736046
AT2G36550,0.000630618
AT2G36560,0.0034910338
AT2G36570,-0.5951911
AT2G36580,0.57527566
AT2G36590,0.56452376
AT2G36610,-0.008742938
AT2G36620,-0.019855058
AT2G36630,0.30412596
AT2G36640,-0.06742505
AT2G36650,0.18564981
AT2G36660,0.027368788
AT2G36670,0.24722314
AT2G36680,0.19337073
AT2G36690,-0.13549088
AT2G36695,0.042079486
AT2G36700,0.0
AT2G36710,0.009919599
AT2G36720,-0.12903085
AT2G36724,0.0
AT2G36730,-0.17437206
AT2G36740,-0.12349878
AT2G36750,0.30774844
AT2G36760,-0.001741055
AT2G36770,1.0911071
AT2G36780,1.7199218
AT2G36790,0.23073521
AT2G36800,0.9382627
AT2G36810,0.042403463
AT2G36815,0.023828391
AT2G36830,0.26712522
AT2G36835,0.07567967
AT2G36840,0.056166492
AT2G36850,0.054371867
AT2G36854,0.0
AT2G36870,-0.5550916
AT2G36880,0.38077545
AT2G36885,0.017944638
AT2G36890,0.11919918
AT2G36895,-0.010747425
AT2G36900,0.15528403
AT2G36910,-0.09143612
AT2G36920,-0.00702528
AT2G36930,0.13885407
AT2G36950,0.68126065
AT2G36960,0.2036488
AT2G36970,-0.13024496
AT2G36980,0.02413975
AT2G36985,-0.034849256
AT2G36990,-0.45224544
AT2G37000,-0.05630543
AT2G37010,0.0
AT2G37020,0.10202289
AT2G37025,-0.61261046
AT2G37030,-0.09911029
AT2G37035,0.07734971
AT2G37040,0.7361406
AT2G37050,-0.34640434
AT2G37060,0.32513687
AT2G37070,0.11847678
AT2G37080,-0.37036243
AT2G37090,-0.063860014
AT2G37100,0.0146334395
AT2G37110,0.6349877
AT2G37120,-0.007891768
AT2G37125,0.014293417
AT2G37130,0.7607485
AT2G37140,-0.035224
AT2G37150,0.26228777
AT2G37160,0.1001106
AT2G37170,-0.028567614
AT2G37180,0.3667996
AT2G37190,-0.07979174
AT2G37195,-0.045513354
AT2G37200,0.073695354
AT2G37210,0.023584748
AT2G37220,-0.28995064
AT2G37230,-0.0467786
AT2G37240,-0.07291485
AT2G37250,0.53517234
AT2G37260,-0.18457532
AT2G37270,0.1777162
AT2G37280,0.32488316
AT2G37290,0.024551796
AT2G37300,-0.08160625
AT2G37310,0.03503728
AT2G37320,-0.048632596
AT2G37330,-0.14290892
AT2G37340,-0.014675287
AT2G37360,0.1826393
AT2G37370,0.05078434
AT2G37380,-0.5378784
AT2G37390,0.0027178463
AT2G37400,0.13369735
AT2G37410,0.16912322
AT2G37420,-0.19768286
AT2G37430,0.577464
AT2G37435,0.015937177
AT2G37440,0.39690626
AT2G37450,-0.6620814
AT2G37460,-0.23974985
AT2G37470,0.05625088
AT2G37480,0.14103846
AT2G37500,-0.13878867
AT2G37510,0.0008605828
AT2G37520,0.23365298
AT2G37530,0.007209046
AT2G37540,0.11517815
AT2G37550,-0.023265192
AT2G37560,0.025929797
AT2G37570,0.043000024
AT2G37580,0.5002535
AT2G37585,-0.30445626
AT2G37590,-0.11438283
AT2G37600,0.029273529
AT2G37610,0.026488457
AT2G37620,0.25263748
AT2G37630,-0.13213094
AT2G37640,-0.38142675
AT2G37650,0.053401824
AT2G37660,-0.43409374
AT2G37670,0.06572831
AT2G37678,-0.01817101
AT2G37680,0.2470461
AT2G37690,0.41992486
AT2G37700,-0.06090589
AT2G37710,0.24956685
AT2G37720,-0.051069595
AT2G37730,0.0
AT2G37740,0.005968825
AT2G37750,1.3118676
AT2G37760,0.8964759
AT2G37770,1.8153957
AT2G37780,0.01736462
AT2G37790,-0.35674077
AT2G37800,0.0
AT2G37805,0.10639576
AT2G37810,0.0014312513
AT2G37820,0.03325249
AT2G37840,-0.04544057
AT2G37860,-0.27795264
AT2G37870,0.71593446
AT2G37880,-0.1343369
AT2G37890,0.21512467
AT2G37900,-0.4792744
AT2G37910,-0.02327551
AT2G37925,-0.22521889
AT2G37930,-0.26083097
AT2G37940,0.34286046
AT2G37950,-0.88659793
AT2G37960,0.08172357
AT2G37970,0.50444233
AT2G37975,0.2795296
AT2G37980,0.8154608
AT2G37990,0.1164655
AT2G38000,0.30048305
AT2G38010,-0.10127301
AT2G38020,0.28192052
AT2G38025,-0.05070416
AT2G38040,-0.29256296
AT2G38050,-0.04515866
AT2G38060,0.17135493
AT2G38070,-0.1245668
AT2G38080,-0.014880695
AT2G38090,-0.45668724
AT2G38100,0.001557046
AT2G38110,0.17280361
AT2G38120,-0.6750391
AT2G38130,0.27741364
AT2G38140,-0.31720012
AT2G38150,0.020174203
AT2G38152,0.009957127
AT2G38160,-0.017912336
AT2G38170,0.12893474
AT2G38180,0.35610315
AT2G38185,-0.09056423
AT2G38195,0.0010209554
AT2G38210,-0.26743078
AT2G38220,0.01599997
AT2G38230,-0.20325966
AT2G38240,2.4428537
AT2G38250,0.9951319
AT2G38255,0.044580806
AT2G38270,0.1594355
AT2G38280,0.017601958
AT2G38290,0.5021454
AT2G38300,-0.20611762
AT2G38310,-0.15909664
AT2G38320,-0.039681435
AT2G38330,-0.19196986
AT2G38340,1.4793458
AT2G38350,0.021983517
AT2G38360,0.7016495
AT2G38365,0.019355992
AT2G38370,0.023914035
AT2G38380,1.3515086
AT2G38390,-0.008572423
AT2G38400,0.4418499
AT2G38410,0.21350676
AT2G38420,0.053253185
AT2G38430,-0.036915295
AT2G38440,-0.067809835
AT2G38450,0.06285657
AT2G38460,-0.44305813
AT2G38465,0.3004099
AT2G38470,0.6307677
AT2G38480,-0.2493352
AT2G38490,1.1227459
AT2G38500,0.23286296
AT2G38510,-0.0013980009
AT2G38530,0.5503922
AT2G38540,-0.066293456
AT2G38550,0.1906343
AT2G38560,0.12702554
AT2G38570,-0.35930905
AT2G38580,0.29195145
AT2G38590,0.031922568
AT2G38600,0.07322943
AT2G38610,0.23024367
AT2G38620,-0.08416768
AT2G38630,-0.041511804
AT2G38640,0.33371574
AT2G38646,0.0009245728
AT2G38650,-0.10153742
AT2G38660,0.10844911
AT2G38670,0.2657646
AT2G38680,-0.17094705
AT2G38690,0.14087377
AT2G38695,-0.09969275
AT2G38700,0.073876455
AT2G38710,0.30355382
AT2G38720,-0.033690345
AT2G38730,0.10099617
AT2G38740,0.03901771
AT2G38750,0.2282201
AT2G38760,0.18252514
AT2G38770,-0.0027581311
AT2G38780,-0.27436927
AT2G38790,0.3787462
AT2G38800,0.07172624
AT2G38810,0.15429187
AT2G38820,-0.17751867
AT2G38823,0.676941
AT2G38830,0.39224854
AT2G38840,0.088673614
AT2G38860,1.4990172
AT2G38870,1.2064458
AT2G38880,0.16733018
AT2G38890,0.026384247
AT2G38900,0.0
AT2G38905,0.003854099
AT2G38910,0.0
AT2G38920,0.048110534
AT2G38940,0.8208219
AT2G38950,0.046933413
AT2G38960,0.015797963
AT2G38970,-0.3364274
AT2G38995,-0.24929376
AT2G39000,-0.10156141
AT2G39010,-0.34604046
AT2G39020,0.22357455
AT2G39030,1.9988658
AT2G39040,0.024446607
AT2G39050,1.0106603
AT2G39060,0.0
AT2G39070,0.0
AT2G39090,-0.12318925
AT2G39100,0.24888867
AT2G39110,0.27934936
AT2G39120,0.14023672
AT2G39130,-0.10743652
AT2G39140,-0.20580395
AT2G39160,-0.00013601598
AT2G39170,0.17871879
AT2G39180,-0.30848202
AT2G39190,-0.3473131
AT2G39200,0.6561835
AT2G39210,0.5717326
AT2G39220,0.005006512
AT2G39230,0.05933386
AT2G39240,-0.16584384
AT2G39250,-0.7112003
AT2G39260,0.046700265
AT2G39270,0.55664307
AT2G39280,-0.41044766
AT2G39290,0.044183284
AT2G39300,-0.032758724
AT2G39310,0.25170857
AT2G39320,0.16696347
AT2G39330,-0.1319063
AT2G39340,-0.06601509
AT2G39350,0.9375593
AT2G39355,0.0
AT2G39360,0.05963459
AT2G39370,0.009612739
AT2G39375,0.13878125
AT2G39380,0.10024148
AT2G39390,0.1181006
AT2G39400,-0.1329064
AT2G39410,0.6374673
AT2G39415,0.0029537154
AT2G39420,0.29771075
AT2G39430,-0.058988266
AT2G39435,0.33595118
AT2G39445,0.08681769
AT2G39450,-0.18896507
AT2G39460,0.1378055
AT2G39470,-0.8449299
AT2G39480,0.14132404
AT2G39490,0.078510016
AT2G39500,0.22057568
AT2G39510,-0.078846164
AT2G39518,1.4412256
AT2G39520,0.0
AT2G39530,1.1099294
AT2G39540,0.0003203997
AT2G39550,0.17423119
AT2G39560,-0.14064512
AT2G39570,-0.17003298
AT2G39580,-0.30538025
AT2G39590,0.009817918
AT2G39620,-0.04140646
AT2G39630,0.14478664
AT2G39640,0.0027590487
AT2G39650,0.35940826
AT2G39660,0.5875923
AT2G39670,-0.15586035
AT2G39690,-0.25758964
AT2G39700,-0.29662022
AT2G39705,-0.051592488
AT2G39710,0.7708582
AT2G39720,0.24564795
AT2G39725,0.64278793
AT2G39730,-0.6915838
AT2G39740,-0.010393225
AT2G39750,-0.13202414
AT2G39760,0.13357915
AT2G39770,0.04691927
AT2G39780,0.42305157
AT2G39782,0.0031489232
AT2G39790,0.020158157
AT2G39795,0.09963529
AT2G39800,0.042448964
AT2G39805,0.17917392
AT2G39810,-0.0460996
AT2G39820,0.042244468
AT2G39830,0.4164747
AT2G39840,0.2108515
AT2G39850,-0.67077196
AT2G39851,0.0
AT2G39855,-0.0013217388
AT2G39865,0.0
AT2G39870,-0.48998976
AT2G39880,-0.31381223
AT2G39890,-0.02701781
AT2G39900,-0.1921709
AT2G39910,0.06300357
AT2G39920,0.17161553
AT2G39930,-0.34918156
AT2G39940,-0.021842122
AT2G39950,-0.07451365
AT2G39960,0.21370293
AT2G39970,0.33436573
AT2G39975,0.008878079
AT2G39990,0.15578106
AT2G40000,-0.2931393
AT2G40004,0.0050624963
AT2G40010,-0.013225361
AT2G40020,-0.2207707
AT2G40030,-0.21618953
AT2G40050,0.13940711
AT2G40060,0.10288077
AT2G40070,-0.24972259
AT2G40080,0.61597973
AT2G40085,-0.07476146
AT2G40090,0.3377226
AT2G40095,0.79292697
AT2G40100,-0.671386
AT2G40110,0.3597762
AT2G40113,1.1363459
AT2G40116,0.08876581
AT2G40120,-0.08778872
AT2G40130,-0.5189982
AT2G40140,0.4768802
AT2G40150,-0.441008
AT2G40160,0.062359612
AT2G40165,-0.09100978
AT2G40170,0.26601934
AT2G40180,0.526899
AT2G40190,0.11781255
AT2G40200,0.41655734
AT2G40210,0.0
AT2G40220,0.0
AT2G40230,-0.052884586
AT2G40240,0.049216878
AT2G40250,-0.013149861
AT2G40260,-0.20610465
AT2G40270,0.1946418
AT2G40280,-0.03599118
AT2G40290,0.11356377
AT2G40300,0.08921648
AT2G40310,0.0
AT2G40313,0.0
AT2G40320,-0.18228497
AT2G40330,-0.0058585024
AT2G40340,1.0048466
AT2G40350,-0.040601738
AT2G40360,0.16814183
AT2G40370,0.9729599
AT2G40380,0.06291231
AT2G40390,0.6872588
AT2G40400,-0.08920167
AT2G40410,0.062194265
AT2G40420,0.25418717
AT2G40430,0.08024465
AT2G40435,0.112934835
AT2G40440,-0.00073731923
AT2G40450,-0.0070362734
AT2G40460,-0.08203664
AT2G40470,0.07964172
AT2G40475,-0.48419628
AT2G40480,-0.49889672
AT2G40490,-0.29666945
AT2G40500,0.050548486
AT2G40510,0.16365501
AT2G40520,-0.025147522
AT2G40530,-0.68790084
AT2G40540,-0.42332214
AT2G40550,0.08324088
AT2G40560,0.0026393698
AT2G40570,-0.055646896
AT2G40580,0.003554066
AT2G40590,0.13947426
AT2G40600,0.2532344
AT2G40610,-1.0261133
AT2G40620,0.01225437
AT2G40630,0.050498657
AT2G40640,-0.4877438
AT2G40650,0.045765553
AT2G40660,-0.031372923
AT2G40670,0.13159238
AT2G40690,-0.23294613
AT2G40700,0.19454707
AT2G40710,0.23035203
AT2G40711,-0.06636379
AT2G40715,0.02292394
AT2G40720,-0.073836215
AT2G40730,0.16153996
AT2G40740,0.24821605
AT2G40745,-0.007543435
AT2G40750,0.8234784
AT2G40760,-0.21914315
AT2G40765,0.48870534
AT2G40770,-0.0951112
AT2G40780,0.27909443
AT2G40790,0.010517449
AT2G40800,0.048319776
AT2G40810,-0.017696442
AT2G40815,-0.2655924
AT2G40820,0.14647327
AT2G40830,0.18406962
AT2G40840,-0.19258101
AT2G40850,-0.12185215
AT2G40860,-0.13712974
AT2G40880,-0.01601711
AT2G40890,0.15815228
AT2G40900,-0.252661
AT2G40910,0.019545855
AT2G40920,-0.019200264
AT2G40925,0.032236334
AT2G40930,0.1105357
AT2G40935,0.046029877
AT2G40940,0.29176778
AT2G40950,0.36560756
AT2G40955,0.13233976
AT2G40960,-0.45850018
AT2G40970,-0.18561104
AT2G40980,-0.0650722
AT2G40990,0.010017416
AT2G40995,0.0
AT2G41000,0.1672932
AT2G41010,-0.14541954
AT2G41020,-0.005823015
AT2G41040,0.34204465
AT2G41050,-0.14243509
AT2G41060,-0.017109524
AT2G41070,0.15842643
AT2G41080,-0.112466015
AT2G41082,-0.00026804404
AT2G41090,0.3244839
AT2G41100,0.6573082
AT2G41105,-0.029041024
AT2G41110,0.38363808
AT2G41120,0.025643941
AT2G41130,-0.29725134
AT2G41140,0.046354007
AT2G41150,-0.10588622
AT2G41160,0.15673806
AT2G41170,-0.21608648
AT2G41180,-0.044669498
AT2G41190,0.1360593
AT2G41200,0.035101406
AT2G41210,-0.01951076
AT2G41220,0.2324282
AT2G41225,0.0031489232
AT2G41230,0.61018157
AT2G41231,0.059671182
AT2G41240,-0.06825094
AT2G41250,-0.2318707
AT2G41260,0.0800806
AT2G41280,0.061183445
AT2G41290,-0.5873084
AT2G41300,-0.31048352
AT2G41310,-0.13955313
AT2G41330,-0.503289
AT2G41340,-0.16181785
AT2G41342,0.2525957
AT2G41350,-0.11735777
AT2G41355,0.0
AT2G41360,0.0031489232
AT2G41370,-0.16861823
AT2G41375,0.014724376
AT2G41380,0.97347975
AT2G41390,0.0
AT2G41400,0.0005338323
AT2G41410,0.62464976
AT2G41415,0.022796966
AT2G41417,0.0
AT2G41420,0.1424905
AT2G41430,-0.29324925
AT2G41440,0.17654718
AT2G41445,0.2251683
AT2G41450,0.014509391
AT2G41451,0.011681447
AT2G41460,0.038095642
AT2G41470,0.048138265
AT2G41473,0.0
AT2G41475,0.110129036
AT2G41480,-0.2225845
AT2G41490,0.2565509
AT2G41500,0.11033769
AT2G41505,-0.017551867
AT2G41510,0.09760455
AT2G41515,-0.04056062
AT2G41520,-0.00077118777
AT2G41530,0.0984747
AT2G41540,0.2671111
AT2G41550,-0.11996221
AT2G41560,-0.3922569
AT2G41590,0.01932789
AT2G41600,-0.0031788242
AT2G41610,-0.038603067
AT2G41620,0.0016154425
AT2G41630,0.024287745
AT2G41640,0.06055482
AT2G41650,-0.13396984
AT2G41660,-0.013440197
AT2G41670,0.28680912
AT2G41680,-0.24257344
AT2G41690,0.39232743
AT2G41700,0.3397188
AT2G41705,0.3825193
AT2G41710,-0.23016337
AT2G41720,-0.2922914
AT2G41730,1.1644715
AT2G41740,0.08202042
AT2G41750,0.27071077
AT2G41760,-0.27810502
AT2G41770,0.073330395
AT2G41780,0.54177344
AT2G41790,0.23372391
AT2G41800,0.5732505
AT2G41810,0.10672668
AT2G41820,-0.5048945
AT2G41830,0.24938335
AT2G41835,0.56721634
AT2G41840,0.0063183447
AT2G41850,2.3754716
AT2G41860,0.012325966
AT2G41870,-0.013707656
AT2G41880,0.027367314
AT2G41890,-0.22580387
AT2G41900,0.20226765
AT2G41905,0.39602715
AT2G41910,0.008388695
AT2G41920,0.004647174
AT2G41930,-0.00493534
AT2G41940,-0.20624487
AT2G41945,0.28653476
AT2G41950,-0.14738818
AT2G41960,-0.031050995
AT2G41970,-0.021384584
AT2G41980,-0.08192209
AT2G41990,-0.19981265
AT2G41997,-0.0018371837
AT2G42000,0.0012913429
AT2G42005,-0.016133593
AT2G42010,0.051823046
AT2G42030,-0.13223122
AT2G42040,-0.23153235
AT2G42060,0.07152179
AT2G42065,0.17520079
AT2G42070,-0.07263564
AT2G42080,0.08759336
AT2G42090,-0.006091367
AT2G42100,0.00021643797
AT2G42110,-0.11799532
AT2G42120,-0.13078196
AT2G42130,-0.07616017
AT2G42140,0.08034651
AT2G42150,0.11349058
AT2G42160,0.0470105
AT2G42170,-0.41645703
AT2G42180,0.0
AT2G42190,-0.41684085
AT2G42200,-0.077452555
AT2G42210,0.09433808
AT2G42220,-0.6779501
AT2G42230,0.033163454
AT2G42240,0.09657109
AT2G42250,-0.06380356
AT2G42260,0.08817074
AT2G42270,-0.1252655
AT2G42280,0.37712273
AT2G42290,-0.27880785
AT2G42300,-0.2589907
AT2G42310,0.34091815
AT2G42320,-0.5274055
AT2G42330,-0.12802562
AT2G42340,0.031407766
AT2G42350,0.62902504
AT2G42360,1.1199025
AT2G42370,-0.05763377
AT2G42380,-0.93003434
AT2G42390,0.113460675
AT2G42395,-0.046412252
AT2G42400,-0.016840123
AT2G42410,0.00017970966
AT2G42430,0.0903423
AT2G42440,0.012565398
AT2G42450,0.038766578
AT2G42455,-0.00032420113
AT2G42460,0.03289393
AT2G42465,0.0
AT2G42470,0.04482447
AT2G42475,0.17852087
AT2G42480,0.1673141
AT2G42490,0.13894297
AT2G42500,-0.077320635
AT2G42510,-0.27943152
AT2G42520,0.4059436
AT2G42530,0.087966196
AT2G42540,-0.09478371
AT2G42550,0.0
AT2G42560,0.56628484
AT2G42570,-0.14054896
AT2G42580,-0.3690286
AT2G42590,-0.18660328
AT2G42600,-0.24557088
AT2G42610,-0.11064775
AT2G42620,0.021039682
AT2G42640,0.101244375
AT2G42650,0.106163085
AT2G42660,-0.0015641166
AT2G42670,0.056680735
AT2G42680,0.39506227
AT2G42690,-0.49752167
AT2G42700,0.23926385
AT2G42710,0.17728089
AT2G42720,0.00842378
AT2G42725,0.015935138
AT2G42730,-0.26619956
AT2G42740,-0.109041095
AT2G42750,-0.13527977
AT2G42760,-0.1476102
AT2G42770,-0.15621394
AT2G42780,0.06773491
AT2G42790,0.6189027
AT2G42800,-0.08009456
AT2G42810,0.017738681
AT2G42820,-0.14703675
AT2G42830,0.009513303
AT2G42840,0.6640702
AT2G42850,-0.04299777
AT2G42860,-0.023832709
AT2G42865,-0.064170316
AT2G42870,-0.78050363
AT2G42880,-0.20732538
AT2G42885,-0.0041104695
AT2G42890,0.46365637
AT2G42900,-0.29420474
AT2G42910,0.07801054
AT2G42920,-0.2807768
AT2G42930,0.011900527
AT2G42940,0.003711245
AT2G42950,0.2936955
AT2G42955,-0.082727075
AT2G42960,-0.26412478
AT2G42975,-0.3170727
AT2G42980,0.5156322
AT2G42990,0.0042411434
AT2G43000,1.754013
AT2G43010,-0.40548193
AT2G43020,0.78966886
AT2G43030,-0.386803
AT2G43040,0.07395496
AT2G43050,0.20335256
AT2G43060,0.2071573
AT2G43070,0.21935096
AT2G43080,0.23764454
AT2G43090,0.32883713
AT2G43100,-0.7821426
AT2G43110,0.14560871
AT2G43120,0.37353903
AT2G43130,0.017216958
AT2G43140,0.60953677
AT2G43150,0.4708312
AT2G43160,0.16881184
AT2G43180,0.149033
AT2G43190,0.10205717
AT2G43200,-0.25779253
AT2G43210,-0.033983313
AT2G43220,-0.00029213523
AT2G43230,0.12100168
AT2G43240,0.2691182
AT2G43250,0.07280384
AT2G43255,-0.004954956
AT2G43260,0.03470264
AT2G43261,-0.0031348406
AT2G43270,0.032642003
AT2G43280,0.018951697
AT2G43290,0.22791047
AT2G43310,-0.026617944
AT2G43320,0.39439288
AT2G43330,-0.13078056
AT2G43340,-0.2070626
AT2G43350,0.14428383
AT2G43360,-0.34354126
AT2G43370,0.031675957
AT2G43386,0.0
AT2G43390,0.014962595
AT2G43400,0.111914754
AT2G43410,0.0693617
AT2G43420,0.23851235
AT2G43430,0.030448813
AT2G43440,-0.03346693
AT2G43445,-0.32134622
AT2G43450,0.0026174388
AT2G43460,0.09414936
AT2G43465,-0.28650007
AT2G43470,0.06904118
AT2G43480,-0.017240401
AT2G43490,0.5332604
AT2G43500,-0.037130047
AT2G43510,1.9958549
AT2G43520,0.48743108
AT2G43530,0.12617178
AT2G43535,0.27187693
AT2G43540,0.34843218
AT2G43550,-0.02090288
AT2G43560,-0.36974844
AT2G43570,2.1233401
AT2G43580,0.9736846
AT2G43590,1.0637281
AT2G43600,-0.026356103
AT2G43610,0.035168298
AT2G43620,0.32217368
AT2G43630,-0.06557517
AT2G43640,0.27567878
AT2G43650,0.010654509
AT2G43660,0.021316778
AT2G43670,0.025776725
AT2G43680,0.026358033
AT2G43690,-0.227268
AT2G43700,-0.063003466
AT2G43710,-0.25910857
AT2G43720,0.26429003
AT2G43730,0.18619555
AT2G43740,0.0057715415
AT2G43745,-0.053579774
AT2G43750,-0.09597115
AT2G43760,0.023244515
AT2G43770,0.16148745
AT2G43780,0.24468395
AT2G43790,0.273216
AT2G43795,0.0
AT2G43800,-0.20491983
AT2G43810,0.0772343
AT2G43820,0.91464114
AT2G43840,0.040186796
AT2G43850,-0.06519837
AT2G43860,0.0023337672
AT2G43865,0.015553184
AT2G43870,1.3767742
AT2G43880,0.00045820314
AT2G43890,-0.059487205
AT2G43900,-0.039181817
AT2G43910,-0.39531195
AT2G43920,-0.5217288
AT2G43930,-0.19769964
AT2G43940,0.21699601
AT2G43945,-0.10359271
AT2G43950,0.11827997
AT2G43960,0.026180422
AT2G43970,0.017016958
AT2G43980,0.18437684
AT2G43990,-0.014514293
AT2G44000,-0.023560563
AT2G44010,0.81205523
AT2G44020,0.116745554
AT2G44030,0.0013428815
AT2G44040,-0.2877379
AT2G44050,-0.13963509
AT2G44060,-0.118440956
AT2G44065,0.15038927
AT2G44070,0.5831721
AT2G44080,0.3933087
AT2G44090,0.012753135
AT2G44100,0.29319385
AT2G44110,-0.015804408
AT2G44120,0.16549775
AT2G44130,-0.23275602
AT2G44140,-0.107315235
AT2G44150,-0.08498265
AT2G44160,-0.25616488
AT2G44170,0.0
AT2G44175,0.015711177
AT2G44180,0.27731487
AT2G44190,-0.043892834
AT2G44195,0.19807735
AT2G44198,0.0
AT2G44200,0.10021362
AT2G44210,-0.1794292
AT2G44220,-0.028655415
AT2G44230,-0.74580795
AT2G44240,0.6496695
AT2G44250,0.01047692
AT2G44260,0.30425605
AT2G44270,0.08133336
AT2G44280,0.46378377
AT2G44290,0.61182106
AT2G44300,-0.20893715
AT2G44310,0.22547561
AT2G44330,0.0019385614
AT2G44340,-0.0016092771
AT2G44350,0.55349094
AT2G44360,0.113129035
AT2G44370,0.035585914
AT2G44380,-0.08860206
AT2G44390,0.05966764
AT2G44400,0.12477972
AT2G44410,0.17864645
AT2G44420,0.25865003
AT2G44430,0.020469423
AT2G44440,-0.15539768
AT2G44450,0.41909263
AT2G44460,0.20023483
AT2G44470,0.0032480855
AT2G44480,0.34201914
AT2G44490,0.024718003
AT2G44500,0.09973688
AT2G44510,0.30029228
AT2G44520,0.29099718
AT2G44525,0.2716879
AT2G44530,0.12268637
AT2G44540,0.0031489232
AT2G44550,0.0
AT2G44560,0.006000445
AT2G44570,0.037494667
AT2G44578,0.36035487
AT2G44580,-0.085666716
AT2G44581,-2.7875583e-05
AT2G44590,0.03617485
AT2G44600,0.24713685
AT2G44610,0.088301085
AT2G44620,0.11661853
AT2G44630,-0.09307253
AT2G44640,-0.36455378
AT2G44650,-0.04985065
AT2G44660,0.12971753
AT2G44670,0.010394188
AT2G44680,0.06933802
AT2G44690,-0.11160614
AT2G44700,-0.02058059
AT2G44710,0.24644741
AT2G44730,0.005217558
AT2G44735,0.0038792784
AT2G44740,-0.61660224
AT2G44745,-0.014334143
AT2G44750,0.12492564
AT2G44760,0.051276516
AT2G44770,0.16325173
AT2G44790,1.7636586
AT2G44800,0.032766286
AT2G44810,-0.22901423
AT2G44820,0.027823031
AT2G44830,-0.24292924
AT2G44840,0.10647731
AT2G44850,-0.015062364
AT2G44860,0.1762496
AT2G44870,0.011278943
AT2G44880,-0.2622914
AT2G44890,0.19781463
AT2G44900,0.104706645
AT2G44910,-0.063116364
AT2G44920,-0.43576077
AT2G44925,0.0
AT2G44930,-0.23635517
AT2G44940,-0.021613361
AT2G44950,-0.06247628
AT2G44970,0.20736977
AT2G44980,0.2779039
AT2G44990,0.49842352
AT2G44993,2.1351387e-05
AT2G45000,0.2055843
AT2G45010,0.39914298
AT2G45030,0.29428118
AT2G45040,0.0719983
AT2G45050,-0.2375042
AT2G45060,0.22163787
AT2G45070,0.43252528
AT2G45080,0.14791772
AT2G45100,-0.13702781
AT2G45110,0.0
AT2G45120,-0.09916931
AT2G45130,0.09969561
AT2G45135,0.104648285
AT2G45140,0.32130608
AT2G45150,-0.019917034
AT2G45160,-0.00067919405
AT2G45170,0.116865635
AT2G45180,-0.6264756
AT2G45190,-0.5714691
AT2G45200,-0.07494127
AT2G45210,0.99478054
AT2G45220,2.8163755
AT2G45240,0.2012568
AT2G45243,0.030248147
AT2G45250,-0.04881317
AT2G45260,0.022710184
AT2G45270,-0.006648602
AT2G45280,0.064161584
AT2G45290,0.48490024
AT2G45300,0.73032564
AT2G45310,-0.03972234
AT2G45320,0.29164985
AT2G45330,0.29277673
AT2G45340,-0.1871845
AT2G45350,-0.15328787
AT2G45360,0.5416204
AT2G45370,0.0
AT2G45400,-0.5652786
AT2G45403,-0.0006381283
AT2G45403,-0.0006381283
AT2G45405,-0.004390265
AT2G45406,0.0
AT2G45410,-0.01737374
AT2G45420,-0.002142189
AT2G45430,-0.01291045
AT2G45440,0.14733265
AT2G45450,-0.012447275
AT2G45460,-0.08330485
AT2G45470,-0.7817302
AT2G45480,0.0007000812
AT2G45490,-0.06751249
AT2G45500,0.42111748
AT2G45510,0.19430088
AT2G45520,0.13860844
AT2G45530,-0.08957243
AT2G45540,0.12218153
AT2G45550,0.026421819
AT2G45560,-0.22531359
AT2G45570,2.7122424
AT2G45580,0.13019492
AT2G45590,-0.22142439
AT2G45600,-0.2916153
AT2G45610,0.019531593
AT2G45620,-0.00085761707
AT2G45630,0.19952315
AT2G45640,0.07726616
AT2G45650,0.0101899905
AT2G45660,0.15118176
AT2G45670,-0.066255346
AT2G45680,-0.00815909
AT2G45690,0.07608428
AT2G45695,0.3231169
AT2G45700,-0.1972559
AT2G45710,0.30040497
AT2G45720,-0.030861994
AT2G45730,-0.11481974
AT2G45740,0.05954711
AT2G45750,0.07246406
AT2G45760,2.0162606
AT2G45770,-0.10996653
AT2G45790,0.14335153
AT2G45800,-0.3296268
AT2G45810,-0.21980453
AT2G45820,-0.4730686
AT2G45830,-0.3621635
AT2G45840,0.023197025
AT2G45850,-0.43850607
AT2G45860,0.005626347
AT2G45870,-0.11607735
AT2G45880,-0.044517335
AT2G45890,-0.028185412
AT2G45900,-0.18009283
AT2G45910,0.014006603
AT2G45920,0.12794432
AT2G45930,0.2170403
AT2G45940,-0.056312297
AT2G45950,-0.09681866
AT2G45960,-0.12039395
AT2G45970,-0.45676643
AT2G45980,0.13731366
AT2G45990,-0.21657917
AT2G46000,0.3768101
AT2G46020,0.016033163
AT2G46030,0.013322841
AT2G46040,0.27263728
AT2G46050,0.01624042
AT2G46060,0.0114263045
AT2G46070,-0.15248379
AT2G46080,0.17072842
AT2G46090,0.061190348
AT2G46100,0.15158825
AT2G46110,-0.30518886
AT2G46130,0.037682008
AT2G46140,0.6291254
AT2G46150,0.34948635
AT2G46160,-0.08771426
AT2G46170,0.4951982
AT2G46180,-0.04947163
AT2G46190,0.0
AT2G46200,0.00043656185
AT2G46210,-0.050678402
AT2G46220,-0.06941732
AT2G46225,-0.48662326
AT2G46230,0.2590996
AT2G46240,0.53976995
AT2G46250,-0.76648
AT2G46260,0.12809661
AT2G46270,0.2272752
AT2G46280,0.072209604
AT2G46290,-0.14051853
AT2G46300,0.012462545
AT2G46308,0.0
AT2G46310,0.0625883
AT2G46320,0.18094034
AT2G46330,-0.056263916
AT2G46340,-0.0053719366
AT2G46360,0.007986208
AT2G46370,0.012894891
AT2G46375,-0.009855444
AT2G46380,-0.22356097
AT2G46390,0.31652978
AT2G46400,0.41712758
AT2G46410,0.06409908
AT2G46420,-0.017327383
AT2G46430,0.46020514
AT2G46440,0.2965171
AT2G46450,0.070140004
AT2G46455,0.00020010938
AT2G46460,0.0012347715
AT2G46470,0.08642146
AT2G46480,0.02996188
AT2G46490,0.26014647
AT2G46493,-0.0021549426
AT2G46494,0.07537714
AT2G46495,0.03933596
AT2G46500,0.40456977
AT2G46505,0.4084483
AT2G46510,-0.0016703007
AT2G46520,0.114905424
AT2G46530,-0.5003732
AT2G46535,-0.1526519
AT2G46540,0.24356706
AT2G46550,0.005847287
AT2G46560,0.08634546
AT2G46567,-0.006806504
AT2G46570,-0.20681228
AT2G46580,0.053448167
AT2G46590,-0.2699063
AT2G46600,0.37397814
AT2G46610,0.1987399
AT2G46620,0.57878375
AT2G46630,-0.532718
AT2G46640,-0.43407676
AT2G46650,0.6140063
AT2G46660,-0.23418616
AT2G46670,0.31945738
AT2G46680,0.8921738
AT2G46690,0.28151432
AT2G46700,0.036822908
AT2G46710,-0.5314516
AT2G46720,-0.48245472
AT2G46735,-0.17131719
AT2G46740,0.16428997
AT2G46750,1.0733933
AT2G46760,0.051322583
AT2G46765,0.09196952
AT2G46770,-0.028118912
AT2G46780,-0.27707365
AT2G46790,-0.34321994
AT2G46800,0.027646748
AT2G46810,-0.21152647
AT2G46820,-0.54473037
AT2G46830,-0.53569293
AT2G46840,-0.03716161
AT2G46850,0.0019518347
AT2G46860,-0.0066531133
AT2G46870,0.011425926
AT2G46880,0.0070057884
AT2G46890,-0.105164066
AT2G46900,0.08749857
AT2G46910,-0.2846433
AT2G46915,-0.21939789
AT2G46920,-0.039496813
AT2G46930,-0.051151767
AT2G46940,-0.029996172
AT2G46950,0.16355392
AT2G46960,0.026301935
AT2G46970,-0.3381367
AT2G46980,0.10363063
AT2G46990,-0.03643933
AT2G46995,0.023959158
AT2G47000,1.192586
AT2G47010,-0.22209916
AT2G47020,-0.063567236
AT2G47030,-0.00085557473
AT2G47040,-0.00097085664
AT2G47050,-0.0068044346
AT2G47060,-0.5068202
AT2G47070,-0.33682954
AT2G47090,-0.093568705
AT2G47110,0.06610163
AT2G47115,-0.00033121463
AT2G47120,0.0021169656
AT2G47130,0.8556377
AT2G47140,0.034151662
AT2G47150,-0.005098963
AT2G47160,-0.33159667
AT2G47170,0.23694016
AT2G47180,0.38024363
AT2G47190,1.5461522
AT2G47200,0.20753023
AT2G47210,0.12223923
AT2G47220,-0.16402008
AT2G47230,-0.31631923
AT2G47240,-0.3644304
AT2G47245,0.03030805
AT2G47250,0.15150419
AT2G47260,-0.13656716
AT2G47270,0.23869975
AT2G47280,0.0
AT2G47300,0.15781432
AT2G47310,-0.040234987
AT2G47320,0.23660426
AT2G47330,0.119672805
AT2G47340,-0.008384943
AT2G47350,0.0044847135
AT2G47360,0.013875714
AT2G47370,-0.21675608
AT2G47380,0.4160573
AT2G47390,0.3447512
AT2G47400,-0.065443836
AT2G47410,0.2407557
AT2G47420,0.07358958
AT2G47430,0.018125467
AT2G47440,-0.7029904
AT2G47450,-0.35421696
AT2G47460,-0.118509315
AT2G47470,0.39971143
AT2G47480,-0.0141039835
AT2G47485,0.29927984
AT2G47490,0.12169086
AT2G47500,-0.38618258
AT2G47510,0.37923265
AT2G47520,0.40515247
AT2G47530,-0.036958277
AT2G47540,-0.051485356
AT2G47550,1.7295685
AT2G47560,0.12585346
AT2G47570,0.033792276
AT2G47580,-0.016493957
AT2G47584,0.0
AT2G47590,-0.44859904
AT2G47600,0.62578833
AT2G47610,0.20991711
AT2G47620,0.07991557
AT2G47630,0.0051717255
AT2G47640,0.28617638
AT2G47650,0.39665386
AT2G47670,0.10657223
AT2G47680,-0.10819471
AT2G47690,0.13630952
AT2G47700,-0.19014658
AT2G47710,0.32242084
AT2G47720,0.00010976902
AT2G47730,-0.11175952
AT2G47750,-0.15800622
AT2G47760,0.16751422
AT2G47770,0.6157691
AT2G47780,-0.24223854
AT2G47790,0.007175421
AT2G47800,0.5136934
AT2G47810,-0.0050586695
AT2G47820,0.26010114
AT2G47830,0.11984259
AT2G47840,0.013353492
AT2G47844,0.0354814
AT2G47850,-0.008853182
AT2G47860,0.13855742
AT2G47870,0.20129016
AT2G47880,-0.8149923
AT2G47885,0.01989019
AT2G47890,0.28701943
AT2G47900,-0.015983446
AT2G47910,-0.13605893
AT2G47920,-0.20366216
AT2G47930,-0.6677433
AT2G47935,-0.102426805
AT2G47940,-0.43845218
AT2G47950,0.838964
AT2G47960,0.17909303
AT2G47970,0.23234428
AT2G47980,0.11971368
AT2G47990,0.39169818
AT2G48000,0.005358299
AT2G48010,0.08332098
AT2G48020,-0.0151385125
AT2G48030,0.13231137
AT2G48060,0.17316614
AT2G48070,-0.20602232
AT2G48075,-0.12260796
AT2G48080,0.042011756
AT2G48090,0.40962303
AT2G48100,0.0962842
AT2G48110,0.07790373
AT2G48120,-0.29596645
AT2G48121,-0.18973969
AT2G48130,0.23129413
AT2G48140,0.21264014
AT2G48150,0.14235505
AT2G48160,0.02167663
AT3G01010,0.0
AT3G01015,-0.010762265
AT3G01020,0.0037885334
AT3G01030,0.028028233
AT3G01040,0.40222117
AT3G01050,0.008195685
AT3G01060,-0.259224
AT3G01070,-0.07065619
AT3G01080,0.6747708
AT3G01085,0.06951253
AT3G01090,0.047090128
AT3G01100,0.21270193
AT3G01120,0.16811913
AT3G01130,0.24896559
AT3G01140,-0.1399726
AT3G01150,0.08291599
AT3G01160,0.0051145763
AT3G01170,0.3008727
AT3G01175,0.23352517
AT3G01180,-0.1382442
AT3G01185,0.0
AT3G01190,-0.12687556
AT3G01200,0.2663511
AT3G01210,-0.09459822
AT3G01220,0.02369101
AT3G01230,0.0
AT3G01240,-0.00043517636
AT3G01250,0.00063961017
AT3G01260,-0.04112564
AT3G01270,-0.008975266
AT3G01280,0.4464043
AT3G01290,0.7432253
AT3G01300,-0.05761961
AT3G01310,0.1360362
AT3G01311,0.2149767
AT3G01319,0.0
AT3G01320,-0.004317732
AT3G01322,0.0
AT3G01323,0.0052931155
AT3G01324,0.0
AT3G01325,0.0
AT3G01326,0.0
AT3G01327,7.269358e-05
AT3G01328,0.0
AT3G01329,0.017152231
AT3G01330,0.050698783
AT3G01331,0.004696934
AT3G01340,0.1700209
AT3G01345,0.32635096
AT3G01350,-0.101524085
AT3G01360,0.23198067
AT3G01370,-0.22261778
AT3G01380,-0.007607776
AT3G01390,-0.033461895
AT3G01400,0.11729107
AT3G01410,-0.0307074
AT3G01415,0.0
AT3G01420,3.1972933
AT3G01430,0.05214338
AT3G01435,0.089351304
AT3G01440,-0.6616221
AT3G01450,-0.17179815
AT3G01460,0.09045269
AT3G01470,0.21989498
AT3G01475,0.037920207
AT3G01480,-0.56592023
AT3G01490,-0.44028333
AT3G01500,-1.2503475
AT3G01510,-0.086433865
AT3G01513,0.08065833
AT3G01516,-0.039725766
AT3G01520,-0.07265582
AT3G01530,0.008949473
AT3G01540,0.23968145
AT3G01550,-0.63844544
AT3G01560,-0.02901344
AT3G01570,0.04228586
AT3G01572,-0.014324162
AT3G01580,0.18378113
AT3G01590,0.20129056
AT3G01600,-0.00479585
AT3G01610,-0.017254835
AT3G01620,0.05465813
AT3G01630,0.057469513
AT3G01640,0.13487577
AT3G01650,0.47150224
AT3G01660,-0.12140788
AT3G01670,-0.35145465
AT3G01680,-0.36450183
AT3G01690,-0.37489885
AT3G01700,-0.0011099947
AT3G01710,-0.21301846
AT3G01720,0.31899372
AT3G01730,-0.024208618
AT3G01740,0.12005378
AT3G01750,0.18302946
AT3G01760,0.036803287
AT3G01770,0.02130959
AT3G01780,0.06848287
AT3G01790,0.01528605
AT3G01800,0.33487153
AT3G01810,-0.64252347
AT3G01820,0.24841808
AT3G01830,0.90732294
AT3G01840,-0.11111766
AT3G01850,0.07858936
AT3G01860,-0.50428283
AT3G01870,-0.0036048833
AT3G01880,-0.024832724
AT3G01890,-0.17799808
AT3G01900,0.07677494
AT3G01910,0.19350414
AT3G01920,0.0058863433
AT3G01930,0.25379097
AT3G01940,-0.13830058
AT3G01950,-0.10842681
AT3G01960,-0.30101734
AT3G01961,0.0
AT3G01970,1.1892251
AT3G01980,-0.16898045
AT3G01990,0.29660678
AT3G02000,-0.059081063
AT3G02010,-0.06466761
AT3G02020,-0.56785876
AT3G02030,-0.14815025
AT3G02040,0.45305648
AT3G02050,-0.19709651
AT3G02060,-0.059879452
AT3G02065,0.07178293
AT3G02070,0.12555923
AT3G02080,0.064436145
AT3G02090,0.28700653
AT3G02100,0.038509082
AT3G02110,-0.63448304
AT3G02120,-0.29370916
AT3G02125,0.0035754272
AT3G02130,-0.2450384
AT3G02140,0.53646487
AT3G02150,0.52249473
AT3G02160,0.3173584
AT3G02170,-0.34973517
AT3G02180,-0.15647444
AT3G02190,0.38824022
AT3G02200,0.15656255
AT3G02210,0.17419595
AT3G02220,0.12257362
AT3G02230,0.79624975
AT3G02240,0.49221522
AT3G02242,0.021004742
AT3G02245,-0.009818537
AT3G02250,-0.36120716
AT3G02255,-1.7929853e-05
AT3G02260,0.14685254
AT3G02270,0.03206721
AT3G02280,-0.038810983
AT3G02290,0.08618502
AT3G02300,-0.034901116
AT3G02310,0.013099642
AT3G02320,0.26399857
AT3G02330,-0.03451684
AT3G02340,0.11582872
AT3G02350,-0.08150627
AT3G02360,0.542068
AT3G02370,-0.06161909
AT3G02380,-0.7109389
AT3G02390,0.08893332
AT3G02400,-0.27901113
AT3G02410,-0.074386746
AT3G02420,0.18972225
AT3G02430,0.032430444
AT3G02440,0.0
AT3G02450,-0.07589964
AT3G02460,0.13914973
AT3G02470,0.3253354
AT3G02480,1.3465616
AT3G02490,0.07123042
AT3G02493,-0.04786984
AT3G02500,-0.003445685
AT3G02510,-0.0043414715
AT3G02520,0.4972918
AT3G02530,0.038482156
AT3G02540,-0.28000823
AT3G02550,0.104935095
AT3G02555,-0.04632774
AT3G02560,0.08236116
AT3G02570,-0.118616626
AT3G02580,0.0061578886
AT3G02590,0.040872708
AT3G02600,-0.020112995
AT3G02610,0.25205937
AT3G02620,0.14834522
AT3G02630,0.009366132
AT3G02640,-0.2037479
AT3G02645,0.0011369686
AT3G02650,0.27916214
AT3G02660,-0.07274314
AT3G02670,0.0010386587
AT3G02673,-0.0013094095
AT3G02677,0.00938856
AT3G02680,0.004554994
AT3G02690,-0.33645144
AT3G02700,0.048317384
AT3G02710,0.12286603
AT3G02720,-0.06982998
AT3G02730,-0.3398854
AT3G02740,0.442193
AT3G02750,-0.0014143975
AT3G02760,-0.016537394
AT3G02770,0.13663192
AT3G02780,0.24703996
AT3G02790,0.2888613
AT3G02800,0.48763964
AT3G02810,0.16241492
AT3G02820,0.076498546
AT3G02830,-0.3952006
AT3G02840,0.6190634
AT3G02850,-0.04905208
AT3G02860,-0.027383152
AT3G02870,-0.3071853
AT3G02875,1.1664687
AT3G02880,0.09293028
AT3G02885,0.44546863
AT3G02890,-0.0637783
AT3G02900,-0.045069017
AT3G02910,-0.01502875
AT3G02920,0.06891878
AT3G02930,-0.021986596
AT3G02940,0.17744562
AT3G02950,0.021652238
AT3G02960,0.0
AT3G02970,0.018867588
AT3G02975,0.0
AT3G02980,-0.11385126
AT3G02990,0.32018563
AT3G03000,-0.067580335
AT3G03010,-0.03118591
AT3G03020,-0.053790748
AT3G03030,-0.31058437
AT3G03040,-0.22559246
AT3G03050,0.18606225
AT3G03060,0.44187918
AT3G03070,0.16597255
AT3G03080,0.019088864
AT3G03090,0.004515926
AT3G03100,0.32354006
AT3G03110,0.18810484
AT3G03120,0.119131
AT3G03130,-0.20955132
AT3G03140,0.11077416
AT3G03150,-0.0028655475
AT3G03160,0.32961246
AT3G03170,0.10525937
AT3G03180,-0.14974213
AT3G03190,-0.42902535
AT3G03200,-0.063311644
AT3G03210,-0.06332994
AT3G03220,-0.050177377
AT3G03230,0.039431944
AT3G03240,0.07777405
AT3G03250,0.06190184
AT3G03260,0.1281415
AT3G03270,0.35825992
AT3G03272,0.023680696
AT3G03280,-0.020567797
AT3G03290,0.00052203174
AT3G03300,-0.03382226
AT3G03305,0.1552917
AT3G03310,0.49511725
AT3G03320,0.3098678
AT3G03330,0.19037817
AT3G03340,0.1253581
AT3G03341,0.19568981
AT3G03350,-0.043376975
AT3G03360,-0.09213548
AT3G03370,0.051822066
AT3G03380,0.041859157
AT3G03400,0.0060549285
AT3G03405,0.0
AT3G03410,0.0
AT3G03420,0.06747354
AT3G03430,0.03351824
AT3G03440,0.8111718
AT3G03450,-0.1590349
AT3G03460,0.0011620928
AT3G03470,0.85306454
AT3G03480,1.1310176
AT3G03490,0.33414745
AT3G03500,-0.028127622
AT3G03510,0.030453894
AT3G03520,-0.018423209
AT3G03530,0.6503363
AT3G03540,0.006969937
AT3G03550,0.098660775
AT3G03560,0.42979163
AT3G03570,0.21376793
AT3G03580,-0.08643531
AT3G03590,-0.057180054
AT3G03600,0.29525858
AT3G03610,0.6641749
AT3G03620,0.08178625
AT3G03630,-0.13507472
AT3G03640,0.044602007
AT3G03650,0.39325747
AT3G03660,0.030168148
AT3G03670,0.012638761
AT3G03680,-0.30331922
AT3G03690,-0.15090796
AT3G03700,0.5976659
AT3G03710,-0.35577077
AT3G03720,0.12252257
AT3G03726,0.0023160195
AT3G03730,0.0
AT3G03740,0.24697465
AT3G03750,9.7983495e-05
AT3G03760,0.0045024236
AT3G03770,-0.4081151
AT3G03773,0.0914919
AT3G03776,-0.004180916
AT3G03780,-0.007155552
AT3G03790,0.08131874
AT3G03800,0.17991889
AT3G03810,0.107357666
AT3G03820,-0.5429272
AT3G03826,0.0
AT3G03828,0.00020504186
AT3G03830,-0.2771386
AT3G03840,-0.4622945
AT3G03847,-0.008441553
AT3G03850,-0.34484512
AT3G03860,0.15777312
AT3G03870,0.2037199
AT3G03880,0.034276772
AT3G03890,0.4336811
AT3G03900,-0.13707145
AT3G03910,-0.31358615
AT3G03920,0.15918224
AT3G03930,0.059295565
AT3G03940,0.026872084
AT3G03950,0.26107678
AT3G03960,0.08644662
AT3G03970,0.18578409
AT3G03980,-0.014624712
AT3G03990,0.28248012
AT3G04000,1.1558224
AT3G04010,0.9011312
AT3G04020,0.038198296
AT3G04030,0.18152884
AT3G04040,0.34650925
AT3G04050,0.1283962
AT3G04060,0.97883075
AT3G04070,1.6104052
AT3G04080,0.25805333
AT3G04090,0.31129646
AT3G04100,-0.013894345
AT3G04110,-0.17571323
AT3G04120,0.4472901
AT3G04130,0.02891815
AT3G04140,-0.3798199
AT3G04150,0.0023337672
AT3G04160,-0.27810547
AT3G04170,0.044715606
AT3G04180,0.002129957
AT3G04181,0.22474778
AT3G04184,-0.027110107
AT3G04190,0.02383136
AT3G04200,-0.025313267
AT3G04210,0.015032003
AT3G04220,0.99391615
AT3G04230,0.18393067
AT3G04240,0.17988884
AT3G04250,0.011086592
AT3G04260,-0.22540067
AT3G04270,0.0
AT3G04280,0.0
AT3G04290,0.17173752
AT3G04300,0.0927246
AT3G04310,0.08882655
AT3G04320,1.9854064
AT3G04330,-0.022982188
AT3G04340,-0.29000857
AT3G04350,0.14972845
AT3G04360,0.041400917
AT3G04370,0.0016764345
AT3G04380,-0.113562316
AT3G04390,0.0
AT3G04410,-0.017364824
AT3G04420,0.057782423
AT3G04430,0.025847588
AT3G04440,0.12995012
AT3G04443,-0.1926339
AT3G04450,-0.3852902
AT3G04460,0.14817005
AT3G04470,-0.07703848
AT3G04480,0.024773572
AT3G04490,0.012704039
AT3G04500,0.1229608
AT3G04510,-0.04572559
AT3G04520,0.29181492
AT3G04530,0.018385254
AT3G04540,0.00017970966
AT3G04545,0.0
AT3G04550,-0.16511627
AT3G04560,0.13037653
AT3G04570,0.0018043816
AT3G04580,0.2930683
AT3G04590,0.058463182
AT3G04600,0.25249466
AT3G04610,-0.03618062
AT3G04620,0.21574436
AT3G04630,0.17612933
AT3G04640,0.3567693
AT3G04650,0.049404405
AT3G04660,0.040293507
AT3G04670,0.2748826
AT3G04680,0.13004997
AT3G04690,0.2084056
AT3G04700,0.112713665
AT3G04710,0.056275077
AT3G04720,1.7140198
AT3G04730,-0.4658898
AT3G04735,-0.016206102
AT3G04740,0.111454085
AT3G04750,-0.08909336
AT3G04760,-0.15737054
AT3G04770,0.08021409
AT3G04780,0.43999657
AT3G04790,-0.17352816
AT3G04800,0.13617688
AT3G04810,-0.17702831
AT3G04820,0.23214026
AT3G04830,0.016668834
AT3G04840,0.17607325
AT3G04850,-0.086486414
AT3G04854,-0.052839834
AT3G04855,0.0002192199
AT3G04860,-0.21208923
AT3G04870,-0.035682525
AT3G04880,0.06691462
AT3G04890,-0.03656361
AT3G04900,0.0014803091
AT3G04903,-0.00011284012
AT3G04910,-0.2662642
AT3G04920,-0.040950153
AT3G04930,-0.03839197
AT3G04940,-0.42814606
AT3G04943,0.0
AT3G04945,0.0
AT3G04950,-0.021914976
AT3G04960,-0.31358212
AT3G04970,0.18869793
AT3G04980,-0.019475933
AT3G04990,0.0
AT3G05000,-0.1058286
AT3G05010,0.23255694
AT3G05020,-0.10145712
AT3G05030,0.10591107
AT3G05035,-0.17210667
AT3G05040,0.19080375
AT3G05050,0.2915076
AT3G05060,0.104201615
AT3G05070,0.11033501
AT3G05080,0.041356806
AT3G05090,0.21036337
AT3G05100,-0.1600383
AT3G05110,0.03644119
AT3G05120,0.19050768
AT3G05130,0.11255803
AT3G05140,-0.22240362
AT3G05150,-0.077053465
AT3G05155,-0.005315375
AT3G05160,-0.12577334
AT3G05165,0.40632212
AT3G05170,0.26388326
AT3G05180,-0.49458948
AT3G05190,-0.25650957
AT3G05200,0.21340427
AT3G05210,0.21054225
AT3G05220,-0.01938201
AT3G05230,0.19410126
AT3G05240,-0.11239198
AT3G05250,0.17974825
AT3G05260,-0.029640552
AT3G05270,-0.12560296
AT3G05280,0.20188718
AT3G05290,0.26090282
AT3G05300,-0.00043517636
AT3G05310,-0.01672044
AT3G05320,-0.48593482
AT3G05327,0.074233755
AT3G05330,0.19793938
AT3G05340,-0.26584795
AT3G05345,-0.25213382
AT3G05350,0.0029418801
AT3G05360,1.188029
AT3G05365,0.2201533
AT3G05370,-0.3696537
AT3G05380,0.35636154
AT3G05390,1.223094
AT3G05400,0.99477565
AT3G05410,-0.32314038
AT3G05420,0.15166785
AT3G05425,0.0
AT3G05430,-0.1716651
AT3G05440,0.0023271732
AT3G05450,0.0008355276
AT3G05460,0.0011045113
AT3G05470,0.027205827
AT3G05480,0.08682124
AT3G05490,-0.36070287
AT3G05500,0.36503816
AT3G05510,0.18255484
AT3G05520,-0.07218793
AT3G05530,0.285586
AT3G05540,0.0046821334
AT3G05545,0.09853038
AT3G05550,0.04707261
AT3G05560,0.17300768
AT3G05570,0.40524456
AT3G05580,0.17628288
AT3G05590,0.0807971
AT3G05600,-0.014446081
AT3G05610,-0.001262166
AT3G05620,-0.101328984
AT3G05625,-0.27131346
AT3G05630,1.1844969
AT3G05640,0.53396493
AT3G05650,0.36186087
AT3G05660,0.15303645
AT3G05670,-0.17257266
AT3G05675,-0.21836331
AT3G05680,-5.4096614e-05
AT3G05685,-0.14040172
AT3G05690,-0.20535056
AT3G05700,0.11562451
AT3G05710,0.19862038
AT3G05720,0.03764181
AT3G05725,0.0
AT3G05727,-0.12207385
AT3G05730,-0.46147463
AT3G05740,-0.17057708
AT3G05741,0.013255249
AT3G05746,-0.0069825887
AT3G05750,-0.44597813
AT3G05760,0.039132446
AT3G05770,0.16519614
AT3G05775,0.0
AT3G05780,0.099080466
AT3G05790,0.21780725
AT3G05800,-0.006108184
AT3G05810,0.18620352
AT3G05820,-0.14606668
AT3G05830,0.21872722
AT3G05840,0.028768068
AT3G05850,0.01951597
AT3G05858,0.011577925
AT3G05860,-0.012333815
AT3G05870,0.23573266
AT3G05880,0.24276896
AT3G05890,-0.0073310607
AT3G05900,-0.835821
AT3G05910,-0.22384433
AT3G05920,-0.049201693
AT3G05930,0.07629704
AT3G05935,-0.1689952
AT3G05936,-0.33682323
AT3G05937,0.4800843
AT3G05940,0.0318314
AT3G05950,0.24335349
AT3G05960,-0.0046859435
AT3G05970,0.5191034
AT3G05975,-0.00085557473
AT3G05980,-0.20275834
AT3G05990,0.05350458
AT3G06000,0.0
AT3G06010,-0.092729256
AT3G06019,0.020596595
AT3G06020,-0.17089067
AT3G06030,-0.055135157
AT3G06035,-0.033892173
AT3G06040,0.11314925
AT3G06050,0.4458024
AT3G06060,-0.022224756
AT3G06070,-1.3070226
AT3G06080,-0.4751891
AT3G06085,0.027564904
AT3G06090,0.0
AT3G06100,0.087187536
AT3G06110,0.05178066
AT3G06120,0.020856114
AT3G06130,-0.53871006
AT3G06140,-0.49670178
AT3G06150,-0.4787223
AT3G06160,-0.20639414
AT3G06170,0.1926032
AT3G06180,0.071078606
AT3G06190,0.20192736
AT3G06200,0.0016965814
AT3G06210,0.030530903
AT3G06220,-0.066259064
AT3G06230,0.0006764193
AT3G06240,0.2834619
AT3G06250,0.019029701
AT3G06260,0.010880766
AT3G06270,0.026085954
AT3G06280,0.0037446786
AT3G06290,-0.05991735
AT3G06300,0.375226
AT3G06310,0.100975096
AT3G06320,0.21666361
AT3G06330,-0.038279872
AT3G06340,0.09501271
AT3G06350,0.47056538
AT3G06360,-0.027154692
AT3G06370,0.043828376
AT3G06380,-0.0012754635
AT3G06390,0.05813263
AT3G06400,0.017638862
AT3G06410,-0.015605982
AT3G06420,1.0126438
AT3G06430,-0.4295219
AT3G06435,-0.13813613
AT3G06436,0.006267067
AT3G06440,-0.16330077
AT3G06450,0.19333313
AT3G06455,-0.15266864
AT3G06460,-0.0488043
AT3G06470,0.1553131
AT3G06480,0.18347204
AT3G06483,0.09973546
AT3G06490,1.5053952
AT3G06500,0.67531675
AT3G06510,0.1433257
AT3G06520,-0.056826975
AT3G06530,0.33480078
AT3G06540,0.23472276
AT3G06545,-8.787447e-05
AT3G06550,-0.12362006
AT3G06560,0.053095683
AT3G06570,-0.0875015
AT3G06580,0.16867761
AT3G06590,0.0038232065
AT3G06600,0.099845506
AT3G06610,0.039104823
AT3G06620,0.13025667
AT3G06630,0.018074464
AT3G06640,-0.010619265
AT3G06650,-0.18449634
AT3G06660,-0.1392467
AT3G06670,0.009763305
AT3G06680,0.057673097
AT3G06690,0.071048625
AT3G06700,0.15419792
AT3G06710,-0.0009808925
AT3G06720,0.12741598
AT3G06730,-0.09965583
AT3G06740,-0.30100307
AT3G06750,-0.9818187
AT3G06760,-0.0043235854
AT3G06770,-0.68290526
AT3G06778,0.0077277455
AT3G06780,0.23583502
AT3G06790,0.17180534
AT3G06810,0.834483
AT3G06820,0.010841497
AT3G06830,-0.040908784
AT3G06840,-0.01801268
AT3G06850,0.29891637
AT3G06860,0.70426685
AT3G06868,-0.2523953
AT3G06870,0.020174641
AT3G06880,-0.6826563
AT3G06890,0.58291054
AT3G06895,-0.07104047
AT3G06910,0.02309477
AT3G06920,0.1040608
AT3G06930,-0.009120605
AT3G06950,-0.09503807
AT3G06960,0.04619482
AT3G06970,-0.015632795
AT3G06980,-0.2142334
AT3G06985,0.0102792755
AT3G06990,-0.077070124
AT3G07000,-0.106697984
AT3G07005,0.0
AT3G07010,-0.8797673
AT3G07020,-0.012548954
AT3G07030,0.103181764
AT3G07040,-0.030837025
AT3G07050,0.20209749
AT3G07060,0.11317693
AT3G07070,-0.017587295
AT3G07080,0.2505929
AT3G07090,0.45458317
AT3G07100,0.1635646
AT3G07110,0.121772885
AT3G07120,0.02124027
AT3G07130,0.08891162
AT3G07140,0.10064171
AT3G07150,0.1006539
AT3G07160,0.22188371
AT3G07170,0.16513753
AT3G07180,0.034040086
AT3G07190,-0.26468885
AT3G07195,0.31660825
AT3G07200,-0.5200423
AT3G07210,-0.22064438
AT3G07220,0.12011523
AT3G07230,0.100721695
AT3G07250,0.026665773
AT3G07255,0.4461611
AT3G07260,-0.08973517
AT3G07270,-0.16254461
AT3G07273,0.047603767
AT3G07290,-0.020939669
AT3G07300,0.1514207
AT3G07310,-0.3145734
AT3G07320,-0.14946003
AT3G07330,0.058101784
AT3G07340,-0.2705392
AT3G07350,-0.20944008
AT3G07360,-0.47050738
AT3G07370,0.33434278
AT3G07380,-0.15566792
AT3G07390,0.69118327
AT3G07400,-0.20068347
AT3G07410,-0.14652753
AT3G07420,-0.16963689
AT3G07425,-0.048281383
AT3G07430,0.11466292
AT3G07440,-0.046245836
AT3G07450,0.008634224
AT3G07460,-0.21697354
AT3G07470,-0.15507828
AT3G07480,0.44020692
AT3G07490,-0.027348524
AT3G07500,-0.41370922
AT3G07510,-0.2928877
AT3G07520,0.09271758
AT3G07522,-4.6585577e-05
AT3G07525,0.19035238
AT3G07530,0.23051159
AT3G07540,-0.64196914
AT3G07550,0.05955617
AT3G07560,0.2625542
AT3G07565,0.06950887
AT3G07570,0.26012352
AT3G07580,0.20852363
AT3G07590,0.21317086
AT3G07600,0.049631294
AT3G07610,0.059640057
AT3G07620,0.00091047963
AT3G07630,0.21049675
AT3G07640,0.29894695
AT3G07650,0.34665355
AT3G07660,0.14529616
AT3G07670,-0.1818624
AT3G07680,0.24861543
AT3G07690,0.1411116
AT3G07700,0.39084256
AT3G07710,0.0018160997
AT3G07720,0.46297178
AT3G07730,0.1088539
AT3G07740,0.057318516
AT3G07750,0.22365978
AT3G07760,0.15315597
AT3G07770,0.05610435
AT3G07780,0.1460691
AT3G07790,0.030089803
AT3G07800,0.3800417
AT3G07810,0.12188515
AT3G07820,0.002519621
AT3G07830,0.0011702941
AT3G07840,0.0060549285
AT3G07850,0.009385786
AT3G07860,0.13510886
AT3G07870,0.01608748
AT3G07880,-0.054079175
AT3G07890,0.0044756015
AT3G07900,0.0067507112
AT3G07910,0.30029854
AT3G07920,0.00040189642
AT3G07930,0.06953394
AT3G07940,-0.10122265
AT3G07950,0.16641286
AT3G07960,-0.28267056
AT3G07970,1.0400875
AT3G07980,0.1245079
AT3G07990,-0.27755365
AT3G08000,-0.090707205
AT3G08010,-0.0981915
AT3G08020,-0.025647795
AT3G08030,-0.5352992
AT3G08040,0.29566276
AT3G08490,-0.08550044
AT3G08500,0.05506216
AT3G08505,-0.037187543
AT3G08510,-0.13046351
AT3G08530,0.16223426
AT3G08550,0.085788205
AT3G08560,0.004466546
AT3G08570,-0.29557258
AT3G08580,0.2686093
AT3G08590,0.44859183
AT3G08600,-0.37226084
AT3G08610,0.26618278
AT3G08620,-0.08321164
AT3G08630,0.36311108
AT3G08636,0.0029904484
AT3G08640,0.6222059
AT3G08650,0.32134354
AT3G08660,-0.39008042
AT3G08670,-0.08580866
AT3G08680,-0.26446506
AT3G08690,0.53334486
AT3G08700,0.20406452
AT3G08710,0.25518295
AT3G08720,0.6057673
AT3G08730,0.21026471
AT3G08740,-0.30263767
AT3G08750,0.052143276
AT3G08760,0.53040236
AT3G08770,-0.08985089
AT3G08780,0.03432154
AT3G08790,0.0218637
AT3G08800,0.023111556
AT3G08810,0.2336793
AT3G08820,0.05066347
AT3G08840,-0.07716312
AT3G08850,0.025552586
AT3G08860,0.5466295
AT3G08870,0.37536815
AT3G08880,0.025255669
AT3G08890,-0.15450345
AT3G08900,0.032325197
AT3G08910,0.11986673
AT3G08920,-0.5861144
AT3G08930,-0.014012768
AT3G08940,-0.45969093
AT3G08943,0.11777173
AT3G08947,0.21170186
AT3G08950,0.37994188
AT3G08960,0.113088354
AT3G08970,0.61513495
AT3G08980,0.06400605
AT3G08990,0.6634055
AT3G09000,0.26259887
AT3G09010,1.0972677
AT3G09020,0.48346284
AT3G09030,0.058011584
AT3G09032,0.1502056
AT3G09035,-0.35355008
AT3G09040,0.038342394
AT3G09050,-0.34807178
AT3G09055,0.060308322
AT3G09060,-0.024247563
AT3G09070,-0.11092198
AT3G09080,-0.032541443
AT3G09085,0.3479388
AT3G09090,0.13196127
AT3G09100,0.19030498
AT3G09110,-0.0024700488
AT3G09120,0.0022338964
AT3G09130,0.020158157
AT3G09140,0.0
AT3G09150,-0.07939953
AT3G09160,-0.28932133
AT3G09162,-0.21930791
AT3G09180,0.18150792
AT3G09190,-0.334305
AT3G09200,0.1615014
AT3G09210,-0.28346702
AT3G09220,2.2194195
AT3G09230,0.047020387
AT3G09240,0.02825217
AT3G09250,0.1504636
AT3G09260,0.39251977
AT3G09270,1.250066
AT3G09280,0.10755703
AT3G09290,0.038463105
AT3G09300,0.12385454
AT3G09310,-0.066393055
AT3G09320,0.15368588
AT3G09330,-0.117541716
AT3G09340,0.04376646
AT3G09350,0.6391082
AT3G09360,-0.052988503
AT3G09370,0.13255422
AT3G09380,0.00064307556
AT3G09390,0.7626223
AT3G09400,0.10021769
AT3G09405,1.5056872
AT3G09410,-0.19275534
AT3G09430,0.038168784
AT3G09440,0.49867016
AT3G09450,0.3987068
AT3G09455,0.09877408
AT3G09470,-0.0036247552
AT3G09480,0.39144617
AT3G09490,0.47521445
AT3G09500,-0.12575771
AT3G09510,0.0
AT3G09520,0.63957787
AT3G09530,0.01863174
AT3G09540,-0.054986604
AT3G09550,-0.10977406
AT3G09560,0.20256302
AT3G09570,0.34709665
AT3G09580,-0.40197966
AT3G09590,-0.03091582
AT3G09600,-0.4151817
AT3G09620,-0.025966566
AT3G09630,0.14626208
AT3G09640,0.07215529
AT3G09650,-0.09505302
AT3G09660,0.044888157
AT3G09670,-0.050270036
AT3G09680,0.1209895
AT3G09690,0.05431469
AT3G09700,0.08538895
AT3G09710,-0.018694647
AT3G09720,0.18386933
AT3G09730,-0.07650162
AT3G09735,0.33154032
AT3G09740,0.1888426
AT3G09750,0.022792451
AT3G09760,0.07144768
AT3G09770,0.00043232628
AT3G09780,-0.22706264
AT3G09790,-0.0011337157
AT3G09800,-0.3938095
AT3G09810,0.705932
AT3G09820,-0.13443297
AT3G09830,0.26246795
AT3G09840,0.47109777
AT3G09850,0.080883764
AT3G09860,-0.25016713
AT3G09863,-0.010925555
AT3G09870,-0.34182197
AT3G09880,-0.046451874
AT3G09890,0.25482386
AT3G09900,0.017720582
AT3G09910,0.37038735
AT3G09920,-0.12711927
AT3G09925,-0.06295916
AT3G09930,0.0029368997
AT3G09940,1.2659266
AT3G09950,0.3600534
AT3G09960,0.7065712
AT3G09970,0.2414691
AT3G09980,-0.32910535
AT3G09990,0.0
AT3G10000,-0.02821684
AT3G10010,-0.034800842
AT3G10020,-0.23952198
AT3G10030,-0.02046329
AT3G10040,-0.13035291
AT3G10050,0.13894124
AT3G10060,-0.5794417
AT3G10070,0.25299278
AT3G10080,-0.2689881
AT3G10090,0.20419501
AT3G10110,0.18800578
AT3G10113,0.10864338
AT3G10116,-0.005469567
AT3G10120,-0.32527554
AT3G10130,0.040427092
AT3G10140,-0.1537083
AT3G10150,-0.2695661
AT3G10160,-0.31240562
AT3G10180,-0.10520381
AT3G10185,-0.07760912
AT3G10190,0.09293933
AT3G10195,0.0
AT3G10200,-0.21432371
AT3G10210,0.12835479
AT3G10220,0.07543857
AT3G10230,-0.11519043
AT3G10240,0.0015676484
AT3G10250,0.051935636
AT3G10260,0.20355484
AT3G10270,-0.16305782
AT3G10280,-0.13679482
AT3G10290,0.08274127
AT3G10300,0.27295244
AT3G10310,-0.1292336
AT3G10320,1.6461835
AT3G10330,-0.026774816
AT3G10340,0.28650334
AT3G10350,-0.032713138
AT3G10360,-0.057784617
AT3G10370,0.43475434
AT3G10380,0.20184927
AT3G10390,-0.15473765
AT3G10400,0.029418726
AT3G10405,-0.44022062
AT3G10410,0.4666403
AT3G10420,0.073362485
AT3G10430,0.0035327259
AT3G10439,0.0
AT3G10440,-0.25232297
AT3G10450,0.50677854
AT3G10455,0.0022479326
AT3G10460,0.004348079
AT3G10470,0.18715392
AT3G10480,0.19044676
AT3G10490,0.22506146
AT3G10500,0.6857736
AT3G10510,0.093149416
AT3G10520,-0.82495165
AT3G10525,-0.11887057
AT3G10527,0.022763774
AT3G10530,0.28169265
AT3G10540,-0.009190259
AT3G10550,0.25224847
AT3G10560,0.16767856
AT3G10570,-0.23656778
AT3G10572,0.029165836
AT3G10580,5.6922257e-05
AT3G10585,0.0060549285
AT3G10590,0.29857454
AT3G10595,0.0
AT3G10600,-0.12546234
AT3G10605,-0.025580145
AT3G10610,0.10165484
AT3G10620,0.14836453
AT3G10630,0.068205215
AT3G10640,0.44163105
AT3G10650,0.055142485
AT3G10660,0.37870973
AT3G10670,0.1211275
AT3G10680,-0.21013744
AT3G10690,-0.034865327
AT3G10700,-0.22472921
AT3G10710,-0.027987042
AT3G10720,-0.8598492
AT3G10730,-0.015766378
AT3G10740,0.097848885
AT3G10750,0.35367122
AT3G10760,-0.02234308
AT3G10770,0.01246202
AT3G10780,0.16320248
AT3G10790,0.060738977
AT3G10800,0.13078448
AT3G10810,-0.11263669
AT3G10820,-0.035062987
AT3G10840,-0.59170765
AT3G10845,0.018673409
AT3G10850,-0.11205911
AT3G10860,0.30541533
AT3G10870,0.066801414
AT3G10880,-0.12668107
AT3G10890,0.0016672632
AT3G10900,-0.00032420113
AT3G10910,-0.098915815
AT3G10915,0.13938622
AT3G10920,0.21708357
AT3G10930,0.36307958
AT3G10940,-0.41758397
AT3G10950,0.0031489232
AT3G10960,0.29909566
AT3G10970,-0.01497648
AT3G10974,-0.00085557473
AT3G10980,0.122491725
AT3G10985,0.6926882
AT3G10986,0.06824447
AT3G10990,0.0
AT3G11000,0.05364272
AT3G11010,0.6907004
AT3G11020,0.55704314
AT3G11030,0.14185213
AT3G11040,0.12456499
AT3G11050,0.18948238
AT3G11060,0.00030673324
AT3G11070,0.07315014
AT3G11080,0.6571848
AT3G11090,0.007975157
AT3G11100,0.07659452
AT3G11110,-0.5495399
AT3G11130,0.20204218
AT3G11150,1.069641
AT3G11160,-0.034462538
AT3G11165,-0.027527565
AT3G11170,-0.2550595
AT3G11180,0.07269462
AT3G11200,0.25904545
AT3G11210,-0.00067160075
AT3G11220,0.21240988
AT3G11230,0.2918321
AT3G11240,-0.0107906135
AT3G11250,0.14988962
AT3G11260,0.14891273
AT3G11270,0.46777654
AT3G11280,-0.17175293
AT3G11290,-0.11945905
AT3G11300,0.0
AT3G11310,0.0
AT3G11320,0.23924327
AT3G11325,0.037858512
AT3G11330,0.48424268
AT3G11340,2.003676
AT3G11350,0.0009896173
AT3G11370,-0.016625978
AT3G11380,0.0006436558
AT3G11385,-0.007446111
AT3G11390,-0.02397618
AT3G11397,0.23182137
AT3G11400,0.12265436
AT3G11402,0.53311646
AT3G11405,0.00039143628
AT3G11410,0.21186563
AT3G11420,0.14675175
AT3G11430,1.5541502
AT3G11440,0.07329146
AT3G11450,0.06005989
AT3G11460,0.056981802
AT3G11470,0.1405751
AT3G11480,2.154968
AT3G11490,-0.27194422
AT3G11500,0.011182773
AT3G11510,0.12300439
AT3G11520,-0.027702354
AT3G11530,0.18150602
AT3G11540,0.1442628
AT3G11550,-0.026949918
AT3G11570,0.87843955
AT3G11580,0.89630604
AT3G11590,-0.13747409
AT3G11591,0.09950589
AT3G11600,0.11798272
AT3G11620,-0.2233511
AT3G11630,-0.44367728
AT3G11640,-0.14448799
AT3G11650,-0.114539064
AT3G11660,0.19304256
AT3G11670,-0.18563317
AT3G11680,-0.0016664349
AT3G11690,0.061021112
AT3G11700,-0.62171376
AT3G11710,0.14574213
AT3G11720,-0.20015389
AT3G11730,-0.018732961
AT3G11740,-0.018804818
AT3G11745,-0.02665216
AT3G11750,-0.2144299
AT3G11760,-0.09399659
AT3G11770,0.3149262
AT3G11773,0.25842917
AT3G11780,0.57555455
AT3G11800,0.18034951
AT3G11810,0.07973886
AT3G11820,0.32309312
AT3G11825,-0.0010482421
AT3G11830,0.114476696
AT3G11840,0.627112
AT3G11850,-0.034420982
AT3G11860,0.044506505
AT3G11870,-0.0038160072
AT3G11880,0.15370741
AT3G11890,0.032708555
AT3G11900,0.31143495
AT3G11910,0.10184933
AT3G11920,0.07455761
AT3G11930,0.10171639
AT3G11940,0.13244739
AT3G11945,-0.18302916
AT3G11950,-0.03934906
AT3G11960,0.15474387
AT3G11964,0.11273722
AT3G11980,0.012185922
AT3G11990,0.0
AT3G12000,0.011237151
AT3G12010,-0.06412976
AT3G12020,-0.21250908
AT3G12030,0.3847782
AT3G12040,0.2263339
AT3G12050,0.112770446
AT3G12060,0.04273259
AT3G12070,0.38326082
AT3G12080,-0.12580158
AT3G12090,-0.06774828
AT3G12100,0.100084454
AT3G12110,-0.29112548
AT3G12120,-0.19672191
AT3G12130,0.12701866
AT3G12140,0.21413723
AT3G12145,0.12710965
AT3G12150,-0.33526918
AT3G12160,-0.009778602
AT3G12170,-0.13494503
AT3G12180,0.19797744
AT3G12190,-0.001769457
AT3G12200,-0.026694668
AT3G12203,-0.0043156343
AT3G12210,-0.06705459
AT3G12220,1.0251398
AT3G12230,0.7261406
AT3G12240,-0.02375648
AT3G12250,0.20927688
AT3G12260,0.15236096
AT3G12270,0.22895354
AT3G12280,0.08064227
AT3G12290,0.11776115
AT3G12300,0.22133529
AT3G12320,-0.39136922
AT3G12340,0.07859048
AT3G12345,-0.42530996
AT3G12350,0.027432438
AT3G12360,0.13077942
AT3G12370,0.23885123
AT3G12380,0.0070867073
AT3G12390,0.007488296
AT3G12400,0.14913602
AT3G12410,0.008939139
AT3G12420,0.0
AT3G12430,0.0
AT3G12440,0.0
AT3G12460,-0.04371018
AT3G12470,-0.006027275
AT3G12480,0.13718642
AT3G12490,0.4640864
AT3G12500,1.3999262
AT3G12510,0.9587593
AT3G12520,-0.24777547
AT3G12530,0.0741992
AT3G12540,-0.0032985522
AT3G12545,0.0055576484
AT3G12550,0.0076923463
AT3G12560,-0.13932672
AT3G12570,0.19878617
AT3G12580,0.38852867
AT3G12587,0.15244292
AT3G12590,-0.19176915
AT3G12600,0.10544798
AT3G12610,-0.928439
AT3G12620,0.27371752
AT3G12630,0.15740961
AT3G12640,-0.0071091563
AT3G12650,0.22944924
AT3G12660,0.0
AT3G12670,-0.031016791
AT3G12680,0.105286136
AT3G12685,-0.29156333
AT3G12690,-0.18599722
AT3G12700,0.65884787
AT3G12710,-0.5765119
AT3G12720,-0.005138234
AT3G12730,0.12354309
AT3G12740,0.47930947
AT3G12750,0.119887196
AT3G12760,0.2233335
AT3G12770,0.007977957
AT3G12775,0.02443884
AT3G12780,-0.48143676
AT3G12800,0.565345
AT3G12810,-0.11442315
AT3G12820,-0.1574019
AT3G12830,0.49987778
AT3G12833,-0.032395937
AT3G12835,0.0128595345
AT3G12840,0.023186628
AT3G12850,0.024290733
AT3G12860,0.074898444
AT3G12870,-0.21933536
AT3G12880,0.0022332114
AT3G12890,0.053773716
AT3G12900,-0.06806816
AT3G12910,0.39595568
AT3G12915,-0.2725716
AT3G12920,-0.15837373
AT3G12930,-0.23472936
AT3G12940,-0.0015375371
AT3G12950,-0.015649702
AT3G12955,0.0093467655
AT3G12960,0.0851564
AT3G12970,0.014275098
AT3G12977,0.0730696
AT3G12980,0.17381607
AT3G12990,0.08271671
AT3G13000,-0.69782
AT3G13010,-0.01182051
AT3G13020,-0.05143612
AT3G13030,-0.43620944
AT3G13040,-0.028337713
AT3G13050,0.40815684
AT3G13060,-0.033586152
AT3G13062,-0.16823211
AT3G13065,-0.23794349
AT3G13070,0.032263152
AT3G13075,-0.0005913196
AT3G13080,0.37957034
AT3G13090,0.2676751
AT3G13100,0.8568259
AT3G13110,0.46570632
AT3G13120,-0.4513426
AT3G13130,0.097119205
AT3G13140,-0.0017219676
AT3G13150,0.079600655
AT3G13160,0.1574027
AT3G13170,0.023379866
AT3G13175,-0.0663279
AT3G13180,-0.3444266
AT3G13190,-0.17266913
AT3G13200,0.24857998
AT3G13210,0.115378894
AT3G13220,-0.0017782446
AT3G13222,-0.06678723
AT3G13224,0.27414432
AT3G13225,0.02787759
AT3G13226,0.0060662082
AT3G13227,0.008955359
AT3G13228,0.0183895
AT3G13229,-0.057772618
AT3G13230,0.29250506
AT3G13235,0.43120372
AT3G13240,-0.29233986
AT3G13275,0.13934807
AT3G13276,0.02716708
AT3G13280,0.07902372
AT3G13290,0.06735269
AT3G13300,0.13206905
AT3G13310,0.32863334
AT3G13320,0.21828459
AT3G13330,0.6763929
AT3G13340,-0.016919365
AT3G13350,0.014195583
AT3G13360,-0.2235095
AT3G13370,0.0
AT3G13380,0.9173885
AT3G13390,-0.0053918627
AT3G13400,-0.0071687168
AT3G13403,-0.09243253
AT3G13404,-0.2550765
AT3G13410,0.14182685
AT3G13420,-0.09395147
AT3G13430,0.3754747
AT3G13432,0.51223326
AT3G13433,1.1574553
AT3G13435,0.31667024
AT3G13437,-0.15161057
AT3G13440,-0.0006231194
AT3G13445,0.10160494
AT3G13450,0.37046775
AT3G13460,0.03147386
AT3G13470,-0.26346377
AT3G13480,0.103287905
AT3G13490,0.0004685142
AT3G13500,0.26174447
AT3G13510,-0.58224064
AT3G13520,-0.01954641
AT3G13530,-0.039755486
AT3G13540,-0.087731265
AT3G13550,0.1468031
AT3G13560,-0.24815698
AT3G13570,-0.040506132
AT3G13580,0.12355827
AT3G13590,-0.16447836
AT3G13600,0.11470536
AT3G13610,1.9234681
AT3G13620,-0.031246299
AT3G13624,0.0
AT3G13630,0.0058715763
AT3G13640,0.022377698
AT3G13650,0.5537306
AT3G13660,0.12108737
AT3G13662,-0.022129152
AT3G13670,0.32742876
AT3G13672,0.36701587
AT3G13674,0.08364316
AT3G13677,-0.10819445
AT3G13680,0.08104701
AT3G13682,-0.1345211
AT3G13690,-0.44390666
AT3G13700,-0.32361716
AT3G13710,-0.479585
AT3G13720,0.117842086
AT3G13730,-0.11495
AT3G13750,-0.7230908
AT3G13760,-0.058670305
AT3G13770,-0.04452501
AT3G13772,0.21385194
AT3G13780,-0.04638345
AT3G13782,0.16418333
AT3G13784,0.04821848
AT3G13790,0.95267105
AT3G13800,0.0848341
AT3G13810,0.30663225
AT3G13820,0.032276753
AT3G13825,0.0
AT3G13830,-0.0064327717
AT3G13840,0.019413505
AT3G13845,0.071276054
AT3G13850,-0.04008347
AT3G13855,0.0
AT3G13860,0.14240135
AT3G13870,0.14887518
AT3G13880,-0.10394109
AT3G13882,-0.03604845
AT3G13890,0.001032081
AT3G13898,0.07261356
AT3G13900,0.15124696
AT3G13910,0.8822454
AT3G13920,0.20318195
AT3G13930,0.28320703
AT3G13940,0.24202193
AT3G13950,1.9144634
AT3G13960,-0.026426718
AT3G13970,-0.059710275
AT3G13980,-0.370259
AT3G13990,0.19125381
AT3G14000,-0.09765932
AT3G14010,0.14805236
AT3G14020,0.055293273
AT3G14030,0.0
AT3G14040,0.0
AT3G14050,0.5765802
AT3G14060,1.2722583
AT3G14067,-0.03206737
AT3G14070,0.25388467
AT3G14075,0.22454713
AT3G14080,0.10180032
AT3G14090,0.1541729
AT3G14100,0.09632681
AT3G14110,-0.24800096
AT3G14120,0.045134276
AT3G14130,0.43765956
AT3G14140,0.007333165
AT3G14150,-0.45414874
AT3G14160,0.29899555
AT3G14170,-0.009393699
AT3G14172,0.09018764
AT3G14180,0.12836342
AT3G14190,0.17426857
AT3G14200,-0.15377973
AT3G14205,-0.12757435
AT3G14210,-0.6474761
AT3G14220,-0.24775027
AT3G14225,0.2555218
AT3G14230,0.048657265
AT3G14240,-0.48844886
AT3G14250,0.0010787304
AT3G14260,0.028047346
AT3G14270,0.19451185
AT3G14280,0.5971059
AT3G14290,0.2654674
AT3G14300,0.018016236
AT3G14310,0.047337145
AT3G14320,0.08490494
AT3G14330,-0.43098986
AT3G14340,0.060540255
AT3G14350,-0.3231627
AT3G14360,0.12628815
AT3G14362,-0.03519819
AT3G14370,-0.024112998
AT3G14380,-0.03160059
AT3G14390,0.04549501
AT3G14395,0.22401133
AT3G14400,0.21127246
AT3G14410,-0.0069995956
AT3G14415,-0.46236226
AT3G14420,-0.5417607
AT3G14430,0.46909073
AT3G14440,0.5511546
AT3G14450,-0.24859723
AT3G14452,0.01124752
AT3G14460,0.6103418
AT3G14463,0.0021042617
AT3G14467,0.049259517
AT3G14470,0.485279
AT3G14480,0.00022709902
AT3G14490,0.0020452414
AT3G14510,-0.017128875
AT3G14520,-0.0006997877
AT3G14530,-0.018681457
AT3G14540,-0.02130814
AT3G14550,0.00042183837
AT3G14560,0.22717348
AT3G14570,-0.37728775
AT3G14580,-0.081996486
AT3G14590,0.12002285
AT3G14595,0.10825147
AT3G14600,0.10298658
AT3G14610,0.14519931
AT3G14620,0.6879175
AT3G14630,0.040858615
AT3G14640,0.052340414
AT3G14650,-0.1957084
AT3G14660,-0.028059179
AT3G14670,0.12194554
AT3G14680,0.71171355
AT3G14690,0.18975358
AT3G14700,0.33121544
AT3G14710,0.05227555
AT3G14720,0.28502476
AT3G14730,-0.06772409
AT3G14740,-0.0841306
AT3G14750,0.18010034
AT3G14760,-0.173645
AT3G14770,0.7794491
AT3G14780,0.1398422
AT3G14790,0.1188206
AT3G14810,-0.045358665
AT3G14820,0.013102348
AT3G14830,0.07284274
AT3G14840,0.190794
AT3G14850,0.7797157
AT3G14860,-0.0070943087
AT3G14870,-0.054940213
AT3G14880,0.02210616
AT3G14890,-0.13058838
AT3G14900,0.10096774
AT3G14910,0.1903452
AT3G14920,0.24244681
AT3G14930,-0.29025048
AT3G14940,-0.3312098
AT3G14950,-0.016672894
AT3G14960,0.26000136
AT3G14970,-4.130602e-05
AT3G14980,-0.47187117
AT3G14981,0.0007259862
AT3G14990,0.6509568
AT3G15000,0.2808702
AT3G15010,0.19198935
AT3G15020,0.5288501
AT3G15030,-0.13991007
AT3G15040,0.3913218
AT3G15050,-0.0034236866
AT3G15060,0.2741195
AT3G15070,0.07875585
AT3G15080,0.3101561
AT3G15090,0.15799537
AT3G15095,-0.50372773
AT3G15110,-0.11925524
AT3G15110,-0.11925524
AT3G15111,0.0
AT3G15120,-0.071397536
AT3G15130,-0.08186448
AT3G15140,0.12747191
AT3G15150,-0.026615765
AT3G15160,0.07388624
AT3G15170,-0.08446204
AT3G15180,0.35934108
AT3G15190,-0.41909355
AT3G15200,-0.4381
AT3G15210,0.20201276
AT3G15220,-0.23351407
AT3G15240,-0.023670152
AT3G15250,-0.00053571595
AT3G15251,0.00010396173
AT3G15260,0.07631433
AT3G15270,0.103551544
AT3G15280,-0.076257326
AT3G15290,0.16383018
AT3G15300,0.2632407
AT3G15340,0.14735007
AT3G15348,0.0
AT3G15350,-0.08640474
AT3G15351,0.07229906
AT3G15352,0.7895562
AT3G15353,-0.11174472
AT3G15354,-0.410246
AT3G15355,0.25334466
AT3G15356,1.2325878
AT3G15357,0.13872245
AT3G15359,-0.0043392535
AT3G15360,-0.13752173
AT3G15370,-0.03129877
AT3G15380,-0.10921025
AT3G15390,-0.0024330667
AT3G15395,0.006568383
AT3G15400,-0.14087033
AT3G15410,-0.1258182
AT3G15420,0.15282534
AT3G15430,0.22374572
AT3G15440,0.12454825
AT3G15450,-0.31350517
AT3G15460,0.05970101
AT3G15470,-0.08451014
AT3G15480,-0.33453086
AT3G15490,0.005314527
AT3G15500,1.0631791
AT3G15510,-0.056108482
AT3G15518,0.86209375
AT3G15520,-0.53082407
AT3G15530,-0.3963845
AT3G15534,0.56268364
AT3G15540,-0.4850378
AT3G15548,0.0
AT3G15550,-0.22890459
AT3G15570,-0.64919376
AT3G15578,0.0
AT3G15580,0.4070939
AT3G15590,0.07728004
AT3G15604,0.0
AT3G15605,-0.04504535
AT3G15610,-0.0335754
AT3G15620,-0.13874887
AT3G15630,-0.11138892
AT3G15635,-0.05163086
AT3G15640,0.046668604
AT3G15650,-0.10815212
AT3G15660,0.3195054
AT3G15670,0.0943754
AT3G15680,-0.4649274
AT3G15690,-0.09969095
AT3G15700,-0.0015399618
AT3G15710,0.08337027
AT3G15720,-0.1736684
AT3G15730,0.058645032
AT3G15740,0.0819232
AT3G15750,0.13045627
AT3G15760,0.22023931
AT3G15770,0.015505949
AT3G15780,-0.006557301
AT3G15790,-0.19812518
AT3G15800,-0.124216445
AT3G15810,0.16156329
AT3G15820,0.20779867
AT3G15830,0.08206668
AT3G15840,0.07018713
AT3G15850,-0.45375326
AT3G15860,0.018246884
AT3G15870,0.0041060993
AT3G15880,0.112343185
AT3G15890,-0.19458097
AT3G15900,0.016650358
AT3G15909,0.0
AT3G15910,0.00053270155
AT3G15920,-0.011448116
AT3G15930,-0.092997335
AT3G15940,0.090094455
AT3G15950,-0.0015815046
AT3G15960,0.012738984
AT3G15970,-0.03941744
AT3G15980,0.11023485
AT3G15990,0.3795355
AT3G16000,-0.36804718
AT3G16010,-0.09398871
AT3G16020,-0.06786316
AT3G16030,-0.14572722
AT3G16040,0.03358287
AT3G16050,0.10350605
AT3G16060,-0.24109861
AT3G16070,-0.11303054
AT3G16080,0.1516851
AT3G16090,0.07477936
AT3G16100,-0.10601582
AT3G16110,0.19310817
AT3G16117,0.0
AT3G16120,0.03760722
AT3G16130,0.0016103259
AT3G16140,-0.37263376
AT3G16150,1.2466489
AT3G16160,0.0047056633
AT3G16170,0.22148696
AT3G16175,-0.12167838
AT3G16180,-0.39897743
AT3G16190,0.17646243
AT3G16200,-0.0078545725
AT3G16210,0.13079451
AT3G16220,0.16723278
AT3G16230,-0.014724038
AT3G16240,-0.9284028
AT3G16250,-0.7978767
AT3G16260,-0.2133191
AT3G16270,0.23000063
AT3G16280,0.28172052
AT3G16290,-0.25595134
AT3G16300,0.038027722
AT3G16310,0.17917976
AT3G16320,0.0134165045
AT3G16330,1.1450361
AT3G16340,-0.02222263
AT3G16350,-0.09191601
AT3G16360,-0.38828367
AT3G16370,-1.1071787
AT3G16380,-0.055465512
AT3G16390,-0.0038152246
AT3G16400,0.3251471
AT3G16410,0.017046267
AT3G16420,0.32362962
AT3G16430,0.02033925
AT3G16432,0.0
AT3G16440,-0.055958044
AT3G16450,0.3806692
AT3G16460,0.3192096
AT3G16470,0.21992442
AT3G16480,0.12592536
AT3G16490,0.09650331
AT3G16500,0.2466922
AT3G16510,0.17277588
AT3G16520,-0.23805106
AT3G16525,9.951683e-05
AT3G16530,0.85903955
AT3G16540,0.015464318
AT3G16550,0.0
AT3G16555,0.031599335
AT3G16560,-0.08948823
AT3G16565,0.4931237
AT3G16570,-0.24186583
AT3G16580,0.00043538792
AT3G16590,0.0007146781
AT3G16600,0.014493088
AT3G16610,-0.068325765
AT3G16620,-0.0051189056
AT3G16630,-0.04747333
AT3G16640,0.14355211
AT3G16650,0.29575735
AT3G16660,-0.49095193
AT3G16670,-0.43994325
AT3G16680,0.004714327
AT3G16690,-0.45638627
AT3G16700,-0.04047628
AT3G16710,-0.082481734
AT3G16712,-0.0054205977
AT3G16720,0.2106622
AT3G16730,-0.05683367
AT3G16740,0.124804445
AT3G16750,-0.21495786
AT3G16760,0.1414073
AT3G16770,0.045914814
AT3G16780,0.002690468
AT3G16785,0.26236898
AT3G16800,-0.6335685
AT3G16810,0.16697094
AT3G16820,0.0
AT3G16830,0.06386316
AT3G16840,-0.12835047
AT3G16850,-0.38522297
AT3G16857,-0.023637282
AT3G16860,0.6338769
AT3G16870,0.25512278
AT3G16880,0.0023337672
AT3G16890,0.055976197
AT3G16895,0.0024126503
AT3G16900,0.06742327
AT3G16910,0.10608714
AT3G16920,0.2826078
AT3G16930,-0.0036896742
AT3G16940,-0.034484707
AT3G16950,-0.20884943
AT3G16960,0.0
AT3G16970,0.0
AT3G16980,0.013207213
AT3G16990,0.57632554
AT3G17000,0.28710955
AT3G17010,0.23842143
AT3G17020,0.23413911
AT3G17030,-0.04331229
AT3G17040,-0.49738514
AT3G17050,0.0
AT3G17060,0.0
AT3G17070,-0.30957994
AT3G17080,0.0
AT3G17090,0.0092582805
AT3G17100,-0.19021147
AT3G17120,-0.3082692
AT3G17130,-0.2198252
AT3G17140,0.0
AT3G17145,0.0
AT3G17152,0.0011816709
AT3G17155,0.0
AT3G17160,-0.27050275
AT3G17170,-0.22977684
AT3G17180,0.20360437
AT3G17190,0.0
AT3G17205,0.29116297
AT3G17210,-0.124443606
AT3G17220,0.001609877
AT3G17225,-0.028807333
AT3G17227,0.023235708
AT3G17230,0.00027761556
AT3G17240,0.54225785
AT3G17250,0.11745406
AT3G17261,0.0
AT3G17265,-0.03285308
AT3G17270,0.0056972285
AT3G17280,-0.17084503
AT3G17310,-0.33561233
AT3G17320,-0.0110703055
AT3G17330,-0.6342028
AT3G17340,-0.006117735
AT3G17350,-0.47823644
AT3G17360,-0.07234086
AT3G17365,0.099189445
AT3G17370,-3.0241226e-05
AT3G17380,-0.11845489
AT3G17390,-0.2615399
AT3G17400,0.03674051
AT3G17410,0.4335757
AT3G17420,0.660203
AT3G17430,0.034229096
AT3G17440,-0.02414061
AT3G17450,0.08767807
AT3G17460,-0.03972728
AT3G17465,0.00054367783
AT3G17470,-0.34351248
AT3G17480,6.3683533e-06
AT3G17490,0.0
AT3G17500,0.0
AT3G17510,-0.28473726
AT3G17520,0.21197201
AT3G17530,0.00053625647
AT3G17540,0.0
AT3G17550,0.0
AT3G17560,0.0
AT3G17570,-0.025928855
AT3G17580,-0.0073271533
AT3G17590,0.008021143
AT3G17600,0.04055123
AT3G17609,0.10918842
AT3G17611,0.29814902
AT3G17620,0.08642113
AT3G17626,0.08028137
AT3G17630,-0.15609634
AT3G17640,-0.7474497
AT3G17650,-0.26476204
AT3G17655,0.009267402
AT3G17660,-0.13653746
AT3G17670,-0.08059017
AT3G17675,-0.018342586
AT3G17680,-0.21357015
AT3G17690,0.088166416
AT3G17700,0.24510072
AT3G17710,0.046922438
AT3G17712,-0.07300404
AT3G17717,0.1656164
AT3G17720,-0.00092560524
AT3G17730,-0.060332824
AT3G17740,0.003979001
AT3G17750,-0.17255439
AT3G17760,0.027274465
AT3G17765,0.00010573755
AT3G17770,0.5020008
AT3G17780,0.30398473
AT3G17790,0.8791512
AT3G17800,0.06429457
AT3G17810,0.5689728
AT3G17820,0.6489985
AT3G17830,-0.12125074
AT3G17840,-0.25866792
AT3G17850,-0.054582607
AT3G17860,-0.009953086
AT3G17880,0.16312465
AT3G17890,0.03430509
AT3G17900,-0.11142028
AT3G17910,0.35318074
AT3G17920,-0.14475818
AT3G17930,-0.15247546
AT3G17940,0.27906543
AT3G17950,-0.15094198
AT3G17970,0.11121252
AT3G17980,0.13141733
AT3G18000,-0.27806976
AT3G18010,-0.06656465
AT3G18020,0.09726562
AT3G18030,0.1665361
AT3G18035,-0.13471095
AT3G18040,-0.16005597
AT3G18050,-0.656531
AT3G18060,0.15292928
AT3G18070,-0.2348233
AT3G18080,-0.111563936
AT3G18090,-0.43314216
AT3G18100,0.118395925
AT3G18110,-0.523578
AT3G18120,0.00042528127
AT3G18130,0.19491328
AT3G18140,0.158998
AT3G18150,-4.5022683e-05
AT3G18160,-0.16706531
AT3G18165,0.16113766
AT3G18170,0.06445901
AT3G18180,-0.029107515
AT3G18190,0.14573869
AT3G18200,-0.05759248
AT3G18210,-0.007858123
AT3G18215,-0.1039414
AT3G18220,0.0
AT3G18230,0.06565555
AT3G18235,0.038303174
AT3G18240,-0.048493624
AT3G18250,1.5600762
AT3G18260,0.048899937
AT3G18280,0.7219838
AT3G18282,-0.00016753409
AT3G18290,0.02467053
AT3G18291,0.0026393698
AT3G18295,0.086261824
AT3G18300,-0.0957146
AT3G18310,0.05083948
AT3G18320,-0.14126855
AT3G18330,-0.0050876494
AT3G18340,0.0
AT3G18350,0.103530966
AT3G18360,0.06313109
AT3G18370,-0.006945511
AT3G18380,0.13759053
AT3G18390,-0.55627906
AT3G18400,0.038972538
AT3G18410,0.3425959
AT3G18420,0.24314824
AT3G18430,0.20909892
AT3G18440,0.65137374
AT3G18450,0.016809631
AT3G18460,-0.00032420113
AT3G18470,-0.0012637657
AT3G18480,0.10508138
AT3G18485,-0.21697809
AT3G18490,0.039716832
AT3G18500,-0.19286379
AT3G18510,-0.0101987645
AT3G18518,0.0
AT3G18520,0.07769882
AT3G18524,-0.21938449
AT3G18530,-0.32389805
AT3G18535,0.012321778
AT3G18550,0.14127639
AT3G18560,0.20858327
AT3G18570,0.0026416585
AT3G18580,0.22655305
AT3G18590,0.014040889
AT3G18600,0.25978374
AT3G18610,0.17957895
AT3G18620,0.3573736
AT3G18630,-0.19247633
AT3G18640,0.063160315
AT3G18650,0.0
AT3G18660,0.14995643
AT3G18670,0.030934516
AT3G18680,-0.30114442
AT3G18690,0.21036611
AT3G18700,0.00021837451
AT3G18710,-0.5600222
AT3G18715,-0.014723432
AT3G18720,0.027312867
AT3G18730,0.03762285
AT3G18740,0.15023501
AT3G18750,-0.7322907
AT3G18760,0.22453623
AT3G18770,0.11613276
AT3G18773,-0.72321934
AT3G18775,0.0
AT3G18780,-0.16364288
AT3G18790,-0.0632309
AT3G18800,-0.44491452
AT3G18810,-0.0092956
AT3G18820,0.23880616
AT3G18830,0.83180046
AT3G18840,-0.023284664
AT3G18850,-0.409707
AT3G18860,0.264305
AT3G18870,-0.16528061
AT3G18880,-0.066631764
AT3G18890,-0.71821517
AT3G18900,-0.15633464
AT3G18905,-0.0025393225
AT3G18910,0.02204746
AT3G18915,-0.05216671
AT3G18930,0.16298497
AT3G18940,0.24578254
AT3G18950,0.97336555
AT3G18957,0.0
AT3G18960,-0.31072518
AT3G18970,-0.35581622
AT3G18980,-0.264852
AT3G18990,0.0006617208
AT3G19000,-0.2871687
AT3G19010,0.52125084
AT3G19020,0.010262792
AT3G19030,-0.3003759
AT3G19035,0.0
AT3G19040,-0.15726711
AT3G19050,-0.36597744
AT3G19055,0.0
AT3G19070,-0.003890407
AT3G19080,-0.2742179
AT3G19085,-0.008005383
AT3G19090,0.11263187
AT3G19100,0.085547864
AT3G19120,-0.10425871
AT3G19130,0.16444844
AT3G19140,0.006339891
AT3G19150,0.25406194
AT3G19160,-0.00020527457
AT3G19170,0.11150937
AT3G19180,-0.22336118
AT3G19184,0.002182352
AT3G19190,0.17853354
AT3G19200,-0.0028138778
AT3G19210,0.2374739
AT3G19220,0.0030601723
AT3G19230,-0.12026045
AT3G19240,-0.06341969
AT3G19250,0.14444448
AT3G19260,0.64447594
AT3G19270,0.52215046
AT3G19274,0.0014410348
AT3G19280,0.10368678
AT3G19290,0.039717343
AT3G19300,-0.04920342
AT3G19310,0.042755403
AT3G19320,0.030375397
AT3G19330,0.015313073
AT3G19340,-0.0087754475
AT3G19350,-0.03948896
AT3G19360,0.13274993
AT3G19370,-0.5082958
AT3G19380,-0.30282137
AT3G19390,1.0386552
AT3G19400,-0.09361583
AT3G19410,0.00010396173
AT3G19420,0.11340548
AT3G19430,-0.07586007
AT3G19440,0.06218223
AT3G19450,-0.20751925
AT3G19460,0.15551652
AT3G19470,0.037963614
AT3G19480,-0.5964762
AT3G19490,0.33067355
AT3G19500,0.013965627
AT3G19508,0.20460896
AT3G19510,0.010189504
AT3G19515,-0.31466058
AT3G19520,0.1817361
AT3G19530,0.0
AT3G19540,-0.13754196
AT3G19550,0.08597032
AT3G19552,0.15683915
AT3G19553,0.049344752
AT3G19560,-0.009755056
AT3G19565,-0.0035580462
AT3G19570,-0.49314913
AT3G19580,0.30612484
AT3G19590,-0.11166027
AT3G19600,0.00017198433
AT3G19610,0.12733519
AT3G19613,-0.049348522
AT3G19615,1.1493182
AT3G19620,0.05654852
AT3G19630,0.14358719
AT3G19640,0.2725811
AT3G19650,0.0006794913
AT3G19660,0.7178273
AT3G19663,0.052635852
AT3G19670,0.02643664
AT3G19680,-0.69458026
AT3G19690,0.003665582
AT3G19700,0.06538999
AT3G19710,-0.74349463
AT3G19720,-0.31930208
AT3G19740,0.1861186
AT3G19760,0.15664624
AT3G19770,0.1329458
AT3G19780,-0.19855542
AT3G19790,-0.08419938
AT3G19800,-0.3399469
AT3G19810,-0.07432711
AT3G19820,-0.49905798
AT3G19830,-0.013086987
AT3G19840,0.07026817
AT3G19850,-0.47686526
AT3G19860,-0.23868974
AT3G19870,0.16180563
AT3G19880,0.0
AT3G19890,0.0
AT3G19895,0.14990473
AT3G19900,0.25902668
AT3G19910,0.46851683
AT3G19920,0.5886847
AT3G19930,0.024702838
AT3G19940,0.0013707916
AT3G19950,0.20354822
AT3G19960,0.2680173
AT3G19970,0.95263857
AT3G19980,0.12660299
AT3G19990,0.3278918
AT3G20000,0.15144461
AT3G20010,-0.08241365
AT3G20015,-0.3490094
AT3G20020,-0.11486247
AT3G20030,0.0
AT3G20040,-0.15912412
AT3G20050,0.09694511
AT3G20060,0.1297435
AT3G20070,-0.35200158
AT3G20080,-0.038535774
AT3G20090,-0.22913179
AT3G20100,-0.057494316
AT3G20110,0.3362353
AT3G20120,-0.04650461
AT3G20130,-0.15114518
AT3G20140,0.015377832
AT3G20150,-0.22516456
AT3G20155,0.0028798005
AT3G20160,0.07974841
AT3G20170,0.06448038
AT3G20180,0.06393897
AT3G20190,0.01619473
AT3G20200,-0.19323726
AT3G20210,0.0057103937
AT3G20220,0.043328833
AT3G20230,-0.22138546
AT3G20240,0.11633397
AT3G20250,0.5593528
AT3G20260,-0.20327342
AT3G20270,-0.021611176
AT3G20280,0.0702569
AT3G20290,0.13799742
AT3G20300,0.118451536
AT3G20310,0.014043168
AT3G20320,-0.029127492
AT3G20330,0.2060988
AT3G20340,0.19801697
AT3G20350,-0.3269996
AT3G20360,0.026127081
AT3G20362,0.03734399
AT3G20370,0.48041677
AT3G20380,0.07123305
AT3G20390,0.20422935
AT3G20395,0.01370495
AT3G20400,-4.8815295e-05
AT3G20410,0.3699053
AT3G20420,-0.10691542
AT3G20430,-0.010697223
AT3G20440,0.037916474
AT3G20450,0.030686924
AT3G20460,-0.064786695
AT3G20470,-0.2154901
AT3G20475,0.031242313
AT3G20480,-0.17707807
AT3G20490,0.3280923
AT3G20500,0.1105263
AT3G20510,0.5313326
AT3G20520,0.005834777
AT3G20530,-0.04344766
AT3G20540,-0.09295506
AT3G20550,0.041140195
AT3G20555,0.0
AT3G20557,-0.0038608299
AT3G20560,-0.012875084
AT3G20570,-0.31758487
AT3G20580,0.008642877
AT3G20590,-0.030165328
AT3G20600,0.28240556
AT3G20610,0.0146167325
AT3G20620,0.062968455
AT3G20630,0.26048848
AT3G20640,-0.29672158
AT3G20650,0.1855335
AT3G20660,0.5322762
AT3G20670,0.33416656
AT3G20680,-0.30630916
AT3G20690,0.0033449132
AT3G20700,0.0031489232
AT3G20705,0.0
AT3G20710,0.058749903
AT3G20720,0.071650974
AT3G20730,-0.0069554
AT3G20740,-0.06426147
AT3G20750,0.0
AT3G20760,-0.0069866194
AT3G20770,0.07482815
AT3G20780,-0.16269732
AT3G20790,-0.42328402
AT3G20800,0.29428524
AT3G20810,-0.028608875
AT3G20820,-0.56038195
AT3G20830,0.18884648
AT3G20840,-0.0065184175
AT3G20850,2.6480444e-05
AT3G20860,0.3213408
AT3G20865,-0.20691769
AT3G20870,0.02000762
AT3G20880,0.004994267
AT3G20890,0.13991629
AT3G20898,0.13549139
AT3G20900,-0.07798028
AT3G20910,0.15456612
AT3G20920,0.25144228
AT3G20930,-0.26913658
AT3G20935,0.013091717
AT3G20940,-0.05613221
AT3G20950,0.0017628531
AT3G20960,0.25678578
AT3G20970,0.20102918
AT3G20980,-0.00033121463
AT3G20993,0.0
AT3G20997,0.0
AT3G21000,-0.0015726453
AT3G21055,-0.411049
AT3G21060,-0.16198091
AT3G21070,0.16650134
AT3G21080,1.0263791
AT3G21090,-0.006094742
AT3G21100,-0.16246982
AT3G21110,-0.1995096
AT3G21120,0.0
AT3G21130,0.0
AT3G21140,0.23759179
AT3G21150,0.20998245
AT3G21160,0.101622686
AT3G21165,0.0
AT3G21170,0.0004140439
AT3G21175,0.16380712
AT3G21180,0.008622975
AT3G21190,-0.31910878
AT3G21200,-0.04459648
AT3G21210,0.013290497
AT3G21215,0.024882918
AT3G21220,0.4434715
AT3G21230,0.9669897
AT3G21240,0.57181406
AT3G21250,-0.1684534
AT3G21260,-0.3465214
AT3G21270,-0.12831834
AT3G21280,0.18080631
AT3G21290,0.08206304
AT3G21295,0.14248508
AT3G21300,-0.036511663
AT3G21305,1.1256529
AT3G21310,-0.034157388
AT3G21320,0.077004395
AT3G21330,-0.17806882
AT3G21340,-0.011069969
AT3G21350,-0.11887655
AT3G21351,0.12794025
AT3G21352,0.04065821
AT3G21360,0.027409827
AT3G21370,0.002902006
AT3G21371,0.0
AT3G21380,0.00059583964
AT3G21390,-0.22993422
AT3G21400,-0.10942437
AT3G21405,0.015309464
AT3G21410,0.00084082107
AT3G21420,0.1118437
AT3G21430,-0.010656601
AT3G21450,7.269358e-05
AT3G21460,-0.7168764
AT3G21465,0.24114127
AT3G21470,-0.047436275
AT3G21473,0.0
AT3G21480,0.15204245
AT3G21490,-0.001017202
AT3G21500,1.4534942
AT3G21510,0.29085192
AT3G21520,1.7911416
AT3G21530,0.068245135
AT3G21540,0.29659215
AT3G21550,0.043756474
AT3G21560,0.10759927
AT3G21570,0.0
AT3G21580,-0.1489252
AT3G21590,0.013314592
AT3G21600,0.035778746
AT3G21620,-0.026385348
AT3G21630,0.4478957
AT3G21640,-0.0724348
AT3G21650,-0.11272002
AT3G21660,0.02998069
AT3G21670,0.19156076
AT3G21680,-0.04598175
AT3G21690,0.63672704
AT3G21700,0.97722733
AT3G21710,-0.10266487
AT3G21720,0.042465936
AT3G21730,0.00010396173
AT3G21740,0.17968398
AT3G21750,-0.06550588
AT3G21760,-0.31628254
AT3G21770,-0.3427261
AT3G21780,0.5121595
AT3G21790,0.32316893
AT3G21800,0.09294303
AT3G21810,0.27912524
AT3G21820,0.13477169
AT3G21825,0.0
AT3G21830,0.032390617
AT3G21840,0.08080929
AT3G21850,0.2353891
AT3G21860,0.07471848
AT3G21865,0.15835203
AT3G21870,-0.62005097
AT3G21880,0.002997914
AT3G21890,-0.07098166
AT3G21900,0.0
AT3G21910,0.0
AT3G21920,-4.130602e-05
AT3G21930,0.0
AT3G21933,0.0
AT3G21937,0.0
AT3G21940,0.0
AT3G21945,0.0
AT3G21950,-0.35547626
AT3G21960,-5.5409364e-05
AT3G21965,0.0
AT3G21970,0.0
AT3G21980,0.0
AT3G21985,0.0
AT3G21990,0.009416027
AT3G22000,0.0
AT3G22010,0.0
AT3G22020,0.0
AT3G22022,0.0
AT3G22030,0.0
AT3G22040,-0.024551667
AT3G22050,0.0
AT3G22053,0.0
AT3G22057,0.0
AT3G22060,0.30923855
AT3G22070,-0.2946765
AT3G22080,0.0
AT3G22085,0.0
AT3G22090,0.009706314
AT3G22100,0.11998876
AT3G22104,-0.28966847
AT3G22110,0.25785965
AT3G22120,-0.44653603
AT3G22125,-0.32097608
AT3G22142,-0.7937606
AT3G22150,-0.5518504
AT3G22160,0.86861837
AT3G22170,0.06400263
AT3G22180,0.13595726
AT3G22183,-0.19789106
AT3G22190,-0.19095285
AT3G22200,0.6897518
AT3G22210,-0.48220378
AT3G22220,0.094576545
AT3G22230,0.16106595
AT3G22231,0.72401273
AT3G22235,0.98855513
AT3G22240,1.2002009
AT3G22250,0.07769714
AT3G22260,0.45010212
AT3G22270,0.06140821
AT3G22275,-0.009957174
AT3G22280,0.0
AT3G22300,0.2509835
AT3G22310,0.34664258
AT3G22320,0.16993424
AT3G22330,0.31872657
AT3G22333,0.0
AT3G22337,0.0
AT3G22345,0.0
AT3G22350,0.10102807
AT3G22360,0.33398
AT3G22370,1.0007637
AT3G22380,-0.012164438
AT3G22400,-0.29918817
AT3G22410,0.07386609
AT3G22415,0.07876477
AT3G22420,-0.4082749
AT3G22421,0.00026171058
AT3G22425,-0.064246945
AT3G22430,0.14300714
AT3G22436,0.078721024
AT3G22440,-0.0032242523
AT3G22450,0.07431711
AT3G22460,0.3786629
AT3G22470,0.010465414
AT3G22480,0.15078266
AT3G22490,0.0031242548
AT3G22500,0.011120902
AT3G22510,0.06756257
AT3G22520,-0.12546909
AT3G22530,0.13951415
AT3G22540,0.050042506
AT3G22550,0.19178642
AT3G22560,0.9096505
AT3G22565,0.066283986
AT3G22570,-0.017382009
AT3G22580,0.0
AT3G22590,0.06000972
AT3G22600,2.475793
AT3G22620,1.5520868
AT3G22630,0.5096879
AT3G22640,-0.013841756
AT3G22650,0.0
AT3G22660,0.2157362
AT3G22670,-0.23931053
AT3G22680,0.20617935
AT3G22690,-0.039635226
AT3G22700,0.015515414
AT3G22710,0.0
AT3G22720,0.0
AT3G22723,0.0
AT3G22730,0.0
AT3G22740,0.1427125
AT3G22750,0.07248868
AT3G22760,-0.07480471
AT3G22770,0.018303039
AT3G22780,-0.2922881
AT3G22790,-0.41232643
AT3G22800,0.12709765
AT3G22810,-0.19404326
AT3G22820,-0.13107267
AT3G22830,0.14344151
AT3G22840,-0.14863598
AT3G22845,0.39085695
AT3G22850,0.6229904
AT3G22860,0.03148405
AT3G22870,0.001244568
AT3G22880,0.06920675
AT3G22890,0.13599297
AT3G22900,-0.0040145516
AT3G22910,1.2080271
AT3G22920,0.021666305
AT3G22930,0.12047188
AT3G22935,0.0022327236
AT3G22940,0.0
AT3G22942,0.16726682
AT3G22950,0.3484721
AT3G22960,-0.18391854
AT3G22961,0.07289255
AT3G22970,-0.051208485
AT3G22980,0.43989375
AT3G22990,0.19431183
AT3G23000,-0.069334365
AT3G23010,0.1648402
AT3G23020,0.028958535
AT3G23030,-0.26917762
AT3G23050,-0.50089
AT3G23060,0.052830353
AT3G23070,-0.34025773
AT3G23080,-0.21986209
AT3G23090,-0.2939073
AT3G23100,0.053522844
AT3G23110,0.1676325
AT3G23120,0.96231127
AT3G23123,0.032911036
AT3G23130,0.0
AT3G23140,0.0
AT3G23145,0.0
AT3G23150,0.30040663
AT3G23160,0.11133319
AT3G23165,0.0
AT3G23167,0.0004716216
AT3G23170,0.323212
AT3G23172,0.0
AT3G23175,-0.050859995
AT3G23180,0.02783676
AT3G23190,-0.07757993
AT3G23200,0.25791284
AT3G23210,-0.24776365
AT3G23220,0.099577546
AT3G23230,0.07284297
AT3G23240,0.95184314
AT3G23245,0.0012594633
AT3G23250,0.97003645
AT3G23255,0.01065288
AT3G23260,0.058499705
AT3G23270,0.0
AT3G23280,0.31383273
AT3G23290,0.0063834824
AT3G23300,0.0416656
AT3G23310,-0.17678753
AT3G23320,-0.0014168175
AT3G23325,0.2890142
AT3G23330,-0.00386065
AT3G23340,-0.2852353
AT3G23350,-7.268355e-05
AT3G23360,-0.011448565
AT3G23370,0.18412259
AT3G23380,0.121511534
AT3G23390,0.11759394
AT3G23400,-0.035258394
AT3G23410,-0.04978056
AT3G23420,0.0004223649
AT3G23430,-0.31971505
AT3G23440,0.03758748
AT3G23450,-0.42770976
AT3G23460,-0.007621034
AT3G23470,0.00699078
AT3G23480,-0.3322065
AT3G23490,0.13728343
AT3G23500,0.0
AT3G23530,0.32734355
AT3G23540,0.26548612
AT3G23550,0.7829505
AT3G23560,0.39321446
AT3G23570,0.79393023
AT3G23580,0.25877073
AT3G23590,-0.12320693
AT3G23600,0.52778107
AT3G23605,0.2814751
AT3G23610,-0.030487191
AT3G23620,0.19850792
AT3G23630,-0.08809182
AT3G23633,0.0
AT3G23635,0.009248682
AT3G23637,-0.008799678
AT3G23640,-0.2690619
AT3G23660,0.031992283
AT3G23670,-0.24320644
AT3G23680,0.0
AT3G23685,0.0
AT3G23690,-0.15939546
AT3G23700,-0.4105295
AT3G23710,0.031277828
AT3G23715,-5.4128235e-05
AT3G23727,0.0
AT3G23730,-0.32236323
AT3G23740,-0.22919506
AT3G23750,-0.25058618
AT3G23760,-0.5060989
AT3G23770,0.0
AT3G23780,-0.3003247
AT3G23790,0.2488924
AT3G23800,-0.08125588
AT3G23805,-0.4189198
AT3G23810,0.19427542
AT3G23820,-0.37956148
AT3G23830,0.19037233
AT3G23840,-0.5113721
AT3G23860,-0.010737843
AT3G23870,0.13719212
AT3G23880,-0.9586941
AT3G23890,-0.26990074
AT3G23900,0.0074793086
AT3G23910,-0.25993016
AT3G23920,0.3620115
AT3G23930,-0.1406458
AT3G23940,0.0022746155
AT3G23950,0.0
AT3G23955,0.023014508
AT3G23960,0.047797985
AT3G23970,-0.031185744
AT3G23980,0.03952515
AT3G23990,0.19778599
AT3G24000,-0.15612598
AT3G24010,-0.06769116
AT3G24020,-0.18088378
AT3G24030,-0.21217181
AT3G24040,-0.16389093
AT3G24050,-0.07215116
AT3G24060,-0.0127286315
AT3G24065,-0.0039938907
AT3G24068,0.010878515
AT3G24080,-0.091374576
AT3G24090,0.2851533
AT3G24093,0.012257741
AT3G24100,0.11497551
AT3G24110,-0.1681569
AT3G24120,0.09324934
AT3G24130,0.0007677782
AT3G24140,-0.28054863
AT3G24150,-0.116956554
AT3G24160,0.16180705
AT3G24170,0.55605716
AT3G24180,0.31799302
AT3G24190,-0.22095798
AT3G24200,0.30201283
AT3G24210,0.19566736
AT3G24220,0.007128731
AT3G24225,-0.0052257027
AT3G24230,0.017625462
AT3G24240,-0.016364224
AT3G24250,0.0
AT3G24255,-0.20845036
AT3G24260,0.0
AT3G24270,0.0
AT3G24280,0.02565784
AT3G24290,0.0
AT3G24300,-0.06721028
AT3G24310,0.007959331
AT3G24315,-0.03277491
AT3G24320,0.07739089
AT3G24330,0.008414993
AT3G24340,0.01675273
AT3G24350,0.10457736
AT3G24360,-0.17734122
AT3G24400,0.0
AT3G24420,-0.02957211
AT3G24430,-0.44992673
AT3G24440,0.056848925
AT3G24450,-0.26314387
AT3G24460,0.17437668
AT3G24463,-0.107679576
AT3G24465,0.0
AT3G24480,-0.3336704
AT3G24490,-0.096364066
AT3G24495,0.04618449
AT3G24500,0.035860457
AT3G24503,0.13414025
AT3G24506,-0.07904055
AT3G24508,0.0
AT3G24510,0.0044045923
AT3G24513,0.0
AT3G24514,0.0
AT3G24515,0.07663325
AT3G24516,0.085186206
AT3G24517,0.10283045
AT3G24520,-0.3298769
AT3G24530,0.04143339
AT3G24535,0.12428652
AT3G24540,0.064977854
AT3G24542,-1.9153733e-05
AT3G24550,0.019461885
AT3G24560,-0.18918459
AT3G24570,0.13087632
AT3G24575,0.007025353
AT3G24580,0.0546208
AT3G24590,-0.14216338
AT3G24600,0.013341233
AT3G24605,-4.8820213e-05
AT3G24610,0.0
AT3G24620,0.0
AT3G24630,-0.111026384
AT3G24640,0.0004818159
AT3G24650,-0.00680683
AT3G24660,-0.2162853
AT3G24670,-0.12714593
AT3G24690,0.0
AT3G24700,0.0
AT3G24710,0.0
AT3G24715,-0.2743533
AT3G24730,0.16023946
AT3G24740,0.1523643
AT3G24750,0.05623679
AT3G24760,0.045788627
AT3G24770,-0.1082947
AT3G24780,-0.08455485
AT3G24790,0.00010330631
AT3G24800,-0.042149343
AT3G24810,0.03935442
AT3G24820,0.012709288
AT3G24830,0.017456053
AT3G24840,0.31267196
AT3G24850,0.013559183
AT3G24860,0.1845738
AT3G24870,-0.021585368
AT3G24880,0.16143839
AT3G24890,0.0067290524
AT3G24900,0.43113643
AT3G24929,0.069882914
AT3G24982,1.0169008
AT3G25010,0.8149695
AT3G25011,-0.016073206
AT3G25012,0.0005668194
AT3G25013,-0.1917726
AT3G25014,0.0012826857
AT3G25020,0.38869673
AT3G25030,-0.3927833
AT3G25040,0.046151206
AT3G25050,0.00049658364
AT3G25060,0.14705157
AT3G25070,0.1177442
AT3G25080,-0.0027496994
AT3G25090,0.00010573755
AT3G25100,-0.14350905
AT3G25110,-0.12282393
AT3G25120,0.14172393
AT3G25130,-0.23923218
AT3G25140,-0.2093947
AT3G25150,0.01513709
AT3G25160,0.0040395027
AT3G25165,0.0009935361
AT3G25170,0.002052227
AT3G25180,1.5203062
AT3G25182,0.0
AT3G25190,-0.12067531
AT3G25200,0.0
AT3G25210,-0.035622157
AT3G25220,0.41012108
AT3G25221,0.049237683
AT3G25230,0.027591323
AT3G25240,0.19074449
AT3G25250,1.53203
AT3G25260,0.0030127305
AT3G25265,0.0
AT3G25270,-0.00033121463
AT3G25280,-0.0034930008
AT3G25290,0.36912355
AT3G25400,-0.075977765
AT3G25410,-0.21807419
AT3G25420,-0.0006190904
AT3G25430,0.039224796
AT3G25440,-0.023242205
AT3G25460,0.00028496265
AT3G25470,0.028424209
AT3G25480,-0.1601171
AT3G25490,0.69155073
AT3G25493,-0.06394061
AT3G25500,-0.42634177
AT3G25505,-0.0063688997
AT3G25510,0.11532266
AT3G25520,0.036051866
AT3G25530,-0.27432412
AT3G25540,0.03296839
AT3G25545,0.17436866
AT3G25550,0.024258086
AT3G25560,-0.12050775
AT3G25570,0.119124204
AT3G25573,0.4149678
AT3G25577,0.14352027
AT3G25580,-0.00491995
AT3G25585,0.061479323
AT3G25590,-0.25264478
AT3G25597,0.52012825
AT3G25600,0.09917383
AT3G25610,0.8158605
AT3G25620,0.2008208
AT3G25640,0.3363793
AT3G25650,0.0
AT3G25655,0.3604487
AT3G25660,-0.27655068
AT3G25670,-0.3063071
AT3G25680,-0.11403304
AT3G25690,-0.42328587
AT3G25710,-0.4663356
AT3G25716,0.0
AT3G25717,-0.35105252
AT3G25719,0.20228674
AT3G25720,0.011977933
AT3G25727,0.0
AT3G25730,0.16111891
AT3G25740,-0.13514903
AT3G25750,0.0
AT3G25760,0.022585763
AT3G25770,0.062454563
AT3G25780,1.1098636
AT3G25790,-0.111556485
AT3G25800,0.30441028
AT3G25805,-0.3594237
AT3G25810,-0.00022066702
AT3G25820,-0.06406377
AT3G25830,0.015653178
AT3G25840,-0.1611848
AT3G25850,0.0
AT3G25855,-0.10614807
AT3G25860,-0.2066624
AT3G25870,0.70228106
AT3G25880,-0.023420254
AT3G25882,1.1347847
AT3G25890,0.38909313
AT3G25900,0.8333029
AT3G25905,-0.06912124
AT3G25910,0.12425649
AT3G25920,-0.60379267
AT3G25930,-0.05863637
AT3G25940,0.16145055
AT3G25950,0.71932125
AT3G25960,0.054238167
AT3G25970,-0.013199306
AT3G25980,-0.17510016
AT3G25990,0.08285657
AT3G26000,-0.034367103
AT3G26010,-0.001428729
AT3G26020,0.30703363
AT3G26030,-0.12157377
AT3G26040,0.051730443
AT3G26050,0.0011368786
AT3G26060,-0.67697847
AT3G26070,-0.26168537
AT3G26080,0.19007999
AT3G26085,-0.23794155
AT3G26090,0.508246
AT3G26100,0.36011046
AT3G26110,-0.0016558281
AT3G26115,0.00931398
AT3G26120,0.027965475
AT3G26125,0.16491972
AT3G26130,0.057376623
AT3G26135,0.14701626
AT3G26140,-0.045959275
AT3G26147,0.0
AT3G26150,-0.0058067357
AT3G26160,0.01704102
AT3G26170,0.7012786
AT3G26180,0.36145157
AT3G26190,0.9643405
AT3G26200,1.0796976
AT3G26210,0.6348393
AT3G26220,0.33154932
AT3G26230,0.056589697
AT3G26235,-0.0898098
AT3G26237,0.00012557307
AT3G26240,-0.14866243
AT3G26250,0.0007366024
AT3G26270,0.00017825486
AT3G26280,0.03915124
AT3G26290,0.45298532
AT3G26300,-0.4952344
AT3G26310,-0.61497116
AT3G26320,-0.51597005
AT3G26330,0.18006746
AT3G26340,0.5504341
AT3G26350,-0.16973166
AT3G26355,0.0
AT3G26360,0.2796456
AT3G26370,0.0717207
AT3G26380,0.07399814
AT3G26390,0.0031489232
AT3G26395,0.12688261
AT3G26400,0.134858
AT3G26410,0.25184545
AT3G26420,0.26576027
AT3G26430,0.31563923
AT3G26440,1.0170103
AT3G26445,-0.23029591
AT3G26450,-0.4846856
AT3G26460,0.06930813
AT3G26470,0.85168624
AT3G26480,-0.045318957
AT3G26490,-0.25931957
AT3G26500,0.41373152
AT3G26510,-0.26713517
AT3G26512,-0.13917717
AT3G26520,-0.14820729
AT3G26539,-0.09841119
AT3G26540,-0.1280978
AT3G26550,-0.008560542
AT3G26560,0.045544196
AT3G26570,-0.3716677
AT3G26580,0.21172269
AT3G26590,0.333276
AT3G26600,0.444766
AT3G26610,-0.052045453
AT3G26616,-0.0009382477
AT3G26618,-0.060884893
AT3G26620,0.009166614
AT3G26630,-0.08173459
AT3G26640,0.12315152
AT3G26650,-0.474625
AT3G26660,0.003340794
AT3G26670,0.4541551
AT3G26680,0.036051895
AT3G26690,0.70018816
AT3G26700,-0.20481797
AT3G26710,-0.28871784
AT3G26720,-0.09988527
AT3G26730,0.013108494
AT3G26740,0.2736786
AT3G26742,0.06231105
AT3G26744,-0.04598163
AT3G26750,-0.053743385
AT3G26760,-0.21535306
AT3G26770,0.052280888
AT3G26780,0.05638006
AT3G26782,0.025493624
AT3G26790,0.03672854
AT3G26800,0.0018099508
AT3G26810,0.15993989
AT3G26820,0.2317991
AT3G26830,2.9472613
AT3G26840,1.3306018
AT3G26850,-0.07790239
AT3G26855,0.024941418
AT3G26860,0.0
AT3G26870,0.0
AT3G26880,0.00028496265
AT3G26890,-0.18587147
AT3G26900,-0.3232005
AT3G26910,0.42346942
AT3G26920,-0.024690663
AT3G26922,-0.08516228
AT3G26930,0.028381905
AT3G26932,-0.5773257
AT3G26934,0.00017970966
AT3G26935,-0.12729752
AT3G26940,0.11900096
AT3G26950,-0.17999129
AT3G26960,-0.4886263
AT3G26980,-0.077752024
AT3G26990,-0.0866762
AT3G27000,0.24397822
AT3G27010,0.06387428
AT3G27020,0.021131666
AT3G27025,-0.029113779
AT3G27027,-0.27966926
AT3G27030,-0.19845225
AT3G27040,0.0030691342
AT3G27050,-0.31967455
AT3G27060,0.03659109
AT3G27070,0.0029341187
AT3G27080,0.14693198
AT3G27090,-0.030126613
AT3G27100,0.11260481
AT3G27110,0.24974808
AT3G27120,0.042869955
AT3G27140,0.0
AT3G27150,0.028543543
AT3G27160,-0.43812612
AT3G27170,-0.406296
AT3G27180,0.024614012
AT3G27185,0.0034454006
AT3G27190,0.36797333
AT3G27200,0.123777755
AT3G27210,0.3781588
AT3G27220,0.034697704
AT3G27230,-0.033984147
AT3G27240,0.36263752
AT3G27250,-0.2118342
AT3G27260,0.08689309
AT3G27270,0.22190323
AT3G27280,0.26763266
AT3G27283,0.0
AT3G27290,0.13300073
AT3G27300,0.26929826
AT3G27310,0.23405562
AT3G27320,0.0044958987
AT3G27325,0.1818415
AT3G27329,0.0
AT3G27330,0.6618777
AT3G27331,0.0
AT3G27340,0.051759858
AT3G27350,-0.24555902
AT3G27355,0.017132403
AT3G27380,0.8087044
AT3G27390,0.03169227
AT3G27400,0.23813541
AT3G27410,0.15634963
AT3G27415,0.34081668
AT3G27416,0.16964051
AT3G27420,-0.031516675
AT3G27425,0.0
AT3G27430,0.37353808
AT3G27440,0.27436885
AT3G27460,-0.068938024
AT3G27473,0.06757739
AT3G27475,-0.121052325
AT3G27480,0.0006974045
AT3G27490,-0.007745964
AT3G27495,-0.020655876
AT3G27500,-0.2062185
AT3G27503,-0.06320417
AT3G27510,0.04858806
AT3G27520,-0.12017208
AT3G27530,0.04247038
AT3G27540,0.15957336
AT3G27550,0.03828246
AT3G27560,-0.0075002345
AT3G27570,0.19265184
AT3G27580,0.03727227
AT3G27590,-0.005601633
AT3G27600,0.0065158275
AT3G27610,0.25989625
AT3G27620,-0.080281235
AT3G27630,0.13042346
AT3G27640,-0.06473543
AT3G27650,-0.14992054
AT3G27660,0.10223671
AT3G27670,-0.022106256
AT3G27680,0.0
AT3G27690,-1.210189
AT3G27700,0.18954423
AT3G27710,-0.091069825
AT3G27720,0.00064307556
AT3G27730,-0.0066290507
AT3G27740,0.15441471
AT3G27750,-0.2659446
AT3G27770,-0.08415391
AT3G27785,0.00022709902
AT3G27809,0.050461214
AT3G27810,0.29726297
AT3G27820,0.059511807
AT3G27830,-0.3526236
AT3G27831,-0.06862972
AT3G27835,0.0
AT3G27840,0.0
AT3G27850,-0.5171416
AT3G27860,-0.04096148
AT3G27870,0.038356908
AT3G27880,0.44880006
AT3G27890,0.46064243
AT3G27900,-0.041884772
AT3G27906,-0.36052966
AT3G27910,0.0005231712
AT3G27920,-0.028692165
AT3G27925,-0.14102826
AT3G27930,0.043608084
AT3G27940,-0.059803527
AT3G27950,-0.031098176
AT3G27960,-0.066520065
AT3G27970,-0.13915983
AT3G27980,0.05267336
AT3G27999,0.0
AT3G28007,0.58706963
AT3G28020,0.0
AT3G28030,-0.061646093
AT3G28040,-0.4216561
AT3G28050,0.15928109
AT3G28060,-0.046821162
AT3G28070,-0.54984766
AT3G28080,-0.5288105
AT3G28100,0.31555188
AT3G28120,0.023442766
AT3G28130,-0.40165877
AT3G28140,-0.049136907
AT3G28150,0.062653735
AT3G28155,0.026458077
AT3G28170,0.007985343
AT3G28180,-0.23708312
AT3G28190,0.0045146123
AT3G28193,0.0
AT3G28200,-0.31987506
AT3G28210,1.8640893
AT3G28216,0.00014650499
AT3G28220,-0.07955286
AT3G28223,0.0
AT3G28230,-0.0007225005
AT3G28243,0.0
AT3G28250,-3.0241226e-05
AT3G28270,0.007946416
AT3G28280,0.0
AT3G28290,0.0
AT3G28291,-0.00085557473
AT3G28300,0.030720081
AT3G28310,-0.12073263
AT3G28330,0.047779735
AT3G28335,0.02494238
AT3G28340,0.68724096
AT3G28345,-0.37650415
AT3G28360,-0.022802379
AT3G28370,-0.12704833
AT3G28380,0.011466675
AT3G28390,-0.00020807733
AT3G28410,0.0
AT3G28415,0.00086731726
AT3G28420,-0.22987092
AT3G28430,0.060951516
AT3G28450,0.21465558
AT3G28455,-0.11428771
AT3G28460,-0.29183263
AT3G28470,0.004109937
AT3G28480,0.575728
AT3G28490,0.0
AT3G28500,0.3298708
AT3G28510,0.7587633
AT3G28520,0.0042765434
AT3G28530,0.0
AT3G28540,0.4123549
AT3G28550,-0.102678105
AT3G28560,0.08303108
AT3G28570,0.18291438
AT3G28580,1.293553
AT3G28590,0.0045859306
AT3G28600,0.3031879
AT3G28610,0.10196633
AT3G28620,0.016219154
AT3G28630,-0.026549118
AT3G28635,-0.0064132363
AT3G28640,-0.052407186
AT3G28650,-0.33533615
AT3G28660,-0.01494484
AT3G28670,0.15998346
AT3G28674,0.0
AT3G28680,0.0
AT3G28690,0.084383585
AT3G28700,0.235389
AT3G28710,0.12593463
AT3G28715,0.22856013
AT3G28720,0.18219833
AT3G28730,0.06612521
AT3G28740,0.42406803
AT3G28750,-0.08178411
AT3G28760,-0.115559444
AT3G28770,-0.15206265
AT3G28780,0.0003754584
AT3G28785,-4.8815295e-05
AT3G28790,0.00021493694
AT3G28810,-0.00043517636
AT3G28820,0.0
AT3G28830,-0.0063460553
AT3G28840,0.034776907
AT3G28850,0.27661607
AT3G28853,0.0
AT3G28857,-0.07380676
AT3G28860,-0.6761961
AT3G28870,0.0
AT3G28875,-0.0015151659
AT3G28880,-0.12758964
AT3G28890,0.72415644
AT3G28899,0.015532926
AT3G28900,-0.008916909
AT3G28910,-0.51524246
AT3G28917,-0.017068526
AT3G28918,0.0
AT3G28920,-0.12937753
AT3G28922,0.0
AT3G28925,-0.015184416
AT3G28930,1.579962
AT3G28940,0.35530272
AT3G28950,0.39465222
AT3G28956,0.010074832
AT3G28958,0.00027511595
AT3G28960,-0.33155552
AT3G28970,-0.018382896
AT3G28980,0.05403414
AT3G28990,0.0031489232
AT3G29000,0.4369618
AT3G29010,0.1460746
AT3G29020,0.011808765
AT3G29030,-0.8831939
AT3G29033,0.0
AT3G29034,0.75232404
AT3G29035,0.17419212
AT3G29040,0.0
AT3G29050,0.0
AT3G29060,0.009236414
AT3G29070,-4.130602e-05
AT3G29075,0.023301823
AT3G29080,-0.0057402155
AT3G29090,0.18776669
AT3G29100,0.08775335
AT3G29110,-0.006271516
AT3G29130,-0.07885631
AT3G29140,0.022015668
AT3G29152,0.0
AT3G29160,0.33695367
AT3G29170,0.30703104
AT3G29173,0.03916954
AT3G29180,-0.01931959
AT3G29185,-0.465679
AT3G29190,0.077712834
AT3G29200,0.29204887
AT3G29230,0.029587429
AT3G29240,-0.026856551
AT3G29250,1.4447848
AT3G29255,0.0015590282
AT3G29260,0.0
AT3G29270,0.22478867
AT3G29280,-0.34199926
AT3G29290,-0.27699852
AT3G29300,-0.0035452791
AT3G29305,0.0
AT3G29310,0.035370797
AT3G29320,-0.33957723
AT3G29330,0.24210012
AT3G29340,0.041171256
AT3G29350,0.07537165
AT3G29360,0.08324718
AT3G29370,-0.30756566
AT3G29375,-0.17489429
AT3G29380,0.011777987
AT3G29385,0.0
AT3G29390,-0.08869379
AT3G29400,0.16364624
AT3G29410,-0.042012773
AT3G29430,-0.011935532
AT3G29450,0.0
AT3G29455,0.0
AT3G29560,0.0
AT3G29570,0.00017268686
AT3G29575,0.6767854
AT3G29580,0.002432445
AT3G29590,0.030333245
AT3G29630,8.118411e-05
AT3G29631,-0.56890476
AT3G29633,-0.007935571
AT3G29635,-0.0043050805
AT3G29636,0.00021837451
AT3G29637,-0.0367453
AT3G29638,0.112914436
AT3G29639,-0.32218787
AT3G29645,0.00020999376
AT3G29670,-0.5586727
AT3G29680,-0.28834048
AT3G29690,-0.006823636
AT3G29720,0.0
AT3G29740,0.0
AT3G29750,0.0
AT3G29760,-0.059677456
AT3G29763,0.00064307556
AT3G29765,0.0036069087
AT3G29770,-0.2077524
AT3G29780,-0.01794801
AT3G29785,0.0
AT3G29790,0.0
AT3G29791,0.0008920134
AT3G29794,0.0031489232
AT3G29796,0.0
AT3G29797,0.0
AT3G29800,0.0
AT3G29810,0.31000495
AT3G29830,0.0
AT3G29970,0.0054819593
AT3G30160,0.026954148
AT3G30165,0.0
AT3G30180,0.5538781
AT3G30200,0.0030078187
AT3G30210,-0.012103696
AT3G30220,0.0
AT3G30222,0.0
AT3G30230,0.0
AT3G30235,0.0
AT3G30247,0.0
AT3G30260,0.00014946843
AT3G30280,0.0
AT3G30290,0.009634402
AT3G30300,-0.3218584
AT3G30305,-0.06409464
AT3G30320,0.0
AT3G30340,0.02549736
AT3G30350,-0.028252222
AT3G30370,0.0
AT3G30380,0.12729947
AT3G30383,0.0
AT3G30385,-0.008441553
AT3G30390,0.39957234
AT3G30430,0.0
AT3G30460,0.026114969
AT3G30520,1.4501961e-05
AT3G30525,0.0031489232
AT3G30530,0.013400927
AT3G30540,0.0
AT3G30580,0.0001315058
AT3G30705,0.0
AT3G30714,0.0
AT3G30720,-0.3646537
AT3G30725,0.0075349244
AT3G30730,-0.014485999
AT3G30739,0.0001569506
AT3G30770,-0.015582084
AT3G30775,0.6491474
AT3G30805,0.0
AT3G30820,0.0
AT3G30823,0.20485108
AT3G30840,0.0
AT3G30841,-0.05222857
AT3G30842,0.16324948
AT3G30845,0.0
AT3G30875,0.0
AT3G31350,0.0
AT3G31402,0.0
AT3G31430,0.0
AT3G31550,0.0
AT3G31560,0.0
AT3G31900,0.0
AT3G31910,0.0
AT3G31925,0.0
AT3G31950,0.0
AT3G31960,0.0
AT3G32030,-0.036520347
AT3G32040,-0.008307317
AT3G32047,0.023206977
AT3G32050,-0.012385964
AT3G32090,0.0
AT3G32130,0.0
AT3G32150,0.0
AT3G32160,0.0
AT3G32180,0.0
AT3G32190,0.00028544723
AT3G32200,0.00010769871
AT3G32260,0.0
AT3G32280,0.0
AT3G32330,0.0
AT3G32380,0.0
AT3G32400,-0.03777004
AT3G32410,0.0
AT3G32420,0.0
AT3G32896,0.0
AT3G32904,0.0
AT3G32920,0.0143655585
AT3G32930,-0.18247782
AT3G32940,0.06726902
AT3G32960,0.0
AT3G32980,0.44820234
AT3G33187,0.0
AT3G33293,0.0
AT3G33393,0.0
AT3G33494,0.0
AT3G33520,-0.018401805
AT3G33528,0.107126154
AT3G33530,0.13458988
AT3G36659,0.0010518276
AT3G41762,0.36566174
AT3G42050,0.20549317
AT3G42060,0.0
AT3G42075,0.0
AT3G42130,0.0
AT3G42140,0.0
AT3G42148,0.0
AT3G42150,0.12029775
AT3G42153,0.00030673324
AT3G42155,0.0
AT3G42160,0.0
AT3G42170,-0.13352701
AT3G42180,0.51031804
AT3G42310,0.0
AT3G42390,0.0
AT3G42473,0.0
AT3G42550,-0.009738768
AT3G42560,0.0
AT3G42565,0.0
AT3G42570,0.024829086
AT3G42628,-0.010451266
AT3G42630,0.14129357
AT3G42640,-0.11793375
AT3G42660,-0.033206258
AT3G42670,-0.38632956
AT3G42722,0.0
AT3G42723,0.0
AT3G42725,-0.057497952
AT3G42770,0.0
AT3G42780,0.0
AT3G42786,0.0
AT3G42790,0.20233625
AT3G42800,-0.09513934
AT3G42830,-0.00043517636
AT3G42850,-0.0626753
AT3G42860,0.1698217
AT3G42870,-3.137753e-05
AT3G42880,0.0
AT3G42940,0.0
AT3G42950,0.2817773
AT3G42960,0.006234638
AT3G42990,0.0
AT3G42995,0.0004124708
AT3G43083,0.0
AT3G43110,-0.019929705
AT3G43120,0.0
AT3G43148,0.07300044
AT3G43150,0.0026213764
AT3G43153,0.0
AT3G43160,7.269358e-05
AT3G43170,0.0
AT3G43180,0.0
AT3G43190,0.08323856
AT3G43210,0.19261938
AT3G43220,-0.048496407
AT3G43230,0.30764535
AT3G43240,0.25502437
AT3G43250,1.4224441
AT3G43260,0.0
AT3G43270,0.07871684
AT3G43280,0.0
AT3G43290,0.0
AT3G43291,0.00019578324
AT3G43300,0.118621476
AT3G43340,-0.076208286
AT3G43400,0.0
AT3G43410,0.0
AT3G43415,0.0
AT3G43420,-0.0013293909
AT3G43430,-0.06756046
AT3G43432,0.0
AT3G43440,0.36766985
AT3G43470,0.0
AT3G43480,-0.0022384438
AT3G43490,0.0
AT3G43500,0.0
AT3G43503,0.0
AT3G43505,0.00021493694
AT3G43520,0.35469973
AT3G43530,0.0
AT3G43540,-0.37830782
AT3G43550,0.0
AT3G43570,0.0
AT3G43572,-0.0010924173
AT3G43574,-9.105551e-06
AT3G43580,0.13523635
AT3G43583,0.0
AT3G43590,-0.006555211
AT3G43600,-0.37163454
AT3G43610,-0.2976137
AT3G43630,0.0
AT3G43645,0.0
AT3G43660,-0.00043517636
AT3G43670,-0.017558523
AT3G43682,0.0
AT3G43700,-0.0025036065
AT3G43710,0.0062242686
AT3G43720,-0.479041
AT3G43740,0.07409148
AT3G43750,0.00028496265
AT3G43790,-0.03480345
AT3G43800,-0.4011607
AT3G43810,0.080424376
AT3G43833,0.0
AT3G43837,-4.130602e-05
AT3G43840,0.04295901
AT3G43850,-0.11808445
AT3G43860,0.00030560253
AT3G43870,0.0074108997
AT3G43880,0.0
AT3G43890,-0.014619175
AT3G43910,0.0
AT3G43920,-0.3433686
AT3G43930,-0.13258575
AT3G43940,0.0
AT3G43950,-0.00043517636
AT3G43960,-0.28280252
AT3G43970,0.008124649
AT3G43980,0.07885297
AT3G43990,0.0005795334
AT3G44006,0.0023631668
AT3G44020,-0.3253648
AT3G44050,-0.20554619
AT3G44060,0.022950072
AT3G44070,0.0
AT3G44080,0.0
AT3G44090,0.0
AT3G44100,0.36800402
AT3G44110,0.0750332
AT3G44115,0.0
AT3G44120,-0.101960436
AT3G44130,0.0
AT3G44140,0.0013175902
AT3G44150,0.15440114
AT3G44160,-0.07633042
AT3G44170,0.0
AT3G44180,0.0
AT3G44190,0.048717573
AT3G44200,-0.18858045
AT3G44210,-3.0241226e-05
AT3G44220,-0.25363022
AT3G44230,0.0
AT3G44235,0.0
AT3G44240,-0.00043517636
AT3G44250,-3.137753e-05
AT3G44260,-0.17731746
AT3G44261,0.0
AT3G44265,0.011987581
AT3G44280,0.245369
AT3G44290,0.06027944
AT3G44300,2.3667412
AT3G44310,0.44183657
AT3G44320,0.7406382
AT3G44326,0.8365034
AT3G44330,0.22904624
AT3G44340,0.1745556
AT3G44350,-0.07494565
AT3G44370,0.2676611
AT3G44380,-0.14629307
AT3G44400,0.24506983
AT3G44405,0.00903944
AT3G44428,0.0
AT3G44430,0.004101761
AT3G44435,0.0051073753
AT3G44440,-0.059784506
AT3G44450,0.06671107
AT3G44460,0.032127734
AT3G44480,0.018339198
AT3G44485,0.013460709
AT3G44490,0.0031677799
AT3G44510,-0.03185013
AT3G44530,0.10432589
AT3G44540,0.36916012
AT3G44550,0.54446477
AT3G44555,0.0011211353
AT3G44560,0.13180138
AT3G44570,0.0023435946
AT3G44580,-0.010656957
AT3G44590,0.29344085
AT3G44600,0.025578093
AT3G44610,-0.3872302
AT3G44620,0.014136888
AT3G44630,-0.21045238
AT3G44635,0.0088003
AT3G44660,0.021397892
AT3G44665,-0.0037001858
AT3G44670,-0.17171387
AT3G44680,0.07193251
AT3G44690,-0.16293208
AT3G44695,0.010343597
AT3G44700,0.0063256407
AT3G44703,0.0010526542
AT3G44704,0.00011097522
AT3G44710,-0.006586445
AT3G44713,-0.049585287
AT3G44716,-0.18310426
AT3G44718,0.0
AT3G44720,1.0157608
AT3G44730,-0.08486649
AT3G44735,-0.51741433
AT3G44740,-0.035594244
AT3G44750,0.20565665
AT3G44753,-0.05180239
AT3G44755,0.00014778435
AT3G44760,0.024394326
AT3G44763,0.031497248
AT3G44766,0.026376056
AT3G44769,0.035803203
AT3G44770,0.11118987
AT3G44780,0.0
AT3G44785,0.0
AT3G44790,-0.041855242
AT3G44800,0.02165098
AT3G44805,0.01402421
AT3G44810,0.0
AT3G44820,0.06572269
AT3G44830,0.7342925
AT3G44840,0.0028933263
AT3G44850,0.023704452
AT3G44860,0.9850911
AT3G44870,0.13929556
AT3G44880,0.583615
AT3G44890,-0.572899
AT3G44900,-0.0044970764
AT3G44910,0.0
AT3G44920,0.0
AT3G44930,0.0
AT3G44935,0.0
AT3G44940,-0.25562057
AT3G44950,-6.161876e-05
AT3G44960,-0.275502
AT3G44970,0.097812004
AT3G44980,0.0
AT3G44990,0.002381387
AT3G45000,-0.00035143897
AT3G45010,0.43102512
AT3G45020,-0.09502108
AT3G45030,-0.06464873
AT3G45040,0.41624716
AT3G45050,-0.09100468
AT3G45060,2.382504
AT3G45070,0.015566004
AT3G45080,-0.0050493935
AT3G45090,0.116966374
AT3G45093,0.0025380182
AT3G45100,-0.026078695
AT3G45110,-0.007306866
AT3G45130,1.7384934
AT3G45140,0.19753455
AT3G45150,-0.00043517636
AT3G45160,-0.8280305
AT3G45170,0.0
AT3G45180,-0.01699855
AT3G45190,0.033140346
AT3G45200,0.0
AT3G45210,-0.0031521635
AT3G45220,0.0
AT3G45230,-0.37262943
AT3G45240,0.2423101
AT3G45243,0.0
AT3G45245,0.0005387742
AT3G45248,0.0
AT3G45252,0.0
AT3G45260,0.0050532063
AT3G45275,0.0
AT3G45280,0.07427317
AT3G45285,0.0
AT3G45290,-0.46646234
AT3G45300,0.46871898
AT3G45310,0.2005095
AT3G45320,0.0011783844
AT3G45330,-0.04394488
AT3G45390,-0.08054168
AT3G45400,-0.07643484
AT3G45410,0.28753477
AT3G45420,-0.17375004
AT3G45430,-0.20752703
AT3G45440,0.004111186
AT3G45443,-0.06426655
AT3G45450,0.0003203997
AT3G45460,0.0
AT3G45470,0.0
AT3G45480,0.0
AT3G45490,0.017920097
AT3G45500,0.0
AT3G45510,0.0
AT3G45525,0.0
AT3G45530,-0.0024347787
AT3G45540,0.012223874
AT3G45555,0.0031489232
AT3G45560,0.017999502
AT3G45570,0.0003931664
AT3G45577,-1.0511432e-05
AT3G45580,0.0
AT3G45590,0.20856512
AT3G45600,0.03271192
AT3G45610,-0.41277424
AT3G45620,0.6332562
AT3G45630,0.052716598
AT3G45640,-0.13194902
AT3G45645,0.0
AT3G45650,-0.35964158
AT3G45660,-0.037884757
AT3G45670,0.09813285
AT3G45673,0.0
AT3G45680,-0.052501056
AT3G45690,-1.861758e-05
AT3G45700,-0.06814217
AT3G45710,-0.13157323
AT3G45720,0.005412995
AT3G45730,0.056308195
AT3G45740,-0.057426054
AT3G45750,0.03778439
AT3G45760,-0.0029294128
AT3G45770,0.03157991
AT3G45780,-0.42186204
AT3G45790,0.0009637807
AT3G45800,0.0032598984
AT3G45810,0.0
AT3G45820,0.0
AT3G45830,0.11526288
AT3G45840,-0.0072645945
AT3G45850,-0.6864153
AT3G45851,0.0
AT3G45860,-0.0035403823
AT3G45870,0.08288824
AT3G45880,0.12603034
AT3G45890,-0.24237451
AT3G45900,-0.12926675
AT3G45910,0.0
AT3G45920,0.0010647217
AT3G45940,-0.18845162
AT3G45950,0.00014784583
AT3G45960,-0.39143407
AT3G45970,-0.24874465
AT3G45980,-0.083241604
AT3G45990,0.0
AT3G46000,0.38625515
AT3G46010,0.13279288
AT3G46020,-0.025591092
AT3G46030,0.088485464
AT3G46040,0.16557944
AT3G46050,0.0
AT3G46060,0.26427764
AT3G46070,0.09854104
AT3G46080,1.5123867
AT3G46086,0.0026460742
AT3G46090,0.21837181
AT3G46100,-0.2049087
AT3G46110,0.45474812
AT3G46120,0.0
AT3G46130,-0.5781914
AT3G46140,0.019429496
AT3G46150,0.09607663
AT3G46160,-0.031271577
AT3G46170,0.03149069
AT3G46180,-0.03610243
AT3G46190,0.013205397
AT3G46200,-0.059005253
AT3G46210,0.11884007
AT3G46220,0.14868222
AT3G46230,1.1807003
AT3G46240,-4.130602e-05
AT3G46260,0.21907914
AT3G46270,-0.03386603
AT3G46280,1.1749442
AT3G46290,0.09930698
AT3G46300,0.08473923
AT3G46310,-0.0072453613
AT3G46330,-0.037281442
AT3G46340,0.030247383
AT3G46350,0.0
AT3G46355,0.0
AT3G46360,0.0
AT3G46370,-0.57835025
AT3G46380,0.024946656
AT3G46390,0.0
AT3G46400,-0.023820888
AT3G46410,0.00027875364
AT3G46420,0.00011097522
AT3G46430,0.041562263
AT3G46440,0.69896543
AT3G46450,0.12979493
AT3G46460,0.15765607
AT3G46470,-0.00085557473
AT3G46480,0.2221797
AT3G46490,-0.47838533
AT3G46500,0.045252837
AT3G46510,0.2431252
AT3G46520,0.29188454
AT3G46530,-0.1751918
AT3G46540,0.021438554
AT3G46550,-0.3496364
AT3G46560,0.36824843
AT3G46565,0.0
AT3G46570,0.0
AT3G46580,-0.42622995
AT3G46590,-0.1503954
AT3G46600,-0.03953247
AT3G46610,-0.19224326
AT3G46613,0.046484377
AT3G46616,0.10088697
AT3G46617,-0.013796355
AT3G46620,0.27757326
AT3G46630,-0.18797672
AT3G46640,0.2669503
AT3G46650,0.40053594
AT3G46660,2.388147
AT3G46666,0.0099329315
AT3G46670,1.2348276
AT3G46680,0.8430195
AT3G46690,0.94599104
AT3G46700,0.4367893
AT3G46710,-0.015449155
AT3G46720,-0.003273378
AT3G46730,0.10915546
AT3G46735,-0.026611626
AT3G46740,-0.07541128
AT3G46750,-0.0050571933
AT3G46760,-0.0066608256
AT3G46770,-0.084841095
AT3G46780,-0.7818644
AT3G46790,0.05337223
AT3G46800,-0.0056837946
AT3G46810,-0.012882714
AT3G46820,-0.054892153
AT3G46830,0.046637114
AT3G46840,0.00021643797
AT3G46845,0.22599335
AT3G46850,0.0
AT3G46860,0.0
AT3G46870,0.010635532
AT3G46880,-0.31603104
AT3G46890,-0.08071347
AT3G46900,-0.21644591
AT3G46910,0.0048890286
AT3G46920,0.12502488
AT3G46930,0.44929627
AT3G46940,-0.08206593
AT3G46950,0.036089975
AT3G46960,-0.051868737
AT3G46970,-0.060201537
AT3G46980,0.106361724
AT3G46990,-0.34252566
AT3G47000,-0.12055139
AT3G47010,-0.2727035
AT3G47020,0.0
AT3G47030,-0.12659675
AT3G47040,0.2247754
AT3G47050,0.16946712
AT3G47060,0.21493031
AT3G47070,-0.5492285
AT3G47080,-0.011900072
AT3G47090,0.24312764
AT3G47100,0.033946324
AT3G47110,-0.043693982
AT3G47120,0.29272777
AT3G47130,-0.024148408
AT3G47140,0.0
AT3G47150,0.009382232
AT3G47160,0.2758653
AT3G47170,0.0
AT3G47180,-0.11066254
AT3G47190,-0.012887691
AT3G47200,0.02793317
AT3G47210,-0.047603223
AT3G47220,-0.07559731
AT3G47250,0.083795
AT3G47290,-0.13498333
AT3G47295,-0.35634816
AT3G47300,0.18994072
AT3G47340,0.29508564
AT3G47341,0.0
AT3G47350,0.03182604
AT3G47360,-0.23064452
AT3G47370,0.2268329
AT3G47380,0.5567562
AT3G47390,-0.073326156
AT3G47400,-0.033951793
AT3G47410,-3.137753e-05
AT3G47420,0.32234615
AT3G47430,-0.41235083
AT3G47440,0.022492386
AT3G47450,-0.16383322
AT3G47460,-0.062172156
AT3G47470,-0.4370621
AT3G47480,1.1941018
AT3G47490,0.07249636
AT3G47500,-0.3526388
AT3G47510,-0.23585908
AT3G47520,0.2510572
AT3G47530,0.28194773
AT3G47540,1.9618721
AT3G47550,0.32283434
AT3G47560,-0.53519005
AT3G47570,-0.15336767
AT3G47580,-0.30817857
AT3G47590,0.07648883
AT3G47600,-0.30574816
AT3G47610,-0.0056906813
AT3G47620,-0.30725104
AT3G47630,-0.08982838
AT3G47640,-0.08206523
AT3G47650,-0.4895768
AT3G47660,0.010486376
AT3G47670,0.17771412
AT3G47680,-0.10523291
AT3G47690,-0.14376397
AT3G47700,0.13217384
AT3G47710,-0.02345491
AT3G47720,0.0030667107
AT3G47730,0.45475543
AT3G47740,-0.006739712
AT3G47750,-0.28434193
AT3G47760,-0.008636693
AT3G47770,-0.0045364113
AT3G47780,1.2418187
AT3G47790,0.069449864
AT3G47800,0.45976648
AT3G47810,0.3911569
AT3G47820,0.091081075
AT3G47830,-0.031061705
AT3G47833,0.4869755
AT3G47836,0.18835568
AT3G47840,0.060308028
AT3G47850,0.11385384
AT3G47860,-0.10535505
AT3G47870,-0.046123598
AT3G47890,0.02624669
AT3G47910,0.13131815
AT3G47920,0.0
AT3G47930,0.051317222
AT3G47940,0.16922419
AT3G47950,0.31009048
AT3G47960,0.45492056
AT3G47965,0.24582487
AT3G47970,0.0
AT3G47990,0.10983877
AT3G48000,0.4995165
AT3G48010,0.12950076
AT3G48020,1.1519884
AT3G48030,0.20827171
AT3G48040,-0.35147983
AT3G48050,0.11253735
AT3G48060,0.09505586
AT3G48070,0.16302696
AT3G48080,0.59972304
AT3G48090,0.32783443
AT3G48100,-0.30078912
AT3G48110,-0.14879207
AT3G48120,-0.040903147
AT3G48131,-0.001045728
AT3G48140,0.27572605
AT3G48150,0.045077454
AT3G48160,0.0053194566
AT3G48170,0.36855274
AT3G48180,0.56646544
AT3G48185,0.014273945
AT3G48187,-0.19220282
AT3G48190,-0.17128587
AT3G48195,0.22217819
AT3G48200,-0.60210425
AT3G48205,0.0
AT3G48208,0.0
AT3G48209,0.0
AT3G48210,0.1845667
AT3G48220,0.0
AT3G48230,-0.043822065
AT3G48231,0.0
AT3G48240,0.032278445
AT3G48250,0.23969176
AT3G48260,-0.3356663
AT3G48270,0.00022709902
AT3G48280,-0.42087552
AT3G48290,-0.4926754
AT3G48298,0.0
AT3G48300,0.3108482
AT3G48310,0.14776824
AT3G48320,-0.13238339
AT3G48330,0.09785607
AT3G48340,0.10460174
AT3G48343,-0.010203539
AT3G48344,0.011196963
AT3G48346,-0.015885485
AT3G48350,0.2690062
AT3G48360,-0.05737435
AT3G48380,0.0928872
AT3G48390,0.05433421
AT3G48400,0.0030783727
AT3G48410,-0.043638162
AT3G48420,-0.79633033
AT3G48425,-0.17206876
AT3G48430,-0.09975932
AT3G48440,-0.10996514
AT3G48450,0.9739978
AT3G48460,-0.2750519
AT3G48470,0.044595566
AT3G48475,0.030516729
AT3G48480,-0.12059952
AT3G48490,0.124190465
AT3G48500,-0.105475165
AT3G48510,0.11003753
AT3G48520,1.8915886
AT3G48530,0.18827383
AT3G48540,-0.06059235
AT3G48550,-0.30887815
AT3G48560,-0.27092007
AT3G48570,0.5094356
AT3G48580,1.1756551
AT3G48590,-0.0793428
AT3G48600,-0.2627758
AT3G48610,-0.44919604
AT3G48620,-0.04712561
AT3G48630,0.22828446
AT3G48640,0.6052394
AT3G48650,0.0
AT3G48660,0.13511916
AT3G48670,-0.47931126
AT3G48675,0.00032741317
AT3G48680,0.23081829
AT3G48690,0.17307624
AT3G48700,-0.06715908
AT3G48710,-0.15637293
AT3G48720,-0.87607396
AT3G48730,-0.41180396
AT3G48740,-0.17237093
AT3G48750,0.04966615
AT3G48760,0.26271892
AT3G48770,-0.10659777
AT3G48780,0.2348407
AT3G48790,0.055730674
AT3G48800,-0.09953205
AT3G48810,0.018320063
AT3G48820,-0.097108446
AT3G48830,0.21314864
AT3G48835,-0.0420957
AT3G48840,0.119638294
AT3G48850,1.8568294
AT3G48860,0.17981203
AT3G48870,0.19867148
AT3G48880,0.06601882
AT3G48890,0.91780704
AT3G48900,0.14163525
AT3G48920,0.3189158
AT3G48930,0.16982147
AT3G48940,0.036159
AT3G48950,0.0
AT3G48960,-0.012801577
AT3G48970,-0.21067594
AT3G48980,-0.28059867
AT3G48990,0.48602062
AT3G49000,-0.084304996
AT3G49010,0.17521401
AT3G49020,-0.0011582042
AT3G49030,0.0
AT3G49040,0.0
AT3G49045,0.026685802
AT3G49050,-0.1943372
AT3G49055,0.16887362
AT3G49060,0.020725507
AT3G49070,0.21065097
AT3G49080,0.10027447
AT3G49100,0.18875073
AT3G49110,1.2399381
AT3G49115,0.0
AT3G49120,1.7966908
AT3G49130,0.6827984
AT3G49140,-0.3703772
AT3G49142,-0.12981258
AT3G49150,0.0006448075
AT3G49155,0.002928154
AT3G49160,0.08429497
AT3G49170,-0.040621303
AT3G49180,0.1510618
AT3G49190,0.030561633
AT3G49200,0.03895563
AT3G49210,0.7460237
AT3G49220,-0.51103544
AT3G49230,0.0011965701
AT3G49240,0.2630269
AT3G49250,-0.3443894
AT3G49260,-0.52136886
AT3G49270,0.0011381941
AT3G49290,-0.5141975
AT3G49300,0.041931294
AT3G49305,0.0
AT3G49307,0.0
AT3G49310,0.0027104872
AT3G49320,0.20706654
AT3G49330,0.0950852
AT3G49340,0.084256575
AT3G49350,0.01646004
AT3G49360,-0.22560818
AT3G49370,0.45508265
AT3G49380,0.030858329
AT3G49390,0.31554756
AT3G49400,0.14525957
AT3G49410,0.05500582
AT3G49420,0.27540058
AT3G49430,0.14692149
AT3G49440,0.0
AT3G49450,0.0
AT3G49460,0.0
AT3G49470,-0.32935846
AT3G49480,0.057300303
AT3G49490,0.21633641
AT3G49500,-0.22124562
AT3G49510,-0.04194574
AT3G49520,0.021827763
AT3G49530,0.24183507
AT3G49540,0.2905261
AT3G49550,-0.0851282
AT3G49551,0.060168006
AT3G49560,0.028767243
AT3G49570,-0.01110652
AT3G49580,-0.16134249
AT3G49590,0.119262636
AT3G49600,0.00668243
AT3G49601,-0.0018601279
AT3G49610,0.01663959
AT3G49620,2.7102785
AT3G49630,0.03421866
AT3G49640,-0.099650644
AT3G49645,0.17795767
AT3G49650,-0.49800596
AT3G49660,0.1617394
AT3G49670,-0.61847895
AT3G49680,-0.099017724
AT3G49690,-0.07978005
AT3G49700,0.0010862695
AT3G49710,-0.21203989
AT3G49720,-0.4618416
AT3G49725,0.07397396
AT3G49730,-0.31430653
AT3G49740,-0.052321333
AT3G49744,-4.130602e-05
AT3G49750,-0.2660319
AT3G49760,0.05736727
AT3G49770,-0.00043517636
AT3G49780,0.494054
AT3G49790,-0.2383638
AT3G49796,-0.002788941
AT3G49800,0.2070684
AT3G49810,-0.109106384
AT3G49820,-0.04836607
AT3G49830,0.058159884
AT3G49840,-0.10169994
AT3G49845,0.2727121
AT3G49850,-0.052466378
AT3G49860,0.17378095
AT3G49870,-0.046652533
AT3G49880,-0.099503756
AT3G49890,0.034507528
AT3G49900,0.030761126
AT3G49910,0.034031164
AT3G49920,-0.10278436
AT3G49930,-0.2707361
AT3G49940,0.028486578
AT3G49950,-0.030063486
AT3G49960,-0.0434942
AT3G49970,-0.086178154
AT3G49980,0.033204738
AT3G49990,-0.12679975
AT3G50000,0.020370891
AT3G50010,-0.2069768
AT3G50020,0.00010573755
AT3G50030,0.27563688
AT3G50040,-0.057680897
AT3G50050,-0.187768
AT3G50060,-0.5496999
AT3G50070,-0.15012735
AT3G50080,0.17103644
AT3G50090,0.00017970966
AT3G50100,-0.09794499
AT3G50110,-0.14775226
AT3G50120,-0.111609936
AT3G50123,0.0
AT3G50130,0.09071981
AT3G50140,0.12586144
AT3G50150,-0.003304994
AT3G50160,0.0016114318
AT3G50170,-0.0019966431
AT3G50180,0.002015299
AT3G50190,-0.15661055
AT3G50200,-0.04456502
AT3G50210,0.07121429
AT3G50220,0.1389526
AT3G50230,-0.004135076
AT3G50240,-0.92300034
AT3G50250,0.00028496265
AT3G50260,1.0098375
AT3G50270,-0.20898928
AT3G50280,0.75677794
AT3G50290,0.006440554
AT3G50300,-0.01797635
AT3G50310,0.41767022
AT3G50320,0.0
AT3G50330,-0.0038049023
AT3G50340,-0.37954596
AT3G50350,0.11713446
AT3G50360,0.24274483
AT3G50370,0.0672886
AT3G50373,0.0047873864
AT3G50380,-0.086775646
AT3G50390,0.16836874
AT3G50400,0.7653688
AT3G50410,0.21473436
AT3G50420,0.023033356
AT3G50430,-0.0169212
AT3G50440,-0.19402274
AT3G50450,-0.024209335
AT3G50460,0.02988588
AT3G50470,0.09828043
AT3G50480,0.4925324
AT3G50500,0.28275874
AT3G50510,-0.041399512
AT3G50520,0.050169036
AT3G50530,-0.3239075
AT3G50540,0.0
AT3G50550,0.14952634
AT3G50560,-0.3267834
AT3G50570,0.3697438
AT3G50580,0.011292824
AT3G50590,0.18496932
AT3G50610,0.0024204887
AT3G50620,-0.13892786
AT3G50630,-0.4165212
AT3G50640,-0.04080001
AT3G50650,0.33552346
AT3G50660,-0.28505433
AT3G50670,-0.03137947
AT3G50685,-0.44196546
AT3G50690,0.017564256
AT3G50700,0.11360596
AT3G50710,0.0009152605
AT3G50720,0.0
AT3G50730,-0.008441553
AT3G50740,-0.21360567
AT3G50750,-0.31726065
AT3G50760,0.74432135
AT3G50770,1.6343045
AT3G50780,-0.24540718
AT3G50790,-0.14950389
AT3G50800,-0.24375267
AT3G50808,0.00042528127
AT3G50810,0.091035016
AT3G50820,-0.44114557
AT3G50830,-0.11049685
AT3G50840,-0.17657876
AT3G50845,-0.13976817
AT3G50850,0.19573371
AT3G50860,-0.06620014
AT3G50870,-0.24165201
AT3G50880,0.19910626
AT3G50890,-0.2570059
AT3G50900,0.78974646
AT3G50910,0.74505925
AT3G50920,0.12045046
AT3G50925,0.0
AT3G50930,0.65778774
AT3G50940,-0.15831007
AT3G50950,-0.03637581
AT3G50960,-0.20396926
AT3G50970,0.75260377
AT3G50980,0.2740795
AT3G50990,-0.00042447512
AT3G51000,0.43723547
AT3G51010,0.18825243
AT3G51020,-3.137753e-05
AT3G51030,0.020064676
AT3G51040,0.029251266
AT3G51050,0.1615113
AT3G51060,-0.14102441
AT3G51070,-0.07088314
AT3G51080,-0.46954167
AT3G51090,0.9196896
AT3G51100,0.18188219
AT3G51110,0.104875356
AT3G51120,0.10652306
AT3G51130,0.31281877
AT3G51140,-0.11297899
AT3G51150,-0.54669076
AT3G51160,0.38891143
AT3G51171,-0.0020537481
AT3G51180,0.2794819
AT3G51190,0.032934744
AT3G51200,-3.0241226e-05
AT3G51210,0.0
AT3G51220,-0.12841336
AT3G51230,-0.1548325
AT3G51240,-0.31832278
AT3G51250,0.11090628
AT3G51260,0.32622397
AT3G51270,-0.116715744
AT3G51280,-0.12722333
AT3G51290,-0.2117498
AT3G51300,0.05787866
AT3G51310,0.061049514
AT3G51320,0.047192067
AT3G51325,-0.044851888
AT3G51330,0.69735044
AT3G51340,-0.07665756
AT3G51350,0.3568513
AT3G51360,-0.03729692
AT3G51370,0.112280816
AT3G51380,-0.0723394
AT3G51390,0.23391141
AT3G51400,0.13470913
AT3G51410,-0.011882559
AT3G51420,-0.11948015
AT3G51430,0.83443475
AT3G51440,1.0160916
AT3G51450,0.5486355
AT3G51460,0.32290056
AT3G51470,-0.05392008
AT3G51480,-0.40075862
AT3G51490,0.04651902
AT3G51500,0.26028475
AT3G51510,-0.4020408
AT3G51520,-0.0402215
AT3G51530,0.011143004
AT3G51540,0.5979697
AT3G51550,-0.06806707
AT3G51560,0.009225535
AT3G51570,-0.0006286379
AT3G51580,0.27370068
AT3G51590,0.0007320818
AT3G51600,-0.47354758
AT3G51610,0.09690956
AT3G51620,0.15491234
AT3G51630,0.019541899
AT3G51640,0.12777689
AT3G51642,0.011191512
AT3G51644,0.0
AT3G51650,0.1110714
AT3G51660,1.2211797
AT3G51670,0.11773145
AT3G51680,0.019847186
AT3G51690,0.008463912
AT3G51700,0.0060549285
AT3G51710,-0.36033556
AT3G51720,-0.3426964
AT3G51730,0.41294685
AT3G51740,-0.21608502
AT3G51750,-0.09374121
AT3G51760,-0.30571175
AT3G51770,0.03252663
AT3G51780,-0.03460359
AT3G51790,0.41217184
AT3G51800,0.22755213
AT3G51810,0.00841737
AT3G51820,-0.35198238
AT3G51830,-0.08689222
AT3G51840,0.33911213
AT3G51850,-0.05793735
AT3G51860,1.6280919
AT3G51870,0.23014598
AT3G51880,-0.045059055
AT3G51890,0.36201385
AT3G51895,0.32707253
AT3G51910,-0.39432058
AT3G51920,-0.029509054
AT3G51930,-0.17977317
AT3G51940,0.042379834
AT3G51950,-0.54511696
AT3G51960,0.46020892
AT3G51970,0.36717242
AT3G51980,0.20472237
AT3G51990,0.14454706
AT3G52000,0.0035918169
AT3G52010,0.02570646
AT3G52020,0.0
AT3G52030,0.103431456
AT3G52040,0.24448079
AT3G52050,-0.17004599
AT3G52060,-0.26612207
AT3G52070,-0.072338335
AT3G52075,0.008895297
AT3G52080,-0.0031274809
AT3G52090,0.010226459
AT3G52100,-0.06230902
AT3G52110,-0.15455173
AT3G52115,0.045667358
AT3G52120,0.16063468
AT3G52130,-0.017493865
AT3G52140,0.10601602
AT3G52150,-0.358069
AT3G52155,-0.10862064
AT3G52160,0.083724625
AT3G52170,-0.2581846
AT3G52180,-0.048721652
AT3G52190,0.3952325
AT3G52200,0.29109725
AT3G52210,-0.025517372
AT3G52220,0.07907276
AT3G52230,-0.2155232
AT3G52240,0.17594825
AT3G52250,0.05462677
AT3G52260,0.018055087
AT3G52270,-0.0139588965
AT3G52280,0.069079265
AT3G52290,-0.28263888
AT3G52300,0.2731921
AT3G52310,-0.27608225
AT3G52320,0.00030865977
AT3G52330,0.0034556566
AT3G52340,-0.06308239
AT3G52350,1.4259836e-05
AT3G52360,-0.41206795
AT3G52370,-0.2671482
AT3G52380,-0.36381218
AT3G52390,-0.01684751
AT3G52400,0.4709282
AT3G52420,0.16097724
AT3G52430,0.735692
AT3G52440,-0.007530594
AT3G52450,-0.14669782
AT3G52460,0.07728619
AT3G52470,0.16750896
AT3G52480,-0.040593985
AT3G52490,-0.046606753
AT3G52500,-0.40647194
AT3G52510,0.016104605
AT3G52520,0.034620553
AT3G52525,-0.17579086
AT3G52526,0.15574357
AT3G52530,0.018343767
AT3G52540,0.323867
AT3G52550,0.04067652
AT3G52560,0.19546357
AT3G52561,-0.0047952975
AT3G52570,0.19252951
AT3G52580,0.20516661
AT3G52590,0.13103047
AT3G52600,-0.025928855
AT3G52610,0.080839805
AT3G52620,0.038022734
AT3G52630,0.0240554
AT3G52640,0.07717648
AT3G52660,-0.046040054
AT3G52670,0.0
AT3G52680,-0.15247102
AT3G52690,0.0
AT3G52700,-0.0009854356
AT3G52710,0.11421825
AT3G52720,-1.24036
AT3G52730,0.33226016
AT3G52740,0.2328552
AT3G52750,-0.55590564
AT3G52760,0.08357216
AT3G52770,0.41260412
AT3G52780,0.6129782
AT3G52790,0.04176585
AT3G52800,0.07595373
AT3G52810,0.014430668
AT3G52820,1.0266473
AT3G52830,0.0066131707
AT3G52840,-0.3331618
AT3G52850,0.34419477
AT3G52860,-0.054993574
AT3G52870,0.26803648
AT3G52880,0.36500755
AT3G52890,0.09621204
AT3G52900,-0.33260405
AT3G52905,0.061956193
AT3G52910,-0.14517416
AT3G52920,-0.2820889
AT3G52930,0.43291435
AT3G52940,-0.47054565
AT3G52941,-4.130602e-05
AT3G52950,0.15346442
AT3G52960,-0.15688099
AT3G52970,0.06347245
AT3G52980,0.0
AT3G52990,0.40094894
AT3G53000,0.15133259
AT3G53010,-0.21060008
AT3G53020,0.18859252
AT3G53030,0.09972055
AT3G53040,0.45036796
AT3G53050,0.0
AT3G53060,0.058615997
AT3G53065,0.10099795
AT3G53070,0.0
AT3G53075,0.020366967
AT3G53080,0.0
AT3G53090,-0.00041458994
AT3G53100,-0.50461984
AT3G53110,0.11436225
AT3G53120,0.40667623
AT3G53130,-0.36762577
AT3G53140,0.0
AT3G53150,1.4649683
AT3G53160,1.1268353
AT3G53170,-0.16304876
AT3G53180,0.44818428
AT3G53190,-0.7500695
AT3G53200,0.011345698
AT3G53210,0.32929343
AT3G53220,0.10161483
AT3G53230,0.80542123
AT3G53232,0.2875921
AT3G53235,0.10728369
AT3G53240,-0.13551721
AT3G53250,-0.27378574
AT3G53260,0.27893522
AT3G53270,0.023289572
AT3G53280,-0.050255824
AT3G53294,0.0
AT3G53300,0.0054826904
AT3G53305,0.0
AT3G53310,-0.1496548
AT3G53320,-0.2815818
AT3G53330,0.00028496265
AT3G53340,0.27507257
AT3G53342,0.0
AT3G53350,-0.14211823
AT3G53360,0.06640421
AT3G53370,0.26921144
AT3G53380,-0.52002877
AT3G53390,0.16627285
AT3G53400,-0.10964384
AT3G53410,0.16103227
AT3G53420,0.035042223
AT3G53430,0.16893959
AT3G53440,-0.04703227
AT3G53450,0.039179277
AT3G53460,-0.1573888
AT3G53470,-0.29232395
AT3G53480,0.88773173
AT3G53490,0.24552862
AT3G53500,0.098637514
AT3G53510,0.32165962
AT3G53520,0.18113191
AT3G53530,-0.39979792
AT3G53540,-0.09417095
AT3G53550,-0.004797741
AT3G53560,0.01477278
AT3G53570,-0.10721922
AT3G53580,0.12387264
AT3G53590,0.004380696
AT3G53600,1.1621261
AT3G53610,0.12839891
AT3G53611,0.0
AT3G53620,0.44345745
AT3G53630,0.17675377
AT3G53640,0.015281384
AT3G53650,0.7780094
AT3G53660,0.0
AT3G53680,-0.5552832
AT3G53690,-0.051096626
AT3G53700,-0.12893039
AT3G53710,0.052361336
AT3G53720,0.46475148
AT3G53740,0.12142173
AT3G53750,-0.28444788
AT3G53760,-0.1368238
AT3G53770,-0.0011511907
AT3G53780,0.44274157
AT3G53790,0.04405995
AT3G53800,-0.32203814
AT3G53810,0.54389983
AT3G53820,0.07817433
AT3G53830,-0.41713816
AT3G53840,0.070501246
AT3G53850,-0.26774246
AT3G53860,-0.15943319
AT3G53870,0.15764873
AT3G53880,0.20347388
AT3G53890,0.2684636
AT3G53900,-0.30799755
AT3G53910,0.0
AT3G53920,-0.39225227
AT3G53930,0.2247879
AT3G53940,0.17330506
AT3G53950,-0.03914846
AT3G53960,0.10844292
AT3G53970,0.30306557
AT3G53980,-0.0365141
AT3G53990,0.2908598
AT3G54000,-0.52058977
AT3G54010,-0.015945487
AT3G54020,-0.21011288
AT3G54030,0.22483115
AT3G54040,0.17962052
AT3G54050,-0.6468993
AT3G54060,0.0045141275
AT3G54065,-0.02174157
AT3G54070,0.0010599268
AT3G54080,-0.20064312
AT3G54085,0.22948389
AT3G54090,-0.0009356768
AT3G54100,0.47784677
AT3G54110,0.79953545
AT3G54120,-0.05757025
AT3G54130,0.44773504
AT3G54140,0.29597682
AT3G54150,1.5109005
AT3G54160,0.045914557
AT3G54170,0.09569625
AT3G54180,-0.15138572
AT3G54190,-0.04871337
AT3G54200,-0.24480782
AT3G54210,-0.34589025
AT3G54220,-0.17063363
AT3G54230,0.027746174
AT3G54240,0.012400017
AT3G54250,-0.23761217
AT3G54260,-0.71068764
AT3G54270,-0.06318266
AT3G54280,-0.037086807
AT3G54290,-0.06404413
AT3G54300,0.32183057
AT3G54310,0.00028537787
AT3G54320,0.012012773
AT3G54340,-0.06391306
AT3G54350,-0.016851317
AT3G54360,0.050517753
AT3G54363,0.08974536
AT3G54380,0.18739757
AT3G54390,-0.12566127
AT3G54400,-0.1845943
AT3G54410,0.0005359525
AT3G54420,0.5162604
AT3G54430,0.02957049
AT3G54440,0.04481856
AT3G54450,0.003939467
AT3G54460,-0.20361444
AT3G54470,-0.015266605
AT3G54480,0.15320143
AT3G54490,0.041614752
AT3G54500,-0.6448438
AT3G54510,-0.1250009
AT3G54520,0.4202692
AT3G54530,0.61749494
AT3G54540,0.058804646
AT3G54550,0.057668332
AT3G54560,-0.0627822
AT3G54570,0.003118682
AT3G54580,-0.15388623
AT3G54590,-0.109101675
AT3G54600,-0.6190468
AT3G54610,0.07646609
AT3G54620,0.45514145
AT3G54630,-0.022229299
AT3G54640,1.7587786
AT3G54650,0.03782226
AT3G54660,-0.17065506
AT3G54670,0.076554544
AT3G54680,0.4331778
AT3G54690,-0.3753977
AT3G54700,0.0011998361
AT3G54710,-0.021415863
AT3G54720,-0.5347884
AT3G54730,0.04242424
AT3G54740,-0.0074977055
AT3G54750,-0.0029691807
AT3G54760,-0.058188494
AT3G54770,-0.070893094
AT3G54780,-0.029568898
AT3G54790,-0.20877177
AT3G54800,0.106011495
AT3G54810,-0.0725627
AT3G54820,0.49961326
AT3G54826,0.3412776
AT3G54830,-0.44016728
AT3G54840,0.2601025
AT3G54850,0.29933044
AT3G54860,0.11579788
AT3G54870,0.06483234
AT3G54880,0.22475319
AT3G54890,-0.6180139
AT3G54900,-0.27277774
AT3G54910,-0.5555053
AT3G54920,-0.50810885
AT3G54925,0.0
AT3G54930,-0.32058877
AT3G54940,0.0065656723
AT3G54950,0.95927656
AT3G54960,0.6475587
AT3G54970,-0.13215019
AT3G54980,0.06538311
AT3G54990,0.043497995
AT3G55000,0.053426083
AT3G55005,-0.10838053
AT3G55010,0.14464928
AT3G55020,-0.102859244
AT3G55030,0.10369506
AT3G55040,-0.41967565
AT3G55050,0.11273957
AT3G55060,0.042657644
AT3G55070,0.11235574
AT3G55080,-0.26137885
AT3G55090,0.7329088
AT3G55100,0.061769612
AT3G55110,0.039835475
AT3G55120,0.015981833
AT3G55130,-0.10156665
AT3G55140,0.010572805
AT3G55150,0.05321487
AT3G55160,0.07188052
AT3G55170,-0.033965923
AT3G55180,-0.0021559359
AT3G55190,0.0023337672
AT3G55200,0.01402547
AT3G55210,0.0027821627
AT3G55220,0.14580369
AT3G55230,-0.12609357
AT3G55240,-0.6987464
AT3G55250,-0.2116222
AT3G55252,0.0
AT3G55254,-0.0057402155
AT3G55260,0.075125955
AT3G55270,0.34340844
AT3G55280,0.11570051
AT3G55290,0.3666737
AT3G55310,0.05738808
AT3G55320,0.24376191
AT3G55330,-0.6319408
AT3G55340,0.062292315
AT3G55350,-0.2275402
AT3G55360,-0.1200837
AT3G55370,0.11136804
AT3G55380,0.1725921
AT3G55390,0.22865264
AT3G55400,-0.028922033
AT3G55410,0.54938316
AT3G55420,-0.9016743
AT3G55430,0.29636723
AT3G55440,0.053743895
AT3G55450,0.30110192
AT3G55460,0.20824923
AT3G55470,0.82975906
AT3G55480,-0.031115495
AT3G55500,-0.3169328
AT3G55510,0.15049292
AT3G55513,0.0
AT3G55515,0.091962546
AT3G55520,0.052210934
AT3G55530,0.09457503
AT3G55540,0.01700569
AT3G55550,-0.013845644
AT3G55560,0.113200985
AT3G55566,0.0
AT3G55570,0.0
AT3G55580,-0.17174393
AT3G55590,0.0
AT3G55600,0.18539469
AT3G55605,0.25274327
AT3G55610,0.13422598
AT3G55620,0.35391325
AT3G55630,-0.65313214
AT3G55640,0.28524917
AT3G55646,-0.3261543
AT3G55650,0.006082633
AT3G55660,-0.100274354
AT3G55665,-0.0034930008
AT3G55670,-0.00023478284
AT3G55672,-0.039359797
AT3G55677,0.00084541936
AT3G55680,0.0
AT3G55690,-0.11243674
AT3G55700,0.0691733
AT3G55710,-0.36136654
AT3G55720,0.11487472
AT3G55730,0.4887976
AT3G55740,0.15624936
AT3G55750,0.11709465
AT3G55760,-0.19523162
AT3G55770,0.0327296
AT3G55780,0.013592802
AT3G55790,0.13807055
AT3G55800,-0.68513334
AT3G55810,0.073504716
AT3G55820,0.041732214
AT3G55830,0.18499239
AT3G55840,0.21616705
AT3G55850,-0.032686222
AT3G55860,0.058622856
AT3G55870,-0.00084397296
AT3G55880,0.5407906
AT3G55890,1.2351319
AT3G55900,0.1364699
AT3G55910,0.90112764
AT3G55920,-0.048618037
AT3G55930,0.09552742
AT3G55935,0.058201548
AT3G55940,-0.18294895
AT3G55950,0.5808422
AT3G55960,0.018238446
AT3G55970,2.090745
AT3G55980,-0.29316673
AT3G55990,-0.02151053
AT3G56000,-0.03806867
AT3G56010,-0.25065485
AT3G56030,0.28755975
AT3G56040,-0.333537
AT3G56050,-0.15395881
AT3G56060,-0.25225005
AT3G56070,0.32353112
AT3G56080,-0.2163108
AT3G56090,0.13797869
AT3G56100,-0.115884595
AT3G56110,0.3164429
AT3G56120,-0.17181104
AT3G56130,-0.33412492
AT3G56140,-0.016527502
AT3G56150,0.13587694
AT3G56160,-0.7066736
AT3G56170,0.6397442
AT3G56180,0.02273174
AT3G56190,0.19103548
AT3G56200,0.59436965
AT3G56210,0.0612174
AT3G56220,0.026479825
AT3G56230,-0.042720824
AT3G56240,0.06916824
AT3G56250,-0.096155725
AT3G56260,0.28379935
AT3G56270,-0.24588567
AT3G56290,-0.26793516
AT3G56300,-0.18789186
AT3G56310,0.46794525
AT3G56320,0.40723154
AT3G56330,-0.11497572
AT3G56340,0.092143446
AT3G56350,0.07381834
AT3G56360,-0.25085747
AT3G56370,-0.6742723
AT3G56380,-0.008395333
AT3G56390,-0.0018371837
AT3G56400,0.977318
AT3G56410,0.050247572
AT3G56420,-0.010208667
AT3G56430,0.10279949
AT3G56440,0.14021254
AT3G56450,0.026084976
AT3G56460,0.15650743
AT3G56470,0.16631213
AT3G56480,-0.4913499
AT3G56490,0.45120683
AT3G56500,0.43285522
AT3G56510,-0.04661091
AT3G56520,0.0
AT3G56530,0.00045282266
AT3G56540,0.0
AT3G56550,0.12739387
AT3G56560,0.0
AT3G56570,-0.019959765
AT3G56580,0.026685683
AT3G56590,-0.23886837
AT3G56600,-0.030608013
AT3G56610,0.0
AT3G56620,-0.18197306
AT3G56630,0.052861623
AT3G56640,-0.06445252
AT3G56650,-0.42945087
AT3G56660,0.02523224
AT3G56670,0.0
AT3G56680,-0.066499874
AT3G56690,0.129829
AT3G56700,-0.020997321
AT3G56710,0.6121965
AT3G56720,0.0446548
AT3G56730,0.024189962
AT3G56740,0.103044495
AT3G56750,-0.13929188
AT3G56760,-0.10742304
AT3G56770,0.04320977
AT3G56780,0.044034738
AT3G56790,-0.13830344
AT3G56800,-0.09264722
AT3G56810,-0.47714126
AT3G56820,0.32824755
AT3G56830,-0.15309812
AT3G56840,0.07856644
AT3G56850,0.09552271
AT3G56860,-0.020049514
AT3G56870,0.12461021
AT3G56880,-0.1956813
AT3G56890,-0.12013359
AT3G56891,0.83208776
AT3G56900,-0.07640968
AT3G56910,-0.43104136
AT3G56920,-0.0007720013
AT3G56930,0.20886537
AT3G56940,-0.476082
AT3G56950,0.3495156
AT3G56960,-0.12252605
AT3G56970,0.030072803
AT3G56980,-0.05220159
AT3G56990,0.29738554
AT3G57000,0.11099542
AT3G57010,1.0038168
AT3G57020,0.583508
AT3G57030,-0.3214173
AT3G57040,-0.5500504
AT3G57050,-0.014047305
AT3G57060,-0.06379709
AT3G57062,0.116634764
AT3G57070,-0.12863912
AT3G57072,0.038805608
AT3G57080,-0.18031687
AT3G57090,0.45141655
AT3G57100,0.081402145
AT3G57110,0.06166384
AT3G57120,0.26829264
AT3G57130,-0.035645146
AT3G57140,0.09974865
AT3G57150,0.21922874
AT3G57160,0.11254586
AT3G57170,-0.052299414
AT3G57180,-0.369059
AT3G57190,-0.29543707
AT3G57200,0.09192423
AT3G57210,-0.030164748
AT3G57220,0.025361026
AT3G57230,0.24492179
AT3G57240,0.62792563
AT3G57250,-0.00089110446
AT3G57260,1.1014776
AT3G57270,0.12936169
AT3G57280,0.47071168
AT3G57290,0.15903156
AT3G57300,-0.10245684
AT3G57310,0.016859941
AT3G57320,-0.29543847
AT3G57330,0.12849323
AT3G57340,0.19439001
AT3G57350,-0.021241106
AT3G57360,0.24154572
AT3G57370,0.0204901
AT3G57380,0.88078773
AT3G57390,0.21946244
AT3G57400,-0.007517179
AT3G57410,-0.036737382
AT3G57420,0.22012867
AT3G57430,0.07556136
AT3G57440,0.021120526
AT3G57450,0.41893482
AT3G57460,0.7291434
AT3G57465,0.09348706
AT3G57470,-0.37257102
AT3G57480,0.43882665
AT3G57490,0.39851353
AT3G57500,-0.039641224
AT3G57510,1.5357084
AT3G57520,0.9542559
AT3G57530,-0.054765504
AT3G57540,0.22500606
AT3G57550,0.7066887
AT3G57560,0.1800599
AT3G57570,-0.02792844
AT3G57580,-0.051787246
AT3G57587,-0.0049364953
AT3G57590,0.026664594
AT3G57600,-0.12926003
AT3G57610,0.0931352
AT3G57620,0.0031489232
AT3G57630,0.3814714
AT3G57640,-0.04928318
AT3G57650,0.09207255
AT3G57660,0.12274211
AT3G57670,-0.13973069
AT3G57680,-0.08525818
AT3G57690,0.06746932
AT3G57700,0.35671446
AT3G57710,-0.04680482
AT3G57720,-0.14240187
AT3G57730,-0.12601736
AT3G57740,-0.051344756
AT3G57750,-0.13508229
AT3G57760,0.015202844
AT3G57770,0.10559157
AT3G57780,-0.30392438
AT3G57785,0.20953892
AT3G57787,0.016642973
AT3G57790,0.027399918
AT3G57800,-0.080463186
AT3G57810,0.015143166
AT3G57830,-0.343685
AT3G57840,0.0
AT3G57850,0.0
AT3G57860,-0.18379909
AT3G57870,0.1310644
AT3G57880,0.09345554
AT3G57890,0.11242949
AT3G57900,0.0
AT3G57910,-0.065847136
AT3G57920,-0.06506676
AT3G57930,-0.5890732
AT3G57940,0.12169419
AT3G57950,1.0954642
AT3G57960,0.09426973
AT3G57970,0.07003424
AT3G57980,-0.20263962
AT3G57990,-0.056398254
AT3G58000,-0.30030036
AT3G58010,-0.131938
AT3G58020,0.102754846
AT3G58030,0.04582419
AT3G58040,0.08668896
AT3G58050,0.13519666
AT3G58060,0.10027021
AT3G58070,-0.09006103
AT3G58090,-0.039918896
AT3G58100,-0.2979719
AT3G58110,0.026666582
AT3G58120,-0.9879942
AT3G58130,0.09883217
AT3G58140,-0.1007306
AT3G58150,0.43002293
AT3G58160,-0.24320431
AT3G58170,0.13736731
AT3G58180,0.22194014
AT3G58190,-0.00043309378
AT3G58200,-0.30905795
AT3G58210,-0.0009805934
AT3G58220,-0.2596095
AT3G58230,0.0031489232
AT3G58240,0.0
AT3G58250,0.044290315
AT3G58260,0.0
AT3G58270,0.23252642
AT3G58280,0.020282174
AT3G58290,0.0032967299
AT3G58300,0.02205801
AT3G58310,0.0
AT3G58320,0.0
AT3G58330,0.0
AT3G58340,0.00042528127
AT3G58350,0.031233758
AT3G58360,-1.7030845e-05
AT3G58370,-0.00033121463
AT3G58380,0.15890586
AT3G58390,0.00063961017
AT3G58400,0.0
AT3G58410,0.0
AT3G58415,0.0
AT3G58420,0.0
AT3G58430,-0.031239517
AT3G58440,0.0
AT3G58450,0.08749507
AT3G58460,0.23313338
AT3G58470,0.12693386
AT3G58480,-0.010462021
AT3G58490,-0.10334374
AT3G58500,0.16232713
AT3G58510,0.16074137
AT3G58520,0.025567014
AT3G58530,0.16677423
AT3G58540,0.17693621
AT3G58550,0.0041122725
AT3G58560,0.15606397
AT3G58570,0.5060787
AT3G58580,0.070781104
AT3G58585,0.0
AT3G58590,0.03184251
AT3G58600,0.074860714
AT3G58610,-0.11338998
AT3G58620,-0.25287035
AT3G58630,0.1354178
AT3G58640,0.0037798088
AT3G58650,-0.110514835
AT3G58660,0.16010955
AT3G58670,0.06881126
AT3G58680,0.09806838
AT3G58690,-0.25725847
AT3G58700,0.1519455
AT3G58710,0.17051475
AT3G58720,-0.088756725
AT3G58730,0.25298417
AT3G58740,0.15477352
AT3G58750,0.60076356
AT3G58760,0.061866153
AT3G58770,-0.06102091
AT3G58780,0.102736354
AT3G58790,-0.43453377
AT3G58800,0.08214982
AT3G58810,0.14074461
AT3G58820,-0.30630946
AT3G58830,0.03653286
AT3G58840,-0.17245837
AT3G58850,-0.6041917
AT3G58860,-0.0009867258
AT3G58875,0.069041684
AT3G58877,0.0
AT3G58880,0.0
AT3G58890,0.0
AT3G58900,0.09543027
AT3G58910,0.00052924297
AT3G58920,0.0023229173
AT3G58930,-0.027756497
AT3G58940,-0.20961882
AT3G58950,0.002346809
AT3G58960,0.026551733
AT3G58970,0.15715186
AT3G58975,0.0
AT3G58980,-0.18168496
AT3G58990,-0.6748737
AT3G59000,-0.09928203
AT3G59010,-0.05730218
AT3G59020,0.195449
AT3G59030,-0.08573627
AT3G59040,-0.233105
AT3G59050,0.18720178
AT3G59060,-0.47678432
AT3G59070,-0.010280258
AT3G59080,0.45085156
AT3G59090,0.07382359
AT3G59100,-0.12264925
AT3G59110,-0.29310843
AT3G59120,-0.00056550244
AT3G59130,-0.0029268432
AT3G59140,0.10218338
AT3G59150,0.3342084
AT3G59160,0.035774067
AT3G59170,0.0
AT3G59180,0.001898591
AT3G59190,0.0024115413
AT3G59200,0.0034153955
AT3G59210,0.24976298
AT3G59220,0.14379928
AT3G59230,-0.032434274
AT3G59240,0.0
AT3G59245,0.0
AT3G59250,-0.16839214
AT3G59260,-0.012936003
AT3G59270,-0.03812285
AT3G59280,0.32266918
AT3G59290,0.23604707
AT3G59295,0.0
AT3G59300,-0.013376176
AT3G59310,-0.52205443
AT3G59320,-0.2833662
AT3G59330,-0.37525466
AT3G59340,-0.042363863
AT3G59350,0.11693321
AT3G59360,0.17393899
AT3G59370,-0.07873723
AT3G59380,0.15744005
AT3G59390,0.09392504
AT3G59400,-0.3976543
AT3G59410,-0.015345372
AT3G59420,-0.2597351
AT3G59430,0.14141549
AT3G59435,0.07696549
AT3G59440,-0.03160352
AT3G59450,0.12229874
AT3G59455,0.0045024236
AT3G59460,0.0025883734
AT3G59470,0.16095275
AT3G59480,0.059472337
AT3G59490,-0.011732143
AT3G59500,0.2075746
AT3G59510,-0.063440695
AT3G59520,0.14769018
AT3G59530,0.17574938
AT3G59550,-0.07081209
AT3G59570,0.466978
AT3G59580,-0.17303398
AT3G59590,0.0
AT3G59600,0.13231853
AT3G59610,0.005272147
AT3G59620,-0.020730114
AT3G59630,0.17756276
AT3G59640,0.39249068
AT3G59650,0.13323571
AT3G59660,0.46626994
AT3G59670,0.24662627
AT3G59680,-0.32874256
AT3G59690,0.48067766
AT3G59700,0.74268377
AT3G59710,0.032806493
AT3G59730,0.02602587
AT3G59740,0.054557923
AT3G59750,-0.14457609
AT3G59760,0.3967215
AT3G59770,0.23514575
AT3G59780,-0.69640607
AT3G59790,-0.029612062
AT3G59800,-0.02415072
AT3G59810,0.21841148
AT3G59820,0.40708214
AT3G59830,-0.020855878
AT3G59840,0.09334642
AT3G59850,-0.01519457
AT3G59870,0.05485115
AT3G59880,0.019538945
AT3G59890,-0.09556855
AT3G59900,0.41057333
AT3G59910,0.0011093051
AT3G59920,0.23372743
AT3G59930,1.3686702
AT3G59940,0.009632176
AT3G59950,0.08756449
AT3G59960,0.007963203
AT3G59970,0.011060299
AT3G59980,-0.09869591
AT3G59990,0.1545472
AT3G60000,-0.00043370613
AT3G60010,0.16791746
AT3G60020,0.0700823
AT3G60030,-0.114394054
AT3G60040,0.045609724
AT3G60050,-0.24050643
AT3G60060,0.018246735
AT3G60070,-0.14639466
AT3G60080,0.090420626
AT3G60090,0.04910112
AT3G60100,0.039678007
AT3G60110,0.41527918
AT3G60120,2.1158621
AT3G60130,0.876043
AT3G60140,3.1655812
AT3G60150,0.29513526
AT3G60160,0.118373126
AT3G60180,0.14855121
AT3G60190,0.370547
AT3G60200,0.002387962
AT3G60210,-0.0886633
AT3G60220,-0.3057431
AT3G60240,0.095452316
AT3G60245,0.0878249
AT3G60250,0.045375448
AT3G60260,0.050038617
AT3G60270,0.013255249
AT3G60280,-0.010786917
AT3G60286,-0.03105338
AT3G60290,-0.711134
AT3G60300,0.12451105
AT3G60310,0.006212336
AT3G60320,-0.39931855
AT3G60328,-3.137753e-05
AT3G60330,0.0056472267
AT3G60340,0.10853816
AT3G60350,-0.031470355
AT3G60360,0.13645416
AT3G60370,-0.25215787
AT3G60380,-0.14317454
AT3G60390,-0.69128597
AT3G60400,0.1933987
AT3G60410,0.17709772
AT3G60415,1.2666006
AT3G60420,0.106160425
AT3G60440,0.16394897
AT3G60450,0.81073624
AT3G60460,0.027932787
AT3G60470,0.51651406
AT3G60480,0.06687459
AT3G60490,-0.0137602715
AT3G60500,0.02447534
AT3G60510,0.056018468
AT3G60520,0.10944183
AT3G60530,-0.5081324
AT3G60540,0.797983
AT3G60550,-0.043585043
AT3G60560,0.0
AT3G60570,0.0
AT3G60580,-0.04773364
AT3G60590,0.23374654
AT3G60600,0.15214859
AT3G60620,-0.09686912
AT3G60630,-0.2567119
AT3G60640,0.22626282
AT3G60650,-0.01516696
AT3G60660,0.05269785
AT3G60670,0.03370815
AT3G60680,0.3375779
AT3G60690,0.64588505
AT3G60700,0.17273286
AT3G60710,0.009259067
AT3G60720,0.36364597
AT3G60730,-0.00066301087
AT3G60740,-0.22113696
AT3G60750,-0.18830116
AT3G60760,-0.001455149
AT3G60770,0.15912193
AT3G60780,0.1622029
AT3G60790,0.010129593
AT3G60800,0.30207494
AT3G60810,-0.032424234
AT3G60820,0.42599568
AT3G60830,0.0023598522
AT3G60840,-0.22541647
AT3G60850,0.08701371
AT3G60860,0.12164716
AT3G60870,-0.007187116
AT3G60880,0.040807508
AT3G60890,-0.020673497
AT3G60900,0.0009360637
AT3G60910,-0.29936352
AT3G60920,0.0063654827
AT3G60930,0.0
AT3G60940,-0.012756328
AT3G60950,0.015419971
AT3G60960,0.07850799
AT3G60961,0.39743662
AT3G60966,1.097065
AT3G60970,0.24154803
AT3G60975,0.0
AT3G60980,0.22858053
AT3G60990,-0.024541033
AT3G61000,0.0
AT3G61020,0.0
AT3G61028,-0.027633874
AT3G61030,9.4449664e-05
AT3G61035,0.015084355
AT3G61040,-0.0020349345
AT3G61050,-0.11857731
AT3G61060,-0.48412043
AT3G61070,0.30179304
AT3G61080,-0.5598785
AT3G61090,-0.014883239
AT3G61100,-0.0385809
AT3G61110,0.22172253
AT3G61111,0.28201303
AT3G61113,0.08906562
AT3G61117,-0.00014308134
AT3G61120,-0.0031872608
AT3G61130,-0.11268613
AT3G61140,0.27063823
AT3G61150,-0.20952836
AT3G61160,0.29824764
AT3G61170,-0.07418206
AT3G61172,0.0
AT3G61175,-0.008441553
AT3G61177,0.019147288
AT3G61180,0.11327821
AT3G61182,0.044527348
AT3G61190,1.1353066
AT3G61200,0.40117627
AT3G61210,-0.30917108
AT3G61220,-0.053726424
AT3G61230,-0.0012545403
AT3G61240,0.069852136
AT3G61250,-0.053592034
AT3G61260,-0.31204736
AT3G61270,0.0784823
AT3G61280,0.5677593
AT3G61290,0.0003203997
AT3G61300,0.029358434
AT3G61310,-0.27063134
AT3G61320,-0.09444794
AT3G61340,0.0994182
AT3G61350,0.0158999
AT3G61360,0.009476897
AT3G61370,-0.08931824
AT3G61380,-0.19495203
AT3G61390,1.8801533
AT3G61400,0.102628164
AT3G61410,-0.071533896
AT3G61415,-0.040653944
AT3G61420,-0.019855639
AT3G61430,0.2579969
AT3G61440,0.14824578
AT3G61450,0.11198285
AT3G61460,0.12054579
AT3G61470,-0.40570593
AT3G61480,0.04217271
AT3G61490,0.4277208
AT3G61500,0.003433886
AT3G61510,-0.1481462
AT3G61520,-0.2581353
AT3G61530,0.3536159
AT3G61540,0.16732642
AT3G61550,-0.3721823
AT3G61560,0.038078964
AT3G61570,0.031974107
AT3G61571,-0.014230621
AT3G61580,-0.16036555
AT3G61590,0.01186689
AT3G61600,0.08039837
AT3G61610,-0.12557842
AT3G61620,0.1699906
AT3G61630,0.26433262
AT3G61640,-0.31927177
AT3G61650,-0.25666562
AT3G61660,-0.008784551
AT3G61670,-0.08199613
AT3G61680,-0.020844707
AT3G61690,0.027979923
AT3G61700,-0.17882049
AT3G61710,0.1167255
AT3G61720,0.03203885
AT3G61723,0.0
AT3G61730,-0.004144276
AT3G61740,-0.084810875
AT3G61750,-0.34627265
AT3G61760,0.3049334
AT3G61770,0.17351499
AT3G61780,-0.17863823
AT3G61790,0.22708789
AT3G61800,0.17094147
AT3G61810,-0.09648211
AT3G61820,-0.034935683
AT3G61826,0.0
AT3G61829,-0.001253377
AT3G61830,-0.549215
AT3G61840,0.002330269
AT3G61850,-0.20489141
AT3G61860,0.16730736
AT3G61870,-0.49597728
AT3G61880,0.0047177803
AT3G61890,0.41765034
AT3G61898,-0.07179305
AT3G61900,0.20925896
AT3G61910,-0.0030416094
AT3G61920,0.07988176
AT3G61930,1.715125
AT3G61940,0.014443902
AT3G61950,-0.27513477
AT3G61960,0.32265723
AT3G61962,0.0
AT3G61970,-0.08210231
AT3G61980,0.22641724
AT3G61990,0.5992386
AT3G62000,-0.11039466
AT3G62010,0.010488257
AT3G62020,0.3604263
AT3G62030,-0.44089365
AT3G62040,-0.17540646
AT3G62050,-0.13360347
AT3G62060,-0.31066957
AT3G62070,-0.48933566
AT3G62080,-0.12848638
AT3G62090,0.2600951
AT3G62100,-0.19748405
AT3G62110,-0.16607411
AT3G62120,-0.059896376
AT3G62130,0.16397916
AT3G62140,0.009567996
AT3G62150,0.26472557
AT3G62160,0.17031895
AT3G62170,-0.002018402
AT3G62180,0.008572084
AT3G62190,-0.0165621
AT3G62200,-0.12925203
AT3G62210,-0.07104922
AT3G62220,-0.16288286
AT3G62230,-0.0023170523
AT3G62240,0.16378716
AT3G62250,0.09380011
AT3G62260,0.32784432
AT3G62270,0.026510606
AT3G62280,0.1163076
AT3G62290,0.12841308
AT3G62300,-0.26907492
AT3G62310,0.2800364
AT3G62320,0.013886903
AT3G62330,0.19842805
AT3G62340,0.0009280382
AT3G62350,0.0
AT3G62360,0.15299462
AT3G62370,0.10927948
AT3G62380,0.021272276
AT3G62390,-0.71491367
AT3G62400,0.37555435
AT3G62410,-0.2378801
AT3G62420,0.102017894
AT3G62430,0.042792507
AT3G62440,0.0
AT3G62450,0.12554668
AT3G62460,0.42443433
AT3G62470,-0.315846
AT3G62499,-0.08087828
AT3G62500,-0.275581
AT3G62510,-0.09657085
AT3G62528,-0.00085557473
AT3G62530,0.04811268
AT3G62540,-0.2449032
AT3G62550,0.1085017
AT3G62560,0.11473321
AT3G62570,-0.17328317
AT3G62580,0.43200597
AT3G62590,0.8709424
AT3G62600,0.43087387
AT3G62610,0.006490164
AT3G62615,0.0
AT3G62620,0.04506124
AT3G62630,-0.30256236
AT3G62640,0.006479886
AT3G62650,0.17947051
AT3G62660,-0.09620637
AT3G62670,-0.00043517636
AT3G62680,-0.10876038
AT3G62690,-0.23826869
AT3G62695,-0.021944579
AT3G62700,-0.18778616
AT3G62710,0.033060305
AT3G62720,0.0011624165
AT3G62730,0.14847672
AT3G62740,-0.15380521
AT3G62750,-0.45857
AT3G62760,-0.12280774
AT3G62770,0.37700737
AT3G62780,0.31545433
AT3G62790,0.23197249
AT3G62800,0.15967768
AT3G62810,0.26458928
AT3G62820,-0.1815038
AT3G62830,0.39183733
AT3G62850,0.12972242
AT3G62860,-0.12656774
AT3G62870,0.05216834
AT3G62880,0.09914714
AT3G62890,0.02495469
AT3G62900,0.029818526
AT3G62910,-0.38832372
AT3G62920,0.26829103
AT3G62930,-0.45943436
AT3G62940,-0.079439044
AT3G62950,-0.85039055
AT3G62960,-0.04405688
AT3G62970,-0.085681446
AT3G62980,-0.09629969
AT3G62990,0.01856172
AT3G63000,0.09718614
AT3G63010,0.6000649
AT3G63020,0.0127209015
AT3G63030,0.41778374
AT3G63040,-0.021317601
AT3G63050,0.36578846
AT3G63052,0.03731493
AT3G63060,0.6878844
AT3G63070,0.15978833
AT3G63080,0.26948604
AT3G63088,-0.27333695
AT3G63090,0.21734227
AT3G63093,-0.034904074
AT3G63095,-0.039135005
AT3G63110,-0.43169686
AT3G63120,-0.29567176
AT3G63130,-0.12008502
AT3G63140,-0.7611756
AT3G63150,0.13568528
AT3G63160,-0.39702308
AT3G63170,-0.3038787
AT3G63180,-0.12922747
AT3G63190,-0.44725436
AT3G63200,-0.14077964
AT3G63210,0.23767936
AT3G63215,0.06356486
AT3G63220,0.13914283
AT3G63230,0.0
AT3G63240,0.0137482695
AT3G63250,-0.113567285
AT3G63255,-0.015260888
AT3G63260,0.14434558
AT3G63270,0.14522487
AT3G63280,0.3351894
AT3G63290,0.12478451
AT3G63300,-0.30450168
AT3G63310,0.4546841
AT3G63320,0.03392984
AT3G63330,0.0
AT3G63340,0.11676358
AT3G63350,0.04758692
AT3G63360,0.054782104
AT3G63370,-0.40433744
AT3G63380,1.9251018
AT3G63390,0.107425705
AT3G63400,0.08705303
AT3G63410,-0.38336974
AT3G63420,0.160544
AT3G63430,-0.044397827
AT3G63440,-0.4853628
AT3G63450,-0.51386786
AT3G63460,0.15954919
AT3G63470,-0.011658874
AT3G63480,-0.029505001
AT3G63490,-0.35344708
AT3G63500,0.06519131
AT3G63510,-0.38910982
AT3G63520,-0.17421111
AT3G63530,-0.4301938
AT3G63540,-0.16685222
AT3G63550,0.0
AT3G66652,-0.06502466
AT3G66654,0.2489219
AT3G66656,0.0
AT3G66658,-0.084950194
AT4G00005,0.00063961017
AT4G00020,-0.06314187
AT4G00026,0.20361952
AT4G00030,-0.14804883
AT4G00040,-0.099012285
AT4G00050,-0.5729802
AT4G00060,0.035185523
AT4G00070,-0.053507134
AT4G00080,-0.070509955
AT4G00090,0.28347397
AT4G00100,0.012876937
AT4G00110,0.14386211
AT4G00120,0.00010396173
AT4G00130,0.012975527
AT4G00140,0.2048687
AT4G00150,-0.2783306
AT4G00155,0.00059342064
AT4G00160,-4.5022683e-05
AT4G00163,-0.034836963
AT4G00165,-0.39985657
AT4G00170,0.20855123
AT4G00180,-0.38509515
AT4G00190,0.00011097522
AT4G00200,0.3539049
AT4G00210,0.08820246
AT4G00220,0.009765448
AT4G00230,0.13726474
AT4G00231,0.036455333
AT4G00232,0.0053028073
AT4G00234,0.011167703
AT4G00238,0.009562012
AT4G00240,0.28638974
AT4G00250,0.058734354
AT4G00260,0.0
AT4G00270,-0.16390263
AT4G00280,-0.025928855
AT4G00290,0.28423166
AT4G00295,0.032495912
AT4G00300,-0.038669713
AT4G00305,0.32812563
AT4G00310,-0.19735621
AT4G00315,0.0054826904
AT4G00320,0.0
AT4G00330,0.2330092
AT4G00335,0.11284646
AT4G00340,-0.14852569
AT4G00342,0.0
AT4G00350,-0.008341653
AT4G00355,0.28451505
AT4G00360,-0.42402473
AT4G00370,-0.24356852
AT4G00380,-0.58445674
AT4G00390,0.15732457
AT4G00400,-0.75740016
AT4G00416,-0.014606907
AT4G00420,0.01812779
AT4G00430,0.4718369
AT4G00440,0.009860267
AT4G00450,0.17061068
AT4G00460,-0.12029557
AT4G00467,0.0019900461
AT4G00480,-0.2471243
AT4G00490,-0.4732293
AT4G00500,0.24597494
AT4G00520,-0.14710934
AT4G00525,-0.06475984
AT4G00530,0.09574282
AT4G00540,0.022714742
AT4G00550,0.27276757
AT4G00560,-0.41801983
AT4G00570,0.17057873
AT4G00580,0.04460691
AT4G00585,0.26510522
AT4G00590,0.033268597
AT4G00600,0.00028496265
AT4G00610,0.008731861
AT4G00620,0.24303088
AT4G00630,0.0443715
AT4G00650,-0.08232481
AT4G00651,0.0032181472
AT4G00660,0.15160403
AT4G00670,-0.11936113
AT4G00680,-0.04754722
AT4G00690,-0.14000262
AT4G00695,0.09236653
AT4G00700,0.95049477
AT4G00710,-0.12316111
AT4G00720,-0.113845505
AT4G00730,-0.29011455
AT4G00740,-0.120905586
AT4G00750,-0.143977
AT4G00752,-0.16873023
AT4G00755,-0.010327031
AT4G00760,-0.100720614
AT4G00770,-0.006439988
AT4G00780,-0.12611698
AT4G00800,0.006614595
AT4G00810,-0.007930469
AT4G00820,-0.52587885
AT4G00830,-0.049902387
AT4G00840,0.21405576
AT4G00850,0.017618503
AT4G00860,0.41731998
AT4G00870,-0.36587808
AT4G00872,-4.5022683e-05
AT4G00880,-0.31810772
AT4G00883,0.00033261467
AT4G00889,0.0018849338
AT4G00890,-0.28220725
AT4G00893,-0.04128214
AT4G00895,0.068314895
AT4G00900,0.53462774
AT4G00905,-0.01869298
AT4G00910,0.07357604
AT4G00920,0.06864298
AT4G00925,0.0
AT4G00930,-0.059982646
AT4G00940,0.09720607
AT4G00950,-0.8568819
AT4G00953,0.0010539254
AT4G00955,0.14919743
AT4G00960,0.03584003
AT4G00970,-0.38365644
AT4G00980,-0.130837
AT4G00990,-0.27310634
AT4G01000,0.09556383
AT4G01010,0.44330904
AT4G01020,-0.046752036
AT4G01023,0.07074073
AT4G01026,0.10257793
AT4G01030,-0.20773274
AT4G01037,0.14566323
AT4G01040,-0.20561923
AT4G01050,-0.479729
AT4G01060,-0.09855888
AT4G01070,0.33717778
AT4G01080,-0.14918716
AT4G01090,-0.19634938
AT4G01100,0.12272775
AT4G01110,0.23294546
AT4G01120,-0.13217166
AT4G01130,-0.09059553
AT4G01140,-0.07217644
AT4G01150,-0.37674063
AT4G01160,0.026517
AT4G01170,0.0
AT4G01180,0.26198342
AT4G01190,-0.20801409
AT4G01200,0.026813319
AT4G01210,-0.07442056
AT4G01220,0.11525174
AT4G01230,-0.06908554
AT4G01240,-0.017555078
AT4G01245,0.0
AT4G01250,-0.2104589
AT4G01260,0.00021515523
AT4G01270,-0.016768653
AT4G01280,0.013473021
AT4G01290,0.050832268
AT4G01310,-0.56807804
AT4G01320,0.31142548
AT4G01330,-0.58504915
AT4G01335,-0.19191307
AT4G01340,0.0017143943
AT4G01350,-0.05014447
AT4G01360,1.2042667
AT4G01370,0.34998867
AT4G01380,-0.007254601
AT4G01390,-0.8420233
AT4G01395,0.20340577
AT4G01400,0.04186284
AT4G01410,-0.10249402
AT4G01420,0.12988959
AT4G01430,1.1964407
AT4G01435,-0.002281557
AT4G01440,0.09594619
AT4G01450,-0.12870304
AT4G01460,-0.81511474
AT4G01470,0.010503476
AT4G01480,0.19336036
AT4G01500,-0.111141495
AT4G01510,-0.15953802
AT4G01516,0.0
AT4G01520,0.0
AT4G01535,0.007348448
AT4G01540,0.8547285
AT4G01550,0.0062599103
AT4G01560,0.2124557
AT4G01570,-0.15242779
AT4G01575,0.06484356
AT4G01580,-0.29917124
AT4G01590,0.10385256
AT4G01595,-0.049447116
AT4G01600,0.29149884
AT4G01610,0.6489717
AT4G01630,0.009501875
AT4G01640,0.0
AT4G01650,0.045208573
AT4G01660,0.32972637
AT4G01670,-0.020517457
AT4G01671,0.0
AT4G01680,-0.2986244
AT4G01690,-0.12767217
AT4G01700,0.7772112
AT4G01703,0.0
AT4G01710,0.10175614
AT4G01720,-0.030829474
AT4G01730,-0.111339204
AT4G01735,0.0006878758
AT4G01740,-0.051887393
AT4G01750,0.26377228
AT4G01760,0.026976082
AT4G01770,-0.03926393
AT4G01780,0.0043438626
AT4G01790,0.1871111
AT4G01800,-0.36641112
AT4G01810,0.21348722
AT4G01820,-0.019410485
AT4G01830,-0.04930543
AT4G01840,-0.16520153
AT4G01850,0.40813863
AT4G01860,0.005769674
AT4G01870,1.5327666
AT4G01880,0.08405259
AT4G01883,-0.23844649
AT4G01890,0.010745846
AT4G01895,0.9808443
AT4G01897,0.012498031
AT4G01900,-0.086985335
AT4G01910,0.23975901
AT4G01915,-0.21833126
AT4G01920,0.29122072
AT4G01925,0.072765626
AT4G01930,0.021321923
AT4G01935,-0.1952826
AT4G01940,0.16810048
AT4G01950,-0.38709143
AT4G01960,0.1846124
AT4G01970,0.030089818
AT4G01985,0.1405513
AT4G01990,0.07605935
AT4G01995,-0.295331
AT4G02000,0.061897654
AT4G02010,-0.049710136
AT4G02020,-0.1603868
AT4G02030,0.12587765
AT4G02040,0.13477008
AT4G02050,0.23481274
AT4G02060,-0.08305784
AT4G02070,-0.05254658
AT4G02075,-0.34597215
AT4G02080,0.24737448
AT4G02090,0.10198337
AT4G02100,-0.062516876
AT4G02110,0.006693812
AT4G02120,0.025727639
AT4G02130,-0.1810413
AT4G02140,-0.26102075
AT4G02150,0.25905368
AT4G02160,0.008559591
AT4G02170,-0.046007488
AT4G02180,-0.029747544
AT4G02190,0.0
AT4G02195,0.1115479
AT4G02200,-0.3597214
AT4G02210,-0.2991375
AT4G02220,0.5176362
AT4G02230,0.08307507
AT4G02235,-3.0241226e-05
AT4G02250,0.0
AT4G02260,-0.21297868
AT4G02270,-0.080126986
AT4G02280,0.5700418
AT4G02290,-0.43598863
AT4G02300,0.008022505
AT4G02310,0.0012371927
AT4G02320,0.25039303
AT4G02330,0.19144374
AT4G02340,0.27159682
AT4G02350,0.15903115
AT4G02360,0.8228531
AT4G02370,0.5201635
AT4G02380,1.1942652
AT4G02390,0.12967953
AT4G02400,0.06859419
AT4G02405,0.26732796
AT4G02410,0.019897414
AT4G02420,-0.0057357084
AT4G02425,-0.14827468
AT4G02430,-0.047075115
AT4G02440,-0.14659481
AT4G02450,0.18331572
AT4G02460,0.020963334
AT4G02465,-0.00427761
AT4G02470,0.0
AT4G02482,-0.23930195
AT4G02485,-0.10518056
AT4G02489,0.0
AT4G02500,-0.11424306
AT4G02510,-0.20879826
AT4G02520,1.2491881
AT4G02530,-0.39366907
AT4G02540,-0.29675066
AT4G02541,0.00040189092
AT4G02550,0.554985
AT4G02560,0.017638514
AT4G02570,0.25582278
AT4G02580,0.16661681
AT4G02590,0.10752719
AT4G02600,-0.024033044
AT4G02610,-0.170599
AT4G02620,0.20786352
AT4G02630,-0.45535702
AT4G02640,-0.034525387
AT4G02650,0.50554097
AT4G02655,0.015154963
AT4G02660,0.27708563
AT4G02670,-0.22563331
AT4G02680,-0.080797076
AT4G02690,0.01677478
AT4G02700,0.12249254
AT4G02710,0.042259708
AT4G02715,0.047602627
AT4G02720,-0.13799396
AT4G02725,-0.027950017
AT4G02730,0.3791528
AT4G02733,-6.168511e-05
AT4G02735,-0.000248121
AT4G02740,0.2653772
AT4G02750,0.027006948
AT4G02760,0.06462343
AT4G02770,-0.40207726
AT4G02780,-0.22093776
AT4G02790,-0.31992894
AT4G02800,-0.14369552
AT4G02810,-0.13780607
AT4G02820,-0.08179374
AT4G02830,0.016890988
AT4G02840,0.21167482
AT4G02850,-0.13300356
AT4G02860,0.3625976
AT4G02870,0.010059102
AT4G02880,0.1836972
AT4G02890,0.2556976
AT4G02900,-0.293177
AT4G02910,0.0
AT4G02920,-0.3182487
AT4G02930,0.52447146
AT4G02940,0.6591993
AT4G02960,0.0
AT4G02970,-0.006430979
AT4G02980,0.1840148
AT4G02990,0.030614372
AT4G03000,-0.020245073
AT4G03010,-0.2693035
AT4G03020,0.26950032
AT4G03030,0.34361744
AT4G03040,0.008878079
AT4G03050,-0.0163575
AT4G03060,0.0
AT4G03070,-0.21820726
AT4G03080,0.27381238
AT4G03090,-0.049332432
AT4G03100,-0.16341469
AT4G03110,-0.27304152
AT4G03113,0.002234078
AT4G03115,-0.13234805
AT4G03120,0.16750124
AT4G03130,0.05809399
AT4G03140,-0.01494857
AT4G03150,-0.10121521
AT4G03153,0.0031489232
AT4G03156,0.0
AT4G03157,-0.004996278
AT4G03160,0.0
AT4G03165,0.0
AT4G03170,0.0
AT4G03175,0.001157932
AT4G03180,0.20103046
AT4G03190,-0.44637528
AT4G03200,0.24909331
AT4G03205,-0.4006724
AT4G03210,-0.9404322
AT4G03220,-0.005965291
AT4G03230,-0.03190209
AT4G03240,0.17309599
AT4G03250,-0.19500832
AT4G03260,0.04265974
AT4G03270,-0.06604126
AT4G03280,-0.43735602
AT4G03290,0.00089970225
AT4G03292,0.072673656
AT4G03298,0.0012238396
AT4G03320,1.4115651
AT4G03330,0.031769607
AT4G03340,0.04405167
AT4G03350,-0.002857666
AT4G03360,0.5968846
AT4G03370,0.0031489232
AT4G03380,-0.011736306
AT4G03390,0.041338272
AT4G03400,-0.0042746435
AT4G03410,0.39759907
AT4G03415,-0.29876274
AT4G03420,0.38669255
AT4G03430,0.19802628
AT4G03440,-0.15843594
AT4G03443,-0.019672928
AT4G03450,0.39406383
AT4G03460,0.40309003
AT4G03470,0.0129423225
AT4G03480,0.013345566
AT4G03490,0.10295633
AT4G03495,-0.00033164222
AT4G03500,0.055699285
AT4G03505,0.055147167
AT4G03510,0.06435911
AT4G03520,-0.10868395
AT4G03540,0.40512878
AT4G03550,0.2690038
AT4G03560,-0.12522335
AT4G03565,0.0036092831
AT4G03566,0.010557352
AT4G03570,0.0
AT4G03580,0.018504212
AT4G03590,0.0
AT4G03600,-0.056104872
AT4G03610,0.026571468
AT4G03620,-0.018630756
AT4G03625,0.0
AT4G03630,0.0
AT4G03635,-0.0015073805
AT4G03645,-0.0032301124
AT4G03728,0.0
AT4G03740,0.00019578324
AT4G03820,0.3554186
AT4G03830,0.0
AT4G03930,0.019182192
AT4G03940,-0.25583535
AT4G03945,0.027286619
AT4G03950,-0.00813482
AT4G03960,0.5246463
AT4G03965,0.0067005735
AT4G04020,0.052078772
AT4G04025,-0.014516263
AT4G04030,0.030425219
AT4G04040,-0.19887313
AT4G04078,0.0
AT4G04080,0.0
AT4G04090,0.046071213
AT4G04110,0.0
AT4G04180,0.0901478
AT4G04190,-0.015044251
AT4G04200,0.013070705
AT4G04210,0.3336144
AT4G04220,0.35412413
AT4G04260,0.047288533
AT4G04265,-0.022211801
AT4G04320,0.15133639
AT4G04330,-0.22609647
AT4G04340,-0.42699692
AT4G04350,-0.40445024
AT4G04360,-0.23125729
AT4G04370,-0.13966227
AT4G04402,0.0
AT4G04404,0.0
AT4G04415,-0.017023921
AT4G04423,0.014127182
AT4G04430,0.0
AT4G04450,0.183873
AT4G04460,-0.04247899
AT4G04470,0.18303339
AT4G04480,0.15005839
AT4G04490,1.3644261
AT4G04500,0.65792304
AT4G04510,0.083546095
AT4G04540,0.85160834
AT4G04555,0.0
AT4G04570,-0.4444182
AT4G04580,0.011661248
AT4G04601,0.0
AT4G04605,-0.005535798
AT4G04610,0.30563396
AT4G04614,-0.05445766
AT4G04620,0.468761
AT4G04630,-0.65643483
AT4G04632,0.0
AT4G04640,-0.40106323
AT4G04650,0.0
AT4G04670,0.091778904
AT4G04680,0.017696885
AT4G04690,-0.0053740577
AT4G04695,0.39096287
AT4G04700,-0.3345345
AT4G04710,0.057593457
AT4G04720,0.069280066
AT4G04730,0.0016876188
AT4G04740,0.06750127
AT4G04745,-0.10461087
AT4G04750,-0.6500098
AT4G04760,-0.038240105
AT4G04770,0.073141016
AT4G04775,0.0
AT4G04780,-0.019490818
AT4G04790,0.16301103
AT4G04800,0.469362
AT4G04810,-0.4103429
AT4G04830,-0.70000637
AT4G04840,-0.5890133
AT4G04850,-0.25450185
AT4G04860,0.13801181
AT4G04870,0.16930489
AT4G04880,0.014879843
AT4G04885,0.12110419
AT4G04890,-0.42106426
AT4G04900,-0.15419546
AT4G04910,0.33057815
AT4G04920,0.28019586
AT4G04925,0.26423165
AT4G04930,-0.0051621804
AT4G04940,0.3891739
AT4G04950,0.09790929
AT4G04955,-0.5428439
AT4G04957,0.0
AT4G04960,0.48632866
AT4G04970,0.06015554
AT4G04972,0.3471022
AT4G04980,0.00075580116
AT4G04985,0.00011097522
AT4G04990,0.24859822
AT4G05000,0.086011134
AT4G05010,0.045895107
AT4G05018,0.061028626
AT4G05020,0.8070681
AT4G05030,0.4186684
AT4G05040,-0.23158957
AT4G05050,0.28688514
AT4G05060,0.08525457
AT4G05070,-0.20691028
AT4G05071,0.037180882
AT4G05080,0.0
AT4G05090,-0.41061145
AT4G05091,-0.0020847165
AT4G05095,-0.0050961096
AT4G05097,-0.0022698212
AT4G05100,1.0418067
AT4G05110,-0.35596496
AT4G05120,-0.07726839
AT4G05130,-0.2665522
AT4G05140,0.0033237152
AT4G05150,0.16790016
AT4G05160,0.34091225
AT4G05170,-0.32522008
AT4G05180,-0.34902677
AT4G05190,-0.23596974
AT4G05200,-0.016249185
AT4G05210,-0.09685643
AT4G05220,-0.07752079
AT4G05230,0.0
AT4G05240,0.00064307556
AT4G05250,0.0
AT4G05260,0.0
AT4G05270,0.0
AT4G05310,0.0
AT4G05320,0.2534491
AT4G05330,-0.09576587
AT4G05340,0.0
AT4G05350,0.014248785
AT4G05360,0.013047392
AT4G05380,0.045709
AT4G05390,0.40103608
AT4G05400,-0.09013416
AT4G05410,0.23100352
AT4G05420,0.048570596
AT4G05430,-0.0036370635
AT4G05440,0.24021833
AT4G05450,0.2767042
AT4G05460,0.25940964
AT4G05470,-0.0129380915
AT4G05475,-0.016870076
AT4G05490,0.03493832
AT4G05497,0.11240386
AT4G05500,0.0
AT4G05520,-0.23167382
AT4G05523,0.0
AT4G05530,0.36292034
AT4G05540,-0.08829418
AT4G05553,0.0
AT4G05555,0.0
AT4G05590,0.1439
AT4G05612,0.0
AT4G05620,0.0
AT4G05630,0.0
AT4G05631,0.060836647
AT4G05632,0.0
AT4G06479,-0.0076161283
AT4G06490,0.0
AT4G06526,0.0
AT4G06534,-0.42558005
AT4G06536,-0.46380174
AT4G06583,-0.054764185
AT4G06598,-0.16849832
AT4G06599,0.08579576
AT4G06634,0.085046396
AT4G06639,0.0
AT4G06643,0.02470082
AT4G06655,0.010150562
AT4G06676,0.19298361
AT4G06688,0.0
AT4G06744,1.0881013
AT4G06746,0.78320646
AT4G07325,0.0
AT4G07350,0.011270438
AT4G07380,0.0
AT4G07390,0.3427101
AT4G07400,-0.17130694
AT4G07408,0.3390992
AT4G07410,0.103658766
AT4G07445,0.0
AT4G07455,-0.16195075
AT4G07515,0.0
AT4G07524,-1.3039381e-05
AT4G07526,0.0009935361
AT4G07666,0.0
AT4G07670,0.01683436
AT4G07675,0.00027761556
AT4G07740,0.0
AT4G07820,0.20252773
AT4G07825,-0.21138744
AT4G07835,0.0
AT4G07868,-0.0071061277
AT4G07932,0.0
AT4G07940,0.014261205
AT4G07950,0.14303574
AT4G07960,-0.19981726
AT4G07965,0.00058331515
AT4G07990,0.1340724
AT4G07995,-0.019557
AT4G08025,0.0
AT4G08028,0.0
AT4G08039,0.0
AT4G08040,-0.43650684
AT4G08097,0.0
AT4G08140,0.0
AT4G08150,-0.040464204
AT4G08160,0.058574185
AT4G08170,0.26986206
AT4G08180,0.3983532
AT4G08190,0.0
AT4G08210,0.037423357
AT4G08230,0.34297723
AT4G08240,-0.033382315
AT4G08250,-0.052709598
AT4G08260,0.00010573755
AT4G08263,0.0031489232
AT4G08267,0.0
AT4G08270,0.0
AT4G08280,-0.06733314
AT4G08290,0.4335574
AT4G08300,-0.28633428
AT4G08310,-0.12248164
AT4G08320,0.18842435
AT4G08330,-0.00045817648
AT4G08350,-0.0070925704
AT4G08360,0.00489535
AT4G08370,-0.0022384438
AT4G08380,0.00021643797
AT4G08390,0.57123274
AT4G08395,0.0
AT4G08400,-0.04646323
AT4G08406,0.0
AT4G08410,-0.08144848
AT4G08430,0.0
AT4G08450,0.019746102
AT4G08455,0.11221505
AT4G08460,0.19691168
AT4G08470,0.40746126
AT4G08480,0.13561362
AT4G08485,0.0
AT4G08500,0.13390031
AT4G08510,0.25988823
AT4G08520,0.15436694
AT4G08530,0.0
AT4G08535,0.04178511
AT4G08540,0.06908977
AT4G08545,0.0
AT4G08550,0.0012937579
AT4G08555,0.44950205
AT4G08558,0.0
AT4G08560,0.0
AT4G08570,0.0025643443
AT4G08580,0.0050669927
AT4G08590,-0.19061795
AT4G08593,-0.0034963612
AT4G08620,-0.030791584
AT4G08630,0.0
AT4G08640,0.0
AT4G08670,0.0
AT4G08685,-0.5062975
AT4G08690,0.038699962
AT4G08691,-0.014802839
AT4G08700,-0.17261651
AT4G08730,0.013604206
AT4G08740,0.0
AT4G08760,0.010073621
AT4G08770,2.7345078
AT4G08780,0.76311386
AT4G08790,0.058381483
AT4G08800,0.0
AT4G08810,-0.028099084
AT4G08840,0.0
AT4G08850,0.028869502
AT4G08867,-0.02925518
AT4G08868,0.008837987
AT4G08869,0.0039484883
AT4G08870,0.62807524
AT4G08874,-0.045623023
AT4G08875,0.00069152383
AT4G08876,-6.161876e-05
AT4G08878,0.017467381
AT4G08895,0.0
AT4G08900,0.13920298
AT4G08910,0.020213682
AT4G08920,-0.24865867
AT4G08930,0.029488103
AT4G08940,0.2232326
AT4G08950,-0.2913405
AT4G08960,0.20885488
AT4G08980,0.081149414
AT4G08990,-0.027325097
AT4G09000,0.14162248
AT4G09010,-0.67490447
AT4G09012,0.07523768
AT4G09020,0.15987892
AT4G09030,0.5748822
AT4G09035,-0.052389417
AT4G09040,-0.37165615
AT4G09060,0.021084849
AT4G09070,0.00010396173
AT4G09080,0.26139003
AT4G09090,0.0
AT4G09100,0.22593503
AT4G09110,0.0727008
AT4G09120,0.019686118
AT4G09130,0.0665867
AT4G09140,0.012199164
AT4G09150,0.0027956257
AT4G09153,0.0
AT4G09160,-0.5335886
AT4G09170,0.037718352
AT4G09180,0.055789907
AT4G09190,0.00032217553
AT4G09200,0.18494825
AT4G09210,7.269358e-05
AT4G09260,0.005696454
AT4G09300,0.48831305
AT4G09320,0.2724318
AT4G09330,0.0
AT4G09350,-0.25538784
AT4G09360,0.0
AT4G09420,0.04344282
AT4G09430,-0.06939482
AT4G09435,-0.07404974
AT4G09440,0.0
AT4G09450,0.0
AT4G09460,-0.07655129
AT4G09462,0.0
AT4G09464,0.0
AT4G09465,0.0
AT4G09466,0.0
AT4G09490,0.19717266
AT4G09500,-0.005396392
AT4G09510,0.09560433
AT4G09520,-0.06550886
AT4G09530,-0.0015821245
AT4G09545,0.0
AT4G09550,-0.085460834
AT4G09560,0.018023308
AT4G09570,0.2616771
AT4G09580,0.18242918
AT4G09585,0.0
AT4G09589,-0.008328946
AT4G09590,-0.008096019
AT4G09600,-0.01754326
AT4G09610,-0.0016403457
AT4G09620,-0.10171471
AT4G09630,0.03445591
AT4G09640,-0.43249422
AT4G09647,0.0
AT4G09649,-0.015854001
AT4G09650,-0.5151174
AT4G09660,0.0
AT4G09670,-0.13346592
AT4G09680,0.11934832
AT4G09690,-0.021966219
AT4G09720,0.07636944
AT4G09730,-0.091654286
AT4G09731,0.014079215
AT4G09740,0.0
AT4G09750,0.5525057
AT4G09760,0.017754741
AT4G09770,0.35937652
AT4G09775,0.0
AT4G09780,-0.0012257297
AT4G09784,0.0
AT4G09790,0.0
AT4G09795,0.0
AT4G09810,-0.21879397
AT4G09820,0.0799169
AT4G09830,0.18147777
AT4G09840,0.10755296
AT4G09850,0.006160666
AT4G09860,0.0
AT4G09870,0.0098785665
AT4G09880,-0.012290983
AT4G09890,-0.35595462
AT4G09900,-0.19350162
AT4G09920,-0.15954453
AT4G09930,0.0
AT4G09940,-0.003057286
AT4G09950,-0.24541868
AT4G09960,-0.011117853
AT4G09965,0.0008352516
AT4G09970,-0.11974402
AT4G09980,0.13792233
AT4G09984,0.0
AT4G09990,-0.008723013
AT4G10000,-0.07363006
AT4G10010,-0.0024302565
AT4G10020,-0.010331622
AT4G10030,-0.14537482
AT4G10040,0.672751
AT4G10050,-0.02550009
AT4G10060,-0.06044141
AT4G10070,0.27759296
AT4G10080,-0.017518178
AT4G10090,0.11844734
AT4G10100,0.17203435
AT4G10110,0.16673563
AT4G10115,0.0
AT4G10120,-0.58525544
AT4G10130,0.21879369
AT4G10140,0.17062657
AT4G10150,-0.41955954
AT4G10160,-0.111560114
AT4G10170,-0.045796342
AT4G10180,-0.0045191445
AT4G10190,0.0
AT4G10200,0.06961049
AT4G10210,0.0
AT4G10220,-0.00033121463
AT4G10230,0.01922703
AT4G10240,0.0
AT4G10250,0.32451716
AT4G10260,-0.0022384438
AT4G10265,0.018188054
AT4G10270,-0.03140538
AT4G10280,0.09253591
AT4G10300,-0.27124238
AT4G10305,0.00030196193
AT4G10310,-0.20845094
AT4G10320,0.1834933
AT4G10330,0.15090455
AT4G10340,-0.5844378
AT4G10350,-0.020270862
AT4G10360,0.10621313
AT4G10370,0.011102346
AT4G10380,0.042388096
AT4G10390,0.26458213
AT4G10400,-0.10855532
AT4G10410,0.019103602
AT4G10420,-0.05000826
AT4G10430,0.103375
AT4G10440,-0.0029358903
AT4G10450,0.23136908
AT4G10457,0.0
AT4G10465,-0.0030862114
AT4G10470,-0.25015044
AT4G10480,0.10027351
AT4G10490,-0.0020693394
AT4G10500,0.7318037
AT4G10510,0.025584893
AT4G10520,0.01673107
AT4G10530,0.010487826
AT4G10540,0.008954811
AT4G10550,-0.13492726
AT4G10560,0.031391773
AT4G10570,0.0802967
AT4G10590,0.34488946
AT4G10595,0.0
AT4G10600,-0.35997558
AT4G10603,0.0
AT4G10610,0.2757666
AT4G10613,0.0005212506
AT4G10620,0.10938268
AT4G10630,-0.0488096
AT4G10640,-0.07308627
AT4G10650,0.029117199
AT4G10660,0.0
AT4G10670,0.0
AT4G10680,0.0023337672
AT4G10695,-0.013030681
AT4G10700,0.0
AT4G10710,0.056788012
AT4G10720,-0.034482278
AT4G10730,0.01330431
AT4G10740,0.00014951985
AT4G10750,0.13738215
AT4G10760,0.04095056
AT4G10767,0.0
AT4G10770,-0.34914693
AT4G10780,0.05182654
AT4G10790,-0.0028017636
AT4G10800,-0.29656354
AT4G10810,0.23386364
AT4G10820,0.035423893
AT4G10840,-0.020052997
AT4G10843,0.029294996
AT4G10850,0.013408154
AT4G10860,0.66154236
AT4G10870,0.0
AT4G10880,0.0
AT4G10890,-0.31872576
AT4G10895,0.008878079
AT4G10910,-0.47538808
AT4G10920,-0.15580517
AT4G10925,-0.099167146
AT4G10930,0.0069793467
AT4G10955,-0.1765765
AT4G10960,0.72023916
AT4G10970,-0.042520963
AT4G11000,-0.15195367
AT4G11010,0.2598841
AT4G11020,0.0017742149
AT4G11030,0.0
AT4G11040,-0.00072639616
AT4G11050,-0.033619437
AT4G11060,0.13539022
AT4G11070,0.18772563
AT4G11080,-0.19569084
AT4G11090,0.01774497
AT4G11100,-0.3407782
AT4G11110,-0.05122872
AT4G11120,0.2860859
AT4G11130,-0.14958684
AT4G11140,-0.043349575
AT4G11150,0.1990638
AT4G11160,0.22409911
AT4G11170,1.5136194
AT4G11175,-0.12021057
AT4G11180,-4.130602e-05
AT4G11190,-0.01235504
AT4G11210,-0.045946352
AT4G11211,-0.48501253
AT4G11220,0.35578793
AT4G11230,-0.057610597
AT4G11240,0.052990276
AT4G11250,0.0012593137
AT4G11260,0.21321408
AT4G11270,0.10346561
AT4G11280,0.71799123
AT4G11290,-0.16358218
AT4G11300,0.05661721
AT4G11310,0.27246395
AT4G11320,-0.00043933548
AT4G11330,-0.0054753087
AT4G11340,0.19929893
AT4G11350,0.33449185
AT4G11360,0.16616188
AT4G11370,0.86779857
AT4G11373,0.0
AT4G11380,0.28496936
AT4G11385,-0.00043517636
AT4G11390,-4.2898675e-05
AT4G11393,0.01974676
AT4G11400,-0.05468272
AT4G11402,0.0
AT4G11410,-0.08040698
AT4G11420,0.13272896
AT4G11430,0.0
AT4G11440,-0.05029395
AT4G11450,-0.43506214
AT4G11460,-0.15762524
AT4G11470,0.03365981
AT4G11480,0.33153892
AT4G11485,-0.025928855
AT4G11490,0.0006798847
AT4G11510,0.028094355
AT4G11521,0.29901725
AT4G11530,0.08248322
AT4G11540,-0.001295218
AT4G11547,-0.13585512
AT4G11550,0.01741082
AT4G11560,0.05894173
AT4G11570,0.10881191
AT4G11580,0.007282044
AT4G11590,0.047755495
AT4G11600,0.69724065
AT4G11610,0.0010758163
AT4G11630,0.23679632
AT4G11640,-0.2654427
AT4G11650,2.3457296
AT4G11653,0.0
AT4G11655,0.9979955
AT4G11660,-0.015927764
AT4G11670,0.29543868
AT4G11680,-0.013790533
AT4G11690,0.10807785
AT4G11700,-0.008873847
AT4G11720,0.01247867
AT4G11730,0.19430143
AT4G11740,0.29419962
AT4G11745,0.0
AT4G11750,0.0
AT4G11760,0.0
AT4G11770,0.0
AT4G11780,-0.10839622
AT4G11790,0.13522343
AT4G11800,0.36555544
AT4G11810,-0.08337191
AT4G11820,0.17351702
AT4G11830,-0.22640613
AT4G11840,0.43608674
AT4G11845,0.045639046
AT4G11850,0.55071974
AT4G11860,0.23832223
AT4G11870,-0.0006372002
AT4G11880,-0.08477381
AT4G11890,1.034787
AT4G11900,-0.19324236
AT4G11910,1.1456262
AT4G11911,0.040706266
AT4G11920,0.15044056
AT4G11930,0.00028496265
AT4G11940,0.0
AT4G11950,-0.101378
AT4G11960,0.11183706
AT4G11970,0.07029569
AT4G11980,-0.02182531
AT4G11990,-0.02615715
AT4G12000,0.057714142
AT4G12005,0.028379228
AT4G12010,0.0008400489
AT4G12020,0.07408045
AT4G12030,-0.45407036
AT4G12040,0.15965489
AT4G12050,-0.08294635
AT4G12060,0.07889434
AT4G12070,0.27860096
AT4G12080,0.4655963
AT4G12090,0.24307178
AT4G12100,-0.010590677
AT4G12110,0.044340648
AT4G12120,0.73369694
AT4G12130,0.21163023
AT4G12140,-0.01700458
AT4G12150,0.0
AT4G12170,-0.0010408886
AT4G12190,0.0038164847
AT4G12210,0.006137809
AT4G12220,0.013966238
AT4G12230,0.20976806
AT4G12240,0.15835796
AT4G12250,0.6178625
AT4G12270,-0.015849067
AT4G12280,0.032046564
AT4G12290,0.5345177
AT4G12300,0.37806305
AT4G12310,-0.2979624
AT4G12320,-0.40718806
AT4G12330,0.12750629
AT4G12334,-3.137753e-05
AT4G12340,0.118100815
AT4G12350,0.08951765
AT4G12360,0.00020805722
AT4G12370,-0.0016445734
AT4G12380,0.018035695
AT4G12382,0.20703985
AT4G12390,-0.44132185
AT4G12400,0.36043662
AT4G12410,0.25442842
AT4G12420,-0.62605983
AT4G12430,0.31936496
AT4G12440,-0.05268279
AT4G12450,0.07946192
AT4G12460,-0.12036839
AT4G12470,0.3164111
AT4G12480,1.4387302
AT4G12490,1.4113952
AT4G12495,0.32830894
AT4G12500,1.4061997
AT4G12510,-0.16682442
AT4G12530,0.006379245
AT4G12540,-0.087322086
AT4G12543,0.00010396173
AT4G12545,-0.052385684
AT4G12550,-0.09624545
AT4G12555,-0.00043517636
AT4G12560,-0.056333452
AT4G12570,0.159098
AT4G12580,0.17969924
AT4G12590,0.18998106
AT4G12600,0.16221304
AT4G12610,0.21890421
AT4G12617,0.0
AT4G12620,-0.16973715
AT4G12640,-0.12930797
AT4G12650,0.17970963
AT4G12670,-0.14264914
AT4G12680,0.0025758983
AT4G12690,-0.5589251
AT4G12700,-0.23243359
AT4G12710,0.036730982
AT4G12720,0.452007
AT4G12730,-0.76661885
AT4G12731,-0.054359335
AT4G12735,0.89178884
AT4G12740,0.09518151
AT4G12750,0.34010157
AT4G12760,0.0068853833
AT4G12770,0.26978704
AT4G12780,0.14356007
AT4G12790,0.27675816
AT4G12800,-0.3784518
AT4G12810,-0.002184638
AT4G12820,0.00045975455
AT4G12825,0.0
AT4G12830,-0.71446633
AT4G12840,0.022925224
AT4G12850,0.11586496
AT4G12860,0.0
AT4G12870,-0.011247975
AT4G12880,-0.6405564
AT4G12890,-0.035262603
AT4G12900,-0.15573837
AT4G12910,0.12123881
AT4G12920,0.0
AT4G12930,0.0
AT4G12940,0.017804723
AT4G12950,0.0
AT4G12960,0.017361129
AT4G12970,-0.7301952
AT4G12980,-0.887615
AT4G12990,-0.020934984
AT4G13000,0.2694728
AT4G13010,0.045356326
AT4G13020,-0.00081849
AT4G13030,0.18102057
AT4G13040,0.043986455
AT4G13050,-0.25962052
AT4G13060,0.0
AT4G13070,0.037909947
AT4G13075,0.0
AT4G13080,0.0
AT4G13090,0.0
AT4G13095,-0.0007445995
AT4G13100,-0.2956588
AT4G13110,0.42156115
AT4G13130,0.0026589627
AT4G13150,-0.13969384
AT4G13160,-0.111041196
AT4G13170,-0.028163379
AT4G13180,0.47602627
AT4G13190,-0.031416427
AT4G13195,0.13282903
AT4G13200,-0.15553983
AT4G13210,-0.02071301
AT4G13220,-0.020514669
AT4G13230,0.00091560965
AT4G13235,0.0353816
AT4G13240,0.07557627
AT4G13250,0.5574385
AT4G13260,0.044793934
AT4G13261,0.00028496265
AT4G13263,0.0
AT4G13266,0.00064307556
AT4G13270,0.3160786
AT4G13280,-0.016996264
AT4G13290,0.0038510498
AT4G13300,-0.011175182
AT4G13310,0.025778033
AT4G13320,0.03758939
AT4G13330,0.034145135
AT4G13340,-0.4199529
AT4G13345,0.07476377
AT4G13350,0.030997928
AT4G13360,0.2917605
AT4G13370,-0.053623416
AT4G13380,0.0
AT4G13390,0.0015911348
AT4G13395,0.50032574
AT4G13400,0.063404396
AT4G13410,0.51743186
AT4G13420,0.1985332
AT4G13430,0.12981571
AT4G13440,-0.023408528
AT4G13450,-0.00013598028
AT4G13460,-0.0977059
AT4G13480,0.014392372
AT4G13490,-3.1546308e-05
AT4G13500,-0.62465405
AT4G13510,0.26367307
AT4G13520,-0.029010598
AT4G13530,0.22965759
AT4G13540,0.28222594
AT4G13550,-0.06202794
AT4G13560,-0.14093384
AT4G13570,-0.09623353
AT4G13572,-0.13821906
AT4G13575,-0.6204316
AT4G13577,-0.23485382
AT4G13580,-0.16817659
AT4G13590,0.010319029
AT4G13600,-0.15870939
AT4G13610,0.0
AT4G13615,0.3068902
AT4G13620,-0.042016797
AT4G13630,0.20791772
AT4G13640,-0.053958498
AT4G13650,-0.07615407
AT4G13660,0.6154319
AT4G13670,-0.33871263
AT4G13680,-0.06610151
AT4G13690,0.010526747
AT4G13700,0.0005930568
AT4G13710,-0.15269129
AT4G13720,-0.10355828
AT4G13730,0.19064744
AT4G13750,0.11179971
AT4G13760,0.0
AT4G13770,-0.6093737
AT4G13780,0.16072382
AT4G13790,0.41370818
AT4G13800,-0.0016255988
AT4G13810,0.037592895
AT4G13820,0.21789148
AT4G13830,-0.30764878
AT4G13840,-0.72211516
AT4G13850,0.5557323
AT4G13860,0.21481912
AT4G13870,0.02652913
AT4G13880,0.2625974
AT4G13885,0.035042703
AT4G13890,0.0057096826
AT4G13900,0.0
AT4G13920,0.7349108
AT4G13930,0.14735161
AT4G13940,0.16461244
AT4G13950,0.1452888
AT4G13955,0.0
AT4G13960,0.0
AT4G13965,0.0
AT4G13968,0.0
AT4G13970,0.0062289843
AT4G13980,0.005244795
AT4G13985,-0.009122336
AT4G13990,-0.31887293
AT4G13992,0.0053422013
AT4G14000,0.060284853
AT4G14010,0.13278253
AT4G14020,0.3218751
AT4G14030,0.12858593
AT4G14040,-0.3170219
AT4G14050,-0.17376846
AT4G14060,0.010319834
AT4G14070,-0.00855769
AT4G14080,0.08789684
AT4G14090,-0.0079138065
AT4G14096,-0.13393559
AT4G14100,-0.26124725
AT4G14103,0.008016619
AT4G14104,-0.0008430156
AT4G14105,0.00015007572
AT4G14110,0.33106717
AT4G14120,-0.073860645
AT4G14130,-0.2057068
AT4G14140,-0.102124654
AT4G14145,0.0032829922
AT4G14147,0.15601836
AT4G14150,0.0405065
AT4G14160,0.15929003
AT4G14165,0.009478412
AT4G14170,0.0056943125
AT4G14180,0.12485479
AT4G14190,0.14714423
AT4G14200,-0.3666864
AT4G14210,-0.20531175
AT4G14220,0.48459065
AT4G14225,0.00369744
AT4G14226,0.003897507
AT4G14230,0.29781926
AT4G14240,-0.07506489
AT4G14245,0.05222612
AT4G14250,0.0057097897
AT4G14260,0.00030673324
AT4G14270,0.026358755
AT4G14272,0.0
AT4G14276,0.0
AT4G14280,0.0017798226
AT4G14290,-0.10087508
AT4G14300,-0.004905012
AT4G14301,0.0
AT4G14310,-0.2339238
AT4G14315,0.0
AT4G14330,-0.22049029
AT4G14340,0.026321642
AT4G14342,0.08343231
AT4G14350,-0.12085986
AT4G14358,-0.09674031
AT4G14360,-0.28006667
AT4G14365,0.6101385
AT4G14368,0.48006672
AT4G14370,0.68331546
AT4G14380,-0.36433426
AT4G14385,-0.18920286
AT4G14390,0.331219
AT4G14400,0.3222277
AT4G14410,0.14712314
AT4G14420,0.44149268
AT4G14430,0.57348096
AT4G14440,-0.27684012
AT4G14450,0.19096006
AT4G14455,0.11319918
AT4G14465,-0.044308078
AT4G14480,-0.34985808
AT4G14490,-0.20172393
AT4G14500,0.083315946
AT4G14510,-0.28904775
AT4G14520,-0.10549579
AT4G14530,0.26431483
AT4G14540,-0.60771227
AT4G14550,-0.31631538
AT4G14560,-0.5718927
AT4G14570,-0.117836155
AT4G14580,0.119427286
AT4G14590,0.22906606
AT4G14600,0.19388571
AT4G14605,0.050899167
AT4G14610,0.0
AT4G14615,0.0776348
AT4G14620,-0.20409192
AT4G14630,2.6468294
AT4G14640,0.19193253
AT4G14650,-0.1668978
AT4G14660,-0.09108516
AT4G14670,0.00021643797
AT4G14675,0.0031489232
AT4G14680,-0.49951866
AT4G14690,0.0115903225
AT4G14695,0.032614168
AT4G14700,-0.11896066
AT4G14710,0.4150559
AT4G14713,-0.33248127
AT4G14716,0.32474977
AT4G14720,-0.011793008
AT4G14723,-0.018028555
AT4G14730,-0.013960891
AT4G14740,-0.48441556
AT4G14746,-0.0010395204
AT4G14750,-0.57097566
AT4G14760,-0.23301387
AT4G14770,-0.21483393
AT4G14780,-0.01613543
AT4G14785,0.0
AT4G14790,0.070898674
AT4G14800,0.53177965
AT4G14805,0.01966401
AT4G14810,0.0
AT4G14815,0.0
AT4G14819,-0.08937187
AT4G14820,0.09612414
AT4G14830,-0.07524533
AT4G14840,0.012205538
AT4G14850,-0.033400044
AT4G14860,-0.11536269
AT4G14870,-0.32390895
AT4G14880,0.1386814
AT4G14890,-0.40602115
AT4G14900,0.032555662
AT4G14905,0.05501269
AT4G14910,-0.077441126
AT4G14920,-0.15739341
AT4G14930,0.18640375
AT4G14940,0.020359708
AT4G14950,0.5962902
AT4G14960,-0.17726302
AT4G14965,0.033248313
AT4G14970,0.19203973
AT4G14980,-0.0076755495
AT4G14990,0.19334348
AT4G15000,0.14556381
AT4G15010,0.33866435
AT4G15020,0.13212435
AT4G15025,0.0004671625
AT4G15030,-0.02847555
AT4G15040,0.011625003
AT4G15050,0.0
AT4G15053,0.0
AT4G15056,0.0
AT4G15060,0.0
AT4G15070,0.10975612
AT4G15075,-0.009986557
AT4G15080,0.022399228
AT4G15090,-0.043277085
AT4G15093,0.32604572
AT4G15096,-0.018145964
AT4G15100,0.08107784
AT4G15110,-0.26817316
AT4G15120,1.1662574
AT4G15130,-0.13463596
AT4G15140,-0.1499042
AT4G15150,0.03092705
AT4G15165,0.3389431
AT4G15180,-0.028182514
AT4G15200,0.5092187
AT4G15210,0.15200235
AT4G15215,-0.25786895
AT4G15230,0.6268694
AT4G15233,-0.09646809
AT4G15236,-0.054950073
AT4G15240,0.009563514
AT4G15245,0.2150825
AT4G15248,-0.14641096
AT4G15250,0.007964038
AT4G15260,0.0787351
AT4G15270,0.31300062
AT4G15280,1.1836216
AT4G15290,-0.0024837442
AT4G15300,0.099401884
AT4G15310,0.0006064927
AT4G15320,-0.011648429
AT4G15330,0.20821315
AT4G15340,0.0050370395
AT4G15350,0.0056914026
AT4G15360,0.0009408394
AT4G15370,0.003681248
AT4G15380,-0.08835757
AT4G15390,-0.077918254
AT4G15393,-0.01937367
AT4G15396,0.022085743
AT4G15400,-0.014073905
AT4G15410,0.18216008
AT4G15415,-0.06962393
AT4G15417,0.5367864
AT4G15420,0.48061162
AT4G15430,-0.4291739
AT4G15440,-0.26300952
AT4G15450,-0.43361515
AT4G15460,-0.007740263
AT4G15470,0.2795412
AT4G15475,0.01910851
AT4G15480,0.03273392
AT4G15490,0.55896044
AT4G15500,0.048798952
AT4G15510,-0.33717397
AT4G15520,0.101104684
AT4G15530,0.7420775
AT4G15540,-0.028078984
AT4G15545,-0.32331562
AT4G15550,0.32363698
AT4G15560,-0.365189
AT4G15562,0.0
AT4G15563,0.53156894
AT4G15570,0.13659418
AT4G15610,1.6699498
AT4G15620,-0.38015604
AT4G15630,0.06448806
AT4G15640,0.17398345
AT4G15650,-0.029675635
AT4G15660,-0.1228621
AT4G15670,-0.022058643
AT4G15680,-0.5115476
AT4G15690,-0.20353489
AT4G15700,0.080155365
AT4G15710,-0.1804206
AT4G15715,0.0
AT4G15720,0.08701444
AT4G15730,0.122259
AT4G15733,0.0
AT4G15735,0.0
AT4G15740,0.03863866
AT4G15750,-0.0056860065
AT4G15755,0.014451108
AT4G15760,0.15121666
AT4G15765,0.23897193
AT4G15770,0.22652045
AT4G15780,-0.02049399
AT4G15790,-0.3173007
AT4G15800,-0.23027134
AT4G15802,0.016468355
AT4G15810,-0.45675066
AT4G15820,-0.17473298
AT4G15830,-0.17604132
AT4G15840,-0.018805927
AT4G15850,0.07001149
AT4G15870,0.0
AT4G15880,0.111929946
AT4G15885,5.43159e-06
AT4G15890,0.087858945
AT4G15900,0.09399918
AT4G15910,0.3915495
AT4G15920,0.109595716
AT4G15930,-0.22796078
AT4G15940,0.47563124
AT4G15950,-0.16303943
AT4G15953,-0.10446902
AT4G15955,0.4332463
AT4G15960,-0.15987822
AT4G15970,-0.012336005
AT4G15975,0.23913155
AT4G15980,0.001963525
AT4G15990,-0.087398045
AT4G16000,0.19866242
AT4G16008,-0.17286606
AT4G16015,0.04936726
AT4G16024,0.0
AT4G16030,-0.009518278
AT4G16040,0.0
AT4G16045,0.0
AT4G16050,-0.0046425834
AT4G16060,-0.035107255
AT4G16070,0.0039873887
AT4G16080,0.007370143
AT4G16090,0.0023337672
AT4G16095,0.009416027
AT4G16100,0.14065865
AT4G16110,0.2812918
AT4G16120,-0.047202244
AT4G16130,0.24942292
AT4G16140,-0.4929919
AT4G16141,-0.19148509
AT4G16143,0.122964196
AT4G16144,0.20421566
AT4G16146,0.9863434
AT4G16150,0.06977304
AT4G16155,-0.3526956
AT4G16160,0.124692954
AT4G16162,-0.031087691
AT4G16165,0.0
AT4G16180,0.048465453
AT4G16190,0.441385
AT4G16195,0.00017970966
AT4G16200,0.014024264
AT4G16210,0.34914526
AT4G16215,0.051068563
AT4G16220,0.016265878
AT4G16230,-0.015020803
AT4G16233,0.0030733875
AT4G16240,0.067408755
AT4G16250,0.31601563
AT4G16260,2.5418801
AT4G16265,0.047571246
AT4G16270,-0.016831592
AT4G16280,0.11890918
AT4G16295,0.0
AT4G16310,-0.012762536
AT4G16330,0.09329663
AT4G16340,-0.44504493
AT4G16350,-0.040222134
AT4G16360,0.07684424
AT4G16370,-0.17504428
AT4G16380,-0.014312981
AT4G16390,0.06122726
AT4G16400,-0.08140874
AT4G16410,-0.4293631
AT4G16420,0.055830847
AT4G16430,0.21588686
AT4G16440,0.2531033
AT4G16442,-0.026114525
AT4G16444,0.24519444
AT4G16447,0.069502026
AT4G16450,0.20077932
AT4G16451,-0.012887691
AT4G16460,0.041688856
AT4G16470,-0.2316578
AT4G16480,-0.114174046
AT4G16490,-0.053139456
AT4G16500,0.39318916
AT4G16510,0.07332398
AT4G16515,-0.3176328
AT4G16520,0.027718667
AT4G16530,0.0014713117
AT4G16535,0.14911738
AT4G16540,0.04672747
AT4G16545,0.0013497985
AT4G16550,-0.0037769838
AT4G16555,0.0
AT4G16560,-0.0045011924
AT4G16563,0.26117682
AT4G16566,0.0869382
AT4G16570,-0.11926578
AT4G16580,0.04171785
AT4G16590,0.5495677
AT4G16600,0.04130343
AT4G16610,-0.01730045
AT4G16620,0.0023082413
AT4G16630,0.2985104
AT4G16640,0.069200896
AT4G16650,-0.15509254
AT4G16660,0.37764034
AT4G16670,0.2990034
AT4G16680,0.29294288
AT4G16690,0.64358133
AT4G16695,0.092258126
AT4G16700,0.23875071
AT4G16710,-0.09686724
AT4G16720,0.054186974
AT4G16730,0.35897216
AT4G16740,1.996193
AT4G16745,-0.116653204
AT4G16750,0.1575044
AT4G16760,0.79407793
AT4G16765,-0.06463714
AT4G16770,0.12055155
AT4G16780,-0.2714503
AT4G16790,0.076279305
AT4G16800,-0.33903563
AT4G16807,0.06942376
AT4G16810,0.0018611955
AT4G16820,0.62984484
AT4G16830,-0.0130951265
AT4G16835,0.012112357
AT4G16840,0.21428862
AT4G16845,0.18716745
AT4G16850,0.1092451
AT4G16855,0.042337704
AT4G16857,-0.44533622
AT4G16860,-0.014097673
AT4G16880,-0.291784
AT4G16890,0.06828036
AT4G16900,0.025739307
AT4G16915,0.016801342
AT4G16920,0.015052661
AT4G16930,0.0023337672
AT4G16940,-0.0438488
AT4G16950,0.06496088
AT4G16955,0.09171804
AT4G16957,0.10582461
AT4G16960,0.10565907
AT4G16970,-0.04541676
AT4G16980,-0.7446588
AT4G16983,-0.078675255
AT4G16990,-0.428128
AT4G17000,-0.22050734
AT4G17010,0.27703524
AT4G17020,0.025219323
AT4G17030,0.19775937
AT4G17040,0.01844077
AT4G17050,-0.16661823
AT4G17060,0.13626869
AT4G17070,0.28417662
AT4G17080,-0.04206827
AT4G17085,0.23236448
AT4G17090,-0.40458763
AT4G17140,0.27747774
AT4G17150,-0.06845623
AT4G17160,0.12792183
AT4G17170,0.053542346
AT4G17180,-0.30388752
AT4G17190,-0.15283956
AT4G17200,0.014179822
AT4G17210,0.013871651
AT4G17215,0.3845121
AT4G17220,-0.028137678
AT4G17230,0.1811979
AT4G17240,-0.23259214
AT4G17243,-0.09091398
AT4G17245,-0.261899
AT4G17250,0.07763179
AT4G17260,0.29766616
AT4G17270,0.23478147
AT4G17280,0.29448324
AT4G17300,-0.080766685
AT4G17310,0.30178025
AT4G17330,-0.12448348
AT4G17340,-0.042913627
AT4G17350,-0.33813474
AT4G17360,-0.4266465
AT4G17370,-0.077676356
AT4G17380,0.05916453
AT4G17390,0.06799684
AT4G17410,-0.02996524
AT4G17420,0.043172598
AT4G17430,0.3908331
AT4G17440,0.092601836
AT4G17460,-0.8794145
AT4G17470,0.96580756
AT4G17480,-0.03569686
AT4G17483,0.36860496
AT4G17486,0.30775493
AT4G17490,0.42950773
AT4G17500,0.65928406
AT4G17505,0.00064307556
AT4G17510,0.17993514
AT4G17520,-0.08445509
AT4G17530,0.22470294
AT4G17540,-0.2265593
AT4G17550,0.13751534
AT4G17560,-0.5669097
AT4G17565,0.0059707942
AT4G17570,0.20088418
AT4G17580,0.0
AT4G17585,0.0054826904
AT4G17590,0.0
AT4G17600,-0.49202925
AT4G17610,-0.0112432595
AT4G17615,0.45547292
AT4G17616,-0.02836937
AT4G17620,0.097638614
AT4G17640,0.042300228
AT4G17650,0.5579671
AT4G17660,0.056366336
AT4G17670,0.29612866
AT4G17680,-0.26655075
AT4G17690,0.012450252
AT4G17695,0.2547928
AT4G17700,0.0
AT4G17710,0.05070292
AT4G17713,0.0
AT4G17718,0.0015883271
AT4G17720,0.5708307
AT4G17730,-0.00550717
AT4G17740,-0.21486218
AT4G17750,0.037135586
AT4G17760,-0.043505702
AT4G17770,-0.2502974
AT4G17780,0.037241705
AT4G17785,0.03704725
AT4G17787,0.0
AT4G17790,0.12381543
AT4G17800,0.055837765
AT4G17810,-0.65414417
AT4G17830,0.5121802
AT4G17840,0.20774789
AT4G17850,0.0
AT4G17860,-0.00024207578
AT4G17870,-0.27643675
AT4G17880,-0.16015649
AT4G17890,-0.08312311
AT4G17895,0.23750436
AT4G17900,0.25062624
AT4G17905,-0.1631789
AT4G17910,0.0038477208
AT4G17915,0.0
AT4G17920,-0.04628255
AT4G17940,0.06742362
AT4G17950,-0.12887609
AT4G17960,-0.052912362
AT4G17970,-0.5803201
AT4G17980,-0.057091802
AT4G17990,0.0
AT4G18010,0.3356931
AT4G18020,-0.07340396
AT4G18030,-0.44875982
AT4G18040,0.210294
AT4G18050,0.6892812
AT4G18060,-0.22658291
AT4G18070,-0.35953745
AT4G18080,0.011688697
AT4G18090,-0.0029113197
AT4G18100,0.1209556
AT4G18110,0.013424464
AT4G18120,0.0
AT4G18130,-0.2215797
AT4G18140,0.18023275
AT4G18150,0.21402805
AT4G18160,0.07583121
AT4G18170,1.2082002
AT4G18180,-0.0101500545
AT4G18190,-0.001312076
AT4G18195,-0.053052492
AT4G18197,-0.48348695
AT4G18203,-0.07031527
AT4G18205,-0.5906195
AT4G18210,0.26120067
AT4G18215,0.079514265
AT4G18220,-0.60758144
AT4G18230,0.10768372
AT4G18240,-0.14922814
AT4G18250,0.8473938
AT4G18253,0.94680756
AT4G18257,0.0
AT4G18260,-0.4506534
AT4G18270,0.109820835
AT4G18280,-0.07163669
AT4G18290,-0.017070616
AT4G18300,0.22026685
AT4G18310,0.017016968
AT4G18320,0.025413085
AT4G18330,-0.013495822
AT4G18335,-0.001117306
AT4G18340,-0.32173103
AT4G18350,0.25975236
AT4G18360,1.0485905
AT4G18370,-0.51170224
AT4G18372,0.24304111
AT4G18375,-0.121891916
AT4G18380,-0.061735902
AT4G18390,0.007490758
AT4G18395,0.020402987
AT4G18400,0.13236496
AT4G18422,0.37929156
AT4G18425,0.44338942
AT4G18430,1.3525376
AT4G18440,-0.005592569
AT4G18450,0.009569473
AT4G18460,-0.2616145
AT4G18465,0.062352583
AT4G18470,0.2580425
AT4G18480,-0.32454836
AT4G18490,-0.2629033
AT4G18500,0.0038658057
AT4G18501,-0.14478117
AT4G18510,-0.17693733
AT4G18520,-0.17652535
AT4G18530,-0.020690281
AT4G18540,-0.014662013
AT4G18550,0.18192135
AT4G18570,-0.39330637
AT4G18580,0.50968635
AT4G18590,0.12243107
AT4G18593,-0.05205499
AT4G18596,0.082629144
AT4G18600,-0.08595309
AT4G18610,-0.098327905
AT4G18620,0.003934958
AT4G18630,0.31416848
AT4G18640,-0.43454966
AT4G18650,0.0004925745
AT4G18660,0.0013618957
AT4G18670,-0.80163527
AT4G18680,0.00011097522
AT4G18690,0.00049079844
AT4G18692,0.06556423
AT4G18700,0.009178202
AT4G18710,-0.03098732
AT4G18720,0.0124369385
AT4G18740,-0.5522718
AT4G18750,-0.037580527
AT4G18760,-0.57569224
AT4G18770,0.0044035036
AT4G18780,0.010162633
AT4G18790,-0.005109149
AT4G18800,0.42044657
AT4G18810,-0.22761789
AT4G18820,-0.20098369
AT4G18823,-3.137753e-05
AT4G18830,0.015384848
AT4G18840,0.020566348
AT4G18860,0.00011097522
AT4G18870,0.105914116
AT4G18880,0.21699598
AT4G18890,0.5405357
AT4G18900,-0.008286224
AT4G18905,0.13062823
AT4G18910,0.2525582
AT4G18920,0.0010357369
AT4G18930,0.2876313
AT4G18940,-0.05290791
AT4G18950,0.89959884
AT4G18960,0.013329884
AT4G18970,-0.8988453
AT4G18975,-0.03738353
AT4G18980,0.7646499
AT4G18990,0.75912607
AT4G19000,0.37595457
AT4G19003,0.070578925
AT4G19006,0.40215504
AT4G19010,0.1575347
AT4G19020,-0.615835
AT4G19030,-0.02583947
AT4G19035,-0.0008392466
AT4G19038,0.0
AT4G19040,0.07379826
AT4G19045,0.23311597
AT4G19050,-0.28057483
AT4G19060,-0.21697445
AT4G19070,-0.26141787
AT4G19080,0.05443744
AT4G19090,0.023555247
AT4G19095,0.08289094
AT4G19100,-0.38598707
AT4G19110,0.21179034
AT4G19120,0.14433953
AT4G19130,-0.09848473
AT4G19140,0.16627403
AT4G19150,0.06200241
AT4G19160,0.09724433
AT4G19170,-0.17801233
AT4G19180,0.32432976
AT4G19185,0.2536
AT4G19190,-0.09692199
AT4G19191,-0.13746646
AT4G19200,0.20180932
AT4G19210,0.1622242
AT4G19220,0.116633415
AT4G19230,1.2091739
AT4G19240,0.18723805
AT4G19250,0.0
AT4G19260,0.0
AT4G19270,0.0
AT4G19275,0.0031489232
AT4G19330,0.0
AT4G19340,0.0
AT4G19350,-0.09334798
AT4G19360,0.0049971044
AT4G19370,0.8763691
AT4G19380,-0.12029288
AT4G19390,0.48131505
AT4G19400,0.13024098
AT4G19410,-0.10079337
AT4G19420,-0.12060056
AT4G19430,-0.0738636
AT4G19440,0.11645651
AT4G19450,0.016138282
AT4G19460,1.1810105
AT4G19470,0.019406749
AT4G19480,0.0
AT4G19485,0.0033653611
AT4G19490,-0.062430866
AT4G19500,-0.23055519
AT4G19510,0.04708419
AT4G19520,0.21094145
AT4G19530,-0.6117499
AT4G19540,-0.026191602
AT4G19550,-0.0061254837
AT4G19560,-0.05688171
AT4G19570,-0.04598624
AT4G19580,0.0005120617
AT4G19590,-0.060647823
AT4G19600,0.07495602
AT4G19610,-0.00062894943
AT4G19620,0.0005186968
AT4G19630,-0.005627531
AT4G19640,0.26309714
AT4G19645,0.24658595
AT4G19650,0.090157665
AT4G19660,0.14931752
AT4G19670,0.24030256
AT4G19680,-0.05252875
AT4G19690,-0.1961426
AT4G19700,0.6435532
AT4G19710,-0.29507965
AT4G19720,0.44324008
AT4G19730,0.0
AT4G19740,-0.0011941082
AT4G19750,0.05266433
AT4G19760,0.0
AT4G19770,-0.0045204666
AT4G19800,0.006454926
AT4G19810,1.6241909
AT4G19820,-0.5707855
AT4G19830,-0.14370519
AT4G19840,-0.036974814
AT4G19850,0.124012016
AT4G19860,0.13286623
AT4G19865,-0.06956086
AT4G19870,0.11283915
AT4G19880,0.39947984
AT4G19890,-0.19471538
AT4G19900,0.03996327
AT4G19905,0.0037795412
AT4G19910,0.0
AT4G19920,0.000942306
AT4G19925,0.100625746
AT4G19930,0.0
AT4G19940,0.06946508
AT4G19950,0.23073459
AT4G19960,0.10373298
AT4G19970,1.4417856
AT4G19975,0.27923232
AT4G19980,-0.0037798719
AT4G19985,-0.3722443
AT4G19990,0.06527077
AT4G20000,0.16384305
AT4G20010,0.04804289
AT4G20020,0.24229345
AT4G20030,0.081070505
AT4G20040,-0.08036192
AT4G20050,0.2328616
AT4G20060,0.06257255
AT4G20070,-0.47810954
AT4G20080,-0.0035148985
AT4G20090,0.034888644
AT4G20095,0.00079733995
AT4G20100,0.0
AT4G20110,0.9711176
AT4G20130,-0.34665003
AT4G20140,-0.36426184
AT4G20150,0.29636356
AT4G20160,0.016071342
AT4G20170,-0.3908108
AT4G20190,0.004518475
AT4G20200,0.0
AT4G20210,-0.006755357
AT4G20220,0.0
AT4G20230,-0.12543732
AT4G20235,0.00032791038
AT4G20240,-0.052496426
AT4G20250,0.0
AT4G20260,-0.069451295
AT4G20270,-0.36349317
AT4G20280,0.05268225
AT4G20290,0.0032931818
AT4G20300,-0.031839214
AT4G20310,-0.13484435
AT4G20320,0.7336094
AT4G20325,0.0022018384
AT4G20330,0.259469
AT4G20340,-0.04426118
AT4G20350,-0.063833565
AT4G20360,-0.41113016
AT4G20370,0.14210293
AT4G20380,0.08683884
AT4G20390,0.10106911
AT4G20400,0.07563937
AT4G20410,0.0698816
AT4G20420,0.0066019557
AT4G20430,-0.48519033
AT4G20440,0.19268535
AT4G20450,-0.013658368
AT4G20460,0.79850507
AT4G20470,0.02062746
AT4G20480,0.14352708
AT4G20520,0.0
AT4G20530,0.0
AT4G20535,0.0
AT4G20540,0.0
AT4G20550,-0.016620146
AT4G20560,0.0
AT4G20570,0.0
AT4G20580,0.0
AT4G20590,0.0
AT4G20600,0.0
AT4G20610,0.0
AT4G20620,0.0
AT4G20630,0.0
AT4G20640,0.0
AT4G20645,0.0
AT4G20670,0.0
AT4G20680,0.00064307556
AT4G20690,0.0021499044
AT4G20700,-0.10403393
AT4G20703,0.0
AT4G20707,0.00032896103
AT4G20720,0.054236103
AT4G20735,-0.00063913676
AT4G20740,0.03352511
AT4G20750,0.0
AT4G20770,0.08891411
AT4G20780,0.13206321
AT4G20790,0.0
AT4G20800,0.013749081
AT4G20810,0.0
AT4G20820,-0.4497415
AT4G20830,1.1466706
AT4G20835,0.15620823
AT4G20840,-0.09751871
AT4G20850,0.17633048
AT4G20860,0.7674853
AT4G20870,-0.47507975
AT4G20880,-0.06228785
AT4G20890,0.23446688
AT4G20900,-0.004531302
AT4G20910,-0.18437757
AT4G20920,0.10810882
AT4G20930,0.29841107
AT4G20935,-0.002048828
AT4G20940,-0.4782043
AT4G20947,0.019935055
AT4G20953,0.08088129
AT4G20960,-0.0807695
AT4G20970,0.6901914
AT4G20980,0.13951519
AT4G20990,0.02934175
AT4G21000,0.0
AT4G21010,0.10314753
AT4G21020,0.09984115
AT4G21030,0.0
AT4G21040,0.0
AT4G21050,0.0
AT4G21060,0.036803808
AT4G21063,-0.012243888
AT4G21065,-0.033766482
AT4G21070,-0.09435814
AT4G21080,0.013349856
AT4G21090,0.2128333
AT4G21100,0.13930382
AT4G21105,0.38391802
AT4G21110,0.19964996
AT4G21120,1.1547729
AT4G21130,0.03233524
AT4G21140,0.3766457
AT4G21150,0.26154572
AT4G21160,0.34183344
AT4G21170,0.11448643
AT4G21180,0.056238893
AT4G21190,-0.3777996
AT4G21192,0.20938347
AT4G21200,-0.057850037
AT4G21210,-0.22857828
AT4G21213,0.0641631
AT4G21215,0.52934206
AT4G21220,-0.2527129
AT4G21230,-0.059783712
AT4G21240,0.0
AT4G21250,-0.02423513
AT4G21260,0.0
AT4G21270,-0.161215
AT4G21280,-0.57406986
AT4G21300,-0.020144291
AT4G21310,-0.14055744
AT4G21320,0.2568654
AT4G21323,0.122654416
AT4G21326,-0.04197045
AT4G21330,0.00017970966
AT4G21340,-0.017816365
AT4G21350,-0.0024074484
AT4G21364,0.0
AT4G21366,0.0
AT4G21370,0.0
AT4G21380,0.8394372
AT4G21390,1.1992452
AT4G21400,-0.07255689
AT4G21410,-0.08766621
AT4G21430,-0.25834143
AT4G21440,1.0114762
AT4G21445,-0.5376478
AT4G21450,0.09545854
AT4G21460,-0.079542376
AT4G21470,0.4668489
AT4G21480,-0.1476477
AT4G21490,0.12915254
AT4G21500,-0.11250397
AT4G21510,-0.0881616
AT4G21515,0.0
AT4G21520,0.05750666
AT4G21530,0.11399698
AT4G21534,0.3921869
AT4G21540,0.10472029
AT4G21550,-0.246431
AT4G21560,0.10793521
AT4G21570,0.3126645
AT4G21580,0.62426484
AT4G21585,-0.2759828
AT4G21590,0.062056836
AT4G21600,0.022170603
AT4G21610,0.3477048
AT4G21620,0.07980549
AT4G21630,0.02295223
AT4G21640,0.0023337672
AT4G21650,-0.74995816
AT4G21660,0.025238255
AT4G21670,0.13251477
AT4G21680,2.5855823
AT4G21690,-9.508877e-05
AT4G21700,0.16609053
AT4G21705,-0.0026441456
AT4G21710,0.1306303
AT4G21720,0.05780472
AT4G21740,-0.44409359
AT4G21745,-0.003894322
AT4G21750,-0.37266916
AT4G21760,-0.08275371
AT4G21770,-0.3144764
AT4G21780,0.17856057
AT4G21790,0.37686017
AT4G21800,0.21118963
AT4G21810,0.014379805
AT4G21820,-0.055797864
AT4G21830,1.7703071
AT4G21840,1.3635703
AT4G21850,1.4076685
AT4G21860,-0.15217413
AT4G21865,0.36220834
AT4G21870,-0.7559989
AT4G21880,-0.20624726
AT4G21890,-0.3238621
AT4G21895,0.0036617895
AT4G21900,-0.069895774
AT4G21902,-0.004119211
AT4G21903,0.5301162
AT4G21910,0.11390936
AT4G21920,0.7154608
AT4G21926,0.04238016
AT4G21930,-0.12757559
AT4G21940,0.0359232
AT4G21950,0.09615453
AT4G21960,-0.43172303
AT4G21970,-0.19277744
AT4G21980,0.7150266
AT4G21990,0.23106195
AT4G22000,-0.08378947
AT4G22010,-0.54930234
AT4G22030,0.1477543
AT4G22035,0.008598227
AT4G22050,-0.004475839
AT4G22060,0.0
AT4G22070,1.4310604
AT4G22080,-0.011633216
AT4G22090,-0.0017272105
AT4G22100,0.0
AT4G22105,0.00095306704
AT4G22110,0.025326684
AT4G22115,0.00021643797
AT4G22120,-0.36783475
AT4G22130,-0.18781444
AT4G22140,0.069406524
AT4G22150,0.24737364
AT4G22160,-0.14242004
AT4G22165,0.009416027
AT4G22170,-0.094425485
AT4G22180,0.0
AT4G22190,-0.2881802
AT4G22200,-0.13075382
AT4G22210,-0.02298722
AT4G22212,-0.041564226
AT4G22214,0.06224597
AT4G22217,-0.008983955
AT4G22220,0.2586146
AT4G22230,-0.06529698
AT4G22235,-0.073869534
AT4G22240,0.63055813
AT4G22250,0.09393778
AT4G22260,0.27854747
AT4G22270,0.1165724
AT4G22280,0.04778927
AT4G22285,0.071158186
AT4G22300,-0.03948964
AT4G22305,0.39624408
AT4G22310,0.1480582
AT4G22320,0.23927562
AT4G22330,0.11245942
AT4G22340,0.13524733
AT4G22350,-0.036678344
AT4G22360,-0.020476416
AT4G22370,-0.12329844
AT4G22380,0.2758654
AT4G22390,0.01143469
AT4G22400,0.00022709902
AT4G22410,0.029325806
AT4G22420,0.0
AT4G22430,0.0
AT4G22440,0.0
AT4G22460,0.23677136
AT4G22463,-0.000743766
AT4G22467,0.31335834
AT4G22470,1.5945734
AT4G22475,-0.2368091
AT4G22485,-0.23595563
AT4G22490,-0.3160266
AT4G22495,-0.035332747
AT4G22505,-0.086291395
AT4G22510,-0.0004436195
AT4G22513,-0.10529453
AT4G22517,-0.11360173
AT4G22520,-0.10099464
AT4G22530,0.9080327
AT4G22540,-0.25083816
AT4G22550,0.13642488
AT4G22560,-0.39782462
AT4G22570,-0.72131807
AT4G22580,-0.046344206
AT4G22590,1.0108913
AT4G22600,0.13562152
AT4G22610,0.07697952
AT4G22620,-0.04643412
AT4G22630,-0.01947142
AT4G22640,0.02727318
AT4G22650,0.0
AT4G22660,-0.002064471
AT4G22666,-0.06877166
AT4G22670,0.1511439
AT4G22680,0.28965047
AT4G22690,0.06387126
AT4G22700,0.0010405675
AT4G22710,0.7320337
AT4G22720,0.116586804
AT4G22730,-0.15333721
AT4G22740,0.11235345
AT4G22745,-0.014864177
AT4G22750,0.15510152
AT4G22755,0.05899211
AT4G22756,-0.24925222
AT4G22758,0.1420327
AT4G22760,-0.09518294
AT4G22770,0.41112003
AT4G22780,-0.34957477
AT4G22790,-0.101288185
AT4G22810,-0.002534528
AT4G22820,0.3786539
AT4G22830,-0.17312726
AT4G22840,0.14335744
AT4G22850,0.08482451
AT4G22860,-0.1267251
AT4G22870,0.012878906
AT4G22880,-0.021397924
AT4G22890,-0.4580642
AT4G22900,-0.23819979
AT4G22910,0.079145804
AT4G22920,0.5447612
AT4G22930,0.096073866
AT4G22940,0.12405972
AT4G22950,-0.17627124
AT4G22960,0.072930574
AT4G22970,0.5273636
AT4G22980,0.8124842
AT4G22990,-0.1468362
AT4G23000,-0.050709866
AT4G23010,0.36602652
AT4G23015,0.08834325
AT4G23020,-0.4625819
AT4G23030,0.41504526
AT4G23040,0.33364233
AT4G23050,0.45634764
AT4G23060,-0.16968258
AT4G23070,-0.021956857
AT4G23080,0.0
AT4G23090,0.0
AT4G23100,0.65992284
AT4G23110,0.00065847393
AT4G23120,0.0
AT4G23130,0.14592467
AT4G23140,0.19656385
AT4G23150,0.7864295
AT4G23160,0.034280084
AT4G23170,0.8196919
AT4G23180,-0.2232786
AT4G23190,0.5821135
AT4G23200,0.0026442816
AT4G23210,1.1730664
AT4G23220,0.1192548
AT4G23230,0.12379928
AT4G23240,-0.15337212
AT4G23250,0.4689012
AT4G23260,-0.059168603
AT4G23270,0.24013704
AT4G23271,0.0005754491
AT4G23280,0.25463068
AT4G23290,-0.82299066
AT4G23300,-0.27810818
AT4G23310,-0.18143299
AT4G23320,0.3634709
AT4G23330,-0.04269593
AT4G23340,0.032081693
AT4G23350,5.669485e-05
AT4G23355,0.0
AT4G23360,0.0
AT4G23365,0.0
AT4G23370,7.828231e-05
AT4G23373,0.0
AT4G23380,0.0
AT4G23390,-0.03049056
AT4G23400,-0.6672677
AT4G23410,-0.22464712
AT4G23420,-0.01178705
AT4G23430,0.09301343
AT4G23440,-0.18451317
AT4G23450,0.4579992
AT4G23460,0.23004903
AT4G23470,0.37684262
AT4G23490,-0.3711482
AT4G23493,-0.15390742
AT4G23496,-0.052328553
AT4G23498,0.0
AT4G23500,0.021052679
AT4G23510,-0.037208054
AT4G23515,0.047055736
AT4G23520,-0.0072041196
AT4G23530,-0.055411085
AT4G23540,0.29041135
AT4G23550,0.64682513
AT4G23560,0.2507001
AT4G23570,-0.113200165
AT4G23580,-0.007742068
AT4G23590,0.20753042
AT4G23600,0.6767327
AT4G23610,0.24652001
AT4G23620,0.19000049
AT4G23630,0.2877332
AT4G23640,0.118295506
AT4G23650,0.022710484
AT4G23660,0.24276975
AT4G23670,-0.36723566
AT4G23680,1.1254742
AT4G23690,0.29793963
AT4G23700,2.085232
AT4G23710,0.42631602
AT4G23712,0.0
AT4G23720,-0.1973757
AT4G23730,0.10983867
AT4G23740,-0.39468306
AT4G23750,-0.22661114
AT4G23760,0.38802594
AT4G23770,-0.4211722
AT4G23780,0.0072380407
AT4G23790,-0.5257814
AT4G23800,-0.45709863
AT4G23810,-0.03503855
AT4G23820,-0.8007567
AT4G23850,0.13684697
AT4G23860,0.06022487
AT4G23870,-0.6085666
AT4G23880,-0.25911692
AT4G23882,-0.017120304
AT4G23885,0.8949653
AT4G23890,-0.30567223
AT4G23895,-0.059169948
AT4G23900,0.11927255
AT4G23910,0.034300346
AT4G23920,0.25178772
AT4G23930,-0.20162192
AT4G23940,-0.38623998
AT4G23950,0.040667288
AT4G23960,0.0008231457
AT4G23970,0.00024607428
AT4G23980,-0.028815396
AT4G23990,0.30396032
AT4G24000,1.7625229
AT4G24010,0.19493839
AT4G24015,0.023603512
AT4G24020,0.020838594
AT4G24026,0.5650573
AT4G24040,0.471257
AT4G24050,-0.14249456
AT4G24060,-0.18539427
AT4G24070,0.007815416
AT4G24080,-0.01167301
AT4G24090,-0.21831882
AT4G24100,0.0032261517
AT4G24110,0.66362596
AT4G24120,0.561019
AT4G24130,0.638479
AT4G24140,-0.09861927
AT4G24150,-0.0019278696
AT4G24160,0.34244093
AT4G24170,0.18614547
AT4G24180,-0.17174596
AT4G24190,0.20026542
AT4G24200,0.18047531
AT4G24204,-0.0043074135
AT4G24210,0.06850814
AT4G24220,0.33055568
AT4G24230,-0.107332654
AT4G24231,9.840261e-05
AT4G24240,-0.09909715
AT4G24250,0.001207251
AT4G24260,-0.12191127
AT4G24265,-0.026336128
AT4G24270,0.16705795
AT4G24275,-0.47838756
AT4G24280,-0.16487305
AT4G24290,0.16432779
AT4G24300,0.0
AT4G24310,0.23283716
AT4G24320,0.101527765
AT4G24330,0.26602498
AT4G24340,1.524285
AT4G24350,-0.20656478
AT4G24370,-0.13230057
AT4G24380,0.54677045
AT4G24390,-0.09320779
AT4G24400,0.29172024
AT4G24410,-0.009286325
AT4G24413,6.6325374e-05
AT4G24420,0.05526074
AT4G24430,0.1339623
AT4G24440,0.22224393
AT4G24450,0.057487402
AT4G24460,0.063623205
AT4G24470,0.19079298
AT4G24480,-0.105046704
AT4G24490,0.175697
AT4G24500,-0.19077705
AT4G24510,-0.6209999
AT4G24520,0.08246729
AT4G24530,-0.20729387
AT4G24540,-0.34243855
AT4G24550,0.11855724
AT4G24560,0.110015675
AT4G24570,-0.14297049
AT4G24580,0.011541145
AT4G24590,0.072999366
AT4G24600,-0.010720339
AT4G24610,-0.10590211
AT4G24615,-0.042160805
AT4G24620,-0.05191654
AT4G24630,0.019555127
AT4G24640,-0.010137135
AT4G24644,0.0
AT4G24650,0.0
AT4G24660,-0.12822862
AT4G24670,-0.5333911
AT4G24680,0.04491585
AT4G24690,0.53461117
AT4G24700,-0.36501747
AT4G24710,-0.0449181
AT4G24715,0.0022181754
AT4G24730,0.2019897
AT4G24740,0.015984904
AT4G24750,-0.3681673
AT4G24760,-0.259928
AT4G24770,-0.5105802
AT4G24780,-0.664905
AT4G24790,-0.47920576
AT4G24800,-0.10380808
AT4G24810,-0.32182884
AT4G24820,0.51740074
AT4G24830,0.17320429
AT4G24840,0.13493678
AT4G24860,-0.13288876
AT4G24880,0.21871048
AT4G24890,-0.009478922
AT4G24900,0.00029072072
AT4G24910,0.09265686
AT4G24920,0.5983894
AT4G24930,-0.41625232
AT4G24940,-0.01915521
AT4G24950,0.00018506043
AT4G24960,0.01943178
AT4G24970,0.027299488
AT4G24972,-0.37370145
AT4G24973,0.0033281222
AT4G24974,0.009837372
AT4G24975,0.032103427
AT4G24980,0.0
AT4G24990,0.26565453
AT4G25000,1.3420697
AT4G25010,0.016625555
AT4G25020,-0.20345566
AT4G25030,0.5848253
AT4G25040,0.0
AT4G25050,-0.521697
AT4G25070,0.8584158
AT4G25080,-0.5070104
AT4G25090,0.09100285
AT4G25100,-0.19905907
AT4G25110,0.44087362
AT4G25120,-0.25806215
AT4G25130,0.10923704
AT4G25140,0.022748418
AT4G25150,0.044734545
AT4G25160,-0.0726569
AT4G25170,0.31768823
AT4G25180,0.060105037
AT4G25190,0.010376115
AT4G25200,0.45197323
AT4G25210,-0.0022379837
AT4G25220,0.17991525
AT4G25225,0.12813109
AT4G25230,0.4429533
AT4G25240,-0.13753597
AT4G25250,-0.015246154
AT4G25260,-0.41220802
AT4G25270,-0.27613717
AT4G25280,-0.050420847
AT4G25290,-0.35829657
AT4G25300,-0.029505799
AT4G25310,0.14853813
AT4G25315,0.18745604
AT4G25320,0.28476426
AT4G25330,0.029268872
AT4G25340,0.12525369
AT4G25350,-0.1273187
AT4G25360,0.040753327
AT4G25370,0.07338182
AT4G25380,0.34491152
AT4G25390,0.67292804
AT4G25400,-0.013393361
AT4G25410,0.06095046
AT4G25420,-0.20485061
AT4G25430,-0.009119175
AT4G25433,0.29017213
AT4G25434,0.2711564
AT4G25440,0.23163591
AT4G25450,-0.13926929
AT4G25470,-0.35920325
AT4G25480,0.20956065
AT4G25490,-0.31003898
AT4G25500,0.16020702
AT4G25510,-0.008094726
AT4G25515,0.06167567
AT4G25520,0.020524718
AT4G25530,0.0028527593
AT4G25540,-0.0056797834
AT4G25550,0.19258294
AT4G25560,-0.011669621
AT4G25570,-0.12241799
AT4G25580,0.28008997
AT4G25590,0.0031489232
AT4G25600,-0.32356843
AT4G25610,0.09042521
AT4G25620,-0.42738166
AT4G25630,0.36985627
AT4G25640,0.32344574
AT4G25650,0.053772178
AT4G25660,0.20575789
AT4G25670,0.3608216
AT4G25680,-0.067001686
AT4G25690,0.36548313
AT4G25700,0.14127208
AT4G25707,0.033073023
AT4G25710,0.11700503
AT4G25720,0.28528526
AT4G25730,0.20578842
AT4G25740,-0.022534551
AT4G25750,-0.10274392
AT4G25760,-0.034511715
AT4G25770,0.055934217
AT4G25780,-0.25895324
AT4G25790,-0.03150219
AT4G25800,0.17744851
AT4G25810,0.5789244
AT4G25820,0.061379686
AT4G25830,-0.828827
AT4G25835,-0.07681101
AT4G25840,0.21133769
AT4G25845,0.024792476
AT4G25850,-0.038497567
AT4G25860,0.0062255226
AT4G25870,-0.32600227
AT4G25880,0.19709551
AT4G25890,0.0626106
AT4G25900,0.946565
AT4G25910,-0.3809741
AT4G25920,0.05666796
AT4G25930,0.21465904
AT4G25940,0.014098899
AT4G25950,-0.12094788
AT4G25960,-0.62606794
AT4G25970,0.10244257
AT4G25980,0.023431845
AT4G25990,-0.13470985
AT4G26000,0.16661963
AT4G26010,-0.0705538
AT4G26020,0.007256671
AT4G26030,0.0006002406
AT4G26040,0.00021837451
AT4G26050,0.8197285
AT4G26055,0.14499974
AT4G26060,0.7042075
AT4G26070,0.32502338
AT4G26080,0.74503535
AT4G26090,0.16174479
AT4G26100,0.011352209
AT4G26110,0.037569333
AT4G26120,0.97989166
AT4G26130,0.25372043
AT4G26140,-0.13683283
AT4G26145,-0.032323796
AT4G26150,-0.18583189
AT4G26160,0.19623008
AT4G26170,-0.046552625
AT4G26180,0.10527678
AT4G26190,-0.15120113
AT4G26200,0.4421672
AT4G26210,0.31256709
AT4G26220,0.010950345
AT4G26230,-0.04326002
AT4G26240,0.41877264
AT4G26250,0.0030325435
AT4G26260,2.2628107
AT4G26270,0.99498963
AT4G26280,0.028764864
AT4G26288,-0.16940309
AT4G26290,-0.030687703
AT4G26300,-0.119913824
AT4G26310,0.15956081
AT4G26320,-0.07849433
AT4G26330,-0.005883166
AT4G26340,0.00010396173
AT4G26350,0.0
AT4G26370,-0.25925544
AT4G26380,0.013505039
AT4G26390,-0.012234541
AT4G26400,0.12167203
AT4G26410,0.13557413
AT4G26415,-0.11662142
AT4G26420,0.0002396705
AT4G26430,-0.008993346
AT4G26440,-0.0027994378
AT4G26450,0.077871196
AT4G26455,0.15705875
AT4G26460,0.016477045
AT4G26466,0.06884194
AT4G26470,1.1491866
AT4G26480,0.03732056
AT4G26483,0.0
AT4G26485,0.0
AT4G26490,0.0120370025
AT4G26500,0.107762985
AT4G26510,0.11818195
AT4G26520,-0.52498037
AT4G26530,-1.2052742
AT4G26540,-0.3488513
AT4G26550,0.3323794
AT4G26555,-0.50307566
AT4G26560,0.057567116
AT4G26570,-0.06131228
AT4G26580,0.11519586
AT4G26590,0.06766134
AT4G26600,0.0880215
AT4G26610,-0.1114619
AT4G26620,-0.0076982346
AT4G26630,-0.20126887
AT4G26640,-0.029472075
AT4G26650,-0.035341296
AT4G26660,-0.18112113
AT4G26670,0.14366901
AT4G26680,-0.17196438
AT4G26690,-0.15161398
AT4G26700,-0.04845118
AT4G26701,0.00065475167
AT4G26710,0.11067618
AT4G26720,0.03854569
AT4G26730,-0.02443068
AT4G26740,0.012267549
AT4G26750,0.2927084
AT4G26760,-0.40648654
AT4G26770,-0.0113807
AT4G26780,0.20280187
AT4G26790,-0.38428488
AT4G26800,0.056436334
AT4G26810,0.21760274
AT4G26820,0.016528582
AT4G26830,-0.13519545
AT4G26840,0.06366591
AT4G26850,-0.0757271
AT4G26860,-0.35873306
AT4G26870,0.026187249
AT4G26880,-0.0056503853
AT4G26890,0.3500851
AT4G26900,-0.12255937
AT4G26910,0.6806479
AT4G26920,0.0
AT4G26930,0.09851541
AT4G26940,0.2470828
AT4G26950,-0.01242261
AT4G26960,-0.024144359
AT4G26965,0.16226652
AT4G26970,0.33730668
AT4G26980,0.055450257
AT4G26990,0.7305925
AT4G27000,0.22843744
AT4G27010,0.37093535
AT4G27020,0.083683014
AT4G27030,-0.56939405
AT4G27040,0.09314708
AT4G27050,-0.100836426
AT4G27060,-0.19000906
AT4G27070,0.94642013
AT4G27080,0.26642427
AT4G27090,0.007895786
AT4G27100,-0.04881446
AT4G27110,0.075373
AT4G27120,0.086063966
AT4G27130,0.115367636
AT4G27140,-0.041731883
AT4G27150,-0.0125761395
AT4G27160,0.0056218985
AT4G27170,0.0028335925
AT4G27180,-0.40263957
AT4G27190,0.0031489232
AT4G27220,0.3154909
AT4G27230,-0.13953187
AT4G27240,-0.55467623
AT4G27250,-0.01726415
AT4G27260,0.7080303
AT4G27270,0.19623446
AT4G27280,0.037482414
AT4G27290,0.1683576
AT4G27300,-0.58634055
AT4G27310,-0.24181297
AT4G27320,0.10500462
AT4G27330,0.0077910842
AT4G27340,-0.04230933
AT4G27350,0.027163614
AT4G27360,-0.11578307
AT4G27370,-0.39676186
AT4G27380,0.1789547
AT4G27390,0.03617499
AT4G27400,0.111874186
AT4G27410,0.58022845
AT4G27415,0.0
AT4G27420,0.0079464335
AT4G27430,-0.46711507
AT4G27435,0.01359024
AT4G27440,-0.17403501
AT4G27450,-0.27267054
AT4G27460,0.131785
AT4G27470,0.25992966
AT4G27480,0.051959887
AT4G27490,0.17059472
AT4G27500,0.19998334
AT4G27510,-0.019645607
AT4G27520,-0.22684623
AT4G27530,0.029284442
AT4G27540,0.4421968
AT4G27550,0.0013087967
AT4G27560,0.077301346
AT4G27565,1.9909849e-05
AT4G27570,-0.017304426
AT4G27575,0.0
AT4G27585,0.58189857
AT4G27590,0.097430706
AT4G27595,-0.6128603
AT4G27600,-0.25371855
AT4G27610,-0.26517516
AT4G27620,0.10421518
AT4G27630,-0.049402036
AT4G27640,-0.078971595
AT4G27650,-0.07708046
AT4G27652,-0.11609189
AT4G27654,-0.6120287
AT4G27657,-0.23119672
AT4G27660,-0.095453136
AT4G27670,0.2688333
AT4G27680,0.35055757
AT4G27690,0.106439315
AT4G27700,-0.3144854
AT4G27710,-0.1274689
AT4G27720,-0.6258876
AT4G27730,-0.12543675
AT4G27740,0.14547446
AT4G27745,0.15900356
AT4G27750,0.006883854
AT4G27760,-0.06429945
AT4G27780,0.3441181
AT4G27790,0.09855052
AT4G27800,-0.09792319
AT4G27810,-0.007364332
AT4G27820,-0.02726002
AT4G27830,0.86971486
AT4G27840,0.18142176
AT4G27845,0.0032572332
AT4G27850,0.036419846
AT4G27860,0.3969077
AT4G27870,0.1546325
AT4G27880,0.089523464
AT4G27890,0.16812828
AT4G27900,-0.02217801
AT4G27910,-0.16630673
AT4G27920,-0.0031037696
AT4G27940,0.1358614
AT4G27950,0.18602414
AT4G27960,0.15406296
AT4G27970,0.24854474
AT4G27980,0.037604474
AT4G27990,0.19662315
AT4G28000,0.28860435
AT4G28005,0.0090911845
AT4G28010,-0.13411245
AT4G28015,0.0
AT4G28025,-0.092961565
AT4G28030,-0.26948696
AT4G28040,0.8815415
AT4G28050,-0.47148553
AT4G28060,0.50800496
AT4G28068,0.0
AT4G28070,-0.06729372
AT4G28080,-0.6124553
AT4G28085,0.5158338
AT4G28088,0.28284737
AT4G28090,0.018294107
AT4G28100,-0.17119782
AT4G28110,0.28792733
AT4G28130,0.0001918685
AT4G28140,1.050388
AT4G28150,-0.1000745
AT4G28160,0.08057453
AT4G28170,0.28868893
AT4G28180,-0.38262787
AT4G28190,-0.21793438
AT4G28200,0.17489763
AT4G28210,0.04157879
AT4G28220,-0.36319333
AT4G28230,-0.31836757
AT4G28240,-0.24920085
AT4G28250,-0.4061941
AT4G28260,-0.069799885
AT4G28270,-0.19460388
AT4G28280,-0.18887629
AT4G28290,-0.04573331
AT4G28300,0.26963052
AT4G28310,-0.058566667
AT4G28320,-0.1392616
AT4G28330,0.117872104
AT4G28340,0.1386109
AT4G28350,0.2789645
AT4G28365,5.5135562e-05
AT4G28370,0.24362871
AT4G28380,0.0075645833
AT4G28390,0.70344007
AT4G28395,0.0031489232
AT4G28397,0.02483568
AT4G28400,-0.20272216
AT4G28405,-0.0064097675
AT4G28410,0.013282964
AT4G28420,0.030661533
AT4G28430,-0.046440337
AT4G28440,0.15574783
AT4G28450,0.30573964
AT4G28460,0.81408054
AT4G28470,0.2810273
AT4G28480,0.097243845
AT4G28485,0.052571103
AT4G28490,0.5030051
AT4G28500,-0.15063001
AT4G28510,0.2794306
AT4G28520,0.006299388
AT4G28530,-0.030653095
AT4G28540,0.28352466
AT4G28550,0.8581618
AT4G28556,0.21175872
AT4G28560,0.33464178
AT4G28570,0.46693882
AT4G28580,0.023822913
AT4G28590,0.048103184
AT4G28600,0.12462942
AT4G28610,-0.011043698
AT4G28620,0.0031675738
AT4G28630,-0.2025525
AT4G28640,-0.17698827
AT4G28650,0.1477981
AT4G28660,-0.450495
AT4G28670,0.007522
AT4G28680,-0.0570684
AT4G28690,-0.06883354
AT4G28700,-0.05939792
AT4G28703,-0.1327404
AT4G28706,-0.42311096
AT4G28710,0.099319085
AT4G28720,-0.15238409
AT4G28730,-0.021657616
AT4G28740,-0.2911433
AT4G28750,-0.40185168
AT4G28755,-0.13813117
AT4G28760,-0.3374259
AT4G28770,0.29072398
AT4G28775,-0.0009229762
AT4G28780,-0.5091688
AT4G28790,-0.16992196
AT4G28800,-0.0009588612
AT4G28811,0.00921514
AT4G28815,0.029434554
AT4G28820,0.21749231
AT4G28830,-0.17077616
AT4G28840,-0.05103134
AT4G28850,0.002902337
AT4G28860,-0.038641997
AT4G28870,-0.0036896742
AT4G28880,0.11896772
AT4G28890,0.066216365
AT4G28910,0.23403488
AT4G28920,0.0
AT4G28930,0.064328775
AT4G28940,0.8898391
AT4G28950,-0.14060365
AT4G28980,0.03241388
AT4G28990,-0.023318717
AT4G29000,0.09837539
AT4G29010,0.32726383
AT4G29020,-0.08107445
AT4G29030,-0.041808255
AT4G29033,0.0
AT4G29035,0.0
AT4G29037,-0.0127129
AT4G29040,0.5185435
AT4G29050,0.05010701
AT4G29060,-0.48717225
AT4G29070,-0.055360876
AT4G29080,-0.29167384
AT4G29090,0.0
AT4G29100,-0.041099608
AT4G29103,0.0
AT4G29110,-0.053238306
AT4G29120,0.17221656
AT4G29130,0.22272639
AT4G29140,0.05022025
AT4G29150,-0.005633991
AT4G29160,0.14290851
AT4G29170,-0.1940163
AT4G29180,-0.006806861
AT4G29190,-0.16187865
AT4G29200,0.3176516
AT4G29210,0.6793683
AT4G29220,-0.12659597
AT4G29230,1.1100953
AT4G29240,-0.1504004
AT4G29250,-0.02446796
AT4G29260,0.02176452
AT4G29270,-0.057774883
AT4G29273,0.0
AT4G29280,0.00032741317
AT4G29283,0.000949466
AT4G29285,0.008460406
AT4G29290,0.00021643797
AT4G29300,0.0
AT4G29305,0.0033717183
AT4G29310,-0.37727514
AT4G29330,0.26050407
AT4G29340,0.105187714
AT4G29350,0.13242114
AT4G29360,-0.5528131
AT4G29370,0.03373324
AT4G29380,0.29573652
AT4G29400,-0.30962485
AT4G29410,0.12790512
AT4G29420,0.19156504
AT4G29430,0.10700141
AT4G29440,0.15680574
AT4G29450,-0.0032599734
AT4G29460,0.0
AT4G29470,0.017550062
AT4G29480,0.20071897
AT4G29490,0.25389016
AT4G29510,0.1975753
AT4G29520,0.57883835
AT4G29530,0.14728609
AT4G29540,-0.09066434
AT4G29548,-0.0043166773
AT4G29550,0.04106449
AT4G29560,0.07687581
AT4G29570,0.0704193
AT4G29580,-0.0018371837
AT4G29590,-0.21875069
AT4G29600,0.013453089
AT4G29610,-0.07441542
AT4G29620,0.01364366
AT4G29630,0.0
AT4G29640,-0.009291394
AT4G29650,-0.051013153
AT4G29654,0.0
AT4G29658,0.009416027
AT4G29660,0.20470113
AT4G29670,0.1276765
AT4G29680,0.09534153
AT4G29690,-0.0058289664
AT4G29700,0.06612692
AT4G29710,-0.02661428
AT4G29720,-0.38951492
AT4G29730,-0.23879662
AT4G29735,0.20522992
AT4G29740,0.13296774
AT4G29750,-0.20209421
AT4G29760,0.055561226
AT4G29770,0.028492386
AT4G29780,0.20898673
AT4G29790,0.13576265
AT4G29800,0.068357274
AT4G29810,0.47547296
AT4G29820,0.15225784
AT4G29830,0.1972669
AT4G29840,0.18224105
AT4G29850,0.71116227
AT4G29860,0.19866984
AT4G29870,0.194768
AT4G29880,-0.11239856
AT4G29890,-0.13217632
AT4G29900,0.2546915
AT4G29905,-0.4929916
AT4G29910,-0.22051483
AT4G29920,-0.429404
AT4G29930,0.049128633
AT4G29940,-0.12415849
AT4G29950,0.20678067
AT4G29960,0.23929234
AT4G29970,0.0005338323
AT4G29980,0.0008771907
AT4G29990,-0.1626397
AT4G30000,-0.122799195
AT4G30010,0.392676
AT4G30020,-0.62796724
AT4G30030,0.0
AT4G30040,0.0
AT4G30050,-8.642301e-06
AT4G30060,0.18984286
AT4G30064,0.00041056005
AT4G30067,0.0
AT4G30070,0.0005708088
AT4G30074,0.0
AT4G30080,0.031375263
AT4G30090,-0.23082122
AT4G30097,0.0
AT4G30100,-0.003780357
AT4G30110,-0.68824214
AT4G30120,-0.010092904
AT4G30130,0.1623787
AT4G30140,-0.2188179
AT4G30150,0.31762892
AT4G30160,0.13375224
AT4G30170,-0.098444976
AT4G30180,-0.31207725
AT4G30190,0.2575468
AT4G30200,0.0059200455
AT4G30210,0.121199794
AT4G30220,0.17141174
AT4G30230,0.7166718
AT4G30240,0.27381426
AT4G30250,-0.18371013
AT4G30260,0.22313178
AT4G30270,0.6467772
AT4G30280,0.7421915
AT4G30290,-0.2014988
AT4G30300,0.009633382
AT4G30310,-0.13678561
AT4G30320,2.5347828e-05
AT4G30330,-0.15720321
AT4G30340,0.1341105
AT4G30350,0.14390145
AT4G30360,0.20050995
AT4G30370,0.0010573468
AT4G30380,0.0
AT4G30390,0.34396407
AT4G30400,-0.6017082
AT4G30410,-0.5620754
AT4G30420,0.0011727227
AT4G30430,0.025849331
AT4G30440,-0.48401254
AT4G30450,0.59846854
AT4G30460,0.65721947
AT4G30470,-0.04621015
AT4G30480,0.15452132
AT4G30490,0.5888861
AT4G30500,0.11085965
AT4G30510,0.113438286
AT4G30520,-0.3664563
AT4G30530,0.47149032
AT4G30540,0.033815384
AT4G30550,0.19975722
AT4G30560,-0.12192024
AT4G30570,-0.20120686
AT4G30580,-0.22525446
AT4G30590,0.0003203997
AT4G30600,0.05611346
AT4G30610,-0.661497
AT4G30620,-0.27550426
AT4G30630,0.1681732
AT4G30640,0.08380137
AT4G30650,0.36215693
AT4G30660,0.23031019
AT4G30662,-0.15434265
AT4G30670,0.06875512
AT4G30680,-0.09827686
AT4G30690,-0.33367428
AT4G30700,0.092524745
AT4G30710,0.060951322
AT4G30720,-0.3248373
AT4G30730,0.013813244
AT4G30740,0.018516071
AT4G30750,0.00024405697
AT4G30760,0.16938968
AT4G30770,0.0
AT4G30780,0.23024376
AT4G30790,0.20708968
AT4G30800,0.13851096
AT4G30810,-0.13884768
AT4G30825,-0.14543492
AT4G30830,0.025350086
AT4G30840,0.26243797
AT4G30845,-0.22265306
AT4G30850,0.6552356
AT4G30860,0.07987989
AT4G30870,0.115674235
AT4G30880,0.004514594
AT4G30890,0.24550979
AT4G30900,0.1440733
AT4G30910,-0.12199738
AT4G30920,-0.100599855
AT4G30930,0.152081
AT4G30935,0.09209308
AT4G30940,-0.18948683
AT4G30950,-0.423306
AT4G30960,-0.045359686
AT4G30970,0.0
AT4G30980,0.00083606195
AT4G30990,0.14423214
AT4G30993,-0.2897796
AT4G30996,-0.002906472
AT4G31000,-0.37341842
AT4G31010,-0.04735554
AT4G31020,0.17317055
AT4G31030,-0.04945633
AT4G31040,-0.19565187
AT4G31050,-0.22816709
AT4G31060,-0.17753695
AT4G31070,0.0664472
AT4G31073,-0.026592623
AT4G31080,0.114908434
AT4G31100,0.010847267
AT4G31110,0.2887186
AT4G31115,-0.08645303
AT4G31120,2.6949408e-05
AT4G31130,0.09607462
AT4G31140,-0.19293611
AT4G31150,-0.0036899406
AT4G31160,0.16910148
AT4G31170,0.23756027
AT4G31180,0.24907628
AT4G31196,0.0
AT4G31200,0.04620507
AT4G31210,0.15922321
AT4G31230,0.22443175
AT4G31240,0.42056948
AT4G31250,-0.15757386
AT4G31260,-0.0022384438
AT4G31270,-0.15126076
AT4G31280,0.0
AT4G31290,-0.24055375
AT4G31300,0.59556454
AT4G31310,-0.33030155
AT4G31320,-0.055758264
AT4G31330,0.0003863521
AT4G31340,0.25416604
AT4G31350,-0.121602125
AT4G31351,0.02315231
AT4G31354,-0.02212542
AT4G31355,0.0784326
AT4G31360,-0.42451736
AT4G31370,0.08635988
AT4G31380,0.029880505
AT4G31390,-0.0432862
AT4G31400,0.05367863
AT4G31405,-0.007762037
AT4G31410,0.027926857
AT4G31420,0.27410594
AT4G31430,0.0054100184
AT4G31440,-0.006062048
AT4G31441,-0.040168043
AT4G31450,0.08868941
AT4G31470,-0.039007593
AT4G31480,-0.036058202
AT4G31490,0.116388015
AT4G31500,0.3084589
AT4G31510,-0.1345341
AT4G31520,-0.0018172006
AT4G31530,-0.05231734
AT4G31540,-0.018333213
AT4G31550,-0.030976484
AT4G31560,-0.012574066
AT4G31570,0.10851649
AT4G31580,0.13133556
AT4G31590,-0.3447322
AT4G31600,0.16303915
AT4G31610,0.014007458
AT4G31615,0.057611868
AT4G31620,-0.030376462
AT4G31630,0.010557352
AT4G31640,-0.028009722
AT4G31650,-0.16852488
AT4G31660,0.00876257
AT4G31670,0.23817576
AT4G31680,0.0034619363
AT4G31685,0.0
AT4G31690,0.0009831353
AT4G31700,0.24511121
AT4G31710,0.028870156
AT4G31715,0.011139403
AT4G31720,0.07570748
AT4G31730,-0.12542139
AT4G31740,-5.1958188e-05
AT4G31750,0.3681216
AT4G31760,-0.029061764
AT4G31770,0.20762424
AT4G31780,0.018241055
AT4G31790,0.2486195
AT4G31800,0.5952661
AT4G31805,0.003373763
AT4G31810,0.34610003
AT4G31820,-0.5055207
AT4G31830,-0.0046396153
AT4G31840,-0.34242544
AT4G31850,-0.39083472
AT4G31860,0.38332656
AT4G31870,0.037851136
AT4G31875,-0.02387632
AT4G31880,-0.041506186
AT4G31890,-0.48771244
AT4G31900,-0.0007383008
AT4G31910,-0.12846437
AT4G31920,0.08449154
AT4G31930,0.046484333
AT4G31940,-0.032013778
AT4G31950,0.3648883
AT4G31960,0.09954414
AT4G31970,1.9524928
AT4G31980,0.22426158
AT4G31990,0.14876759
AT4G32000,-0.3646651
AT4G32010,0.042565804
AT4G32020,-0.012635406
AT4G32030,-0.2228621
AT4G32040,0.32821572
AT4G32050,0.16282766
AT4G32060,-0.30729267
AT4G32070,0.5834854
AT4G32080,0.1176213
AT4G32090,0.008752826
AT4G32100,0.0
AT4G32105,0.020892128
AT4G32110,0.0
AT4G32120,-0.15396227
AT4G32130,0.27164042
AT4G32140,0.18388666
AT4G32150,0.14331433
AT4G32160,0.10731791
AT4G32170,0.041729465
AT4G32175,-0.06281807
AT4G32180,0.08382112
AT4G32190,-0.3963587
AT4G32200,-0.02365133
AT4G32208,-0.009450791
AT4G32210,0.4956741
AT4G32230,0.009267919
AT4G32240,0.082105815
AT4G32250,0.71786845
AT4G32260,-0.3812501
AT4G32272,0.17984079
AT4G32280,-0.60129803
AT4G32285,0.08652089
AT4G32290,-0.110751495
AT4G32295,-0.27313906
AT4G32300,-0.10623104
AT4G32320,0.017025707
AT4G32330,-0.39995775
AT4G32340,0.09693018
AT4G32342,-0.048666954
AT4G32350,-0.4538428
AT4G32360,-0.15936951
AT4G32370,0.0
AT4G32375,0.00010396173
AT4G32380,0.0
AT4G32390,0.2810244
AT4G32400,0.23022963
AT4G32410,-0.16476707
AT4G32420,-0.22366731
AT4G32430,-0.047360305
AT4G32440,0.038646247
AT4G32450,-0.017841188
AT4G32460,-0.35205993
AT4G32470,0.29636738
AT4G32480,-0.14592558
AT4G32490,0.01948863
AT4G32500,-0.0018593568
AT4G32510,0.07231113
AT4G32520,0.11744662
AT4G32530,0.14645192
AT4G32535,0.010764171
AT4G32540,-0.013134372
AT4G32551,-0.0062782285
AT4G32560,-0.051126596
AT4G32570,-0.42277077
AT4G32580,-0.012471968
AT4G32590,-0.3172237
AT4G32600,0.12246987
AT4G32610,0.020750042
AT4G32620,-0.04474161
AT4G32630,0.15707341
AT4G32640,0.25442564
AT4G32650,0.3361783
AT4G32660,0.045356914
AT4G32670,-0.12704286
AT4G32680,0.19291286
AT4G32690,0.35593894
AT4G32700,-0.06078099
AT4G32710,-0.4655642
AT4G32714,0.0002045448
AT4G32717,0.0
AT4G32720,0.14311254
AT4G32730,0.001956545
AT4G32750,-0.020602107
AT4G32760,0.035913303
AT4G32770,-0.010394604
AT4G32780,0.015588908
AT4G32790,-0.09108132
AT4G32800,-0.42974108
AT4G32810,0.90699536
AT4G32820,0.0003776747
AT4G32830,-0.023412442
AT4G32840,-0.30726117
AT4G32850,0.007811657
AT4G32860,0.008647936
AT4G32870,0.6625912
AT4G32880,-0.37193626
AT4G32890,-0.40968704
AT4G32900,0.045022365
AT4G32910,0.071488105
AT4G32915,0.023077827
AT4G32920,-0.021654883
AT4G32930,0.26617232
AT4G32940,0.022240844
AT4G32950,-0.11585078
AT4G32960,0.13485429
AT4G32970,-0.051457524
AT4G32980,-0.2556442
AT4G32990,-0.22590846
AT4G33000,-0.48838484
AT4G33010,-0.59165233
AT4G33020,0.25172603
AT4G33030,-0.05976954
AT4G33040,0.0976144
AT4G33050,0.6321857
AT4G33060,-0.050274745
AT4G33070,0.79299575
AT4G33080,-0.10735727
AT4G33090,0.34364527
AT4G33100,0.27576247
AT4G33110,-0.15338996
AT4G33120,-0.0795122
AT4G33130,-0.028964773
AT4G33140,0.0931362
AT4G33145,-0.005217356
AT4G33150,1.1283084
AT4G33160,0.029241513
AT4G33170,0.06941716
AT4G33180,-0.08465292
AT4G33200,-0.027886603
AT4G33210,0.12055363
AT4G33220,-0.5586488
AT4G33230,0.036580585
AT4G33240,0.16937475
AT4G33250,0.13610056
AT4G33260,-0.28214654
AT4G33270,-0.33080658
AT4G33280,-0.046303783
AT4G33290,0.024835149
AT4G33300,0.23691334
AT4G33310,0.08278999
AT4G33320,-0.00525036
AT4G33330,0.04094575
AT4G33350,0.08509912
AT4G33355,0.06300607
AT4G33360,0.40780663
AT4G33370,0.048920814
AT4G33380,-0.10780955
AT4G33390,-0.020197859
AT4G33400,-0.15789275
AT4G33410,-0.01993947
AT4G33420,0.16323365
AT4G33430,0.33085257
AT4G33440,-0.066322975
AT4G33450,0.015542379
AT4G33460,0.047659572
AT4G33465,0.3188584
AT4G33467,1.4730269
AT4G33470,-0.3740853
AT4G33480,0.0046366467
AT4G33490,0.0516138
AT4G33495,-0.0048210146
AT4G33500,-0.33727127
AT4G33510,0.24232903
AT4G33520,-0.04357833
AT4G33530,-0.026638513
AT4G33540,1.0296113
AT4G33550,0.22361717
AT4G33560,0.0013812695
AT4G33565,0.31906632
AT4G33580,-0.074337825
AT4G33585,-0.009324526
AT4G33590,-0.01000586
AT4G33600,-5.9487364e-05
AT4G33610,-0.053631242
AT4G33620,0.0016758182
AT4G33625,-0.18248321
AT4G33630,0.046588145
AT4G33640,0.09319627
AT4G33650,0.18219747
AT4G33660,-0.255576
AT4G33666,-0.045985047
AT4G33670,0.049893565
AT4G33680,-0.074888475
AT4G33690,0.048211444
AT4G33700,0.31949595
AT4G33710,0.0
AT4G33720,0.037112713
AT4G33730,-0.0069267256
AT4G33740,-0.24966544
AT4G33760,-0.10538676
AT4G33770,0.027070973
AT4G33780,0.43509206
AT4G33790,-0.21434686
AT4G33800,0.018199326
AT4G33810,0.061028626
AT4G33820,0.017186718
AT4G33830,0.0
AT4G33840,0.06648223
AT4G33860,0.01723084
AT4G33870,-0.015540882
AT4G33880,-0.029933784
AT4G33885,-0.0016608436
AT4G33890,0.1820365
AT4G33900,0.01445112
AT4G33900,0.01445112
AT4G33910,0.28821823
AT4G33920,0.3696609
AT4G33925,0.060517058
AT4G33930,0.7340948
AT4G33940,0.2697476
AT4G33950,-0.121504635
AT4G33960,-0.23205595
AT4G33970,-0.064229414
AT4G33980,0.3850056
AT4G33990,0.02147769
AT4G34000,-0.2871811
AT4G34020,-0.024232192
AT4G34030,0.087472916
AT4G34040,0.15596278
AT4G34050,0.33147776
AT4G34060,-0.3058202
AT4G34070,0.10566871
AT4G34080,-1.9706664e-05
AT4G34090,-0.48264673
AT4G34100,0.06169824
AT4G34110,0.13319664
AT4G34120,0.6319229
AT4G34131,0.992591
AT4G34135,0.6698379
AT4G34138,-0.012712568
AT4G34139,0.015023829
AT4G34140,-0.008597621
AT4G34150,0.26807016
AT4G34160,-0.46648735
AT4G34170,0.003433886
AT4G34180,0.7630644
AT4G34190,-0.29477122
AT4G34200,1.6217848
AT4G34210,0.27654928
AT4G34215,-0.08877161
AT4G34220,-0.70197284
AT4G34230,0.9792085
AT4G34240,0.041300293
AT4G34250,-0.49903986
AT4G34260,-0.56944346
AT4G34265,0.081298955
AT4G34270,0.10196947
AT4G34280,0.028186921
AT4G34290,-0.32847875
AT4G34300,0.0013937731
AT4G34310,0.23979089
AT4G34320,0.22291994
AT4G34330,0.0031826196
AT4G34340,-0.017206687
AT4G34345,0.06632953
AT4G34350,0.015805023
AT4G34360,0.048008896
AT4G34370,0.0394366
AT4G34380,0.7531354
AT4G34390,0.38007605
AT4G34400,0.21625693
AT4G34410,-0.11330609
AT4G34412,0.26195535
AT4G34420,-0.124157265
AT4G34430,0.014068386
AT4G34440,0.13077746
AT4G34450,0.10880038
AT4G34460,0.084678486
AT4G34470,0.18003732
AT4G34480,-0.054974254
AT4G34490,-0.14932267
AT4G34500,-0.06296019
AT4G34510,0.051725868
AT4G34520,0.003100108
AT4G34530,-0.92390317
AT4G34540,0.0894268
AT4G34550,-0.020812435
AT4G34555,0.05089711
AT4G34560,-0.3227517
AT4G34570,0.055733204
AT4G34580,0.01550446
AT4G34590,0.3912636
AT4G34600,-0.12111208
AT4G34610,-0.23524405
AT4G34620,-0.3350158
AT4G34630,0.067421556
AT4G34640,-0.06268655
AT4G34650,-0.44071394
AT4G34660,0.12916577
AT4G34670,-0.042724438
AT4G34680,-0.15842614
AT4G34690,-0.04877289
AT4G34700,0.083174735
AT4G34710,0.9274931
AT4G34720,0.10844631
AT4G34730,-0.38681728
AT4G34740,-0.03606944
AT4G34750,-0.10852738
AT4G34760,-0.79220843
AT4G34770,-0.5636933
AT4G34780,-0.0023718346
AT4G34790,-0.5794712
AT4G34800,0.049583882
AT4G34810,-0.24076651
AT4G34830,-0.37235108
AT4G34840,0.10585995
AT4G34850,-0.024553282
AT4G34860,0.4838798
AT4G34870,0.3186642
AT4G34880,0.1642431
AT4G34881,-0.045519065
AT4G34890,0.33167225
AT4G34900,-0.50593305
AT4G34910,0.12833813
AT4G34920,0.22055633
AT4G34930,0.030080497
AT4G34940,-0.01830043
AT4G34950,0.6972744
AT4G34960,0.00025577992
AT4G34970,-0.051564347
AT4G34980,-0.36415747
AT4G34990,0.03869724
AT4G35000,0.041379802
AT4G35010,-0.009355924
AT4G35020,-0.11982571
AT4G35025,0.0
AT4G35030,0.0012506243
AT4G35040,0.12183171
AT4G35050,-0.112737045
AT4G35060,0.4935873
AT4G35070,0.04643687
AT4G35080,0.27653733
AT4G35090,-0.24629812
AT4G35100,-0.60114163
AT4G35110,0.85610414
AT4G35120,0.011733693
AT4G35130,-0.06717235
AT4G35140,-0.007727301
AT4G35150,0.013790703
AT4G35160,1.2123227
AT4G35165,0.33037585
AT4G35170,0.64207894
AT4G35180,1.0703336
AT4G35190,0.13067779
AT4G35200,-0.025590813
AT4G35210,-0.010855784
AT4G35220,0.1643337
AT4G35230,0.2578855
AT4G35240,-0.02815604
AT4G35250,-0.30680218
AT4G35260,0.41551742
AT4G35270,-0.14136204
AT4G35280,0.0
AT4G35290,-0.16666797
AT4G35295,-0.04370332
AT4G35300,-0.12342088
AT4G35310,0.16816463
AT4G35320,-0.46081933
AT4G35335,-0.03285963
AT4G35350,0.3534075
AT4G35360,0.17953561
AT4G35370,-0.02976386
AT4G35375,0.0
AT4G35380,0.7530909
AT4G35390,0.042091656
AT4G35410,0.05918684
AT4G35420,-0.32075047
AT4G35430,-0.04970709
AT4G35440,-0.43062893
AT4G35450,-0.16903254
AT4G35460,0.039395962
AT4G35470,-0.34813416
AT4G35480,0.26730627
AT4G35485,-0.039806586
AT4G35490,0.09953789
AT4G35500,0.2899112
AT4G35510,0.07431355
AT4G35519,0.0
AT4G35520,0.08762816
AT4G35530,0.06143208
AT4G35540,-0.15443996
AT4G35550,-0.07160617
AT4G35560,-0.33640152
AT4G35570,-0.06995846
AT4G35580,0.14234853
AT4G35590,0.1401755
AT4G35600,0.22625506
AT4G35610,0.0
AT4G35620,-0.14249575
AT4G35630,1.6531378
AT4G35640,-0.19812039
AT4G35650,0.005812239
AT4G35655,-0.087165594
AT4G35660,0.0038475383
AT4G35670,0.0
AT4G35680,0.023113629
AT4G35685,-0.039532978
AT4G35690,-0.015629806
AT4G35700,0.0
AT4G35710,0.00022709902
AT4G35720,0.17037797
AT4G35725,0.0005387742
AT4G35730,-0.29704666
AT4G35733,0.01801966
AT4G35740,0.08783591
AT4G35750,0.21182527
AT4G35760,-0.16018741
AT4G35770,0.09270337
AT4G35780,-0.23321123
AT4G35783,-0.19680303
AT4G35785,0.06715054
AT4G35790,0.3407705
AT4G35800,-0.08144839
AT4G35810,-0.05139172
AT4G35820,0.0
AT4G35830,0.2873645
AT4G35840,0.07841178
AT4G35850,0.06258701
AT4G35860,0.41261625
AT4G35870,0.14086033
AT4G35880,-0.12172483
AT4G35890,0.26737794
AT4G35900,-0.17624754
AT4G35905,-0.00097284646
AT4G35910,0.09274331
AT4G35920,-0.5134849
AT4G35930,-0.26849622
AT4G35940,0.0020375093
AT4G35950,-0.2348921
AT4G35970,-0.24909078
AT4G35985,-0.18716438
AT4G35987,-0.10135482
AT4G36000,-0.05335778
AT4G36010,0.7282765
AT4G36020,0.28774834
AT4G36030,0.59253794
AT4G36040,0.20616385
AT4G36050,-0.029674303
AT4G36060,0.01320672
AT4G36070,0.06065376
AT4G36080,0.17836998
AT4G36090,0.3813622
AT4G36100,-0.016778998
AT4G36105,-0.15659863
AT4G36110,0.1731553
AT4G36120,-0.11223803
AT4G36130,0.092152454
AT4G36140,0.137261
AT4G36150,0.08906894
AT4G36160,-0.08035953
AT4G36170,0.0
AT4G36180,-0.35837153
AT4G36190,-0.21908523
AT4G36195,0.29834583
AT4G36210,0.32731947
AT4G36220,0.49706337
AT4G36230,-0.27032542
AT4G36240,-0.15476689
AT4G36250,-0.28909695
AT4G36260,-0.1851735
AT4G36270,-0.26034236
AT4G36280,-0.3732625
AT4G36290,-0.15057847
AT4G36350,0.007942051
AT4G36360,-0.5229719
AT4G36370,0.0
AT4G36380,-0.030944495
AT4G36390,-0.115822606
AT4G36400,0.3489449
AT4G36410,-0.20970653
AT4G36420,0.093360655
AT4G36430,0.4438348
AT4G36440,0.091114245
AT4G36450,0.22992991
AT4G36460,0.0018972552
AT4G36470,-0.08266395
AT4G36480,0.1678072
AT4G36490,0.013840383
AT4G36500,0.2158722
AT4G36510,0.05242241
AT4G36515,-0.1901645
AT4G36520,-0.331365
AT4G36530,-0.28663066
AT4G36540,-0.98335284
AT4G36550,0.009773585
AT4G36560,0.0
AT4G36570,-0.5134575
AT4G36580,0.20982684
AT4G36590,0.00020176297
AT4G36600,0.0077084256
AT4G36610,0.5559827
AT4G36620,0.056608118
AT4G36630,0.11324441
AT4G36640,0.5250644
AT4G36650,0.036011923
AT4G36660,-0.18559992
AT4G36670,0.08633427
AT4G36680,0.18147728
AT4G36690,-0.057363756
AT4G36700,-0.028781213
AT4G36710,0.21826729
AT4G36720,0.42529467
AT4G36730,-0.15211445
AT4G36740,0.03690397
AT4G36750,0.08060553
AT4G36760,0.4910265
AT4G36770,-0.09296114
AT4G36780,0.031854942
AT4G36790,0.13667414
AT4G36791,-0.018407214
AT4G36795,0.08149486
AT4G36800,0.20068848
AT4G36810,0.020877665
AT4G36820,1.3528261
AT4G36830,0.1234464
AT4G36840,0.026907751
AT4G36850,-0.012553649
AT4G36860,-0.036454942
AT4G36870,-0.08297131
AT4G36880,0.50443965
AT4G36890,0.15937908
AT4G36900,0.13617344
AT4G36910,-0.14828047
AT4G36920,0.04337474
AT4G36925,0.057383206
AT4G36930,-0.07747153
AT4G36940,-0.05459488
AT4G36945,0.33637238
AT4G36950,1.2271178
AT4G36960,-0.017143773
AT4G36970,0.002233194
AT4G36980,-0.16365787
AT4G36990,1.2652174
AT4G37000,-0.115346916
AT4G37010,1.4979928
AT4G37020,-0.06864542
AT4G37022,0.06186987
AT4G37030,0.6111919
AT4G37040,-0.04829416
AT4G37050,0.11270373
AT4G37060,0.063357614
AT4G37070,0.33977386
AT4G37080,-0.57454556
AT4G37090,0.14479929
AT4G37095,-0.058234572
AT4G37100,-0.40305093
AT4G37110,-0.6113077
AT4G37120,0.19273192
AT4G37130,0.07180543
AT4G37140,0.18717825
AT4G37150,1.3649979
AT4G37160,-0.03524457
AT4G37170,-0.10627779
AT4G37180,0.32932317
AT4G37190,0.16541296
AT4G37200,-0.033108134
AT4G37210,0.085865185
AT4G37220,-0.042851325
AT4G37230,0.030309796
AT4G37235,0.014446474
AT4G37240,-0.7804123
AT4G37250,-0.42803636
AT4G37260,-0.4024948
AT4G37270,-0.05520136
AT4G37280,-0.30297104
AT4G37290,1.0400897
AT4G37295,0.13846043
AT4G37300,-0.17035003
AT4G37310,0.73151463
AT4G37320,0.7808346
AT4G37330,-0.16132033
AT4G37340,0.06654107
AT4G37360,0.019253531
AT4G37370,1.4463797
AT4G37380,-0.17927101
AT4G37390,2.412766
AT4G37400,-0.18732789
AT4G37409,0.0067338166
AT4G37410,0.32166192
AT4G37420,0.31956488
AT4G37430,1.5310112
AT4G37435,0.0006000732
AT4G37440,-0.062700644
AT4G37445,-0.07587461
AT4G37450,-0.5302066
AT4G37460,-0.08377851
AT4G37470,-0.03535369
AT4G37480,-0.19094542
AT4G37483,-0.003269397
AT4G37490,0.07937237
AT4G37500,0.0
AT4G37510,-0.18961589
AT4G37520,0.8793729
AT4G37530,0.92947567
AT4G37540,0.19830756
AT4G37550,-0.40196145
AT4G37560,-0.40981117
AT4G37580,-0.26477057
AT4G37590,-0.42275724
AT4G37600,0.0
AT4G37610,-0.45220342
AT4G37630,-0.10143777
AT4G37640,0.36351058
AT4G37650,-0.2442538
AT4G37660,0.25695178
AT4G37670,0.2524113
AT4G37680,0.27121374
AT4G37682,-0.18167204
AT4G37685,0.02767792
AT4G37690,-0.07174544
AT4G37700,-0.23673551
AT4G37710,0.38168108
AT4G37720,0.03817894
AT4G37730,0.15539888
AT4G37740,-0.3483767
AT4G37750,-0.33777156
AT4G37760,0.075015366
AT4G37770,0.5920312
AT4G37780,0.019995553
AT4G37790,0.08542475
AT4G37800,-0.9941669
AT4G37810,-0.06508356
AT4G37820,-0.12723513
AT4G37830,0.17267518
AT4G37840,0.02473835
AT4G37850,0.18907645
AT4G37860,-0.0025350137
AT4G37870,0.029560229
AT4G37880,0.12282545
AT4G37890,-0.16470908
AT4G37900,0.9529412
AT4G37910,0.41640955
AT4G37920,-0.2724969
AT4G37925,-1.0049856
AT4G37930,-0.7145861
AT4G37940,0.08484206
AT4G37950,-0.003905721
AT4G37970,-0.004058227
AT4G37980,0.31728378
AT4G37990,3.3023431
AT4G38000,0.922354
AT4G38005,-0.016888857
AT4G38010,0.090466976
AT4G38020,-0.16110528
AT4G38030,0.30788255
AT4G38040,-0.06448941
AT4G38050,0.034570098
AT4G38060,0.5011819
AT4G38062,-0.1555905
AT4G38065,0.026995523
AT4G38070,-0.009762783
AT4G38080,0.070338845
AT4G38090,0.16062678
AT4G38092,-0.027123556
AT4G38100,0.27380273
AT4G38120,-0.16868201
AT4G38130,0.10208732
AT4G38140,0.034089044
AT4G38150,0.22740808
AT4G38160,-0.40219074
AT4G38170,0.02361845
AT4G38180,0.072549365
AT4G38190,0.02816303
AT4G38200,-0.00027778314
AT4G38210,-0.10792567
AT4G38213,-0.0051882663
AT4G38220,-0.023135914
AT4G38225,-0.010686172
AT4G38230,-0.05288628
AT4G38240,0.026422894
AT4G38250,0.29086226
AT4G38260,0.40793937
AT4G38270,0.17917646
AT4G38280,-0.17355736
AT4G38300,-0.13859576
AT4G38310,-0.04345728
AT4G38320,-0.02961924
AT4G38330,-0.31738126
AT4G38340,-0.29969504
AT4G38350,-0.19751541
AT4G38360,0.30834633
AT4G38370,-0.28156614
AT4G38380,0.25401664
AT4G38390,0.01616051
AT4G38400,-0.6975316
AT4G38401,0.0
AT4G38405,0.0
AT4G38410,0.12869842
AT4G38420,0.18175071
AT4G38430,-0.50909185
AT4G38440,0.045156334
AT4G38460,0.24064393
AT4G38470,0.09741617
AT4G38480,-0.19368887
AT4G38490,0.011196981
AT4G38495,0.08372675
AT4G38500,0.122644864
AT4G38510,0.066389665
AT4G38520,0.01686814
AT4G38530,-0.3042121
AT4G38540,0.7751073
AT4G38550,-0.05800987
AT4G38560,-0.046623632
AT4G38570,-0.08921005
AT4G38580,0.14037599
AT4G38590,-0.05107423
AT4G38600,0.13989319
AT4G38620,0.024734048
AT4G38630,0.5341734
AT4G38640,0.0017234556
AT4G38650,-0.07645418
AT4G38660,-0.41694236
AT4G38670,-0.2261624
AT4G38680,-0.041033663
AT4G38690,-0.4791078
AT4G38700,-0.28294736
AT4G38710,0.077788256
AT4G38730,-0.051958095
AT4G38740,-0.03968006
AT4G38760,-0.06767352
AT4G38770,-0.71513647
AT4G38775,-0.007446461
AT4G38780,0.20172085
AT4G38781,0.0012811534
AT4G38790,0.4297458
AT4G38800,-0.0038816736
AT4G38810,0.042179395
AT4G38820,-0.12094762
AT4G38825,-0.17639536
AT4G38830,0.24763718
AT4G38840,-0.24539107
AT4G38850,-0.29763263
AT4G38860,-0.5569665
AT4G38870,0.09186016
AT4G38880,-0.0026866929
AT4G38890,-0.06448367
AT4G38900,-0.31637672
AT4G38905,-0.0060341125
AT4G38910,-0.2163436
AT4G38920,0.13844945
AT4G38930,0.13463092
AT4G38940,0.27861273
AT4G38950,-0.2809739
AT4G38960,-0.37396327
AT4G38970,-0.59689337
AT4G38980,0.042802185
AT4G38990,0.0
AT4G39000,0.011833892
AT4G39010,-0.018397605
AT4G39020,0.042507477
AT4G39030,1.4200646
AT4G39040,-0.3764825
AT4G39050,-0.10991861
AT4G39060,0.02006458
AT4G39070,-0.37298095
AT4G39080,0.2455049
AT4G39090,0.5149041
AT4G39100,-0.0031997783
AT4G39110,0.06604939
AT4G39120,-0.2749385
AT4G39130,-0.00043517636
AT4G39140,0.2470793
AT4G39150,0.070952624
AT4G39160,0.2334122
AT4G39170,0.04793966
AT4G39180,-0.15523191
AT4G39190,-0.2190583
AT4G39200,0.033311468
AT4G39210,0.16259189
AT4G39220,0.1596333
AT4G39230,0.59988624
AT4G39235,-0.23374756
AT4G39240,0.14052252
AT4G39250,0.01262258
AT4G39260,0.42199144
AT4G39270,0.82460684
AT4G39280,0.044561602
AT4G39290,-0.001744357
AT4G39300,0.12143786
AT4G39320,-0.34823942
AT4G39330,-0.5638148
AT4G39340,-0.02079311
AT4G39350,-0.40031242
AT4G39360,0.20235991
AT4G39370,0.13746624
AT4G39380,0.15321419
AT4G39390,0.3797958
AT4G39400,-0.28680646
AT4G39403,0.013407731
AT4G39410,-0.32064506
AT4G39420,0.15491365
AT4G39460,-0.25126863
AT4G39470,-0.13325378
AT4G39490,0.010847868
AT4G39500,0.14572974
AT4G39510,-0.51653624
AT4G39520,0.2674654
AT4G39530,-0.10961138
AT4G39540,0.15970765
AT4G39550,-0.03986753
AT4G39560,-0.07538948
AT4G39570,-0.07131071
AT4G39580,0.40726852
AT4G39590,0.036090516
AT4G39600,-0.25127423
AT4G39610,0.6489178
AT4G39620,-0.24318023
AT4G39630,-0.10051101
AT4G39640,0.088556945
AT4G39650,0.1607007
AT4G39660,0.16347975
AT4G39670,1.7912221
AT4G39675,0.26156
AT4G39680,-0.09190783
AT4G39690,0.19801168
AT4G39700,-0.08877058
AT4G39710,-0.6908281
AT4G39720,0.22961374
AT4G39730,0.36534068
AT4G39740,0.30511686
AT4G39745,0.0
AT4G39750,0.0
AT4G39753,9.943197e-05
AT4G39756,0.0008472342
AT4G39760,0.00021837451
AT4G39770,-0.53546035
AT4G39780,0.34224516
AT4G39790,-0.12335915
AT4G39795,-0.093042664
AT4G39800,-0.9558141
AT4G39810,-0.12078506
AT4G39820,0.38066173
AT4G39830,0.913352
AT4G39840,-0.3079328
AT4G39850,0.39266732
AT4G39860,-0.00035016928
AT4G39870,-0.05754247
AT4G39880,0.07233665
AT4G39890,0.22417252
AT4G39900,-0.42531475
AT4G39910,-0.041226648
AT4G39917,0.0
AT4G39920,0.015849583
AT4G39925,0.046643537
AT4G39930,0.006403374
AT4G39940,0.52215964
AT4G39950,1.852545
AT4G39952,0.20516989
AT4G39955,0.6045842
AT4G39960,-0.055147827
AT4G39970,-0.4824603
AT4G39980,0.92836297
AT4G39990,-0.05929117
AT4G40000,0.06769254
AT4G40010,0.16085377
AT4G40011,5.8939044e-05
AT4G40020,0.2990303
AT4G40030,-0.035534706
AT4G40042,0.24319509
AT4G40045,-0.18438904
AT4G40050,0.11982494
AT4G40060,-0.037235502
AT4G40063,0.22257297
AT4G40070,-0.012195599
AT4G40080,0.02837862
AT4G40090,-0.13831188
AT4G40100,-9.105551e-06
AT5G00585,0.0
AT5G01010,0.23336942
AT5G01015,-0.48648384
AT5G01017,-0.15543535
AT5G01020,-0.3326005
AT5G01030,-0.025551567
AT5G01040,-0.25560817
AT5G01050,0.22314389
AT5G01060,-0.030142523
AT5G01070,-0.071672425
AT5G01075,-0.5114284
AT5G01080,0.0045359894
AT5G01090,-0.41509452
AT5G01100,0.48864985
AT5G01110,-0.11972181
AT5G01120,-0.040240716
AT5G01130,0.0
AT5G01140,0.0
AT5G01150,0.00027885314
AT5G01160,0.14196335
AT5G01170,-0.2665401
AT5G01180,-0.012800912
AT5G01190,-0.05719115
AT5G01200,-0.060889438
AT5G01210,1.2288886
AT5G01220,-0.14990492
AT5G01225,0.3908099
AT5G01230,0.037811887
AT5G01240,-0.37578025
AT5G01250,0.76001376
AT5G01260,-0.11783011
AT5G01270,0.027542584
AT5G01280,0.029810484
AT5G01290,0.058379248
AT5G01300,0.23526819
AT5G01305,-0.0033925213
AT5G01310,-0.01414851
AT5G01320,-0.23608397
AT5G01330,-0.0155761065
AT5G01340,0.45233792
AT5G01350,0.15407635
AT5G01360,-0.046804633
AT5G01370,-0.22805683
AT5G01380,1.0175884
AT5G01390,-0.16495061
AT5G01400,0.051002085
AT5G01410,0.19375175
AT5G01420,-0.01665474
AT5G01440,0.0
AT5G01445,-0.14665751
AT5G01450,0.2592102
AT5G01460,0.0002508441
AT5G01470,-0.17196772
AT5G01480,0.028593466
AT5G01490,1.0255121
AT5G01500,0.8712795
AT5G01510,-0.15462586
AT5G01520,0.024361685
AT5G01530,-0.31989676
AT5G01540,0.39982247
AT5G01550,1.3792045
AT5G01560,0.009250969
AT5G01570,-0.023079269
AT5G01580,0.018653197
AT5G01590,-0.43533888
AT5G01600,0.5174901
AT5G01610,0.22151607
AT5G01620,-0.16520028
AT5G01630,0.10822949
AT5G01640,0.98458827
AT5G01650,0.08669535
AT5G01660,-0.06355869
AT5G01670,0.039833713
AT5G01680,0.0026727533
AT5G01690,0.01329295
AT5G01700,-0.019914243
AT5G01710,-0.112488866
AT5G01720,0.46682674
AT5G01730,-0.3089415
AT5G01740,-0.4138145
AT5G01750,-0.2029225
AT5G01760,-0.092128836
AT5G01770,-0.012001035
AT5G01780,0.07186079
AT5G01790,-0.17726874
AT5G01800,0.18303028
AT5G01810,-0.107192054
AT5G01820,0.4591452
AT5G01830,0.74194515
AT5G01840,0.38198692
AT5G01850,0.7168789
AT5G01860,0.018504212
AT5G01870,0.072844654
AT5G01880,0.024040677
AT5G01881,-0.039571393
AT5G01890,-0.3341921
AT5G01895,-0.0053927824
AT5G01900,0.95023495
AT5G01910,-0.057217006
AT5G01920,-0.41105303
AT5G01930,-0.006946016
AT5G01940,0.053062133
AT5G01950,0.10512765
AT5G01960,0.20758308
AT5G01970,-0.0363787
AT5G01980,0.25367087
AT5G01990,0.07869341
AT5G02000,0.010111323
AT5G02010,-0.33611363
AT5G02020,-0.045095827
AT5G02030,-0.091298506
AT5G02040,0.45214427
AT5G02050,0.34040236
AT5G02060,0.07510014
AT5G02065,0.105248675
AT5G02070,0.05802076
AT5G02080,-0.020228526
AT5G02090,0.08237259
AT5G02100,0.69642955
AT5G02110,-0.03632263
AT5G02120,-0.40878037
AT5G02130,0.17766823
AT5G02140,0.012753821
AT5G02150,0.01836534
AT5G02160,-0.5713315
AT5G02170,0.15693986
AT5G02180,-0.23138809
AT5G02190,-0.08840803
AT5G02200,-0.6237098
AT5G02210,0.0016161896
AT5G02220,-0.07161114
AT5G02230,0.019108227
AT5G02240,0.07641696
AT5G02250,-0.22440085
AT5G02260,0.03461736
AT5G02270,0.2201457
AT5G02280,0.12848766
AT5G02290,0.1084082
AT5G02310,0.12575151
AT5G02320,0.24399623
AT5G02330,-0.016889066
AT5G02340,0.0
AT5G02350,-0.047720153
AT5G02360,-0.043790232
AT5G02370,-0.113994986
AT5G02380,0.10928398
AT5G02390,-0.045962133
AT5G02400,-0.006790081
AT5G02410,0.21091832
AT5G02420,0.501707
AT5G02430,0.11179366
AT5G02440,-0.40876797
AT5G02450,0.05605425
AT5G02460,-0.31221816
AT5G02470,-0.05312763
AT5G02480,-0.13405238
AT5G02490,0.892856
AT5G02500,-0.03877482
AT5G02502,0.40952024
AT5G02510,-0.019014236
AT5G02520,-0.060932472
AT5G02530,0.14970912
AT5G02540,-0.16959007
AT5G02550,0.0045996876
AT5G02560,0.030928183
AT5G02570,0.25966528
AT5G02580,0.3279113
AT5G02590,0.5003808
AT5G02600,0.20879284
AT5G02610,0.10101807
AT5G02620,0.32057714
AT5G02630,0.31042472
AT5G02640,-0.0007399961
AT5G02650,0.023635719
AT5G02660,0.011055215
AT5G02670,-0.36849722
AT5G02680,-0.029205333
AT5G02690,-0.042134956
AT5G02700,0.0
AT5G02710,-0.33297092
AT5G02720,0.10967358
AT5G02730,0.00032242117
AT5G02740,0.04354448
AT5G02750,-0.08757881
AT5G02760,-0.78922737
AT5G02770,0.014245222
AT5G02780,1.5179666
AT5G02790,0.118630186
AT5G02800,0.0067509287
AT5G02810,-0.18360019
AT5G02820,0.17096189
AT5G02830,-0.29559502
AT5G02840,-0.23406754
AT5G02850,0.056751017
AT5G02860,0.0017578868
AT5G02870,0.16384846
AT5G02880,0.16954474
AT5G02890,-0.564385
AT5G02900,0.0017634663
AT5G02910,-0.10206525
AT5G02920,0.0
AT5G02930,-0.021125922
AT5G02940,-0.31723657
AT5G02950,-0.43656167
AT5G02960,0.076751135
AT5G02970,-0.16467553
AT5G02980,0.0017086096
AT5G02995,0.0
AT5G03000,0.0008527748
AT5G03010,0.013773254
AT5G03020,0.12949924
AT5G03030,0.3991946
AT5G03040,-0.29229793
AT5G03050,-0.3152006
AT5G03070,-0.06955524
AT5G03080,0.23823173
AT5G03090,0.011066341
AT5G03100,0.013314915
AT5G03110,-0.05453346
AT5G03120,-0.8058473
AT5G03130,-0.19143508
AT5G03140,-0.3377061
AT5G03150,-0.2983399
AT5G03160,0.5200824
AT5G03170,-0.24205592
AT5G03180,-0.23697802
AT5G03190,-0.32040855
AT5G03200,0.25118074
AT5G03204,0.28289464
AT5G03210,1.7236674
AT5G03220,-0.014067696
AT5G03230,0.1893117
AT5G03240,0.28722358
AT5G03250,-0.09696835
AT5G03260,0.2878794
AT5G03270,-0.28467658
AT5G03280,-0.025255762
AT5G03290,0.5226686
AT5G03300,-0.1731546
AT5G03310,0.029748276
AT5G03320,0.29686448
AT5G03330,0.30120444
AT5G03340,0.28720528
AT5G03345,0.12404888
AT5G03350,1.0915269
AT5G03360,0.0968892
AT5G03370,0.14352691
AT5G03380,0.38741565
AT5G03390,0.034877673
AT5G03400,0.00010396173
AT5G03406,0.05553058
AT5G03415,0.011682886
AT5G03420,-0.025209565
AT5G03430,-0.08187269
AT5G03435,-0.18223715
AT5G03440,0.20295161
AT5G03450,0.06250384
AT5G03455,0.11683242
AT5G03460,0.49496672
AT5G03470,-0.0043358114
AT5G03480,0.15937167
AT5G03490,0.21886413
AT5G03500,0.16554068
AT5G03510,-0.013384993
AT5G03520,-0.14909942
AT5G03530,-0.3188254
AT5G03540,0.050346453
AT5G03545,0.13697308
AT5G03550,0.24179605
AT5G03553,-0.16426258
AT5G03555,-0.39262605
AT5G03560,0.17013857
AT5G03570,-0.05451668
AT5G03580,0.0006523803
AT5G03590,0.13024713
AT5G03600,0.008585569
AT5G03610,1.3807466
AT5G03620,-0.015758958
AT5G03630,0.6165602
AT5G03640,-0.38041553
AT5G03650,-0.39876875
AT5G03660,0.053792983
AT5G03670,0.08344324
AT5G03680,-0.08669501
AT5G03690,0.03885112
AT5G03700,-0.06428082
AT5G03710,0.00819385
AT5G03720,-0.32186726
AT5G03730,0.20806798
AT5G03740,0.15409778
AT5G03750,0.0
AT5G03760,-0.7442171
AT5G03770,0.082509145
AT5G03780,-0.23002541
AT5G03790,-0.010951314
AT5G03795,-0.079316445
AT5G03800,-0.1950192
AT5G03810,0.0
AT5G03820,0.00022709902
AT5G03830,-0.07487252
AT5G03840,0.0031983077
AT5G03860,-0.11308382
AT5G03870,-0.26420265
AT5G03880,-0.3074271
AT5G03885,-0.010839058
AT5G03890,0.37504053
AT5G03900,-0.09332479
AT5G03905,0.34274605
AT5G03910,0.03888337
AT5G03920,0.03981234
AT5G03930,0.0025705018
AT5G03940,-0.47844172
AT5G03944,0.0
AT5G03960,-0.2964814
AT5G03970,0.23686615
AT5G03980,-3.0241226e-05
AT5G03990,0.18506394
AT5G03995,-0.15332325
AT5G04000,0.09852009
AT5G04010,0.30432376
AT5G04020,0.070503116
AT5G04030,0.0023337672
AT5G04040,0.1309772
AT5G04045,0.013069481
AT5G04047,0.0
AT5G04050,-0.09610918
AT5G04060,-0.25753438
AT5G04070,0.16384448
AT5G04080,0.10863601
AT5G04090,-0.042560823
AT5G04100,0.0
AT5G04120,-0.025317859
AT5G04130,0.04124291
AT5G04140,-0.67068714
AT5G04150,-0.34666127
AT5G04160,-0.10546532
AT5G04170,0.49224854
AT5G04180,0.062605605
AT5G04190,-0.5788028
AT5G04200,0.738774
AT5G04210,0.056811072
AT5G04220,0.20502992
AT5G04230,-0.44122255
AT5G04238,0.00055265194
AT5G04240,0.051603787
AT5G04250,0.914879
AT5G04260,0.2891628
AT5G04267,0.00024039771
AT5G04270,0.083117425
AT5G04280,0.1719299
AT5G04290,-0.27423194
AT5G04310,-0.011984231
AT5G04320,-0.10176442
AT5G04330,-0.004682487
AT5G04340,0.87966824
AT5G04347,0.008878079
AT5G04350,0.0022327236
AT5G04360,-0.46917474
AT5G04370,-0.13825691
AT5G04380,0.023474159
AT5G04390,0.7263659
AT5G04395,0.0031489232
AT5G04400,0.02443748
AT5G04410,0.25426465
AT5G04420,-0.013284889
AT5G04430,-0.19012004
AT5G04440,-0.17121042
AT5G04460,-0.069995284
AT5G04470,0.038860563
AT5G04475,-0.09354931
AT5G04480,-0.31238323
AT5G04490,-0.13280174
AT5G04500,-0.012577399
AT5G04510,-0.19649583
AT5G04520,0.32200783
AT5G04530,-0.13981004
AT5G04540,0.4408001
AT5G04550,-0.11780723
AT5G04560,-0.051881924
AT5G04590,0.07509611
AT5G04600,0.18964662
AT5G04610,0.096889414
AT5G04620,-0.28839287
AT5G04630,0.01385301
AT5G04640,0.005767653
AT5G04660,-0.13677722
AT5G04670,-0.096233666
AT5G04680,-0.34511626
AT5G04690,-0.223934
AT5G04700,-0.23278171
AT5G04710,-0.038468823
AT5G04720,0.20964758
AT5G04730,0.04879811
AT5G04740,0.28612465
AT5G04750,0.3727686
AT5G04760,0.14208744
AT5G04770,0.04871403
AT5G04780,0.011520545
AT5G04790,-0.046255838
AT5G04800,0.15701874
AT5G04810,-0.4635747
AT5G04820,-0.26861742
AT5G04830,0.3688133
AT5G04840,0.12413764
AT5G04850,0.14025885
AT5G04853,0.0
AT5G04860,0.36714533
AT5G04870,-0.039713338
AT5G04885,-0.043551777
AT5G04890,-0.0634294
AT5G04895,0.23172678
AT5G04900,-0.19935718
AT5G04910,0.26921237
AT5G04920,0.15510297
AT5G04930,0.39729083
AT5G04933,0.0031489232
AT5G04937,0.027406579
AT5G04940,0.0032007992
AT5G04950,-0.09781208
AT5G04960,-0.069500655
AT5G04970,-0.057073895
AT5G04980,0.11494099
AT5G04990,0.12933053
AT5G05000,-0.023443202
AT5G05010,0.016146319
AT5G05020,0.001046358
AT5G05030,0.0
AT5G05040,-0.00034012462
AT5G05050,0.0
AT5G05060,-0.03720844
AT5G05070,0.015214553
AT5G05080,-0.04139043
AT5G05085,-0.03638151
AT5G05090,-0.07566959
AT5G05100,0.19081645
AT5G05110,0.43936932
AT5G05113,0.0
AT5G05120,0.0
AT5G05130,-0.08839343
AT5G05140,0.22313562
AT5G05150,0.057021312
AT5G05160,-0.5536237
AT5G05170,-0.20343582
AT5G05180,-0.3171917
AT5G05190,0.4522182
AT5G05200,-0.044954058
AT5G05210,0.04962654
AT5G05220,0.605393
AT5G05230,0.06424289
AT5G05240,-0.0319264
AT5G05250,-0.2100328
AT5G05260,-0.0016059179
AT5G05270,-0.2962837
AT5G05280,-0.005144925
AT5G05285,0.0
AT5G05290,-0.0052752304
AT5G05300,0.41322225
AT5G05310,0.04409784
AT5G05320,0.05365347
AT5G05330,-0.44780865
AT5G05340,2.5598047
AT5G05350,0.14581822
AT5G05360,0.12247425
AT5G05365,-0.0062256674
AT5G05370,0.5999027
AT5G05380,0.30874926
AT5G05390,0.39932364
AT5G05400,-0.2024615
AT5G05410,0.8149948
AT5G05420,-0.14646694
AT5G05430,-0.0603598
AT5G05440,-0.24525256
AT5G05450,-0.13699624
AT5G05460,0.45616972
AT5G05470,0.21040624
AT5G05480,0.03607726
AT5G05490,0.08176929
AT5G05500,-0.055177245
AT5G05510,-0.1243238
AT5G05520,0.18752931
AT5G05530,0.12799576
AT5G05540,-0.018817922
AT5G05550,-0.15433395
AT5G05560,0.025601737
AT5G05570,0.032603033
AT5G05580,-0.4503478
AT5G05590,0.5375018
AT5G05598,0.0
AT5G05600,0.81126153
AT5G05610,-0.02446431
AT5G05620,-0.29483944
AT5G05630,0.023415882
AT5G05635,-0.0066000507
AT5G05640,0.10108979
AT5G05650,0.0
AT5G05653,-0.075777926
AT5G05657,0.0
AT5G05660,0.010859938
AT5G05670,0.0739408
AT5G05675,0.057729196
AT5G05680,0.09092674
AT5G05690,-0.1284855
AT5G05700,0.06928568
AT5G05710,0.06052381
AT5G05720,0.0015074408
AT5G05730,1.4327506
AT5G05735,0.16519533
AT5G05740,-0.45257387
AT5G05750,0.09069971
AT5G05760,0.056616012
AT5G05770,0.0010783945
AT5G05780,0.25375593
AT5G05790,-0.19621526
AT5G05800,-0.14059287
AT5G05810,-0.10408314
AT5G05820,0.02548493
AT5G05825,0.0
AT5G05830,-0.33652684
AT5G05840,-0.09576493
AT5G05850,0.27896273
AT5G05860,-0.047653276
AT5G05870,-0.12204556
AT5G05880,-0.039289877
AT5G05890,-0.43612602
AT5G05900,-0.008763008
AT5G05910,-0.0001284431
AT5G05920,0.1760964
AT5G05930,0.17653905
AT5G05940,-0.3189432
AT5G05950,0.1144541
AT5G05960,-0.39432862
AT5G05965,-0.15597852
AT5G05970,-0.13568842
AT5G05980,-0.030204903
AT5G05987,0.35385123
AT5G05990,0.024103912
AT5G06000,-0.047208354
AT5G06010,0.00073100656
AT5G06020,0.0
AT5G06030,0.0
AT5G06040,0.0
AT5G06043,0.0
AT5G06050,-0.30415753
AT5G06060,-0.20916973
AT5G06070,-0.0016483044
AT5G06080,0.0061970283
AT5G06090,0.6960615
AT5G06100,0.14992708
AT5G06110,0.18212277
AT5G06120,0.01974078
AT5G06130,-0.021465845
AT5G06140,0.054478217
AT5G06150,-0.20550577
AT5G06160,0.029127227
AT5G06170,0.019681565
AT5G06180,-0.13522024
AT5G06190,0.2051043
AT5G06200,-0.06677618
AT5G06210,0.0507382
AT5G06220,-0.25561
AT5G06230,1.1900083
AT5G06240,0.1871703
AT5G06250,0.018014565
AT5G06260,0.2669982
AT5G06265,-0.25152296
AT5G06270,-0.42479914
AT5G06280,-0.012321719
AT5G06290,-0.32033065
AT5G06300,-0.13005632
AT5G06310,-0.06679278
AT5G06320,0.722911
AT5G06330,-0.0090183
AT5G06340,-0.07458787
AT5G06350,0.13390169
AT5G06360,0.21755247
AT5G06370,0.36546132
AT5G06380,-0.05867919
AT5G06390,-0.4910992
AT5G06400,-0.08648585
AT5G06410,0.2079816
AT5G06420,0.23723696
AT5G06430,0.10541817
AT5G06440,-0.11699619
AT5G06450,0.3658443
AT5G06460,0.12117564
AT5G06470,-0.3977155
AT5G06480,-0.005187383
AT5G06490,0.072034866
AT5G06500,0.043600176
AT5G06510,-0.42978233
AT5G06520,0.02352546
AT5G06530,-0.20933154
AT5G06540,-0.0083713895
AT5G06550,0.2601729
AT5G06560,0.019475425
AT5G06570,0.17626883
AT5G06580,0.06533951
AT5G06590,0.09519772
AT5G06600,0.22206332
AT5G06610,0.029414626
AT5G06620,-0.041997302
AT5G06630,-0.06275904
AT5G06640,-0.0791119
AT5G06645,-0.0020620837
AT5G06650,0.012108015
AT5G06660,0.28656867
AT5G06670,-0.38015592
AT5G06680,-0.124118246
AT5G06690,-0.16397385
AT5G06700,-0.40555352
AT5G06710,-0.28282383
AT5G06720,0.081333816
AT5G06730,0.53132945
AT5G06740,0.44248578
AT5G06750,0.5095588
AT5G06755,-0.018104715
AT5G06760,0.97393286
AT5G06770,-0.17708328
AT5G06780,0.071793005
AT5G06790,-0.4722691
AT5G06800,-0.27553436
AT5G06810,0.33532682
AT5G06811,0.060742233
AT5G06820,0.032334827
AT5G06830,0.15638188
AT5G06839,0.34558976
AT5G06850,-0.26657066
AT5G06860,0.6937453
AT5G06870,0.35424381
AT5G06890,-0.005188875
AT5G06900,-0.0039498033
AT5G06905,-0.018792907
AT5G06910,0.020927899
AT5G06920,0.00021643797
AT5G06930,-0.41553432
AT5G06940,-0.029878065
AT5G06950,-0.16646442
AT5G06960,0.22134061
AT5G06970,-0.14394324
AT5G06980,-0.45101422
AT5G06990,-0.16727298
AT5G07000,-0.20323838
AT5G07010,2.1113605
AT5G07020,-0.35122147
AT5G07030,-0.35317707
AT5G07040,-0.02285528
AT5G07050,0.00013840364
AT5G07060,0.0831635
AT5G07070,-0.12693858
AT5G07080,0.25033718
AT5G07090,-0.104624204
AT5G07100,0.007659841
AT5G07110,-0.2550839
AT5G07120,0.08357909
AT5G07130,0.18814552
AT5G07140,-0.27946934
AT5G07150,0.02342315
AT5G07160,0.0
AT5G07165,0.039235156
AT5G07170,0.0023337672
AT5G07175,0.00038892438
AT5G07180,-0.37615103
AT5G07190,-0.016485589
AT5G07200,0.048760336
AT5G07210,0.010669864
AT5G07220,0.10048527
AT5G07225,0.0
AT5G07230,-6.6745146e-05
AT5G07240,-0.16053268
AT5G07250,-0.28990418
AT5G07260,0.027355893
AT5G07270,-0.007629576
AT5G07280,0.14938405
AT5G07290,0.1074088
AT5G07300,0.090974696
AT5G07310,0.65719616
AT5G07320,-0.052559406
AT5G07330,0.1003306
AT5G07340,0.2039408
AT5G07350,0.33568114
AT5G07360,0.2545228
AT5G07370,0.10619937
AT5G07380,0.025416803
AT5G07390,0.113529265
AT5G07400,0.14327373
AT5G07410,0.0028743919
AT5G07420,0.00055824243
AT5G07430,0.03987777
AT5G07440,1.5803928
AT5G07450,-0.0019738374
AT5G07460,-0.04904778
AT5G07470,0.350533
AT5G07475,0.1539358
AT5G07480,0.0104427645
AT5G07490,0.0
AT5G07500,0.044573214
AT5G07510,0.044244073
AT5G07520,-0.08480957
AT5G07530,0.00055824243
AT5G07540,0.0
AT5G07545,0.0
AT5G07550,0.038521286
AT5G07560,-0.043551795
AT5G07570,-0.009482853
AT5G07571,-0.071218476
AT5G07572,0.024219872
AT5G07580,-0.47535804
AT5G07590,-0.3283227
AT5G07600,0.030298093
AT5G07610,0.19629425
AT5G07620,0.040410366
AT5G07630,-0.18680881
AT5G07640,0.020569563
AT5G07645,0.0
AT5G07650,0.34638372
AT5G07660,0.009783171
AT5G07670,-0.07314639
AT5G07680,0.228619
AT5G07690,-0.95044845
AT5G07700,-0.33625868
AT5G07710,0.006019887
AT5G07720,-0.005939167
AT5G07730,0.45546466
AT5G07740,0.19652615
AT5G07760,0.0653858
AT5G07765,0.0
AT5G07770,0.13208473
AT5G07780,0.14632437
AT5G07790,-0.01597019
AT5G07800,0.0012430289
AT5G07810,-0.10151348
AT5G07820,-0.19651043
AT5G07830,0.22144951
AT5G07840,-0.123371154
AT5G07850,0.0
AT5G07860,-0.19000393
AT5G07870,-0.17407894
AT5G07880,0.058796935
AT5G07890,-0.037136305
AT5G07900,-0.114014044
AT5G07910,0.2748502
AT5G07920,-0.04137858
AT5G07930,0.0
AT5G07940,0.04459084
AT5G07950,0.19395304
AT5G07960,0.2734953
AT5G07970,0.14197537
AT5G07980,0.06572451
AT5G07990,-0.29881448
AT5G08000,-0.10679222
AT5G08005,0.0054826904
AT5G08010,-0.10397481
AT5G08020,-0.039897826
AT5G08030,-0.13738263
AT5G08040,0.016716119
AT5G08050,-0.47533175
AT5G08055,0.00052857574
AT5G08060,0.3298314
AT5G08070,-0.23416251
AT5G08080,0.04972247
AT5G08090,0.0018056058
AT5G08100,0.040311523
AT5G08110,-0.0741932
AT5G08120,-0.124171354
AT5G08130,-0.07591398
AT5G08139,0.1883857
AT5G08141,0.077864796
AT5G08150,-0.30397967
AT5G08160,0.3224083
AT5G08170,0.065794766
AT5G08180,0.24378094
AT5G08190,0.043209907
AT5G08200,0.18458705
AT5G08230,-0.13139723
AT5G08240,0.581325
AT5G08250,0.12982267
AT5G08260,-0.49018702
AT5G08270,-0.161656
AT5G08280,-0.2142188
AT5G08290,0.15201853
AT5G08300,0.50776786
AT5G08305,0.06762925
AT5G08310,0.059738055
AT5G08315,0.0
AT5G08320,0.03878055
AT5G08330,-0.55155534
AT5G08335,0.11214588
AT5G08340,-0.15145694
AT5G08350,0.16824102
AT5G08360,0.11419646
AT5G08370,-0.2922785
AT5G08380,0.51014215
AT5G08390,-0.087614186
AT5G08391,0.054538272
AT5G08400,-0.12190192
AT5G08410,0.012719771
AT5G08415,-0.17415287
AT5G08420,-0.13960974
AT5G08430,-0.20414503
AT5G08440,0.010928153
AT5G08450,0.018233836
AT5G08460,-0.0025354729
AT5G08470,-0.010022523
AT5G08480,-0.00012112534
AT5G08490,-0.07241635
AT5G08500,-0.014389248
AT5G08505,0.0
AT5G08510,0.12680404
AT5G08520,-0.16532438
AT5G08530,0.10772206
AT5G08535,0.15306601
AT5G08540,0.030754395
AT5G08550,0.1459948
AT5G08560,0.21158463
AT5G08565,0.34950715
AT5G08570,0.18460318
AT5G08580,-0.095855325
AT5G08590,-0.11921269
AT5G08600,-0.25308535
AT5G08610,0.054748937
AT5G08620,0.08646078
AT5G08630,0.07978074
AT5G08640,-0.06227914
AT5G08650,-0.39545593
AT5G08660,0.29904708
AT5G08670,0.1808358
AT5G08680,0.29929292
AT5G08690,0.24143618
AT5G08695,0.00055824243
AT5G08710,0.09820109
AT5G08720,-0.59588933
AT5G08730,0.1940951
AT5G08740,-0.09668352
AT5G08750,0.41058666
AT5G08760,-0.15696238
AT5G08770,-0.010007462
AT5G08780,-0.47051704
AT5G08790,0.9139765
AT5G09210,0.09829688
AT5G09220,-0.0052692774
AT5G09225,0.16564035
AT5G09230,0.08759688
AT5G09240,-0.46088728
AT5G09250,0.06669719
AT5G09260,0.18134543
AT5G09270,0.2456862
AT5G09280,0.009338528
AT5G09290,0.77812636
AT5G09300,0.20877492
AT5G09310,0.10037729
AT5G09320,0.046691395
AT5G09330,0.39603505
AT5G09340,0.0
AT5G09350,0.006187193
AT5G09360,-0.0034775164
AT5G09370,0.08643266
AT5G09380,0.070224
AT5G09390,0.16504182
AT5G09400,0.18980867
AT5G09410,-0.065197
AT5G09420,0.54924953
AT5G09430,0.09624244
AT5G09440,0.7805535
AT5G09445,-0.0023465662
AT5G09450,0.22555661
AT5G09460,-0.3245796
AT5G09470,0.5484574
AT5G09480,0.1509039
AT5G09490,0.017407574
AT5G09500,0.13276371
AT5G09510,0.2041086
AT5G09520,0.58414614
AT5G09530,1.4391204
AT5G09540,-0.033125702
AT5G09550,0.0
AT5G09560,0.0
AT5G09570,0.49240968
AT5G09580,0.09996244
AT5G09590,0.39446676
AT5G09600,0.23132089
AT5G09610,0.068519406
AT5G09620,0.3637607
AT5G09630,0.1822942
AT5G09640,-0.03278754
AT5G09650,-0.032346543
AT5G09660,-0.7137287
AT5G09670,-0.06897596
AT5G09680,0.24534604
AT5G09690,-0.03833546
AT5G09700,-0.014715036
AT5G09710,0.0
AT5G09711,0.00064610614
AT5G09720,0.0039670146
AT5G09730,-0.3362577
AT5G09740,-0.095387824
AT5G09750,-0.026413389
AT5G09760,-0.42695403
AT5G09770,0.0014264894
AT5G09780,-0.0018914497
AT5G09790,0.092612326
AT5G09800,0.4318753
AT5G09805,-0.4292551
AT5G09810,0.13593309
AT5G09820,-0.5788887
AT5G09830,0.14911555
AT5G09840,0.11356565
AT5G09850,-0.00061306666
AT5G09860,-0.18037893
AT5G09870,-0.2746415
AT5G09876,0.044306565
AT5G09880,-0.101871505
AT5G09890,0.18000066
AT5G09900,0.35723633
AT5G09910,-0.011496919
AT5G09920,0.14804526
AT5G09930,0.15198691
AT5G09940,0.035481334
AT5G09950,-0.017823644
AT5G09960,-0.21925066
AT5G09970,0.14722946
AT5G09976,-0.18942165
AT5G09978,-0.02836182
AT5G09980,0.051338024
AT5G09990,-0.13416088
AT5G09995,-0.25036773
AT5G10000,0.00011097522
AT5G10010,0.07050502
AT5G10020,-0.24202405
AT5G10030,-0.07901691
AT5G10040,0.0029609003
AT5G10050,0.0131331775
AT5G10060,-0.13847479
AT5G10070,0.13663654
AT5G10080,-0.2285465
AT5G10090,-0.029026255
AT5G10100,-0.1393323
AT5G10110,0.08239848
AT5G10120,0.030363133
AT5G10130,-0.0733255
AT5G10140,-0.7362466
AT5G10150,-0.6833475
AT5G10160,-0.16037801
AT5G10170,-1.0511385
AT5G10180,-0.6154876
AT5G10190,0.20925307
AT5G10200,-0.14389582
AT5G10210,-0.06768107
AT5G10220,-0.00018677216
AT5G10230,-0.006398447
AT5G10240,-0.121660255
AT5G10250,-0.5229297
AT5G10260,-0.18541813
AT5G10270,0.10308542
AT5G10280,0.050999586
AT5G10290,0.04695987
AT5G10300,0.90143776
AT5G10310,-0.31738013
AT5G10320,-0.17142445
AT5G10330,-0.17888933
AT5G10336,-0.05807059
AT5G10340,-0.0014710118
AT5G10350,0.035100523
AT5G10360,0.03493856
AT5G10370,-0.028784957
AT5G10380,0.40443385
AT5G10410,0.2602234
AT5G10420,0.011998626
AT5G10430,-0.56015646
AT5G10435,-0.0023880936
AT5G10440,0.046420846
AT5G10450,0.026362201
AT5G10460,-0.023437392
AT5G10470,-0.452048
AT5G10480,-0.18375482
AT5G10490,0.16454652
AT5G10500,-0.013232262
AT5G10510,-0.12255931
AT5G10520,0.58532435
AT5G10530,-0.102048226
AT5G10540,-0.10793014
AT5G10550,-0.12679748
AT5G10560,-0.25415722
AT5G10570,-0.42341632
AT5G10580,0.0663068
AT5G10590,0.0
AT5G10600,0.21725519
AT5G10605,-0.49493778
AT5G10610,0.32430142
AT5G10620,-0.20182274
AT5G10625,1.7116874
AT5G10650,0.38787884
AT5G10660,0.016549464
AT5G10680,-0.024615739
AT5G10690,-0.44711292
AT5G10695,0.34225783
AT5G10700,0.17237705
AT5G10710,0.105015084
AT5G10720,-0.06415889
AT5G10730,0.32474905
AT5G10740,0.22981006
AT5G10745,0.027542483
AT5G10750,-0.12191218
AT5G10760,0.46022922
AT5G10770,-0.26254857
AT5G10780,0.29960483
AT5G10790,0.37856895
AT5G10800,-0.20046422
AT5G10810,0.10671905
AT5G10820,0.22528169
AT5G10830,0.07943761
AT5G10840,0.42825216
AT5G10860,0.2776624
AT5G10870,0.04879047
AT5G10880,0.17585772
AT5G10890,0.082560465
AT5G10900,0.047478326
AT5G10910,-0.0519002
AT5G10920,0.09864116
AT5G10930,-0.05742526
AT5G10940,-0.015867742
AT5G10946,0.0013820874
AT5G10950,-0.053032614
AT5G10960,0.076011874
AT5G10970,-0.07081417
AT5G10990,-0.04082123
AT5G11000,-0.076642156
AT5G11010,0.151575
AT5G11020,-0.2700271
AT5G11030,0.17701614
AT5G11040,0.14151587
AT5G11050,0.00052630267
AT5G11060,0.1972058
AT5G11070,-0.93858385
AT5G11080,-0.0077271145
AT5G11090,0.3352865
AT5G11100,-0.09573491
AT5G11110,0.21399692
AT5G11130,0.008752826
AT5G11140,0.016628277
AT5G11150,0.19021682
AT5G11160,-0.1930491
AT5G11170,0.17703722
AT5G11180,0.006586945
AT5G11190,0.099196024
AT5G11200,0.24921738
AT5G11210,1.8208209
AT5G11220,-0.0018151256
AT5G11230,0.36239886
AT5G11240,0.15052973
AT5G11250,-0.07569838
AT5G11260,0.54022473
AT5G11270,-0.14003474
AT5G11280,0.13161431
AT5G11290,0.2871223
AT5G11300,-0.050849363
AT5G11310,0.0978609
AT5G11320,0.07698985
AT5G11330,-0.17481515
AT5G11340,0.21161307
AT5G11350,-0.075371586
AT5G11360,0.047479186
AT5G11370,0.0
AT5G11380,-0.091977455
AT5G11390,0.12538426
AT5G11400,0.0095721455
AT5G11410,-0.033036847
AT5G11412,-0.09377848
AT5G11416,0.037757017
AT5G11420,-0.64532816
AT5G11425,0.0
AT5G11430,-0.016947603
AT5G11440,0.13948002
AT5G11450,-0.19019473
AT5G11460,-0.18508019
AT5G11470,-0.10619273
AT5G11480,-0.28107694
AT5G11490,0.046315808
AT5G11500,0.117228605
AT5G11510,0.056809824
AT5G11520,1.1796303
AT5G11530,-0.08761715
AT5G11540,-0.05498787
AT5G11550,-0.4329485
AT5G11560,0.2137446
AT5G11565,0.0
AT5G11570,0.002025912
AT5G11580,-0.21438065
AT5G11590,0.22623996
AT5G11600,0.08224562
AT5G11610,-0.05437675
AT5G11620,-0.0004344266
AT5G11630,0.26788977
AT5G11640,0.054602414
AT5G11650,0.2567045
AT5G11660,0.0
AT5G11670,0.3606082
AT5G11680,0.26292795
AT5G11690,-0.19731876
AT5G11700,0.025773838
AT5G11710,-0.06953184
AT5G11720,-0.029176226
AT5G11730,0.2078935
AT5G11740,0.06373841
AT5G11750,-0.039293133
AT5G11760,0.13036793
AT5G11770,0.40574062
AT5G11780,0.01798731
AT5G11790,-0.43389213
AT5G11800,0.008343557
AT5G11810,0.3307941
AT5G11820,0.002869092
AT5G11830,-0.00021249919
AT5G11840,0.12858473
AT5G11850,0.14381766
AT5G11860,0.26496246
AT5G11870,0.19544199
AT5G11880,-0.015924789
AT5G11890,-0.2950685
AT5G11900,0.22254507
AT5G11910,0.12612668
AT5G11920,0.20300235
AT5G11930,-0.04170509
AT5G11940,0.00010396173
AT5G11950,0.32325894
AT5G11960,0.18328112
AT5G11970,0.16085626
AT5G11975,-0.009825291
AT5G11980,0.14667885
AT5G11990,-0.20289208
AT5G12000,0.034217566
AT5G12010,0.5910148
AT5G12020,1.2371501
AT5G12030,1.053793
AT5G12040,0.16021004
AT5G12043,-0.0032928423
AT5G12050,-0.54032356
AT5G12060,0.0
AT5G12070,0.0
AT5G12080,-0.14409766
AT5G12090,0.0
AT5G12100,-0.027274776
AT5G12110,-0.37371814
AT5G12120,-0.07888636
AT5G12130,-0.019778293
AT5G12140,-0.1468413
AT5G12150,-0.38267732
AT5G12170,0.546526
AT5G12180,0.18019183
AT5G12190,0.3673658
AT5G12200,0.15957074
AT5G12210,0.18064089
AT5G12220,0.032062255
AT5G12230,-0.0068539274
AT5G12235,0.0007090359
AT5G12236,-0.028895272
AT5G12240,0.08426651
AT5G12250,-0.46203268
AT5G12260,-0.07400692
AT5G12270,-0.028310897
AT5G12280,0.046048336
AT5G12290,0.20437352
AT5G12300,0.32590407
AT5G12310,0.13259995
AT5G12320,-0.021908043
AT5G12330,0.27099574
AT5G12340,1.6457436
AT5G12350,0.121994145
AT5G12360,-0.15967713
AT5G12365,0.0
AT5G12370,-0.034066793
AT5G12380,0.08455453
AT5G12390,0.40539494
AT5G12400,0.21509217
AT5G12410,0.051189154
AT5G12420,0.1789708
AT5G12430,0.005405834
AT5G12440,-0.46170318
AT5G12450,-0.051297083
AT5G12460,0.0031107108
AT5G12470,-0.17920329
AT5G12480,0.12211311
AT5G12840,-0.07676146
AT5G12850,-0.05538377
AT5G12860,-0.06476568
AT5G12870,0.04599239
AT5G12880,0.49039254
AT5G12890,0.29440138
AT5G12900,-0.63674796
AT5G12910,0.00010396173
AT5G12920,0.039681144
AT5G12930,1.3757069
AT5G12940,-0.8839581
AT5G12950,-0.23323178
AT5G12960,-0.002136978
AT5G12970,0.00820856
AT5G12980,0.045463573
AT5G12990,-0.00081188104
AT5G13000,-0.33388665
AT5G13010,0.059932087
AT5G13020,0.115857355
AT5G13030,0.2955031
AT5G13050,0.09847113
AT5G13060,-0.06959925
AT5G13070,0.2357403
AT5G13080,2.1301503
AT5G13090,-0.41626278
AT5G13100,-0.40700015
AT5G13110,0.21512988
AT5G13120,-0.21672866
AT5G13130,-0.052462574
AT5G13140,-0.90641904
AT5G13150,0.13644014
AT5G13160,0.1657026
AT5G13170,0.6447717
AT5G13180,0.43479437
AT5G13181,0.032502826
AT5G13190,0.46271786
AT5G13200,0.7227479
AT5G13210,0.5344035
AT5G13220,1.2907819
AT5G13230,-0.03382811
AT5G13240,0.011755532
AT5G13250,-0.1290911
AT5G13260,0.04735136
AT5G13270,-0.015993122
AT5G13280,0.18074915
AT5G13290,-0.18062735
AT5G13295,-0.01656061
AT5G13300,-0.08699738
AT5G13310,0.2695475
AT5G13320,1.9258085
AT5G13330,1.5978856
AT5G13340,-0.052137412
AT5G13350,0.009725774
AT5G13360,-0.06736003
AT5G13370,0.66095865
AT5G13380,9.8343924e-05
AT5G13390,0.025442392
AT5G13400,-0.41311046
AT5G13410,-0.2547328
AT5G13420,0.7196224
AT5G13430,0.44288883
AT5G13440,0.35734427
AT5G13450,0.24554792
AT5G13460,-0.47264218
AT5G13470,0.082321696
AT5G13480,-0.0031073864
AT5G13490,1.5680618
AT5G13500,0.33628967
AT5G13510,-0.35363695
AT5G13520,-0.16852233
AT5G13530,0.1591746
AT5G13550,0.65316975
AT5G13560,0.11399089
AT5G13565,0.032833334
AT5G13570,-0.03379432
AT5G13580,0.7534332
AT5G13590,-0.120603286
AT5G13600,0.009237454
AT5G13610,0.1402844
AT5G13620,0.0022144015
AT5G13630,-0.5370856
AT5G13640,-0.07821732
AT5G13650,-0.24057263
AT5G13660,-0.21681122
AT5G13670,0.0005477735
AT5G13680,0.14565247
AT5G13690,-0.22497141
AT5G13700,0.4601576
AT5G13710,-0.14964077
AT5G13720,-0.0039520497
AT5G13730,-0.41140395
AT5G13740,0.0015101444
AT5G13750,1.0158542
AT5G13760,0.20445016
AT5G13770,-0.62878335
AT5G13780,0.16473782
AT5G13790,-0.060633417
AT5G13800,0.45447403
AT5G13810,0.30822095
AT5G13820,1.2412474
AT5G13825,0.00028496265
AT5G13830,0.1998734
AT5G13840,-0.1884381
AT5G13850,0.13606349
AT5G13860,0.53761643
AT5G13870,-0.14514339
AT5G13880,0.17165478
AT5G13890,0.14870828
AT5G13900,0.20192371
AT5G13910,-0.0052485582
AT5G13920,-0.24390836
AT5G13930,-0.23849402
AT5G13940,0.048054766
AT5G13950,-0.18103045
AT5G13960,0.02860643
AT5G13970,0.097588524
AT5G13980,-0.29822296
AT5G13990,-0.08108128
AT5G14000,0.16348904
AT5G14010,0.0034325947
AT5G14020,0.013969584
AT5G14030,0.32479057
AT5G14040,0.3289586
AT5G14050,0.10360639
AT5G14060,-0.3614395
AT5G14070,-0.24239749
AT5G14080,-0.0030106783
AT5G14090,-0.44831854
AT5G14100,-0.31220046
AT5G14105,0.27320042
AT5G14110,-0.23516333
AT5G14120,-0.3160994
AT5G14130,0.12794037
AT5G14140,0.050320975
AT5G14150,-0.006447024
AT5G14160,0.03063132
AT5G14170,0.055450995
AT5G14180,0.9988793
AT5G14200,-0.4225899
AT5G14210,-0.46843818
AT5G14220,-0.1310668
AT5G14230,-0.19516617
AT5G14240,0.10236931
AT5G14250,0.22595918
AT5G14260,-0.23904486
AT5G14270,0.22877885
AT5G14275,0.0
AT5G14280,-0.09255751
AT5G14285,0.2986927
AT5G14290,-0.0018958624
AT5G14300,0.0032598984
AT5G14310,0.18407449
AT5G14320,-0.38379568
AT5G14330,-0.1375704
AT5G14340,-0.022949986
AT5G14345,0.0009467597
AT5G14360,-0.48790187
AT5G14370,-0.28358623
AT5G14380,-0.035077937
AT5G14390,-0.00012977565
AT5G14400,-0.06586807
AT5G14410,-0.2603348
AT5G14420,0.31904963
AT5G14430,-0.1307768
AT5G14440,-0.018837553
AT5G14450,-0.22756147
AT5G14460,-0.18363227
AT5G14470,0.79188
AT5G14480,0.15969555
AT5G14490,0.23616071
AT5G14500,0.075471476
AT5G14510,-0.0045322776
AT5G14515,-0.00588104
AT5G14520,0.06209151
AT5G14530,0.065855145
AT5G14540,0.20287114
AT5G14550,0.07814526
AT5G14560,0.0
AT5G14570,-0.03629184
AT5G14580,0.072501265
AT5G14590,0.18608171
AT5G14600,0.16421434
AT5G14602,0.25950623
AT5G14610,-0.50148493
AT5G14620,-0.08173635
AT5G14640,0.3454015
AT5G14650,0.45056623
AT5G14660,-0.33874202
AT5G14670,0.09759066
AT5G14680,0.09149511
AT5G14690,-0.0774809
AT5G14700,0.3635503
AT5G14710,0.07272423
AT5G14720,-0.023007343
AT5G14730,0.45516306
AT5G14740,-0.95475894
AT5G14750,-0.0875581
AT5G14760,0.12483669
AT5G14770,0.012306444
AT5G14780,0.5171949
AT5G14790,0.00431884
AT5G14800,0.28252432
AT5G14820,-0.14108035
AT5G14850,-0.00037392485
AT5G14860,0.06431861
AT5G14870,0.041707143
AT5G14880,-0.14196554
AT5G14890,0.11952139
AT5G14895,0.050847333
AT5G14900,0.011778151
AT5G14910,-0.31039423
AT5G14920,-0.14201105
AT5G14930,0.22579718
AT5G14940,0.13292
AT5G14950,0.09988113
AT5G14960,0.29228985
AT5G14970,-0.2019664
AT5G14980,0.00041162054
AT5G14990,0.0029444539
AT5G14995,0.0
AT5G15000,0.0
AT5G15008,0.0
AT5G15010,0.028802048
AT5G15020,0.024830183
AT5G15025,0.05633015
AT5G15030,-0.0026792823
AT5G15040,0.0
AT5G15050,-0.15570569
AT5G15060,-0.00046655387
AT5G15070,-0.27924272
AT5G15080,0.20346648
AT5G15090,0.37465465
AT5G15100,0.0008227852
AT5G15110,0.00027761556
AT5G15120,-0.06649114
AT5G15130,0.6760359
AT5G15140,-0.046226587
AT5G15150,-0.17746921
AT5G15160,-0.50768447
AT5G15170,-0.19437584
AT5G15180,-0.017413734
AT5G15190,0.29828858
AT5G15200,0.14373727
AT5G15210,-0.34026563
AT5G15220,-0.0815723
AT5G15230,-0.7354688
AT5G15240,0.39388278
AT5G15250,0.16832249
AT5G15260,0.29895476
AT5G15265,0.07271645
AT5G15270,-0.025380947
AT5G15280,-0.24511656
AT5G15290,-0.056868125
AT5G15300,0.07000521
AT5G15310,-0.2566094
AT5G15320,0.17548868
AT5G15330,-0.27434692
AT5G15340,-0.13200621
AT5G15350,-0.36245906
AT5G15360,0.0
AT5G15380,0.13514873
AT5G15390,-0.20473143
AT5G15400,0.19782707
AT5G15410,0.08039877
AT5G15420,-0.030557828
AT5G15430,-0.06331231
AT5G15440,-0.03824466
AT5G15450,0.033370342
AT5G15460,-0.06465096
AT5G15470,0.2585669
AT5G15480,0.040783837
AT5G15490,0.63546735
AT5G15500,-0.19849813
AT5G15510,-0.1722358
AT5G15520,-0.035455488
AT5G15530,-0.13756564
AT5G15533,0.0
AT5G15537,-0.03281999
AT5G15540,0.090311475
AT5G15550,0.3638249
AT5G15560,0.00021643797
AT5G15570,0.03454123
AT5G15580,-0.5985454
AT5G15581,-0.05363787
AT5G15600,-0.3328407
AT5G15610,0.06872193
AT5G15620,0.022731205
AT5G15630,0.19943364
AT5G15640,0.82917106
AT5G15650,0.52797645
AT5G15660,0.26329896
AT5G15670,0.0012530608
AT5G15680,0.008075802
AT5G15685,0.00028496265
AT5G15690,0.0
AT5G15700,0.3055581
AT5G15710,0.16422832
AT5G15720,0.0059250854
AT5G15725,-0.009886691
AT5G15730,0.24705867
AT5G15740,-0.30326062
AT5G15745,-0.0057402155
AT5G15750,0.2546681
AT5G15760,0.09959683
AT5G15770,-0.10332653
AT5G15780,-0.89070225
AT5G15790,-0.28626144
AT5G15800,-0.16149595
AT5G15802,0.06925666
AT5G15810,0.049634237
AT5G15820,0.07038885
AT5G15830,-0.43378425
AT5G15840,-0.12498156
AT5G15843,-0.017679745
AT5G15850,0.04708095
AT5G15853,0.040326416
AT5G15860,0.07841841
AT5G15870,0.44588113
AT5G15880,0.0850747
AT5G15890,0.0043592826
AT5G15900,-0.19538993
AT5G15910,0.115658484
AT5G15920,-0.10705719
AT5G15930,-0.12639351
AT5G15940,0.149766
AT5G15950,-0.20930259
AT5G15960,0.0900176
AT5G15970,0.14172462
AT5G15980,0.22129348
AT5G16000,-0.40429366
AT5G16010,0.17156982
AT5G16020,0.15071034
AT5G16023,-0.18180896
AT5G16030,-1.0204767
AT5G16040,-0.044082794
AT5G16050,0.19646578
AT5G16060,0.18324508
AT5G16070,-0.059768442
AT5G16080,0.9748056
AT5G16090,0.057134237
AT5G16100,0.00010573755
AT5G16110,-0.11994207
AT5G16120,0.227063
AT5G16130,0.0072159106
AT5G16140,-0.22812745
AT5G16150,0.15451212
AT5G16160,0.12974615
AT5G16170,0.5746025
AT5G16180,-0.33147097
AT5G16190,-0.2842093
AT5G16200,-0.25880396
AT5G16210,-0.10511333
AT5G16220,0.067449205
AT5G16230,0.20982178
AT5G16240,-0.4983459
AT5G16250,-0.35036352
AT5G16260,-0.03893234
AT5G16270,0.035934042
AT5G16280,0.041860987
AT5G16285,0.0023337672
AT5G16290,-0.047702834
AT5G16300,0.21141008
AT5G16310,-0.11776416
AT5G16320,0.22221342
AT5G16330,0.014577848
AT5G16340,-0.245569
AT5G16350,-0.24121252
AT5G16360,1.077251
AT5G16370,0.2841976
AT5G16380,0.44904786
AT5G16390,-0.44549474
AT5G16400,-0.46169156
AT5G16410,-0.28178367
AT5G16420,-0.11592391
AT5G16430,0.00021643797
AT5G16440,0.23017934
AT5G16450,0.58796513
AT5G16453,0.004897319
AT5G16460,0.009621651
AT5G16470,0.18713747
AT5G16480,-0.17289265
AT5G16486,0.0027320192
AT5G16490,-0.052252766
AT5G16500,0.0027137469
AT5G16510,0.47346726
AT5G16520,0.19652395
AT5G16530,-0.29843643
AT5G16540,-0.40123478
AT5G16550,0.12799665
AT5G16560,-0.11890256
AT5G16570,-0.0058309124
AT5G16580,0.012404363
AT5G16590,-0.6946199
AT5G16600,-0.39909393
AT5G16610,-0.0966289
AT5G16620,-0.04000779
AT5G16630,0.07505195
AT5G16640,-0.082300656
AT5G16650,-0.19775176
AT5G16660,0.094757505
AT5G16680,0.16541004
AT5G16690,0.13841677
AT5G16700,7.269358e-05
AT5G16710,-0.3421972
AT5G16715,-0.4422781
AT5G16720,-0.5123592
AT5G16730,-0.22318003
AT5G16740,-0.026054313
AT5G16750,0.2530934
AT5G16760,0.24475178
AT5G16770,0.03989994
AT5G16780,-0.048931096
AT5G16790,-0.39013797
AT5G16800,0.03137436
AT5G16810,-0.40062797
AT5G16820,0.06777716
AT5G16830,0.13308683
AT5G16840,0.13938846
AT5G16850,0.04751202
AT5G16860,0.1861879
AT5G16870,0.024187159
AT5G16880,0.2896615
AT5G16890,-0.0810435
AT5G16900,0.060530774
AT5G16910,0.45335725
AT5G16920,0.01343285
AT5G16930,0.3438945
AT5G16940,-0.15280607
AT5G16950,0.36612707
AT5G16960,0.9930734
AT5G16970,0.91350216
AT5G16980,1.0929122
AT5G16990,-0.16641161
AT5G17000,0.23312585
AT5G17010,0.16454107
AT5G17020,0.20084827
AT5G17030,0.028814614
AT5G17040,-0.04856172
AT5G17050,0.01701426
AT5G17060,0.34542057
AT5G17070,0.09455692
AT5G17080,0.0
AT5G17090,0.0030145866
AT5G17100,0.0
AT5G17110,0.0
AT5G17120,0.0
AT5G17130,0.0023337672
AT5G17140,0.0
AT5G17150,-0.07093344
AT5G17160,-0.18938594
AT5G17165,-0.121600226
AT5G17167,0.0005888358
AT5G17170,-0.42741495
AT5G17180,0.005451313
AT5G17190,0.536253
AT5G17200,0.009175745
AT5G17210,0.24283506
AT5G17220,-0.06541459
AT5G17230,-0.51055014
AT5G17240,-0.043727003
AT5G17250,-0.019259792
AT5G17260,-0.06282835
AT5G17270,0.21350643
AT5G17280,0.47824606
AT5G17290,0.060327556
AT5G17300,-0.33245352
AT5G17305,0.0
AT5G17310,-0.47499377
AT5G17320,0.0
AT5G17330,0.97101295
AT5G17340,0.0024065739
AT5G17345,0.00011163004
AT5G17350,0.18753369
AT5G17360,0.06578146
AT5G17370,0.15264338
AT5G17380,1.399219
AT5G17390,1.1367406
AT5G17400,-0.078453615
AT5G17410,-0.21355665
AT5G17420,0.04640876
AT5G17430,0.048568904
AT5G17440,-0.0709343
AT5G17450,0.42567495
AT5G17460,0.6014446
AT5G17470,0.00030673324
AT5G17480,0.0
AT5G17490,0.06359333
AT5G17500,-0.0015990683
AT5G17510,-0.04480895
AT5G17520,0.003403195
AT5G17522,0.008702864
AT5G17523,0.0
AT5G17530,0.05298567
AT5G17540,-0.05107014
AT5G17550,0.17322971
AT5G17560,0.1829712
AT5G17570,0.14234133
AT5G17580,-0.26888126
AT5G17590,0.0040901382
AT5G17600,-0.4266949
AT5G17610,0.1709581
AT5G17620,-0.18924813
AT5G17630,-0.14188719
AT5G17640,0.2495336
AT5G17650,0.8816575
AT5G17660,-0.30901513
AT5G17670,-0.4484202
AT5G17680,-0.001644097
AT5G17690,0.06673446
AT5G17700,-0.020780377
AT5G17710,-0.17897305
AT5G17720,0.00054106646
AT5G17730,0.0
AT5G17740,0.0
AT5G17750,0.00064307556
AT5G17760,0.88169724
AT5G17770,0.34248412
AT5G17780,0.20321366
AT5G17790,-0.16780314
AT5G17800,-0.07336497
AT5G17810,-0.016162042
AT5G17820,-0.071382746
AT5G17830,-0.045958936
AT5G17840,0.026701087
AT5G17847,-0.0010946068
AT5G17850,0.27596352
AT5G17860,0.9005379
AT5G17870,-0.41446906
AT5G17880,0.04806641
AT5G17890,-0.06707277
AT5G17900,-0.057572726
AT5G17910,0.085642084
AT5G17920,-0.008497914
AT5G17930,-0.07628171
AT5G17950,0.0
AT5G17960,0.009096017
AT5G17970,0.013672123
AT5G17980,-0.38946685
AT5G17990,1.085948
AT5G18000,-0.021996608
AT5G18010,-0.33689797
AT5G18020,-0.620361
AT5G18030,-0.5154043
AT5G18037,0.01570995
AT5G18040,0.062944934
AT5G18050,-0.2737304
AT5G18060,-0.45260438
AT5G18065,0.11971911
AT5G18070,0.38805863
AT5G18080,-0.5689529
AT5G18090,-0.0016396377
AT5G18100,-0.26464403
AT5G18110,0.21502763
AT5G18120,-0.00049430976
AT5G18130,0.67701125
AT5G18140,-0.26894638
AT5G18150,0.17448759
AT5G18160,-3.137753e-05
AT5G18170,-0.13296118
AT5G18180,0.13636717
AT5G18190,0.082467444
AT5G18200,0.12471388
AT5G18210,-0.105554916
AT5G18220,0.048363123
AT5G18230,-0.12659876
AT5G18240,-0.16833137
AT5G18250,0.10212339
AT5G18260,-0.31421512
AT5G18270,1.217376
AT5G18280,-0.04496136
AT5G18290,0.04076591
AT5G18300,-0.0132116545
AT5G18310,0.38870105
AT5G18320,0.10336125
AT5G18330,-0.012292559
AT5G18340,-0.29492852
AT5G18350,0.47993878
AT5G18360,-0.2385354
AT5G18370,0.15162978
AT5G18380,0.035402663
AT5G18390,0.12549376
AT5G18400,0.31365874
AT5G18403,0.0
AT5G18404,-0.12940064
AT5G18407,-0.07079908
AT5G18410,-0.2772308
AT5G18420,0.19741492
AT5G18430,-0.2912794
AT5G18440,-0.13377748
AT5G18450,0.020599563
AT5G18460,-0.44143504
AT5G18470,0.7169484
AT5G18475,-0.09244128
AT5G18480,0.53812075
AT5G18490,0.39585003
AT5G18500,-0.095663905
AT5G18510,0.03687833
AT5G18520,0.18399313
AT5G18525,0.28131026
AT5G18540,0.23631659
AT5G18550,0.06836266
AT5G18560,0.017828954
AT5G18570,-0.5165397
AT5G18580,-0.02838304
AT5G18590,-0.15314187
AT5G18600,-0.26005775
AT5G18610,0.05071314
AT5G18620,-0.04620872
AT5G18630,-0.058725316
AT5G18636,0.40619758
AT5G18640,0.06642029
AT5G18650,-0.18506457
AT5G18660,-0.75335884
AT5G18661,0.05452154
AT5G18670,-0.41713744
AT5G18680,0.023427699
AT5G18690,-0.42434323
AT5G18700,-0.4004963
AT5G18705,0.0
AT5G18710,-0.049969185
AT5G18720,0.014253881
AT5G18730,0.0079074325
AT5G18735,-0.039359797
AT5G18740,-0.095354386
AT5G18748,3.6809124e-05
AT5G18750,0.20130591
AT5G18760,0.058709767
AT5G18770,0.08473964
AT5G18780,0.6571169
AT5G18800,0.31749266
AT5G18810,0.11034273
AT5G18820,0.06937115
AT5G18830,-0.02229784
AT5G18840,-0.010487505
AT5G18850,0.07356469
AT5G18860,-0.17281306
AT5G18870,0.0
AT5G18880,0.0
AT5G18890,0.013707835
AT5G18900,0.35674527
AT5G18910,-0.019173933
AT5G18920,0.06841384
AT5G18930,-0.5703945
AT5G18933,0.0
AT5G18937,0.0005769782
AT5G18940,0.19174561
AT5G18950,0.11499207
AT5G18960,-0.02728561
AT5G18970,-0.2546109
AT5G18980,0.045158733
AT5G18990,0.0026692944
AT5G19000,0.2521085
AT5G19010,-0.19730256
AT5G19020,-0.15805627
AT5G19025,0.016647581
AT5G19030,0.20166036
AT5G19040,-0.032341283
AT5G19050,0.23040013
AT5G19060,-0.16650106
AT5G19070,0.023044266
AT5G19080,0.15387824
AT5G19090,-0.5072059
AT5G19100,-0.05867828
AT5G19110,0.32781717
AT5G19120,-0.43474436
AT5G19130,0.04264078
AT5G19140,0.13164449
AT5G19150,0.08589964
AT5G19151,0.1429865
AT5G19160,-0.19277467
AT5G19170,-0.103379
AT5G19172,0.001976229
AT5G19175,0.0
AT5G19180,0.14946596
AT5G19190,-1.2129092
AT5G19200,0.21170488
AT5G19210,-0.29790837
AT5G19220,-0.5054689
AT5G19230,0.94337386
AT5G19240,0.21973315
AT5G19250,0.20487115
AT5G19260,-0.4554899
AT5G19270,-0.0018437778
AT5G19280,0.027063444
AT5G19290,-0.3277739
AT5G19300,0.119157106
AT5G19310,-0.078604065
AT5G19315,0.00017970966
AT5G19320,0.17748953
AT5G19330,0.0062600523
AT5G19340,-0.058874667
AT5G19350,0.12943459
AT5G19360,0.052435108
AT5G19370,-0.025965447
AT5G19380,0.06409588
AT5G19390,-0.4458281
AT5G19400,0.26468584
AT5G19410,0.25487125
AT5G19420,0.09245015
AT5G19430,-0.11330069
AT5G19440,1.0768656
AT5G19450,0.18820597
AT5G19460,-0.18136728
AT5G19470,-0.10233245
AT5G19473,0.024516579
AT5G19480,-0.09356526
AT5G19485,0.3342683
AT5G19490,0.09989929
AT5G19500,-0.3647695
AT5G19510,0.08628004
AT5G19520,-0.08118447
AT5G19530,-0.5612066
AT5G19540,0.18693304
AT5G19550,0.6858791
AT5G19560,-0.010700349
AT5G19570,-0.03119701
AT5G19580,-0.39190212
AT5G19590,0.16044512
AT5G19595,0.016299888
AT5G19600,-0.096058674
AT5G19610,0.0023014818
AT5G19620,-0.21141489
AT5G19630,-0.015819898
AT5G19633,-9.105551e-06
AT5G19640,0.000630618
AT5G19650,0.058564484
AT5G19660,-0.019119058
AT5G19670,-0.25428638
AT5G19675,-0.047511067
AT5G19680,0.17256325
AT5G19690,0.268019
AT5G19700,-0.0003490722
AT5G19710,0.0
AT5G19720,0.0040641828
AT5G19730,-0.19346766
AT5G19740,-0.40294552
AT5G19750,0.2285101
AT5G19760,-0.09178667
AT5G19770,-0.23023914
AT5G19780,-0.18152466
AT5G19790,-0.09045735
AT5G19800,-0.0070041427
AT5G19810,-0.013581591
AT5G19820,0.05491845
AT5G19830,-0.031212797
AT5G19840,0.011019821
AT5G19850,0.018936148
AT5G19855,0.30478626
AT5G19860,0.2474664
AT5G19870,0.14375822
AT5G19875,0.05976866
AT5G19880,0.69971085
AT5G19890,1.2491616
AT5G19900,-0.07708585
AT5G19910,0.07071306
AT5G19920,-0.079270974
AT5G19930,0.2734425
AT5G19940,-0.35386562
AT5G19950,0.21966673
AT5G19960,0.16904499
AT5G19970,-0.3159187
AT5G19980,0.44979742
AT5G19990,0.14394839
AT5G20000,0.9211711
AT5G20010,0.26799604
AT5G20020,0.42925867
AT5G20030,-0.105736725
AT5G20040,-0.16781276
AT5G20045,-0.024678603
AT5G20050,0.1747434
AT5G20060,0.04924876
AT5G20070,-0.0835834
AT5G20080,0.22067939
AT5G20090,0.34509552
AT5G20100,0.010612789
AT5G20110,-0.0585756
AT5G20120,0.12806529
AT5G20130,0.031645652
AT5G20140,-0.30674207
AT5G20150,0.50115806
AT5G20160,0.31418765
AT5G20165,0.2358645
AT5G20170,-0.008533579
AT5G20180,0.16920011
AT5G20190,0.1891781
AT5G20200,0.023477051
AT5G20220,-0.380605
AT5G20230,1.4379487
AT5G20240,0.2096903
AT5G20250,-0.06497256
AT5G20260,0.11479147
AT5G20270,-0.5718613
AT5G20280,0.18018284
AT5G20290,0.044679172
AT5G20300,0.1683974
AT5G20310,0.0
AT5G20320,-0.07888709
AT5G20330,0.00059583964
AT5G20340,0.0
AT5G20350,0.07052419
AT5G20360,-0.059682112
AT5G20370,0.026700519
AT5G20380,0.17970136
AT5G20390,0.0
AT5G20400,0.19611487
AT5G20410,-0.27744788
AT5G20420,-0.1114877
AT5G20430,0.0018270607
AT5G20440,0.0
AT5G20447,0.0
AT5G20450,-0.20125787
AT5G20460,0.0
AT5G20470,-0.011830889
AT5G20480,0.6626779
AT5G20490,0.19867185
AT5G20500,0.23077221
AT5G20510,-0.102896474
AT5G20520,0.008020719
AT5G20540,-0.32919505
AT5G20550,0.027805893
AT5G20560,0.00425609
AT5G20570,0.34392738
AT5G20580,-0.17274839
AT5G20590,-0.021051742
AT5G20600,0.1229417
AT5G20610,0.11130367
AT5G20620,0.17869072
AT5G20630,-0.27521917
AT5G20635,-0.24593708
AT5G20640,-0.12037371
AT5G20650,0.2591956
AT5G20655,0.0
AT5G20670,-0.21809639
AT5G20680,0.26381794
AT5G20690,-0.0033594407
AT5G20700,-0.020302558
AT5G20710,-0.085311465
AT5G20720,-0.14246437
AT5G20730,0.19861822
AT5G20740,-0.43301478
AT5G20790,0.22104314
AT5G20810,0.33990476
AT5G20820,-0.07953834
AT5G20830,1.5270517
AT5G20840,-0.077604495
AT5G20850,0.028113099
AT5G20860,0.11293558
AT5G20870,-0.028732035
AT5G20885,-0.48777106
AT5G20890,0.08562931
AT5G20900,0.13989748
AT5G20910,0.6906131
AT5G20920,0.23460464
AT5G20930,0.10049765
AT5G20935,-0.32203048
AT5G20940,0.9432192
AT5G20950,0.5672556
AT5G20960,1.1526475
AT5G20970,-0.2531208
AT5G20980,-0.046161022
AT5G20990,0.17652543
AT5G20995,0.0009485134
AT5G21010,0.072483815
AT5G21020,0.23613544
AT5G21030,0.058069855
AT5G21040,0.07466304
AT5G21050,0.031135771
AT5G21060,-0.10452665
AT5G21070,0.16038418
AT5G21080,0.022344057
AT5G21090,0.32455176
AT5G21100,-0.44576803
AT5G21105,0.16455956
AT5G21120,0.012558754
AT5G21125,0.0
AT5G21130,-0.00880478
AT5G21140,0.062170718
AT5G21150,0.02727623
AT5G21160,-0.01938577
AT5G21170,-0.24573322
AT5G21222,-0.50746274
AT5G21274,0.13507637
AT5G21280,0.08865743
AT5G21326,-0.09530909
AT5G21430,-0.9887286
AT5G21482,-0.0058326856
AT5G21900,0.3044777
AT5G21910,-0.17194107
AT5G21920,-0.3807779
AT5G21930,-0.6187207
AT5G21940,-0.14563593
AT5G21950,-0.093040824
AT5G21960,-0.072560824
AT5G21970,-0.0052651186
AT5G21990,0.13789181
AT5G22000,0.19662611
AT5G22010,-0.080789156
AT5G22020,-0.02127301
AT5G22030,-0.08537768
AT5G22040,-0.04978849
AT5G22050,-0.3322323
AT5G22060,0.42080268
AT5G22070,0.058662515
AT5G22080,0.08759477
AT5G22090,-0.29331085
AT5G22100,0.3512747
AT5G22110,0.023475796
AT5G22120,0.29919183
AT5G22130,0.11062066
AT5G22140,0.3824893
AT5G22145,0.0011214433
AT5G22150,-0.018065637
AT5G22160,0.0
AT5G22170,0.0
AT5G22180,0.0
AT5G22190,0.0011529392
AT5G22200,0.045430854
AT5G22210,0.012836473
AT5G22220,-0.005247665
AT5G22240,-0.07018511
AT5G22250,0.4525739
AT5G22260,-0.014790458
AT5G22270,0.23654605
AT5G22280,0.23082621
AT5G22290,0.07947802
AT5G22300,1.7055146
AT5G22310,-0.38550356
AT5G22320,-0.033773422
AT5G22330,0.079966456
AT5G22340,-0.3706233
AT5G22350,0.4674437
AT5G22355,-0.01833969
AT5G22360,0.2950511
AT5G22370,0.089091994
AT5G22380,-0.16017303
AT5G22390,-0.5796917
AT5G22400,-0.035329476
AT5G22410,-0.021302624
AT5G22420,-0.023761617
AT5G22430,0.011328843
AT5G22440,0.029141976
AT5G22450,-0.04182582
AT5G22460,-0.5386615
AT5G22470,-0.005331438
AT5G22480,0.31290463
AT5G22490,0.002641392
AT5G22500,0.95054454
AT5G22505,0.0
AT5G22510,-0.12191292
AT5G22520,0.49074522
AT5G22530,0.6164864
AT5G22540,0.9392089
AT5G22545,0.6806315
AT5G22550,0.15835395
AT5G22555,0.00428882
AT5G22560,0.08189677
AT5G22570,0.93497014
AT5G22580,-0.9364611
AT5G22590,0.0
AT5G22600,0.0
AT5G22608,0.14586274
AT5G22610,0.069775164
AT5G22620,-0.63332754
AT5G22630,0.5372529
AT5G22640,-0.540127
AT5G22650,0.13544147
AT5G22660,0.02872187
AT5G22670,-0.0036160105
AT5G22680,-0.018766824
AT5G22690,-0.19280733
AT5G22700,-0.16054986
AT5G22720,0.008878582
AT5G22730,0.100734405
AT5G22740,-0.1881087
AT5G22750,-0.04062301
AT5G22760,-0.05027561
AT5G22765,-0.00019748612
AT5G22770,0.1533274
AT5G22780,0.20216997
AT5G22785,0.0
AT5G22790,0.0910381
AT5G22791,-0.016229028
AT5G22794,-0.15175627
AT5G22796,-0.103680916
AT5G22799,-0.1738726
AT5G22800,-0.13554148
AT5G22810,0.0010605674
AT5G22820,0.024428826
AT5G22830,-0.18845887
AT5G22840,0.09064671
AT5G22850,0.24496432
AT5G22860,0.49988824
AT5G22870,-0.017999617
AT5G22875,-0.033103816
AT5G22880,-0.16457953
AT5G22890,-0.04483553
AT5G22900,0.0
AT5G22910,0.007321908
AT5G22920,-0.52098846
AT5G22930,-0.062016424
AT5G22940,-0.4707253
AT5G22950,0.1369611
AT5G22960,0.0
AT5G22970,0.0
AT5G22980,0.0
AT5G22990,0.0
AT5G23000,0.43995327
AT5G23010,-0.58269197
AT5G23020,-0.4067071
AT5G23030,-0.01057562
AT5G23035,0.0
AT5G23040,0.05491735
AT5G23050,0.15328476
AT5G23060,-0.7788892
AT5G23070,0.15627608
AT5G23080,0.043501887
AT5G23090,0.04336933
AT5G23100,-0.41448218
AT5G23110,0.26072705
AT5G23120,-0.41596708
AT5G23130,-0.24764109
AT5G23140,0.21336278
AT5G23150,0.085772544
AT5G23160,0.42505014
AT5G23170,-0.12596501
AT5G23180,0.0
AT5G23190,0.7548031
AT5G23200,0.012509143
AT5G23210,-0.31233674
AT5G23212,0.0
AT5G23220,0.025698718
AT5G23230,0.17445228
AT5G23240,0.63190156
AT5G23250,0.12899637
AT5G23260,0.00806964
AT5G23270,-0.0071949977
AT5G23280,-0.31433466
AT5G23290,0.11659141
AT5G23300,0.25150073
AT5G23310,-0.10254682
AT5G23320,0.019475982
AT5G23330,0.09992992
AT5G23340,0.3451419
AT5G23350,-0.16908638
AT5G23360,-0.43921655
AT5G23370,-0.3079482
AT5G23380,0.050480325
AT5G23390,0.22633319
AT5G23395,0.092954405
AT5G23400,-0.17282572
AT5G23405,0.03813628
AT5G23411,0.013346515
AT5G23420,-0.1598202
AT5G23430,-0.03260669
AT5G23440,0.008846633
AT5G23450,0.08609035
AT5G23460,0.0009968498
AT5G23470,0.050125543
AT5G23480,-0.35068363
AT5G23490,0.26958036
AT5G23510,0.23712562
AT5G23520,0.26183572
AT5G23530,0.1338843
AT5G23535,0.1362308
AT5G23540,0.5989658
AT5G23550,0.008151788
AT5G23570,-0.16567124
AT5G23575,0.39149237
AT5G23580,0.09907167
AT5G23590,0.08891865
AT5G23600,-0.034717564
AT5G23610,0.14706473
AT5G23630,0.26832876
AT5G23650,0.0
AT5G23660,0.3694778
AT5G23670,-0.077261835
AT5G23680,-0.122401625
AT5G23690,-0.020187795
AT5G23700,0.034999967
AT5G23710,0.1140446
AT5G23720,0.08443849
AT5G23730,-0.09502521
AT5G23740,0.043302283
AT5G23750,-0.49805617
AT5G23760,-0.2093454
AT5G23770,-0.3456493
AT5G23780,-0.0742889
AT5G23790,-0.03918145
AT5G23800,-0.25349608
AT5G23810,0.050583303
AT5G23820,0.35909253
AT5G23830,0.12023497
AT5G23840,0.040314503
AT5G23850,0.4058305
AT5G23860,-0.5446918
AT5G23870,-0.10075694
AT5G23880,0.043302055
AT5G23890,-0.05325025
AT5G23900,-0.020471267
AT5G23903,0.0
AT5G23908,0.0
AT5G23910,-0.19677731
AT5G23920,-0.20745507
AT5G23930,-0.033042382
AT5G23940,0.051936314
AT5G23950,0.7036688
AT5G23960,0.00078302453
AT5G23970,0.00074490515
AT5G23980,0.039803404
AT5G23990,-0.062568
AT5G24000,-0.3199602
AT5G24010,-0.19435494
AT5G24020,0.11592036
AT5G24030,0.5495863
AT5G24040,0.20110127
AT5G24050,0.0055773477
AT5G24060,0.049351536
AT5G24070,-0.0070027267
AT5G24080,1.5167402
AT5G24090,0.68379974
AT5G24100,-0.04399586
AT5G24105,-0.36134535
AT5G24110,0.0067731575
AT5G24120,-0.2707569
AT5G24130,-0.0012249878
AT5G24140,0.28384802
AT5G24150,0.41501442
AT5G24155,0.06059427
AT5G24160,0.6695133
AT5G24165,-0.25463355
AT5G24170,0.02401227
AT5G24180,0.027908027
AT5G24190,0.11919354
AT5G24200,1.7525306
AT5G24210,0.57774943
AT5G24215,0.046927173
AT5G24220,-0.00398461
AT5G24230,0.298086
AT5G24240,0.17417651
AT5G24260,0.28285787
AT5G24270,0.0677595
AT5G24275,0.008305006
AT5G24280,0.063649625
AT5G24290,0.12349483
AT5G24300,-0.38411364
AT5G24310,-0.20044045
AT5G24313,-0.01402179
AT5G24314,-0.36129028
AT5G24316,0.122210324
AT5G24318,0.03128972
AT5G24320,0.112305544
AT5G24330,-0.054370463
AT5G24340,0.078451686
AT5G24350,0.07759684
AT5G24352,0.19659546
AT5G24355,0.0033939432
AT5G24360,0.2215675
AT5G24370,0.0006812234
AT5G24380,-0.124026425
AT5G24390,-0.15671432
AT5G24400,0.026236909
AT5G24410,-0.04222067
AT5G24420,-0.1855771
AT5G24430,0.46778613
AT5G24440,0.0
AT5G24450,0.06974229
AT5G24460,0.1834648
AT5G24470,0.61080134
AT5G24480,0.00022709902
AT5G24490,-0.47005743
AT5G24500,0.18379934
AT5G24510,-0.060977813
AT5G24520,0.05949573
AT5G24530,0.630487
AT5G24540,0.5537789
AT5G24550,0.0264013
AT5G24560,-0.0009680786
AT5G24570,0.23403892
AT5G24580,-0.8404481
AT5G24590,-0.06577552
AT5G24600,0.5584824
AT5G24610,0.08596801
AT5G24620,-0.29201654
AT5G24630,0.20948479
AT5G24640,0.65719897
AT5G24650,0.11796235
AT5G24655,0.10374653
AT5G24660,-0.39463252
AT5G24670,-0.020066114
AT5G24680,0.075481065
AT5G24690,-0.023276594
AT5G24710,0.0071902513
AT5G24740,0.112199984
AT5G24750,-0.17997515
AT5G24760,0.7256431
AT5G24770,0.8839495
AT5G24780,1.0389078
AT5G24790,0.0012100346
AT5G24800,-0.024358006
AT5G24810,0.1983379
AT5G24820,0.09349167
AT5G24830,-0.06969984
AT5G24840,0.11768973
AT5G24850,-0.09161206
AT5G24860,0.366957
AT5G24870,0.16766004
AT5G24879,0.0
AT5G24880,0.015746841
AT5G24890,-0.13431227
AT5G24900,-0.01482242
AT5G24910,0.78942907
AT5G24920,-0.17868292
AT5G24930,-0.22126839
AT5G24940,-0.0059137023
AT5G24950,6.443153e-05
AT5G24960,-0.0020746794
AT5G24970,0.050535005
AT5G24980,0.37993267
AT5G24990,-0.01930626
AT5G25000,0.0014188027
AT5G25010,0.07690606
AT5G25020,-0.037865058
AT5G25030,0.0
AT5G25040,0.07031144
AT5G25050,0.059044156
AT5G25060,0.075107455
AT5G25070,0.07082288
AT5G25080,0.042659134
AT5G25090,-0.3501958
AT5G25100,-0.05260006
AT5G25110,-0.32908222
AT5G25120,0.015279528
AT5G25130,-0.1812612
AT5G25140,-0.2546264
AT5G25150,-0.031992592
AT5G25160,-0.004248022
AT5G25170,0.21276385
AT5G25180,0.2628857
AT5G25190,-0.60298854
AT5G25195,0.0
AT5G25200,0.0010553952
AT5G25210,-0.17614691
AT5G25220,0.06322322
AT5G25230,0.2192298
AT5G25240,-0.49504977
AT5G25250,1.2452275
AT5G25260,1.4394507
AT5G25265,0.1050641
AT5G25270,0.03411623
AT5G25280,0.08445825
AT5G25290,0.061196774
AT5G25300,0.0061257663
AT5G25310,-0.015848473
AT5G25320,0.14788722
AT5G25330,0.013362948
AT5G25340,0.011788601
AT5G25350,0.36378834
AT5G25360,0.055555593
AT5G25370,-0.18821168
AT5G25380,-0.13693242
AT5G25390,-0.11163984
AT5G25400,0.0031489232
AT5G25410,0.0
AT5G25415,-0.0075254072
AT5G25420,-0.0054947287
AT5G25425,0.0
AT5G25430,-0.0023310387
AT5G25440,0.28423032
AT5G25450,0.49911815
AT5G25460,-1.0686
AT5G25470,-0.13352177
AT5G25475,-0.39480862
AT5G25480,0.16919795
AT5G25490,-0.10098101
AT5G25500,-0.00044135004
AT5G25510,0.1189422
AT5G25520,0.018897796
AT5G25530,-0.02767782
AT5G25540,0.33003882
AT5G25550,-0.0057127313
AT5G25560,-0.008248228
AT5G25570,0.028599862
AT5G25580,-0.13276398
AT5G25590,-0.4788937
AT5G25600,-0.0044401283
AT5G25610,-0.22971804
AT5G25620,-0.10432173
AT5G25630,-0.33063108
AT5G25640,0.031062681
AT5G25750,0.0
AT5G25752,0.0
AT5G25754,0.091710284
AT5G25755,-0.03270893
AT5G25756,0.039694123
AT5G25760,0.10499051
AT5G25770,0.7232601
AT5G25780,0.115275115
AT5G25790,0.1539804
AT5G25800,0.060601406
AT5G25810,-0.21041393
AT5G25820,0.7973266
AT5G25830,-0.29016718
AT5G25840,-0.09274138
AT5G25850,0.0
AT5G25860,0.0
AT5G25870,0.00028496265
AT5G25880,0.06449023
AT5G25890,0.25793087
AT5G25900,0.14362293
AT5G25910,0.6419308
AT5G25920,0.44657496
AT5G25930,0.8926116
AT5G25940,0.5486171
AT5G25950,0.00067896314
AT5G25960,-0.0022384438
AT5G25970,-0.0019708676
AT5G25980,-0.34629017
AT5G25990,-0.08486404
AT5G25995,-0.07011796
AT5G26000,-0.33338603
AT5G26010,-0.103429765
AT5G26030,0.46136522
AT5G26040,0.35195053
AT5G26050,0.008752826
AT5G26060,0.0
AT5G26070,-0.002037358
AT5G26080,-0.012329048
AT5G26090,0.0
AT5G26100,0.00063961017
AT5G26110,0.16629718
AT5G26120,0.030724412
AT5G26130,0.0
AT5G26140,-0.0035006097
AT5G26150,-0.023209967
AT5G26160,-0.15795128
AT5G26170,0.423263
AT5G26180,0.18262607
AT5G26190,-0.09050009
AT5G26200,-0.37532827
AT5G26210,-0.073397815
AT5G26220,0.22894676
AT5G26230,-0.40577072
AT5G26240,0.11015674
AT5G26250,0.12522039
AT5G26260,0.2391402
AT5G26262,0.0
AT5G26270,0.05469384
AT5G26280,0.045620948
AT5G26290,-0.03559629
AT5G26300,0.10991366
AT5G26310,-0.025221523
AT5G26320,0.003235499
AT5G26330,-0.29563704
AT5G26340,1.3948686
AT5G26360,-0.028837815
AT5G26570,0.075450465
AT5G26580,0.0
AT5G26594,0.0
AT5G26600,0.30664283
AT5G26610,0.18102738
AT5G26617,0.0
AT5G26620,0.002360929
AT5G26622,-0.10995147
AT5G26630,0.015870202
AT5G26640,0.0
AT5G26650,0.0
AT5G26660,0.57886934
AT5G26667,0.21766925
AT5G26670,-0.5996965
AT5G26673,0.0
AT5G26680,0.30739576
AT5G26690,1.0218112
AT5G26692,0.0
AT5G26700,0.3652288
AT5G26710,0.1443446
AT5G26717,0.0
AT5G26718,0.0
AT5G26730,-0.055903915
AT5G26731,0.30267078
AT5G26734,0.0
AT5G26742,-0.21778332
AT5G26749,0.055139545
AT5G26751,0.18951836
AT5G26760,0.1203843
AT5G26770,0.060338475
AT5G26780,-0.13235751
AT5G26790,-0.1473299
AT5G26800,0.09185413
AT5G26805,0.0
AT5G26810,0.00044927993
AT5G26820,-0.265894
AT5G26830,0.12983215
AT5G26840,0.0
AT5G26850,-0.49971554
AT5G26860,0.43707567
AT5G26865,0.053299528
AT5G26880,-0.043662883
AT5G26890,0.031088162
AT5G26900,0.062057056
AT5G26910,-0.3855257
AT5G26920,0.9909678
AT5G26930,-0.0038918694
AT5G26940,0.33581918
AT5G26950,0.022446511
AT5G26955,0.0
AT5G26960,-0.089467205
AT5G26970,-0.059084736
AT5G26980,-0.13092403
AT5G26990,0.19196072
AT5G27000,0.10914045
AT5G27010,0.05995836
AT5G27020,-0.01623401
AT5G27030,0.18701006
AT5G27060,1.2519172
AT5G27065,0.0
AT5G27070,-0.010852142
AT5G27080,0.0031489232
AT5G27090,0.010557352
AT5G27100,0.10162751
AT5G27110,-0.13244674
AT5G27120,0.2311587
AT5G27130,0.19710141
AT5G27140,0.0062256414
AT5G27150,0.2828721
AT5G27170,0.0
AT5G27200,-0.019387992
AT5G27210,0.3455417
AT5G27220,-0.04301608
AT5G27230,-0.055538516
AT5G27238,0.0
AT5G27240,-0.3483132
AT5G27247,-0.0011863359
AT5G27260,-0.00085557473
AT5G27270,-0.22798148
AT5G27280,0.3997919
AT5G27290,-0.8599645
AT5G27300,-0.45894888
AT5G27310,0.0
AT5G27320,0.13526116
AT5G27330,-0.03429648
AT5G27340,0.0
AT5G27350,0.6282642
AT5G27360,-0.4836235
AT5G27370,0.00028496265
AT5G27380,0.4804972
AT5G27390,-0.45714402
AT5G27395,0.26032954
AT5G27400,-0.32412744
AT5G27410,-0.104597315
AT5G27420,0.7262423
AT5G27430,0.23689376
AT5G27440,-0.030625623
AT5G27450,0.027328938
AT5G27460,0.093205184
AT5G27470,0.12325455
AT5G27490,0.08530909
AT5G27493,0.14438076
AT5G27495,0.0
AT5G27510,0.012490345
AT5G27520,0.7861807
AT5G27530,0.0
AT5G27540,0.21288413
AT5G27550,-0.17897573
AT5G27560,-0.31843376
AT5G27570,0.011729668
AT5G27580,0.012030531
AT5G27600,0.528372
AT5G27606,0.0
AT5G27607,0.0
AT5G27610,0.51755834
AT5G27620,0.018465403
AT5G27630,-0.09937585
AT5G27640,0.26225427
AT5G27650,-0.042887047
AT5G27660,0.10654844
AT5G27670,0.018451825
AT5G27680,0.03836256
AT5G27690,-0.07437678
AT5G27700,0.21451709
AT5G27710,0.16315596
AT5G27720,0.22153951
AT5G27730,-0.16186422
AT5G27740,-0.14802511
AT5G27750,0.12985729
AT5G27760,0.9686241
AT5G27765,0.31988588
AT5G27770,0.1282471
AT5G27780,-0.071550146
AT5G27790,0.00010396173
AT5G27800,0.0
AT5G27810,-0.0003324171
AT5G27820,0.009166384
AT5G27830,0.34318143
AT5G27840,0.17739084
AT5G27850,0.09083287
AT5G27860,0.06704895
AT5G27870,-0.01204441
AT5G27880,0.0
AT5G27889,0.0043314686
AT5G27890,0.00923187
AT5G27893,0.03198832
AT5G27910,-0.026146047
AT5G27920,0.663629
AT5G27930,0.27378047
AT5G27940,0.12970006
AT5G27944,0.0
AT5G27945,-0.0076161283
AT5G27950,-0.097308286
AT5G27960,0.0
AT5G27970,-0.011250016
AT5G27980,0.035737496
AT5G27990,0.052756228
AT5G28000,0.0017024887
AT5G28010,0.111943424
AT5G28020,-0.41989776
AT5G28030,-0.0814823
AT5G28040,0.023825701
AT5G28050,0.7141829
AT5G28060,0.003007481
AT5G28080,0.036304966
AT5G28090,0.0
AT5G28150,-0.059790324
AT5G28160,0.0
AT5G28180,0.0
AT5G28190,0.0
AT5G28210,-0.012887691
AT5G28220,0.026623756
AT5G28235,0.32994318
AT5G28237,1.2983122
AT5G28288,0.0
AT5G28290,-0.02142635
AT5G28295,0.0
AT5G28300,-0.12098675
AT5G28310,0.012682231
AT5G28320,-0.11367051
AT5G28340,0.055013843
AT5G28345,-0.10346828
AT5G28350,0.21705736
AT5G28370,0.0055433526
AT5G28380,0.10349351
AT5G28390,-0.17641646
AT5G28400,-0.11643813
AT5G28410,0.0
AT5G28420,-0.01250386
AT5G28440,0.0
AT5G28450,-0.043226957
AT5G28460,0.122397
AT5G28462,0.0
AT5G28463,0.0
AT5G28470,0.0
AT5G28490,-0.23404568
AT5G28491,0.0
AT5G28500,-0.28237683
AT5G28510,0.0455626
AT5G28520,0.005632103
AT5G28530,0.08183321
AT5G28540,0.6781792
AT5G28550,0.0
AT5G28560,0.0
AT5G28590,0.0
AT5G28610,-0.14631648
AT5G28615,0.0
AT5G28620,0.0
AT5G28630,-0.51887435
AT5G28640,0.09763523
AT5G28646,1.1755154
AT5G28650,0.101585455
AT5G28660,-5.011875e-05
AT5G28680,0.0
AT5G28690,0.0
AT5G28720,0.0
AT5G28730,0.0
AT5G28740,0.15968832
AT5G28750,-0.14898196
AT5G28770,-0.6471733
AT5G28780,0.0
AT5G28810,-0.04378276
AT5G28820,0.0
AT5G28823,0.00010396173
AT5G28830,0.48577476
AT5G28840,-0.17473319
AT5G28850,-0.16272192
AT5G28885,0.0
AT5G28900,-0.020693418
AT5G28910,-0.32932374
AT5G28919,0.14716975
AT5G28920,-0.14499645
AT5G28950,0.0
AT5G28960,-0.01664196
AT5G29000,0.4664832
AT5G29050,0.0
AT5G29054,0.0
AT5G29070,0.0
AT5G29210,0.0
AT5G29560,0.0009175209
AT5G29576,0.0
AT5G29613,0.0
AT5G29624,0.0
AT5G30341,0.0
AT5G30360,0.0
AT5G30490,0.15034816
AT5G30495,0.11317644
AT5G30500,0.22037141
AT5G30510,-0.31125915
AT5G30520,0.0
AT5G31412,0.0
AT5G32440,0.22010209
AT5G32450,-0.15353951
AT5G32460,0.059854012
AT5G32470,0.10622957
AT5G32590,0.06973004
AT5G32613,0.0
AT5G32619,0.0
AT5G32670,0.0
AT5G33210,0.0
AT5G33280,-0.1714113
AT5G33290,0.7796228
AT5G33300,0.11771383
AT5G33320,0.2109189
AT5G33330,0.046547927
AT5G33340,0.00860707
AT5G33355,0.029949088
AT5G33370,0.20255986
AT5G33390,-0.037664123
AT5G33393,0.0
AT5G33406,0.018067658
AT5G33806,0.0
AT5G33898,0.0
AT5G34581,0.0
AT5G34780,-0.0023680176
AT5G34828,0.0
AT5G34829,0.0
AT5G34830,0.024517642
AT5G34850,0.13955688
AT5G34869,0.0
AT5G34870,0.0
AT5G34881,0.0
AT5G34882,0.0
AT5G34883,0.0
AT5G34885,0.0
AT5G34887,0.0
AT5G34905,0.0
AT5G34908,0.0
AT5G34930,0.731713
AT5G34940,1.2179799
AT5G35050,0.0024646616
AT5G35067,0.0
AT5G35069,0.0
AT5G35080,0.025706628
AT5G35090,0.00096215855
AT5G35100,-0.03296722
AT5G35110,0.16392411
AT5G35120,0.0011863094
AT5G35160,0.0903102
AT5G35170,-0.5046899
AT5G35180,0.060284935
AT5G35190,-0.0667755
AT5G35195,0.0
AT5G35200,0.36172903
AT5G35210,-0.10812894
AT5G35220,-0.24046862
AT5G35230,0.0
AT5G35300,0.0
AT5G35320,0.25883597
AT5G35330,0.077071376
AT5G35338,0.0
AT5G35360,-0.21397091
AT5G35370,0.5291892
AT5G35375,-0.050360456
AT5G35380,0.07288413
AT5G35390,0.029347686
AT5G35400,0.09419876
AT5G35405,0.0
AT5G35410,0.17391223
AT5G35430,0.18987747
AT5G35450,-0.37886718
AT5G35460,0.07080834
AT5G35475,0.0
AT5G35480,-0.70472604
AT5G35490,-0.41586587
AT5G35510,0.058345035
AT5G35520,-0.14012289
AT5G35525,-0.17960505
AT5G35530,0.035400752
AT5G35540,0.0045024236
AT5G35550,-0.007656785
AT5G35560,0.1886605
AT5G35570,-0.017097343
AT5G35580,0.3011517
AT5G35590,0.35367483
AT5G35600,0.012430015
AT5G35603,0.0
AT5G35604,0.00028496265
AT5G35610,0.0
AT5G35620,0.24514331
AT5G35630,-0.6111365
AT5G35640,0.020010341
AT5G35660,0.06213468
AT5G35670,-0.4650089
AT5G35680,0.4129712
AT5G35688,0.10179257
AT5G35690,0.3865253
AT5G35695,0.0
AT5G35698,0.0
AT5G35700,0.30676168
AT5G35715,0.0102754
AT5G35730,0.25340083
AT5G35732,-0.0010080402
AT5G35735,0.7781667
AT5G35737,0.0
AT5G35740,-0.4953747
AT5G35750,-0.29110408
AT5G35753,-0.12280572
AT5G35760,-0.026557935
AT5G35770,0.02411552
AT5G35780,0.0
AT5G35790,-0.56406915
AT5G35810,0.0
AT5G35830,0.0
AT5G35840,-0.05426811
AT5G35870,-0.0017894339
AT5G35890,0.0006562197
AT5G35900,0.052736368
AT5G35910,0.10767561
AT5G35913,0.0002045448
AT5G35926,-0.033245765
AT5G35927,-0.013271023
AT5G35930,-0.117207274
AT5G35940,-0.04679061
AT5G35945,-0.0022209822
AT5G35950,0.0007802328
AT5G35960,0.09661535
AT5G35970,-0.2784309
AT5G35980,0.16635339
AT5G35995,-0.06181374
AT5G36000,-0.21113367
AT5G36001,-0.41126204
AT5G36080,0.0
AT5G36100,-0.009213151
AT5G36110,0.010832238
AT5G36120,-0.17632376
AT5G36130,-0.00027903062
AT5G36150,0.0009585086
AT5G36160,0.16383554
AT5G36170,-0.35586768
AT5G36180,-0.010014428
AT5G36190,0.00465323
AT5G36200,0.0
AT5G36210,0.04516439
AT5G36220,0.52073985
AT5G36225,0.0
AT5G36228,0.0
AT5G36230,0.014870135
AT5G36240,0.0012596374
AT5G36250,-0.15509517
AT5G36260,0.039125323
AT5G36270,0.0
AT5G36280,-0.016557593
AT5G36290,-0.0042038625
AT5G36300,0.0
AT5G36310,0.0
AT5G36320,0.0
AT5G36330,0.0
AT5G36350,0.0
AT5G36370,0.0
AT5G36480,0.0
AT5G36490,0.0
AT5G36500,0.0
AT5G36520,0.0
AT5G36540,0.0
AT5G36550,0.0
AT5G36657,0.0
AT5G36658,0.0
AT5G36659,0.0
AT5G36661,0.0
AT5G36662,0.0
AT5G36670,-0.06456859
AT5G36680,3.67001e-05
AT5G36690,0.0
AT5G36700,-0.7769611
AT5G36710,-0.19976102
AT5G36720,0.0
AT5G36722,0.00022709902
AT5G36730,0.0
AT5G36780,-0.007230604
AT5G36790,-0.73628885
AT5G36820,0.0
AT5G36870,0.0056950483
AT5G36880,0.4648374
AT5G36890,0.040626857
AT5G36900,0.0
AT5G36906,0.0
AT5G36907,0.93862915
AT5G36910,-0.30396813
AT5G36920,-0.0419957
AT5G36925,0.13858315
AT5G36930,-0.025517622
AT5G36940,-0.1613339
AT5G36950,-0.084621005
AT5G36960,0.013238021
AT5G36970,1.1211942
AT5G36980,0.0
AT5G36985,0.0
AT5G37000,-0.29282296
AT5G37010,-0.20178567
AT5G37020,-0.1905347
AT5G37030,0.0
AT5G37035,0.0
AT5G37040,0.0
AT5G37050,0.013969434
AT5G37055,-0.0038873546
AT5G37060,0.013604206
AT5G37070,0.41979787
AT5G37130,0.09002119
AT5G37140,0.024675548
AT5G37147,0.0
AT5G37150,0.0
AT5G37160,-0.00161404
AT5G37165,-0.00045916837
AT5G37170,0.0
AT5G37180,-0.19237012
AT5G37190,-0.038025856
AT5G37200,0.0023337672
AT5G37210,0.0034216612
AT5G37220,0.0
AT5G37230,0.013463306
AT5G37240,-0.029710062
AT5G37247,-0.013257105
AT5G37250,0.039101057
AT5G37260,-0.2512605
AT5G37270,0.009006073
AT5G37280,0.00064307556
AT5G37290,-0.17891023
AT5G37300,-0.07353421
AT5G37310,0.11392463
AT5G37320,0.019946523
AT5G37340,0.09352969
AT5G37350,0.073584616
AT5G37360,-0.15759484
AT5G37370,0.01920506
AT5G37380,0.056970097
AT5G37400,-0.008139391
AT5G37410,-0.2044242
AT5G37415,0.09002628
AT5G37420,0.038575817
AT5G37430,0.0009116923
AT5G37440,0.056913044
AT5G37450,-0.104905516
AT5G37460,-0.0021085637
AT5G37470,0.0063912147
AT5G37473,0.0
AT5G37474,-0.00095860806
AT5G37475,0.2075844
AT5G37478,-0.083341405
AT5G37480,0.3873922
AT5G37490,0.433232
AT5G37500,0.28810608
AT5G37510,0.35605478
AT5G37520,0.0
AT5G37530,0.014115592
AT5G37540,0.27410305
AT5G37550,0.016709885
AT5G37560,0.0031489232
AT5G37570,0.25998548
AT5G37590,0.044274207
AT5G37600,0.50282174
AT5G37610,0.0015853748
AT5G37620,-0.0033606405
AT5G37630,-0.10030892
AT5G37640,0.0009935361
AT5G37650,0.0
AT5G37660,-0.41859952
AT5G37670,0.12883851
AT5G37680,-0.036566626
AT5G37690,0.016372904
AT5G37710,-0.13734195
AT5G37715,-0.038248472
AT5G37720,0.389608
AT5G37730,0.0013326489
AT5G37740,0.44443512
AT5G37750,0.1092276
AT5G37760,-0.0022061104
AT5G37770,-0.33819577
AT5G37780,0.4872902
AT5G37785,0.0
AT5G37790,-0.6379327
AT5G37793,-0.0334138
AT5G37800,-0.029237943
AT5G37810,0.0
AT5G37820,0.00058084336
AT5G37830,0.0383741
AT5G37840,0.98543316
AT5G37850,0.1613775
AT5G37860,0.0
AT5G37870,0.0
AT5G37890,0.07746412
AT5G37900,0.0
AT5G37910,0.0
AT5G37920,-8.380749e-06
AT5G37930,0.06627545
AT5G37940,-0.0012689627
AT5G37950,-0.24721438
AT5G37960,-0.022968678
AT5G37970,0.0066099423
AT5G37980,-0.0297374
AT5G37990,0.0009735572
AT5G38000,0.01020516
AT5G38010,-0.3804122
AT5G38020,0.011718365
AT5G38030,0.30714524
AT5G38040,-0.21424456
AT5G38050,-0.074762166
AT5G38060,-0.09037141
AT5G38070,0.09817864
AT5G38080,0.00030673324
AT5G38090,0.0
AT5G38100,-0.09177233
AT5G38110,0.0481519
AT5G38120,-0.3030872
AT5G38130,-0.033661276
AT5G38140,-0.36505285
AT5G38150,-0.61516476
AT5G38160,0.00044492158
AT5G38170,0.0
AT5G38180,0.0
AT5G38190,0.0
AT5G38195,0.0
AT5G38197,0.0
AT5G38200,0.17992105
AT5G38210,-0.03413697
AT5G38220,0.15943618
AT5G38240,0.27667776
AT5G38250,0.30363387
AT5G38260,-0.0019595108
AT5G38270,-0.035667624
AT5G38280,0.06550307
AT5G38290,-0.23391145
AT5G38300,-0.011084104
AT5G38310,0.24519497
AT5G38317,0.0
AT5G38320,0.3621453
AT5G38330,0.0
AT5G38340,0.111587524
AT5G38344,0.08538583
AT5G38350,0.0805223
AT5G38360,-0.17721325
AT5G38378,0.0
AT5G38380,0.087409936
AT5G38386,-0.004833766
AT5G38390,0.0031489232
AT5G38391,0.0
AT5G38392,0.0031489232
AT5G38396,-0.04913748
AT5G38397,0.0
AT5G38400,0.05199368
AT5G38410,-0.8531377
AT5G38420,-0.7235453
AT5G38430,-0.8695243
AT5G38435,0.0
AT5G38440,0.0
AT5G38450,0.052235384
AT5G38460,0.06933949
AT5G38470,0.26450205
AT5G38480,0.039914683
AT5G38490,0.04424695
AT5G38500,0.026154414
AT5G38510,-0.16516702
AT5G38520,-0.52936745
AT5G38530,0.7469548
AT5G38540,0.013459458
AT5G38550,-0.014660196
AT5G38560,-0.12641034
AT5G38565,0.0221261
AT5G38570,0.0
AT5G38580,-0.0011582042
AT5G38590,0.06474951
AT5G38600,0.033006378
AT5G38610,0.020976095
AT5G38620,0.0
AT5G38630,0.2720204
AT5G38640,0.22682667
AT5G38650,0.63485664
AT5G38660,-0.1800963
AT5G38670,0.0
AT5G38680,0.0009280382
AT5G38690,0.04854156
AT5G38700,-0.17807208
AT5G38710,1.9967954
AT5G38720,-0.11147289
AT5G38730,-0.09638543
AT5G38740,0.0072594737
AT5G38743,0.0005186622
AT5G38747,0.025992934
AT5G38750,0.015576012
AT5G38760,-8.380749e-06
AT5G38770,-0.065863095
AT5G38780,0.0742123
AT5G38790,-0.011636855
AT5G38800,0.0015428821
AT5G38810,0.0
AT5G38820,-0.040693108
AT5G38830,0.36056125
AT5G38840,0.11847298
AT5G38850,-0.12633306
AT5G38860,-0.09817716
AT5G38865,-0.26687354
AT5G38880,-0.2362681
AT5G38890,0.43091813
AT5G38895,0.16716215
AT5G38900,2.1709495
AT5G38910,0.057028074
AT5G38920,0.001838498
AT5G38930,-0.03863504
AT5G38940,0.10655759
AT5G38950,0.0
AT5G38960,0.0
AT5G38970,-0.17692417
AT5G38980,-0.14446199
AT5G38990,-0.06145341
AT5G39000,-0.1324461
AT5G39010,0.020350419
AT5G39020,-0.038117412
AT5G39024,0.0
AT5G39030,0.047337335
AT5G39040,0.4816315
AT5G39050,1.4449562
AT5G39080,-0.12722012
AT5G39090,1.0246023
AT5G39100,0.16338232
AT5G39110,0.006685214
AT5G39120,0.018380612
AT5G39130,0.020171748
AT5G39140,-0.0073890295
AT5G39150,0.05694628
AT5G39160,0.3409176
AT5G39170,0.0
AT5G39180,-0.116908714
AT5G39190,0.080620036
AT5G39200,0.0010571195
AT5G39210,-0.560871
AT5G39220,-0.016118115
AT5G39230,0.011986436
AT5G39240,0.18831271
AT5G39250,0.26566225
AT5G39260,0.0096196905
AT5G39270,0.0
AT5G39280,0.0
AT5G39290,0.0
AT5G39300,0.0
AT5G39310,0.0
AT5G39320,0.0121766515
AT5G39330,0.10867897
AT5G39340,-0.028506108
AT5G39350,-0.108328424
AT5G39360,0.15982157
AT5G39365,0.00011097522
AT5G39370,0.02905145
AT5G39380,-0.057109892
AT5G39390,0.01332628
AT5G39400,0.013595563
AT5G39410,0.30880257
AT5G39420,-0.09135529
AT5G39430,0.009416027
AT5G39440,0.0
AT5G39450,0.2640656
AT5G39460,0.00968123
AT5G39470,-0.00043517636
AT5G39471,-0.18277583
AT5G39480,-0.0059039295
AT5G39490,0.014864094
AT5G39493,-0.0035819295
AT5G39500,0.029048303
AT5G39510,0.21246481
AT5G39520,1.2081093
AT5G39530,-0.52088153
AT5G39540,0.0
AT5G39550,-0.06964318
AT5G39560,0.0011452807
AT5G39570,0.02624355
AT5G39580,1.380853
AT5G39590,0.41150942
AT5G39600,0.11401778
AT5G39610,0.81367826
AT5G39620,0.0
AT5G39630,0.040924843
AT5G39640,0.00011097522
AT5G39645,0.00021643797
AT5G39650,0.040568672
AT5G39660,-0.13630237
AT5G39670,1.0627966
AT5G39680,-0.022470292
AT5G39690,0.0
AT5G39700,0.0
AT5G39710,-0.08165395
AT5G39715,0.016965622
AT5G39720,0.35300818
AT5G39730,0.19942635
AT5G39740,0.041630257
AT5G39750,0.024442457
AT5G39760,0.15300861
AT5G39770,-0.00034407753
AT5G39775,0.0
AT5G39780,0.0
AT5G39790,0.10116945
AT5G39800,0.06662636
AT5G39810,-0.027442126
AT5G39820,0.19320248
AT5G39830,-0.32952103
AT5G39840,-0.013699093
AT5G39850,0.23180793
AT5G39860,-0.38224065
AT5G39865,-0.065739475
AT5G39870,-0.00032420113
AT5G39880,0.0
AT5G39890,0.024520032
AT5G39900,0.067355394
AT5G39910,0.0
AT5G39920,0.0
AT5G39930,0.0091616055
AT5G39940,0.055629414
AT5G39950,0.5054372
AT5G39960,0.025728425
AT5G39970,0.15927202
AT5G39980,-0.01940613
AT5G39990,0.37032723
AT5G40000,0.22173785
AT5G40010,0.7155558
AT5G40020,0.12935153
AT5G40030,-0.044392616
AT5G40040,0.15079458
AT5G40050,0.0
AT5G40060,-0.080594584
AT5G40070,8.6395055e-05
AT5G40080,-0.26733118
AT5G40090,-0.15587568
AT5G40100,-0.019541742
AT5G40120,0.0
AT5G40140,-0.03859054
AT5G40150,-0.52015615
AT5G40153,0.010252839
AT5G40155,0.12025239
AT5G40160,-0.21670689
AT5G40170,0.14313962
AT5G40180,0.16985875
AT5G40190,0.09257048
AT5G40200,0.11841064
AT5G40210,0.5786585
AT5G40220,-0.001518781
AT5G40230,0.18880677
AT5G40240,0.70874697
AT5G40250,-0.13457583
AT5G40260,0.43693513
AT5G40270,0.029566532
AT5G40280,0.14125535
AT5G40290,0.00028496265
AT5G40300,0.19171278
AT5G40310,-0.023006177
AT5G40320,-0.014967577
AT5G40330,-0.2821207
AT5G40340,-0.4017643
AT5G40350,-0.081741445
AT5G40360,-0.00043517636
AT5G40370,0.532148
AT5G40380,-0.29046586
AT5G40382,-0.04026999
AT5G40390,0.06382261
AT5G40400,0.02525672
AT5G40405,-0.07973729
AT5G40410,0.079281285
AT5G40420,0.05269112
AT5G40430,0.027434224
AT5G40440,0.16528541
AT5G40450,-0.31011075
AT5G40460,0.32451433
AT5G40470,0.039554715
AT5G40480,0.06747428
AT5G40490,0.08719895
AT5G40500,-0.06761824
AT5G40510,-0.023112638
AT5G40520,-0.015007895
AT5G40530,0.05373427
AT5G40540,-0.1584324
AT5G40550,-0.045306694
AT5G40560,0.0
AT5G40570,-0.12117406
AT5G40580,0.49624112
AT5G40590,0.0499231
AT5G40595,0.0
AT5G40600,-0.117946416
AT5G40610,-0.44194305
AT5G40620,0.0019054423
AT5G40630,0.12461104
AT5G40640,0.08758098
AT5G40645,0.032273594
AT5G40650,0.5230289
AT5G40660,0.17479506
AT5G40670,0.20911045
AT5G40680,0.08087725
AT5G40690,1.2757205
AT5G40700,-0.013957522
AT5G40710,-0.006526554
AT5G40720,0.3465773
AT5G40730,1.0116825
AT5G40740,-0.11031866
AT5G40750,0.0
AT5G40760,0.7183734
AT5G40770,0.35880354
AT5G40780,0.89706665
AT5G40790,-0.07374606
AT5G40800,-0.040136464
AT5G40810,0.135184
AT5G40820,0.13794313
AT5G40830,-0.17590466
AT5G40840,-0.057049092
AT5G40850,-0.31821102
AT5G40855,-0.008441553
AT5G40860,0.058747124
AT5G40870,-0.2246895
AT5G40880,0.5726303
AT5G40890,-0.043259617
AT5G40900,0.074305244
AT5G40910,-0.27905652
AT5G40930,0.29760954
AT5G40940,0.009768321
AT5G40942,0.0
AT5G40950,-0.3496632
AT5G40960,0.104468495
AT5G40970,-0.14598222
AT5G40980,-0.090669975
AT5G40981,-0.0058168215
AT5G40990,1.3640237
AT5G41000,-0.08553217
AT5G41010,0.32573375
AT5G41020,-0.1309731
AT5G41025,0.015600435
AT5G41030,-0.0075679217
AT5G41040,1.2622039
AT5G41050,-0.6149678
AT5G41060,-0.48553765
AT5G41070,-0.14643304
AT5G41071,0.026587553
AT5G41080,1.106425
AT5G41090,0.16407853
AT5G41100,-0.040460512
AT5G41109,0.0
AT5G41110,0.06692415
AT5G41120,0.4126594
AT5G41130,-0.032234795
AT5G41140,-0.6673031
AT5G41150,-0.002957501
AT5G41160,0.31469652
AT5G41170,0.4302817
AT5G41180,0.26219344
AT5G41190,0.02425412
AT5G41200,0.02421052
AT5G41210,0.13585027
AT5G41220,0.14448349
AT5G41240,-0.002786253
AT5G41250,0.0
AT5G41260,-0.13999392
AT5G41270,0.12194463
AT5G41280,0.10347157
AT5G41290,-0.004367691
AT5G41300,-0.02247852
AT5G41310,0.0049033216
AT5G41315,0.13087556
AT5G41320,0.086520255
AT5G41330,0.08160166
AT5G41340,-0.10654328
AT5G41350,0.151887
AT5G41360,0.36979735
AT5G41370,-0.07300588
AT5G41380,0.0013320283
AT5G41390,0.047826648
AT5G41400,0.3342934
AT5G41401,0.0
AT5G41410,0.31841606
AT5G41420,0.0
AT5G41430,-0.01700458
AT5G41440,0.0
AT5G41450,-7.640022e-05
AT5G41460,-0.18778554
AT5G41470,-0.048474126
AT5G41480,-0.06536445
AT5G41490,0.06145139
AT5G41500,0.0
AT5G41510,0.009416027
AT5G41520,0.040216595
AT5G41530,0.0
AT5G41540,0.021635411
AT5G41550,0.12841277
AT5G41560,0.1830083
AT5G41570,0.011331027
AT5G41580,0.012616978
AT5G41590,0.2610871
AT5G41600,-0.066854864
AT5G41610,1.7554741
AT5G41620,-0.16977282
AT5G41630,0.0
AT5G41640,0.0
AT5G41650,0.04136623
AT5G41660,-0.0061626476
AT5G41670,0.18123768
AT5G41680,0.14261515
AT5G41685,0.21815728
AT5G41690,-0.32526952
AT5G41700,-0.10241721
AT5G41720,0.012828859
AT5G41730,0.608985
AT5G41740,0.43795878
AT5G41750,0.7722103
AT5G41760,-0.20151207
AT5G41761,-0.3446394
AT5G41763,0.057784602
AT5G41765,0.07238083
AT5G41770,0.01730023
AT5G41780,-0.11335297
AT5G41790,-0.37923226
AT5G41800,0.1968622
AT5G41810,-0.23842314
AT5G41820,-0.042463362
AT5G41830,0.1171699
AT5G41840,0.015802812
AT5G41850,-0.01924604
AT5G41860,0.48366085
AT5G41870,0.0442787
AT5G41880,0.03342504
AT5G41890,-0.13969168
AT5G41900,-0.45436916
AT5G41908,-0.0012855779
AT5G41910,0.30103645
AT5G41920,-0.16434258
AT5G41940,0.24983871
AT5G41950,0.18083043
AT5G41960,0.19866677
AT5G41970,0.21125309
AT5G41980,-0.27896065
AT5G41990,0.37711075
AT5G42000,0.031389188
AT5G42010,0.6838546
AT5G42020,0.7220485
AT5G42030,-0.36037558
AT5G42040,-0.12669666
AT5G42050,0.3876964
AT5G42053,0.023583727
AT5G42060,0.19411027
AT5G42070,-0.47860265
AT5G42080,0.3167416
AT5G42090,0.30706683
AT5G42100,-0.48294985
AT5G42110,-0.10032275
AT5G42120,-0.030707806
AT5G42130,0.07288467
AT5G42140,0.16382766
AT5G42146,0.055067863
AT5G42150,0.51582384
AT5G42170,0.021653136
AT5G42180,-0.04288032
AT5G42190,-0.037165564
AT5G42200,-0.40306413
AT5G42210,-0.31073412
AT5G42220,0.10534143
AT5G42223,0.10816568
AT5G42230,-0.02931642
AT5G42232,0.0003203997
AT5G42235,0.085990615
AT5G42240,-0.32782724
AT5G42242,-0.0016830262
AT5G42250,0.2356068
AT5G42260,0.0
AT5G42270,-0.18489908
AT5G42280,-0.1974754
AT5G42290,0.03661593
AT5G42300,0.34558427
AT5G42310,-0.30303025
AT5G42325,0.07890091
AT5G42330,0.11506958
AT5G42340,0.0057961172
AT5G42350,-0.012364472
AT5G42360,0.08702774
AT5G42370,0.11719536
AT5G42380,1.1197397
AT5G42390,0.15103851
AT5G42400,-0.014416824
AT5G42410,0.019877227
AT5G42420,0.41514498
AT5G42430,0.0054826904
AT5G42440,0.40812662
AT5G42450,0.053418048
AT5G42460,0.013047051
AT5G42470,0.08072717
AT5G42480,-0.20422484
AT5G42490,0.07619406
AT5G42500,-0.03524213
AT5G42504,0.0
AT5G42510,0.24626528
AT5G42520,0.03825821
AT5G42530,0.5482155
AT5G42540,-0.052916247
AT5G42560,0.1835267
AT5G42567,0.0
AT5G42570,0.13998446
AT5G42580,0.047970638
AT5G42590,-0.030911662
AT5G42600,-0.058286075
AT5G42610,-0.13610262
AT5G42620,-0.17098762
AT5G42630,-0.031148724
AT5G42635,0.0
AT5G42640,0.010077179
AT5G42650,0.07878529
AT5G42655,0.14264116
AT5G42660,0.08432229
AT5G42670,-0.123505875
AT5G42680,-0.30111265
AT5G42690,-0.3053003
AT5G42700,-0.07725471
AT5G42710,0.12893017
AT5G42720,-0.43527234
AT5G42740,0.15140033
AT5G42750,-0.1509678
AT5G42760,-0.18146622
AT5G42765,-0.222948
AT5G42770,-0.3185006
AT5G42780,-0.3262857
AT5G42785,-0.023740007
AT5G42790,0.4732216
AT5G42797,0.0011529392
AT5G42800,0.17677693
AT5G42810,-0.08214562
AT5G42820,0.08856706
AT5G42825,-0.10172629
AT5G42830,0.98871523
AT5G42840,-0.03453919
AT5G42850,0.43193117
AT5G42860,-0.17874205
AT5G42870,0.10036277
AT5G42880,0.028302915
AT5G42890,0.5153272
AT5G42895,0.0
AT5G42900,0.6999834
AT5G42905,0.0
AT5G42910,0.0
AT5G42920,0.051805288
AT5G42930,0.33465633
AT5G42940,0.18743925
AT5G42950,0.1869218
AT5G42955,0.0
AT5G42957,0.0
AT5G42960,0.20689003
AT5G42965,0.084573634
AT5G42970,0.34009668
AT5G42980,0.11562454
AT5G42990,0.029619226
AT5G43000,0.00010396173
AT5G43010,0.3680199
AT5G43020,-0.3195352
AT5G43030,-0.0042344783
AT5G43040,-0.11177151
AT5G43050,0.08244604
AT5G43060,0.4232446
AT5G43064,0.08875593
AT5G43066,0.0
AT5G43068,0.08253095
AT5G43070,0.051966228
AT5G43080,0.009186238
AT5G43090,0.00818666
AT5G43100,0.19422564
AT5G43110,0.0
AT5G43120,0.0035725913
AT5G43130,0.06263266
AT5G43140,-0.013996354
AT5G43150,-0.0046316907
AT5G43155,-0.021408783
AT5G43160,-0.19095851
AT5G43170,0.24294509
AT5G43175,0.00033147095
AT5G43180,0.2748801
AT5G43185,0.0
AT5G43190,0.1119624
AT5G43200,-0.01169482
AT5G43210,-0.21173894
AT5G43211,0.0
AT5G43230,-0.017932095
AT5G43240,-0.18570286
AT5G43250,0.031024102
AT5G43260,0.5577531
AT5G43270,-0.34753445
AT5G43280,0.3699645
AT5G43285,0.0015774104
AT5G43290,-0.45747977
AT5G43300,0.041044652
AT5G43310,-0.26997766
AT5G43320,0.015507849
AT5G43330,0.1626033
AT5G43340,0.0
AT5G43350,-0.03895631
AT5G43360,0.009416027
AT5G43370,0.0021874604
AT5G43380,0.4679233
AT5G43390,0.056145646
AT5G43400,0.3813621
AT5G43401,0.00021643797
AT5G43410,0.23598975
AT5G43420,0.46171138
AT5G43430,0.40000623
AT5G43440,0.075798266
AT5G43450,0.26339486
AT5G43460,0.15025033
AT5G43470,-0.14115576
AT5G43480,0.034665078
AT5G43490,-0.017747564
AT5G43500,-0.2187578
AT5G43510,0.0015041801
AT5G43513,0.002662465
AT5G43516,0.0
AT5G43518,0.0
AT5G43520,0.03218628
AT5G43525,0.0024594627
AT5G43530,-0.006667876
AT5G43540,0.08389439
AT5G43550,0.00030673324
AT5G43560,0.19513746
AT5G43570,1.5712541
AT5G43580,2.5970523
AT5G43590,0.17956062
AT5G43600,-0.083412886
AT5G43610,-0.0046597095
AT5G43620,0.31423458
AT5G43630,-0.013052849
AT5G43640,0.038344055
AT5G43650,0.960066
AT5G43660,0.026258951
AT5G43670,0.14375432
AT5G43680,0.19759049
AT5G43690,0.003006355
AT5G43695,0.0
AT5G43700,-0.508587
AT5G43710,-0.1014528
AT5G43720,0.14025863
AT5G43730,-0.008267004
AT5G43740,-0.28731778
AT5G43745,0.2805415
AT5G43750,-0.75291485
AT5G43755,0.022507729
AT5G43760,-0.17984657
AT5G43770,0.007090814
AT5G43780,0.51546276
AT5G43790,0.080010876
AT5G43810,-0.09869598
AT5G43820,0.00061263854
AT5G43822,-0.030994952
AT5G43830,-0.06900871
AT5G43840,-0.0021799048
AT5G43850,-0.033857334
AT5G43860,0.23269969
AT5G43870,-0.2632379
AT5G43880,-0.33116272
AT5G43890,-0.10398415
AT5G43900,0.15281194
AT5G43910,0.482266
AT5G43920,-0.14603429
AT5G43930,0.1773292
AT5G43935,-0.047595527
AT5G43940,0.23325136
AT5G43950,-0.2622173
AT5G43960,0.15697987
AT5G43970,0.14794153
AT5G43980,0.46954975
AT5G43990,-0.3960854
AT5G44000,0.13632296
AT5G44005,0.035162885
AT5G44010,-0.008797265
AT5G44020,-0.8922117
AT5G44030,0.03543883
AT5G44040,-0.46167803
AT5G44050,-0.045845684
AT5G44060,-0.28962573
AT5G44063,-0.024866095
AT5G44065,-0.0012023028
AT5G44070,0.04204289
AT5G44080,-0.13412274
AT5G44090,0.3030036
AT5G44100,0.16008624
AT5G44110,0.0922329
AT5G44120,0.0033684785
AT5G44130,-0.5312762
AT5G44140,-0.07158207
AT5G44150,-0.006296129
AT5G44160,-0.28136453
AT5G44170,0.10324758
AT5G44180,-0.010792027
AT5G44190,-0.19724923
AT5G44200,-0.05784567
AT5G44210,0.17787093
AT5G44220,0.0013643145
AT5G44230,0.015575685
AT5G44240,0.43805632
AT5G44250,0.09023717
AT5G44260,-0.538841
AT5G44265,-0.0017940014
AT5G44270,0.017505454
AT5G44280,-0.103541546
AT5G44290,0.02883314
AT5G44300,0.0034508852
AT5G44306,0.13340177
AT5G44310,0.105594866
AT5G44316,0.024935957
AT5G44320,0.19713952
AT5G44330,0.011812035
AT5G44340,0.0057462156
AT5G44345,0.0
AT5G44350,0.06537126
AT5G44360,0.00021643797
AT5G44370,0.03532986
AT5G44380,1.8168145
AT5G44390,0.7615743
AT5G44400,0.27048
AT5G44410,-0.47295523
AT5G44420,-0.39003256
AT5G44430,-0.35558015
AT5G44440,-0.044888265
AT5G44450,-0.0073827575
AT5G44460,0.34666887
AT5G44470,-0.00083688466
AT5G44480,1.6067008
AT5G44490,-0.15204893
AT5G44495,0.0
AT5G44500,0.22825341
AT5G44510,-0.415488
AT5G44520,-0.30071935
AT5G44530,-0.62561136
AT5G44540,-0.05240036
AT5G44550,-0.35090175
AT5G44560,-0.19749524
AT5G44563,0.021702256
AT5G44565,0.2611059
AT5G44566,0.17719035
AT5G44567,0.97879565
AT5G44568,0.17350245
AT5G44570,0.69267005
AT5G44572,0.21917085
AT5G44574,0.23923692
AT5G44575,0.07512915
AT5G44578,0.007907944
AT5G44580,-0.11141238
AT5G44582,-0.079491094
AT5G44585,0.20303887
AT5G44590,-0.055648174
AT5G44600,-0.41871187
AT5G44610,0.7857614
AT5G44620,0.0072874697
AT5G44630,0.0014876435
AT5G44635,-0.008509153
AT5G44640,0.005837649
AT5G44650,-0.40397954
AT5G44660,-0.50045764
AT5G44670,-0.41394427
AT5G44680,-0.9770908
AT5G44690,0.007312998
AT5G44700,-0.001789304
AT5G44710,0.009622205
AT5G44720,0.16444339
AT5G44730,0.07500362
AT5G44740,-0.112696454
AT5G44750,-0.106801555
AT5G44760,-0.00043517636
AT5G44770,-0.008585677
AT5G44780,0.13457073
AT5G44785,-0.13405406
AT5G44790,0.36356375
AT5G44800,-0.043836586
AT5G44820,0.5741217
AT5G44830,0.0
AT5G44840,0.009096454
AT5G44850,0.0
AT5G44860,0.11438314
AT5G44870,-0.040218666
AT5G44900,0.0075341645
AT5G44910,0.13068138
AT5G44920,-0.042203844
AT5G44930,-0.033096224
AT5G44940,0.003489428
AT5G44950,-9.105551e-06
AT5G44960,0.0031489232
AT5G44970,0.0
AT5G44973,0.07619576
AT5G44980,0.14762029
AT5G44990,1.2899199
AT5G45000,0.76395077
AT5G45010,0.35072765
AT5G45020,-0.25812972
AT5G45030,0.121825665
AT5G45040,-0.5123705
AT5G45050,-0.07959017
AT5G45060,-0.20484325
AT5G45070,0.06973925
AT5G45080,0.082104914
AT5G45090,0.5091841
AT5G45095,0.038858745
AT5G45100,0.52630293
AT5G45105,0.0
AT5G45110,0.4051618
AT5G45113,-0.008025173
AT5G45115,-0.014915834
AT5G45120,0.00011097522
AT5G45130,0.29791635
AT5G45140,0.15680681
AT5G45150,-0.091906786
AT5G45160,0.190368
AT5G45170,-0.17822503
AT5G45180,0.09350281
AT5G45190,-0.021101894
AT5G45200,0.007829642
AT5G45210,-0.01514525
AT5G45220,-0.09144998
AT5G45230,0.00021493694
AT5G45240,0.7683012
AT5G45250,-0.06838637
AT5G45260,-0.13009022
AT5G45275,0.18461254
AT5G45277,0.0
AT5G45280,0.044012185
AT5G45290,-0.30965167
AT5G45300,-0.2705435
AT5G45310,-0.13849165
AT5G45320,-0.020300305
AT5G45330,-0.079032294
AT5G45340,-0.5333712
AT5G45350,0.28170878
AT5G45360,0.24843886
AT5G45370,0.25718603
AT5G45380,0.30526626
AT5G45390,0.05982827
AT5G45400,0.22964364
AT5G45410,0.42408344
AT5G45420,0.10551502
AT5G45430,-0.01389857
AT5G45440,0.12260712
AT5G45450,0.0035508142
AT5G45455,-0.035338037
AT5G45460,-0.015240743
AT5G45469,-0.023892894
AT5G45470,0.34230793
AT5G45480,0.31601113
AT5G45490,0.29060242
AT5G45500,0.29287758
AT5G45510,0.30052924
AT5G45520,-0.360141
AT5G45530,-0.31659895
AT5G45540,-0.23631965
AT5G45550,0.2857315
AT5G45560,-0.20213993
AT5G45570,0.260991
AT5G45573,-0.00032071807
AT5G45580,-0.05576891
AT5G45590,-0.024072021
AT5G45600,0.13025
AT5G45610,-0.2526228
AT5G45620,0.25376526
AT5G45630,1.0290974
AT5G45640,0.017189333
AT5G45650,-0.60615224
AT5G45660,0.12472462
AT5G45670,-0.352468
AT5G45680,-0.6202127
AT5G45690,-0.005283049
AT5G45700,-0.21030207
AT5G45710,0.01247318
AT5G45720,-0.18163866
AT5G45730,-0.12985319
AT5G45740,-0.10140549
AT5G45750,0.31001264
AT5G45760,-0.24849947
AT5G45770,-0.020850979
AT5G45780,-0.14708196
AT5G45790,-0.11851006
AT5G45800,0.3875374
AT5G45810,0.45632303
AT5G45820,-0.51860154
AT5G45830,-0.16291271
AT5G45840,-0.01922241
AT5G45850,-0.026602913
AT5G45860,0.029288763
AT5G45870,0.0023528174
AT5G45875,0.0
AT5G45880,0.0021340468
AT5G45890,-0.11140696
AT5G45900,0.6764263
AT5G45910,-0.01073151
AT5G45920,-0.33585134
AT5G45930,-0.52018887
AT5G45940,-0.44991016
AT5G45950,-0.5965073
AT5G45960,-0.07611311
AT5G45970,-0.036736272
AT5G45980,0.0
AT5G45990,0.21009563
AT5G46000,0.0
AT5G46010,0.10144524
AT5G46020,-0.03335379
AT5G46025,0.0
AT5G46030,0.1135186
AT5G46040,0.015646627
AT5G46050,0.6572357
AT5G46060,0.016732307
AT5G46070,-0.06855798
AT5G46080,0.57490116
AT5G46085,0.048071083
AT5G46090,-0.06491675
AT5G46100,0.060961064
AT5G46110,-0.37818477
AT5G46115,0.146815
AT5G46130,-0.09087672
AT5G46140,0.027224036
AT5G46150,-0.034641515
AT5G46160,-0.06311335
AT5G46170,-0.03251453
AT5G46180,0.61369276
AT5G46190,-0.014992624
AT5G46200,0.012719366
AT5G46210,0.032008685
AT5G46220,-0.12776734
AT5G46230,0.8157222
AT5G46240,0.28987056
AT5G46250,0.18806195
AT5G46260,0.10079289
AT5G46270,-0.24075162
AT5G46280,-0.08540836
AT5G46290,-0.16373199
AT5G46295,0.043779142
AT5G46297,0.0
AT5G46300,0.0
AT5G46310,0.0
AT5G46320,0.0
AT5G46330,-0.14389504
AT5G46340,0.08541978
AT5G46350,1.3822434
AT5G46360,0.08600987
AT5G46370,-0.012308298
AT5G46380,-0.00038848276
AT5G46390,-0.14177525
AT5G46395,-0.017153855
AT5G46400,-0.04908549
AT5G46410,0.16134088
AT5G46420,-0.2941852
AT5G46430,0.046752524
AT5G46440,-0.04736089
AT5G46450,-0.22633207
AT5G46460,0.06547928
AT5G46470,-0.014678654
AT5G46490,-0.17726006
AT5G46500,-0.07456215
AT5G46510,-0.48749867
AT5G46520,0.5780097
AT5G46530,-0.09594522
AT5G46540,0.03511324
AT5G46550,-0.13128434
AT5G46560,0.18050596
AT5G46570,-0.3337799
AT5G46580,-0.14885022
AT5G46590,0.4913346
AT5G46600,0.14635234
AT5G46610,0.12910844
AT5G46620,0.101946145
AT5G46630,0.26538166
AT5G46640,-0.1294933
AT5G46650,-0.012818864
AT5G46660,0.059362315
AT5G46670,0.013295886
AT5G46680,0.1784353
AT5G46690,-0.5188202
AT5G46700,-0.2599099
AT5G46710,0.11357146
AT5G46720,0.15878202
AT5G46730,0.33475897
AT5G46740,0.013567619
AT5G46750,0.22316109
AT5G46760,0.30560556
AT5G46770,0.2971466
AT5G46780,0.32370389
AT5G46790,-0.0019591982
AT5G46795,-7.8475874e-05
AT5G46800,-0.19363394
AT5G46810,0.0
AT5G46820,0.00035243435
AT5G46825,-0.016381057
AT5G46830,0.03228454
AT5G46840,-0.033580516
AT5G46850,0.079847105
AT5G46860,0.2901302
AT5G46870,0.13798964
AT5G46871,0.35704225
AT5G46873,0.0
AT5G46874,-0.060670692
AT5G46877,0.0
AT5G46880,-0.21265772
AT5G46890,-0.06259774
AT5G46900,-0.07658846
AT5G46910,0.4321415
AT5G46915,-0.091168255
AT5G46920,0.24353558
AT5G46930,0.0003907002
AT5G46940,0.0
AT5G46950,0.08759989
AT5G46960,1.2110534
AT5G46970,0.0
AT5G46980,0.0
AT5G46990,0.0
AT5G47000,-0.015211491
AT5G47010,0.0111648375
AT5G47020,-0.10635023
AT5G47030,0.06075223
AT5G47040,-0.16357467
AT5G47050,0.27150872
AT5G47060,0.58691
AT5G47070,0.31281406
AT5G47075,0.0
AT5G47077,0.0025781037
AT5G47080,0.12106102
AT5G47090,0.104594454
AT5G47100,-0.039813157
AT5G47110,-0.38764358
AT5G47120,0.5186651
AT5G47130,0.48081094
AT5G47140,0.4446115
AT5G47150,-0.00948188
AT5G47160,-0.22287771
AT5G47170,0.081466556
AT5G47175,0.0018737962
AT5G47180,0.1484333
AT5G47190,-0.47700492
AT5G47200,0.57998323
AT5G47210,0.008083149
AT5G47220,-0.06367602
AT5G47229,-0.00049449917
AT5G47230,0.26807907
AT5G47240,0.079637684
AT5G47250,0.16550905
AT5G47260,-0.00026038443
AT5G47280,-3.137753e-05
AT5G47290,0.0
AT5G47300,0.0
AT5G47310,0.08291827
AT5G47320,0.23668718
AT5G47330,0.20356652
AT5G47340,0.02033564
AT5G47350,-0.044446867
AT5G47360,0.027124554
AT5G47370,-0.22588287
AT5G47380,-0.3760867
AT5G47390,-0.31844807
AT5G47400,0.118876815
AT5G47420,0.1676865
AT5G47430,0.04686525
AT5G47435,-0.064112484
AT5G47440,-0.41167897
AT5G47450,-0.0450134
AT5G47455,0.1507666
AT5G47460,-0.1778735
AT5G47470,0.021896085
AT5G47480,0.18013509
AT5G47490,-0.06150425
AT5G47500,-0.2928537
AT5G47510,-0.15882954
AT5G47520,-0.08966042
AT5G47530,0.1123765
AT5G47540,-0.37390044
AT5G47550,-0.17575024
AT5G47560,0.23131685
AT5G47570,0.28899217
AT5G47580,0.2740705
AT5G47590,0.088564776
AT5G47600,-0.02690717
AT5G47610,-0.10553235
AT5G47620,-0.032845847
AT5G47630,-0.1539598
AT5G47635,0.0495537
AT5G47640,-0.52478117
AT5G47650,0.07763724
AT5G47660,0.06631002
AT5G47670,0.09483071
AT5G47680,-0.022860775
AT5G47690,-0.030634368
AT5G47700,0.08823748
AT5G47710,0.02203345
AT5G47720,-0.14839673
AT5G47730,0.53088236
AT5G47740,0.97778976
AT5G47750,0.043486245
AT5G47760,0.2365947
AT5G47770,-0.06347863
AT5G47780,-0.16604078
AT5G47790,0.16401
AT5G47800,-0.37357792
AT5G47810,-0.024304109
AT5G47820,-0.30384064
AT5G47830,0.06194213
AT5G47840,-0.21870604
AT5G47850,0.15206972
AT5G47860,0.35051855
AT5G47870,0.031377565
AT5G47880,0.46013194
AT5G47890,0.11145951
AT5G47900,-0.38416523
AT5G47910,0.058915805
AT5G47920,0.08651697
AT5G47930,0.31592032
AT5G47940,0.1042671
AT5G47950,0.012374634
AT5G47960,0.24759418
AT5G47970,-0.1899757
AT5G47980,-0.002952157
AT5G47990,0.037173476
AT5G48000,0.103231564
AT5G48010,0.07017565
AT5G48020,0.3200423
AT5G48030,0.13011014
AT5G48040,0.05461207
AT5G48050,-0.060218144
AT5G48060,-0.18003698
AT5G48070,0.063019246
AT5G48090,0.024584183
AT5G48100,0.03967723
AT5G48110,-0.0066715903
AT5G48120,0.15303816
AT5G48130,-0.00031430772
AT5G48140,0.0
AT5G48150,-0.1607639
AT5G48160,0.23292218
AT5G48170,0.009960063
AT5G48175,0.11212028
AT5G48180,1.6912438
AT5G48200,0.0
AT5G48205,0.011278461
AT5G48210,0.0
AT5G48220,-0.3040568
AT5G48230,-0.0187346
AT5G48240,0.26364553
AT5G48250,0.5539753
AT5G48270,0.013249789
AT5G48280,0.0
AT5G48290,0.15843335
AT5G48300,-0.3921844
AT5G48310,-0.13177261
AT5G48320,-0.25236568
AT5G48330,0.009135832
AT5G48335,0.08725223
AT5G48340,0.045014367
AT5G48350,-0.0032782247
AT5G48360,-0.45428142
AT5G48370,0.29901177
AT5G48375,0.002139589
AT5G48380,0.3709767
AT5G48385,0.161514
AT5G48390,0.19152384
AT5G48400,1.618992
AT5G48410,1.7480189
AT5G48420,0.0
AT5G48430,0.26149115
AT5G48440,0.19906454
AT5G48450,-0.41438898
AT5G48460,-0.8969573
AT5G48470,-0.03778809
AT5G48480,0.0603179
AT5G48485,-0.39696693
AT5G48490,-0.61575866
AT5G48500,-0.09193662
AT5G48510,0.0023892587
AT5G48515,0.0
AT5G48520,-0.19359533
AT5G48530,-0.13424926
AT5G48540,0.4524051
AT5G48543,0.00030673324
AT5G48545,-0.38974532
AT5G48550,-0.014801998
AT5G48560,0.10901316
AT5G48570,-0.008439435
AT5G48575,0.0033614521
AT5G48580,0.15217301
AT5G48590,-0.06535596
AT5G48595,0.0
AT5G48600,-0.15351734
AT5G48605,0.0
AT5G48610,-0.15251936
AT5G48620,-0.18511239
AT5G48630,-0.08046149
AT5G48640,0.2013361
AT5G48650,0.02254685
AT5G48655,0.14718196
AT5G48657,0.72886246
AT5G48660,-0.3120396
AT5G48670,0.1947655
AT5G48680,0.084462136
AT5G48690,-0.2622179
AT5G48700,-0.0011363297
AT5G48710,0.031505466
AT5G48720,0.24213146
AT5G48730,-0.038899608
AT5G48740,-0.07410158
AT5G48750,0.0014063001
AT5G48760,-0.03694057
AT5G48770,0.1916082
AT5G48780,0.12137165
AT5G48790,-0.36547813
AT5G48800,-0.20777756
AT5G48810,0.1120942
AT5G48820,0.1826228
AT5G48830,-0.25515223
AT5G48840,-0.004711854
AT5G48850,-0.4148341
AT5G48860,0.0
AT5G48870,0.09424585
AT5G48880,0.18631956
AT5G48890,0.0089730825
AT5G48900,-0.832911
AT5G48905,0.0
AT5G48910,-0.392918
AT5G48920,0.05331195
AT5G48930,0.21498589
AT5G48940,-0.12167173
AT5G48945,0.0
AT5G48950,-0.10431125
AT5G48953,0.0009935361
AT5G48960,-0.022806944
AT5G48970,0.29758224
AT5G48980,0.020897593
AT5G48990,-0.11414885
AT5G49000,0.09983603
AT5G49010,-0.07747836
AT5G49015,0.28791443
AT5G49020,-0.06284663
AT5G49030,-0.29447937
AT5G49040,0.0010349499
AT5G49050,0.0
AT5G49060,0.10629527
AT5G49070,0.0003804724
AT5G49100,-0.7716798
AT5G49110,0.002897248
AT5G49120,0.07517277
AT5G49130,0.060698982
AT5G49140,-0.00085557473
AT5G49150,-0.04611315
AT5G49160,-0.25976065
AT5G49170,-0.33594602
AT5G49180,-0.0032421995
AT5G49190,0.003750053
AT5G49200,0.20227809
AT5G49210,0.19930322
AT5G49215,-0.35509205
AT5G49220,0.12441237
AT5G49230,-0.13413738
AT5G49240,-0.0009347527
AT5G49250,0.0
AT5G49260,-0.00033121463
AT5G49270,-0.05431664
AT5G49280,0.107691266
AT5G49290,-0.14338364
AT5G49300,-0.008241229
AT5G49305,0.0014830922
AT5G49310,-0.009796799
AT5G49320,-0.017219083
AT5G49330,-0.05928213
AT5G49340,-0.00015200327
AT5G49350,0.0034940327
AT5G49360,-0.12853059
AT5G49390,-0.26343346
AT5G49400,0.035556424
AT5G49410,0.050169192
AT5G49420,0.08395348
AT5G49430,0.03049402
AT5G49440,-0.053877164
AT5G49450,0.12976992
AT5G49460,-0.09173895
AT5G49470,0.083687216
AT5G49480,1.0230994
AT5G49490,0.00063961017
AT5G49500,-0.22458874
AT5G49510,-0.0122620985
AT5G49520,0.46323892
AT5G49525,0.3436817
AT5G49530,0.11488885
AT5G49540,0.12545133
AT5G49550,0.17820075
AT5G49555,-0.29522622
AT5G49560,0.13255295
AT5G49570,0.5920745
AT5G49580,-0.08423736
AT5G49590,-0.030955974
AT5G49600,0.46990204
AT5G49610,0.11779237
AT5G49620,0.3940018
AT5G49630,-0.16970825
AT5G49640,0.008128992
AT5G49645,0.1898728
AT5G49650,0.17856534
AT5G49660,-0.15279664
AT5G49665,0.8264374
AT5G49680,0.691335
AT5G49690,1.6332731
AT5G49700,0.9130365
AT5G49710,0.32085556
AT5G49720,-0.2317995
AT5G49730,-0.90036595
AT5G49740,-0.41041616
AT5G49750,0.00010396173
AT5G49760,0.42099717
AT5G49770,0.008442376
AT5G49780,-0.047337558
AT5G49800,-0.37535396
AT5G49810,0.11075357
AT5G49820,-0.12937348
AT5G49830,0.17090629
AT5G49840,0.007967769
AT5G49850,0.063824646
AT5G49860,0.0031489232
AT5G49870,-0.028627135
AT5G49880,0.048661876
AT5G49890,0.17992336
AT5G49900,0.09245817
AT5G49910,0.08353601
AT5G49920,0.18199092
AT5G49930,0.14046226
AT5G49940,0.11062806
AT5G49945,0.0016259833
AT5G49950,0.16680604
AT5G49960,-0.3318301
AT5G49970,-0.09457093
AT5G49980,-0.14126249
AT5G49990,-0.16102166
AT5G50000,-0.33687425
AT5G50010,-0.4334626
AT5G50020,-0.07331166
AT5G50030,-0.003342708
AT5G50040,0.0
AT5G50050,0.00030673324
AT5G50060,0.01206634
AT5G50070,-0.010962286
AT5G50080,0.06733542
AT5G50090,0.023273656
AT5G50100,0.13120294
AT5G50110,-0.1835578
AT5G50115,0.0023337672
AT5G50120,-0.0039601927
AT5G50130,-0.014314389
AT5G50140,0.008808475
AT5G50150,-0.2722045
AT5G50160,0.23392269
AT5G50170,0.20161073
AT5G50175,0.0106284525
AT5G50180,-0.26302826
AT5G50200,1.0385274
AT5G50210,0.11177398
AT5G50220,0.0041481783
AT5G50230,0.07111158
AT5G50240,-0.123512626
AT5G50250,-0.084665164
AT5G50260,0.26691088
AT5G50270,0.005325209
AT5G50280,-0.3104486
AT5G50290,-0.077860296
AT5G50300,0.0938846
AT5G50310,-0.05068145
AT5G50320,0.32531443
AT5G50330,0.28101668
AT5G50335,-0.50089484
AT5G50340,-0.041166503
AT5G50345,0.0
AT5G50350,0.31025413
AT5G50360,1.2843913
AT5G50361,0.01681053
AT5G50365,0.0
AT5G50370,0.09746843
AT5G50375,-0.2055199
AT5G50380,0.25056362
AT5G50390,-0.18291824
AT5G50400,0.15397261
AT5G50410,-0.046346772
AT5G50420,-0.3633241
AT5G50423,0.00074703724
AT5G50430,0.14733273
AT5G50440,0.15482874
AT5G50443,-0.016866582
AT5G50450,-0.04224735
AT5G50460,0.54623854
AT5G50470,0.2276732
AT5G50480,0.00028496265
AT5G50490,-4.130602e-05
AT5G50500,0.0
AT5G50510,0.0
AT5G50520,0.31262687
AT5G50530,-0.29835802
AT5G50540,-0.00062769436
AT5G50550,-0.06300868
AT5G50560,0.812292
AT5G50562,0.03658661
AT5G50565,0.6093123
AT5G50570,0.68848884
AT5G50580,0.023762183
AT5G50590,0.0
AT5G50600,0.32825595
AT5G50610,-0.03517827
AT5G50640,0.12073175
AT5G50670,-0.037189104
AT5G50680,0.13123347
AT5G50690,0.0924318
AT5G50700,0.0023689878
AT5G50720,-0.16413818
AT5G50740,-0.7875808
AT5G50750,-0.027612925
AT5G50760,2.077687
AT5G50770,0.0033989863
AT5G50780,0.17471766
AT5G50790,-0.07115953
AT5G50800,-0.29696694
AT5G50810,0.21352556
AT5G50820,0.014948883
AT5G50830,-0.006311008
AT5G50840,0.34036398
AT5G50850,0.24776705
AT5G50870,0.18751359
AT5G50890,-0.4402365
AT5G50900,-0.16203608
AT5G50910,0.0
AT5G50915,0.10872258
AT5G50920,3.872028e-05
AT5G50930,0.14729841
AT5G50940,0.31826603
AT5G50950,-0.04772208
AT5G50960,0.44148856
AT5G50970,-0.11086544
AT5G50990,0.06903239
AT5G51000,-0.005475402
AT5G51010,-0.18642616
AT5G51020,-0.17072318
AT5G51030,0.15719014
AT5G51040,0.58615845
AT5G51050,0.16880144
AT5G51060,1.0275236
AT5G51070,0.73795605
AT5G51080,-0.15325125
AT5G51090,0.0009812096
AT5G51100,-0.1621267
AT5G51105,0.029257629
AT5G51110,-0.42131096
AT5G51120,0.049242623
AT5G51130,0.26540777
AT5G51140,-0.103719994
AT5G51150,0.031755503
AT5G51160,0.25838202
AT5G51170,0.2564331
AT5G51180,-0.05781911
AT5G51190,-0.30270863
AT5G51195,0.0
AT5G51200,-0.16345927
AT5G51210,-0.015842916
AT5G51220,0.24611352
AT5G51230,0.034826964
AT5G51250,0.0
AT5G51260,0.34301096
AT5G51270,-0.050892096
AT5G51280,0.20194335
AT5G51290,0.23758821
AT5G51300,-0.027160019
AT5G51310,0.015401559
AT5G51330,-0.0075774263
AT5G51340,0.09961947
AT5G51350,-0.34902805
AT5G51360,0.008721448
AT5G51370,-0.035940807
AT5G51380,0.0072693415
AT5G51390,0.037995946
AT5G51400,0.18939348
AT5G51410,-0.05111932
AT5G51420,0.02901903
AT5G51430,0.16688703
AT5G51440,0.79301727
AT5G51450,0.4548888
AT5G51451,0.08605011
AT5G51460,-0.48473445
AT5G51465,1.162093
AT5G51470,-0.112076096
AT5G51480,0.13015932
AT5G51490,-0.0051026284
AT5G51500,-0.008697148
AT5G51510,0.35345036
AT5G51520,-0.007974126
AT5G51530,-0.09847637
AT5G51540,-0.03491197
AT5G51545,-0.3915635
AT5G51550,-0.59212357
AT5G51560,-0.54011875
AT5G51570,0.7090552
AT5G51580,0.14395843
AT5G51585,0.0368377
AT5G51590,0.1747241
AT5G51600,-0.100515
AT5G51610,0.0
AT5G51620,0.14910033
AT5G51630,0.4554591
AT5G51640,0.6690367
AT5G51650,0.0
AT5G51660,-0.058033805
AT5G51670,-0.25127825
AT5G51680,0.94293094
AT5G51690,0.0036206294
AT5G51700,0.17348239
AT5G51710,0.40205732
AT5G51720,-0.7637256
AT5G51730,-0.16188194
AT5G51740,0.52455753
AT5G51750,-0.09462214
AT5G51760,0.21151263
AT5G51770,0.31576377
AT5G51780,-0.035885848
AT5G51790,-0.3286752
AT5G51795,-0.17551635
AT5G51800,-0.020560842
AT5G51810,-0.0080942875
AT5G51820,-0.3991169
AT5G51830,0.7918631
AT5G51840,-0.03977819
AT5G51845,0.0024363617
AT5G51850,-0.2511225
AT5G51860,0.0
AT5G51870,0.0013206875
AT5G51880,0.17398743
AT5G51890,0.14071873
AT5G51900,-0.023919288
AT5G51910,-0.28796342
AT5G51915,-3.137753e-05
AT5G51920,-0.29709882
AT5G51930,-0.013320099
AT5G51940,0.083463915
AT5G51950,-0.020924952
AT5G51960,0.05036174
AT5G51970,-0.24104023
AT5G51980,0.04475319
AT5G51990,-0.13115668
AT5G52000,0.012335281
AT5G52010,-0.14641245
AT5G52020,-0.22377992
AT5G52030,-0.13942738
AT5G52040,0.09462524
AT5G52045,8.4620886e-05
AT5G52050,0.82012546
AT5G52060,-0.23149304
AT5G52070,0.19801614
AT5G52080,0.0
AT5G52090,0.0
AT5G52100,-0.74725085
AT5G52110,-0.14088112
AT5G52115,0.0
AT5G52120,-0.025767455
AT5G52130,0.00028496265
AT5G52140,0.0
AT5G52150,0.0
AT5G52155,0.0
AT5G52160,-0.023253536
AT5G52170,0.016129168
AT5G52180,0.013340701
AT5G52190,-0.095483966
AT5G52200,0.19319738
AT5G52210,0.14640887
AT5G52220,-0.06437701
AT5G52230,-0.24619272
AT5G52240,0.26002958
AT5G52250,-0.007832485
AT5G52260,0.028602319
AT5G52270,-0.006291659
AT5G52280,-0.54894096
AT5G52290,-0.016961876
AT5G52300,0.44163197
AT5G52310,0.37837765
AT5G52320,-0.2949973
AT5G52330,0.04615727
AT5G52340,-0.02362166
AT5G52350,0.028035114
AT5G52360,0.0
AT5G52370,0.03189231
AT5G52380,0.15492558
AT5G52390,0.44572723
AT5G52400,0.17525272
AT5G52410,-0.2006099
AT5G52420,-0.040165316
AT5G52430,-0.14768407
AT5G52440,-0.23163383
AT5G52450,0.79043096
AT5G52460,0.0
AT5G52470,0.17991671
AT5G52480,0.0009498088
AT5G52490,-0.0018371837
AT5G52500,0.0005120617
AT5G52510,0.16127665
AT5G52520,-0.17512256
AT5G52530,0.0028786694
AT5G52540,0.35237867
AT5G52545,-0.14441013
AT5G52547,-0.075711064
AT5G52550,0.020592868
AT5G52560,0.0119474875
AT5G52570,-0.22315587
AT5G52580,0.03140824
AT5G52600,-0.031765047
AT5G52605,0.0
AT5G52610,0.0
AT5G52620,0.06532981
AT5G52630,0.0031075387
AT5G52640,0.4297463
AT5G52650,0.2377342
AT5G52655,-0.00043517636
AT5G52660,0.16133153
AT5G52670,0.09745041
AT5G52680,0.053554438
AT5G52690,0.0051164385
AT5G52700,0.004262547
AT5G52710,-0.0016493049
AT5G52720,1.0761646
AT5G52730,0.23256288
AT5G52740,0.1772997
AT5G52750,0.49407372
AT5G52760,0.78189206
AT5G52770,0.09665152
AT5G52780,-0.37214
AT5G52790,0.14751846
AT5G52800,0.16121063
AT5G52810,1.0196358
AT5G52820,0.30105948
AT5G52830,-0.023806643
AT5G52840,0.12058166
AT5G52850,-0.053407807
AT5G52860,0.048782554
AT5G52870,0.06498673
AT5G52880,0.20423083
AT5G52882,-0.18922776
AT5G52890,-0.001639847
AT5G52900,-0.17732324
AT5G52910,0.08421397
AT5G52920,-0.17618158
AT5G52930,0.19186892
AT5G52940,0.2530906
AT5G52950,0.04290781
AT5G52960,-0.32992467
AT5G52965,-0.016808787
AT5G52970,-0.47376347
AT5G52975,-0.00496239
AT5G52980,0.34443265
AT5G52990,0.3121441
AT5G53000,0.19842596
AT5G53010,0.14671685
AT5G53020,-0.32503352
AT5G53030,0.4423713
AT5G53040,0.0015237055
AT5G53045,0.11185394
AT5G53050,0.06694615
AT5G53060,-0.21307564
AT5G53070,-0.072403215
AT5G53080,-0.14246777
AT5G53090,-0.093054436
AT5G53100,0.0039135595
AT5G53110,0.5168146
AT5G53120,0.9622109
AT5G53130,0.0048419414
AT5G53140,-0.076967545
AT5G53150,-0.18251891
AT5G53160,0.003010291
AT5G53170,-0.26029295
AT5G53180,0.18833904
AT5G53190,-0.008524738
AT5G53200,-0.2458254
AT5G53210,-0.031804364
AT5G53220,-0.12845737
AT5G53230,0.24378555
AT5G53240,0.16763999
AT5G53250,-0.07555254
AT5G53260,0.0
AT5G53270,0.00028496265
AT5G53280,-0.1939512
AT5G53290,0.49397027
AT5G53300,0.13698956
AT5G53310,0.12323486
AT5G53320,0.52417654
AT5G53330,0.41175833
AT5G53340,-0.049201597
AT5G53350,0.12931448
AT5G53360,0.1784971
AT5G53370,-0.009596137
AT5G53380,-0.0018512678
AT5G53390,0.0014342582
AT5G53400,0.25863293
AT5G53410,0.0
AT5G53420,0.12107895
AT5G53430,0.011901912
AT5G53440,-0.0776354
AT5G53450,0.2558359
AT5G53460,-0.028553978
AT5G53470,0.13498878
AT5G53480,0.1041891
AT5G53486,0.37162396
AT5G53490,-0.36712128
AT5G53500,-0.54494506
AT5G53510,0.0
AT5G53520,0.0
AT5G53530,0.15839224
AT5G53540,0.2607867
AT5G53550,0.19443232
AT5G53560,0.32537726
AT5G53570,0.0096729845
AT5G53580,-0.40332413
AT5G53590,0.85399747
AT5G53592,-0.05615866
AT5G53600,0.0019580536
AT5G53610,0.0076513467
AT5G53620,-0.09867695
AT5G53635,0.0
AT5G53637,0.015772862
AT5G53640,0.07089331
AT5G53650,0.34053907
AT5G53660,0.11888726
AT5G53670,0.00017970966
AT5G53680,0.07973182
AT5G53700,0.16096206
AT5G53710,0.09293264
AT5G53720,0.0009941118
AT5G53730,0.11661844
AT5G53740,0.123399734
AT5G53742,0.030257141
AT5G53750,0.3516439
AT5G53760,-0.012699878
AT5G53770,0.23841035
AT5G53780,0.06031117
AT5G53790,0.0
AT5G53800,-0.05258775
AT5G53810,-0.025807064
AT5G53820,0.86604476
AT5G53830,0.23867048
AT5G53840,0.009422318
AT5G53850,-0.100908205
AT5G53860,-0.3003643
AT5G53870,0.63891494
AT5G53880,-0.57457644
AT5G53890,-0.17241357
AT5G53895,-0.043423492
AT5G53900,-0.5186285
AT5G53905,-0.044017132
AT5G53910,0.0
AT5G53920,0.20225696
AT5G53930,-0.04213247
AT5G53940,-0.12456514
AT5G53950,-0.090599656
AT5G53960,0.003908857
AT5G53970,0.6528662
AT5G53980,-0.049415816
AT5G53990,0.92961013
AT5G54000,0.45981425
AT5G54010,0.0023337672
AT5G54020,0.12828377
AT5G54030,-0.037991915
AT5G54035,-0.00043517636
AT5G54040,0.34894863
AT5G54043,6.325792e-05
AT5G54050,-0.0043998687
AT5G54060,0.04936742
AT5G54062,0.0012881693
AT5G54067,0.00022709902
AT5G54070,-0.029580526
AT5G54080,0.3611579
AT5G54090,-0.00014276656
AT5G54095,0.11600686
AT5G54100,0.8207069
AT5G54110,0.2593431
AT5G54130,0.093279645
AT5G54140,0.3806
AT5G54145,-0.18096834
AT5G54148,0.07677576
AT5G54150,0.00048128224
AT5G54160,0.49872756
AT5G54165,1.0631677
AT5G54170,0.154343
AT5G54180,-0.14658599
AT5G54190,0.10803048
AT5G54200,-0.3812029
AT5G54210,0.0
AT5G54215,0.0
AT5G54220,-0.008441553
AT5G54225,0.0
AT5G54230,0.3404437
AT5G54240,0.21740288
AT5G54250,0.09889491
AT5G54260,-0.067387745
AT5G54270,-0.503485
AT5G54280,-0.18086506
AT5G54290,-0.095676474
AT5G54300,0.40604663
AT5G54310,0.21436636
AT5G54320,0.0
AT5G54330,0.0
AT5G54340,0.0
AT5G54350,0.0
AT5G54360,0.0
AT5G54370,-0.07300023
AT5G54380,-0.4448453
AT5G54390,0.44592032
AT5G54400,0.8802923
AT5G54410,-0.013533735
AT5G54420,0.0
AT5G54430,0.23511122
AT5G54440,0.025622062
AT5G54450,0.32133076
AT5G54460,0.0
AT5G54470,-0.19722962
AT5G54480,0.0
AT5G54490,0.52538073
AT5G54500,0.8328057
AT5G54510,1.2772212
AT5G54520,0.00021907299
AT5G54530,-0.2536147
AT5G54540,0.12517172
AT5G54550,0.12357178
AT5G54560,0.38631988
AT5G54570,0.29018068
AT5G54580,0.06228723
AT5G54585,-0.8008399
AT5G54590,0.052256424
AT5G54600,-0.3688502
AT5G54610,0.84198105
AT5G54620,0.03421916
AT5G54630,-0.42426988
AT5G54640,0.19512892
AT5G54650,0.5437894
AT5G54660,0.056923587
AT5G54670,-0.100106835
AT5G54680,0.11096802
AT5G54690,0.18050073
AT5G54700,0.16463685
AT5G54710,-0.13576725
AT5G54720,-0.31006843
AT5G54730,0.32122743
AT5G54740,-0.0005935613
AT5G54745,0.0
AT5G54750,0.107208125
AT5G54760,0.2960812
AT5G54770,-0.25467244
AT5G54780,0.5482675
AT5G54790,-0.026481248
AT5G54800,-0.0051933345
AT5G54810,1.1765368
AT5G54820,0.0021089765
AT5G54830,0.17071103
AT5G54840,0.713667
AT5G54850,0.23889147
AT5G54855,0.05100742
AT5G54860,0.70727926
AT5G54870,0.4670114
AT5G54880,-0.11570761
AT5G54890,-0.18704075
AT5G54900,0.34331053
AT5G54910,0.14979343
AT5G54920,-0.018530203
AT5G54930,0.43734142
AT5G54940,0.1807035
AT5G54950,-0.015543361
AT5G54960,0.7344472
AT5G54970,0.32914838
AT5G54980,-0.5574258
AT5G54990,0.034637958
AT5G55000,0.14568233
AT5G55010,0.119146496
AT5G55020,0.019909302
AT5G55040,-0.14523208
AT5G55050,0.19482999
AT5G55060,0.0075201397
AT5G55070,0.46760714
AT5G55080,-0.00030130846
AT5G55090,0.3278973
AT5G55100,-0.045685954
AT5G55110,-0.015789
AT5G55120,0.1699677
AT5G55125,0.07219621
AT5G55130,0.25337467
AT5G55131,0.0
AT5G55132,0.015772862
AT5G55135,0.35515356
AT5G55140,0.0786783
AT5G55150,0.17020856
AT5G55160,0.10374352
AT5G55170,0.48661122
AT5G55180,0.92454326
AT5G55190,0.15946852
AT5G55200,0.54061943
AT5G55210,-0.26053014
AT5G55220,-0.61391
AT5G55230,-0.3001581
AT5G55240,-6.168511e-05
AT5G55250,-0.34515408
AT5G55260,-0.0062422557
AT5G55270,0.30360523
AT5G55280,-0.08901911
AT5G55290,0.2516724
AT5G55300,-0.2032975
AT5G55310,0.084909886
AT5G55320,0.0
AT5G55330,0.0012267459
AT5G55340,-0.023155728
AT5G55350,-8.377632e-05
AT5G55360,0.0062401462
AT5G55370,0.018998226
AT5G55380,-0.40400457
AT5G55390,0.031847157
AT5G55400,0.072756246
AT5G55410,0.6411585
AT5G55430,0.048262216
AT5G55440,0.022753624
AT5G55450,0.7328547
AT5G55460,0.29723918
AT5G55470,-0.3358723
AT5G55480,-0.52356905
AT5G55490,0.401118
AT5G55500,0.26857802
AT5G55507,0.045580916
AT5G55508,0.0
AT5G55510,0.23007788
AT5G55520,-0.18821098
AT5G55530,0.47840357
AT5G55540,-0.2118141
AT5G55550,0.25740758
AT5G55560,0.8470263
AT5G55565,0.0
AT5G55570,-0.13974686
AT5G55580,-0.21363676
AT5G55590,-0.013191657
AT5G55600,0.049109913
AT5G55610,0.26487005
AT5G55620,-0.3410174
AT5G55630,-0.009795256
AT5G55640,-0.023019055
AT5G55650,-0.023319714
AT5G55660,-0.1697353
AT5G55670,0.07062856
AT5G55680,-0.028324373
AT5G55690,0.023243621
AT5G55700,0.15762162
AT5G55710,-0.08880818
AT5G55720,0.042577494
AT5G55730,-0.5848107
AT5G55740,-0.525622
AT5G55750,-0.0099262055
AT5G55760,0.044376794
AT5G55770,-0.012420666
AT5G55780,-0.020783609
AT5G55790,-0.18507153
AT5G55800,0.0065400484
AT5G55810,0.01101061
AT5G55820,-0.06440117
AT5G55830,-0.06747533
AT5G55840,-0.13825944
AT5G55850,0.25159088
AT5G55855,0.0
AT5G55856,0.0
AT5G55860,0.20034419
AT5G55870,0.0
AT5G55880,0.0004438118
AT5G55893,0.036301136
AT5G55900,-0.14697857
AT5G55910,-0.11315164
AT5G55920,0.3129283
AT5G55930,-0.15005067
AT5G55940,0.10837842
AT5G55950,-0.079898775
AT5G55960,0.01656199
AT5G55970,-0.009742247
AT5G55980,0.26729432
AT5G55990,-0.026881572
AT5G56000,0.14438052
AT5G56010,0.17526665
AT5G56020,0.14988679
AT5G56030,0.19733515
AT5G56040,-0.37202615
AT5G56050,0.4005127
AT5G56060,0.024557475
AT5G56070,0.0
AT5G56075,0.0013215806
AT5G56080,-0.07143091
AT5G56090,0.31055623
AT5G56100,-0.40745482
AT5G56110,0.130854
AT5G56120,-0.28410065
AT5G56130,0.05438103
AT5G56140,0.14339782
AT5G56150,0.49134213
AT5G56160,-0.045195878
AT5G56170,0.103801
AT5G56180,0.26337942
AT5G56190,0.32230306
AT5G56200,0.29554814
AT5G56210,-0.44992083
AT5G56220,-0.1838228
AT5G56230,0.38722435
AT5G56240,0.08617996
AT5G56250,0.21834208
AT5G56260,0.13212654
AT5G56270,0.17726052
AT5G56280,0.12514926
AT5G56290,-0.017744819
AT5G56300,0.07916185
AT5G56310,-0.06900103
AT5G56320,-0.07170669
AT5G56325,0.00018506043
AT5G56330,0.00022709902
AT5G56340,0.21916583
AT5G56350,0.8474357
AT5G56360,-0.0065435534
AT5G56368,0.0
AT5G56369,0.0
AT5G56370,-0.22821139
AT5G56380,-0.09816823
AT5G56390,0.008388695
AT5G56400,0.020353612
AT5G56410,0.0
AT5G56420,0.03886593
AT5G56430,-9.508877e-05
AT5G56440,0.006339891
AT5G56450,-0.119961515
AT5G56452,0.0
AT5G56460,0.21384054
AT5G56470,0.0
AT5G56480,0.0
AT5G56490,-0.05604553
AT5G56500,-0.20867059
AT5G56510,0.05088074
AT5G56520,-0.040586073
AT5G56530,-0.55936915
AT5G56540,-0.10831205
AT5G56550,-0.36761555
AT5G56555,0.0102429725
AT5G56560,0.0
AT5G56570,0.052753426
AT5G56580,-0.22431143
AT5G56590,-0.43332377
AT5G56600,-0.034694053
AT5G56610,0.2657334
AT5G56620,0.18282905
AT5G56630,0.3332351
AT5G56640,0.0002753557
AT5G56650,-0.13317952
AT5G56660,0.2592904
AT5G56680,0.15634532
AT5G56690,0.0060549285
AT5G56700,-0.083876036
AT5G56710,0.058384318
AT5G56720,-0.021716727
AT5G56730,-0.020276742
AT5G56740,0.07582915
AT5G56750,0.22110595
AT5G56760,0.28100422
AT5G56770,7.269358e-05
AT5G56780,-0.33736917
AT5G56790,-0.16172555
AT5G56795,0.057918936
AT5G56800,0.019263027
AT5G56810,-0.003120693
AT5G56820,0.00064307556
AT5G56840,0.1859589
AT5G56850,-0.8518726
AT5G56860,-0.31001475
AT5G56870,-0.10636655
AT5G56880,0.16606393
AT5G56890,-0.16118856
AT5G56900,-0.014440228
AT5G56910,-0.12546054
AT5G56920,0.0
AT5G56930,0.10248238
AT5G56940,0.13352646
AT5G56950,0.071758166
AT5G56960,0.8092585
AT5G56970,1.2359866
AT5G56980,0.32370025
AT5G56985,-0.16712965
AT5G56990,-0.19833054
AT5G57000,0.03160018
AT5G57010,1.3439934
AT5G57015,0.049019326
AT5G57020,0.04782413
AT5G57030,-0.57365566
AT5G57035,0.4443587
AT5G57040,-0.28573823
AT5G57050,0.43436193
AT5G57060,0.39281055
AT5G57070,0.035291143
AT5G57080,0.0071199955
AT5G57090,-0.029993217
AT5G57100,-0.46188205
AT5G57110,0.06515006
AT5G57120,-0.15144733
AT5G57123,0.49775168
AT5G57130,-0.3905761
AT5G57140,-0.14907794
AT5G57150,0.4941331
AT5G57160,0.07620483
AT5G57170,-0.48116803
AT5G57180,0.04783675
AT5G57190,0.28488508
AT5G57200,-0.003211581
AT5G57210,-0.19831836
AT5G57220,0.38929117
AT5G57230,0.06089798
AT5G57240,-0.19298199
AT5G57250,-0.07664835
AT5G57260,0.25113437
AT5G57270,-0.09259246
AT5G57280,0.28225622
AT5G57290,0.18125893
AT5G57300,0.08022257
AT5G57320,0.047048543
AT5G57330,0.05834616
AT5G57340,-0.20198864
AT5G57345,-0.31359112
AT5G57350,-0.040193774
AT5G57360,-0.03383316
AT5G57370,-0.0018236332
AT5G57380,0.08128245
AT5G57390,0.04243141
AT5G57400,0.015552035
AT5G57410,0.10771446
AT5G57420,0.030318469
AT5G57440,-0.32131565
AT5G57450,0.1088697
AT5G57460,0.09118032
AT5G57480,1.3053484
AT5G57490,0.0012770293
AT5G57500,0.63716555
AT5G57510,1.652073
AT5G57520,0.38656485
AT5G57530,-0.027282579
AT5G57535,0.0
AT5G57540,-0.009721036
AT5G57550,0.28972945
AT5G57560,-0.45856524
AT5G57565,-0.08334719
AT5G57567,-0.019186363
AT5G57569,0.0007488131
AT5G57570,-0.10294522
AT5G57580,0.11810548
AT5G57590,-0.065757684
AT5G57610,0.012692806
AT5G57620,0.002104699
AT5G57625,-0.09364152
AT5G57630,0.26023096
AT5G57640,-0.045831967
AT5G57650,0.1348418
AT5G57655,0.44947022
AT5G57660,-0.3357072
AT5G57670,-0.04770346
AT5G57685,-0.41017947
AT5G57690,-0.014320584
AT5G57700,-0.31780773
AT5G57710,-0.18652847
AT5G57720,0.011191552
AT5G57740,0.053371724
AT5G57750,0.011270438
AT5G57760,-0.49031797
AT5G57770,-0.08735282
AT5G57780,-0.6199913
AT5G57785,0.061440013
AT5G57790,-0.41814297
AT5G57800,-0.09785744
AT5G57810,-0.04408553
AT5G57815,0.096403874
AT5G57820,0.03383471
AT5G57830,0.0113808755
AT5G57840,0.08263268
AT5G57850,-0.043856654
AT5G57860,0.35188803
AT5G57870,0.21008722
AT5G57880,-0.12280964
AT5G57887,0.16804546
AT5G57890,-0.09911892
AT5G57900,0.42857474
AT5G57910,0.7358324
AT5G57920,0.0036472462
AT5G57930,-0.3178738
AT5G57940,-0.1855346
AT5G57950,0.19269179
AT5G57960,-0.16746926
AT5G57970,0.0192184
AT5G57980,0.035312973
AT5G57990,0.17393361
AT5G58000,-0.31889504
AT5G58003,-0.062274225
AT5G58005,0.22495769
AT5G58010,-0.06934708
AT5G58020,0.27296588
AT5G58030,0.17167269
AT5G58040,-0.052051675
AT5G58050,0.073356524
AT5G58060,0.37558243
AT5G58070,0.1452286
AT5G58080,0.041538626
AT5G58090,-0.35206267
AT5G58100,0.052412447
AT5G58110,0.14674051
AT5G58120,0.02132973
AT5G58130,0.02414894
AT5G58140,-0.5398935
AT5G58150,-0.093510926
AT5G58160,-0.08982402
AT5G58170,0.3573226
AT5G58180,0.051308054
AT5G58190,0.27066478
AT5G58200,-0.02235346
AT5G58210,0.33309647
AT5G58220,0.24191214
AT5G58230,0.07645748
AT5G58240,0.12301665
AT5G58250,-0.19913691
AT5G58260,-0.9248908
AT5G58270,0.06690988
AT5G58280,-0.015183284
AT5G58290,0.64189327
AT5G58300,-0.42032436
AT5G58310,-0.5636438
AT5G58320,0.39107084
AT5G58330,-0.21003297
AT5G58340,-0.5120721
AT5G58350,0.69697934
AT5G58360,-0.1007791
AT5G58370,-0.1778181
AT5G58375,0.47180215
AT5G58380,0.23765537
AT5G58390,-0.40867338
AT5G58400,-0.022281045
AT5G58410,0.22462547
AT5G58412,0.0034380548
AT5G58420,0.1933978
AT5G58430,-0.04437332
AT5G58440,-0.16461913
AT5G58450,0.041352894
AT5G58460,0.0134392725
AT5G58470,0.23562837
AT5G58480,-0.5057371
AT5G58490,0.16040537
AT5G58500,-0.16061957
AT5G58510,0.07005118
AT5G58520,-0.25585198
AT5G58530,-0.08253104
AT5G58540,0.25521037
AT5G58550,-0.29215142
AT5G58560,0.0001576653
AT5G58570,0.39260146
AT5G58575,0.066121064
AT5G58580,-0.21891949
AT5G58590,-0.037141994
AT5G58600,-0.038916145
AT5G58610,0.29695997
AT5G58620,0.55928993
AT5G58630,0.0076799397
AT5G58640,0.24892609
AT5G58650,-0.13821892
AT5G58660,0.09093729
AT5G58670,0.26612255
AT5G58680,0.34806913
AT5G58690,0.25056243
AT5G58700,0.4696364
AT5G58710,0.20966738
AT5G58720,-0.09736261
AT5G58730,0.48350862
AT5G58740,0.11741469
AT5G58750,-0.0606309
AT5G58760,-0.029598448
AT5G58770,-0.23139355
AT5G58780,0.014885018
AT5G58782,0.0
AT5G58784,-0.021243153
AT5G58787,-0.013564962
AT5G58790,-0.06650026
AT5G58800,0.25711378
AT5G58810,0.0
AT5G58820,-0.00023063156
AT5G58830,-0.0046478817
AT5G58840,1.5458435
AT5G58850,0.0
AT5G58860,0.08222065
AT5G58870,-0.04612391
AT5G58880,-0.0018958624
AT5G58890,0.0
AT5G58900,-0.26399538
AT5G58910,0.0050632115
AT5G58930,-0.3325155
AT5G58940,0.36650664
AT5G58950,0.036858328
AT5G58960,-0.2575743
AT5G58970,-0.22618651
AT5G58980,0.06961141
AT5G58990,0.09356494
AT5G59000,-0.19530237
AT5G59010,-0.12574345
AT5G59030,-0.316467
AT5G59040,0.0082319435
AT5G59050,-0.5327747
AT5G59060,0.076848686
AT5G59080,-0.534783
AT5G59090,0.037995066
AT5G59100,-0.00073296146
AT5G59105,0.0
AT5G59110,0.0
AT5G59120,0.0012100684
AT5G59130,-0.3539627
AT5G59140,0.42673305
AT5G59150,0.15812318
AT5G59160,0.14978272
AT5G59170,0.03125412
AT5G59180,0.19497712
AT5G59190,0.023879694
AT5G59200,0.11097813
AT5G59210,0.11424884
AT5G59220,1.3329716
AT5G59230,0.11196123
AT5G59240,0.043647505
AT5G59250,-0.43542916
AT5G59260,-0.012758953
AT5G59270,-0.021996101
AT5G59280,0.0061659035
AT5G59290,0.3022655
AT5G59300,0.29950657
AT5G59305,0.00010087979
AT5G59310,1.2471629
AT5G59320,0.5383453
AT5G59330,-0.0037543648
AT5G59340,-0.23346071
AT5G59350,-0.112873554
AT5G59360,-0.28921023
AT5G59370,-0.037722938
AT5G59380,-0.035937395
AT5G59390,0.60509634
AT5G59400,0.13425703
AT5G59410,-0.077629834
AT5G59420,0.3256234
AT5G59430,-0.034418672
AT5G59440,0.057907164
AT5G59450,0.040584266
AT5G59460,-0.046176933
AT5G59470,0.117612325
AT5G59490,0.96940506
AT5G59500,0.09363066
AT5G59510,0.3941535
AT5G59520,0.056588177
AT5G59530,0.65812004
AT5G59540,0.12823743
AT5G59550,0.291075
AT5G59560,0.035816047
AT5G59570,0.35295537
AT5G59580,0.6662861
AT5G59590,0.4046997
AT5G59600,-0.19980298
AT5G59610,0.011110516
AT5G59613,0.19696993
AT5G59616,0.0
AT5G59650,-0.44366413
AT5G59660,-0.39699143
AT5G59670,0.2925553
AT5G59680,0.23457532
AT5G59700,0.17684205
AT5G59710,0.07429885
AT5G59720,0.2135857
AT5G59730,-0.5444833
AT5G59740,-0.22128563
AT5G59750,-0.5007028
AT5G59760,-0.04013561
AT5G59770,0.017877929
AT5G59780,0.17973512
AT5G59790,0.12668513
AT5G59800,-0.3553555
AT5G59810,0.11952435
AT5G59820,1.0635986
AT5G59830,-0.13848253
AT5G59840,0.31787732
AT5G59845,0.06615493
AT5G59860,0.024262002
AT5G59865,0.054144174
AT5G59870,0.010595947
AT5G59880,0.121798046
AT5G59890,0.42088085
AT5G59895,0.015248555
AT5G59900,-0.052262034
AT5G59910,0.22394276
AT5G59920,-0.41770974
AT5G59930,-0.01538581
AT5G59940,0.009567855
AT5G59950,0.34841454
AT5G59960,0.14642774
AT5G59980,0.050572205
AT5G59990,-0.2569682
AT5G60000,0.0012826857
AT5G60010,0.002976843
AT5G60020,0.0813186
AT5G60030,-0.15125608
AT5G60040,0.28224576
AT5G60050,0.00030872546
AT5G60060,0.025041949
AT5G60070,0.0023337672
AT5G60080,0.003100108
AT5G60090,0.025537353
AT5G60100,0.33278298
AT5G60110,0.033923782
AT5G60120,0.040706284
AT5G60130,-0.12321457
AT5G60140,-0.0042168973
AT5G60142,-0.023976797
AT5G60150,-0.19840091
AT5G60160,0.2949881
AT5G60170,0.049743287
AT5G60180,0.06635938
AT5G60190,0.08000519
AT5G60200,-0.30069262
AT5G60210,-0.3743891
AT5G60215,0.0
AT5G60220,-0.008725582
AT5G60230,-0.053767864
AT5G60240,0.0
AT5G60250,0.069242604
AT5G60260,-0.029280117
AT5G60265,0.0001569506
AT5G60270,0.14736629
AT5G60280,0.6848642
AT5G60290,-0.046318658
AT5G60300,0.3270218
AT5G60310,-0.010415458
AT5G60320,0.06492922
AT5G60335,0.012342361
AT5G60340,0.20232256
AT5G60350,0.03047093
AT5G60360,0.28215104
AT5G60370,0.029647248
AT5G60380,0.040847108
AT5G60390,0.05948496
AT5G60400,-0.300939
AT5G60410,0.09426407
AT5G60430,-0.06932353
AT5G60440,0.1175867
AT5G60450,-0.086185366
AT5G60460,0.4155824
AT5G60470,0.08401193
AT5G60480,0.006698004
AT5G60490,-0.5309049
AT5G60500,0.0
AT5G60510,-0.00063913676
AT5G60520,-0.054065183
AT5G60530,-0.059016727
AT5G60540,0.14988819
AT5G60550,0.14681758
AT5G60553,0.0
AT5G60560,0.0
AT5G60570,0.08327369
AT5G60580,-0.007818555
AT5G60590,0.2858372
AT5G60600,-0.13228633
AT5G60610,0.22017165
AT5G60615,0.0
AT5G60620,0.1774702
AT5G60630,0.7214248
AT5G60640,0.16486654
AT5G60650,0.20757
AT5G60660,0.14390698
AT5G60670,-0.10983698
AT5G60680,-0.30038166
AT5G60690,-0.24747156
AT5G60700,0.18185376
AT5G60710,0.11837585
AT5G60720,0.001218557
AT5G60730,0.2786484
AT5G60740,0.29934976
AT5G60750,0.19526984
AT5G60760,0.13208319
AT5G60770,-0.0009772032
AT5G60780,0.0047001992
AT5G60790,0.35490525
AT5G60800,0.4914512
AT5G60805,0.0
AT5G60810,-0.010435712
AT5G60820,0.06683345
AT5G60830,-0.0012615852
AT5G60840,-0.089231074
AT5G60850,-0.029278856
AT5G60860,-0.12004589
AT5G60870,-0.1333756
AT5G60880,-0.08616222
AT5G60890,-0.21877499
AT5G60900,0.69499254
AT5G60910,-0.0061575384
AT5G60920,-0.15655369
AT5G60930,-0.016921632
AT5G60940,-0.15885913
AT5G60945,0.0
AT5G60950,0.50547725
AT5G60960,0.13717821
AT5G60964,0.0
AT5G60970,-0.15230829
AT5G60980,0.0776232
AT5G60990,0.073798016
AT5G61000,-0.044964414
AT5G61010,0.5788571
AT5G61020,0.1989143
AT5G61030,0.24013485
AT5G61040,-0.22411215
AT5G61050,0.038993176
AT5G61060,0.26258266
AT5G61070,-0.07848148
AT5G61090,-0.17917183
AT5G61100,-0.07570876
AT5G61110,0.0031489232
AT5G61120,0.001597573
AT5G61130,-0.64005023
AT5G61140,0.03658009
AT5G61150,0.007167388
AT5G61160,-0.3973566
AT5G61170,0.17380856
AT5G61180,0.0054725893
AT5G61190,0.29633653
AT5G61200,-0.5600343
AT5G61210,0.3712104
AT5G61220,0.17068514
AT5G61230,0.107797906
AT5G61240,0.25267833
AT5G61250,0.43951052
AT5G61260,0.116277635
AT5G61270,-0.54138416
AT5G61280,0.019683259
AT5G61290,-0.008530102
AT5G61300,-0.1817245
AT5G61310,0.15452905
AT5G61320,0.38546365
AT5G61330,-0.41630718
AT5G61340,-0.08511712
AT5G61350,-0.26465386
AT5G61360,0.08805554
AT5G61370,0.3126953
AT5G61380,0.2504819
AT5G61390,0.30657527
AT5G61400,-0.009291141
AT5G61410,-0.29664516
AT5G61412,0.015689278
AT5G61420,-0.731861
AT5G61430,0.21318826
AT5G61440,-0.3819139
AT5G61450,0.36600178
AT5G61460,0.008983665
AT5G61470,0.00021643797
AT5G61480,-0.32447043
AT5G61490,0.48641312
AT5G61495,0.025472444
AT5G61500,0.1116719
AT5G61510,0.17947796
AT5G61520,0.41951224
AT5G61530,0.32917196
AT5G61540,0.06914746
AT5G61550,0.12624326
AT5G61560,0.44685972
AT5G61570,-0.024279987
AT5G61580,0.11840219
AT5G61590,-0.6102219
AT5G61600,-0.2732729
AT5G61605,-0.002857666
AT5G61610,0.051783144
AT5G61620,0.06248965
AT5G61630,0.0076513467
AT5G61640,0.3317315
AT5G61650,-0.020350114
AT5G61660,-0.4184141
AT5G61670,-0.037045207
AT5G61680,0.0
AT5G61690,0.027421307
AT5G61700,0.01600221
AT5G61710,0.00063961017
AT5G61720,0.010341003
AT5G61730,0.054660667
AT5G61740,-0.2702118
AT5G61750,0.027493102
AT5G61760,0.2979361
AT5G61770,0.23020706
AT5G61780,0.22376911
AT5G61790,0.6290911
AT5G61800,0.081142575
AT5G61810,0.23393743
AT5G61820,0.8802916
AT5G61830,-0.1215488
AT5G61840,0.08185943
AT5G61850,0.0022228507
AT5G61865,0.02887153
AT5G61880,0.3441897
AT5G61890,1.2305441
AT5G61900,0.5646339
AT5G61910,0.10455396
AT5G61920,-0.037610687
AT5G61930,0.064859875
AT5G61940,0.027966574
AT5G61950,-0.13693887
AT5G61960,0.21651202
AT5G61970,0.17476265
AT5G61980,-0.13345686
AT5G61990,-0.08523688
AT5G61997,0.0
AT5G62000,-0.2668822
AT5G62020,0.16641568
AT5G62030,0.03893036
AT5G62040,-0.063463494
AT5G62050,0.2665783
AT5G62060,0.0
AT5G62065,0.0046133613
AT5G62070,0.34883702
AT5G62080,-1.0458852e-05
AT5G62090,-0.16757584
AT5G62100,-0.6325754
AT5G62110,-0.00043517636
AT5G62120,-0.00032420113
AT5G62130,-0.042409647
AT5G62140,-0.29920194
AT5G62150,1.2516842
AT5G62160,-0.0008893102
AT5G62165,-0.17070085
AT5G62170,-0.20498024
AT5G62180,0.32210624
AT5G62190,0.11352664
AT5G62200,0.37738556
AT5G62210,-0.2355127
AT5G62220,-0.37290773
AT5G62230,0.054096956
AT5G62240,-0.04138709
AT5G62250,-0.01737227
AT5G62260,0.16613583
AT5G62270,0.15476412
AT5G62280,-0.64172196
AT5G62290,0.21391696
AT5G62310,-0.061945353
AT5G62320,0.003989563
AT5G62330,-0.02283885
AT5G62340,-0.113047175
AT5G62350,-0.49214426
AT5G62360,-0.39639252
AT5G62370,0.08222726
AT5G62380,-0.15872933
AT5G62390,-0.09918564
AT5G62400,-0.002247086
AT5G62410,-0.054366723
AT5G62420,-0.023997271
AT5G62430,-0.5837354
AT5G62440,0.31948185
AT5G62460,0.22460926
AT5G62470,-0.30194017
AT5G62480,0.9365231
AT5G62490,0.024878366
AT5G62500,-0.0067596314
AT5G62510,0.014128435
AT5G62520,1.2042432
AT5G62530,0.44045
AT5G62540,0.34706885
AT5G62550,-0.44541338
AT5G62560,-0.0815842
AT5G62570,-0.14644137
AT5G62573,-0.00730841
AT5G62575,0.32706344
AT5G62580,0.024317114
AT5G62600,0.016152263
AT5G62610,-0.06881772
AT5G62620,0.10600448
AT5G62623,0.0
AT5G62627,0.0
AT5G62630,-0.1326128
AT5G62640,0.17180456
AT5G62650,-0.03971585
AT5G62660,0.15083487
AT5G62670,-0.50647295
AT5G62680,0.53366
AT5G62690,-0.19644777
AT5G62700,-0.42482758
AT5G62710,-0.34034404
AT5G62720,-0.14898089
AT5G62730,0.0139758615
AT5G62740,0.43880075
AT5G62750,0.009519989
AT5G62760,0.0038224082
AT5G62770,0.5631164
AT5G62780,-0.00097533816
AT5G62790,-0.27582142
AT5G62800,0.012576161
AT5G62810,-0.07961496
AT5G62820,-0.001144833
AT5G62830,-0.0021115474
AT5G62840,-0.33082017
AT5G62850,-0.19595625
AT5G62860,0.0
AT5G62860,0.0
AT5G62880,-0.06528194
AT5G62890,-0.3095564
AT5G62900,0.057524964
AT5G62910,0.15493077
AT5G62920,-0.25080815
AT5G62930,0.03483407
AT5G62940,-0.35801107
AT5G62950,0.10159417
AT5G62960,-0.34018967
AT5G62970,-0.011233069
AT5G62980,-0.09539026
AT5G62990,0.08469663
AT5G62998,-0.00505659
AT5G63000,0.19323066
AT5G63010,0.33740008
AT5G63020,-0.11177579
AT5G63030,0.36788884
AT5G63040,-0.19555914
AT5G63050,-0.00093581656
AT5G63060,-0.032301173
AT5G63063,0.0
AT5G63070,0.005063659
AT5G63080,0.05645929
AT5G63085,0.0
AT5G63087,-0.12017333
AT5G63090,-0.09007355
AT5G63100,-0.21920519
AT5G63110,0.1266646
AT5G63120,0.48181474
AT5G63130,0.88818437
AT5G63135,-0.021697225
AT5G63140,-0.49995613
AT5G63150,0.21517828
AT5G63160,0.08573955
AT5G63170,0.0030363419
AT5G63180,-0.8730762
AT5G63190,-0.11140718
AT5G63200,0.08828942
AT5G63220,0.28611922
AT5G63225,0.57345265
AT5G63230,0.0045089456
AT5G63240,0.13612026
AT5G63250,-0.030350437
AT5G63260,0.2079299
AT5G63270,-0.016561178
AT5G63280,0.11938276
AT5G63290,0.09666882
AT5G63300,0.041904483
AT5G63310,-0.42120484
AT5G63320,-0.10578043
AT5G63370,-0.10081325
AT5G63375,0.01413605
AT5G63380,-0.25844818
AT5G63390,0.012154505
AT5G63400,0.15134262
AT5G63410,-0.37030378
AT5G63420,-0.17573774
AT5G63440,-0.06198107
AT5G63450,0.85941875
AT5G63460,0.12856708
AT5G63470,-0.16018714
AT5G63480,-0.15664609
AT5G63490,0.34602815
AT5G63500,-0.3334438
AT5G63510,0.17323926
AT5G63520,-0.010023158
AT5G63530,-0.4390721
AT5G63540,-0.14734192
AT5G63550,0.073752664
AT5G63560,0.04525867
AT5G63570,0.12651856
AT5G63580,-0.04957233
AT5G63590,-0.047187485
AT5G63595,-0.015812572
AT5G63600,0.52730393
AT5G63610,0.1692541
AT5G63620,0.345151
AT5G63625,0.057242718
AT5G63630,-0.21942359
AT5G63640,0.2013276
AT5G63650,-0.38548914
AT5G63660,-0.036075138
AT5G63670,0.024729803
AT5G63680,0.6671384
AT5G63690,0.07948803
AT5G63700,-0.56874335
AT5G63710,-0.18660028
AT5G63720,0.032995168
AT5G63730,0.012313794
AT5G63740,0.028153328
AT5G63750,0.0802094
AT5G63760,0.1929967
AT5G63770,-0.122088715
AT5G63780,-0.43955082
AT5G63790,0.7564387
AT5G63800,-0.08377145
AT5G63810,-0.19268396
AT5G63820,-0.079495944
AT5G63830,0.08216267
AT5G63840,0.07564438
AT5G63850,0.6648247
AT5G63860,-0.027944928
AT5G63870,-0.05035185
AT5G63880,0.5666217
AT5G63890,0.13949831
AT5G63900,0.20796494
AT5G63905,0.17239007
AT5G63910,0.19590877
AT5G63920,0.011254879
AT5G63930,0.01876126
AT5G63940,0.03988357
AT5G63950,0.1041725
AT5G63960,-0.20553507
AT5G63970,0.5618802
AT5G63980,0.26352185
AT5G63990,0.8032
AT5G64000,0.28781784
AT5G64010,0.2337259
AT5G64020,0.30487108
AT5G64030,-0.23434263
AT5G64040,-0.5888598
AT5G64050,0.0042142565
AT5G64060,0.16745162
AT5G64070,0.0289253
AT5G64080,-0.05112979
AT5G64090,0.18041627
AT5G64100,-0.19943807
AT5G64110,0.1368353
AT5G64120,0.1206654
AT5G64130,0.19103949
AT5G64140,0.15759327
AT5G64150,0.044049777
AT5G64160,0.15435886
AT5G64170,-0.26347497
AT5G64180,0.022406805
AT5G64190,0.06740887
AT5G64200,0.19367006
AT5G64210,0.068526514
AT5G64220,0.053497724
AT5G64230,0.8385212
AT5G64240,-0.009755131
AT5G64250,0.3391518
AT5G64260,0.09035854
AT5G64270,0.11873705
AT5G64280,-0.15089995
AT5G64290,0.021847982
AT5G64300,0.25875506
AT5G64310,0.7899799
AT5G64320,-0.010487836
AT5G64330,-0.56913424
AT5G64340,-0.22195397
AT5G64350,0.23492894
AT5G64360,-0.17060891
AT5G64370,0.5400241
AT5G64380,-0.41822502
AT5G64390,0.06719175
AT5G64395,-0.012611684
AT5G64400,0.48401624
AT5G64401,0.011045498
AT5G64410,-0.19294174
AT5G64420,0.09796944
AT5G64430,0.407884
AT5G64440,0.19975667
AT5G64450,0.036998823
AT5G64460,-0.43621576
AT5G64470,0.061157234
AT5G64480,-0.039985973
AT5G64490,0.18994239
AT5G64500,0.22148803
AT5G64510,0.7337758
AT5G64520,-0.058481224
AT5G64530,0.37348476
AT5G64540,0.098370306
AT5G64550,-0.1114786
AT5G64560,0.27354237
AT5G64570,0.5698491
AT5G64580,-0.2978193
AT5G64590,0.074591726
AT5G64600,0.0427335
AT5G64610,0.0182835
AT5G64620,-0.3601023
AT5G64630,-0.24256565
AT5G64640,-0.2756023
AT5G64650,0.08691439
AT5G64660,0.62627274
AT5G64667,-0.15441704
AT5G64670,-0.16643366
AT5G64680,0.044482075
AT5G64687,-0.057382107
AT5G64690,0.1035793
AT5G64700,0.24992374
AT5G64710,0.27481428
AT5G64720,0.008668112
AT5G64730,0.12871481
AT5G64740,-0.18996964
AT5G64750,1.2146502
AT5G64760,0.26861402
AT5G64770,-0.7844352
AT5G64780,0.036024697
AT5G64790,0.3165787
AT5G64800,-0.04522324
AT5G64810,1.2662026
AT5G64813,0.08356396
AT5G64816,-0.012153828
AT5G64820,0.021770617
AT5G64830,-0.0702685
AT5G64840,-0.18033144
AT5G64850,-0.3732776
AT5G64860,-0.14883348
AT5G64870,0.8919813
AT5G64880,0.14235693
AT5G64890,1.0062346
AT5G64900,0.27892992
AT5G64905,1.1932267
AT5G64910,0.09631998
AT5G64920,-0.18792434
AT5G64930,0.18568115
AT5G64940,-0.38603574
AT5G64950,0.12958403
AT5G64960,0.052389123
AT5G64970,-0.14013603
AT5G64980,-0.017964628
AT5G64990,0.26548603
AT5G65000,0.16398664
AT5G65005,0.0
AT5G65010,-0.26280433
AT5G65020,0.19830342
AT5G65030,-0.0728205
AT5G65040,-0.2929132
AT5G65050,-0.053052615
AT5G65060,0.037067525
AT5G65070,-0.01942134
AT5G65080,-0.24786206
AT5G65090,0.27590397
AT5G65100,0.006557674
AT5G65110,0.63336354
AT5G65120,-0.02019727
AT5G65130,0.14356363
AT5G65140,0.83040804
AT5G65158,0.004675255
AT5G65160,0.24809714
AT5G65165,0.0754349
AT5G65170,0.2733194
AT5G65180,0.098420046
AT5G65200,0.27045152
AT5G65205,0.14493793
AT5G65207,-0.041621633
AT5G65210,0.4638574
AT5G65220,-0.35497597
AT5G65225,0.03135579
AT5G65230,0.022957727
AT5G65240,0.012002852
AT5G65250,0.091140464
AT5G65260,0.026550418
AT5G65270,0.22128467
AT5G65274,0.0
AT5G65280,0.32370633
AT5G65290,0.22223149
AT5G65300,1.1680208
AT5G65310,-0.33253747
AT5G65320,0.031495772
AT5G65330,0.005925067
AT5G65340,-0.014858205
AT5G65350,-0.03760584
AT5G65370,-3.137753e-05
AT5G65380,0.31016514
AT5G65390,-0.5444819
AT5G65400,0.006771429
AT5G65410,-0.4682781
AT5G65420,-0.1097406
AT5G65430,0.061210986
AT5G65440,-0.36176735
AT5G65450,-0.057777803
AT5G65460,-0.21938013
AT5G65470,-0.2806715
AT5G65480,-0.23825258
AT5G65490,-0.0013217137
AT5G65495,0.42046195
AT5G65500,0.5192882
AT5G65510,0.123062976
AT5G65520,0.13350724
AT5G65530,-0.0701366
AT5G65540,-0.059875578
AT5G65550,0.0491935
AT5G65560,0.13461202
AT5G65570,0.07585021
AT5G65580,0.11142483
AT5G65590,-0.1452246
AT5G65600,1.1241335
AT5G65609,0.2587364
AT5G65610,-0.08230993
AT5G65613,-0.044607233
AT5G65620,0.15333039
AT5G65630,0.07501571
AT5G65640,-0.3268477
AT5G65650,0.26975355
AT5G65660,0.35853484
AT5G65670,-0.04969815
AT5G65683,-0.18019465
AT5G65685,-0.07587703
AT5G65687,0.03821747
AT5G65690,1.9471897
AT5G65700,-0.4783795
AT5G65710,-0.22966777
AT5G65720,0.17033267
AT5G65730,-0.7224214
AT5G65740,-0.3174585
AT5G65750,0.2423216
AT5G65760,0.042342212
AT5G65770,-0.06599261
AT5G65780,0.07882482
AT5G65790,0.072231375
AT5G65800,-0.012763402
AT5G65810,-0.22467896
AT5G65820,-0.24495815
AT5G65830,-0.16002077
AT5G65840,0.025129663
AT5G65850,0.11986898
AT5G65860,0.09546372
AT5G65870,0.25774604
AT5G65880,-0.0036400494
AT5G65890,-0.043446545
AT5G65900,-0.13906585
AT5G65910,0.15371418
AT5G65920,-0.028214622
AT5G65925,-0.22379455
AT5G65930,-0.1259144
AT5G65940,0.083843865
AT5G65950,0.007832806
AT5G65960,0.12898627
AT5G65970,-0.30439228
AT5G65980,0.37869793
AT5G65990,0.12103034
AT5G66000,-0.04678094
AT5G66005,-0.27438542
AT5G66010,0.15635704
AT5G66020,0.021017535
AT5G66030,-0.028377663
AT5G66040,0.085475504
AT5G66050,0.138602
AT5G66052,0.37204856
AT5G66053,-0.13187702
AT5G66055,-0.18899105
AT5G66060,-0.080481395
AT5G66070,0.34803343
AT5G66080,-0.2719346
AT5G66090,-0.13302055
AT5G66100,0.10263215
AT5G66110,-0.15356128
AT5G66120,0.3235043
AT5G66130,-0.090362065
AT5G66140,0.3519323
AT5G66150,0.16438897
AT5G66160,0.16112378
AT5G66170,0.44626966
AT5G66180,0.16702397
AT5G66190,-0.45592865
AT5G66200,0.12985936
AT5G66210,-0.08943756
AT5G66220,0.0054886076
AT5G66230,-0.2726897
AT5G66240,0.0054695485
AT5G66250,0.2846892
AT5G66260,-0.015999142
AT5G66270,-0.048016462
AT5G66280,-0.03190067
AT5G66290,0.08668652
AT5G66300,-0.07495222
AT5G66310,-0.76842266
AT5G66320,0.21878624
AT5G66330,-0.1803857
AT5G66335,0.024009606
AT5G66340,0.0016546225
AT5G66350,0.027042387
AT5G66360,0.112499095
AT5G66370,-0.0008323905
AT5G66380,0.14563705
AT5G66390,-0.081365936
AT5G66400,0.31691015
AT5G66410,-0.104591586
AT5G66420,-0.026423363
AT5G66430,0.0
AT5G66440,0.4813361
AT5G66450,0.21494575
AT5G66460,-0.37733993
AT5G66470,-0.44084632
AT5G66480,0.1854921
AT5G66490,-0.14611155
AT5G66500,0.040239424
AT5G66510,0.18559092
AT5G66520,-0.51194715
AT5G66530,-0.38352737
AT5G66540,0.042063553
AT5G66550,-0.29740375
AT5G66560,-0.20441319
AT5G66570,-0.39768413
AT5G66580,-0.49247482
AT5G66590,-0.35601246
AT5G66595,0.05431537
AT5G66600,-0.11936163
AT5G66607,-0.09295715
AT5G66610,-0.33713892
AT5G66620,0.046024267
AT5G66630,0.17538074
AT5G66631,-0.11536165
AT5G66640,0.025937552
AT5G66650,0.5781507
AT5G66658,0.14000931
AT5G66660,-0.044449743
AT5G66670,0.024338638
AT5G66675,-0.15447874
AT5G66680,0.24967559
AT5G66690,0.1429759
AT5G66700,0.06301983
AT5G66710,-0.00758472
AT5G66720,0.06932435
AT5G66730,0.03871609
AT5G66740,-0.31220734
AT5G66750,-0.022070087
AT5G66760,0.9685754
AT5G66770,-0.50415784
AT5G66780,0.4226715
AT5G66790,-0.006280848
AT5G66800,-0.27255136
AT5G66810,0.114382945
AT5G66815,-0.023602538
AT5G66816,-0.008165006
AT5G66818,0.0
AT5G66819,0.0
AT5G66820,-0.001942629
AT5G66830,0.15326129
AT5G66840,0.008317672
AT5G66850,0.30390894
AT5G66860,0.30020076
AT5G66870,0.0072481087
AT5G66880,0.028182484
AT5G66890,1.007324
AT5G66900,-0.10820981
AT5G66910,0.29053232
AT5G66920,-0.5564556
AT5G66930,0.22157869
AT5G66940,-0.02805627
AT5G66950,0.08997428
AT5G66960,0.08658597
AT5G66970,0.00022709902
AT5G66980,0.0030518211
AT5G66985,0.009189584
AT5G66990,0.0035099739
AT5G67000,0.00974344
AT5G67010,0.0016599696
AT5G67020,-0.01767574
AT5G67030,-0.26163182
AT5G67040,0.0
AT5G67050,-0.20129749
AT5G67060,0.043573685
AT5G67070,-0.5599223
AT5G67080,1.7257658
AT5G67090,-0.0856354
AT5G67100,-0.1342137
AT5G67110,0.089430474
AT5G67120,-0.0025594106
AT5G67130,-0.12034134
AT5G67140,0.01246665
AT5G67150,-0.32456565
AT5G67160,0.1307329
AT5G67170,0.054834027
AT5G67180,-0.12299996
AT5G67190,-0.47070876
AT5G67200,-0.37846625
AT5G67210,0.11859869
AT5G67220,0.050200757
AT5G67230,-0.07160016
AT5G67240,0.09927691
AT5G67245,0.44569337
AT5G67250,-0.07556606
AT5G67260,0.02592687
AT5G67265,0.017861547
AT5G67270,-0.15406686
AT5G67280,-0.18587498
AT5G67290,0.0022555336
AT5G67300,0.21040948
AT5G67310,1.4959998
AT5G67320,0.057808507
AT5G67330,0.28949425
AT5G67340,1.2823462
AT5G67350,0.46072367
AT5G67360,-0.06710007
AT5G67370,-0.35461852
AT5G67380,-0.022423841
AT5G67385,-0.7144912
AT5G67390,-0.55346364
AT5G67400,-0.088387884
AT5G67410,-0.07211449
AT5G67411,-0.23928183
AT5G67420,-0.30519792
AT5G67430,-0.016661223
AT5G67440,-0.08923559
AT5G67450,-0.3775494
AT5G67460,-0.24385893
AT5G67470,0.11107723
AT5G67480,0.59994555
AT5G67490,0.53605294
AT5G67500,0.40024647
AT5G67510,0.19688359
AT5G67520,-0.033334836
AT5G67530,0.037183676
AT5G67540,0.16529484
AT5G67550,-0.13753264
AT5G67560,-0.07161397
AT5G67570,-0.2331049
AT5G67580,0.07671916
AT5G67590,0.29534286
AT5G67600,0.784946
AT5G67610,0.030616779
AT5G67620,0.21896528
AT5G67630,0.020275092
AT5G67640,-0.21746345
ATMG00010,0.059365418
ATMG00030,-0.057039417
ATMG00040,-0.05158858
ATMG00050,0.12464143
ATMG00060,0.22440217
ATMG00070,0.059482783
ATMG00080,-0.07896667
ATMG00090,-0.013046303
ATMG00110,-0.07961455
ATMG00120,-0.04545587
ATMG00130,-0.05138813
ATMG00140,-0.024740573
ATMG00150,0.009419613
ATMG00160,0.85638565
ATMG00170,0.0
ATMG00180,-0.06323961
ATMG00200,0.017349184
ATMG00210,0.05553756
ATMG00220,0.52918905
ATMG00240,0.032996885
ATMG00260,0.01986583
ATMG00270,0.16424815
ATMG00280,0.013997786
ATMG00285,0.28546223
ATMG00290,0.26812792
ATMG00300,0.03096077
ATMG00310,0.0074322154
ATMG00370,-0.07227941
ATMG00400,-0.014268592
ATMG00410,0.3113489
ATMG00430,0.0
ATMG00440,-0.07415298
ATMG00450,0.038961288
ATMG00470,0.036063965
ATMG00480,0.22108783
ATMG00490,0.066287465
ATMG00500,0.2105337
ATMG00510,0.22920147
ATMG00516,0.46039695
ATMG00520,0.17458785
ATMG00530,-0.09215435
ATMG00540,0.0
ATMG00550,0.064675674
ATMG00560,0.2905106
ATMG00570,0.20181961
ATMG00580,0.038216215
ATMG00590,-0.12929277
ATMG00600,0.00061302923
ATMG00610,-0.015650751
ATMG00630,0.031068206
ATMG00640,0.15430625
ATMG00650,0.3496336
ATMG00660,0.17824309
ATMG00670,0.32856908
ATMG00680,-0.019832313
ATMG00690,0.07327372
ATMG00710,-0.01795357
ATMG00720,0.040079337
ATMG00730,0.28432056
ATMG00750,0.011187953
ATMG00760,-0.008092298
ATMG00810,-0.09951383
ATMG00830,0.0034146004
ATMG00840,-0.030072285
ATMG00850,0.00029125743
ATMG00860,0.0072755637
ATMG00870,0.017122347
ATMG00880,0.0016357575
ATMG00890,0.009105842
ATMG00900,0.08808788
ATMG00910,-5.2227886e-05
ATMG00920,-0.0044474103
ATMG00940,0.047595765
ATMG00960,0.19304983
ATMG00970,0.008704156
ATMG00980,-0.08412428
ATMG00990,0.23309852
ATMG01000,0.095046684
ATMG01010,-0.13476099
ATMG01020,0.11088482
ATMG01030,-0.051970884
ATMG01040,-0.009291418
ATMG01050,-0.04317439
ATMG01060,-0.070492625
ATMG01080,0.07065027
ATMG01090,0.23525126
ATMG01100,0.08655434
ATMG01110,-0.008693628
ATMG01130,0.2156394
ATMG01170,0.022541111
ATMG01180,0.067444235
ATMG01190,0.38935435
ATMG01200,0.29819345
ATMG01210,0.07129223
ATMG01220,0.08167126
ATMG01230,0.00010505192
ATMG01240,0.059153374
ATMG01260,0.0067090555
ATMG01270,-0.0026031644
ATMG01280,-0.14146864
ATMG01290,0.016152395
ATMG01300,-0.0021016672
ATMG01310,-0.03075269
ATMG01330,-0.25553012
ATMG01350,0.14252901
ATMG01360,0.13204034
ATMG01370,-0.03491848
ATMG01400,-0.024460698
ATMG01410,0.093652934
ATCG00020,0.37073004
ATCG00040,-0.43006074
ATCG00050,-0.017978938
ATCG00065,-0.039360788
ATCG00070,-0.2455094
ATCG00080,0.010671173
ATCG00120,-0.34612387
ATCG00130,-0.271691
ATCG00140,-0.23823918
ATCG00150,-0.48404837
ATCG00160,-0.50339544
ATCG00170,-0.4963737
ATCG00180,-0.39454788
ATCG00190,-0.54359686
ATCG00210,0.015447675
ATCG00220,-0.00021742495
ATCG00270,-0.12984364
ATCG00280,-0.28468126
ATCG00300,-0.30889502
ATCG00330,0.17327413
ATCG00340,0.105348766
ATCG00350,0.1995587
ATCG00360,-0.11042694
ATCG00380,-0.085158564
ATCG00420,-0.49127185
ATCG00430,-0.573637
ATCG00440,-0.5626015
ATCG00470,-0.4590091
ATCG00480,-0.4632943
ATCG00490,-0.06130218
ATCG00500,-0.2746214
ATCG00510,-0.030413676
ATCG00520,-0.036637645
ATCG00530,-0.32119295
ATCG00540,-0.28730112
ATCG00550,0.008220706
ATCG00560,0.042074334
ATCG00570,-0.0737568
ATCG00580,-0.27793384
ATCG00590,0.012537123
ATCG00600,0.014031121
ATCG00630,-0.7922028
ATCG00640,-0.19244534
ATCG00650,-0.30642346
ATCG00660,-0.08847239
ATCG00670,-0.17682819
ATCG00680,-0.19547041
ATCG00690,-0.0038599463
ATCG00700,0.018423121
ATCG00710,-0.1684719
ATCG00720,-0.06469946
ATCG00730,-0.17520003
ATCG00740,-0.45024154
ATCG00750,-0.42404822
ATCG00760,-0.101185635
ATCG00770,-0.57128704
ATCG00780,-0.6295055
ATCG00790,-0.5904341
ATCG00800,-0.5042944
ATCG00810,-0.5187646
ATCG00820,-0.36568555
ATCG00830,-0.43830085
ATCG00840,0.0
ATCG00860,0.0
ATCG00870,0.0
ATCG00890,0.0
ATCG00900,0.0
ATCG01000,0.124687284
ATCG01010,-0.18080649
ATCG01020,-0.2588813
ATCG01040,-0.12408213
ATCG01050,-0.18325709
ATCG01060,-0.023548542
ATCG01070,-0.081441976
ATCG01080,-0.06700261
ATCG01090,-0.14139555
ATCG01100,-0.2529573
ATCG01110,-0.38981226
ATCG01120,-0.4168079
ATCG01250,-0.42073438
