Gene,Predicted_Expr_Change
AT1G01010,0.36455378
AT1G01020,-0.10377125
AT1G01030,0.11307056
AT1G01040,-0.0608734
AT1G01050,-0.050534748
AT1G01060,-0.25417644
AT1G01070,0.085178345
AT1G01080,-0.44903117
AT1G01090,-0.097258516
AT1G01100,0.17666426
AT1G01110,-0.41906154
AT1G01120,-0.89353466
AT1G01130,-0.19509518
AT1G01140,-0.08951649
AT1G01150,-0.009176929
AT1G01160,0.0040320456
AT1G01170,-0.16680391
AT1G01180,0.16789395
AT1G01184,0.0
AT1G01190,-0.13195461
AT1G01200,-0.061826337
AT1G01210,0.13593914
AT1G01220,-0.11948833
AT1G01225,-0.36622626
AT1G01230,0.16975941
AT1G01240,0.037823457
AT1G01250,-0.15285733
AT1G01260,-0.074479826
AT1G01280,0.00021549774
AT1G01290,-0.10941778
AT1G01300,-0.5302741
AT1G01305,0.0003238174
AT1G01310,-0.0064426134
AT1G01320,-0.02398908
AT1G01335,7.7908844e-05
AT1G01340,1.117969
AT1G01350,0.05866723
AT1G01355,-0.117371604
AT1G01360,-0.32703555
AT1G01370,-0.087924354
AT1G01380,-0.13837788
AT1G01390,-0.5760104
AT1G01400,0.0024348425
AT1G01410,0.0
AT1G01420,-0.095866114
AT1G01430,-0.3387914
AT1G01440,0.05235324
AT1G01450,-0.089176826
AT1G01453,0.10744495
AT1G01460,-0.012599725
AT1G01470,0.59746385
AT1G01480,2.2731907
AT1G01490,0.19014354
AT1G01500,0.19939752
AT1G01510,-0.1738457
AT1G01520,-0.3315947
AT1G01530,0.037669595
AT1G01540,-0.51551014
AT1G01550,0.14562201
AT1G01560,1.2592301
AT1G01570,-0.32850963
AT1G01580,-0.29342183
AT1G01590,-0.027492428
AT1G01600,0.11825642
AT1G01610,-0.35809603
AT1G01620,-0.58393466
AT1G01630,0.0067959623
AT1G01640,0.14329469
AT1G01650,0.39873916
AT1G01660,-0.08075752
AT1G01670,-0.08886
AT1G01680,1.5160128
AT1G01690,-0.17199808
AT1G01695,-0.020661894
AT1G01700,-0.0036167416
AT1G01710,0.16920394
AT1G01715,0.052384328
AT1G01720,0.28494683
AT1G01725,0.2197634
AT1G01730,0.5862597
AT1G01740,-0.18492426
AT1G01750,0.04985971
AT1G01760,0.04730768
AT1G01770,0.3493874
AT1G01780,0.2577015
AT1G01790,-0.6786471
AT1G01800,0.10213657
AT1G01810,0.13209943
AT1G01820,0.28451747
AT1G01830,0.009170219
AT1G01840,-0.09504837
AT1G01860,-0.074367136
AT1G01880,-0.17566288
AT1G01900,0.054940257
AT1G01910,0.31937274
AT1G01920,0.009622366
AT1G01930,-0.039471377
AT1G01940,0.44618985
AT1G01950,-0.5663518
AT1G01960,0.009141715
AT1G01970,-0.05307177
AT1G01980,0.003001292
AT1G01990,0.09629783
AT1G02000,0.08509452
AT1G02010,-0.19303031
AT1G02020,0.0022441398
AT1G02030,0.086262375
AT1G02050,-0.08350046
AT1G02060,-0.19952781
AT1G02065,0.023483355
AT1G02067,0.0027496684
AT1G02070,-0.01633995
AT1G02080,0.018166333
AT1G02090,0.3976439
AT1G02100,0.119120054
AT1G02110,-0.5318138
AT1G02120,0.16003849
AT1G02130,0.11800157
AT1G02140,0.16755283
AT1G02145,-0.030631905
AT1G02150,-0.07013724
AT1G02160,-0.09387621
AT1G02170,0.34979478
AT1G02180,-0.4645498
AT1G02190,-0.019354042
AT1G02205,0.577072
AT1G02210,0.0
AT1G02220,1.9778184
AT1G02230,0.6147224
AT1G02250,-0.0066011506
AT1G02260,0.1296646
AT1G02270,0.09109863
AT1G02280,-0.2267624
AT1G02290,-0.23163748
AT1G02300,0.09719889
AT1G02305,0.36422598
AT1G02310,0.9704874
AT1G02320,1.7120637e-05
AT1G02330,0.11599569
AT1G02335,0.10886985
AT1G02340,-0.15194497
AT1G02350,-0.21487497
AT1G02360,0.6607911
AT1G02370,0.1022481
AT1G02380,0.3211283
AT1G02390,0.3453187
AT1G02400,0.3692567
AT1G02405,0.20403719
AT1G02410,0.14040199
AT1G02420,-0.03850016
AT1G02430,0.15896764
AT1G02440,0.012637797
AT1G02450,0.7423452
AT1G02460,1.1431706
AT1G02470,1.4336581
AT1G02475,0.1574035
AT1G02490,-0.012072875
AT1G02500,0.4666085
AT1G02510,-0.0008214182
AT1G02520,0.33224472
AT1G02530,-0.022317171
AT1G02540,1.44727055e-05
AT1G02550,0.012044698
AT1G02560,0.04655373
AT1G02570,0.2891609
AT1G02575,-0.005490758
AT1G02580,0.33055544
AT1G02610,-0.019016523
AT1G02620,-0.18675853
AT1G02630,-0.08468235
AT1G02640,-0.50851655
AT1G02650,-0.16652438
AT1G02660,0.060388226
AT1G02680,0.216572
AT1G02690,-0.026513986
AT1G02705,-0.19588777
AT1G02710,-0.0068603717
AT1G02720,-0.10857699
AT1G02730,-0.42466047
AT1G02740,-0.06521421
AT1G02750,0.36649516
AT1G02770,0.03593429
AT1G02780,0.08538536
AT1G02790,-0.00045812596
AT1G02800,-0.043943882
AT1G02810,-0.102521844
AT1G02813,-0.00064203836
AT1G02816,0.49194828
AT1G02820,0.008411109
AT1G02830,0.009610333
AT1G02840,3.7842907e-05
AT1G02850,0.59398615
AT1G02860,0.05982159
AT1G02870,0.25205398
AT1G02880,0.15502457
AT1G02890,0.00430856
AT1G02900,-0.046432123
AT1G02910,-0.19056948
AT1G02920,1.5367081
AT1G02930,1.7606541
AT1G02940,0.1080766
AT1G02950,-0.3239095
AT1G02960,-0.15123163
AT1G02965,0.00032760404
AT1G02970,0.027586104
AT1G02980,0.05207835
AT1G02990,0.011778872
AT1G03000,-0.19523388
AT1G03010,-0.11931775
AT1G03020,-0.10028834
AT1G03040,0.19281822
AT1G03050,0.4967143
AT1G03055,-0.15236335
AT1G03060,0.022012856
AT1G03070,0.20085046
AT1G03080,0.03316819
AT1G03090,0.14541742
AT1G03100,-0.08429018
AT1G03103,0.0022048585
AT1G03106,0.40868667
AT1G03110,-0.111892715
AT1G03120,-0.105242476
AT1G03130,-0.6546933
AT1G03140,0.25537455
AT1G03150,0.061086178
AT1G03160,-0.113780275
AT1G03165,0.002146706
AT1G03170,-0.038149204
AT1G03190,0.031775843
AT1G03200,-0.050734363
AT1G03210,0.2555653
AT1G03220,1.0695597
AT1G03230,0.4088784
AT1G03240,0.10121645
AT1G03250,0.1734426
AT1G03260,0.124252714
AT1G03270,-0.33323756
AT1G03280,0.11876085
AT1G03290,0.55893403
AT1G03300,-0.11396233
AT1G03310,-0.052007537
AT1G03320,-0.03413572
AT1G03325,7.7908844e-05
AT1G03330,0.46609
AT1G03340,0.011963842
AT1G03350,0.28110558
AT1G03360,0.12195273
AT1G03365,-0.07814059
AT1G03370,0.14477576
AT1G03380,0.04204717
AT1G03390,0.0016584737
AT1G03395,9.842189e-05
AT1G03400,0.23657669
AT1G03410,-0.44767573
AT1G03430,0.10440986
AT1G03440,-0.2553372
AT1G03445,-0.022830782
AT1G03457,-0.54793715
AT1G03470,0.0093641
AT1G03475,0.04361179
AT1G03490,-0.00014992109
AT1G03495,-0.029179586
AT1G03510,-0.090126835
AT1G03530,-0.05968501
AT1G03540,-0.096983485
AT1G03550,0.2354975
AT1G03560,-0.1425436
AT1G03590,-0.026767846
AT1G03600,-0.6206975
AT1G03620,-0.16123523
AT1G03630,-0.38076383
AT1G03650,0.30991083
AT1G03660,1.0122958
AT1G03670,0.0012146338
AT1G03680,-0.29772073
AT1G03687,-0.27375713
AT1G03700,-0.0021488813
AT1G03710,0.02695222
AT1G03720,-2.7571119e-05
AT1G03730,0.054078456
AT1G03740,0.02684984
AT1G03750,0.18226191
AT1G03760,0.68950075
AT1G03770,0.13761945
AT1G03780,-0.23157386
AT1G03790,0.83418316
AT1G03800,0.13085447
AT1G03810,-7.0013034e-06
AT1G03830,-0.3641664
AT1G03840,-0.007329662
AT1G03850,1.3647019
AT1G03860,0.40702263
AT1G03870,-0.8841532
AT1G03880,0.0016227856
AT1G03890,-0.0026351456
AT1G03900,0.3049243
AT1G03905,0.08574244
AT1G03910,0.020483278
AT1G03920,-0.035838448
AT1G03930,-0.26864716
AT1G03940,-0.02009427
AT1G03950,0.43713582
AT1G03960,-0.0032751034
AT1G03970,-0.0034904613
AT1G03980,-0.012094466
AT1G03982,0.00096000836
AT1G03990,0.18348023
AT1G04000,-0.12819354
AT1G04010,-0.09122902
AT1G04020,0.021984784
AT1G04030,-0.06190453
AT1G04040,-1.5031549
AT1G04050,-0.33785003
AT1G04070,0.2951234
AT1G04080,-0.08987679
AT1G04090,-0.017821463
AT1G04100,0.30488917
AT1G04105,0.0017404605
AT1G04110,-0.080174014
AT1G04120,0.31268084
AT1G04130,-0.019693617
AT1G04140,0.08122849
AT1G04150,-0.009623387
AT1G04160,-0.4218181
AT1G04170,0.20551169
AT1G04180,0.059462085
AT1G04190,0.072282456
AT1G04200,0.06645127
AT1G04210,-0.08128499
AT1G04220,0.23322691
AT1G04230,-0.02473407
AT1G04240,-0.28113696
AT1G04250,-0.31950724
AT1G04260,0.33317286
AT1G04270,0.045695893
AT1G04280,0.31351665
AT1G04290,0.12653095
AT1G04300,0.0039157774
AT1G04310,0.4279876
AT1G04330,-0.08129405
AT1G04340,0.33152127
AT1G04350,0.036114402
AT1G04360,-0.2906798
AT1G04370,0.11507272
AT1G04380,-0.015714817
AT1G04390,0.0010011137
AT1G04400,0.1787052
AT1G04410,0.32320824
AT1G04420,-0.45580244
AT1G04430,-0.594994
AT1G04440,0.19730511
AT1G04445,0.108799346
AT1G04450,-4.6148607e-06
AT1G04455,0.0009845085
AT1G04470,0.0013193516
AT1G04480,0.14312616
AT1G04490,0.7830907
AT1G04500,0.7727544
AT1G04510,0.32639167
AT1G04520,-0.6262233
AT1G04530,-0.31355754
AT1G04540,-0.023960575
AT1G04550,-0.32757604
AT1G04555,0.49321985
AT1G04560,-0.008546664
AT1G04570,0.32605183
AT1G04580,0.7875965
AT1G04590,-0.014120562
AT1G04600,-0.27537286
AT1G04610,-0.007140572
AT1G04620,0.012526603
AT1G04625,-0.0022431645
AT1G04630,0.074101314
AT1G04635,0.11422901
AT1G04640,-0.09592288
AT1G04645,0.015444591
AT1G04650,-0.10762192
AT1G04660,-0.036282163
AT1G04670,0.0015503207
AT1G04680,-0.9461724
AT1G04690,0.3610881
AT1G04700,-0.029568508
AT1G04710,-0.035869807
AT1G04730,-0.023408635
AT1G04750,0.23633426
AT1G04760,-0.033292413
AT1G04770,-0.035272084
AT1G04778,0.120302096
AT1G04780,0.46642345
AT1G04790,-0.046082985
AT1G04800,-0.7230964
AT1G04810,0.51921254
AT1G04820,-0.13391441
AT1G04830,0.24131745
AT1G04840,-0.022584084
AT1G04850,0.4223877
AT1G04860,0.09718373
AT1G04870,0.7611958
AT1G04880,-0.015270304
AT1G04895,3.1474752e-05
AT1G04900,-0.11518965
AT1G04910,0.07379019
AT1G04920,-0.20705716
AT1G04930,-0.005927604
AT1G04940,0.08621702
AT1G04945,0.54627454
AT1G04950,-0.09872238
AT1G04970,0.44483137
AT1G04980,0.8178303
AT1G04985,0.1627266
AT1G04990,0.51785654
AT1G05000,1.1316148
AT1G05005,0.00024539986
AT1G05010,0.45485017
AT1G05020,0.06776615
AT1G05030,-0.01736424
AT1G05035,-0.00025190576
AT1G05040,0.004376038
AT1G05055,0.16352533
AT1G05060,0.47741246
AT1G05065,0.024818666
AT1G05070,0.02295608
AT1G05080,0.0016850529
AT1G05085,4.036112e-05
AT1G05087,-0.04521226
AT1G05090,0.057644747
AT1G05100,1.2965767
AT1G05120,0.20837565
AT1G05136,0.0035417415
AT1G05140,-0.18253615
AT1G05150,-0.17420053
AT1G05160,0.021790782
AT1G05170,0.07112641
AT1G05180,0.44232675
AT1G05190,-0.5312685
AT1G05200,-0.22133797
AT1G05205,0.13632895
AT1G05210,-0.014687724
AT1G05220,0.15771051
AT1G05230,-0.06875051
AT1G05240,0.008675033
AT1G05250,0.019072926
AT1G05260,-0.033071753
AT1G05270,0.31877485
AT1G05280,0.0058517866
AT1G05290,1.8793193e-07
AT1G05291,-8.208125e-06
AT1G05300,0.35839552
AT1G05310,-0.112901166
AT1G05320,-0.4220872
AT1G05330,0.009302785
AT1G05340,1.0047328
AT1G05350,0.111948855
AT1G05360,-0.0017767431
AT1G05370,-0.2501265
AT1G05380,0.095731996
AT1G05385,-0.34171268
AT1G05400,0.08147255
AT1G05410,0.2280852
AT1G05420,-0.07187162
AT1G05430,0.003413034
AT1G05440,-0.046528954
AT1G05450,0.40072715
AT1G05460,-0.25842312
AT1G05470,-0.5132532
AT1G05490,-0.07216334
AT1G05500,0.14650717
AT1G05510,0.00986044
AT1G05520,0.34098643
AT1G05530,0.013116106
AT1G05540,-0.74596155
AT1G05560,0.69716525
AT1G05570,0.4526378
AT1G05575,0.5534129
AT1G05577,0.0026515312
AT1G05580,-0.00022426639
AT1G05590,-0.23329957
AT1G05600,-0.26813772
AT1G05610,0.06655124
AT1G05615,0.00034207685
AT1G05620,0.8911597
AT1G05630,0.031543758
AT1G05640,-0.21023917
AT1G05650,-0.022305941
AT1G05660,-0.0045230193
AT1G05670,-0.19898996
AT1G05675,0.55398256
AT1G05680,1.8028455
AT1G05690,-0.04567419
AT1G05700,-0.11104354
AT1G05710,0.38668948
AT1G05720,0.38186142
AT1G05730,0.13932699
AT1G05750,0.13007599
AT1G05760,-0.12420048
AT1G05770,-0.21163179
AT1G05780,0.020521123
AT1G05783,0.15820937
AT1G05785,0.42616093
AT1G05790,0.14865135
AT1G05800,0.08900551
AT1G05805,-0.05735435
AT1G05810,-0.28069246
AT1G05820,0.037839897
AT1G05830,-0.12433159
AT1G05835,-0.112274095
AT1G05840,0.18064503
AT1G05850,-0.57250464
AT1G05860,-0.1712142
AT1G05870,-0.2604975
AT1G05880,1.0012448
AT1G05890,0.21887083
AT1G05894,-0.05688591
AT1G05900,0.034450658
AT1G05910,0.17553867
AT1G05920,0.004361143
AT1G05930,0.0012240815
AT1G05940,0.33940408
AT1G05950,-0.015983887
AT1G05960,-0.071850464
AT1G05970,-0.021727756
AT1G05990,0.08231567
AT1G06000,0.46634886
AT1G06010,0.10620722
AT1G06020,0.023347937
AT1G06030,0.17489584
AT1G06040,-0.15271933
AT1G06045,-0.00037410317
AT1G06050,0.27259612
AT1G06080,-0.06032589
AT1G06090,0.08923544
AT1G06100,0.034874193
AT1G06110,0.17322308
AT1G06120,-0.0087407995
AT1G06130,0.16235602
AT1G06135,0.2556078
AT1G06137,0.1179437
AT1G06140,0.04875257
AT1G06143,0.033345986
AT1G06148,0.1701665
AT1G06150,-0.017061444
AT1G06160,-0.35690555
AT1G06170,-0.016392272
AT1G06180,1.3814178
AT1G06190,-0.1267307
AT1G06200,0.20889203
AT1G06210,0.2666363
AT1G06220,0.042941783
AT1G06225,0.0021668007
AT1G06230,0.10918126
AT1G06240,-0.30631006
AT1G06250,-0.07736995
AT1G06260,-0.027360024
AT1G06270,0.103304
AT1G06280,0.0
AT1G06290,0.4184415
AT1G06310,0.011207698
AT1G06320,-0.00042512457
AT1G06330,0.017197067
AT1G06350,-0.04571818
AT1G06360,-0.24305594
AT1G06380,-0.0050837873
AT1G06390,-0.19133367
AT1G06400,0.01446034
AT1G06410,-0.16238055
AT1G06420,-0.051961716
AT1G06430,0.21911833
AT1G06440,0.032176178
AT1G06450,0.10219476
AT1G06460,0.057346623
AT1G06470,-0.016538737
AT1G06475,-0.05256347
AT1G06490,-0.36016572
AT1G06500,-0.099342495
AT1G06510,-0.031172425
AT1G06515,0.13944112
AT1G06520,0.54612595
AT1G06530,-0.03939174
AT1G06540,0.31064728
AT1G06550,0.04666323
AT1G06560,-0.10802556
AT1G06570,0.32317615
AT1G06580,-0.21506122
AT1G06590,0.14283285
AT1G06620,1.0106716
AT1G06630,0.013133067
AT1G06640,-0.028574532
AT1G06650,0.25759047
AT1G06660,-0.029840235
AT1G06670,-0.034896817
AT1G06680,-0.55576706
AT1G06690,0.039568204
AT1G06700,0.14479242
AT1G06710,-0.045049965
AT1G06720,0.011757851
AT1G06750,-0.0029513177
AT1G06760,0.14931208
AT1G06770,0.17515004
AT1G06780,0.44164354
AT1G06790,0.086313464
AT1G06800,0.10831644
AT1G06820,-0.15681078
AT1G06830,-0.6156321
AT1G06840,-0.2639053
AT1G06850,-0.49669188
AT1G06870,0.4584387
AT1G06890,0.21937743
AT1G06900,-0.05640995
AT1G06910,-0.16067773
AT1G06920,0.0013985853
AT1G06923,-0.009034665
AT1G06925,-0.00040015267
AT1G06930,0.0048113316
AT1G06950,-0.066082254
AT1G06960,-0.1176933
AT1G06970,0.02653306
AT1G06980,-0.2955622
AT1G06990,0.0077072512
AT1G07000,0.50593567
AT1G07010,-0.25254193
AT1G07020,0.32946506
AT1G07025,0.019817892
AT1G07030,0.45453772
AT1G07040,0.8960319
AT1G07050,-0.045195565
AT1G07060,0.03477932
AT1G07070,-0.13768
AT1G07080,0.18669966
AT1G07090,-0.15196347
AT1G07110,-0.3671441
AT1G07120,-0.059278384
AT1G07130,0.12637866
AT1G07135,0.4413033
AT1G07140,0.21574695
AT1G07150,0.46619186
AT1G07160,0.4594636
AT1G07170,0.25644547
AT1G07175,0.012323527
AT1G07180,-0.5594003
AT1G07190,0.00011471027
AT1G07200,0.053222142
AT1G07210,0.16631317
AT1G07220,0.12864085
AT1G07230,0.2109956
AT1G07240,-0.013582015
AT1G07250,-0.06892919
AT1G07260,-0.0004964003
AT1G07270,-0.022389399
AT1G07280,-0.030645834
AT1G07290,-0.17470364
AT1G07300,-0.030878782
AT1G07310,0.24412552
AT1G07320,-0.60656685
AT1G07340,0.006257515
AT1G07350,0.15205911
AT1G07360,0.12245403
AT1G07370,0.059590664
AT1G07380,0.331493
AT1G07390,0.3524033
AT1G07400,1.6073903
AT1G07410,0.32051715
AT1G07420,0.069147915
AT1G07430,0.89954084
AT1G07440,-0.3426767
AT1G07450,-0.18770619
AT1G07460,0.0025533906
AT1G07470,0.5665639
AT1G07473,0.0062962407
AT1G07476,0.0046406835
AT1G07480,0.3725637
AT1G07490,-0.23498528
AT1G07500,0.0786136
AT1G07510,0.15695082
AT1G07520,0.0709354
AT1G07530,0.09848997
AT1G07540,-0.007486187
AT1G07550,0.009959448
AT1G07560,0.0062344708
AT1G07570,-0.15337442
AT1G07590,1.1266011
AT1G07600,0.20719919
AT1G07610,0.9525859
AT1G07615,0.13893497
AT1G07620,0.5067873
AT1G07630,0.27961382
AT1G07640,0.4137106
AT1G07650,0.0044650715
AT1G07660,-0.044858772
AT1G07670,0.29216522
AT1G07680,0.0019769126
AT1G07690,0.010788583
AT1G07700,-0.18189152
AT1G07705,0.057716314
AT1G07710,-0.025212869
AT1G07720,-0.40608346
AT1G07725,0.13296919
AT1G07730,0.020662833
AT1G07740,0.07340176
AT1G07745,0.12060548
AT1G07747,0.02044781
AT1G07750,0.4750012
AT1G07770,0.024833295
AT1G07780,0.02470401
AT1G07790,-0.025675202
AT1G07795,0.034197167
AT1G07810,0.43315732
AT1G07830,0.20026064
AT1G07840,0.022198869
AT1G07850,-0.028798606
AT1G07860,0.047679964
AT1G07870,0.30466005
AT1G07880,-0.28180316
AT1G07885,0.013944372
AT1G07890,0.5412121
AT1G07900,0.8736882
AT1G07901,-0.027225437
AT1G07902,0.07696069
AT1G07910,-0.033780128
AT1G07920,0.24958177
AT1G07930,0.22501467
AT1G07940,0.21196264
AT1G07950,0.044027966
AT1G07960,0.22540241
AT1G07970,0.13811085
AT1G07980,-0.011190247
AT1G07985,0.056944553
AT1G07990,0.10576236
AT1G08000,-0.019742891
AT1G08005,-0.009702309
AT1G08010,-0.18590927
AT1G08030,0.13020696
AT1G08035,0.006285507
AT1G08040,0.1385423
AT1G08050,0.79826754
AT1G08060,-0.019446174
AT1G08065,0.0
AT1G08070,0.1621499
AT1G08080,-0.04667586
AT1G08090,-0.27588442
AT1G08100,0.0050046802
AT1G08110,-0.008407497
AT1G08120,-0.019119896
AT1G08125,0.08813165
AT1G08130,0.022215758
AT1G08135,0.0026524875
AT1G08140,0.00037902826
AT1G08150,-0.00031368108
AT1G08160,-0.17546906
AT1G08165,-0.044288665
AT1G08170,0.025763102
AT1G08180,0.00065506034
AT1G08190,-0.11347778
AT1G08200,-0.06655154
AT1G08210,0.10094419
AT1G08220,0.16513316
AT1G08230,0.7296334
AT1G08250,0.48896024
AT1G08260,-0.08500452
AT1G08270,0.013376228
AT1G08280,-0.34580356
AT1G08290,0.20214728
AT1G08300,-0.4589878
AT1G08310,0.05688633
AT1G08315,0.36914685
AT1G08320,0.6466307
AT1G08340,-0.03253518
AT1G08350,-0.024739021
AT1G08360,0.009544762
AT1G08370,0.3406722
AT1G08380,-0.6142548
AT1G08390,-0.240096
AT1G08400,0.041991755
AT1G08410,0.14119053
AT1G08420,0.08254361
AT1G08430,-0.011021628
AT1G08440,0.002829288
AT1G08450,0.23036802
AT1G08460,0.18684755
AT1G08465,0.106775485
AT1G08470,-0.15503526
AT1G08480,0.36406967
AT1G08490,0.17684925
AT1G08500,-0.08295186
AT1G08510,-0.04177168
AT1G08520,-0.34471047
AT1G08530,-0.024534762
AT1G08540,-0.32681945
AT1G08550,-0.15832996
AT1G08560,-0.26061544
AT1G08570,-0.040544186
AT1G08580,0.15671457
AT1G08590,0.12097352
AT1G08600,0.02569126
AT1G08610,-0.13070112
AT1G08620,0.18059108
AT1G08630,0.9885021
AT1G08640,0.1829765
AT1G08645,0.0001610104
AT1G08650,0.5184238
AT1G08660,-0.16291402
AT1G08670,0.014923405
AT1G08680,0.020105353
AT1G08695,0.00011080144
AT1G08700,0.29970622
AT1G08710,0.03745852
AT1G08720,0.025253445
AT1G08730,-0.08730215
AT1G08750,0.20006761
AT1G08760,0.19578129
AT1G08770,0.21548443
AT1G08780,-0.020804541
AT1G08790,-0.0017934052
AT1G08800,0.51688695
AT1G08810,-0.19653775
AT1G08820,0.2911705
AT1G08830,0.59980685
AT1G08840,-0.14437258
AT1G08845,-0.06822011
AT1G08860,0.64759094
AT1G08880,0.18732163
AT1G08890,0.2472239
AT1G08900,0.050833102
AT1G08910,-0.067709744
AT1G08920,1.6104287
AT1G08930,0.324046
AT1G08940,1.4875144
AT1G08960,0.010618884
AT1G08970,0.23874383
AT1G08980,-0.29749474
AT1G08985,-0.00027447086
AT1G08990,0.003660687
AT1G09000,-0.09229425
AT1G09010,-0.059751306
AT1G09020,0.11528607
AT1G09030,6.640308e-05
AT1G09040,0.057140786
AT1G09050,0.24163817
AT1G09060,-0.021637592
AT1G09070,0.28511977
AT1G09080,0.2948683
AT1G09090,0.02929814
AT1G09100,0.7642641
AT1G09130,0.105951674
AT1G09140,0.17038748
AT1G09150,0.031671893
AT1G09155,0.02349257
AT1G09157,-0.01357971
AT1G09160,-0.44675946
AT1G09170,-0.03288519
AT1G09176,0.18996775
AT1G09180,0.24635515
AT1G09190,0.052381635
AT1G09195,0.14741953
AT1G09200,0.10555094
AT1G09210,0.38602564
AT1G09220,0.06388061
AT1G09230,0.15454921
AT1G09240,0.7223873
AT1G09245,8.141953e-05
AT1G09250,-0.32942155
AT1G09260,-0.007652022
AT1G09270,0.2552078
AT1G09280,0.3057199
AT1G09290,0.123408906
AT1G09300,0.43084744
AT1G09310,-0.8885963
AT1G09320,0.31833905
AT1G09330,0.29988208
AT1G09340,-0.8179596
AT1G09350,-0.33586463
AT1G09360,0.00026104465
AT1G09370,0.0018428812
AT1G09380,0.59303963
AT1G09390,-0.5266041
AT1G09400,0.22669066
AT1G09410,-0.10463237
AT1G09415,-0.058729887
AT1G09420,0.75252324
AT1G09430,0.3078706
AT1G09440,-0.21418072
AT1G09450,-0.025323534
AT1G09460,0.023507798
AT1G09470,-0.09683493
AT1G09480,0.7882088
AT1G09483,0.0035755814
AT1G09490,0.28501442
AT1G09500,2.2393334
AT1G09510,0.17394654
AT1G09520,0.19932854
AT1G09530,0.38539967
AT1G09540,-0.0033073025
AT1G09550,0.04093296
AT1G09560,1.3715134
AT1G09570,-0.41895968
AT1G09575,-0.41139227
AT1G09580,-0.055760946
AT1G09590,0.13055564
AT1G09600,-0.024923204
AT1G09610,-0.15284698
AT1G09620,-0.03170534
AT1G09625,0.0
AT1G09630,0.24810678
AT1G09640,0.24856907
AT1G09645,0.3742089
AT1G09650,0.03262254
AT1G09660,-0.24128847
AT1G09665,6.6808484e-06
AT1G09680,0.20329975
AT1G09700,-0.043076646
AT1G09710,-0.07679598
AT1G09720,-0.0003460798
AT1G09730,0.12943295
AT1G09750,-0.84078485
AT1G09760,0.23165895
AT1G09770,0.082645975
AT1G09780,0.4432909
AT1G09790,-0.0014069274
AT1G09794,0.22567603
AT1G09795,-0.024181511
AT1G09810,0.03418737
AT1G09812,-0.21255942
AT1G09815,0.54293483
AT1G09820,-0.24921456
AT1G09830,0.15410616
AT1G09840,-0.12901254
AT1G09850,0.1423135
AT1G09860,0.056716986
AT1G09870,0.12856787
AT1G09880,-0.006054272
AT1G09890,0.0058920044
AT1G09900,0.024367077
AT1G09910,0.25010493
AT1G09920,0.32376152
AT1G09930,0.31159738
AT1G09932,1.0310899
AT1G09935,0.44298616
AT1G09940,0.63416505
AT1G09950,-0.53859764
AT1G09960,0.061846364
AT1G09970,0.57306755
AT1G09980,0.028519003
AT1G09995,-0.1427871
AT1G10000,-0.13072054
AT1G10010,-5.5106168e-05
AT1G10020,-0.4423927
AT1G10030,-0.32398337
AT1G10040,0.5602913
AT1G10050,0.038571633
AT1G10060,-0.004065977
AT1G10070,1.4145306
AT1G10090,-0.1936272
AT1G10095,0.043872505
AT1G10100,0.0009070005
AT1G10110,0.06463127
AT1G10120,-0.28899816
AT1G10130,0.06413475
AT1G10140,0.8293991
AT1G10150,-0.011167057
AT1G10155,0.022548199
AT1G10170,0.45670715
AT1G10180,-0.09792983
AT1G10190,4.0193583e-05
AT1G10200,0.04987537
AT1G10210,0.16340786
AT1G10220,0.52505267
AT1G10225,0.039528873
AT1G10230,0.054951172
AT1G10240,-0.045706052
AT1G10250,0.0013549912
AT1G10270,0.1432209
AT1G10280,0.059950583
AT1G10290,0.31582233
AT1G10300,0.08332743
AT1G10310,0.2515657
AT1G10320,-0.053540893
AT1G10330,-0.15426299
AT1G10340,0.20828642
AT1G10350,-0.060512237
AT1G10360,-0.7176479
AT1G10370,0.36150065
AT1G10380,-0.529854
AT1G10385,0.0033418655
AT1G10390,0.16899145
AT1G10395,0.0
AT1G10400,0.17651893
AT1G10410,1.2178314
AT1G10417,0.30774385
AT1G10430,0.15512197
AT1G10450,0.15969738
AT1G10455,-0.0037998282
AT1G10460,-0.075397134
AT1G10470,-0.3477885
AT1G10480,0.010580043
AT1G10490,0.04232189
AT1G10500,0.45611364
AT1G10510,-0.2058371
AT1G10520,-0.0073350808
AT1G10522,0.07752624
AT1G10540,0.20726642
AT1G10550,-0.2779518
AT1G10560,-0.08910141
AT1G10570,-0.05731265
AT1G10580,0.35748193
AT1G10585,1.8192023
AT1G10586,0.40710843
AT1G10588,0.04036034
AT1G10590,0.36708307
AT1G10600,0.11813767
AT1G10610,-0.15177973
AT1G10620,0.0036223403
AT1G10630,0.20183718
AT1G10640,-0.26356393
AT1G10650,-0.3344146
AT1G10657,-0.5797425
AT1G10660,0.03403016
AT1G10670,-0.21963899
AT1G10680,0.048664387
AT1G10690,0.3901667
AT1G10700,0.76661044
AT1G10705,0.0
AT1G10710,0.04549401
AT1G10715,0.0003740662
AT1G10717,2.3023022e-05
AT1G10720,0.1807242
AT1G10730,0.41145825
AT1G10740,-0.23839645
AT1G10745,0.0004233913
AT1G10747,0.0029721968
AT1G10750,-0.20990027
AT1G10760,0.1187483
AT1G10770,0.08873326
AT1G10780,0.048368186
AT1G10790,-0.13290678
AT1G10800,0.119681135
AT1G10810,-0.0698824
AT1G10820,-0.033150498
AT1G10830,0.002136534
AT1G10840,0.17250505
AT1G10850,-0.15899593
AT1G10865,0.454121
AT1G10870,-0.14957479
AT1G10875,0.0002705424
AT1G10880,0.0012136868
AT1G10890,-0.056764666
AT1G10895,0.0
AT1G10900,-0.2504994
AT1G10910,-0.48963732
AT1G10920,-0.18421954
AT1G10930,-0.026497973
AT1G10940,-0.042479005
AT1G10950,0.20251417
AT1G10960,-0.36630166
AT1G10970,0.042440854
AT1G10980,0.026017383
AT1G10990,-0.037200525
AT1G11000,-0.6092179
AT1G11020,0.1406417
AT1G11040,0.24536107
AT1G11050,0.21280599
AT1G11060,0.06119773
AT1G11070,-0.14990324
AT1G11080,-0.009752369
AT1G11090,-0.099962056
AT1G11100,0.45576617
AT1G11110,0.015844066
AT1G11112,-0.04026294
AT1G11120,-0.20815022
AT1G11125,0.041919917
AT1G11130,-0.3789656
AT1G11145,-0.00046674316
AT1G11160,-0.1051652
AT1G11170,0.045301966
AT1G11180,0.13414994
AT1G11190,0.5508921
AT1G11200,0.40920246
AT1G11210,-0.27697292
AT1G11220,-0.1714722
AT1G11230,0.0369718
AT1G11240,-0.0040939553
AT1G11250,-0.0014694268
AT1G11260,-0.3038421
AT1G11270,0.09863917
AT1G11280,-0.2632334
AT1G11290,-0.1468414
AT1G11300,-0.36241192
AT1G11303,-0.1799765
AT1G11310,0.3759409
AT1G11320,0.25039375
AT1G11330,0.7346716
AT1G11340,-0.25516295
AT1G11350,-0.5919658
AT1G11360,0.15054612
AT1G11362,0.13437097
AT1G11370,0.051763657
AT1G11380,-0.09468776
AT1G11390,0.30948192
AT1G11400,0.57070434
AT1G11410,-0.25041443
AT1G11420,-0.16996428
AT1G11430,0.043010175
AT1G11440,-0.2655255
AT1G11450,0.049718536
AT1G11460,0.011289039
AT1G11470,0.004211397
AT1G11475,0.35520986
AT1G11480,0.42583197
AT1G11490,0.0014161889
AT1G11500,-0.08495925
AT1G11510,-0.0005028845
AT1G11520,1.1116103e-05
AT1G11530,-0.12532659
AT1G11540,0.059470017
AT1G11545,-0.9600176
AT1G11560,-0.024534823
AT1G11570,0.16192888
AT1G11572,0.40312412
AT1G11580,0.40996572
AT1G11590,0.0030645314
AT1G11591,0.010999395
AT1G11593,0.0
AT1G11600,0.10080396
AT1G11608,0.0007266462
AT1G11610,0.022879628
AT1G11620,7.967982e-05
AT1G11630,-0.03653896
AT1G11650,0.1932257
AT1G11655,-0.0052275374
AT1G11660,0.09914653
AT1G11670,-0.29495898
AT1G11680,0.03423913
AT1G11684,0.002272123
AT1G11690,-0.0019286954
AT1G11700,-0.49279693
AT1G11710,-0.06293162
AT1G11720,-0.1367259
AT1G11730,-0.0958872
AT1G11740,-0.41799387
AT1G11750,-0.05097742
AT1G11760,0.091783725
AT1G11765,-1.2925891e-05
AT1G11770,-0.00030060142
AT1G11780,0.047272127
AT1G11785,-0.063781835
AT1G11790,-0.018860884
AT1G11800,0.30838847
AT1G11810,0.052319445
AT1G11820,-0.27878115
AT1G11840,0.19935009
AT1G11850,-0.3794849
AT1G11860,-0.7503021
AT1G11870,-0.078780554
AT1G11880,-0.013787456
AT1G11890,0.1421983
AT1G11900,-0.0036307066
AT1G11905,0.4957092
AT1G11910,0.53852636
AT1G11915,-0.09609847
AT1G11920,0.0041414616
AT1G11925,0.8806009
AT1G11930,0.18498416
AT1G11940,0.09883862
AT1G11950,-0.14260787
AT1G11960,-0.53918576
AT1G11970,0.00059495785
AT1G11980,-0.00011162426
AT1G11990,-0.11792601
AT1G12000,0.33784482
AT1G12010,-0.033666544
AT1G12020,-0.23389164
AT1G12030,0.04851799
AT1G12040,-0.012147717
AT1G12050,0.39817894
AT1G12060,-0.21291436
AT1G12064,0.0007925738
AT1G12070,-0.003290961
AT1G12080,-1.1122032
AT1G12090,-0.42630112
AT1G12100,-0.005015217
AT1G12110,0.29644603
AT1G12120,-0.15587747
AT1G12130,0.0010588747
AT1G12140,0.2641645
AT1G12150,-0.033948135
AT1G12160,-0.02651472
AT1G12170,0.0
AT1G12180,0.0009510597
AT1G12190,-2.0047491e-06
AT1G12200,0.5274925
AT1G12210,0.20807266
AT1G12211,0.03187336
AT1G12220,-0.023069061
AT1G12230,-0.20211104
AT1G12240,0.35989937
AT1G12244,-0.47689736
AT1G12250,-0.26805204
AT1G12260,0.069847845
AT1G12270,0.022100637
AT1G12280,-0.3729674
AT1G12290,0.2458336
AT1G12300,-0.15915929
AT1G12310,0.17383851
AT1G12320,0.73747444
AT1G12330,-0.24397796
AT1G12340,-0.03728414
AT1G12350,0.08763557
AT1G12360,0.15826514
AT1G12370,-0.015771639
AT1G12380,-0.009766946
AT1G12390,0.028028293
AT1G12400,0.21688479
AT1G12410,0.017549703
AT1G12411,1.5431557e-05
AT1G12420,0.08372619
AT1G12430,-0.2567806
AT1G12440,0.21471757
AT1G12450,-0.096030496
AT1G12460,-0.15110964
AT1G12470,0.02225249
AT1G12480,-0.11153238
AT1G12490,-0.018471727
AT1G12500,-0.8029968
AT1G12520,0.21738945
AT1G12530,-0.13653187
AT1G12540,-0.004089712
AT1G12550,-0.50176513
AT1G12560,0.020088866
AT1G12570,0.010371002
AT1G12580,-0.010125306
AT1G12600,-0.04265106
AT1G12610,-0.600203
AT1G12615,-0.00020217018
AT1G12620,-0.23582979
AT1G12630,-0.020474674
AT1G12640,0.6197676
AT1G12650,0.20494816
AT1G12660,-2.9215782e-06
AT1G12663,-0.0012797866
AT1G12665,0.001029539
AT1G12672,-0.0050265696
AT1G12680,0.047535025
AT1G12700,-0.25693008
AT1G12710,-0.057737637
AT1G12730,-0.11746906
AT1G12740,0.02039294
AT1G12750,-0.25038347
AT1G12760,0.1711989
AT1G12770,-0.13261542
AT1G12775,-0.19313534
AT1G12780,0.47964048
AT1G12790,-0.018656906
AT1G12800,-0.44970217
AT1G12805,0.0006069406
AT1G12810,0.4224423
AT1G12820,-0.06500725
AT1G12830,-0.034187242
AT1G12840,0.14901288
AT1G12845,-0.49803013
AT1G12850,0.066525646
AT1G12855,0.0060411906
AT1G12860,-0.4181857
AT1G12870,-0.033915564
AT1G12880,-0.20077254
AT1G12890,-0.032481123
AT1G12900,-0.86851835
AT1G12910,0.10730163
AT1G12920,0.1505644
AT1G12930,-0.15529497
AT1G12940,-0.318457
AT1G12950,-0.017949082
AT1G12960,5.7305475e-05
AT1G12970,0.1732053
AT1G12980,-0.0037647733
AT1G12990,0.08381774
AT1G13000,0.11099794
AT1G13020,0.079595916
AT1G13030,-0.16054162
AT1G13040,-0.1396816
AT1G13050,0.016366363
AT1G13060,0.55577755
AT1G13080,-0.007573762
AT1G13090,0.2321462
AT1G13100,-0.3768424
AT1G13110,-0.06954757
AT1G13120,-0.00050051033
AT1G13130,0.055445097
AT1G13140,0.03685507
AT1G13143,-0.017977988
AT1G13150,-0.009176946
AT1G13160,-0.025429133
AT1G13170,-0.40860868
AT1G13180,0.2672433
AT1G13190,0.09619232
AT1G13195,0.29510292
AT1G13200,0.0037629516
AT1G13210,0.3067689
AT1G13220,-0.21086413
AT1G13230,0.013811024
AT1G13245,-0.02886931
AT1G13250,-0.47568697
AT1G13260,-0.29745966
AT1G13270,0.17346506
AT1G13280,0.12722833
AT1G13290,0.00022438665
AT1G13300,0.081290476
AT1G13310,1.5084683
AT1G13320,0.12207568
AT1G13330,-0.19872215
AT1G13340,1.5098748
AT1G13350,0.04106383
AT1G13360,0.5199397
AT1G13370,0.045002732
AT1G13380,-0.36356837
AT1G13390,0.37256742
AT1G13400,0.0055902656
AT1G13410,0.025949294
AT1G13420,-0.09370731
AT1G13430,-0.16318381
AT1G13440,0.10263634
AT1G13450,-0.027052782
AT1G13460,0.04341173
AT1G13470,0.89259994
AT1G13480,0.8352773
AT1G13485,-3.961841e-06
AT1G13490,0.011846827
AT1G13500,0.0067483615
AT1G13510,0.016371647
AT1G13520,2.4058373
AT1G13530,0.1634173
AT1G13540,0.25901356
AT1G13550,0.3109352
AT1G13560,-0.08548377
AT1G13570,0.22306831
AT1G13580,0.010629976
AT1G13590,0.0050334213
AT1G13600,-0.031405512
AT1G13605,0.0052885367
AT1G13607,0.0021686007
AT1G13608,0.013864025
AT1G13609,0.047435097
AT1G13610,0.05991613
AT1G13620,-0.0068424707
AT1G13630,-0.12030308
AT1G13635,0.008317803
AT1G13640,-0.28878874
AT1G13650,-1.367363
AT1G13670,0.025929607
AT1G13680,0.0022862982
AT1G13690,0.06674974
AT1G13700,-0.14292546
AT1G13710,-0.030944152
AT1G13730,-0.23154429
AT1G13740,0.17492852
AT1G13750,0.8382812
AT1G13755,0.0011359149
AT1G13760,0.0007452103
AT1G13770,-0.011774791
AT1G13780,0.06894141
AT1G13790,-0.45537958
AT1G13800,-0.20669651
AT1G13805,0.0
AT1G13810,0.11657032
AT1G13820,-0.20427242
AT1G13825,0.0005615814
AT1G13830,0.6527693
AT1G13860,-0.16419706
AT1G13870,-0.011884586
AT1G13880,0.03670526
AT1G13890,0.00034118083
AT1G13900,0.035064377
AT1G13910,0.108061805
AT1G13920,0.0025571676
AT1G13930,-0.045193594
AT1G13940,-0.12464198
AT1G13950,0.10240874
AT1G13960,0.24826083
AT1G13980,-0.11975046
AT1G13990,1.0711128
AT1G14000,0.526132
AT1G14010,0.31369427
AT1G14020,0.061790302
AT1G14030,-0.62882304
AT1G14040,0.2610756
AT1G14048,-1.8469556e-05
AT1G14050,0.0
AT1G14070,0.0
AT1G14080,-0.07710061
AT1G14100,-0.055047307
AT1G14110,0.0018998355
AT1G14120,0.40585822
AT1G14130,0.57799757
AT1G14140,0.12626275
AT1G14150,-0.72186667
AT1G14160,-0.0045831855
AT1G14170,0.77710736
AT1G14175,0.0
AT1G14182,0.0
AT1G14185,0.0496504
AT1G14190,-0.2408977
AT1G14200,0.6313586
AT1G14205,-0.20327549
AT1G14210,-0.29354554
AT1G14220,-0.016434396
AT1G14230,0.34294364
AT1G14240,0.10445878
AT1G14250,0.26395768
AT1G14260,0.37383395
AT1G14270,-0.4661013
AT1G14280,-0.71034133
AT1G14290,-0.40893137
AT1G14300,0.15636343
AT1G14310,0.06258804
AT1G14315,-0.0072696987
AT1G14320,0.29237646
AT1G14330,0.65630835
AT1G14340,0.17118412
AT1G14345,-0.29140165
AT1G14350,-0.5316991
AT1G14360,0.6803696
AT1G14370,0.38112405
AT1G14380,-0.40276068
AT1G14390,-0.101661526
AT1G14400,0.25396046
AT1G14410,0.13607308
AT1G14420,-0.011726557
AT1G14430,-0.18460785
AT1G14440,-0.07010868
AT1G14450,0.2999963
AT1G14453,0.005938048
AT1G14455,0.04649395
AT1G14460,-0.26875463
AT1G14470,-0.08214155
AT1G14480,-0.05260803
AT1G14490,-0.016180953
AT1G14500,0.0009802748
AT1G14510,0.116629206
AT1G14520,0.14611956
AT1G14530,0.15701896
AT1G14540,1.7212794
AT1G14550,1.0197805
AT1G14560,-0.08532167
AT1G14570,0.25799996
AT1G14580,-0.00846041
AT1G14590,-0.07254345
AT1G14600,-0.1012255
AT1G14610,-0.036518093
AT1G14620,0.03545942
AT1G14640,-0.13511945
AT1G14642,0.010382161
AT1G14650,0.015364689
AT1G14660,-0.12695591
AT1G14670,0.21763608
AT1G14680,0.19070596
AT1G14685,0.11698012
AT1G14686,0.013964091
AT1G14687,0.059945475
AT1G14688,0.01549251
AT1G14690,-0.05628614
AT1G14700,-0.8312467
AT1G14710,-0.019117694
AT1G14720,0.18352708
AT1G14730,-0.14121681
AT1G14740,-0.08066461
AT1G14750,-0.0831654
AT1G14755,-4.5242057e-05
AT1G14760,0.0061548282
AT1G14770,-0.30030942
AT1G14780,0.01134971
AT1G14790,0.11306278
AT1G14800,0.0028499945
AT1G14810,0.3169176
AT1G14820,0.08542562
AT1G14830,0.050239492
AT1G14840,-0.6331221
AT1G14850,0.19774844
AT1G14860,0.43753505
AT1G14870,2.2663121
AT1G14880,1.2431628
AT1G14890,0.71949124
AT1G14900,0.02813543
AT1G14910,0.19218138
AT1G14920,-0.06435192
AT1G14930,-0.007137015
AT1G14940,0.0014197305
AT1G14950,0.002388081
AT1G14960,-0.0025445584
AT1G14970,-0.2683224
AT1G14980,0.26335382
AT1G14990,0.16801539
AT1G15000,-0.58046705
AT1G15010,0.13527383
AT1G15015,-0.004582783
AT1G15020,0.049908232
AT1G15030,-0.13639359
AT1G15040,1.644642
AT1G15050,0.010855498
AT1G15060,0.062832095
AT1G15080,-0.13414574
AT1G15085,0.00073127635
AT1G15100,0.47490817
AT1G15110,0.6030343
AT1G15120,0.3390804
AT1G15125,-1.1894759
AT1G15130,0.43286207
AT1G15140,0.06267529
AT1G15150,-0.03322961
AT1G15160,-0.05996431
AT1G15165,-0.10657819
AT1G15170,0.124214865
AT1G15180,-0.25681996
AT1G15190,0.06036516
AT1G15200,-0.0056455084
AT1G15210,0.025480866
AT1G15215,-0.15041333
AT1G15220,-0.033093177
AT1G15230,0.38004875
AT1G15240,0.022603871
AT1G15250,-0.06122421
AT1G15260,-0.5844798
AT1G15270,0.27796677
AT1G15280,0.009393697
AT1G15290,-0.32343858
AT1G15310,0.431588
AT1G15320,-0.013499139
AT1G15330,0.018377738
AT1G15340,-0.0645647
AT1G15350,0.36946633
AT1G15360,0.014471405
AT1G15370,0.24414046
AT1G15380,1.3481059
AT1G15385,0.4877694
AT1G15390,-0.03485345
AT1G15400,0.2843042
AT1G15410,-0.897687
AT1G15415,0.8806229
AT1G15420,0.24578944
AT1G15430,0.5975991
AT1G15440,0.42925867
AT1G15460,0.03687722
AT1G15470,0.04424686
AT1G15480,-0.06963731
AT1G15490,0.008280084
AT1G15500,-0.004106325
AT1G15510,0.088080205
AT1G15520,3.1898143
AT1G15530,-0.06658654
AT1G15540,0.013385602
AT1G15550,-0.6677025
AT1G15570,-0.007150712
AT1G15580,-0.116193116
AT1G15590,0.0023220216
AT1G15600,0.008406986
AT1G15610,0.01446823
AT1G15620,-0.003084812
AT1G15625,0.2998401
AT1G15630,0.0036569752
AT1G15640,0.0024700894
AT1G15660,-0.018962005
AT1G15670,0.77113575
AT1G15680,0.0
AT1G15690,0.06265147
AT1G15700,0.25027767
AT1G15710,-0.011966824
AT1G15720,0.05686458
AT1G15730,-0.33746698
AT1G15740,-0.03437086
AT1G15750,0.09203791
AT1G15757,0.0082141245
AT1G15760,-0.17402402
AT1G15770,-0.0009711884
AT1G15772,-0.0027214598
AT1G15780,0.20074071
AT1G15790,0.7328777
AT1G15800,0.22399382
AT1G15810,-0.020788739
AT1G15820,-0.69129384
AT1G15825,-0.20690809
AT1G15830,-0.8665746
AT1G15840,0.0061124754
AT1G15850,0.0
AT1G15860,0.49886337
AT1G15870,0.15714282
AT1G15880,0.30767
AT1G15885,-0.108479716
AT1G15890,-0.18960004
AT1G15900,0.055044994
AT1G15910,-0.42159888
AT1G15920,0.40134132
AT1G15930,0.08897467
AT1G15940,-0.11907413
AT1G15950,0.30003864
AT1G15960,-0.23938125
AT1G15970,-0.02786341
AT1G15980,-0.73238075
AT1G15990,0.005051893
AT1G16000,0.08413587
AT1G16010,0.19325133
AT1G16020,-0.2282404
AT1G16022,-0.0056970166
AT1G16025,-0.0015575856
AT1G16030,0.6084016
AT1G16040,0.32890946
AT1G16060,0.048595037
AT1G16070,-0.04806796
AT1G16080,-0.38901752
AT1G16110,0.192032
AT1G16120,-0.034073208
AT1G16130,0.20663749
AT1G16140,0.0
AT1G16150,-0.2696616
AT1G16160,0.0056028655
AT1G16170,-0.13883981
AT1G16180,0.33214664
AT1G16190,-0.20666394
AT1G16210,0.33421177
AT1G16220,-0.17085993
AT1G16225,0.039492235
AT1G16230,-0.0017744781
AT1G16240,0.12373049
AT1G16250,0.14444312
AT1G16260,0.122858725
AT1G16270,0.037907816
AT1G16280,-0.06051053
AT1G16290,-0.006021347
AT1G16300,0.52908033
AT1G16310,0.17339568
AT1G16320,0.057693575
AT1G16330,-0.044524092
AT1G16340,-0.3068196
AT1G16350,-0.12696725
AT1G16360,0.0072772913
AT1G16370,0.077673346
AT1G16380,0.0070912093
AT1G16390,-0.36115375
AT1G16400,-0.35136023
AT1G16410,-0.75934434
AT1G16420,0.6904989
AT1G16430,-0.017819433
AT1G16440,-0.016651182
AT1G16445,-0.1383928
AT1G16460,-0.15530863
AT1G16470,0.8116443
AT1G16480,-0.0702657
AT1G16490,-0.08116848
AT1G16500,0.46070072
AT1G16510,0.8346528
AT1G16515,-0.065233015
AT1G16520,0.015883064
AT1G16530,0.041453138
AT1G16540,0.6413887
AT1G16560,0.16779521
AT1G16570,0.1333169
AT1G16590,-0.09600065
AT1G16610,0.23815347
AT1G16630,-0.1636074
AT1G16640,-0.2061429
AT1G16650,0.0044545042
AT1G16670,0.72622573
AT1G16680,-0.16127576
AT1G16690,-0.057319712
AT1G16700,0.46448016
AT1G16705,-0.011156821
AT1G16710,-0.08530387
AT1G16720,-0.56838566
AT1G16730,0.33131406
AT1G16740,0.13391826
AT1G16750,-0.23973927
AT1G16760,0.0017393178
AT1G16770,0.114147134
AT1G16780,-0.40058124
AT1G16790,0.14101449
AT1G16800,-0.19444643
AT1G16810,0.2621954
AT1G16820,-0.094479784
AT1G16825,0.0364622
AT1G16830,0.1012099
AT1G16840,0.29650727
AT1G16850,-0.12141527
AT1G16860,-0.20561618
AT1G16870,0.13853283
AT1G16880,-0.48969665
AT1G16890,0.30289468
AT1G16900,0.21896921
AT1G16900,0.21896921
AT1G16910,0.0061678174
AT1G16916,0.0027893975
AT1G16920,-0.37690613
AT1G16930,-0.13860442
AT1G16940,-0.00018479014
AT1G16945,0.0
AT1G16950,0.011677481
AT1G16960,-0.17664732
AT1G16970,0.16573004
AT1G16980,0.0009652875
AT1G17000,0.00029457823
AT1G17010,0.00047698827
AT1G17020,1.8428887
AT1G17030,-0.026765734
AT1G17040,0.02153486
AT1G17050,-0.18596394
AT1G17060,-0.07904813
AT1G17065,0.0001713989
AT1G17070,0.116664924
AT1G17080,0.33867392
AT1G17100,0.15884808
AT1G17110,-0.20236185
AT1G17120,0.096399896
AT1G17130,0.22903414
AT1G17140,-0.75426877
AT1G17145,-0.29663208
AT1G17147,-0.011480373
AT1G17150,-0.0011231534
AT1G17160,-0.028255798
AT1G17170,1.2627456
AT1G17180,0.5081439
AT1G17190,-0.18390127
AT1G17200,-0.4978077
AT1G17210,0.060601853
AT1G17220,-0.3106504
AT1G17230,0.062954664
AT1G17235,0.004387982
AT1G17240,0.05224215
AT1G17250,-0.09855827
AT1G17260,-0.19489968
AT1G17270,-0.009497363
AT1G17280,0.21465081
AT1G17285,0.034668174
AT1G17290,0.5485211
AT1G17300,0.045109157
AT1G17310,0.038317133
AT1G17330,0.09106119
AT1G17340,0.12890336
AT1G17345,-0.023302147
AT1G17350,-0.22224213
AT1G17360,-0.32463974
AT1G17370,-0.033085242
AT1G17380,0.26555634
AT1G17400,-0.06097276
AT1G17410,0.028563855
AT1G17420,0.968415
AT1G17430,0.10228172
AT1G17440,0.022035617
AT1G17450,0.3688471
AT1G17455,-0.030101424
AT1G17460,0.14094886
AT1G17470,0.07841545
AT1G17480,-0.11135574
AT1G17490,0.22075866
AT1G17500,0.41580898
AT1G17510,0.21578045
AT1G17520,0.07915177
AT1G17530,0.43658584
AT1G17540,0.0019748865
AT1G17545,8.9476656e-05
AT1G17550,0.3576844
AT1G17560,-0.24216177
AT1G17580,-0.08686829
AT1G17590,-0.06409401
AT1G17600,0.32577583
AT1G17610,0.20310353
AT1G17620,-0.32854268
AT1G17630,-0.05852158
AT1G17640,0.06901649
AT1G17650,-0.7791757
AT1G17665,0.28159788
AT1G17680,0.10682767
AT1G17690,0.05257438
AT1G17700,-0.38407865
AT1G17710,0.15095977
AT1G17720,0.14421019
AT1G17730,0.032408375
AT1G17740,0.0
AT1G17745,1.602118
AT1G17750,0.3368619
AT1G17760,-0.0454047
AT1G17770,0.0
AT1G17780,0.26199543
AT1G17790,-0.0014018647
AT1G17800,1.8249211e-05
AT1G17810,0.0046120025
AT1G17820,0.04687761
AT1G17830,0.70033914
AT1G17840,-0.6165273
AT1G17850,-0.35281062
AT1G17860,0.8489472
AT1G17870,-0.2068579
AT1G17880,-0.011084888
AT1G17890,0.4279884
AT1G17910,3.348523e-05
AT1G17920,-0.266376
AT1G17930,0.13437755
AT1G17940,0.17970267
AT1G17950,0.09006675
AT1G17960,-0.033306316
AT1G17970,-0.21844001
AT1G17980,-0.25881854
AT1G17990,-0.1517235
AT1G18000,-0.16573042
AT1G18010,-0.16531996
AT1G18020,-0.08953494
AT1G18030,-0.20990872
AT1G18040,-0.24118702
AT1G18050,0.08818725
AT1G18070,0.034629595
AT1G18080,0.10754252
AT1G18090,-0.35368222
AT1G18100,-0.008541307
AT1G18120,0.0
AT1G18130,0.00015905463
AT1G18140,0.029861968
AT1G18150,-0.052415848
AT1G18160,-0.05272522
AT1G18170,-0.36332196
AT1G18180,-0.013802962
AT1G18190,-0.07327172
AT1G18193,-0.006136716
AT1G18197,0.037420534
AT1G18200,0.20012367
AT1G18210,0.476523
AT1G18220,-0.0015875195
AT1G18250,-0.22358698
AT1G18260,0.14543448
AT1G18265,-0.15922852
AT1G18270,0.2971108
AT1G18280,0.062346753
AT1G18290,-0.0029269564
AT1G18300,0.3363124
AT1G18310,-0.030209169
AT1G18320,0.036352687
AT1G18330,-0.16080737
AT1G18335,-0.018644571
AT1G18340,-0.13012417
AT1G18350,0.16290236
AT1G18360,-0.34322178
AT1G18370,-0.12997937
AT1G18390,0.85252875
AT1G18400,-0.34497964
AT1G18410,-0.015123494
AT1G18420,0.02646805
AT1G18440,0.09098111
AT1G18450,0.06264488
AT1G18460,-0.408008
AT1G18470,0.212043
AT1G18480,0.61155117
AT1G18485,-0.3992465
AT1G18486,0.00914912
AT1G18490,-0.16056238
AT1G18500,0.055574454
AT1G18510,0.0035061212
AT1G18520,0.010342415
AT1G18530,0.0066131796
AT1G18540,0.16425902
AT1G18550,-0.12283175
AT1G18560,0.25831348
AT1G18570,0.28719005
AT1G18580,0.09903231
AT1G18590,0.050544802
AT1G18600,0.11689671
AT1G18610,-0.20442049
AT1G18620,-1.0095927
AT1G18630,0.4658139
AT1G18640,0.00928121
AT1G18650,-0.8811229
AT1G18660,-0.054882735
AT1G18670,-0.1999266
AT1G18680,0.15184759
AT1G18690,0.03799337
AT1G18700,-0.0012026229
AT1G18710,-0.49864453
AT1G18720,0.36026695
AT1G18730,-0.6882858
AT1G18740,-0.13706937
AT1G18750,-0.29907277
AT1G18760,7.5256066e-06
AT1G18770,0.0
AT1G18773,-0.23843753
AT1G18780,0.001645505
AT1G18790,-0.00010924231
AT1G18800,0.1678665
AT1G18810,-0.34143686
AT1G18830,0.049663495
AT1G18835,0.09926492
AT1G18840,-0.27690876
AT1G18850,0.4504394
AT1G18860,0.9518403
AT1G18870,-0.32112786
AT1G18871,0.0029151605
AT1G18880,-0.2842971
AT1G18890,0.2993155
AT1G18900,0.13975859
AT1G18910,-0.0525653
AT1G18950,-0.053026713
AT1G18960,-0.026091307
AT1G18970,0.042138565
AT1G18975,0.0022014212
AT1G18980,0.25290573
AT1G18990,-0.16003178
AT1G19000,-0.27132386
AT1G19010,0.023803895
AT1G19020,1.378042
AT1G19025,0.047245912
AT1G19040,-0.03444663
AT1G19050,-0.4350802
AT1G19060,0.00014977319
AT1G19070,-0.0010727919
AT1G19080,-0.25943497
AT1G19086,0.0
AT1G19090,1.2684651e-05
AT1G19100,-0.11711931
AT1G19110,-0.14089951
AT1G19115,-0.02127517
AT1G19120,-0.008919873
AT1G19130,0.26654318
AT1G19140,0.095173076
AT1G19150,-0.9938403
AT1G19160,0.10193735
AT1G19170,-0.039310377
AT1G19180,0.88922614
AT1G19190,0.26994812
AT1G19200,0.92734855
AT1G19210,-0.17258091
AT1G19220,-0.42097014
AT1G19230,0.11708273
AT1G19240,0.23960282
AT1G19250,2.1065898
AT1G19260,-0.0009857414
AT1G19270,0.5423329
AT1G19290,-0.014094505
AT1G19300,0.2973452
AT1G19310,0.32222727
AT1G19330,-0.41410685
AT1G19340,-0.5678963
AT1G19350,-0.4219156
AT1G19360,0.25058854
AT1G19370,0.08567804
AT1G19380,0.35689983
AT1G19390,-0.008714246
AT1G19394,-0.036773294
AT1G19397,0.0682838
AT1G19400,-0.022808317
AT1G19410,0.002267922
AT1G19430,-0.057074726
AT1G19440,0.19756663
AT1G19450,-0.64581895
AT1G19460,0.0029379916
AT1G19470,-0.006207973
AT1G19480,-0.07105707
AT1G19485,-0.11528791
AT1G19490,-0.07719052
AT1G19500,0.07412218
AT1G19510,-0.102829866
AT1G19520,-0.0036732662
AT1G19525,0.0
AT1G19530,0.27003503
AT1G19540,0.2374384
AT1G19550,0.037293132
AT1G19565,-0.031410433
AT1G19570,0.90631276
AT1G19580,0.17042029
AT1G19600,0.25832233
AT1G19610,0.93610823
AT1G19620,-0.1953253
AT1G19630,-0.15570597
AT1G19640,1.1788197
AT1G19650,0.15599963
AT1G19660,0.15687189
AT1G19670,0.7827346
AT1G19680,0.7645375
AT1G19690,-0.14333437
AT1G19700,0.20574145
AT1G19710,-0.09692839
AT1G19715,-0.6438802
AT1G19720,-0.6880552
AT1G19730,0.24897088
AT1G19740,0.0070968354
AT1G19750,-0.011726246
AT1G19770,-0.40031946
AT1G19780,-0.109424256
AT1G19790,0.013312607
AT1G19800,0.051472936
AT1G19830,-0.0048515396
AT1G19835,-0.5435936
AT1G19840,-0.16149464
AT1G19850,0.9096226
AT1G19860,0.0702823
AT1G19870,-0.08831445
AT1G19880,0.14863236
AT1G19890,0.00022801351
AT1G19900,0.00437034
AT1G19910,0.37753043
AT1G19920,-0.26885065
AT1G19930,1.0538781e-05
AT1G19940,-0.34841725
AT1G19950,-0.3394643
AT1G19960,0.72511107
AT1G19970,0.060663447
AT1G19980,0.1355692
AT1G19990,-0.20613162
AT1G20000,0.0011655556
AT1G20010,-0.6663513
AT1G20020,-0.5599497
AT1G20030,0.35319585
AT1G20050,0.32638222
AT1G20060,-0.0645085
AT1G20065,-0.026774395
AT1G20070,0.71936566
AT1G20080,-0.00078162435
AT1G20090,-0.38155383
AT1G20100,0.20136511
AT1G20110,0.14566469
AT1G20120,0.04629192
AT1G20130,-0.006653133
AT1G20132,0.0004335154
AT1G20135,0.0
AT1G20140,0.53461933
AT1G20150,-0.0036026302
AT1G20160,0.1873595
AT1G20180,0.41144925
AT1G20190,-0.97860754
AT1G20200,0.6147043
AT1G20220,-0.095226794
AT1G20230,-0.084116064
AT1G20240,1.5862326e-05
AT1G20260,0.064374276
AT1G20270,0.016011743
AT1G20280,0.00010768695
AT1G20290,0.04636138
AT1G20300,0.012706607
AT1G20310,0.40539938
AT1G20320,-0.014544234
AT1G20330,-0.038884267
AT1G20340,-0.55440176
AT1G20350,0.24612612
AT1G20360,7.5684824e-05
AT1G20380,-0.15918097
AT1G20400,0.0022424236
AT1G20405,0.0002564645
AT1G20410,-0.056715123
AT1G20440,0.24810657
AT1G20450,-0.16829185
AT1G20470,-0.20959748
AT1G20480,-0.10666243
AT1G20490,0.0065079583
AT1G20500,0.0031033517
AT1G20510,0.23213045
AT1G20520,0.015050674
AT1G20530,-0.022388816
AT1G20540,-0.23643753
AT1G20550,-0.2470899
AT1G20560,0.21891907
AT1G20570,-0.2125886
AT1G20575,0.31864026
AT1G20580,0.24874721
AT1G20590,0.0059426837
AT1G20600,-0.00043302384
AT1G20610,-0.0925105
AT1G20620,0.37955403
AT1G20630,1.0071474
AT1G20640,-0.2432292
AT1G20650,-0.45738453
AT1G20657,0.0
AT1G20670,-0.041669864
AT1G20680,-0.13648099
AT1G20683,0.0
AT1G20687,0.0
AT1G20693,0.4484667
AT1G20696,0.46466166
AT1G20700,0.048349638
AT1G20710,-8.665657e-06
AT1G20720,-0.23055664
AT1G20730,7.4141375e-05
AT1G20735,0.0045360737
AT1G20740,0.06959042
AT1G20750,-0.00976366
AT1G20760,0.098673984
AT1G20770,0.27522153
AT1G20780,0.52704436
AT1G20790,-0.00027708046
AT1G20795,0.0023518547
AT1G20800,0.0
AT1G20803,-0.00017804238
AT1G20810,-0.4323312
AT1G20816,-0.2524685
AT1G20823,-0.7512411
AT1G20830,-0.019636577
AT1G20840,0.33185068
AT1G20850,-0.10292213
AT1G20860,0.024629083
AT1G20870,0.0013200522
AT1G20875,-2.3651668e-05
AT1G20880,0.21871927
AT1G20890,0.35847858
AT1G20900,0.15190756
AT1G20910,0.17963953
AT1G20920,-0.008037258
AT1G20923,-0.00061578647
AT1G20925,-0.0061060623
AT1G20930,-0.005146186
AT1G20940,3.348523e-05
AT1G20950,-0.15440583
AT1G20960,0.026618995
AT1G20970,0.3131924
AT1G20980,0.15274426
AT1G20990,-0.018906996
AT1G21000,0.39598247
AT1G21010,0.005955913
AT1G21050,0.016253147
AT1G21060,-0.16024598
AT1G21065,-0.074640565
AT1G21070,-0.2655693
AT1G21080,0.15627664
AT1G21090,-0.47046423
AT1G21100,-0.12483867
AT1G21110,-0.13758756
AT1G21120,-0.1269582
AT1G21130,-0.06728573
AT1G21140,-0.12744519
AT1G21150,-0.31543067
AT1G21160,-0.01903379
AT1G21170,0.032643907
AT1G21190,0.21036276
AT1G21200,0.21270254
AT1G21210,0.031531453
AT1G21230,-0.0003858313
AT1G21240,1.512681
AT1G21245,0.011849362
AT1G21250,0.85335726
AT1G21270,0.29446778
AT1G21280,0.08411886
AT1G21310,1.5153283
AT1G21313,0.34652817
AT1G21320,0.110675596
AT1G21323,0.0
AT1G21326,-0.19327433
AT1G21340,0.0028361368
AT1G21360,-0.039948005
AT1G21370,0.32756868
AT1G21380,0.27848846
AT1G21390,0.75249755
AT1G21395,0.0057532005
AT1G21400,0.8274709
AT1G21410,0.35435444
AT1G21430,0.0022515254
AT1G21440,-0.35512254
AT1G21450,0.0773333
AT1G21460,0.040455863
AT1G21470,0.06128134
AT1G21475,0.00018243081
AT1G21480,-0.1184713
AT1G21500,-0.669841
AT1G21510,-0.039948277
AT1G21520,1.5187632
AT1G21528,0.16807368
AT1G21530,-0.0007293875
AT1G21540,-0.2514162
AT1G21550,1.1061664
AT1G21560,-0.43419424
AT1G21570,0.0
AT1G21580,-0.0041867434
AT1G21590,-0.00022230769
AT1G21600,0.00706256
AT1G21610,-0.0055838195
AT1G21620,0.0020097746
AT1G21630,-0.09294988
AT1G21640,-0.009118048
AT1G21650,-0.014028406
AT1G21660,0.062713034
AT1G21670,0.45756063
AT1G21680,0.15919816
AT1G21690,0.035872567
AT1G21695,0.17087542
AT1G21700,0.006836092
AT1G21710,0.1042699
AT1G21720,0.6287942
AT1G21722,0.023942102
AT1G21730,-0.12003306
AT1G21738,-0.00082107034
AT1G21740,0.37639362
AT1G21750,0.82570827
AT1G21760,0.3173939
AT1G21770,0.36596704
AT1G21780,0.100580566
AT1G21790,0.108062714
AT1G21810,-0.16041668
AT1G21820,0.0
AT1G21835,-0.00019234155
AT1G21840,-0.11903262
AT1G21850,0.04858192
AT1G21860,0.008527419
AT1G21864,2.9283881e-05
AT1G21866,1.7505043e-05
AT1G21870,0.0005293086
AT1G21880,-0.47007814
AT1G21890,-0.0026549983
AT1G21900,0.34369424
AT1G21910,-1.0878934
AT1G21920,-0.09340032
AT1G21925,0.0
AT1G21928,0.0
AT1G21930,0.06116571
AT1G21940,0.004854921
AT1G21950,0.0013905433
AT1G21960,0.0
AT1G21970,0.0112772435
AT1G21980,0.111287355
AT1G21990,-0.0018931647
AT1G22000,-0.0011612503
AT1G22010,0.0
AT1G22015,0.005373386
AT1G22020,0.015545477
AT1G22030,-0.20334199
AT1G22040,0.14367819
AT1G22050,-0.18887296
AT1G22060,-0.36728323
AT1G22065,-0.051620148
AT1G22070,0.26014426
AT1G22080,-0.0003687384
AT1G22090,0.025075065
AT1G22100,-0.0003139247
AT1G22110,0.08707301
AT1G22120,-0.012200686
AT1G22130,-0.033508975
AT1G22140,0.0058876975
AT1G22150,0.056829583
AT1G22160,-0.59589165
AT1G22170,-0.23592654
AT1G22180,0.6267328
AT1G22190,-0.11509031
AT1G22200,0.33757365
AT1G22210,0.0057801157
AT1G22220,0.18435696
AT1G22230,-0.13811393
AT1G22240,0.07011735
AT1G22250,-0.16909899
AT1G22260,-0.052865174
AT1G22270,0.25781372
AT1G22275,0.18147248
AT1G22280,0.39736757
AT1G22290,0.0020916713
AT1G22300,0.26334983
AT1G22310,-0.09545993
AT1G22330,-0.6800665
AT1G22340,0.31220335
AT1G22360,0.28438187
AT1G22370,0.1831113
AT1G22380,0.7298176
AT1G22400,1.4947582
AT1G22410,0.9289611
AT1G22420,0.033763725
AT1G22430,-0.67404103
AT1G22440,0.5073359
AT1G22450,0.16244002
AT1G22460,-0.0047085355
AT1G22470,0.013629853
AT1G22480,0.9361956
AT1G22490,0.16956146
AT1G22500,0.30034664
AT1G22510,0.0054123434
AT1G22520,0.068217225
AT1G22530,-0.15193988
AT1G22540,0.0684308
AT1G22550,0.16055863
AT1G22570,0.22533214
AT1G22590,-0.63981783
AT1G22600,0.0031523937
AT1G22610,0.3850123
AT1G22620,0.023851054
AT1G22630,-0.3612191
AT1G22640,-0.089964256
AT1G22650,-0.24252923
AT1G22660,-0.059028007
AT1G22670,-0.019531108
AT1G22680,0.0058514117
AT1G22690,-0.42419872
AT1G22700,-0.30044508
AT1G22710,0.024869228
AT1G22720,0.00022277755
AT1G22730,0.09156248
AT1G22740,-0.6807103
AT1G22750,0.29249862
AT1G22760,-0.024936037
AT1G22770,-0.010044954
AT1G22780,0.032350555
AT1G22790,-0.04757619
AT1G22800,0.035932355
AT1G22810,-0.08571427
AT1G22830,-0.42699835
AT1G22840,0.8171236
AT1G22850,-0.2770774
AT1G22860,0.045776937
AT1G22870,0.08683069
AT1G22880,-0.019980028
AT1G22882,0.04602775
AT1G22885,0.20288226
AT1G22890,0.27670687
AT1G22900,0.54023606
AT1G22910,-0.009056655
AT1G22920,0.2512786
AT1G22930,0.20999385
AT1G22940,-0.07737573
AT1G22950,0.15621182
AT1G22960,0.11386544
AT1G22970,0.19685267
AT1G22980,0.011231324
AT1G22985,0.46173897
AT1G22990,0.073899634
AT1G23000,-0.28363666
AT1G23010,0.102862194
AT1G23020,0.04139842
AT1G23030,-0.42653796
AT1G23037,9.286183e-06
AT1G23040,0.9830111
AT1G23050,-0.25935632
AT1G23060,-0.024590658
AT1G23070,-0.028428525
AT1G23080,-0.42508867
AT1G23090,-0.11480658
AT1G23100,0.26057658
AT1G23110,0.14029549
AT1G23120,0.77055013
AT1G23130,-0.09982775
AT1G23140,0.36036727
AT1G23145,7.5256066e-06
AT1G23147,0.0005834116
AT1G23150,0.6689603
AT1G23160,0.030137094
AT1G23170,-0.10156206
AT1G23180,-0.14912559
AT1G23190,0.49802053
AT1G23200,0.07053358
AT1G23201,0.06830937
AT1G23210,-0.027664676
AT1G23220,0.078810796
AT1G23230,0.12636836
AT1G23240,-0.00039017666
AT1G23250,9.8077864e-05
AT1G23260,0.2102361
AT1G23270,6.4087646e-05
AT1G23280,-0.024638735
AT1G23290,0.22194885
AT1G23300,0.032645553
AT1G23310,-0.41164342
AT1G23320,0.0012751083
AT1G23330,0.118505344
AT1G23340,-0.36384326
AT1G23360,-0.13370603
AT1G23380,0.19655563
AT1G23390,0.25885814
AT1G23400,-0.21801865
AT1G23410,-0.11243323
AT1G23420,0.0
AT1G23430,0.0
AT1G23450,0.22318445
AT1G23460,0.15109926
AT1G23465,-0.057552017
AT1G23480,-0.866165
AT1G23490,0.11098623
AT1G23500,0.013520341
AT1G23510,0.08116333
AT1G23520,0.0033250216
AT1G23530,-0.20111983
AT1G23540,0.00087310135
AT1G23550,1.0486637
AT1G23560,0.8301293
AT1G23570,0.006654142
AT1G23580,0.0059101493
AT1G23590,6.3089064e-05
AT1G23600,0.024655733
AT1G23610,0.0020506298
AT1G23630,0.0
AT1G23645,0.0020798563
AT1G23650,0.0
AT1G23660,5.9501144e-05
AT1G23670,0.0
AT1G23680,-0.00029817442
AT1G23690,0.0
AT1G23700,0.008442343
AT1G23710,0.49265122
AT1G23720,0.0048629274
AT1G23730,0.41663527
AT1G23740,-0.17511477
AT1G23750,-0.27436712
AT1G23760,-0.09336414
AT1G23770,0.003679535
AT1G23780,0.36842924
AT1G23790,-0.18561184
AT1G23800,1.3992195
AT1G23810,0.011243538
AT1G23820,0.2046533
AT1G23830,0.11350559
AT1G23840,0.44065785
AT1G23850,1.3035529
AT1G23860,0.32421908
AT1G23870,0.31573007
AT1G23880,-0.1751011
AT1G23890,-0.09300428
AT1G23900,0.22937815
AT1G23910,0.0006308585
AT1G23915,0.030457042
AT1G23935,-0.30924568
AT1G23950,0.29985312
AT1G23960,0.20389536
AT1G23965,-0.18693362
AT1G23970,-0.2240842
AT1G23980,-0.12776719
AT1G23985,0.008832143
AT1G23995,0.018569335
AT1G24000,0.015459076
AT1G24010,0.0017616869
AT1G24020,0.01911231
AT1G24030,-0.11690792
AT1G24040,-0.11122144
AT1G24050,0.34853575
AT1G24060,-3.0299116e-06
AT1G24062,-3.0299116e-06
AT1G24070,0.62921387
AT1G24090,0.19481708
AT1G24095,0.67738074
AT1G24100,-0.0852783
AT1G24110,0.00090215594
AT1G24120,-0.09524766
AT1G24130,-0.059828725
AT1G24140,0.5728836
AT1G24145,0.06982046
AT1G24147,0.783692
AT1G24148,-0.046053775
AT1G24150,0.03578617
AT1G24159,0.000694056
AT1G24160,-0.20759784
AT1G24170,-0.6142709
AT1G24180,0.34682128
AT1G24190,0.02100557
AT1G24200,0.0
AT1G24210,0.3336434
AT1G24220,0.000952973
AT1G24230,0.0058564614
AT1G24240,0.010555495
AT1G24250,0.00025285967
AT1G24256,0.0
AT1G24260,0.017047392
AT1G24265,-0.15052848
AT1G24267,0.29990458
AT1G24270,0.06281358
AT1G24280,0.12105199
AT1G24290,-0.054609098
AT1G24300,0.08443308
AT1G24310,-0.06651549
AT1G24320,0.05825556
AT1G24330,-0.11707019
AT1G24340,-0.09227684
AT1G24350,0.3144768
AT1G24360,0.16137575
AT1G24380,-0.00092309184
AT1G24388,-0.00023604631
AT1G24390,0.000612433
AT1G24400,-0.020647692
AT1G24405,-0.043842975
AT1G24420,0.0023746076
AT1G24430,0.021902042
AT1G24440,0.4976636
AT1G24450,-0.1363724
AT1G24460,0.0040401104
AT1G24470,0.10623801
AT1G24475,0.00016978238
AT1G24480,0.06924525
AT1G24485,0.006733416
AT1G24490,0.2543571
AT1G24510,0.036795467
AT1G24520,0.10489483
AT1G24530,-0.24312814
AT1G24540,-0.0018543265
AT1G24545,0.0007423179
AT1G24560,0.06336358
AT1G24570,0.031662945
AT1G24575,1.0398375
AT1G24577,-0.18579887
AT1G24580,-0.15502153
AT1G24590,0.00045362694
AT1G24600,0.19661482
AT1G24610,-0.085298315
AT1G24620,0.0048640594
AT1G24625,0.41060063
AT1G24650,0.008083215
AT1G24660,0.0
AT1G24706,-0.005438414
AT1G24735,0.107379936
AT1G24764,-0.28979728
AT1G24793,-0.099624544
AT1G24800,0.4841057
AT1G24807,0.009880372
AT1G24822,-0.0021059783
AT1G24851,-0.08664111
AT1G24880,-0.20005806
AT1G24881,0.3644918
AT1G24909,0.0
AT1G24996,0.006685142
AT1G25025,3.560407e-05
AT1G25054,-0.3877544
AT1G25055,0.4739245
AT1G25145,-0.42993462
AT1G25150,0.57344854
AT1G25210,0.004087997
AT1G25211,0.19037265
AT1G25220,1.2649763
AT1G25230,-0.3487181
AT1G25240,-0.025953857
AT1G25250,-0.33889946
AT1G25260,0.0927871
AT1G25270,0.0004999604
AT1G25275,0.22338633
AT1G25277,0.029971443
AT1G25280,0.30139518
AT1G25290,-0.29017764
AT1G25300,2.1154028e-05
AT1G25310,0.00077603123
AT1G25320,-0.10350259
AT1G25330,-0.0012323745
AT1G25340,0.00048180937
AT1G25350,0.029297061
AT1G25360,0.0435193
AT1G25370,0.35536933
AT1G25375,-0.036747117
AT1G25380,0.05459494
AT1G25390,0.17980371
AT1G25400,0.49263895
AT1G25410,0.004197383
AT1G25420,0.023161007
AT1G25422,0.21060377
AT1G25425,-0.073676765
AT1G25440,-0.24854064
AT1G25450,-0.44510803
AT1G25460,0.08287902
AT1G25470,-0.00064006745
AT1G25480,-0.038136106
AT1G25490,0.09984153
AT1G25500,1.1243294
AT1G25510,0.17810519
AT1G25520,0.4037281
AT1G25530,0.22883485
AT1G25540,0.21141323
AT1G25550,0.10813107
AT1G25560,0.46917102
AT1G25570,-0.21629184
AT1G25580,0.2045943
AT1G25682,0.3818436
AT1G25988,-0.000212696
AT1G26090,-0.0025076822
AT1G26100,-0.25963497
AT1G26110,0.14385161
AT1G26120,0.09062241
AT1G26130,0.26982817
AT1G26140,0.0002912546
AT1G26150,-0.61044335
AT1G26160,0.13900858
AT1G26170,0.061534654
AT1G26180,-0.07470574
AT1G26190,-0.0780055
AT1G26200,0.28743455
AT1G26210,-0.26350513
AT1G26220,-0.44878528
AT1G26225,-0.01578092
AT1G26230,-0.25319648
AT1G26240,0.30394745
AT1G26250,0.17746477
AT1G26255,-0.016184062
AT1G26260,-0.092025794
AT1G26270,-0.034944993
AT1G26290,0.06992723
AT1G26300,0.24424878
AT1G26310,-0.0026004517
AT1G26320,0.0010583687
AT1G26330,0.0636097
AT1G26340,0.23178037
AT1G26350,0.0028294532
AT1G26355,0.0010904808
AT1G26360,-0.009975466
AT1G26370,0.12352826
AT1G26380,2.207062
AT1G26390,3.7738845
AT1G26400,0.52759963
AT1G26410,1.2044688
AT1G26420,1.6950431
AT1G26440,0.3714765
AT1G26450,-0.038824886
AT1G26460,0.041451886
AT1G26470,0.43468738
AT1G26480,0.0051197354
AT1G26500,-0.10398185
AT1G26510,-0.00050312834
AT1G26515,0.0041591036
AT1G26520,-0.20688058
AT1G26530,-0.07246801
AT1G26540,-0.15790527
AT1G26550,0.22096257
AT1G26560,-0.487994
AT1G26570,-0.3202844
AT1G26580,-0.082004026
AT1G26590,0.023341091
AT1G26600,-0.0733103
AT1G26610,-0.021644048
AT1G26620,0.055662975
AT1G26630,0.17521955
AT1G26640,-0.13514513
AT1G26650,-0.260741
AT1G26660,0.5913075
AT1G26665,0.37723222
AT1G26670,0.12585977
AT1G26680,0.007255997
AT1G26690,0.48249325
AT1G26700,-0.005541699
AT1G26710,-3.5599154e-05
AT1G26720,-0.0013449362
AT1G26730,0.0042848676
AT1G26740,0.2569451
AT1G26750,0.10974268
AT1G26761,-0.6001254
AT1G26762,0.04810997
AT1G26770,0.56490225
AT1G26773,0.0
AT1G26780,-0.00072401616
AT1G26790,0.07097622
AT1G26795,0.0
AT1G26796,0.0
AT1G26797,0.0
AT1G26798,0.0
AT1G26799,0.0
AT1G26800,0.07599309
AT1G26810,-0.39973697
AT1G26815,0.0013202474
AT1G26820,0.25193983
AT1G26830,0.2801526
AT1G26840,-0.024860576
AT1G26850,0.023954328
AT1G26870,0.001716564
AT1G26880,0.10033338
AT1G26890,-0.019480126
AT1G26900,0.10044157
AT1G26910,0.1320118
AT1G26920,0.244347
AT1G26921,0.0026737603
AT1G26930,1.5517682
AT1G26940,0.08732473
AT1G26945,-0.25327215
AT1G26960,-0.16871716
AT1G26970,0.16318826
AT1G26976,0.01587665
AT1G27000,0.4295637
AT1G27008,0.0045821876
AT1G27020,-0.6412446
AT1G27030,-0.52035666
AT1G27040,-0.00370857
AT1G27045,-0.26444325
AT1G27050,-0.06223591
AT1G27060,-0.12189937
AT1G27070,-0.045479946
AT1G27080,0.004285422
AT1G27090,-0.03322302
AT1G27100,0.20575628
AT1G27110,0.103814624
AT1G27120,-0.8718012
AT1G27130,-0.36986744
AT1G27135,2.0772168e-05
AT1G27140,0.012663068
AT1G27150,-0.044253126
AT1G27160,-0.0044005597
AT1G27170,0.11641766
AT1G27180,-0.03483558
AT1G27190,-0.19151299
AT1G27200,-0.03716679
AT1G27210,-0.3417193
AT1G27220,0.0
AT1G27240,-0.001110974
AT1G27250,0.0
AT1G27260,0.0
AT1G27270,0.00018085215
AT1G27280,-0.00014588244
AT1G27290,-0.025790475
AT1G27300,0.613525
AT1G27310,0.24127379
AT1G27320,0.0810694
AT1G27340,-0.028051281
AT1G27350,0.32770127
AT1G27360,0.03232629
AT1G27370,-0.17919295
AT1G27380,-0.09427327
AT1G27385,0.06599922
AT1G27390,0.16938765
AT1G27400,-0.0528986
AT1G27420,-0.19941576
AT1G27430,0.03162159
AT1G27435,0.07364225
AT1G27440,-0.015447857
AT1G27450,0.41707382
AT1G27460,-0.6475951
AT1G27461,-0.004459674
AT1G27470,0.23389918
AT1G27480,-0.7937547
AT1G27490,2.0010879e-05
AT1G27500,-0.11058201
AT1G27510,-0.043229964
AT1G27520,-0.1377619
AT1G27530,0.3688641
AT1G27535,0.0
AT1G27540,0.114184715
AT1G27550,0.0
AT1G27555,0.0
AT1G27565,-0.0039258413
AT1G27570,2.625126e-11
AT1G27580,-0.14032342
AT1G27595,-0.14257917
AT1G27600,0.08970169
AT1G27610,9.2090944e-05
AT1G27620,-0.0009113675
AT1G27630,0.31243756
AT1G27640,0.028533682
AT1G27650,0.37290463
AT1G27660,-0.34784287
AT1G27670,-0.07709442
AT1G27680,-0.040020127
AT1G27690,0.17086785
AT1G27695,0.123281114
AT1G27700,0.03918205
AT1G27710,-0.014031957
AT1G27720,0.37579295
AT1G27730,1.1594445
AT1G27740,-0.010712733
AT1G27750,0.00813927
AT1G27760,0.7884736
AT1G27770,0.26317844
AT1G27820,-0.013456139
AT1G27840,0.010812645
AT1G27850,-0.16738498
AT1G27860,0.0003053305
AT1G27870,0.00042991125
AT1G27880,-0.034209006
AT1G27890,0.031863004
AT1G27900,0.039284993
AT1G27910,-0.009285273
AT1G27920,-0.20478392
AT1G27930,0.4596241
AT1G27940,0.02313765
AT1G27950,-0.8555423
AT1G27960,-0.1398562
AT1G27970,0.6330441
AT1G27980,0.74473673
AT1G27990,-0.0004401925
AT1G28000,0.0037782534
AT1G28005,0.000522053
AT1G28010,-0.13738504
AT1G28020,0.0
AT1G28030,0.014034093
AT1G28040,0.069277935
AT1G28050,0.2308952
AT1G28060,-0.018727792
AT1G28070,0.10315835
AT1G28080,-0.011718064
AT1G28090,0.08538568
AT1G28100,-0.09786826
AT1G28110,-0.0077503365
AT1G28120,0.14518376
AT1G28130,0.6988953
AT1G28135,-0.002794429
AT1G28140,0.29984102
AT1G28150,0.110884346
AT1G28160,-0.00040331585
AT1G28170,0.001873381
AT1G28180,0.113920584
AT1G28190,1.1937505
AT1G28200,0.1880655
AT1G28210,0.3240988
AT1G28220,-0.0068677794
AT1G28230,0.25050867
AT1G28240,-0.011696156
AT1G28260,0.34792072
AT1G28265,0.0010920686
AT1G28270,0.0027387117
AT1G28280,0.28615353
AT1G28290,-0.8453401
AT1G28300,-0.01423348
AT1G28305,0.0
AT1G28306,0.0
AT1G28310,-0.17139679
AT1G28320,0.12698565
AT1G28330,0.19930933
AT1G28335,0.0028225696
AT1G28340,0.018566268
AT1G28350,-0.13913187
AT1G28360,0.39670673
AT1G28370,0.80845624
AT1G28375,0.009537674
AT1G28380,0.46967936
AT1G28390,0.39419454
AT1G28395,0.17796405
AT1G28400,-0.03250268
AT1G28410,-0.12451239
AT1G28420,0.030253954
AT1G28430,-0.001437247
AT1G28440,-0.12442813
AT1G28450,0.001558282
AT1G28460,-0.0010069039
AT1G28470,0.09685075
AT1G28480,0.95568734
AT1G28490,0.102110684
AT1G28500,0.0034321756
AT1G28510,0.3596454
AT1G28520,0.4217193
AT1G28530,-0.045477584
AT1G28540,0.295751
AT1G28550,0.020686002
AT1G28560,-0.24244972
AT1G28570,0.16305056
AT1G28580,0.8591351
AT1G28590,0.08871452
AT1G28600,0.5560826
AT1G28610,0.14149699
AT1G28630,0.00081930094
AT1G28640,-0.01227599
AT1G28650,0.15199858
AT1G28660,0.3425821
AT1G28670,-0.5113608
AT1G28680,0.4794382
AT1G28690,-0.12305163
AT1G28695,-0.000749753
AT1G28700,-1.13220385e-05
AT1G28710,-0.26134825
AT1G28765,0.06250103
AT1G28815,0.018463474
AT1G28960,0.33242396
AT1G29000,0.08487573
AT1G29005,0.0
AT1G29010,-1.1630679e-05
AT1G29020,0.002868337
AT1G29025,0.0003155433
AT1G29030,0.26309592
AT1G29040,0.29064992
AT1G29041,-0.005419933
AT1G29050,0.006452462
AT1G29060,0.43398595
AT1G29070,-0.5200598
AT1G29080,0.0
AT1G29090,0.20607573
AT1G29100,0.38772082
AT1G29110,-0.015135763
AT1G29120,-0.05902344
AT1G29140,-0.0045624906
AT1G29150,0.6847127
AT1G29160,0.30204833
AT1G29170,-0.34916055
AT1G29179,-0.0067418516
AT1G29180,-0.00040932684
AT1G29195,1.0129055
AT1G29200,0.016839394
AT1G29220,0.09321494
AT1G29230,0.79375494
AT1G29240,0.42303118
AT1G29250,0.08509128
AT1G29260,0.07061562
AT1G29270,0.021309234
AT1G29280,0.0190753
AT1G29290,0.6562381
AT1G29300,0.7777639
AT1G29310,0.46095583
AT1G29320,0.28595325
AT1G29330,0.5840353
AT1G29340,0.027131695
AT1G29350,0.28340963
AT1G29355,0.022455838
AT1G29370,0.22428744
AT1G29380,-0.19007184
AT1G29390,-0.10787701
AT1G29395,-0.10692297
AT1G29400,0.2446904
AT1G29410,-0.063385576
AT1G29418,-0.11581333
AT1G29420,-0.24670513
AT1G29430,-0.6489987
AT1G29435,0.00067753723
AT1G29440,-0.48636892
AT1G29450,-0.6939898
AT1G29460,-0.5299872
AT1G29465,-0.30915838
AT1G29470,-0.20922667
AT1G29480,0.0
AT1G29490,0.0040310505
AT1G29500,-0.39920878
AT1G29510,-0.3411807
AT1G29520,-0.087567
AT1G29530,-0.5536193
AT1G29535,-0.023958959
AT1G29540,0.051785365
AT1G29550,-0.21372056
AT1G29560,-0.2412298
AT1G29570,1.9344674e-05
AT1G29580,0.0
AT1G29590,-0.23507605
AT1G29600,-1.057496
AT1G29620,2.11326e-05
AT1G29630,0.13764478
AT1G29640,1.9801091
AT1G29660,-1.6246676
AT1G29670,-1.4477539
AT1G29680,0.009659667
AT1G29690,0.29801166
AT1G29700,-0.4194072
AT1G29710,0.042913407
AT1G29720,-0.6621149
AT1G29730,-0.14166076
AT1G29740,-0.04089859
AT1G29750,0.09085742
AT1G29760,0.4990582
AT1G29770,0.08960972
AT1G29775,-0.014298076
AT1G29780,0.0075111603
AT1G29790,-0.23913886
AT1G29800,0.35699052
AT1G29810,0.029004369
AT1G29820,-0.15524037
AT1G29830,0.0026217331
AT1G29840,-0.37243408
AT1G29850,0.08894117
AT1G29860,-0.04899032
AT1G29870,0.0031220869
AT1G29880,-0.048389774
AT1G29890,-0.083585046
AT1G29900,0.01710427
AT1G29910,-0.7896881
AT1G29920,-0.89895403
AT1G29930,-0.5865648
AT1G29940,0.17903711
AT1G29950,0.09254257
AT1G29960,-0.016544137
AT1G29962,-0.002492179
AT1G29965,0.08742749
AT1G29970,0.2910558
AT1G29980,-0.49959713
AT1G29990,0.098948255
AT1G30000,0.30173174
AT1G30010,-0.114342995
AT1G30020,0.0035553973
AT1G30040,1.583924
AT1G30050,-0.0025434648
AT1G30060,0.0032744186
AT1G30070,0.75850695
AT1G30080,-0.048324864
AT1G30090,0.2667186
AT1G30100,0.6217802
AT1G30110,-0.2222944
AT1G30120,-0.005791283
AT1G30130,0.15586089
AT1G30135,0.7379534
AT1G30140,-0.00045011693
AT1G30160,0.15384464
AT1G30170,0.0009812305
AT1G30190,-0.058129452
AT1G30200,0.047145266
AT1G30210,-0.25649554
AT1G30220,0.85768354
AT1G30230,0.08501019
AT1G30240,0.1943587
AT1G30250,0.027407961
AT1G30260,0.06224065
AT1G30270,0.27286693
AT1G30280,-0.19627121
AT1G30290,-0.03243185
AT1G30300,0.28062823
AT1G30320,0.37227082
AT1G30330,-0.13836515
AT1G30350,3.065686e-05
AT1G30360,-0.86271214
AT1G30370,0.7018694
AT1G30380,-0.5871006
AT1G30400,0.34644255
AT1G30410,0.07705376
AT1G30420,0.04859882
AT1G30440,-0.10394527
AT1G30450,0.20457998
AT1G30455,-0.01595088
AT1G30460,0.13831858
AT1G30470,0.15488043
AT1G30473,-0.0018991211
AT1G30475,0.52288216
AT1G30480,0.2829334
AT1G30490,0.13689895
AT1G30500,0.15721849
AT1G30510,0.0064662993
AT1G30515,0.01965061
AT1G30520,-0.9271579
AT1G30530,-0.33997333
AT1G30540,0.35641518
AT1G30545,0.06085704
AT1G30550,-0.08825161
AT1G30560,0.024444733
AT1G30570,-0.26841587
AT1G30580,0.3886567
AT1G30590,-0.099217124
AT1G30600,-0.29296148
AT1G30610,-0.18536638
AT1G30620,1.0822433
AT1G30630,0.26696932
AT1G30640,0.23554935
AT1G30650,0.05228658
AT1G30660,-0.040246923
AT1G30670,7.537922e-05
AT1G30680,0.029117757
AT1G30690,-0.52410686
AT1G30700,3.0746465
AT1G30710,0.014503301
AT1G30720,0.08271059
AT1G30730,0.68813145
AT1G30740,0.17172599
AT1G30750,0.02338096
AT1G30755,0.23300257
AT1G30757,0.3868714
AT1G30760,-0.115088835
AT1G30780,0.06616264
AT1G30790,0.0
AT1G30795,-0.0015442775
AT1G30800,0.0019244306
AT1G30810,0.10573344
AT1G30814,0.5850417
AT1G30820,0.0026232882
AT1G30825,-0.09856252
AT1G30840,-0.29080433
AT1G30845,-0.042579263
AT1G30850,0.8727742
AT1G30860,-0.03389902
AT1G30870,0.03156589
AT1G30880,0.12594347
AT1G30890,0.23423144
AT1G30900,0.614363
AT1G30910,0.03525008
AT1G30920,0.012555132
AT1G30925,0.0
AT1G30930,-0.0005212615
AT1G30935,0.0
AT1G30945,0.0
AT1G30950,0.0047615315
AT1G30960,0.12852356
AT1G30970,-0.026306724
AT1G30972,0.0046650614
AT1G30974,0.0
AT1G30990,0.2506871
AT1G31000,4.6846613e-05
AT1G31010,0.54946965
AT1G31020,0.070607476
AT1G31040,0.0019427703
AT1G31050,-0.06209679
AT1G31060,0.0
AT1G31070,-0.25906402
AT1G31072,0.0
AT1G31080,0.00019903366
AT1G31090,0.0
AT1G31095,0.0
AT1G31120,0.6809264
AT1G31130,0.18416148
AT1G31140,-0.00047699732
AT1G31150,-0.3516408
AT1G31160,-0.17095436
AT1G31163,-8.8144385e-05
AT1G31170,0.06887556
AT1G31175,-0.09267429
AT1G31180,-0.033875067
AT1G31190,-0.21899608
AT1G31200,-0.15925328
AT1G31220,0.16938278
AT1G31230,-0.30450904
AT1G31240,0.11913506
AT1G31243,-0.023757802
AT1G31250,0.0063875103
AT1G31255,0.0
AT1G31260,0.0019118133
AT1G31270,-0.0049795583
AT1G31280,0.29409683
AT1G31290,-0.10611332
AT1G31300,-0.038538553
AT1G31310,0.0365934
AT1G31320,-0.15414467
AT1G31330,-0.6444821
AT1G31335,-0.14531381
AT1G31340,-0.11562463
AT1G31350,-0.119088486
AT1G31360,-0.12784481
AT1G31370,-0.0003005496
AT1G31380,0.0064094607
AT1G31390,1.94113e-05
AT1G31400,-0.009179287
AT1G31410,-0.14967816
AT1G31420,-0.34174666
AT1G31430,0.08472481
AT1G31440,-0.04973005
AT1G31450,2.8210787e-05
AT1G31460,0.020880118
AT1G31470,0.35553774
AT1G31480,0.06775126
AT1G31490,-0.2493355
AT1G31500,0.09618324
AT1G31510,0.0
AT1G31520,0.0
AT1G31530,1.997284e-05
AT1G31540,0.15555778
AT1G31550,0.8768827
AT1G31555,0.0043841316
AT1G31580,0.55080366
AT1G31600,0.15671727
AT1G31620,0.0
AT1G31630,-0.00032539223
AT1G31640,0.00096553384
AT1G31650,-0.1963995
AT1G31660,0.22036947
AT1G31670,0.00044818613
AT1G31672,0.0
AT1G31690,0.12098923
AT1G31710,-0.39018926
AT1G31720,-0.11544086
AT1G31730,-0.0062915436
AT1G31740,-0.00066993345
AT1G31750,0.16178267
AT1G31760,0.048592526
AT1G31770,-0.034619957
AT1G31772,0.00092049834
AT1G31780,0.1289894
AT1G31790,0.01570989
AT1G31800,-0.30645555
AT1G31810,-0.06913895
AT1G31812,-0.031208584
AT1G31814,-0.04951339
AT1G31817,0.1652515
AT1G31820,0.24997899
AT1G31830,0.3176414
AT1G31835,-0.11059686
AT1G31840,0.21480368
AT1G31850,0.01783638
AT1G31860,-0.3111964
AT1G31870,0.30857226
AT1G31880,0.40779302
AT1G31885,0.06628618
AT1G31910,0.2292518
AT1G31920,-0.28299484
AT1G31930,-0.026759477
AT1G31940,0.10076037
AT1G31950,0.0030559425
AT1G31960,0.0012054706
AT1G31970,0.0075872852
AT1G31990,-0.027569802
AT1G32000,3.561528e-05
AT1G32010,0.0
AT1G32020,0.0004906082
AT1G32030,0.0005151652
AT1G32050,0.06854165
AT1G32060,-0.67791003
AT1G32070,-0.27772364
AT1G32080,-0.8486919
AT1G32090,0.42111555
AT1G32100,-0.02703034
AT1G32120,-0.32007647
AT1G32127,0.41131777
AT1G32130,0.2642369
AT1G32140,4.2965476e-05
AT1G32150,-0.14026316
AT1G32160,-0.072059795
AT1G32170,0.7440361
AT1G32180,-0.00442353
AT1G32190,-0.049573526
AT1G32200,-0.24980138
AT1G32210,0.29174772
AT1G32220,-0.18587008
AT1G32225,-0.00022562733
AT1G32230,0.34858856
AT1G32240,-0.3532809
AT1G32250,0.001978152
AT1G32260,0.3325993
AT1G32270,0.15126616
AT1G32280,-0.00011422337
AT1G32300,8.6620385e-05
AT1G32310,0.1912649
AT1G32320,-0.002995168
AT1G32330,0.2739854
AT1G32337,0.0
AT1G32340,0.36836267
AT1G32350,3.1263065
AT1G32360,0.0028172373
AT1G32361,0.0006522852
AT1G32370,0.008823205
AT1G32375,-0.051601384
AT1G32380,0.4403612
AT1G32400,0.18864945
AT1G32410,0.06491852
AT1G32415,0.01327683
AT1G32420,0.0
AT1G32430,0.0017568766
AT1G32440,-0.06363068
AT1G32450,0.6226076
AT1G32460,0.35297176
AT1G32470,-0.8802834
AT1G32480,0.00058985717
AT1G32490,0.047132846
AT1G32500,-0.015650658
AT1G32510,-0.025193853
AT1G32530,0.054843746
AT1G32540,-0.0021275321
AT1G32550,-0.3882963
AT1G32560,0.41387483
AT1G32570,0.001845816
AT1G32575,-0.0073205065
AT1G32580,0.13820463
AT1G32583,-0.10511054
AT1G32585,-9.502422e-06
AT1G32600,0.0011259029
AT1G32610,0.034488365
AT1G32630,-0.004061038
AT1G32640,0.19169545
AT1G32650,0.0016339804
AT1G32660,0.0045371023
AT1G32690,0.40424278
AT1G32700,0.048665836
AT1G32710,6.4651605e-05
AT1G32720,0.0
AT1G32730,0.021980312
AT1G32740,0.12254254
AT1G32750,0.0058828243
AT1G32760,-0.2220718
AT1G32763,0.00016969153
AT1G32770,-0.00020476406
AT1G32780,-0.5614911
AT1G32790,0.3054162
AT1G32810,0.07437919
AT1G32850,0.09121301
AT1G32860,0.14233091
AT1G32870,0.9199748
AT1G32880,0.0019358478
AT1G32900,-0.41959
AT1G32910,0.36023772
AT1G32920,0.1549605
AT1G32928,-0.03145885
AT1G32930,-0.24800685
AT1G32940,1.6231018
AT1G32950,0.84699
AT1G32960,1.6993508
AT1G32970,0.030800683
AT1G32975,0.0
AT1G32980,-6.0103275e-06
AT1G32990,-0.6264039
AT1G33010,0.0
AT1G33020,0.017639026
AT1G33030,1.4123987
AT1G33040,-0.36110118
AT1G33050,0.09535765
AT1G33055,0.011081563
AT1G33060,-0.061137028
AT1G33070,0.0
AT1G33080,-0.24586688
AT1G33090,0.08520369
AT1G33100,-0.0033542134
AT1G33102,0.38292474
AT1G33110,0.71174514
AT1G33120,0.1202848
AT1G33170,-0.6454586
AT1G33220,0.00017491885
AT1G33230,0.22336158
AT1G33240,-0.47130945
AT1G33250,0.16263993
AT1G33260,0.34380645
AT1G33265,0.39035046
AT1G33270,0.33609867
AT1G33280,0.005831258
AT1G33290,-0.1430763
AT1G33320,-0.0006369051
AT1G33330,0.09815177
AT1G33340,-0.19946691
AT1G33350,-0.11453263
AT1G33360,0.40480888
AT1G33390,0.1082497
AT1G33400,-0.032824025
AT1G33410,0.021924952
AT1G33420,0.74454623
AT1G33430,0.040416047
AT1G33440,-0.22331518
AT1G33470,-0.28304195
AT1G33475,0.04623884
AT1G33480,-0.14539142
AT1G33490,0.3669614
AT1G33500,0.0073158112
AT1G33520,0.023589212
AT1G33530,1.7005874e-05
AT1G33540,-0.0042081745
AT1G33560,0.35935888
AT1G33590,0.30093658
AT1G33600,0.30972382
AT1G33607,-0.00055750576
AT1G33610,0.32620424
AT1G33612,-0.014964722
AT1G33640,-0.03353603
AT1G33670,0.0110950135
AT1G33680,-0.027452514
AT1G33700,-0.37636888
AT1G33710,1.2496134e-05
AT1G33720,0.21483234
AT1G33730,0.963728
AT1G33750,-0.0023068194
AT1G33760,-0.6634436
AT1G33770,-0.9712385
AT1G33780,0.06437078
AT1G33790,-0.19453502
AT1G33800,-0.041416105
AT1G33810,-0.265115
AT1G33811,-0.71077925
AT1G33820,9.182639e-05
AT1G33830,-1.7727538e-06
AT1G33840,0.18863228
AT1G33850,5.7846268e-05
AT1G33860,0.0033067798
AT1G33870,8.3717045e-05
AT1G33880,0.0050038765
AT1G33890,0.04969892
AT1G33900,7.4806165e-05
AT1G33910,-0.03056781
AT1G33920,-0.0002659753
AT1G33930,-0.063787475
AT1G33940,0.03248384
AT1G33945,0.0
AT1G33950,0.87080985
AT1G33960,1.6614584
AT1G33970,0.38782525
AT1G33980,0.40524617
AT1G33990,0.25030586
AT1G34000,-0.3917224
AT1G34010,-0.46726105
AT1G34015,9.131118e-06
AT1G34020,0.040961616
AT1G34040,-0.09557002
AT1G34042,9.212617e-05
AT1G34046,0.0010894673
AT1G34047,-0.00074005476
AT1G34049,0.0
AT1G34050,0.015180658
AT1G34060,-0.26837027
AT1G34065,-0.27306938
AT1G34070,0.0
AT1G34095,-0.038546607
AT1G34110,-0.03740822
AT1G34120,0.1176959
AT1G34130,0.36144036
AT1G34140,-0.00059663074
AT1G34150,0.14104761
AT1G34160,-0.04476233
AT1G34170,0.0
AT1G34180,0.8229704
AT1G34190,0.5413701
AT1G34200,0.08090484
AT1G34210,-0.107041724
AT1G34220,0.35536116
AT1G34245,0.014933297
AT1G34260,-0.099822685
AT1G34270,0.16294864
AT1G34290,0.0
AT1G34300,0.2506176
AT1G34310,0.0007939552
AT1G34315,0.020934599
AT1G34317,-0.015135916
AT1G34320,-0.14120686
AT1G34340,0.20238417
AT1G34350,-0.041228864
AT1G34355,-0.084121756
AT1G34360,0.07191631
AT1G34370,0.3407276
AT1G34380,0.1532258
AT1G34390,-8.749716e-06
AT1G34400,0.0
AT1G34403,0.002120874
AT1G34410,-0.0015837029
AT1G34420,0.76693606
AT1G34430,-0.4073431
AT1G34440,0.0009765385
AT1G34460,-0.25576606
AT1G34470,0.0101839015
AT1G34480,-0.065906435
AT1G34490,9.292126e-05
AT1G34500,-0.00044063642
AT1G34510,0.010249395
AT1G34520,-0.0021158112
AT1G34540,0.009990989
AT1G34550,-0.08736068
AT1G34560,0.0013850693
AT1G34570,-0.08466062
AT1G34575,-2.3959845e-05
AT1G34580,-0.11338982
AT1G34630,0.09539387
AT1G34640,-0.35693473
AT1G34650,-0.030253725
AT1G34670,0.09335259
AT1G34750,0.3292665
AT1G34760,-0.25277793
AT1G34770,0.19549292
AT1G34780,0.023636682
AT1G34790,0.00029881726
AT1G34792,0.0
AT1G34795,0.0
AT1G34800,0.0
AT1G34807,0.0
AT1G34812,0.0
AT1G34840,0.0
AT1G34855,0.0
AT1G34860,0.0
AT1G34910,0.0004743402
AT1G34930,0.0
AT1G35030,0.0
AT1G35035,0.0
AT1G35040,0.0
AT1G35140,-0.2876814
AT1G35150,0.0
AT1G35160,0.25985938
AT1G35170,-0.013900765
AT1G35180,-0.6434618
AT1G35181,0.0
AT1G35183,-0.014490761
AT1G35190,0.15529661
AT1G35210,0.11990615
AT1G35215,-0.019534027
AT1G35220,0.07690815
AT1G35230,1.4236073
AT1G35240,0.0077753295
AT1G35242,0.0010858213
AT1G35250,0.009165217
AT1G35255,-0.0057201507
AT1G35260,-0.032677364
AT1G35290,-0.015812477
AT1G35310,-0.04044355
AT1G35320,0.48432574
AT1G35330,0.0009981327
AT1G35340,-0.19963075
AT1G35350,-0.028805679
AT1G35353,0.003088603
AT1G35365,0.0
AT1G35375,0.0
AT1G35400,0.0
AT1G35410,0.0
AT1G35420,-0.50648487
AT1G35430,-0.05710038
AT1G35435,0.00074244203
AT1G35440,-7.3237916e-06
AT1G35460,-0.19971167
AT1G35467,0.0
AT1G35470,0.15267004
AT1G35490,-0.00040776585
AT1G35500,-5.0537456e-06
AT1G35510,-0.15037322
AT1G35515,-0.014712563
AT1G35520,0.0005072319
AT1G35530,-0.09102272
AT1G35537,0.0004069985
AT1G35540,0.00046896047
AT1G35560,0.07441324
AT1G35580,0.42955503
AT1G35610,0.0031929126
AT1G35614,0.0
AT1G35617,0.00028412597
AT1G35620,0.017561724
AT1G35625,0.0016756707
AT1G35630,-0.0068997615
AT1G35660,0.09495773
AT1G35670,0.07385886
AT1G35680,-0.60833985
AT1G35710,0.6456227
AT1G35720,0.49809837
AT1G35730,0.03250506
AT1G35750,-0.010016413
AT1G35780,-0.34104282
AT1G35820,0.00043856495
AT1G35830,-0.092177786
AT1G35850,0.0
AT1G35860,3.0602416e-05
AT1G35880,0.009297706
AT1G35890,-5.3294214e-05
AT1G35895,0.0
AT1G35910,1.4647743
AT1G36000,0.0
AT1G36005,1.4611236e-05
AT1G36020,0.0005704137
AT1G36030,0.0
AT1G36045,0.0
AT1G36050,0.095196314
AT1G36060,0.18778048
AT1G36070,0.1589504
AT1G36078,7.4334366e-06
AT1G36085,0.019883968
AT1G36095,0.0
AT1G36100,0.0
AT1G36150,0.0013822352
AT1G36160,-0.40093446
AT1G36180,-0.18610932
AT1G36230,-0.00024013402
AT1G36240,0.0004929048
AT1G36272,-6.0911507e-06
AT1G36280,0.10381537
AT1G36310,0.048067506
AT1G36320,-0.08389406
AT1G36325,0.0
AT1G36340,0.0117337685
AT1G36370,0.43914312
AT1G36380,0.22362798
AT1G36390,-0.01466138
AT1G36510,1.609418e-05
AT1G36580,0.003416035
AT1G36622,1.2895172
AT1G36623,-6.833339e-05
AT1G36627,0.0
AT1G36640,0.76975906
AT1G36675,-0.18598157
AT1G36730,0.04445662
AT1G36745,0.0
AT1G36756,0.014834949
AT1G36920,-0.044429433
AT1G36922,0.027665267
AT1G36925,0.0
AT1G36940,-0.43939868
AT1G36942,0.0
AT1G36950,-0.0015017191
AT1G36960,0.0
AT1G36970,0.0
AT1G36980,0.19695525
AT1G36990,0.12595715
AT1G37000,-0.0001736531
AT1G37010,0.000249435
AT1G37020,-0.00043289733
AT1G37113,-0.0001346288
AT1G37130,0.5778941
AT1G37140,0.055689096
AT1G37150,-0.09890763
AT1G38065,-0.35434297
AT1G38131,-0.35986504
AT1G38790,0.0
AT1G39060,0.0
AT1G39070,0.0
AT1G40083,0.0
AT1G40086,0.0
AT1G40087,0.0011877691
AT1G40090,-0.00065194577
AT1G40104,-6.3258136e-05
AT1G40129,-0.0010518357
AT1G40390,0.03772142
AT1G41820,9.90722e-05
AT1G41830,-0.7412817
AT1G41880,0.072543934
AT1G41920,0.0
AT1G42080,0.0
AT1G42190,0.0
AT1G42430,-0.5864219
AT1G42440,0.22394593
AT1G42470,-0.1380916
AT1G42480,-0.05719954
AT1G42525,0.0
AT1G42540,0.2501263
AT1G42550,-0.48737803
AT1G42560,0.22983876
AT1G42615,0.00015968017
AT1G42680,0.00063512626
AT1G42700,0.0
AT1G42710,0.0
AT1G42960,-0.040741164
AT1G42970,-0.7018106
AT1G42980,-0.01436442
AT1G42990,0.2211192
AT1G43000,-0.11982128
AT1G43005,-0.00039310704
AT1G43010,0.00013941075
AT1G43020,-0.028417112
AT1G43040,8.1599195e-05
AT1G43080,0.0
AT1G43090,0.0
AT1G43100,0.0
AT1G43130,0.32869545
AT1G43140,0.0028352265
AT1G43145,-0.00014969376
AT1G43160,2.7050369
AT1G43170,-0.027023248
AT1G43171,-0.002363718
AT1G43190,-0.052066255
AT1G43245,0.18489817
AT1G43260,-0.010897909
AT1G43310,0.07725538
AT1G43320,0.0
AT1G43330,0.0
AT1G43415,0.0
AT1G43560,-0.18641905
AT1G43580,-0.024649039
AT1G43600,-0.0053896187
AT1G43605,-0.21233879
AT1G43610,-0.0034233092
AT1G43620,0.06659717
AT1G43630,0.00072424393
AT1G43640,0.5017336
AT1G43650,-0.35336927
AT1G43665,0.0
AT1G43666,0.0
AT1G43667,-0.0003813681
AT1G43670,-0.099470764
AT1G43680,0.0024601526
AT1G43690,0.18602884
AT1G43700,0.11003766
AT1G43710,0.21406068
AT1G43720,-0.00015598402
AT1G43722,-0.0006950055
AT1G43730,0.0
AT1G43760,0.0
AT1G43770,0.46181402
AT1G43780,-0.009519035
AT1G43790,0.0491388
AT1G43800,0.037104897
AT1G43810,0.005294006
AT1G43815,0.0014429687
AT1G43825,0.0
AT1G43850,-0.06130249
AT1G43860,0.18481311
AT1G43890,0.5366683
AT1G43900,0.10499251
AT1G43910,1.49217
AT1G43920,0.0
AT1G43950,0.0
AT1G43970,0.008657594
AT1G43980,0.060795076
AT1G44000,-0.6540176
AT1G44010,0.004282429
AT1G44020,0.024253761
AT1G44030,0.0007650365
AT1G44050,-0.0053572706
AT1G44080,0.0015253614
AT1G44085,0.0
AT1G44090,0.12761854
AT1G44100,0.15463072
AT1G44110,-0.10564516
AT1G44120,-0.087708265
AT1G44130,2.2381232
AT1G44160,-0.16148795
AT1G44170,0.5657237
AT1G44180,0.012352227
AT1G44191,0.00013245615
AT1G44222,0.0
AT1G44318,0.00024668404
AT1G44350,0.34111527
AT1G44414,0.055760555
AT1G44446,-0.46717086
AT1G44478,-0.018275987
AT1G44542,0.37354916
AT1G44575,-0.69769967
AT1G44608,0.31746656
AT1G44740,-0.006134066
AT1G44750,0.32263878
AT1G44760,-0.06079621
AT1G44770,0.12467045
AT1G44780,-0.21729748
AT1G44790,0.35993132
AT1G44800,0.722921
AT1G44810,0.17873274
AT1G44820,0.13409087
AT1G44830,-0.18338957
AT1G44835,0.10241948
AT1G44890,0.26960292
AT1G44895,5.8265217e-05
AT1G44900,0.06590891
AT1G44910,-0.03322142
AT1G44920,-0.23290226
AT1G44940,-0.0003004779
AT1G44941,4.1785846e-05
AT1G44960,0.5401077
AT1G44970,-0.0037481366
AT1G44980,-2.7571119e-05
AT1G44990,2.3023022e-05
AT1G45000,0.5313113
AT1G45010,-0.4223991
AT1G45015,0.028533133
AT1G45050,0.24096549
AT1G45063,0.004339712
AT1G45100,-0.00121126
AT1G45110,-0.035334863
AT1G45130,-0.56586134
AT1G45145,1.2620766
AT1G45150,0.50302184
AT1G45160,-0.053152062
AT1G45163,0.04970515
AT1G45165,0.00138812
AT1G45170,0.14027934
AT1G45180,-0.114148326
AT1G45190,-6.098971e-05
AT1G45191,-0.28644708
AT1G45196,0.0
AT1G45207,-0.99126565
AT1G45215,0.0006757385
AT1G45221,4.2610664e-06
AT1G45223,0.0
AT1G45229,-0.13649644
AT1G45230,0.0339963
AT1G45231,0.076361135
AT1G45233,0.14179234
AT1G45243,-4.0969335e-05
AT1G45248,-0.16043253
AT1G45249,-0.06944893
AT1G45332,0.43949708
AT1G45403,9.579466e-07
AT1G45474,-0.2506504
AT1G45545,-0.08813539
AT1G45616,0.2720438
AT1G45688,-0.035327256
AT1G45976,0.4367326
AT1G46264,0.014719794
AT1G46336,-4.9140483e-05
AT1G46408,0.0
AT1G46480,-0.24829578
AT1G46696,-0.0012502939
AT1G46768,-0.00036149696
AT1G46840,1.5219534e-05
AT1G46912,0.0
AT1G46984,0.0009872419
AT1G47056,0.19898778
AT1G47128,0.53412867
AT1G47130,0.36085826
AT1G47200,0.20912434
AT1G47210,-0.19097964
AT1G47220,0.0005015972
AT1G47230,-0.04581748
AT1G47240,0.11582803
AT1G47250,0.48291206
AT1G47260,0.18054463
AT1G47265,0.0080411155
AT1G47270,0.11089785
AT1G47271,-0.003570908
AT1G47278,0.19387208
AT1G47280,0.00094291806
AT1G47290,-0.16267776
AT1G47300,0.0002264905
AT1G47310,0.20855826
AT1G47317,-0.0015088529
AT1G47320,0.0
AT1G47330,0.09980913
AT1G47340,0.038828246
AT1G47350,0.00060153176
AT1G47370,0.07432728
AT1G47380,0.019912286
AT1G47389,0.0
AT1G47390,1.0729903e-05
AT1G47400,-0.12131509
AT1G47410,-0.27829045
AT1G47420,0.40414527
AT1G47450,5.3917406e-06
AT1G47470,0.0
AT1G47480,0.057360075
AT1G47485,-0.0071320427
AT1G47490,0.054918822
AT1G47495,0.0
AT1G47497,0.0026243303
AT1G47500,-0.0030341875
AT1G47510,1.2156531
AT1G47530,0.10790453
AT1G47540,0.0028975788
AT1G47550,0.05009707
AT1G47560,0.5618974
AT1G47570,0.13796242
AT1G47578,-0.042698197
AT1G47580,-0.26753488
AT1G47590,0.0
AT1G47600,-0.010342584
AT1G47603,0.052345112
AT1G47610,-0.005811966
AT1G47620,-8.1427286e-05
AT1G47640,0.4054834
AT1G47655,-0.18495469
AT1G47657,0.0
AT1G47660,0.0012796381
AT1G47670,-0.31395945
AT1G47680,0.0
AT1G47690,0.00085877854
AT1G47695,0.00012859677
AT1G47702,0.0
AT1G47710,0.33746374
AT1G47720,-0.010108738
AT1G47730,0.0
AT1G47740,-0.27575943
AT1G47750,0.5451465
AT1G47760,-0.012659217
AT1G47765,-0.0073765297
AT1G47770,0.00088834006
AT1G47780,0.0002582564
AT1G47786,-0.00060860266
AT1G47790,-0.00047618174
AT1G47800,0.0
AT1G47810,0.0
AT1G47813,0.0006445799
AT1G47820,0.0053208433
AT1G47830,0.33109576
AT1G47840,-0.039120637
AT1G47845,5.012396e-05
AT1G47870,0.40566075
AT1G47885,-0.0007030495
AT1G47890,1.0574706
AT1G47900,-0.34572977
AT1G47915,-0.0076635224
AT1G47920,-0.0108491685
AT1G47940,0.0
AT1G47960,0.245021
AT1G47970,-0.12914227
AT1G47980,0.06516745
AT1G47990,0.013407882
AT1G48000,0.9457269
AT1G48010,0.0
AT1G48020,0.009865103
AT1G48030,-0.20072998
AT1G48040,0.24243878
AT1G48050,0.10859045
AT1G48060,0.026759826
AT1G48070,0.008060562
AT1G48090,-0.07725982
AT1G48095,0.0001252154
AT1G48100,-0.1314946
AT1G48120,-0.03662541
AT1G48130,-0.017509706
AT1G48140,0.4703941
AT1G48145,-0.00012945074
AT1G48150,-0.010516336
AT1G48160,0.31424314
AT1G48170,0.18588458
AT1G48175,0.03368346
AT1G48180,-0.0051833983
AT1G48190,0.0
AT1G48195,0.0019242708
AT1G48200,0.39101472
AT1G48210,0.7373542
AT1G48220,0.010817438
AT1G48230,-0.12071058
AT1G48240,-0.3557521
AT1G48260,0.35663742
AT1G48270,-0.030808134
AT1G48280,-0.2369734
AT1G48285,9.801092e-06
AT1G48300,-0.2725208
AT1G48310,0.08562071
AT1G48320,0.8211704
AT1G48325,0.052132245
AT1G48330,-0.26221946
AT1G48350,-0.5203969
AT1G48355,-0.0019270072
AT1G48360,-0.13757129
AT1G48370,1.0847646
AT1G48380,0.03550833
AT1G48390,-0.1430232
AT1G48400,-0.027258255
AT1G48405,0.0078649875
AT1G48410,-0.013680162
AT1G48420,-0.09711044
AT1G48430,0.050175425
AT1G48440,0.17777927
AT1G48450,0.080050774
AT1G48470,0.015052022
AT1G48480,-0.7967311
AT1G48490,0.42161706
AT1G48500,-0.06484502
AT1G48510,0.104842655
AT1G48520,-0.26958823
AT1G48530,-0.008762897
AT1G48540,-0.35524973
AT1G48550,0.25267258
AT1G48560,0.14377062
AT1G48570,0.31494382
AT1G48590,-0.020164002
AT1G48600,-0.69342476
AT1G48605,0.6370134
AT1G48610,-0.025376752
AT1G48620,0.0719465
AT1G48625,0.0
AT1G48630,0.114840485
AT1G48635,0.14719187
AT1G48640,0.0035863225
AT1G48650,-0.12870215
AT1G48660,-0.009949217
AT1G48670,0.0061306255
AT1G48690,0.0049893297
AT1G48700,0.006277924
AT1G48720,-0.13221374
AT1G48725,0.00014264954
AT1G48730,-0.00046250905
AT1G48740,-0.003160501
AT1G48745,-0.048065044
AT1G48750,-0.07941009
AT1G48760,0.015420428
AT1G48780,-0.32278746
AT1G48790,0.17200448
AT1G48800,0.013231694
AT1G48820,-0.009487526
AT1G48830,0.013441277
AT1G48840,0.10960273
AT1G48850,0.6592252
AT1G48860,0.18262443
AT1G48870,0.0013642296
AT1G48880,-0.18628477
AT1G48900,0.18292037
AT1G48910,0.00018471066
AT1G48912,0.0
AT1G48920,0.22976555
AT1G48930,0.018388238
AT1G48940,0.0010940508
AT1G48950,0.013429041
AT1G48953,0.009871386
AT1G48960,-0.12639382
AT1G48970,0.31895837
AT1G48980,0.020673633
AT1G48990,0.0004651933
AT1G49000,-0.50854486
AT1G49005,0.0044135014
AT1G49010,-0.49958518
AT1G49015,7.495441e-05
AT1G49030,0.29595464
AT1G49032,0.14546663
AT1G49040,0.16314459
AT1G49050,0.529478
AT1G49100,0.00047631725
AT1G49110,9.320002e-05
AT1G49120,-0.020953646
AT1G49130,-0.22760656
AT1G49140,-0.03187066
AT1G49150,0.33205
AT1G49160,0.24764639
AT1G49170,0.034973048
AT1G49180,-0.112538815
AT1G49190,0.0
AT1G49200,-0.5682019
AT1G49205,-0.0020947377
AT1G49210,-0.04157027
AT1G49220,-0.047895685
AT1G49225,-8.446926e-05
AT1G49230,-0.07757646
AT1G49240,0.07595727
AT1G49245,0.1558425
AT1G49250,-0.0025030056
AT1G49260,0.0002407049
AT1G49270,-3.721729e-05
AT1G49290,-0.0003817307
AT1G49300,0.22958787
AT1G49310,0.069685325
AT1G49320,0.15033321
AT1G49330,0.03835473
AT1G49340,-0.043176927
AT1G49350,0.0947862
AT1G49360,0.40086707
AT1G49380,-0.46926183
AT1G49390,-0.032859482
AT1G49400,0.035158332
AT1G49405,0.13635401
AT1G49410,0.19243324
AT1G49420,0.00013539086
AT1G49430,-1.2082094
AT1G49435,0.0
AT1G49450,0.63638794
AT1G49470,0.37103665
AT1G49475,0.120838866
AT1G49480,-0.08686755
AT1G49490,-0.33387306
AT1G49500,0.1046728
AT1G49510,0.020940708
AT1G49520,0.044356555
AT1G49530,0.19914268
AT1G49540,0.49372995
AT1G49560,-0.37228364
AT1G49570,0.017995965
AT1G49580,-0.6574338
AT1G49590,-0.014253984
AT1G49600,0.0037288533
AT1G49610,-0.006850224
AT1G49620,-0.104565665
AT1G49630,-0.36889574
AT1G49640,-0.007424613
AT1G49650,0.021502528
AT1G49660,-0.14967965
AT1G49670,0.37553042
AT1G49680,1.3597995e-05
AT1G49700,0.0459342
AT1G49710,0.41718364
AT1G49715,-0.00021108089
AT1G49720,0.046018153
AT1G49730,-0.61124444
AT1G49740,0.11305609
AT1G49750,0.11537068
AT1G49760,-0.08859513
AT1G49770,0.00041513887
AT1G49780,-0.107837014
AT1G49790,-0.098817565
AT1G49800,0.090287104
AT1G49810,0.0014707409
AT1G49820,0.26356074
AT1G49830,-0.00025078552
AT1G49840,-0.6062075
AT1G49850,0.18443468
AT1G49860,0.017114878
AT1G49870,-0.27263477
AT1G49880,-0.08489256
AT1G49890,-0.26448882
AT1G49900,0.38368663
AT1G49910,0.015351482
AT1G49920,-0.0051379707
AT1G49930,0.0019017216
AT1G49940,-0.07982792
AT1G49950,0.13601296
AT1G49960,0.47433108
AT1G49970,0.14813848
AT1G49975,-0.8365854
AT1G49980,-0.011468284
AT1G49990,-0.2616554
AT1G50000,-0.08368014
AT1G50010,-0.38270786
AT1G50020,0.18752953
AT1G50030,0.041401047
AT1G50040,-0.344028
AT1G50050,0.0028765497
AT1G50060,0.0005589938
AT1G50080,-1.061938e-05
AT1G50090,0.014728653
AT1G50110,-0.08395
AT1G50120,-0.056410633
AT1G50140,0.024039928
AT1G50160,5.485495e-05
AT1G50170,0.09781288
AT1G50180,0.0035218357
AT1G50190,0.016638206
AT1G50200,-0.029317852
AT1G50220,0.0013597892
AT1G50240,-0.08977184
AT1G50250,0.01539287
AT1G50260,0.5429425
AT1G50270,-0.056327995
AT1G50280,-0.32029152
AT1G50290,-0.0017776714
AT1G50300,0.193519
AT1G50310,-0.025995757
AT1G50320,-0.08820508
AT1G50325,0.00046825892
AT1G50340,0.0
AT1G50360,0.15794776
AT1G50370,0.2941539
AT1G50380,0.11100089
AT1G50390,0.008137895
AT1G50400,0.41930163
AT1G50410,0.11351909
AT1G50420,0.60812294
AT1G50430,0.24451785
AT1G50440,0.096829474
AT1G50450,-0.2941721
AT1G50460,-0.053394936
AT1G50470,0.00017239038
AT1G50480,0.2753369
AT1G50490,0.017361546
AT1G50500,0.03825135
AT1G50510,0.08236262
AT1G50520,0.041993108
AT1G50530,0.00047865373
AT1G50560,-0.010131036
AT1G50570,0.519323
AT1G50580,-0.0012971094
AT1G50590,0.032827284
AT1G50600,-0.0016988877
AT1G50610,0.0031551463
AT1G50620,-0.119126014
AT1G50630,0.03086725
AT1G50640,0.26912156
AT1G50650,-0.003415482
AT1G50660,0.022400543
AT1G50670,0.006188814
AT1G50680,-1.0838192e-05
AT1G50690,0.007553647
AT1G50700,-0.17967725
AT1G50710,-0.04937231
AT1G50720,0.0007895314
AT1G50730,-0.047323167
AT1G50732,-0.71478796
AT1G50740,0.15004693
AT1G50745,-0.22665213
AT1G50750,-0.2284244
AT1G50760,-0.0015647173
AT1G50770,0.01938186
AT1G50780,-0.0159709
AT1G50790,-0.15115686
AT1G50820,0.00020315123
AT1G50830,-0.0051079253
AT1G50840,-0.07994716
AT1G50870,0.0
AT1G50880,0.0
AT1G50890,-0.0355922
AT1G50900,-0.58801
AT1G50910,-0.12957238
AT1G50920,0.12728414
AT1G50930,0.015629819
AT1G50940,0.33264318
AT1G50950,0.015620652
AT1G50960,-0.0034272776
AT1G50970,-0.10277571
AT1G50980,0.0
AT1G50990,0.0012755478
AT1G51000,0.0047745183
AT1G51010,0.023937462
AT1G51030,0.097535275
AT1G51035,0.07444434
AT1G51040,0.0011894482
AT1G51055,0.0037695838
AT1G51060,-0.0010612906
AT1G51070,-0.10842466
AT1G51080,-0.4505559
AT1G51090,0.10118155
AT1G51100,-0.121471204
AT1G51110,-0.570133
AT1G51120,0.0012955188
AT1G51130,0.37098566
AT1G51140,0.19393346
AT1G51150,-9.5326635e-05
AT1G51160,0.3133939
AT1G51170,0.17862138
AT1G51172,0.00083849207
AT1G51190,-7.823365e-05
AT1G51200,0.042912982
AT1G51210,-0.00017636776
AT1G51220,-0.00022805801
AT1G51230,0.0
AT1G51240,0.0
AT1G51250,-2.333513e-10
AT1G51260,-0.03354483
AT1G51270,0.08455433
AT1G51290,0.0
AT1G51300,0.033926107
AT1G51310,0.049266532
AT1G51320,8.5964115e-05
AT1G51330,0.036464598
AT1G51340,0.20016155
AT1G51350,0.3954777
AT1G51355,-0.11320687
AT1G51360,0.032211505
AT1G51370,-0.022046141
AT1G51380,-0.010024846
AT1G51390,0.1431821
AT1G51400,-0.7372386
AT1G51402,-0.030219547
AT1G51405,-0.16720174
AT1G51410,-0.0060259337
AT1G51420,0.15583308
AT1G51430,-0.18136351
AT1G51440,0.23048095
AT1G51450,0.08093039
AT1G51460,0.08368056
AT1G51470,-0.0044438383
AT1G51480,-0.0010203463
AT1G51490,1.7414313e-05
AT1G51500,-0.7667232
AT1G51510,0.20043375
AT1G51520,-0.18612012
AT1G51530,-0.001208535
AT1G51538,-0.030782111
AT1G51540,0.08315544
AT1G51550,0.12433449
AT1G51560,-0.08904535
AT1G51570,-0.14289045
AT1G51580,-0.32547557
AT1G51590,0.29146522
AT1G51600,0.3061798
AT1G51610,0.05672011
AT1G51620,0.71785134
AT1G51630,-0.056329507
AT1G51640,0.91572
AT1G51650,0.21450105
AT1G51660,0.3016409
AT1G51670,0.29850906
AT1G51680,0.071290754
AT1G51690,-0.032738835
AT1G51700,-0.17351349
AT1G51710,0.6579164
AT1G51720,0.04932896
AT1G51730,0.04130617
AT1G51740,0.25714523
AT1G51745,-0.22503954
AT1G51760,1.211969
AT1G51770,0.094545536
AT1G51780,1.9922341
AT1G51790,0.32147285
AT1G51800,0.46267584
AT1G51802,0.0
AT1G51805,-0.75446993
AT1G51810,0.052939814
AT1G51820,0.6949564
AT1G51823,0.0
AT1G51830,0.011614555
AT1G51840,0.0013516153
AT1G51850,0.13381219
AT1G51860,0.44030648
AT1G51870,0.0048624794
AT1G51880,-0.0024152298
AT1G51890,1.5794576
AT1G51900,-0.002344438
AT1G51910,0.0026289502
AT1G51913,0.13035014
AT1G51915,0.016450241
AT1G51920,0.46569714
AT1G51930,-0.0009668145
AT1G51940,-0.13115701
AT1G51950,0.18698697
AT1G51960,0.098034486
AT1G51965,-0.10261281
AT1G51970,0.0
AT1G51980,0.49614772
AT1G51990,-0.0006722291
AT1G52000,0.40605783
AT1G52030,0.8237582
AT1G52040,0.43059218
AT1G52050,0.00076679763
AT1G52060,0.0058301226
AT1G52070,0.0027926404
AT1G52080,0.4898832
AT1G52100,0.095584184
AT1G52110,0.33908904
AT1G52120,0.07907549
AT1G52130,0.034426782
AT1G52140,-0.2268576
AT1G52150,0.049979385
AT1G52155,0.057596054
AT1G52160,0.52241856
AT1G52180,0.0
AT1G52190,-1.338479
AT1G52191,0.066269316
AT1G52200,0.91166484
AT1G52220,-0.32484028
AT1G52230,-0.7041496
AT1G52240,-0.06260934
AT1G52245,0.08359756
AT1G52260,0.19220194
AT1G52270,0.01677822
AT1G52280,-0.16702776
AT1G52290,-0.03342463
AT1G52300,0.037691314
AT1G52310,0.032242954
AT1G52315,0.7722783
AT1G52320,0.33844855
AT1G52325,-0.0032670798
AT1G52330,-0.0023153918
AT1G52340,-0.18003246
AT1G52342,0.15896258
AT1G52343,0.030355366
AT1G52360,0.043117404
AT1G52370,0.22649091
AT1G52380,0.1178002
AT1G52390,0.012208147
AT1G52400,0.39665398
AT1G52410,0.46503317
AT1G52415,-5.9978494e-05
AT1G52420,0.12726484
AT1G52430,-0.021238355
AT1G52440,-0.0008192485
AT1G52450,-0.10128859
AT1G52460,0.00011053712
AT1G52470,0.0062847403
AT1G52490,0.00026084593
AT1G52495,-0.00022161631
AT1G52500,0.097939014
AT1G52510,-0.3622373
AT1G52520,-0.059632976
AT1G52530,0.14408708
AT1G52540,0.20986737
AT1G52550,0.10131722
AT1G52560,0.4881635
AT1G52565,0.48258263
AT1G52570,-0.1779805
AT1G52580,0.02749888
AT1G52590,-0.18882243
AT1G52600,0.20249522
AT1G52603,0.0003450863
AT1G52618,-0.03768501
AT1G52620,-0.08630066
AT1G52630,0.027858177
AT1G52640,0.016262744
AT1G52650,0.03050168
AT1G52660,0.01951496
AT1G52670,-0.021770898
AT1G52680,0.008127669
AT1G52690,1.4669796
AT1G52695,0.00021496216
AT1G52700,-0.26321536
AT1G52710,0.1163932
AT1G52720,0.5838174
AT1G52730,0.10928731
AT1G52740,0.1681433
AT1G52750,-0.23990525
AT1G52760,0.72326154
AT1G52770,0.70852363
AT1G52780,0.26907602
AT1G52790,0.023724848
AT1G52800,-0.056301255
AT1G52810,0.008635138
AT1G52820,0.0016961112
AT1G52825,-0.036352362
AT1G52827,-0.36791223
AT1G52830,-0.40537006
AT1G52855,0.19032751
AT1G52857,0.015086688
AT1G52870,-0.13060957
AT1G52880,0.37855205
AT1G52890,1.837304
AT1G52900,0.48474255
AT1G52905,0.095669664
AT1G52910,-0.008890495
AT1G52920,-0.07001721
AT1G52930,0.07020527
AT1G52940,-0.0034547627
AT1G52950,-0.031926572
AT1G52970,0.0002397879
AT1G52980,0.14452447
AT1G52990,-0.06418966
AT1G53000,-0.17210414
AT1G53010,-0.00040050634
AT1G53020,0.0
AT1G53023,0.00085472345
AT1G53025,-0.0008583958
AT1G53030,0.4929167
AT1G53035,0.058102705
AT1G53040,-0.058630303
AT1G53050,0.04861982
AT1G53060,-0.019878512
AT1G53070,-0.15680787
AT1G53080,-0.06328758
AT1G53090,-0.15968235
AT1G53100,1.027325
AT1G53110,-0.02755592
AT1G53120,-0.05002935
AT1G53130,0.0069885417
AT1G53140,-0.0033209973
AT1G53160,-0.39359826
AT1G53163,-0.048426922
AT1G53165,-0.026622904
AT1G53170,-0.005466134
AT1G53180,0.006546054
AT1G53190,0.058176983
AT1G53200,0.1424967
AT1G53210,-0.17477813
AT1G53230,-0.035261385
AT1G53240,-0.024015915
AT1G53250,-0.16504076
AT1G53260,0.052704092
AT1G53265,1.7414313e-05
AT1G53270,0.1041402
AT1G53280,-0.0020986265
AT1G53282,0.0
AT1G53285,0.0027788728
AT1G53290,-0.2517661
AT1G53300,-0.45439705
AT1G53310,0.5281526
AT1G53320,0.43795493
AT1G53325,-0.00020022668
AT1G53330,0.066049024
AT1G53340,-0.05781605
AT1G53345,-0.09091141
AT1G53350,-0.08188018
AT1G53360,0.0049262173
AT1G53366,1.5862326e-05
AT1G53370,0.025968112
AT1G53380,-0.21196076
AT1G53390,-0.11031261
AT1G53400,-0.0010735351
AT1G53420,0.0021542383
AT1G53430,-0.22844301
AT1G53440,-0.24134381
AT1G53450,-0.1217631
AT1G53460,0.019196276
AT1G53470,1.103319
AT1G53480,-0.61780655
AT1G53490,-0.05479937
AT1G53500,-0.091968484
AT1G53510,-0.14248976
AT1G53520,-1.0231187
AT1G53530,-0.01816486
AT1G53540,1.5109935
AT1G53541,0.0064080665
AT1G53542,-0.0046638777
AT1G53550,0.009430446
AT1G53560,0.6828672
AT1G53570,0.23761152
AT1G53580,0.7218987
AT1G53590,-0.024487799
AT1G53600,0.054541796
AT1G53610,0.0013226819
AT1G53620,1.1767294
AT1G53625,1.8987297
AT1G53633,0.03552653
AT1G53635,0.058374647
AT1G53640,-0.0007502335
AT1G53645,0.122742444
AT1G53650,0.14196888
AT1G53655,-0.0035268867
AT1G53660,0.00187535
AT1G53670,-0.05014173
AT1G53680,-0.045603577
AT1G53690,-0.40000296
AT1G53700,-0.24626839
AT1G53705,-3.961841e-06
AT1G53708,0.00136746
AT1G53710,0.2889804
AT1G53720,0.12418412
AT1G53730,-0.22140121
AT1G53750,0.8179541
AT1G53760,0.56951207
AT1G53770,0.19586904
AT1G53780,0.08130241
AT1G53790,0.04971365
AT1G53800,-0.40290284
AT1G53815,0.0
AT1G53820,0.00063137006
AT1G53830,0.572063
AT1G53840,-0.3110679
AT1G53850,0.44850805
AT1G53860,0.018674437
AT1G53870,0.19180357
AT1G53875,-0.22130376
AT1G53880,0.35740867
AT1G53885,0.0
AT1G53887,0.018417425
AT1G53890,-0.04162095
AT1G53900,0.2183421
AT1G53903,0.5333299
AT1G53910,0.25784823
AT1G53920,0.46508008
AT1G53930,0.001243935
AT1G53935,-0.00028338295
AT1G53940,0.0044082007
AT1G53945,4.480891e-05
AT1G53950,0.03448871
AT1G53970,0.04521352
AT1G53980,0.21743922
AT1G53990,0.08762047
AT1G54000,0.264589
AT1G54010,1.0934902
AT1G54020,0.80153406
AT1G54030,0.5941031
AT1G54040,-0.19737706
AT1G54050,0.28928125
AT1G54060,0.04411111
AT1G54070,0.016484525
AT1G54080,0.047293283
AT1G54090,0.24490857
AT1G54095,0.6881519
AT1G54100,1.4061358
AT1G54110,-0.06052851
AT1G54115,0.4862492
AT1G54120,0.5059967
AT1G54130,0.68830246
AT1G54140,0.056717493
AT1G54150,0.38352442
AT1G54160,-0.3047178
AT1G54170,0.3327471
AT1G54180,-0.20933358
AT1G54200,-0.20310609
AT1G54210,0.31370622
AT1G54215,0.09773666
AT1G54217,-0.03860637
AT1G54220,0.10917559
AT1G54230,4.329634e-05
AT1G54240,0.0001450134
AT1G54250,0.3112923
AT1G54260,0.019475743
AT1G54270,0.47460198
AT1G54280,0.018134754
AT1G54290,0.39752975
AT1G54300,-0.0006397515
AT1G54310,-0.25719067
AT1G54320,0.47578642
AT1G54330,0.026979618
AT1G54340,0.3959933
AT1G54350,-0.21922617
AT1G54360,0.08476251
AT1G54370,0.022649804
AT1G54380,-0.0056182058
AT1G54385,-0.15466878
AT1G54390,0.05584417
AT1G54400,0.060459457
AT1G54410,-0.053686596
AT1G54420,-0.0008117699
AT1G54440,0.020348553
AT1G54445,0.0
AT1G54450,-0.2294012
AT1G54460,0.07077612
AT1G54470,-0.051099684
AT1G54490,0.08801476
AT1G54500,-0.32956827
AT1G54510,-0.00060653925
AT1G54520,0.09798267
AT1G54530,0.081911534
AT1G54540,0.119440146
AT1G54550,0.0023856713
AT1G54560,0.19622856
AT1G54570,1.6624298
AT1G54575,1.4003364
AT1G54580,-0.08010924
AT1G54590,0.0020246804
AT1G54610,-0.009920016
AT1G54620,0.00097214326
AT1G54630,0.025407242
AT1G54640,0.0003670224
AT1G54650,0.027598156
AT1G54680,0.11090166
AT1G54690,-0.15507439
AT1G54700,4.8821392e-05
AT1G54710,0.42818677
AT1G54720,3.4578705e-05
AT1G54730,-0.5430889
AT1G54740,-0.9744631
AT1G54760,-6.125949e-05
AT1G54770,-0.04473067
AT1G54773,-0.10639914
AT1G54775,0.0
AT1G54780,-0.54691
AT1G54790,-0.008666723
AT1G54820,-0.6128648
AT1G54830,0.3473848
AT1G54840,0.010610029
AT1G54850,0.100103274
AT1G54860,0.012136892
AT1G54870,0.0018001869
AT1G54890,1.4459579
AT1G54920,-0.08449581
AT1G54930,0.0025921802
AT1G54940,-0.0018454927
AT1G54950,-0.0007670241
AT1G54953,0.004937197
AT1G54957,0.016584238
AT1G54960,0.007034747
AT1G54970,0.017198168
AT1G54980,0.001286013
AT1G54990,0.13076915
AT1G55000,0.06056261
AT1G55010,0.026439928
AT1G55020,1.4938579
AT1G55030,0.0007799146
AT1G55040,-0.006897736
AT1G55050,0.04903996
AT1G55060,0.0017086918
AT1G55070,0.00022015953
AT1G55080,0.50977296
AT1G55090,0.1999549
AT1G55110,0.15240625
AT1G55120,-0.14115167
AT1G55130,-0.23027106
AT1G55140,-0.21298939
AT1G55150,0.1193185
AT1G55152,0.01923963
AT1G55160,-0.23087607
AT1G55170,0.24815556
AT1G55175,-0.020116026
AT1G55180,0.03431307
AT1G55190,0.2158919
AT1G55200,0.0427695
AT1G55205,0.03841514
AT1G55207,-0.0018527583
AT1G55210,0.658489
AT1G55220,0.002244505
AT1G55230,0.10868137
AT1G55240,0.042372353
AT1G55250,-0.0887847
AT1G55260,-0.35288477
AT1G55265,0.69289994
AT1G55270,-0.29772004
AT1G55280,0.21263957
AT1G55290,0.021225397
AT1G55300,0.0013786921
AT1G55310,0.2900186
AT1G55320,-0.30321947
AT1G55325,-0.078411624
AT1G55330,-0.92076004
AT1G55335,-0.05200781
AT1G55340,-0.29608947
AT1G55350,-0.17030498
AT1G55360,-0.6944972
AT1G55365,0.19387266
AT1G55370,-0.5852692
AT1G55380,-0.07784537
AT1G55390,0.008854972
AT1G55420,-0.11004499
AT1G55430,-0.015386063
AT1G55440,-0.045796048
AT1G55450,0.034159515
AT1G55460,-0.080979615
AT1G55475,-0.037731316
AT1G55480,-0.6529547
AT1G55490,-0.5649176
AT1G55500,0.21751738
AT1G55510,0.6826342
AT1G55520,0.1187024
AT1G55530,0.29647502
AT1G55535,0.3202806
AT1G55540,-0.16515093
AT1G55546,0.0001664268
AT1G55550,-0.08388199
AT1G55560,0.004517498
AT1G55570,0.003716798
AT1G55580,-0.0033911567
AT1G55590,0.23194163
AT1G55600,0.0008698416
AT1G55610,0.91797906
AT1G55620,-0.026806137
AT1G55630,-0.03412052
AT1G55640,0.0059645516
AT1G55650,-0.005497695
AT1G55660,-0.0024821009
AT1G55670,-0.5683146
AT1G55673,-0.11471982
AT1G55675,0.014219807
AT1G55680,0.23860203
AT1G55690,0.046659432
AT1G55710,0.00025574525
AT1G55720,0.0021508439
AT1G55730,0.47585064
AT1G55740,0.20682293
AT1G55750,-0.092010476
AT1G55755,0.0023473992
AT1G55760,-0.14394842
AT1G55775,1.085842
AT1G55790,0.00018927688
AT1G55800,-0.0063116825
AT1G55803,0.006810335
AT1G55805,0.054683577
AT1G55810,0.057107985
AT1G55820,0.55262595
AT1G55830,0.16052604
AT1G55840,0.10916778
AT1G55850,0.05890998
AT1G55860,0.061701257
AT1G55865,0.007854467
AT1G55870,0.07323085
AT1G55880,0.078850366
AT1G55890,-0.044200484
AT1G55900,0.19874443
AT1G55910,0.360152
AT1G55915,0.20574021
AT1G55917,0.00013473889
AT1G55920,0.8517313
AT1G55928,-0.00021290747
AT1G55930,-0.12665746
AT1G55940,0.014451129
AT1G55945,5.9032343e-05
AT1G55947,0.0020752144
AT1G55950,0.00259579
AT1G55960,-0.2839321
AT1G55970,-0.34442443
AT1G55980,-0.17529106
AT1G55990,2.8210872e-05
AT1G56000,-0.051501177
AT1G56010,0.2299827
AT1G56020,0.06743782
AT1G56030,-7.8243575e-05
AT1G56040,0.004488955
AT1G56045,0.07768538
AT1G56050,-0.25604236
AT1G56060,1.2461971
AT1G56070,0.18980063
AT1G56080,0.18211271
AT1G56085,-0.00059087307
AT1G56090,0.10834636
AT1G56100,-0.00013826792
AT1G56105,-0.0008377681
AT1G56110,0.36162484
AT1G56120,0.438191
AT1G56130,-0.09367486
AT1G56140,0.21971484
AT1G56145,0.8324243
AT1G56150,0.47958815
AT1G56160,-0.013125464
AT1G56170,0.10906197
AT1G56180,-0.011763296
AT1G56190,0.025882235
AT1G56200,-0.026694173
AT1G56210,-0.32777593
AT1G56220,-0.19069587
AT1G56225,0.0
AT1G56230,-0.35075256
AT1G56233,-0.0006026985
AT1G56240,0.36547172
AT1G56250,-0.19444513
AT1G56260,-0.028154708
AT1G56270,-0.00024982926
AT1G56280,0.14006579
AT1G56290,0.20552629
AT1G56300,0.40448043
AT1G56310,-0.11908589
AT1G56320,0.14403683
AT1G56330,0.15600066
AT1G56340,0.3537682
AT1G56345,-0.065677695
AT1G56350,0.0020603288
AT1G56360,-0.0028108233
AT1G56380,1.1353262e-05
AT1G56385,0.0
AT1G56400,0.0
AT1G56410,0.009367453
AT1G56415,0.0
AT1G56418,-0.00079089793
AT1G56420,-0.11580746
AT1G56423,-0.104346804
AT1G56430,-0.47259736
AT1G56440,0.13761066
AT1G56450,0.6726103
AT1G56460,0.16088153
AT1G56500,-0.42453825
AT1G56510,-0.3840028
AT1G56520,-0.0021253005
AT1G56530,-0.00031871078
AT1G56540,-0.17618053
AT1G56550,0.43730718
AT1G56553,0.0
AT1G56555,-0.024878675
AT1G56560,0.39761004
AT1G56570,-0.2556765
AT1G56580,-0.45440277
AT1G56590,0.16660176
AT1G56600,-0.7295912
AT1G56610,0.09658588
AT1G56620,3.0174207e-05
AT1G56630,0.032499366
AT1G56650,1.0382562
AT1G56660,0.42692572
AT1G56670,-0.6456677
AT1G56680,0.004648528
AT1G56690,-0.0349129
AT1G56700,0.43079
AT1G56710,0.1440877
AT1G56720,-0.8578986
AT1G57540,0.03996369
AT1G57550,0.00012761884
AT1G57557,0.0
AT1G57565,0.000402686
AT1G57570,0.047339004
AT1G57580,-0.00011909969
AT1G57590,0.099284686
AT1G57600,0.19091511
AT1G57610,-0.08234507
AT1G57613,-1.46714e-05
AT1G57620,0.22987826
AT1G57630,1.9199494
AT1G57650,1.0285829
AT1G57660,-0.15535542
AT1G57670,0.022386674
AT1G57680,0.040990803
AT1G57690,0.0027003398
AT1G57700,0.07871074
AT1G57720,0.29655305
AT1G57730,0.048125573
AT1G57750,0.003257935
AT1G57760,0.0
AT1G57760,0.0
AT1G57770,0.14965974
AT1G57775,0.0
AT1G57777,0.0
AT1G57780,0.0022051672
AT1G57790,-0.21931209
AT1G57800,-0.00039927033
AT1G57820,-0.02834127
AT1G57830,0.008758819
AT1G57850,-0.06742818
AT1G57870,-0.08258616
AT1G57906,-9.251188e-05
AT1G57943,0.03598556
AT1G57980,-0.3046024
AT1G57990,0.43224177
AT1G58007,-0.051371045
AT1G58025,-0.013826433
AT1G58030,0.59036726
AT1G58037,0.00046754142
AT1G58050,0.00029403853
AT1G58055,-3.665335e-05
AT1G58060,-0.058289167
AT1G58070,0.29236564
AT1G58080,-0.13382962
AT1G58090,6.308877e-06
AT1G58100,0.12505507
AT1G58110,0.21371564
AT1G58120,0.003162357
AT1G58150,-0.15954098
AT1G58160,-0.030765047
AT1G58170,-0.07063355
AT1G58180,0.15175423
AT1G58190,0.7693949
AT1G58195,0.0
AT1G58200,0.18428363
AT1G58210,-0.26944685
AT1G58215,-0.032631397
AT1G58220,-0.0048098178
AT1G58223,-0.028473211
AT1G58225,-0.13768184
AT1G58230,-0.11450244
AT1G58235,0.5640241
AT1G58242,0.0
AT1G58245,0.0
AT1G58248,1.5021873e-11
AT1G58250,-0.064806074
AT1G58260,2.3607313e-06
AT1G58265,-0.0035966279
AT1G58270,0.27471533
AT1G58280,-0.15538193
AT1G58290,-0.43868327
AT1G58300,0.49916774
AT1G58310,7.2053415e-05
AT1G58320,0.025978042
AT1G58330,-0.0001217974
AT1G58340,1.7378703
AT1G58350,-0.18993635
AT1G58360,0.5705141
AT1G58370,-0.33007562
AT1G58380,0.19212554
AT1G58390,0.22984207
AT1G58400,0.010553407
AT1G58410,-0.04792065
AT1G58420,0.3820856
AT1G58430,-0.006214745
AT1G58440,-0.4439995
AT1G58450,0.00016097787
AT1G58460,-0.018739404
AT1G58470,0.26058456
AT1G58520,-0.3532618
AT1G58525,0.0007163019
AT1G58602,-0.039609913
AT1G58643,0.058752656
AT1G58725,0.0016156187
AT1G58766,-3.8657232e-05
AT1G58807,-0.09355662
AT1G58848,-0.026674474
AT1G58889,0.0
AT1G59030,-0.010295447
AT1G59124,0.0
AT1G59171,0.02658173
AT1G59218,-0.14311129
AT1G59359,0.027063673
AT1G59406,0.0
AT1G59460,0.0
AT1G59470,0.0
AT1G59500,2.4615792e-05
AT1G59510,-0.092358015
AT1G59520,0.1461229
AT1G59530,0.0056585385
AT1G59540,0.072775826
AT1G59550,0.0034318762
AT1G59560,-0.1470992
AT1G59580,0.19144413
AT1G59590,0.54147846
AT1G59600,-0.002844571
AT1G59610,0.24114083
AT1G59620,-0.180415
AT1G59630,7.5580014e-05
AT1G59640,0.66268635
AT1G59650,0.10100317
AT1G59660,0.121072
AT1G59670,0.06573582
AT1G59675,0.00016983083
AT1G59680,0.0
AT1G59690,0.0018936311
AT1G59700,0.3120064
AT1G59710,0.6235551
AT1G59720,-0.36545822
AT1G59722,0.0
AT1G59723,0.0
AT1G59724,0.0
AT1G59725,-0.012435858
AT1G59730,0.24210438
AT1G59740,1.6919732
AT1G59750,-0.23574206
AT1G59760,0.076933175
AT1G59780,-0.067972496
AT1G59790,0.004569921
AT1G59800,0.0013305501
AT1G59810,-0.001686977
AT1G59820,0.28553906
AT1G59830,0.059128363
AT1G59833,0.0
AT1G59835,0.0
AT1G59840,-0.31645328
AT1G59850,0.49921042
AT1G59860,0.2160404
AT1G59865,-0.013853518
AT1G59870,-0.05841023
AT1G59885,3.327664e-05
AT1G59890,0.10548303
AT1G59900,0.17214884
AT1G59910,-0.13879463
AT1G59920,-0.26679665
AT1G59930,-0.098976724
AT1G59940,-0.008855767
AT1G59950,0.18575498
AT1G59960,-0.055968266
AT1G59970,-0.36538538
AT1G59980,-0.08764382
AT1G59990,-0.066555955
AT1G60000,-0.26316056
AT1G60010,-0.16039947
AT1G60030,0.04567545
AT1G60040,-0.004349697
AT1G60050,0.0027869209
AT1G60060,-0.087145396
AT1G60070,-0.06324015
AT1G60080,0.36595407
AT1G60090,-0.0064740432
AT1G60095,0.0009200016
AT1G60110,-0.12147758
AT1G60130,0.17504488
AT1G60140,0.27421135
AT1G60160,-0.102975585
AT1G60170,0.35882628
AT1G60180,0.0
AT1G60190,0.24778482
AT1G60200,-0.083720244
AT1G60220,-0.08112685
AT1G60230,-0.23126261
AT1G60240,-0.0016783718
AT1G60250,0.00048798497
AT1G60260,-0.13813266
AT1G60270,-0.17793514
AT1G60280,0.0032864395
AT1G60300,0.00020909995
AT1G60320,0.0
AT1G60340,0.0015193378
AT1G60350,0.0021348605
AT1G60360,-0.08141067
AT1G60370,2.209249e-06
AT1G60380,-0.009911694
AT1G60390,-0.45557514
AT1G60400,-6.4451265e-06
AT1G60410,0.0034425834
AT1G60420,0.5175404
AT1G60430,0.24388476
AT1G60440,0.15923777
AT1G60450,-0.009657167
AT1G60460,-0.08069524
AT1G60470,-0.07126557
AT1G60490,0.2098884
AT1G60500,0.05752196
AT1G60530,0.10268521
AT1G60550,-0.43792602
AT1G60560,-0.17516637
AT1G60570,-0.00019680169
AT1G60590,-0.22657181
AT1G60600,-0.34550107
AT1G60610,0.6066559
AT1G60620,0.34291822
AT1G60625,0.0
AT1G60630,-0.43780872
AT1G60640,0.004895165
AT1G60650,0.30910626
AT1G60660,-0.12147988
AT1G60670,0.12684938
AT1G60680,0.17744263
AT1G60690,-0.4395248
AT1G60700,-0.26594797
AT1G60710,0.022437148
AT1G60720,-0.0069243396
AT1G60730,1.162928
AT1G60740,0.43940988
AT1G60750,0.037357546
AT1G60760,0.002217017
AT1G60770,-0.14094876
AT1G60780,0.13041224
AT1G60783,0.011016965
AT1G60787,-0.0012226361
AT1G60790,-0.46991327
AT1G60800,-0.38937643
AT1G60810,-0.2188769
AT1G60815,0.0
AT1G60830,0.18807027
AT1G60850,0.29325148
AT1G60860,-0.30557695
AT1G60870,-0.110379964
AT1G60880,0.00076867937
AT1G60890,0.757346
AT1G60900,0.020369593
AT1G60913,-0.00010436517
AT1G60920,-0.002955702
AT1G60930,-0.1402679
AT1G60940,-0.010746099
AT1G60950,-0.65613145
AT1G60960,0.37693197
AT1G60970,0.065337494
AT1G60980,9.5393174e-05
AT1G60983,-0.00043156339
AT1G60985,0.0009569435
AT1G60986,-0.0012966275
AT1G60987,0.0020520766
AT1G60989,-0.03058184
AT1G60990,-0.22780395
AT1G60995,0.19358017
AT1G61000,-0.1646894
AT1G61010,-0.012997956
AT1G61030,0.006451882
AT1G61040,0.23791154
AT1G61050,0.0031019258
AT1G61060,0.005810828
AT1G61065,0.08627737
AT1G61070,0.0003894268
AT1G61080,0.085978225
AT1G61090,0.0031212224
AT1G61093,-0.0025885338
AT1G61095,0.00030109507
AT1G61097,0.0003480008
AT1G61100,-0.24457157
AT1G61105,0.0016080478
AT1G61110,0.17237462
AT1G61120,2.0668383
AT1G61130,-0.0086352
AT1G61140,0.41052967
AT1G61150,0.4575102
AT1G61160,0.03783776
AT1G61165,-0.01872954
AT1G61170,-0.13948783
AT1G61180,0.04457662
AT1G61190,-0.44697523
AT1G61200,0.004031996
AT1G61210,-0.15989329
AT1G61215,0.07293284
AT1G61230,-0.079250075
AT1G61240,-0.45792913
AT1G61250,0.433754
AT1G61255,0.15721564
AT1G61260,-0.13387915
AT1G61270,0.0059421672
AT1G61280,-0.1104787
AT1G61290,-0.06596678
AT1G61300,-0.6052067
AT1G61310,-0.057958085
AT1G61320,0.031644005
AT1G61330,0.00089262554
AT1G61340,0.61324334
AT1G61350,-0.38419557
AT1G61360,0.30957043
AT1G61370,0.3804535
AT1G61380,0.22226477
AT1G61390,0.009132459
AT1G61400,0.021568866
AT1G61410,0.010280595
AT1G61415,0.06941253
AT1G61420,0.76511264
AT1G61430,0.04436456
AT1G61440,0.3325625
AT1G61450,0.016697526
AT1G61460,0.0324802
AT1G61470,-0.18230513
AT1G61475,0.0035657026
AT1G61480,0.075349316
AT1G61490,0.3039349
AT1G61500,-0.4518316
AT1G61520,-0.58952576
AT1G61540,-0.0006981857
AT1G61550,0.1267234
AT1G61560,1.047797
AT1G61562,-0.0064587123
AT1G61563,0.0005186972
AT1G61565,3.0310089e-06
AT1G61566,-0.000102757345
AT1G61570,0.41460267
AT1G61575,-0.0061671697
AT1G61580,-0.0012382164
AT1G61590,0.0044656224
AT1G61600,-0.27913803
AT1G61610,1.2532519
AT1G61620,0.45271415
AT1G61630,0.0011553516
AT1G61640,0.4841845
AT1G61660,-0.081988424
AT1G61667,0.06284081
AT1G61670,0.15660614
AT1G61680,-0.0006530174
AT1G61685,0.0
AT1G61688,6.6227556e-05
AT1G61690,0.18627973
AT1G61700,0.021803414
AT1G61710,-0.05265972
AT1G61720,0.00511259
AT1G61730,0.24536884
AT1G61740,-0.25405064
AT1G61750,0.22145407
AT1G61760,-0.12625241
AT1G61770,0.26047277
AT1G61780,0.13764268
AT1G61790,0.11032367
AT1G61795,-0.53147775
AT1G61800,3.2436194
AT1G61810,1.7955414
AT1G61820,2.3631601
AT1G61840,-0.007065432
AT1G61850,0.07815126
AT1G61860,0.09383159
AT1G61870,0.23437385
AT1G61890,-0.066143095
AT1G61900,-0.2160716
AT1G61920,-0.0045975237
AT1G61930,-0.017021071
AT1G61940,0.00061998755
AT1G61950,0.006686609
AT1G61960,-0.027419155
AT1G61970,-0.16503903
AT1G61980,0.11457766
AT1G61990,0.050511826
AT1G62000,0.0022975868
AT1G62010,0.072559215
AT1G62020,0.03958836
AT1G62030,-0.3128508
AT1G62040,0.13069014
AT1G62045,0.25943622
AT1G62050,-0.033798672
AT1G62060,-5.0250754e-05
AT1G62070,-7.53819e-06
AT1G62080,0.0065314923
AT1G62085,-0.0214193
AT1G62110,-0.012824906
AT1G62120,-0.2876762
AT1G62130,-0.06838582
AT1G62150,0.01862314
AT1G62160,-0.00014230121
AT1G62170,-0.00023200008
AT1G62180,0.087130286
AT1G62190,-0.02463198
AT1G62200,0.23658466
AT1G62210,-5.833244e-06
AT1G62220,0.00032008902
AT1G62225,0.017716473
AT1G62240,0.04898693
AT1G62250,-0.4734806
AT1G62260,-0.1840194
AT1G62262,-0.027077507
AT1G62270,0.00013555674
AT1G62280,0.005082708
AT1G62290,-0.2877637
AT1G62300,1.5823056
AT1G62305,0.7737502
AT1G62310,0.15086634
AT1G62320,0.031493023
AT1G62330,-0.2649386
AT1G62333,0.005715724
AT1G62340,3.8252187e-05
AT1G62350,0.029001044
AT1G62360,0.016556581
AT1G62370,0.8945974
AT1G62380,0.208016
AT1G62390,0.0137819275
AT1G62400,-0.25952873
AT1G62410,-0.0013411419
AT1G62415,0.0
AT1G62420,0.16058525
AT1G62421,0.00026526413
AT1G62430,-0.12064577
AT1G62440,-0.3525934
AT1G62450,0.0067731193
AT1G62480,-0.41133764
AT1G62490,0.0034071864
AT1G62500,0.12658893
AT1G62510,0.56832075
AT1G62515,0.029159954
AT1G62520,-0.55593526
AT1G62530,0.0011526886
AT1G62540,-0.03046345
AT1G62560,-0.7268282
AT1G62570,1.4669963
AT1G62580,0.21013744
AT1G62590,-0.23403299
AT1G62600,0.28453043
AT1G62610,0.04870996
AT1G62620,-0.044643685
AT1G62630,-0.42944443
AT1G62640,-0.19060685
AT1G62660,0.948707
AT1G62670,-0.05338033
AT1G62680,-0.11220487
AT1G62690,0.0053087906
AT1G62700,-0.008504154
AT1G62710,0.2436857
AT1G62720,0.09727935
AT1G62730,0.5559388
AT1G62740,0.2104175
AT1G62750,-0.4041002
AT1G62760,0.48595086
AT1G62770,0.035676684
AT1G62780,-0.48204204
AT1G62790,0.55443215
AT1G62800,-0.4357326
AT1G62810,0.3395948
AT1G62820,0.20392759
AT1G62830,-0.030744888
AT1G62850,0.041785818
AT1G62870,-0.1983133
AT1G62880,0.20495872
AT1G62886,-0.0073294244
AT1G62895,0.0
AT1G62900,-0.0022640848
AT1G62910,-0.30593848
AT1G62914,-0.27696648
AT1G62915,-0.0024914779
AT1G62920,-0.018620497
AT1G62930,-0.1745673
AT1G62935,0.12891302
AT1G62940,0.009519529
AT1G62950,-0.13674362
AT1G62960,-0.10589057
AT1G62970,-0.04075559
AT1G62975,-0.22642536
AT1G62978,0.0
AT1G62980,0.017104857
AT1G62981,0.029929895
AT1G62990,-0.001629426
AT1G63000,-0.05684954
AT1G63010,0.52018064
AT1G63020,0.020939745
AT1G63030,-0.19270062
AT1G63040,0.0
AT1G63050,0.001606553
AT1G63055,0.00023141931
AT1G63057,0.004576215
AT1G63060,-7.9547426e-05
AT1G63070,0.005607735
AT1G63080,-0.40080222
AT1G63090,-0.13724594
AT1G63100,-0.17585915
AT1G63105,-0.00509627
AT1G63110,0.032791235
AT1G63120,-0.15123817
AT1G63130,-0.4136962
AT1G63140,-0.048488207
AT1G63150,-0.35986406
AT1G63160,0.4053846
AT1G63170,-0.054225
AT1G63180,0.7872152
AT1G63190,-0.006221586
AT1G63200,0.0
AT1G63205,0.0
AT1G63206,0.0003662664
AT1G63210,-0.0073397835
AT1G63220,-0.0283922
AT1G63230,-0.11432063
AT1G63240,-0.1802564
AT1G63245,0.8438302
AT1G63250,0.17520225
AT1G63260,-0.46588242
AT1G63270,0.067867436
AT1G63280,0.017665535
AT1G63290,0.16606091
AT1G63295,-0.03708102
AT1G63300,-0.2303561
AT1G63310,-0.21725175
AT1G63320,-0.007076452
AT1G63330,-0.08767722
AT1G63340,-0.00021981528
AT1G63350,0.029152602
AT1G63360,-0.331184
AT1G63370,0.077466466
AT1G63390,0.002681465
AT1G63400,-0.21214092
AT1G63410,0.01030501
AT1G63420,-0.1655497
AT1G63430,-0.009433878
AT1G63440,1.5575914
AT1G63450,0.18016525
AT1G63460,0.35644382
AT1G63470,-0.34241095
AT1G63480,-0.14102596
AT1G63490,0.019887796
AT1G63500,-0.011291225
AT1G63520,-0.08521066
AT1G63522,-0.0013907477
AT1G63530,0.58688444
AT1G63535,0.0
AT1G63540,-0.0011804379
AT1G63550,0.00017558895
AT1G63560,0.0
AT1G63570,-0.014156092
AT1G63580,-0.013009441
AT1G63590,0.054268807
AT1G63600,-0.008547107
AT1G63610,-0.20239203
AT1G63615,0.004510187
AT1G63630,-0.03344502
AT1G63640,-0.073282495
AT1G63650,-0.023015952
AT1G63660,0.23639102
AT1G63670,-0.19115087
AT1G63680,-0.21107133
AT1G63690,-0.20334527
AT1G63700,-0.03548378
AT1G63710,-0.003052504
AT1G63720,1.1574181
AT1G63730,-0.15268537
AT1G63740,-0.08722682
AT1G63750,0.035716712
AT1G63760,0.0
AT1G63770,0.09183332
AT1G63780,0.48257014
AT1G63800,-0.22326156
AT1G63810,0.025212416
AT1G63820,0.05931774
AT1G63830,0.018791812
AT1G63840,1.1457864
AT1G63850,-0.17795876
AT1G63855,0.07767447
AT1G63860,-0.33232695
AT1G63870,-0.007242358
AT1G63880,-0.20595174
AT1G63900,0.0366358
AT1G63910,-0.030351149
AT1G63930,0.119060256
AT1G63940,-0.11845563
AT1G63950,0.077783674
AT1G63960,0.081837684
AT1G63970,-0.00012574544
AT1G63980,-0.05912151
AT1G63990,0.013645414
AT1G64000,0.034246136
AT1G64010,0.07549142
AT1G64020,0.13827065
AT1G64030,-0.03138499
AT1G64040,0.51563156
AT1G64050,-0.04740197
AT1G64060,-0.12275868
AT1G64065,0.3527173
AT1G64070,-0.032596685
AT1G64080,-0.086135864
AT1G64090,0.3374912
AT1G64100,0.0048909686
AT1G64107,0.008390455
AT1G64110,0.16639383
AT1G64130,-0.00027135696
AT1G64140,0.27694687
AT1G64150,-0.45963562
AT1G64160,0.11439746
AT1G64170,1.0604588
AT1G64180,-0.1658006
AT1G64185,0.13805692
AT1G64190,0.2518962
AT1G64195,0.046050806
AT1G64200,0.71345997
AT1G64210,0.4302713
AT1G64220,-0.052086752
AT1G64230,0.016247202
AT1G64235,0.00041753257
AT1G64253,-0.07772859
AT1G64255,0.0012918938
AT1G64260,-0.08133983
AT1G64280,0.25908563
AT1G64290,0.0067935
AT1G64295,0.0004777973
AT1G64300,-0.061089672
AT1G64310,-0.018027516
AT1G64320,-0.152465
AT1G64330,-0.098310314
AT1G64340,0.00029972056
AT1G64350,0.3201088
AT1G64355,-0.51424694
AT1G64360,0.05518053
AT1G64370,-0.47214022
AT1G64380,0.21757288
AT1G64385,0.21298766
AT1G64390,-0.481803
AT1G64400,-0.3192426
AT1G64405,0.14043052
AT1G64430,-0.25121227
AT1G64440,-0.05922837
AT1G64450,-0.025291143
AT1G64455,0.0032318234
AT1G64460,0.091559015
AT1G64480,2.3232478e-05
AT1G64490,0.08949465
AT1G64500,-0.28737074
AT1G64510,-0.57695687
AT1G64520,0.5630781
AT1G64530,-0.27608836
AT1G64540,-0.017779455
AT1G64550,0.0041752746
AT1G64561,-0.11190222
AT1G64570,-0.060029022
AT1G64580,-0.2169357
AT1G64583,0.07012145
AT1G64584,0.0016320132
AT1G64585,4.810122e-05
AT1G64590,0.004831885
AT1G64600,0.09426767
AT1G64610,1.1211993
AT1G64620,0.13328099
AT1G64625,-0.20156379
AT1G64630,0.015790958
AT1G64640,-1.0442312
AT1G64650,-0.058997717
AT1G64660,0.69676256
AT1G64670,-0.82114947
AT1G64680,-0.71938884
AT1G64690,-0.2115822
AT1G64700,-0.0777226
AT1G64710,-0.34154782
AT1G64720,-0.36379912
AT1G64740,0.26246116
AT1G64750,0.25812218
AT1G64760,-0.60088265
AT1G64770,-0.37128794
AT1G64780,-0.71499604
AT1G64790,-0.052667808
AT1G64795,0.08371954
AT1G64800,0.03080164
AT1G64810,0.1892869
AT1G64820,-0.0053090225
AT1G64830,-0.00023440985
AT1G64840,0.1492653
AT1G64850,0.13933527
AT1G64860,-0.37855536
AT1G64870,0.00015581556
AT1G64880,-0.11587242
AT1G64890,0.4922357
AT1G64900,0.03938684
AT1G64910,0.008178953
AT1G64920,-0.00068764406
AT1G64930,0.05094215
AT1G64940,0.18934467
AT1G64950,0.5560675
AT1G64960,-0.17510435
AT1G64970,0.23290358
AT1G64980,-0.4731223
AT1G64990,0.17139778
AT1G65000,0.26250276
AT1G65010,-0.6179648
AT1G65020,0.3756905
AT1G65030,0.46656448
AT1G65032,-0.07697199
AT1G65040,0.32510746
AT1G65050,-0.00052626274
AT1G65060,0.09781346
AT1G65070,-0.4029639
AT1G65080,0.06308355
AT1G65090,-0.018955836
AT1G65110,-0.07742261
AT1G65113,-5.6600275e-05
AT1G65120,-0.032701407
AT1G65130,-0.073694915
AT1G65140,-0.020317744
AT1G65150,0.19135948
AT1G65160,6.183958e-06
AT1G65165,0.0
AT1G65170,7.582468e-05
AT1G65180,-0.0022869275
AT1G65190,-0.29212892
AT1G65200,-0.01851779
AT1G65210,0.0
AT1G65220,0.24460287
AT1G65230,-0.84974545
AT1G65240,0.40213022
AT1G65250,-0.11795622
AT1G65260,-0.079410166
AT1G65270,0.1858835
AT1G65280,0.07165358
AT1G65290,0.18196076
AT1G65295,-0.50816405
AT1G65300,-0.008031337
AT1G65310,-0.07061792
AT1G65320,-0.11694652
AT1G65330,-0.041215383
AT1G65340,-0.0035771746
AT1G65342,0.0
AT1G65346,0.0006353607
AT1G65349,2.5798368e-05
AT1G65350,0.0010316765
AT1G65352,0.0
AT1G65360,0.025955677
AT1G65370,-0.37813565
AT1G65380,-0.054164518
AT1G65390,-0.44742975
AT1G65410,-0.0015118647
AT1G65420,0.026148394
AT1G65425,9.185053e-06
AT1G65430,0.37692067
AT1G65440,0.0050634113
AT1G65450,-0.024767144
AT1G65470,-0.16231899
AT1G65480,0.069449715
AT1G65481,0.64559734
AT1G65483,0.84151626
AT1G65484,-0.21244746
AT1G65486,-0.06338274
AT1G65490,-0.24364655
AT1G65500,0.48444304
AT1G65510,0.24371356
AT1G65520,0.49214628
AT1G65540,0.16784745
AT1G65541,2.950561e-05
AT1G65550,0.012366224
AT1G65560,-0.2539874
AT1G65570,-0.0051354314
AT1G65580,0.27369735
AT1G65590,-0.078947715
AT1G65610,2.0851457
AT1G65620,-0.009968431
AT1G65630,0.0037143468
AT1G65640,1.7223629e-05
AT1G65650,0.3036533
AT1G65660,0.1781937
AT1G65670,0.005981003
AT1G65680,0.01285935
AT1G65681,0.0
AT1G65690,1.4888288
AT1G65700,0.26652804
AT1G65710,-0.15614858
AT1G65720,0.33719683
AT1G65730,1.2173027
AT1G65735,0.0
AT1G65740,0.0
AT1G65750,0.0
AT1G65760,0.011373005
AT1G65770,0.0
AT1G65780,0.00076443877
AT1G65790,-0.15644485
AT1G65800,0.10079225
AT1G65810,0.0029945236
AT1G65820,1.0444474
AT1G65840,0.021437773
AT1G65845,-0.21189561
AT1G65850,-0.034975827
AT1G65860,-0.89066374
AT1G65870,-0.21735333
AT1G65880,-0.0085134655
AT1G65890,-0.03331111
AT1G65900,-0.28872594
AT1G65910,-0.21372654
AT1G65920,-0.27089527
AT1G65930,-0.046945166
AT1G65950,-0.0073101656
AT1G65960,-0.022114184
AT1G65970,1.2436278
AT1G65980,0.51723874
AT1G65985,-0.50941783
AT1G65990,0.00022508421
AT1G66000,0.0060793883
AT1G66020,-0.059357334
AT1G66040,0.45833704
AT1G66045,0.0
AT1G66050,1.1537954
AT1G66060,0.5833739
AT1G66070,0.1715428
AT1G66080,-0.04926754
AT1G66090,1.3786194
AT1G66100,-0.31630495
AT1G66110,0.06679114
AT1G66120,0.029624049
AT1G66130,-0.37410355
AT1G66140,-0.16793706
AT1G66145,0.0
AT1G66150,-0.56941015
AT1G66160,1.0713891
AT1G66170,0.029124465
AT1G66180,-1.2432941
AT1G66190,-0.23834512
AT1G66200,0.015530212
AT1G66210,-0.00035541406
AT1G66220,-4.9140483e-05
AT1G66230,-0.28392228
AT1G66235,-0.00047950415
AT1G66240,0.46506214
AT1G66245,4.83134e-05
AT1G66250,-0.036382314
AT1G66260,0.07687799
AT1G66270,-0.0065210047
AT1G66280,0.77665055
AT1G66290,0.0009209299
AT1G66300,0.011227128
AT1G66310,0.00026814023
AT1G66320,0.01944763
AT1G66330,-0.25698566
AT1G66340,0.16655022
AT1G66345,-0.16945063
AT1G66350,-0.1717351
AT1G66360,0.0065514273
AT1G66370,0.2233767
AT1G66380,0.30202353
AT1G66390,0.99277914
AT1G66400,0.32629362
AT1G66410,0.53820676
AT1G66420,0.002584748
AT1G66430,-0.48461917
AT1G66440,0.0015004491
AT1G66450,-0.05846763
AT1G66460,-0.19029254
AT1G66465,0.045544345
AT1G66470,0.0023408988
AT1G66480,0.29575464
AT1G66490,0.0007293842
AT1G66500,0.2556324
AT1G66510,-0.236521
AT1G66520,0.06785985
AT1G66530,-0.102750584
AT1G66540,-0.052983448
AT1G66550,0.74589586
AT1G66560,0.40489796
AT1G66570,1.6486354
AT1G66580,0.8591507
AT1G66590,0.52498734
AT1G66600,1.6251161
AT1G66610,0.029127026
AT1G66620,0.05572214
AT1G66630,0.0020594515
AT1G66640,3.85449e-05
AT1G66650,-0.06970387
AT1G66660,0.1994999
AT1G66670,0.20082727
AT1G66680,0.3964195
AT1G66690,0.017440768
AT1G66700,1.8497746
AT1G66720,0.012206346
AT1G66730,-0.27220798
AT1G66740,0.15058568
AT1G66750,0.040110063
AT1G66760,0.38917208
AT1G66770,0.0036146822
AT1G66780,0.2518122
AT1G66800,-0.0049507264
AT1G66810,-0.11907516
AT1G66820,-0.08386218
AT1G66830,0.40199798
AT1G66840,-0.29662433
AT1G66850,9.4059826e-05
AT1G66852,1.2622779e-05
AT1G66855,0.0002230801
AT1G66860,0.10201978
AT1G66870,0.103939645
AT1G66880,0.46481255
AT1G66890,-0.08645609
AT1G66900,-0.023319501
AT1G66910,-0.038018107
AT1G66920,0.21005666
AT1G66930,-0.21078692
AT1G66940,-1.0306094
AT1G66950,0.0125943385
AT1G66960,0.24412826
AT1G66970,0.09051726
AT1G66980,-0.15181932
AT1G67000,0.68954676
AT1G67020,0.0063296463
AT1G67025,-0.009561971
AT1G67030,0.015687488
AT1G67035,0.044611696
AT1G67040,-0.46935344
AT1G67050,-0.18711038
AT1G67060,0.24673034
AT1G67070,1.457846
AT1G67080,-0.1860051
AT1G67090,-0.7039058
AT1G67100,0.08708353
AT1G67110,0.06187293
AT1G67120,-0.0882496
AT1G67130,0.0009820237
AT1G67140,0.005536437
AT1G67148,0.123498425
AT1G67150,-0.01248134
AT1G67160,0.017954685
AT1G67170,0.32337725
AT1G67180,-0.12895875
AT1G67190,0.24666192
AT1G67210,0.3150334
AT1G67220,0.011607125
AT1G67230,-0.012091373
AT1G67235,-0.00016203788
AT1G67250,0.45769167
AT1G67260,0.08913592
AT1G67265,0.1236243
AT1G67270,0.0053939205
AT1G67280,-0.1048275
AT1G67290,0.07919712
AT1G67300,0.45203266
AT1G67310,-0.041544735
AT1G67320,-0.017359234
AT1G67325,0.17246278
AT1G67330,0.19436906
AT1G67340,-0.08357365
AT1G67350,0.22590825
AT1G67360,0.28920138
AT1G67370,0.15206988
AT1G67390,0.0016360845
AT1G67400,-0.28261757
AT1G67410,0.060813084
AT1G67420,0.14246799
AT1G67430,0.13720748
AT1G67440,-0.10195265
AT1G67450,-0.00040415596
AT1G67455,0.00019800279
AT1G67460,-0.15402177
AT1G67470,-0.16670586
AT1G67480,-0.03278212
AT1G67490,-0.110343724
AT1G67500,0.03522693
AT1G67510,-0.3032681
AT1G67520,0.7108328
AT1G67530,-0.14545354
AT1G67540,0.13682494
AT1G67550,0.0058926987
AT1G67560,0.21808843
AT1G67570,0.192592
AT1G67580,0.14721431
AT1G67590,-0.81033194
AT1G67600,0.33669925
AT1G67620,0.30845827
AT1G67623,0.0018133427
AT1G67630,0.085825704
AT1G67635,0.35763982
AT1G67640,-0.005181177
AT1G67650,0.8137941
AT1G67660,-0.093174934
AT1G67670,0.0016076205
AT1G67680,0.4346871
AT1G67690,-0.069021694
AT1G67700,-0.6301404
AT1G67710,-0.15886128
AT1G67720,-0.182998
AT1G67730,-0.079653576
AT1G67740,-0.5191976
AT1G67750,-0.9749256
AT1G67760,0.013543811
AT1G67770,-0.0008751975
AT1G67775,1.7190385e-05
AT1G67780,0.005000805
AT1G67785,0.21663043
AT1G67790,-0.08425033
AT1G67800,0.498406
AT1G67810,0.5311369
AT1G67820,0.036523934
AT1G67830,-0.05679084
AT1G67840,-0.21551293
AT1G67850,0.7309727
AT1G67855,0.005006388
AT1G67856,-0.08583613
AT1G67860,-0.094300926
AT1G67865,0.22964682
AT1G67870,-0.1755949
AT1G67880,-0.052369524
AT1G67890,-0.089995205
AT1G67900,-0.40401867
AT1G67910,-0.31621113
AT1G67920,0.37295026
AT1G67930,-0.009072239
AT1G67940,-0.013061688
AT1G67950,-0.18724918
AT1G67960,0.09912714
AT1G67970,0.74477524
AT1G67980,2.4342961
AT1G67990,0.041655157
AT1G68000,0.15130997
AT1G68010,-0.6655744
AT1G68020,-0.06402054
AT1G68030,-0.04350768
AT1G68040,-0.012456938
AT1G68050,0.5241104
AT1G68060,-0.2660622
AT1G68070,0.08087445
AT1G68080,-0.12625967
AT1G68090,0.0043745562
AT1G68100,0.30537197
AT1G68110,-0.17243463
AT1G68120,-0.03188562
AT1G68130,-0.1933572
AT1G68140,0.557939
AT1G68150,-0.03099423
AT1G68160,0.27059168
AT1G68170,0.0045040348
AT1G68180,-0.10303157
AT1G68185,-0.16947001
AT1G68190,-0.9626913
AT1G68200,0.899689
AT1G68210,-0.0041518766
AT1G68220,-0.12213747
AT1G68230,0.058957543
AT1G68238,-0.64920235
AT1G68240,-0.059343476
AT1G68250,-0.26958093
AT1G68260,-0.3855693
AT1G68270,0.000722018
AT1G68280,-0.00056366407
AT1G68290,0.5667286
AT1G68300,0.5513934
AT1G68310,0.51172376
AT1G68320,0.036774166
AT1G68325,0.00038191816
AT1G68330,-0.21135685
AT1G68340,0.26144803
AT1G68350,0.0404192
AT1G68360,0.16977786
AT1G68370,0.39682385
AT1G68380,0.20532657
AT1G68390,0.52590895
AT1G68400,-0.6376872
AT1G68410,0.36558652
AT1G68420,8.345626e-06
AT1G68430,-0.052169006
AT1G68440,0.5229297
AT1G68450,1.2539446
AT1G68460,0.011251342
AT1G68470,0.14164735
AT1G68480,0.051680867
AT1G68490,0.0039178
AT1G68500,0.2783616
AT1G68510,0.010406283
AT1G68520,-0.38055864
AT1G68526,-0.004651098
AT1G68530,-0.5598733
AT1G68540,-0.27029556
AT1G68550,-0.06881869
AT1G68560,-0.32777184
AT1G68570,-0.019257821
AT1G68580,-0.07163391
AT1G68585,-0.15013435
AT1G68590,-0.5010947
AT1G68600,-0.011467153
AT1G68610,0.14231095
AT1G68620,2.4454737
AT1G68630,0.45444834
AT1G68640,-0.049926847
AT1G68650,0.23518632
AT1G68660,-0.08910371
AT1G68670,0.05092449
AT1G68680,0.25671393
AT1G68690,0.91412055
AT1G68700,-0.00069092994
AT1G68710,0.55883056
AT1G68720,-0.026562557
AT1G68723,0.0068097548
AT1G68725,-0.022656681
AT1G68730,-0.04311913
AT1G68735,0.0
AT1G68740,-0.19734347
AT1G68750,0.000820069
AT1G68760,-0.27394587
AT1G68765,0.5452178
AT1G68780,-0.66255677
AT1G68790,-0.24794559
AT1G68795,0.4574033
AT1G68800,-0.0155796
AT1G68810,-0.51257724
AT1G68820,0.5882611
AT1G68825,-0.001853525
AT1G68830,-0.25181958
AT1G68840,-0.61547947
AT1G68845,-0.012193867
AT1G68850,0.519144
AT1G68862,-0.121756814
AT1G68870,-0.36625403
AT1G68875,2.9787993e-06
AT1G68877,0.00026767098
AT1G68880,-0.0065651187
AT1G68890,-0.54821974
AT1G68905,2.0245367e-05
AT1G68907,0.00010065154
AT1G68910,0.04011281
AT1G68920,-0.035189714
AT1G68930,-0.012857992
AT1G68935,-0.22230099
AT1G68937,-0.05526601
AT1G68940,-0.13848916
AT1G68945,0.010155394
AT1G68960,0.001419708
AT1G68980,0.16943906
AT1G68990,0.057652693
AT1G69010,-0.045192376
AT1G69020,-0.15801486
AT1G69030,-0.1430875
AT1G69040,-0.3334417
AT1G69050,0.37779322
AT1G69060,0.1063463
AT1G69070,-0.067863934
AT1G69080,-0.52772456
AT1G69085,0.013069359
AT1G69090,0.0
AT1G69100,0.00059214927
AT1G69120,0.005503635
AT1G69150,0.2011798
AT1G69160,-0.63430905
AT1G69170,0.0070350654
AT1G69180,-0.0019638645
AT1G69190,0.0006942417
AT1G69200,0.043290477
AT1G69210,0.07697773
AT1G69220,0.06981527
AT1G69230,-0.15207809
AT1G69240,0.010129725
AT1G69250,0.5677455
AT1G69260,0.7803712
AT1G69270,0.4795545
AT1G69290,0.008554253
AT1G69295,0.49351892
AT1G69310,0.24399698
AT1G69320,-0.022953412
AT1G69325,-0.039341748
AT1G69330,-0.13488217
AT1G69340,0.120383866
AT1G69350,-0.10147988
AT1G69360,0.41221222
AT1G69370,0.25902972
AT1G69380,-0.2266216
AT1G69390,-0.072468646
AT1G69400,-0.12999497
AT1G69410,0.654198
AT1G69420,-0.6137339
AT1G69430,-0.15350144
AT1G69440,-0.09864684
AT1G69450,0.33289573
AT1G69460,0.056902807
AT1G69470,0.0059359362
AT1G69480,0.89871544
AT1G69485,0.065844424
AT1G69490,0.14472398
AT1G69500,0.0065534087
AT1G69510,0.17272478
AT1G69520,0.3819461
AT1G69523,-0.46997365
AT1G69526,-0.2063889
AT1G69530,-0.98158944
AT1G69540,-0.10043352
AT1G69550,0.0032913978
AT1G69560,0.002355448
AT1G69570,0.17829098
AT1G69580,-0.4263094
AT1G69588,-0.10711743
AT1G69600,0.5971081
AT1G69610,0.4939569
AT1G69620,0.054356262
AT1G69630,0.02179398
AT1G69640,0.25130865
AT1G69650,0.0033031087
AT1G69660,0.008603815
AT1G69670,0.11759539
AT1G69680,0.55163956
AT1G69690,-0.3632046
AT1G69700,-0.64729446
AT1G69710,-0.054490104
AT1G69720,0.47582656
AT1G69730,-0.014629787
AT1G69740,-0.02856721
AT1G69760,0.33609977
AT1G69770,0.049299967
AT1G69780,-0.22533076
AT1G69790,0.83383256
AT1G69800,-0.39694136
AT1G69810,0.65173346
AT1G69818,0.0
AT1G69820,-0.0064406414
AT1G69825,0.0
AT1G69828,0.052905057
AT1G69830,-0.051579546
AT1G69840,0.20008671
AT1G69850,0.014049577
AT1G69860,-0.0030644364
AT1G69870,0.71206886
AT1G69880,1.8132643
AT1G69890,0.30635363
AT1G69900,0.38442108
AT1G69910,-0.2719015
AT1G69920,1.71605
AT1G69930,2.4229195
AT1G69935,-0.14071122
AT1G69940,1.9169742e-05
AT1G69960,0.20285828
AT1G69970,-0.009772851
AT1G69980,0.27279696
AT1G69990,0.0055639106
AT1G70000,0.11300837
AT1G70020,-0.035316847
AT1G70030,0.0010529676
AT1G70040,0.0019036481
AT1G70060,-0.0360843
AT1G70070,-0.07618911
AT1G70080,0.37734076
AT1G70090,-0.7381452
AT1G70100,-0.54396963
AT1G70110,-0.0084603205
AT1G70120,9.1403665e-05
AT1G70130,-0.122495994
AT1G70140,0.27535427
AT1G70150,0.1444549
AT1G70160,0.43204933
AT1G70170,1.0848426
AT1G70175,0.010191352
AT1G70180,0.011720884
AT1G70190,0.05508801
AT1G70200,-0.03328245
AT1G70209,-0.0007441505
AT1G70210,-0.6706641
AT1G70220,0.0074433256
AT1G70230,-0.23617889
AT1G70250,-0.117506534
AT1G70260,-0.40743345
AT1G70270,-0.03047
AT1G70280,-0.5675363
AT1G70290,-0.24386011
AT1G70300,0.66113037
AT1G70310,-0.092574805
AT1G70320,0.0038447548
AT1G70330,0.25855863
AT1G70335,0.0044726036
AT1G70340,-0.030867102
AT1G70350,0.18752947
AT1G70360,0.11237549
AT1G70370,-0.8235649
AT1G70380,-0.003956755
AT1G70390,-0.019381285
AT1G70400,0.008348356
AT1G70410,-1.0185122
AT1G70420,0.22305802
AT1G70430,-0.42832518
AT1G70440,0.65136963
AT1G70450,0.041001257
AT1G70460,0.118533485
AT1G70470,-0.4179624
AT1G70475,0.0024693178
AT1G70480,0.17125335
AT1G70490,0.16652492
AT1G70500,0.37118083
AT1G70505,-0.031246915
AT1G70510,-0.023668556
AT1G70520,0.0069197477
AT1G70530,0.09591865
AT1G70540,-0.00048118905
AT1G70550,-0.32684785
AT1G70560,-0.23622032
AT1G70570,0.0024172803
AT1G70580,-0.13601011
AT1G70590,0.087260395
AT1G70600,-0.083284944
AT1G70610,0.0010731035
AT1G70620,-0.1189586
AT1G70630,0.4911128
AT1G70640,0.7359645
AT1G70650,0.05269554
AT1G70660,0.056011975
AT1G70670,0.045416657
AT1G70680,0.03887514
AT1G70690,1.3079648
AT1G70700,0.41415182
AT1G70710,-0.24858396
AT1G70720,0.0011538819
AT1G70730,-0.116148725
AT1G70740,0.19105832
AT1G70750,-0.08922606
AT1G70760,-0.69629127
AT1G70770,0.36456442
AT1G70780,0.5520812
AT1G70790,-0.26368743
AT1G70800,0.0939642
AT1G70810,0.7669944
AT1G70820,-0.17087479
AT1G70830,-0.19826698
AT1G70840,-0.00063031906
AT1G70850,0.015840765
AT1G70860,-0.004661071
AT1G70870,6.4145735e-07
AT1G70880,-0.03453488
AT1G70890,-0.49650115
AT1G70895,-0.44416568
AT1G70900,0.073023036
AT1G70910,-0.0021981448
AT1G70920,0.18388878
AT1G70940,-0.25427765
AT1G70944,3.7318918e-05
AT1G70949,0.0
AT1G70950,-0.117236465
AT1G70960,-3.961841e-06
AT1G70970,6.008749e-11
AT1G70980,0.34156314
AT1G70985,-0.3199246
AT1G70990,-0.08595133
AT1G71000,0.81688625
AT1G71010,0.034060832
AT1G71015,-0.11802935
AT1G71020,-0.3809608
AT1G71030,-0.05033577
AT1G71040,0.24886416
AT1G71050,-0.3000186
AT1G71060,-0.07861405
AT1G71070,-0.03944791
AT1G71080,0.44409105
AT1G71090,0.19727074
AT1G71100,0.92610097
AT1G71110,0.28156966
AT1G71120,-0.02527849
AT1G71130,0.13055763
AT1G71140,0.39841196
AT1G71150,-0.0034533187
AT1G71160,0.004441386
AT1G71170,0.36108342
AT1G71180,-0.19161785
AT1G71190,0.28268793
AT1G71200,-0.03749309
AT1G71210,0.3168033
AT1G71220,0.14917095
AT1G71230,0.18837877
AT1G71235,-0.00096343074
AT1G71240,0.18824562
AT1G71250,0.016520882
AT1G71260,-0.051918224
AT1G71270,0.04964897
AT1G71280,0.03674589
AT1G71290,0.001079884
AT1G71300,-0.0003120421
AT1G71310,0.16713461
AT1G71320,-0.0037784858
AT1G71330,-0.09430598
AT1G71340,-0.24675362
AT1G71350,0.24924137
AT1G71360,-0.007367834
AT1G71370,0.121888734
AT1G71380,-0.09170842
AT1G71390,0.61814094
AT1G71400,-0.10479718
AT1G71410,0.09668441
AT1G71420,0.06466669
AT1G71430,0.1808457
AT1G71440,0.018612118
AT1G71450,-0.008182292
AT1G71460,-0.22839427
AT1G71470,0.000117332085
AT1G71480,-0.12042071
AT1G71490,-0.04310987
AT1G71500,-0.5487235
AT1G71520,0.64145374
AT1G71530,1.0685277
AT1G71680,0.0
AT1G71690,0.10455852
AT1G71691,0.0018861854
AT1G71692,0.016382154
AT1G71695,-0.21720189
AT1G71696,0.01523858
AT1G71697,0.5884581
AT1G71710,-0.2973127
AT1G71720,-0.46698257
AT1G71730,0.2248946
AT1G71740,-0.009378362
AT1G71750,0.12561424
AT1G71760,-0.024388462
AT1G71770,0.2394877
AT1G71780,0.373927
AT1G71790,-0.28091672
AT1G71800,0.5199955
AT1G71810,-0.20141673
AT1G71820,0.023014734
AT1G71830,0.17284231
AT1G71840,0.44475192
AT1G71850,0.23408054
AT1G71860,0.22020935
AT1G71865,0.14876837
AT1G71866,-0.036761288
AT1G71870,-0.15285425
AT1G71880,0.45442194
AT1G71890,0.565432
AT1G71900,0.1486387
AT1G71910,0.36376414
AT1G71920,0.01810846
AT1G71930,0.01279831
AT1G71940,0.28640956
AT1G71950,0.17605516
AT1G71960,0.023569427
AT1G71970,-0.19680248
AT1G71980,0.0747668
AT1G71990,-0.2448416
AT1G72000,0.14471887
AT1G72010,0.05583011
AT1G72020,0.35159326
AT1G72030,-0.42406747
AT1G72040,0.21726982
AT1G72050,-0.08533516
AT1G72060,-0.057900444
AT1G72070,0.11894312
AT1G72080,0.04172885
AT1G72090,-0.20345852
AT1G72100,0.013791344
AT1G72110,0.00028752457
AT1G72120,1.1064082
AT1G72125,0.25208288
AT1G72130,-0.1347441
AT1G72140,0.1341339
AT1G72141,0.0
AT1G72150,-0.09778879
AT1G72160,-0.044128798
AT1G72165,0.0
AT1G72175,0.25470608
AT1G72180,-0.27445853
AT1G72190,-0.0007330343
AT1G72200,0.07953867
AT1G72210,-0.19156535
AT1G72220,0.07378626
AT1G72230,-0.5406889
AT1G72240,0.044292
AT1G72250,-0.24209335
AT1G72260,0.11129647
AT1G72270,-0.03755455
AT1G72275,-0.35212624
AT1G72280,0.31523556
AT1G72290,5.7283723e-05
AT1G72300,-0.1253408
AT1G72310,-0.23808202
AT1G72320,0.09949456
AT1G72330,1.0958456
AT1G72340,0.17811364
AT1G72350,-1.5804015e-05
AT1G72360,-0.05699633
AT1G72370,0.10528543
AT1G72390,0.119433746
AT1G72410,-0.22727159
AT1G72416,-0.096068025
AT1G72420,-0.081094794
AT1G72430,-0.4482814
AT1G72440,-0.114235
AT1G72450,-0.17755145
AT1G72460,6.190723e-05
AT1G72470,0.073329575
AT1G72480,-0.14243737
AT1G72490,0.12697777
AT1G72500,-0.25032458
AT1G72510,-0.09476173
AT1G72520,0.97910017
AT1G72530,-0.054001477
AT1G72540,0.7422997
AT1G72545,-0.0071382336
AT1G72550,-0.059880365
AT1G72560,-0.072521426
AT1G72570,-0.00591782
AT1G72580,0.00017781972
AT1G72590,0.0005088911
AT1G72600,-0.3052817
AT1G72610,-1.1266285
AT1G72620,-0.013801533
AT1G72630,-0.20764841
AT1G72640,-0.48360282
AT1G72645,-0.6962492
AT1G72650,-0.031106219
AT1G72660,0.18510008
AT1G72670,0.31923792
AT1G72680,1.4191337
AT1G72690,0.48620275
AT1G72700,0.61442256
AT1G72710,0.26729387
AT1G72720,-0.053786457
AT1G72730,0.41384313
AT1G72740,-0.013341128
AT1G72750,0.15662831
AT1G72755,2.3803326e-05
AT1G72760,0.06779781
AT1G72770,0.33528486
AT1G72790,0.14070594
AT1G72800,0.8700238
AT1G72810,-0.10813405
AT1G72820,-0.3259537
AT1G72830,-0.011333665
AT1G72840,-0.079483666
AT1G72850,-0.02279391
AT1G72860,-0.051250458
AT1G72870,-0.062107634
AT1G72880,-0.19194658
AT1G72890,0.43749124
AT1G72900,1.0246419
AT1G72910,0.205469
AT1G72920,0.36403844
AT1G72930,0.4664826
AT1G72940,0.41453463
AT1G72950,0.1298835
AT1G72960,0.04411274
AT1G72970,-0.9756518
AT1G72980,0.012585648
AT1G72990,-0.004169014
AT1G73000,0.06588048
AT1G73010,1.4730884
AT1G73020,-0.3003309
AT1G73030,0.051046357
AT1G73040,0.25066027
AT1G73050,-0.02087838
AT1G73060,-0.3823788
AT1G73065,0.0007438505
AT1G73066,-0.062845856
AT1G73080,0.423986
AT1G73090,-0.39761665
AT1G73100,-0.052977044
AT1G73110,-0.5593705
AT1G73120,0.011045046
AT1G73130,0.3130148
AT1G73140,0.09992248
AT1G73150,0.18504989
AT1G73160,0.0001599371
AT1G73165,0.00703351
AT1G73170,-0.17207605
AT1G73177,-0.021319382
AT1G73180,0.14850736
AT1G73190,-0.0035389073
AT1G73200,0.08519417
AT1G73210,0.18516243
AT1G73220,0.12932336
AT1G73230,-0.009492898
AT1G73240,0.15189318
AT1G73250,0.16572334
AT1G73260,3.837287
AT1G73270,0.035412777
AT1G73280,0.046931263
AT1G73290,0.0053193956
AT1G73300,0.011897771
AT1G73310,-0.17039485
AT1G73325,0.86492103
AT1G73330,-0.19920638
AT1G73340,0.047023028
AT1G73350,0.0388061
AT1G73360,-0.18264933
AT1G73370,-0.24738437
AT1G73380,0.009114877
AT1G73390,0.20192078
AT1G73400,-0.059587624
AT1G73410,0.117596954
AT1G73430,0.033166856
AT1G73440,-0.036071427
AT1G73450,-0.032603983
AT1G73460,-0.0405134
AT1G73470,-0.058808703
AT1G73480,-0.112737715
AT1G73490,0.03931766
AT1G73500,0.33923087
AT1G73510,-0.028492087
AT1G73530,-0.16525854
AT1G73540,-0.22194609
AT1G73550,-0.14038208
AT1G73560,0.00021381245
AT1G73570,-0.46792018
AT1G73580,-0.021781268
AT1G73590,-0.25601348
AT1G73600,-0.5301959
AT1G73603,0.023865461
AT1G73607,0.004937571
AT1G73610,0.26638517
AT1G73620,-1.7420496e-05
AT1G73630,0.104014
AT1G73640,-0.09318445
AT1G73655,-0.38356844
AT1G73660,-0.25595966
AT1G73670,-0.08661605
AT1G73680,-0.13066573
AT1G73690,0.081124984
AT1G73700,-0.33984786
AT1G73710,0.032048725
AT1G73720,0.17255318
AT1G73730,0.14514895
AT1G73740,0.124206886
AT1G73750,0.092142805
AT1G73760,0.18623929
AT1G73770,0.106644295
AT1G73780,0.0035336646
AT1G73790,0.10564081
AT1G73805,0.96889704
AT1G73810,1.7165283
AT1G73820,0.1381815
AT1G73830,-0.4935618
AT1G73840,0.030046664
AT1G73850,-0.09689846
AT1G73860,0.03438559
AT1G73870,-0.86089724
AT1G73875,0.08411203
AT1G73880,0.59682816
AT1G73885,-0.20331119
AT1G73890,-0.014419575
AT1G73910,-0.10585825
AT1G73920,-0.171004
AT1G73930,-0.14615095
AT1G73940,-0.025716908
AT1G73950,-0.005526451
AT1G73960,-0.078238904
AT1G73965,0.26532212
AT1G73970,-0.06569108
AT1G73980,0.13848639
AT1G73990,-0.06680076
AT1G74000,1.0676436
AT1G74010,2.0763414
AT1G74020,1.3903817
AT1G74030,0.32617658
AT1G74035,0.0017279414
AT1G74040,-0.24999668
AT1G74045,0.00072978786
AT1G74050,0.058424503
AT1G74055,-0.007407209
AT1G74060,0.15376812
AT1G74070,-0.7698872
AT1G74080,1.3887231
AT1G74088,-0.061869293
AT1G74090,-0.13802704
AT1G74100,0.34792554
AT1G74110,0.0029723265
AT1G74120,-0.13720877
AT1G74130,-0.0012626181
AT1G74140,0.3153401
AT1G74150,-0.018690595
AT1G74160,-0.199654
AT1G74170,-0.2296295
AT1G74180,-0.20768346
AT1G74190,0.076943494
AT1G74200,0.29139242
AT1G74210,0.62597
AT1G74220,0.0008944064
AT1G74230,0.44347623
AT1G74240,0.1955369
AT1G74250,0.11541968
AT1G74260,0.02177802
AT1G74270,0.1539015
AT1G74280,0.52480745
AT1G74290,0.1695455
AT1G74300,0.04053596
AT1G74310,0.47861615
AT1G74320,0.067126036
AT1G74330,0.16507441
AT1G74340,0.47456402
AT1G74350,0.02084666
AT1G74360,1.5606701
AT1G74370,-0.50564224
AT1G74380,-0.32786447
AT1G74385,-0.059693143
AT1G74390,-0.13236512
AT1G74400,0.20154478
AT1G74410,0.24490301
AT1G74420,-0.21861848
AT1G74430,-0.3100005
AT1G74440,0.030162305
AT1G74450,-0.41966486
AT1G74458,0.015314271
AT1G74460,0.014653327
AT1G74470,-0.7232913
AT1G74480,4.024019e-05
AT1G74490,0.067643136
AT1G74500,-0.0044042016
AT1G74510,-0.037304204
AT1G74520,-0.1874435
AT1G74530,-0.08853416
AT1G74540,0.029098237
AT1G74550,0.13161436
AT1G74560,-0.03721986
AT1G74580,-0.29329276
AT1G74590,1.6305552
AT1G74600,0.10410879
AT1G74620,1.2541203e-05
AT1G74630,-0.16347632
AT1G74640,0.43316403
AT1G74650,-0.39268708
AT1G74660,-0.004896424
AT1G74670,-1.9242517
AT1G74675,0.0014716825
AT1G74680,0.06261868
AT1G74690,-0.37760636
AT1G74700,0.022672087
AT1G74710,0.82966775
AT1G74720,-0.24321283
AT1G74740,0.045337424
AT1G74750,0.66233355
AT1G74770,-0.14672185
AT1G74780,-0.076897435
AT1G74790,0.4266708
AT1G74800,-0.20488317
AT1G74810,-0.19907984
AT1G74820,1.8523055e-05
AT1G74830,-0.041118868
AT1G74840,-0.1798443
AT1G74850,-0.22180173
AT1G74860,0.10020481
AT1G74870,0.14260271
AT1G74875,-0.0154896155
AT1G74880,-0.69088537
AT1G74890,-0.35144407
AT1G74900,0.10781113
AT1G74910,-0.25083232
AT1G74920,0.049832787
AT1G74929,0.010587744
AT1G74930,-0.45989385
AT1G74940,-0.27338296
AT1G74950,0.04789388
AT1G74960,-0.25135675
AT1G74970,-0.4841645
AT1G74990,0.005105098
AT1G75000,0.8486941
AT1G75010,-0.05075225
AT1G75020,0.23084934
AT1G75030,0.114864394
AT1G75040,0.45239317
AT1G75050,0.0057683755
AT1G75060,-0.13300936
AT1G75080,-0.0585187
AT1G75090,-0.1531558
AT1G75100,-0.32387695
AT1G75110,-0.110896185
AT1G75120,-0.18224809
AT1G75125,-0.301771
AT1G75130,0.11744047
AT1G75140,0.03738669
AT1G75150,-0.22071569
AT1G75160,0.002070478
AT1G75170,0.8224867
AT1G75180,-0.35382515
AT1G75190,-0.2086027
AT1G75200,0.46903068
AT1G75210,-0.0860961
AT1G75220,0.7205893
AT1G75230,0.072437264
AT1G75240,-0.48468515
AT1G75250,-0.40251797
AT1G75260,-0.13572128
AT1G75270,0.63009226
AT1G75280,-0.030582678
AT1G75290,0.1833666
AT1G75300,0.16298532
AT1G75310,-0.4585014
AT1G75330,0.2075193
AT1G75335,0.3040319
AT1G75340,0.06769599
AT1G75350,-0.41613105
AT1G75360,-0.022205934
AT1G75370,0.21934164
AT1G75380,-0.050450668
AT1G75390,0.22750388
AT1G75400,0.47348547
AT1G75410,0.07076504
AT1G75420,-0.06971874
AT1G75430,0.003547374
AT1G75440,-0.22898589
AT1G75450,-0.03521783
AT1G75460,-0.10596483
AT1G75470,-0.0032782159
AT1G75490,-0.27333596
AT1G75500,-0.39274123
AT1G75510,0.48545533
AT1G75520,0.008781904
AT1G75530,0.00075229316
AT1G75540,0.1312473
AT1G75560,0.29278803
AT1G75580,0.6094734
AT1G75590,-0.17603658
AT1G75600,0.13353993
AT1G75620,-0.17835622
AT1G75630,0.20312232
AT1G75660,0.16062602
AT1G75670,0.7383347
AT1G75680,-0.64545536
AT1G75690,-0.72039175
AT1G75700,0.08656182
AT1G75710,-0.29166996
AT1G75717,-0.000121886325
AT1G75720,-0.115647554
AT1G75730,0.054093
AT1G75750,0.18271004
AT1G75760,0.07629947
AT1G75780,-0.467475
AT1G75785,0.00173496
AT1G75790,-0.0018101322
AT1G75800,-0.3285176
AT1G75810,0.21057656
AT1G75820,-0.6707067
AT1G75830,0.277955
AT1G75840,-0.1657722
AT1G75850,0.21848294
AT1G75860,0.06500586
AT1G75870,1.4249775e-05
AT1G75880,-0.21812296
AT1G75890,-0.06829262
AT1G75900,-0.1293001
AT1G75910,0.0021921732
AT1G75920,0.11818545
AT1G75930,-0.0020457897
AT1G75940,2.332969e-05
AT1G75945,0.07789387
AT1G75950,0.43490502
AT1G75960,-0.07161363
AT1G75980,-0.0500512
AT1G75990,0.31940475
AT1G76010,0.03597215
AT1G76020,0.008497217
AT1G76030,0.06824597
AT1G76040,0.12535326
AT1G76050,0.0030169843
AT1G76060,0.34849793
AT1G76065,0.16851182
AT1G76070,0.9138728
AT1G76080,0.039865877
AT1G76090,0.144201
AT1G76100,-0.47585976
AT1G76110,-0.45296824
AT1G76120,-0.23793952
AT1G76130,0.39761594
AT1G76140,0.31987354
AT1G76150,0.55372214
AT1G76160,-0.2454224
AT1G76170,-0.13993114
AT1G76180,-0.07824985
AT1G76185,0.19083714
AT1G76190,0.014076625
AT1G76200,0.30672354
AT1G76210,0.0193333
AT1G76220,-0.025122436
AT1G76230,0.018997148
AT1G76240,-0.21277294
AT1G76250,0.12867373
AT1G76260,-0.05479603
AT1G76270,0.04926142
AT1G76280,-0.16173603
AT1G76290,3.875312e-05
AT1G76300,0.09324312
AT1G76310,-0.30011728
AT1G76320,0.08770271
AT1G76340,-0.08320524
AT1G76350,-0.116464205
AT1G76360,0.24083087
AT1G76370,0.0060150363
AT1G76380,0.040541667
AT1G76390,0.74286914
AT1G76400,-0.07232814
AT1G76405,-0.16872384
AT1G76410,0.28012317
AT1G76420,0.014182075
AT1G76430,0.0429385
AT1G76440,-0.08892986
AT1G76450,-0.5259156
AT1G76460,0.07835446
AT1G76465,0.00045989928
AT1G76470,1.194045
AT1G76480,0.29814363
AT1G76490,-0.1600833
AT1G76500,0.0017049029
AT1G76510,0.21775675
AT1G76520,0.42529598
AT1G76530,-0.19787554
AT1G76540,-0.17037798
AT1G76550,0.19168147
AT1G76560,0.41803536
AT1G76570,-0.2238286
AT1G76580,0.21096006
AT1G76590,0.33604008
AT1G76600,0.90967274
AT1G76610,-0.09166467
AT1G76620,0.1534148
AT1G76630,-0.03660732
AT1G76640,0.74993145
AT1G76650,1.2597438
AT1G76660,-0.004546994
AT1G76670,-0.09504216
AT1G76680,0.2184931
AT1G76690,0.16789104
AT1G76700,0.28443536
AT1G76705,0.14009377
AT1G76710,-0.08017401
AT1G76720,-0.61399716
AT1G76728,0.0
AT1G76730,-0.16768424
AT1G76740,-0.21102405
AT1G76750,5.345152e-05
AT1G76760,0.4346207
AT1G76770,0.00964497
AT1G76780,-0.27025732
AT1G76790,0.8071044
AT1G76800,-0.27902076
AT1G76810,-0.014140172
AT1G76820,-0.14308779
AT1G76830,0.0011747987
AT1G76840,0.00014953407
AT1G76850,0.01754772
AT1G76860,0.24358574
AT1G76870,-0.006822465
AT1G76880,-0.10164387
AT1G76890,-0.26539978
AT1G76900,0.083514936
AT1G76910,2.3590164e-05
AT1G76920,0.21470046
AT1G76930,1.2691873
AT1G76940,0.113701284
AT1G76950,0.018889133
AT1G76952,-0.041774273
AT1G76954,0.005084863
AT1G76955,-0.23690802
AT1G76960,0.87071246
AT1G76965,0.055001188
AT1G76970,0.5118116
AT1G76980,0.70681167
AT1G76990,-0.30578923
AT1G76994,-0.01254887
AT1G77000,0.8699211
AT1G77010,-0.013617729
AT1G77020,-0.08518093
AT1G77030,0.09397704
AT1G77060,-0.38760826
AT1G77080,-0.021755718
AT1G77090,-0.3231934
AT1G77093,0.00057911297
AT1G77100,0.0024444056
AT1G77110,-0.20899121
AT1G77120,0.7164114
AT1G77122,-0.08244771
AT1G77130,0.29224777
AT1G77140,0.22172977
AT1G77145,0.48215842
AT1G77150,0.008424654
AT1G77160,0.03313617
AT1G77170,0.024117121
AT1G77180,0.30660516
AT1G77200,0.018369477
AT1G77210,-0.08068047
AT1G77220,0.1450127
AT1G77230,0.13039538
AT1G77240,0.1880712
AT1G77260,0.18555829
AT1G77270,-0.6381495
AT1G77280,0.21151842
AT1G77290,-0.09577075
AT1G77300,0.00827865
AT1G77310,0.257905
AT1G77320,-0.12642212
AT1G77330,-0.25205702
AT1G77340,-0.004048534
AT1G77350,0.18020457
AT1G77360,0.03594156
AT1G77370,0.6623591
AT1G77380,1.4236524
AT1G77390,-0.004860935
AT1G77400,-0.09057199
AT1G77405,0.21233284
AT1G77410,0.06583374
AT1G77420,0.5085485
AT1G77440,0.33971673
AT1G77450,0.51063204
AT1G77460,-0.27463123
AT1G77470,0.071458936
AT1G77480,-0.051690076
AT1G77490,-0.7795904
AT1G77500,0.5980345
AT1G77510,0.67857915
AT1G77520,0.05741584
AT1G77525,0.0013048436
AT1G77530,0.020590054
AT1G77540,0.3604119
AT1G77550,-0.06907103
AT1G77570,0.36167955
AT1G77580,-0.8492386
AT1G77590,-0.100518204
AT1G77600,-0.15550026
AT1G77610,0.21675995
AT1G77620,-0.19478361
AT1G77630,-0.2851378
AT1G77640,-0.20703898
AT1G77650,0.0
AT1G77655,0.003438099
AT1G77660,0.42461312
AT1G77670,0.1278797
AT1G77680,0.13127701
AT1G77682,0.0
AT1G77690,-0.6672899
AT1G77700,-0.09519516
AT1G77710,0.3565572
AT1G77720,-0.19911006
AT1G77730,0.20633546
AT1G77740,-0.05309634
AT1G77750,-0.030478546
AT1G77760,0.500452
AT1G77765,0.00032328526
AT1G77770,0.70093566
AT1G77780,0.0
AT1G77790,0.001982268
AT1G77800,-0.02458987
AT1G77810,0.6647863
AT1G77815,0.00010709399
AT1G77830,-0.00053542375
AT1G77840,0.6320169
AT1G77850,0.004726502
AT1G77855,-0.5706906
AT1G77860,0.0044321213
AT1G77870,-0.1535465
AT1G77880,0.13084573
AT1G77885,0.49263105
AT1G77890,0.6569834
AT1G77910,0.0
AT1G77920,0.79579914
AT1G77930,0.00054896384
AT1G77932,-0.024719156
AT1G77940,0.040470548
AT1G77950,0.000947549
AT1G77960,-0.31536207
AT1G77980,-0.0012262082
AT1G77990,-0.19446352
AT1G78000,0.2775506
AT1G78010,-0.093836255
AT1G78020,-0.616591
AT1G78030,-0.014555548
AT1G78040,-0.35762173
AT1G78050,0.42499086
AT1G78060,-0.6722352
AT1G78070,-0.22614351
AT1G78080,0.24402067
AT1G78090,-0.04925381
AT1G78100,-0.19522394
AT1G78110,-0.2610562
AT1G78120,-0.050581288
AT1G78130,-0.095243536
AT1G78140,-0.050935894
AT1G78150,0.047481276
AT1G78160,-0.0023970343
AT1G78170,-0.5263275
AT1G78172,0.06976352
AT1G78180,-0.23435928
AT1G78190,0.6151804
AT1G78200,0.09547725
AT1G78210,0.4225647
AT1G78220,0.010214258
AT1G78230,-0.38406804
AT1G78240,-0.27990192
AT1G78260,-0.15890507
AT1G78270,-0.3289434
AT1G78280,0.21380064
AT1G78290,-0.29607522
AT1G78300,0.055905122
AT1G78310,0.3133105
AT1G78320,-0.28901976
AT1G78340,0.08568906
AT1G78360,0.0028852513
AT1G78370,-0.78264415
AT1G78380,0.8317726
AT1G78390,-0.035715863
AT1G78400,0.0069854003
AT1G78410,0.93592507
AT1G78420,0.53973675
AT1G78430,-0.3142236
AT1G78440,-0.016479082
AT1G78450,-0.57958865
AT1G78460,-0.6927619
AT1G78470,-0.0015403734
AT1G78476,-0.049955036
AT1G78480,-0.010796748
AT1G78490,0.24740022
AT1G78500,0.0015822188
AT1G78510,-0.054760177
AT1G78520,-0.008641352
AT1G78530,-0.18819293
AT1G78540,-0.136078
AT1G78550,0.18897073
AT1G78560,-0.027053477
AT1G78570,0.7083087
AT1G78580,-0.67105764
AT1G78590,0.14225689
AT1G78600,0.25345486
AT1G78610,0.25869223
AT1G78620,0.31570753
AT1G78630,-0.5878336
AT1G78635,-0.0005384133
AT1G78640,0.0020823774
AT1G78650,-0.00252269
AT1G78660,0.41763315
AT1G78670,0.26413226
AT1G78680,0.20270118
AT1G78690,-0.104913704
AT1G78700,-0.15946136
AT1G78710,0.15931244
AT1G78720,0.09876142
AT1G78730,0.002465747
AT1G78740,-1.9386942e-05
AT1G78750,-0.22362572
AT1G78760,-0.034149818
AT1G78770,-0.06543751
AT1G78780,0.8678465
AT1G78790,-0.039683647
AT1G78800,0.2425249
AT1G78810,0.02581182
AT1G78815,-0.0073103807
AT1G78820,-1.0079983
AT1G78830,0.12194941
AT1G78840,0.015370942
AT1G78850,0.06761719
AT1G78860,-0.27121383
AT1G78870,0.2253005
AT1G78880,-0.09111386
AT1G78890,0.262308
AT1G78895,0.123992436
AT1G78900,0.33530676
AT1G78910,0.02742601
AT1G78915,-0.4760269
AT1G78920,0.18952045
AT1G78922,0.00214574
AT1G78930,0.24437013
AT1G78940,0.25967795
AT1G78950,-0.21866558
AT1G78955,-0.060616937
AT1G78960,-0.023002973
AT1G78970,-0.5322953
AT1G78980,0.003623338
AT1G78990,-0.21427952
AT1G78995,-0.40783176
AT1G79000,-0.051670596
AT1G79010,0.32745922
AT1G79020,0.27536586
AT1G79030,-0.18173558
AT1G79040,-0.4476578
AT1G79050,0.2983773
AT1G79060,-0.29613498
AT1G79070,-0.17933846
AT1G79080,-0.020136056
AT1G79090,0.05442013
AT1G79100,-0.004908218
AT1G79103,-0.0052693966
AT1G79110,-0.36455512
AT1G79120,-0.04447918
AT1G79130,0.004919839
AT1G79150,0.058047
AT1G79160,0.3540689
AT1G79170,-0.006923116
AT1G79180,0.35011202
AT1G79190,0.08286039
AT1G79200,-0.040796027
AT1G79210,0.65717304
AT1G79220,-0.1646778
AT1G79230,0.21967475
AT1G79250,0.00487357
AT1G79260,-0.007825068
AT1G79270,-0.031735048
AT1G79280,-0.057413977
AT1G79310,0.10695052
AT1G79320,-0.0089812
AT1G79330,0.002536205
AT1G79340,0.16533662
AT1G79350,-0.015654983
AT1G79360,0.28948092
AT1G79370,-0.00032165885
AT1G79380,0.11654488
AT1G79390,0.1054575
AT1G79400,0.23977087
AT1G79410,0.11653417
AT1G79420,-0.037999246
AT1G79430,0.27403998
AT1G79440,0.30808014
AT1G79450,1.9555074
AT1G79460,-0.34657282
AT1G79470,0.3863626
AT1G79480,-0.13717407
AT1G79485,-0.0010768743
AT1G79490,0.06300667
AT1G79500,-0.32815143
AT1G79510,0.0011599485
AT1G79520,0.4112502
AT1G79530,0.361712
AT1G79540,-0.028501304
AT1G79550,0.6073649
AT1G79560,-0.21274507
AT1G79570,0.038859602
AT1G79580,0.06844452
AT1G79590,0.32633132
AT1G79600,0.20391501
AT1G79610,0.53024095
AT1G79620,-0.10142021
AT1G79630,-0.11709387
AT1G79640,-0.14869711
AT1G79650,-0.061524402
AT1G79660,-0.073293135
AT1G79670,-0.010016796
AT1G79680,1.9116033
AT1G79690,0.35485008
AT1G79700,-0.47774845
AT1G79710,0.15801015
AT1G79720,-0.3207173
AT1G79730,0.15891977
AT1G79740,-0.00903
AT1G79750,0.10279221
AT1G79760,-0.30510715
AT1G79770,-0.2455121
AT1G79780,-0.017530076
AT1G79790,-0.11778122
AT1G79800,-0.00978488
AT1G79810,0.20860378
AT1G79820,-0.2742468
AT1G79830,-0.022000942
AT1G79840,-0.27962047
AT1G79850,-0.5127401
AT1G79860,-1.6479695e-05
AT1G79870,0.012591879
AT1G79880,-0.08240989
AT1G79890,-0.12922227
AT1G79900,1.1951046
AT1G79910,-0.045002744
AT1G79915,0.014610224
AT1G79920,0.17784204
AT1G79930,0.33892667
AT1G79940,0.2602197
AT1G79950,0.14788873
AT1G79960,-0.0028841197
AT1G79970,0.1869867
AT1G79985,0.20517428
AT1G79990,-0.16614874
AT1G80000,0.16174492
AT1G80010,0.15069476
AT1G80030,-0.38588792
AT1G80040,0.3592495
AT1G80050,-0.16094641
AT1G80060,-0.091682225
AT1G80070,0.06568423
AT1G80080,0.10048962
AT1G80090,-0.006966869
AT1G80100,4.9314363e-05
AT1G80110,0.5200368
AT1G80120,0.53994197
AT1G80130,-0.44104287
AT1G80133,0.002863934
AT1G80140,0.0
AT1G80150,0.15864769
AT1G80160,1.9078095
AT1G80165,0.15142207
AT1G80170,-0.41422653
AT1G80180,-0.080895066
AT1G80190,0.03407723
AT1G80200,-0.056646977
AT1G80210,0.082033046
AT1G80220,0.0
AT1G80230,0.4151876
AT1G80240,0.26565912
AT1G80245,0.07868364
AT1G80260,-0.38724294
AT1G80270,-0.004449872
AT1G80280,-0.37866804
AT1G80290,0.3028282
AT1G80300,0.7176465
AT1G80310,0.27459455
AT1G80315,-0.15921435
AT1G80320,0.41898638
AT1G80330,0.00029433976
AT1G80340,-0.0039574336
AT1G80350,-0.110312514
AT1G80360,0.43901372
AT1G80370,-0.09030003
AT1G80380,-0.3085854
AT1G80390,-0.0023646
AT1G80400,-0.026062343
AT1G80410,0.06478249
AT1G80420,0.09631105
AT1G80440,-0.0029381048
AT1G80450,0.5331216
AT1G80460,0.2673134
AT1G80470,0.011107453
AT1G80480,0.020241708
AT1G80490,0.23307873
AT1G80500,0.14941932
AT1G80510,0.40276098
AT1G80520,-0.14636873
AT1G80525,0.0008821489
AT1G80530,-0.19410743
AT1G80540,0.010963133
AT1G80550,0.065266974
AT1G80555,0.05103528
AT1G80560,-0.08294143
AT1G80570,0.11235775
AT1G80580,0.18446921
AT1G80590,1.0288256
AT1G80600,0.11550303
AT1G80610,-0.11680242
AT1G80620,0.05478184
AT1G80625,0.009366326
AT1G80630,0.0045398707
AT1G80640,-0.8942772
AT1G80650,-0.04504634
AT1G80660,-0.08177266
AT1G80670,0.31594244
AT1G80680,0.013400843
AT1G80690,-0.4452674
AT1G80700,-0.07829079
AT1G80710,0.28563237
AT1G80720,0.10716944
AT1G80730,0.021918986
AT1G80740,-0.019005572
AT1G80745,-0.08910691
AT1G80750,0.1915698
AT1G80760,-0.601438
AT1G80770,-0.08867302
AT1G80780,-0.07151896
AT1G80790,-0.21059631
AT1G80810,-0.083236076
AT1G80820,1.5397446
AT1G80830,0.47426495
AT1G80840,0.6979922
AT1G80850,-0.30185282
AT1G80860,-0.0010864091
AT1G80865,0.0049872436
AT1G80870,-0.27047527
AT1G80880,0.010371683
AT1G80890,0.2149874
AT1G80900,-0.07935174
AT1G80910,0.062579796
AT1G80920,-0.16660476
AT1G80930,0.018559774
AT1G80940,0.11944208
AT1G80950,0.30224591
AT1G80960,-0.0008455956
AT1G80970,-0.1478608
AT1G80980,-0.28675398
AT1G80990,0.0007929899
AT2G01008,0.6500788
AT2G01021,0.011607029
AT2G01023,0.0007419729
AT2G01035,0.0
AT2G01050,0.0
AT2G01060,0.29318327
AT2G01070,-0.28276685
AT2G01080,-0.0076515754
AT2G01090,-0.09060597
AT2G01100,0.48443195
AT2G01110,-0.016082352
AT2G01120,0.025434881
AT2G01130,-0.052183714
AT2G01140,0.30408207
AT2G01150,-0.44151032
AT2G01170,0.07479097
AT2G01175,0.06374273
AT2G01180,0.4022866
AT2G01190,0.34710383
AT2G01200,-0.015789965
AT2G01210,-0.2843048
AT2G01220,-0.017027419
AT2G01240,7.5518005e-06
AT2G01250,0.03862222
AT2G01260,-0.024806717
AT2G01270,0.10124529
AT2G01275,-0.03736611
AT2G01280,0.002709887
AT2G01290,0.10407195
AT2G01300,0.1325957
AT2G01310,-0.051250704
AT2G01320,-0.06838482
AT2G01330,0.21425535
AT2G01340,0.7240157
AT2G01350,0.22304791
AT2G01360,-0.0007278245
AT2G01370,0.014707078
AT2G01379,0.57974917
AT2G01390,-0.13655521
AT2G01400,0.081889875
AT2G01410,0.22653084
AT2G01420,-0.44697225
AT2G01430,0.08101591
AT2G01440,0.056779657
AT2G01450,0.09863736
AT2G01460,0.2726337
AT2G01470,0.36039853
AT2G01480,0.11044178
AT2G01490,0.549942
AT2G01500,0.0004988047
AT2G01505,-0.5275781
AT2G01510,-0.035928335
AT2G01520,0.014880757
AT2G01530,0.041278303
AT2G01540,0.7164646
AT2G01554,0.0005635739
AT2G01560,0.002642364
AT2G01570,-0.48287827
AT2G01580,-0.006423879
AT2G01590,-0.72490335
AT2G01600,0.27351022
AT2G01610,0.3813669
AT2G01620,-0.23302487
AT2G01630,-0.23827831
AT2G01640,0.0043209433
AT2G01650,0.7887184
AT2G01660,-0.16172917
AT2G01667,0.0029151605
AT2G01670,-0.031163884
AT2G01680,0.05823836
AT2G01690,-0.02793282
AT2G01710,0.03252076
AT2G01720,0.33663213
AT2G01730,0.042866502
AT2G01735,0.182194
AT2G01740,-0.14816122
AT2G01750,0.015892053
AT2G01755,-0.42393726
AT2G01760,-0.30101714
AT2G01770,0.00038405403
AT2G01780,0.0014397914
AT2G01790,0.0009842104
AT2G01800,0.0010053298
AT2G01810,0.039277885
AT2G01818,0.11231903
AT2G01820,0.0074084075
AT2G01830,-0.13506131
AT2G01850,-0.0055902367
AT2G01860,-0.16779388
AT2G01870,-0.21599393
AT2G01880,0.008587553
AT2G01890,0.9684196
AT2G01900,0.017512945
AT2G01905,-0.101818256
AT2G01910,-0.5035963
AT2G01913,-0.08465816
AT2G01918,-0.4406455
AT2G01920,0.08712948
AT2G01930,-0.048717756
AT2G01940,-0.1726369
AT2G01950,-0.44980568
AT2G01960,0.0010818233
AT2G01970,0.2378721
AT2G01980,0.07234959
AT2G01990,-0.36173877
AT2G02000,-0.0068501853
AT2G02010,0.45392463
AT2G02020,-0.79232496
AT2G02023,7.469539e-05
AT2G02026,0.0
AT2G02030,0.0017159233
AT2G02040,0.4331642
AT2G02050,0.40519613
AT2G02060,0.75089324
AT2G02061,0.3349039
AT2G02070,0.031369016
AT2G02080,0.023881072
AT2G02090,0.23261708
AT2G02100,0.4274639
AT2G02103,0.00021348336
AT2G02120,0.055547986
AT2G02130,-0.3457241
AT2G02135,0.0
AT2G02140,-1.2925765e-05
AT2G02147,0.007126085
AT2G02148,-0.006417122
AT2G02150,-0.048360337
AT2G02160,0.11087526
AT2G02170,-0.4486586
AT2G02180,0.028060663
AT2G02220,0.407494
AT2G02230,-0.14374813
AT2G02240,0.19777593
AT2G02250,0.010148482
AT2G02270,0.0
AT2G02280,0.0
AT2G02290,0.0
AT2G02300,0.0034365768
AT2G02310,0.38054597
AT2G02320,0.19419074
AT2G02340,0.44674966
AT2G02350,0.38276708
AT2G02360,0.23643567
AT2G02370,0.40976414
AT2G02380,-0.024151046
AT2G02390,0.834605
AT2G02400,0.04730437
AT2G02410,-0.09422324
AT2G02440,-0.00019360476
AT2G02450,-0.2758055
AT2G02455,0.03329882
AT2G02470,-0.045783017
AT2G02480,-0.12495844
AT2G02490,-0.00029463007
AT2G02493,0.0006079762
AT2G02497,0.0007192205
AT2G02498,0.00020617823
AT2G02500,-0.4521442
AT2G02510,0.4716384
AT2G02515,0.00073640706
AT2G02520,-0.011844146
AT2G02525,-0.00095629145
AT2G02540,0.06429413
AT2G02550,-0.00049333036
AT2G02560,0.12882446
AT2G02570,-0.17732202
AT2G02580,0.18381716
AT2G02590,-0.09882365
AT2G02610,-0.00032186217
AT2G02620,-0.001023342
AT2G02630,-0.018271672
AT2G02635,-0.00012384875
AT2G02640,0.0027342923
AT2G02650,5.5536177e-05
AT2G02660,-9.8318436e-05
AT2G02680,-0.00692226
AT2G02690,0.004426107
AT2G02695,7.531488e-05
AT2G02700,0.019468527
AT2G02710,0.48740223
AT2G02720,-0.0058321985
AT2G02730,0.47224757
AT2G02740,0.10998202
AT2G02750,-0.026354572
AT2G02760,0.24928898
AT2G02765,-0.33505183
AT2G02770,-0.0002004877
AT2G02780,-0.6185579
AT2G02790,-0.27109456
AT2G02795,0.00037030387
AT2G02800,-0.06947892
AT2G02810,0.7429934
AT2G02820,-0.13514309
AT2G02835,0.00015045865
AT2G02840,0.00032080692
AT2G02850,0.63264775
AT2G02860,0.28587982
AT2G02870,0.8354932
AT2G02880,0.20762572
AT2G02890,0.0032661892
AT2G02910,-0.119860955
AT2G02930,0.30122152
AT2G02950,-0.057551857
AT2G02955,0.18137471
AT2G02960,0.16965313
AT2G02970,0.20501271
AT2G02980,-0.27893934
AT2G02990,1.5803645
AT2G03000,0.0036979557
AT2G03010,0.039685216
AT2G03020,-0.02953161
AT2G03030,0.0005374544
AT2G03040,0.014460727
AT2G03050,-0.0022017085
AT2G03060,0.025487024
AT2G03070,0.114904165
AT2G03090,-0.2671565
AT2G03110,0.040301237
AT2G03120,0.36272216
AT2G03130,0.08159858
AT2G03140,-0.09594212
AT2G03150,0.019472396
AT2G03160,0.006505408
AT2G03170,0.0022818425
AT2G03180,0.0
AT2G03190,1.7414313e-05
AT2G03200,-0.022784263
AT2G03210,-0.006416512
AT2G03220,0.27375785
AT2G03230,0.13067572
AT2G03240,0.17569293
AT2G03250,0.030495413
AT2G03260,0.048638515
AT2G03270,0.34164825
AT2G03280,-0.15742193
AT2G03290,0.0039097
AT2G03300,0.02629449
AT2G03310,-0.007436552
AT2G03320,0.00036418432
AT2G03330,-0.056841273
AT2G03340,-0.2560379
AT2G03350,-0.32848656
AT2G03360,0.5156232
AT2G03370,-0.012480591
AT2G03380,-0.025837015
AT2G03390,-0.0645927
AT2G03410,0.46253726
AT2G03420,-0.31495965
AT2G03430,0.44121876
AT2G03440,-0.23941536
AT2G03450,0.26704225
AT2G03460,0.025155552
AT2G03470,0.2143055
AT2G03480,-0.2668861
AT2G03500,-0.041958556
AT2G03505,0.69190544
AT2G03510,0.6090164
AT2G03520,-0.0053158086
AT2G03530,-0.17230465
AT2G03550,-0.22271629
AT2G03560,-0.057077143
AT2G03565,-0.0006380439
AT2G03567,-0.00024436254
AT2G03570,0.0
AT2G03580,0.012166589
AT2G03590,-0.15553716
AT2G03600,-0.005124879
AT2G03610,-0.00064292084
AT2G03620,0.22378471
AT2G03630,0.0053015477
AT2G03640,0.09104612
AT2G03667,0.16315597
AT2G03670,0.21576034
AT2G03680,0.24038312
AT2G03690,0.10563381
AT2G03710,-0.19888783
AT2G03720,-0.035341967
AT2G03730,-0.120656475
AT2G03740,0.013692317
AT2G03750,-0.8261001
AT2G03760,1.1160316
AT2G03770,0.017741416
AT2G03780,-0.122094125
AT2G03800,0.27680463
AT2G03810,-0.060457658
AT2G03820,0.12384488
AT2G03821,0.035977706
AT2G03822,0.000799575
AT2G03823,0.0
AT2G03830,0.06392121
AT2G03840,0.00094813725
AT2G03850,0.93352133
AT2G03870,0.116076045
AT2G03880,0.034687605
AT2G03890,-0.0878378
AT2G03913,-1.1485765e-05
AT2G03930,0.0
AT2G03931,0.0
AT2G03932,0.0
AT2G03933,-6.0103275e-06
AT2G03936,0.0
AT2G03937,0.0
AT2G03955,0.00019859683
AT2G03965,-0.076240115
AT2G03980,0.77189785
AT2G04020,0.00016800595
AT2G04025,-0.0064742486
AT2G04030,0.01733021
AT2G04031,0.0
AT2G04032,-0.3751997
AT2G04033,0.0
AT2G04034,0.0
AT2G04037,0.0
AT2G04038,0.025287569
AT2G04039,-0.548617
AT2G04040,0.9444838
AT2G04041,0.0
AT2G04045,0.0
AT2G04046,0.012875589
AT2G04050,0.39598858
AT2G04060,0.0011371286
AT2G04062,0.0
AT2G04063,0.0
AT2G04066,0.009366025
AT2G04070,0.5045397
AT2G04080,0.3407958
AT2G04090,0.011212491
AT2G04100,1.3202261
AT2G04115,0.0061854995
AT2G04137,0.002417204
AT2G04160,0.6053746
AT2G04170,0.07864594
AT2G04190,0.45321319
AT2G04220,-6.957696e-05
AT2G04230,-0.16074353
AT2G04235,-0.0888285
AT2G04240,-0.1308276
AT2G04270,-0.32622653
AT2G04280,-0.17115365
AT2G04300,-9.251364e-06
AT2G04305,-0.0032536746
AT2G04340,0.17734171
AT2G04350,0.45412707
AT2G04360,-0.0051683234
AT2G04378,-0.25272855
AT2G04380,-0.002955211
AT2G04390,0.1795292
AT2G04395,-0.03337885
AT2G04400,1.1824676
AT2G04410,0.07858668
AT2G04420,0.007868543
AT2G04425,0.0
AT2G04430,0.60454535
AT2G04440,0.00019152394
AT2G04450,1.6709542
AT2G04480,-0.0025519861
AT2G04495,0.34355617
AT2G04500,0.018819558
AT2G04515,0.24067272
AT2G04520,0.15583734
AT2G04530,0.26507804
AT2G04540,-0.060142994
AT2G04550,0.30396193
AT2G04560,-0.09147046
AT2G04570,-0.42384762
AT2G04620,0.47251272
AT2G04621,0.013869829
AT2G04622,0.0
AT2G04630,0.22776407
AT2G04650,0.15094228
AT2G04660,-0.12599078
AT2G04675,-0.0011882137
AT2G04680,0.0013635261
AT2G04690,0.064178206
AT2G04700,-0.05462569
AT2G04740,0.41750127
AT2G04750,0.00026546366
AT2G04780,-0.7016786
AT2G04790,-0.71672374
AT2G04795,-0.19907117
AT2G04800,0.011821737
AT2G04810,0.00020599262
AT2G04830,-5.951489e-06
AT2G04840,0.0009307769
AT2G04842,-0.0952356
AT2G04845,-0.024284815
AT2G04850,-0.08004792
AT2G04860,-0.104077384
AT2G04865,-0.0773569
AT2G04870,0.0
AT2G04880,0.1374621
AT2G04890,0.15617937
AT2G04900,0.44164965
AT2G04910,2.3023022e-05
AT2G04920,0.0
AT2G04925,-0.067439266
AT2G04930,7.5518005e-06
AT2G04940,-0.0044355155
AT2G05050,6.2874037e-06
AT2G05060,-0.01564711
AT2G05070,-0.5966331
AT2G05100,-0.4943317
AT2G05105,0.0
AT2G05117,0.0
AT2G05120,0.057796303
AT2G05140,0.0015221522
AT2G05160,-0.4108131
AT2G05170,-0.07357537
AT2G05180,-0.015554859
AT2G05210,-0.30439812
AT2G05220,0.11501393
AT2G05230,-0.087513894
AT2G05260,0.40507612
AT2G05270,0.0015257518
AT2G05294,0.0
AT2G05300,0.0
AT2G05310,-0.5800628
AT2G05320,0.4234427
AT2G05330,-0.0029253748
AT2G05335,8.694658e-05
AT2G05350,-0.0004896835
AT2G05360,-0.00019792019
AT2G05370,-0.0031726472
AT2G05380,0.52389795
AT2G05400,0.00012096519
AT2G05410,-5.6495268e-05
AT2G05420,0.0041018515
AT2G05430,-0.00035476734
AT2G05440,1.4638349
AT2G05510,0.7007646
AT2G05520,0.24553472
AT2G05530,0.0030753957
AT2G05540,0.26116005
AT2G05580,-0.01184205
AT2G05590,0.17125927
AT2G05600,0.0006463075
AT2G05620,-0.3503281
AT2G05630,0.51524764
AT2G05632,-0.17566763
AT2G05635,-0.0058513638
AT2G05642,0.005772586
AT2G05645,0.0
AT2G05655,-0.008164929
AT2G05710,0.68200773
AT2G05720,0.0007779289
AT2G05752,0.0
AT2G05753,0.002607187
AT2G05755,0.017359745
AT2G05760,-0.19365238
AT2G05786,0.0
AT2G05790,-0.8527677
AT2G05810,-0.8304045
AT2G05830,-0.024318155
AT2G05840,0.77765554
AT2G05850,-0.0015153071
AT2G05900,-0.00019035941
AT2G05910,1.1397014
AT2G05915,-0.0048113023
AT2G05920,-0.38873076
AT2G05940,0.47018924
AT2G05970,0.0
AT2G05990,-0.3433164
AT2G06000,0.102531135
AT2G06005,0.14051145
AT2G06010,0.0029450438
AT2G06020,4.74188e-05
AT2G06025,-0.05537577
AT2G06040,0.25983796
AT2G06050,0.21892837
AT2G06090,0.0
AT2G06095,-0.0022581324
AT2G06105,0.0
AT2G06166,0.0
AT2G06200,-1.7826838e-05
AT2G06210,-0.13892843
AT2G06255,1.463663
AT2G06265,6.474628e-06
AT2G06420,0.08097731
AT2G06425,-0.044557124
AT2G06500,9.122337e-06
AT2G06510,0.4326741
AT2G06520,-0.45959803
AT2G06530,0.14929616
AT2G06541,9.7138654e-05
AT2G06555,-0.0059068846
AT2G06565,0.00047527943
AT2G06570,-0.003893488
AT2G06645,0.0
AT2G06667,0.00355793
AT2G06675,0.0
AT2G06845,0.005231501
AT2G06850,-1.6264416
AT2G06904,0.00050537236
AT2G06906,0.0
AT2G06908,0.0
AT2G06925,0.021971384
AT2G06960,0.0018159631
AT2G06983,-0.0013433816
AT2G06990,0.12465705
AT2G07000,-0.0055505685
AT2G07020,1.4366747e-05
AT2G07040,-7.55226e-06
AT2G07050,-0.1647639
AT2G07110,0.0
AT2G07120,0.0
AT2G07140,0.017067427
AT2G07170,-0.06736088
AT2G07180,0.22435881
AT2G07190,0.0
AT2G07200,0.0
AT2G07215,0.0069663
AT2G07240,-0.0076498
AT2G07280,-0.0011443555
AT2G07290,0.0
AT2G07310,0.0
AT2G07340,-0.13600737
AT2G07360,0.070259996
AT2G07440,-9.13744e-06
AT2G07505,0.0
AT2G07560,0.0
AT2G07565,0.00014548856
AT2G07599,-0.028760837
AT2G07613,-0.0015872709
AT2G07621,0.019539239
AT2G07623,0.002742493
AT2G07625,0.012997054
AT2G07626,0.0
AT2G07627,-0.00034936288
AT2G07628,-0.0026042087
AT2G07629,0.10360613
AT2G07631,6.692432e-05
AT2G07632,0.006862295
AT2G07633,0.034603648
AT2G07634,-2.861993e-11
AT2G07636,-0.0035343377
AT2G07637,0.025260782
AT2G07638,-0.003197092
AT2G07640,0.00040824697
AT2G07641,-0.0061199274
AT2G07642,0.0
AT2G07643,-0.012477831
AT2G07644,-0.0020689527
AT2G07646,0.015714567
AT2G07648,0.0057276147
AT2G07652,0.014094498
AT2G07654,-0.009664842
AT2G07655,0.02042902
AT2G07656,0.0035321012
AT2G07658,0.023002876
AT2G07659,0.005422406
AT2G07661,0.016167032
AT2G07662,-0.012216217
AT2G07665,0.02199889
AT2G07667,-0.061008766
AT2G07669,0.117147654
AT2G07674,0.021591216
AT2G07676,0.034696773
AT2G07678,0.07287466
AT2G07680,-0.5903589
AT2G07681,0.029056884
AT2G07684,-0.001183365
AT2G07689,0.10118695
AT2G07690,0.02297825
AT2G07698,0.41353884
AT2G07705,0.0078056375
AT2G07706,0.017663362
AT2G07714,0.0037927937
AT2G07715,0.10612959
AT2G07721,0.04287144
AT2G07728,0.011287959
AT2G07732,0.09336823
AT2G07738,0.016466333
AT2G07749,0.037564356
AT2G07750,-0.021271344
AT2G07751,-0.012107206
AT2G07760,0.0
AT2G07768,-0.006622062
AT2G07772,0.022486005
AT2G07773,0.035059024
AT2G07774,-0.069187805
AT2G07775,0.04693172
AT2G07777,0.070409276
AT2G07779,0.15066138
AT2G07787,0.051152647
AT2G07795,0.044787493
AT2G07798,0.1408694
AT2G07800,7.7628814e-05
AT2G07806,0.05415632
AT2G07810,0.0
AT2G07815,0.052206997
AT2G07820,0.018251628
AT2G07825,0.053578075
AT2G07827,0.0047088466
AT2G07830,0.005264961
AT2G07835,0.082769714
AT2G07981,1.3547034e-05
AT2G08986,-0.00011372111
AT2G09388,0.0
AT2G09838,0.0
AT2G09840,0.0024603866
AT2G09970,0.0032397995
AT2G09990,0.042212095
AT2G10020,0.0
AT2G10025,0.0003549755
AT2G10260,-3.6316356e-05
AT2G10440,0.46463323
AT2G10450,-0.002573099
AT2G10455,0.0
AT2G10535,0.00069255836
AT2G10545,-0.009513214
AT2G10550,0.0
AT2G10553,-0.0040154164
AT2G10556,0.0
AT2G10557,0.0
AT2G10560,-6.9394024e-05
AT2G10602,0.0
AT2G10608,0.005338775
AT2G10615,6.6058565e-05
AT2G10625,0.00088179077
AT2G10920,-0.0010427813
AT2G10930,0.009562001
AT2G10940,-2.2505388
AT2G10950,0.4490628
AT2G10955,0.0
AT2G10965,-8.152479e-05
AT2G10970,-0.005353595
AT2G10975,-0.0377748
AT2G11000,-0.0021278458
AT2G11005,0.0004896957
AT2G11010,0.0
AT2G11015,0.0
AT2G11025,0.0033351157
AT2G11035,-0.012391855
AT2G11045,0.0
AT2G11200,0.0
AT2G11205,-9.519069e-06
AT2G11215,-0.03391169
AT2G11225,-0.24684487
AT2G11270,0.058439672
AT2G11271,0.0002595848
AT2G11405,0.0014935761
AT2G11462,0.0
AT2G11520,0.35456917
AT2G11522,-0.013099288
AT2G11570,0.0058623566
AT2G11620,-0.0077408664
AT2G11623,0.0031223581
AT2G11626,0.0011690301
AT2G11773,0.0001495242
AT2G11778,0.014092924
AT2G11810,-0.297776
AT2G11815,0.00041878907
AT2G11851,-0.0046728007
AT2G11890,0.19117638
AT2G11891,-0.00079331046
AT2G11910,-0.23220195
AT2G12170,-0.3062982
AT2G12190,-0.049342554
AT2G12200,-8.310168e-05
AT2G12205,0.00034988
AT2G12280,0.0018991969
AT2G12290,0.0037180316
AT2G12400,-0.7289412
AT2G12405,0.004480441
AT2G12461,-0.0014292395
AT2G12462,-0.24076375
AT2G12465,-0.0029896144
AT2G12475,0.0
AT2G12480,-0.0021014889
AT2G12550,0.55195403
AT2G12646,0.00094524724
AT2G12875,-0.0015894154
AT2G12880,0.0
AT2G12900,2.2974424e-05
AT2G12905,0.03534948
AT2G12935,0.007197616
AT2G12940,-0.0028289263
AT2G12945,0.0
AT2G13100,0.110900044
AT2G13105,0.0012325034
AT2G13125,0.0013178153
AT2G13126,-5.2400424e-05
AT2G13150,0.0
AT2G13275,0.038042244
AT2G13290,0.25693747
AT2G13295,0.0
AT2G13350,-9.1122885e-05
AT2G13360,-0.22122525
AT2G13370,-0.026166148
AT2G13420,0.0
AT2G13422,8.544146e-05
AT2G13430,0.0020175716
AT2G13440,-0.28751507
AT2G13450,-0.014591855
AT2G13463,-0.0151600605
AT2G13500,0.0
AT2G13510,0.0
AT2G13540,-0.034856383
AT2G13542,0.0
AT2G13547,-0.04380539
AT2G13550,-0.0028516802
AT2G13555,0.0
AT2G13560,0.044945534
AT2G13570,-0.049800817
AT2G13600,-0.015826765
AT2G13610,-0.21371609
AT2G13620,0.0005956927
AT2G13630,0.0
AT2G13640,0.059069626
AT2G13650,0.4336138
AT2G13660,-0.13322322
AT2G13680,-0.0002855637
AT2G13690,-0.1441108
AT2G13720,6.6227556e-05
AT2G13760,-0.006838156
AT2G13770,-0.005348321
AT2G13790,0.25591505
AT2G13800,0.02212168
AT2G13810,1.1223572
AT2G13820,-0.29448667
AT2G13840,-0.017904302
AT2G13845,0.0
AT2G13895,0.00042488298
AT2G13900,-0.010098017
AT2G13905,0.0
AT2G13950,0.0
AT2G13960,0.3044361
AT2G13965,0.0055806166
AT2G13980,0.0
AT2G13985,1.6851593e-05
AT2G14000,0.0
AT2G14045,-0.17820913
AT2G14050,-0.2577676
AT2G14060,0.012207961
AT2G14070,0.122079186
AT2G14095,0.18077226
AT2G14100,0.018773362
AT2G14110,0.26109114
AT2G14120,0.2224947
AT2G14160,0.011856936
AT2G14170,0.36121383
AT2G14210,0.12688567
AT2G14247,-0.31807217
AT2G14255,-0.018173955
AT2G14260,0.12550902
AT2G14265,0.0001847732
AT2G14270,0.0
AT2G14282,0.0
AT2G14285,-0.023988418
AT2G14288,0.0024765744
AT2G14289,0.0
AT2G14290,0.1541992
AT2G14365,0.001045551
AT2G14378,2.996823e-05
AT2G14390,0.0
AT2G14395,0.0
AT2G14440,0.0014237394
AT2G14460,-0.029423289
AT2G14500,1.7414313e-05
AT2G14510,-0.005441766
AT2G14520,-0.08060879
AT2G14530,-0.11601705
AT2G14540,0.0
AT2G14560,1.1364536
AT2G14580,-0.004381218
AT2G14610,1.7049137
AT2G14620,1.3176906
AT2G14635,0.010817808
AT2G14660,-0.20248812
AT2G14670,-0.00031441395
AT2G14680,-0.049443223
AT2G14690,0.005108506
AT2G14692,0.0049456526
AT2G14695,-4.6499103e-05
AT2G14700,0.0
AT2G14710,0.0
AT2G14720,0.27804044
AT2G14740,0.04906958
AT2G14750,0.15927817
AT2G14755,-0.009909098
AT2G14760,-0.00011085143
AT2G14765,1.4683133e-05
AT2G14775,-0.027354099
AT2G14800,-0.030199995
AT2G14810,0.0
AT2G14820,-0.0014428797
AT2G14825,0.32262406
AT2G14830,-0.0065093627
AT2G14835,0.21363048
AT2G14846,-0.0002334759
AT2G14850,0.47658703
AT2G14860,-0.16838774
AT2G14870,2.2785405e-05
AT2G14880,-0.18495755
AT2G14890,-0.65874285
AT2G14900,-0.48384833
AT2G14910,0.022883583
AT2G14920,0.007222374
AT2G14935,0.0
AT2G14945,-0.00019664399
AT2G14960,-0.031184891
AT2G15000,0.20172504
AT2G15010,-0.010839948
AT2G15020,-0.88775855
AT2G15025,0.00036334794
AT2G15029,-0.00021017533
AT2G15040,0.0
AT2G15050,-0.56677276
AT2G15080,-0.08223736
AT2G15090,-0.721454
AT2G15110,0.0052158004
AT2G15130,-0.07357064
AT2G15170,-0.002096839
AT2G15180,0.0
AT2G15185,0.0
AT2G15220,0.98210776
AT2G15230,0.21716061
AT2G15240,0.2722666
AT2G15260,-7.91604e-05
AT2G15270,0.22956277
AT2G15280,-0.20583093
AT2G15290,-0.0751712
AT2G15300,0.027999531
AT2G15310,0.5119087
AT2G15318,-0.055165444
AT2G15320,0.25518733
AT2G15325,0.0
AT2G15327,-0.0005479751
AT2G15340,0.119875476
AT2G15345,0.0011935135
AT2G15350,-0.0027874245
AT2G15360,0.00013006646
AT2G15370,0.00805881
AT2G15390,0.3964878
AT2G15400,-0.05304863
AT2G15420,0.0020271826
AT2G15430,0.3869437
AT2G15440,-0.25101137
AT2G15450,0.0
AT2G15460,0.0
AT2G15470,0.0
AT2G15480,0.4369844
AT2G15490,1.967035
AT2G15500,6.344493e-05
AT2G15530,-0.00014404464
AT2G15535,0.0
AT2G15560,0.07945299
AT2G15570,0.25602406
AT2G15580,0.09393394
AT2G15590,-0.00016824571
AT2G15610,0.0013018891
AT2G15620,-0.24838004
AT2G15630,0.025484955
AT2G15640,0.0
AT2G15660,0.0009302887
AT2G15670,0.0
AT2G15680,-0.110765345
AT2G15690,0.15610118
AT2G15695,0.18224572
AT2G15710,0.0
AT2G15730,0.09719362
AT2G15740,-3.1075284e-05
AT2G15760,1.3897282
AT2G15770,0.0074860314
AT2G15780,1.2780582
AT2G15790,-0.08029463
AT2G15820,-0.04458199
AT2G15830,0.20039627
AT2G15860,0.1925273
AT2G15880,0.06819568
AT2G15890,-0.17004511
AT2G15900,0.014199734
AT2G15910,0.18506104
AT2G15960,0.08039694
AT2G15970,-0.00068136415
AT2G15980,0.13969085
AT2G16005,0.045779835
AT2G16015,0.0
AT2G16016,0.0
AT2G16018,0.0009974613
AT2G16019,0.0
AT2G16020,0.0
AT2G16030,-0.0019629726
AT2G16040,0.0
AT2G16050,0.101269245
AT2G16060,0.67885906
AT2G16070,0.28386596
AT2G16090,0.12720667
AT2G16120,3.3761135e-05
AT2G16130,0.0
AT2G16190,-0.014611887
AT2G16200,0.0
AT2G16210,-0.0028253535
AT2G16220,1.463384e-05
AT2G16225,0.0002442314
AT2G16230,0.0036666712
AT2G16250,-0.24886315
AT2G16260,0.0
AT2G16270,-0.25523284
AT2G16280,-0.18408316
AT2G16290,-0.00013073193
AT2G16300,3.0899708e-05
AT2G16340,0.02204209
AT2G16360,0.046351243
AT2G16365,0.15382662
AT2G16370,-0.13455789
AT2G16380,-0.26284894
AT2G16385,0.014483141
AT2G16390,-0.08857826
AT2G16400,0.10692135
AT2G16405,0.09830416
AT2G16430,0.24571066
AT2G16440,0.062831245
AT2G16450,-0.009967365
AT2G16460,0.40730843
AT2G16485,0.016275994
AT2G16490,-0.000103587234
AT2G16500,0.19965425
AT2G16505,0.009186758
AT2G16510,0.38103715
AT2G16520,0.0
AT2G16530,0.50862443
AT2G16535,0.0
AT2G16570,0.19119594
AT2G16575,-0.0010250771
AT2G16580,-0.029107995
AT2G16586,0.70984465
AT2G16592,-0.00054756575
AT2G16594,0.0
AT2G16595,0.49802712
AT2G16600,0.63469
AT2G16620,0.00025192587
AT2G16630,0.023819182
AT2G16640,0.072434984
AT2G16650,-0.0033067092
AT2G16660,0.517898
AT2G16676,-0.01968779
AT2G16700,0.8542436
AT2G16710,0.8956472
AT2G16720,0.77492255
AT2G16730,-0.001253945
AT2G16740,0.45744693
AT2G16750,-0.63839054
AT2G16760,0.23659968
AT2G16770,0.07483723
AT2G16780,0.0320451
AT2G16790,0.99191487
AT2G16800,0.020384045
AT2G16810,5.4105087e-05
AT2G16835,0.0
AT2G16850,-0.31009257
AT2G16860,0.061695084
AT2G16870,0.3243862
AT2G16880,-0.2552962
AT2G16890,-0.044922188
AT2G16900,0.61765134
AT2G16910,0.026215348
AT2G16920,-0.012763733
AT2G16930,0.30476633
AT2G16940,-0.0939865
AT2G16950,0.2594026
AT2G16953,0.00049814925
AT2G16960,-0.0025741947
AT2G16970,-0.0013277414
AT2G16980,-0.0051302533
AT2G16990,-0.16027714
AT2G17000,0.0021780666
AT2G17010,-0.021899363
AT2G17020,0.10696881
AT2G17030,0.15952632
AT2G17033,-0.04968421
AT2G17036,-0.1120817
AT2G17040,-0.11945983
AT2G17043,0.0007715939
AT2G17050,-0.11257973
AT2G17055,-0.014149823
AT2G17060,-0.07046558
AT2G17070,-0.0009529942
AT2G17080,0.010808134
AT2G17090,0.00037617283
AT2G17110,0.1165302
AT2G17120,0.4362055
AT2G17130,0.57936513
AT2G17140,-0.054652028
AT2G17150,-0.1857923
AT2G17160,0.0
AT2G17170,-0.0018513898
AT2G17180,0.0065930723
AT2G17190,0.43085864
AT2G17200,0.5368628
AT2G17210,-0.091338694
AT2G17220,0.96290433
AT2G17230,-0.8349582
AT2G17240,-0.07909149
AT2G17250,0.38896
AT2G17260,-0.049433276
AT2G17265,0.14661148
AT2G17270,0.200743
AT2G17280,0.15745297
AT2G17290,0.21401052
AT2G17300,-0.36280665
AT2G17305,5.6772667e-05
AT2G17310,3.9418887e-06
AT2G17320,-0.14638238
AT2G17330,0.0
AT2G17340,-0.24098654
AT2G17350,0.094456844
AT2G17360,0.17383027
AT2G17370,0.25614205
AT2G17380,0.24720722
AT2G17390,0.18093179
AT2G17410,-0.025276288
AT2G17420,0.7141557
AT2G17430,-0.02213238
AT2G17440,0.17319298
AT2G17442,-0.26034272
AT2G17450,-0.034453575
AT2G17470,-0.036866166
AT2G17480,-0.2992706
AT2G17500,2.119005
AT2G17510,0.24197964
AT2G17520,0.16150086
AT2G17525,-0.25860745
AT2G17530,-0.035226114
AT2G17540,-0.10393415
AT2G17550,-0.016107585
AT2G17560,0.041437935
AT2G17570,0.37445283
AT2G17580,0.16643289
AT2G17590,0.0074713323
AT2G17600,0.006606404
AT2G17620,0.035182152
AT2G17630,0.33980513
AT2G17640,0.02863268
AT2G17650,-0.19563994
AT2G17660,-0.34493738
AT2G17670,0.1666127
AT2G17680,-0.0039881933
AT2G17690,-0.049085822
AT2G17695,-0.22274943
AT2G17700,0.083115175
AT2G17705,0.58794576
AT2G17710,-0.118639216
AT2G17720,0.7709405
AT2G17723,0.0030373493
AT2G17730,0.45880935
AT2G17740,1.0267817
AT2G17750,0.0033210032
AT2G17760,0.80057067
AT2G17770,-0.00052965793
AT2G17780,-0.34265825
AT2G17785,0.0
AT2G17787,0.11822919
AT2G17790,0.44862673
AT2G17800,-0.1403854
AT2G17820,-0.31203794
AT2G17830,-0.121312976
AT2G17840,-0.016886042
AT2G17845,0.0041581565
AT2G17850,-0.013836576
AT2G17860,0.0035668383
AT2G17870,0.0868961
AT2G17880,-0.6669191
AT2G17890,-0.0020394907
AT2G17900,-0.03577377
AT2G17905,0.00019026689
AT2G17920,-0.0047392147
AT2G17930,-0.14826892
AT2G17940,-0.045335256
AT2G17950,0.0005172738
AT2G17960,0.0
AT2G17970,-0.094568424
AT2G17972,-0.28424942
AT2G17975,-0.059788395
AT2G17980,0.15381314
AT2G17990,0.41134843
AT2G18000,0.4535805
AT2G18010,-0.14508638
AT2G18020,0.12109186
AT2G18025,-7.4335567e-06
AT2G18030,0.19123478
AT2G18040,0.2180621
AT2G18050,-0.018108372
AT2G18060,-0.0014238212
AT2G18070,-4.787874e-06
AT2G18080,-5.3665492e-12
AT2G18090,0.1442152
AT2G18100,-0.05691859
AT2G18110,0.27844578
AT2G18120,-0.2859345
AT2G18130,0.0015495411
AT2G18140,0.0007432794
AT2G18150,0.05068175
AT2G18160,-0.18512575
AT2G18170,0.8146914
AT2G18180,0.033382088
AT2G18190,0.022958398
AT2G18193,0.0468129
AT2G18196,-0.06730326
AT2G18200,0.0042509455
AT2G18210,0.23561329
AT2G18220,0.14907329
AT2G18230,0.15726358
AT2G18240,0.3763421
AT2G18245,0.08724708
AT2G18250,0.040550295
AT2G18260,-0.21950896
AT2G18270,0.0031161956
AT2G18280,0.040975638
AT2G18290,-0.29183957
AT2G18300,-1.0452017
AT2G18320,-0.0043343822
AT2G18328,-0.6707313
AT2G18330,0.20850669
AT2G18340,-0.0002042746
AT2G18350,0.020271536
AT2G18360,0.010149889
AT2G18370,0.040486973
AT2G18380,-0.19979453
AT2G18390,0.08178907
AT2G18400,-0.09219598
AT2G18410,0.040164426
AT2G18420,0.0007351157
AT2G18450,0.024129573
AT2G18460,0.0013153659
AT2G18465,0.22247002
AT2G18470,-0.009002121
AT2G18480,-0.044259515
AT2G18490,-0.0041628224
AT2G18500,-0.014835632
AT2G18510,0.19820233
AT2G18520,0.049251355
AT2G18530,0.0006950804
AT2G18540,-0.009581161
AT2G18550,0.28440815
AT2G18560,-0.28766143
AT2G18570,-0.43930525
AT2G18590,0.006143722
AT2G18600,0.5402332
AT2G18620,-0.042659085
AT2G18630,-0.31835172
AT2G18640,0.009848378
AT2G18650,-0.1951343
AT2G18660,2.0431762
AT2G18670,-0.12809403
AT2G18680,0.8007467
AT2G18685,7.3613046e-05
AT2G18690,1.9748235
AT2G18700,0.0026721961
AT2G18710,-0.26135692
AT2G18720,0.2115424
AT2G18721,1.0348089e-05
AT2G18730,0.15346518
AT2G18740,0.16642088
AT2G18750,0.048559792
AT2G18760,-0.01663473
AT2G18770,0.025223108
AT2G18780,0.19227107
AT2G18790,-0.06990339
AT2G18800,-0.0129218595
AT2G18810,1.7414313e-05
AT2G18830,0.00032943825
AT2G18840,0.31031972
AT2G18850,-0.15243195
AT2G18860,-0.20041452
AT2G18870,-0.0008918994
AT2G18876,-0.098437
AT2G18880,-0.00012596461
AT2G18890,-0.44981647
AT2G18900,0.26345843
AT2G18910,-0.39067197
AT2G18915,0.09803685
AT2G18920,0.0014748242
AT2G18938,0.019977003
AT2G18940,-0.10709894
AT2G18950,0.94847333
AT2G18960,0.24052158
AT2G18969,-0.15180959
AT2G18970,0.064327545
AT2G18980,0.04388077
AT2G18990,-0.14092349
AT2G19000,0.0
AT2G19010,-1.07330984e-11
AT2G19020,0.0
AT2G19030,0.00095234
AT2G19040,0.0
AT2G19045,2.8618635e-05
AT2G19050,-0.00030700333
AT2G19060,0.0061745914
AT2G19070,-0.0029885753
AT2G19080,0.12780507
AT2G19090,-0.26193747
AT2G19110,0.0075592725
AT2G19120,0.014766762
AT2G19130,-0.0090245195
AT2G19146,0.0011994354
AT2G19150,0.003033583
AT2G19160,0.50177413
AT2G19170,-0.29922816
AT2G19180,0.39439902
AT2G19190,1.2590976
AT2G19200,0.0
AT2G19210,0.00468231
AT2G19220,0.0
AT2G19230,-0.00016354876
AT2G19240,0.083749205
AT2G19260,-0.03567593
AT2G19270,0.37479067
AT2G19280,-0.26346695
AT2G19290,-0.000528783
AT2G19300,0.0
AT2G19310,-0.051861428
AT2G19320,0.006994362
AT2G19330,-0.0036887059
AT2G19340,0.18698977
AT2G19350,0.47999358
AT2G19360,1.03629145e-05
AT2G19365,0.0046122638
AT2G19380,0.019579351
AT2G19385,0.28045627
AT2G19390,0.073901676
AT2G19400,-0.38468492
AT2G19410,0.00089262775
AT2G19420,0.0010124716
AT2G19430,0.026372038
AT2G19440,0.0034333332
AT2G19450,0.33550557
AT2G19460,-0.22125861
AT2G19470,0.4554675
AT2G19480,0.20251474
AT2G19490,0.49723762
AT2G19500,0.7766724
AT2G19510,-0.0010553559
AT2G19520,-0.0055887974
AT2G19530,0.017410671
AT2G19540,0.5466486
AT2G19550,0.077074416
AT2G19560,0.45985013
AT2G19570,1.4614547
AT2G19580,-0.10615825
AT2G19590,0.009608015
AT2G19600,0.006517234
AT2G19610,0.010036834
AT2G19620,-0.77735037
AT2G19630,0.0009366007
AT2G19640,0.18539824
AT2G19650,-0.3810156
AT2G19660,-0.11605155
AT2G19670,0.037910357
AT2G19680,0.08397464
AT2G19690,-0.0064351014
AT2G19700,0.10198928
AT2G19710,0.24541265
AT2G19720,-0.21064658
AT2G19730,0.19118536
AT2G19740,0.16199301
AT2G19750,0.056951806
AT2G19760,0.28851965
AT2G19770,0.04788159
AT2G19780,-0.4166204
AT2G19790,0.11467513
AT2G19800,0.55349433
AT2G19802,0.0015627694
AT2G19810,-0.17026246
AT2G19820,1.7414313e-05
AT2G19830,0.22123498
AT2G19850,0.0010917003
AT2G19860,0.001991122
AT2G19870,0.14326751
AT2G19880,0.16807497
AT2G19890,0.011953805
AT2G19893,0.00032974494
AT2G19900,0.20190771
AT2G19910,-0.156437
AT2G19920,-0.08128891
AT2G19930,-0.31123665
AT2G19940,-0.21786271
AT2G19950,0.085901275
AT2G19960,0.13599816
AT2G19970,0.42026764
AT2G19980,0.025015842
AT2G19990,0.15087278
AT2G20000,-0.0046166065
AT2G20010,0.71738505
AT2G20020,0.03930697
AT2G20030,0.29809663
AT2G20050,-0.15346482
AT2G20060,0.24446459
AT2G20070,-5.7991388e-06
AT2G20080,0.006590575
AT2G20100,-0.18771319
AT2G20110,0.54159814
AT2G20120,-0.0009315517
AT2G20130,0.25692979
AT2G20140,0.19177203
AT2G20142,0.57682645
AT2G20150,0.06790236
AT2G20160,-0.0015710674
AT2G20170,0.0044128206
AT2G20180,-0.5638808
AT2G20190,-0.21924229
AT2G20208,0.0
AT2G20210,-0.29475322
AT2G20230,-0.008670475
AT2G20240,-0.29812014
AT2G20250,-0.18863243
AT2G20260,-0.39881697
AT2G20270,-0.08754403
AT2G20280,0.28154278
AT2G20290,-0.2819468
AT2G20300,-0.45798072
AT2G20310,0.13256635
AT2G20320,0.32246885
AT2G20330,0.21697557
AT2G20340,-0.025389109
AT2G20350,-0.020335287
AT2G20360,0.30176738
AT2G20362,-0.013853384
AT2G20370,0.01920544
AT2G20380,5.1949213e-05
AT2G20390,0.44057986
AT2G20400,0.17321192
AT2G20410,0.16212782
AT2G20420,0.41248834
AT2G20430,7.582468e-05
AT2G20440,-0.073640145
AT2G20450,-0.03821306
AT2G20463,0.0021505535
AT2G20465,0.0
AT2G20470,0.048277322
AT2G20480,-0.007081735
AT2G20490,0.16726123
AT2G20495,0.04285929
AT2G20500,0.45539492
AT2G20510,0.027539073
AT2G20515,-0.124311894
AT2G20520,0.013954271
AT2G20530,0.4137196
AT2G20540,-0.032928202
AT2G20550,-0.12627344
AT2G20560,0.36721626
AT2G20562,0.31775528
AT2G20570,-0.15728407
AT2G20580,0.2931159
AT2G20585,0.2229482
AT2G20590,-0.04109209
AT2G20595,-0.00052517117
AT2G20597,0.0013452981
AT2G20605,0.0054012444
AT2G20610,0.021441285
AT2G20613,0.0
AT2G20616,7.5518005e-06
AT2G20618,0.0
AT2G20619,0.0
AT2G20620,-0.0028782475
AT2G20625,-0.0060928185
AT2G20630,0.10141964
AT2G20635,-0.28908515
AT2G20650,0.007462075
AT2G20660,0.0
AT2G20670,-0.09342412
AT2G20680,-0.37392506
AT2G20690,0.06137537
AT2G20700,-0.19647437
AT2G20710,-0.08365594
AT2G20720,0.949379
AT2G20725,-0.015536642
AT2G20740,0.20248704
AT2G20750,-0.38350782
AT2G20760,0.28556398
AT2G20770,0.032116394
AT2G20780,0.27552378
AT2G20784,0.0025362854
AT2G20790,0.15792729
AT2G20800,0.29468507
AT2G20805,1.0557366e-05
AT2G20810,0.062466502
AT2G20815,-0.14696594
AT2G20820,0.39052448
AT2G20825,1.1447579
AT2G20830,0.050574046
AT2G20835,-0.35902014
AT2G20840,-0.1502061
AT2G20850,-0.093571395
AT2G20860,0.024848297
AT2G20870,-0.016807087
AT2G20873,0.00015014442
AT2G20875,-0.1003522
AT2G20880,0.5462467
AT2G20890,-0.4452701
AT2G20900,0.047696073
AT2G20920,0.29248115
AT2G20921,0.0067730476
AT2G20930,-0.0072895205
AT2G20940,0.28802517
AT2G20950,-0.12298445
AT2G20960,0.26298416
AT2G20970,-0.0051525673
AT2G20980,-0.120187424
AT2G20990,-0.030697241
AT2G21010,-0.0010865604
AT2G21030,0.005645223
AT2G21040,0.00026845667
AT2G21045,0.007795108
AT2G21050,-0.57580954
AT2G21060,0.26556286
AT2G21070,-0.008734804
AT2G21080,-0.51217216
AT2G21090,-0.06371914
AT2G21100,0.24833113
AT2G21110,-0.00017949248
AT2G21120,0.021984141
AT2G21130,0.35039607
AT2G21140,0.25130066
AT2G21150,0.0079152845
AT2G21160,0.23974845
AT2G21170,-0.33203653
AT2G21180,0.39702755
AT2G21185,0.17290103
AT2G21190,0.29317912
AT2G21195,-0.104990914
AT2G21200,-0.18611704
AT2G21210,-0.6212593
AT2G21220,-0.1088624
AT2G21230,0.13330287
AT2G21235,0.0031092828
AT2G21237,-0.0042580613
AT2G21240,0.1937618
AT2G21250,0.028247781
AT2G21260,-0.002032105
AT2G21270,0.37811363
AT2G21280,-0.2693495
AT2G21290,0.13099827
AT2G21300,-0.42089987
AT2G21320,-0.11229049
AT2G21330,-0.9297996
AT2G21340,-0.16545382
AT2G21350,0.50261015
AT2G21370,-0.31811607
AT2G21380,-0.17846073
AT2G21385,-0.44018096
AT2G21390,0.11438141
AT2G21400,0.0040035928
AT2G21410,0.12745151
AT2G21420,-0.014208938
AT2G21430,0.39535028
AT2G21440,0.12886836
AT2G21450,0.01509571
AT2G21455,4.61015e-06
AT2G21465,4.612765e-06
AT2G21470,0.3296121
AT2G21480,0.010842102
AT2G21490,-0.043448206
AT2G21500,0.32031447
AT2G21510,0.29500943
AT2G21520,0.25365844
AT2G21530,-0.4641955
AT2G21540,-0.4817534
AT2G21550,0.40123123
AT2G21560,-0.026650218
AT2G21580,0.1636275
AT2G21590,-0.2643078
AT2G21595,-0.00061674503
AT2G21600,0.057914402
AT2G21610,0.16745323
AT2G21620,0.97566724
AT2G21630,-0.047493592
AT2G21640,0.9519265
AT2G21650,-1.2170461
AT2G21655,0.0
AT2G21660,0.2119737
AT2G21680,0.00043546586
AT2G21690,1.2099964e-05
AT2G21710,0.041763376
AT2G21720,-0.010195264
AT2G21725,0.0
AT2G21727,0.0
AT2G21730,-0.1310871
AT2G21740,0.0042024446
AT2G21750,-5.6600275e-05
AT2G21770,-0.19038995
AT2G21780,0.29645148
AT2G21790,0.02082428
AT2G21800,0.035302214
AT2G21810,0.0005025116
AT2G21820,0.23533547
AT2G21830,-0.37570396
AT2G21840,0.07778171
AT2G21850,0.31803858
AT2G21860,-0.031415742
AT2G21870,0.23020355
AT2G21880,-0.34738937
AT2G21890,-0.055551287
AT2G21900,0.29972413
AT2G21910,0.06859942
AT2G21920,6.405907e-05
AT2G21930,0.01975332
AT2G21940,0.17943704
AT2G21950,0.067442395
AT2G21960,-0.29720002
AT2G21970,0.026470482
AT2G21980,9.128009e-06
AT2G21990,-0.013487987
AT2G22000,-0.2324105
AT2G22010,0.08148817
AT2G22030,0.0012929701
AT2G22040,7.174404e-05
AT2G22050,0.0
AT2G22055,-1.2017498e-10
AT2G22060,-0.0005886384
AT2G22070,0.04584806
AT2G22080,0.01287774
AT2G22088,0.0066983863
AT2G22090,0.0338065
AT2G22100,0.02646677
AT2G22120,0.15870102
AT2G22121,3.469302e-05
AT2G22122,-0.1527205
AT2G22125,-0.3952831
AT2G22140,-0.093023814
AT2G22145,0.00052542164
AT2G22155,0.0
AT2G22160,0.0
AT2G22170,-0.22127186
AT2G22180,0.0038615544
AT2G22190,-0.35131115
AT2G22200,0.6935349
AT2G22230,-0.4269965
AT2G22240,-0.19533335
AT2G22241,2.0535104e-05
AT2G22250,0.30042115
AT2G22260,-0.12218435
AT2G22270,-0.10554134
AT2G22290,0.006885577
AT2G22300,0.040118765
AT2G22310,0.12713279
AT2G22320,0.0910516
AT2G22330,0.19535518
AT2G22340,-0.008879468
AT2G22345,0.0
AT2G22360,0.20063257
AT2G22370,0.06341788
AT2G22390,0.0
AT2G22400,-0.0050454307
AT2G22410,-0.15502954
AT2G22420,-0.012384777
AT2G22425,0.35664523
AT2G22426,0.017126162
AT2G22430,-0.055075504
AT2G22440,0.00035217567
AT2G22450,0.0775955
AT2G22460,0.014146284
AT2G22465,-0.00093556003
AT2G22470,0.8844033
AT2G22475,0.32112938
AT2G22480,0.4255494
AT2G22490,0.112413324
AT2G22500,0.7452814
AT2G22510,0.7364336
AT2G22520,0.0
AT2G22530,-0.19362989
AT2G22540,-0.22083879
AT2G22560,0.7541071
AT2G22570,0.50141907
AT2G22590,-0.010297203
AT2G22600,0.002175434
AT2G22610,-0.23032558
AT2G22620,0.11527591
AT2G22630,0.029782869
AT2G22640,-0.014824514
AT2G22650,-0.12314322
AT2G22660,0.28311625
AT2G22670,-0.6576952
AT2G22680,0.21975742
AT2G22690,0.5012871
AT2G22720,0.041048676
AT2G22730,-0.05495653
AT2G22740,-0.04403801
AT2G22750,0.032258082
AT2G22760,0.51607347
AT2G22770,0.17278668
AT2G22780,0.47386914
AT2G22790,0.056410115
AT2G22795,-0.5749392
AT2G22800,0.13650651
AT2G22805,0.0
AT2G22807,-0.00024429802
AT2G22810,-0.106044605
AT2G22820,-0.00385385
AT2G22830,-0.09159219
AT2G22840,0.091652475
AT2G22850,-0.4158288
AT2G22860,0.8069376
AT2G22870,-0.42541394
AT2G22880,0.61149466
AT2G22890,-0.38973725
AT2G22900,-0.17675401
AT2G22905,-0.026308425
AT2G22910,0.05540727
AT2G22920,-0.11680105
AT2G22930,0.07657512
AT2G22940,0.001792181
AT2G22941,0.0
AT2G22942,0.0018416024
AT2G22950,0.00033228306
AT2G22960,4.2811105e-05
AT2G22970,0.14397159
AT2G22980,-0.7484419
AT2G22990,-0.5123564
AT2G23000,-0.107881784
AT2G23010,0.32565007
AT2G23030,0.29314038
AT2G23050,0.018933613
AT2G23060,-0.00945403
AT2G23067,0.0
AT2G23070,0.19676521
AT2G23080,-0.024520956
AT2G23090,0.31394348
AT2G23093,-0.029817747
AT2G23096,-0.008123811
AT2G23100,-0.40509477
AT2G23110,0.7440327
AT2G23118,-0.0053394246
AT2G23120,0.09468083
AT2G23130,-0.4608707
AT2G23140,0.15613326
AT2G23142,0.0
AT2G23148,0.0023139408
AT2G23150,1.2838885
AT2G23160,0.0
AT2G23170,2.2381406
AT2G23180,-0.3271791
AT2G23190,0.01980329
AT2G23200,0.11869092
AT2G23210,0.019981064
AT2G23220,0.0047459295
AT2G23230,0.0010955803
AT2G23240,-0.0069489484
AT2G23250,4.9678514e-05
AT2G23260,0.13810848
AT2G23270,1.0605258
AT2G23290,-0.5651748
AT2G23300,-0.45525613
AT2G23310,0.51218796
AT2G23320,0.56862104
AT2G23321,0.00743568
AT2G23340,-0.15134
AT2G23348,0.050705884
AT2G23350,0.069423564
AT2G23360,-0.36362663
AT2G23370,0.3198992
AT2G23380,0.10402276
AT2G23390,-0.27943417
AT2G23400,0.011223666
AT2G23410,-0.011001695
AT2G23420,-0.02384488
AT2G23430,-0.07980211
AT2G23440,0.00019628236
AT2G23445,0.019169116
AT2G23450,0.7740133
AT2G23460,-0.03875894
AT2G23470,-0.090703115
AT2G23510,-0.001789759
AT2G23520,-0.035750654
AT2G23530,-0.00046148678
AT2G23540,0.010201858
AT2G23550,-0.008361697
AT2G23560,-0.26804462
AT2G23570,-0.00080201396
AT2G23580,-0.00034494055
AT2G23590,-0.04726754
AT2G23600,-0.76621574
AT2G23610,-0.5405225
AT2G23620,0.26449764
AT2G23630,0.009795606
AT2G23640,0.00017042886
AT2G23660,0.0010966089
AT2G23670,-0.14269415
AT2G23680,0.7717164
AT2G23690,-0.58388364
AT2G23700,-0.30201334
AT2G23740,-0.11649137
AT2G23755,-0.016725248
AT2G23760,0.08300288
AT2G23770,-0.0016374286
AT2G23780,0.14041188
AT2G23790,0.7859709
AT2G23800,0.00718308
AT2G23810,0.2274077
AT2G23820,0.08105348
AT2G23830,0.6011575
AT2G23834,0.0002823888
AT2G23840,-0.00019197103
AT2G23890,0.1514412
AT2G23900,0.00011070101
AT2G23910,0.9447907
AT2G23930,0.1687793
AT2G23940,0.0104863085
AT2G23945,-0.028953545
AT2G23950,-0.13581944
AT2G23960,0.15002109
AT2G23970,0.0316729
AT2G23980,0.02947843
AT2G23985,-0.09793741
AT2G23987,0.0034043933
AT2G23990,0.0001939128
AT2G24000,0.012478671
AT2G24010,-0.39579043
AT2G24020,-0.3762808
AT2G24030,-0.07763744
AT2G24040,0.2183923
AT2G24050,0.101222806
AT2G24060,-0.56857234
AT2G24070,0.03850117
AT2G24080,0.0001805627
AT2G24090,-0.473001
AT2G24100,0.2240557
AT2G24120,0.13014847
AT2G24130,-0.05804796
AT2G24140,-0.080291346
AT2G24150,-0.36231434
AT2G24170,-0.068249546
AT2G24180,1.3360538
AT2G24190,-0.22383358
AT2G24195,0.43616062
AT2G24200,0.6862801
AT2G24205,0.0
AT2G24210,0.28942007
AT2G24220,-0.15600555
AT2G24230,-0.29614726
AT2G24240,0.109128945
AT2G24250,-0.0016115527
AT2G24255,0.011272173
AT2G24260,0.52168834
AT2G24270,-0.25719067
AT2G24280,-0.4587722
AT2G24285,0.482362
AT2G24290,-0.1956291
AT2G24300,-0.36097047
AT2G24310,-0.1001937
AT2G24320,-0.066546336
AT2G24330,0.20457295
AT2G24340,3.939965e-06
AT2G24350,-0.45874855
AT2G24360,0.28648025
AT2G24370,0.0018405007
AT2G24390,0.054267284
AT2G24395,-0.26767275
AT2G24400,-0.00053096295
AT2G24410,0.0001424572
AT2G24420,-0.14071622
AT2G24430,0.00922693
AT2G24440,-0.26414976
AT2G24450,0.0036584488
AT2G24460,0.06712705
AT2G24470,1.2628043e-05
AT2G24480,-0.0019103191
AT2G24490,0.040542305
AT2G24500,0.28658897
AT2G24510,-0.00019808827
AT2G24520,-0.022145938
AT2G24530,-0.008389787
AT2G24535,0.0119549725
AT2G24540,-0.2324359
AT2G24550,-0.31649882
AT2G24560,-0.013322469
AT2G24570,0.2864534
AT2G24580,-0.12438665
AT2G24590,0.0661277
AT2G24600,0.21618596
AT2G24610,-0.23438315
AT2G24615,-8.152479e-05
AT2G24617,2.625126e-11
AT2G24620,0.0016115011
AT2G24625,8.694658e-05
AT2G24630,-0.44224858
AT2G24640,0.30323178
AT2G24645,-0.17606139
AT2G24650,-0.21449953
AT2G24670,9.423788e-05
AT2G24680,-0.065582655
AT2G24681,0.01951547
AT2G24683,-0.007618078
AT2G24690,-0.30801016
AT2G24692,-0.012130372
AT2G24693,0.01807707
AT2G24696,0.0018443668
AT2G24700,-0.030931577
AT2G24710,-0.003368457
AT2G24720,-0.0069533368
AT2G24740,0.042563252
AT2G24762,-0.76858294
AT2G24765,0.124781884
AT2G24780,0.0018951957
AT2G24790,-0.2860335
AT2G24800,-0.0061233365
AT2G24810,2.28146e-05
AT2G24820,0.18408829
AT2G24830,0.1508231
AT2G24840,0.0019624906
AT2G24850,2.02584
AT2G24860,0.28951168
AT2G24870,-0.008748724
AT2G24880,-8.3065606e-05
AT2G24940,0.08334004
AT2G24945,-0.016890863
AT2G24950,0.0
AT2G24960,-0.017350249
AT2G24970,-0.07992474
AT2G24980,0.015697487
AT2G24990,0.18591271
AT2G25000,0.55803627
AT2G25010,0.21093245
AT2G25050,-0.25810155
AT2G25055,0.00026626285
AT2G25060,-0.3509422
AT2G25070,-0.042622883
AT2G25080,-0.6002935
AT2G25090,0.6425797
AT2G25100,-0.13989334
AT2G25110,0.42247856
AT2G25120,0.0001729135
AT2G25125,0.00304725
AT2G25130,0.0926892
AT2G25140,0.60265535
AT2G25150,-0.28257644
AT2G25160,0.014809074
AT2G25169,0.000136497
AT2G25170,-0.121081315
AT2G25180,-0.15020144
AT2G25185,-0.00033651033
AT2G25190,0.32651454
AT2G25200,-0.039950162
AT2G25210,0.11747136
AT2G25215,-0.0015187301
AT2G25220,-0.34946918
AT2G25230,0.001302537
AT2G25240,0.08983136
AT2G25250,-0.27412507
AT2G25260,0.18326883
AT2G25270,-0.46086016
AT2G25280,0.13883965
AT2G25290,-0.31872597
AT2G25295,-0.049583815
AT2G25297,0.3396089
AT2G25300,0.085506
AT2G25305,3.6046717e-05
AT2G25310,0.024357226
AT2G25312,0.0007336164
AT2G25320,0.021688076
AT2G25330,0.0053126384
AT2G25340,0.00027064906
AT2G25344,0.0
AT2G25350,0.05492784
AT2G25355,0.35841718
AT2G25360,-0.00028974458
AT2G25370,1.7269673e-05
AT2G25409,0.00016736556
AT2G25410,0.0024493774
AT2G25420,-0.11663161
AT2G25430,0.05713037
AT2G25440,1.0926435
AT2G25450,0.92639047
AT2G25460,0.99604434
AT2G25470,-0.30118197
AT2G25480,-0.95858234
AT2G25482,-0.008355025
AT2G25490,0.11831386
AT2G25500,0.0042992095
AT2G25510,0.7743209
AT2G25520,0.5410606
AT2G25530,0.4047978
AT2G25540,-0.073250175
AT2G25560,0.08537155
AT2G25565,0.0005856525
AT2G25580,-0.06415789
AT2G25590,0.11530909
AT2G25600,0.10660591
AT2G25605,-0.16227123
AT2G25610,0.2416884
AT2G25620,0.54552525
AT2G25625,1.4261072
AT2G25630,0.003472694
AT2G25640,-0.16869329
AT2G25650,0.20104095
AT2G25660,-0.12738146
AT2G25670,0.29903626
AT2G25680,-0.0674283
AT2G25685,0.008380563
AT2G25690,-0.10760399
AT2G25700,-0.003766689
AT2G25710,-0.14735061
AT2G25720,0.0047849347
AT2G25730,0.19364758
AT2G25735,0.15597087
AT2G25737,0.34817597
AT2G25740,0.16702127
AT2G25750,0.0
AT2G25770,0.100356326
AT2G25780,0.026005022
AT2G25790,0.030088464
AT2G25800,-0.21090864
AT2G25810,-0.01201023
AT2G25820,-0.10236901
AT2G25830,-0.08060751
AT2G25840,-0.45424458
AT2G25850,-0.036030762
AT2G25870,0.07139644
AT2G25880,0.0006074796
AT2G25890,-0.0129877
AT2G25900,-0.2134941
AT2G25905,-0.0009767747
AT2G25910,0.32889345
AT2G25920,-0.04878586
AT2G25930,0.12564002
AT2G25940,0.41286024
AT2G25950,-0.07299919
AT2G25964,-0.033975802
AT2G25970,0.29139444
AT2G25980,0.008707531
AT2G25990,-7.664694e-05
AT2G26000,0.038348306
AT2G26010,-0.36249328
AT2G26020,-0.2972885
AT2G26030,-0.009958211
AT2G26040,-0.21258676
AT2G26050,7.436422e-05
AT2G26060,0.4085744
AT2G26070,-0.15780927
AT2G26080,-0.2136766
AT2G26100,-0.101976804
AT2G26110,-0.53369236
AT2G26120,-0.0075055887
AT2G26130,-4.4180844e-05
AT2G26135,-0.00023850969
AT2G26140,0.20826355
AT2G26150,0.9059785
AT2G26160,-0.0024779513
AT2G26170,0.2909926
AT2G26180,-0.29622012
AT2G26190,-0.04674587
AT2G26200,0.07330853
AT2G26210,0.31250462
AT2G26230,0.52106935
AT2G26240,0.2050408
AT2G26250,-0.9346627
AT2G26260,-0.08679836
AT2G26270,-0.19484265
AT2G26280,0.0116640935
AT2G26290,0.9273279
AT2G26300,0.23516889
AT2G26310,0.56840235
AT2G26320,0.0
AT2G26330,-0.60026133
AT2G26350,0.11696899
AT2G26360,-0.120611414
AT2G26370,-0.0023523034
AT2G26380,-0.015223443
AT2G26390,0.26223722
AT2G26400,1.5024537
AT2G26410,-0.008436706
AT2G26420,0.003718177
AT2G26430,0.3243619
AT2G26440,0.83571255
AT2G26450,0.013902465
AT2G26460,0.2309998
AT2G26470,0.046048995
AT2G26480,0.38056865
AT2G26490,-0.00065389776
AT2G26500,-0.18775684
AT2G26510,0.15988386
AT2G26515,-0.14663082
AT2G26520,-0.107719965
AT2G26530,0.6377575
AT2G26540,-0.1727104
AT2G26550,-0.29884273
AT2G26560,1.5110875
AT2G26570,-0.0064236405
AT2G26580,-0.24441661
AT2G26590,0.39875507
AT2G26600,0.31751734
AT2G26610,6.0217153e-05
AT2G26620,-0.00064063777
AT2G26640,-0.25963458
AT2G26650,-0.19358057
AT2G26660,0.3313343
AT2G26670,0.23178716
AT2G26680,-0.0042374874
AT2G26690,0.06924734
AT2G26695,-0.91633207
AT2G26700,-0.054270692
AT2G26710,-0.44453773
AT2G26720,0.005049814
AT2G26730,-0.18616724
AT2G26740,0.7335395
AT2G26750,-0.019929402
AT2G26760,-0.2663894
AT2G26770,0.022153871
AT2G26780,0.1949466
AT2G26790,-0.089754865
AT2G26800,0.06448064
AT2G26810,-0.09117578
AT2G26820,0.036702123
AT2G26830,0.20305757
AT2G26840,-0.21751383
AT2G26850,-0.00023318577
AT2G26860,-0.17726412
AT2G26865,0.0
AT2G26870,-0.43403777
AT2G26880,0.0018162567
AT2G26890,0.07048504
AT2G26900,-0.043516
AT2G26910,-0.67263234
AT2G26920,0.51041394
AT2G26930,-0.19946043
AT2G26940,0.0105256755
AT2G26950,0.0003115812
AT2G26960,0.009766108
AT2G26970,0.08688047
AT2G26975,-0.1374192
AT2G26980,0.13610761
AT2G26990,0.30936483
AT2G27000,0.024257412
AT2G27010,0.003220643
AT2G27020,0.5216162
AT2G27030,-0.04791978
AT2G27035,-0.072376505
AT2G27040,-0.6289307
AT2G27050,-0.51570433
AT2G27060,-0.5545018
AT2G27070,1.3019718e-06
AT2G27080,0.13182482
AT2G27090,0.22219817
AT2G27100,0.32811987
AT2G27110,-0.13323398
AT2G27120,0.026049629
AT2G27130,-0.2576643
AT2G27140,-0.09767359
AT2G27145,0.0
AT2G27150,0.40412757
AT2G27160,0.0012111729
AT2G27170,0.053260732
AT2G27180,0.017324781
AT2G27190,0.06868885
AT2G27200,0.6048122
AT2G27210,0.13138393
AT2G27220,-0.019942828
AT2G27229,0.058321975
AT2G27230,0.36043948
AT2G27240,0.0039462005
AT2G27250,0.0022711626
AT2G27260,0.081517644
AT2G27270,-0.02117416
AT2G27280,0.06295629
AT2G27290,0.0050420975
AT2G27300,-0.07564042
AT2G27310,0.5950301
AT2G27313,0.03216566
AT2G27315,0.00021066234
AT2G27320,0.0041346634
AT2G27330,0.21979846
AT2G27340,-0.24143937
AT2G27350,0.11854726
AT2G27360,0.05179424
AT2G27370,-0.019116683
AT2G27380,0.004278487
AT2G27385,-0.7430099
AT2G27389,1.2035962
AT2G27390,0.037482183
AT2G27402,-1.0475378
AT2G27410,0.021344056
AT2G27420,0.0688449
AT2G27430,0.47130388
AT2G27450,-0.03193761
AT2G27460,0.023619317
AT2G27470,-0.1709464
AT2G27480,0.16088472
AT2G27490,0.350028
AT2G27500,-0.09599658
AT2G27505,0.154973
AT2G27507,0.0001570167
AT2G27510,0.9847256
AT2G27520,-0.0009152696
AT2G27530,-0.037985846
AT2G27535,-0.0021380077
AT2G27540,9.671953e-06
AT2G27550,0.030453702
AT2G27570,0.00023563874
AT2G27580,0.28569892
AT2G27590,0.018891653
AT2G27600,0.35204375
AT2G27610,-0.163852
AT2G27630,0.013998653
AT2G27650,-0.013747234
AT2G27660,0.28156626
AT2G27670,-5.5577115e-05
AT2G27680,-0.24587576
AT2G27690,0.20877534
AT2G27700,0.017047897
AT2G27710,0.1334922
AT2G27720,0.1598017
AT2G27730,0.49431854
AT2G27740,-0.082348034
AT2G27750,0.0013833556
AT2G27760,-0.0881149
AT2G27770,-0.48631328
AT2G27775,0.1063499
AT2G27780,0.00046780964
AT2G27790,0.07014563
AT2G27800,-0.37140492
AT2G27810,-0.48885557
AT2G27820,0.1784378
AT2G27830,0.28318232
AT2G27840,0.1668435
AT2G27860,0.028931633
AT2G27880,-0.014986325
AT2G27890,0.0
AT2G27920,0.020555265
AT2G27930,-0.0070743007
AT2G27940,-0.00025783127
AT2G27950,0.0201715
AT2G27960,0.016590929
AT2G27970,-0.05786065
AT2G27980,-0.04234961
AT2G27990,0.031234503
AT2G28000,-0.039774556
AT2G28010,0.000661113
AT2G28020,0.0003113318
AT2G28030,0.00032502215
AT2G28040,-0.0034722653
AT2G28050,-0.18434098
AT2G28060,0.09921949
AT2G28070,-0.1758687
AT2G28080,0.10572519
AT2G28085,0.13333748
AT2G28090,0.043301947
AT2G28100,-0.18588042
AT2G28105,-0.037276547
AT2G28110,1.2810947
AT2G28120,0.61193967
AT2G28130,0.46134675
AT2G28140,-0.3149122
AT2G28150,-0.5638231
AT2G28160,0.10514529
AT2G28170,-0.0008942473
AT2G28180,0.00013462587
AT2G28190,0.03513395
AT2G28200,0.20466815
AT2G28210,0.5111747
AT2G28220,-0.0027396395
AT2G28225,0.00012388438
AT2G28230,-0.09514995
AT2G28240,0.0030684527
AT2G28250,-0.27684414
AT2G28260,-0.29896975
AT2G28270,0.00077795744
AT2G28290,-0.069717206
AT2G28305,-0.09751246
AT2G28310,-0.47737443
AT2G28315,0.17492421
AT2G28320,0.14058943
AT2G28330,0.01514963
AT2G28340,0.0053541083
AT2G28350,-0.03704271
AT2G28355,0.0
AT2G28360,0.062154554
AT2G28370,0.22544065
AT2G28380,-0.11365169
AT2G28390,0.025274495
AT2G28400,0.40173823
AT2G28405,1.03629145e-05
AT2G28410,-0.36242637
AT2G28420,-0.09868703
AT2G28426,-0.0006672554
AT2G28430,0.10739205
AT2G28440,-0.07588987
AT2G28450,-0.046297852
AT2G28460,-0.1968987
AT2G28470,-0.9686898
AT2G28480,-0.030862855
AT2G28490,-0.015849141
AT2G28500,0.41607887
AT2G28510,0.6202212
AT2G28520,0.08369529
AT2G28540,0.031814355
AT2G28550,-0.076727875
AT2G28560,-0.105148345
AT2G28570,0.05220326
AT2G28580,-0.12330753
AT2G28590,0.026483875
AT2G28600,0.0017799889
AT2G28605,-0.42177022
AT2G28610,0.005453438
AT2G28620,-0.18453187
AT2G28625,-0.0018777566
AT2G28630,-0.84258926
AT2G28640,0.0048543867
AT2G28650,0.358677
AT2G28660,0.14494291
AT2G28670,0.019688876
AT2G28671,-0.09458172
AT2G28680,0.083679266
AT2G28690,0.021289324
AT2G28700,0.04142403
AT2G28710,0.8100612
AT2G28720,-0.05020849
AT2G28725,0.0006371748
AT2G28755,-0.014663947
AT2G28760,0.17121497
AT2G28780,-0.015281578
AT2G28790,-0.14457756
AT2G28800,-0.092731945
AT2G28810,0.034757867
AT2G28815,0.12003271
AT2G28830,-0.17543419
AT2G28840,0.24397364
AT2G28850,0.0023009938
AT2G28860,0.0032751232
AT2G28870,-0.21912456
AT2G28880,-0.054544337
AT2G28890,0.35613874
AT2G28900,0.119816214
AT2G28910,0.06749801
AT2G28920,0.033456463
AT2G28930,0.0843097
AT2G28940,-0.037113983
AT2G28950,-1.1308588
AT2G28960,-0.007832911
AT2G28970,0.020850703
AT2G28990,-0.007430698
AT2G29000,0.0042014825
AT2G29020,0.13640994
AT2G29040,-0.0011995572
AT2G29045,0.0
AT2G29050,-0.26356372
AT2G29060,0.023033809
AT2G29065,0.17613214
AT2G29070,0.48269555
AT2G29080,0.028388694
AT2G29090,-0.3272742
AT2G29100,0.3657637
AT2G29110,0.49366134
AT2G29120,0.09888889
AT2G29125,-0.16222763
AT2G29130,-0.29588488
AT2G29140,0.109447055
AT2G29150,0.23200236
AT2G29170,-0.4099001
AT2G29180,-0.5975913
AT2G29190,-0.012921778
AT2G29200,0.22364934
AT2G29210,0.08014141
AT2G29220,0.063917555
AT2G29250,0.030993858
AT2G29260,0.09109797
AT2G29263,-0.00038272166
AT2G29290,-1.3430979
AT2G29300,-0.9522554
AT2G29310,-0.6363007
AT2G29320,-0.18528858
AT2G29330,0.048518144
AT2G29340,-0.18674876
AT2G29350,3.196461
AT2G29360,-0.4304198
AT2G29370,-0.02573406
AT2G29380,0.15486784
AT2G29390,0.013727611
AT2G29400,0.5473922
AT2G29410,0.10824301
AT2G29420,0.6364121
AT2G29430,0.24430528
AT2G29440,0.51697403
AT2G29450,0.4315362
AT2G29452,0.00093347766
AT2G29460,2.4325893
AT2G29470,2.7286758
AT2G29480,0.8839548
AT2G29485,0.0012437019
AT2G29490,0.8287067
AT2G29500,1.8488555
AT2G29510,-0.47859627
AT2G29525,0.017647693
AT2G29530,0.27597225
AT2G29540,0.20373502
AT2G29550,-0.31291476
AT2G29560,0.08868401
AT2G29570,-0.074546985
AT2G29580,0.0032999078
AT2G29590,0.17191774
AT2G29600,0.0033849517
AT2G29605,5.927442e-05
AT2G29610,0.0
AT2G29620,-0.0026322692
AT2G29628,-9.035176e-05
AT2G29630,-0.33465847
AT2G29640,0.0353488
AT2G29650,-0.17737631
AT2G29654,0.0
AT2G29660,0.06762019
AT2G29670,0.13871695
AT2G29679,0.00017781972
AT2G29680,-0.32255602
AT2G29690,-0.14654677
AT2G29700,0.20734271
AT2G29710,-0.043262076
AT2G29720,0.34250155
AT2G29730,-0.4810464
AT2G29735,0.0008382299
AT2G29740,0.03981607
AT2G29750,0.13534148
AT2G29760,0.16337313
AT2G29770,-0.00102633
AT2G29780,0.0
AT2G29790,0.0
AT2G29800,-4.9140483e-05
AT2G29810,0.0
AT2G29820,-0.001836312
AT2G29830,2.5798368e-05
AT2G29840,2.9803994e-05
AT2G29850,0.0012722868
AT2G29860,0.0
AT2G29870,0.00055692915
AT2G29880,0.0002493308
AT2G29890,-0.4885807
AT2G29900,0.06472438
AT2G29910,0.23448521
AT2G29920,0.00011107632
AT2G29925,0.0
AT2G29930,0.02245873
AT2G29940,0.6114322
AT2G29950,0.59973645
AT2G29960,0.12510046
AT2G29970,0.018800424
AT2G29980,-0.5970317
AT2G29990,0.4951935
AT2G29995,0.37066132
AT2G30000,0.33870596
AT2G30010,-0.36954564
AT2G30020,0.12647873
AT2G30040,0.015896859
AT2G30050,0.2711301
AT2G30060,0.12721649
AT2G30070,-0.1497649
AT2G30080,0.06585837
AT2G30090,0.026826853
AT2G30100,-0.16728851
AT2G30105,0.03086855
AT2G30110,0.33159646
AT2G30120,0.03018891
AT2G30130,0.007360744
AT2G30140,1.4598988
AT2G30150,-0.06803632
AT2G30160,0.14060073
AT2G30170,-0.27283645
AT2G30200,-0.14712806
AT2G30210,0.033738583
AT2G30220,-0.00053929776
AT2G30230,-0.2959804
AT2G30240,0.020980218
AT2G30250,0.5372072
AT2G30260,0.0975507
AT2G30270,0.37665382
AT2G30280,-0.061672695
AT2G30290,0.013978617
AT2G30300,-0.002189377
AT2G30310,-0.018497424
AT2G30320,-0.125005
AT2G30330,0.03947676
AT2G30340,0.052305404
AT2G30350,-0.08795327
AT2G30360,0.41921693
AT2G30370,0.10772418
AT2G30380,-0.009432945
AT2G30385,-0.00010014024
AT2G30390,-0.18248811
AT2G30395,0.8942867
AT2G30400,0.5437854
AT2G30410,-0.1632478
AT2G30420,-0.35763106
AT2G30424,-0.41421193
AT2G30430,-2.6345666e-05
AT2G30432,-0.031604987
AT2G30440,0.13279977
AT2G30460,-0.22967294
AT2G30470,0.05564246
AT2G30480,-0.043093137
AT2G30490,0.75126165
AT2G30500,-0.0872823
AT2G30505,-0.11360396
AT2G30520,-0.16025835
AT2G30530,0.18629985
AT2G30540,-0.17323764
AT2G30550,1.3196447
AT2G30560,-0.00026111287
AT2G30570,-0.45768502
AT2G30575,-0.20568502
AT2G30580,0.1742853
AT2G30590,0.12771724
AT2G30600,-0.026285164
AT2G30615,0.10140327
AT2G30620,-0.06488718
AT2G30630,0.0031138298
AT2G30650,0.0013751481
AT2G30660,0.5917756
AT2G30670,-0.035227593
AT2G30680,0.0012474231
AT2G30690,-0.039748434
AT2G30695,-0.36527985
AT2G30700,0.045277614
AT2G30710,0.10163271
AT2G30720,0.6010142
AT2G30730,0.012373707
AT2G30740,-0.0018401167
AT2G30750,3.210008
AT2G30760,0.011728727
AT2G30766,-0.09664248
AT2G30770,3.2728732
AT2G30780,0.076396
AT2G30790,-0.33108294
AT2G30800,-0.030831622
AT2G30810,0.0
AT2G30820,-0.21311517
AT2G30830,0.95676434
AT2G30840,1.0983969
AT2G30860,0.4267317
AT2G30870,0.38876912
AT2G30880,0.1686956
AT2G30890,-0.47882342
AT2G30900,0.020601427
AT2G30910,-0.09144528
AT2G30920,-0.1184176
AT2G30925,0.0
AT2G30930,0.10345739
AT2G30933,-0.056804854
AT2G30940,0.006088651
AT2G30942,0.074924
AT2G30950,-0.08483057
AT2G30960,-0.52069324
AT2G30970,0.3761029
AT2G30980,-0.11112045
AT2G30985,0.0010363044
AT2G30990,0.12102465
AT2G31005,0.0
AT2G31010,-0.2928793
AT2G31018,0.0
AT2G31020,0.7920921
AT2G31030,9.3832365e-05
AT2G31035,0.0007802263
AT2G31040,-0.24315847
AT2G31050,0.00019974005
AT2G31060,0.7458434
AT2G31070,-0.2873393
AT2G31081,0.00030699736
AT2G31082,-0.0023097976
AT2G31083,0.049248282
AT2G31085,-0.031434774
AT2G31090,0.2746408
AT2G31100,0.0020148535
AT2G31110,-0.1413857
AT2G31130,0.47824946
AT2G31140,0.027673848
AT2G31141,-0.010090309
AT2G31150,-0.5073958
AT2G31160,0.39082682
AT2G31170,-0.098629974
AT2G31180,0.56103116
AT2G31190,-0.106527686
AT2G31200,0.4396792
AT2G31210,-0.03706256
AT2G31215,0.0
AT2G31220,-0.06408624
AT2G31230,-0.044382803
AT2G31240,0.31698084
AT2G31250,0.02012532
AT2G31260,0.65668315
AT2G31265,0.0
AT2G31270,-0.0046849637
AT2G31280,0.28825006
AT2G31290,-0.12502603
AT2G31300,0.049485642
AT2G31305,0.3257526
AT2G31310,-0.016083378
AT2G31320,-0.26066926
AT2G31335,-0.06224248
AT2G31340,-0.07525477
AT2G31345,0.12392768
AT2G31350,0.39915583
AT2G31360,0.08438143
AT2G31370,-0.039604545
AT2G31380,0.16046958
AT2G31390,0.8308388
AT2G31400,0.16361558
AT2G31410,0.10444674
AT2G31420,0.19084011
AT2G31425,0.06620234
AT2G31430,0.0005871953
AT2G31432,0.0016222706
AT2G31440,-0.018741284
AT2G31450,-0.089874245
AT2G31460,4.9366743e-05
AT2G31470,0.0003040163
AT2G31480,-0.00310964
AT2G31490,0.17022325
AT2G31500,0.00081442506
AT2G31510,0.22274168
AT2G31530,-0.07084388
AT2G31540,0.012057205
AT2G31550,0.018433867
AT2G31560,0.25555685
AT2G31570,0.7073019
AT2G31580,-0.053827267
AT2G31590,0.026633883
AT2G31600,0.011326655
AT2G31610,0.018251896
AT2G31620,0.00013975475
AT2G31650,0.034671508
AT2G31660,-0.046724282
AT2G31670,0.27807903
AT2G31680,0.13349733
AT2G31690,0.11053163
AT2G31700,0.0001108613
AT2G31710,0.047774635
AT2G31720,4.032918e-05
AT2G31725,-0.16497046
AT2G31730,-0.22811419
AT2G31740,0.23386079
AT2G31750,-0.10765735
AT2G31760,0.00011466186
AT2G31770,0.000120512326
AT2G31780,3.477779e-05
AT2G31790,-0.36469302
AT2G31800,0.18714634
AT2G31810,-0.04240677
AT2G31820,0.02937124
AT2G31830,-0.10673623
AT2G31840,-0.06037031
AT2G31850,0.0002236808
AT2G31862,0.0016731764
AT2G31865,0.7157593
AT2G31870,0.002797627
AT2G31880,0.08537139
AT2G31890,-0.1023891
AT2G31900,-0.42285806
AT2G31910,-0.10589262
AT2G31920,-0.0057208864
AT2G31930,0.0059889765
AT2G31940,0.007841238
AT2G31945,0.94972014
AT2G31953,0.00053955417
AT2G31955,0.3354329
AT2G31957,0.018708503
AT2G31960,-0.0447538
AT2G31970,-0.18781552
AT2G31980,0.24831212
AT2G31981,-0.00044290905
AT2G31985,0.0019212207
AT2G31990,0.26144683
AT2G32000,-0.05027389
AT2G32010,-0.64983565
AT2G32020,0.6228731
AT2G32030,0.16950423
AT2G32040,-0.028504876
AT2G32050,0.11785727
AT2G32060,0.1653855
AT2G32070,-0.0015021396
AT2G32080,0.054647256
AT2G32090,-0.15809669
AT2G32100,-0.5588105
AT2G32120,0.07865457
AT2G32130,0.32270977
AT2G32140,0.5503844
AT2G32150,0.35180104
AT2G32160,0.33407325
AT2G32170,-0.05573618
AT2G32180,-0.35769576
AT2G32190,1.3198807
AT2G32200,0.27185187
AT2G32210,0.6478139
AT2G32220,0.18627442
AT2G32230,-0.04447297
AT2G32235,-0.0042150607
AT2G32240,-0.1127021
AT2G32250,0.12700029
AT2G32260,0.3418368
AT2G32270,-0.017697047
AT2G32275,0.001404813
AT2G32280,0.022026908
AT2G32290,-0.10403515
AT2G32295,0.121816106
AT2G32300,0.0014277559
AT2G32310,0.0033371726
AT2G32320,0.028077764
AT2G32340,-0.20884879
AT2G32350,0.0010408176
AT2G32360,-2.989633e-05
AT2G32370,-0.00021862736
AT2G32380,0.10927551
AT2G32390,0.10610827
AT2G32400,-0.048551183
AT2G32410,0.015192717
AT2G32415,-0.19589202
AT2G32430,0.09965677
AT2G32440,-0.43797922
AT2G32450,-0.31972364
AT2G32460,0.9858457
AT2G32470,-0.003728305
AT2G32480,0.052454326
AT2G32487,0.48180693
AT2G32500,-0.4811779
AT2G32510,0.8131984
AT2G32520,0.72823524
AT2G32530,0.2279298
AT2G32540,-0.17707175
AT2G32550,-0.031323742
AT2G32560,-0.49272043
AT2G32580,-0.07254558
AT2G32590,-0.033759125
AT2G32600,0.2679268
AT2G32610,0.010673901
AT2G32620,-0.0028387872
AT2G32630,0.021761453
AT2G32640,-0.48340952
AT2G32645,0.0040455516
AT2G32650,-0.054139078
AT2G32660,1.2052425
AT2G32670,0.48376897
AT2G32680,0.33982047
AT2G32690,-1.0288537
AT2G32700,0.105645284
AT2G32710,-0.043969397
AT2G32720,-0.31209588
AT2G32730,0.18538627
AT2G32740,0.010320475
AT2G32750,-0.067683406
AT2G32760,0.027295437
AT2G32765,-0.13657102
AT2G32770,-0.13242862
AT2G32780,-0.00086210953
AT2G32785,0.0
AT2G32788,0.0
AT2G32790,0.016581038
AT2G32800,0.0032412529
AT2G32810,-0.009984784
AT2G32820,-0.015559216
AT2G32830,0.43026027
AT2G32835,0.0
AT2G32840,0.07462297
AT2G32850,0.28194574
AT2G32860,-0.39619225
AT2G32870,-0.36452964
AT2G32880,-0.22484311
AT2G32885,-0.07778059
AT2G32890,0.016591262
AT2G32900,0.12905835
AT2G32905,0.003551241
AT2G32910,0.15402488
AT2G32920,0.2020222
AT2G32930,0.1668534
AT2G32940,-0.14121081
AT2G32950,-0.113098
AT2G32960,0.6919113
AT2G32970,-0.44255513
AT2G32980,-0.0069191875
AT2G32990,-0.11790765
AT2G33000,0.04542939
AT2G33010,0.002759453
AT2G33020,0.17159905
AT2G33030,0.0039239833
AT2G33040,0.29918903
AT2G33050,-0.23255205
AT2G33060,-0.20417209
AT2G33070,0.026823165
AT2G33080,0.54810643
AT2G33090,0.009234491
AT2G33100,0.2208667
AT2G33110,0.32459724
AT2G33120,0.29856002
AT2G33130,0.21675953
AT2G33150,0.8469518
AT2G33160,0.6055612
AT2G33170,0.33194476
AT2G33175,0.15835984
AT2G33180,-0.22929613
AT2G33190,0.013017069
AT2G33200,-0.0003344727
AT2G33205,0.009831908
AT2G33210,0.23287143
AT2G33220,0.14726022
AT2G33230,-0.002037662
AT2G33233,-0.00029386173
AT2G33240,-0.052527804
AT2G33255,-0.20469092
AT2G33260,-0.035797637
AT2G33270,-0.012911621
AT2G33280,-0.1944604
AT2G33290,-0.16464548
AT2G33300,-0.0015128782
AT2G33310,-0.24872808
AT2G33320,0.100498155
AT2G33330,-0.7861886
AT2G33340,0.21009524
AT2G33350,-0.037691306
AT2G33360,-0.18250954
AT2G33380,1.3190817
AT2G33385,0.6417164
AT2G33390,-0.07286129
AT2G33400,-0.2679173
AT2G33410,0.40668225
AT2G33420,0.004722927
AT2G33430,0.0
AT2G33435,-0.018016066
AT2G33450,-0.5136749
AT2G33460,0.026567945
AT2G33470,0.27380416
AT2G33480,0.07479635
AT2G33490,0.20017897
AT2G33500,-0.28112635
AT2G33510,-0.16489469
AT2G33520,-0.0025154524
AT2G33530,0.06167782
AT2G33540,-0.22635049
AT2G33550,-0.1507609
AT2G33560,-0.11761855
AT2G33570,-0.8453063
AT2G33580,0.49794334
AT2G33585,0.23218764
AT2G33590,0.6647972
AT2G33600,0.011555948
AT2G33610,0.11038257
AT2G33620,0.1641132
AT2G33630,0.2484865
AT2G33640,-0.034371257
AT2G33655,0.0
AT2G33670,2.022087e-05
AT2G33680,-0.071630865
AT2G33685,0.0
AT2G33690,0.004262956
AT2G33700,0.44905186
AT2G33705,2.7555865e-05
AT2G33710,0.6394144
AT2G33720,0.010566373
AT2G33730,0.21902645
AT2G33735,-0.18774977
AT2G33740,0.13832922
AT2G33750,-0.00291292
AT2G33760,-0.024467891
AT2G33770,0.0784574
AT2G33775,-0.08122429
AT2G33780,0.25393957
AT2G33790,0.0053632488
AT2G33793,0.03527777
AT2G33796,-0.0008223055
AT2G33800,-0.62888247
AT2G33810,-0.13355342
AT2G33820,-0.2291287
AT2G33830,0.36351594
AT2G33835,0.12206138
AT2G33840,-0.07821519
AT2G33845,0.5354194
AT2G33847,0.06576246
AT2G33850,-0.02300928
AT2G33855,-0.16052835
AT2G33860,-0.3009372
AT2G33870,0.00029438396
AT2G33880,-0.0009615177
AT2G33980,-0.04558774
AT2G33990,-0.016745582
AT2G34000,0.13035102
AT2G34010,-0.05349782
AT2G34020,-0.0023361335
AT2G34030,0.012309062
AT2G34040,0.30821505
AT2G34050,0.00011577889
AT2G34060,-0.72762686
AT2G34070,1.1272589
AT2G34080,0.901553
AT2G34090,0.008865644
AT2G34100,-0.00014639896
AT2G34110,2.4421939e-05
AT2G34120,0.0
AT2G34123,0.0
AT2G34135,0.0
AT2G34140,0.4314296
AT2G34150,-0.3731587
AT2G34160,0.35055006
AT2G34170,-0.7932328
AT2G34180,0.55508846
AT2G34185,-0.042207833
AT2G34186,0.0
AT2G34190,-0.11896637
AT2G34200,-0.040195193
AT2G34210,-0.0018702578
AT2G34220,-0.13158013
AT2G34224,-0.0005499917
AT2G34230,0.020830626
AT2G34238,-0.006465229
AT2G34240,-0.036386423
AT2G34250,0.3833055
AT2G34260,0.34968266
AT2G34270,0.00064798124
AT2G34280,0.0047032963
AT2G34290,-0.00037943362
AT2G34300,-0.5506373
AT2G34310,-0.05854437
AT2G34317,-0.0015369039
AT2G34320,-0.0011613764
AT2G34325,0.006879852
AT2G34330,-0.0026519787
AT2G34340,-0.018115869
AT2G34350,-0.008009568
AT2G34355,-0.022627262
AT2G34357,0.14071089
AT2G34360,0.42991617
AT2G34370,0.00039986623
AT2G34380,0.06343788
AT2G34390,-0.0065973992
AT2G34400,0.11034767
AT2G34410,0.005060045
AT2G34420,-0.37286106
AT2G34430,-1.0131525
AT2G34440,0.06280765
AT2G34450,0.041136418
AT2G34460,-0.024778642
AT2G34470,0.0646146
AT2G34480,0.07689162
AT2G34490,0.019826675
AT2G34500,2.5607185
AT2G34510,-0.8212738
AT2G34520,0.1949791
AT2G34530,-0.19073804
AT2G34540,-0.0591621
AT2G34555,-0.027954608
AT2G34560,-0.18185985
AT2G34570,0.28707024
AT2G34580,0.102900974
AT2G34590,-0.033231795
AT2G34600,-0.15059197
AT2G34610,0.4812392
AT2G34620,-1.0096595
AT2G34630,0.3381378
AT2G34640,-0.19279881
AT2G34650,0.059982643
AT2G34655,-0.057908107
AT2G34660,0.011423499
AT2G34670,-0.14272916
AT2G34680,-0.7429749
AT2G34690,0.21606672
AT2G34700,0.006513387
AT2G34710,-0.069855385
AT2G34720,0.040356655
AT2G34730,0.28546834
AT2G34740,0.0019947635
AT2G34750,0.09082908
AT2G34770,-0.11995433
AT2G34780,0.11069053
AT2G34790,0.21912706
AT2G34810,1.1686236
AT2G34820,-0.0072338376
AT2G34825,0.0
AT2G34830,0.04800068
AT2G34840,0.24066366
AT2G34850,-0.24426301
AT2G34860,-0.26729852
AT2G34870,-0.0015367363
AT2G34880,0.003020685
AT2G34890,7.2365176e-05
AT2G34900,0.20523712
AT2G34910,-0.108620755
AT2G34920,-0.30760098
AT2G34925,-0.14036155
AT2G34930,-0.48844698
AT2G34940,0.42373085
AT2G34960,-0.33401838
AT2G34970,0.04601447
AT2G34980,-0.06815019
AT2G34990,0.02911396
AT2G35000,-0.00890024
AT2G35010,0.22306412
AT2G35020,-0.022064438
AT2G35030,-0.12631886
AT2G35035,-0.046660326
AT2G35040,0.012372108
AT2G35050,-0.06768511
AT2G35060,0.28143108
AT2G35065,0.0
AT2G35075,-0.011654645
AT2G35080,0.0006268228
AT2G35090,0.0015771973
AT2G35100,0.0015733117
AT2G35110,-0.008193881
AT2G35120,-0.11664972
AT2G35130,-0.4002612
AT2G35140,-0.1599343
AT2G35150,-0.11921283
AT2G35155,-0.23913269
AT2G35160,-0.13999659
AT2G35170,-0.04073683
AT2G35190,-0.37658456
AT2G35200,-0.0072335186
AT2G35210,-0.07739179
AT2G35215,0.001260541
AT2G35230,0.03547988
AT2G35240,0.16005921
AT2G35250,0.0003241492
AT2G35260,-0.5964357
AT2G35270,0.022018692
AT2G35280,-0.0022926854
AT2G35290,-0.12653872
AT2G35300,0.35269424
AT2G35310,-0.0012759311
AT2G35320,-0.06940323
AT2G35330,0.10379873
AT2G35340,-0.26875058
AT2G35343,-0.020513918
AT2G35345,-0.018535962
AT2G35350,-0.26420826
AT2G35360,0.25710824
AT2G35370,-0.5644424
AT2G35380,0.016152987
AT2G35390,0.05867265
AT2G35410,-0.14781068
AT2G35420,-0.028122738
AT2G35430,-0.017652975
AT2G35440,0.0
AT2G35460,0.0010167136
AT2G35470,-0.1672328
AT2G35480,0.53113085
AT2G35490,0.056690212
AT2G35500,-0.6461134
AT2G35510,0.13275547
AT2G35520,0.05462696
AT2G35530,0.21520765
AT2G35540,0.10070203
AT2G35550,0.19452748
AT2G35555,-0.01460405
AT2G35580,0.007961127
AT2G35585,-0.12342779
AT2G35600,-0.16378562
AT2G35605,0.018390473
AT2G35610,0.2423032
AT2G35612,0.0038558494
AT2G35615,1.7414313e-05
AT2G35620,-0.25433195
AT2G35630,-0.055164486
AT2G35635,0.41283017
AT2G35640,-0.3129911
AT2G35650,-0.3181206
AT2G35658,0.2834044
AT2G35660,-0.43159094
AT2G35670,0.002281611
AT2G35680,0.14104237
AT2G35690,0.014015597
AT2G35700,-0.0012283211
AT2G35710,0.34470913
AT2G35720,0.46250105
AT2G35730,1.6435906
AT2G35733,0.009205446
AT2G35736,0.4452486
AT2G35740,0.031638034
AT2G35750,-0.16611753
AT2G35760,-0.9327969
AT2G35765,0.0020327368
AT2G35770,0.04859966
AT2G35780,-0.14465499
AT2G35790,0.5094405
AT2G35795,0.0089212265
AT2G35800,-0.29381302
AT2G35810,0.28110635
AT2G35820,0.13961197
AT2G35830,-0.35612652
AT2G35840,-0.11520275
AT2G35850,0.0039062584
AT2G35860,-0.5785531
AT2G35880,-0.36392847
AT2G35890,0.0027618438
AT2G35900,0.15894252
AT2G35910,0.3694617
AT2G35920,0.024059368
AT2G35930,0.618633
AT2G35935,0.002336602
AT2G35940,0.45283386
AT2G35950,0.4725766
AT2G35960,-0.4402746
AT2G35965,0.04348255
AT2G35970,0.07740988
AT2G35980,2.3186634
AT2G35990,0.010080364
AT2G36000,-0.20764937
AT2G36010,-0.20745063
AT2G36020,0.3411662
AT2G36026,-0.15323196
AT2G36030,0.017613078
AT2G36050,-0.45738244
AT2G36060,0.17026447
AT2G36070,0.06920127
AT2G36080,0.81403846
AT2G36090,0.08592669
AT2G36100,-0.016246047
AT2G36110,0.015323544
AT2G36120,0.22392334
AT2G36130,-0.00083433697
AT2G36145,-0.6056579
AT2G36160,0.090843536
AT2G36170,0.06767942
AT2G36180,-0.00014934596
AT2G36190,0.001652513
AT2G36200,-0.2556861
AT2G36210,0.060763407
AT2G36220,0.44544622
AT2G36230,-0.38721284
AT2G36240,-0.07160911
AT2G36250,-0.044297293
AT2G36255,-0.0001796582
AT2G36260,-0.0037924845
AT2G36270,0.48407716
AT2G36290,0.17583804
AT2G36295,-0.005288177
AT2G36300,0.16904894
AT2G36305,0.21793441
AT2G36307,0.0
AT2G36310,0.20540953
AT2G36320,0.1780344
AT2G36325,0.10046508
AT2G36330,0.27594382
AT2G36340,-0.15199651
AT2G36350,0.06730637
AT2G36355,0.028283369
AT2G36360,0.20524994
AT2G36370,-0.011442247
AT2G36380,0.48000732
AT2G36390,0.1815516
AT2G36400,-0.36566922
AT2G36410,-0.16781099
AT2G36420,-0.27479783
AT2G36430,-0.61457115
AT2G36440,0.03551062
AT2G36450,-0.000137594
AT2G36460,0.6252816
AT2G36470,0.25982955
AT2G36480,0.034538
AT2G36490,-0.34865808
AT2G36500,-0.03849025
AT2G36530,0.55312806
AT2G36540,0.0045834985
AT2G36550,0.0012070171
AT2G36560,0.000642076
AT2G36570,-0.63932556
AT2G36580,0.5275467
AT2G36590,-0.16162297
AT2G36610,0.0056093424
AT2G36620,-0.07219272
AT2G36630,-0.02408566
AT2G36640,-0.14426641
AT2G36650,-0.0186247
AT2G36660,-0.0034128714
AT2G36670,0.4105737
AT2G36680,0.20095848
AT2G36690,-0.18104698
AT2G36695,0.07360644
AT2G36700,-3.391335e-05
AT2G36710,0.0028338365
AT2G36720,-0.13401477
AT2G36724,3.315094e-05
AT2G36730,-0.31499636
AT2G36740,-0.055188604
AT2G36750,0.6288154
AT2G36760,-0.016322643
AT2G36770,1.0643448
AT2G36780,1.2655246
AT2G36790,0.18655266
AT2G36800,1.0770487
AT2G36810,-0.0942504
AT2G36815,0.017613238
AT2G36830,0.28942412
AT2G36835,0.17493403
AT2G36840,0.13125001
AT2G36850,0.015541224
AT2G36854,-0.00040006984
AT2G36870,-0.61126816
AT2G36880,0.32411662
AT2G36885,-0.12116425
AT2G36890,0.14396319
AT2G36895,0.0548041
AT2G36900,0.34494588
AT2G36910,-0.08760391
AT2G36920,0.013479956
AT2G36930,0.21198209
AT2G36950,0.6652148
AT2G36960,0.39544702
AT2G36970,-0.5378103
AT2G36980,-0.02156605
AT2G36985,-0.0070408094
AT2G36990,-0.41089976
AT2G37000,0.016147755
AT2G37010,0.000112208225
AT2G37020,0.0028361785
AT2G37025,-0.41745248
AT2G37030,-0.0085555455
AT2G37035,0.07209496
AT2G37040,0.9480765
AT2G37050,-0.28371447
AT2G37060,0.16427693
AT2G37070,0.14874892
AT2G37080,-0.33253312
AT2G37090,-0.13634254
AT2G37100,-0.0718747
AT2G37110,0.34641656
AT2G37120,-0.044835493
AT2G37125,0.018902358
AT2G37130,0.9506511
AT2G37140,-0.03584176
AT2G37150,0.3704807
AT2G37160,0.0957762
AT2G37170,0.13916276
AT2G37180,-0.029072858
AT2G37190,-0.07708507
AT2G37195,0.017108802
AT2G37200,0.22218305
AT2G37210,0.03155228
AT2G37220,-0.24118955
AT2G37230,-0.03513317
AT2G37240,-0.040945794
AT2G37250,0.69403404
AT2G37260,-0.15670699
AT2G37270,0.08246256
AT2G37280,0.12602842
AT2G37290,-0.0014115624
AT2G37300,-0.08978753
AT2G37310,-0.21873893
AT2G37320,-0.101536535
AT2G37330,-0.062135365
AT2G37340,0.26973724
AT2G37360,0.31381977
AT2G37370,-0.032783955
AT2G37380,-0.34660956
AT2G37390,0.019770866
AT2G37400,0.14811562
AT2G37410,0.32941526
AT2G37420,-0.08181699
AT2G37430,0.6792046
AT2G37435,0.031721693
AT2G37440,0.5011929
AT2G37450,-0.6769202
AT2G37460,-0.42681536
AT2G37470,-0.021012435
AT2G37480,0.11447436
AT2G37500,-0.08205969
AT2G37510,0.027306104
AT2G37520,0.31389403
AT2G37530,-0.062236853
AT2G37540,0.088596396
AT2G37550,0.033210434
AT2G37560,0.020749036
AT2G37570,0.20659389
AT2G37580,0.57326496
AT2G37585,-0.3385128
AT2G37590,-0.0631677
AT2G37600,-0.10347668
AT2G37610,-0.0022409263
AT2G37620,0.34405166
AT2G37630,-0.08680711
AT2G37640,-0.24347073
AT2G37650,-0.032517172
AT2G37660,-0.4852834
AT2G37670,0.06518487
AT2G37678,-0.14595643
AT2G37680,0.33464664
AT2G37690,0.5190191
AT2G37700,-0.018502092
AT2G37710,0.38067174
AT2G37720,-0.08460506
AT2G37730,0.0010306457
AT2G37740,0.027952079
AT2G37750,1.5672067
AT2G37760,1.072751
AT2G37770,1.7062637
AT2G37780,0.014028093
AT2G37790,-0.34418473
AT2G37800,2.2896696e-05
AT2G37805,0.0057656313
AT2G37810,0.000261336
AT2G37820,0.01500124
AT2G37840,-0.00792024
AT2G37860,-0.22084998
AT2G37870,1.3162578
AT2G37880,-0.03823955
AT2G37890,0.24666521
AT2G37900,-0.26910734
AT2G37910,-0.0074906326
AT2G37925,-0.105657265
AT2G37930,-0.19162838
AT2G37940,0.39523384
AT2G37950,-0.6710805
AT2G37960,0.032635063
AT2G37970,0.54139763
AT2G37975,0.29865944
AT2G37980,0.9017707
AT2G37990,0.17250657
AT2G38000,0.58801717
AT2G38010,-0.10231955
AT2G38020,0.26838127
AT2G38025,-0.0036480601
AT2G38040,-0.40152663
AT2G38050,-0.021096883
AT2G38060,0.14809647
AT2G38070,-0.15643251
AT2G38080,0.049486246
AT2G38090,-0.4420669
AT2G38100,-0.0016112393
AT2G38110,0.20656167
AT2G38120,-0.7959938
AT2G38130,0.25798962
AT2G38140,-0.4123538
AT2G38150,0.007757948
AT2G38152,0.015046791
AT2G38160,0.011424022
AT2G38170,0.17004442
AT2G38180,0.4434236
AT2G38185,-0.03442178
AT2G38195,-0.07031865
AT2G38210,-0.20302929
AT2G38220,-0.0010710275
AT2G38230,-0.01163241
AT2G38240,2.82117
AT2G38250,1.0568805
AT2G38255,0.036358166
AT2G38270,0.18963712
AT2G38280,-0.035991773
AT2G38290,0.49009162
AT2G38300,-0.28671077
AT2G38310,0.21349505
AT2G38320,-0.09799926
AT2G38330,-0.034341004
AT2G38340,1.4563317
AT2G38350,0.0002890895
AT2G38360,0.26255682
AT2G38365,0.0027225276
AT2G38370,0.007225169
AT2G38380,1.4073435
AT2G38390,0.03598037
AT2G38400,0.646785
AT2G38410,0.26796374
AT2G38420,-0.033644706
AT2G38430,-0.047688495
AT2G38440,-0.1165988
AT2G38450,0.12553288
AT2G38460,-0.3799287
AT2G38465,0.20953786
AT2G38470,0.8800509
AT2G38480,-0.28548807
AT2G38490,0.85755354
AT2G38500,0.33145803
AT2G38510,0.0005597538
AT2G38530,0.6479097
AT2G38540,-0.17091689
AT2G38550,0.1499209
AT2G38560,0.19577909
AT2G38570,-0.36264688
AT2G38580,0.12077583
AT2G38590,0.0047704773
AT2G38600,0.026520053
AT2G38610,0.36607215
AT2G38620,-0.008780609
AT2G38630,-0.076861575
AT2G38640,0.3501524
AT2G38646,0.00035740188
AT2G38650,-0.14113724
AT2G38660,0.110839285
AT2G38670,0.24551545
AT2G38680,-0.19017476
AT2G38690,0.16605216
AT2G38695,-0.14998053
AT2G38700,-0.004936069
AT2G38710,0.46387303
AT2G38720,-0.012894193
AT2G38730,0.174872
AT2G38740,0.3197844
AT2G38750,0.44180435
AT2G38760,0.62861055
AT2G38770,0.000195706
AT2G38780,-0.34766203
AT2G38790,0.27947026
AT2G38800,0.29726756
AT2G38810,-0.1907732
AT2G38820,-0.09476365
AT2G38823,0.78496426
AT2G38830,0.5975185
AT2G38840,0.058714382
AT2G38860,1.7086211
AT2G38870,1.548431
AT2G38880,0.3879667
AT2G38890,0.014747983
AT2G38900,1.3176447e-06
AT2G38905,0.0019641777
AT2G38910,0.00036212621
AT2G38920,0.061820146
AT2G38940,0.98946434
AT2G38950,0.23367305
AT2G38960,0.008749002
AT2G38970,-0.17153706
AT2G38995,-0.2890651
AT2G39000,-0.010733783
AT2G39010,-0.3720644
AT2G39020,0.23992188
AT2G39030,2.2418628
AT2G39040,0.065862946
AT2G39050,1.2941633
AT2G39060,1.6851593e-05
AT2G39070,0.0
AT2G39090,-0.07503342
AT2G39100,0.45979574
AT2G39110,0.30077818
AT2G39120,0.01894474
AT2G39130,-0.07843442
AT2G39140,-0.09259965
AT2G39160,-0.0030118849
AT2G39170,0.11434109
AT2G39180,-0.28643396
AT2G39190,-0.37742376
AT2G39200,0.55076694
AT2G39210,0.5163722
AT2G39220,-0.019416451
AT2G39230,0.06445505
AT2G39240,-0.20606653
AT2G39250,-0.72200453
AT2G39260,0.05803446
AT2G39270,0.7627772
AT2G39280,-0.44493973
AT2G39290,0.039361816
AT2G39300,0.12864462
AT2G39310,0.47892407
AT2G39320,0.2273187
AT2G39330,0.7013971
AT2G39340,0.04427508
AT2G39350,1.2508695
AT2G39355,4.1931868e-05
AT2G39360,0.07909648
AT2G39370,-0.017622903
AT2G39375,0.17421168
AT2G39380,0.19299816
AT2G39390,0.076270044
AT2G39400,-0.021268498
AT2G39410,0.7638038
AT2G39415,0.00023341982
AT2G39420,0.19746529
AT2G39430,-0.0018699033
AT2G39435,0.11598669
AT2G39445,0.0888664
AT2G39450,-0.31580517
AT2G39460,0.08608971
AT2G39470,-0.75709766
AT2G39480,0.13971192
AT2G39490,0.09302426
AT2G39500,0.14435762
AT2G39510,0.01346134
AT2G39518,1.4795879
AT2G39520,0.00022193807
AT2G39530,0.99774605
AT2G39540,5.444921e-05
AT2G39550,0.18151952
AT2G39560,-0.14636415
AT2G39570,0.07774257
AT2G39580,-0.20690046
AT2G39590,0.009409156
AT2G39620,-0.036546845
AT2G39630,0.13414355
AT2G39640,0.001765381
AT2G39650,0.5258198
AT2G39660,0.81861407
AT2G39670,-0.091248296
AT2G39690,-0.25185814
AT2G39700,-0.32765958
AT2G39705,-0.17619644
AT2G39710,0.7298087
AT2G39720,0.2235214
AT2G39725,0.7679241
AT2G39730,-0.74444485
AT2G39740,0.031407014
AT2G39750,-0.009468437
AT2G39760,0.15017948
AT2G39770,0.27596453
AT2G39780,0.56968445
AT2G39782,3.857797e-05
AT2G39790,0.0059026415
AT2G39795,0.122820206
AT2G39800,0.22581123
AT2G39805,0.2169136
AT2G39810,-0.046844248
AT2G39820,0.07610957
AT2G39830,0.47163668
AT2G39840,0.14384206
AT2G39850,-0.47181848
AT2G39851,0.00035030322
AT2G39855,-0.0007606704
AT2G39865,0.0
AT2G39870,-0.21560663
AT2G39880,-0.30049464
AT2G39890,-0.05017772
AT2G39900,-0.039404787
AT2G39910,0.014332958
AT2G39920,0.07902652
AT2G39930,-0.34457505
AT2G39940,0.05207138
AT2G39950,-0.13031197
AT2G39960,0.19387145
AT2G39970,0.46405417
AT2G39975,0.008248906
AT2G39990,0.25254083
AT2G40000,-0.17409882
AT2G40004,-0.0010853806
AT2G40010,-0.24936499
AT2G40020,-0.14791624
AT2G40030,-0.29123545
AT2G40050,0.13942082
AT2G40060,0.121318445
AT2G40070,-0.14259791
AT2G40080,0.48757142
AT2G40085,-0.13458715
AT2G40090,0.30013865
AT2G40095,0.8915235
AT2G40100,-0.78098965
AT2G40110,0.40570965
AT2G40113,1.1624719
AT2G40116,0.06645434
AT2G40120,-0.096086785
AT2G40130,-0.44602904
AT2G40140,0.5508303
AT2G40150,-0.57040185
AT2G40160,0.084048
AT2G40165,-0.042528022
AT2G40170,0.1290122
AT2G40180,0.3522227
AT2G40190,0.010825799
AT2G40200,0.6107426
AT2G40210,-5.499401e-05
AT2G40220,-0.0067733875
AT2G40230,-0.16099168
AT2G40240,-0.040794067
AT2G40250,0.013333311
AT2G40260,-0.28848955
AT2G40270,0.1398872
AT2G40280,-0.02972724
AT2G40290,0.1387935
AT2G40300,-0.07253455
AT2G40310,5.6772667e-05
AT2G40313,0.0
AT2G40320,-0.19499257
AT2G40330,0.0034641013
AT2G40340,1.0784025
AT2G40350,0.115577295
AT2G40360,0.23449875
AT2G40370,0.60092264
AT2G40380,0.008009021
AT2G40390,0.5908627
AT2G40400,-0.12910463
AT2G40410,0.114948355
AT2G40420,0.25636357
AT2G40430,0.017636055
AT2G40435,0.13712814
AT2G40440,-0.009745288
AT2G40450,0.0038504805
AT2G40460,0.1608918
AT2G40470,0.06897784
AT2G40475,-0.52421486
AT2G40480,-0.39404508
AT2G40490,-0.36834478
AT2G40500,0.06960224
AT2G40510,0.1839271
AT2G40520,-0.013706223
AT2G40530,-0.5912921
AT2G40540,-0.46842563
AT2G40550,0.055974644
AT2G40560,0.0010441934
AT2G40570,-0.22146083
AT2G40580,0.0017420095
AT2G40590,0.10440202
AT2G40600,0.24567065
AT2G40610,-1.048656
AT2G40620,0.2936282
AT2G40630,0.01998269
AT2G40640,-0.38146028
AT2G40650,0.08304917
AT2G40660,0.0051326677
AT2G40670,-0.01916208
AT2G40690,-0.119825274
AT2G40700,0.2959254
AT2G40710,0.099887855
AT2G40711,-0.17686714
AT2G40715,0.015918633
AT2G40720,-0.09396787
AT2G40730,0.19025703
AT2G40740,0.27851972
AT2G40745,-0.00932511
AT2G40750,0.97971475
AT2G40760,-0.19826029
AT2G40765,0.5268613
AT2G40770,0.004523258
AT2G40780,0.20512214
AT2G40790,0.027130913
AT2G40800,-0.032877922
AT2G40810,-0.023016052
AT2G40815,-0.134205
AT2G40820,0.07622737
AT2G40830,0.41801813
AT2G40840,0.17993993
AT2G40850,-0.12016588
AT2G40860,-0.17701972
AT2G40880,-0.14512675
AT2G40890,0.15686984
AT2G40900,-0.14494257
AT2G40910,0.017517649
AT2G40920,-0.05578449
AT2G40925,-0.0058473432
AT2G40930,0.11824154
AT2G40935,0.056496676
AT2G40940,0.22449203
AT2G40950,0.5348836
AT2G40955,0.1134922
AT2G40960,-0.4907909
AT2G40970,-0.03686362
AT2G40980,-0.033359893
AT2G40990,0.03782638
AT2G40995,0.0
AT2G41000,0.234324
AT2G41010,0.18379214
AT2G41020,0.0573263
AT2G41040,0.41137382
AT2G41050,-0.109023966
AT2G41060,-0.09629531
AT2G41070,0.16818683
AT2G41080,-0.14747107
AT2G41082,-0.014575853
AT2G41090,0.293238
AT2G41100,0.33346447
AT2G41105,-0.0007984952
AT2G41110,0.4375538
AT2G41120,0.049271494
AT2G41130,-0.17768066
AT2G41140,0.091740094
AT2G41150,-0.039448027
AT2G41160,0.14999364
AT2G41170,-0.5849068
AT2G41180,-0.27268806
AT2G41190,-0.090274274
AT2G41200,-0.011501673
AT2G41210,0.0073397886
AT2G41220,0.22407322
AT2G41225,0.00012862725
AT2G41230,0.40880385
AT2G41231,0.0056959568
AT2G41240,-0.10048399
AT2G41250,-0.114492856
AT2G41260,0.2729215
AT2G41280,0.09016493
AT2G41290,-0.5862349
AT2G41300,-0.22000852
AT2G41310,-0.17065954
AT2G41330,-0.27579388
AT2G41340,-0.20830086
AT2G41342,0.22110605
AT2G41350,-0.14928478
AT2G41355,0.00023528394
AT2G41360,0.0019454458
AT2G41370,-0.051958792
AT2G41375,-7.540967e-05
AT2G41380,0.93023115
AT2G41390,9.569383e-06
AT2G41400,0.0013436759
AT2G41410,0.5838481
AT2G41415,0.0057461974
AT2G41417,0.0
AT2G41420,0.20400254
AT2G41430,-0.11522814
AT2G41440,0.03666466
AT2G41445,0.019884255
AT2G41450,0.017677816
AT2G41451,0.012145419
AT2G41460,0.22555612
AT2G41470,0.014568678
AT2G41473,0.0020469008
AT2G41475,-0.012853823
AT2G41480,-0.48602217
AT2G41490,0.2107089
AT2G41500,0.15655059
AT2G41505,-0.018898912
AT2G41510,-0.03217636
AT2G41515,-0.034812592
AT2G41520,-0.058718223
AT2G41530,0.18435253
AT2G41540,-0.010755386
AT2G41550,-0.14881495
AT2G41560,-0.5471336
AT2G41590,0.0033521026
AT2G41600,0.013646229
AT2G41610,-0.044726282
AT2G41620,-0.06898759
AT2G41630,-0.17036365
AT2G41640,0.08644682
AT2G41650,-0.16460295
AT2G41660,0.08699304
AT2G41670,0.28890312
AT2G41680,-0.22264606
AT2G41690,0.3746535
AT2G41700,0.16081423
AT2G41705,0.5427876
AT2G41710,-0.27298522
AT2G41720,-0.28780463
AT2G41730,1.2167182
AT2G41740,0.06693373
AT2G41750,0.068883024
AT2G41760,-0.18330966
AT2G41770,-0.1131138
AT2G41780,0.54396945
AT2G41790,0.1583091
AT2G41800,0.97324824
AT2G41810,0.21941039
AT2G41820,-0.52718836
AT2G41830,0.020495018
AT2G41835,0.73917973
AT2G41840,0.027631992
AT2G41850,1.5255075
AT2G41860,0.003541776
AT2G41870,-0.17534694
AT2G41880,-0.09809431
AT2G41890,-0.12598231
AT2G41900,0.3215323
AT2G41905,0.29762685
AT2G41910,0.0018723925
AT2G41920,0.0017669162
AT2G41930,-0.0022135368
AT2G41940,-0.39868465
AT2G41945,0.3942468
AT2G41950,-0.110532366
AT2G41960,-0.02596942
AT2G41970,0.0040058712
AT2G41980,-0.082525656
AT2G41990,-0.371227
AT2G41997,-0.0008341715
AT2G42000,-0.0015055605
AT2G42005,-0.022099355
AT2G42010,0.1404564
AT2G42030,-0.070052445
AT2G42040,-0.11621101
AT2G42060,0.019344676
AT2G42065,0.22203669
AT2G42070,-0.038619485
AT2G42080,0.10402614
AT2G42090,-0.0038225078
AT2G42100,-3.3535936e-05
AT2G42110,-0.11176371
AT2G42120,-0.1389706
AT2G42130,-0.09486479
AT2G42140,0.08159113
AT2G42150,0.038987935
AT2G42160,0.07915643
AT2G42170,-0.45058733
AT2G42180,-0.000101918
AT2G42190,-0.32888895
AT2G42200,-0.2113903
AT2G42210,0.08050251
AT2G42220,-0.75742
AT2G42230,0.03486859
AT2G42240,0.26365998
AT2G42250,-0.04128355
AT2G42260,0.09270269
AT2G42270,-0.09225719
AT2G42280,0.47088724
AT2G42290,-0.20334718
AT2G42300,-0.26048234
AT2G42310,0.36636856
AT2G42320,-0.6555036
AT2G42330,0.11162882
AT2G42340,0.026141718
AT2G42350,0.55891263
AT2G42360,0.9125456
AT2G42370,-0.09801061
AT2G42380,-0.9912474
AT2G42390,0.20330124
AT2G42395,-0.092341095
AT2G42400,0.1494933
AT2G42410,0.00041350126
AT2G42430,0.1290051
AT2G42440,0.0065135984
AT2G42450,-0.019993957
AT2G42455,-0.000250646
AT2G42460,0.05974012
AT2G42465,4.2446394e-05
AT2G42470,0.0030924596
AT2G42475,-0.0029045271
AT2G42480,0.11005272
AT2G42490,0.053103745
AT2G42500,-0.0570154
AT2G42510,-0.33938736
AT2G42520,0.4112887
AT2G42530,-0.0761687
AT2G42540,-0.17492396
AT2G42550,0.00020147253
AT2G42560,0.39060563
AT2G42570,0.3356428
AT2G42580,-0.58658314
AT2G42590,-0.3615163
AT2G42600,-0.02379529
AT2G42610,-0.1684059
AT2G42620,0.02615014
AT2G42640,-0.05011348
AT2G42650,0.21792156
AT2G42660,-0.003539787
AT2G42670,0.14364426
AT2G42680,0.6027828
AT2G42690,-0.44709575
AT2G42700,0.24696434
AT2G42710,0.118747324
AT2G42720,-0.059122205
AT2G42725,0.0024400188
AT2G42730,-0.12603275
AT2G42740,-0.19686237
AT2G42750,-0.049236476
AT2G42760,-0.30769804
AT2G42770,-0.11871429
AT2G42780,0.19584404
AT2G42790,0.65000135
AT2G42800,-0.024571113
AT2G42810,0.115502775
AT2G42820,-0.057775676
AT2G42830,-0.0077254875
AT2G42840,0.3870815
AT2G42850,-0.09667676
AT2G42860,0.008885454
AT2G42865,0.0038632192
AT2G42870,-0.611957
AT2G42880,-0.19737253
AT2G42885,0.0041096415
AT2G42890,0.59854186
AT2G42900,-0.235926
AT2G42910,0.06873319
AT2G42920,-0.35524794
AT2G42930,0.0009797524
AT2G42940,0.013727622
AT2G42950,0.3250307
AT2G42955,-0.0078177685
AT2G42960,-0.17985906
AT2G42975,-0.39671656
AT2G42980,0.29105106
AT2G42990,-0.00013709832
AT2G43000,1.9219027
AT2G43010,-0.4475045
AT2G43020,0.71706605
AT2G43030,-0.3977255
AT2G43040,-0.01254875
AT2G43050,0.17446767
AT2G43060,0.24013317
AT2G43070,0.20034085
AT2G43080,0.3170441
AT2G43090,0.42240584
AT2G43100,-0.7076582
AT2G43110,0.029274855
AT2G43120,0.54461676
AT2G43130,-0.048659217
AT2G43140,0.58915406
AT2G43150,0.24855222
AT2G43160,0.13791306
AT2G43180,0.08990452
AT2G43190,0.15889959
AT2G43200,-0.43705773
AT2G43210,0.14198948
AT2G43220,0.00039789453
AT2G43230,0.15706642
AT2G43240,0.20884423
AT2G43250,0.056916256
AT2G43255,-0.0038069475
AT2G43260,0.045287397
AT2G43261,0.00025723342
AT2G43270,-0.005510209
AT2G43280,0.037571017
AT2G43290,0.14120236
AT2G43310,-0.039643303
AT2G43320,0.56545454
AT2G43330,-0.049129844
AT2G43340,-0.31892878
AT2G43350,0.18738434
AT2G43360,-0.4344497
AT2G43370,0.08406788
AT2G43386,9.6627635e-05
AT2G43390,0.0017087008
AT2G43400,0.033700217
AT2G43410,0.0392863
AT2G43420,0.25450376
AT2G43430,0.030137155
AT2G43440,-0.031809203
AT2G43445,-0.39411154
AT2G43450,0.0005271504
AT2G43460,0.03316827
AT2G43465,-0.2103129
AT2G43470,-0.0019194101
AT2G43480,-0.00015601305
AT2G43490,0.40963534
AT2G43500,-0.17635576
AT2G43510,1.6902125
AT2G43520,0.9160653
AT2G43530,0.5464563
AT2G43535,0.7648838
AT2G43540,0.35586685
AT2G43550,0.21964301
AT2G43560,-0.44168317
AT2G43570,2.0170596
AT2G43580,0.6997418
AT2G43590,0.8804499
AT2G43600,0.0016038963
AT2G43610,0.019719254
AT2G43620,0.72139454
AT2G43630,0.048225407
AT2G43640,0.30397424
AT2G43650,-0.020311838
AT2G43660,0.024402725
AT2G43670,0.0063844444
AT2G43680,0.329324
AT2G43690,-0.28837585
AT2G43700,0.092744306
AT2G43710,-0.20980096
AT2G43720,0.19249333
AT2G43730,-0.020140126
AT2G43740,0.011753587
AT2G43745,0.019749982
AT2G43750,-0.014951507
AT2G43760,0.07468512
AT2G43770,0.32194835
AT2G43780,0.39026847
AT2G43790,0.31506836
AT2G43795,0.000102166
AT2G43800,-0.22511533
AT2G43810,0.066884175
AT2G43820,0.97649854
AT2G43840,0.06521236
AT2G43850,0.012395803
AT2G43860,-0.0012779055
AT2G43865,0.006331494
AT2G43870,1.0035809
AT2G43880,0.018531824
AT2G43890,-0.0038139638
AT2G43900,-0.13600771
AT2G43910,-0.21001424
AT2G43920,-0.48119658
AT2G43930,-0.01014378
AT2G43940,0.36247113
AT2G43945,-0.08049324
AT2G43950,0.097469874
AT2G43960,0.015740557
AT2G43970,0.11656456
AT2G43980,0.25762394
AT2G43990,0.03730248
AT2G44000,-0.039496567
AT2G44010,0.5943955
AT2G44020,0.12795624
AT2G44030,0.0043530194
AT2G44040,-0.09860232
AT2G44050,-0.056870516
AT2G44060,-0.08793353
AT2G44065,0.35448322
AT2G44070,0.03434397
AT2G44080,0.31697783
AT2G44090,-0.0024811553
AT2G44100,0.3343076
AT2G44110,0.015205763
AT2G44120,0.18442358
AT2G44130,0.5786752
AT2G44140,0.27678603
AT2G44150,-0.046311483
AT2G44160,-0.28036544
AT2G44170,0.0
AT2G44175,-0.00018458554
AT2G44180,0.2790471
AT2G44190,-0.020539755
AT2G44195,0.007493411
AT2G44198,0.0
AT2G44200,0.129758
AT2G44210,-0.17488022
AT2G44220,-0.018642614
AT2G44230,-0.4831288
AT2G44240,0.6242343
AT2G44250,0.005013384
AT2G44260,0.21048917
AT2G44270,0.1347199
AT2G44280,0.49446967
AT2G44290,0.5685909
AT2G44300,-0.22165312
AT2G44310,0.08545115
AT2G44330,0.0022063283
AT2G44340,-0.0028943496
AT2G44350,0.6299471
AT2G44360,0.106675126
AT2G44370,0.06966098
AT2G44380,0.056216974
AT2G44390,0.07841756
AT2G44400,0.14169767
AT2G44410,0.45902628
AT2G44420,0.28867942
AT2G44430,0.053548846
AT2G44440,-0.1960234
AT2G44450,0.33371702
AT2G44460,0.099692024
AT2G44470,0.0010348437
AT2G44480,0.17876336
AT2G44490,0.15818368
AT2G44500,0.2966018
AT2G44510,0.41522413
AT2G44520,0.23467118
AT2G44525,0.21459965
AT2G44530,0.18612596
AT2G44540,-7.1393006e-05
AT2G44550,-0.00032293433
AT2G44560,0.0019222609
AT2G44570,0.023419565
AT2G44578,0.672425
AT2G44580,0.0019315829
AT2G44581,0.004424439
AT2G44590,0.0055677257
AT2G44600,0.17836776
AT2G44610,0.18380119
AT2G44620,0.10182689
AT2G44630,-0.12244628
AT2G44640,-0.38858873
AT2G44650,0.028243434
AT2G44660,0.11556258
AT2G44670,-0.114587106
AT2G44680,0.11702785
AT2G44690,-0.027759371
AT2G44700,-0.031178843
AT2G44710,0.20701201
AT2G44730,-0.0356534
AT2G44735,0.0088386675
AT2G44740,-0.6493076
AT2G44745,0.0077060466
AT2G44750,0.094470695
AT2G44760,0.0012165281
AT2G44770,0.1750425
AT2G44790,1.9632097
AT2G44800,0.04188746
AT2G44810,-0.2860475
AT2G44820,0.09502683
AT2G44830,-0.32158977
AT2G44840,-0.012513911
AT2G44850,0.04543182
AT2G44860,0.34911236
AT2G44870,0.052528612
AT2G44880,-0.074721605
AT2G44890,0.112999275
AT2G44900,-0.029867394
AT2G44910,0.021635331
AT2G44920,-0.5903622
AT2G44925,0.0033133377
AT2G44930,-0.15800613
AT2G44940,0.16783309
AT2G44950,-0.067040704
AT2G44970,0.23763037
AT2G44980,0.27170828
AT2G44990,0.51446587
AT2G44993,-0.001967541
AT2G45000,0.3729157
AT2G45010,0.25547752
AT2G45030,0.40591803
AT2G45040,-0.008875749
AT2G45050,-0.04642983
AT2G45060,0.18715562
AT2G45070,0.43918115
AT2G45080,0.054319814
AT2G45100,-0.24984188
AT2G45110,2.8157332e-05
AT2G45120,-0.055585418
AT2G45130,0.07740019
AT2G45135,0.037835255
AT2G45140,0.40997514
AT2G45150,-0.122363165
AT2G45160,0.03121644
AT2G45170,0.3445723
AT2G45180,-0.94817364
AT2G45190,-0.67792064
AT2G45200,-0.067955405
AT2G45210,1.0515273
AT2G45220,3.3835227
AT2G45240,0.2612346
AT2G45243,0.048201412
AT2G45250,-0.01441282
AT2G45260,0.12210274
AT2G45270,-0.019452158
AT2G45280,0.2434378
AT2G45290,0.47557613
AT2G45300,0.5494823
AT2G45310,-0.14697976
AT2G45320,0.40722412
AT2G45330,0.4022623
AT2G45340,-0.14126624
AT2G45350,-0.26265553
AT2G45360,0.7295317
AT2G45370,0.0
AT2G45400,-0.757594
AT2G45403,-0.0014410611
AT2G45403,-0.0014410611
AT2G45405,-0.0029797906
AT2G45406,0.0
AT2G45410,-0.003774626
AT2G45420,0.123584494
AT2G45430,0.004910018
AT2G45440,0.14157583
AT2G45450,-0.17218164
AT2G45460,-0.0800426
AT2G45470,-0.77145904
AT2G45480,-0.014654652
AT2G45490,0.023098696
AT2G45500,0.6333096
AT2G45510,0.4385924
AT2G45520,0.036851108
AT2G45530,0.010860181
AT2G45540,0.010594342
AT2G45550,0.053253442
AT2G45560,-0.10335303
AT2G45570,2.7602372
AT2G45580,0.14193322
AT2G45590,-0.32980227
AT2G45600,-0.25695327
AT2G45610,4.234268e-05
AT2G45620,0.14268234
AT2G45630,0.19420584
AT2G45640,0.20443515
AT2G45650,-0.0043978463
AT2G45660,0.09518327
AT2G45670,-0.01751056
AT2G45680,0.024486156
AT2G45690,-0.020284189
AT2G45695,0.30510822
AT2G45700,-0.18303947
AT2G45710,0.32652158
AT2G45720,0.034882493
AT2G45730,-0.09757367
AT2G45740,0.22105587
AT2G45750,0.07839178
AT2G45760,1.80466
AT2G45770,-0.03483489
AT2G45790,0.13708541
AT2G45800,-0.47055486
AT2G45810,-0.1949098
AT2G45820,-0.5939494
AT2G45830,-0.30479202
AT2G45840,-0.0018767315
AT2G45850,-0.3604977
AT2G45860,-0.117458485
AT2G45870,-0.0701939
AT2G45880,-0.064742535
AT2G45890,-0.04037166
AT2G45900,-0.16709283
AT2G45910,0.15145442
AT2G45920,0.17644161
AT2G45930,0.076652706
AT2G45940,-0.058632307
AT2G45950,-0.08939829
AT2G45960,-0.19487444
AT2G45970,-0.6908756
AT2G45980,0.21426055
AT2G45990,-0.21856412
AT2G46000,0.30589706
AT2G46020,0.0038907446
AT2G46030,-0.012226764
AT2G46040,0.38365316
AT2G46050,0.042104907
AT2G46060,-0.0449992
AT2G46070,-0.025652066
AT2G46080,0.10426284
AT2G46090,0.05724888
AT2G46100,0.40532717
AT2G46110,-0.32226428
AT2G46130,0.0140765235
AT2G46140,0.58169293
AT2G46150,0.29496485
AT2G46160,-0.11309147
AT2G46170,0.2964251
AT2G46180,-0.04108972
AT2G46190,4.338722e-05
AT2G46200,0.1867144
AT2G46210,-0.07409407
AT2G46220,-0.09233347
AT2G46225,-0.4399924
AT2G46230,0.33335492
AT2G46240,0.50129104
AT2G46250,-0.8364107
AT2G46260,0.36687106
AT2G46270,0.2036873
AT2G46280,0.28056678
AT2G46290,-0.14227565
AT2G46300,-0.009362187
AT2G46308,0.00012999268
AT2G46310,-0.0332815
AT2G46320,0.17182255
AT2G46330,-0.010754439
AT2G46340,-0.06233031
AT2G46360,0.017108778
AT2G46370,0.036127154
AT2G46375,0.0041668057
AT2G46380,-0.22660969
AT2G46390,0.35782656
AT2G46400,0.37357906
AT2G46410,-0.045377716
AT2G46420,-0.09577633
AT2G46430,0.5382903
AT2G46440,0.5500775
AT2G46450,-0.034139737
AT2G46455,-0.0096958345
AT2G46460,0.0011196933
AT2G46470,0.26364878
AT2G46480,-0.013782496
AT2G46490,0.22312532
AT2G46493,0.00068766344
AT2G46494,0.0013769193
AT2G46495,0.011876817
AT2G46500,0.37357628
AT2G46505,0.4653885
AT2G46510,0.009186376
AT2G46520,0.006196997
AT2G46530,-0.6678614
AT2G46535,-0.15824592
AT2G46540,0.30286795
AT2G46550,0.040118065
AT2G46560,0.057668332
AT2G46567,-0.039491266
AT2G46570,-0.14853345
AT2G46580,0.05735603
AT2G46590,-0.20642939
AT2G46600,0.36293408
AT2G46610,0.0910415
AT2G46620,0.52611697
AT2G46630,-0.6968129
AT2G46640,-0.50723237
AT2G46650,0.59273326
AT2G46660,-0.25872755
AT2G46670,0.23660785
AT2G46680,0.9574892
AT2G46690,0.39796996
AT2G46700,-0.0052862084
AT2G46710,-0.5677359
AT2G46720,-0.45434263
AT2G46735,0.02176268
AT2G46740,0.015854968
AT2G46750,1.0888954
AT2G46760,-0.055760887
AT2G46765,0.047899935
AT2G46770,-0.014988759
AT2G46780,-0.3582322
AT2G46790,-0.19883747
AT2G46800,0.11930986
AT2G46810,-0.12865168
AT2G46820,-0.68140507
AT2G46830,-0.3118643
AT2G46840,0.012550778
AT2G46850,0.0027944138
AT2G46860,0.0037708473
AT2G46870,-0.10313094
AT2G46880,-0.00580042
AT2G46890,-0.3190591
AT2G46900,0.20011424
AT2G46910,-0.39810345
AT2G46915,-0.18889757
AT2G46920,0.01910692
AT2G46930,0.12896058
AT2G46940,0.009686553
AT2G46950,0.15540548
AT2G46960,9.948154e-05
AT2G46970,-0.36965042
AT2G46980,0.11304606
AT2G46990,-0.038241643
AT2G46995,0.08521412
AT2G47000,1.686083
AT2G47010,-0.22821377
AT2G47020,-0.07699754
AT2G47030,0.0021853105
AT2G47040,0.0041579283
AT2G47050,-0.0042929337
AT2G47060,-0.47820768
AT2G47070,-0.36545804
AT2G47090,-0.12790924
AT2G47110,0.07940669
AT2G47115,0.0005706238
AT2G47120,-4.3859804e-05
AT2G47130,0.9188303
AT2G47140,-0.009514003
AT2G47150,-0.0042740647
AT2G47160,-0.2837342
AT2G47170,0.28344998
AT2G47180,0.5235908
AT2G47190,1.814922
AT2G47200,0.31948364
AT2G47210,0.13833946
AT2G47220,-0.09403838
AT2G47230,-0.31012014
AT2G47240,-0.423627
AT2G47245,0.012058902
AT2G47250,-0.018933285
AT2G47260,-0.114361934
AT2G47270,0.15691577
AT2G47280,0.00022584795
AT2G47300,0.039803594
AT2G47310,-0.03456455
AT2G47320,0.19162609
AT2G47330,0.23543127
AT2G47340,-0.0024650523
AT2G47350,0.16610591
AT2G47360,0.02354068
AT2G47370,-0.32633016
AT2G47380,0.39222622
AT2G47390,0.3236678
AT2G47400,0.026441254
AT2G47410,-0.13565703
AT2G47420,0.25377643
AT2G47430,-0.00022523405
AT2G47440,-0.62181395
AT2G47450,-0.52601147
AT2G47460,0.03649945
AT2G47470,0.48397565
AT2G47480,-0.054416023
AT2G47485,-0.006809083
AT2G47490,0.112702206
AT2G47500,-0.514283
AT2G47510,0.5625462
AT2G47520,0.36489615
AT2G47530,0.0036986407
AT2G47540,0.004333018
AT2G47550,1.2424686
AT2G47560,0.11203415
AT2G47570,-0.00050213735
AT2G47580,-0.054109883
AT2G47584,0.0
AT2G47590,-0.404048
AT2G47600,0.7779358
AT2G47610,0.17575371
AT2G47620,0.1401085
AT2G47630,0.020685824
AT2G47640,0.26484522
AT2G47650,0.36424577
AT2G47670,0.26541033
AT2G47680,-0.12949742
AT2G47690,0.13386385
AT2G47700,0.024535902
AT2G47710,0.32314497
AT2G47720,0.0010156172
AT2G47730,0.028459381
AT2G47750,-0.384974
AT2G47760,0.16839579
AT2G47770,0.88524747
AT2G47780,-0.36569536
AT2G47790,0.09833927
AT2G47800,0.44540447
AT2G47810,-0.0003960461
AT2G47820,0.28265405
AT2G47830,0.1721218
AT2G47840,0.1398666
AT2G47844,-0.011518433
AT2G47850,-0.012080018
AT2G47860,0.075547144
AT2G47870,0.17219761
AT2G47880,-1.0317073
AT2G47885,-0.00027233417
AT2G47890,0.246167
AT2G47900,0.021221403
AT2G47910,0.03897484
AT2G47920,-0.09500847
AT2G47930,-0.9924323
AT2G47935,-0.0075459885
AT2G47940,-0.5205566
AT2G47950,0.85784847
AT2G47960,0.23750456
AT2G47970,0.38630512
AT2G47980,0.070872724
AT2G47990,0.31919295
AT2G48000,0.09491263
AT2G48010,0.3261427
AT2G48020,-0.07613249
AT2G48030,0.08730795
AT2G48060,0.10713317
AT2G48070,-0.2518151
AT2G48075,-0.06324668
AT2G48080,0.018895537
AT2G48090,0.45562872
AT2G48100,0.12348915
AT2G48110,0.07587831
AT2G48120,-0.1854526
AT2G48121,-0.018930418
AT2G48130,0.016371498
AT2G48140,0.18388657
AT2G48150,0.20355457
AT2G48160,0.018353906
AT3G01010,-4.610066e-06
AT3G01015,-0.00033435225
AT3G01020,0.0023289986
AT3G01030,0.077993594
AT3G01040,0.45059276
AT3G01050,0.065762654
AT3G01060,-0.29763567
AT3G01070,-0.12802032
AT3G01080,0.8663713
AT3G01085,0.0026691945
AT3G01090,0.16108114
AT3G01100,0.27450296
AT3G01120,0.12963082
AT3G01130,0.31206778
AT3G01140,-0.15190844
AT3G01150,0.18457644
AT3G01160,0.020560743
AT3G01170,0.34654227
AT3G01175,0.3648405
AT3G01180,-0.04949697
AT3G01185,0.00021554632
AT3G01190,0.0072116884
AT3G01200,0.3129822
AT3G01210,-0.0588168
AT3G01220,-0.00023785877
AT3G01230,1.6496867e-06
AT3G01240,0.0002706989
AT3G01250,0.0004480682
AT3G01260,-0.04942519
AT3G01270,-0.01238478
AT3G01280,0.6012341
AT3G01290,1.2840209
AT3G01300,0.011171311
AT3G01310,-0.06501959
AT3G01311,0.095954485
AT3G01319,-0.00010591695
AT3G01320,-0.0044215145
AT3G01322,0.00078280224
AT3G01323,0.008006064
AT3G01324,0.0
AT3G01325,0.0026627022
AT3G01326,0.0010302765
AT3G01327,0.009238212
AT3G01328,1.44727055e-05
AT3G01329,0.00219412
AT3G01330,0.015199792
AT3G01331,0.002589706
AT3G01340,0.1609562
AT3G01345,-0.12728024
AT3G01350,0.068207584
AT3G01360,0.25713536
AT3G01370,-0.13517864
AT3G01380,-0.022404598
AT3G01390,0.0054929922
AT3G01400,0.23279369
AT3G01410,-0.11708556
AT3G01415,0.0
AT3G01420,2.8750312
AT3G01430,0.101387426
AT3G01435,0.16248937
AT3G01440,-0.69799024
AT3G01450,-0.17388903
AT3G01460,-0.015854117
AT3G01470,0.44409907
AT3G01475,0.004460339
AT3G01480,-0.60175
AT3G01490,-0.49565166
AT3G01500,-1.3772265
AT3G01510,-0.02879592
AT3G01513,0.035787612
AT3G01516,0.0015183216
AT3G01520,-0.0026325204
AT3G01530,0.0014080583
AT3G01540,0.48380068
AT3G01550,-0.7501302
AT3G01560,0.037228554
AT3G01570,0.057322435
AT3G01572,-0.004306392
AT3G01580,0.08110804
AT3G01590,0.28707707
AT3G01600,0.07123581
AT3G01610,-0.005376329
AT3G01620,-0.0011739071
AT3G01630,-0.044391222
AT3G01640,0.19597729
AT3G01650,0.5501076
AT3G01660,-0.24098249
AT3G01670,-0.36805496
AT3G01680,-0.37850863
AT3G01690,-0.41963398
AT3G01700,-0.0017587849
AT3G01710,-0.0528627
AT3G01720,0.32443374
AT3G01730,0.018782698
AT3G01740,0.2858322
AT3G01750,0.15920277
AT3G01760,0.005324833
AT3G01770,0.13196348
AT3G01780,-0.013601901
AT3G01790,0.062193524
AT3G01800,0.52052855
AT3G01810,-0.7892396
AT3G01820,0.16592321
AT3G01830,0.5260098
AT3G01840,-0.09360079
AT3G01850,0.14789845
AT3G01860,-0.4203696
AT3G01870,-0.003965406
AT3G01880,0.00014453358
AT3G01890,-0.21951428
AT3G01900,0.007948708
AT3G01910,0.22805242
AT3G01920,-0.040277265
AT3G01930,0.07630974
AT3G01940,-0.089208715
AT3G01950,-0.2547324
AT3G01960,-0.30311328
AT3G01961,0.00020631314
AT3G01970,1.6073903
AT3G01980,-0.078132436
AT3G01990,0.019338055
AT3G02000,-0.008229675
AT3G02010,-0.038824696
AT3G02020,-0.75432944
AT3G02030,-0.064916275
AT3G02040,0.36368978
AT3G02050,-0.14112009
AT3G02060,0.00833374
AT3G02065,0.011993153
AT3G02070,0.10329583
AT3G02080,0.105016574
AT3G02090,0.38351494
AT3G02100,0.009093121
AT3G02110,-0.7500228
AT3G02120,-0.17973028
AT3G02125,0.0023839856
AT3G02130,-0.29904243
AT3G02140,0.6729969
AT3G02150,0.5406636
AT3G02160,0.2855663
AT3G02170,-0.18909317
AT3G02180,-0.12462673
AT3G02190,0.4877361
AT3G02200,0.24626273
AT3G02210,0.33403653
AT3G02220,0.22719234
AT3G02230,0.9414624
AT3G02240,0.47588712
AT3G02242,0.0041887583
AT3G02245,0.010396116
AT3G02250,-0.3685104
AT3G02255,0.0011974669
AT3G02260,0.048638716
AT3G02270,0.004162915
AT3G02280,0.22521883
AT3G02290,0.09223149
AT3G02300,-0.029805182
AT3G02310,0.006694852
AT3G02320,0.4655472
AT3G02330,0.038190853
AT3G02340,0.19199069
AT3G02350,-0.10970794
AT3G02360,0.5888685
AT3G02370,-0.046629976
AT3G02380,-0.510452
AT3G02390,0.05530186
AT3G02400,-0.23326929
AT3G02410,-0.23495686
AT3G02420,0.32613686
AT3G02430,0.0012029718
AT3G02440,0.00034102733
AT3G02450,-0.094497666
AT3G02460,0.048518103
AT3G02470,0.24039555
AT3G02480,1.3410187
AT3G02490,0.029360393
AT3G02493,0.014300949
AT3G02500,0.14687997
AT3G02510,0.08482967
AT3G02520,0.63660365
AT3G02530,0.040386487
AT3G02540,-0.3114904
AT3G02550,0.1919901
AT3G02555,-0.010220743
AT3G02560,0.030549776
AT3G02570,-0.0642152
AT3G02580,0.15635142
AT3G02590,0.0011610881
AT3G02600,-0.019341005
AT3G02610,0.17583998
AT3G02620,0.13994518
AT3G02630,0.063096546
AT3G02640,-0.24705204
AT3G02645,-0.014641271
AT3G02650,0.22212556
AT3G02660,-0.07997115
AT3G02670,0.02847006
AT3G02673,4.9229686e-05
AT3G02677,0.0053674383
AT3G02680,-0.158562
AT3G02690,-0.36469975
AT3G02700,0.04215177
AT3G02710,0.3388724
AT3G02720,0.0048108464
AT3G02730,-0.33447617
AT3G02740,0.5235301
AT3G02750,-0.10725177
AT3G02760,-0.036340997
AT3G02770,0.23129898
AT3G02780,0.2595932
AT3G02790,0.18905494
AT3G02800,0.3575087
AT3G02810,0.07108142
AT3G02820,0.051325276
AT3G02830,-0.38063344
AT3G02840,1.0567237
AT3G02850,-0.0823455
AT3G02860,0.069458656
AT3G02870,-0.3468335
AT3G02875,1.3752327
AT3G02880,0.279556
AT3G02885,0.4674507
AT3G02890,-0.1165543
AT3G02900,-0.03188614
AT3G02910,0.1009048
AT3G02920,0.069537
AT3G02930,0.051426128
AT3G02940,0.09472868
AT3G02950,0.024001814
AT3G02960,1.7177525e-05
AT3G02970,0.006396679
AT3G02975,-2.669135e-06
AT3G02980,-0.13272603
AT3G02990,0.34132347
AT3G03000,-0.062022552
AT3G03010,-0.13242798
AT3G03020,-0.024937525
AT3G03030,-0.31204253
AT3G03040,-0.21859884
AT3G03050,0.024610026
AT3G03060,0.5187232
AT3G03070,0.20280963
AT3G03080,0.0012242073
AT3G03090,-0.06511968
AT3G03100,0.37685108
AT3G03110,0.24152261
AT3G03120,0.33456048
AT3G03130,0.006051102
AT3G03140,0.102897264
AT3G03150,-0.061509658
AT3G03160,0.20655936
AT3G03170,0.053999934
AT3G03180,-0.16687405
AT3G03190,-0.48628825
AT3G03200,-0.04153168
AT3G03210,-0.06517347
AT3G03220,-0.034351654
AT3G03230,0.0052569113
AT3G03240,0.091072224
AT3G03250,0.23943557
AT3G03260,0.0022563846
AT3G03270,0.42440093
AT3G03272,0.04947035
AT3G03280,-0.024809018
AT3G03290,0.0018289356
AT3G03300,-0.10204799
AT3G03305,0.11328821
AT3G03310,0.76737523
AT3G03320,0.21252054
AT3G03330,0.19941413
AT3G03340,0.2791129
AT3G03341,-0.0797312
AT3G03350,-0.07533603
AT3G03360,-0.07131702
AT3G03370,0.008997217
AT3G03380,0.09292622
AT3G03400,3.2154487e-05
AT3G03405,0.0
AT3G03410,2.3023022e-05
AT3G03420,0.120536126
AT3G03430,0.028322207
AT3G03440,1.0273165
AT3G03450,-0.193443
AT3G03460,-0.061797444
AT3G03470,1.3073469
AT3G03480,1.6831837
AT3G03490,0.4931625
AT3G03500,0.030242162
AT3G03510,0.00029362668
AT3G03520,-0.2919193
AT3G03530,0.32076874
AT3G03540,0.01290691
AT3G03550,0.12652294
AT3G03560,0.43697402
AT3G03570,0.34009075
AT3G03580,-0.09888446
AT3G03590,-0.07812999
AT3G03600,0.35742325
AT3G03610,0.835006
AT3G03620,0.09017126
AT3G03630,0.10750602
AT3G03640,0.049028154
AT3G03650,0.31373698
AT3G03660,0.025790673
AT3G03670,0.017264172
AT3G03680,-0.29937026
AT3G03690,-0.04851938
AT3G03700,0.88675094
AT3G03710,-0.24278636
AT3G03720,0.17374577
AT3G03726,0.0006511857
AT3G03730,-2.6875874e-05
AT3G03740,0.13111931
AT3G03750,-0.1052663
AT3G03760,0.0013311199
AT3G03770,-0.4276352
AT3G03773,0.1555569
AT3G03776,-0.010158786
AT3G03780,-0.046553228
AT3G03790,0.0333058
AT3G03800,-0.008278834
AT3G03810,0.10213005
AT3G03820,-0.59399164
AT3G03826,-3.4436314e-05
AT3G03828,0.00048018972
AT3G03830,-0.23022684
AT3G03840,-0.38335755
AT3G03847,-0.004695207
AT3G03850,-0.2564126
AT3G03860,0.13722828
AT3G03870,0.16118458
AT3G03880,0.09090069
AT3G03890,0.3328137
AT3G03900,-0.1401156
AT3G03910,-0.24808954
AT3G03920,0.18790805
AT3G03930,-0.014221502
AT3G03940,0.035060093
AT3G03950,0.60052764
AT3G03960,0.026100324
AT3G03970,0.1695451
AT3G03980,-0.0901031
AT3G03990,0.35612568
AT3G04000,1.7179484
AT3G04010,0.6470318
AT3G04020,0.0036521784
AT3G04030,0.3100703
AT3G04040,0.47773495
AT3G04050,0.088793255
AT3G04060,1.3425804
AT3G04070,1.6009233
AT3G04080,0.23299463
AT3G04090,0.38662022
AT3G04100,-0.010498617
AT3G04110,-0.03222087
AT3G04120,0.57784444
AT3G04130,-0.11182007
AT3G04140,-0.10704099
AT3G04150,3.8312563e-05
AT3G04160,-0.17632982
AT3G04170,0.09262518
AT3G04180,0.008788622
AT3G04181,0.27190715
AT3G04184,0.017512426
AT3G04190,0.107925974
AT3G04200,-0.0012911002
AT3G04210,-0.033302087
AT3G04220,1.1803783
AT3G04230,0.20132525
AT3G04240,0.24271478
AT3G04250,-7.846205e-05
AT3G04260,-0.22873107
AT3G04270,0.0
AT3G04280,5.7644927e-05
AT3G04290,-0.025178945
AT3G04300,0.019755624
AT3G04310,-0.040281612
AT3G04320,1.4360405
AT3G04330,0.004034127
AT3G04340,-0.36638027
AT3G04350,0.28605837
AT3G04360,-0.05889736
AT3G04370,0.004148005
AT3G04380,-0.12930463
AT3G04390,0.0
AT3G04410,-0.00048780398
AT3G04420,0.1765715
AT3G04430,0.00070293795
AT3G04440,0.20176172
AT3G04443,-0.3057051
AT3G04450,-0.3245332
AT3G04460,0.16842203
AT3G04470,-0.035156123
AT3G04480,0.030706387
AT3G04490,-0.06734484
AT3G04500,0.17519394
AT3G04510,-0.021555668
AT3G04520,0.4050451
AT3G04530,0.017415976
AT3G04540,-4.9362232e-05
AT3G04545,-3.2448424e-05
AT3G04550,-0.055617947
AT3G04560,0.39628762
AT3G04570,0.012965687
AT3G04580,0.28218153
AT3G04590,0.13646422
AT3G04600,0.2764472
AT3G04610,0.11602941
AT3G04620,0.23886886
AT3G04630,0.07112367
AT3G04640,0.326003
AT3G04650,-0.15059331
AT3G04660,0.010507246
AT3G04670,0.27230713
AT3G04680,0.068758555
AT3G04690,0.16358837
AT3G04700,-0.03894529
AT3G04710,0.28946704
AT3G04720,1.4201391
AT3G04730,-0.5200525
AT3G04735,0.0037619057
AT3G04740,-0.0022180474
AT3G04750,-0.09455444
AT3G04760,-0.1449036
AT3G04770,0.00026255625
AT3G04780,0.5908224
AT3G04790,-0.09450432
AT3G04800,0.07582285
AT3G04810,-0.15912944
AT3G04820,0.1970759
AT3G04830,0.056054126
AT3G04840,0.16357365
AT3G04850,-0.12231985
AT3G04854,-0.061044242
AT3G04855,0.0009549787
AT3G04860,-0.32345796
AT3G04870,-0.029349165
AT3G04880,0.17023863
AT3G04890,-0.10420228
AT3G04900,0.009969979
AT3G04903,0.00012356689
AT3G04910,-0.27816114
AT3G04920,-0.18390751
AT3G04930,-0.03902385
AT3G04940,-0.44312906
AT3G04943,7.2427924e-06
AT3G04945,0.00032974494
AT3G04950,-0.11000881
AT3G04960,-0.246687
AT3G04970,0.21569291
AT3G04980,-0.04067093
AT3G04990,-0.00035296226
AT3G05000,-0.09459152
AT3G05010,0.2448968
AT3G05020,-0.06894532
AT3G05030,0.1473564
AT3G05035,-0.168039
AT3G05040,0.112072326
AT3G05050,0.36964488
AT3G05060,0.13227555
AT3G05070,0.2344701
AT3G05080,-0.00034708943
AT3G05090,0.37083545
AT3G05100,-0.0106533505
AT3G05110,0.038428646
AT3G05120,0.44839022
AT3G05130,0.19341066
AT3G05140,-0.056668147
AT3G05150,-0.0053876233
AT3G05155,-0.0070779584
AT3G05160,-0.11857199
AT3G05165,0.8011877
AT3G05170,0.590397
AT3G05180,-0.53337497
AT3G05190,-0.2972579
AT3G05200,0.12457298
AT3G05210,0.3010419
AT3G05220,0.009036533
AT3G05230,0.16475512
AT3G05240,-0.07356429
AT3G05250,0.23678686
AT3G05260,-0.012472937
AT3G05270,0.019266441
AT3G05280,0.25078002
AT3G05290,0.46514782
AT3G05300,0.0012079234
AT3G05310,-0.018826291
AT3G05320,-0.5319778
AT3G05327,0.11876469
AT3G05330,0.2888046
AT3G05340,-0.3899273
AT3G05345,-0.2348491
AT3G05350,-0.020107776
AT3G05360,1.066389
AT3G05365,0.10321134
AT3G05370,-0.28924206
AT3G05380,0.45046756
AT3G05390,1.1625342
AT3G05400,1.4127665
AT3G05410,-0.26528051
AT3G05420,0.15721922
AT3G05425,0.0
AT3G05430,-0.19372988
AT3G05440,4.0883995e-05
AT3G05450,0.00084412773
AT3G05460,-0.0003982545
AT3G05470,0.010588235
AT3G05480,-0.00930496
AT3G05490,-0.2806665
AT3G05500,0.12008603
AT3G05510,0.21418875
AT3G05520,-0.0065682167
AT3G05530,0.55471075
AT3G05540,-9.038392e-05
AT3G05545,0.08081401
AT3G05550,-0.031487357
AT3G05560,0.08601518
AT3G05570,0.44466943
AT3G05580,0.20890671
AT3G05590,0.07592832
AT3G05600,0.12319877
AT3G05610,-0.0011721774
AT3G05620,-0.10072871
AT3G05625,-0.26636338
AT3G05630,1.2241694
AT3G05640,0.63346034
AT3G05650,0.3603115
AT3G05660,0.31629843
AT3G05670,-0.07219697
AT3G05675,-0.10666888
AT3G05680,-0.06996066
AT3G05685,-0.0795193
AT3G05690,-0.07350684
AT3G05700,0.22530101
AT3G05710,0.18835771
AT3G05720,0.0013629646
AT3G05725,1.2017498e-10
AT3G05727,0.06702534
AT3G05730,-0.9232917
AT3G05740,-0.080189
AT3G05741,6.760833e-05
AT3G05746,-0.0002740623
AT3G05750,-0.3480981
AT3G05760,0.14426883
AT3G05770,0.5548014
AT3G05775,0.0
AT3G05780,0.03540757
AT3G05790,0.067906536
AT3G05800,0.03846809
AT3G05810,0.24941921
AT3G05820,-0.05546919
AT3G05830,0.24014603
AT3G05840,0.026651397
AT3G05850,0.18978845
AT3G05858,0.012592875
AT3G05860,-0.006863684
AT3G05870,0.35444725
AT3G05880,0.21118571
AT3G05890,-0.0382031
AT3G05900,-1.3227992
AT3G05910,-0.11427983
AT3G05920,0.0108925905
AT3G05930,0.07358228
AT3G05935,-0.06734767
AT3G05936,-0.5074007
AT3G05937,0.5510749
AT3G05940,0.06851619
AT3G05950,0.00739436
AT3G05960,-0.0036629762
AT3G05970,0.48813552
AT3G05975,0.0011316156
AT3G05980,-0.024473676
AT3G05990,0.07343259
AT3G06000,0.0
AT3G06010,-0.039277907
AT3G06019,0.000580424
AT3G06020,-0.2608702
AT3G06030,0.016887965
AT3G06035,-0.0890838
AT3G06040,-0.013622065
AT3G06050,0.4882951
AT3G06060,-0.09650241
AT3G06070,-1.4889652
AT3G06080,-0.29510635
AT3G06085,0.0071831723
AT3G06090,0.0009785084
AT3G06100,-0.016123312
AT3G06110,0.065774925
AT3G06120,0.03924905
AT3G06130,-0.5226202
AT3G06140,-0.5521978
AT3G06150,-0.6332045
AT3G06160,-0.037837554
AT3G06170,0.2054204
AT3G06180,0.093627535
AT3G06190,0.31753707
AT3G06200,0.0032272646
AT3G06210,0.01597184
AT3G06220,-0.004924212
AT3G06230,0.0012589197
AT3G06240,0.3028843
AT3G06250,0.008791072
AT3G06260,-0.013720996
AT3G06270,0.10776743
AT3G06280,0.0015015801
AT3G06290,-0.033160985
AT3G06300,0.3742083
AT3G06310,0.103290804
AT3G06320,0.22119091
AT3G06330,-0.13709192
AT3G06340,0.18719605
AT3G06350,0.55538106
AT3G06360,-0.07198937
AT3G06370,-0.0885926
AT3G06380,0.009393522
AT3G06390,0.028252482
AT3G06400,0.057472147
AT3G06410,0.002900467
AT3G06420,1.1717211
AT3G06430,-0.48179397
AT3G06435,-0.06722438
AT3G06436,0.00061962806
AT3G06440,-0.09809045
AT3G06450,0.15194188
AT3G06455,-0.12318005
AT3G06460,-0.004487961
AT3G06470,0.17351341
AT3G06480,0.13471873
AT3G06483,0.059151977
AT3G06490,1.4280965
AT3G06500,0.4535267
AT3G06510,0.16648097
AT3G06520,0.11897655
AT3G06530,0.17216149
AT3G06540,0.3771009
AT3G06545,-0.00049821904
AT3G06550,-0.16330312
AT3G06560,0.020526608
AT3G06570,-0.08976499
AT3G06580,0.17016344
AT3G06590,0.21556292
AT3G06600,-0.032892182
AT3G06610,0.04918208
AT3G06620,0.10824292
AT3G06630,-0.098958924
AT3G06640,0.0047527584
AT3G06650,-0.21395451
AT3G06660,0.0026762974
AT3G06670,-0.021737084
AT3G06680,0.046958048
AT3G06690,0.060372364
AT3G06700,0.12247482
AT3G06710,0.19410104
AT3G06720,0.14142108
AT3G06730,0.013189452
AT3G06740,-0.28949207
AT3G06750,-1.3403251
AT3G06760,-0.07181825
AT3G06770,-0.6774234
AT3G06778,0.015752604
AT3G06780,0.14176838
AT3G06790,0.22631076
AT3G06810,0.9900659
AT3G06820,0.0993316
AT3G06830,0.052254386
AT3G06840,-0.030834356
AT3G06850,0.43223825
AT3G06860,0.619328
AT3G06868,-0.2728953
AT3G06870,0.01795374
AT3G06880,-0.65919006
AT3G06890,0.6286244
AT3G06895,0.0001863686
AT3G06910,-0.028703062
AT3G06920,0.14043425
AT3G06930,-0.1081293
AT3G06950,-0.10987031
AT3G06960,0.19158964
AT3G06970,0.0010869955
AT3G06980,-0.17908217
AT3G06985,0.0046500047
AT3G06990,-0.018877685
AT3G07000,-0.10312407
AT3G07005,0.00011302934
AT3G07010,-0.9040954
AT3G07020,-0.06733075
AT3G07030,0.27876836
AT3G07040,-0.008265313
AT3G07050,0.110528104
AT3G07060,0.06311815
AT3G07070,-0.004548204
AT3G07080,0.08251196
AT3G07090,0.39145887
AT3G07100,0.20258918
AT3G07110,0.12347512
AT3G07120,0.017758545
AT3G07130,0.19161323
AT3G07140,0.14237976
AT3G07150,0.17292741
AT3G07160,-0.044715974
AT3G07170,0.10834994
AT3G07180,0.027857764
AT3G07190,-0.27883586
AT3G07195,0.6578153
AT3G07200,-0.60912406
AT3G07210,-0.23761575
AT3G07220,0.24610998
AT3G07230,0.049707867
AT3G07250,0.0061368477
AT3G07255,0.22937241
AT3G07260,-0.0285054
AT3G07270,-0.053613953
AT3G07273,0.15754578
AT3G07290,-0.086023904
AT3G07300,0.2599949
AT3G07310,-0.15904024
AT3G07320,-0.29275954
AT3G07330,0.01776283
AT3G07340,-0.057963073
AT3G07350,0.25267696
AT3G07360,-0.3869786
AT3G07370,0.61265033
AT3G07380,-0.083021626
AT3G07390,0.77042013
AT3G07400,-0.11843992
AT3G07410,-0.14535736
AT3G07420,-0.15386356
AT3G07425,-0.019545881
AT3G07430,0.15571883
AT3G07440,-0.12467547
AT3G07450,-0.0030619055
AT3G07460,-0.43271574
AT3G07470,-0.43391332
AT3G07480,0.55099446
AT3G07490,-0.03139676
AT3G07500,-0.17164394
AT3G07510,-0.286788
AT3G07520,0.022450693
AT3G07522,0.0009343193
AT3G07525,0.13946666
AT3G07530,0.156142
AT3G07540,-0.6011841
AT3G07550,-0.13001528
AT3G07560,0.27783984
AT3G07565,0.10417102
AT3G07570,0.35934937
AT3G07580,0.08262228
AT3G07590,0.36942664
AT3G07600,0.09301262
AT3G07610,0.0014610435
AT3G07620,0.00600512
AT3G07630,0.15818796
AT3G07640,0.39174527
AT3G07650,0.34171247
AT3G07660,0.2552593
AT3G07670,-0.20300524
AT3G07680,0.23387583
AT3G07690,0.17308271
AT3G07700,0.68681085
AT3G07710,0.0074181412
AT3G07720,0.6132556
AT3G07730,0.12214065
AT3G07740,0.039098606
AT3G07750,0.3306744
AT3G07760,0.1662991
AT3G07770,-0.06405269
AT3G07780,0.19047154
AT3G07790,0.018319508
AT3G07800,0.23316461
AT3G07810,0.014386777
AT3G07820,0.00014473447
AT3G07830,-0.00045135638
AT3G07840,3.348523e-05
AT3G07850,0.0021467288
AT3G07860,0.0074724806
AT3G07870,0.18618853
AT3G07880,-0.037907112
AT3G07890,0.08146544
AT3G07900,0.015144235
AT3G07910,0.42023852
AT3G07920,0.017220095
AT3G07930,0.0050868494
AT3G07940,-0.067829624
AT3G07950,0.16182356
AT3G07960,-0.38733372
AT3G07970,1.001771
AT3G07980,0.13091478
AT3G07990,-0.3662837
AT3G08000,-0.031443186
AT3G08010,-0.047235124
AT3G08020,-0.008266871
AT3G08030,-0.77388906
AT3G08040,0.2694641
AT3G08490,-0.08090839
AT3G08500,0.025547324
AT3G08505,-0.14534214
AT3G08510,-0.09855806
AT3G08530,0.123048894
AT3G08550,0.09414882
AT3G08560,0.0013768389
AT3G08570,-0.29404914
AT3G08580,0.34065154
AT3G08590,0.69719845
AT3G08600,-0.47537056
AT3G08610,0.3481716
AT3G08620,-0.03403856
AT3G08630,0.09849081
AT3G08636,0.00057456765
AT3G08640,0.45531237
AT3G08650,0.49764746
AT3G08660,-0.40167964
AT3G08670,0.12368262
AT3G08680,-0.3313125
AT3G08690,0.8333467
AT3G08700,0.051636353
AT3G08710,0.008372237
AT3G08720,0.50261337
AT3G08730,0.10554505
AT3G08740,-0.29385543
AT3G08750,0.05086833
AT3G08760,0.77759075
AT3G08770,-0.01737411
AT3G08780,0.052253287
AT3G08790,-0.0010806593
AT3G08800,-0.02412764
AT3G08810,0.067692645
AT3G08820,-0.035969753
AT3G08840,-0.05396324
AT3G08850,-0.019416353
AT3G08860,1.2925131
AT3G08870,0.48889548
AT3G08880,-0.097734764
AT3G08890,-0.16566525
AT3G08900,0.0029872714
AT3G08910,0.115254536
AT3G08920,-0.80079335
AT3G08930,-0.03535876
AT3G08940,-0.5677328
AT3G08943,0.12718812
AT3G08947,0.25087214
AT3G08950,0.5221576
AT3G08960,0.05100874
AT3G08970,0.76870376
AT3G08980,-0.04037906
AT3G08990,0.8423183
AT3G09000,0.29130197
AT3G09010,1.0671968
AT3G09020,0.3058532
AT3G09030,0.14171478
AT3G09032,0.22278371
AT3G09035,-0.36043188
AT3G09040,0.051715456
AT3G09050,-0.32233018
AT3G09055,0.13073826
AT3G09060,-0.013533944
AT3G09070,-0.20088169
AT3G09080,-0.030386979
AT3G09085,0.37005752
AT3G09090,0.06671173
AT3G09100,0.24109894
AT3G09110,0.0012315226
AT3G09120,0.0018705298
AT3G09130,0.00012094792
AT3G09140,-0.0009515211
AT3G09150,-0.08832312
AT3G09160,-0.24025159
AT3G09162,-0.36736122
AT3G09180,0.3801301
AT3G09190,-0.3440554
AT3G09200,0.20358308
AT3G09210,-0.28214398
AT3G09220,1.6509731
AT3G09230,0.2855823
AT3G09240,-0.025643218
AT3G09250,0.15473095
AT3G09260,0.7097409
AT3G09270,1.5699418
AT3G09280,0.21794322
AT3G09290,0.009308809
AT3G09300,0.29786307
AT3G09310,-0.25576368
AT3G09320,0.31230694
AT3G09330,-0.052253015
AT3G09340,0.04720249
AT3G09350,1.2150022
AT3G09360,0.008733466
AT3G09370,0.2749082
AT3G09380,0.000100184814
AT3G09390,0.70903593
AT3G09400,0.08475817
AT3G09405,1.3114351
AT3G09410,0.029774973
AT3G09430,0.094114706
AT3G09440,0.5749523
AT3G09450,0.70644605
AT3G09455,0.18868054
AT3G09470,0.10543998
AT3G09480,0.33845288
AT3G09490,0.44631338
AT3G09500,-0.13367291
AT3G09510,2.7877744e-05
AT3G09520,0.6199147
AT3G09530,0.012345105
AT3G09540,-0.10852687
AT3G09550,-0.068715475
AT3G09560,0.39870453
AT3G09570,0.42138356
AT3G09580,-0.53023493
AT3G09590,0.009318717
AT3G09600,-0.04493583
AT3G09620,-0.024381544
AT3G09630,0.07745767
AT3G09640,0.011657054
AT3G09650,-0.0029605506
AT3G09660,-0.1565238
AT3G09670,0.025990935
AT3G09680,0.13696663
AT3G09690,0.12426261
AT3G09700,0.10729458
AT3G09710,-0.046452686
AT3G09720,0.26832345
AT3G09730,-0.12957802
AT3G09735,0.29988608
AT3G09740,0.2936022
AT3G09750,0.005368784
AT3G09760,0.27384984
AT3G09770,0.051953495
AT3G09780,-0.24759747
AT3G09790,0.020833917
AT3G09800,-0.48523474
AT3G09810,0.92893976
AT3G09820,-0.09698845
AT3G09830,-0.11628473
AT3G09840,0.67096364
AT3G09850,0.13018529
AT3G09860,-0.22196834
AT3G09863,0.0052374555
AT3G09870,-0.29263133
AT3G09880,-0.057526644
AT3G09890,0.29472202
AT3G09900,0.06146578
AT3G09910,0.8310422
AT3G09920,0.00031888054
AT3G09925,0.002149417
AT3G09930,0.00056751666
AT3G09940,1.2897701
AT3G09950,0.407097
AT3G09960,0.90596646
AT3G09970,0.3254368
AT3G09980,-0.26663744
AT3G09990,3.5837968e-07
AT3G10000,0.030403113
AT3G10010,0.12585111
AT3G10020,0.05661125
AT3G10030,0.040850222
AT3G10040,-0.21804298
AT3G10050,0.057490323
AT3G10060,-0.71695995
AT3G10070,0.2836987
AT3G10080,-0.23775347
AT3G10090,0.35646182
AT3G10110,0.25446627
AT3G10113,-0.007346188
AT3G10116,-0.008532217
AT3G10120,-0.23670512
AT3G10130,0.014979949
AT3G10140,-0.15424192
AT3G10150,-0.19306119
AT3G10160,-0.23015602
AT3G10180,-0.14027348
AT3G10185,-0.036457375
AT3G10190,0.11739539
AT3G10195,0.0005480068
AT3G10200,-0.30572304
AT3G10210,0.21104008
AT3G10220,0.108053505
AT3G10230,-0.021324614
AT3G10240,0.0014712135
AT3G10250,0.19960624
AT3G10260,0.5191798
AT3G10270,-0.1937706
AT3G10280,-0.0615919
AT3G10290,0.09851663
AT3G10300,0.14074112
AT3G10310,-0.21722499
AT3G10320,1.6980492
AT3G10330,-0.049181513
AT3G10340,0.4450302
AT3G10350,-0.010903802
AT3G10360,-0.12088274
AT3G10370,0.54221296
AT3G10380,0.17329924
AT3G10390,0.082997136
AT3G10400,0.07427806
AT3G10405,-0.42766193
AT3G10410,0.47367096
AT3G10420,0.13397874
AT3G10430,-0.00054036966
AT3G10439,0.0
AT3G10440,-0.18393375
AT3G10450,0.5683214
AT3G10455,0.00083440833
AT3G10460,0.006713579
AT3G10470,-0.0017608196
AT3G10480,0.3773089
AT3G10490,0.28494844
AT3G10500,0.6473445
AT3G10510,0.030645085
AT3G10520,-0.924996
AT3G10525,-0.18639675
AT3G10527,0.010269767
AT3G10530,0.17417124
AT3G10540,-0.014879434
AT3G10550,0.27202746
AT3G10560,0.09692016
AT3G10570,-0.16875172
AT3G10572,-0.065256305
AT3G10580,0.0017322715
AT3G10585,3.348523e-05
AT3G10590,0.3225566
AT3G10595,0.00159071
AT3G10600,-0.050230883
AT3G10605,-0.055057455
AT3G10610,-0.021264825
AT3G10620,0.16255078
AT3G10630,0.036612105
AT3G10640,0.4159655
AT3G10650,0.035618775
AT3G10660,0.2659297
AT3G10670,0.13601346
AT3G10680,-0.18595248
AT3G10690,-0.078735285
AT3G10700,-0.23299854
AT3G10710,0.011287747
AT3G10720,-1.0758866
AT3G10730,0.04293532
AT3G10740,0.05104613
AT3G10750,0.33927178
AT3G10760,-0.13322416
AT3G10770,0.095412426
AT3G10780,0.2184078
AT3G10790,0.0346248
AT3G10800,0.16307315
AT3G10810,-0.008008479
AT3G10820,0.029774636
AT3G10840,-0.5794751
AT3G10845,-0.00039151227
AT3G10850,0.017721297
AT3G10860,0.35207522
AT3G10870,0.07725735
AT3G10880,-0.074559726
AT3G10890,-0.00013846482
AT3G10900,-0.00020587449
AT3G10910,-0.0509977
AT3G10915,0.14818268
AT3G10920,0.11327317
AT3G10930,-0.018391775
AT3G10940,-0.38089004
AT3G10950,7.469539e-05
AT3G10960,0.15711296
AT3G10970,-0.003045263
AT3G10974,-0.0007060779
AT3G10980,0.0672368
AT3G10985,0.74773467
AT3G10986,0.03743722
AT3G10990,-4.9264858e-05
AT3G11000,0.05587179
AT3G11010,0.7430925
AT3G11020,0.36899543
AT3G11030,0.24559623
AT3G11040,0.2627144
AT3G11050,0.05712997
AT3G11060,0.0013236153
AT3G11070,0.08898118
AT3G11080,0.6460479
AT3G11090,0.1224832
AT3G11100,0.124385275
AT3G11110,-0.3009615
AT3G11130,0.14225227
AT3G11150,0.97753394
AT3G11160,-0.026070492
AT3G11165,0.0031504938
AT3G11170,-0.016255623
AT3G11180,0.13444304
AT3G11200,0.3783965
AT3G11210,0.18006293
AT3G11220,0.33749408
AT3G11230,0.29669213
AT3G11240,-0.00947471
AT3G11250,0.050161228
AT3G11260,0.11714225
AT3G11270,0.7475976
AT3G11280,-0.14353998
AT3G11290,-0.085517764
AT3G11300,0.0
AT3G11310,9.185053e-06
AT3G11320,0.24005207
AT3G11325,0.014261222
AT3G11330,0.7647157
AT3G11340,2.0040958
AT3G11350,0.0008732
AT3G11370,0.0073737088
AT3G11380,4.0735707e-05
AT3G11385,0.0016447261
AT3G11390,-0.0053184056
AT3G11397,0.33032048
AT3G11400,0.27401713
AT3G11402,0.5536196
AT3G11405,0.0039887615
AT3G11410,0.157222
AT3G11420,0.28316495
AT3G11430,1.0410994
AT3G11440,0.00015661615
AT3G11450,0.21981646
AT3G11460,0.045022868
AT3G11470,0.4011719
AT3G11480,2.7766182
AT3G11490,-0.19919501
AT3G11500,0.0042657107
AT3G11510,0.06882344
AT3G11520,-0.029680947
AT3G11530,0.20491926
AT3G11540,-0.007193236
AT3G11550,-0.007828287
AT3G11570,1.1587663
AT3G11580,1.4161749
AT3G11590,-0.11856877
AT3G11591,0.0898253
AT3G11600,0.24081323
AT3G11620,-0.128771
AT3G11630,-0.6087314
AT3G11640,-0.08147969
AT3G11650,0.02835508
AT3G11660,0.25189793
AT3G11670,-0.16222511
AT3G11680,-0.0018981781
AT3G11690,0.0582578
AT3G11700,-0.80603784
AT3G11710,0.16101092
AT3G11720,-0.22168323
AT3G11730,-0.03328579
AT3G11740,-0.00041044634
AT3G11745,-0.074770175
AT3G11750,-0.07167852
AT3G11760,-0.12051833
AT3G11770,0.27446496
AT3G11773,0.15937947
AT3G11780,0.51533246
AT3G11800,0.026533404
AT3G11810,0.17392671
AT3G11820,0.2809456
AT3G11825,-0.00024211782
AT3G11830,0.19191678
AT3G11840,0.6770321
AT3G11850,0.14287992
AT3G11860,0.012093391
AT3G11870,-0.00052364473
AT3G11880,0.15727143
AT3G11890,0.026842846
AT3G11900,0.41585892
AT3G11910,0.08523274
AT3G11920,0.06682251
AT3G11930,0.1262415
AT3G11940,0.14069586
AT3G11945,-0.11990633
AT3G11950,0.0029054056
AT3G11960,0.081176706
AT3G11964,-0.012346894
AT3G11980,-0.0048597823
AT3G11990,0.0
AT3G12000,0.0027288254
AT3G12010,-0.06815788
AT3G12020,-0.18681347
AT3G12030,0.32886812
AT3G12040,0.2455802
AT3G12050,0.28301325
AT3G12060,0.015410218
AT3G12070,0.4951547
AT3G12080,-0.13606185
AT3G12090,0.026519526
AT3G12100,0.10276793
AT3G12110,-0.4827082
AT3G12120,0.02164638
AT3G12130,0.12296377
AT3G12140,0.22188114
AT3G12145,0.4333551
AT3G12150,-0.18230897
AT3G12160,-0.014115722
AT3G12170,-0.04745334
AT3G12180,0.20714724
AT3G12190,0.00079202146
AT3G12200,-0.015657572
AT3G12203,-0.0053983666
AT3G12210,-0.085802756
AT3G12220,1.623704
AT3G12230,0.79157
AT3G12240,0.010236306
AT3G12250,0.4029298
AT3G12260,0.22930463
AT3G12270,0.15250766
AT3G12280,0.13747665
AT3G12290,0.17829946
AT3G12300,0.1646842
AT3G12320,-0.13084382
AT3G12340,0.0001673839
AT3G12345,-0.5658067
AT3G12350,0.01463184
AT3G12360,0.16257896
AT3G12370,0.21705638
AT3G12380,0.019327248
AT3G12390,-0.07771051
AT3G12400,0.016671931
AT3G12410,0.008368968
AT3G12420,-4.8189446e-05
AT3G12430,0.001198584
AT3G12440,0.0017183423
AT3G12460,-0.025898868
AT3G12470,-0.0017341902
AT3G12480,0.30440107
AT3G12490,0.7521231
AT3G12500,1.3145021
AT3G12510,0.69530356
AT3G12520,-0.031898886
AT3G12530,0.10000531
AT3G12540,0.0014124995
AT3G12545,-0.0006628074
AT3G12550,-0.026507813
AT3G12560,-0.12391601
AT3G12570,0.32819885
AT3G12580,0.8681751
AT3G12587,0.13078837
AT3G12590,-0.15376274
AT3G12600,0.094844036
AT3G12610,-1.1458724
AT3G12620,0.26005885
AT3G12630,0.22778472
AT3G12640,0.105154864
AT3G12650,0.24335334
AT3G12660,0.0026277443
AT3G12670,-0.04919137
AT3G12680,0.10793961
AT3G12685,-0.3660867
AT3G12690,-0.19190402
AT3G12700,0.5235374
AT3G12710,-0.6627249
AT3G12720,-0.0043618004
AT3G12730,0.19621125
AT3G12740,0.5213153
AT3G12750,0.16029467
AT3G12760,0.48115993
AT3G12770,0.0373642
AT3G12775,-0.0033478204
AT3G12780,-0.5946611
AT3G12800,0.61784315
AT3G12810,0.0029724652
AT3G12820,-0.17014267
AT3G12830,0.68318707
AT3G12833,0.01042666
AT3G12835,0.00050929096
AT3G12840,0.0049362187
AT3G12850,8.6406544e-05
AT3G12860,0.19399206
AT3G12870,-0.07235029
AT3G12880,0.011111835
AT3G12890,0.029058922
AT3G12900,-0.0057752915
AT3G12910,0.23579434
AT3G12915,-0.30387738
AT3G12920,-0.1444094
AT3G12930,-0.12796739
AT3G12940,-0.0044624633
AT3G12950,0.0146305775
AT3G12955,-0.041673575
AT3G12960,0.032551177
AT3G12970,0.0914132
AT3G12977,0.32624897
AT3G12980,0.02519121
AT3G12990,0.26844704
AT3G13000,-0.60944533
AT3G13010,0.0036456457
AT3G13020,-0.11099413
AT3G13030,-0.44352046
AT3G13040,-0.007358852
AT3G13050,0.2629281
AT3G13060,0.08715163
AT3G13062,-0.11822978
AT3G13065,-0.25678083
AT3G13070,-0.010910636
AT3G13075,-0.00027289585
AT3G13080,0.35620776
AT3G13090,0.2452295
AT3G13100,0.94670206
AT3G13110,0.45577043
AT3G13120,-0.49564144
AT3G13130,0.40466788
AT3G13140,0.0023929954
AT3G13150,0.17533657
AT3G13160,0.16072844
AT3G13170,0.023048162
AT3G13175,-0.008543419
AT3G13180,-0.3856258
AT3G13190,-0.24458688
AT3G13200,0.55123025
AT3G13210,0.03425367
AT3G13220,-0.0024268792
AT3G13222,-0.122973844
AT3G13224,0.3718245
AT3G13225,0.11048346
AT3G13226,-0.016101444
AT3G13227,-8.199203e-05
AT3G13228,0.000109779
AT3G13229,-0.041574627
AT3G13230,0.27176362
AT3G13235,0.66964114
AT3G13240,-0.29117587
AT3G13275,0.1054527
AT3G13276,0.0065842364
AT3G13280,0.036491804
AT3G13290,0.17803809
AT3G13300,0.16387439
AT3G13310,0.31441832
AT3G13320,0.18534079
AT3G13330,0.70679015
AT3G13340,-0.08591347
AT3G13350,0.073137335
AT3G13360,-0.12422575
AT3G13370,0.0
AT3G13380,1.2581142
AT3G13390,-0.00212842
AT3G13400,-0.03240465
AT3G13403,-0.048793882
AT3G13404,-0.3222175
AT3G13410,0.103285186
AT3G13420,-0.14896241
AT3G13430,0.47271037
AT3G13432,0.3804842
AT3G13433,1.0046685
AT3G13435,0.21081397
AT3G13437,0.052447483
AT3G13440,-0.010123663
AT3G13445,0.0739819
AT3G13450,0.5777146
AT3G13460,0.18297651
AT3G13470,-0.30519333
AT3G13480,0.06841518
AT3G13490,-0.017972756
AT3G13500,0.29344374
AT3G13510,-0.4305981
AT3G13520,0.1756189
AT3G13530,-0.062257368
AT3G13540,-0.052009165
AT3G13550,0.15864035
AT3G13560,-0.1628517
AT3G13570,-0.016714739
AT3G13580,0.2579127
AT3G13590,-0.21713077
AT3G13600,0.24010754
AT3G13610,2.2540617
AT3G13620,-0.036410533
AT3G13624,0.0
AT3G13630,0.015415202
AT3G13640,0.045518514
AT3G13650,0.55140066
AT3G13660,0.07361974
AT3G13662,-0.0001001635
AT3G13670,0.39671117
AT3G13672,-0.005587164
AT3G13674,0.0025778846
AT3G13677,-0.08939768
AT3G13680,0.08864385
AT3G13682,-0.2385949
AT3G13690,-0.39237866
AT3G13700,-0.43957636
AT3G13710,-0.34346247
AT3G13720,0.13966294
AT3G13730,0.19460504
AT3G13750,-0.3203529
AT3G13760,0.018781431
AT3G13770,-0.03850439
AT3G13772,0.20506902
AT3G13780,0.06535795
AT3G13782,0.20365559
AT3G13784,0.009272297
AT3G13790,1.1443348
AT3G13800,0.08458887
AT3G13810,0.44416478
AT3G13820,0.0148609225
AT3G13825,0.0
AT3G13830,-0.002018048
AT3G13840,0.016948035
AT3G13845,0.13433298
AT3G13850,-0.044117726
AT3G13855,0.0
AT3G13860,0.14644603
AT3G13870,0.07611584
AT3G13880,-0.022758659
AT3G13882,0.014764918
AT3G13890,0.0016850427
AT3G13898,0.012639374
AT3G13900,0.029270746
AT3G13910,1.2247844
AT3G13920,0.21598797
AT3G13930,0.29008278
AT3G13940,0.28320304
AT3G13950,2.0407705
AT3G13960,0.013918968
AT3G13970,0.012572162
AT3G13980,-0.32920563
AT3G13990,0.22813809
AT3G14000,-0.10374534
AT3G14010,0.22612953
AT3G14020,-0.15542684
AT3G14030,-6.587206e-05
AT3G14040,0.002483686
AT3G14050,0.63261324
AT3G14060,1.9069091
AT3G14067,0.16970806
AT3G14070,0.1900512
AT3G14075,0.21097271
AT3G14080,0.040988237
AT3G14090,0.20325227
AT3G14100,0.16612309
AT3G14110,-0.20900689
AT3G14120,-0.01799569
AT3G14130,0.49155256
AT3G14140,-0.0017335059
AT3G14150,-0.53276885
AT3G14160,0.36839092
AT3G14170,0.0001440267
AT3G14172,0.12375593
AT3G14180,0.27984494
AT3G14190,0.064559415
AT3G14200,0.10194795
AT3G14205,0.030787393
AT3G14210,-0.8837954
AT3G14220,-0.1655863
AT3G14225,0.32220015
AT3G14230,0.042537577
AT3G14240,-0.55226105
AT3G14250,0.0004219319
AT3G14260,0.008878227
AT3G14270,0.13135794
AT3G14280,0.7596981
AT3G14290,0.22514819
AT3G14300,0.0079385955
AT3G14310,-0.075210996
AT3G14320,0.006992124
AT3G14330,-0.39578354
AT3G14340,-0.0010013403
AT3G14350,-0.4000541
AT3G14360,0.11531019
AT3G14362,0.0010366647
AT3G14370,0.008228428
AT3G14380,-0.05237527
AT3G14390,-0.06288167
AT3G14395,0.4071761
AT3G14400,0.11400891
AT3G14410,-0.03204715
AT3G14415,-0.45257986
AT3G14420,-0.5151285
AT3G14430,0.6020101
AT3G14440,0.47289488
AT3G14450,-0.28306323
AT3G14452,-0.020075422
AT3G14460,0.4794494
AT3G14463,-0.018148897
AT3G14467,0.02785131
AT3G14470,0.66483235
AT3G14480,0.0037896512
AT3G14490,0.0014767791
AT3G14510,0.0010855822
AT3G14520,-0.001486884
AT3G14530,0.020901563
AT3G14540,0.010514656
AT3G14550,0.03894398
AT3G14560,0.35414103
AT3G14570,-0.45462722
AT3G14580,-0.05152775
AT3G14590,-0.0529664
AT3G14595,0.04799751
AT3G14600,0.22807564
AT3G14610,0.30975604
AT3G14620,0.9298565
AT3G14630,0.19833821
AT3G14640,-0.0036403353
AT3G14650,-0.044200014
AT3G14660,-0.0169958
AT3G14670,0.06689605
AT3G14680,0.73079854
AT3G14690,0.23961411
AT3G14700,0.41520727
AT3G14710,0.14564648
AT3G14720,0.45463502
AT3G14730,-0.057051588
AT3G14740,-0.19816707
AT3G14750,0.32568967
AT3G14760,-0.34226763
AT3G14770,0.6002439
AT3G14780,-0.14423425
AT3G14790,0.13941135
AT3G14810,-0.052335866
AT3G14820,0.016631713
AT3G14830,0.16506205
AT3G14840,0.31314477
AT3G14850,0.8350429
AT3G14860,0.0057813125
AT3G14870,0.07906934
AT3G14880,0.01027865
AT3G14890,-0.2298747
AT3G14900,0.13611364
AT3G14910,0.25975034
AT3G14920,0.54251456
AT3G14930,-0.47082815
AT3G14940,-0.45848027
AT3G14950,-0.0102065215
AT3G14960,0.21341605
AT3G14970,-0.00020951916
AT3G14980,-0.59886956
AT3G14981,0.0003177635
AT3G14990,0.76499534
AT3G15000,0.31876048
AT3G15010,0.21870151
AT3G15020,0.5736984
AT3G15030,-0.16132608
AT3G15040,0.57964194
AT3G15050,-0.045631383
AT3G15060,0.19930153
AT3G15070,0.023741294
AT3G15080,0.3737443
AT3G15090,0.2153587
AT3G15095,-0.34502307
AT3G15110,-0.048163377
AT3G15110,-0.048163377
AT3G15111,0.0
AT3G15120,-0.09275236
AT3G15130,-0.12763263
AT3G15140,0.0768074
AT3G15150,0.08469432
AT3G15160,2.6285763e-05
AT3G15170,-0.08409136
AT3G15180,0.2798883
AT3G15190,-0.6232102
AT3G15200,-0.3021271
AT3G15210,0.03197322
AT3G15220,-0.08236435
AT3G15240,-0.0010799568
AT3G15250,0.003062727
AT3G15251,-5.529689e-05
AT3G15260,0.12807475
AT3G15270,0.062997244
AT3G15280,-0.02797402
AT3G15290,0.24917762
AT3G15300,0.22461337
AT3G15340,0.16347615
AT3G15348,0.0
AT3G15350,-0.16997616
AT3G15351,0.016404523
AT3G15352,0.69706696
AT3G15353,-0.17110479
AT3G15354,-0.37856477
AT3G15355,0.43272004
AT3G15356,0.54491484
AT3G15357,0.054753955
AT3G15359,0.0073669306
AT3G15360,0.042217243
AT3G15370,0.019401344
AT3G15380,-0.09442207
AT3G15390,0.041062977
AT3G15395,-0.049475297
AT3G15400,-0.31149867
AT3G15410,-0.11437064
AT3G15420,0.028484276
AT3G15430,0.30834594
AT3G15440,0.16709964
AT3G15450,0.25237542
AT3G15460,0.13220347
AT3G15470,-0.0867922
AT3G15480,-0.54571795
AT3G15490,0.0030788393
AT3G15500,1.2275327
AT3G15510,0.2917367
AT3G15518,0.9250461
AT3G15520,-0.5193641
AT3G15530,-0.29378682
AT3G15534,0.77888316
AT3G15540,-0.54207975
AT3G15548,0.0
AT3G15550,-0.18338451
AT3G15570,-0.33320248
AT3G15578,2.76656e-05
AT3G15580,0.41705245
AT3G15590,0.1615297
AT3G15604,2.6404256e-05
AT3G15605,0.0026484928
AT3G15610,0.02379415
AT3G15620,-0.1380452
AT3G15630,0.248584
AT3G15635,0.0021541053
AT3G15640,0.07020926
AT3G15650,-0.2209753
AT3G15660,0.43118024
AT3G15670,0.05329521
AT3G15680,-0.6327877
AT3G15690,-0.025421318
AT3G15700,0.0036903159
AT3G15710,0.068748645
AT3G15720,-0.10797693
AT3G15730,0.013116751
AT3G15740,0.008120154
AT3G15750,-0.05656597
AT3G15760,0.39542317
AT3G15770,-0.09261241
AT3G15780,0.15039234
AT3G15790,-0.049765855
AT3G15800,-0.15564485
AT3G15810,0.1317346
AT3G15820,0.071039446
AT3G15830,0.16046366
AT3G15840,0.042747337
AT3G15850,-0.37560323
AT3G15860,0.002899546
AT3G15870,-0.000255454
AT3G15880,0.07721321
AT3G15890,-0.0034173552
AT3G15900,0.031439666
AT3G15909,0.0
AT3G15910,0.0017771627
AT3G15920,0.020761354
AT3G15930,-0.13175243
AT3G15940,-0.0035908048
AT3G15950,0.2830504
AT3G15960,0.030977976
AT3G15970,0.11969972
AT3G15980,0.06078365
AT3G15990,0.35365662
AT3G16000,-0.43920627
AT3G16010,-0.13785622
AT3G16020,-0.045066554
AT3G16030,-0.049865995
AT3G16040,0.01042336
AT3G16050,0.014934474
AT3G16060,-0.07154382
AT3G16070,-0.1676746
AT3G16080,0.09385436
AT3G16090,0.050518893
AT3G16100,-0.18424277
AT3G16110,0.023110574
AT3G16117,3.2831973e-05
AT3G16120,0.0011099576
AT3G16130,0.0072107245
AT3G16140,-0.49334455
AT3G16150,0.5607561
AT3G16160,-0.022421233
AT3G16170,0.31751427
AT3G16175,-0.18646199
AT3G16180,-0.40790898
AT3G16190,0.19440803
AT3G16200,0.014583907
AT3G16210,0.059510257
AT3G16220,0.24763826
AT3G16230,-0.01959303
AT3G16240,-1.0739526
AT3G16250,-0.9488013
AT3G16260,-0.1749114
AT3G16270,0.16420259
AT3G16280,0.16232386
AT3G16290,-0.23194094
AT3G16300,0.030598765
AT3G16310,0.35908958
AT3G16320,0.053644318
AT3G16330,1.0988579
AT3G16340,-0.09900368
AT3G16350,-0.016302986
AT3G16360,-0.15859462
AT3G16370,-1.820593
AT3G16380,-0.072526015
AT3G16390,0.04891373
AT3G16400,0.80517
AT3G16410,0.052399147
AT3G16420,0.6537898
AT3G16430,0.11777993
AT3G16432,-2.7571119e-05
AT3G16440,0.013758171
AT3G16450,0.71470106
AT3G16460,0.86051077
AT3G16470,0.6779641
AT3G16480,0.05999407
AT3G16490,0.124714784
AT3G16500,0.34171504
AT3G16510,0.60219616
AT3G16520,-0.34763268
AT3G16525,0.0025776993
AT3G16530,0.44684488
AT3G16540,0.0021814597
AT3G16550,0.0
AT3G16555,-0.00030000822
AT3G16560,-0.021083588
AT3G16565,0.5138034
AT3G16570,-0.19537273
AT3G16580,0.0006061071
AT3G16590,-0.0021958223
AT3G16600,0.0049244734
AT3G16610,-0.04100074
AT3G16620,0.12730257
AT3G16630,-0.056077424
AT3G16640,0.16841307
AT3G16650,0.5375051
AT3G16660,-0.44598597
AT3G16670,-0.5529776
AT3G16680,-0.008786641
AT3G16690,-0.44905946
AT3G16700,-0.09064032
AT3G16710,-0.124302365
AT3G16712,-0.008095928
AT3G16720,0.26268727
AT3G16730,0.015084446
AT3G16740,0.27762258
AT3G16750,-0.2194836
AT3G16760,0.15946116
AT3G16770,0.0548986
AT3G16780,0.023942107
AT3G16785,0.275121
AT3G16800,-0.7454982
AT3G16810,0.085988134
AT3G16820,0.0
AT3G16830,-0.0115477685
AT3G16840,-0.07664661
AT3G16850,-0.4866794
AT3G16857,0.13071997
AT3G16860,0.7036849
AT3G16870,0.1344514
AT3G16880,0.00090029853
AT3G16890,-0.0045487536
AT3G16895,0.003900213
AT3G16900,0.034744445
AT3G16910,0.22523469
AT3G16920,0.10516412
AT3G16930,-0.0010905241
AT3G16940,-0.123300225
AT3G16950,-0.42092216
AT3G16960,0.0
AT3G16970,2.2292217e-05
AT3G16980,0.030312393
AT3G16990,0.6827727
AT3G17000,0.46559593
AT3G17010,0.065732166
AT3G17020,0.26253012
AT3G17030,-0.06304254
AT3G17040,-0.548028
AT3G17050,0.0
AT3G17060,0.00055985403
AT3G17070,0.008394664
AT3G17080,0.0
AT3G17090,0.042452127
AT3G17100,-0.105151795
AT3G17120,-0.3694692
AT3G17130,-0.06282451
AT3G17140,2.2898634e-05
AT3G17145,0.0
AT3G17152,0.004473251
AT3G17155,1.175117e-05
AT3G17160,-0.22355425
AT3G17170,-0.15577161
AT3G17180,0.09712261
AT3G17190,0.0
AT3G17205,0.22538893
AT3G17210,-0.15132762
AT3G17220,0.0007890444
AT3G17225,-0.004020593
AT3G17227,0.0049597938
AT3G17230,0.0003715137
AT3G17240,0.53552777
AT3G17250,0.20915876
AT3G17261,0.0
AT3G17265,-0.020102112
AT3G17270,0.006968789
AT3G17280,-0.056223657
AT3G17310,-0.39879242
AT3G17320,-0.01634062
AT3G17330,-0.6881695
AT3G17340,0.02332952
AT3G17350,-0.47834784
AT3G17360,-0.063502975
AT3G17365,0.21704167
AT3G17370,-0.001484345
AT3G17380,-0.07102275
AT3G17390,-0.40621656
AT3G17400,0.023599366
AT3G17410,0.41459748
AT3G17420,0.7014703
AT3G17430,-0.08550437
AT3G17440,0.015604339
AT3G17450,0.08056109
AT3G17460,-0.045936737
AT3G17465,-0.022945097
AT3G17470,-0.36442187
AT3G17480,-0.00010931798
AT3G17490,2.8451206e-05
AT3G17500,0.0
AT3G17510,-0.08981399
AT3G17520,0.021837175
AT3G17530,0.00037001088
AT3G17540,0.0
AT3G17550,0.0
AT3G17560,0.0
AT3G17570,-0.00031377646
AT3G17580,-0.07339309
AT3G17590,0.08003962
AT3G17600,0.013275416
AT3G17609,0.31811184
AT3G17611,0.24517882
AT3G17620,0.0009795683
AT3G17626,0.06675861
AT3G17630,-0.012516912
AT3G17640,-0.6932206
AT3G17650,-0.25704637
AT3G17655,0.008947847
AT3G17660,-0.26119912
AT3G17670,-0.06353501
AT3G17675,0.00067035045
AT3G17680,-0.13304844
AT3G17690,0.117836826
AT3G17700,0.25428954
AT3G17710,-0.03612031
AT3G17712,-0.13747135
AT3G17717,0.065365344
AT3G17720,0.0037880172
AT3G17730,-0.09442261
AT3G17740,-0.07308251
AT3G17750,-0.16881254
AT3G17760,0.037685502
AT3G17765,0.00060287636
AT3G17770,0.38309556
AT3G17780,0.18621056
AT3G17790,1.1401011
AT3G17800,-0.0366826
AT3G17810,0.55584294
AT3G17820,0.6235665
AT3G17830,-0.13339105
AT3G17840,-0.25346157
AT3G17850,-0.054857288
AT3G17860,-0.060861047
AT3G17880,0.29679203
AT3G17890,0.0068000183
AT3G17900,-0.02506793
AT3G17910,0.5712385
AT3G17920,-0.27006692
AT3G17930,-0.08403007
AT3G17940,0.29389265
AT3G17950,0.0017175324
AT3G17970,0.15029494
AT3G17980,0.09858138
AT3G18000,-0.29217052
AT3G18010,-0.13881546
AT3G18020,-0.09507023
AT3G18030,0.13510332
AT3G18035,0.017476512
AT3G18040,-0.17416006
AT3G18050,-0.94629776
AT3G18060,0.07459
AT3G18070,-0.351483
AT3G18080,0.2480749
AT3G18090,-0.56089073
AT3G18100,0.061546795
AT3G18110,-0.6091154
AT3G18120,0.00012527153
AT3G18130,0.038045492
AT3G18140,0.117212065
AT3G18150,-0.00030225553
AT3G18160,-0.16444705
AT3G18165,0.14449787
AT3G18170,0.11655498
AT3G18180,-0.007719766
AT3G18190,0.14560893
AT3G18200,0.0065388726
AT3G18210,-0.09316033
AT3G18215,-0.021368617
AT3G18220,-0.00016353083
AT3G18230,0.22404024
AT3G18235,0.010114709
AT3G18240,-0.22014451
AT3G18250,1.5102708
AT3G18260,0.17942394
AT3G18280,0.81696093
AT3G18282,-0.001173884
AT3G18290,0.07874878
AT3G18291,0.00031172804
AT3G18295,0.10297468
AT3G18300,-0.124466255
AT3G18310,-0.028497508
AT3G18320,-0.33286497
AT3G18330,0.014930706
AT3G18340,0.0
AT3G18350,-0.02000668
AT3G18360,-0.0008372606
AT3G18370,-0.0082183145
AT3G18380,0.2075648
AT3G18390,-0.47259486
AT3G18400,0.066281095
AT3G18410,0.34113505
AT3G18420,0.23224635
AT3G18430,0.18650396
AT3G18440,0.76649
AT3G18450,0.030650752
AT3G18460,9.417243e-05
AT3G18470,-4.1625244e-05
AT3G18480,0.12351186
AT3G18485,-0.23015347
AT3G18490,0.14775306
AT3G18500,-0.14856933
AT3G18510,0.051089462
AT3G18518,8.3565365e-06
AT3G18520,0.19688173
AT3G18524,-0.2083955
AT3G18530,-0.091609634
AT3G18535,0.24417704
AT3G18550,0.16127704
AT3G18560,0.14671868
AT3G18570,-0.001619531
AT3G18580,0.34591165
AT3G18590,0.006219115
AT3G18600,0.24168897
AT3G18610,0.16022855
AT3G18620,0.43782896
AT3G18630,-0.28851882
AT3G18640,0.042511165
AT3G18650,0.0
AT3G18660,0.023421181
AT3G18670,0.04997458
AT3G18680,-0.11646992
AT3G18690,0.22620001
AT3G18700,0.0002442314
AT3G18710,-0.8388693
AT3G18715,-0.014600428
AT3G18720,0.01665209
AT3G18730,-0.042369135
AT3G18740,0.08314591
AT3G18750,-0.7392439
AT3G18760,0.36804762
AT3G18770,0.09900039
AT3G18773,-0.30268797
AT3G18775,0.0011511
AT3G18780,-0.09045033
AT3G18790,-0.10188714
AT3G18800,-0.32031307
AT3G18810,-0.00017154923
AT3G18820,0.22331105
AT3G18830,0.7671029
AT3G18840,-0.06666038
AT3G18850,-0.3165652
AT3G18860,0.4399765
AT3G18870,-0.054620434
AT3G18880,-0.14163981
AT3G18890,-0.8496009
AT3G18900,-0.14068355
AT3G18905,-0.0069802054
AT3G18910,0.06753947
AT3G18915,0.006638885
AT3G18930,0.08380061
AT3G18940,0.26424184
AT3G18950,0.7457999
AT3G18957,0.0
AT3G18960,-0.14923723
AT3G18970,-0.24445549
AT3G18980,-0.22852612
AT3G18990,0.022927683
AT3G19000,-0.15020846
AT3G19010,0.5773281
AT3G19020,-0.057623647
AT3G19030,-0.13444042
AT3G19035,0.0
AT3G19040,-0.18416817
AT3G19050,-0.41837454
AT3G19055,0.00063944695
AT3G19070,-0.0023829504
AT3G19080,-0.20918486
AT3G19085,-0.00040346524
AT3G19090,0.028576417
AT3G19100,0.20279163
AT3G19120,-0.17407696
AT3G19130,0.062374808
AT3G19140,-4.4220735e-05
AT3G19150,0.20324083
AT3G19160,0.002802246
AT3G19170,0.17365272
AT3G19180,-0.27623832
AT3G19184,0.014343207
AT3G19190,0.25367796
AT3G19200,0.027452035
AT3G19210,0.19349627
AT3G19220,-0.03899389
AT3G19230,-0.16205311
AT3G19240,0.1524408
AT3G19250,0.19742677
AT3G19260,0.74375725
AT3G19270,0.52462
AT3G19274,0.00027407298
AT3G19280,0.14001751
AT3G19290,0.107939
AT3G19300,-0.13671312
AT3G19310,-0.037173025
AT3G19320,0.00062415766
AT3G19330,0.07215733
AT3G19340,0.009722151
AT3G19350,-0.0027850324
AT3G19360,0.078256056
AT3G19370,-0.49179912
AT3G19380,-0.3132899
AT3G19390,1.0955354
AT3G19400,-0.112822644
AT3G19410,0.0001252154
AT3G19420,0.16494884
AT3G19430,-0.069340795
AT3G19440,-0.062102083
AT3G19450,0.15110923
AT3G19460,0.039563093
AT3G19470,0.17859937
AT3G19480,-0.577138
AT3G19490,0.36086145
AT3G19500,-0.021324601
AT3G19508,0.1865001
AT3G19510,0.0642111
AT3G19515,-0.29187444
AT3G19520,0.37590116
AT3G19530,0.00016464121
AT3G19540,-0.11217879
AT3G19550,0.2802081
AT3G19552,0.008920995
AT3G19553,-0.011177994
AT3G19560,-0.008298577
AT3G19565,-0.004153767
AT3G19570,-0.58768237
AT3G19580,0.3091158
AT3G19590,-0.10531727
AT3G19600,0.0070655877
AT3G19610,0.035970435
AT3G19613,-0.0035372204
AT3G19615,1.1356605
AT3G19620,0.079794884
AT3G19630,0.18699147
AT3G19640,0.48001125
AT3G19650,-0.040955503
AT3G19660,0.69428784
AT3G19663,0.011300635
AT3G19670,0.0022579406
AT3G19680,-0.80278873
AT3G19690,-0.0024086626
AT3G19700,0.0010771112
AT3G19710,-0.53287524
AT3G19720,-0.38120973
AT3G19740,0.14901385
AT3G19760,0.21398884
AT3G19770,0.1531559
AT3G19780,-0.1354114
AT3G19790,-0.08907467
AT3G19800,-0.2882003
AT3G19810,-0.119418375
AT3G19820,-0.3562367
AT3G19830,0.08043649
AT3G19840,0.14305654
AT3G19850,-0.5075895
AT3G19860,-0.057420637
AT3G19870,0.21454759
AT3G19880,0.0
AT3G19890,0.0
AT3G19895,0.17207123
AT3G19900,0.19229133
AT3G19910,0.67927784
AT3G19920,0.1235219
AT3G19930,0.04404111
AT3G19940,0.00042454276
AT3G19950,0.33933696
AT3G19960,0.3726297
AT3G19970,0.72900695
AT3G19980,0.1517338
AT3G19990,0.47809947
AT3G20000,0.24147671
AT3G20010,-0.13702534
AT3G20015,-0.37181944
AT3G20020,0.087991394
AT3G20030,1.0589672e-05
AT3G20040,-0.27339143
AT3G20050,0.2118687
AT3G20060,0.15472077
AT3G20070,-0.32572907
AT3G20080,-0.14622992
AT3G20090,-0.14282745
AT3G20100,-0.047407724
AT3G20110,0.22802398
AT3G20120,-0.0531687
AT3G20130,-0.08717655
AT3G20140,-0.006464054
AT3G20150,-0.2819433
AT3G20155,0.00024312742
AT3G20160,-0.0029788068
AT3G20170,0.029107792
AT3G20180,0.02153373
AT3G20190,-0.010500145
AT3G20200,-0.30082387
AT3G20210,0.019529104
AT3G20220,-0.0005194032
AT3G20230,-0.19610773
AT3G20240,-0.025369452
AT3G20250,0.80408126
AT3G20260,-0.045331568
AT3G20270,0.0024711462
AT3G20280,-0.027076736
AT3G20290,0.101261586
AT3G20300,0.23310347
AT3G20310,0.06200173
AT3G20320,-0.06495966
AT3G20330,0.17135467
AT3G20340,0.32884824
AT3G20350,-0.39432853
AT3G20360,0.014715624
AT3G20362,-0.0008595392
AT3G20370,0.5638533
AT3G20380,0.070805445
AT3G20390,0.34619665
AT3G20395,-0.008305878
AT3G20400,-0.000798411
AT3G20410,0.2863582
AT3G20420,-0.1411931
AT3G20430,-0.050166205
AT3G20440,0.049550697
AT3G20450,-0.015636293
AT3G20460,-0.12934706
AT3G20470,-0.56924665
AT3G20475,-0.025429007
AT3G20480,-0.12749764
AT3G20490,0.2922335
AT3G20500,0.24951251
AT3G20510,0.4825955
AT3G20520,0.0017617908
AT3G20530,-0.012906826
AT3G20540,-0.011722169
AT3G20550,0.07205413
AT3G20555,0.0006541572
AT3G20557,0.00912692
AT3G20560,-0.029525079
AT3G20570,-0.33069342
AT3G20580,0.017210018
AT3G20590,-0.0036414757
AT3G20600,0.5031045
AT3G20610,0.023626829
AT3G20620,0.18602686
AT3G20630,0.46768793
AT3G20640,-0.2903029
AT3G20650,0.30908903
AT3G20660,0.58893603
AT3G20670,0.2490419
AT3G20680,-0.32638758
AT3G20690,-0.000307115
AT3G20700,1.7414313e-05
AT3G20705,0.0
AT3G20710,0.008757716
AT3G20720,-0.040683094
AT3G20730,0.08042974
AT3G20740,-0.01703618
AT3G20750,3.1223474e-06
AT3G20760,-0.00060510845
AT3G20770,0.04114554
AT3G20780,-0.16965584
AT3G20790,-0.47128922
AT3G20800,0.45776126
AT3G20810,0.16620417
AT3G20820,-0.58209294
AT3G20830,-0.06295139
AT3G20840,-0.0053191287
AT3G20850,0.004536812
AT3G20860,0.084961854
AT3G20865,-0.15388805
AT3G20870,0.010635643
AT3G20880,0.0021772173
AT3G20890,0.18661381
AT3G20898,0.087351784
AT3G20900,-0.010440173
AT3G20910,0.25551492
AT3G20920,0.32218438
AT3G20930,-0.23377645
AT3G20935,0.019385459
AT3G20940,0.0009830549
AT3G20950,0.00045830657
AT3G20960,0.33816132
AT3G20970,0.20649579
AT3G20980,-0.00017839656
AT3G20993,0.0
AT3G20997,0.0
AT3G21000,-0.00550081
AT3G21055,-0.49953833
AT3G21060,-0.094883144
AT3G21070,0.25018018
AT3G21080,1.5084099
AT3G21090,0.36873987
AT3G21100,-0.0148613565
AT3G21110,-0.20177256
AT3G21120,0.0
AT3G21130,0.0
AT3G21140,0.20117614
AT3G21150,0.32814777
AT3G21160,0.13756599
AT3G21165,0.0
AT3G21170,0.0008366977
AT3G21175,0.29695898
AT3G21180,0.0056250268
AT3G21190,-0.22135162
AT3G21200,-0.0050963564
AT3G21210,-0.08758507
AT3G21215,-0.044705864
AT3G21220,0.33369637
AT3G21230,1.0499012
AT3G21240,0.6237687
AT3G21250,-0.15404299
AT3G21260,-0.53376895
AT3G21270,-0.04447399
AT3G21280,0.027580218
AT3G21290,0.009630696
AT3G21295,0.20319444
AT3G21300,0.05672041
AT3G21305,1.271231
AT3G21310,-0.09556428
AT3G21320,-0.15215921
AT3G21330,-0.4193728
AT3G21340,-0.011203024
AT3G21350,-0.066845365
AT3G21351,0.2780987
AT3G21352,0.106057204
AT3G21360,0.035936847
AT3G21370,-0.021161882
AT3G21371,0.0
AT3G21380,-0.00151827
AT3G21390,-0.30387884
AT3G21400,-0.07438679
AT3G21405,0.004113426
AT3G21410,0.00034328864
AT3G21420,0.3012872
AT3G21430,0.020711971
AT3G21450,0.0006391852
AT3G21460,-0.5984303
AT3G21465,0.16239084
AT3G21470,-0.05491025
AT3G21473,6.976143e-05
AT3G21480,0.13522443
AT3G21490,0.00066037476
AT3G21500,1.2943937
AT3G21510,0.2565051
AT3G21520,1.7694533
AT3G21530,0.13233504
AT3G21540,0.24274789
AT3G21550,-0.037306465
AT3G21560,0.23488581
AT3G21570,0.0009453522
AT3G21580,-0.05645298
AT3G21590,0.0038557944
AT3G21600,0.26572827
AT3G21620,-0.035835274
AT3G21630,0.52939725
AT3G21640,0.07412145
AT3G21650,-0.084463015
AT3G21660,0.018713254
AT3G21670,0.2693885
AT3G21680,-0.0030443808
AT3G21690,0.5333174
AT3G21700,1.2188722
AT3G21710,0.0050444594
AT3G21720,0.0050037084
AT3G21730,2.3731132e-05
AT3G21740,0.45294282
AT3G21750,0.3005648
AT3G21760,-0.31434318
AT3G21770,-0.19250147
AT3G21780,0.3873884
AT3G21790,0.48056144
AT3G21800,0.14628167
AT3G21810,0.323414
AT3G21820,-0.05291533
AT3G21825,0.0
AT3G21830,0.00043510064
AT3G21840,-0.0024272196
AT3G21850,-0.028534167
AT3G21860,0.008735993
AT3G21865,0.2200454
AT3G21870,-0.53747344
AT3G21880,0.0018499324
AT3G21890,-0.0028572625
AT3G21900,0.0
AT3G21910,7.582468e-05
AT3G21920,-0.0016334925
AT3G21930,0.0
AT3G21933,0.0
AT3G21937,0.0
AT3G21940,0.0
AT3G21945,0.00017314104
AT3G21950,-0.45601568
AT3G21960,-0.0003660438
AT3G21965,0.0
AT3G21970,0.0
AT3G21980,0.0
AT3G21985,0.0
AT3G21990,0.0014397914
AT3G22000,0.00046522354
AT3G22010,0.0
AT3G22020,1.7223629e-05
AT3G22022,0.0
AT3G22030,0.0
AT3G22040,-0.0109120095
AT3G22050,0.0016069554
AT3G22053,0.0
AT3G22057,5.0871644e-05
AT3G22060,0.0868146
AT3G22070,-0.17263196
AT3G22080,0.0
AT3G22085,1.6940301e-05
AT3G22090,-0.004677725
AT3G22100,0.10933044
AT3G22104,-0.12560622
AT3G22110,0.39959195
AT3G22120,0.1792049
AT3G22125,-0.20601039
AT3G22142,-1.0923358
AT3G22150,-0.34301007
AT3G22160,0.74563456
AT3G22170,0.06484902
AT3G22180,0.22786714
AT3G22183,-0.012202504
AT3G22190,-0.0035942951
AT3G22200,0.63267523
AT3G22210,-0.41135478
AT3G22220,0.15406507
AT3G22230,0.14279036
AT3G22231,0.80894315
AT3G22235,1.2355105
AT3G22240,1.4648484
AT3G22250,0.14844392
AT3G22260,0.3806794
AT3G22270,0.014706502
AT3G22275,-0.23584273
AT3G22280,0.0
AT3G22300,0.3382926
AT3G22310,0.2605932
AT3G22320,0.4959387
AT3G22330,0.39351466
AT3G22333,0.0
AT3G22337,0.0
AT3G22345,0.0
AT3G22350,0.03425152
AT3G22360,0.013820078
AT3G22370,0.93677187
AT3G22380,-0.009546162
AT3G22400,-0.21539603
AT3G22410,0.040142387
AT3G22415,0.28778064
AT3G22420,-0.28980172
AT3G22421,-0.0007241836
AT3G22425,0.052066755
AT3G22430,0.29201314
AT3G22436,0.0085252635
AT3G22440,0.20455356
AT3G22450,0.123941325
AT3G22460,0.1940974
AT3G22470,-0.10048008
AT3G22480,0.24784195
AT3G22490,0.003985848
AT3G22500,-0.012615093
AT3G22510,0.033569172
AT3G22520,-0.12178227
AT3G22530,0.04621069
AT3G22540,-0.028025232
AT3G22550,0.2658934
AT3G22560,0.9752246
AT3G22565,0.09152036
AT3G22570,-0.00063808216
AT3G22580,6.743418e-05
AT3G22590,0.101601526
AT3G22600,3.043285
AT3G22620,1.7175999
AT3G22630,0.5995438
AT3G22640,0.11655436
AT3G22650,-2.2001262e-11
AT3G22660,0.19215684
AT3G22670,-0.24285235
AT3G22680,0.1859542
AT3G22690,-0.10456639
AT3G22700,0.012018562
AT3G22710,0.0
AT3G22720,-4.4669612e-11
AT3G22723,0.0
AT3G22730,0.0
AT3G22740,0.16981255
AT3G22750,0.39025846
AT3G22760,-0.10120934
AT3G22770,-0.0039036076
AT3G22780,-0.21671413
AT3G22790,-0.56105244
AT3G22800,0.046106208
AT3G22810,-0.08057084
AT3G22820,-0.15335657
AT3G22830,0.055721994
AT3G22840,0.313221
AT3G22845,0.45263892
AT3G22850,0.8888395
AT3G22860,0.024711644
AT3G22870,8.933944e-05
AT3G22880,-0.018955043
AT3G22890,0.19039163
AT3G22900,0.031092921
AT3G22910,1.4565725
AT3G22920,0.011981127
AT3G22930,0.028890686
AT3G22935,0.0012712636
AT3G22940,0.0
AT3G22942,0.076029435
AT3G22950,0.35187945
AT3G22960,-0.29173392
AT3G22961,0.062477607
AT3G22970,-0.33984682
AT3G22980,0.54117984
AT3G22990,0.29307404
AT3G23000,-0.12574357
AT3G23010,0.22190003
AT3G23020,-0.066261984
AT3G23030,-0.11216291
AT3G23050,-0.65521055
AT3G23060,0.007652235
AT3G23070,-0.28109145
AT3G23080,-0.1955602
AT3G23090,-0.22210412
AT3G23100,0.05415192
AT3G23110,0.29149318
AT3G23120,0.7356541
AT3G23123,0.027681755
AT3G23130,4.1800788e-05
AT3G23140,0.0
AT3G23145,0.0
AT3G23150,0.471758
AT3G23160,-0.07837652
AT3G23165,1.3995973e-05
AT3G23167,0.0007480463
AT3G23170,0.2383809
AT3G23172,0.0
AT3G23175,-0.0029535394
AT3G23180,0.043279827
AT3G23190,-0.081164025
AT3G23200,0.24080537
AT3G23210,-0.15149254
AT3G23220,-0.021790512
AT3G23230,-0.14197814
AT3G23240,0.46532598
AT3G23245,0.0011834227
AT3G23250,0.73922056
AT3G23255,0.1340595
AT3G23260,-0.016767258
AT3G23270,0.00035256892
AT3G23280,0.23514079
AT3G23290,-0.16881354
AT3G23300,0.037916623
AT3G23310,-0.10995357
AT3G23320,-0.0027160095
AT3G23325,0.30031684
AT3G23330,-0.02302294
AT3G23340,-0.18857019
AT3G23350,-0.0006555248
AT3G23360,0.0011154723
AT3G23370,0.04014353
AT3G23380,2.0361229e-05
AT3G23390,0.046848513
AT3G23400,0.036606178
AT3G23410,-0.03502487
AT3G23420,0.0021340474
AT3G23430,-0.2612484
AT3G23440,-0.08779207
AT3G23450,-1.0883127
AT3G23460,-0.0050889235
AT3G23470,0.0147301145
AT3G23480,-0.24783435
AT3G23490,0.22791433
AT3G23500,0.0
AT3G23530,0.063960485
AT3G23540,0.26495448
AT3G23550,-0.10525305
AT3G23560,0.45269594
AT3G23570,0.77250606
AT3G23580,0.19886282
AT3G23590,-0.21410787
AT3G23600,0.5943249
AT3G23605,0.3068179
AT3G23610,-0.18442382
AT3G23620,0.17612684
AT3G23630,-0.048366733
AT3G23633,0.0003946916
AT3G23635,0.021028915
AT3G23637,-0.0035115548
AT3G23640,-0.3734006
AT3G23660,0.0724811
AT3G23670,-0.2438504
AT3G23680,0.0002840908
AT3G23685,0.00018643237
AT3G23690,0.028531086
AT3G23700,-0.50927263
AT3G23710,0.0028139646
AT3G23715,-0.0004188594
AT3G23727,9.7839375e-06
AT3G23730,-0.09716233
AT3G23740,-0.24124514
AT3G23750,-0.5287734
AT3G23760,-0.4645132
AT3G23770,1.995272e-05
AT3G23780,-0.25472426
AT3G23790,0.16092661
AT3G23800,-0.0073681064
AT3G23805,-0.58084357
AT3G23810,0.11249998
AT3G23820,-0.4005918
AT3G23830,0.015842482
AT3G23840,-0.5479944
AT3G23860,0.007773897
AT3G23870,0.048376452
AT3G23880,-0.8959166
AT3G23890,-0.19270205
AT3G23900,0.024204373
AT3G23910,0.14850238
AT3G23920,0.067787476
AT3G23930,-0.06013751
AT3G23940,0.08640248
AT3G23950,-0.00025106673
AT3G23955,-0.011671033
AT3G23960,-0.0009893572
AT3G23970,-0.022041531
AT3G23980,-0.0016057513
AT3G23990,0.4034056
AT3G24000,-0.059245996
AT3G24010,0.07538902
AT3G24020,-0.07253656
AT3G24030,-0.2364202
AT3G24040,-0.13974679
AT3G24050,-0.017780723
AT3G24060,-0.00024603726
AT3G24065,0.011715903
AT3G24068,0.006964789
AT3G24080,-0.021539511
AT3G24090,0.3704126
AT3G24093,0.0014316342
AT3G24100,0.08374304
AT3G24110,-0.07931725
AT3G24120,0.15428892
AT3G24130,-0.0012248257
AT3G24140,-0.15136884
AT3G24150,-0.12695554
AT3G24160,0.12684672
AT3G24170,0.5873732
AT3G24180,0.3435207
AT3G24190,-0.1317216
AT3G24200,0.45153323
AT3G24210,0.008544633
AT3G24220,0.00147068
AT3G24225,-0.00069427496
AT3G24230,0.0038316
AT3G24240,0.017623205
AT3G24250,8.577485e-05
AT3G24255,-0.1808912
AT3G24260,0.0
AT3G24270,0.0
AT3G24280,0.02700525
AT3G24290,0.00017610742
AT3G24300,0.0067720143
AT3G24310,0.00025623062
AT3G24315,-0.026112912
AT3G24320,-0.122977145
AT3G24330,0.00012112468
AT3G24340,-0.038056877
AT3G24350,0.009195063
AT3G24360,-0.10059929
AT3G24400,0.0
AT3G24420,0.31689087
AT3G24430,-0.5552881
AT3G24440,-0.022670142
AT3G24450,-0.1215642
AT3G24460,0.13963105
AT3G24463,-0.009602752
AT3G24465,0.0
AT3G24480,-0.32232705
AT3G24490,-0.04917655
AT3G24495,0.055007152
AT3G24500,0.5048422
AT3G24503,-0.044659648
AT3G24506,0.017166248
AT3G24508,-7.7646496e-07
AT3G24510,0.003850903
AT3G24513,0.0
AT3G24514,0.0
AT3G24515,0.053727515
AT3G24516,-0.004703979
AT3G24517,0.01990983
AT3G24520,-0.45044717
AT3G24530,0.19778351
AT3G24535,0.06312677
AT3G24540,0.0789634
AT3G24542,-6.852675e-05
AT3G24550,0.12532985
AT3G24560,-0.30221334
AT3G24570,0.19800985
AT3G24575,-0.0059844335
AT3G24580,0.00058965007
AT3G24590,-0.05078775
AT3G24600,-0.0011068152
AT3G24605,-0.00226738
AT3G24610,-0.00039368554
AT3G24620,2.6446487e-05
AT3G24630,-0.18989913
AT3G24640,0.009700375
AT3G24650,-0.013632285
AT3G24660,-0.029976303
AT3G24670,-0.027350675
AT3G24690,0.0
AT3G24700,0.0
AT3G24710,0.0003407737
AT3G24715,-0.21441226
AT3G24730,0.16372125
AT3G24740,0.18742853
AT3G24750,0.036801513
AT3G24760,0.08075186
AT3G24770,-0.1821658
AT3G24780,0.01255445
AT3G24790,0.00075393636
AT3G24800,0.08124748
AT3G24810,0.016116401
AT3G24820,-0.062357374
AT3G24830,-0.078000106
AT3G24840,0.3119922
AT3G24850,0.001757526
AT3G24860,0.20903884
AT3G24870,0.14206599
AT3G24880,0.106697604
AT3G24890,-0.14359786
AT3G24900,0.26392433
AT3G24929,-0.08127829
AT3G24982,1.1997188
AT3G25010,0.6737641
AT3G25011,-0.021329606
AT3G25012,0.0006547715
AT3G25013,-0.15642935
AT3G25014,-0.0015320012
AT3G25020,0.4145822
AT3G25030,-0.27695316
AT3G25040,0.0862498
AT3G25050,-0.0001438417
AT3G25060,0.020174792
AT3G25070,0.15091151
AT3G25080,0.0012649713
AT3G25090,0.0003662664
AT3G25100,0.016643453
AT3G25110,-0.20517445
AT3G25120,0.13189189
AT3G25130,-0.48756966
AT3G25140,-0.2587503
AT3G25150,0.24814987
AT3G25160,0.00079359906
AT3G25165,0.0009254434
AT3G25170,0.0033774038
AT3G25180,1.3356249
AT3G25182,0.0
AT3G25190,0.0152703365
AT3G25200,0.0
AT3G25210,-0.0601596
AT3G25220,0.46286947
AT3G25221,0.0043604057
AT3G25230,0.08803109
AT3G25240,0.08116888
AT3G25250,1.0445751
AT3G25260,-6.268169e-05
AT3G25265,0.0
AT3G25270,0.00038912927
AT3G25280,-0.0003579349
AT3G25290,0.39720812
AT3G25400,-0.024611278
AT3G25410,-0.089368485
AT3G25420,-0.0009009314
AT3G25430,-0.015336925
AT3G25440,0.031311758
AT3G25460,-2.1563612e-05
AT3G25470,-0.0052942564
AT3G25480,-0.049006414
AT3G25490,0.22682616
AT3G25493,-0.014318648
AT3G25500,-0.5433759
AT3G25505,0.013263561
AT3G25510,0.09740349
AT3G25520,-0.039267458
AT3G25530,-0.2470619
AT3G25540,0.011599791
AT3G25545,0.38884518
AT3G25550,-0.001047434
AT3G25560,-0.11213094
AT3G25570,0.36289132
AT3G25573,0.65525645
AT3G25577,0.05133936
AT3G25580,-0.12398444
AT3G25585,0.105477616
AT3G25590,-0.16905096
AT3G25597,0.7640048
AT3G25600,0.076003596
AT3G25610,0.7220501
AT3G25620,0.26597247
AT3G25640,0.28511176
AT3G25650,2.1154028e-05
AT3G25655,0.28867552
AT3G25660,-0.3114098
AT3G25670,-0.32260102
AT3G25680,-0.10438993
AT3G25690,-0.29127413
AT3G25710,-0.37615004
AT3G25716,7.278222e-05
AT3G25717,-0.35576367
AT3G25719,-0.017165422
AT3G25720,-0.0005604503
AT3G25727,0.0
AT3G25730,-0.10290164
AT3G25740,-0.054477137
AT3G25750,0.0
AT3G25760,0.06723167
AT3G25770,0.41267148
AT3G25780,0.8735576
AT3G25790,0.0068424684
AT3G25800,0.30411434
AT3G25805,-0.45565036
AT3G25810,0.00086863164
AT3G25820,-0.0035845265
AT3G25830,0.0021557044
AT3G25840,-0.024224108
AT3G25850,-6.4451265e-06
AT3G25855,-0.023083635
AT3G25860,-0.3205937
AT3G25870,0.8485599
AT3G25880,0.09394366
AT3G25882,1.1776154
AT3G25890,0.31923002
AT3G25900,0.6619832
AT3G25905,-0.09884447
AT3G25910,0.22706535
AT3G25920,-0.7551057
AT3G25930,0.009459488
AT3G25940,0.05381974
AT3G25950,0.33059305
AT3G25960,0.0010585361
AT3G25970,-0.01873004
AT3G25980,-0.025402445
AT3G25990,-0.025837379
AT3G26000,-0.15372422
AT3G26010,0.0037333854
AT3G26020,0.30643076
AT3G26030,-0.19277158
AT3G26040,-0.007048022
AT3G26050,-0.038645145
AT3G26060,-0.7993625
AT3G26070,-0.21203333
AT3G26080,0.19812596
AT3G26085,-0.14153829
AT3G26090,0.6190044
AT3G26100,0.38923502
AT3G26110,0.00035423625
AT3G26115,-0.04179127
AT3G26120,0.008916856
AT3G26125,0.05078395
AT3G26130,-0.05061073
AT3G26135,0.084607504
AT3G26140,-0.0036798895
AT3G26147,0.0
AT3G26150,0.04896819
AT3G26160,0.049841106
AT3G26170,0.9092783
AT3G26180,0.30882236
AT3G26190,0.4370512
AT3G26200,0.5902602
AT3G26210,0.70267236
AT3G26220,0.44186464
AT3G26230,0.36655807
AT3G26235,0.0030942652
AT3G26237,-0.0021309804
AT3G26240,-0.18959752
AT3G26250,0.0002537896
AT3G26270,0.031092666
AT3G26280,0.0135244345
AT3G26290,0.50948495
AT3G26300,-0.5669255
AT3G26310,-0.4720397
AT3G26320,-0.39440605
AT3G26330,0.23983797
AT3G26340,0.60468036
AT3G26350,-0.14112633
AT3G26355,0.0
AT3G26360,0.38794556
AT3G26370,0.0411201
AT3G26380,0.13680793
AT3G26390,-0.00028521856
AT3G26395,0.15717314
AT3G26400,0.20780472
AT3G26410,0.39751613
AT3G26420,0.22115637
AT3G26430,0.29982772
AT3G26440,0.9984729
AT3G26445,-0.12769356
AT3G26450,-0.30237687
AT3G26460,0.0059644785
AT3G26470,0.86289173
AT3G26480,0.0227794
AT3G26490,-0.20754893
AT3G26500,0.26505378
AT3G26510,-0.13382946
AT3G26512,0.015433571
AT3G26520,-0.41603667
AT3G26539,-0.071770035
AT3G26540,-0.15556546
AT3G26550,-0.0047847545
AT3G26560,0.003249787
AT3G26570,-0.41216448
AT3G26580,0.17339514
AT3G26590,0.36761776
AT3G26600,0.44869226
AT3G26610,0.011638766
AT3G26616,0.00011130346
AT3G26618,-0.11238476
AT3G26620,-0.012711353
AT3G26630,0.08605701
AT3G26640,0.22534543
AT3G26650,-0.42502496
AT3G26660,0.0013965607
AT3G26670,0.50899094
AT3G26680,-0.026628045
AT3G26690,0.8267069
AT3G26700,-0.19413768
AT3G26710,-0.3208911
AT3G26720,-0.16173954
AT3G26730,0.12804958
AT3G26740,0.46620566
AT3G26742,0.061769623
AT3G26744,-0.14738736
AT3G26750,-0.11322646
AT3G26760,-0.22867121
AT3G26770,0.055732906
AT3G26780,-0.018512432
AT3G26782,-0.003353261
AT3G26790,0.017936083
AT3G26800,0.0023113748
AT3G26810,0.23292246
AT3G26820,0.13792463
AT3G26830,3.1288118
AT3G26840,1.4858472
AT3G26850,-0.25155023
AT3G26855,0.0031569588
AT3G26860,4.3666045e-05
AT3G26870,0.0
AT3G26880,0.0005230823
AT3G26890,-0.18738635
AT3G26900,-0.21500374
AT3G26910,0.6957486
AT3G26920,-0.010637384
AT3G26922,-0.26960838
AT3G26930,-0.01354616
AT3G26932,-0.5186961
AT3G26934,-0.00011089423
AT3G26935,-0.11797064
AT3G26940,0.048781868
AT3G26950,-0.09132224
AT3G26960,-0.49335042
AT3G26980,0.16368069
AT3G26990,-0.028721597
AT3G27000,0.28656095
AT3G27010,-0.03962989
AT3G27020,0.02212742
AT3G27025,-0.043966696
AT3G27027,-0.19839409
AT3G27030,-0.14114186
AT3G27040,0.0032157793
AT3G27050,-0.23756976
AT3G27060,0.005973364
AT3G27070,-0.015283244
AT3G27080,0.14594395
AT3G27090,-0.03843758
AT3G27100,0.15933359
AT3G27110,0.17396083
AT3G27120,-0.095528394
AT3G27140,0.0
AT3G27150,-0.007470273
AT3G27160,-0.507606
AT3G27170,-0.08759725
AT3G27180,-0.047070816
AT3G27185,0.00060895964
AT3G27190,0.40257347
AT3G27200,0.031759575
AT3G27210,-0.045766223
AT3G27220,0.04875396
AT3G27230,-0.10420019
AT3G27240,0.37873024
AT3G27250,-0.24081935
AT3G27260,0.125508
AT3G27270,0.10172274
AT3G27280,0.5174305
AT3G27283,0.0
AT3G27290,0.10077038
AT3G27300,0.16174501
AT3G27310,0.2788158
AT3G27320,-0.07958214
AT3G27325,0.101399034
AT3G27329,3.4578705e-05
AT3G27330,0.69424456
AT3G27331,0.0
AT3G27340,-0.0014338375
AT3G27350,-0.29732755
AT3G27355,0.024740336
AT3G27380,0.78000194
AT3G27390,0.07903713
AT3G27400,0.22740804
AT3G27410,0.050313003
AT3G27415,0.88144165
AT3G27416,0.2504137
AT3G27420,0.0533805
AT3G27425,0.0
AT3G27430,0.509008
AT3G27440,0.016820937
AT3G27460,-0.123676054
AT3G27473,0.034982126
AT3G27475,-0.07766062
AT3G27480,0.0010147579
AT3G27490,0.0033460753
AT3G27495,0.00030155858
AT3G27500,-0.2482206
AT3G27503,-0.02049671
AT3G27510,0.018912055
AT3G27520,-0.07385562
AT3G27530,0.071027726
AT3G27540,0.10956695
AT3G27550,0.051113136
AT3G27560,-0.017856989
AT3G27570,0.4632534
AT3G27580,0.1095164
AT3G27590,-0.0025402775
AT3G27600,-0.0003808164
AT3G27610,0.29346076
AT3G27620,-0.13056462
AT3G27630,0.025850892
AT3G27640,-0.022813553
AT3G27650,-0.056930177
AT3G27660,0.06251905
AT3G27670,-0.052309893
AT3G27680,0.0003675441
AT3G27690,-1.7442179
AT3G27700,0.22965474
AT3G27710,-0.044609893
AT3G27720,0.000982554
AT3G27730,-0.02717927
AT3G27740,0.12808926
AT3G27750,-0.15317865
AT3G27770,-0.05513122
AT3G27785,0.0021541503
AT3G27809,0.26662424
AT3G27810,0.6551057
AT3G27820,0.018285614
AT3G27830,-0.4466542
AT3G27831,-0.0025235328
AT3G27835,0.0
AT3G27840,0.00014724114
AT3G27850,-0.5872151
AT3G27860,-0.16184099
AT3G27870,0.05572877
AT3G27880,0.42057866
AT3G27890,0.42321715
AT3G27900,-0.09326296
AT3G27906,-0.27988532
AT3G27910,0.0007519513
AT3G27920,0.013771029
AT3G27925,-0.059247788
AT3G27930,0.030819893
AT3G27940,0.041755438
AT3G27950,-0.011190363
AT3G27960,0.14829893
AT3G27970,-0.096885115
AT3G27980,0.01337083
AT3G27999,0.0
AT3G28007,0.5217262
AT3G28020,0.0
AT3G28030,0.14937696
AT3G28040,-0.33832115
AT3G28050,0.07359476
AT3G28060,-0.020187225
AT3G28070,-0.6709388
AT3G28080,-0.55001926
AT3G28100,0.5766705
AT3G28120,0.034395505
AT3G28130,-0.37371585
AT3G28140,-0.042822693
AT3G28150,0.048265893
AT3G28155,-0.005320502
AT3G28170,0.02777484
AT3G28180,-0.12676904
AT3G28190,0.02531279
AT3G28193,0.00014732988
AT3G28200,-0.5907813
AT3G28210,1.5405838
AT3G28216,-0.0012823761
AT3G28220,0.22986007
AT3G28223,-8.271954e-06
AT3G28230,0.0018993118
AT3G28243,0.0
AT3G28250,-0.00018636508
AT3G28270,0.7049772
AT3G28280,0.0
AT3G28290,0.0
AT3G28291,-0.0009116356
AT3G28300,0.58593625
AT3G28310,-0.034274638
AT3G28330,0.023712363
AT3G28335,-0.0037502155
AT3G28340,0.8529744
AT3G28345,-0.29858205
AT3G28360,-0.00062356377
AT3G28370,-0.009954473
AT3G28380,0.024079826
AT3G28390,0.00030587698
AT3G28410,8.642642e-05
AT3G28415,0.003696856
AT3G28420,-0.34462583
AT3G28430,0.05731957
AT3G28450,0.18742146
AT3G28455,-0.1383725
AT3G28460,-0.32767224
AT3G28470,0.0028985795
AT3G28480,0.55358905
AT3G28490,0.00026876736
AT3G28500,0.24807994
AT3G28510,1.5096786
AT3G28520,0.0005138529
AT3G28530,-0.0008545433
AT3G28540,0.720188
AT3G28550,0.02831271
AT3G28560,-0.0061360253
AT3G28570,0.37641832
AT3G28580,1.3820319
AT3G28590,0.004222629
AT3G28600,0.28352854
AT3G28610,0.058320496
AT3G28620,0.057893086
AT3G28630,0.0057078605
AT3G28635,0.022614785
AT3G28640,-0.1211796
AT3G28650,-0.32759684
AT3G28660,0.040033806
AT3G28670,0.35832617
AT3G28674,0.0
AT3G28680,-9.519431e-05
AT3G28690,0.13691032
AT3G28700,0.15855834
AT3G28710,0.13241908
AT3G28715,0.39589182
AT3G28720,0.2405727
AT3G28730,0.13312253
AT3G28740,0.93755215
AT3G28750,-0.06569441
AT3G28760,-0.18697828
AT3G28770,-0.10132597
AT3G28780,0.0009802355
AT3G28785,-0.0006480775
AT3G28790,0.00021243378
AT3G28810,-0.0011801451
AT3G28820,-3.3224946e-08
AT3G28830,-0.00701989
AT3G28840,-0.08109083
AT3G28850,0.14881091
AT3G28853,0.0
AT3G28857,-0.035838187
AT3G28860,-0.8463125
AT3G28870,0.0
AT3G28875,-0.034629058
AT3G28880,-0.120426744
AT3G28890,1.0206584
AT3G28899,0.03492169
AT3G28900,-0.09507983
AT3G28910,-0.2768346
AT3G28917,-0.002468208
AT3G28918,0.0
AT3G28920,-0.212238
AT3G28922,0.0
AT3G28925,0.0063413074
AT3G28930,1.553744
AT3G28940,0.13713011
AT3G28950,0.40007147
AT3G28956,0.0962802
AT3G28958,-0.00033607436
AT3G28960,-0.34714025
AT3G28970,0.026570242
AT3G28980,-0.00056534266
AT3G28990,0.00020328874
AT3G29000,0.5490351
AT3G29010,0.16840912
AT3G29020,0.0006219639
AT3G29030,-1.1167338
AT3G29033,0.0
AT3G29034,0.7030358
AT3G29035,0.19671445
AT3G29040,-5.70211e-05
AT3G29050,-0.00035668616
AT3G29060,-0.009266029
AT3G29070,-0.00038685245
AT3G29075,-0.06882302
AT3G29080,-0.00010378384
AT3G29090,0.22201344
AT3G29100,-0.122988015
AT3G29110,-0.002381648
AT3G29130,-0.1403508
AT3G29140,-0.035200536
AT3G29152,2.3023022e-05
AT3G29160,0.50179005
AT3G29170,0.19986424
AT3G29173,0.00036897583
AT3G29180,0.0862074
AT3G29185,-0.4627369
AT3G29190,0.012322514
AT3G29200,0.19217023
AT3G29230,0.01509882
AT3G29240,0.30979338
AT3G29250,1.4969612
AT3G29255,0.0017132425
AT3G29260,0.00046504545
AT3G29270,0.26173648
AT3G29280,-0.34122676
AT3G29290,-0.27780524
AT3G29300,-0.0043564793
AT3G29305,0.00036504923
AT3G29310,0.03614352
AT3G29320,-0.30936193
AT3G29330,0.22298907
AT3G29340,0.005655727
AT3G29350,0.03270259
AT3G29360,0.08065097
AT3G29370,-0.23720543
AT3G29375,-0.22210202
AT3G29380,0.0010696587
AT3G29385,0.00029031734
AT3G29390,-0.11500727
AT3G29400,0.12987404
AT3G29410,0.009442989
AT3G29430,-0.00048240245
AT3G29450,0.0
AT3G29455,9.90722e-05
AT3G29560,0.0013135312
AT3G29570,-0.001188679
AT3G29575,0.8347607
AT3G29580,0.0037021555
AT3G29590,-0.057773504
AT3G29630,-0.0026954596
AT3G29631,-0.8512121
AT3G29633,0.022341302
AT3G29635,-0.005746667
AT3G29636,0.0003805441
AT3G29637,-0.107791714
AT3G29638,0.04264198
AT3G29639,-0.30011418
AT3G29645,-0.0014684835
AT3G29670,-0.45846042
AT3G29680,-0.25310716
AT3G29690,0.031880956
AT3G29720,0.0
AT3G29740,0.0
AT3G29750,0.0
AT3G29760,-0.11130355
AT3G29763,0.00054041436
AT3G29765,0.00060379296
AT3G29770,-0.141761
AT3G29780,0.015257777
AT3G29785,0.0
AT3G29790,0.0
AT3G29791,0.0056209057
AT3G29794,1.7414313e-05
AT3G29796,0.0
AT3G29797,0.0
AT3G29800,0.0
AT3G29810,0.3697861
AT3G29830,0.0
AT3G29970,0.0018014587
AT3G30160,0.005988904
AT3G30165,-3.608418e-05
AT3G30180,0.30891842
AT3G30200,-0.0024205914
AT3G30210,-0.024659336
AT3G30220,0.0
AT3G30222,0.0
AT3G30230,0.0
AT3G30235,0.0
AT3G30247,0.0
AT3G30260,0.017826885
AT3G30280,0.00012689826
AT3G30290,0.005324862
AT3G30300,-0.34830227
AT3G30305,-0.089475565
AT3G30320,0.0
AT3G30340,-0.027562937
AT3G30350,0.009248809
AT3G30370,0.0
AT3G30380,0.27410197
AT3G30383,0.0
AT3G30385,-0.0037518553
AT3G30390,0.43709853
AT3G30430,4.800541e-06
AT3G30460,-0.025046423
AT3G30520,0.0017426017
AT3G30525,0.00016086672
AT3G30530,0.010648842
AT3G30540,0.0
AT3G30580,0.005538387
AT3G30705,0.0
AT3G30714,0.0
AT3G30720,-0.09640803
AT3G30725,-0.0013673035
AT3G30730,-0.0053783064
AT3G30739,-0.0004703763
AT3G30770,-0.01688715
AT3G30775,0.8970455
AT3G30805,0.0
AT3G30820,0.00039090795
AT3G30823,0.0122492965
AT3G30840,0.0
AT3G30841,-0.06271903
AT3G30842,0.023060137
AT3G30845,0.00048393392
AT3G30875,0.0
AT3G31350,0.0
AT3G31402,0.0
AT3G31430,0.0
AT3G31550,0.0
AT3G31560,0.0
AT3G31900,0.0
AT3G31910,0.00018419987
AT3G31925,0.0
AT3G31950,-3.961841e-06
AT3G31960,0.0
AT3G32030,-0.014647925
AT3G32040,-0.0004164954
AT3G32047,-0.007317375
AT3G32050,0.08008594
AT3G32090,0.0005484075
AT3G32130,0.0
AT3G32150,0.0
AT3G32160,0.0
AT3G32180,0.0
AT3G32190,0.00039938535
AT3G32200,0.0007632012
AT3G32260,0.0
AT3G32280,0.0
AT3G32330,0.0
AT3G32380,0.00025122866
AT3G32400,-0.055638045
AT3G32410,0.0
AT3G32420,0.0
AT3G32896,0.0
AT3G32904,0.0
AT3G32920,0.0026363307
AT3G32930,-0.12658823
AT3G32940,-0.0004595287
AT3G32960,0.0
AT3G32980,0.72293353
AT3G33187,0.0
AT3G33293,0.0
AT3G33393,0.0
AT3G33494,0.0
AT3G33520,-0.025360405
AT3G33528,0.05093288
AT3G33530,0.17500271
AT3G36659,-0.00027085948
AT3G41762,0.16171911
AT3G42050,0.23016818
AT3G42060,0.0
AT3G42075,0.0005698075
AT3G42130,0.0
AT3G42140,0.0
AT3G42148,0.0
AT3G42150,0.196661
AT3G42153,0.00012848171
AT3G42155,-2.7571119e-05
AT3G42160,4.606123e-05
AT3G42170,-0.10794283
AT3G42180,0.26855913
AT3G42310,0.0
AT3G42390,0.0
AT3G42473,0.0
AT3G42550,0.0040041953
AT3G42560,0.0
AT3G42565,-0.0008333685
AT3G42570,0.0061371853
AT3G42628,-0.0025320596
AT3G42630,0.012111873
AT3G42640,-0.04613394
AT3G42660,-0.11574756
AT3G42670,-0.45423806
AT3G42722,0.0
AT3G42723,0.0041691293
AT3G42725,-0.022222426
AT3G42770,0.0
AT3G42780,0.0
AT3G42786,0.0
AT3G42790,0.45193923
AT3G42800,-0.017324418
AT3G42830,-0.0004007056
AT3G42850,-0.018796692
AT3G42860,0.11247728
AT3G42870,-9.2326154e-05
AT3G42880,3.0253111e-06
AT3G42940,0.00020281586
AT3G42950,0.1672805
AT3G42960,-0.00027966112
AT3G42990,0.0
AT3G42995,0.00097277673
AT3G43083,0.0
AT3G43110,-0.020369453
AT3G43120,8.800505e-11
AT3G43148,0.025654346
AT3G43150,-0.0008855842
AT3G43153,0.0
AT3G43160,0.00065513013
AT3G43170,0.0
AT3G43180,0.0
AT3G43190,-0.010332239
AT3G43210,0.0694297
AT3G43220,-0.07334998
AT3G43230,0.4748262
AT3G43240,0.35584232
AT3G43250,0.97351605
AT3G43260,0.0
AT3G43270,0.060557995
AT3G43280,1.6522396e-05
AT3G43290,0.0
AT3G43291,0.0017269101
AT3G43300,0.058067072
AT3G43340,-0.0034855988
AT3G43400,0.0005148575
AT3G43410,0.0
AT3G43415,0.0
AT3G43420,-0.0008408092
AT3G43430,0.085530505
AT3G43432,0.0
AT3G43440,0.3364157
AT3G43470,0.0
AT3G43480,5.404994e-05
AT3G43490,0.0
AT3G43500,0.0
AT3G43503,0.0
AT3G43505,9.556006e-05
AT3G43520,0.40720704
AT3G43530,0.0
AT3G43540,-0.34768617
AT3G43550,0.0
AT3G43570,0.0
AT3G43572,-0.0010051763
AT3G43574,-0.00016644342
AT3G43580,0.08648951
AT3G43583,0.00022094762
AT3G43590,-0.039355196
AT3G43600,-0.2529629
AT3G43610,-0.35736004
AT3G43630,0.00047802454
AT3G43645,-4.1490585e-11
AT3G43660,-0.0014892799
AT3G43670,0.07239835
AT3G43682,0.0
AT3G43700,-0.011492018
AT3G43710,0.0038070858
AT3G43720,-0.62043834
AT3G43740,0.10945305
AT3G43750,0.0007774119
AT3G43790,0.0062762327
AT3G43800,-0.11686111
AT3G43810,-0.0049846843
AT3G43833,3.015613e-05
AT3G43837,-0.00040136208
AT3G43840,-0.019496737
AT3G43850,-0.0818254
AT3G43860,0.0008032184
AT3G43870,0.006413743
AT3G43880,0.0
AT3G43890,0.0038937877
AT3G43910,0.0
AT3G43920,-0.37559745
AT3G43930,-0.08639332
AT3G43940,4.7392714e-05
AT3G43950,0.00060317287
AT3G43960,-0.4033914
AT3G43970,0.0038207113
AT3G43980,0.024774667
AT3G43990,0.0011241443
AT3G44006,0.001975296
AT3G44020,-0.18663782
AT3G44050,-0.101069644
AT3G44060,0.0056101624
AT3G44070,0.000105898755
AT3G44080,0.0
AT3G44090,0.0
AT3G44100,0.47667226
AT3G44110,0.281656
AT3G44115,0.0
AT3G44120,-0.15587696
AT3G44130,0.0
AT3G44140,0.0011341219
AT3G44150,0.2147313
AT3G44160,-0.10352469
AT3G44170,0.0
AT3G44180,0.00030192186
AT3G44190,0.06911532
AT3G44200,0.068320945
AT3G44210,-0.0015551937
AT3G44220,-0.19919153
AT3G44230,2.3023022e-05
AT3G44235,0.0
AT3G44240,0.00051971484
AT3G44250,0.0005649694
AT3G44260,0.041336212
AT3G44261,0.0
AT3G44265,-0.007240001
AT3G44280,0.2345532
AT3G44290,0.041873295
AT3G44300,2.9086566
AT3G44310,0.482063
AT3G44320,0.89124644
AT3G44326,1.002339
AT3G44330,0.30849835
AT3G44340,0.13742451
AT3G44350,-0.035893474
AT3G44370,0.097238004
AT3G44380,-0.037819367
AT3G44400,0.0023327658
AT3G44405,0.008851648
AT3G44428,-0.00024013402
AT3G44430,-0.03383265
AT3G44435,-0.0056441966
AT3G44440,-0.008262057
AT3G44450,-0.40430182
AT3G44460,-0.0059454106
AT3G44480,-0.083320215
AT3G44485,0.0004019251
AT3G44490,-0.0022934347
AT3G44510,-0.03833113
AT3G44530,0.15550075
AT3G44540,0.5026069
AT3G44550,0.5236848
AT3G44555,-0.0014819904
AT3G44560,0.1288251
AT3G44570,-0.009190297
AT3G44580,-0.0019394938
AT3G44590,0.16453263
AT3G44600,0.024685087
AT3G44610,-0.27746224
AT3G44620,0.033493064
AT3G44630,-0.22347023
AT3G44635,0.0016188018
AT3G44660,0.00052578095
AT3G44665,-0.0019247314
AT3G44670,-0.18681264
AT3G44680,0.26138982
AT3G44690,-0.121085316
AT3G44695,0.0028622048
AT3G44700,0.01111909
AT3G44703,0.00017537666
AT3G44704,-0.00014817009
AT3G44710,0.0005965268
AT3G44713,-0.12536034
AT3G44716,-0.17369542
AT3G44718,0.0
AT3G44720,1.0457869
AT3G44730,-0.17995226
AT3G44735,-0.65801376
AT3G44740,-0.23958012
AT3G44750,0.15359929
AT3G44753,-0.030448036
AT3G44755,0.0009315845
AT3G44760,0.015895508
AT3G44763,0.0014621413
AT3G44766,0.00014471244
AT3G44769,-0.0027551241
AT3G44770,-0.12895559
AT3G44780,-3.9516857e-05
AT3G44785,5.7305475e-05
AT3G44790,-0.061511125
AT3G44800,-0.01802316
AT3G44805,-0.0023576638
AT3G44810,-0.0007540972
AT3G44820,0.0034882412
AT3G44830,0.61924887
AT3G44840,0.013227126
AT3G44850,-0.016282996
AT3G44860,0.9355161
AT3G44870,0.094598025
AT3G44880,0.6377907
AT3G44890,-0.80624753
AT3G44900,-0.0909156
AT3G44910,0.00032974494
AT3G44920,-9.306764e-05
AT3G44930,5.3788764e-05
AT3G44935,1.8439272e-05
AT3G44940,-0.47687516
AT3G44950,-0.0011879907
AT3G44960,-0.23354033
AT3G44970,0.2710211
AT3G44980,7.5518005e-06
AT3G44990,-0.07941252
AT3G45000,-0.0049306806
AT3G45010,0.28623572
AT3G45020,-0.01569067
AT3G45030,-0.025469175
AT3G45040,0.28099465
AT3G45050,-0.012184473
AT3G45060,1.7032642
AT3G45070,-0.0031854142
AT3G45080,0.0025325003
AT3G45090,0.10791133
AT3G45093,0.0053331293
AT3G45100,0.15103921
AT3G45110,-0.0006529093
AT3G45130,2.3316875
AT3G45140,0.77488923
AT3G45150,0.00074205955
AT3G45160,-0.8570496
AT3G45170,0.0011536898
AT3G45180,0.0053300415
AT3G45190,5.1819086e-05
AT3G45200,-0.0014985618
AT3G45210,-0.18925692
AT3G45220,-6.7899164e-05
AT3G45230,-0.25210842
AT3G45240,0.23159672
AT3G45243,0.0
AT3G45245,0.0005050035
AT3G45248,0.0
AT3G45252,0.0
AT3G45260,0.09314596
AT3G45275,0.0
AT3G45280,0.04394937
AT3G45285,-2.961805e-05
AT3G45290,-0.37178665
AT3G45300,0.73900455
AT3G45310,0.2643279
AT3G45320,1.1684986e-05
AT3G45330,0.11135616
AT3G45390,-0.033236146
AT3G45400,-0.15450048
AT3G45410,0.31191158
AT3G45420,-0.22485964
AT3G45430,-0.12154759
AT3G45440,-0.031041443
AT3G45443,-0.28970084
AT3G45450,0.00042062913
AT3G45460,0.00053698744
AT3G45470,0.0
AT3G45480,0.0
AT3G45490,0.0071792775
AT3G45500,0.000265152
AT3G45510,0.0012028407
AT3G45525,0.0
AT3G45530,0.00031209987
AT3G45540,1.0837189e-05
AT3G45555,1.7414313e-05
AT3G45560,0.024399288
AT3G45570,0.0012538079
AT3G45577,0.00010373515
AT3G45580,6.092471e-05
AT3G45590,0.14759916
AT3G45600,0.13769922
AT3G45610,-0.32857153
AT3G45620,0.59117484
AT3G45630,0.022086067
AT3G45640,-0.019281046
AT3G45645,1.0142703e-05
AT3G45650,-0.19282813
AT3G45660,-0.019016292
AT3G45670,0.0017080046
AT3G45673,8.343505e-06
AT3G45680,0.11176454
AT3G45690,-0.0009204321
AT3G45700,-0.020487078
AT3G45710,-0.16284356
AT3G45720,-0.0075266203
AT3G45730,-0.014406808
AT3G45740,-0.03276389
AT3G45750,0.006119078
AT3G45760,-0.0011173846
AT3G45770,0.13902718
AT3G45780,-0.5698788
AT3G45790,0.00014665512
AT3G45800,0.00016823679
AT3G45810,0.0
AT3G45820,0.0
AT3G45830,0.03505423
AT3G45840,-0.003630448
AT3G45850,-0.89596474
AT3G45851,2.3254468e-05
AT3G45860,0.07152019
AT3G45870,0.068291225
AT3G45880,0.3629705
AT3G45890,-0.06948282
AT3G45900,-0.13751349
AT3G45910,0.0
AT3G45920,0.016522545
AT3G45940,-0.18467821
AT3G45950,0.00044147135
AT3G45960,-0.31062722
AT3G45970,-0.41048545
AT3G45980,-0.21997786
AT3G45990,2.2998885e-05
AT3G46000,0.4428262
AT3G46010,-0.03821078
AT3G46020,-0.09770112
AT3G46030,-0.029234203
AT3G46040,0.1675758
AT3G46050,-0.0015185183
AT3G46060,0.37716144
AT3G46070,0.10030978
AT3G46080,1.2101405
AT3G46086,0.0021191717
AT3G46090,0.16353759
AT3G46100,-0.27098075
AT3G46110,0.22670041
AT3G46120,-0.0030460085
AT3G46130,-0.6375741
AT3G46140,0.006027411
AT3G46150,0.064423256
AT3G46160,0.006933376
AT3G46170,0.010438746
AT3G46180,-0.08055083
AT3G46190,0.00903298
AT3G46200,-0.07088144
AT3G46210,0.21199617
AT3G46220,0.117426485
AT3G46230,1.7252556
AT3G46240,-0.0003830448
AT3G46260,0.1468456
AT3G46270,0.020719364
AT3G46280,1.6594406
AT3G46290,-0.03508885
AT3G46300,0.124607675
AT3G46310,0.0008339859
AT3G46330,-0.07112071
AT3G46340,0.007681031
AT3G46350,4.387905e-05
AT3G46355,-8.536811e-05
AT3G46360,0.0
AT3G46370,-0.7165497
AT3G46380,0.0026332121
AT3G46390,0.0
AT3G46400,0.002265531
AT3G46410,0.0021644686
AT3G46420,0.00034494558
AT3G46430,0.056118984
AT3G46440,0.85448885
AT3G46450,0.15267655
AT3G46460,0.20169385
AT3G46470,0.00021567827
AT3G46480,0.0021896325
AT3G46490,-0.4816578
AT3G46500,0.04732798
AT3G46510,0.5801541
AT3G46520,0.34745127
AT3G46530,-0.08190463
AT3G46540,0.023656223
AT3G46550,-0.26075605
AT3G46560,0.4161188
AT3G46565,0.0
AT3G46570,-6.792162e-05
AT3G46580,-0.43003356
AT3G46590,-0.0009418106
AT3G46600,0.16815774
AT3G46610,-0.13556588
AT3G46613,0.029879354
AT3G46616,0.0041867695
AT3G46617,-0.0026358806
AT3G46620,0.068199456
AT3G46630,-0.06992154
AT3G46640,0.25999588
AT3G46650,0.12339141
AT3G46660,1.9037211
AT3G46666,0.021955373
AT3G46670,1.0807617
AT3G46680,0.6830769
AT3G46690,1.2160962
AT3G46700,0.5123565
AT3G46710,-0.018090282
AT3G46720,-0.009353728
AT3G46730,0.029663203
AT3G46735,-0.028100194
AT3G46740,0.045377783
AT3G46750,-0.0019825557
AT3G46760,0.004767396
AT3G46770,-0.05564457
AT3G46780,-0.9142175
AT3G46790,0.032328837
AT3G46800,0.0020334572
AT3G46810,0.0022418564
AT3G46820,-0.05277639
AT3G46830,0.022316713
AT3G46840,0.0075800577
AT3G46845,0.3440222
AT3G46850,0.0014190864
AT3G46860,0.0
AT3G46870,0.02475966
AT3G46880,-0.25322995
AT3G46890,-0.080840856
AT3G46900,-0.18575269
AT3G46910,0.0051432517
AT3G46920,0.09824932
AT3G46930,0.24636768
AT3G46940,-0.051900007
AT3G46950,-0.052322343
AT3G46960,-0.009703546
AT3G46970,0.105827056
AT3G46980,0.020923562
AT3G46990,-0.26661876
AT3G47000,-0.05956934
AT3G47010,-0.18282506
AT3G47020,-0.00033141786
AT3G47030,-0.109867655
AT3G47040,0.19323628
AT3G47050,0.21244547
AT3G47060,0.24240604
AT3G47070,-0.45629162
AT3G47080,-0.054999225
AT3G47090,0.09924655
AT3G47100,-0.004711714
AT3G47110,-0.14135396
AT3G47120,0.22769608
AT3G47130,-0.0073555885
AT3G47140,-1.3500336e-05
AT3G47150,-0.00040984125
AT3G47160,0.299284
AT3G47170,-1.7269925e-06
AT3G47180,-0.0665222
AT3G47190,0.000599796
AT3G47200,-0.002070188
AT3G47210,-0.05390471
AT3G47220,-0.10306359
AT3G47250,0.19163747
AT3G47290,-0.20491578
AT3G47295,-0.28472805
AT3G47300,0.14158747
AT3G47340,0.6598186
AT3G47341,0.0
AT3G47350,0.0553607
AT3G47360,-0.10469864
AT3G47370,0.14022505
AT3G47380,0.44235763
AT3G47390,-0.10080329
AT3G47400,-0.03399833
AT3G47410,0.00080670475
AT3G47420,0.46769014
AT3G47430,-0.40843883
AT3G47440,-0.0009344834
AT3G47450,-0.0049690246
AT3G47460,-0.03603258
AT3G47470,-0.76446605
AT3G47480,1.1650872
AT3G47490,0.045868114
AT3G47500,-0.1433183
AT3G47510,-0.1663329
AT3G47520,0.21542367
AT3G47530,0.507523
AT3G47540,1.6069919
AT3G47550,0.21267286
AT3G47560,-0.49124718
AT3G47570,-0.14512773
AT3G47580,-0.31335905
AT3G47590,0.08219493
AT3G47600,-0.10067508
AT3G47610,0.10447275
AT3G47620,-0.17167574
AT3G47630,0.017281082
AT3G47640,-0.13944165
AT3G47650,-0.3604141
AT3G47660,-0.05306068
AT3G47670,0.24826667
AT3G47680,0.10643602
AT3G47690,-0.12630507
AT3G47700,0.17717646
AT3G47710,-0.0026670308
AT3G47720,0.002102866
AT3G47730,0.47034785
AT3G47740,0.005435951
AT3G47750,-0.16569287
AT3G47760,0.0010945369
AT3G47770,-0.0010583164
AT3G47780,1.3917092
AT3G47790,0.026608875
AT3G47800,0.41527656
AT3G47810,0.47475395
AT3G47820,-0.03235315
AT3G47830,0.06968282
AT3G47833,0.5496043
AT3G47836,0.15659814
AT3G47840,0.07437105
AT3G47850,0.29436755
AT3G47860,-0.09888349
AT3G47870,-0.041151915
AT3G47890,-0.010537919
AT3G47910,0.019328536
AT3G47920,0.0
AT3G47930,0.016043687
AT3G47940,0.21172626
AT3G47950,0.19189699
AT3G47960,0.48691192
AT3G47965,0.13822381
AT3G47970,0.0
AT3G47990,0.19330361
AT3G48000,0.53850555
AT3G48010,0.09402924
AT3G48020,1.4527977
AT3G48030,0.24932487
AT3G48040,-0.40348396
AT3G48050,0.095640175
AT3G48060,0.042066965
AT3G48070,0.2544315
AT3G48080,0.6005347
AT3G48090,0.27722025
AT3G48100,-0.32697743
AT3G48110,-0.061200976
AT3G48120,-0.018007612
AT3G48131,-0.0007501337
AT3G48140,0.357889
AT3G48150,0.06346709
AT3G48160,-0.10724825
AT3G48170,0.4153076
AT3G48180,0.63094
AT3G48185,0.039447952
AT3G48187,-0.22844107
AT3G48190,-0.1931972
AT3G48195,0.20286547
AT3G48200,-0.7045512
AT3G48205,7.375482e-05
AT3G48208,3.8921462e-05
AT3G48209,0.0
AT3G48210,0.2746739
AT3G48220,0.0
AT3G48230,-0.008170973
AT3G48231,0.0
AT3G48240,-0.03420821
AT3G48250,0.19748646
AT3G48260,-0.32787442
AT3G48270,0.0030547509
AT3G48280,-0.58584493
AT3G48290,-0.45819777
AT3G48298,0.0
AT3G48300,0.36223894
AT3G48310,0.10345127
AT3G48320,-0.006724105
AT3G48330,0.16620106
AT3G48340,-0.024151592
AT3G48343,-0.008210955
AT3G48344,0.00018860125
AT3G48346,-0.030510832
AT3G48350,0.5281537
AT3G48360,0.40090385
AT3G48380,0.1191886
AT3G48390,0.13816042
AT3G48400,0.0029440417
AT3G48410,-0.037092254
AT3G48420,-0.8371788
AT3G48425,-0.045602854
AT3G48430,-0.080546126
AT3G48440,-0.09080474
AT3G48450,0.54552245
AT3G48460,-0.09291942
AT3G48470,-0.007871751
AT3G48475,0.0058464743
AT3G48480,-0.07509862
AT3G48490,0.012474129
AT3G48500,-0.055914413
AT3G48510,0.12940401
AT3G48520,0.71963584
AT3G48530,0.4985978
AT3G48540,-0.04757654
AT3G48550,-0.414118
AT3G48560,-0.17887318
AT3G48570,0.526902
AT3G48580,1.2592927
AT3G48590,0.007684232
AT3G48600,-0.35096845
AT3G48610,-0.5374938
AT3G48620,-0.05280064
AT3G48630,0.1606003
AT3G48640,0.5866135
AT3G48650,0.0
AT3G48660,0.0040133935
AT3G48670,-0.28974655
AT3G48675,0.00083921355
AT3G48680,0.3348853
AT3G48690,0.15058489
AT3G48700,0.05433261
AT3G48710,0.005270699
AT3G48720,-1.4604565
AT3G48730,-0.39954066
AT3G48740,-0.058268387
AT3G48750,0.19711383
AT3G48760,0.26002795
AT3G48770,-0.22963558
AT3G48780,0.3049747
AT3G48790,-0.061903223
AT3G48800,-0.019118385
AT3G48810,-0.123796396
AT3G48820,-0.050088126
AT3G48830,0.12947595
AT3G48835,-0.0660562
AT3G48840,0.13564877
AT3G48850,2.2974153
AT3G48860,0.23341301
AT3G48870,0.06460003
AT3G48880,0.23358746
AT3G48890,0.9444152
AT3G48900,0.05716733
AT3G48920,0.06684864
AT3G48930,0.10366174
AT3G48940,-0.006483689
AT3G48950,0.0
AT3G48960,-3.0054274e-05
AT3G48970,-0.17708875
AT3G48980,-0.118687466
AT3G48990,0.3557827
AT3G49000,-0.046442214
AT3G49010,0.19199067
AT3G49020,-0.00077547936
AT3G49030,0.00045727036
AT3G49040,0.00014881515
AT3G49045,-0.0063284603
AT3G49050,-0.092679806
AT3G49055,0.06406823
AT3G49060,0.07825939
AT3G49070,0.11149437
AT3G49080,0.036444936
AT3G49100,0.35271966
AT3G49110,0.46774718
AT3G49115,0.0
AT3G49120,1.9666415
AT3G49130,0.4282747
AT3G49140,-0.3660803
AT3G49142,-0.08153243
AT3G49150,0.00046043866
AT3G49155,-0.011933321
AT3G49160,0.124486215
AT3G49170,-0.050824504
AT3G49180,0.19760789
AT3G49190,0.01720832
AT3G49200,0.034026887
AT3G49210,0.9152598
AT3G49220,-0.607546
AT3G49230,0.002986789
AT3G49240,0.08792496
AT3G49250,-0.2281986
AT3G49260,-0.50135756
AT3G49270,-0.00075954007
AT3G49290,-0.4967862
AT3G49300,-0.027792929
AT3G49305,0.0
AT3G49307,0.0
AT3G49310,0.10255058
AT3G49320,0.42601666
AT3G49330,0.013886759
AT3G49340,0.035930295
AT3G49350,-0.06435496
AT3G49360,-0.2035687
AT3G49370,0.3506018
AT3G49380,0.0055721705
AT3G49390,0.26276
AT3G49400,0.37646383
AT3G49410,-0.009467503
AT3G49420,0.36409053
AT3G49430,0.14429204
AT3G49440,0.0
AT3G49450,-8.765114e-05
AT3G49460,0.00026136154
AT3G49470,-0.28176942
AT3G49480,0.019912057
AT3G49490,0.24224715
AT3G49500,-0.25484174
AT3G49510,-0.12758498
AT3G49520,-0.0057761827
AT3G49530,0.53236985
AT3G49540,0.26712
AT3G49550,-0.0894966
AT3G49551,0.013867237
AT3G49560,0.028037682
AT3G49570,0.5722684
AT3G49580,0.2497398
AT3G49590,0.18294851
AT3G49600,-0.06963944
AT3G49601,0.09629702
AT3G49610,0.010961956
AT3G49620,1.4140731
AT3G49630,0.003936461
AT3G49640,-0.09113514
AT3G49645,0.4271033
AT3G49650,-0.45971882
AT3G49660,0.101612
AT3G49670,-0.68402606
AT3G49680,-0.18415472
AT3G49690,0.02149676
AT3G49700,0.0026872286
AT3G49710,-0.100868456
AT3G49720,-0.67119503
AT3G49725,0.12907673
AT3G49730,-0.2964051
AT3G49740,-0.0626192
AT3G49744,-0.00037339443
AT3G49750,-0.2706982
AT3G49760,0.016851747
AT3G49770,-0.00042253494
AT3G49780,0.6016381
AT3G49790,0.5124143
AT3G49796,0.0018861338
AT3G49800,0.27191895
AT3G49810,-0.26789957
AT3G49820,-0.026693279
AT3G49830,-0.0052222237
AT3G49840,-0.12399249
AT3G49845,0.28237256
AT3G49850,-0.06870253
AT3G49860,0.13280654
AT3G49870,-0.067022316
AT3G49880,-0.05844132
AT3G49890,-0.02810581
AT3G49900,-0.04006486
AT3G49910,0.009662548
AT3G49920,-0.009530469
AT3G49930,-0.10468204
AT3G49940,0.3693128
AT3G49950,0.019785218
AT3G49960,-0.004223916
AT3G49970,-0.103339024
AT3G49980,0.021523543
AT3G49990,-0.19414586
AT3G50000,0.04075983
AT3G50010,-0.16913685
AT3G50020,0.00054791966
AT3G50030,0.27763984
AT3G50040,-0.028333258
AT3G50050,-0.19197874
AT3G50060,-0.5522015
AT3G50070,-0.08265753
AT3G50080,0.15115064
AT3G50090,0.00031960208
AT3G50100,-0.17534636
AT3G50110,-0.07225762
AT3G50120,-0.17296435
AT3G50123,0.0
AT3G50130,0.1053945
AT3G50140,0.04972976
AT3G50150,-0.0057296543
AT3G50160,0.007579873
AT3G50170,-0.0019723945
AT3G50180,-0.00062525313
AT3G50190,-0.2867479
AT3G50200,-0.027304264
AT3G50210,0.14998446
AT3G50220,0.11173728
AT3G50230,0.02166095
AT3G50240,-1.2576212
AT3G50250,0.00080728316
AT3G50260,0.5774534
AT3G50270,-0.04173402
AT3G50280,0.82624304
AT3G50290,0.005796115
AT3G50300,0.018261291
AT3G50310,0.6326341
AT3G50320,0.0
AT3G50330,-0.0013480649
AT3G50340,-0.50760835
AT3G50350,-0.0946591
AT3G50360,0.17411952
AT3G50370,-0.030634215
AT3G50373,0.0030812442
AT3G50380,-0.07028222
AT3G50390,0.15019439
AT3G50400,0.48583326
AT3G50410,0.20020494
AT3G50420,0.040326647
AT3G50430,0.026236415
AT3G50440,-0.06900703
AT3G50450,-0.052406587
AT3G50460,0.075982496
AT3G50470,0.26123977
AT3G50480,0.40965608
AT3G50500,0.37274408
AT3G50510,-0.02565522
AT3G50520,0.012761865
AT3G50530,-0.4130467
AT3G50540,-0.00012700203
AT3G50550,0.15344542
AT3G50560,0.0839094
AT3G50570,0.65296596
AT3G50580,0.009799735
AT3G50590,0.11253506
AT3G50610,0.008516282
AT3G50620,-0.12214711
AT3G50630,-0.303811
AT3G50640,0.004283015
AT3G50650,0.37909138
AT3G50660,-0.23192565
AT3G50670,0.025121586
AT3G50685,-0.5447127
AT3G50690,0.03363144
AT3G50700,0.070984416
AT3G50710,-0.0013899003
AT3G50720,4.7088488e-05
AT3G50730,-0.0048981667
AT3G50740,-0.1010531
AT3G50750,-0.082715325
AT3G50760,0.68729967
AT3G50770,1.7093601
AT3G50780,-0.2939311
AT3G50790,-0.25135058
AT3G50800,-0.43352532
AT3G50808,-0.0007154038
AT3G50810,0.21658841
AT3G50820,-0.5606857
AT3G50830,-0.093717024
AT3G50840,-0.23507917
AT3G50845,-0.12561348
AT3G50850,0.066177055
AT3G50860,-0.017821783
AT3G50870,-0.10875382
AT3G50880,0.2251162
AT3G50890,-0.28781503
AT3G50900,0.6794419
AT3G50910,0.5401662
AT3G50920,0.13265525
AT3G50925,0.0
AT3G50930,0.48982382
AT3G50940,-0.123681724
AT3G50950,0.21645287
AT3G50960,-0.33301353
AT3G50970,0.4109388
AT3G50980,0.33256513
AT3G50990,-0.0013302764
AT3G51000,0.49831533
AT3G51010,0.32800743
AT3G51020,-0.0011867075
AT3G51030,-0.03200702
AT3G51040,0.05173309
AT3G51050,0.23441532
AT3G51060,-0.023134593
AT3G51070,-0.031725496
AT3G51080,-0.59770876
AT3G51090,1.1166705
AT3G51100,0.37890017
AT3G51110,0.06792219
AT3G51120,0.0851519
AT3G51130,0.3662766
AT3G51140,0.010508424
AT3G51150,-0.43809804
AT3G51160,0.3180837
AT3G51171,0.003423346
AT3G51180,0.17882517
AT3G51190,0.008501252
AT3G51200,-0.0022604913
AT3G51210,1.2541203e-05
AT3G51220,-0.07296074
AT3G51230,-0.080532946
AT3G51240,-0.20733376
AT3G51250,0.1474531
AT3G51260,0.49947885
AT3G51270,-0.15648916
AT3G51280,-0.036026258
AT3G51290,-0.20368877
AT3G51300,0.0123107545
AT3G51310,0.04493106
AT3G51320,0.021475717
AT3G51325,-0.029394515
AT3G51330,0.87629694
AT3G51340,0.03655934
AT3G51350,0.3897731
AT3G51360,0.0341762
AT3G51370,0.22111987
AT3G51380,0.016321726
AT3G51390,0.17349203
AT3G51400,0.22949769
AT3G51410,0.016783442
AT3G51420,-0.018358996
AT3G51430,0.89271975
AT3G51440,1.0153459
AT3G51450,0.31648475
AT3G51460,0.41381666
AT3G51470,-0.18710771
AT3G51480,-0.41908807
AT3G51490,-0.007900101
AT3G51500,0.2941358
AT3G51510,-0.46765083
AT3G51520,0.0425103
AT3G51530,0.002773795
AT3G51540,0.5173916
AT3G51550,-0.0046762205
AT3G51560,0.008270054
AT3G51570,0.006266786
AT3G51580,0.29650396
AT3G51590,0.0004811347
AT3G51600,-0.5003211
AT3G51610,0.30005
AT3G51620,0.18894348
AT3G51630,0.20256166
AT3G51640,0.043892812
AT3G51642,-0.0044803442
AT3G51644,-0.000719472
AT3G51650,0.20060182
AT3G51660,1.7758522
AT3G51670,0.10723847
AT3G51680,0.015600718
AT3G51690,0.02608702
AT3G51700,0.0014403464
AT3G51710,-0.2767152
AT3G51720,-0.39207444
AT3G51730,0.41789317
AT3G51740,-0.12336799
AT3G51750,-0.046010047
AT3G51760,-0.19068205
AT3G51770,0.06397934
AT3G51780,0.1590471
AT3G51790,0.43667907
AT3G51800,0.2010224
AT3G51810,-0.019603424
AT3G51820,-0.40188235
AT3G51830,-0.016335428
AT3G51840,0.4061238
AT3G51850,-0.05240849
AT3G51860,1.834681
AT3G51870,-0.0023807937
AT3G51880,0.08599586
AT3G51890,0.23982194
AT3G51895,0.5266296
AT3G51910,-0.19409974
AT3G51920,-0.070763506
AT3G51930,-0.14480522
AT3G51940,0.122292936
AT3G51950,-0.7181074
AT3G51960,0.3162572
AT3G51970,0.29774037
AT3G51980,0.25035518
AT3G51990,0.14593709
AT3G52000,-0.00095940166
AT3G52010,0.016153296
AT3G52020,0.0012679219
AT3G52030,0.13595308
AT3G52040,0.16452964
AT3G52050,-0.14942716
AT3G52060,-0.1074991
AT3G52070,-0.22803897
AT3G52075,-0.00668581
AT3G52080,0.0020218298
AT3G52090,0.031353865
AT3G52100,-0.051954787
AT3G52110,-0.0903224
AT3G52115,0.028520862
AT3G52120,0.21411589
AT3G52130,-0.0217492
AT3G52140,-0.042555843
AT3G52150,-0.46925017
AT3G52155,-0.08391895
AT3G52160,0.036802165
AT3G52170,-0.274922
AT3G52180,0.26502782
AT3G52190,0.52371216
AT3G52200,0.31678763
AT3G52210,0.06634634
AT3G52220,0.03454278
AT3G52230,-0.14797343
AT3G52240,0.2444447
AT3G52250,-0.052002244
AT3G52260,0.01494985
AT3G52270,-0.019422881
AT3G52280,0.11347852
AT3G52290,-0.254178
AT3G52300,0.26523274
AT3G52310,-0.27062482
AT3G52320,0.00025079853
AT3G52330,0.00033626021
AT3G52340,-0.090905234
AT3G52350,-0.0017299037
AT3G52360,-0.42376158
AT3G52370,-0.2092636
AT3G52380,-0.46352094
AT3G52390,-0.02873286
AT3G52400,0.29141194
AT3G52420,0.2325085
AT3G52430,1.1568385
AT3G52440,0.003963115
AT3G52450,0.23383582
AT3G52460,0.24957624
AT3G52470,0.24212979
AT3G52480,0.2729722
AT3G52490,-0.08619555
AT3G52500,-0.32428464
AT3G52510,0.0038257758
AT3G52520,0.088540815
AT3G52525,-0.100600325
AT3G52526,0.0899719
AT3G52530,-0.012814543
AT3G52540,0.23809609
AT3G52550,0.036276422
AT3G52560,0.30124202
AT3G52561,0.0024772198
AT3G52570,0.35243335
AT3G52580,0.19025487
AT3G52590,0.09296147
AT3G52600,-0.004062892
AT3G52610,0.12646934
AT3G52620,0.050238695
AT3G52630,-0.039208416
AT3G52640,0.038007263
AT3G52660,-0.05497521
AT3G52670,0.0
AT3G52680,-0.07540281
AT3G52690,0.0
AT3G52700,0.0027298632
AT3G52710,-0.07975293
AT3G52720,-1.3178153
AT3G52730,0.3068415
AT3G52740,0.04237312
AT3G52750,-0.549183
AT3G52760,0.13435897
AT3G52770,0.6082774
AT3G52780,0.4690866
AT3G52790,0.08422127
AT3G52800,-0.089058936
AT3G52810,0.019716535
AT3G52820,1.2784774
AT3G52830,0.003918381
AT3G52840,-0.26039055
AT3G52850,0.41252062
AT3G52860,0.14993076
AT3G52870,0.68158716
AT3G52880,0.45231804
AT3G52890,-0.046468753
AT3G52900,-0.30865207
AT3G52905,-0.052887425
AT3G52910,0.043759245
AT3G52920,-0.07000256
AT3G52930,0.6759428
AT3G52940,-0.5054611
AT3G52941,-0.0004555097
AT3G52950,-0.050805174
AT3G52960,-0.15873185
AT3G52970,0.037570354
AT3G52980,0.00066143007
AT3G52990,0.5139449
AT3G53000,0.21810167
AT3G53010,-0.10088452
AT3G53020,0.14820379
AT3G53030,0.26199436
AT3G53040,0.28810713
AT3G53050,1.0589672e-05
AT3G53060,0.0012915254
AT3G53065,0.2862355
AT3G53070,0.0
AT3G53075,0.025184697
AT3G53080,0.0006374568
AT3G53090,0.012993002
AT3G53100,-0.53305054
AT3G53110,0.38244343
AT3G53120,0.5890378
AT3G53130,-0.49735847
AT3G53140,0.0
AT3G53150,1.4585859
AT3G53160,0.49403244
AT3G53170,-0.17683674
AT3G53180,0.38647476
AT3G53190,-0.7773322
AT3G53200,0.02333103
AT3G53210,0.3767969
AT3G53220,0.030089745
AT3G53230,1.0337414
AT3G53232,0.40046573
AT3G53235,0.2602214
AT3G53240,-0.32352704
AT3G53250,-0.08509125
AT3G53260,0.08557912
AT3G53270,0.029665262
AT3G53280,-0.011755308
AT3G53294,0.0
AT3G53300,0.0004449153
AT3G53305,-5.0537456e-06
AT3G53310,-0.20264398
AT3G53320,-0.15028232
AT3G53330,1.9722707e-05
AT3G53340,0.2978864
AT3G53342,0.0
AT3G53350,-0.12007616
AT3G53360,0.058711752
AT3G53370,0.2837114
AT3G53380,-0.435723
AT3G53390,0.21508455
AT3G53400,-0.1350366
AT3G53410,0.2169403
AT3G53420,0.12807333
AT3G53430,0.14292604
AT3G53440,-0.056339826
AT3G53450,0.096107796
AT3G53460,0.01972051
AT3G53470,-0.27775726
AT3G53480,1.1428131
AT3G53490,0.32918498
AT3G53500,0.22592975
AT3G53510,0.28234094
AT3G53520,0.16667405
AT3G53530,-0.430185
AT3G53540,0.028938198
AT3G53550,-0.00556858
AT3G53560,0.09667992
AT3G53570,-0.17801732
AT3G53580,0.15263513
AT3G53590,0.031052738
AT3G53600,0.7310853
AT3G53610,0.27520058
AT3G53611,-2.3516837e-05
AT3G53620,0.46490762
AT3G53630,0.18731181
AT3G53640,0.0042043254
AT3G53650,0.744758
AT3G53660,0.0
AT3G53680,-0.73730445
AT3G53690,0.03473762
AT3G53700,-0.060083587
AT3G53710,0.07867187
AT3G53720,0.62350786
AT3G53740,0.17542821
AT3G53750,-0.30789256
AT3G53760,-0.11716336
AT3G53770,-0.0020665433
AT3G53780,0.50617653
AT3G53790,0.23845643
AT3G53800,-0.15139946
AT3G53810,0.5244837
AT3G53820,0.007895867
AT3G53830,-0.38705957
AT3G53840,0.04205419
AT3G53850,-0.107478246
AT3G53860,-0.120342486
AT3G53870,0.09242284
AT3G53880,0.1453117
AT3G53890,0.17999975
AT3G53900,-0.44378638
AT3G53910,2.594897e-05
AT3G53920,-0.2768539
AT3G53930,0.3975756
AT3G53940,0.21753585
AT3G53950,0.029065248
AT3G53960,0.14973694
AT3G53970,0.49204654
AT3G53980,-0.12814806
AT3G53990,0.10288788
AT3G54000,-0.49955657
AT3G54010,0.0048341895
AT3G54020,-0.12741534
AT3G54030,0.060014755
AT3G54040,0.1666093
AT3G54050,-0.761074
AT3G54060,0.0031912103
AT3G54065,-0.020354299
AT3G54070,0.005223336
AT3G54080,-0.11276424
AT3G54085,0.26856548
AT3G54090,0.022606315
AT3G54100,0.45815355
AT3G54110,0.878032
AT3G54120,-0.18334627
AT3G54130,0.33862454
AT3G54140,0.2380971
AT3G54150,1.7527196
AT3G54160,0.009973866
AT3G54170,0.10997963
AT3G54180,-0.09967927
AT3G54190,0.004921607
AT3G54200,-0.4866259
AT3G54210,-0.35324505
AT3G54220,-0.149998
AT3G54230,0.11624733
AT3G54240,0.011985404
AT3G54250,-0.100501716
AT3G54260,-0.74314076
AT3G54270,-0.024829984
AT3G54280,-0.03556734
AT3G54290,-0.033976104
AT3G54300,0.4422601
AT3G54310,0.009182152
AT3G54320,0.21227248
AT3G54340,-0.09202633
AT3G54350,-0.059241153
AT3G54360,0.0787531
AT3G54363,0.055569775
AT3G54380,0.31495497
AT3G54390,0.4449904
AT3G54400,-0.068337396
AT3G54410,-0.009011614
AT3G54420,0.7237329
AT3G54430,-0.097660564
AT3G54440,0.051073782
AT3G54450,0.004406414
AT3G54460,-0.19361772
AT3G54470,-0.13756713
AT3G54480,0.2234818
AT3G54490,0.015781282
AT3G54500,-0.6400278
AT3G54510,-0.16693269
AT3G54520,0.11235336
AT3G54530,0.44439182
AT3G54540,0.1521003
AT3G54550,0.019974384
AT3G54560,-0.029011967
AT3G54570,0.00030516926
AT3G54580,-0.00956169
AT3G54590,-0.0005432346
AT3G54600,-0.7266713
AT3G54610,0.1734944
AT3G54620,0.45839423
AT3G54630,-0.048668776
AT3G54640,1.8999362
AT3G54650,0.14873368
AT3G54660,-0.06351607
AT3G54670,0.0046137003
AT3G54680,0.6726319
AT3G54690,-0.50528747
AT3G54700,0.009351684
AT3G54710,-0.029212601
AT3G54720,-0.8411976
AT3G54730,0.01256392
AT3G54740,0.59157133
AT3G54750,-0.10130133
AT3G54760,-0.06534673
AT3G54770,-0.013559213
AT3G54780,-0.10090657
AT3G54790,-0.2891854
AT3G54800,0.092019886
AT3G54810,-0.08470541
AT3G54820,0.65711457
AT3G54826,0.5809012
AT3G54830,-0.49286762
AT3G54840,0.2745622
AT3G54850,0.44812956
AT3G54860,0.19230856
AT3G54870,0.011398238
AT3G54880,0.2682268
AT3G54890,-0.77315164
AT3G54900,-0.3203002
AT3G54910,-0.54757816
AT3G54920,-0.49747765
AT3G54925,0.00028162033
AT3G54930,-0.23668383
AT3G54940,-0.007170627
AT3G54950,0.8727013
AT3G54960,0.5992901
AT3G54970,0.025776016
AT3G54980,0.009659499
AT3G54990,0.10424142
AT3G55000,0.084691346
AT3G55005,-0.12748334
AT3G55010,0.1529923
AT3G55020,-0.07035413
AT3G55030,0.12643223
AT3G55040,-0.5003964
AT3G55050,0.1563405
AT3G55060,0.10368977
AT3G55070,0.16201715
AT3G55080,-0.088485
AT3G55090,0.45774668
AT3G55100,0.08613186
AT3G55110,0.62170875
AT3G55120,0.24505614
AT3G55130,0.10793759
AT3G55140,0.09578572
AT3G55150,0.10501894
AT3G55160,-0.09912124
AT3G55170,-0.016780611
AT3G55180,-0.0021287163
AT3G55190,-0.00012313666
AT3G55200,0.08462567
AT3G55210,-0.037258305
AT3G55220,0.20712186
AT3G55230,-0.072198205
AT3G55240,-1.1295785
AT3G55250,-0.16175312
AT3G55252,-7.5522967e-06
AT3G55254,-0.00058821175
AT3G55260,0.07370456
AT3G55270,0.3075501
AT3G55280,0.031813804
AT3G55290,0.5784155
AT3G55310,0.047137246
AT3G55320,0.08493559
AT3G55330,-0.701561
AT3G55340,-0.044976898
AT3G55350,-0.15667902
AT3G55360,-0.37525034
AT3G55370,0.01177902
AT3G55380,0.221614
AT3G55390,0.18393439
AT3G55400,0.054237604
AT3G55410,0.67850053
AT3G55420,-0.8491255
AT3G55430,0.22284603
AT3G55440,0.084782
AT3G55450,0.28524157
AT3G55460,0.38953263
AT3G55470,0.72392684
AT3G55480,-0.060182404
AT3G55500,-0.12065758
AT3G55510,0.044623237
AT3G55513,-9.398902e-05
AT3G55515,0.031458225
AT3G55520,0.032111418
AT3G55530,0.21309757
AT3G55540,0.0023717026
AT3G55550,-0.0077891247
AT3G55560,0.13803236
AT3G55566,-2.807714e-05
AT3G55570,0.0
AT3G55580,-0.27077013
AT3G55590,0.00013089454
AT3G55600,0.1045251
AT3G55605,0.2789363
AT3G55610,0.12311225
AT3G55620,0.41766822
AT3G55630,-0.61303127
AT3G55640,0.47376877
AT3G55646,-0.19707921
AT3G55650,0.01627893
AT3G55660,-0.0362189
AT3G55665,-0.00056553644
AT3G55670,-0.0057617472
AT3G55672,-9.233876e-05
AT3G55677,0.007912863
AT3G55680,-3.961841e-06
AT3G55690,0.0027529462
AT3G55700,0.11144321
AT3G55710,-0.2748915
AT3G55720,0.039810196
AT3G55730,0.53058517
AT3G55740,0.18665542
AT3G55750,0.042479772
AT3G55760,-0.09981195
AT3G55770,0.11919014
AT3G55780,0.019839391
AT3G55790,0.069174856
AT3G55800,-0.7882149
AT3G55810,-0.00057638355
AT3G55820,-0.012214897
AT3G55830,0.2778075
AT3G55840,0.4193899
AT3G55850,0.022064881
AT3G55860,0.00639409
AT3G55870,-0.0007105756
AT3G55880,0.44764
AT3G55890,0.9810262
AT3G55900,0.08424318
AT3G55910,0.6772808
AT3G55920,-0.078262106
AT3G55930,0.042719394
AT3G55935,0.010081596
AT3G55940,-0.096798
AT3G55950,0.47997516
AT3G55960,-0.003990996
AT3G55970,2.5382638
AT3G55980,0.08002689
AT3G55990,-0.14387304
AT3G56000,-0.13668425
AT3G56010,-0.21605447
AT3G56030,0.31238142
AT3G56040,-0.43048567
AT3G56050,-0.12032033
AT3G56060,-0.248236
AT3G56070,0.27086952
AT3G56080,-0.13901217
AT3G56090,-0.15432681
AT3G56100,-0.028554961
AT3G56110,0.30128884
AT3G56120,-0.09609491
AT3G56130,-0.52254534
AT3G56140,-0.023057846
AT3G56150,0.1159648
AT3G56160,-0.82699966
AT3G56170,0.94225407
AT3G56180,0.0020760666
AT3G56190,0.30816755
AT3G56200,0.67565733
AT3G56210,0.18379956
AT3G56220,0.025669493
AT3G56230,0.011832576
AT3G56240,0.5023247
AT3G56250,0.026166242
AT3G56260,0.6772246
AT3G56270,-0.20186856
AT3G56290,0.110732034
AT3G56300,-0.21092516
AT3G56310,0.6745416
AT3G56320,0.3523134
AT3G56330,-0.15253092
AT3G56340,0.07092473
AT3G56350,0.08200688
AT3G56360,-0.18381025
AT3G56370,-0.7389955
AT3G56380,-0.0014493979
AT3G56390,-0.00024623235
AT3G56400,1.1808746
AT3G56410,0.020411663
AT3G56420,-0.0076891733
AT3G56430,-0.03450122
AT3G56440,0.1658333
AT3G56450,-0.0047183647
AT3G56460,0.2309744
AT3G56470,0.23865543
AT3G56480,-0.38628358
AT3G56490,0.57141596
AT3G56500,0.3635795
AT3G56510,0.021448081
AT3G56520,0.0
AT3G56530,-0.00048147322
AT3G56540,3.7550486e-05
AT3G56550,0.0020373806
AT3G56560,0.0006793057
AT3G56570,-0.057274356
AT3G56580,0.09899089
AT3G56590,-0.23866075
AT3G56600,-0.007902188
AT3G56610,0.0
AT3G56620,0.031126816
AT3G56630,0.018767672
AT3G56640,0.015861271
AT3G56650,-0.5772122
AT3G56660,0.010087647
AT3G56670,0.0
AT3G56680,0.033709876
AT3G56690,-0.0039733513
AT3G56700,-0.0071231932
AT3G56710,0.61128384
AT3G56720,0.10096981
AT3G56730,-0.056407113
AT3G56740,0.17827122
AT3G56750,-0.17122035
AT3G56760,-0.1317384
AT3G56770,0.076822996
AT3G56780,0.028914694
AT3G56790,-0.16132489
AT3G56800,-0.1320285
AT3G56810,-0.5808523
AT3G56820,0.3811734
AT3G56830,-0.15125577
AT3G56840,0.048282772
AT3G56850,0.13708425
AT3G56860,0.0023389782
AT3G56870,-0.012894157
AT3G56880,-0.046940934
AT3G56890,-0.009589973
AT3G56891,0.7868493
AT3G56900,-0.019480782
AT3G56910,-0.549175
AT3G56920,-0.0012670021
AT3G56930,0.15599903
AT3G56940,-0.6017729
AT3G56950,0.7697142
AT3G56960,-0.160809
AT3G56970,-0.06319961
AT3G56980,-0.08076845
AT3G56990,0.39366153
AT3G57000,0.03593561
AT3G57010,1.2013576
AT3G57020,0.46672687
AT3G57030,-0.2934911
AT3G57040,-0.60757166
AT3G57050,0.113638006
AT3G57060,-0.048632316
AT3G57062,0.053978737
AT3G57070,-0.114280336
AT3G57072,0.008918036
AT3G57080,-0.11199046
AT3G57090,0.65130585
AT3G57100,0.18937606
AT3G57110,0.06604299
AT3G57120,0.03626008
AT3G57130,0.014836073
AT3G57140,0.094814196
AT3G57150,0.28391576
AT3G57160,0.24891883
AT3G57170,-0.05377144
AT3G57180,-0.28666827
AT3G57190,-0.33097565
AT3G57200,0.065512046
AT3G57210,-0.06625786
AT3G57220,-0.08218513
AT3G57230,0.22882627
AT3G57240,0.87492657
AT3G57250,-0.00080614886
AT3G57260,1.0840188
AT3G57270,0.07844134
AT3G57280,0.43372357
AT3G57290,0.26951128
AT3G57300,-0.0380432
AT3G57310,0.019097138
AT3G57320,-0.08518991
AT3G57330,0.1751597
AT3G57340,0.22828259
AT3G57350,0.05424833
AT3G57360,0.30289888
AT3G57370,-0.0031228107
AT3G57380,1.2490882
AT3G57390,0.3677801
AT3G57400,0.035378587
AT3G57410,-0.013663189
AT3G57420,0.16307515
AT3G57430,-0.043401014
AT3G57440,0.0075489925
AT3G57450,0.01702535
AT3G57460,0.6605812
AT3G57465,0.07756833
AT3G57470,-0.31826258
AT3G57480,0.6163192
AT3G57490,0.3830803
AT3G57500,-0.05949537
AT3G57510,0.7248604
AT3G57520,0.9038349
AT3G57530,0.06406018
AT3G57540,0.73361206
AT3G57550,0.5533858
AT3G57560,0.0074317516
AT3G57570,0.013226328
AT3G57580,-0.05249163
AT3G57587,-0.016812624
AT3G57590,0.07604224
AT3G57600,-0.12302223
AT3G57610,0.05480831
AT3G57620,-0.0001429859
AT3G57630,0.3098831
AT3G57640,-0.077279046
AT3G57650,0.14252211
AT3G57660,0.05323178
AT3G57670,-0.20907101
AT3G57680,0.06521293
AT3G57690,0.054811165
AT3G57700,0.50357336
AT3G57710,-0.18640952
AT3G57720,-0.15146443
AT3G57730,-0.2646646
AT3G57740,0.03084681
AT3G57750,-0.2080907
AT3G57760,0.09796384
AT3G57770,0.13123564
AT3G57780,-0.3506451
AT3G57785,0.2118697
AT3G57787,0.0256945
AT3G57790,0.1151643
AT3G57800,-0.06845205
AT3G57810,0.11831402
AT3G57830,-0.12901771
AT3G57840,0.0
AT3G57850,8.693094e-06
AT3G57860,-0.087012105
AT3G57870,0.15296659
AT3G57880,0.09364427
AT3G57890,0.09521069
AT3G57900,-6.3168365e-05
AT3G57910,0.06401571
AT3G57920,-0.016136218
AT3G57930,-0.7419154
AT3G57940,-0.04063601
AT3G57950,1.3325899
AT3G57960,0.116783984
AT3G57970,-0.0011750738
AT3G57980,-0.22316454
AT3G57990,-0.0025912775
AT3G58000,-0.13397156
AT3G58010,-0.06899528
AT3G58020,0.0691648
AT3G58030,0.13745078
AT3G58040,0.24653931
AT3G58050,0.1438724
AT3G58060,0.016858105
AT3G58070,-0.06283959
AT3G58090,0.038744964
AT3G58100,-0.3184583
AT3G58110,0.038441755
AT3G58120,-1.0015866
AT3G58130,0.16621348
AT3G58140,-0.058345903
AT3G58150,0.55394745
AT3G58160,-0.2299644
AT3G58170,0.15184732
AT3G58180,0.29154462
AT3G58190,0.008506583
AT3G58200,-0.30270302
AT3G58210,-0.002730665
AT3G58220,-0.25352114
AT3G58230,1.7414313e-05
AT3G58240,0.0
AT3G58250,0.012377407
AT3G58260,0.0
AT3G58270,-0.0077720014
AT3G58280,-0.00047788254
AT3G58290,0.015982317
AT3G58300,0.00043412048
AT3G58310,0.0
AT3G58320,0.00020578767
AT3G58330,3.2938446e-05
AT3G58340,9.2430564e-05
AT3G58350,0.027060937
AT3G58360,-0.00027325063
AT3G58370,-0.0003432912
AT3G58380,0.14209962
AT3G58390,0.00024407738
AT3G58400,0.0
AT3G58410,9.90722e-05
AT3G58415,1.2302653e-05
AT3G58420,0.00061086734
AT3G58430,-0.16448076
AT3G58440,0.00038608798
AT3G58450,0.037945047
AT3G58460,0.2547619
AT3G58470,0.14694439
AT3G58480,0.007871162
AT3G58490,-0.08090376
AT3G58500,0.30969086
AT3G58510,0.2145409
AT3G58520,0.051312543
AT3G58530,0.18079676
AT3G58540,0.12810674
AT3G58550,0.024336893
AT3G58560,0.24967887
AT3G58570,0.66009146
AT3G58580,0.13207053
AT3G58585,0.00069903536
AT3G58590,-0.09081392
AT3G58600,0.11378125
AT3G58610,-0.04319731
AT3G58620,-0.3237559
AT3G58630,0.0947405
AT3G58640,0.07495115
AT3G58650,-0.12077941
AT3G58660,0.08013424
AT3G58670,0.0929726
AT3G58680,0.0647277
AT3G58690,-0.30979168
AT3G58700,0.097544454
AT3G58710,0.26410434
AT3G58720,-0.00752408
AT3G58730,0.24161564
AT3G58740,0.04136401
AT3G58750,0.63462627
AT3G58760,0.018397741
AT3G58770,-0.024549482
AT3G58780,0.023443505
AT3G58790,-0.35352498
AT3G58800,-0.023654614
AT3G58810,0.12020935
AT3G58820,-0.33323497
AT3G58830,0.07682277
AT3G58840,-0.05472223
AT3G58850,-0.5597277
AT3G58860,0.0019540444
AT3G58875,-0.005255394
AT3G58877,0.0
AT3G58880,-1.38085215e-05
AT3G58890,0.0
AT3G58900,0.03898989
AT3G58910,0.0012356328
AT3G58920,-0.01054753
AT3G58930,-0.1947942
AT3G58940,-0.20816062
AT3G58950,0.0026411775
AT3G58960,0.0007298037
AT3G58970,0.1810501
AT3G58975,0.0
AT3G58980,-0.31406447
AT3G58990,-0.75511533
AT3G59000,-0.074322656
AT3G59010,-0.045227043
AT3G59020,0.22871289
AT3G59030,-0.010217907
AT3G59040,-0.12963688
AT3G59050,0.38291812
AT3G59060,-0.4730669
AT3G59070,0.008904815
AT3G59080,0.5629508
AT3G59090,0.23584358
AT3G59100,-0.17065513
AT3G59110,-0.2581174
AT3G59120,-0.012233335
AT3G59130,-0.004961649
AT3G59140,0.028901037
AT3G59150,0.5349877
AT3G59160,0.0021153516
AT3G59170,1.0941806e-05
AT3G59180,1.1197208e-05
AT3G59190,-0.026948746
AT3G59200,0.036538575
AT3G59210,0.38582814
AT3G59220,0.4908125
AT3G59230,-0.039569024
AT3G59240,0.00034350657
AT3G59245,0.0
AT3G59250,-0.1873507
AT3G59260,-0.0106611485
AT3G59270,0.0042819995
AT3G59280,0.19353971
AT3G59290,0.117187046
AT3G59295,0.00036059943
AT3G59300,0.22884738
AT3G59310,-0.5564536
AT3G59320,-0.3057321
AT3G59330,-0.3974607
AT3G59340,0.02606227
AT3G59350,-0.012636979
AT3G59360,0.14813843
AT3G59370,-0.05565361
AT3G59380,0.24329318
AT3G59390,0.046851996
AT3G59400,-0.29702097
AT3G59410,0.016881684
AT3G59420,-0.3989663
AT3G59430,0.07004674
AT3G59435,0.06823127
AT3G59440,0.021231823
AT3G59450,-0.0017603304
AT3G59455,3.0602416e-05
AT3G59460,0.004510289
AT3G59470,0.16422853
AT3G59480,0.03491798
AT3G59490,0.11977807
AT3G59500,0.3105326
AT3G59510,-0.030910024
AT3G59520,0.06908936
AT3G59530,0.046099797
AT3G59550,-0.012673038
AT3G59570,0.56894284
AT3G59580,-0.22509383
AT3G59590,0.0
AT3G59600,0.15132418
AT3G59610,0.00667541
AT3G59620,-0.0036236923
AT3G59630,0.3382553
AT3G59640,0.5344853
AT3G59650,-0.03740526
AT3G59660,0.37815276
AT3G59670,0.1811545
AT3G59680,-0.4059799
AT3G59690,0.50529695
AT3G59700,0.9747272
AT3G59710,-0.07982977
AT3G59730,-0.02838359
AT3G59740,0.022282172
AT3G59750,-0.19699994
AT3G59760,0.40160277
AT3G59770,0.12424251
AT3G59780,-0.8175728
AT3G59790,-0.027018348
AT3G59800,0.3710358
AT3G59810,0.24662438
AT3G59820,0.32715487
AT3G59830,-0.015925858
AT3G59840,0.0754058
AT3G59850,0.034377832
AT3G59870,0.03949371
AT3G59880,-0.022056466
AT3G59890,-0.21683736
AT3G59900,0.06711943
AT3G59910,0.12028707
AT3G59920,0.3352504
AT3G59930,1.6071421
AT3G59940,0.30548793
AT3G59950,0.23502754
AT3G59960,0.0016817712
AT3G59970,-0.022287076
AT3G59980,-0.019674439
AT3G59990,0.27458572
AT3G60000,-0.009965732
AT3G60010,0.08915408
AT3G60020,0.013761017
AT3G60030,-0.18972377
AT3G60040,0.23839566
AT3G60050,-0.11775156
AT3G60060,0.0039774356
AT3G60070,-0.19988355
AT3G60080,0.0282012
AT3G60090,0.00075545855
AT3G60100,0.07759696
AT3G60110,0.62718934
AT3G60120,1.5899609
AT3G60130,0.84951574
AT3G60140,2.749035
AT3G60150,0.31433743
AT3G60160,0.5012987
AT3G60180,0.36558914
AT3G60190,0.3821863
AT3G60200,0.15638658
AT3G60210,-0.15159066
AT3G60220,-0.2102198
AT3G60240,0.075811215
AT3G60245,0.08499109
AT3G60250,0.0806013
AT3G60260,-0.078699075
AT3G60270,0.007883695
AT3G60280,-0.00029918083
AT3G60286,-0.04324918
AT3G60290,-0.755236
AT3G60300,0.12604603
AT3G60310,-0.0795322
AT3G60320,-0.5169019
AT3G60328,-0.00031836962
AT3G60330,-0.038971696
AT3G60340,0.09871677
AT3G60350,-0.06559429
AT3G60360,0.409955
AT3G60370,-0.28060272
AT3G60380,-0.030599767
AT3G60390,-0.6864939
AT3G60400,-0.021925388
AT3G60410,0.4278077
AT3G60415,1.6271416
AT3G60420,0.13143298
AT3G60440,0.12391006
AT3G60450,1.3176391
AT3G60460,0.073846675
AT3G60470,0.6067006
AT3G60480,0.018719012
AT3G60490,0.09589233
AT3G60500,0.13597895
AT3G60510,-0.16572233
AT3G60520,0.11602145
AT3G60530,-0.47559336
AT3G60540,0.4260866
AT3G60550,-0.07429736
AT3G60560,0.0
AT3G60570,0.0
AT3G60580,-0.04879519
AT3G60590,0.24683249
AT3G60600,0.2650278
AT3G60620,-0.11113147
AT3G60630,-0.18221995
AT3G60640,0.3552436
AT3G60650,0.008851496
AT3G60660,0.010060438
AT3G60670,0.30342367
AT3G60680,0.39649633
AT3G60690,0.82687765
AT3G60700,0.2508013
AT3G60710,0.001753029
AT3G60720,0.45843196
AT3G60730,-0.008570919
AT3G60740,-0.26959366
AT3G60750,-0.041432988
AT3G60760,-0.0017730122
AT3G60770,0.11430978
AT3G60780,0.024442427
AT3G60790,0.0068692346
AT3G60800,0.3625588
AT3G60810,-0.03655927
AT3G60820,0.5964675
AT3G60830,-0.047015533
AT3G60840,-0.23170686
AT3G60850,0.12855421
AT3G60860,0.11096025
AT3G60870,-0.0019994727
AT3G60880,0.11759253
AT3G60890,-0.008836875
AT3G60900,-0.029886251
AT3G60910,-0.21264717
AT3G60920,0.016381767
AT3G60930,0.0
AT3G60940,-0.059474006
AT3G60950,-0.025584828
AT3G60960,0.081858896
AT3G60961,0.5440617
AT3G60966,1.5000757
AT3G60970,0.33030182
AT3G60975,0.0
AT3G60980,0.21096535
AT3G60990,0.00791028
AT3G61000,0.0
AT3G61020,0.0
AT3G61028,-0.035109717
AT3G61030,-0.029058198
AT3G61035,0.0045040864
AT3G61040,-0.0015990505
AT3G61050,-0.033311684
AT3G61060,-0.14552724
AT3G61070,0.32887897
AT3G61080,-0.6432898
AT3G61090,-0.03705779
AT3G61100,-0.09984949
AT3G61110,0.14826143
AT3G61111,0.021613795
AT3G61113,0.14053781
AT3G61117,-0.00012512086
AT3G61120,-0.008966618
AT3G61130,-0.08630834
AT3G61140,0.27242795
AT3G61150,-0.1614479
AT3G61160,0.22663221
AT3G61170,-0.022986164
AT3G61172,-9.4032555e-05
AT3G61175,-0.0037518553
AT3G61177,0.008877647
AT3G61180,0.08289017
AT3G61182,0.048226226
AT3G61190,1.0759176
AT3G61200,0.50728023
AT3G61210,-0.21446222
AT3G61220,-0.034638397
AT3G61230,0.01637177
AT3G61240,0.011466102
AT3G61250,0.0037508768
AT3G61260,-0.35692012
AT3G61270,0.11781606
AT3G61280,0.8399617
AT3G61290,-0.00017471236
AT3G61300,0.03515669
AT3G61310,-0.37986103
AT3G61320,-0.07718946
AT3G61340,0.1168808
AT3G61350,0.0897041
AT3G61360,-0.096259266
AT3G61370,-0.094415955
AT3G61380,-0.12807551
AT3G61390,1.2630439
AT3G61400,0.09119152
AT3G61410,-0.009178502
AT3G61415,-0.059389856
AT3G61420,0.14343534
AT3G61430,0.42995003
AT3G61440,0.15413275
AT3G61450,0.13721973
AT3G61460,0.23760574
AT3G61470,-0.52605826
AT3G61480,0.052377734
AT3G61490,0.4868752
AT3G61500,0.00042488964
AT3G61510,-0.1101487
AT3G61520,-0.10076437
AT3G61530,0.2368222
AT3G61540,0.20923378
AT3G61550,-0.6401241
AT3G61560,-0.020452715
AT3G61570,0.056047384
AT3G61571,0.00071474595
AT3G61580,-0.1354798
AT3G61590,-0.050433088
AT3G61600,0.18981628
AT3G61610,-0.23571092
AT3G61620,0.22563358
AT3G61630,0.65002537
AT3G61640,-0.3525695
AT3G61650,-0.21068831
AT3G61660,-0.00195408
AT3G61670,-0.06791941
AT3G61680,-0.014874202
AT3G61690,0.018530771
AT3G61700,-0.19502024
AT3G61710,0.122821264
AT3G61720,0.00028128095
AT3G61723,0.0
AT3G61730,-0.012522109
AT3G61740,-0.10019205
AT3G61750,-0.28809384
AT3G61760,0.14591998
AT3G61770,0.106401585
AT3G61780,-0.2274666
AT3G61790,0.28971198
AT3G61800,-0.10788505
AT3G61810,-0.019618288
AT3G61820,-0.12584357
AT3G61826,0.0
AT3G61829,-0.000846168
AT3G61830,-0.8867805
AT3G61840,-0.020111445
AT3G61850,-0.08140336
AT3G61860,0.2861797
AT3G61870,-0.5906959
AT3G61880,0.16065858
AT3G61890,0.71260566
AT3G61898,-0.15148677
AT3G61900,0.3442763
AT3G61910,0.004165602
AT3G61920,-0.014205793
AT3G61930,1.3402363
AT3G61940,-0.008591898
AT3G61950,-0.21991065
AT3G61960,0.5188977
AT3G61962,0.0
AT3G61970,-0.13017164
AT3G61980,0.06718047
AT3G61990,0.60205525
AT3G62000,-0.03849345
AT3G62010,-0.06216791
AT3G62020,-0.020387579
AT3G62030,-0.4803051
AT3G62040,-0.124226786
AT3G62050,-0.13754328
AT3G62060,-0.31682718
AT3G62070,-0.37492603
AT3G62080,-0.050315376
AT3G62090,0.16795112
AT3G62100,-0.14005987
AT3G62110,-0.036536224
AT3G62120,-0.058593616
AT3G62130,0.32975644
AT3G62140,0.18036401
AT3G62150,0.20520926
AT3G62160,0.080806084
AT3G62170,-0.0002113434
AT3G62180,0.019589864
AT3G62190,0.12616868
AT3G62200,-0.10063611
AT3G62210,-0.054514065
AT3G62220,-0.1051275
AT3G62230,-0.0013952124
AT3G62240,0.24311803
AT3G62250,0.061875485
AT3G62260,-0.06744748
AT3G62270,0.018506765
AT3G62280,0.08882483
AT3G62290,0.18112122
AT3G62300,-0.2418397
AT3G62310,0.24104166
AT3G62320,0.015504519
AT3G62330,0.15090889
AT3G62340,0.0018118141
AT3G62350,0.00057340984
AT3G62360,0.049323943
AT3G62370,0.12416359
AT3G62380,-0.0063019176
AT3G62390,-0.5586304
AT3G62400,0.35359076
AT3G62410,-0.101288855
AT3G62420,0.10162424
AT3G62430,-0.02564775
AT3G62440,0.00019189763
AT3G62450,0.16289191
AT3G62460,0.27417484
AT3G62470,-0.28744036
AT3G62499,-0.123038694
AT3G62500,-0.2595964
AT3G62510,-0.10691073
AT3G62528,0.00087628927
AT3G62530,-0.11979025
AT3G62540,-0.2821137
AT3G62550,0.1450024
AT3G62560,0.18376955
AT3G62570,-0.17393775
AT3G62580,0.4738012
AT3G62590,1.0130255
AT3G62600,0.42421728
AT3G62610,0.00829818
AT3G62615,0.0
AT3G62620,-0.09480101
AT3G62630,-0.4076052
AT3G62640,0.012086687
AT3G62650,0.41178945
AT3G62660,-0.14709783
AT3G62670,-0.00039310704
AT3G62680,0.009236914
AT3G62690,-0.46052372
AT3G62695,-0.0006182601
AT3G62700,-0.015641337
AT3G62710,0.00028403345
AT3G62720,-0.0077043516
AT3G62730,0.08513123
AT3G62740,-0.05764033
AT3G62750,-0.53914046
AT3G62760,-0.06862002
AT3G62770,0.5752845
AT3G62780,0.43449906
AT3G62790,0.20218763
AT3G62800,0.22703011
AT3G62810,0.28329957
AT3G62820,-0.031117178
AT3G62830,0.4303968
AT3G62850,-0.016637107
AT3G62860,0.06616161
AT3G62870,0.023928704
AT3G62880,0.23361172
AT3G62890,-0.04871893
AT3G62900,-0.00038181728
AT3G62910,-0.22828776
AT3G62920,0.27459186
AT3G62930,-0.5439713
AT3G62940,0.03196589
AT3G62950,-0.6232717
AT3G62960,0.010775109
AT3G62970,-0.083636075
AT3G62980,0.059637766
AT3G62990,0.006260947
AT3G63000,0.1684228
AT3G63010,0.7930141
AT3G63020,-0.012629428
AT3G63030,0.74940485
AT3G63040,0.0008138745
AT3G63050,0.5226717
AT3G63052,0.09830823
AT3G63060,0.6331114
AT3G63070,0.041741192
AT3G63080,0.30735892
AT3G63088,-0.07455325
AT3G63090,0.19813319
AT3G63093,-0.045148455
AT3G63095,-0.020083612
AT3G63110,-0.45726237
AT3G63120,-0.14383596
AT3G63130,-0.1030973
AT3G63140,-0.8857685
AT3G63150,0.1988981
AT3G63160,-0.22054723
AT3G63170,-0.40013582
AT3G63180,-0.048668064
AT3G63190,-0.4090974
AT3G63200,-0.10486807
AT3G63210,0.20235126
AT3G63215,0.00020510868
AT3G63220,0.38729206
AT3G63230,0.00012608994
AT3G63240,0.014673638
AT3G63250,-0.089348055
AT3G63255,0.00048559974
AT3G63260,0.23629732
AT3G63270,0.17920166
AT3G63280,0.42228517
AT3G63290,-0.016764564
AT3G63300,-0.39008266
AT3G63310,0.48862332
AT3G63320,0.030496037
AT3G63330,0.0
AT3G63340,0.020371594
AT3G63350,-0.004126305
AT3G63360,-0.0002935721
AT3G63370,-0.45474464
AT3G63380,2.1034527
AT3G63390,0.1552068
AT3G63400,0.11613473
AT3G63410,-0.5228826
AT3G63420,0.14525232
AT3G63430,-0.020294467
AT3G63440,-0.40862563
AT3G63450,-0.6633238
AT3G63460,0.17813297
AT3G63470,-0.07605913
AT3G63480,-0.058291983
AT3G63490,-0.35843757
AT3G63500,-0.09351083
AT3G63510,-0.393142
AT3G63520,-0.16532667
AT3G63530,-0.55898863
AT3G63540,-0.16279225
AT3G63550,0.0
AT3G66652,-0.22602072
AT3G66654,0.27738002
AT3G66656,2.2762133e-05
AT3G66658,-0.08197871
AT4G00005,0.00024407738
AT4G00020,-0.14231808
AT4G00026,0.44033054
AT4G00030,-0.005724509
AT4G00040,0.028940137
AT4G00050,-0.40988612
AT4G00060,-0.053631607
AT4G00070,-0.05377784
AT4G00080,0.0069721467
AT4G00090,0.4530109
AT4G00100,0.0620416
AT4G00110,0.08325118
AT4G00120,0.0006159691
AT4G00130,-0.012838645
AT4G00140,0.29128492
AT4G00150,-0.26798657
AT4G00155,0.0009296341
AT4G00160,-0.0027949978
AT4G00163,-0.0071701095
AT4G00165,-0.16058002
AT4G00170,0.39184138
AT4G00180,-0.5591953
AT4G00190,0.0038673757
AT4G00200,0.38557732
AT4G00210,0.049481686
AT4G00220,0.017491404
AT4G00230,0.1874795
AT4G00231,0.11003619
AT4G00232,0.014333774
AT4G00234,0.00059326517
AT4G00238,0.12271935
AT4G00240,0.36270398
AT4G00250,0.019550106
AT4G00260,2.9592877e-05
AT4G00270,0.08066574
AT4G00280,-0.00040502363
AT4G00290,0.59697455
AT4G00295,0.013523307
AT4G00300,0.001695064
AT4G00305,0.18529855
AT4G00310,-0.17123266
AT4G00315,4.2781947e-05
AT4G00320,-0.00010773454
AT4G00330,0.25788698
AT4G00335,0.15288772
AT4G00340,-0.06642227
AT4G00342,0.0
AT4G00350,-0.0030645244
AT4G00355,0.32916075
AT4G00360,-0.7953612
AT4G00370,-0.08606737
AT4G00380,-0.6959823
AT4G00390,-0.02179565
AT4G00400,-1.183394
AT4G00416,0.00011037768
AT4G00420,0.08570184
AT4G00430,0.7070226
AT4G00440,-0.027626706
AT4G00450,0.07390389
AT4G00460,-0.14168899
AT4G00467,0.00022184286
AT4G00480,-0.104347296
AT4G00490,-0.49834988
AT4G00500,0.4071544
AT4G00520,-0.09260561
AT4G00525,-0.004815232
AT4G00530,0.029721709
AT4G00540,0.02500599
AT4G00550,0.39540267
AT4G00560,-0.24573353
AT4G00570,0.13681808
AT4G00580,0.015535911
AT4G00585,0.32239026
AT4G00590,0.06671805
AT4G00600,-0.0014954653
AT4G00610,-0.00030327748
AT4G00620,0.37333602
AT4G00630,0.11038625
AT4G00650,-0.038876288
AT4G00651,-0.017019004
AT4G00660,0.15979882
AT4G00670,-0.3652418
AT4G00680,0.019408965
AT4G00690,-0.22181514
AT4G00695,0.07348473
AT4G00700,1.0060124
AT4G00710,-0.08208806
AT4G00720,-0.018115634
AT4G00730,-0.41758835
AT4G00740,-0.09288072
AT4G00750,-0.1821342
AT4G00752,-0.008066131
AT4G00755,0.182923
AT4G00760,-0.111985065
AT4G00770,-0.008201336
AT4G00780,-0.14809008
AT4G00800,-0.059882756
AT4G00810,-0.13473067
AT4G00820,-0.55686706
AT4G00830,0.074771576
AT4G00840,0.42148513
AT4G00850,-0.026491866
AT4G00860,0.41956034
AT4G00870,-0.24166532
AT4G00872,0.0050039454
AT4G00880,-0.3305565
AT4G00883,-0.0018386993
AT4G00889,-0.000646839
AT4G00890,-0.25188616
AT4G00893,-0.037805386
AT4G00895,0.06400856
AT4G00900,0.4938294
AT4G00905,-0.04373465
AT4G00910,0.08552303
AT4G00920,0.008598885
AT4G00925,0.0008148036
AT4G00930,-0.05421862
AT4G00940,0.04470902
AT4G00950,-0.8115232
AT4G00953,-0.008110715
AT4G00955,0.1409876
AT4G00960,0.03841582
AT4G00970,-0.60322315
AT4G00980,-0.1942965
AT4G00990,-0.10815436
AT4G01000,0.23226096
AT4G01010,0.6279194
AT4G01020,-0.103513144
AT4G01023,0.045181755
AT4G01026,0.16621453
AT4G01030,-0.3604164
AT4G01037,0.04242433
AT4G01040,-0.21727157
AT4G01050,-0.5383125
AT4G01060,0.102699384
AT4G01070,0.35023913
AT4G01080,0.1472976
AT4G01090,-0.05482143
AT4G01100,0.18377616
AT4G01110,-0.02316055
AT4G01120,-0.10870149
AT4G01130,-0.112444565
AT4G01140,0.017494695
AT4G01150,-0.36390033
AT4G01160,0.0057698707
AT4G01170,-0.00015208067
AT4G01180,0.009485008
AT4G01190,-0.18319777
AT4G01200,0.28483465
AT4G01210,0.0003730062
AT4G01220,0.007352786
AT4G01230,-0.061204843
AT4G01240,0.0052124443
AT4G01245,0.00025122866
AT4G01250,0.11515059
AT4G01260,-3.7224952e-05
AT4G01270,-0.01592653
AT4G01280,0.009737025
AT4G01290,0.07895592
AT4G01310,-0.6605255
AT4G01320,0.31776544
AT4G01330,-0.8660772
AT4G01335,-0.3226296
AT4G01340,0.0012680293
AT4G01350,-0.056906562
AT4G01360,1.1312028
AT4G01370,0.31864744
AT4G01380,-0.00051225396
AT4G01390,-0.84699714
AT4G01395,0.27712002
AT4G01400,-0.2141568
AT4G01410,0.24084507
AT4G01420,0.10929339
AT4G01430,1.3173637
AT4G01435,-0.01833662
AT4G01440,0.1338578
AT4G01450,-0.28524873
AT4G01460,-0.9531421
AT4G01470,0.004572804
AT4G01480,0.23991385
AT4G01500,-0.058367945
AT4G01510,-0.177556
AT4G01516,0.0
AT4G01520,-0.0008217775
AT4G01535,0.0040412797
AT4G01540,0.9356977
AT4G01550,0.034008928
AT4G01560,0.18164058
AT4G01570,-0.11759647
AT4G01575,-0.08354552
AT4G01580,-0.29632896
AT4G01590,0.08125118
AT4G01595,-0.02235428
AT4G01600,0.40004995
AT4G01610,0.82455575
AT4G01630,0.028184347
AT4G01640,0.00011543079
AT4G01650,0.058089808
AT4G01660,0.33499488
AT4G01670,-0.19973199
AT4G01671,-3.0672034e-06
AT4G01680,-0.12449002
AT4G01690,-0.25777498
AT4G01700,0.8498231
AT4G01703,0.0
AT4G01710,0.1380884
AT4G01720,0.009151365
AT4G01730,-0.134026
AT4G01735,-0.003700123
AT4G01740,-0.052360997
AT4G01750,-0.00698459
AT4G01760,-0.000558145
AT4G01770,-0.0014207251
AT4G01780,-0.0015534855
AT4G01790,0.2995903
AT4G01800,-0.40809587
AT4G01810,0.19382761
AT4G01820,-0.01447
AT4G01830,-0.02788413
AT4G01840,0.024232687
AT4G01850,0.67757
AT4G01860,0.042306524
AT4G01870,1.1087037
AT4G01880,0.04254502
AT4G01883,-0.53401387
AT4G01890,0.0036835454
AT4G01895,1.462371
AT4G01897,0.117971815
AT4G01900,-0.19334811
AT4G01910,0.2297915
AT4G01915,-0.2235108
AT4G01920,0.27486095
AT4G01925,0.08899766
AT4G01930,-0.0040848698
AT4G01935,-0.1274747
AT4G01940,0.22187
AT4G01950,-0.4924989
AT4G01960,0.33735925
AT4G01970,-0.005106946
AT4G01985,0.22067429
AT4G01990,0.090756424
AT4G01995,-0.35021728
AT4G02000,0.059235983
AT4G02010,-0.18605693
AT4G02020,-0.074114844
AT4G02030,0.11595598
AT4G02040,-0.049739897
AT4G02050,0.25278366
AT4G02060,-0.1323577
AT4G02070,-0.050104443
AT4G02075,-0.24114
AT4G02080,0.2823434
AT4G02090,0.021068547
AT4G02100,-0.09660365
AT4G02110,-0.02958728
AT4G02120,0.098568425
AT4G02130,-0.08160807
AT4G02140,-0.24160755
AT4G02150,0.30358607
AT4G02160,0.0005849044
AT4G02170,-0.019745817
AT4G02180,-0.023949025
AT4G02190,0.0008488808
AT4G02195,0.08088634
AT4G02200,-0.22430044
AT4G02210,-0.13442694
AT4G02220,0.6858685
AT4G02230,0.18784994
AT4G02235,-7.056348e-05
AT4G02250,0.00053706736
AT4G02260,-0.22973138
AT4G02270,0.010252891
AT4G02280,0.61287886
AT4G02290,-0.4393235
AT4G02300,0.0026579667
AT4G02310,0.0015748364
AT4G02320,0.20716508
AT4G02330,0.08034343
AT4G02340,0.2164188
AT4G02350,0.22682399
AT4G02360,1.2278013
AT4G02370,0.63502157
AT4G02380,1.4021508
AT4G02390,-0.015579914
AT4G02400,-0.11017541
AT4G02405,0.26718098
AT4G02410,0.014359184
AT4G02420,0.05532278
AT4G02425,-0.073630534
AT4G02430,-0.02946903
AT4G02440,0.021238795
AT4G02450,0.2974159
AT4G02460,-0.080006726
AT4G02465,0.001038639
AT4G02470,0.0
AT4G02482,-0.281294
AT4G02485,-0.11022379
AT4G02489,0.0
AT4G02500,-0.14059402
AT4G02510,-0.1743229
AT4G02520,1.0684226
AT4G02530,-0.42626595
AT4G02540,-0.09919305
AT4G02541,0.002499045
AT4G02550,0.5776078
AT4G02560,-0.08128578
AT4G02570,0.4573625
AT4G02580,0.24007775
AT4G02590,0.14906628
AT4G02600,-0.13569152
AT4G02610,-0.18209781
AT4G02620,0.2278967
AT4G02630,-0.48928714
AT4G02640,0.13172545
AT4G02650,0.1847394
AT4G02655,0.0052138027
AT4G02660,0.2810273
AT4G02670,-0.12823209
AT4G02680,-0.012228517
AT4G02690,-0.005881036
AT4G02700,0.053514168
AT4G02710,0.0030153831
AT4G02715,-0.043716572
AT4G02720,-0.05624857
AT4G02725,-0.073685065
AT4G02730,0.4492877
AT4G02733,-0.00029731714
AT4G02735,-0.00025949118
AT4G02740,0.3490963
AT4G02750,0.013009284
AT4G02760,0.10529273
AT4G02770,-0.55327284
AT4G02780,-0.21189901
AT4G02790,-0.20702916
AT4G02800,-0.21594664
AT4G02810,-0.1842805
AT4G02820,-0.15666263
AT4G02830,0.01854145
AT4G02840,0.25280342
AT4G02850,-0.21094932
AT4G02860,0.3793658
AT4G02870,0.001689324
AT4G02880,0.34080008
AT4G02890,0.1538745
AT4G02900,-0.30525067
AT4G02910,2.5891304e-05
AT4G02920,-0.39372438
AT4G02930,0.6118734
AT4G02940,0.6224502
AT4G02960,0.0
AT4G02970,0.0050259843
AT4G02980,0.31791204
AT4G02990,-0.06485497
AT4G03000,0.12010737
AT4G03010,-0.13598868
AT4G03020,0.31166103
AT4G03030,0.49397236
AT4G03040,0.0020442777
AT4G03050,0.0030678257
AT4G03060,0.0
AT4G03070,-0.31886962
AT4G03080,0.27425098
AT4G03090,-0.16007584
AT4G03100,-0.05652294
AT4G03110,-0.20763709
AT4G03113,0.00016522205
AT4G03115,-0.2018636
AT4G03120,0.26433542
AT4G03130,0.024835616
AT4G03140,-0.0128154745
AT4G03150,0.033714518
AT4G03153,1.7414313e-05
AT4G03156,1.1121469e-05
AT4G03157,-0.0060242815
AT4G03160,0.0
AT4G03165,0.0
AT4G03170,2.3253822e-05
AT4G03175,-0.0040329993
AT4G03180,0.1692937
AT4G03190,-0.6437147
AT4G03200,0.26794964
AT4G03205,-0.3361347
AT4G03210,-0.968072
AT4G03220,-0.0031311905
AT4G03230,-0.044079605
AT4G03240,0.25931278
AT4G03250,-0.02151235
AT4G03260,0.00181908
AT4G03270,-0.034696132
AT4G03280,-0.5375441
AT4G03290,-0.006632723
AT4G03292,0.0051148427
AT4G03298,0.0025823482
AT4G03320,1.4776468
AT4G03330,-0.040448688
AT4G03340,-0.035774898
AT4G03350,-3.436371e-05
AT4G03360,0.22604692
AT4G03370,1.7414313e-05
AT4G03380,-0.01504972
AT4G03390,0.090518154
AT4G03400,0.2640267
AT4G03410,0.33119607
AT4G03415,-0.21100977
AT4G03420,0.4629689
AT4G03430,0.06716339
AT4G03440,-0.20047033
AT4G03443,0.009194699
AT4G03450,0.2639012
AT4G03460,0.42670718
AT4G03470,0.008419252
AT4G03480,0.06388853
AT4G03490,0.085472845
AT4G03495,0.0024985166
AT4G03500,0.0376338
AT4G03505,-0.0007415784
AT4G03510,0.2439056
AT4G03520,-0.12160606
AT4G03540,0.48892403
AT4G03550,0.252038
AT4G03560,-0.13305074
AT4G03565,0.0051487163
AT4G03566,6.4087646e-05
AT4G03570,-5.6600275e-05
AT4G03580,0.008421759
AT4G03590,0.0
AT4G03600,-0.07401846
AT4G03610,-0.045206625
AT4G03620,0.005850068
AT4G03625,0.00046522354
AT4G03630,0.00039127347
AT4G03635,0.040479507
AT4G03645,-0.00053884485
AT4G03728,0.0
AT4G03740,0.00047252205
AT4G03820,0.39243528
AT4G03830,0.0
AT4G03930,0.024776898
AT4G03940,-0.18855542
AT4G03945,0.008252524
AT4G03950,-0.008513941
AT4G03960,0.47934902
AT4G03965,0.0022571313
AT4G04020,0.11029939
AT4G04025,-0.001727779
AT4G04030,0.003854779
AT4G04040,-0.27635738
AT4G04078,0.0
AT4G04080,0.0
AT4G04090,0.18904841
AT4G04110,0.001867133
AT4G04180,0.10726096
AT4G04190,-0.03304391
AT4G04200,0.015032548
AT4G04210,0.44994572
AT4G04220,0.24893272
AT4G04260,0.035643786
AT4G04265,-0.012143005
AT4G04320,0.2131155
AT4G04330,0.053481467
AT4G04340,-0.71472347
AT4G04350,-0.34770662
AT4G04360,-0.13478237
AT4G04370,-0.12630826
AT4G04402,0.00024423975
AT4G04404,0.0
AT4G04415,0.00077675877
AT4G04423,0.017011788
AT4G04430,0.0
AT4G04450,-0.006777812
AT4G04460,-0.31787357
AT4G04470,0.25597426
AT4G04480,0.12084556
AT4G04490,1.5443791
AT4G04500,0.7192987
AT4G04510,0.14477848
AT4G04540,0.78283244
AT4G04555,0.0
AT4G04570,-0.533857
AT4G04580,0.0029512222
AT4G04601,0.00062998873
AT4G04605,0.009790801
AT4G04610,0.22493653
AT4G04614,-0.01205102
AT4G04620,0.71054775
AT4G04630,-0.7103417
AT4G04632,0.0
AT4G04640,-0.3085852
AT4G04650,0.0
AT4G04670,0.056784853
AT4G04680,0.016795626
AT4G04690,-0.008872545
AT4G04695,0.46790603
AT4G04700,-0.26864207
AT4G04710,0.051841818
AT4G04720,0.09753891
AT4G04730,0.00057717203
AT4G04740,-0.0017379776
AT4G04745,-0.20234528
AT4G04750,-0.5542189
AT4G04760,-0.10278609
AT4G04770,0.13155968
AT4G04775,2.104788e-05
AT4G04780,0.043852963
AT4G04790,0.21101661
AT4G04800,0.698883
AT4G04810,-0.16975205
AT4G04830,-0.28631914
AT4G04840,-0.47349903
AT4G04850,-0.22565445
AT4G04860,0.13516608
AT4G04870,0.2710761
AT4G04880,0.03271762
AT4G04885,0.15643638
AT4G04890,-0.81067806
AT4G04900,0.078153916
AT4G04910,0.38473362
AT4G04920,0.33330965
AT4G04925,0.40319237
AT4G04930,0.00063295034
AT4G04940,0.42448556
AT4G04950,0.26008704
AT4G04955,-0.4989194
AT4G04957,0.0
AT4G04960,0.5145222
AT4G04970,-0.033257462
AT4G04972,0.34613425
AT4G04980,0.010836949
AT4G04985,0.00019554014
AT4G04990,0.049594473
AT4G05000,0.09425398
AT4G05010,-0.17962593
AT4G05018,0.023609528
AT4G05020,0.4092246
AT4G05030,0.7943054
AT4G05040,-0.2439275
AT4G05050,0.13217413
AT4G05060,0.09950858
AT4G05070,0.089197166
AT4G05071,0.014407871
AT4G05080,0.0
AT4G05090,-0.5078507
AT4G05091,0.0022956359
AT4G05095,-0.0010524694
AT4G05097,-7.89737e-05
AT4G05100,0.4524928
AT4G05110,-0.40406865
AT4G05120,-0.04303659
AT4G05130,-0.21391737
AT4G05140,0.00053073483
AT4G05150,0.21300258
AT4G05160,0.41552776
AT4G05170,-0.38707796
AT4G05180,-0.502558
AT4G05190,-0.23724964
AT4G05200,0.007329165
AT4G05210,-0.08093058
AT4G05220,-0.05063128
AT4G05230,2.3023022e-05
AT4G05240,0.00024539974
AT4G05250,0.0
AT4G05260,0.0
AT4G05270,0.0
AT4G05310,-7.5819826e-06
AT4G05320,0.36663273
AT4G05330,-0.16592449
AT4G05340,0.0
AT4G05350,0.00086520566
AT4G05360,5.402538e-05
AT4G05380,-0.11397652
AT4G05390,0.44327056
AT4G05400,-0.15684879
AT4G05410,0.080684915
AT4G05420,-0.007361554
AT4G05430,-0.06182209
AT4G05440,0.29681468
AT4G05450,0.08714381
AT4G05460,0.26315466
AT4G05470,-0.0028785022
AT4G05475,-0.02252996
AT4G05490,0.021010276
AT4G05497,0.20531909
AT4G05500,0.0
AT4G05520,-0.20815657
AT4G05523,0.0017811324
AT4G05530,0.4744129
AT4G05540,-0.03761457
AT4G05553,0.0
AT4G05555,0.0
AT4G05590,0.09235163
AT4G05612,0.0
AT4G05620,-8.940951e-06
AT4G05630,0.00023460768
AT4G05631,0.023028115
AT4G05632,0.0
AT4G06479,-0.0033849946
AT4G06490,0.0
AT4G06526,0.0
AT4G06534,-0.3378337
AT4G06536,-0.2171139
AT4G06583,-0.026772162
AT4G06598,-0.18047494
AT4G06599,0.1416381
AT4G06634,0.17621623
AT4G06639,0.0
AT4G06643,0.003382753
AT4G06655,-0.0066399253
AT4G06676,0.34573045
AT4G06688,0.0
AT4G06744,1.3819364
AT4G06746,0.6997456
AT4G07325,0.0
AT4G07350,0.002731155
AT4G07380,0.0
AT4G07390,0.41736197
AT4G07400,-0.14485125
AT4G07408,0.24759603
AT4G07410,0.07113286
AT4G07445,7.844869e-06
AT4G07455,-0.26407164
AT4G07515,0.0
AT4G07524,-0.000115598734
AT4G07526,0.00055883266
AT4G07666,1.161121e-05
AT4G07670,0.004958676
AT4G07675,0.0012619812
AT4G07740,0.0
AT4G07820,0.24670263
AT4G07825,-0.08604689
AT4G07835,-9.063227e-05
AT4G07868,-0.0013933706
AT4G07932,0.0
AT4G07940,0.040794786
AT4G07950,0.2870973
AT4G07960,-0.17490101
AT4G07965,0.0038785916
AT4G07990,0.103327274
AT4G07995,-0.13733225
AT4G08025,0.0
AT4G08028,0.0
AT4G08039,-4.0675067e-11
AT4G08040,-0.3331563
AT4G08097,0.0
AT4G08140,-1.5215839e-07
AT4G08150,0.021111082
AT4G08160,-0.04726242
AT4G08170,0.38318658
AT4G08180,0.41539517
AT4G08190,6.294854e-05
AT4G08210,-0.0058549806
AT4G08230,0.30669364
AT4G08240,-0.02693109
AT4G08250,-0.09762256
AT4G08260,0.0014157947
AT4G08263,4.1190746e-05
AT4G08267,0.0
AT4G08270,0.0
AT4G08280,-0.029918563
AT4G08290,0.70972997
AT4G08300,-0.23738106
AT4G08310,0.02057089
AT4G08320,0.38759914
AT4G08330,0.087259404
AT4G08350,0.1456338
AT4G08360,0.016381921
AT4G08370,-1.1738121e-05
AT4G08380,0.003981996
AT4G08390,0.69257194
AT4G08395,-5.812364e-06
AT4G08400,0.00801446
AT4G08406,0.0
AT4G08410,-0.021750301
AT4G08430,0.00011161182
AT4G08450,0.030691465
AT4G08455,0.19384167
AT4G08460,0.35502225
AT4G08470,0.4411712
AT4G08480,0.15245624
AT4G08485,0.0
AT4G08500,0.076826766
AT4G08510,0.42812273
AT4G08520,0.0934003
AT4G08530,0.0
AT4G08535,0.010939499
AT4G08540,0.13599767
AT4G08545,0.00012874734
AT4G08550,0.004359867
AT4G08555,0.51078635
AT4G08558,0.0
AT4G08560,0.0
AT4G08570,-0.010987415
AT4G08580,0.1247067
AT4G08590,-0.29451263
AT4G08593,-0.0043046796
AT4G08620,0.009919277
AT4G08630,2.3023022e-05
AT4G08640,0.0
AT4G08670,-0.00012434727
AT4G08685,-0.6403148
AT4G08690,0.012300503
AT4G08691,-0.004133466
AT4G08700,-0.15969603
AT4G08730,7.81906e-05
AT4G08740,-5.336147e-05
AT4G08760,0.023835717
AT4G08770,2.8661995
AT4G08780,0.59834796
AT4G08790,0.12523234
AT4G08800,-9.6674285e-06
AT4G08810,-0.09183542
AT4G08840,-5.0537456e-06
AT4G08850,-0.03906787
AT4G08867,-0.0004969491
AT4G08868,0.003375435
AT4G08869,0.0015795078
AT4G08870,1.351005
AT4G08874,-0.01740551
AT4G08875,0.00077523076
AT4G08876,-0.00036944883
AT4G08878,0.0016081885
AT4G08895,0.0
AT4G08900,0.18586458
AT4G08910,-0.033322193
AT4G08920,-0.1824748
AT4G08930,0.032640316
AT4G08940,0.0934145
AT4G08950,0.186102
AT4G08960,0.30019826
AT4G08980,0.13126339
AT4G08990,-0.005329096
AT4G09000,-0.10892404
AT4G09010,-0.8334753
AT4G09012,-0.07345851
AT4G09020,0.325607
AT4G09030,0.31476712
AT4G09035,0.0019790246
AT4G09040,-0.16831999
AT4G09060,0.007171754
AT4G09070,-9.119333e-05
AT4G09080,0.16428661
AT4G09090,1.5026993e-05
AT4G09100,0.20584315
AT4G09110,0.021351242
AT4G09120,0.0075036706
AT4G09130,0.03582107
AT4G09140,-0.005770971
AT4G09150,-0.053630706
AT4G09153,2.4774286e-05
AT4G09160,-0.872855
AT4G09170,0.021292398
AT4G09180,0.11882598
AT4G09190,0.000717296
AT4G09200,0.22254281
AT4G09210,0.0026071905
AT4G09260,-0.0024772699
AT4G09300,0.5746282
AT4G09320,0.21879072
AT4G09330,0.0
AT4G09350,-0.1619428
AT4G09360,0.00012846832
AT4G09420,0.054884296
AT4G09430,-0.0589736
AT4G09435,-0.06105641
AT4G09440,0.0
AT4G09450,0.00054398563
AT4G09460,0.15163323
AT4G09462,0.0
AT4G09464,0.0
AT4G09465,0.0
AT4G09466,0.0
AT4G09490,0.16063327
AT4G09500,0.17638029
AT4G09510,0.22574216
AT4G09520,-0.010621634
AT4G09530,-0.0031342711
AT4G09545,0.0
AT4G09550,-0.045481
AT4G09560,0.22297011
AT4G09570,0.15677628
AT4G09580,0.24390678
AT4G09585,0.0
AT4G09589,0.0011634057
AT4G09590,0.0031782498
AT4G09600,-0.0069612116
AT4G09610,-0.0033160371
AT4G09620,-0.15747854
AT4G09630,-0.014971068
AT4G09640,-0.61977834
AT4G09647,0.0
AT4G09649,0.0041945525
AT4G09650,-0.4815314
AT4G09660,-0.0005877346
AT4G09670,-0.061978027
AT4G09680,-0.0066761305
AT4G09690,-0.003910138
AT4G09720,0.014599595
AT4G09730,-0.0058582565
AT4G09731,0.00032047814
AT4G09740,9.2820315e-05
AT4G09750,0.8108266
AT4G09760,0.18022574
AT4G09770,0.44450003
AT4G09775,0.0
AT4G09780,0.0053988216
AT4G09784,2.183618e-05
AT4G09790,0.0
AT4G09795,0.0
AT4G09810,-0.19347548
AT4G09820,0.026879618
AT4G09830,0.27718526
AT4G09840,0.08169866
AT4G09850,0.0014659832
AT4G09860,0.0
AT4G09870,0.00034318003
AT4G09880,-0.0075043403
AT4G09890,-0.6177241
AT4G09900,-0.15583001
AT4G09920,-0.2994717
AT4G09930,-0.0006807979
AT4G09940,0.0017828116
AT4G09950,-0.16330494
AT4G09960,-0.0003459958
AT4G09965,-0.0003008189
AT4G09970,-0.106468245
AT4G09980,0.015426685
AT4G09984,0.0
AT4G09990,-0.029701732
AT4G10000,-0.14301383
AT4G10010,0.0112533895
AT4G10020,-0.05025427
AT4G10030,-0.292442
AT4G10040,0.5210339
AT4G10050,0.043463297
AT4G10060,0.05276231
AT4G10070,0.13327847
AT4G10080,0.0059516146
AT4G10090,0.267081
AT4G10100,0.31445834
AT4G10110,0.258309
AT4G10115,8.141953e-05
AT4G10120,-0.49206388
AT4G10130,0.20456111
AT4G10140,0.18393752
AT4G10150,-0.3470432
AT4G10160,-0.17612928
AT4G10170,-0.023694117
AT4G10180,0.18268937
AT4G10190,1.1166219e-05
AT4G10200,0.0269681
AT4G10210,0.0
AT4G10220,-0.00020989047
AT4G10230,0.012662085
AT4G10240,0.00032912672
AT4G10250,0.2222021
AT4G10260,0.0031910464
AT4G10265,0.008973415
AT4G10270,-0.0038923405
AT4G10280,0.034712613
AT4G10300,-0.27303988
AT4G10305,0.0001578881
AT4G10310,-0.2459438
AT4G10320,0.072009735
AT4G10330,0.16806902
AT4G10340,-0.78585404
AT4G10350,0.0005246784
AT4G10360,0.14992964
AT4G10370,0.014401412
AT4G10380,-0.02723445
AT4G10390,0.42512795
AT4G10400,-0.21251377
AT4G10410,0.000949803
AT4G10420,-0.12405776
AT4G10430,0.1718669
AT4G10440,-0.0043836087
AT4G10450,0.19149344
AT4G10457,0.0
AT4G10465,-0.005395209
AT4G10470,-0.2866954
AT4G10480,0.071774505
AT4G10490,-0.0034117778
AT4G10500,0.8916846
AT4G10510,0.04446066
AT4G10520,7.659006e-05
AT4G10530,0.007908081
AT4G10540,0.0059790276
AT4G10550,-0.045117564
AT4G10560,-0.009621967
AT4G10570,0.023381852
AT4G10590,0.443414
AT4G10595,0.0
AT4G10600,-0.28273576
AT4G10603,0.0
AT4G10610,0.42293033
AT4G10613,4.6974616e-05
AT4G10620,0.17587493
AT4G10630,-0.053553525
AT4G10640,-0.017612351
AT4G10650,0.059485663
AT4G10660,0.0
AT4G10670,3.399698e-05
AT4G10680,1.5862326e-05
AT4G10695,0.006173412
AT4G10700,-6.641691e-05
AT4G10710,0.123087645
AT4G10720,-0.02322454
AT4G10730,-0.08397046
AT4G10740,0.0006995129
AT4G10750,0.12439468
AT4G10760,0.0036321618
AT4G10767,-2.6875874e-05
AT4G10770,-0.24355935
AT4G10780,0.018051466
AT4G10790,0.041731518
AT4G10800,-0.24019596
AT4G10810,0.25584382
AT4G10820,0.0006771947
AT4G10840,0.0584309
AT4G10843,0.14708257
AT4G10850,0.004657207
AT4G10860,0.78860444
AT4G10870,0.00097604265
AT4G10880,7.582468e-05
AT4G10890,-0.24226488
AT4G10895,0.0050593116
AT4G10910,-0.3676128
AT4G10920,-0.1529838
AT4G10925,0.03146308
AT4G10930,0.016825248
AT4G10955,-0.20012395
AT4G10960,1.0723051
AT4G10970,-0.068225734
AT4G11000,-0.09883834
AT4G11010,0.16271214
AT4G11020,-0.013139644
AT4G11030,4.8821392e-05
AT4G11040,-0.0049401126
AT4G11050,0.0031155495
AT4G11060,0.2525903
AT4G11070,0.36574814
AT4G11080,-0.15487438
AT4G11090,0.049727663
AT4G11100,-0.25508133
AT4G11110,0.029802084
AT4G11120,0.09139258
AT4G11130,-0.23492528
AT4G11140,0.3731282
AT4G11150,0.18763414
AT4G11160,0.24269684
AT4G11170,1.8091326
AT4G11175,-0.021425648
AT4G11180,-0.00078178785
AT4G11190,-0.02328267
AT4G11210,0.032891348
AT4G11211,-0.08981568
AT4G11220,0.40049317
AT4G11230,-0.024297705
AT4G11240,0.25646663
AT4G11250,0.008527993
AT4G11260,0.26856413
AT4G11270,0.009501174
AT4G11280,0.8262906
AT4G11290,-0.2729939
AT4G11300,0.159331
AT4G11310,0.186957
AT4G11320,-0.02961653
AT4G11330,-0.25829637
AT4G11340,0.37263647
AT4G11350,0.552467
AT4G11360,0.47234523
AT4G11370,0.89677364
AT4G11373,0.0
AT4G11380,0.24132238
AT4G11385,-0.00038571717
AT4G11390,-0.00011212729
AT4G11393,0.00044360018
AT4G11400,-0.102880955
AT4G11402,-0.00096120144
AT4G11410,0.025282115
AT4G11420,0.11802822
AT4G11430,2.9787993e-06
AT4G11440,-0.04530824
AT4G11450,-0.4462267
AT4G11460,-0.14076927
AT4G11470,0.12554
AT4G11480,0.33729225
AT4G11485,0.0036081146
AT4G11490,0.0006527706
AT4G11510,-0.0022598535
AT4G11521,0.23797846
AT4G11530,0.015225875
AT4G11540,0.0003097856
AT4G11547,-0.021801392
AT4G11550,-0.01702853
AT4G11560,0.09779121
AT4G11570,0.021899484
AT4G11580,0.0034613607
AT4G11590,0.014200547
AT4G11600,0.5221692
AT4G11610,0.11948822
AT4G11630,0.2810585
AT4G11640,-0.23037821
AT4G11650,2.928172
AT4G11653,0.0
AT4G11655,1.1730618
AT4G11660,-0.013318941
AT4G11670,0.293823
AT4G11680,0.01437358
AT4G11690,0.09936278
AT4G11700,0.06550956
AT4G11720,0.004386649
AT4G11730,0.0022982506
AT4G11740,0.5794822
AT4G11745,-1.3500336e-05
AT4G11750,0.0
AT4G11760,0.00028480022
AT4G11770,0.0
AT4G11780,-0.1152697
AT4G11790,0.36669135
AT4G11800,0.2657539
AT4G11810,-0.048850417
AT4G11820,0.12300867
AT4G11830,-0.26735106
AT4G11840,0.4669793
AT4G11845,-0.15497951
AT4G11850,0.74238473
AT4G11860,0.28294572
AT4G11870,-0.0018192054
AT4G11880,-0.0427967
AT4G11890,1.4042195
AT4G11900,-0.21431738
AT4G11910,1.0774446
AT4G11911,0.26280266
AT4G11920,0.21690643
AT4G11930,0.0016495426
AT4G11940,0.0
AT4G11950,-0.10456012
AT4G11960,0.17796412
AT4G11970,-0.0421992
AT4G11980,-0.047942363
AT4G11990,-0.04724709
AT4G12000,0.08578815
AT4G12005,0.009226943
AT4G12010,0.012476998
AT4G12020,-0.051162265
AT4G12030,-0.7217179
AT4G12040,-0.049080584
AT4G12050,-0.09203294
AT4G12060,0.085899875
AT4G12070,0.23907676
AT4G12080,0.56696296
AT4G12090,0.03502757
AT4G12100,6.757533e-05
AT4G12110,0.105256796
AT4G12120,0.41440082
AT4G12130,0.25640613
AT4G12140,0.0039958144
AT4G12150,8.693094e-06
AT4G12170,0.0070810555
AT4G12190,1.9834115e-05
AT4G12210,0.026574992
AT4G12220,0.044878542
AT4G12230,0.19003788
AT4G12240,0.17788015
AT4G12250,0.56761456
AT4G12270,0.0021440606
AT4G12280,0.005203928
AT4G12290,0.69682693
AT4G12300,0.71405697
AT4G12310,-0.034542322
AT4G12320,-0.2212261
AT4G12330,0.07408938
AT4G12334,-0.00024808905
AT4G12340,0.20214659
AT4G12350,0.098490536
AT4G12360,0.0063299565
AT4G12370,-0.00087878533
AT4G12380,0.0064239115
AT4G12382,0.22971235
AT4G12390,-0.4102223
AT4G12400,0.54428893
AT4G12410,0.28329396
AT4G12420,-0.8740232
AT4G12430,0.30079406
AT4G12440,-0.018696532
AT4G12450,0.05460907
AT4G12460,-0.11986976
AT4G12470,0.7888667
AT4G12480,1.1561211
AT4G12490,1.7220082
AT4G12495,0.22060005
AT4G12500,1.9263078
AT4G12510,-0.114872105
AT4G12530,0.099163935
AT4G12540,-0.032206908
AT4G12543,0.0019401148
AT4G12545,0.085705586
AT4G12550,0.0019211365
AT4G12555,-1.1379545e-05
AT4G12560,-0.07664112
AT4G12570,0.3501878
AT4G12580,0.54224765
AT4G12590,0.22469445
AT4G12600,0.12256754
AT4G12610,0.39852226
AT4G12617,0.0
AT4G12620,-0.17412783
AT4G12640,-0.03618449
AT4G12650,0.15466939
AT4G12670,-0.04825646
AT4G12680,-0.007399468
AT4G12690,-0.3293187
AT4G12700,-0.26956162
AT4G12710,0.19065683
AT4G12720,0.3553399
AT4G12730,-0.7598
AT4G12731,-0.00045870594
AT4G12735,0.97861356
AT4G12740,0.15222701
AT4G12750,0.12222626
AT4G12760,-0.085196346
AT4G12770,0.20163108
AT4G12780,0.14036155
AT4G12790,0.35623482
AT4G12800,-0.38157085
AT4G12810,-0.007614003
AT4G12820,0.0005387023
AT4G12825,0.0
AT4G12830,-0.48188525
AT4G12840,0.01644563
AT4G12850,0.13070191
AT4G12860,0.0
AT4G12870,0.014878302
AT4G12880,-0.6847325
AT4G12890,0.015814213
AT4G12900,0.04786089
AT4G12910,0.1519262
AT4G12920,8.770213e-07
AT4G12930,0.00021335439
AT4G12940,0.009796971
AT4G12950,0.0006180991
AT4G12960,0.0026470441
AT4G12970,-0.7664737
AT4G12980,-0.9538889
AT4G12990,-0.015114794
AT4G13000,0.34914672
AT4G13010,0.18031606
AT4G13020,-0.08353072
AT4G13030,0.1323469
AT4G13040,0.10988004
AT4G13050,-0.26319495
AT4G13060,-9.456142e-05
AT4G13070,-0.13718057
AT4G13075,5.8149294e-11
AT4G13080,0.00048787915
AT4G13090,0.00017216125
AT4G13095,0.002419823
AT4G13100,-0.1931479
AT4G13110,0.47728702
AT4G13130,-0.0008574534
AT4G13150,-0.17540774
AT4G13160,-0.08957551
AT4G13170,-0.11285476
AT4G13180,0.5697462
AT4G13190,-0.10927669
AT4G13195,-0.09856575
AT4G13200,-0.21376295
AT4G13210,-0.030559706
AT4G13220,0.012955645
AT4G13230,0.00092738133
AT4G13235,-0.0036756124
AT4G13240,0.0044528255
AT4G13250,0.51537967
AT4G13260,-0.017668672
AT4G13261,-5.630357e-05
AT4G13263,-0.00014345151
AT4G13266,0.00024539974
AT4G13270,0.29956993
AT4G13280,0.0028735646
AT4G13290,-0.0013196077
AT4G13300,0.007927357
AT4G13310,0.018779626
AT4G13320,-0.0005886159
AT4G13330,-0.06839585
AT4G13340,-0.7420705
AT4G13345,0.045902297
AT4G13350,0.0713607
AT4G13360,0.25483352
AT4G13370,0.036433406
AT4G13380,1.0557366e-05
AT4G13390,0.030701179
AT4G13395,0.5454807
AT4G13400,0.096374266
AT4G13410,0.96356076
AT4G13420,0.09585206
AT4G13430,0.20974082
AT4G13440,0.030113336
AT4G13450,0.005327051
AT4G13460,-0.033639498
AT4G13480,0.0030005882
AT4G13490,-3.4414963e-05
AT4G13500,-0.5878878
AT4G13510,0.30469397
AT4G13520,-0.052385606
AT4G13530,0.21444519
AT4G13540,0.62673384
AT4G13550,-0.053028528
AT4G13560,-0.16276397
AT4G13570,-0.036639333
AT4G13572,-0.07720182
AT4G13575,-0.79799795
AT4G13577,0.00027338546
AT4G13580,-0.043684978
AT4G13590,-0.014298213
AT4G13600,-0.028972514
AT4G13610,-0.0014456268
AT4G13615,0.31181
AT4G13620,-0.005077689
AT4G13630,0.1553243
AT4G13640,0.034378972
AT4G13650,-0.123807326
AT4G13660,0.82160276
AT4G13670,-0.15822865
AT4G13680,-0.0031006022
AT4G13690,0.028469676
AT4G13700,0.0017471111
AT4G13710,-0.2103788
AT4G13720,-0.15760385
AT4G13730,0.11642743
AT4G13750,-0.14506687
AT4G13760,2.3503058e-05
AT4G13770,-0.6439752
AT4G13780,0.3069082
AT4G13790,0.45316
AT4G13800,-0.06825899
AT4G13810,0.09006732
AT4G13820,0.042978406
AT4G13830,-0.18333353
AT4G13840,-0.75998163
AT4G13850,0.5933533
AT4G13860,0.40675655
AT4G13870,0.006097095
AT4G13880,0.25922745
AT4G13885,-0.028411914
AT4G13890,0.019950898
AT4G13900,0.0
AT4G13920,0.68811417
AT4G13930,0.15143192
AT4G13940,0.3594528
AT4G13950,0.097957924
AT4G13955,1.7025035e-05
AT4G13960,-0.00077046204
AT4G13965,-0.00020757593
AT4G13968,0.0
AT4G13970,0.006973478
AT4G13980,0.097453944
AT4G13985,-0.0066220905
AT4G13990,-0.33141893
AT4G13992,-0.096842974
AT4G14000,0.005596736
AT4G14010,0.38242048
AT4G14020,0.5641299
AT4G14030,0.15078603
AT4G14040,-0.25827253
AT4G14050,-0.021264529
AT4G14060,0.01922269
AT4G14070,0.067471944
AT4G14080,-0.00039384613
AT4G14090,-0.10149904
AT4G14096,-0.100068875
AT4G14100,-0.20703699
AT4G14103,0.033466954
AT4G14104,0.038858708
AT4G14105,0.001119448
AT4G14110,0.46411774
AT4G14120,-0.12221337
AT4G14130,0.10142617
AT4G14140,-0.031167472
AT4G14145,0.06747035
AT4G14147,0.18904538
AT4G14150,-0.027018331
AT4G14160,0.1941795
AT4G14165,0.008840567
AT4G14170,-0.14699525
AT4G14180,0.10592773
AT4G14190,0.045717683
AT4G14200,-0.32268688
AT4G14210,-0.11055924
AT4G14220,0.38053915
AT4G14225,0.002973794
AT4G14226,0.0028933224
AT4G14230,0.09121566
AT4G14240,-0.0686962
AT4G14245,0.022313172
AT4G14250,0.0002370037
AT4G14260,0.00062209374
AT4G14270,-0.033330336
AT4G14272,0.0
AT4G14276,0.0
AT4G14280,-0.0081124315
AT4G14290,-0.10503166
AT4G14300,0.029174903
AT4G14301,0.0
AT4G14310,-0.21615426
AT4G14315,0.0
AT4G14330,-0.16472714
AT4G14340,0.20469114
AT4G14342,0.041096468
AT4G14350,-0.07813162
AT4G14358,-0.0417539
AT4G14360,-0.3400017
AT4G14365,0.789847
AT4G14368,0.26196098
AT4G14370,1.1690339
AT4G14380,-0.35309044
AT4G14385,-0.1676151
AT4G14390,0.4055397
AT4G14400,0.3785967
AT4G14410,0.17778905
AT4G14420,0.35338295
AT4G14430,0.6802325
AT4G14440,-0.43081665
AT4G14450,0.21683912
AT4G14455,0.09484375
AT4G14465,0.036488786
AT4G14480,-0.2945739
AT4G14490,-0.15068841
AT4G14500,0.14873454
AT4G14510,-0.2273671
AT4G14520,-0.037103202
AT4G14530,0.01074189
AT4G14540,-0.5934007
AT4G14550,-0.3006853
AT4G14560,-0.54972297
AT4G14570,-0.041796874
AT4G14580,0.10978981
AT4G14590,0.1313975
AT4G14600,0.30173138
AT4G14605,0.10625739
AT4G14610,0.0
AT4G14615,0.109648325
AT4G14620,-0.31582612
AT4G14630,2.1730742
AT4G14640,0.18311638
AT4G14650,-0.10314053
AT4G14660,-0.0959241
AT4G14670,0.00023426932
AT4G14675,0.00041589193
AT4G14680,-0.5492055
AT4G14690,0.05221916
AT4G14695,0.0060945726
AT4G14700,-0.071859084
AT4G14710,0.57991505
AT4G14713,-0.3240955
AT4G14716,0.42959183
AT4G14720,0.04006394
AT4G14723,-0.0028170352
AT4G14730,0.0060667815
AT4G14740,-0.5669486
AT4G14746,0.23615545
AT4G14750,-0.7425944
AT4G14760,-0.32796586
AT4G14770,-0.022102661
AT4G14780,-0.027620923
AT4G14785,0.00014667309
AT4G14790,0.06323703
AT4G14800,0.7416251
AT4G14805,0.008672323
AT4G14810,1.6522396e-05
AT4G14815,-0.00036935764
AT4G14819,-0.12797767
AT4G14820,0.059284776
AT4G14830,0.010394893
AT4G14840,-0.15432215
AT4G14850,-0.05538567
AT4G14860,-0.054287497
AT4G14870,-0.3693962
AT4G14880,0.0677567
AT4G14890,-0.3947763
AT4G14900,0.06023224
AT4G14905,0.07784554
AT4G14910,-0.037521265
AT4G14920,-0.16757062
AT4G14930,0.26781198
AT4G14940,-0.074904494
AT4G14950,0.6270629
AT4G14960,-0.032795344
AT4G14965,0.12673855
AT4G14970,0.076570466
AT4G14980,0.007059663
AT4G14990,0.1593462
AT4G15000,-0.07009581
AT4G15010,0.58015037
AT4G15020,0.2888266
AT4G15025,0.002574511
AT4G15030,-0.0068437424
AT4G15040,-0.00044784666
AT4G15050,-2.3687266e-05
AT4G15053,0.0001653606
AT4G15056,1.0729903e-05
AT4G15060,0.0
AT4G15070,0.18816733
AT4G15075,0.002751156
AT4G15080,-0.08930841
AT4G15090,-0.08417561
AT4G15093,0.19998081
AT4G15096,-0.006005972
AT4G15100,0.09003783
AT4G15110,-0.33976024
AT4G15120,0.89118177
AT4G15130,-0.1686711
AT4G15140,-0.25835592
AT4G15150,-0.049763724
AT4G15165,0.22828081
AT4G15180,-0.04648833
AT4G15200,0.5841696
AT4G15210,0.3879989
AT4G15215,-0.16757056
AT4G15230,0.55916345
AT4G15233,-0.25339267
AT4G15236,-0.045675643
AT4G15240,0.12888677
AT4G15245,0.015259142
AT4G15248,-0.032137077
AT4G15250,-0.0020132796
AT4G15260,0.052136965
AT4G15270,0.26174182
AT4G15280,1.0307178
AT4G15290,0.0058864406
AT4G15300,0.0075521315
AT4G15310,-0.0009779152
AT4G15320,0.0054367525
AT4G15330,0.2917818
AT4G15340,0.052841727
AT4G15350,0.04405115
AT4G15360,0.0066234227
AT4G15370,0.00927958
AT4G15380,-0.04535662
AT4G15390,0.03605961
AT4G15393,0.0044563184
AT4G15396,-0.0021230425
AT4G15400,-0.034572177
AT4G15410,0.3261053
AT4G15415,-0.16600855
AT4G15417,0.3422922
AT4G15420,0.6438051
AT4G15430,-0.23692167
AT4G15440,0.40375793
AT4G15450,-0.24276185
AT4G15460,0.0013742946
AT4G15470,0.20196886
AT4G15475,0.09771207
AT4G15480,0.012485918
AT4G15490,0.6349642
AT4G15500,0.020108648
AT4G15510,-0.33177185
AT4G15520,0.15372413
AT4G15530,0.6912255
AT4G15540,-0.21115644
AT4G15545,-0.28227785
AT4G15550,0.22866865
AT4G15560,-0.41281238
AT4G15562,0.00033610192
AT4G15563,0.5577107
AT4G15570,0.04315771
AT4G15610,1.8300277
AT4G15620,-0.35673016
AT4G15630,0.07763454
AT4G15640,0.11990907
AT4G15650,-0.0053655733
AT4G15660,-0.2866974
AT4G15670,-0.008984991
AT4G15680,-0.30797747
AT4G15690,-0.39887822
AT4G15700,-0.2136179
AT4G15710,-0.028008074
AT4G15715,0.0
AT4G15720,0.16303313
AT4G15730,0.026637806
AT4G15733,0.0
AT4G15735,0.00092270627
AT4G15740,-0.014180328
AT4G15750,0.00024374161
AT4G15755,0.0020105802
AT4G15760,0.23613748
AT4G15765,0.73454267
AT4G15770,0.3713705
AT4G15780,0.21162419
AT4G15790,-0.24950673
AT4G15800,-0.18467344
AT4G15802,-0.074074075
AT4G15810,-0.2585142
AT4G15820,-0.1706522
AT4G15830,-0.13079812
AT4G15840,0.0016171535
AT4G15850,0.18154484
AT4G15870,0.00029438396
AT4G15880,0.22914483
AT4G15885,0.0008692278
AT4G15890,0.024862517
AT4G15900,0.22557873
AT4G15910,0.59631366
AT4G15920,-0.011723543
AT4G15930,-0.26395658
AT4G15940,0.6900538
AT4G15950,-0.17911966
AT4G15953,-0.09184805
AT4G15955,0.48615173
AT4G15960,-0.18691854
AT4G15970,-0.015201711
AT4G15975,0.29070067
AT4G15980,0.010968988
AT4G15990,0.17591691
AT4G16000,0.50213337
AT4G16008,-0.090917386
AT4G16015,-0.061726533
AT4G16024,0.0004626553
AT4G16030,-0.009666691
AT4G16040,0.0
AT4G16045,0.0
AT4G16050,-0.0040484266
AT4G16060,0.12189147
AT4G16070,0.09195994
AT4G16080,0.022613948
AT4G16090,0.0006472209
AT4G16095,0.006349169
AT4G16100,0.20523426
AT4G16110,0.4724269
AT4G16120,-0.03828291
AT4G16130,0.17713368
AT4G16140,-0.45538992
AT4G16141,-0.12812917
AT4G16143,0.20894858
AT4G16144,0.49281403
AT4G16146,0.7721045
AT4G16150,0.051469192
AT4G16155,-0.44701898
AT4G16160,-0.007289914
AT4G16162,-0.035443712
AT4G16165,-0.00017920663
AT4G16180,0.10734721
AT4G16190,0.48345137
AT4G16195,1.463384e-05
AT4G16200,0.0003397678
AT4G16210,0.41204217
AT4G16215,0.023090847
AT4G16220,0.0156698
AT4G16230,0.0041928017
AT4G16233,0.0057474873
AT4G16240,0.17036706
AT4G16250,0.2778341
AT4G16260,2.1691303
AT4G16265,-0.039324075
AT4G16270,-0.0068251505
AT4G16280,0.07577382
AT4G16295,9.185053e-06
AT4G16310,-0.04074399
AT4G16330,0.16428497
AT4G16340,-0.580405
AT4G16350,-0.06373844
AT4G16360,0.08558873
AT4G16370,-0.16948819
AT4G16380,-0.025063816
AT4G16390,0.03470744
AT4G16400,-0.09020991
AT4G16410,-0.51981056
AT4G16420,0.0931065
AT4G16430,0.30767787
AT4G16440,0.35706496
AT4G16442,-0.17684054
AT4G16444,0.2777249
AT4G16447,-0.041449983
AT4G16450,0.18531942
AT4G16451,-0.00015595961
AT4G16460,-0.009839583
AT4G16470,-0.09327897
AT4G16480,-0.030608006
AT4G16490,-0.011700443
AT4G16500,0.23610353
AT4G16510,0.061111696
AT4G16515,-0.31784433
AT4G16520,0.1466636
AT4G16530,0.0032480431
AT4G16535,0.30218562
AT4G16540,0.09541579
AT4G16545,0.0026149251
AT4G16550,-0.007246072
AT4G16555,8.770213e-07
AT4G16560,0.0005401219
AT4G16563,0.14851561
AT4G16566,0.087403305
AT4G16570,-0.2361234
AT4G16580,0.10315791
AT4G16590,1.0279067
AT4G16600,0.18678416
AT4G16610,-0.020865185
AT4G16620,0.027991625
AT4G16630,0.13609873
AT4G16640,0.09345143
AT4G16650,-0.1284107
AT4G16660,0.18345587
AT4G16670,0.4034112
AT4G16680,0.3453863
AT4G16690,0.8367836
AT4G16695,0.16613801
AT4G16700,0.30593112
AT4G16710,-0.010802165
AT4G16720,0.07257157
AT4G16730,0.8670371
AT4G16740,1.5981183
AT4G16745,-0.08110246
AT4G16750,-0.026182223
AT4G16760,0.96560955
AT4G16765,0.17152534
AT4G16770,0.017836863
AT4G16780,-0.26200482
AT4G16790,0.07749758
AT4G16800,-0.3083983
AT4G16807,-0.029248372
AT4G16810,-0.00064553105
AT4G16820,0.22822918
AT4G16830,0.036225826
AT4G16835,-0.12527294
AT4G16840,0.09671298
AT4G16845,0.14297505
AT4G16850,0.08569357
AT4G16855,0.015205249
AT4G16857,-0.3214755
AT4G16860,0.15333953
AT4G16880,-0.015548872
AT4G16890,0.022099772
AT4G16900,-0.09207308
AT4G16915,0.0123815555
AT4G16920,-0.051189724
AT4G16930,0.00017853588
AT4G16940,-0.106364585
AT4G16950,0.16167003
AT4G16955,0.103323445
AT4G16957,0.062984824
AT4G16960,0.22537085
AT4G16970,-0.08689735
AT4G16980,-0.95907557
AT4G16983,-0.02105481
AT4G16990,-0.40347722
AT4G17000,-0.14346704
AT4G17010,0.23725434
AT4G17020,0.026514208
AT4G17030,-0.13879588
AT4G17040,0.019533848
AT4G17050,-0.13076794
AT4G17060,0.11292884
AT4G17070,0.34109664
AT4G17080,0.024483971
AT4G17085,0.23893978
AT4G17090,-0.3553001
AT4G17140,0.27477303
AT4G17150,-0.033904504
AT4G17160,-0.03812386
AT4G17170,0.034280878
AT4G17180,-0.2626429
AT4G17190,-0.18043102
AT4G17200,0.00062948
AT4G17210,0.011762171
AT4G17215,0.15368989
AT4G17220,0.0026519573
AT4G17230,0.83193207
AT4G17240,-0.30197006
AT4G17243,-0.015465712
AT4G17245,0.29456952
AT4G17250,0.049161628
AT4G17260,0.34657285
AT4G17270,0.2438179
AT4G17280,0.105922416
AT4G17300,-0.02951817
AT4G17310,0.29604012
AT4G17330,-0.10997437
AT4G17340,-0.07088647
AT4G17350,-0.5146235
AT4G17360,-0.33999506
AT4G17370,-0.033571254
AT4G17380,0.030605868
AT4G17390,0.16681118
AT4G17410,-0.042561095
AT4G17420,-0.0019346292
AT4G17430,0.19946252
AT4G17440,0.13772304
AT4G17460,-0.87897104
AT4G17470,1.5428376
AT4G17480,0.13733454
AT4G17483,0.16925873
AT4G17486,0.36751428
AT4G17490,0.69643867
AT4G17500,0.64816564
AT4G17505,0.0013915125
AT4G17510,0.41291374
AT4G17520,-0.08264478
AT4G17530,0.2365225
AT4G17540,-0.14419918
AT4G17550,0.2046269
AT4G17560,-0.69579136
AT4G17565,0.015596605
AT4G17570,0.2063152
AT4G17580,1.7159302e-05
AT4G17585,6.428587e-05
AT4G17590,0.0
AT4G17600,-0.48132578
AT4G17610,-0.179325
AT4G17615,0.54160905
AT4G17616,0.07998594
AT4G17620,0.38242903
AT4G17640,0.02064399
AT4G17650,0.44337648
AT4G17660,0.04595035
AT4G17670,0.53852916
AT4G17680,-0.4365903
AT4G17690,0.012579451
AT4G17695,0.41602993
AT4G17700,0.0
AT4G17710,0.024183648
AT4G17713,0.00016983083
AT4G17718,0.00044554917
AT4G17720,0.56477255
AT4G17730,0.16629161
AT4G17740,-0.333058
AT4G17750,-0.02949822
AT4G17760,-0.0071285507
AT4G17770,-0.14202997
AT4G17780,0.00047275567
AT4G17785,-0.0036205489
AT4G17787,0.0
AT4G17790,0.16103241
AT4G17800,0.15892449
AT4G17810,-0.8792453
AT4G17830,0.80001354
AT4G17840,0.35255682
AT4G17850,0.0
AT4G17860,-0.0018090185
AT4G17870,-0.060188774
AT4G17880,-0.25456718
AT4G17890,-0.10822004
AT4G17895,0.28012934
AT4G17900,0.29006305
AT4G17905,-0.16074353
AT4G17910,-0.15912056
AT4G17915,0.0
AT4G17920,-0.008207559
AT4G17940,0.12145633
AT4G17950,-0.01986798
AT4G17960,-0.1433279
AT4G17970,-0.6037053
AT4G17980,-0.09238489
AT4G17990,-0.0002623925
AT4G18010,0.56732875
AT4G18020,0.056901425
AT4G18030,-0.5224506
AT4G18040,0.23650227
AT4G18050,0.44710907
AT4G18060,-0.17898335
AT4G18070,-0.5124131
AT4G18080,-0.0028243563
AT4G18090,-0.010552901
AT4G18100,0.018882895
AT4G18110,0.0023793993
AT4G18120,0.0
AT4G18130,-0.07940033
AT4G18140,0.22593234
AT4G18150,0.043200288
AT4G18160,0.17732127
AT4G18170,1.4405762
AT4G18180,-0.0070243906
AT4G18190,-0.002076295
AT4G18195,0.067620605
AT4G18197,-0.66196334
AT4G18203,-0.0060451487
AT4G18205,-0.5289521
AT4G18210,0.3588538
AT4G18215,0.006730704
AT4G18220,-0.7601778
AT4G18230,-0.004049982
AT4G18240,-0.28424606
AT4G18250,0.71837413
AT4G18253,1.2055352
AT4G18257,0.0
AT4G18260,-0.29435292
AT4G18270,0.035586018
AT4G18280,-0.06462145
AT4G18290,0.03227016
AT4G18300,0.2826476
AT4G18310,0.007928506
AT4G18320,0.012188935
AT4G18330,-0.0073502967
AT4G18335,0.002128217
AT4G18340,-0.1545678
AT4G18350,0.19112937
AT4G18360,0.8892746
AT4G18370,-0.41801023
AT4G18372,0.2758124
AT4G18375,-0.10775972
AT4G18380,-0.06489172
AT4G18390,-0.34430555
AT4G18395,0.0011669762
AT4G18400,0.07391716
AT4G18422,0.34862342
AT4G18425,0.40949002
AT4G18430,1.3620646
AT4G18440,0.12835212
AT4G18450,0.012840806
AT4G18460,-0.27506867
AT4G18465,0.065515324
AT4G18470,0.2655409
AT4G18480,-0.30259314
AT4G18490,-0.24864589
AT4G18500,0.0013358874
AT4G18501,-0.14079325
AT4G18510,-0.11973023
AT4G18520,-0.09813322
AT4G18530,-0.12880613
AT4G18540,-0.00843369
AT4G18550,0.07752011
AT4G18570,-0.40211436
AT4G18580,0.5951726
AT4G18590,0.05299318
AT4G18593,0.0030809967
AT4G18596,0.0570109
AT4G18600,-0.11544484
AT4G18610,-0.11968969
AT4G18620,0.011239263
AT4G18630,0.34445658
AT4G18640,-0.41340107
AT4G18650,0.03272595
AT4G18660,0.00511566
AT4G18670,-1.0585616
AT4G18680,0.00066289364
AT4G18690,0.00036660637
AT4G18692,0.006305299
AT4G18700,0.17461061
AT4G18710,-0.03516351
AT4G18720,0.01368772
AT4G18740,-0.6379482
AT4G18750,-0.015993772
AT4G18760,-0.7458235
AT4G18770,0.024184873
AT4G18780,-0.12636547
AT4G18790,0.00041419527
AT4G18800,0.5901424
AT4G18810,-0.13110459
AT4G18820,-0.24834123
AT4G18823,0.0050980467
AT4G18830,-0.040703047
AT4G18840,-0.060496777
AT4G18860,-0.00018091987
AT4G18870,0.10452341
AT4G18880,0.023764411
AT4G18890,0.5141746
AT4G18900,0.0033084531
AT4G18905,0.24852005
AT4G18910,0.2906133
AT4G18920,0.010466214
AT4G18930,0.37739843
AT4G18940,-0.016627742
AT4G18950,0.65918905
AT4G18960,0.02504736
AT4G18970,-1.2881297
AT4G18975,-0.062349863
AT4G18980,0.8295084
AT4G18990,0.8129079
AT4G19000,0.094742395
AT4G19003,0.09581872
AT4G19006,0.5358744
AT4G19010,0.14056478
AT4G19020,-0.5999516
AT4G19030,0.032744892
AT4G19035,-9.0163296e-05
AT4G19038,2.0522983e-05
AT4G19040,0.16038637
AT4G19045,0.27448937
AT4G19050,-0.3300852
AT4G19060,-0.16965495
AT4G19070,-0.26491666
AT4G19080,0.04087008
AT4G19090,-0.01279275
AT4G19095,0.09311861
AT4G19100,-0.47746968
AT4G19110,0.22980599
AT4G19120,0.04249426
AT4G19130,-0.0049122185
AT4G19140,-0.0028329573
AT4G19150,0.0009018128
AT4G19160,0.23392388
AT4G19170,-0.35782307
AT4G19180,0.32477206
AT4G19185,0.23600538
AT4G19190,0.031641662
AT4G19191,-0.09523405
AT4G19200,0.35276023
AT4G19210,0.1875117
AT4G19220,0.016722485
AT4G19230,0.73849213
AT4G19240,0.026636416
AT4G19250,0.00028480022
AT4G19260,0.0
AT4G19270,0.0
AT4G19275,1.7414313e-05
AT4G19330,0.00033337175
AT4G19340,9.767066e-06
AT4G19350,-0.12866947
AT4G19360,0.006001266
AT4G19370,0.6931964
AT4G19380,-0.11864641
AT4G19390,0.5767879
AT4G19400,0.122966014
AT4G19410,-0.17639355
AT4G19420,-0.1773678
AT4G19430,-0.21919493
AT4G19440,-0.17090727
AT4G19450,0.05826633
AT4G19460,1.2776588
AT4G19470,0.019322885
AT4G19480,3.6549303e-05
AT4G19485,0.000783018
AT4G19490,0.037951905
AT4G19500,-0.2002929
AT4G19510,-0.040303763
AT4G19520,0.37108374
AT4G19530,-1.0198414
AT4G19540,-0.076721594
AT4G19550,-0.10633849
AT4G19560,-0.19510119
AT4G19570,-0.027799398
AT4G19580,0.0014671654
AT4G19590,-0.016805084
AT4G19600,0.3295431
AT4G19610,-0.040403515
AT4G19620,7.3253985e-05
AT4G19630,-0.0009824204
AT4G19640,0.19285122
AT4G19645,0.27795082
AT4G19650,-0.05505384
AT4G19660,0.054984745
AT4G19670,0.27514383
AT4G19680,-0.0013371579
AT4G19690,0.15399559
AT4G19700,0.7210604
AT4G19710,-0.21594949
AT4G19720,0.22094974
AT4G19730,9.919816e-06
AT4G19740,-0.0031216335
AT4G19750,0.024449311
AT4G19760,-8.617872e-05
AT4G19770,0.0018661388
AT4G19800,0.00035301622
AT4G19810,1.8200208
AT4G19820,-0.55442375
AT4G19830,-0.08653361
AT4G19840,0.048626576
AT4G19850,0.16694844
AT4G19860,0.26904446
AT4G19865,-0.02733344
AT4G19870,0.056360304
AT4G19880,0.43125796
AT4G19890,-0.32197306
AT4G19900,-0.09780272
AT4G19905,0.001841687
AT4G19910,8.770213e-07
AT4G19920,0.013628349
AT4G19925,0.26082784
AT4G19930,0.0
AT4G19940,0.020495549
AT4G19950,0.3812863
AT4G19960,0.048437968
AT4G19970,1.7177109
AT4G19975,0.22328041
AT4G19980,0.0006611637
AT4G19985,-0.35407442
AT4G19990,0.11030156
AT4G20000,0.14737947
AT4G20010,0.11885534
AT4G20020,0.23986793
AT4G20030,0.24352989
AT4G20040,-0.08840201
AT4G20050,0.13507998
AT4G20060,-0.052094784
AT4G20070,-0.51617765
AT4G20080,-0.0021444713
AT4G20090,-0.080437236
AT4G20095,0.0010155248
AT4G20100,-1.3500336e-05
AT4G20110,0.947134
AT4G20130,-0.21164098
AT4G20140,-0.33914742
AT4G20150,0.2510525
AT4G20160,0.0048948294
AT4G20170,-0.3317601
AT4G20190,0.04281611
AT4G20200,0.0
AT4G20210,0.010317956
AT4G20220,0.0002876636
AT4G20230,-0.19375539
AT4G20235,-0.010924485
AT4G20240,-0.019444045
AT4G20250,0.0
AT4G20260,-0.10124315
AT4G20270,-0.31120658
AT4G20280,0.09084436
AT4G20290,-0.004405977
AT4G20300,0.0016170981
AT4G20310,-0.18576367
AT4G20320,0.7941417
AT4G20325,-0.15950735
AT4G20330,0.50931805
AT4G20340,-0.071953766
AT4G20350,-0.033685934
AT4G20360,-0.30842558
AT4G20370,0.33467156
AT4G20380,0.012297623
AT4G20390,0.22756068
AT4G20400,-0.013077265
AT4G20410,-0.026440803
AT4G20420,0.00078503485
AT4G20430,-0.5488357
AT4G20440,0.23968178
AT4G20450,0.006366173
AT4G20460,0.9493304
AT4G20470,0.0063343425
AT4G20480,0.25989154
AT4G20520,-8.898826e-06
AT4G20530,0.0
AT4G20535,0.0
AT4G20540,0.0
AT4G20550,-0.007386838
AT4G20560,0.0
AT4G20570,0.0
AT4G20580,0.0
AT4G20590,9.298956e-08
AT4G20600,0.0
AT4G20610,0.0
AT4G20620,0.0
AT4G20630,0.0
AT4G20640,0.0
AT4G20645,0.0
AT4G20670,0.0
AT4G20680,0.00024539974
AT4G20690,0.052576922
AT4G20700,-0.04014776
AT4G20703,8.1251404e-05
AT4G20707,-0.0008479237
AT4G20720,0.054783694
AT4G20735,-0.0005134642
AT4G20740,-0.20714608
AT4G20750,0.0
AT4G20770,0.079527676
AT4G20780,-0.050532967
AT4G20790,0.0
AT4G20800,0.00090825296
AT4G20810,0.0012803264
AT4G20820,-0.3699765
AT4G20830,0.7471132
AT4G20835,0.06038099
AT4G20840,-0.05777254
AT4G20850,0.14182097
AT4G20860,0.9065476
AT4G20870,-0.5320576
AT4G20880,-0.18723014
AT4G20890,0.2282117
AT4G20900,-0.005063378
AT4G20910,-0.23453838
AT4G20920,0.06858217
AT4G20930,0.37143773
AT4G20935,-0.0028446047
AT4G20940,-0.64882576
AT4G20947,-0.0012603024
AT4G20953,0.00027493163
AT4G20960,-0.04912632
AT4G20970,1.0724995
AT4G20980,0.1286701
AT4G20990,0.018057263
AT4G21000,0.0
AT4G21010,0.0006194273
AT4G21020,-0.014424291
AT4G21030,-0.00012374816
AT4G21040,-6.241514e-05
AT4G21050,0.0
AT4G21060,-0.005674121
AT4G21063,-0.0007122004
AT4G21065,-0.10840466
AT4G21070,-0.1587714
AT4G21080,0.011578151
AT4G21090,0.26560777
AT4G21100,0.28092045
AT4G21105,0.31945476
AT4G21110,0.25953835
AT4G21120,1.1178991
AT4G21130,0.030599568
AT4G21140,0.3476136
AT4G21150,0.34724042
AT4G21160,0.4350245
AT4G21170,0.07483269
AT4G21180,-0.012328263
AT4G21190,-0.33155936
AT4G21192,0.21873097
AT4G21200,0.016717928
AT4G21210,-0.16801523
AT4G21213,0.012071499
AT4G21215,0.24736977
AT4G21220,-0.057394475
AT4G21230,0.085177585
AT4G21240,0.0
AT4G21250,-0.021185294
AT4G21260,0.00043880308
AT4G21270,-0.08676016
AT4G21280,-0.6738963
AT4G21300,-0.048466034
AT4G21310,-0.06794912
AT4G21320,0.06798814
AT4G21323,-0.0355247
AT4G21326,-0.09562633
AT4G21330,0.00026816525
AT4G21340,-0.0014433081
AT4G21350,-0.0064466903
AT4G21364,0.0
AT4G21366,1.7223629e-05
AT4G21370,0.0
AT4G21380,0.65604043
AT4G21390,0.8928659
AT4G21400,-0.06693898
AT4G21410,-0.0029928957
AT4G21430,-0.21935457
AT4G21440,0.5761366
AT4G21445,-0.37985393
AT4G21450,0.17938001
AT4G21460,-0.06538774
AT4G21470,0.5350659
AT4G21480,-0.1461831
AT4G21490,0.24239594
AT4G21500,0.054456953
AT4G21510,-0.012243076
AT4G21515,0.00021924335
AT4G21520,0.08695228
AT4G21530,0.08997433
AT4G21534,0.41362387
AT4G21540,0.056037057
AT4G21550,-0.23804925
AT4G21560,-0.1242925
AT4G21570,0.4216499
AT4G21580,0.6181397
AT4G21585,-0.23251125
AT4G21590,0.03241517
AT4G21600,0.0021629685
AT4G21610,0.605169
AT4G21620,0.1655567
AT4G21630,-0.0006396832
AT4G21640,0.00065746484
AT4G21650,-0.51810133
AT4G21660,0.042775545
AT4G21670,0.055867054
AT4G21680,3.1200025
AT4G21690,-0.0003761773
AT4G21700,0.10920562
AT4G21705,-0.115647234
AT4G21710,0.16794045
AT4G21720,0.076392174
AT4G21740,-0.12769216
AT4G21745,-0.0025688482
AT4G21750,-0.55969816
AT4G21760,-0.17770655
AT4G21770,-0.18448547
AT4G21780,0.2916621
AT4G21790,0.5354258
AT4G21800,0.42097172
AT4G21810,-0.0039877295
AT4G21820,-0.020618636
AT4G21830,2.231844
AT4G21840,1.3128585
AT4G21850,2.0066004
AT4G21860,-0.054863732
AT4G21865,0.2147353
AT4G21870,-0.762515
AT4G21880,-0.20399334
AT4G21890,-0.398381
AT4G21895,0.0006899389
AT4G21900,-0.08754641
AT4G21902,0.005496114
AT4G21903,0.6480454
AT4G21910,0.5449138
AT4G21920,0.8103609
AT4G21926,0.038091823
AT4G21930,-0.040319905
AT4G21940,-0.2265777
AT4G21950,0.05869978
AT4G21960,-0.16525039
AT4G21970,-0.11620938
AT4G21980,0.81943566
AT4G21990,0.3212198
AT4G22000,-0.115016714
AT4G22010,-0.6154739
AT4G22030,0.09018993
AT4G22035,0.0002520132
AT4G22050,-0.025351474
AT4G22060,0.00016356187
AT4G22070,1.7938721
AT4G22080,0.002232515
AT4G22090,-0.00079533743
AT4G22100,0.0007234411
AT4G22105,0.0014707264
AT4G22110,0.025421485
AT4G22115,-0.00022950103
AT4G22120,-0.35750124
AT4G22130,-0.0875075
AT4G22140,0.13453473
AT4G22150,0.22776608
AT4G22160,-0.08936275
AT4G22165,0.0046297163
AT4G22170,-0.01952504
AT4G22180,0.0
AT4G22190,-0.1877381
AT4G22200,-0.2122968
AT4G22210,0.0006251188
AT4G22212,0.0063828807
AT4G22214,0.15375592
AT4G22217,0.009693121
AT4G22220,0.35144505
AT4G22230,-0.025976602
AT4G22235,0.0074635413
AT4G22240,0.7812856
AT4G22250,0.082579
AT4G22260,0.27677152
AT4G22270,0.16052699
AT4G22280,-0.092417784
AT4G22285,0.11130952
AT4G22300,0.049612723
AT4G22305,0.36406884
AT4G22310,0.14999521
AT4G22320,0.055627633
AT4G22330,0.17373148
AT4G22340,0.16150966
AT4G22350,-0.02388215
AT4G22360,-0.004559941
AT4G22370,-0.05279702
AT4G22380,0.19448724
AT4G22390,-0.069218926
AT4G22400,0.00041911428
AT4G22410,0.02335813
AT4G22420,0.0
AT4G22430,0.0
AT4G22440,-0.00023874229
AT4G22460,0.17454949
AT4G22463,0.0015958404
AT4G22467,0.38565773
AT4G22470,2.1395042
AT4G22475,0.009459884
AT4G22485,0.07312108
AT4G22490,-0.049381994
AT4G22495,0.00228658
AT4G22505,0.062533356
AT4G22510,-0.0028315957
AT4G22513,0.054212652
AT4G22517,0.09217046
AT4G22520,0.01752743
AT4G22530,1.195503
AT4G22540,-0.08551961
AT4G22550,0.05893791
AT4G22560,-0.3617707
AT4G22570,-0.71553135
AT4G22580,-0.052304573
AT4G22590,0.58447057
AT4G22600,0.005607009
AT4G22610,0.0072338325
AT4G22620,0.10917452
AT4G22630,0.0033344685
AT4G22640,0.013544001
AT4G22650,0.00020214003
AT4G22660,-3.939741e-05
AT4G22666,0.013752623
AT4G22670,0.27822435
AT4G22680,0.27690998
AT4G22690,-0.27392676
AT4G22700,0.00084320153
AT4G22710,0.44637662
AT4G22720,0.26631197
AT4G22730,-0.23677345
AT4G22740,0.24005818
AT4G22745,-0.11729675
AT4G22750,0.17299938
AT4G22755,0.061196767
AT4G22756,-0.1990594
AT4G22758,0.028656239
AT4G22760,-0.08001976
AT4G22770,0.4042757
AT4G22780,-0.050367247
AT4G22790,-0.0202759
AT4G22810,0.03258957
AT4G22820,0.55569834
AT4G22830,-0.20842601
AT4G22840,0.28667438
AT4G22850,0.08230539
AT4G22860,-0.1341483
AT4G22870,0.0028552464
AT4G22880,-0.01931315
AT4G22890,-0.5364569
AT4G22900,-0.15709043
AT4G22910,-0.033082906
AT4G22920,0.53931063
AT4G22930,0.113412775
AT4G22940,0.074698135
AT4G22950,-0.101465225
AT4G22960,0.04055304
AT4G22970,0.24664353
AT4G22980,0.81164485
AT4G22990,-0.025751317
AT4G23000,-0.19865036
AT4G23010,0.30040893
AT4G23015,0.015965343
AT4G23020,-0.3803978
AT4G23030,0.52397054
AT4G23040,0.15879883
AT4G23050,0.47954547
AT4G23060,-0.13829026
AT4G23070,-0.051602893
AT4G23080,2.0768277e-05
AT4G23090,0.00014064174
AT4G23100,0.6588286
AT4G23110,0.00081829674
AT4G23120,7.375482e-05
AT4G23130,0.13985913
AT4G23140,0.18215637
AT4G23150,0.86044043
AT4G23160,0.00833332
AT4G23170,0.9125103
AT4G23180,-0.16268249
AT4G23190,0.8171964
AT4G23200,0.05381011
AT4G23210,1.1364006
AT4G23220,0.14006735
AT4G23230,0.0067721545
AT4G23240,-0.20894751
AT4G23250,0.12864499
AT4G23260,0.09956777
AT4G23270,0.2922584
AT4G23271,3.92006e-05
AT4G23280,0.19871797
AT4G23290,-0.85774434
AT4G23300,-0.19487889
AT4G23310,-0.29336768
AT4G23320,0.52152705
AT4G23330,-0.05782312
AT4G23340,-0.016767219
AT4G23350,0.0092000365
AT4G23355,2.1264634e-05
AT4G23360,1.7427898e-05
AT4G23365,0.0005839504
AT4G23370,-0.0014136382
AT4G23373,0.0
AT4G23380,0.0
AT4G23390,-0.024221245
AT4G23400,-1.0682184
AT4G23410,-0.22191544
AT4G23420,0.17504787
AT4G23430,0.212285
AT4G23440,-0.20112398
AT4G23450,0.78738654
AT4G23460,0.25144613
AT4G23470,0.48111954
AT4G23490,-0.33752188
AT4G23493,0.031750496
AT4G23496,-0.015658768
AT4G23498,0.0
AT4G23500,0.057660665
AT4G23510,0.021202529
AT4G23515,0.0060076225
AT4G23520,-0.008553741
AT4G23530,-0.051903747
AT4G23540,0.19316582
AT4G23550,0.9818667
AT4G23560,0.34504846
AT4G23570,0.02290342
AT4G23580,-0.0054252576
AT4G23590,0.3405602
AT4G23600,1.1076394
AT4G23610,0.15034257
AT4G23620,0.23966984
AT4G23630,0.46298504
AT4G23640,0.10626403
AT4G23650,-0.024237206
AT4G23660,0.2967964
AT4G23670,-0.21885687
AT4G23680,1.293769
AT4G23690,0.31687188
AT4G23700,2.6758134
AT4G23710,0.52386177
AT4G23712,0.0
AT4G23720,-0.09321751
AT4G23730,0.1602705
AT4G23740,-0.3347627
AT4G23750,-0.15074386
AT4G23760,0.37938866
AT4G23770,-0.42107594
AT4G23780,-0.0004373527
AT4G23790,-0.4808496
AT4G23800,-0.23736528
AT4G23810,-0.18768829
AT4G23820,-1.0697652
AT4G23850,0.152068
AT4G23860,0.28358683
AT4G23870,-0.675254
AT4G23880,-0.14400941
AT4G23882,-0.0028229316
AT4G23885,1.0456591
AT4G23890,-0.115601435
AT4G23895,-0.053978495
AT4G23900,0.025174467
AT4G23910,0.12146909
AT4G23920,0.14405107
AT4G23930,-0.11191106
AT4G23940,-0.36681423
AT4G23950,-0.09411001
AT4G23960,-0.012845758
AT4G23970,0.00039385032
AT4G23980,-0.020895718
AT4G23990,0.19858798
AT4G24000,1.6275059
AT4G24010,0.29181454
AT4G24015,-0.035707545
AT4G24020,0.13961704
AT4G24026,0.59487814
AT4G24040,0.8105331
AT4G24050,0.0005130536
AT4G24060,-0.11545968
AT4G24070,0.0062185912
AT4G24080,-0.0008544506
AT4G24090,-0.16432811
AT4G24100,-0.03513659
AT4G24110,0.92781734
AT4G24120,0.6294695
AT4G24130,0.3712901
AT4G24140,-0.02905311
AT4G24150,-0.010967791
AT4G24160,0.31495938
AT4G24170,-0.019043675
AT4G24180,-0.08118917
AT4G24190,0.25011533
AT4G24200,0.26221672
AT4G24204,-6.541515e-05
AT4G24210,0.04041278
AT4G24220,0.39441037
AT4G24230,0.10951094
AT4G24231,0.0016644116
AT4G24240,-0.023828521
AT4G24250,-0.06715313
AT4G24260,-0.11479513
AT4G24265,-0.024393836
AT4G24270,0.036793016
AT4G24275,-0.44842285
AT4G24280,-0.109381735
AT4G24290,0.2418921
AT4G24300,0.00032565632
AT4G24310,0.28621307
AT4G24320,-0.010198196
AT4G24330,0.40838122
AT4G24340,1.3533977
AT4G24350,-0.18921521
AT4G24370,-0.24002676
AT4G24380,0.4671024
AT4G24390,-0.08588431
AT4G24400,0.2986042
AT4G24410,-0.010156687
AT4G24413,0.0040426077
AT4G24420,0.03537957
AT4G24430,0.03788626
AT4G24440,0.33143225
AT4G24450,-0.04583381
AT4G24460,0.08752201
AT4G24470,0.3336989
AT4G24480,-0.13968132
AT4G24490,0.19019355
AT4G24500,-0.10010392
AT4G24510,-1.2412634
AT4G24520,0.09506022
AT4G24530,-0.15334804
AT4G24540,-0.1396881
AT4G24550,0.21952745
AT4G24560,0.089977756
AT4G24570,-0.123982705
AT4G24580,-0.074772134
AT4G24590,0.2025516
AT4G24600,-0.0016306698
AT4G24610,-0.13459896
AT4G24615,-0.00896712
AT4G24620,-0.07130484
AT4G24630,0.10844252
AT4G24640,-2.7868344e-05
AT4G24644,0.0
AT4G24650,0.00054398563
AT4G24660,0.10846447
AT4G24670,-0.4542193
AT4G24680,0.029513447
AT4G24690,0.7480779
AT4G24700,-0.3776338
AT4G24710,-0.0808269
AT4G24715,0.017595539
AT4G24730,0.15516536
AT4G24740,0.110470966
AT4G24750,-0.54987407
AT4G24760,-0.2101922
AT4G24770,-0.53795224
AT4G24780,-0.8509353
AT4G24790,-0.44495893
AT4G24800,-0.06514707
AT4G24810,-0.16154256
AT4G24820,0.6804414
AT4G24830,0.15071301
AT4G24840,0.10132208
AT4G24860,-0.28335017
AT4G24880,0.38146263
AT4G24890,-0.010973253
AT4G24900,-0.15098697
AT4G24910,0.041567195
AT4G24920,0.6415751
AT4G24930,-0.4381879
AT4G24940,0.037012074
AT4G24950,0.00092244486
AT4G24960,-0.056995474
AT4G24970,0.028917167
AT4G24972,-0.3985338
AT4G24973,-3.089111e-05
AT4G24974,0.0028095073
AT4G24975,0.010683848
AT4G24980,6.6666726e-05
AT4G24990,0.41713482
AT4G25000,1.6895692
AT4G25010,0.06731398
AT4G25020,-0.21468289
AT4G25030,0.5480325
AT4G25040,3.066518e-05
AT4G25050,-0.72702354
AT4G25070,1.183728
AT4G25080,-0.67681247
AT4G25090,0.00033593885
AT4G25100,-0.30240408
AT4G25110,0.73001283
AT4G25120,-0.2240012
AT4G25130,0.15176143
AT4G25140,-0.0058838264
AT4G25150,-0.20394254
AT4G25160,-0.055894144
AT4G25170,0.40840283
AT4G25180,0.16260692
AT4G25190,0.007523595
AT4G25200,0.5669963
AT4G25210,0.07294775
AT4G25220,0.044890936
AT4G25225,0.29110333
AT4G25230,0.37254095
AT4G25240,-0.10353306
AT4G25250,0.0018199272
AT4G25260,-0.43286452
AT4G25270,-0.3284439
AT4G25280,-0.06419836
AT4G25290,-0.60523784
AT4G25300,0.04736125
AT4G25310,0.03107073
AT4G25315,0.11292854
AT4G25320,0.22408362
AT4G25330,0.058460943
AT4G25340,0.1985922
AT4G25350,-0.18996638
AT4G25360,0.077946596
AT4G25370,0.12963521
AT4G25380,0.26902822
AT4G25390,0.5824222
AT4G25400,-0.017570997
AT4G25410,0.008684622
AT4G25420,-0.21275195
AT4G25430,0.0018886881
AT4G25433,0.15994278
AT4G25434,0.28149587
AT4G25440,0.2909364
AT4G25450,-0.06374882
AT4G25470,-0.47265267
AT4G25480,0.05660977
AT4G25490,-0.45348015
AT4G25500,0.11153054
AT4G25510,0.0037631313
AT4G25515,0.12868904
AT4G25520,-0.027079523
AT4G25530,0.004624335
AT4G25540,0.046316065
AT4G25550,0.2315523
AT4G25560,9.921853e-05
AT4G25570,-0.17293763
AT4G25580,0.008455902
AT4G25590,3.976681e-05
AT4G25600,-0.3818199
AT4G25610,0.15483522
AT4G25620,-0.20856683
AT4G25630,0.16545829
AT4G25640,0.36827224
AT4G25650,0.118938625
AT4G25660,0.1456838
AT4G25670,0.10603956
AT4G25680,0.0037130385
AT4G25690,0.41440547
AT4G25700,0.1338755
AT4G25707,0.059881747
AT4G25710,0.23383905
AT4G25720,0.27886534
AT4G25730,0.14748625
AT4G25740,0.053862687
AT4G25750,-0.0017203331
AT4G25760,0.02260132
AT4G25770,0.14368087
AT4G25780,-0.06886239
AT4G25790,-0.0013574276
AT4G25800,0.20913346
AT4G25810,0.6204849
AT4G25820,0.034609783
AT4G25830,-0.7123302
AT4G25835,0.19939882
AT4G25840,0.16937223
AT4G25845,0.07632824
AT4G25850,0.0015497161
AT4G25860,0.0012808972
AT4G25870,-0.34873587
AT4G25880,0.45744267
AT4G25890,-0.064229034
AT4G25900,0.9516717
AT4G25910,-0.44937998
AT4G25920,0.015721798
AT4G25930,0.15261647
AT4G25940,0.10074337
AT4G25950,-0.07158178
AT4G25960,-0.99520445
AT4G25970,0.118539855
AT4G25980,0.13120799
AT4G25990,0.023107968
AT4G26000,0.23993891
AT4G26010,0.022704838
AT4G26020,-0.0004725919
AT4G26030,-0.0005103703
AT4G26040,-0.0021994722
AT4G26050,0.6229993
AT4G26055,0.13785441
AT4G26060,0.7474954
AT4G26070,0.30728063
AT4G26080,0.58449197
AT4G26090,0.12553449
AT4G26100,0.01954911
AT4G26110,0.09791988
AT4G26120,1.0337368
AT4G26130,0.2110275
AT4G26140,-0.08574626
AT4G26145,-0.007949293
AT4G26150,-0.3510867
AT4G26160,0.13142097
AT4G26170,-0.036936987
AT4G26180,0.36435583
AT4G26190,-0.077664554
AT4G26200,0.101476125
AT4G26210,0.39939556
AT4G26220,0.048040483
AT4G26230,-0.07745617
AT4G26240,0.44650665
AT4G26250,0.0036895252
AT4G26260,1.2815858
AT4G26270,1.2180237
AT4G26280,0.000863225
AT4G26288,-0.16153091
AT4G26290,-0.00081985013
AT4G26300,-0.16322212
AT4G26310,0.124737546
AT4G26320,0.012217378
AT4G26330,0.0042890073
AT4G26340,2.4809759e-05
AT4G26350,-7.5522967e-06
AT4G26370,-0.19878441
AT4G26380,-0.0011681721
AT4G26390,-0.015992066
AT4G26400,0.14023378
AT4G26410,0.19617943
AT4G26415,-0.04960991
AT4G26420,0.0003520783
AT4G26430,0.26182002
AT4G26440,0.00083381863
AT4G26450,0.06092619
AT4G26455,0.16261257
AT4G26460,0.029321264
AT4G26466,0.07030689
AT4G26470,1.1752553
AT4G26480,0.049650196
AT4G26483,0.0
AT4G26485,-0.00024013402
AT4G26490,0.037219815
AT4G26500,0.12550427
AT4G26510,-0.044524062
AT4G26520,-0.47160485
AT4G26530,-0.9139996
AT4G26540,-0.27511945
AT4G26550,0.34548244
AT4G26555,-0.5626242
AT4G26560,0.020456672
AT4G26570,-0.06661546
AT4G26580,0.20938787
AT4G26590,0.0352543
AT4G26600,-0.078588955
AT4G26610,0.017849796
AT4G26620,0.27055046
AT4G26630,-0.09014668
AT4G26640,0.2007734
AT4G26650,0.0054562935
AT4G26660,-0.17620642
AT4G26670,0.11432467
AT4G26680,-0.24558583
AT4G26690,-0.36231387
AT4G26700,-0.083203085
AT4G26701,-0.013760237
AT4G26710,0.1318625
AT4G26720,0.03308045
AT4G26730,-0.0038178926
AT4G26740,0.0030658501
AT4G26750,0.34520012
AT4G26760,-0.40660164
AT4G26770,0.012899341
AT4G26780,0.18964396
AT4G26790,-0.33172926
AT4G26800,-0.038326938
AT4G26810,0.33138397
AT4G26820,-0.00013506327
AT4G26830,-0.10144001
AT4G26840,0.1665329
AT4G26850,0.01198136
AT4G26860,-0.23265678
AT4G26870,0.016876446
AT4G26880,0.006162989
AT4G26890,0.3008659
AT4G26900,-0.16326283
AT4G26910,0.7776864
AT4G26920,6.921573e-06
AT4G26930,0.00085077324
AT4G26940,0.26761702
AT4G26950,-0.15915489
AT4G26960,-0.09580953
AT4G26965,0.28530228
AT4G26970,0.15382172
AT4G26980,0.1924099
AT4G26990,0.8769951
AT4G27000,0.39787713
AT4G27010,0.13718364
AT4G27020,0.13155861
AT4G27030,-0.49748653
AT4G27040,0.22180739
AT4G27050,-0.06607277
AT4G27060,-0.1098344
AT4G27070,1.1314614
AT4G27080,0.12767464
AT4G27090,-0.029036596
AT4G27100,-0.09132712
AT4G27110,0.008101921
AT4G27120,0.08152664
AT4G27130,0.18589647
AT4G27140,-0.04463291
AT4G27150,-0.00907564
AT4G27160,0.0033877497
AT4G27170,0.005513733
AT4G27180,-0.31086057
AT4G27190,-0.001394323
AT4G27220,0.27166882
AT4G27230,-0.088909686
AT4G27240,-0.51005274
AT4G27250,0.0033911068
AT4G27260,1.1018766
AT4G27270,0.14326145
AT4G27280,0.01728025
AT4G27290,0.064420335
AT4G27300,-0.7542733
AT4G27310,-0.4735035
AT4G27320,0.045338433
AT4G27330,0.015350416
AT4G27340,-0.0449328
AT4G27350,0.15443029
AT4G27360,-0.07389051
AT4G27370,-0.36203128
AT4G27380,0.28141037
AT4G27390,-0.050136726
AT4G27400,0.0049122185
AT4G27410,0.648992
AT4G27415,5.7305475e-05
AT4G27420,0.1458412
AT4G27430,-0.52383304
AT4G27435,0.019033616
AT4G27440,-0.14282696
AT4G27450,-0.2225431
AT4G27460,0.24138853
AT4G27470,0.26410544
AT4G27480,-0.016398316
AT4G27490,0.066915676
AT4G27500,0.08411098
AT4G27510,0.022681855
AT4G27520,-0.4513274
AT4G27530,0.0038509301
AT4G27540,0.5316284
AT4G27550,-0.0056575164
AT4G27560,0.02081848
AT4G27565,-0.00030252966
AT4G27570,0.001421805
AT4G27575,0.0
AT4G27585,0.66418993
AT4G27590,0.11943009
AT4G27595,-0.6823636
AT4G27600,-0.13588367
AT4G27610,-0.2781425
AT4G27620,0.03574392
AT4G27630,-0.11268354
AT4G27640,-0.06939288
AT4G27650,-0.04494214
AT4G27652,-0.059751652
AT4G27654,-0.5389451
AT4G27657,-0.27095386
AT4G27660,-0.10101032
AT4G27670,0.202617
AT4G27680,0.39424148
AT4G27690,0.20851809
AT4G27700,-0.22844118
AT4G27710,-0.07026752
AT4G27720,-1.029556
AT4G27730,-0.06767531
AT4G27740,0.28930825
AT4G27745,0.28663146
AT4G27750,0.0744536
AT4G27760,-0.007254166
AT4G27780,0.41928843
AT4G27790,0.059829697
AT4G27800,0.055716645
AT4G27810,0.014068373
AT4G27820,-0.22857104
AT4G27830,0.81229866
AT4G27840,0.11759396
AT4G27845,0.00202322
AT4G27850,0.03146815
AT4G27860,0.8756754
AT4G27870,0.3507896
AT4G27880,0.2692268
AT4G27890,0.20512946
AT4G27900,0.10876164
AT4G27910,-0.13391571
AT4G27920,-0.0035357587
AT4G27940,-0.01783211
AT4G27950,0.049654026
AT4G27960,0.0051457672
AT4G27970,0.07445157
AT4G27980,0.0063414867
AT4G27990,0.27046004
AT4G28000,0.004080353
AT4G28005,0.0024901165
AT4G28010,-0.2585716
AT4G28015,0.0
AT4G28025,-0.061010078
AT4G28030,-0.16413964
AT4G28040,0.91570723
AT4G28050,-0.4358357
AT4G28060,0.50829756
AT4G28068,0.0
AT4G28070,-0.027853806
AT4G28080,-0.56499666
AT4G28085,0.5442354
AT4G28088,0.3373881
AT4G28090,0.0052927546
AT4G28100,-0.1334668
AT4G28110,0.26851928
AT4G28130,0.00016856524
AT4G28140,0.39570543
AT4G28150,-0.34277692
AT4G28160,0.0067655775
AT4G28170,0.26361245
AT4G28180,-0.32866737
AT4G28190,-0.20201592
AT4G28200,0.25650546
AT4G28210,-0.019133367
AT4G28220,-0.4382162
AT4G28230,-0.33643243
AT4G28240,-0.3774737
AT4G28250,-0.2781485
AT4G28260,0.07532887
AT4G28270,0.16004032
AT4G28280,-0.13765974
AT4G28290,0.14310436
AT4G28300,0.6045672
AT4G28310,-0.030685741
AT4G28320,-0.10572594
AT4G28330,0.18735898
AT4G28340,0.14684437
AT4G28350,0.12186396
AT4G28365,0.0017110035
AT4G28370,0.19931574
AT4G28380,-0.006907914
AT4G28390,0.7350858
AT4G28395,-9.372534e-05
AT4G28397,0.0029502972
AT4G28400,-0.115084924
AT4G28405,-0.0017245073
AT4G28410,0.0031523376
AT4G28420,0.054036412
AT4G28430,0.00038276112
AT4G28440,0.20922047
AT4G28450,0.45689842
AT4G28460,1.1908143
AT4G28470,0.2087358
AT4G28480,0.26729104
AT4G28485,0.032065272
AT4G28490,0.63494277
AT4G28500,-0.13220121
AT4G28510,0.60439605
AT4G28520,-0.011198057
AT4G28530,-0.05593796
AT4G28540,0.27157792
AT4G28550,0.5755412
AT4G28556,0.35521904
AT4G28560,0.6849146
AT4G28570,0.6555841
AT4G28580,0.025880214
AT4G28590,-0.0024909794
AT4G28600,0.11063942
AT4G28610,-0.030440101
AT4G28620,-0.007893126
AT4G28630,-0.25059214
AT4G28640,-0.09096397
AT4G28650,0.09415447
AT4G28660,-0.37398526
AT4G28670,-0.0021165442
AT4G28680,0.016590646
AT4G28690,-0.017500104
AT4G28700,-0.14908269
AT4G28703,0.06402316
AT4G28706,-0.4788475
AT4G28710,0.12289056
AT4G28720,-0.14882176
AT4G28730,-0.113661885
AT4G28740,-0.26239774
AT4G28750,-0.570028
AT4G28755,0.057708867
AT4G28760,-0.3004337
AT4G28770,0.23458576
AT4G28775,0.00084602984
AT4G28780,-1.0223912
AT4G28790,-0.13915436
AT4G28800,-0.0008732272
AT4G28811,0.007237825
AT4G28815,0.00025334698
AT4G28820,0.2745776
AT4G28830,-0.106928885
AT4G28840,-0.010044125
AT4G28850,-0.0002944943
AT4G28860,0.0034990753
AT4G28870,-0.0011085613
AT4G28880,0.142408
AT4G28890,0.0106359655
AT4G28910,0.3206662
AT4G28920,0.0
AT4G28930,0.054046758
AT4G28940,0.70628744
AT4G28950,-0.046343774
AT4G28980,0.01744129
AT4G28990,0.056138963
AT4G29000,0.07656321
AT4G29010,0.2608061
AT4G29020,-0.29650062
AT4G29030,0.06957755
AT4G29033,0.0
AT4G29035,0.0
AT4G29037,0.0011652575
AT4G29040,0.7757757
AT4G29050,-0.028245201
AT4G29060,-0.59389734
AT4G29070,-0.020780846
AT4G29080,-0.30022818
AT4G29090,9.184585e-05
AT4G29100,0.024851885
AT4G29103,0.0
AT4G29110,-0.18246514
AT4G29120,0.102404945
AT4G29130,0.24984832
AT4G29140,-0.08152211
AT4G29150,0.051201764
AT4G29160,0.07871055
AT4G29170,-0.15980554
AT4G29180,-0.0071343402
AT4G29190,0.012433125
AT4G29200,0.041404184
AT4G29210,1.0913913
AT4G29220,-0.08009939
AT4G29230,1.0916572
AT4G29240,-0.23431021
AT4G29250,0.004840197
AT4G29260,0.069200665
AT4G29270,-0.013241607
AT4G29273,0.0
AT4G29280,0.00025967212
AT4G29283,0.00075332075
AT4G29285,0.0031386223
AT4G29290,0.00013555674
AT4G29300,0.0
AT4G29305,0.0030128062
AT4G29310,-0.40796968
AT4G29330,0.2705851
AT4G29340,0.07274165
AT4G29350,0.14066702
AT4G29360,-0.6247451
AT4G29370,0.0026417465
AT4G29380,0.4224099
AT4G29400,-0.15262888
AT4G29410,0.09531932
AT4G29420,0.3264944
AT4G29430,0.028107101
AT4G29440,0.16208147
AT4G29450,0.005573842
AT4G29460,0.0007173326
AT4G29470,0.018133746
AT4G29480,0.21073058
AT4G29490,0.32637224
AT4G29510,0.26428667
AT4G29520,0.63256603
AT4G29530,0.117167704
AT4G29540,-0.10242613
AT4G29548,-0.002544175
AT4G29550,0.011834066
AT4G29560,0.046363257
AT4G29570,0.08530717
AT4G29580,-3.90679e-05
AT4G29590,-0.15595497
AT4G29600,0.014184664
AT4G29610,-0.31298944
AT4G29620,0.0019214986
AT4G29630,0.0
AT4G29640,-0.0067474362
AT4G29650,-0.043077696
AT4G29654,4.3586748e-05
AT4G29658,0.007224858
AT4G29660,0.2563977
AT4G29670,-0.122620806
AT4G29680,0.2207182
AT4G29690,0.076954834
AT4G29700,0.72645825
AT4G29710,0.0043743886
AT4G29720,-0.24037312
AT4G29730,-0.22821751
AT4G29735,0.21493545
AT4G29740,0.24649258
AT4G29750,-0.2059409
AT4G29760,-0.020252751
AT4G29770,0.021949925
AT4G29780,0.41392192
AT4G29790,0.08086715
AT4G29800,-0.06040125
AT4G29810,0.40545532
AT4G29820,0.30215818
AT4G29830,0.3217754
AT4G29840,0.035075035
AT4G29850,0.6989878
AT4G29860,0.2629142
AT4G29870,0.23649393
AT4G29880,-0.012694221
AT4G29890,-0.087728895
AT4G29900,0.19132093
AT4G29905,-0.42356592
AT4G29910,-0.18867086
AT4G29920,-0.43076634
AT4G29930,0.07981509
AT4G29940,-0.006385373
AT4G29950,0.42937082
AT4G29960,0.35841313
AT4G29970,0.002109557
AT4G29980,-0.0006816911
AT4G29990,-0.20094703
AT4G30000,-0.16403092
AT4G30010,0.36273056
AT4G30020,-0.8121932
AT4G30030,0.0
AT4G30040,0.00056636834
AT4G30050,0.00061762996
AT4G30060,-0.08499927
AT4G30064,9.693409e-05
AT4G30067,2.3023022e-05
AT4G30070,0.0016375593
AT4G30074,1.2265337e-05
AT4G30080,0.05224825
AT4G30090,-0.28268057
AT4G30097,0.0005705468
AT4G30100,0.10691742
AT4G30110,-0.65722007
AT4G30120,-0.10412357
AT4G30130,0.059193093
AT4G30140,0.0663659
AT4G30150,0.08416019
AT4G30160,-0.035796948
AT4G30170,-0.021529494
AT4G30180,-0.14758153
AT4G30190,0.32750174
AT4G30200,0.07785954
AT4G30210,0.30674234
AT4G30220,0.1609693
AT4G30230,0.7219186
AT4G30240,0.24156299
AT4G30250,-0.1467554
AT4G30260,0.21521662
AT4G30270,0.67301863
AT4G30280,-0.23158257
AT4G30290,-0.599435
AT4G30300,0.0086240005
AT4G30310,-0.069420554
AT4G30320,-0.0037239748
AT4G30330,-0.13285941
AT4G30340,0.011745764
AT4G30350,-0.009969801
AT4G30360,0.24740565
AT4G30370,0.056696862
AT4G30380,0.00030640324
AT4G30390,0.23208803
AT4G30400,-0.4653529
AT4G30410,-0.5309698
AT4G30420,0.006482913
AT4G30430,-0.0063601653
AT4G30440,-0.48717618
AT4G30450,0.62514985
AT4G30460,0.8594508
AT4G30470,-0.06083722
AT4G30480,0.24850118
AT4G30490,0.50343496
AT4G30500,0.15349816
AT4G30510,0.16934338
AT4G30520,-0.29633176
AT4G30530,0.7879995
AT4G30540,0.056683987
AT4G30550,0.20545363
AT4G30560,-0.08737453
AT4G30570,-0.12822816
AT4G30580,-0.23293807
AT4G30590,4.8542253e-05
AT4G30600,0.19291358
AT4G30610,-0.7862521
AT4G30620,-0.18588272
AT4G30630,0.42572558
AT4G30640,0.1352907
AT4G30650,0.373384
AT4G30660,-0.09299612
AT4G30662,-0.0003044766
AT4G30670,0.19688708
AT4G30680,-0.04663722
AT4G30690,-0.37890938
AT4G30700,0.09865771
AT4G30710,0.1718425
AT4G30720,-0.26124132
AT4G30730,0.0018675497
AT4G30740,-0.015203819
AT4G30750,0.13250718
AT4G30760,0.11439379
AT4G30770,7.2427924e-06
AT4G30780,0.32665852
AT4G30790,0.29596657
AT4G30800,-0.18143661
AT4G30810,-0.08025167
AT4G30825,-0.17223372
AT4G30830,-0.05616571
AT4G30840,0.35947827
AT4G30845,-0.27099925
AT4G30850,0.61069185
AT4G30860,0.070195496
AT4G30870,0.071549274
AT4G30880,0.01823086
AT4G30890,0.29906297
AT4G30900,0.2161755
AT4G30910,-0.30112827
AT4G30920,-0.011984784
AT4G30930,0.2732241
AT4G30935,0.09407932
AT4G30940,-0.21128765
AT4G30950,-0.359616
AT4G30960,0.08223577
AT4G30970,-9.147311e-05
AT4G30980,0.043385744
AT4G30990,0.008515174
AT4G30993,-0.3970181
AT4G30996,0.005364725
AT4G31000,-0.68597513
AT4G31010,0.106738344
AT4G31020,0.06435932
AT4G31030,-0.0045693195
AT4G31040,-0.2312373
AT4G31050,-0.24404779
AT4G31060,-0.1852753
AT4G31070,-0.18986964
AT4G31073,0.012843254
AT4G31080,0.31779304
AT4G31100,0.022110889
AT4G31110,0.23799928
AT4G31115,-0.042536337
AT4G31120,0.069022514
AT4G31130,0.12888157
AT4G31140,-0.27452195
AT4G31150,0.024942644
AT4G31160,0.012187705
AT4G31170,0.46049768
AT4G31180,0.46246365
AT4G31196,1.7223629e-05
AT4G31200,0.0042102057
AT4G31210,0.08899931
AT4G31230,0.33283776
AT4G31240,0.49631166
AT4G31250,-0.16127197
AT4G31260,8.0692e-05
AT4G31270,-0.09558536
AT4G31280,0.0
AT4G31290,-0.12539446
AT4G31300,0.845582
AT4G31310,-0.2163194
AT4G31320,0.013027445
AT4G31330,0.15531038
AT4G31340,0.2752465
AT4G31350,-0.1462218
AT4G31351,-0.08333999
AT4G31354,-0.036592506
AT4G31355,0.013095019
AT4G31360,-0.3309693
AT4G31370,0.06734261
AT4G31380,0.04229009
AT4G31390,0.047590382
AT4G31400,0.13272026
AT4G31405,-0.08122545
AT4G31410,0.14722273
AT4G31420,0.5119746
AT4G31430,0.19676854
AT4G31440,-0.015288287
AT4G31441,0.00010776134
AT4G31450,0.20882566
AT4G31470,-0.02456451
AT4G31480,0.0052281553
AT4G31490,0.05761474
AT4G31500,0.28720528
AT4G31510,-0.06512071
AT4G31520,-0.0378608
AT4G31530,-0.038873177
AT4G31540,-0.039226364
AT4G31550,0.14125071
AT4G31560,0.04000557
AT4G31570,0.013973647
AT4G31580,0.055263795
AT4G31590,-0.2794905
AT4G31600,0.22675118
AT4G31610,0.008091569
AT4G31615,0.022217158
AT4G31620,-0.051153507
AT4G31630,0.004160493
AT4G31640,-0.017485276
AT4G31650,-0.33891612
AT4G31660,0.006874888
AT4G31670,0.32245716
AT4G31680,0.0025817964
AT4G31685,0.005583404
AT4G31690,0.00094354776
AT4G31700,0.054284316
AT4G31710,-0.0037636939
AT4G31715,0.0017462232
AT4G31720,0.15106373
AT4G31730,-0.14318672
AT4G31740,-0.0037183329
AT4G31750,0.35483426
AT4G31760,-0.032384798
AT4G31770,0.14156726
AT4G31780,0.040490247
AT4G31790,0.33121166
AT4G31800,0.3685264
AT4G31805,0.016395202
AT4G31810,0.21144105
AT4G31820,-0.1880285
AT4G31830,0.013574139
AT4G31840,-0.43328086
AT4G31850,-0.28160197
AT4G31860,0.5405966
AT4G31870,0.037633374
AT4G31875,0.13532658
AT4G31880,0.033666994
AT4G31890,-0.37967482
AT4G31900,0.002658853
AT4G31910,-0.06172164
AT4G31920,0.175093
AT4G31930,0.07794443
AT4G31940,-0.010343212
AT4G31950,0.18221861
AT4G31960,0.15068352
AT4G31970,1.8126656
AT4G31980,0.2792769
AT4G31990,0.16730435
AT4G32000,-0.25024593
AT4G32010,0.0024222347
AT4G32020,-0.066227406
AT4G32030,-0.21294501
AT4G32040,0.3432987
AT4G32050,0.17058687
AT4G32060,-0.18921046
AT4G32070,0.690109
AT4G32080,0.0017091279
AT4G32090,9.686777e-05
AT4G32100,-7.891717e-06
AT4G32105,0.016032483
AT4G32110,-0.0016268515
AT4G32120,-0.115304455
AT4G32130,0.32698658
AT4G32140,0.1871419
AT4G32150,0.26121044
AT4G32160,0.18882148
AT4G32170,0.010222684
AT4G32175,-0.048955668
AT4G32180,0.09636104
AT4G32190,-0.39932275
AT4G32200,0.19857866
AT4G32208,0.04138336
AT4G32210,0.5901357
AT4G32230,-0.0002759375
AT4G32240,0.11591508
AT4G32250,0.64527065
AT4G32260,-0.36054024
AT4G32272,0.23946568
AT4G32280,-0.67159903
AT4G32285,0.082550526
AT4G32290,-0.10265833
AT4G32295,-0.33380413
AT4G32300,-0.066619106
AT4G32320,0.07095966
AT4G32330,-0.45583794
AT4G32340,0.0947371
AT4G32342,-0.06000794
AT4G32350,-0.49313203
AT4G32360,-0.07029282
AT4G32370,0.0
AT4G32375,-0.0004894561
AT4G32380,-4.3074397e-05
AT4G32390,0.23329826
AT4G32400,0.24232896
AT4G32410,-0.28672376
AT4G32420,-0.14486998
AT4G32430,-0.07100107
AT4G32440,0.10147503
AT4G32450,-0.107203
AT4G32460,-0.24823669
AT4G32470,0.32303303
AT4G32480,0.24178763
AT4G32490,0.07037974
AT4G32500,-0.007754073
AT4G32510,-0.007097623
AT4G32520,0.0847112
AT4G32530,0.029958699
AT4G32535,0.012986272
AT4G32540,0.009170273
AT4G32551,-0.035599653
AT4G32560,-0.0037666254
AT4G32570,-0.6740204
AT4G32580,0.0010868489
AT4G32590,-0.33174065
AT4G32600,0.09064121
AT4G32610,0.08226673
AT4G32620,-0.029794034
AT4G32630,0.0020514699
AT4G32640,0.19530365
AT4G32650,0.33209482
AT4G32660,0.026072942
AT4G32670,-0.05816043
AT4G32680,0.32408762
AT4G32690,0.33171463
AT4G32700,-0.119374834
AT4G32710,-0.2951708
AT4G32714,-1.3371338e-05
AT4G32717,0.0
AT4G32720,0.3475542
AT4G32730,0.10206665
AT4G32750,0.0046247994
AT4G32760,0.12260791
AT4G32770,0.23357965
AT4G32780,-0.045204002
AT4G32790,-0.16811347
AT4G32800,-0.2568308
AT4G32810,0.8416408
AT4G32820,-0.1566114
AT4G32830,0.035278026
AT4G32840,-0.27649915
AT4G32850,-0.02536641
AT4G32860,0.019885777
AT4G32870,0.68339837
AT4G32880,-0.34362748
AT4G32890,-0.30157354
AT4G32900,0.11304969
AT4G32910,0.16775319
AT4G32915,0.056682654
AT4G32920,0.1426213
AT4G32930,0.29412422
AT4G32940,0.30943385
AT4G32950,-0.1112719
AT4G32960,0.17197593
AT4G32970,0.028119909
AT4G32980,-0.3232941
AT4G32990,-0.09896334
AT4G33000,-0.62554693
AT4G33010,-0.60630125
AT4G33020,0.32352343
AT4G33030,0.10773516
AT4G33040,0.8413588
AT4G33050,0.64450765
AT4G33060,0.0096836155
AT4G33070,0.59945637
AT4G33080,-0.1108277
AT4G33090,0.29676276
AT4G33100,0.37339428
AT4G33110,-0.12999707
AT4G33120,-0.011795664
AT4G33130,-0.0003844011
AT4G33140,0.12540217
AT4G33145,0.0010894191
AT4G33150,1.8451744
AT4G33160,0.1461683
AT4G33170,0.053006586
AT4G33180,-0.16190265
AT4G33200,-0.0712344
AT4G33210,0.037499506
AT4G33220,-0.99621224
AT4G33230,0.0048031863
AT4G33240,0.11802036
AT4G33250,0.23375997
AT4G33260,-0.3043242
AT4G33270,-0.39268684
AT4G33280,-0.0027709093
AT4G33290,-0.0051582335
AT4G33300,0.26944178
AT4G33310,0.0068183886
AT4G33320,-0.0051581096
AT4G33330,0.005750918
AT4G33350,0.12977009
AT4G33355,0.0037540318
AT4G33360,0.40558612
AT4G33370,0.058828603
AT4G33380,-0.1643816
AT4G33390,0.0043612896
AT4G33400,-0.13422467
AT4G33410,-0.003773739
AT4G33420,-0.047034033
AT4G33430,0.16567853
AT4G33440,-0.06881098
AT4G33450,0.0077763936
AT4G33460,0.16492075
AT4G33465,0.3705841
AT4G33467,1.233503
AT4G33470,-0.2629611
AT4G33480,-0.030658226
AT4G33490,0.008063743
AT4G33495,0.01135865
AT4G33500,-0.33639142
AT4G33510,0.30080166
AT4G33520,-0.052803826
AT4G33530,-0.06379378
AT4G33540,1.0977818
AT4G33550,0.097900964
AT4G33560,0.21798424
AT4G33565,0.6254575
AT4G33580,-0.09552309
AT4G33585,0.0029624463
AT4G33590,0.0014239727
AT4G33600,-0.00072659383
AT4G33610,0.0039672116
AT4G33620,0.08336398
AT4G33625,-0.13762857
AT4G33630,0.069839515
AT4G33640,0.12643136
AT4G33650,0.30745292
AT4G33660,-0.5599173
AT4G33666,0.06659006
AT4G33670,0.02924932
AT4G33680,-0.09659324
AT4G33690,0.19480099
AT4G33700,0.46690327
AT4G33710,-2.3096118e-05
AT4G33720,0.015813608
AT4G33730,0.005649728
AT4G33740,-0.21966965
AT4G33760,-0.0013928983
AT4G33770,-0.001488081
AT4G33780,0.497317
AT4G33790,-0.33005497
AT4G33800,0.008947507
AT4G33810,0.007328217
AT4G33820,0.0038888012
AT4G33830,5.8361024e-05
AT4G33840,0.01735831
AT4G33860,0.010682494
AT4G33870,-0.0041126795
AT4G33880,-0.018133221
AT4G33885,-3.8787126e-05
AT4G33890,0.09619949
AT4G33900,0.016829636
AT4G33900,0.016829636
AT4G33910,0.15787311
AT4G33920,0.5194102
AT4G33925,0.07920207
AT4G33930,0.282207
AT4G33940,0.06907345
AT4G33950,0.022318708
AT4G33960,0.046231486
AT4G33970,0.00048790665
AT4G33980,0.5696283
AT4G33990,-0.11182988
AT4G34000,-0.19911751
AT4G34020,-0.0033431419
AT4G34030,0.11167721
AT4G34040,0.21518807
AT4G34050,0.1192281
AT4G34060,-0.35595965
AT4G34070,0.12546268
AT4G34080,0.0017436142
AT4G34090,-0.56518024
AT4G34100,0.04717883
AT4G34110,0.14847387
AT4G34120,0.61859554
AT4G34131,1.0837195
AT4G34135,0.96935326
AT4G34138,-0.0319944
AT4G34139,0.030674241
AT4G34140,-0.019531788
AT4G34150,0.43859968
AT4G34160,-0.50333387
AT4G34170,0.0009111173
AT4G34180,0.6934385
AT4G34190,-0.30393565
AT4G34200,1.5531099
AT4G34210,0.17221573
AT4G34215,-0.022648003
AT4G34220,-0.8364499
AT4G34230,1.0498105
AT4G34240,0.07108032
AT4G34250,-0.13593066
AT4G34260,-0.95914054
AT4G34265,0.11789739
AT4G34270,0.1541405
AT4G34280,0.049000476
AT4G34290,-0.15603362
AT4G34300,-0.01376218
AT4G34310,0.18489432
AT4G34320,0.16146803
AT4G34330,0.006743987
AT4G34340,0.15964484
AT4G34345,0.0016290701
AT4G34350,0.10120436
AT4G34360,0.26496696
AT4G34370,0.119033515
AT4G34380,0.7828955
AT4G34390,0.54850245
AT4G34400,0.25350535
AT4G34410,-0.31841516
AT4G34412,0.369313
AT4G34420,-0.15062398
AT4G34430,0.011540318
AT4G34440,-0.008438808
AT4G34450,0.07572554
AT4G34460,0.27832317
AT4G34470,0.059963834
AT4G34480,-0.21949632
AT4G34490,-0.15149692
AT4G34500,-0.02434194
AT4G34510,0.02341379
AT4G34520,-0.00024307363
AT4G34530,-0.46449837
AT4G34540,0.18930788
AT4G34550,0.02510155
AT4G34555,-0.009771334
AT4G34560,-0.48178187
AT4G34570,-0.12396401
AT4G34580,0.054974068
AT4G34590,0.41486773
AT4G34600,-0.1968806
AT4G34610,-0.29692823
AT4G34620,-0.31315833
AT4G34630,0.20363198
AT4G34640,-0.12484904
AT4G34650,-0.35003912
AT4G34660,0.075741336
AT4G34670,0.058360115
AT4G34680,-0.14381717
AT4G34690,-0.005469422
AT4G34700,0.15128951
AT4G34710,1.0239487
AT4G34720,0.11501635
AT4G34730,-0.34769532
AT4G34740,-0.081167005
AT4G34750,-0.19099542
AT4G34760,-0.3588268
AT4G34770,-0.27477375
AT4G34780,1.9599693e-05
AT4G34790,-0.32095286
AT4G34800,-0.024327109
AT4G34810,-0.103533804
AT4G34830,-0.34128028
AT4G34840,0.17054105
AT4G34850,-0.025588911
AT4G34860,0.8410695
AT4G34870,0.2837403
AT4G34880,0.06280265
AT4G34881,0.040047847
AT4G34890,0.47690004
AT4G34900,-0.5532253
AT4G34910,0.08932698
AT4G34920,0.11641075
AT4G34930,-0.018314164
AT4G34940,0.0001908741
AT4G34950,0.43822393
AT4G34960,-0.050800465
AT4G34970,0.015681906
AT4G34980,-0.4613463
AT4G34990,0.13484132
AT4G35000,0.100095995
AT4G35010,0.001901719
AT4G35020,-0.018849662
AT4G35025,0.000114100134
AT4G35030,0.054569226
AT4G35040,0.076694526
AT4G35050,0.10484143
AT4G35060,0.9093218
AT4G35070,0.0020411545
AT4G35080,0.2878254
AT4G35090,-0.22946478
AT4G35100,-0.341297
AT4G35110,0.6176374
AT4G35120,0.025703836
AT4G35130,-0.09764968
AT4G35140,-0.0067308894
AT4G35150,0.002766214
AT4G35160,1.6665206
AT4G35165,0.3574984
AT4G35170,0.71285295
AT4G35180,0.9097667
AT4G35190,0.09465726
AT4G35200,0.02510782
AT4G35210,0.024272712
AT4G35220,0.23705132
AT4G35230,0.39715442
AT4G35240,-0.0053856447
AT4G35250,-0.38439164
AT4G35260,0.5520377
AT4G35270,-0.1596016
AT4G35280,0.0005718804
AT4G35290,-0.111784615
AT4G35295,-0.022960998
AT4G35300,-0.036596283
AT4G35310,0.1854063
AT4G35320,-0.55722916
AT4G35335,-0.13054833
AT4G35350,0.10969822
AT4G35360,0.2278769
AT4G35370,-0.009979864
AT4G35375,7.5256066e-06
AT4G35380,0.3847582
AT4G35390,0.008889009
AT4G35410,0.008023342
AT4G35420,-0.2641571
AT4G35430,0.031124687
AT4G35440,-0.67410064
AT4G35450,-0.18184605
AT4G35460,0.006471907
AT4G35470,-0.381254
AT4G35480,0.5662919
AT4G35485,-0.0029755349
AT4G35490,0.11113742
AT4G35500,0.27611935
AT4G35510,0.045687743
AT4G35519,0.0
AT4G35520,0.12967277
AT4G35530,0.0027016657
AT4G35540,-0.2155943
AT4G35550,-0.086058065
AT4G35560,-0.3118022
AT4G35570,-0.01924629
AT4G35580,0.3046333
AT4G35590,0.11693869
AT4G35600,0.23209597
AT4G35610,0.0
AT4G35620,-0.047950808
AT4G35630,1.5379058
AT4G35640,-0.057533562
AT4G35650,0.0070901746
AT4G35655,-0.074392214
AT4G35660,0.0025433686
AT4G35670,2.1154028e-05
AT4G35680,0.0036198555
AT4G35685,0.043988567
AT4G35690,0.0007690202
AT4G35700,1.5021873e-11
AT4G35710,0.0006879421
AT4G35720,0.12618612
AT4G35725,0.0005045377
AT4G35730,-0.42922202
AT4G35733,0.0032911897
AT4G35740,-0.054143596
AT4G35750,0.4749517
AT4G35760,-0.22320093
AT4G35770,0.1442669
AT4G35780,-0.10883193
AT4G35783,-0.32144153
AT4G35785,0.107048
AT4G35790,0.5113933
AT4G35800,-0.11992701
AT4G35810,0.012730835
AT4G35820,0.000462634
AT4G35830,0.16115496
AT4G35840,-0.05371954
AT4G35850,0.059227284
AT4G35860,0.48172534
AT4G35870,0.036882397
AT4G35880,-0.03115302
AT4G35890,0.31938216
AT4G35900,-0.17191775
AT4G35905,0.086304836
AT4G35910,0.17713228
AT4G35920,-0.5955083
AT4G35930,-0.3829817
AT4G35940,-0.11265322
AT4G35950,-0.30257532
AT4G35970,-0.16886678
AT4G35985,-0.5965083
AT4G35987,-0.11540879
AT4G36000,-0.062423885
AT4G36010,0.31887397
AT4G36020,0.09879652
AT4G36030,0.5943245
AT4G36040,0.48831534
AT4G36050,-0.03740976
AT4G36060,-0.030120842
AT4G36070,0.0075939368
AT4G36080,0.04242806
AT4G36090,0.450538
AT4G36100,-0.016084677
AT4G36105,-0.21387285
AT4G36110,0.31909844
AT4G36120,-0.04405364
AT4G36130,0.069888234
AT4G36140,-0.02692666
AT4G36150,0.33898932
AT4G36160,-0.054420553
AT4G36170,-0.0009894851
AT4G36180,-0.34305468
AT4G36190,-0.17125338
AT4G36195,0.3071942
AT4G36210,0.3444574
AT4G36220,0.39554197
AT4G36230,-0.32194546
AT4G36240,-0.12659681
AT4G36250,-0.23891811
AT4G36260,-0.045796324
AT4G36270,-0.42985305
AT4G36280,-0.49144197
AT4G36290,-0.19797315
AT4G36350,-0.00037647193
AT4G36360,-0.60293627
AT4G36370,0.0
AT4G36380,0.34980214
AT4G36390,0.034784365
AT4G36400,0.37101504
AT4G36410,-0.11404237
AT4G36420,-0.061525602
AT4G36430,0.66893464
AT4G36440,0.122826375
AT4G36450,0.28391692
AT4G36460,-0.0010910115
AT4G36470,-0.16005568
AT4G36480,0.08269398
AT4G36490,-0.013420903
AT4G36500,0.32124484
AT4G36510,0.008693858
AT4G36515,-0.16621277
AT4G36520,-0.077372335
AT4G36530,-0.16399461
AT4G36540,-0.7917156
AT4G36550,0.06644269
AT4G36560,0.0
AT4G36570,-0.70502007
AT4G36580,0.29633605
AT4G36590,-0.0067271045
AT4G36600,-0.052337997
AT4G36610,0.4901896
AT4G36620,-0.03763873
AT4G36630,0.04961031
AT4G36640,0.6671984
AT4G36650,0.072183184
AT4G36660,-0.1634559
AT4G36670,0.080225125
AT4G36680,0.29649726
AT4G36690,-0.06338472
AT4G36700,0.3915779
AT4G36710,0.5262411
AT4G36720,0.63129264
AT4G36730,-0.12668207
AT4G36740,0.0021576022
AT4G36750,0.15668689
AT4G36760,0.5903299
AT4G36770,-0.038960636
AT4G36780,0.35183313
AT4G36790,0.11757135
AT4G36791,0.022654241
AT4G36795,0.081547335
AT4G36800,0.15059061
AT4G36810,-0.035166595
AT4G36820,0.8124698
AT4G36830,0.18558604
AT4G36840,0.109969325
AT4G36850,0.044216633
AT4G36860,-0.041832935
AT4G36870,-0.065169424
AT4G36880,0.30445746
AT4G36890,0.20169315
AT4G36900,0.09774702
AT4G36910,-0.045763306
AT4G36920,0.018128777
AT4G36925,0.008953551
AT4G36930,-0.0807863
AT4G36940,-0.05894173
AT4G36945,0.25259015
AT4G36950,1.1659294
AT4G36960,-0.01952047
AT4G36970,-0.0643281
AT4G36980,-0.18386972
AT4G36990,1.3772167
AT4G37000,-0.14149037
AT4G37010,1.5785935
AT4G37020,-0.036613654
AT4G37022,0.009843246
AT4G37030,0.82101905
AT4G37040,-0.01837235
AT4G37050,-0.0017690987
AT4G37060,0.030245978
AT4G37070,0.11052991
AT4G37080,-0.7011907
AT4G37090,0.23941138
AT4G37095,-0.0020139858
AT4G37100,-0.47706524
AT4G37110,-0.66886044
AT4G37120,0.15622133
AT4G37130,0.10007394
AT4G37140,0.47285748
AT4G37150,1.6427363
AT4G37160,0.029822532
AT4G37170,-0.17633435
AT4G37180,0.3700352
AT4G37190,0.3261416
AT4G37200,0.07026653
AT4G37210,0.2377035
AT4G37220,0.05396931
AT4G37230,-0.0026579245
AT4G37235,0.045832485
AT4G37240,-1.1594366
AT4G37250,-0.3590074
AT4G37260,-0.10047858
AT4G37270,0.029840812
AT4G37280,-0.2519193
AT4G37290,0.8835362
AT4G37295,0.2194688
AT4G37300,-0.06802235
AT4G37310,0.8709813
AT4G37320,1.0298349
AT4G37330,0.03351384
AT4G37340,0.13249671
AT4G37360,0.010001989
AT4G37370,1.4943359
AT4G37380,-0.18609323
AT4G37390,2.1949346
AT4G37400,-0.14488432
AT4G37409,0.026043843
AT4G37410,0.5799649
AT4G37420,0.25849685
AT4G37430,1.7745365
AT4G37435,0.0010714197
AT4G37440,0.0032613117
AT4G37445,-0.071305715
AT4G37450,-0.65177184
AT4G37460,-0.012728556
AT4G37470,-0.044583168
AT4G37480,-0.09514057
AT4G37483,-0.005507208
AT4G37490,0.026793381
AT4G37500,0.00022468514
AT4G37510,-0.21142276
AT4G37520,0.9966426
AT4G37530,0.933558
AT4G37540,0.23423018
AT4G37550,-0.5116411
AT4G37560,-0.29242766
AT4G37580,-0.118595876
AT4G37590,-0.38752773
AT4G37600,0.0
AT4G37610,0.075193316
AT4G37630,-0.17242111
AT4G37640,0.34713927
AT4G37650,-0.21343078
AT4G37660,0.43889832
AT4G37670,0.06415955
AT4G37680,0.27004018
AT4G37682,-0.21389589
AT4G37685,-0.009277534
AT4G37690,-0.209387
AT4G37700,-0.21652849
AT4G37710,0.17483269
AT4G37720,0.018721737
AT4G37730,0.033561844
AT4G37740,-0.33383211
AT4G37750,-0.40067154
AT4G37760,0.1028648
AT4G37770,0.35865653
AT4G37780,0.085359775
AT4G37790,0.07205228
AT4G37800,-1.3161418
AT4G37810,0.05884022
AT4G37820,-0.017689547
AT4G37830,0.2219074
AT4G37840,0.028005991
AT4G37850,0.43031812
AT4G37860,-0.03343989
AT4G37870,0.38257828
AT4G37880,0.2338196
AT4G37890,-0.20864987
AT4G37900,1.0479716
AT4G37910,0.5089622
AT4G37920,-0.20202887
AT4G37925,-0.91667444
AT4G37930,-0.70218337
AT4G37940,0.015769968
AT4G37950,-0.006754593
AT4G37970,0.09432588
AT4G37980,0.36623025
AT4G37990,3.569981
AT4G38000,0.83689725
AT4G38005,0.0006185335
AT4G38010,-0.047988143
AT4G38020,-0.07194766
AT4G38030,0.12918466
AT4G38040,-0.05852625
AT4G38050,-0.25381553
AT4G38060,0.42309758
AT4G38062,-0.18005499
AT4G38065,0.0071865455
AT4G38070,-0.013349335
AT4G38080,-0.026294418
AT4G38090,0.16473022
AT4G38092,-0.07177894
AT4G38100,0.21260345
AT4G38120,-0.12755843
AT4G38130,0.23606585
AT4G38140,0.0047717616
AT4G38150,0.34532127
AT4G38160,-0.4014243
AT4G38170,0.011474145
AT4G38180,0.07968985
AT4G38190,-0.0028842345
AT4G38200,0.012784749
AT4G38210,-0.1091958
AT4G38213,0.006773069
AT4G38220,0.01971996
AT4G38225,0.06634619
AT4G38230,-0.010147485
AT4G38240,0.2311072
AT4G38250,0.27185664
AT4G38260,0.43728742
AT4G38270,0.13657631
AT4G38280,-0.052336838
AT4G38300,-0.09084915
AT4G38310,-0.04672711
AT4G38320,-0.14527337
AT4G38330,-0.3828908
AT4G38340,-0.12524714
AT4G38350,-0.27345544
AT4G38360,0.3795978
AT4G38370,-0.28029418
AT4G38380,0.24349125
AT4G38390,0.04267119
AT4G38400,-0.87257206
AT4G38401,8.595419e-06
AT4G38405,0.0
AT4G38410,0.025242086
AT4G38420,0.03921414
AT4G38430,-0.5815219
AT4G38440,0.13858816
AT4G38460,0.28297204
AT4G38470,0.23457634
AT4G38480,-0.18362255
AT4G38490,0.028218461
AT4G38495,0.20620862
AT4G38500,0.20281568
AT4G38510,0.059546247
AT4G38520,-0.043874633
AT4G38530,-0.3892125
AT4G38540,0.6533855
AT4G38550,-0.1037491
AT4G38560,0.13058123
AT4G38570,-0.18857868
AT4G38580,0.1307097
AT4G38590,-0.029803675
AT4G38600,0.11200802
AT4G38620,0.11682178
AT4G38630,0.5926356
AT4G38640,0.0453711
AT4G38650,-0.025665063
AT4G38660,-0.52082855
AT4G38670,-0.08240104
AT4G38680,-0.020637179
AT4G38690,-0.57406706
AT4G38700,-0.27622762
AT4G38710,0.062293194
AT4G38730,-0.014419258
AT4G38740,0.34873572
AT4G38760,-0.10657781
AT4G38770,-0.6918621
AT4G38775,0.00016346453
AT4G38780,0.20020609
AT4G38781,0.00088902406
AT4G38790,0.4819375
AT4G38800,0.10210275
AT4G38810,0.09909666
AT4G38820,-0.029932432
AT4G38825,-0.2127159
AT4G38830,0.16546088
AT4G38840,-0.30739525
AT4G38850,-0.40953866
AT4G38860,-0.5013735
AT4G38870,0.057339184
AT4G38880,-0.009036636
AT4G38890,0.10696852
AT4G38900,-0.16717938
AT4G38905,0.01611533
AT4G38910,-0.112652004
AT4G38920,0.19358638
AT4G38930,0.3200791
AT4G38940,0.29734334
AT4G38950,-0.88034225
AT4G38960,-0.117564745
AT4G38970,-0.7327339
AT4G38980,0.047281038
AT4G38990,0.0
AT4G39000,0.010529874
AT4G39010,-0.027127957
AT4G39020,0.14269732
AT4G39030,1.2441202
AT4G39040,-0.5198876
AT4G39050,-0.16318862
AT4G39060,0.023357494
AT4G39070,0.015192879
AT4G39080,0.07339404
AT4G39090,0.7359695
AT4G39100,0.06634543
AT4G39110,0.0079076355
AT4G39120,-0.27239966
AT4G39130,-0.00064487965
AT4G39140,0.33046627
AT4G39150,-0.0010728949
AT4G39160,0.049863752
AT4G39170,-0.0046461276
AT4G39180,-0.20756902
AT4G39190,-0.14458837
AT4G39200,-0.028498651
AT4G39210,0.1348856
AT4G39220,0.10403344
AT4G39230,0.63440466
AT4G39235,-0.1357267
AT4G39240,0.0947223
AT4G39250,-0.045216285
AT4G39260,0.30915707
AT4G39270,1.0648766
AT4G39280,0.0050505907
AT4G39290,-0.0011045826
AT4G39300,0.19532421
AT4G39320,-0.15533279
AT4G39330,-1.1734962
AT4G39340,-0.037653726
AT4G39350,-0.5244061
AT4G39360,-0.03744217
AT4G39370,0.26169086
AT4G39380,0.10701422
AT4G39390,0.3319653
AT4G39400,-0.192669
AT4G39403,0.008877039
AT4G39410,-0.18733904
AT4G39420,0.040352065
AT4G39460,-0.21194522
AT4G39470,-0.102415465
AT4G39490,0.00065260206
AT4G39500,0.076803684
AT4G39510,-0.44106516
AT4G39520,0.3359357
AT4G39530,-0.05653645
AT4G39540,0.21989386
AT4G39550,-0.1378136
AT4G39560,-0.14142121
AT4G39570,-0.09398743
AT4G39580,0.54246825
AT4G39590,0.022616882
AT4G39600,-0.3383042
AT4G39610,0.6650706
AT4G39620,-0.18710606
AT4G39630,-0.06300544
AT4G39640,-0.018858163
AT4G39650,0.11863447
AT4G39660,0.22297685
AT4G39670,1.4538273
AT4G39675,0.29379484
AT4G39680,-0.043329522
AT4G39690,0.26513445
AT4G39700,-0.18592049
AT4G39710,-0.71297574
AT4G39720,0.22514962
AT4G39730,0.05859688
AT4G39740,0.59862316
AT4G39745,0.0
AT4G39750,2.0876509e-05
AT4G39753,0.0012045221
AT4G39756,-0.00083812117
AT4G39760,0.00023219992
AT4G39770,-0.59619033
AT4G39780,0.62238437
AT4G39790,-0.12751134
AT4G39795,-0.14682297
AT4G39800,-0.89395195
AT4G39810,-0.054591738
AT4G39820,0.38570014
AT4G39830,1.0933267
AT4G39840,-0.5113351
AT4G39850,0.5350271
AT4G39860,0.01572432
AT4G39870,0.15760574
AT4G39880,0.121280745
AT4G39890,0.0020847637
AT4G39900,-0.46158335
AT4G39910,-0.025456768
AT4G39917,0.0
AT4G39920,0.01933025
AT4G39925,0.041117426
AT4G39930,0.034034874
AT4G39940,0.32085267
AT4G39950,2.1390886
AT4G39952,0.19404614
AT4G39955,0.7669596
AT4G39960,0.025209118
AT4G39970,-0.5107901
AT4G39980,0.8601048
AT4G39990,-0.021399528
AT4G40000,-0.09725934
AT4G40010,0.30785507
AT4G40011,-0.0020446717
AT4G40020,0.6708515
AT4G40030,-0.018408917
AT4G40042,0.27585387
AT4G40045,-0.25020063
AT4G40050,0.09387849
AT4G40060,-0.18953173
AT4G40063,-0.016918253
AT4G40070,-0.12582831
AT4G40080,-0.04760776
AT4G40090,-0.066283844
AT4G40100,-7.349381e-05
AT5G00585,0.0
AT5G01010,0.27682376
AT5G01015,-0.97342974
AT5G01017,-0.018140227
AT5G01020,-0.30399904
AT5G01030,-0.05862416
AT5G01040,-0.31860876
AT5G01050,0.14147048
AT5G01060,-0.007109489
AT5G01070,-0.020448787
AT5G01075,-0.31364268
AT5G01080,0.004313898
AT5G01090,-0.46097004
AT5G01100,0.8218422
AT5G01110,-0.101047374
AT5G01120,-0.014274792
AT5G01130,7.2427924e-06
AT5G01140,0.0
AT5G01150,0.010035081
AT5G01160,0.27701002
AT5G01170,-0.16736174
AT5G01180,-0.029659007
AT5G01190,-0.10273087
AT5G01200,0.10677256
AT5G01210,1.4173479
AT5G01220,-0.09392256
AT5G01225,0.25944796
AT5G01230,0.07577706
AT5G01240,-0.41668904
AT5G01250,0.82544833
AT5G01260,-0.106817506
AT5G01270,0.045734823
AT5G01280,0.012767286
AT5G01290,0.029622633
AT5G01300,0.43380782
AT5G01305,0.00019384768
AT5G01310,0.12084601
AT5G01320,-0.20187245
AT5G01330,-0.046584304
AT5G01340,0.4921284
AT5G01350,0.20726036
AT5G01360,0.02994086
AT5G01370,-0.24719316
AT5G01380,0.598636
AT5G01390,-0.111491755
AT5G01400,0.04434903
AT5G01410,0.15293545
AT5G01420,0.007790622
AT5G01440,0.0
AT5G01445,-0.008029631
AT5G01450,0.5140066
AT5G01460,-0.06887493
AT5G01470,-0.19889624
AT5G01480,-0.014290381
AT5G01490,0.9930711
AT5G01500,0.88242996
AT5G01510,-0.12678908
AT5G01520,0.03765455
AT5G01530,-0.53469104
AT5G01540,0.5510439
AT5G01550,1.6677566
AT5G01560,0.12064458
AT5G01570,-0.08956722
AT5G01580,-0.025379792
AT5G01590,-0.36227444
AT5G01600,0.7078199
AT5G01610,0.4089706
AT5G01620,-0.15058
AT5G01630,0.008447421
AT5G01640,0.6754952
AT5G01650,0.14177606
AT5G01660,-0.13907197
AT5G01670,0.052570272
AT5G01680,-0.0022698978
AT5G01690,0.003539707
AT5G01700,-0.054074593
AT5G01710,0.094017096
AT5G01720,0.40819708
AT5G01730,-0.5572022
AT5G01740,-0.044518996
AT5G01750,-0.26487043
AT5G01760,-0.1871129
AT5G01770,-0.09186264
AT5G01780,-0.08054055
AT5G01790,-0.18122204
AT5G01800,0.35962334
AT5G01810,0.10092791
AT5G01820,0.70569956
AT5G01830,0.67854303
AT5G01840,1.1016313
AT5G01850,1.4194218
AT5G01860,0.004774844
AT5G01870,0.10517143
AT5G01880,-0.010250789
AT5G01881,-0.09501837
AT5G01890,-0.24665555
AT5G01895,0.0033431065
AT5G01900,1.2186904
AT5G01910,-0.034676112
AT5G01920,-0.47825015
AT5G01930,-0.037149332
AT5G01940,0.13063674
AT5G01950,-0.116764404
AT5G01960,0.17919944
AT5G01970,0.008098049
AT5G01980,0.39406568
AT5G01990,0.30733994
AT5G02000,0.005017453
AT5G02010,-0.24005164
AT5G02020,0.06951447
AT5G02030,-0.096170045
AT5G02040,0.62438756
AT5G02050,0.30471113
AT5G02060,-0.039889123
AT5G02065,-0.07215935
AT5G02070,0.02278894
AT5G02080,-0.061282612
AT5G02090,0.21141268
AT5G02100,0.7201261
AT5G02110,-0.02992305
AT5G02120,-0.38023937
AT5G02130,0.14945367
AT5G02140,0.007819286
AT5G02150,0.057315256
AT5G02160,-0.7121956
AT5G02170,0.17139219
AT5G02180,-0.3800733
AT5G02190,-0.20736894
AT5G02200,-0.5646457
AT5G02210,0.0021634616
AT5G02220,-0.0065137106
AT5G02230,-0.016825337
AT5G02240,0.13411906
AT5G02250,-0.22791526
AT5G02260,0.20150602
AT5G02270,0.25944662
AT5G02280,0.047708835
AT5G02290,0.141076
AT5G02310,0.030144908
AT5G02320,0.49134722
AT5G02330,0.0005901491
AT5G02340,0.00049257826
AT5G02350,-0.006072872
AT5G02360,0.0009718423
AT5G02370,-0.17100553
AT5G02380,0.114362456
AT5G02390,-0.01524254
AT5G02400,-0.16413553
AT5G02410,0.21627295
AT5G02420,0.45623592
AT5G02430,-0.088570826
AT5G02440,-0.21068555
AT5G02450,0.024593968
AT5G02460,-0.016802533
AT5G02470,0.036976535
AT5G02480,-0.10283653
AT5G02490,1.0054693
AT5G02500,0.07839319
AT5G02502,0.41091695
AT5G02510,0.004484513
AT5G02520,-0.0532834
AT5G02530,0.16638975
AT5G02540,-0.3427717
AT5G02550,0.07950894
AT5G02560,0.20024101
AT5G02570,0.110120475
AT5G02580,0.7220357
AT5G02590,0.7075632
AT5G02600,0.47103652
AT5G02610,0.07156108
AT5G02620,0.4150612
AT5G02630,0.23980758
AT5G02640,0.0005114955
AT5G02650,-0.015351749
AT5G02660,0.00075023394
AT5G02670,-0.34638563
AT5G02680,-0.07567846
AT5G02690,-0.066174224
AT5G02700,0.00085788453
AT5G02710,-0.2624597
AT5G02720,0.016066229
AT5G02730,0.0020202019
AT5G02740,0.01456384
AT5G02750,-0.048996687
AT5G02760,-0.8865894
AT5G02770,0.1254168
AT5G02780,1.6802051
AT5G02790,0.10504595
AT5G02800,0.00325564
AT5G02810,-0.19934441
AT5G02820,0.42066544
AT5G02830,-0.31007177
AT5G02840,-0.20305271
AT5G02850,0.06251234
AT5G02860,0.031182643
AT5G02870,0.089438304
AT5G02880,0.08601601
AT5G02890,-0.46252546
AT5G02900,0.002314009
AT5G02910,0.030035008
AT5G02920,0.00063676055
AT5G02930,-0.032359123
AT5G02940,-0.2359428
AT5G02950,-0.35113814
AT5G02960,0.0085361805
AT5G02970,-0.24348122
AT5G02980,0.00012527236
AT5G02995,0.0
AT5G03000,0.0018948492
AT5G03010,-0.013732016
AT5G03020,0.115821734
AT5G03030,0.25447267
AT5G03040,-0.3491367
AT5G03050,-0.34926292
AT5G03070,-0.17202495
AT5G03080,0.2143214
AT5G03090,0.010835568
AT5G03100,0.01768236
AT5G03110,-0.015458783
AT5G03120,-1.1706398
AT5G03130,-0.232947
AT5G03140,-0.46354425
AT5G03150,-0.3718705
AT5G03160,0.61825514
AT5G03170,-0.28215677
AT5G03180,-0.15027124
AT5G03190,-0.24811994
AT5G03200,0.4279196
AT5G03204,0.54877704
AT5G03210,1.6940653
AT5G03220,-0.07612256
AT5G03230,0.020600475
AT5G03240,0.43327934
AT5G03250,-0.18928023
AT5G03260,0.17749527
AT5G03270,-0.23888637
AT5G03280,0.012975825
AT5G03290,0.6412717
AT5G03300,-0.16041526
AT5G03310,0.039181706
AT5G03320,0.334563
AT5G03330,0.34303075
AT5G03340,0.58361334
AT5G03345,0.108685486
AT5G03350,1.082159
AT5G03360,-0.00071581546
AT5G03370,0.1560079
AT5G03380,0.38704193
AT5G03390,-0.08771738
AT5G03400,-8.2831924e-05
AT5G03406,-0.07008055
AT5G03415,0.04085825
AT5G03420,-0.09279861
AT5G03430,0.022061374
AT5G03435,-0.19585633
AT5G03440,0.179294
AT5G03450,0.020847084
AT5G03455,0.3001178
AT5G03460,0.52537507
AT5G03470,0.10256578
AT5G03480,0.0059429165
AT5G03490,0.40571398
AT5G03500,0.16384746
AT5G03510,-0.045493014
AT5G03520,-0.089950554
AT5G03530,-0.20891477
AT5G03540,0.07460409
AT5G03545,0.53239095
AT5G03550,0.08055303
AT5G03553,-0.03531781
AT5G03555,-0.002844838
AT5G03560,0.24294971
AT5G03570,0.011817097
AT5G03580,0.00311388
AT5G03590,0.06035618
AT5G03600,0.00633846
AT5G03610,1.2610056
AT5G03620,0.026949115
AT5G03630,0.5563679
AT5G03640,-0.38766888
AT5G03650,-0.19337319
AT5G03660,0.11632829
AT5G03670,-0.16852787
AT5G03680,-0.008218238
AT5G03690,0.00046562642
AT5G03700,-0.07158057
AT5G03710,-0.023995021
AT5G03720,-0.3222471
AT5G03730,0.11274711
AT5G03740,0.1898585
AT5G03750,-7.101147e-05
AT5G03760,-0.6467176
AT5G03770,0.12007694
AT5G03780,-0.25519463
AT5G03790,0.0017420233
AT5G03795,-0.09053382
AT5G03800,-0.088943094
AT5G03810,0.0
AT5G03820,0.002646528
AT5G03830,-0.09226905
AT5G03840,-0.036232624
AT5G03860,-0.037896633
AT5G03870,-0.0935099
AT5G03880,-0.33226287
AT5G03885,0.013039377
AT5G03890,0.17039776
AT5G03900,-0.05103464
AT5G03905,0.6774825
AT5G03910,0.026978565
AT5G03920,0.0014190935
AT5G03930,-0.00029064072
AT5G03940,-0.54208606
AT5G03944,0.0
AT5G03960,-0.16211016
AT5G03970,0.42849162
AT5G03980,-0.000594021
AT5G03990,0.0802856
AT5G03995,-0.13933133
AT5G04000,0.1385431
AT5G04010,0.29351047
AT5G04020,-0.00076629216
AT5G04030,0.0009983964
AT5G04040,0.12098934
AT5G04045,0.0041047833
AT5G04047,0.0
AT5G04050,-0.094247326
AT5G04060,-0.25611082
AT5G04070,0.32424703
AT5G04080,0.32115448
AT5G04090,0.08924812
AT5G04100,0.0
AT5G04120,0.03921194
AT5G04130,-0.0030316706
AT5G04140,-0.60358495
AT5G04150,-0.14998814
AT5G04160,-0.17861612
AT5G04170,0.42306396
AT5G04180,0.008585719
AT5G04190,-0.659639
AT5G04200,0.79848176
AT5G04210,0.032179505
AT5G04220,0.35194412
AT5G04230,-0.47017446
AT5G04238,-0.0009807755
AT5G04240,0.0043331655
AT5G04250,1.0724
AT5G04260,0.26650968
AT5G04267,0.0035574157
AT5G04270,0.040558677
AT5G04280,0.25645798
AT5G04290,-0.06770218
AT5G04310,-0.042291284
AT5G04320,0.017520914
AT5G04330,0.12080546
AT5G04340,1.3242202
AT5G04347,0.0013419095
AT5G04350,-0.00021728722
AT5G04360,-0.4945826
AT5G04370,-0.14022744
AT5G04380,0.17325036
AT5G04390,0.57941854
AT5G04395,0.00028663108
AT5G04400,-0.0005233193
AT5G04410,0.4023261
AT5G04420,-0.025947636
AT5G04430,-0.22065923
AT5G04440,-0.04617703
AT5G04460,0.015786353
AT5G04470,-0.044655614
AT5G04475,-0.012611116
AT5G04480,-0.50759333
AT5G04490,-0.27322006
AT5G04500,-0.004943954
AT5G04510,-0.26592177
AT5G04520,0.3891656
AT5G04530,0.013017709
AT5G04540,0.5594096
AT5G04550,-0.13116342
AT5G04560,-0.11530848
AT5G04590,0.07887746
AT5G04600,0.304523
AT5G04610,0.050959054
AT5G04620,-0.31427008
AT5G04630,0.0011915859
AT5G04640,0.0002758207
AT5G04660,-0.049672306
AT5G04670,-0.13320245
AT5G04680,-0.3196879
AT5G04690,-0.20420805
AT5G04700,-0.20757595
AT5G04710,-0.11507813
AT5G04720,0.13832194
AT5G04730,0.008744076
AT5G04740,0.27796808
AT5G04750,0.70770115
AT5G04760,0.0436956
AT5G04770,0.41684496
AT5G04780,-0.0573205
AT5G04790,-0.0060719163
AT5G04800,0.11663654
AT5G04810,-0.43107265
AT5G04820,-0.3163943
AT5G04830,0.48497802
AT5G04840,0.18923017
AT5G04850,0.27646136
AT5G04853,0.0
AT5G04860,0.32370442
AT5G04870,0.02187365
AT5G04885,-0.088891804
AT5G04890,-0.053303923
AT5G04895,0.15391897
AT5G04900,-0.32940254
AT5G04910,0.43840566
AT5G04920,0.19200034
AT5G04930,0.37526646
AT5G04933,1.7414313e-05
AT5G04937,0.009815473
AT5G04940,-0.034445364
AT5G04950,0.07235983
AT5G04960,0.000958078
AT5G04970,0.0060466565
AT5G04980,0.100206755
AT5G04990,0.18918274
AT5G05000,0.07800111
AT5G05010,0.0013750467
AT5G05020,0.0010894429
AT5G05030,-1.0447726e-05
AT5G05040,0.00016814398
AT5G05050,0.0
AT5G05060,0.04297517
AT5G05070,0.0066706524
AT5G05080,0.067766674
AT5G05085,0.027386129
AT5G05090,0.024010886
AT5G05100,0.29539454
AT5G05110,0.65520203
AT5G05113,-0.0011733121
AT5G05120,2.3023022e-05
AT5G05130,-0.009916054
AT5G05140,0.2501699
AT5G05150,0.03425329
AT5G05160,-0.3371753
AT5G05170,-0.30558205
AT5G05180,-0.3835481
AT5G05190,0.10532175
AT5G05200,0.0874701
AT5G05210,0.1254209
AT5G05220,0.3808418
AT5G05230,0.07324807
AT5G05240,-0.082654625
AT5G05250,-0.38481036
AT5G05260,-0.0008724808
AT5G05270,-0.32159555
AT5G05280,0.004312404
AT5G05285,5.6772667e-05
AT5G05290,0.0022165077
AT5G05300,0.55295354
AT5G05310,0.06200239
AT5G05320,0.22452831
AT5G05330,-0.2681215
AT5G05340,2.9530094
AT5G05350,0.059672378
AT5G05360,0.20527333
AT5G05365,-0.12291156
AT5G05370,0.6789441
AT5G05380,0.3102672
AT5G05390,0.28932455
AT5G05400,-0.15701997
AT5G05410,0.85779476
AT5G05420,-0.10344841
AT5G05430,-0.009915578
AT5G05440,0.18524763
AT5G05450,-0.083858505
AT5G05460,0.5191318
AT5G05470,0.1178432
AT5G05480,0.061092615
AT5G05490,-0.16621575
AT5G05500,0.0135066165
AT5G05510,-0.1139607
AT5G05520,0.3711531
AT5G05530,0.18110538
AT5G05540,0.024703616
AT5G05550,-0.08972112
AT5G05560,0.011207934
AT5G05570,-0.07918925
AT5G05580,-0.5016317
AT5G05590,0.79823977
AT5G05598,0.0
AT5G05600,0.9189367
AT5G05610,0.06414269
AT5G05620,-0.24222739
AT5G05630,0.008674513
AT5G05635,-0.0076554604
AT5G05640,0.115179114
AT5G05650,-2.7571119e-05
AT5G05653,-0.0063116294
AT5G05657,0.0006667119
AT5G05660,0.0039003596
AT5G05670,0.16084956
AT5G05675,0.0051042084
AT5G05680,0.23957677
AT5G05690,-0.07615731
AT5G05700,0.17960101
AT5G05710,0.10450052
AT5G05720,0.0024983208
AT5G05730,1.64335
AT5G05735,0.005818483
AT5G05740,-0.5728588
AT5G05750,0.10683205
AT5G05760,0.2275459
AT5G05770,0.020346012
AT5G05780,0.4166235
AT5G05790,-0.12581903
AT5G05800,-0.07594852
AT5G05810,-0.08593696
AT5G05820,-0.05951169
AT5G05825,0.0
AT5G05830,-0.33274227
AT5G05840,-0.044072837
AT5G05850,0.26371935
AT5G05860,-0.2634291
AT5G05870,-0.07807144
AT5G05880,-0.015759626
AT5G05890,-0.28694078
AT5G05900,0.00342212
AT5G05910,-0.0010089801
AT5G05920,0.2364834
AT5G05930,0.26070064
AT5G05940,-0.16460058
AT5G05950,0.14816011
AT5G05960,-0.564859
AT5G05965,-0.06858653
AT5G05970,-0.19626854
AT5G05980,0.07073174
AT5G05987,0.5091854
AT5G05990,-0.112895235
AT5G06000,-0.052378416
AT5G06010,0.00017469925
AT5G06020,0.0
AT5G06030,0.0
AT5G06040,0.0
AT5G06043,-0.0013386384
AT5G06050,-0.310742
AT5G06060,-0.16293886
AT5G06070,0.00087434624
AT5G06080,-0.0041770446
AT5G06090,0.3521302
AT5G06100,0.1771634
AT5G06110,0.4804312
AT5G06120,-0.050380267
AT5G06130,0.08533586
AT5G06140,0.10403896
AT5G06150,-0.12066165
AT5G06160,0.008377857
AT5G06170,-0.00027059118
AT5G06180,-0.06372788
AT5G06190,0.40296766
AT5G06200,-0.06929719
AT5G06210,0.13554774
AT5G06220,-0.20353901
AT5G06230,1.0506076
AT5G06240,0.28744626
AT5G06250,0.30740762
AT5G06260,0.36970937
AT5G06265,-0.2861674
AT5G06270,-0.36426523
AT5G06280,0.03311333
AT5G06290,-0.39617124
AT5G06300,-0.11578609
AT5G06310,-0.056806006
AT5G06320,0.6860679
AT5G06330,0.06189383
AT5G06340,-0.023508208
AT5G06350,-0.025877774
AT5G06360,0.34487596
AT5G06370,0.40717506
AT5G06380,-0.022909286
AT5G06390,-0.44169828
AT5G06400,-0.020357046
AT5G06410,0.33194605
AT5G06420,0.24900328
AT5G06430,0.09188656
AT5G06440,-0.09701638
AT5G06450,0.3692681
AT5G06460,0.09582802
AT5G06470,-0.35097182
AT5G06480,-0.000121802266
AT5G06490,0.06083467
AT5G06500,0.005448399
AT5G06510,-0.29987353
AT5G06520,-0.04762317
AT5G06530,0.06874568
AT5G06540,-0.17755878
AT5G06550,0.3562254
AT5G06560,-0.05940737
AT5G06570,0.23646946
AT5G06580,0.044434715
AT5G06590,0.15599793
AT5G06600,0.12385005
AT5G06610,-0.012437162
AT5G06620,-0.011699038
AT5G06630,-6.022095e-05
AT5G06640,0.021581637
AT5G06645,0.0009952895
AT5G06650,0.006290066
AT5G06660,0.13609102
AT5G06670,-0.44503963
AT5G06680,-0.03816571
AT5G06690,-0.0696836
AT5G06700,-0.4882722
AT5G06710,-0.30933857
AT5G06720,-0.045915723
AT5G06730,0.46147645
AT5G06740,0.33209708
AT5G06750,0.6504737
AT5G06755,0.014297178
AT5G06760,1.2191005
AT5G06770,-0.07731378
AT5G06780,0.09116055
AT5G06790,-0.43178302
AT5G06800,-0.36643445
AT5G06810,0.35157147
AT5G06811,0.10690264
AT5G06820,-0.010324807
AT5G06830,0.042251587
AT5G06839,0.25249782
AT5G06850,-0.10430157
AT5G06860,1.0650129
AT5G06870,0.49435416
AT5G06890,-0.0057082106
AT5G06900,0.0046700137
AT5G06905,-0.0004009313
AT5G06910,0.04721928
AT5G06920,-7.122692e-05
AT5G06930,-0.34957728
AT5G06940,-0.051179763
AT5G06950,0.00932387
AT5G06960,0.27931944
AT5G06970,-0.22907391
AT5G06980,-0.3936127
AT5G06990,-0.15772441
AT5G07000,-0.3513771
AT5G07010,2.3063505
AT5G07020,-0.30037937
AT5G07030,-0.3314596
AT5G07040,0.02885714
AT5G07050,-7.147499e-05
AT5G07060,0.03895445
AT5G07070,-0.055897824
AT5G07080,0.13766022
AT5G07090,-0.14327681
AT5G07100,-0.011859782
AT5G07110,-0.4548673
AT5G07120,0.04634828
AT5G07130,0.079678506
AT5G07140,-0.19495352
AT5G07150,0.06929635
AT5G07160,9.072915e-06
AT5G07165,0.06524581
AT5G07170,-0.00020777227
AT5G07175,-0.00030828247
AT5G07180,-0.19421168
AT5G07190,0.02619161
AT5G07200,0.020842744
AT5G07210,0.00987975
AT5G07220,0.30724907
AT5G07225,0.0
AT5G07230,-0.0006152192
AT5G07240,-0.1893526
AT5G07250,-0.3214605
AT5G07260,0.0034728271
AT5G07270,-0.01994603
AT5G07280,0.31679204
AT5G07290,0.11182583
AT5G07300,0.027904699
AT5G07310,0.5726736
AT5G07320,-0.16033758
AT5G07330,-0.008286079
AT5G07340,0.23291661
AT5G07350,0.27197525
AT5G07360,0.33932763
AT5G07370,0.035468835
AT5G07380,-0.03735805
AT5G07390,0.021055974
AT5G07400,0.12628156
AT5G07410,0.0036943066
AT5G07420,0.0011685037
AT5G07430,0.036840342
AT5G07440,1.8550781
AT5G07450,0.0049434043
AT5G07460,0.00030762018
AT5G07470,0.45064065
AT5G07475,0.09386354
AT5G07480,0.007632195
AT5G07490,0.0021829747
AT5G07500,0.020338867
AT5G07510,0.10190847
AT5G07520,-0.04138647
AT5G07530,0.002597082
AT5G07540,1.7387516e-05
AT5G07545,0.0
AT5G07550,0.05172842
AT5G07560,-0.03573141
AT5G07570,0.00546039
AT5G07571,-0.03813398
AT5G07572,-0.02770838
AT5G07580,-0.34978864
AT5G07590,-0.28741887
AT5G07600,0.0013538755
AT5G07610,0.22857639
AT5G07620,-0.16902065
AT5G07630,-0.11344272
AT5G07640,-0.035969798
AT5G07645,0.0
AT5G07650,0.572041
AT5G07660,-0.044945933
AT5G07670,-0.13052808
AT5G07680,0.38989407
AT5G07690,-0.9319162
AT5G07700,-0.49093094
AT5G07710,0.12877323
AT5G07720,-0.104281485
AT5G07730,0.3816741
AT5G07740,0.13944283
AT5G07760,-0.06949455
AT5G07765,0.0
AT5G07770,0.2798365
AT5G07780,0.19229159
AT5G07790,-0.08757099
AT5G07800,-0.032966435
AT5G07810,-0.19334899
AT5G07820,-0.14993978
AT5G07830,0.26157102
AT5G07840,-0.1569442
AT5G07850,0.0
AT5G07860,-0.22196521
AT5G07870,-0.13341445
AT5G07880,0.06901102
AT5G07890,-0.07733873
AT5G07900,-0.109091505
AT5G07910,0.34597299
AT5G07920,0.17277533
AT5G07930,0.0003762778
AT5G07940,0.06519756
AT5G07950,0.2620583
AT5G07960,0.34358865
AT5G07970,0.04639891
AT5G07980,0.029286837
AT5G07990,-0.19340271
AT5G08000,-0.08269491
AT5G08005,0.0018744066
AT5G08010,-0.14473923
AT5G08020,-0.0095398845
AT5G08030,-0.2575676
AT5G08040,0.103761815
AT5G08050,-0.51764935
AT5G08055,-0.00077409734
AT5G08060,0.36206996
AT5G08070,-0.12666439
AT5G08080,0.009571661
AT5G08090,0.00044900773
AT5G08100,0.044948384
AT5G08110,-0.11116868
AT5G08120,-0.15568238
AT5G08130,-0.08095894
AT5G08139,0.218947
AT5G08141,-0.020002527
AT5G08150,-0.21802565
AT5G08160,0.33809227
AT5G08170,0.13625108
AT5G08180,0.11153679
AT5G08190,0.15579075
AT5G08200,0.15661721
AT5G08230,-0.11063138
AT5G08240,0.07871036
AT5G08250,0.13614693
AT5G08260,-0.6727736
AT5G08270,-0.123175174
AT5G08280,-0.23200725
AT5G08290,0.1906798
AT5G08300,0.61644185
AT5G08305,0.15184514
AT5G08310,-0.06354114
AT5G08315,0.0013240182
AT5G08320,0.058720827
AT5G08330,-0.6213907
AT5G08335,0.10589992
AT5G08340,-0.003664457
AT5G08350,0.093344495
AT5G08360,0.14299518
AT5G08370,-0.093655914
AT5G08380,0.6144621
AT5G08390,-0.17448089
AT5G08391,-0.056133073
AT5G08400,-0.12301783
AT5G08410,0.11631028
AT5G08415,-0.17805193
AT5G08420,-0.12044492
AT5G08430,-0.26931038
AT5G08440,-0.0378765
AT5G08450,0.05881056
AT5G08460,-0.0017357991
AT5G08470,0.0076440726
AT5G08480,-0.039057583
AT5G08490,-0.19385414
AT5G08500,-0.015388085
AT5G08505,1.3995973e-05
AT5G08510,0.07872691
AT5G08520,-0.14343154
AT5G08530,0.14042465
AT5G08535,0.24005729
AT5G08540,0.004862166
AT5G08550,0.21331127
AT5G08560,0.36892766
AT5G08565,0.41267812
AT5G08570,0.19916797
AT5G08580,-0.12797636
AT5G08590,-0.0137098245
AT5G08600,-0.32756847
AT5G08610,0.08188169
AT5G08620,0.19219981
AT5G08630,0.05552454
AT5G08640,0.1764895
AT5G08650,-0.26070306
AT5G08660,0.39180693
AT5G08670,0.19492924
AT5G08680,0.34555832
AT5G08690,0.26852486
AT5G08695,0.0017423158
AT5G08710,-0.05433905
AT5G08720,-0.6422159
AT5G08730,-0.003161913
AT5G08740,-0.13279818
AT5G08750,0.5763114
AT5G08760,-0.017467488
AT5G08770,-0.2142421
AT5G08780,-0.23357856
AT5G08790,1.161712
AT5G09210,0.014209671
AT5G09220,-0.060482178
AT5G09225,0.15446946
AT5G09230,-0.032302156
AT5G09240,-0.544562
AT5G09250,0.029477471
AT5G09260,0.18864574
AT5G09270,0.23960683
AT5G09280,-0.0010085731
AT5G09290,0.858546
AT5G09300,0.33579394
AT5G09310,0.22162896
AT5G09320,0.004075252
AT5G09330,0.5754099
AT5G09340,0.0
AT5G09350,-0.036913306
AT5G09360,-0.00013462237
AT5G09370,0.09120032
AT5G09380,0.056830924
AT5G09390,0.21236543
AT5G09400,0.18744458
AT5G09410,-0.22824177
AT5G09420,0.75586575
AT5G09430,0.053779177
AT5G09440,0.8764406
AT5G09445,0.063483655
AT5G09450,0.10519994
AT5G09460,-0.27966025
AT5G09470,0.62434584
AT5G09480,0.07866239
AT5G09490,-0.0013122694
AT5G09500,0.028097842
AT5G09510,0.14245152
AT5G09520,0.37455523
AT5G09530,0.7168815
AT5G09540,-0.03748542
AT5G09550,0.0005924979
AT5G09560,3.597067e-05
AT5G09570,0.65611905
AT5G09580,-0.017702006
AT5G09590,0.6236249
AT5G09600,-0.06365816
AT5G09610,0.057316154
AT5G09620,0.5223259
AT5G09630,0.1588731
AT5G09640,-0.041749038
AT5G09650,0.01095167
AT5G09660,-0.78481174
AT5G09670,-0.12655847
AT5G09680,0.4455556
AT5G09690,-0.0545983
AT5G09700,-0.021587584
AT5G09710,0.0
AT5G09711,-0.0016210178
AT5G09720,0.0043359636
AT5G09730,-0.3885169
AT5G09740,0.036307376
AT5G09750,-0.01853594
AT5G09760,-0.58105516
AT5G09770,0.04440604
AT5G09780,-0.008770825
AT5G09790,0.004626036
AT5G09800,0.52242756
AT5G09805,-0.21439075
AT5G09810,0.25304675
AT5G09820,-0.5154187
AT5G09830,0.210381
AT5G09840,0.009598419
AT5G09850,-0.024043215
AT5G09860,-0.04919835
AT5G09870,-0.31805637
AT5G09876,0.049762413
AT5G09880,0.039487045
AT5G09890,0.17988472
AT5G09900,0.49515173
AT5G09910,-0.0047989534
AT5G09920,0.19587936
AT5G09930,0.11585457
AT5G09940,-0.0006411774
AT5G09950,-0.14823748
AT5G09960,-0.19423024
AT5G09970,0.02893808
AT5G09976,-0.11565225
AT5G09978,0.055245206
AT5G09980,0.15880772
AT5G09990,-0.039567117
AT5G09995,-0.23547377
AT5G10000,9.2613656e-05
AT5G10010,0.095720395
AT5G10020,-0.14794518
AT5G10030,0.007251516
AT5G10040,0.02683648
AT5G10050,0.041918974
AT5G10060,-0.12434599
AT5G10070,0.12494966
AT5G10080,-0.27790397
AT5G10090,-0.025827764
AT5G10100,-0.29905486
AT5G10110,0.059423808
AT5G10120,0.014713601
AT5G10130,-0.0046506594
AT5G10140,-0.6230597
AT5G10150,-0.7013142
AT5G10160,-0.13245264
AT5G10170,-1.2941213
AT5G10180,-0.67865604
AT5G10190,0.09748361
AT5G10200,-0.17399788
AT5G10210,0.012794256
AT5G10220,0.007714968
AT5G10230,-0.029488472
AT5G10240,-0.2715734
AT5G10250,-0.5211813
AT5G10260,-0.34934002
AT5G10270,0.08012226
AT5G10280,0.03867854
AT5G10290,0.18842696
AT5G10300,1.0917666
AT5G10310,-0.2627056
AT5G10320,-0.18402532
AT5G10330,-0.20539778
AT5G10336,-0.057402622
AT5G10340,-0.0013940585
AT5G10350,0.1468765
AT5G10360,0.04878751
AT5G10370,0.044804145
AT5G10380,0.33900684
AT5G10410,0.32150573
AT5G10420,0.0033919036
AT5G10430,-0.51306796
AT5G10435,0.00065631064
AT5G10440,0.10469301
AT5G10450,0.025649028
AT5G10460,0.10364965
AT5G10470,-0.43243578
AT5G10480,-0.50787777
AT5G10490,0.26372153
AT5G10500,-0.008859421
AT5G10510,-0.13858148
AT5G10520,0.38845068
AT5G10530,-0.14220795
AT5G10540,-0.091324024
AT5G10550,-0.12310232
AT5G10560,-0.15057153
AT5G10570,-0.45305127
AT5G10580,0.019196333
AT5G10590,-8.940951e-06
AT5G10600,0.19021824
AT5G10605,-0.4408951
AT5G10610,0.3216523
AT5G10620,-0.21921086
AT5G10625,2.0937047
AT5G10650,0.5080459
AT5G10660,0.116882704
AT5G10680,-0.020585047
AT5G10690,-0.5405659
AT5G10695,0.30387512
AT5G10700,0.116159335
AT5G10710,0.19396928
AT5G10720,-0.060767546
AT5G10730,0.4557689
AT5G10740,0.39442417
AT5G10745,0.06654448
AT5G10750,0.09078194
AT5G10760,0.8597699
AT5G10770,-0.3746262
AT5G10780,0.53548574
AT5G10790,0.45169428
AT5G10800,-0.15835595
AT5G10810,0.16179042
AT5G10820,0.267868
AT5G10830,0.108862564
AT5G10840,0.48081484
AT5G10860,0.36836267
AT5G10870,0.06419488
AT5G10880,0.0049321344
AT5G10890,0.016403493
AT5G10900,-0.036420967
AT5G10910,-0.1042044
AT5G10920,-0.058853414
AT5G10930,-0.0337633
AT5G10940,0.060108293
AT5G10946,0.08410376
AT5G10950,0.05901771
AT5G10960,0.06699328
AT5G10970,-0.059373956
AT5G10990,0.021672681
AT5G11000,-0.042434048
AT5G11010,0.10406552
AT5G11020,-0.21217266
AT5G11030,0.29692292
AT5G11040,0.06509827
AT5G11050,0.0027954136
AT5G11060,0.47974336
AT5G11070,-1.1808512
AT5G11080,-0.0043536904
AT5G11090,0.099346906
AT5G11100,-0.13449879
AT5G11110,0.36045948
AT5G11130,0.00033563233
AT5G11140,0.14576133
AT5G11150,0.0034329551
AT5G11160,-0.29498002
AT5G11170,0.21363918
AT5G11180,0.0019971295
AT5G11190,0.1783423
AT5G11200,0.3705568
AT5G11210,2.0246544
AT5G11220,0.0017820054
AT5G11230,0.49802342
AT5G11240,0.35802335
AT5G11250,-0.16690288
AT5G11260,0.8631227
AT5G11270,-0.1856851
AT5G11280,0.16405106
AT5G11290,0.067360125
AT5G11300,-0.115041845
AT5G11310,0.05841516
AT5G11320,0.14464128
AT5G11330,-0.10942064
AT5G11340,0.34557876
AT5G11350,-0.020964319
AT5G11360,0.00083463546
AT5G11370,0.001624013
AT5G11380,-0.13859136
AT5G11390,0.17743835
AT5G11400,0.0015181568
AT5G11410,0.038814235
AT5G11412,-0.032323726
AT5G11416,0.001166776
AT5G11420,-0.7874353
AT5G11425,0.0004532125
AT5G11430,0.02514464
AT5G11440,0.0063553886
AT5G11450,-0.1470692
AT5G11460,0.030045524
AT5G11470,-0.21709621
AT5G11480,-0.2360335
AT5G11490,0.087088056
AT5G11500,0.18330899
AT5G11510,0.015209649
AT5G11520,1.2309562
AT5G11530,0.13962603
AT5G11540,-0.08189314
AT5G11550,-0.53291655
AT5G11560,0.21861874
AT5G11565,0.0
AT5G11570,-0.0024294977
AT5G11580,-0.16418736
AT5G11590,0.0065880944
AT5G11600,0.23865578
AT5G11610,0.119778484
AT5G11620,-0.031537842
AT5G11630,0.3448603
AT5G11640,-0.033016626
AT5G11650,0.12873241
AT5G11660,0.0
AT5G11670,0.013396053
AT5G11680,0.11319634
AT5G11690,-0.45433667
AT5G11700,0.0043972484
AT5G11710,-0.09061994
AT5G11720,0.03217647
AT5G11730,0.22182891
AT5G11740,-0.35273427
AT5G11750,-0.18723673
AT5G11760,0.23600644
AT5G11770,0.45090768
AT5G11780,-0.06909005
AT5G11790,-0.41038325
AT5G11800,-0.060719658
AT5G11810,0.29351297
AT5G11820,0.0008315563
AT5G11830,-0.0006337384
AT5G11840,0.11426467
AT5G11850,0.23945436
AT5G11860,0.62968326
AT5G11870,0.3619469
AT5G11880,0.010430412
AT5G11890,-0.20931262
AT5G11900,0.2708326
AT5G11910,0.16591358
AT5G11920,0.46901757
AT5G11930,0.07999066
AT5G11940,0.001823378
AT5G11950,0.40345526
AT5G11960,0.36291412
AT5G11970,0.11161401
AT5G11975,0.010293894
AT5G11980,0.09245013
AT5G11990,-0.13030939
AT5G12000,0.029114902
AT5G12010,0.64332694
AT5G12020,1.621963
AT5G12030,1.7267034
AT5G12040,0.15249716
AT5G12043,-0.00015287653
AT5G12050,-0.7406567
AT5G12060,9.545207e-06
AT5G12070,0.0
AT5G12080,-0.20365773
AT5G12090,0.0
AT5G12100,-0.03837401
AT5G12110,-0.36767098
AT5G12120,0.3108042
AT5G12130,0.07472224
AT5G12140,-0.26739928
AT5G12150,-0.42648757
AT5G12170,0.5118393
AT5G12180,0.031951383
AT5G12190,0.3607988
AT5G12200,0.30136105
AT5G12210,0.22049716
AT5G12220,0.081815846
AT5G12230,0.08625694
AT5G12235,-0.021049507
AT5G12236,-0.0017813024
AT5G12240,0.12584046
AT5G12250,-0.53136665
AT5G12260,-0.08955383
AT5G12270,0.007222026
AT5G12280,-0.0018861922
AT5G12290,0.32493818
AT5G12300,0.32699466
AT5G12310,0.16657758
AT5G12320,0.040193114
AT5G12330,0.2879504
AT5G12340,1.6184105
AT5G12350,0.1138456
AT5G12360,-0.10715494
AT5G12365,0.0
AT5G12370,0.014375454
AT5G12380,0.04382217
AT5G12390,0.5598581
AT5G12400,0.07871476
AT5G12410,0.096571095
AT5G12420,0.27482513
AT5G12430,-0.013507143
AT5G12440,-0.37276894
AT5G12450,0.0014205681
AT5G12460,0.0023888107
AT5G12470,-0.060304046
AT5G12480,0.02000289
AT5G12840,-0.045556616
AT5G12850,-0.106524475
AT5G12860,-0.07422691
AT5G12870,0.01659119
AT5G12880,0.12448321
AT5G12890,0.36815837
AT5G12900,-0.6998076
AT5G12910,0.000490035
AT5G12920,-0.047409017
AT5G12930,1.254519
AT5G12940,-0.8874997
AT5G12950,-0.090787955
AT5G12960,0.0063658007
AT5G12970,0.009056818
AT5G12980,-0.030080961
AT5G12990,-0.0020860895
AT5G13000,-0.47188526
AT5G13010,0.06668377
AT5G13020,0.27636087
AT5G13030,0.43959522
AT5G13050,0.22701712
AT5G13060,-0.100991555
AT5G13070,0.37962282
AT5G13080,2.339428
AT5G13090,-0.44799075
AT5G13100,-0.3090659
AT5G13110,0.35589832
AT5G13120,-0.2600324
AT5G13130,0.0033042207
AT5G13140,-1.0759629
AT5G13150,0.011251286
AT5G13160,0.09129426
AT5G13170,1.1231285
AT5G13180,0.30442515
AT5G13181,0.028441874
AT5G13190,0.10063747
AT5G13200,0.4285575
AT5G13210,0.16461918
AT5G13220,1.6289449
AT5G13230,0.03707436
AT5G13240,-0.033614922
AT5G13250,-0.17707102
AT5G13260,0.008583596
AT5G13270,-0.027996227
AT5G13280,0.08934109
AT5G13290,-0.22152965
AT5G13295,-4.0509836e-05
AT5G13300,-0.124552324
AT5G13310,0.4661858
AT5G13320,2.108676
AT5G13330,1.4352365
AT5G13340,0.020417836
AT5G13350,0.0013517118
AT5G13360,0.0555625
AT5G13370,0.7510433
AT5G13380,-0.00047722197
AT5G13390,-0.000732026
AT5G13400,-0.84702665
AT5G13410,-0.33663604
AT5G13420,0.66666555
AT5G13430,0.4635988
AT5G13440,0.38119343
AT5G13450,0.22340818
AT5G13460,-0.49004498
AT5G13470,0.16247743
AT5G13480,0.08216302
AT5G13490,1.4549588
AT5G13500,0.28591767
AT5G13510,-0.25535566
AT5G13520,-0.1759051
AT5G13530,0.02593287
AT5G13550,0.8350797
AT5G13560,0.03216218
AT5G13565,0.013689603
AT5G13570,0.013290364
AT5G13580,0.73043495
AT5G13590,-0.18037565
AT5G13600,0.0029783053
AT5G13610,0.047912233
AT5G13620,0.00109338
AT5G13630,-0.61836773
AT5G13640,-0.093419895
AT5G13650,-0.22220919
AT5G13660,-0.18695883
AT5G13670,0.0016403378
AT5G13680,0.11241711
AT5G13690,-0.3340785
AT5G13700,0.26282415
AT5G13710,0.081561185
AT5G13720,0.057159714
AT5G13730,-0.28475815
AT5G13740,0.108479224
AT5G13750,1.1140691
AT5G13760,0.24027848
AT5G13770,-0.75468796
AT5G13780,0.2973318
AT5G13790,-0.0044232355
AT5G13800,0.5030316
AT5G13810,0.3062076
AT5G13820,1.235987
AT5G13825,0.0033771524
AT5G13830,0.13814175
AT5G13840,-0.15833236
AT5G13850,0.15146509
AT5G13860,0.4542497
AT5G13870,-0.11640572
AT5G13880,0.055230327
AT5G13890,0.24595918
AT5G13900,0.1419759
AT5G13910,-0.00475409
AT5G13920,-0.2696372
AT5G13930,-0.035030793
AT5G13940,0.017015707
AT5G13950,-0.051775094
AT5G13960,0.12983869
AT5G13970,0.29024273
AT5G13980,-0.39975196
AT5G13990,-0.06696593
AT5G14000,0.272285
AT5G14010,0.00049009506
AT5G14020,0.03445183
AT5G14030,0.32210758
AT5G14040,0.3026498
AT5G14050,0.13489427
AT5G14060,-0.5567517
AT5G14070,-0.09028386
AT5G14080,0.027678318
AT5G14090,-0.48837948
AT5G14100,-0.36201358
AT5G14105,0.44381872
AT5G14110,-0.055566344
AT5G14120,0.13875642
AT5G14130,0.1419024
AT5G14140,0.10758435
AT5G14150,0.010842517
AT5G14160,0.0059581106
AT5G14170,0.20970483
AT5G14180,1.5942994
AT5G14200,-0.3339066
AT5G14210,-0.5110575
AT5G14220,-0.1662889
AT5G14230,-0.27977532
AT5G14240,0.17166127
AT5G14250,0.43103072
AT5G14260,-0.24986884
AT5G14270,0.17396085
AT5G14275,-2.7574859e-05
AT5G14280,-0.18267763
AT5G14285,0.2566379
AT5G14290,-0.0006237096
AT5G14300,0.00052250345
AT5G14310,0.27328968
AT5G14320,-0.55204713
AT5G14330,-0.02407791
AT5G14340,0.02838615
AT5G14345,-0.0002217241
AT5G14360,-0.31016657
AT5G14370,-0.24918687
AT5G14380,0.10542544
AT5G14390,0.19116753
AT5G14400,-0.02452421
AT5G14410,-0.04829891
AT5G14420,0.39552087
AT5G14430,-0.13111554
AT5G14440,0.09943403
AT5G14450,-0.15171607
AT5G14460,-0.14084418
AT5G14470,0.5625022
AT5G14480,0.19604427
AT5G14490,0.21435022
AT5G14500,0.00033359285
AT5G14510,0.18307485
AT5G14515,-0.003901275
AT5G14520,0.23036204
AT5G14530,0.19239858
AT5G14540,0.31908306
AT5G14550,0.058257263
AT5G14560,1.1161921e-05
AT5G14570,0.05744827
AT5G14580,0.024693443
AT5G14590,0.28054976
AT5G14600,0.13417496
AT5G14602,-0.002443831
AT5G14610,-0.53649634
AT5G14620,-0.051170167
AT5G14640,0.22175868
AT5G14650,0.34952822
AT5G14660,-0.382376
AT5G14670,0.008544121
AT5G14680,0.1596009
AT5G14690,-0.032807052
AT5G14700,0.47008547
AT5G14710,0.1857568
AT5G14720,-0.15116523
AT5G14730,0.66492456
AT5G14740,-1.0404673
AT5G14750,0.006632971
AT5G14760,0.22690374
AT5G14770,-0.03170909
AT5G14780,0.6256563
AT5G14790,0.06529677
AT5G14800,0.48097274
AT5G14820,-0.0986108
AT5G14850,-0.1389966
AT5G14860,0.029422062
AT5G14870,-0.034776267
AT5G14880,-0.02066653
AT5G14890,0.075653404
AT5G14895,0.034376074
AT5G14900,0.00638843
AT5G14910,-0.3953842
AT5G14920,-0.25435036
AT5G14930,0.24268292
AT5G14940,0.07155221
AT5G14950,0.1680678
AT5G14960,0.15775959
AT5G14970,-0.2929639
AT5G14980,0.004164012
AT5G14990,0.011253254
AT5G14995,0.0
AT5G15000,0.0
AT5G15008,9.190053e-05
AT5G15010,-0.16392538
AT5G15020,-0.094949916
AT5G15025,0.044933002
AT5G15030,-0.00052996585
AT5G15040,0.00073669705
AT5G15050,-0.23995283
AT5G15060,0.0018800433
AT5G15070,-0.32706133
AT5G15080,0.27930793
AT5G15090,0.33641163
AT5G15100,0.0032164697
AT5G15110,0.00016314644
AT5G15120,-0.124969386
AT5G15130,0.9073862
AT5G15140,-0.01392136
AT5G15150,-0.121180944
AT5G15160,-0.49672666
AT5G15170,-0.20252566
AT5G15180,0.015879123
AT5G15190,0.58637106
AT5G15200,0.10877459
AT5G15210,-0.23391798
AT5G15220,-0.2042378
AT5G15230,-0.64261204
AT5G15240,0.5137906
AT5G15250,0.07011168
AT5G15260,0.31922352
AT5G15265,0.046043973
AT5G15270,0.03044087
AT5G15280,-0.2949793
AT5G15290,-0.018321488
AT5G15300,-0.052487366
AT5G15310,-0.63884896
AT5G15320,0.15957278
AT5G15330,-0.1311621
AT5G15340,-0.12809077
AT5G15350,-0.65169984
AT5G15360,-0.003738307
AT5G15380,0.0051167244
AT5G15390,-0.32891122
AT5G15400,0.18160623
AT5G15410,0.1263899
AT5G15420,-0.03362323
AT5G15430,-0.07803416
AT5G15440,-0.071575336
AT5G15450,0.02588644
AT5G15460,-0.027745467
AT5G15470,0.20566896
AT5G15480,0.09155371
AT5G15490,0.69983256
AT5G15500,0.13801412
AT5G15510,-0.04849394
AT5G15520,-0.08983477
AT5G15530,-0.21070465
AT5G15533,0.0003039431
AT5G15537,-0.08784559
AT5G15540,0.099308036
AT5G15550,0.56457436
AT5G15560,0.00013555674
AT5G15570,-0.04097077
AT5G15580,-0.7212611
AT5G15581,-0.010178803
AT5G15600,-0.37152132
AT5G15610,0.0028350705
AT5G15620,0.002402073
AT5G15630,0.24465036
AT5G15640,0.7720536
AT5G15650,0.4681146
AT5G15660,0.12404806
AT5G15670,-0.0007683037
AT5G15680,0.020978168
AT5G15685,0.0012054647
AT5G15690,0.00020372315
AT5G15700,0.04091227
AT5G15710,0.14990334
AT5G15720,0.0073703825
AT5G15725,0.0077603557
AT5G15730,0.109430805
AT5G15740,-0.23019648
AT5G15745,0.0006860479
AT5G15750,0.30962974
AT5G15760,0.04969808
AT5G15770,-0.05755244
AT5G15780,-0.97950864
AT5G15790,-0.30143294
AT5G15800,-0.267012
AT5G15802,0.0074775144
AT5G15810,0.11327318
AT5G15820,0.071014106
AT5G15830,-0.32279292
AT5G15840,-0.053561933
AT5G15843,0.0012950762
AT5G15850,-0.0042058956
AT5G15853,0.058694165
AT5G15860,0.18812896
AT5G15870,0.45531964
AT5G15880,0.131668
AT5G15890,0.013082951
AT5G15900,-0.14420508
AT5G15910,0.022825073
AT5G15920,-0.09703765
AT5G15930,-0.13235462
AT5G15940,-0.035542063
AT5G15950,0.15213096
AT5G15960,0.13033801
AT5G15970,0.019641813
AT5G15980,0.17370507
AT5G16000,-0.6242755
AT5G16010,0.15758948
AT5G16020,0.11373834
AT5G16023,-0.15154515
AT5G16030,-1.5359129
AT5G16040,-0.087771185
AT5G16050,0.3877784
AT5G16060,0.19789946
AT5G16070,0.0076770135
AT5G16080,0.7923202
AT5G16090,0.026437405
AT5G16100,0.0015536385
AT5G16110,0.20308556
AT5G16120,0.371941
AT5G16130,-0.03895077
AT5G16140,-0.29881632
AT5G16150,0.2829824
AT5G16160,0.15636879
AT5G16170,0.59229076
AT5G16180,-0.16963334
AT5G16190,-0.24069881
AT5G16200,-0.19385488
AT5G16210,-0.08744218
AT5G16220,0.041595187
AT5G16230,0.20048161
AT5G16240,-0.53840786
AT5G16250,-0.48680642
AT5G16260,-0.004878145
AT5G16270,0.045089733
AT5G16280,-0.07766435
AT5G16285,6.8441426e-05
AT5G16290,-0.00093595864
AT5G16300,0.11383963
AT5G16310,-0.02115475
AT5G16320,0.23910594
AT5G16330,0.08960998
AT5G16340,-0.09593559
AT5G16350,-0.12678322
AT5G16360,0.8746686
AT5G16370,0.20895451
AT5G16380,0.46371287
AT5G16390,-0.56144476
AT5G16400,-0.57445854
AT5G16410,-0.008137293
AT5G16420,-0.028498715
AT5G16430,0.0001385132
AT5G16440,0.34391677
AT5G16450,0.80087
AT5G16453,0.0047831447
AT5G16460,0.005289932
AT5G16470,0.24631123
AT5G16480,-0.1009747
AT5G16486,0.0029701148
AT5G16490,0.0100579085
AT5G16500,-0.0007156833
AT5G16510,0.4420873
AT5G16520,0.24458154
AT5G16530,-0.32388422
AT5G16540,-0.4051765
AT5G16550,0.028607158
AT5G16560,-0.11726449
AT5G16570,0.015916018
AT5G16580,0.00046580547
AT5G16590,-0.81786686
AT5G16600,-0.34706908
AT5G16610,-0.12943211
AT5G16620,-0.07015382
AT5G16630,-0.060984027
AT5G16640,-0.076340646
AT5G16650,-0.10527409
AT5G16660,0.10077124
AT5G16680,0.06881655
AT5G16690,0.1930226
AT5G16700,0.00062105374
AT5G16710,-0.380829
AT5G16715,-0.4909235
AT5G16720,-0.39552584
AT5G16730,-0.19843331
AT5G16740,-0.019781742
AT5G16750,0.4012862
AT5G16760,0.22923996
AT5G16770,-0.003986815
AT5G16780,0.0029172224
AT5G16790,-0.21053766
AT5G16800,0.11044434
AT5G16810,-0.41350028
AT5G16820,-0.020935703
AT5G16830,-0.050739452
AT5G16840,0.15255031
AT5G16850,0.00713278
AT5G16860,0.12546702
AT5G16870,-0.06714236
AT5G16880,0.5830589
AT5G16890,-0.09461689
AT5G16900,0.088159375
AT5G16910,0.56272715
AT5G16920,0.012902366
AT5G16930,0.3914832
AT5G16940,-0.13017261
AT5G16950,0.50087905
AT5G16960,0.53983885
AT5G16970,1.1364176
AT5G16980,0.52084005
AT5G16990,-0.07796241
AT5G17000,0.2798235
AT5G17010,0.29414865
AT5G17020,0.19270307
AT5G17030,0.009711512
AT5G17040,0.015801402
AT5G17050,0.11204396
AT5G17060,0.42287955
AT5G17070,0.03929196
AT5G17080,8.693094e-06
AT5G17090,-0.006689788
AT5G17100,-0.0021391762
AT5G17110,-0.00059491105
AT5G17120,-1.979328e-05
AT5G17130,1.5862326e-05
AT5G17140,0.0
AT5G17150,-0.046806466
AT5G17160,-0.26341242
AT5G17165,-0.08821187
AT5G17167,0.00043358712
AT5G17170,-0.43382668
AT5G17180,0.0010353175
AT5G17190,0.5769236
AT5G17200,-0.00038414894
AT5G17210,-0.033824358
AT5G17220,-0.030395713
AT5G17230,-0.49387982
AT5G17240,-0.088447355
AT5G17250,-0.11476922
AT5G17260,-0.08529802
AT5G17270,0.043858293
AT5G17280,0.60767514
AT5G17290,0.17937183
AT5G17300,-0.22370034
AT5G17305,0.001440093
AT5G17310,-0.4255185
AT5G17320,-9.448526e-05
AT5G17330,1.2128651
AT5G17340,0.010429621
AT5G17345,-0.0006548911
AT5G17350,0.41957322
AT5G17360,0.0075915116
AT5G17370,0.08019332
AT5G17380,1.2962847
AT5G17390,0.9184903
AT5G17400,-0.05057211
AT5G17410,-0.20460811
AT5G17420,0.042323273
AT5G17430,0.018765973
AT5G17440,-0.012091463
AT5G17450,0.66804445
AT5G17460,0.7812656
AT5G17470,0.002014088
AT5G17480,0.0003648057
AT5G17490,0.41379574
AT5G17500,0.026863039
AT5G17510,0.04298731
AT5G17520,-0.031862658
AT5G17522,-0.050077848
AT5G17523,-0.000483583
AT5G17530,0.006629665
AT5G17540,-0.04352135
AT5G17550,0.39462614
AT5G17560,0.059853304
AT5G17570,0.07673772
AT5G17580,-0.29978064
AT5G17590,0.0034024345
AT5G17600,-0.41730666
AT5G17610,0.19234218
AT5G17620,-0.12036293
AT5G17630,-0.03529023
AT5G17640,0.3623582
AT5G17650,0.7361081
AT5G17660,-0.33701864
AT5G17670,-0.43999204
AT5G17680,-0.014547088
AT5G17690,0.24723096
AT5G17700,-0.16437273
AT5G17710,-0.15642568
AT5G17720,-0.0012990342
AT5G17730,0.0
AT5G17740,-0.00034748914
AT5G17750,0.0008132437
AT5G17760,1.2328602
AT5G17770,0.38967025
AT5G17780,0.18850857
AT5G17790,-0.11913759
AT5G17800,0.0030698287
AT5G17810,0.00101163
AT5G17820,0.008594443
AT5G17830,-0.10612597
AT5G17840,0.0281146
AT5G17847,-0.0031772484
AT5G17850,0.18944196
AT5G17860,1.2130964
AT5G17870,-0.45808607
AT5G17880,0.05751851
AT5G17890,-0.10146057
AT5G17900,0.16502693
AT5G17910,-0.022058679
AT5G17920,-0.02099681
AT5G17930,-0.014453571
AT5G17950,-1.5136225e-05
AT5G17960,-0.0026527045
AT5G17970,0.0121917445
AT5G17980,-0.37949648
AT5G17990,1.2237403
AT5G18000,-0.003891314
AT5G18010,-0.3047014
AT5G18020,-0.5949885
AT5G18030,-0.51702416
AT5G18037,0.00051198795
AT5G18040,0.14320226
AT5G18050,-0.34869555
AT5G18060,-0.47690615
AT5G18065,0.24214792
AT5G18070,0.41499883
AT5G18080,-0.7618721
AT5G18090,0.0021187798
AT5G18100,-0.27067804
AT5G18110,0.39986092
AT5G18120,0.0028680456
AT5G18130,0.67788225
AT5G18140,-0.06057375
AT5G18150,0.0045584603
AT5G18160,-0.0004796865
AT5G18170,-0.057395432
AT5G18180,0.1935076
AT5G18190,0.0060302755
AT5G18200,0.26311412
AT5G18210,-0.05067738
AT5G18220,-0.015880482
AT5G18230,-0.022477664
AT5G18240,-0.06728084
AT5G18250,0.18820216
AT5G18260,-0.19154638
AT5G18270,1.4793742
AT5G18280,-0.06038647
AT5G18290,0.02634372
AT5G18300,-0.05897469
AT5G18310,0.27599558
AT5G18320,0.06848973
AT5G18330,0.0017992868
AT5G18340,-0.3686347
AT5G18350,0.3649094
AT5G18360,-0.14320773
AT5G18370,0.086363986
AT5G18380,0.10515335
AT5G18390,0.3331968
AT5G18400,0.4150089
AT5G18403,0.00022378037
AT5G18404,-0.13934292
AT5G18407,-0.031690266
AT5G18410,-0.3320739
AT5G18420,0.34711915
AT5G18430,-0.172292
AT5G18440,0.17027326
AT5G18450,-0.009563212
AT5G18460,-0.45140976
AT5G18470,0.3815792
AT5G18475,-0.18188414
AT5G18480,0.42486873
AT5G18490,0.47539377
AT5G18500,-0.27988902
AT5G18510,0.027664417
AT5G18520,0.1723751
AT5G18525,0.32416484
AT5G18540,0.2725691
AT5G18550,0.13097739
AT5G18560,0.008199871
AT5G18570,-0.4472849
AT5G18580,0.00081632263
AT5G18590,-0.033462938
AT5G18600,-0.16257814
AT5G18610,0.08656007
AT5G18620,0.0065224306
AT5G18630,-0.1282778
AT5G18636,0.12956049
AT5G18640,-0.04310712
AT5G18650,-0.09253674
AT5G18660,-0.7485715
AT5G18661,0.0652201
AT5G18670,-0.12680459
AT5G18680,0.16451535
AT5G18690,-0.48733518
AT5G18700,-0.43236953
AT5G18705,0.0020685734
AT5G18710,-0.05081068
AT5G18720,0.004182817
AT5G18730,-0.0113191325
AT5G18735,-0.00035128128
AT5G18740,-0.045222197
AT5G18748,0.00062139507
AT5G18750,0.24056299
AT5G18760,0.13810387
AT5G18770,-0.10923989
AT5G18780,0.6762224
AT5G18800,0.37420273
AT5G18810,0.1758377
AT5G18820,0.06831591
AT5G18830,0.05680791
AT5G18840,-0.015499529
AT5G18850,0.18821807
AT5G18860,-0.07959201
AT5G18870,0.0030305192
AT5G18880,0.00018568164
AT5G18890,-0.00039512882
AT5G18900,0.5168767
AT5G18910,0.0021031427
AT5G18920,-0.009119777
AT5G18930,-0.30786493
AT5G18933,0.0004968401
AT5G18937,-0.005102224
AT5G18940,0.06671222
AT5G18950,0.13448764
AT5G18960,-0.09838023
AT5G18970,-0.29290652
AT5G18980,0.008189379
AT5G18990,0.0030301984
AT5G19000,0.39295092
AT5G19010,-0.16098723
AT5G19020,-0.106175795
AT5G19025,0.051855702
AT5G19030,0.2226147
AT5G19040,-0.041077342
AT5G19050,0.36203426
AT5G19060,-0.108622886
AT5G19070,0.09270095
AT5G19080,0.15667973
AT5G19090,-0.49436265
AT5G19100,0.12922259
AT5G19110,0.6991079
AT5G19120,0.34424827
AT5G19130,0.09210313
AT5G19140,0.34582227
AT5G19150,0.13295557
AT5G19151,0.12823716
AT5G19160,-0.04538978
AT5G19170,-0.06231846
AT5G19172,0.00014583376
AT5G19175,0.0
AT5G19180,0.11686742
AT5G19190,-0.70812094
AT5G19200,0.31279653
AT5G19210,-0.33264953
AT5G19220,-0.44204357
AT5G19230,1.0954322
AT5G19240,0.19786097
AT5G19250,0.14699218
AT5G19260,-0.48382488
AT5G19270,-0.0012263923
AT5G19280,0.064713955
AT5G19290,-0.344766
AT5G19300,0.15709133
AT5G19310,-0.073022164
AT5G19315,-0.000413065
AT5G19320,0.2519413
AT5G19330,0.096088514
AT5G19340,0.01737459
AT5G19350,0.1795757
AT5G19360,-0.010391934
AT5G19370,-0.05111595
AT5G19380,0.016663423
AT5G19390,-0.5857097
AT5G19400,0.30629057
AT5G19410,0.09140956
AT5G19420,0.14628571
AT5G19430,-0.022237908
AT5G19440,1.1654226
AT5G19450,0.37391225
AT5G19460,-0.13750732
AT5G19470,-0.32858622
AT5G19473,0.010571836
AT5G19480,-0.036559634
AT5G19485,0.5702736
AT5G19490,0.163366
AT5G19500,-0.3860523
AT5G19510,0.22871096
AT5G19520,-0.07194402
AT5G19530,-0.1587295
AT5G19540,0.12197722
AT5G19550,0.994437
AT5G19560,-0.0035412738
AT5G19570,0.025864908
AT5G19580,-0.42292
AT5G19590,0.32682234
AT5G19595,0.0011694888
AT5G19600,-0.0060534943
AT5G19610,0.0005340868
AT5G19620,-0.15643972
AT5G19630,0.1192257
AT5G19633,-0.00019093663
AT5G19640,1.8434072e-05
AT5G19650,0.03395367
AT5G19660,0.04947222
AT5G19670,-0.18693376
AT5G19675,-0.0005316993
AT5G19680,0.18758532
AT5G19690,0.2740874
AT5G19700,-0.0064398344
AT5G19710,0.0
AT5G19720,0.023828277
AT5G19730,-0.22605157
AT5G19740,-0.49390528
AT5G19750,0.33560663
AT5G19760,-0.027043534
AT5G19770,-0.2367202
AT5G19780,-0.00021921867
AT5G19790,0.004494612
AT5G19800,0.00290232
AT5G19810,-0.08123173
AT5G19820,-0.08996492
AT5G19830,-0.061847016
AT5G19840,0.048660293
AT5G19850,0.1937881
AT5G19855,0.5113873
AT5G19860,0.40291867
AT5G19870,0.012792536
AT5G19875,0.12400745
AT5G19880,0.7283013
AT5G19890,1.0701269
AT5G19900,-0.14219692
AT5G19910,0.23285517
AT5G19920,-0.130134
AT5G19930,0.35340747
AT5G19940,-0.54214674
AT5G19950,0.22332513
AT5G19960,0.22592224
AT5G19970,0.038332924
AT5G19980,0.47271866
AT5G19990,0.30258876
AT5G20000,0.9213975
AT5G20010,0.10572848
AT5G20020,0.5137004
AT5G20030,-0.087158486
AT5G20040,-0.08996234
AT5G20045,3.7575905e-05
AT5G20050,0.2180256
AT5G20060,-0.12080842
AT5G20070,-0.003953101
AT5G20080,0.30827525
AT5G20090,0.40088347
AT5G20100,0.003971617
AT5G20110,0.021243723
AT5G20120,0.12737611
AT5G20130,0.16019535
AT5G20140,-0.31723592
AT5G20150,0.51894116
AT5G20160,0.3126682
AT5G20165,0.2540187
AT5G20170,-0.014009183
AT5G20180,0.2797005
AT5G20190,0.07785102
AT5G20200,-0.021609383
AT5G20220,-0.36951426
AT5G20230,1.7069688
AT5G20240,0.2601858
AT5G20250,0.5333374
AT5G20260,0.019525712
AT5G20270,-0.8946961
AT5G20280,0.22196928
AT5G20290,0.03849726
AT5G20300,0.22589613
AT5G20310,0.001443998
AT5G20320,-0.119096234
AT5G20330,0.0028809553
AT5G20340,0.0
AT5G20350,0.09611594
AT5G20360,-0.1116645
AT5G20370,0.015829254
AT5G20380,0.29327565
AT5G20390,-1.2887097e-05
AT5G20400,0.25133342
AT5G20410,-0.26673895
AT5G20420,-0.035598967
AT5G20430,0.0034447447
AT5G20440,2.0327421e-05
AT5G20447,0.0
AT5G20450,-0.1562601
AT5G20460,0.0
AT5G20470,0.0032337098
AT5G20480,0.6033822
AT5G20490,-0.13855928
AT5G20500,0.18148437
AT5G20510,-0.06812417
AT5G20520,0.17401466
AT5G20540,-0.2541356
AT5G20550,0.017974567
AT5G20560,0.0012156251
AT5G20570,0.4481327
AT5G20580,-0.024913449
AT5G20590,-0.11308851
AT5G20600,0.14218786
AT5G20610,0.0397396
AT5G20620,0.4991743
AT5G20630,-0.445828
AT5G20635,-0.22498165
AT5G20640,-0.091501415
AT5G20650,0.36358544
AT5G20655,0.0
AT5G20670,-0.19116324
AT5G20680,0.104246706
AT5G20690,-0.015324241
AT5G20700,0.18105888
AT5G20710,-0.079512626
AT5G20720,0.019028239
AT5G20730,0.15894407
AT5G20740,-0.4090259
AT5G20790,0.4371374
AT5G20810,0.21920823
AT5G20820,-0.11542141
AT5G20830,1.6515322
AT5G20840,-0.12580599
AT5G20850,0.08466205
AT5G20860,0.16018596
AT5G20870,-0.07701972
AT5G20885,-0.451847
AT5G20890,0.11722759
AT5G20900,0.31734768
AT5G20910,0.89598846
AT5G20920,0.23997968
AT5G20930,0.119411446
AT5G20935,-0.25080234
AT5G20940,0.9182524
AT5G20950,0.49291605
AT5G20960,0.9697149
AT5G20970,-0.18616772
AT5G20980,-0.011196512
AT5G20990,0.15300351
AT5G20995,0.0023025405
AT5G21010,0.13638511
AT5G21020,0.19061685
AT5G21030,0.06121604
AT5G21040,0.0928768
AT5G21050,0.003266271
AT5G21060,-0.11083272
AT5G21070,0.21956147
AT5G21080,-0.012373839
AT5G21090,0.2611726
AT5G21100,-0.4677984
AT5G21105,0.3328092
AT5G21120,-3.8773065e-05
AT5G21125,0.0
AT5G21130,-0.0047243093
AT5G21140,0.13235813
AT5G21150,-0.01547484
AT5G21160,0.012514477
AT5G21170,-0.08383099
AT5G21222,-0.6051458
AT5G21274,0.17790745
AT5G21280,0.19000678
AT5G21326,0.029377477
AT5G21430,-1.0751878
AT5G21482,0.12843087
AT5G21900,0.58184177
AT5G21910,0.008648653
AT5G21920,-0.6047719
AT5G21930,-0.77659327
AT5G21940,0.22240604
AT5G21950,-0.12993422
AT5G21960,-0.12127461
AT5G21970,0.04210285
AT5G21990,0.12251208
AT5G22000,0.2827707
AT5G22010,-0.029234456
AT5G22020,0.028885206
AT5G22030,0.007498085
AT5G22040,0.04765152
AT5G22050,-0.35144114
AT5G22060,0.62365055
AT5G22070,0.11509464
AT5G22080,0.32443863
AT5G22090,-0.12623225
AT5G22100,0.4864384
AT5G22110,0.049096216
AT5G22120,0.34101933
AT5G22130,0.15601113
AT5G22140,0.3584822
AT5G22145,0.0015890821
AT5G22150,-0.00594339
AT5G22160,0.0
AT5G22170,-0.00037506505
AT5G22180,0.0
AT5G22190,-0.0001920262
AT5G22200,0.105299555
AT5G22210,0.04894378
AT5G22220,0.2108342
AT5G22240,-0.06234804
AT5G22250,0.5393316
AT5G22260,-0.0048878933
AT5G22270,0.38969952
AT5G22280,0.22395122
AT5G22290,0.26699555
AT5G22300,1.4098322
AT5G22310,-0.2434468
AT5G22320,0.09923228
AT5G22330,0.16409135
AT5G22340,-0.5022635
AT5G22350,0.46837673
AT5G22355,0.0064385408
AT5G22360,0.28662428
AT5G22370,0.10366118
AT5G22380,0.17050748
AT5G22390,-0.34630886
AT5G22400,-0.053002678
AT5G22410,0.029054066
AT5G22420,0.00015670777
AT5G22430,0.0041001514
AT5G22440,-0.10447097
AT5G22450,0.014294358
AT5G22460,-0.6743597
AT5G22470,-0.010884565
AT5G22480,0.59878594
AT5G22490,-0.008073745
AT5G22500,0.5104762
AT5G22505,6.712159e-05
AT5G22510,-0.03682582
AT5G22520,0.37487778
AT5G22530,0.70693904
AT5G22540,0.8450762
AT5G22545,0.8799336
AT5G22550,0.16209699
AT5G22555,0.014220735
AT5G22560,0.14633086
AT5G22570,1.1835412
AT5G22580,-0.8048599
AT5G22590,0.0
AT5G22600,-1.0971867e-06
AT5G22608,0.12547861
AT5G22610,-0.002086156
AT5G22620,-0.5321528
AT5G22630,0.5851322
AT5G22640,-0.59217703
AT5G22650,0.26384357
AT5G22660,-0.00035471687
AT5G22670,-0.009033374
AT5G22680,-0.027255012
AT5G22690,-0.27831182
AT5G22700,-0.13896483
AT5G22720,0.0036593007
AT5G22730,0.13181967
AT5G22740,-0.19852951
AT5G22750,-0.08055679
AT5G22760,-0.025512733
AT5G22765,-0.0007918746
AT5G22770,0.11180698
AT5G22780,0.18906264
AT5G22785,3.558805e-05
AT5G22790,0.14310826
AT5G22791,-0.0004181483
AT5G22794,-0.21341905
AT5G22796,-0.092870906
AT5G22799,-0.16333961
AT5G22800,-0.30950585
AT5G22810,-0.0052962936
AT5G22820,-0.00869736
AT5G22830,-0.09957329
AT5G22840,0.13802025
AT5G22850,0.35549635
AT5G22860,0.6416871
AT5G22870,-0.075594604
AT5G22875,0.015784437
AT5G22880,-0.29672432
AT5G22890,0.019633397
AT5G22900,0.0
AT5G22910,0.0030597923
AT5G22920,0.049571794
AT5G22930,-0.16568011
AT5G22940,-0.41783047
AT5G22950,0.18036304
AT5G22960,-7.518054e-06
AT5G22970,7.582468e-05
AT5G22980,-1.7217493e-05
AT5G22990,6.789203e-05
AT5G23000,0.46229106
AT5G23010,-0.5750084
AT5G23020,-0.41953167
AT5G23030,-0.0051578814
AT5G23035,0.0001271782
AT5G23040,0.050725322
AT5G23050,0.5075614
AT5G23060,-0.92359656
AT5G23070,0.11883994
AT5G23080,0.06295196
AT5G23090,0.11606265
AT5G23100,-0.45420504
AT5G23110,-0.014705393
AT5G23120,-0.3833169
AT5G23130,-0.21650873
AT5G23140,0.22767475
AT5G23150,0.16133955
AT5G23160,0.4151007
AT5G23170,-0.14501625
AT5G23180,6.8688285e-05
AT5G23190,0.28446364
AT5G23200,-0.05014701
AT5G23210,-0.5211492
AT5G23212,-0.00018042402
AT5G23220,0.0120302485
AT5G23230,0.22298229
AT5G23240,0.5661331
AT5G23250,0.26127836
AT5G23260,0.0015621444
AT5G23270,0.0018579912
AT5G23280,-0.4150312
AT5G23290,0.17207022
AT5G23300,0.19672716
AT5G23310,0.058692515
AT5G23320,0.18051888
AT5G23330,0.21994855
AT5G23340,0.45978093
AT5G23350,-0.11163057
AT5G23360,-0.4370642
AT5G23370,-0.24070485
AT5G23380,0.031718925
AT5G23390,0.20305452
AT5G23395,0.12598449
AT5G23400,-0.24050215
AT5G23405,0.13515277
AT5G23411,0.025981786
AT5G23420,-0.17003094
AT5G23430,-0.03295262
AT5G23440,0.034925796
AT5G23450,0.029276736
AT5G23460,-0.24227366
AT5G23470,0.0013415866
AT5G23480,-0.35745665
AT5G23490,0.27890104
AT5G23510,-0.009549745
AT5G23520,0.27893156
AT5G23530,0.13669148
AT5G23535,0.19440268
AT5G23540,0.75727046
AT5G23550,0.03937488
AT5G23570,-0.19437228
AT5G23575,0.33481565
AT5G23580,0.45042077
AT5G23590,0.4157555
AT5G23600,-0.060738534
AT5G23610,0.16074967
AT5G23630,0.22234727
AT5G23650,2.5415942e-05
AT5G23660,0.67475
AT5G23670,-0.031551883
AT5G23680,0.014051008
AT5G23690,-0.12704445
AT5G23700,0.13084611
AT5G23710,0.29317313
AT5G23720,-0.076251246
AT5G23730,-0.15829879
AT5G23740,0.006808672
AT5G23750,-0.47003132
AT5G23760,-0.11994157
AT5G23770,-0.2581841
AT5G23780,-0.059347674
AT5G23790,0.01804297
AT5G23800,-0.2339374
AT5G23810,0.07360958
AT5G23820,0.90723974
AT5G23830,0.11230878
AT5G23840,0.033444915
AT5G23850,0.3921136
AT5G23860,-0.5469921
AT5G23870,-0.16696148
AT5G23880,-0.016419694
AT5G23890,-0.011202677
AT5G23900,-0.016879715
AT5G23903,0.00037302426
AT5G23908,0.0
AT5G23910,-0.22821037
AT5G23920,-0.13014962
AT5G23930,-0.009890594
AT5G23940,-0.16076994
AT5G23950,0.7304875
AT5G23960,0.0038404604
AT5G23970,0.0027877036
AT5G23980,-0.06337544
AT5G23990,-0.026046637
AT5G24000,-0.18156497
AT5G24010,-0.11478865
AT5G24020,0.14285451
AT5G24030,-0.07008544
AT5G24040,0.03864891
AT5G24050,0.011823988
AT5G24060,0.046990365
AT5G24070,-0.0052229473
AT5G24080,1.3051226
AT5G24090,0.7953182
AT5G24100,0.00389816
AT5G24105,-0.460015
AT5G24110,-0.14166164
AT5G24120,-0.030032052
AT5G24130,-0.008789632
AT5G24140,0.53989166
AT5G24150,0.6274609
AT5G24155,-0.21593517
AT5G24160,0.5585553
AT5G24165,-0.18666378
AT5G24170,0.086023286
AT5G24180,0.0063262987
AT5G24190,0.23167606
AT5G24200,2.367743
AT5G24210,0.710142
AT5G24215,0.015933564
AT5G24220,0.0064136162
AT5G24230,0.26895332
AT5G24240,0.0437402
AT5G24260,0.38505256
AT5G24270,-0.009468836
AT5G24275,0.0046649016
AT5G24280,0.16384779
AT5G24290,0.30262002
AT5G24300,-0.4694923
AT5G24310,-0.1575005
AT5G24313,0.0075584254
AT5G24314,-0.39874157
AT5G24316,0.024013707
AT5G24318,-0.094446965
AT5G24320,0.07423727
AT5G24330,-0.044878293
AT5G24340,-0.098430775
AT5G24350,-0.051275495
AT5G24352,0.21506499
AT5G24355,0.0013756388
AT5G24360,0.18456143
AT5G24370,0.0077571273
AT5G24380,0.16575702
AT5G24390,-0.17807798
AT5G24400,0.08827021
AT5G24410,-0.00071609265
AT5G24420,0.0468459
AT5G24430,0.41380474
AT5G24440,2.1098392e-06
AT5G24450,0.07214757
AT5G24460,0.1922589
AT5G24470,0.5957126
AT5G24480,0.002044503
AT5G24490,-0.5031353
AT5G24500,0.17227124
AT5G24510,-0.018264782
AT5G24520,0.12782033
AT5G24530,0.7515047
AT5G24540,0.42802358
AT5G24550,0.034800235
AT5G24560,-0.0017826656
AT5G24570,0.32420257
AT5G24580,-0.87838644
AT5G24590,0.31118318
AT5G24600,0.47280103
AT5G24610,0.08315127
AT5G24620,-0.16829728
AT5G24630,0.10377649
AT5G24640,0.7826753
AT5G24650,0.17114076
AT5G24655,0.24525593
AT5G24660,-0.3223325
AT5G24670,-0.006291558
AT5G24680,0.1349314
AT5G24690,-0.009733714
AT5G24710,-0.034741174
AT5G24740,-0.06810567
AT5G24750,-0.25230825
AT5G24760,0.8044311
AT5G24770,1.6096474
AT5G24780,1.2385173
AT5G24790,-0.0010485246
AT5G24800,0.03173323
AT5G24810,0.11996952
AT5G24820,0.15607342
AT5G24830,-0.13000365
AT5G24840,0.11125027
AT5G24850,-0.062057614
AT5G24860,0.391991
AT5G24870,0.2251868
AT5G24879,6.5096465e-05
AT5G24880,0.03267344
AT5G24890,-0.030469982
AT5G24900,-0.008712114
AT5G24910,1.2843144
AT5G24920,-0.14960912
AT5G24930,-0.2411467
AT5G24940,-0.00014255405
AT5G24950,0.00025417117
AT5G24960,-0.007792735
AT5G24970,0.12506124
AT5G24980,0.41993925
AT5G24990,-0.19764835
AT5G25000,0.0023201623
AT5G25010,0.019561782
AT5G25020,-0.03090457
AT5G25030,0.0
AT5G25040,4.535005e-05
AT5G25050,0.0037499862
AT5G25060,0.009001123
AT5G25070,0.09523215
AT5G25080,0.022407807
AT5G25090,-0.21265247
AT5G25100,-0.12773602
AT5G25110,-0.0020163918
AT5G25120,0.12718928
AT5G25130,-0.14158098
AT5G25140,-0.2422662
AT5G25150,0.017807148
AT5G25160,0.005562006
AT5G25170,-0.03254185
AT5G25180,0.16505007
AT5G25190,-1.3259544
AT5G25195,0.0
AT5G25200,0.0033396338
AT5G25210,0.0061247433
AT5G25220,0.11980264
AT5G25230,0.26389214
AT5G25240,-0.22853537
AT5G25250,1.6562971
AT5G25260,1.2076185
AT5G25265,0.11828633
AT5G25270,0.13691731
AT5G25280,0.021672284
AT5G25290,0.010246588
AT5G25300,9.248371e-05
AT5G25310,-0.012959926
AT5G25320,0.0029599327
AT5G25330,0.0012841924
AT5G25340,-0.0064764777
AT5G25350,0.2770028
AT5G25360,0.07775502
AT5G25370,-0.18507548
AT5G25380,-0.071938016
AT5G25390,-0.15154321
AT5G25400,0.00013348443
AT5G25410,1.4366747e-05
AT5G25415,-0.00046973568
AT5G25420,-0.0006110966
AT5G25425,0.0
AT5G25430,-0.0023060862
AT5G25440,-0.15919666
AT5G25450,0.28804034
AT5G25460,-1.5135652
AT5G25470,-0.093867175
AT5G25475,-0.3261813
AT5G25480,0.14923908
AT5G25490,-0.057417836
AT5G25500,-0.059785653
AT5G25510,0.15402925
AT5G25520,-0.022375086
AT5G25530,-0.0015473822
AT5G25540,0.31969088
AT5G25550,-0.018933255
AT5G25560,-0.07757577
AT5G25570,-0.01812437
AT5G25580,-0.09834163
AT5G25590,-0.3685375
AT5G25600,-0.005035336
AT5G25610,-0.42954782
AT5G25620,-0.07129076
AT5G25630,-0.31356436
AT5G25640,-0.009850138
AT5G25750,-0.00010625269
AT5G25752,0.0
AT5G25754,0.10462031
AT5G25755,-0.035261497
AT5G25756,0.045849446
AT5G25760,0.084142
AT5G25770,0.6176182
AT5G25780,0.18730257
AT5G25790,0.16343503
AT5G25800,0.07656691
AT5G25810,-0.28713936
AT5G25820,0.76367885
AT5G25830,-0.08658559
AT5G25840,-0.23903212
AT5G25850,0.0
AT5G25860,0.0
AT5G25870,0.0006619993
AT5G25880,0.02883845
AT5G25890,0.56329054
AT5G25900,-0.007768024
AT5G25910,0.7993703
AT5G25920,0.16764575
AT5G25930,0.7285828
AT5G25940,0.5731865
AT5G25950,-0.00026850012
AT5G25960,0.00062934385
AT5G25970,0.0269319
AT5G25980,-0.4508543
AT5G25990,4.4572425e-05
AT5G25995,-0.0014165463
AT5G26000,-0.4982022
AT5G26010,-0.14966464
AT5G26030,0.6970568
AT5G26040,0.32877493
AT5G26050,0.0019246687
AT5G26060,5.39647e-11
AT5G26070,-0.0024014157
AT5G26080,0.007017281
AT5G26090,0.0011660294
AT5G26100,0.00053759874
AT5G26110,0.30362466
AT5G26120,0.0070138895
AT5G26130,-1.9833726e-06
AT5G26140,0.0012458499
AT5G26150,0.00020538243
AT5G26160,-0.14565061
AT5G26170,0.39111432
AT5G26180,0.3321095
AT5G26190,-0.12581848
AT5G26200,-0.46206874
AT5G26210,-0.025651619
AT5G26220,0.11615034
AT5G26230,-0.25948954
AT5G26240,0.09775631
AT5G26250,-0.024657883
AT5G26260,0.67772907
AT5G26262,7.5256066e-06
AT5G26270,0.02085741
AT5G26280,0.3125133
AT5G26290,-0.0018468857
AT5G26300,-0.000530163
AT5G26310,0.017876405
AT5G26320,0.0049782232
AT5G26330,-0.46180776
AT5G26340,1.3947344
AT5G26360,-0.015996493
AT5G26570,0.3653917
AT5G26580,0.00093278405
AT5G26594,0.0
AT5G26600,0.358373
AT5G26610,0.20209752
AT5G26617,0.0016150225
AT5G26620,0.0047415346
AT5G26622,-0.13912626
AT5G26630,-0.05864313
AT5G26640,0.0
AT5G26650,0.00026053333
AT5G26660,0.4584985
AT5G26667,0.17976147
AT5G26670,-0.6873386
AT5G26673,0.00044158535
AT5G26680,0.45391107
AT5G26690,1.3642391
AT5G26692,-3.0043745e-11
AT5G26700,0.48896134
AT5G26710,0.17581876
AT5G26717,0.0
AT5G26718,0.0
AT5G26730,-0.01699822
AT5G26731,0.42704841
AT5G26734,0.0
AT5G26742,-0.26297134
AT5G26749,0.020999264
AT5G26751,0.2275828
AT5G26760,-0.0064347405
AT5G26770,0.03525928
AT5G26780,-0.028484304
AT5G26790,-0.11562528
AT5G26800,0.08339587
AT5G26805,5.695318e-06
AT5G26810,0.0017232358
AT5G26820,-0.29510733
AT5G26830,0.12342045
AT5G26840,1.13445085e-05
AT5G26850,-0.46659532
AT5G26860,0.38254622
AT5G26865,0.0027788868
AT5G26880,-0.052346107
AT5G26890,0.002385035
AT5G26900,-0.0029778264
AT5G26910,-0.3427823
AT5G26920,0.90638655
AT5G26930,-0.0036156552
AT5G26940,0.30096415
AT5G26950,0.008162745
AT5G26955,-1.100076e-05
AT5G26960,-0.118054
AT5G26970,-0.099057645
AT5G26980,0.03474004
AT5G26990,0.20806637
AT5G27000,0.174105
AT5G27010,0.010991104
AT5G27020,-0.0014857227
AT5G27030,0.3262945
AT5G27060,1.4303759
AT5G27065,0.0003185976
AT5G27070,-0.008931936
AT5G27080,-0.000272311
AT5G27090,0.0008193329
AT5G27100,0.114761055
AT5G27110,-0.09923215
AT5G27120,0.24910465
AT5G27130,0.10623058
AT5G27140,0.015156331
AT5G27150,0.29568985
AT5G27170,0.0
AT5G27200,-0.00037445364
AT5G27210,0.28699407
AT5G27220,-0.10413872
AT5G27230,-0.020292614
AT5G27238,0.0
AT5G27240,-0.3069353
AT5G27247,0.001393405
AT5G27260,-0.015355268
AT5G27270,-0.1599247
AT5G27280,0.42338163
AT5G27290,-1.024495
AT5G27300,-0.44189242
AT5G27310,0.00014162897
AT5G27320,0.39242658
AT5G27330,-0.14248519
AT5G27340,1.151835e-05
AT5G27350,0.72456306
AT5G27360,-0.76125914
AT5G27370,0.001722918
AT5G27380,0.64827824
AT5G27390,-0.3839093
AT5G27395,0.053459533
AT5G27400,-0.13451459
AT5G27410,0.027901754
AT5G27420,0.9430974
AT5G27430,0.21147719
AT5G27440,-0.008192905
AT5G27450,0.018870644
AT5G27460,0.16153426
AT5G27470,0.30556354
AT5G27490,-0.03866344
AT5G27493,0.015213075
AT5G27495,0.0
AT5G27510,0.009907808
AT5G27520,0.71134925
AT5G27530,0.0
AT5G27540,0.34879532
AT5G27550,0.00087003066
AT5G27560,-0.4853159
AT5G27570,0.0005776854
AT5G27580,0.0047359294
AT5G27600,0.51231986
AT5G27606,0.0
AT5G27607,0.0
AT5G27610,0.5997598
AT5G27620,-0.10171734
AT5G27630,-0.12568502
AT5G27640,0.34137318
AT5G27650,-0.041201398
AT5G27660,0.021968303
AT5G27670,0.0023702695
AT5G27680,-0.12446109
AT5G27690,0.010757987
AT5G27700,0.18411988
AT5G27710,0.19196871
AT5G27720,0.25667942
AT5G27730,-0.064032786
AT5G27740,-0.22358426
AT5G27750,0.26654154
AT5G27760,0.86504066
AT5G27765,0.3213997
AT5G27770,0.09673537
AT5G27780,-0.09380994
AT5G27790,-8.699694e-05
AT5G27800,2.689565e-05
AT5G27810,0.004213203
AT5G27820,-0.074315675
AT5G27830,0.40207088
AT5G27840,0.16961014
AT5G27850,0.0036018337
AT5G27860,0.03466672
AT5G27870,-0.010047269
AT5G27880,0.0
AT5G27889,0.0044518113
AT5G27890,-0.020302124
AT5G27893,-0.005343356
AT5G27910,-0.0014946325
AT5G27920,0.6496503
AT5G27930,0.39672738
AT5G27940,0.0438567
AT5G27944,0.0
AT5G27945,-0.0033849946
AT5G27950,-0.06847901
AT5G27960,0.00019026689
AT5G27970,0.009720486
AT5G27980,0.019283509
AT5G27990,-0.007989424
AT5G28000,-0.020885535
AT5G28010,0.14327078
AT5G28020,-0.42811623
AT5G28030,0.0043749576
AT5G28040,0.09819319
AT5G28050,0.6678412
AT5G28060,-0.026970308
AT5G28080,0.0075838766
AT5G28090,-0.0002381814
AT5G28150,-0.014982173
AT5G28160,1.0538781e-05
AT5G28180,5.290118e-05
AT5G28190,-0.0007564889
AT5G28210,-5.8126225e-05
AT5G28220,0.12974845
AT5G28235,0.28493193
AT5G28237,1.213463
AT5G28288,0.0
AT5G28290,0.019113822
AT5G28295,1.4599896e-05
AT5G28300,-0.3237137
AT5G28310,-7.346482e-05
AT5G28320,-0.09788525
AT5G28340,0.02085208
AT5G28345,-0.11535312
AT5G28350,0.09559698
AT5G28370,0.024407774
AT5G28380,0.035145413
AT5G28390,-0.09721653
AT5G28400,-0.15272385
AT5G28410,4.55854e-05
AT5G28420,-0.002124489
AT5G28440,0.0
AT5G28450,-0.048584737
AT5G28460,0.118665785
AT5G28462,-0.00041378353
AT5G28463,9.633487e-05
AT5G28470,0.0009699738
AT5G28490,0.03922924
AT5G28491,8.628596e-06
AT5G28500,-0.14033358
AT5G28510,0.0006879689
AT5G28520,0.00966645
AT5G28530,0.030618291
AT5G28540,0.78864044
AT5G28550,0.0
AT5G28560,-6.0911507e-06
AT5G28590,0.0
AT5G28610,-0.102574475
AT5G28615,7.582468e-05
AT5G28620,0.0
AT5G28630,-0.78818226
AT5G28640,0.022986691
AT5G28646,0.8575313
AT5G28650,0.0076022726
AT5G28660,-0.0005789015
AT5G28680,-3.130474e-10
AT5G28690,-1.2886988e-05
AT5G28720,0.00023460768
AT5G28730,0.0
AT5G28740,0.118443295
AT5G28750,-0.06734924
AT5G28770,-0.5124169
AT5G28780,0.0
AT5G28810,-0.06774815
AT5G28820,0.0
AT5G28823,0.00044924824
AT5G28830,0.56860626
AT5G28840,-0.00011294484
AT5G28850,-0.070274994
AT5G28885,0.0
AT5G28900,-0.07454098
AT5G28910,-0.40113756
AT5G28919,0.3936621
AT5G28920,-0.021080075
AT5G28950,-3.0299116e-06
AT5G28960,-0.0056781624
AT5G29000,0.49987
AT5G29050,1.8075916e-05
AT5G29054,0.0
AT5G29070,0.0
AT5G29210,-3.165177e-05
AT5G29560,0.014782944
AT5G29576,0.0
AT5G29613,0.00048781987
AT5G29624,0.00025923632
AT5G30341,6.6227556e-05
AT5G30360,0.00026587868
AT5G30490,0.21159019
AT5G30495,0.012729367
AT5G30500,0.28493893
AT5G30510,-0.32417393
AT5G30520,-7.4745835e-06
AT5G31412,0.0
AT5G32440,0.34591472
AT5G32450,-0.24546058
AT5G32460,0.020962752
AT5G32470,0.12526807
AT5G32590,0.024517104
AT5G32613,0.0
AT5G32619,0.0
AT5G32670,1.0798336e-05
AT5G33210,5.092062e-05
AT5G33280,-0.03333042
AT5G33290,0.7788451
AT5G33300,-0.008266218
AT5G33320,0.16637091
AT5G33330,0.012521871
AT5G33340,0.00037982612
AT5G33355,0.00972088
AT5G33370,0.1971837
AT5G33390,-0.014089603
AT5G33393,0.0
AT5G33406,0.0010316614
AT5G33806,0.0
AT5G33898,0.0
AT5G34581,0.0
AT5G34780,0.0014403882
AT5G34828,0.0
AT5G34829,0.0
AT5G34830,0.0027496293
AT5G34850,0.16358066
AT5G34869,0.00021335439
AT5G34870,7.582468e-05
AT5G34881,0.0
AT5G34882,0.0
AT5G34883,0.0
AT5G34885,0.0
AT5G34887,6.5660766e-05
AT5G34905,0.0
AT5G34908,0.0
AT5G34930,0.68495375
AT5G34940,0.7801723
AT5G35050,0.0007861884
AT5G35067,0.0
AT5G35069,0.0
AT5G35080,0.025398701
AT5G35090,-0.0010128438
AT5G35100,0.083991274
AT5G35110,0.105970606
AT5G35120,0.005965315
AT5G35160,0.05510047
AT5G35170,-0.5308952
AT5G35180,0.06874707
AT5G35190,0.008293896
AT5G35195,0.0
AT5G35200,0.4286692
AT5G35210,-0.13505498
AT5G35220,-0.16251555
AT5G35230,0.0
AT5G35300,0.0
AT5G35320,0.5745396
AT5G35330,0.11424987
AT5G35338,0.00024662015
AT5G35360,-0.25575724
AT5G35370,0.5753436
AT5G35375,-0.018623695
AT5G35380,0.033737656
AT5G35390,0.0030225287
AT5G35400,0.20626594
AT5G35405,0.0
AT5G35410,0.21265075
AT5G35430,0.2135624
AT5G35450,-0.3570727
AT5G35460,-0.0092445025
AT5G35475,1.3690696e-05
AT5G35480,-0.7514895
AT5G35490,-0.54244053
AT5G35510,0.002905093
AT5G35520,-0.103148974
AT5G35525,-0.14367571
AT5G35530,0.021883039
AT5G35540,3.0602416e-05
AT5G35550,-0.014260256
AT5G35560,0.075345896
AT5G35570,-0.025990475
AT5G35580,0.32099032
AT5G35590,0.4494139
AT5G35600,-0.00089120626
AT5G35603,0.00031578305
AT5G35604,0.0006825917
AT5G35610,5.8843514e-05
AT5G35620,0.27612963
AT5G35630,-0.66016847
AT5G35640,-0.0053697205
AT5G35660,0.02727759
AT5G35670,-0.42879996
AT5G35680,0.5878001
AT5G35688,0.010030044
AT5G35690,0.5925694
AT5G35695,0.0
AT5G35698,0.0
AT5G35700,0.24505895
AT5G35715,0.008923738
AT5G35730,0.28093848
AT5G35732,-0.10333847
AT5G35735,0.74053085
AT5G35737,6.921573e-06
AT5G35740,-0.6996854
AT5G35750,-0.53831273
AT5G35753,-0.11644025
AT5G35760,-0.004162336
AT5G35770,-0.0062046316
AT5G35780,0.0
AT5G35790,-0.6265894
AT5G35810,-2.7685086e-05
AT5G35830,2.0002428e-05
AT5G35840,-0.057156447
AT5G35870,-0.0015893227
AT5G35890,0.004251065
AT5G35900,0.048221733
AT5G35910,0.07626274
AT5G35913,0.0049355873
AT5G35926,-0.033770416
AT5G35927,0.03628338
AT5G35930,-0.08626325
AT5G35940,-0.004526574
AT5G35945,-0.00093855563
AT5G35950,-0.000102468075
AT5G35960,0.04707674
AT5G35970,-0.37436
AT5G35980,0.13316204
AT5G35995,-0.05722911
AT5G36000,-0.12897247
AT5G36001,-0.30544233
AT5G36080,0.0
AT5G36100,-0.009252119
AT5G36110,0.0007793267
AT5G36120,-0.09169413
AT5G36130,0.0033378648
AT5G36150,0.0073870774
AT5G36160,0.24651064
AT5G36170,-0.36415252
AT5G36180,0.00739366
AT5G36190,0.0013757452
AT5G36200,0.0
AT5G36210,0.0052689062
AT5G36220,0.77484
AT5G36225,0.0
AT5G36228,0.00025122866
AT5G36230,0.0908331
AT5G36240,-0.0142189115
AT5G36250,-0.15435013
AT5G36260,-0.0027290077
AT5G36270,0.0
AT5G36280,-0.0109023005
AT5G36290,-0.10345993
AT5G36300,0.0
AT5G36310,0.0
AT5G36320,0.0
AT5G36330,0.0
AT5G36350,0.0
AT5G36370,0.0
AT5G36480,0.0
AT5G36490,0.0
AT5G36500,1.1571393e-05
AT5G36520,0.0
AT5G36540,0.0
AT5G36550,1.1571393e-05
AT5G36657,-1.3500336e-05
AT5G36658,0.0
AT5G36659,0.0
AT5G36661,0.0
AT5G36662,0.0
AT5G36670,0.02913527
AT5G36680,0.00070552103
AT5G36690,0.0
AT5G36700,-0.80400527
AT5G36710,-0.07688434
AT5G36720,0.0
AT5G36722,0.00029507675
AT5G36730,0.0
AT5G36780,-0.004451464
AT5G36790,-0.8358389
AT5G36820,0.0
AT5G36870,-0.001654084
AT5G36880,0.47712308
AT5G36890,0.073803864
AT5G36900,-2.0483707e-05
AT5G36906,0.0
AT5G36907,0.70447165
AT5G36910,-0.13062258
AT5G36920,-0.046984356
AT5G36925,0.6860567
AT5G36930,0.082337804
AT5G36940,-0.14179076
AT5G36950,-0.048313692
AT5G36960,0.022587966
AT5G36970,0.9210287
AT5G36980,0.0
AT5G36985,0.0
AT5G37000,-0.24053618
AT5G37010,-0.2681331
AT5G37020,-0.08017406
AT5G37030,-6.576617e-06
AT5G37035,0.0
AT5G37040,0.0
AT5G37050,-0.0005062819
AT5G37055,0.06401534
AT5G37060,0.00021812339
AT5G37070,0.52674925
AT5G37130,0.02187156
AT5G37140,0.0033553848
AT5G37147,0.0
AT5G37150,-0.0021336507
AT5G37160,-0.0015313223
AT5G37165,0.00030399248
AT5G37170,9.823365e-05
AT5G37180,-0.081211776
AT5G37190,-0.002607706
AT5G37200,-0.00030468946
AT5G37210,-0.029889166
AT5G37220,0.0
AT5G37230,0.0002486328
AT5G37240,-0.0031524843
AT5G37247,-0.0054408233
AT5G37250,0.040884186
AT5G37260,0.40300298
AT5G37270,0.00042777864
AT5G37280,-2.2899041e-05
AT5G37290,-0.1485633
AT5G37300,-0.18401703
AT5G37310,0.17013824
AT5G37320,0.0012103234
AT5G37340,-0.045907237
AT5G37350,0.25658414
AT5G37360,-0.19441126
AT5G37370,0.10696685
AT5G37380,0.05997522
AT5G37400,0.013267246
AT5G37410,-0.2324837
AT5G37415,0.0069354414
AT5G37420,0.030680263
AT5G37430,0.0035030271
AT5G37440,-0.048315655
AT5G37450,-0.070743635
AT5G37460,6.035395e-05
AT5G37470,-3.0745548e-06
AT5G37473,0.0
AT5G37474,0.002404657
AT5G37475,0.15787986
AT5G37478,-0.068264574
AT5G37480,0.46473974
AT5G37490,0.4581603
AT5G37500,0.1342184
AT5G37510,0.42083994
AT5G37520,2.380196e-06
AT5G37530,-0.028667206
AT5G37540,0.27637526
AT5G37550,0.067106955
AT5G37560,1.9754987e-05
AT5G37570,0.20799525
AT5G37590,0.017667146
AT5G37600,0.70791125
AT5G37610,0.0009851956
AT5G37620,0.004155114
AT5G37630,-0.020300098
AT5G37640,0.0007376093
AT5G37650,0.0
AT5G37660,-0.4912673
AT5G37670,0.10850709
AT5G37680,-0.07618182
AT5G37690,0.0128644565
AT5G37710,-0.05334122
AT5G37715,-0.006803936
AT5G37720,0.5936843
AT5G37730,0.00032355412
AT5G37740,0.41483068
AT5G37750,0.1641164
AT5G37760,1.0250709e-05
AT5G37770,-0.30913487
AT5G37780,0.60924566
AT5G37785,0.0
AT5G37790,-0.49219567
AT5G37793,-0.017401103
AT5G37800,-0.00064982893
AT5G37810,0.0
AT5G37820,-0.00068231206
AT5G37830,0.12116056
AT5G37840,0.83834183
AT5G37850,0.1342207
AT5G37860,0.0035755448
AT5G37870,-6.660703e-05
AT5G37890,0.17704156
AT5G37900,-0.00020947652
AT5G37910,-9.26722e-06
AT5G37920,-2.425233e-05
AT5G37930,0.13735414
AT5G37940,0.0050635296
AT5G37950,-0.22099859
AT5G37960,-0.00013996853
AT5G37970,-0.0011157698
AT5G37980,-0.016654357
AT5G37990,0.01611177
AT5G38000,0.01295888
AT5G38010,-0.21374573
AT5G38020,-0.027137658
AT5G38030,0.373751
AT5G38040,-0.21961671
AT5G38050,-0.048690885
AT5G38060,-0.08479744
AT5G38070,0.020125596
AT5G38080,-0.0004990152
AT5G38090,0.0
AT5G38100,-0.06931527
AT5G38110,-0.03981025
AT5G38120,-0.12415436
AT5G38130,0.14002165
AT5G38140,-0.4408297
AT5G38150,-0.57632095
AT5G38160,-0.0003166891
AT5G38170,0.0003459625
AT5G38180,0.0
AT5G38190,2.0090245e-05
AT5G38195,0.0
AT5G38197,0.0
AT5G38200,0.050614413
AT5G38210,-0.117804356
AT5G38220,0.12036929
AT5G38240,0.122934066
AT5G38250,0.43397397
AT5G38260,-0.019385755
AT5G38270,-0.0031167762
AT5G38280,0.4331485
AT5G38290,-0.16297032
AT5G38300,-0.07801458
AT5G38310,0.13239734
AT5G38317,0.0
AT5G38320,0.4172262
AT5G38330,0.0006490873
AT5G38340,0.07414577
AT5G38344,0.09773613
AT5G38350,0.06408247
AT5G38360,-0.2519945
AT5G38378,0.0
AT5G38380,0.035092335
AT5G38386,0.014043647
AT5G38390,1.4677724e-05
AT5G38391,0.0008431253
AT5G38392,-0.00016398274
AT5G38396,0.013675567
AT5G38397,0.0
AT5G38400,0.0739073
AT5G38410,-0.9165871
AT5G38420,-0.9907788
AT5G38430,-0.8901906
AT5G38435,0.0
AT5G38440,0.0
AT5G38450,0.011170062
AT5G38460,0.031001868
AT5G38470,0.42191747
AT5G38480,-0.016952412
AT5G38490,-0.004406733
AT5G38500,0.0013814144
AT5G38510,-0.018117705
AT5G38520,-0.424372
AT5G38530,0.77020943
AT5G38540,0.002535686
AT5G38550,0.0024874038
AT5G38560,-0.10021914
AT5G38565,0.039866745
AT5G38570,3.0240213e-05
AT5G38580,-0.00026071313
AT5G38590,-0.112746306
AT5G38600,0.12234797
AT5G38610,0.115096346
AT5G38620,0.000598313
AT5G38630,0.35035148
AT5G38640,0.3386992
AT5G38650,0.94448346
AT5G38660,-0.10593037
AT5G38670,-5.0537456e-06
AT5G38680,0.002515182
AT5G38690,0.086979434
AT5G38700,-0.33416978
AT5G38710,1.2842184
AT5G38720,-0.035928726
AT5G38730,-0.10080796
AT5G38740,4.1657815e-05
AT5G38743,-0.00061085564
AT5G38747,0.01014045
AT5G38750,0.013621794
AT5G38760,-0.00038060907
AT5G38770,-0.049075715
AT5G38780,0.33303535
AT5G38790,0.002504261
AT5G38800,0.0055026156
AT5G38810,-0.001029278
AT5G38820,-0.003473502
AT5G38830,0.3928573
AT5G38840,0.02495934
AT5G38850,-0.12214514
AT5G38860,-0.03397312
AT5G38865,-0.19039115
AT5G38880,-0.18828909
AT5G38890,0.49288747
AT5G38895,0.43322906
AT5G38900,2.2906008
AT5G38910,0.026216144
AT5G38920,0.0029717635
AT5G38930,0.010823831
AT5G38940,0.08572509
AT5G38950,0.0
AT5G38960,0.0
AT5G38970,-0.1248642
AT5G38980,-0.02138843
AT5G38990,0.012232565
AT5G39000,-0.07528902
AT5G39010,0.009474918
AT5G39020,-0.03440871
AT5G39024,0.00020511904
AT5G39030,-0.007300949
AT5G39040,0.4797009
AT5G39050,1.459798
AT5G39080,-0.05336795
AT5G39090,0.9208887
AT5G39100,0.10534717
AT5G39110,-0.013121519
AT5G39120,0.016311545
AT5G39130,0.018072663
AT5G39140,-0.0052997298
AT5G39150,-0.033024203
AT5G39160,0.30411723
AT5G39170,0.0
AT5G39180,-0.14291619
AT5G39190,0.3585369
AT5G39200,0.002365761
AT5G39210,-0.29551575
AT5G39220,-0.009737835
AT5G39230,-0.008880527
AT5G39240,0.05845749
AT5G39250,0.1857877
AT5G39260,0.0124143185
AT5G39270,0.0
AT5G39280,-1.02932045e-05
AT5G39290,0.0
AT5G39300,-7.5522967e-06
AT5G39310,2.4578332e-11
AT5G39320,-0.079143696
AT5G39330,0.061032433
AT5G39340,-0.10347916
AT5G39350,0.039145127
AT5G39360,0.15985896
AT5G39365,0.00012411538
AT5G39370,0.008664641
AT5G39380,-0.016335787
AT5G39390,-0.0043364293
AT5G39400,-1.779996e-05
AT5G39410,0.25325307
AT5G39420,-0.048838016
AT5G39430,0.004997794
AT5G39440,0.0
AT5G39450,0.24676111
AT5G39460,-9.2312366e-05
AT5G39470,7.966726e-05
AT5G39471,-0.17510624
AT5G39480,-0.011497863
AT5G39490,3.494656e-05
AT5G39493,-0.003977988
AT5G39500,0.009435156
AT5G39510,0.3666134
AT5G39520,1.6845728
AT5G39530,-0.7251357
AT5G39540,0.0
AT5G39550,-0.02787938
AT5G39560,0.003869511
AT5G39570,0.14478779
AT5G39580,1.1244664
AT5G39590,0.2937806
AT5G39600,0.11851487
AT5G39610,1.0270274
AT5G39620,0.0
AT5G39630,0.05687451
AT5G39640,3.439242e-06
AT5G39645,0.00013555674
AT5G39650,0.014466017
AT5G39660,-0.1842403
AT5G39670,1.0465262
AT5G39680,-0.016390638
AT5G39690,0.00021852447
AT5G39700,0.0
AT5G39710,-0.0847844
AT5G39715,0.0028472473
AT5G39720,0.3157646
AT5G39730,0.18885805
AT5G39740,0.0050240234
AT5G39750,0.010969812
AT5G39760,-0.02939634
AT5G39770,0.0025388745
AT5G39775,-4.3211243e-05
AT5G39780,0.0
AT5G39790,-0.040384497
AT5G39800,0.15701145
AT5G39810,-0.016193466
AT5G39820,-0.007970176
AT5G39830,-0.2725609
AT5G39840,-0.1372301
AT5G39850,0.36537683
AT5G39860,-0.44571245
AT5G39865,-0.1480423
AT5G39870,-0.00052867585
AT5G39880,0.002231396
AT5G39890,-0.025544638
AT5G39900,-0.14166312
AT5G39910,-9.395723e-06
AT5G39920,7.582468e-05
AT5G39930,-0.0014443237
AT5G39940,0.005882295
AT5G39950,0.4942517
AT5G39960,-0.1035377
AT5G39970,0.064208895
AT5G39980,0.10859733
AT5G39990,0.23219731
AT5G40000,-9.111144e-05
AT5G40010,0.49669382
AT5G40020,0.17420867
AT5G40030,-0.06900661
AT5G40040,0.15584981
AT5G40050,-3.2161526e-05
AT5G40060,-0.10017944
AT5G40070,0.0005418955
AT5G40080,-0.3001867
AT5G40090,-0.08426236
AT5G40100,0.003881141
AT5G40120,0.0
AT5G40140,-0.19939007
AT5G40150,-0.5482167
AT5G40153,-0.0075664213
AT5G40155,0.013949957
AT5G40160,-0.17063196
AT5G40170,0.0085723065
AT5G40180,0.012662536
AT5G40190,0.14315993
AT5G40200,0.08607117
AT5G40210,0.6444598
AT5G40220,0.010411656
AT5G40230,0.2466885
AT5G40240,0.72371966
AT5G40250,0.010911959
AT5G40260,0.23403318
AT5G40270,0.024833465
AT5G40280,0.24203105
AT5G40290,0.00034706027
AT5G40300,0.38544753
AT5G40310,-0.024486318
AT5G40320,-0.001817174
AT5G40330,-0.14676733
AT5G40340,-0.25786722
AT5G40350,0.054467887
AT5G40360,-0.00052658195
AT5G40370,0.59300035
AT5G40380,-0.6062879
AT5G40382,-0.003784136
AT5G40390,0.08081442
AT5G40400,-0.1831601
AT5G40405,0.0076017254
AT5G40410,0.04727728
AT5G40420,-0.0019268168
AT5G40430,0.016490243
AT5G40440,0.1496124
AT5G40450,-0.26903242
AT5G40460,0.15082262
AT5G40470,-0.01965662
AT5G40480,-0.005647442
AT5G40490,0.23292734
AT5G40500,-0.07326945
AT5G40510,0.09273152
AT5G40520,0.0059144003
AT5G40530,0.05489034
AT5G40540,-0.22971658
AT5G40550,-0.016089166
AT5G40560,0.0
AT5G40570,-0.12194534
AT5G40580,0.6978207
AT5G40590,0.022669943
AT5G40595,0.0
AT5G40600,-0.11024103
AT5G40610,-0.62170935
AT5G40620,0.0052371244
AT5G40630,-0.04870789
AT5G40640,0.12170065
AT5G40645,0.067535505
AT5G40650,0.56977874
AT5G40660,0.2762533
AT5G40670,0.22248194
AT5G40680,0.03336483
AT5G40690,1.5457723
AT5G40700,-0.19497441
AT5G40710,-0.12714562
AT5G40720,0.39585507
AT5G40730,1.2664719
AT5G40740,-0.04743602
AT5G40750,0.0
AT5G40760,0.7782493
AT5G40770,0.50664425
AT5G40780,0.99923766
AT5G40790,-0.084093615
AT5G40800,-0.059910554
AT5G40810,0.08620285
AT5G40820,-0.06441523
AT5G40830,-0.35476184
AT5G40840,-0.052418236
AT5G40850,-0.19399187
AT5G40855,-0.0043167374
AT5G40860,0.043572485
AT5G40870,-0.11114237
AT5G40880,0.80769444
AT5G40890,0.119273685
AT5G40900,0.037398167
AT5G40910,-0.19807428
AT5G40930,0.51707155
AT5G40940,-0.0018549684
AT5G40942,0.0
AT5G40950,-0.42883694
AT5G40960,0.1183351
AT5G40970,-0.16896707
AT5G40980,-0.06609971
AT5G40981,-0.0032438166
AT5G40990,0.84967655
AT5G41000,-0.010434121
AT5G41010,0.32953462
AT5G41020,-0.11516474
AT5G41025,0.016882436
AT5G41030,-0.068611585
AT5G41040,1.1103334
AT5G41050,-0.5901634
AT5G41060,-0.40274784
AT5G41070,-0.13710892
AT5G41071,0.0018191178
AT5G41080,0.7862702
AT5G41090,0.021369414
AT5G41100,0.24003372
AT5G41109,1.496388e-05
AT5G41110,-0.1815061
AT5G41120,0.50807226
AT5G41130,-0.093545444
AT5G41140,-0.82843715
AT5G41150,-0.08518787
AT5G41160,0.3365758
AT5G41170,0.17418122
AT5G41180,0.121914245
AT5G41190,0.094255745
AT5G41200,0.010072351
AT5G41210,0.12997541
AT5G41220,0.11569177
AT5G41240,0.10566484
AT5G41250,-2.0628806e-05
AT5G41260,-0.01654574
AT5G41270,0.28433686
AT5G41280,0.30088863
AT5G41290,0.043268837
AT5G41300,0.00046090124
AT5G41310,0.056326695
AT5G41315,0.36776462
AT5G41320,0.06563285
AT5G41330,0.07899985
AT5G41340,-0.08879762
AT5G41350,0.20924851
AT5G41360,0.25580236
AT5G41370,-0.021004813
AT5G41380,0.026904717
AT5G41390,0.055379517
AT5G41400,0.6475345
AT5G41401,0.0
AT5G41410,0.19005948
AT5G41420,0.00033835438
AT5G41430,0.0005571733
AT5G41440,2.7059168e-05
AT5G41450,0.00021697656
AT5G41460,-0.08423523
AT5G41470,-0.08616987
AT5G41480,-0.07205034
AT5G41490,0.0007442057
AT5G41500,-2.3516837e-05
AT5G41510,0.0014397914
AT5G41520,0.059910797
AT5G41530,0.0
AT5G41540,0.0039375355
AT5G41550,0.18079995
AT5G41560,0.14304462
AT5G41570,0.01160457
AT5G41580,0.042817537
AT5G41590,0.3140485
AT5G41600,-0.039325163
AT5G41610,1.574526
AT5G41620,-0.09813943
AT5G41630,0.0
AT5G41640,-8.9681125e-05
AT5G41650,0.027718114
AT5G41660,0.0150370095
AT5G41670,0.20891835
AT5G41680,0.04972406
AT5G41685,0.22170916
AT5G41690,-0.2906602
AT5G41700,0.059240762
AT5G41720,0.0047174427
AT5G41730,0.8411482
AT5G41740,0.6366301
AT5G41750,0.5758003
AT5G41760,-0.06933894
AT5G41761,-0.41701424
AT5G41763,0.02240075
AT5G41765,0.00815585
AT5G41770,0.032869883
AT5G41780,-0.19585499
AT5G41790,-0.36650872
AT5G41800,0.1593745
AT5G41810,-0.27385676
AT5G41820,-0.047036946
AT5G41830,-0.009075484
AT5G41840,0.012895599
AT5G41850,-0.01877221
AT5G41860,0.4394197
AT5G41870,-0.0053373566
AT5G41880,0.06713642
AT5G41890,-0.20449318
AT5G41900,-1.1413188
AT5G41908,-0.00012791913
AT5G41910,0.3911465
AT5G41920,-0.23299529
AT5G41940,0.31243953
AT5G41950,0.20539336
AT5G41960,0.24454862
AT5G41970,0.26350132
AT5G41980,-0.1942824
AT5G41990,0.52459985
AT5G42000,-0.016194478
AT5G42010,0.7961995
AT5G42020,0.8069162
AT5G42030,-0.3569682
AT5G42040,-0.30009043
AT5G42050,0.429076
AT5G42053,0.0028282902
AT5G42060,0.12570643
AT5G42070,-0.48535988
AT5G42080,0.5161607
AT5G42090,0.28395247
AT5G42100,-0.4769068
AT5G42110,-0.2813696
AT5G42120,-0.07481788
AT5G42130,0.040440854
AT5G42140,0.086085275
AT5G42146,0.11874386
AT5G42150,0.8591072
AT5G42170,0.0043453565
AT5G42180,0.0455369
AT5G42190,0.00957217
AT5G42200,-0.13797118
AT5G42210,-0.19684288
AT5G42220,0.29025748
AT5G42223,0.05737843
AT5G42230,0.0032772692
AT5G42232,0.00040521592
AT5G42235,0.04722656
AT5G42240,-0.2680908
AT5G42242,-0.00037740378
AT5G42250,0.43634173
AT5G42260,0.00028200104
AT5G42270,-0.12576053
AT5G42280,-0.17352957
AT5G42290,0.05729382
AT5G42300,0.48415387
AT5G42310,-0.24848
AT5G42325,0.08579354
AT5G42330,0.033688385
AT5G42340,-0.0029628847
AT5G42350,0.16223256
AT5G42360,0.06745032
AT5G42370,0.09569876
AT5G42380,1.2497538
AT5G42390,0.029341476
AT5G42400,-0.015205373
AT5G42410,0.0018943269
AT5G42420,0.26879197
AT5G42430,0.0006674248
AT5G42440,0.38586658
AT5G42450,-0.03858095
AT5G42460,0.06931643
AT5G42470,0.06797678
AT5G42480,-0.10053479
AT5G42490,-0.00014767429
AT5G42500,0.0029531019
AT5G42504,0.0
AT5G42510,0.19380085
AT5G42520,0.2231408
AT5G42530,0.6950974
AT5G42540,0.05403742
AT5G42560,0.39243743
AT5G42567,0.0
AT5G42570,0.10714316
AT5G42580,0.025176499
AT5G42590,0.0099447975
AT5G42600,0.002538563
AT5G42610,-0.1278053
AT5G42620,-0.20573393
AT5G42630,-0.073816285
AT5G42635,0.0
AT5G42640,0.0088954745
AT5G42650,0.31125563
AT5G42655,0.24001452
AT5G42660,-0.12866364
AT5G42670,-0.21221162
AT5G42680,-0.1503143
AT5G42690,-0.2574442
AT5G42700,0.02004376
AT5G42710,0.09305204
AT5G42720,-0.3612208
AT5G42740,0.2632936
AT5G42750,-0.039877195
AT5G42760,0.15006174
AT5G42765,-0.24024242
AT5G42770,-0.30909112
AT5G42780,-0.23264712
AT5G42785,0.0062483004
AT5G42790,0.6915782
AT5G42797,-0.0001920262
AT5G42800,-0.005712329
AT5G42810,-0.09266415
AT5G42820,0.23771256
AT5G42825,0.077377014
AT5G42830,1.440366
AT5G42840,-0.067288876
AT5G42850,0.42783764
AT5G42860,-0.118750624
AT5G42870,0.17123775
AT5G42880,0.05258747
AT5G42890,0.5630832
AT5G42895,0.0005815066
AT5G42900,1.0164788
AT5G42905,0.0
AT5G42910,0.0
AT5G42920,0.10167862
AT5G42930,0.1265816
AT5G42940,0.3368796
AT5G42950,0.30480215
AT5G42955,-0.000515545
AT5G42957,2.3023022e-05
AT5G42960,0.20138755
AT5G42965,0.02457549
AT5G42970,0.571147
AT5G42980,0.17035861
AT5G42990,0.3590765
AT5G43000,7.517943e-06
AT5G43010,0.49632692
AT5G43020,-0.36479685
AT5G43030,-0.00993844
AT5G43040,-0.15724462
AT5G43050,0.009125483
AT5G43060,0.3712113
AT5G43064,0.07693626
AT5G43066,0.00023280684
AT5G43068,0.042826787
AT5G43070,0.06996824
AT5G43080,-0.026786657
AT5G43090,0.0025646708
AT5G43100,0.09706906
AT5G43110,0.0019160628
AT5G43120,-0.0016395622
AT5G43130,0.13389759
AT5G43140,-0.09375815
AT5G43150,0.45063537
AT5G43155,-0.041892797
AT5G43160,-0.16169879
AT5G43170,0.33515066
AT5G43175,0.0046926606
AT5G43180,0.2907148
AT5G43185,1.312563e-11
AT5G43190,0.115155704
AT5G43200,-0.0103824735
AT5G43210,-0.16645668
AT5G43211,0.0
AT5G43230,0.002394872
AT5G43240,-0.17632683
AT5G43250,-0.05148034
AT5G43260,0.71254104
AT5G43270,-0.3129883
AT5G43280,0.36356598
AT5G43285,0.0031353852
AT5G43290,-0.24283439
AT5G43300,0.047415145
AT5G43310,-0.26631665
AT5G43320,0.018581383
AT5G43330,0.3845333
AT5G43340,-0.00037294734
AT5G43350,0.42193562
AT5G43360,0.008179606
AT5G43370,0.013743546
AT5G43380,0.57687837
AT5G43390,0.0014021661
AT5G43400,0.24186465
AT5G43401,0.0005057417
AT5G43410,0.14890727
AT5G43420,0.13313524
AT5G43430,0.43171832
AT5G43440,0.027246142
AT5G43450,0.41884887
AT5G43460,0.28003913
AT5G43470,-0.0831227
AT5G43480,0.0014226971
AT5G43490,0.0026639877
AT5G43500,-0.3873594
AT5G43510,0.0001092377
AT5G43513,0.00012676444
AT5G43516,0.0
AT5G43518,0.00037473298
AT5G43520,0.010646039
AT5G43525,-0.00023613854
AT5G43530,0.024871726
AT5G43540,0.17099932
AT5G43550,0.00053914543
AT5G43560,0.16702977
AT5G43570,1.4103646
AT5G43580,2.661102
AT5G43590,0.27981478
AT5G43600,-0.050745796
AT5G43610,-0.00042444377
AT5G43620,0.110827364
AT5G43630,0.026157754
AT5G43640,0.0012992391
AT5G43650,0.37523124
AT5G43660,-0.031053467
AT5G43670,0.18752685
AT5G43680,0.16147421
AT5G43690,0.0072078113
AT5G43695,-0.0001640946
AT5G43700,-0.4969232
AT5G43710,-0.111431524
AT5G43720,0.23495542
AT5G43730,-0.07926395
AT5G43740,-0.28612533
AT5G43745,0.2677399
AT5G43750,-0.5047132
AT5G43755,0.027449476
AT5G43760,-0.32595977
AT5G43770,-0.00056807057
AT5G43780,0.6733592
AT5G43790,-0.22722134
AT5G43810,-0.05791872
AT5G43820,-0.075321816
AT5G43822,0.037386358
AT5G43830,-0.0433278
AT5G43840,0.042439476
AT5G43850,0.059340034
AT5G43860,0.488285
AT5G43870,-0.14259839
AT5G43880,-0.4500827
AT5G43890,-0.28180417
AT5G43900,0.0950637
AT5G43910,0.67620003
AT5G43920,-0.06067443
AT5G43930,0.24839035
AT5G43935,-0.035534494
AT5G43940,0.2597506
AT5G43950,-0.41821653
AT5G43960,0.095545016
AT5G43970,0.08844185
AT5G43980,0.37688604
AT5G43990,-0.30468094
AT5G44000,0.10444529
AT5G44005,0.002858193
AT5G44010,0.007135967
AT5G44020,-0.9545301
AT5G44030,-0.14048113
AT5G44040,-0.34100643
AT5G44050,-0.27142367
AT5G44060,-0.21500233
AT5G44063,-0.04225315
AT5G44065,-0.0002737208
AT5G44070,0.23809561
AT5G44080,-0.027330209
AT5G44090,0.25338173
AT5G44100,0.062980026
AT5G44110,0.027874272
AT5G44120,-0.012531951
AT5G44130,-0.49082366
AT5G44140,-0.044420112
AT5G44150,0.046222772
AT5G44160,-0.17157008
AT5G44170,0.091743745
AT5G44180,-0.0034646597
AT5G44190,-0.39977387
AT5G44200,-0.05607859
AT5G44210,0.046490148
AT5G44220,0.0040440033
AT5G44230,-0.010003586
AT5G44240,0.46688253
AT5G44250,0.11209774
AT5G44260,-0.51681554
AT5G44265,-0.0008145707
AT5G44270,0.010118199
AT5G44280,-0.0033270316
AT5G44290,0.0931988
AT5G44300,6.393877e-05
AT5G44306,0.047442466
AT5G44310,0.026074458
AT5G44316,0.0016555453
AT5G44320,0.2573649
AT5G44330,0.014053656
AT5G44340,-0.014058934
AT5G44345,0.0
AT5G44350,0.021674857
AT5G44360,-0.00010604633
AT5G44370,0.006174262
AT5G44380,2.557129
AT5G44390,0.74816614
AT5G44400,0.30510616
AT5G44410,-0.19463703
AT5G44420,-0.8935185
AT5G44430,-0.9287481
AT5G44440,-0.02866019
AT5G44450,-0.013465165
AT5G44460,0.6507552
AT5G44470,-0.0008689761
AT5G44480,1.8373357
AT5G44490,-0.24705745
AT5G44495,0.0
AT5G44500,0.19933662
AT5G44510,-0.34452972
AT5G44520,-0.115584776
AT5G44530,-0.6351273
AT5G44540,-0.042599797
AT5G44550,-0.28518412
AT5G44560,-0.2837349
AT5G44563,0.057649776
AT5G44565,0.2847291
AT5G44566,0.21749972
AT5G44567,1.3193474
AT5G44568,0.012887029
AT5G44570,1.3369277
AT5G44572,0.5487221
AT5G44574,0.54410505
AT5G44575,0.75212157
AT5G44578,0.2265355
AT5G44580,-0.0589821
AT5G44582,-0.0026712262
AT5G44585,0.21877219
AT5G44590,0.022940753
AT5G44600,-0.4299751
AT5G44610,0.5886879
AT5G44620,0.016825838
AT5G44630,-0.00031538875
AT5G44635,0.02157394
AT5G44640,0.0039435453
AT5G44650,-0.42070243
AT5G44660,-0.38921574
AT5G44670,-0.025232673
AT5G44680,-0.8039751
AT5G44690,-0.010462719
AT5G44700,0.009866323
AT5G44710,0.058244657
AT5G44720,0.21467033
AT5G44730,-0.19103378
AT5G44740,-0.1496596
AT5G44750,-0.17343295
AT5G44760,-0.00020846455
AT5G44770,0.0026649134
AT5G44780,-0.061726205
AT5G44785,-0.040671997
AT5G44790,0.42628658
AT5G44800,-0.06264058
AT5G44820,0.50234544
AT5G44830,0.0
AT5G44840,0.0044430457
AT5G44850,0.0
AT5G44860,0.17754306
AT5G44870,-0.021356579
AT5G44900,-0.004707528
AT5G44910,0.018583547
AT5G44920,0.34243503
AT5G44930,-0.14708595
AT5G44940,0.0010361123
AT5G44950,-0.00024312858
AT5G44960,0.0001882019
AT5G44970,0.0
AT5G44973,0.011443997
AT5G44980,0.081425324
AT5G44990,1.4657099
AT5G45000,0.78273356
AT5G45010,0.5829448
AT5G45020,-0.1931768
AT5G45030,0.15150513
AT5G45040,-0.31740373
AT5G45050,-0.08802702
AT5G45060,-0.18430245
AT5G45070,0.15492947
AT5G45080,0.16917048
AT5G45090,0.5684688
AT5G45095,0.048446413
AT5G45100,0.5046315
AT5G45105,0.0
AT5G45110,0.32615793
AT5G45113,-0.008395345
AT5G45115,-0.047429588
AT5G45120,-0.00034749886
AT5G45130,0.1541069
AT5G45140,0.0062576816
AT5G45150,-0.07547322
AT5G45160,0.22878401
AT5G45170,-0.20822676
AT5G45180,0.090297334
AT5G45190,-0.027861461
AT5G45200,0.004947795
AT5G45210,-0.0018215405
AT5G45220,-0.083279766
AT5G45230,0.0010851609
AT5G45240,0.39503828
AT5G45250,-0.14940749
AT5G45260,-0.11980473
AT5G45275,0.053661894
AT5G45277,0.0
AT5G45280,-0.028448835
AT5G45290,-0.31336942
AT5G45300,-0.15591472
AT5G45310,-0.25697923
AT5G45320,-0.07694438
AT5G45330,-0.01621701
AT5G45340,-0.6143067
AT5G45350,0.33382878
AT5G45360,0.41937262
AT5G45370,0.22374946
AT5G45380,0.92632556
AT5G45390,0.059640247
AT5G45400,0.11595222
AT5G45410,0.42437932
AT5G45420,0.027962215
AT5G45430,-0.05768734
AT5G45440,0.016844807
AT5G45450,0.0007355987
AT5G45455,-0.030875739
AT5G45460,0.0075683487
AT5G45469,-0.10300909
AT5G45470,0.33887345
AT5G45480,0.3765894
AT5G45490,0.37885746
AT5G45500,0.30573308
AT5G45510,0.4101451
AT5G45520,-0.12297533
AT5G45530,-0.33132994
AT5G45540,-0.35901153
AT5G45550,0.2064277
AT5G45560,-0.2565767
AT5G45570,0.183986
AT5G45573,-0.00026948788
AT5G45580,-0.009885442
AT5G45590,-0.10154466
AT5G45600,-0.016411467
AT5G45610,-0.2143445
AT5G45620,0.34887138
AT5G45630,0.667026
AT5G45640,0.002642011
AT5G45650,-0.3471058
AT5G45660,0.12700108
AT5G45670,-0.45127794
AT5G45680,-0.71582717
AT5G45690,-0.0593429
AT5G45700,-0.28390184
AT5G45710,-0.026762985
AT5G45720,-0.17526118
AT5G45730,-0.095336094
AT5G45740,-0.085819446
AT5G45750,0.2726617
AT5G45760,-0.32490498
AT5G45770,0.0020489325
AT5G45780,0.15340002
AT5G45790,-0.16811514
AT5G45800,0.35261393
AT5G45810,0.20797001
AT5G45820,-0.8001445
AT5G45830,-0.53427285
AT5G45840,-0.18645847
AT5G45850,0.07248982
AT5G45860,0.041629337
AT5G45870,0.0038664665
AT5G45875,-3.961841e-06
AT5G45880,0.0015267826
AT5G45890,-0.18349335
AT5G45900,0.75366336
AT5G45910,0.0019387116
AT5G45920,-0.30910692
AT5G45930,-0.50513405
AT5G45940,-0.42426997
AT5G45950,-0.9046113
AT5G45960,-0.08147213
AT5G45970,0.0023990201
AT5G45980,-0.00029686795
AT5G45990,0.19043887
AT5G46000,0.0
AT5G46010,0.056065332
AT5G46020,-0.012062275
AT5G46025,1.5204859e-05
AT5G46030,0.30307075
AT5G46040,0.004046893
AT5G46050,0.72036695
AT5G46060,0.014318628
AT5G46070,0.0042820536
AT5G46080,0.1021837
AT5G46085,0.0028474592
AT5G46090,0.038784925
AT5G46100,-0.054106485
AT5G46110,-0.52877074
AT5G46115,0.12195929
AT5G46130,-0.012358305
AT5G46140,-0.1100221
AT5G46150,0.03928597
AT5G46160,-0.07964159
AT5G46170,-0.07799052
AT5G46180,0.58316976
AT5G46190,-0.01307418
AT5G46200,0.008198385
AT5G46210,-0.046903692
AT5G46220,-0.26286218
AT5G46230,0.83909255
AT5G46240,0.46209848
AT5G46250,0.20382176
AT5G46260,0.40515175
AT5G46270,-0.13689776
AT5G46280,-0.11419894
AT5G46290,-0.23183627
AT5G46295,0.040237103
AT5G46297,0.0
AT5G46300,0.0
AT5G46310,0.0
AT5G46320,0.00020239249
AT5G46330,0.14257635
AT5G46340,0.11134689
AT5G46350,1.6475247
AT5G46360,0.11656873
AT5G46370,-0.021814497
AT5G46380,0.0032883154
AT5G46390,-0.12517677
AT5G46395,0.006453261
AT5G46400,-0.08278797
AT5G46410,0.23604679
AT5G46420,-0.2566496
AT5G46430,0.008088383
AT5G46440,-0.07419868
AT5G46450,-0.07812589
AT5G46460,-0.010363623
AT5G46470,0.119981155
AT5G46490,0.04104853
AT5G46500,-0.08908758
AT5G46510,-0.53406763
AT5G46520,0.44761392
AT5G46530,-0.10410656
AT5G46540,-0.024248514
AT5G46550,-0.013766243
AT5G46560,0.08619266
AT5G46570,-0.32360685
AT5G46580,-0.07883297
AT5G46590,0.43895003
AT5G46600,-0.06716813
AT5G46610,0.14613986
AT5G46620,0.044544272
AT5G46630,0.35457736
AT5G46640,-0.21251945
AT5G46650,0.00087248674
AT5G46660,0.08549612
AT5G46670,0.07696663
AT5G46680,0.011661853
AT5G46690,-0.5745921
AT5G46700,-0.3902564
AT5G46710,-0.0113359485
AT5G46720,0.18674032
AT5G46730,0.38617268
AT5G46740,0.036822394
AT5G46750,0.38438645
AT5G46760,0.30465767
AT5G46770,0.17686997
AT5G46780,0.5157497
AT5G46790,0.034581907
AT5G46795,-0.0020893088
AT5G46800,-0.11530026
AT5G46810,-4.911588e-05
AT5G46820,-6.359811e-05
AT5G46825,0.00063490926
AT5G46830,0.0886309
AT5G46840,0.23493652
AT5G46850,0.0783039
AT5G46860,0.3137106
AT5G46870,0.09565914
AT5G46871,0.13172868
AT5G46873,1.0781774e-05
AT5G46874,-0.0066673057
AT5G46877,8.693094e-06
AT5G46880,-0.29997095
AT5G46890,0.003087584
AT5G46900,0.01542631
AT5G46910,0.70236295
AT5G46915,-0.09562776
AT5G46920,0.30150688
AT5G46930,0.000910765
AT5G46940,0.00020225185
AT5G46950,0.09064664
AT5G46960,0.7568593
AT5G46970,0.00016446415
AT5G46980,0.0
AT5G46990,6.921573e-06
AT5G47000,0.009762407
AT5G47010,0.05274297
AT5G47020,-0.2058232
AT5G47030,0.07091939
AT5G47040,-0.1843287
AT5G47050,0.5609359
AT5G47060,0.69212824
AT5G47070,0.19385572
AT5G47075,0.0
AT5G47077,0.00090261013
AT5G47080,0.2177736
AT5G47090,0.15564044
AT5G47100,-0.102839805
AT5G47110,-0.3933609
AT5G47120,0.36153635
AT5G47130,0.61249185
AT5G47140,0.6690689
AT5G47150,0.0051826206
AT5G47160,-0.19610767
AT5G47170,-0.019107714
AT5G47175,0.001776397
AT5G47180,0.29225373
AT5G47190,-0.52834797
AT5G47200,0.50206053
AT5G47210,0.019928472
AT5G47220,-0.13136996
AT5G47229,-0.0024151318
AT5G47230,0.31175828
AT5G47240,0.07485959
AT5G47250,0.11472597
AT5G47260,-0.020279134
AT5G47280,-0.00017275338
AT5G47290,0.0
AT5G47300,0.0
AT5G47310,0.2021707
AT5G47320,0.22919641
AT5G47330,0.25711375
AT5G47340,0.00467701
AT5G47350,-0.016817214
AT5G47360,-0.020024063
AT5G47370,-0.20569447
AT5G47380,-0.57633704
AT5G47390,-0.2264421
AT5G47400,0.13230929
AT5G47420,0.11231762
AT5G47430,0.05862931
AT5G47435,0.07947377
AT5G47440,-0.4786278
AT5G47450,0.01687456
AT5G47455,0.14911617
AT5G47460,-0.060485836
AT5G47470,0.0025980214
AT5G47480,0.0729429
AT5G47490,-0.09374956
AT5G47500,-0.23060016
AT5G47510,-0.0911043
AT5G47520,-0.022824842
AT5G47530,0.009221636
AT5G47540,-0.35738274
AT5G47550,0.2217207
AT5G47560,0.40160894
AT5G47570,0.34475243
AT5G47580,0.32798454
AT5G47590,0.0065458817
AT5G47600,0.10753528
AT5G47610,-0.41231173
AT5G47620,-0.012682322
AT5G47630,-0.09467147
AT5G47635,0.12331519
AT5G47640,-0.39912525
AT5G47650,0.044889927
AT5G47660,0.13002296
AT5G47670,0.05220301
AT5G47680,0.021313315
AT5G47690,-0.03164237
AT5G47700,0.06087715
AT5G47710,-0.038386952
AT5G47720,-0.15964627
AT5G47730,0.57780206
AT5G47740,0.911712
AT5G47750,0.12459617
AT5G47760,0.27332562
AT5G47770,-0.08322475
AT5G47780,-0.11195825
AT5G47790,0.16413413
AT5G47800,-0.20748404
AT5G47810,-0.027988704
AT5G47820,-0.28732452
AT5G47830,0.07945327
AT5G47840,-0.21033655
AT5G47850,0.060202558
AT5G47860,0.39380318
AT5G47870,0.040807676
AT5G47880,0.51162446
AT5G47890,0.13628955
AT5G47900,-0.36494443
AT5G47910,0.07626742
AT5G47920,0.05024936
AT5G47930,0.30847514
AT5G47940,-0.0040537277
AT5G47950,5.047458e-05
AT5G47960,0.3045133
AT5G47970,-0.2030653
AT5G47980,0.017658873
AT5G47990,0.0026228477
AT5G48000,0.04852292
AT5G48010,0.07449536
AT5G48020,0.3397466
AT5G48030,0.18648453
AT5G48040,0.07927541
AT5G48050,-0.05642892
AT5G48060,-0.28546858
AT5G48070,0.00916815
AT5G48090,-0.021049138
AT5G48100,-0.0056896773
AT5G48110,-0.016801836
AT5G48120,0.08456643
AT5G48130,0.0028327815
AT5G48140,0.000105444786
AT5G48150,-0.21707898
AT5G48160,0.33915594
AT5G48170,0.024925964
AT5G48175,0.026042905
AT5G48180,1.3463583
AT5G48200,0.0
AT5G48205,0.00080422976
AT5G48210,0.0
AT5G48220,-0.30275333
AT5G48230,-0.08643067
AT5G48240,0.30584592
AT5G48250,0.34028113
AT5G48270,0.00015038534
AT5G48280,0.0
AT5G48290,0.22304626
AT5G48300,-0.18178697
AT5G48310,-0.122523755
AT5G48320,-0.14845558
AT5G48330,0.04226504
AT5G48335,0.104884505
AT5G48340,0.04190027
AT5G48350,-0.009452306
AT5G48360,-0.6927727
AT5G48370,0.1546326
AT5G48375,-0.0028561552
AT5G48380,0.24005271
AT5G48385,0.13614699
AT5G48390,0.1656967
AT5G48400,1.695623
AT5G48410,2.0741537
AT5G48420,0.0
AT5G48430,0.22660698
AT5G48440,0.27223524
AT5G48450,-0.54986936
AT5G48460,-0.926285
AT5G48470,-0.16569062
AT5G48480,0.24586444
AT5G48485,-0.49585006
AT5G48490,-1.0410718
AT5G48500,0.15122981
AT5G48510,0.002798029
AT5G48515,0.0
AT5G48520,-0.16959569
AT5G48530,0.078274146
AT5G48540,0.40174592
AT5G48543,0.0007766035
AT5G48545,-0.3786229
AT5G48550,-0.004710087
AT5G48560,0.115652785
AT5G48570,0.095323265
AT5G48575,-0.0013679403
AT5G48580,0.058307532
AT5G48590,-0.011135215
AT5G48595,0.0
AT5G48600,-0.22950014
AT5G48605,0.0
AT5G48610,-0.00964992
AT5G48620,-0.23161277
AT5G48630,-0.09704345
AT5G48640,0.14012663
AT5G48650,0.21015497
AT5G48655,0.0035520634
AT5G48657,0.79320645
AT5G48660,-0.42368078
AT5G48670,0.024822699
AT5G48680,0.26376644
AT5G48690,-0.085710466
AT5G48700,7.788519e-05
AT5G48710,-0.0142552145
AT5G48720,0.31920138
AT5G48730,0.024804857
AT5G48740,-0.12075223
AT5G48750,0.00035311552
AT5G48760,-0.054279268
AT5G48770,0.15218464
AT5G48780,-0.033724107
AT5G48790,-0.48344916
AT5G48800,-0.21545348
AT5G48810,0.16547604
AT5G48820,0.1584954
AT5G48830,-0.28131676
AT5G48840,-0.12376493
AT5G48850,-0.011979007
AT5G48860,0.00012669366
AT5G48870,0.14044523
AT5G48880,0.2320573
AT5G48890,0.008916977
AT5G48900,-1.0706774
AT5G48905,9.998615e-06
AT5G48910,-0.35571522
AT5G48920,0.047249075
AT5G48930,0.13228147
AT5G48940,-0.06148071
AT5G48945,-0.00024682266
AT5G48950,-0.10914669
AT5G48953,0.0004583283
AT5G48960,-0.09815218
AT5G48970,0.3047523
AT5G48980,0.008711641
AT5G48990,-0.14812598
AT5G49000,0.114852294
AT5G49010,-0.057070926
AT5G49015,0.5621909
AT5G49020,-0.07418844
AT5G49030,-0.34565204
AT5G49040,0.001692466
AT5G49050,-0.00067738
AT5G49060,0.22853768
AT5G49070,0.020962402
AT5G49100,-0.73555875
AT5G49110,-0.08964869
AT5G49120,-0.04344413
AT5G49130,-0.056824353
AT5G49140,0.0014945094
AT5G49150,-0.041510202
AT5G49160,-0.23070386
AT5G49170,-0.38232037
AT5G49180,-0.0025879936
AT5G49190,0.11041867
AT5G49200,0.17196263
AT5G49210,0.27781057
AT5G49215,-0.40537384
AT5G49220,0.17929496
AT5G49230,-0.07780584
AT5G49240,-0.00082901807
AT5G49250,-0.0026978976
AT5G49260,-7.202172e-05
AT5G49270,0.0006463109
AT5G49280,-0.13367316
AT5G49290,-0.17321558
AT5G49300,0.07780838
AT5G49305,-0.012449887
AT5G49310,0.0002333979
AT5G49320,0.15987425
AT5G49330,0.12890123
AT5G49340,-0.0057730945
AT5G49350,-0.0017820774
AT5G49360,0.18322568
AT5G49390,-0.3350314
AT5G49400,0.31023082
AT5G49410,0.12601715
AT5G49420,-0.031202242
AT5G49430,-0.07875871
AT5G49440,0.008893823
AT5G49450,0.59937996
AT5G49460,-0.13107502
AT5G49470,0.07421331
AT5G49480,0.63190705
AT5G49490,0.0020213316
AT5G49500,-0.1871704
AT5G49510,-0.050924663
AT5G49520,0.7121452
AT5G49525,0.33968815
AT5G49530,-0.0021146107
AT5G49540,0.11006033
AT5G49550,0.27420798
AT5G49555,-0.3068193
AT5G49560,0.033206347
AT5G49570,0.6720757
AT5G49580,-0.012757647
AT5G49590,-0.023870647
AT5G49600,0.40759337
AT5G49610,0.072681755
AT5G49620,0.31053364
AT5G49630,-0.2974446
AT5G49640,-0.0014846345
AT5G49645,0.19982508
AT5G49650,0.102864034
AT5G49660,-0.12244715
AT5G49665,0.59243363
AT5G49680,0.89775485
AT5G49690,1.4137423
AT5G49700,1.0740795
AT5G49710,0.3487014
AT5G49720,-0.21544373
AT5G49730,-1.4455398
AT5G49740,-0.41762263
AT5G49750,-0.00018439633
AT5G49760,0.40807825
AT5G49770,0.009347909
AT5G49780,-0.019623404
AT5G49800,-0.44672674
AT5G49810,0.07789041
AT5G49820,-0.22730693
AT5G49830,0.26997706
AT5G49840,0.12164489
AT5G49850,0.02319978
AT5G49860,-0.0008777414
AT5G49870,-0.00084476813
AT5G49880,0.042319745
AT5G49890,0.28495112
AT5G49900,0.042681888
AT5G49910,0.0342514
AT5G49920,-0.0024869707
AT5G49930,0.14987952
AT5G49940,0.1416068
AT5G49945,-0.092905305
AT5G49950,0.20848814
AT5G49960,-0.2762151
AT5G49970,-0.034728386
AT5G49980,-0.07640871
AT5G49990,-0.2472147
AT5G50000,-0.292396
AT5G50010,-0.407402
AT5G50020,-0.13625918
AT5G50030,0.0014026272
AT5G50040,0.0008726761
AT5G50050,0.00090872264
AT5G50060,-0.0050268937
AT5G50070,0.0040247226
AT5G50080,0.08330854
AT5G50090,0.02759391
AT5G50100,0.24807094
AT5G50110,-0.10500784
AT5G50115,4.653911e-05
AT5G50120,-0.017280158
AT5G50130,-0.13200487
AT5G50140,0.023851035
AT5G50150,-0.20228134
AT5G50160,0.070675544
AT5G50170,0.17551936
AT5G50175,0.012534828
AT5G50180,-0.26422897
AT5G50200,1.3956014
AT5G50210,0.04408633
AT5G50220,0.0002962154
AT5G50230,0.22269687
AT5G50240,-0.0056440043
AT5G50250,-0.21148393
AT5G50260,0.0032654733
AT5G50270,0.0011118437
AT5G50280,-0.27471408
AT5G50290,-0.079585105
AT5G50300,0.08698839
AT5G50310,0.013190213
AT5G50320,0.5577038
AT5G50330,0.47227332
AT5G50335,-0.74791634
AT5G50340,0.019293575
AT5G50345,0.0
AT5G50350,0.4040366
AT5G50360,1.2803549
AT5G50361,0.04515121
AT5G50365,0.0
AT5G50370,0.114208505
AT5G50375,-0.07145613
AT5G50380,0.31733656
AT5G50390,-0.004958819
AT5G50400,0.07655777
AT5G50410,-0.020120416
AT5G50420,-0.41641828
AT5G50423,-0.00077533827
AT5G50430,0.09944661
AT5G50440,-0.07116218
AT5G50443,0.049483165
AT5G50450,-0.22079225
AT5G50460,0.46241623
AT5G50470,0.092385866
AT5G50480,0.0010800061
AT5G50490,0.00033884874
AT5G50500,0.0
AT5G50510,0.0
AT5G50520,0.2768188
AT5G50530,-0.21986818
AT5G50540,0.0025977201
AT5G50550,-0.09953567
AT5G50560,1.1195378
AT5G50562,0.006559169
AT5G50565,0.476585
AT5G50570,0.22136809
AT5G50580,0.06328709
AT5G50590,0.0
AT5G50600,0.23161133
AT5G50610,-0.059392843
AT5G50640,-0.094811976
AT5G50670,0.012071947
AT5G50680,0.28747073
AT5G50690,0.094574265
AT5G50700,0.0058664125
AT5G50720,-0.26756403
AT5G50740,-0.9356462
AT5G50750,0.026034968
AT5G50760,1.8153919
AT5G50770,0.0063876417
AT5G50780,0.36323646
AT5G50790,0.019360535
AT5G50800,-0.54249537
AT5G50810,0.21740204
AT5G50820,-0.011189868
AT5G50830,0.00027185885
AT5G50840,0.24461181
AT5G50850,0.31385672
AT5G50870,0.30306372
AT5G50890,-0.42695278
AT5G50900,-0.17412762
AT5G50910,0.0
AT5G50915,-0.533465
AT5G50920,0.030075358
AT5G50930,0.2025038
AT5G50940,0.47352886
AT5G50950,-0.08540192
AT5G50960,0.49854127
AT5G50970,-0.13030063
AT5G50990,-0.04689891
AT5G51000,0.00026565284
AT5G51010,-0.26922798
AT5G51020,-0.13569055
AT5G51030,0.12953568
AT5G51040,0.59451437
AT5G51050,0.22200762
AT5G51060,0.8488373
AT5G51070,0.995888
AT5G51080,-0.14023627
AT5G51090,0.0027647328
AT5G51100,-0.037465636
AT5G51105,0.020638134
AT5G51110,-0.4615149
AT5G51120,0.07376419
AT5G51130,0.53183156
AT5G51140,-0.05935053
AT5G51150,0.018451199
AT5G51160,0.12912486
AT5G51170,0.33125862
AT5G51180,-0.001973465
AT5G51190,-0.052631017
AT5G51195,0.0
AT5G51200,-0.25540602
AT5G51210,-0.0014919696
AT5G51220,0.26979673
AT5G51230,-0.026147358
AT5G51250,0.0005150415
AT5G51260,0.106834896
AT5G51270,-0.046401598
AT5G51280,0.4937711
AT5G51290,0.24211985
AT5G51300,0.082695
AT5G51310,-0.029456252
AT5G51330,-0.059508443
AT5G51340,0.24047992
AT5G51350,-0.20860867
AT5G51360,-0.00050660083
AT5G51370,-0.040263433
AT5G51380,0.27037048
AT5G51390,0.18119076
AT5G51400,0.31732696
AT5G51410,0.027231442
AT5G51420,0.027859846
AT5G51430,0.19947438
AT5G51440,0.8179458
AT5G51450,0.38383338
AT5G51451,-0.03854111
AT5G51460,-0.75931555
AT5G51465,1.2518045
AT5G51470,-0.09297547
AT5G51480,0.030728145
AT5G51490,-0.009227156
AT5G51500,-0.00892357
AT5G51510,0.39370692
AT5G51520,-0.0008404402
AT5G51530,-0.11725433
AT5G51540,-0.046258923
AT5G51545,-0.53257763
AT5G51550,-0.60330445
AT5G51560,-0.5579901
AT5G51570,0.63442236
AT5G51580,0.10267819
AT5G51585,0.0023678255
AT5G51590,0.2924529
AT5G51600,-0.09978018
AT5G51610,-0.00045202332
AT5G51620,0.048478153
AT5G51630,0.52574307
AT5G51640,0.77402127
AT5G51650,7.5894124e-05
AT5G51660,0.016570223
AT5G51670,-0.13629672
AT5G51680,1.076335
AT5G51690,-0.008417892
AT5G51700,0.35239935
AT5G51710,0.55486345
AT5G51720,-1.0491182
AT5G51730,-0.20354007
AT5G51740,0.6934738
AT5G51750,-0.11075621
AT5G51760,0.23452644
AT5G51770,0.5326728
AT5G51780,0.007813126
AT5G51790,-0.016021114
AT5G51795,-0.21860933
AT5G51800,0.009680874
AT5G51810,0.01653038
AT5G51820,-0.33668193
AT5G51830,0.9711148
AT5G51840,-0.009354781
AT5G51845,0.0018371001
AT5G51850,-0.20309837
AT5G51860,-0.00217321
AT5G51870,-0.0042594364
AT5G51880,0.27890986
AT5G51890,0.2975752
AT5G51900,0.00062374625
AT5G51910,-0.27783892
AT5G51915,-0.0007853722
AT5G51920,-0.346527
AT5G51930,0.013021592
AT5G51940,0.26292747
AT5G51950,0.14246668
AT5G51960,0.02472946
AT5G51970,-0.34089723
AT5G51980,0.058167055
AT5G51990,-0.1785131
AT5G52000,-0.022491561
AT5G52010,-0.21344472
AT5G52020,-0.31142923
AT5G52030,-0.17522922
AT5G52040,0.21227126
AT5G52045,-0.00078411185
AT5G52050,0.7786385
AT5G52060,-0.20726898
AT5G52070,0.07478526
AT5G52080,8.343491e-05
AT5G52090,-0.0014282552
AT5G52100,-0.8280348
AT5G52110,-0.1883329
AT5G52115,9.6627635e-05
AT5G52120,0.11653203
AT5G52130,0.00012895427
AT5G52140,0.0
AT5G52150,0.0
AT5G52155,0.0
AT5G52160,-0.023177397
AT5G52170,-0.06844645
AT5G52180,-0.19872423
AT5G52190,-0.07298139
AT5G52200,0.04994715
AT5G52210,0.10888867
AT5G52220,-0.025591446
AT5G52230,-0.23371935
AT5G52240,0.30272263
AT5G52250,0.16386169
AT5G52260,0.08591471
AT5G52270,-0.037471887
AT5G52280,-0.44990215
AT5G52290,-0.03817303
AT5G52300,0.50814545
AT5G52310,0.0941866
AT5G52320,-0.41783196
AT5G52330,0.026119798
AT5G52340,-0.009430661
AT5G52350,0.018152304
AT5G52360,8.1091595e-05
AT5G52370,0.05387254
AT5G52380,0.07283145
AT5G52390,1.0467205
AT5G52400,0.03291369
AT5G52410,-0.22517028
AT5G52420,0.051455453
AT5G52430,-0.006646748
AT5G52440,-0.1337289
AT5G52450,1.1342586
AT5G52460,0.0
AT5G52470,0.22136942
AT5G52480,8.781306e-05
AT5G52490,-0.00078734785
AT5G52500,0.0013621576
AT5G52510,0.41097787
AT5G52520,-0.08055131
AT5G52530,0.0046725674
AT5G52540,0.4581517
AT5G52545,-0.06339881
AT5G52547,-0.08910279
AT5G52550,0.07657687
AT5G52560,0.08992329
AT5G52570,-0.07444986
AT5G52580,0.14254759
AT5G52600,-0.02320609
AT5G52605,0.0
AT5G52610,0.0017952431
AT5G52620,0.019464038
AT5G52630,-0.009876069
AT5G52640,0.93227965
AT5G52650,0.22319937
AT5G52655,0.0015590077
AT5G52660,0.1454752
AT5G52670,0.06882497
AT5G52680,0.09183136
AT5G52690,0.0037365623
AT5G52700,0.0056093037
AT5G52710,0.08399271
AT5G52720,1.3506322
AT5G52730,0.7140295
AT5G52740,0.18919174
AT5G52750,0.5201826
AT5G52760,0.82844263
AT5G52770,0.10175326
AT5G52780,-0.4064821
AT5G52790,0.0031050525
AT5G52800,0.08300488
AT5G52810,1.0806772
AT5G52820,0.5543396
AT5G52830,0.15303582
AT5G52840,0.12687464
AT5G52850,0.009710837
AT5G52860,0.07351501
AT5G52870,0.09952111
AT5G52880,0.12685998
AT5G52882,0.028009092
AT5G52890,0.06490901
AT5G52900,0.020834262
AT5G52910,0.037760325
AT5G52920,-0.17281082
AT5G52930,0.008121062
AT5G52940,0.18838905
AT5G52950,0.039408047
AT5G52960,-0.31937835
AT5G52965,-0.013215674
AT5G52970,-0.4929186
AT5G52975,0.0010547419
AT5G52980,0.43300942
AT5G52990,0.27057102
AT5G53000,0.36216408
AT5G53010,0.05199384
AT5G53020,-0.23023733
AT5G53030,0.40755394
AT5G53040,0.0007157157
AT5G53045,0.03297106
AT5G53050,-0.07753334
AT5G53060,-0.21552795
AT5G53070,-0.19083196
AT5G53080,-0.16175012
AT5G53090,-0.04135001
AT5G53100,0.0012083747
AT5G53110,0.5305753
AT5G53120,1.0030937
AT5G53130,-0.035225153
AT5G53140,-0.021367107
AT5G53150,-0.088138506
AT5G53160,0.12366743
AT5G53170,-0.29352143
AT5G53180,0.23256093
AT5G53190,-0.004784871
AT5G53200,-0.17388937
AT5G53210,0.031910684
AT5G53220,-0.15422383
AT5G53230,0.006787065
AT5G53240,0.0063358196
AT5G53250,-0.059326332
AT5G53260,0.00050035125
AT5G53270,-0.0011295533
AT5G53280,-0.16570446
AT5G53290,0.76862776
AT5G53300,0.23062956
AT5G53310,0.027404418
AT5G53320,0.43698248
AT5G53330,0.53029597
AT5G53340,-0.039320324
AT5G53350,0.19318359
AT5G53360,0.48496422
AT5G53370,-0.039166223
AT5G53380,-0.00017739211
AT5G53390,0.006324248
AT5G53400,0.5742401
AT5G53410,0.0
AT5G53420,0.52838975
AT5G53430,0.06908333
AT5G53440,0.023024814
AT5G53450,0.22551313
AT5G53460,-0.0013528496
AT5G53470,0.13643536
AT5G53480,0.019827716
AT5G53486,0.7263823
AT5G53490,-0.62792087
AT5G53500,-0.8640104
AT5G53510,0.00047291032
AT5G53520,-0.0002719352
AT5G53530,0.15201265
AT5G53540,0.38960937
AT5G53550,0.17282332
AT5G53560,0.3055815
AT5G53570,-0.085276544
AT5G53580,-0.26069883
AT5G53590,0.89540106
AT5G53592,-0.087407544
AT5G53600,0.0012040491
AT5G53610,0.0025760992
AT5G53620,-0.091145545
AT5G53635,0.0
AT5G53637,0.00012941578
AT5G53640,0.00038322894
AT5G53650,0.45424324
AT5G53660,0.0010190111
AT5G53670,3.1243886e-05
AT5G53680,0.019238623
AT5G53700,0.18213823
AT5G53710,0.015763838
AT5G53720,0.0023495445
AT5G53730,0.08772052
AT5G53740,0.005878929
AT5G53742,0.0059584384
AT5G53750,-0.025688551
AT5G53760,-0.09830277
AT5G53770,0.33383262
AT5G53780,0.0019490771
AT5G53790,7.582468e-05
AT5G53800,0.047347374
AT5G53810,0.026192501
AT5G53820,0.7991399
AT5G53830,0.46671033
AT5G53840,0.008886792
AT5G53850,-0.14870517
AT5G53860,-0.308583
AT5G53870,0.5642635
AT5G53880,-0.4589833
AT5G53890,-0.062556595
AT5G53895,0.002455764
AT5G53900,-0.4819351
AT5G53905,0.0029348235
AT5G53910,0.0
AT5G53920,0.2233732
AT5G53930,-0.051968277
AT5G53940,-0.100798905
AT5G53950,-0.034179974
AT5G53960,0.00576245
AT5G53970,0.72553515
AT5G53980,-0.003922018
AT5G53990,0.7125244
AT5G54000,0.3322251
AT5G54010,0.00038984162
AT5G54020,0.100870565
AT5G54030,-0.0011441599
AT5G54035,1.307096e-05
AT5G54040,0.29375407
AT5G54043,0.00013983935
AT5G54050,0.0007249066
AT5G54060,-0.102197155
AT5G54062,0.0011474235
AT5G54067,0.00025404725
AT5G54070,0.0011484891
AT5G54080,0.4583148
AT5G54090,0.00896054
AT5G54095,0.15772064
AT5G54100,1.0240732
AT5G54110,0.1222385
AT5G54130,-0.02395042
AT5G54140,0.33568627
AT5G54145,-0.1261473
AT5G54148,0.014236401
AT5G54150,0.003054716
AT5G54160,0.5386474
AT5G54165,1.0619491
AT5G54170,0.21965799
AT5G54180,-0.04198187
AT5G54190,-0.26091447
AT5G54200,-0.31430498
AT5G54210,0.0
AT5G54215,0.0
AT5G54220,-0.0067349877
AT5G54225,-0.00017878774
AT5G54230,0.5017227
AT5G54240,0.30442843
AT5G54250,0.14255783
AT5G54260,-0.035730906
AT5G54270,-0.66576356
AT5G54280,-0.14884715
AT5G54290,0.013294462
AT5G54300,0.45562297
AT5G54310,0.32339853
AT5G54320,6.324058e-06
AT5G54330,-4.6445097e-05
AT5G54340,0.0
AT5G54350,0.0
AT5G54360,-7.4429394e-05
AT5G54370,0.013611426
AT5G54380,-0.19240244
AT5G54390,0.5631765
AT5G54400,0.71347773
AT5G54410,0.00016468366
AT5G54420,-5.6600275e-05
AT5G54430,0.27659714
AT5G54440,-0.015005681
AT5G54450,0.30095404
AT5G54460,-0.00022795355
AT5G54470,-0.2515845
AT5G54480,0.0008964664
AT5G54490,0.5275993
AT5G54500,0.9886287
AT5G54510,1.5851594
AT5G54520,0.11482548
AT5G54530,-0.2495227
AT5G54540,0.14513353
AT5G54550,0.11748689
AT5G54560,0.30878738
AT5G54570,0.17683825
AT5G54580,0.13937576
AT5G54585,-0.6901242
AT5G54590,-0.109811686
AT5G54600,-0.49467266
AT5G54610,0.8705568
AT5G54620,0.015395716
AT5G54630,-0.44616625
AT5G54640,0.1817644
AT5G54650,0.58306
AT5G54660,-0.0049872305
AT5G54670,-0.010820756
AT5G54680,0.13561364
AT5G54690,0.07208223
AT5G54700,0.25004578
AT5G54710,0.123053506
AT5G54720,-0.04434765
AT5G54730,0.25050518
AT5G54740,0.018618071
AT5G54745,5.522337e-05
AT5G54750,0.19221482
AT5G54760,0.33660248
AT5G54770,-0.08875038
AT5G54780,0.6022006
AT5G54790,0.0015475776
AT5G54800,-0.08360735
AT5G54810,1.0598781
AT5G54820,0.0027960718
AT5G54830,0.11961964
AT5G54840,0.7732877
AT5G54850,0.13355322
AT5G54855,0.11605971
AT5G54860,0.58575565
AT5G54870,0.4121327
AT5G54880,-0.31657732
AT5G54890,-0.24230869
AT5G54900,0.42903882
AT5G54910,-0.04497427
AT5G54920,0.23412378
AT5G54930,0.33648348
AT5G54940,0.16668524
AT5G54950,0.008153633
AT5G54960,0.4582864
AT5G54970,0.33161655
AT5G54980,-0.5940903
AT5G54990,0.009854057
AT5G55000,0.32453358
AT5G55010,0.029237825
AT5G55020,-0.019479254
AT5G55040,-0.06837676
AT5G55050,0.13694742
AT5G55060,-0.004459033
AT5G55070,0.5680042
AT5G55080,0.0015624618
AT5G55090,0.3356805
AT5G55100,0.10762752
AT5G55110,0.0047286157
AT5G55120,0.3400429
AT5G55125,-0.017597314
AT5G55130,0.4636388
AT5G55131,0.0
AT5G55132,0.00014948967
AT5G55135,0.11960759
AT5G55140,0.031888038
AT5G55150,0.27717215
AT5G55160,0.073992714
AT5G55170,0.52464193
AT5G55180,0.60843164
AT5G55190,0.27390215
AT5G55200,0.64825696
AT5G55210,-0.33506483
AT5G55220,-0.8867807
AT5G55230,-0.34358612
AT5G55240,-0.0050988877
AT5G55250,-0.51572305
AT5G55260,-0.08955702
AT5G55270,-0.02360422
AT5G55280,-0.11978318
AT5G55290,0.20101301
AT5G55300,-0.04591449
AT5G55310,0.05306412
AT5G55320,0.00023169135
AT5G55330,0.0013010871
AT5G55340,-0.002661524
AT5G55350,-0.00078969623
AT5G55360,0.002631595
AT5G55370,0.020873304
AT5G55380,-0.2668091
AT5G55390,0.04557096
AT5G55400,-0.15573719
AT5G55410,0.45846382
AT5G55430,0.02317553
AT5G55440,0.01052639
AT5G55450,1.227955
AT5G55460,0.18211117
AT5G55470,-0.23573092
AT5G55480,-0.5031382
AT5G55490,0.16758357
AT5G55500,0.17433144
AT5G55507,0.00016528051
AT5G55508,0.0
AT5G55510,0.20354225
AT5G55520,-0.17012365
AT5G55530,0.5587942
AT5G55540,-0.27363065
AT5G55550,0.024803815
AT5G55560,0.8182445
AT5G55565,0.0
AT5G55570,-0.16506356
AT5G55580,-0.11536933
AT5G55590,-0.049808342
AT5G55600,0.09899438
AT5G55610,0.2943587
AT5G55620,-0.48865563
AT5G55630,-0.068524905
AT5G55640,-0.024790132
AT5G55650,0.007997183
AT5G55660,-0.065793544
AT5G55670,-0.008656445
AT5G55680,-0.0074203652
AT5G55690,0.021665376
AT5G55700,0.4152448
AT5G55710,-0.13552085
AT5G55720,0.025629083
AT5G55730,-0.5088125
AT5G55740,-0.47874177
AT5G55750,-0.013446864
AT5G55760,-0.16082819
AT5G55770,-0.0068498636
AT5G55780,-0.008496893
AT5G55790,-0.18232305
AT5G55800,0.0012997696
AT5G55810,-0.12496765
AT5G55820,-0.07756518
AT5G55830,-0.05133523
AT5G55840,-0.15253289
AT5G55850,0.42829117
AT5G55855,0.00022948382
AT5G55856,0.0
AT5G55860,0.15452653
AT5G55870,0.0
AT5G55880,0.0006741517
AT5G55893,0.053746574
AT5G55900,-0.08663049
AT5G55910,-0.05462627
AT5G55920,0.16408247
AT5G55930,0.16922954
AT5G55940,0.13345268
AT5G55950,-0.24193054
AT5G55960,0.009282366
AT5G55970,-0.026706362
AT5G55980,0.029083304
AT5G55990,0.04958305
AT5G56000,0.09694138
AT5G56010,0.21194604
AT5G56020,0.1922862
AT5G56030,0.421888
AT5G56040,-0.26355287
AT5G56050,0.42512515
AT5G56060,0.051966306
AT5G56070,0.0006900562
AT5G56075,0.0006613155
AT5G56080,-0.011689417
AT5G56090,0.4515175
AT5G56100,-0.0636231
AT5G56110,0.027906395
AT5G56120,-0.19246289
AT5G56130,-0.0556238
AT5G56140,0.27954498
AT5G56150,0.55097824
AT5G56160,-0.15511696
AT5G56170,0.11229938
AT5G56180,0.45969877
AT5G56190,0.56254935
AT5G56200,0.2732666
AT5G56210,-0.387095
AT5G56220,-0.19280237
AT5G56230,0.42995822
AT5G56240,0.16589774
AT5G56250,0.27239463
AT5G56260,0.13613376
AT5G56270,0.31759715
AT5G56280,0.0012324863
AT5G56290,0.011400712
AT5G56300,0.016036661
AT5G56310,-0.018180095
AT5G56320,-0.039078187
AT5G56325,-9.295311e-05
AT5G56330,0.0009875634
AT5G56340,0.25612232
AT5G56350,1.1314178
AT5G56360,0.014589148
AT5G56368,0.00037649053
AT5G56369,0.00033526073
AT5G56370,-0.30302384
AT5G56380,-0.2445603
AT5G56390,4.9347556e-05
AT5G56400,0.00072024163
AT5G56410,0.0005573056
AT5G56420,0.1685939
AT5G56430,-0.00090245134
AT5G56440,0.00047123208
AT5G56450,-0.14996839
AT5G56452,0.00026918497
AT5G56460,0.39045894
AT5G56470,0.0
AT5G56480,6.501973e-05
AT5G56490,-0.03533067
AT5G56500,-0.17457217
AT5G56510,0.085860536
AT5G56520,0.15621303
AT5G56530,-0.6479541
AT5G56540,-0.0533456
AT5G56550,-0.22647077
AT5G56555,0.0054269573
AT5G56560,0.0
AT5G56570,0.003675531
AT5G56580,-0.16224304
AT5G56590,-0.36634126
AT5G56600,-0.07118577
AT5G56610,0.26200798
AT5G56620,0.15478607
AT5G56630,0.5856273
AT5G56640,0.00073743664
AT5G56650,-0.05979846
AT5G56660,0.31641674
AT5G56680,0.25156003
AT5G56690,0.000105663086
AT5G56700,-0.08178692
AT5G56710,-0.0940281
AT5G56720,-0.05013778
AT5G56730,-0.06540505
AT5G56740,0.3106289
AT5G56750,0.48282972
AT5G56760,0.3145311
AT5G56770,0.0100932
AT5G56780,-0.39422598
AT5G56790,-0.09453327
AT5G56795,0.18994403
AT5G56800,0.0069392323
AT5G56810,-0.09286615
AT5G56820,0.0017569314
AT5G56840,0.02363927
AT5G56850,-1.0570871
AT5G56860,-0.42939538
AT5G56870,0.2221416
AT5G56880,0.17438984
AT5G56890,-0.16156924
AT5G56900,0.01409573
AT5G56910,-0.008181185
AT5G56920,-0.00018192777
AT5G56930,0.20072697
AT5G56940,0.17974319
AT5G56950,-0.061141983
AT5G56960,1.048108
AT5G56970,1.0461352
AT5G56980,0.4368701
AT5G56985,-0.22601332
AT5G56990,-0.2920753
AT5G57000,-0.008656026
AT5G57010,1.2942476
AT5G57015,0.09602188
AT5G57020,0.20118959
AT5G57030,-0.5789979
AT5G57035,0.61992526
AT5G57040,-0.16006304
AT5G57050,0.5065558
AT5G57060,0.45447865
AT5G57070,-0.10935342
AT5G57080,-0.028158087
AT5G57090,0.008398869
AT5G57100,-0.48870522
AT5G57110,0.06884915
AT5G57120,-0.022963446
AT5G57123,0.43387213
AT5G57130,-0.33866236
AT5G57140,-0.3132894
AT5G57150,0.8137317
AT5G57160,0.075765185
AT5G57170,-0.55599254
AT5G57180,-0.44304252
AT5G57190,0.24178182
AT5G57200,0.0024141462
AT5G57210,-0.19575576
AT5G57220,0.17917518
AT5G57230,0.1714248
AT5G57240,-0.075547226
AT5G57250,-0.07641968
AT5G57260,0.41554093
AT5G57270,-0.23765019
AT5G57280,0.3742823
AT5G57290,0.17475101
AT5G57300,0.046158664
AT5G57320,-0.013836731
AT5G57330,-0.025791109
AT5G57340,-0.09645505
AT5G57345,-0.381956
AT5G57350,0.24641742
AT5G57360,0.077128716
AT5G57370,0.061734166
AT5G57380,0.09468589
AT5G57390,0.23840193
AT5G57400,0.02232244
AT5G57410,0.0984686
AT5G57420,0.08129562
AT5G57440,-0.33010823
AT5G57450,0.18211912
AT5G57460,0.119004756
AT5G57480,1.391793
AT5G57490,0.16575572
AT5G57500,0.6487956
AT5G57510,1.5010898
AT5G57520,0.2884023
AT5G57530,0.019612798
AT5G57535,1.7190385e-05
AT5G57540,0.0011591137
AT5G57550,0.3193532
AT5G57560,-0.17628935
AT5G57565,-0.115979314
AT5G57567,-0.014211654
AT5G57569,0.004884322
AT5G57570,-0.11101834
AT5G57580,0.10883932
AT5G57590,-0.13790907
AT5G57610,-0.17445095
AT5G57620,-0.0013825141
AT5G57625,0.023661997
AT5G57630,0.17365476
AT5G57640,-0.035629362
AT5G57650,0.056097873
AT5G57655,0.7319955
AT5G57660,-0.34011412
AT5G57670,0.04588313
AT5G57685,-0.21256302
AT5G57690,-0.029942958
AT5G57700,-0.30240896
AT5G57710,-0.10271441
AT5G57720,0.0032740207
AT5G57740,0.14070077
AT5G57750,-0.00022783127
AT5G57760,-0.41604045
AT5G57770,-0.0068370122
AT5G57780,-0.6259651
AT5G57785,0.5680153
AT5G57790,-0.3515286
AT5G57800,0.06508518
AT5G57810,-0.022006482
AT5G57815,0.1852233
AT5G57820,0.008420763
AT5G57830,0.019168343
AT5G57840,0.13893263
AT5G57850,-0.06791679
AT5G57860,0.33253106
AT5G57870,0.20964731
AT5G57880,-0.17620124
AT5G57887,0.086002015
AT5G57890,-0.1959265
AT5G57900,0.4642074
AT5G57910,0.95226
AT5G57920,-0.0063493615
AT5G57930,-0.29415828
AT5G57940,-0.065269634
AT5G57950,0.30118737
AT5G57960,-0.11476476
AT5G57970,0.05677373
AT5G57980,0.06720036
AT5G57990,0.107294716
AT5G58000,-0.21627595
AT5G58003,0.00133574
AT5G58005,0.2417334
AT5G58010,0.0053055575
AT5G58020,0.38776818
AT5G58030,0.10214826
AT5G58040,0.018813549
AT5G58050,0.028113674
AT5G58060,0.4946597
AT5G58070,0.22088507
AT5G58080,0.07579298
AT5G58090,-0.44234785
AT5G58100,0.024536308
AT5G58110,0.21475136
AT5G58120,0.30938542
AT5G58130,0.07238859
AT5G58140,-0.52530515
AT5G58150,-0.098774366
AT5G58160,-0.045415383
AT5G58170,0.0013273166
AT5G58180,-0.010460231
AT5G58190,0.39305964
AT5G58200,0.018493006
AT5G58210,0.5260178
AT5G58220,0.27992496
AT5G58230,0.27240217
AT5G58240,0.14867891
AT5G58250,-0.25441837
AT5G58260,-0.8288122
AT5G58270,0.074079484
AT5G58280,0.0016552242
AT5G58290,0.9261425
AT5G58300,-0.31632304
AT5G58310,-0.7977967
AT5G58320,0.5502787
AT5G58330,-0.024248254
AT5G58340,-0.51906705
AT5G58350,0.9834712
AT5G58360,-0.06959445
AT5G58370,-0.18233208
AT5G58375,0.45610142
AT5G58380,0.26469317
AT5G58390,-0.29374626
AT5G58400,0.018076813
AT5G58410,0.18023473
AT5G58412,0.0013669766
AT5G58420,0.16323495
AT5G58430,0.1599248
AT5G58440,-0.15148292
AT5G58450,-0.0035410891
AT5G58460,-0.000717227
AT5G58470,0.19445746
AT5G58480,-0.51748395
AT5G58490,0.14583772
AT5G58500,-0.06136682
AT5G58510,0.10597199
AT5G58520,-0.15579544
AT5G58530,-0.068361975
AT5G58540,0.18855256
AT5G58550,-0.36267698
AT5G58560,0.04348536
AT5G58570,0.6602092
AT5G58575,0.1426429
AT5G58580,-0.17745684
AT5G58590,0.09508431
AT5G58600,0.05602129
AT5G58610,0.06883423
AT5G58620,0.38655576
AT5G58630,-0.07145631
AT5G58640,0.27865452
AT5G58650,-0.009333196
AT5G58660,0.14399813
AT5G58670,0.23749554
AT5G58680,0.24632965
AT5G58690,0.51499915
AT5G58700,0.43061903
AT5G58710,0.24646243
AT5G58720,0.08811746
AT5G58730,0.27186146
AT5G58740,0.06977713
AT5G58750,-0.0006690503
AT5G58760,0.08325636
AT5G58770,0.037267383
AT5G58780,0.021997416
AT5G58782,0.00053010095
AT5G58784,0.041164394
AT5G58787,-0.020332854
AT5G58790,-0.054444674
AT5G58800,0.38837758
AT5G58810,0.0
AT5G58820,0.00037174168
AT5G58830,0.00032443306
AT5G58840,1.2205676
AT5G58850,-5.610992e-06
AT5G58860,0.028141024
AT5G58870,-0.06578448
AT5G58880,0.00027640953
AT5G58890,0.00026544192
AT5G58900,-0.22811018
AT5G58910,-0.00091333827
AT5G58930,-0.20730239
AT5G58940,0.27231282
AT5G58950,-0.026058305
AT5G58960,-0.10644325
AT5G58970,-0.15845121
AT5G58980,0.05710121
AT5G58990,-0.012554664
AT5G59000,-0.18170583
AT5G59010,-0.12013585
AT5G59030,-0.108310096
AT5G59040,0.038822576
AT5G59050,-0.4264226
AT5G59060,0.08629614
AT5G59080,-0.52462333
AT5G59090,0.0021872073
AT5G59100,1.3092786e-05
AT5G59105,2.50647e-05
AT5G59110,0.0002037926
AT5G59120,0.0082242
AT5G59130,-0.14389665
AT5G59140,0.4496078
AT5G59150,0.20143682
AT5G59160,0.20841049
AT5G59170,0.026886344
AT5G59180,0.30142817
AT5G59190,0.045800522
AT5G59200,0.20685709
AT5G59210,0.15270661
AT5G59220,1.768981
AT5G59230,0.097101554
AT5G59240,0.0011065498
AT5G59250,-0.55895597
AT5G59260,0.033500034
AT5G59270,-0.016456148
AT5G59280,0.00514482
AT5G59290,0.15870857
AT5G59300,0.20581067
AT5G59305,0.008393538
AT5G59310,1.8345666
AT5G59320,0.7785937
AT5G59330,0.0061371145
AT5G59340,-0.07639855
AT5G59350,-0.08799968
AT5G59360,-0.15090263
AT5G59370,-0.038579687
AT5G59380,0.043742705
AT5G59390,0.39245445
AT5G59400,-0.009022649
AT5G59410,-0.13240927
AT5G59420,0.20280774
AT5G59430,-0.052765172
AT5G59440,0.15883258
AT5G59450,0.05557583
AT5G59460,-0.03227433
AT5G59470,0.1176146
AT5G59490,0.9352579
AT5G59500,0.054441374
AT5G59510,0.36045006
AT5G59520,0.1475151
AT5G59530,0.8261802
AT5G59540,0.046578012
AT5G59550,0.18465564
AT5G59560,0.022967683
AT5G59570,0.46307382
AT5G59580,1.0787922
AT5G59590,0.92699236
AT5G59600,-0.19140288
AT5G59610,-0.02827307
AT5G59613,0.24841356
AT5G59616,0.0
AT5G59650,-0.56746125
AT5G59660,-0.39482948
AT5G59670,0.51532006
AT5G59680,0.3518135
AT5G59700,0.16515052
AT5G59710,-0.026767693
AT5G59720,0.10716812
AT5G59730,-0.5018532
AT5G59740,-0.2607444
AT5G59750,-0.5878928
AT5G59760,-0.018878428
AT5G59770,0.053912066
AT5G59780,-0.022016766
AT5G59790,0.19693428
AT5G59800,-0.26909098
AT5G59810,0.0942014
AT5G59820,0.61213636
AT5G59830,-0.10298892
AT5G59840,0.3209168
AT5G59845,0.049666937
AT5G59860,0.0029360126
AT5G59865,-0.0012667258
AT5G59870,0.010742424
AT5G59880,0.14873455
AT5G59890,0.41657773
AT5G59895,-0.0032074333
AT5G59900,-0.19590433
AT5G59910,0.13258457
AT5G59920,-0.2820534
AT5G59930,0.0069731427
AT5G59940,-0.020983674
AT5G59950,0.64372736
AT5G59960,0.2240161
AT5G59980,-0.14469492
AT5G59990,-0.23324478
AT5G60000,0.0015320503
AT5G60010,0.0007962573
AT5G60020,0.010373051
AT5G60030,-0.10008307
AT5G60040,0.049999617
AT5G60050,-0.28367236
AT5G60060,0.00850293
AT5G60070,0.0008627007
AT5G60080,-7.338913e-05
AT5G60090,0.0003740764
AT5G60100,-0.050946932
AT5G60110,0.030307045
AT5G60120,-0.11698704
AT5G60130,-0.11108426
AT5G60140,0.0019036913
AT5G60142,-0.066642486
AT5G60150,-0.110215776
AT5G60160,0.41861087
AT5G60170,-0.04645932
AT5G60180,-0.03721412
AT5G60190,0.17182459
AT5G60200,-0.43106034
AT5G60210,-0.36173275
AT5G60215,4.131925e-05
AT5G60220,0.00290497
AT5G60230,0.03745743
AT5G60240,-0.0008885111
AT5G60250,0.028369995
AT5G60260,-0.021492964
AT5G60265,0.0008040311
AT5G60270,0.34696928
AT5G60280,0.71976423
AT5G60290,-0.04312825
AT5G60300,0.5247053
AT5G60310,-0.020744488
AT5G60320,0.091369905
AT5G60335,0.032793995
AT5G60340,0.10897001
AT5G60350,0.015873158
AT5G60360,0.431071
AT5G60370,-0.112519726
AT5G60380,0.036504254
AT5G60390,0.038745057
AT5G60400,-0.25284114
AT5G60410,0.12246378
AT5G60430,-0.068465985
AT5G60440,0.05366111
AT5G60450,-0.22929995
AT5G60460,0.35482612
AT5G60470,0.18826303
AT5G60480,-0.0010129501
AT5G60490,-0.5370343
AT5G60500,-0.00032507654
AT5G60510,-0.00064678496
AT5G60520,-0.002738593
AT5G60530,0.054078694
AT5G60540,0.08187313
AT5G60550,0.19472593
AT5G60553,0.0
AT5G60560,0.0
AT5G60570,0.05120171
AT5G60580,0.23816735
AT5G60590,0.319191
AT5G60600,-0.10654451
AT5G60610,0.13906668
AT5G60615,-1.2064143e-05
AT5G60620,0.18389691
AT5G60630,0.70734876
AT5G60640,0.15967223
AT5G60650,0.2141367
AT5G60660,0.14301144
AT5G60670,-0.03655662
AT5G60680,-0.26924044
AT5G60690,-0.14784493
AT5G60700,0.28461733
AT5G60710,0.0976323
AT5G60720,-0.020488663
AT5G60730,0.14991812
AT5G60740,0.003321946
AT5G60750,0.24768491
AT5G60760,0.09429918
AT5G60770,0.0054778466
AT5G60780,0.0104237795
AT5G60790,0.41359577
AT5G60800,0.35064533
AT5G60805,0.0
AT5G60810,-0.00040479712
AT5G60820,0.01698657
AT5G60830,-0.0039188564
AT5G60840,-0.032780573
AT5G60850,-0.020928875
AT5G60860,-0.1075453
AT5G60870,-0.09089004
AT5G60880,0.0084997425
AT5G60890,-0.45110694
AT5G60900,0.8251665
AT5G60910,0.012430687
AT5G60920,-0.12919518
AT5G60930,0.030271955
AT5G60940,-0.108003974
AT5G60945,-0.00010187554
AT5G60950,0.55208516
AT5G60960,-0.016059907
AT5G60964,0.00065361825
AT5G60970,-0.12574217
AT5G60980,0.3688766
AT5G60990,0.14306697
AT5G61000,-0.040765736
AT5G61010,0.58087474
AT5G61020,0.11942134
AT5G61030,0.19561584
AT5G61040,-0.16982782
AT5G61050,0.0005671148
AT5G61060,0.5726821
AT5G61070,-0.04989167
AT5G61090,-0.059645418
AT5G61100,-0.085474946
AT5G61110,0.00020621622
AT5G61120,0.0011589301
AT5G61130,-0.7036713
AT5G61140,-0.036000464
AT5G61150,0.03954522
AT5G61160,-0.57159644
AT5G61170,0.17120501
AT5G61180,0.009304646
AT5G61190,0.27237844
AT5G61200,-0.41618106
AT5G61210,0.39645475
AT5G61220,0.20593077
AT5G61230,0.15612924
AT5G61240,0.058013123
AT5G61250,0.71682864
AT5G61260,0.07092367
AT5G61270,-0.67876846
AT5G61280,-0.061620016
AT5G61290,0.090600275
AT5G61300,-0.1098154
AT5G61310,0.064145856
AT5G61320,0.008665777
AT5G61330,-0.42499122
AT5G61340,-0.105937555
AT5G61350,-0.24437268
AT5G61360,0.11607062
AT5G61370,0.31350166
AT5G61380,0.15468392
AT5G61390,0.68062955
AT5G61400,-0.0029349623
AT5G61410,-0.22619154
AT5G61412,-0.011414774
AT5G61420,-0.7327571
AT5G61430,0.48716328
AT5G61440,0.21074338
AT5G61450,0.41516265
AT5G61460,-0.07030113
AT5G61470,0.0001419412
AT5G61480,-0.32729128
AT5G61490,0.3947768
AT5G61495,0.0009884879
AT5G61500,0.1637763
AT5G61510,0.38548526
AT5G61520,0.4799568
AT5G61530,0.49064106
AT5G61540,0.07414574
AT5G61550,0.20181207
AT5G61560,0.26304355
AT5G61570,-0.32369983
AT5G61580,0.0419874
AT5G61590,-0.5243128
AT5G61600,-0.16687053
AT5G61605,-2.213351e-05
AT5G61610,-0.009005013
AT5G61620,0.0142298555
AT5G61630,-0.0010285123
AT5G61640,0.5285492
AT5G61650,0.004406316
AT5G61660,-0.5902324
AT5G61670,-0.047489326
AT5G61680,-9.635371e-06
AT5G61690,0.010520275
AT5G61700,0.00082319626
AT5G61710,0.0010614955
AT5G61720,0.017904736
AT5G61730,0.019038588
AT5G61740,-0.2412508
AT5G61750,0.008367938
AT5G61760,0.4447914
AT5G61770,0.23938747
AT5G61780,0.075326964
AT5G61790,0.72838336
AT5G61800,0.14128925
AT5G61810,-0.012253491
AT5G61820,1.0488207
AT5G61830,-0.2062606
AT5G61840,0.06914256
AT5G61850,0.0020262585
AT5G61865,0.067035206
AT5G61880,0.53703856
AT5G61890,1.4667951
AT5G61900,0.6599749
AT5G61910,-0.009961246
AT5G61920,-0.020935493
AT5G61930,0.027680121
AT5G61940,-0.04872404
AT5G61950,-0.25903365
AT5G61960,0.16422808
AT5G61970,0.13102265
AT5G61980,-0.15609428
AT5G61990,-0.16551158
AT5G61997,0.0
AT5G62000,-0.21214981
AT5G62020,0.011485697
AT5G62030,-0.06167622
AT5G62040,-0.07045987
AT5G62050,0.5221526
AT5G62060,0.0
AT5G62065,-0.00092826854
AT5G62070,0.13063172
AT5G62080,-0.0014608685
AT5G62090,-0.2059686
AT5G62100,-0.3516587
AT5G62110,0.00019309315
AT5G62120,-1.9872228e-05
AT5G62130,-0.015510302
AT5G62140,-0.19627431
AT5G62150,1.301331
AT5G62160,0.0144720655
AT5G62165,-0.17940971
AT5G62170,-0.47247872
AT5G62180,0.394235
AT5G62190,0.28703427
AT5G62200,0.47830582
AT5G62210,-0.07153333
AT5G62220,-0.3135215
AT5G62230,0.036855143
AT5G62240,-0.005494557
AT5G62250,-0.03645642
AT5G62260,0.18839997
AT5G62270,0.0108144535
AT5G62280,-0.83243906
AT5G62290,0.23446184
AT5G62310,-0.08235824
AT5G62320,-0.004025244
AT5G62330,-0.018566394
AT5G62340,0.009728509
AT5G62350,-0.466545
AT5G62360,-0.21130778
AT5G62370,-0.111749
AT5G62380,-0.12696333
AT5G62390,-0.011438023
AT5G62400,0.0018924524
AT5G62410,-0.06683634
AT5G62420,-0.0019401171
AT5G62430,-0.43923208
AT5G62440,0.49557498
AT5G62460,0.2927201
AT5G62470,-0.56030023
AT5G62480,1.0641593
AT5G62490,-0.010559462
AT5G62500,0.008883868
AT5G62510,0.02003316
AT5G62520,0.95759636
AT5G62530,0.501422
AT5G62540,0.36315688
AT5G62550,-0.36424437
AT5G62560,0.0055463905
AT5G62570,0.08558584
AT5G62573,-0.00093114574
AT5G62575,0.32675838
AT5G62580,-0.13009523
AT5G62600,-0.023865925
AT5G62610,0.03600671
AT5G62620,0.13051331
AT5G62623,0.0
AT5G62627,0.0
AT5G62630,-0.07988982
AT5G62640,0.20950055
AT5G62650,-0.08071349
AT5G62660,0.0012172492
AT5G62670,-0.6870932
AT5G62680,0.5598682
AT5G62690,-0.06193749
AT5G62700,-0.33849552
AT5G62710,-0.4298686
AT5G62720,-0.22796476
AT5G62730,-0.040609386
AT5G62740,0.61956435
AT5G62750,0.00494835
AT5G62760,-0.013639836
AT5G62770,0.51296914
AT5G62780,-0.0011911689
AT5G62790,-0.20662318
AT5G62800,0.033638272
AT5G62810,-0.07203123
AT5G62820,-0.06449189
AT5G62830,-0.0026616089
AT5G62840,-0.486199
AT5G62850,-0.12206845
AT5G62860,0.0
AT5G62860,0.0
AT5G62880,-0.105839714
AT5G62890,-0.29893288
AT5G62900,0.17691407
AT5G62910,0.309165
AT5G62920,-0.52372205
AT5G62930,0.06248825
AT5G62940,-0.27061635
AT5G62950,0.25240755
AT5G62960,-0.5432812
AT5G62970,0.0001836874
AT5G62980,-0.18742138
AT5G62990,0.024816372
AT5G62998,-0.0005597151
AT5G63000,0.056698278
AT5G63010,0.38723624
AT5G63020,-0.035335407
AT5G63030,0.4199492
AT5G63040,-0.22324353
AT5G63050,0.032834493
AT5G63060,-0.1440844
AT5G63063,0.00019229771
AT5G63070,-0.0030464148
AT5G63080,0.044528563
AT5G63085,-0.00022795354
AT5G63087,-0.034021277
AT5G63090,0.029036896
AT5G63100,-0.11605424
AT5G63110,0.301413
AT5G63120,0.5847938
AT5G63130,0.6609612
AT5G63135,0.18108049
AT5G63140,-0.76882637
AT5G63150,0.24185681
AT5G63160,0.2937469
AT5G63170,-0.0005806191
AT5G63180,-0.60541636
AT5G63190,-0.027753215
AT5G63200,0.22369716
AT5G63220,0.18426263
AT5G63225,1.0015508
AT5G63230,0.0047870865
AT5G63240,0.36213255
AT5G63250,0.028641783
AT5G63260,0.24644983
AT5G63270,0.012796094
AT5G63280,0.15911272
AT5G63290,0.17852138
AT5G63300,0.04046194
AT5G63310,-0.66156304
AT5G63320,-0.17916599
AT5G63370,-0.024477405
AT5G63375,0.00067178585
AT5G63380,-0.16993831
AT5G63390,-0.027023729
AT5G63400,0.12487951
AT5G63410,-0.42871422
AT5G63420,-0.02425869
AT5G63440,-0.043993413
AT5G63450,0.87289894
AT5G63460,0.22651015
AT5G63470,-0.00755108
AT5G63480,-0.12575144
AT5G63490,0.33571064
AT5G63500,-0.2761544
AT5G63510,0.22391215
AT5G63520,0.013007949
AT5G63530,-0.4458121
AT5G63540,-0.09295001
AT5G63550,0.05582102
AT5G63560,0.028769882
AT5G63570,0.07054036
AT5G63580,-0.019834293
AT5G63590,-0.009353649
AT5G63595,0.0060438584
AT5G63600,0.9255332
AT5G63610,0.23914213
AT5G63620,0.35025588
AT5G63625,0.01604567
AT5G63630,-0.14685513
AT5G63640,0.21720712
AT5G63650,-0.28047815
AT5G63660,0.024680626
AT5G63670,0.05360254
AT5G63680,0.66809493
AT5G63690,0.027807731
AT5G63700,-0.62394917
AT5G63710,-0.18071444
AT5G63720,-0.00987271
AT5G63730,-0.00044428307
AT5G63740,0.019105999
AT5G63750,0.13206679
AT5G63760,0.24264197
AT5G63770,-0.12696181
AT5G63780,-0.39153945
AT5G63790,0.82088464
AT5G63800,-0.30454203
AT5G63810,0.002665894
AT5G63820,-0.09537611
AT5G63830,0.23185149
AT5G63840,0.021703944
AT5G63850,0.5370847
AT5G63860,-0.015958795
AT5G63870,0.08355837
AT5G63880,0.72030133
AT5G63890,0.086255655
AT5G63900,0.008464989
AT5G63905,0.07444391
AT5G63910,0.27990216
AT5G63920,0.014301312
AT5G63930,-0.07189105
AT5G63940,0.09476766
AT5G63950,0.31862667
AT5G63960,0.036548972
AT5G63970,0.8764651
AT5G63980,0.1566217
AT5G63990,0.7223087
AT5G64000,0.28438687
AT5G64010,0.35221857
AT5G64020,0.3657729
AT5G64030,-0.3226173
AT5G64040,-0.7263099
AT5G64050,-0.038221877
AT5G64060,-0.010711026
AT5G64070,-0.06279432
AT5G64080,0.12015594
AT5G64090,0.13554682
AT5G64100,-0.052574523
AT5G64110,0.611448
AT5G64120,0.16655365
AT5G64130,0.22704114
AT5G64140,0.0751172
AT5G64150,0.15400366
AT5G64160,0.32442293
AT5G64170,-0.20141217
AT5G64180,0.16815239
AT5G64190,0.12649822
AT5G64200,0.29828045
AT5G64210,0.010639058
AT5G64220,0.005321043
AT5G64230,0.9266517
AT5G64240,0.19982642
AT5G64250,0.31634533
AT5G64260,0.16144137
AT5G64270,0.19367108
AT5G64280,-0.013070152
AT5G64290,0.083493575
AT5G64300,0.23040469
AT5G64310,0.3159561
AT5G64320,-0.17239615
AT5G64330,-0.4946583
AT5G64340,-0.11162669
AT5G64350,0.3478649
AT5G64360,-0.18813248
AT5G64370,0.56264824
AT5G64380,-0.53805226
AT5G64390,0.02616918
AT5G64395,-0.00015261954
AT5G64400,0.4404616
AT5G64401,0.0030666122
AT5G64410,-0.21469778
AT5G64420,0.0014875731
AT5G64430,0.51856804
AT5G64440,0.2134517
AT5G64450,0.07637488
AT5G64460,-0.47125074
AT5G64470,0.09184336
AT5G64480,-0.153364
AT5G64490,0.12326484
AT5G64500,0.18990457
AT5G64510,0.7644065
AT5G64520,-0.15139556
AT5G64530,0.78528
AT5G64540,0.041969124
AT5G64550,0.004904493
AT5G64560,0.3454665
AT5G64570,1.0279069
AT5G64580,-0.29333633
AT5G64590,0.0021435448
AT5G64600,0.03153466
AT5G64610,0.019203674
AT5G64620,-0.3743259
AT5G64630,-0.19808534
AT5G64640,-0.42723504
AT5G64650,0.1589518
AT5G64660,0.4208573
AT5G64667,-0.08759465
AT5G64670,-0.20846616
AT5G64680,0.14405282
AT5G64687,-0.055286057
AT5G64690,0.09886892
AT5G64700,0.42739874
AT5G64710,0.15620784
AT5G64720,0.0013886134
AT5G64730,0.18485713
AT5G64740,-0.22319163
AT5G64750,0.9780285
AT5G64760,0.32840857
AT5G64770,-0.52306736
AT5G64780,0.17459272
AT5G64790,0.32645226
AT5G64800,-0.08126632
AT5G64810,1.531985
AT5G64813,0.11481799
AT5G64816,-0.010334242
AT5G64820,0.002679552
AT5G64830,-0.08022264
AT5G64840,-0.07273081
AT5G64850,-0.53121537
AT5G64860,0.06828429
AT5G64870,0.5684465
AT5G64880,0.14358653
AT5G64890,0.97115856
AT5G64900,0.12033528
AT5G64905,1.1895385
AT5G64910,0.16311353
AT5G64920,-0.20045255
AT5G64930,0.23248975
AT5G64940,-0.46063676
AT5G64950,0.098309904
AT5G64960,0.09219996
AT5G64970,-0.06971897
AT5G64980,-0.07463043
AT5G64990,0.2228401
AT5G65000,0.18872051
AT5G65005,3.7816637e-05
AT5G65010,-0.5007436
AT5G65020,0.13814656
AT5G65030,-0.10511251
AT5G65040,-0.31676614
AT5G65050,0.13090542
AT5G65060,0.06277921
AT5G65070,-0.040292945
AT5G65080,-0.039837785
AT5G65090,0.42645022
AT5G65100,0.006184174
AT5G65110,0.74856883
AT5G65120,-0.024474317
AT5G65130,0.20295258
AT5G65140,0.62236726
AT5G65158,0.0010527307
AT5G65160,0.16825867
AT5G65165,0.11503761
AT5G65170,0.3844303
AT5G65180,0.020689769
AT5G65200,0.36649957
AT5G65205,0.1992814
AT5G65207,0.31509513
AT5G65210,0.52199143
AT5G65220,-0.3807668
AT5G65225,0.0045490577
AT5G65230,0.024968524
AT5G65240,-0.12862402
AT5G65250,0.14985481
AT5G65260,0.15509352
AT5G65270,0.16170137
AT5G65274,4.8347395e-08
AT5G65280,0.80909187
AT5G65290,0.33437172
AT5G65300,0.670618
AT5G65310,-0.3544775
AT5G65320,-0.015836768
AT5G65330,-0.0030345237
AT5G65340,0.011532185
AT5G65350,-0.050160125
AT5G65370,-0.00033839446
AT5G65380,0.5198038
AT5G65390,-0.29654315
AT5G65400,-0.055532243
AT5G65410,-0.62190104
AT5G65420,-0.18921699
AT5G65430,0.02916497
AT5G65440,-0.27661443
AT5G65450,-0.1581645
AT5G65460,-0.3846945
AT5G65470,-0.33056134
AT5G65480,-0.27963874
AT5G65490,0.079226084
AT5G65495,0.44463688
AT5G65500,0.3323336
AT5G65510,0.10115225
AT5G65520,0.19891712
AT5G65530,-0.056293204
AT5G65540,-0.026166782
AT5G65550,-0.014083095
AT5G65560,0.07315116
AT5G65570,-0.12173675
AT5G65580,0.06556339
AT5G65590,-0.12115503
AT5G65600,1.0901889
AT5G65609,0.16927843
AT5G65610,-0.031387858
AT5G65613,0.014387115
AT5G65620,0.14381063
AT5G65630,-0.05067472
AT5G65640,-0.25010893
AT5G65650,0.15652329
AT5G65660,0.7939909
AT5G65670,0.06514745
AT5G65683,-0.18371172
AT5G65685,0.007569028
AT5G65687,0.08154074
AT5G65690,0.91979784
AT5G65700,-0.30809316
AT5G65710,-0.32795072
AT5G65720,0.13505255
AT5G65730,-0.8013416
AT5G65740,-0.31073174
AT5G65750,0.17333329
AT5G65760,0.08032923
AT5G65770,-0.009003718
AT5G65780,0.06641265
AT5G65790,0.01875225
AT5G65800,-0.058655877
AT5G65810,-0.22517985
AT5G65820,-0.25752857
AT5G65830,-0.27926245
AT5G65840,-0.034677804
AT5G65850,0.02591887
AT5G65860,-0.11844551
AT5G65870,0.2956072
AT5G65880,-0.13144977
AT5G65890,0.02164967
AT5G65900,-0.12418258
AT5G65910,0.16052265
AT5G65920,0.032506928
AT5G65925,-0.39960706
AT5G65930,-0.17111984
AT5G65940,0.10501473
AT5G65950,-0.015336447
AT5G65960,0.22600156
AT5G65970,-0.35810974
AT5G65980,0.08592147
AT5G65990,0.09648603
AT5G66000,-0.18463044
AT5G66005,-0.2521686
AT5G66010,0.21065664
AT5G66020,0.056658108
AT5G66030,0.091659784
AT5G66040,-0.038998816
AT5G66050,0.16705246
AT5G66052,0.9200302
AT5G66053,-0.013632635
AT5G66055,-0.15967162
AT5G66060,-0.10074343
AT5G66070,0.53702104
AT5G66080,-0.4138332
AT5G66090,-0.12718378
AT5G66100,0.08501324
AT5G66110,-0.19927573
AT5G66120,0.36672533
AT5G66130,0.029942913
AT5G66140,0.48329547
AT5G66150,0.0011066928
AT5G66160,0.24797238
AT5G66170,0.42840874
AT5G66180,0.2943553
AT5G66190,-0.53536886
AT5G66200,0.30134127
AT5G66210,0.21500866
AT5G66220,0.020047965
AT5G66230,-0.29447237
AT5G66240,0.1115069
AT5G66250,0.39337978
AT5G66260,0.0015329579
AT5G66270,0.031059738
AT5G66280,-0.0038201134
AT5G66290,0.135191
AT5G66300,0.04794098
AT5G66310,-0.8655233
AT5G66320,0.16575609
AT5G66330,-0.20988826
AT5G66335,-0.020463863
AT5G66340,-0.00087844406
AT5G66350,0.10700464
AT5G66360,0.14771894
AT5G66370,-0.0006029196
AT5G66380,0.18534303
AT5G66390,-0.03788875
AT5G66400,0.29433292
AT5G66410,-0.23481555
AT5G66420,-0.017121466
AT5G66430,-0.0020692153
AT5G66440,0.62967163
AT5G66450,0.32215244
AT5G66460,-0.40380776
AT5G66470,-0.39040336
AT5G66480,0.30559164
AT5G66490,-0.11864659
AT5G66500,-0.06681136
AT5G66510,0.20257504
AT5G66520,-0.4538541
AT5G66530,-0.42442653
AT5G66540,-0.00036135872
AT5G66550,-0.2917473
AT5G66560,-0.15377545
AT5G66570,-0.5150042
AT5G66580,-0.2220298
AT5G66590,-0.55532205
AT5G66595,0.013916163
AT5G66600,0.01300869
AT5G66607,-0.113793254
AT5G66610,-0.12663701
AT5G66620,0.009310535
AT5G66630,0.10146829
AT5G66631,0.025634544
AT5G66640,-0.03884236
AT5G66650,0.5187502
AT5G66658,0.034212645
AT5G66660,-0.008479171
AT5G66670,-0.00051243964
AT5G66675,0.07010094
AT5G66680,0.23851371
AT5G66690,0.23446362
AT5G66700,0.06474584
AT5G66710,-0.019147055
AT5G66720,0.06866282
AT5G66730,-0.09131191
AT5G66740,-0.35861018
AT5G66750,0.027090523
AT5G66760,1.0219171
AT5G66770,-0.3815389
AT5G66780,0.3378621
AT5G66790,-0.05557547
AT5G66800,-0.23915759
AT5G66810,0.07029864
AT5G66815,-0.017602017
AT5G66816,0.007901698
AT5G66818,0.0
AT5G66819,0.0
AT5G66820,0.01776235
AT5G66830,-0.023005381
AT5G66840,0.005619099
AT5G66850,0.25044212
AT5G66860,0.4203257
AT5G66870,0.05630216
AT5G66880,0.07088583
AT5G66890,0.93326104
AT5G66900,-0.04795032
AT5G66910,0.43103567
AT5G66920,-0.6167844
AT5G66930,0.35339877
AT5G66940,0.012001165
AT5G66950,0.0669619
AT5G66960,-0.09597138
AT5G66970,-0.001758643
AT5G66980,0.00087105186
AT5G66985,-0.0019451546
AT5G66990,0.000611777
AT5G67000,0.004750777
AT5G67010,0.0068238643
AT5G67020,-0.099461205
AT5G67030,-0.2595504
AT5G67040,-0.00054663245
AT5G67050,-0.15501432
AT5G67060,-0.0043631024
AT5G67070,-0.48533487
AT5G67080,1.5316806
AT5G67090,-0.13874541
AT5G67100,-0.22777818
AT5G67110,0.05963495
AT5G67120,-0.010901801
AT5G67130,-0.13686417
AT5G67140,0.033813566
AT5G67150,-0.34427187
AT5G67160,0.5273182
AT5G67170,0.09488225
AT5G67180,-0.12548336
AT5G67190,-0.41213423
AT5G67200,-0.30924162
AT5G67210,0.106589034
AT5G67220,0.17763613
AT5G67230,0.016869808
AT5G67240,-0.07143437
AT5G67245,0.52044773
AT5G67250,-0.051281195
AT5G67260,-0.0122615555
AT5G67265,0.01129942
AT5G67270,-0.1574225
AT5G67280,-0.23651901
AT5G67290,0.09515836
AT5G67300,0.15013069
AT5G67310,1.5708357
AT5G67320,0.12813307
AT5G67330,0.35616145
AT5G67340,1.6826848
AT5G67350,0.3823869
AT5G67360,0.051893134
AT5G67370,-0.45080242
AT5G67380,0.038200833
AT5G67385,-0.5935684
AT5G67390,-0.74187505
AT5G67400,0.034361906
AT5G67410,-0.1435092
AT5G67411,-0.21346918
AT5G67420,-0.15919872
AT5G67430,0.04487701
AT5G67440,0.018537622
AT5G67450,-0.41132846
AT5G67460,-0.29541776
AT5G67470,0.35333943
AT5G67480,1.133318
AT5G67490,0.5716517
AT5G67500,0.5061011
AT5G67510,0.22028506
AT5G67520,-0.02312016
AT5G67530,0.1022583
AT5G67540,0.1971207
AT5G67550,-0.11332174
AT5G67560,-0.09207713
AT5G67570,-0.1777057
AT5G67580,0.030334141
AT5G67590,0.3446845
AT5G67600,0.6285265
AT5G67610,0.00042232347
AT5G67620,-0.008406684
AT5G67630,0.031822804
AT5G67640,-0.23140265
ATMG00010,0.030270234
ATMG00030,0.0015070458
ATMG00040,0.08319544
ATMG00050,0.016079212
ATMG00060,0.1599579
ATMG00070,0.0674449
ATMG00080,0.0491891
ATMG00090,0.023698203
ATMG00110,-0.036958672
ATMG00120,0.0113488985
ATMG00130,-0.014038989
ATMG00140,0.0066782376
ATMG00150,0.012316991
ATMG00160,0.66086394
ATMG00170,0.0
ATMG00180,-0.012876325
ATMG00200,0.003207317
ATMG00210,0.023133151
ATMG00220,0.2138017
ATMG00240,0.018919975
ATMG00260,0.004060956
ATMG00270,0.10514955
ATMG00280,0.0010189216
ATMG00285,0.17897473
ATMG00290,0.1523568
ATMG00300,0.047763757
ATMG00310,-0.0006625557
ATMG00370,0.0011387905
ATMG00400,-0.0021337443
ATMG00410,0.32176873
ATMG00430,0.0
ATMG00440,-0.0062806206
ATMG00450,-0.0050129383
ATMG00470,0.006423203
ATMG00480,0.34162503
ATMG00490,0.0021598085
ATMG00500,0.016401049
ATMG00510,0.18490791
ATMG00516,0.35660246
ATMG00520,0.24357036
ATMG00530,0.027924009
ATMG00540,0.0
ATMG00550,0.0070450203
ATMG00560,0.16731651
ATMG00570,0.11429493
ATMG00580,-0.048094768
ATMG00590,0.060972787
ATMG00600,0.0023237246
ATMG00610,0.030102856
ATMG00630,0.033490524
ATMG00640,0.2808529
ATMG00650,0.17681521
ATMG00660,0.20791872
ATMG00670,0.29698983
ATMG00680,0.0010539652
ATMG00690,0.0911242
ATMG00710,0.0026638354
ATMG00720,0.012140813
ATMG00730,0.31048867
ATMG00750,0.01716074
ATMG00760,-0.005870737
ATMG00810,-0.011391452
ATMG00830,0.08955659
ATMG00840,0.00051256444
ATMG00850,0.00034986934
ATMG00860,0.0031716574
ATMG00870,0.016396794
ATMG00880,0.002458354
ATMG00890,0.011089948
ATMG00900,0.06386281
ATMG00910,-0.0020431045
ATMG00920,-0.005454831
ATMG00940,0.038112137
ATMG00960,0.081863634
ATMG00970,-0.017935121
ATMG00980,-0.03783802
ATMG00990,0.11644194
ATMG01000,0.11385264
ATMG01010,-0.03947946
ATMG01020,0.06150267
ATMG01030,0.004690696
ATMG01040,0.009075389
ATMG01050,-0.010901457
ATMG01060,-0.0005913893
ATMG01080,0.048922725
ATMG01090,0.34018862
ATMG01100,0.01586198
ATMG01110,0.019195976
ATMG01130,0.19183297
ATMG01170,0.03711328
ATMG01180,-0.03435982
ATMG01190,0.4103459
ATMG01200,0.2779995
ATMG01210,0.058963355
ATMG01220,0.04904316
ATMG01230,0.019730834
ATMG01240,0.02960526
ATMG01260,0.039208397
ATMG01270,0.0019883607
ATMG01280,0.026394937
ATMG01290,0.008713118
ATMG01300,0.0030911828
ATMG01310,-0.0035136417
ATMG01330,-0.2868506
ATMG01350,0.07713703
ATMG01360,0.14179166
ATMG01370,-0.022164326
ATMG01400,-0.005105839
ATMG01410,0.056931715
ATCG00020,0.20256937
ATCG00040,-0.2494627
ATCG00050,0.007952841
ATCG00065,-0.009443045
ATCG00070,-0.18668047
ATCG00080,-0.01244744
ATCG00120,-0.19648254
ATCG00130,-0.2275817
ATCG00140,-0.23975302
ATCG00150,-0.46967044
ATCG00160,-0.26416373
ATCG00170,-0.37325606
ATCG00180,-0.45135415
ATCG00190,-0.5488418
ATCG00210,0.0034984676
ATCG00220,-0.00094778446
ATCG00270,-0.12124029
ATCG00280,-0.2854831
ATCG00300,-0.113471225
ATCG00330,0.107400626
ATCG00340,-0.08446582
ATCG00350,-0.0057105296
ATCG00360,-0.012637048
ATCG00380,-0.07318164
ATCG00420,-0.32294577
ATCG00430,-0.47098917
ATCG00440,-0.2904514
ATCG00470,-0.4025982
ATCG00480,-0.5150966
ATCG00490,-0.19406417
ATCG00500,-0.3515195
ATCG00510,-0.0061438214
ATCG00520,-0.14509751
ATCG00530,-0.35645428
ATCG00540,-0.4506755
ATCG00550,-0.22236584
ATCG00560,-0.0055591976
ATCG00570,-0.02722639
ATCG00580,-0.29533407
ATCG00590,0.00032602047
ATCG00600,-0.005677287
ATCG00630,-0.257592
ATCG00640,-0.123536244
ATCG00650,-0.18005559
ATCG00660,-0.010834111
ATCG00670,-0.09468277
ATCG00680,-0.220429
ATCG00690,0.0036621424
ATCG00700,0.0026653674
ATCG00710,-0.101378106
ATCG00720,-0.026746033
ATCG00730,-0.09571852
ATCG00740,-0.32305065
ATCG00750,-0.22728686
ATCG00760,-0.014323584
ATCG00770,-0.382916
ATCG00780,-0.4228861
ATCG00790,-0.5005673
ATCG00800,-0.25953847
ATCG00810,-0.2760377
ATCG00820,-0.28869075
ATCG00830,-0.5024812
ATCG00840,0.0
ATCG00860,0.0
ATCG00870,0.0
ATCG00890,0.0
ATCG00900,0.0
ATCG01000,-0.0080017615
ATCG01010,-0.15470919
ATCG01020,-0.22694923
ATCG01040,-0.033672158
ATCG01050,-0.36015993
ATCG01060,-0.012239249
ATCG01070,-0.079305746
ATCG01080,-0.20341562
ATCG01090,-0.10599731
ATCG01100,-0.25837103
ATCG01110,-0.27599153
ATCG01120,-0.07467032
ATCG01250,-0.5295131
