Gene,Predicted_Expr_Change
AT1G01010,0.3664208
AT1G01020,-0.10576882
AT1G01030,0.058944076
AT1G01040,-0.12101254
AT1G01050,-0.22021133
AT1G01060,-0.11309072
AT1G01070,0.2029018
AT1G01080,-0.3899847
AT1G01090,-0.032690693
AT1G01100,0.32934967
AT1G01110,-0.6672065
AT1G01120,0.054043416
AT1G01130,-0.26658973
AT1G01140,0.08057077
AT1G01150,0.019470116
AT1G01160,-0.063394815
AT1G01170,0.041587595
AT1G01180,0.09581685
AT1G01184,0.0
AT1G01190,-0.08518866
AT1G01200,-0.08512681
AT1G01210,0.16122703
AT1G01220,-0.10578246
AT1G01225,-0.4047766
AT1G01230,0.08242052
AT1G01240,0.07449716
AT1G01250,-0.22173779
AT1G01260,-0.101701275
AT1G01280,0.0
AT1G01290,-0.3086701
AT1G01300,-0.5771689
AT1G01305,0.0
AT1G01310,-0.03164881
AT1G01320,0.11264252
AT1G01335,0.0
AT1G01340,1.1432956
AT1G01350,0.030559767
AT1G01355,-0.24466124
AT1G01360,-0.33900833
AT1G01370,-0.22954543
AT1G01380,-0.17324522
AT1G01390,-0.57536906
AT1G01400,0.0
AT1G01410,0.0
AT1G01420,-0.6129201
AT1G01430,-0.31944743
AT1G01440,0.072838664
AT1G01450,-0.016074775
AT1G01453,0.24979576
AT1G01460,0.0
AT1G01470,0.6595623
AT1G01480,3.7782557
AT1G01490,-0.17355329
AT1G01500,0.21991177
AT1G01510,-0.19353545
AT1G01520,-0.31487024
AT1G01530,0.040475562
AT1G01540,-0.16188759
AT1G01550,0.19473027
AT1G01560,1.9779248
AT1G01570,-0.1868058
AT1G01580,0.116020046
AT1G01590,0.011483732
AT1G01600,0.19200453
AT1G01610,0.07966418
AT1G01620,0.07000315
AT1G01630,0.047325317
AT1G01640,-0.124048434
AT1G01650,0.46105257
AT1G01660,-0.33237275
AT1G01670,-0.32072186
AT1G01680,1.383755
AT1G01690,-0.44785628
AT1G01695,-0.085998476
AT1G01700,0.012103093
AT1G01710,0.08539552
AT1G01715,0.14571196
AT1G01720,1.0680869
AT1G01725,0.044403512
AT1G01730,0.32495356
AT1G01740,-0.3400583
AT1G01750,0.08229486
AT1G01760,0.092533834
AT1G01770,0.3432659
AT1G01780,0.26245514
AT1G01790,-0.480079
AT1G01800,-0.011473389
AT1G01810,0.09034167
AT1G01820,0.03296855
AT1G01830,-0.06751864
AT1G01840,-0.10189607
AT1G01860,-0.27508563
AT1G01880,-0.31346804
AT1G01900,-0.020171888
AT1G01910,0.16642548
AT1G01920,-0.21433322
AT1G01930,-0.11377426
AT1G01940,-0.06870902
AT1G01950,-0.32071328
AT1G01960,-0.008876631
AT1G01970,-0.10963662
AT1G01980,0.0
AT1G01990,-0.05189924
AT1G02000,0.2762146
AT1G02010,-0.32366455
AT1G02020,-0.12492845
AT1G02030,0.0147382235
AT1G02050,-0.19476119
AT1G02060,-0.10888218
AT1G02065,0.042353075
AT1G02067,0.0
AT1G02070,-0.061413024
AT1G02080,0.03779042
AT1G02090,0.1531296
AT1G02100,-0.038424768
AT1G02110,-0.34302038
AT1G02120,0.00766763
AT1G02130,0.0042829607
AT1G02140,0.029851124
AT1G02145,-0.18580484
AT1G02150,-0.07546748
AT1G02160,-0.18881392
AT1G02170,0.5644474
AT1G02180,-0.14942399
AT1G02190,0.053486217
AT1G02205,1.1428475
AT1G02210,0.0
AT1G02220,2.7951655
AT1G02230,0.71056324
AT1G02250,-0.0111076245
AT1G02260,0.081706576
AT1G02270,0.09650504
AT1G02280,-0.050270583
AT1G02290,-0.40032363
AT1G02300,-0.35188678
AT1G02305,0.21147059
AT1G02310,2.21503
AT1G02320,0.0
AT1G02330,-0.049168378
AT1G02335,0.29469922
AT1G02340,-0.12523063
AT1G02350,-0.26859677
AT1G02360,1.5928319
AT1G02370,-0.0806703
AT1G02380,0.63838327
AT1G02390,1.4424591
AT1G02400,1.9221551
AT1G02405,-0.17446022
AT1G02410,0.09242732
AT1G02420,-0.02180227
AT1G02430,-0.16338356
AT1G02440,-0.26463705
AT1G02450,0.63938475
AT1G02460,0.94579315
AT1G02470,1.0475746
AT1G02475,0.027667517
AT1G02490,0.0
AT1G02500,0.218386
AT1G02510,0.0
AT1G02520,0.008132228
AT1G02530,-0.0037148532
AT1G02540,0.0
AT1G02550,0.0
AT1G02560,0.077095866
AT1G02570,0.42594633
AT1G02575,0.0
AT1G02580,0.98166263
AT1G02610,-0.17275342
AT1G02620,-0.27651805
AT1G02630,-0.19407092
AT1G02640,-0.47662783
AT1G02650,-0.116649896
AT1G02660,0.8408606
AT1G02680,-0.08097548
AT1G02690,-0.24276303
AT1G02705,-0.3008061
AT1G02710,0.0
AT1G02720,-0.03809
AT1G02730,-0.26589805
AT1G02740,-0.26534334
AT1G02750,0.012805474
AT1G02770,-0.2781664
AT1G02780,0.090960935
AT1G02790,0.0
AT1G02800,-0.008261255
AT1G02810,0.010464429
AT1G02813,0.0
AT1G02816,0.5528257
AT1G02820,-0.25529233
AT1G02830,0.0
AT1G02840,-0.12846689
AT1G02850,0.2534875
AT1G02860,0.300457
AT1G02870,-0.028167946
AT1G02880,0.18142493
AT1G02890,-0.1574974
AT1G02900,0.069443956
AT1G02910,-0.045893103
AT1G02920,1.5721148
AT1G02930,2.0196507
AT1G02940,0.054911662
AT1G02950,-0.4098466
AT1G02960,-0.31103307
AT1G02965,0.0
AT1G02970,0.02125412
AT1G02980,0.22800536
AT1G02990,-0.067001656
AT1G03000,-0.20297211
AT1G03010,0.06898766
AT1G03020,0.04427093
AT1G03040,-0.01137787
AT1G03050,0.013755304
AT1G03055,-0.1405004
AT1G03060,0.34083235
AT1G03070,0.32222697
AT1G03080,0.19364989
AT1G03090,0.28126416
AT1G03100,-0.13800372
AT1G03103,0.0
AT1G03106,0.1654344
AT1G03110,0.08988451
AT1G03120,-0.18234994
AT1G03130,-0.40638134
AT1G03140,-0.038509585
AT1G03150,-0.11550979
AT1G03160,-0.24935625
AT1G03165,-0.08108779
AT1G03170,-0.0032741942
AT1G03190,-0.17931959
AT1G03200,-0.25238642
AT1G03210,0.058302812
AT1G03220,3.225018
AT1G03230,0.6561635
AT1G03240,0.05546798
AT1G03250,0.03136882
AT1G03260,0.26026317
AT1G03270,-0.33575606
AT1G03280,-0.065292716
AT1G03290,0.31733656
AT1G03300,-0.19105326
AT1G03310,-0.47628167
AT1G03320,-0.12581445
AT1G03325,0.0
AT1G03330,0.08095366
AT1G03340,0.036438335
AT1G03350,0.06152169
AT1G03360,-0.019381888
AT1G03365,-0.18862666
AT1G03370,0.43231833
AT1G03380,-0.06937468
AT1G03390,0.0
AT1G03395,0.0
AT1G03400,0.31124085
AT1G03410,-0.28806818
AT1G03430,-0.017339375
AT1G03440,-0.28967518
AT1G03445,-0.016074775
AT1G03457,-0.2639591
AT1G03470,-0.26491335
AT1G03475,-0.0006550096
AT1G03490,0.0
AT1G03495,-0.035877507
AT1G03510,0.078419134
AT1G03530,-0.21788533
AT1G03540,-0.13424596
AT1G03550,-0.29380712
AT1G03560,-0.16864072
AT1G03590,-0.1604405
AT1G03600,-0.3147448
AT1G03620,-0.34373292
AT1G03630,-0.48643535
AT1G03650,-0.026431885
AT1G03660,0.58097
AT1G03670,0.055654854
AT1G03680,-0.1888182
AT1G03687,-0.2766453
AT1G03700,0.019470116
AT1G03710,0.0054987115
AT1G03720,0.0
AT1G03730,0.08523011
AT1G03740,-0.0034178663
AT1G03750,-0.15414819
AT1G03760,0.055095196
AT1G03770,-0.2701789
AT1G03780,-0.34720537
AT1G03790,1.0270398
AT1G03800,0.21946152
AT1G03810,0.0
AT1G03830,-0.5763678
AT1G03840,-0.14585134
AT1G03850,1.5831442
AT1G03860,0.071781464
AT1G03870,-0.38505274
AT1G03880,0.0
AT1G03890,0.0
AT1G03900,0.13134873
AT1G03905,0.29686967
AT1G03910,-0.14069922
AT1G03920,-0.12478516
AT1G03930,-0.3007099
AT1G03940,0.086562194
AT1G03950,-0.00035756885
AT1G03960,-0.22023094
AT1G03970,-0.07795054
AT1G03980,-0.011658769
AT1G03982,0.0
AT1G03990,-0.0028244443
AT1G04000,-0.14651504
AT1G04010,-0.282831
AT1G04020,0.06711418
AT1G04030,-0.11907873
AT1G04040,-0.84122527
AT1G04050,-0.323988
AT1G04070,0.06074743
AT1G04080,-0.09980994
AT1G04090,-0.036116116
AT1G04100,0.26989928
AT1G04105,0.0
AT1G04110,0.056157555
AT1G04120,0.22462128
AT1G04130,0.08026653
AT1G04140,0.012371569
AT1G04150,0.0
AT1G04160,0.1032475
AT1G04170,0.09476568
AT1G04180,0.18437305
AT1G04190,-0.108348876
AT1G04200,0.4006331
AT1G04210,0.09972398
AT1G04220,0.7295351
AT1G04230,0.0046682227
AT1G04240,-0.34317958
AT1G04250,-0.7655283
AT1G04260,0.2153011
AT1G04270,0.07693824
AT1G04280,0.29417807
AT1G04290,0.009666716
AT1G04300,-0.11090451
AT1G04310,0.99129504
AT1G04330,-0.040091373
AT1G04340,0.13005881
AT1G04350,-0.05749973
AT1G04360,-0.2726861
AT1G04370,0.057684936
AT1G04380,-0.009126973
AT1G04390,-0.12069816
AT1G04400,-0.00570089
AT1G04410,0.35380733
AT1G04420,-0.3221561
AT1G04430,-0.13372211
AT1G04440,0.20525265
AT1G04445,0.20071086
AT1G04450,0.0
AT1G04455,0.0
AT1G04470,0.0
AT1G04480,0.22230992
AT1G04490,0.45099804
AT1G04500,0.49593905
AT1G04510,0.16042294
AT1G04520,-0.056048702
AT1G04530,-0.13782075
AT1G04540,0.042047374
AT1G04550,-0.31593737
AT1G04555,0.05160506
AT1G04560,0.0
AT1G04570,-0.24044347
AT1G04580,2.09122
AT1G04590,-0.0425372
AT1G04600,-0.30888814
AT1G04610,-0.014502965
AT1G04620,0.046343625
AT1G04625,0.0
AT1G04630,0.016564824
AT1G04635,0.15157433
AT1G04640,-0.1874274
AT1G04645,0.0
AT1G04650,-0.13685453
AT1G04660,0.038306925
AT1G04670,0.0
AT1G04680,-0.40519297
AT1G04690,0.29630008
AT1G04700,0.027416619
AT1G04710,-0.20053145
AT1G04730,-0.021327784
AT1G04750,0.16369267
AT1G04760,-0.09238559
AT1G04770,-0.23518635
AT1G04778,-0.04917171
AT1G04780,0.44700485
AT1G04790,-0.17640167
AT1G04800,-0.12738667
AT1G04810,0.09041216
AT1G04820,-0.22336462
AT1G04830,0.010869271
AT1G04840,-0.03443109
AT1G04850,0.18426001
AT1G04860,-0.083311245
AT1G04870,0.24645753
AT1G04880,-0.029340472
AT1G04895,0.0
AT1G04900,-0.17535467
AT1G04910,-0.033283398
AT1G04920,-0.15364161
AT1G04930,-0.08641155
AT1G04940,-0.02066109
AT1G04945,0.11586096
AT1G04950,-0.3618115
AT1G04970,0.20531651
AT1G04980,0.69729674
AT1G04985,0.0037122287
AT1G04990,0.29772657
AT1G05000,1.26327
AT1G05005,0.0
AT1G05010,0.37847522
AT1G05020,-0.0062657604
AT1G05030,-0.035161015
AT1G05035,0.0
AT1G05040,0.0
AT1G05055,-0.13188498
AT1G05060,-0.0017180331
AT1G05065,-0.2620947
AT1G05070,-0.10058929
AT1G05080,0.0
AT1G05085,0.0
AT1G05087,-0.26244536
AT1G05090,-0.4781906
AT1G05100,2.6265385
AT1G05120,0.00093518925
AT1G05136,0.0
AT1G05140,-0.13863532
AT1G05150,-0.23482263
AT1G05160,-0.2181902
AT1G05170,0.102378964
AT1G05180,0.09505892
AT1G05190,-0.31486428
AT1G05200,-0.4839122
AT1G05205,0.060923077
AT1G05210,0.23249222
AT1G05220,0.028000852
AT1G05230,-0.16965646
AT1G05240,0.02983008
AT1G05250,0.0
AT1G05260,-0.028597089
AT1G05270,0.06329537
AT1G05280,0.046653885
AT1G05290,0.0
AT1G05291,0.0
AT1G05300,-0.2669044
AT1G05310,-0.10668982
AT1G05320,-0.5582397
AT1G05330,0.015327114
AT1G05340,1.7227778
AT1G05350,0.13067336
AT1G05360,-0.19381148
AT1G05370,-0.31220254
AT1G05380,-0.030116074
AT1G05385,-0.40517992
AT1G05400,-0.054006457
AT1G05410,-0.10638079
AT1G05420,-0.17669556
AT1G05430,0.006504513
AT1G05440,-0.07740634
AT1G05450,0.9353654
AT1G05460,-0.59789276
AT1G05470,-0.45258445
AT1G05490,-0.27067742
AT1G05500,0.029372297
AT1G05510,0.01517929
AT1G05520,0.11476072
AT1G05530,-0.022834677
AT1G05540,-0.79048604
AT1G05560,1.364569
AT1G05570,-0.022419438
AT1G05575,0.48266545
AT1G05577,-0.0007476615
AT1G05580,0.0
AT1G05590,-0.45233604
AT1G05600,-0.20694359
AT1G05610,0.044800885
AT1G05615,0.0
AT1G05620,1.0736108
AT1G05630,0.23886593
AT1G05640,-0.3357378
AT1G05650,0.0
AT1G05660,0.0
AT1G05670,-0.21901774
AT1G05675,0.5584766
AT1G05680,2.160697
AT1G05690,-0.3898377
AT1G05700,-0.30886647
AT1G05710,0.40023217
AT1G05720,-0.07109423
AT1G05730,-0.22347285
AT1G05750,-0.061229963
AT1G05760,-0.29085407
AT1G05770,-0.21779583
AT1G05780,0.08510012
AT1G05783,-0.13973922
AT1G05785,0.17002289
AT1G05790,0.14186884
AT1G05800,0.27753577
AT1G05805,-0.17802083
AT1G05810,-0.37339243
AT1G05820,-0.17744768
AT1G05830,-0.20251727
AT1G05835,-0.07262729
AT1G05840,0.061763313
AT1G05850,-0.39603272
AT1G05860,-0.2840427
AT1G05870,-0.28639838
AT1G05880,0.2272209
AT1G05890,-0.013954662
AT1G05894,0.06341043
AT1G05900,-0.16683748
AT1G05910,0.17894441
AT1G05920,0.019470116
AT1G05930,0.0
AT1G05940,0.14315401
AT1G05950,-0.027053902
AT1G05960,0.009253888
AT1G05970,-0.015732916
AT1G05990,0.0
AT1G06000,0.13844582
AT1G06010,0.0850288
AT1G06020,-0.0021156266
AT1G06030,0.18997951
AT1G06040,-0.19497319
AT1G06045,0.0
AT1G06050,0.24396062
AT1G06080,0.6721182
AT1G06090,-0.0006168559
AT1G06100,0.070950165
AT1G06110,-0.08253401
AT1G06120,0.0
AT1G06130,0.16377936
AT1G06135,0.29050785
AT1G06137,0.14891899
AT1G06140,0.062289923
AT1G06143,-0.1969035
AT1G06148,0.1656335
AT1G06150,-0.04624629
AT1G06160,-0.7558181
AT1G06170,-0.017242618
AT1G06180,1.4401962
AT1G06190,-0.120434076
AT1G06200,0.016855307
AT1G06210,0.02377544
AT1G06220,-0.11103236
AT1G06225,0.0
AT1G06230,-0.044927508
AT1G06240,-0.41249335
AT1G06250,-0.08241031
AT1G06260,0.0006763258
AT1G06270,-0.19475597
AT1G06280,0.0
AT1G06290,0.41722226
AT1G06310,0.0
AT1G06320,0.0
AT1G06330,0.0
AT1G06350,-0.15528637
AT1G06360,0.9968393
AT1G06380,-0.06468642
AT1G06390,-0.19546397
AT1G06400,0.0028801705
AT1G06410,-0.047110636
AT1G06420,-0.0052310447
AT1G06430,0.090514526
AT1G06440,-0.03406272
AT1G06450,0.07250938
AT1G06460,-0.18340968
AT1G06470,0.056093484
AT1G06475,-0.26782417
AT1G06490,-0.30296806
AT1G06500,-0.4255592
AT1G06510,0.046605684
AT1G06515,0.20302421
AT1G06520,1.2337503
AT1G06530,-0.07411365
AT1G06540,0.37888923
AT1G06550,0.2696516
AT1G06560,-0.13696273
AT1G06570,0.337266
AT1G06580,-0.19027157
AT1G06590,0.021716762
AT1G06620,0.78377444
AT1G06630,-0.041620214
AT1G06640,-0.2759056
AT1G06650,0.1771137
AT1G06660,-0.0911537
AT1G06670,-0.106605336
AT1G06680,-0.42364082
AT1G06690,-0.07748836
AT1G06700,-0.101267025
AT1G06710,-0.030545672
AT1G06720,-0.012828443
AT1G06750,-0.044078637
AT1G06760,0.057194356
AT1G06770,-0.07044774
AT1G06780,0.2146028
AT1G06790,-0.13553232
AT1G06800,0.32006085
AT1G06820,-0.18888026
AT1G06830,-0.10767858
AT1G06840,0.3453832
AT1G06850,-0.261545
AT1G06870,0.35009336
AT1G06890,0.14710341
AT1G06900,-0.05857455
AT1G06910,-0.43276596
AT1G06920,0.0
AT1G06923,0.0
AT1G06925,0.01517929
AT1G06930,0.0
AT1G06950,0.03418598
AT1G06960,-0.26392347
AT1G06970,0.03741144
AT1G06980,-0.6097491
AT1G06990,0.0
AT1G07000,0.7695711
AT1G07010,-0.38944575
AT1G07020,0.37177372
AT1G07025,0.01517929
AT1G07030,0.5061684
AT1G07040,0.72381735
AT1G07050,-0.24456295
AT1G07060,0.051717114
AT1G07070,0.06614273
AT1G07080,0.023160515
AT1G07090,-0.37747636
AT1G07110,-0.14713708
AT1G07120,-0.059081882
AT1G07130,0.2403979
AT1G07135,1.4739774
AT1G07140,0.11694089
AT1G07150,0.50231326
AT1G07160,1.1576271
AT1G07170,-0.08261165
AT1G07175,0.038306925
AT1G07180,-0.7759648
AT1G07190,0.0
AT1G07200,0.07675058
AT1G07210,-0.01691905
AT1G07220,0.14681146
AT1G07230,-0.074658304
AT1G07240,0.07396683
AT1G07250,-0.0066135298
AT1G07260,-0.08309054
AT1G07270,0.042402647
AT1G07280,-0.2261541
AT1G07290,-0.2998517
AT1G07300,-0.12534405
AT1G07310,0.2879933
AT1G07320,-0.3607083
AT1G07340,0.0
AT1G07350,0.09905065
AT1G07360,0.03225902
AT1G07370,0.20774476
AT1G07380,-0.11420896
AT1G07390,0.13718787
AT1G07400,1.7050985
AT1G07410,0.525183
AT1G07420,0.16572833
AT1G07430,0.48969248
AT1G07440,-0.36003116
AT1G07450,-0.14984664
AT1G07460,0.02983008
AT1G07470,0.13491316
AT1G07473,0.0
AT1G07476,0.0
AT1G07480,0.12844147
AT1G07490,-0.17273535
AT1G07500,0.04365886
AT1G07510,0.044892974
AT1G07520,0.13616024
AT1G07530,-0.021100758
AT1G07540,0.019470116
AT1G07550,0.038306925
AT1G07560,0.01517929
AT1G07570,-0.16509378
AT1G07590,1.206344
AT1G07600,0.0
AT1G07610,2.195202
AT1G07615,0.026805563
AT1G07620,0.5518808
AT1G07630,0.31536064
AT1G07640,-0.24069817
AT1G07650,0.08184464
AT1G07660,0.15941747
AT1G07670,0.15704606
AT1G07680,0.0
AT1G07690,0.0
AT1G07700,-0.008772889
AT1G07705,0.011032089
AT1G07710,0.0006763258
AT1G07720,0.3873849
AT1G07725,0.1646412
AT1G07730,0.07460365
AT1G07740,0.0051651467
AT1G07745,-0.07941744
AT1G07747,0.0
AT1G07750,-0.20801114
AT1G07770,-0.006094791
AT1G07780,-0.25014856
AT1G07790,-0.10255633
AT1G07795,0.0
AT1G07810,0.37413958
AT1G07830,0.13031176
AT1G07840,-0.092687905
AT1G07850,-0.040775783
AT1G07860,0.11592105
AT1G07870,0.2955503
AT1G07880,-0.307786
AT1G07885,0.070861265
AT1G07890,0.59815097
AT1G07900,0.9409833
AT1G07901,0.019470116
AT1G07902,-0.07482041
AT1G07910,-0.3103882
AT1G07920,0.035594
AT1G07930,0.13042311
AT1G07940,0.047166463
AT1G07950,-0.07732407
AT1G07960,0.08534406
AT1G07970,0.039317813
AT1G07980,-0.105862014
AT1G07985,-0.45628288
AT1G07990,0.0027863062
AT1G08000,-0.0116032
AT1G08005,0.0
AT1G08010,-0.26441363
AT1G08030,-0.121282436
AT1G08035,0.04115189
AT1G08040,-0.07379268
AT1G08050,1.0231068
AT1G08060,0.0020088581
AT1G08065,0.0
AT1G08070,0.10103899
AT1G08080,-0.18137188
AT1G08090,-0.8087098
AT1G08100,0.0
AT1G08110,-0.12540826
AT1G08120,-0.03164881
AT1G08125,-0.18665513
AT1G08130,-0.01370233
AT1G08135,0.01517929
AT1G08140,0.0
AT1G08150,0.0
AT1G08160,-0.21131286
AT1G08165,-0.05972988
AT1G08170,0.015390842
AT1G08180,-0.0040550497
AT1G08190,-0.024169188
AT1G08200,-0.12041612
AT1G08210,-0.06354282
AT1G08220,0.19787441
AT1G08230,0.20136231
AT1G08250,0.7516147
AT1G08260,-0.10897104
AT1G08270,-0.11849259
AT1G08280,-0.45681658
AT1G08290,0.2408592
AT1G08300,-0.33247763
AT1G08310,0.26639643
AT1G08315,0.7450301
AT1G08320,1.3163455
AT1G08340,-0.061140962
AT1G08350,-0.10468704
AT1G08360,0.018389745
AT1G08370,0.15144654
AT1G08380,-0.34868518
AT1G08390,-0.25443032
AT1G08400,-0.06985286
AT1G08410,-0.08352548
AT1G08420,0.14191633
AT1G08430,0.0
AT1G08440,0.0006763258
AT1G08450,0.24907432
AT1G08460,0.15865186
AT1G08465,-0.14517581
AT1G08470,-0.15401499
AT1G08480,0.20865004
AT1G08490,0.1427525
AT1G08500,-0.23698515
AT1G08510,-0.18544324
AT1G08520,-0.18782902
AT1G08530,-0.08825496
AT1G08540,-0.22413468
AT1G08550,-0.32474586
AT1G08560,-0.23343441
AT1G08570,0.031338204
AT1G08580,0.09125444
AT1G08590,0.16451411
AT1G08600,-0.1938399
AT1G08610,-0.024072649
AT1G08620,0.04799807
AT1G08630,1.354627
AT1G08640,0.16487227
AT1G08645,0.0
AT1G08650,0.5857786
AT1G08660,-0.37697515
AT1G08670,0.0
AT1G08680,-0.10512158
AT1G08695,0.0
AT1G08700,0.052193202
AT1G08710,-0.16648734
AT1G08720,0.022398952
AT1G08730,-0.04949205
AT1G08750,0.038169052
AT1G08760,-0.031650823
AT1G08770,0.2846679
AT1G08780,-0.16838886
AT1G08790,0.0
AT1G08800,0.61773694
AT1G08810,-0.62585336
AT1G08820,-0.017588682
AT1G08830,0.4670806
AT1G08840,-0.007909872
AT1G08845,-0.17762837
AT1G08860,1.6701293
AT1G08880,0.18676203
AT1G08890,0.117044486
AT1G08900,-0.0713156
AT1G08910,-0.22024861
AT1G08920,1.7020488
AT1G08930,0.46579877
AT1G08940,1.5727826
AT1G08960,0.03693589
AT1G08970,-0.050995246
AT1G08980,-0.12966967
AT1G08985,0.0
AT1G08990,0.01517929
AT1G09000,-0.14176081
AT1G09010,-0.05135128
AT1G09020,0.111878365
AT1G09030,0.0
AT1G09040,-0.26076728
AT1G09050,0.12317647
AT1G09060,-0.15560363
AT1G09070,0.5972427
AT1G09080,0.14446075
AT1G09090,-0.00089548406
AT1G09100,0.08712808
AT1G09130,0.15491173
AT1G09140,-0.0022826158
AT1G09150,-0.19206868
AT1G09155,0.0033953402
AT1G09157,0.0
AT1G09160,-0.28567988
AT1G09170,0.037961274
AT1G09176,0.12211692
AT1G09180,0.057680715
AT1G09190,-0.05915389
AT1G09195,-0.05336075
AT1G09200,0.2598699
AT1G09210,0.33821404
AT1G09220,-0.078743644
AT1G09230,0.103087746
AT1G09240,0.8669329
AT1G09245,0.0
AT1G09250,-0.24510694
AT1G09260,-0.020072639
AT1G09270,0.12432328
AT1G09280,-0.115553536
AT1G09290,-0.088765815
AT1G09300,-0.019885529
AT1G09310,-0.20126842
AT1G09320,0.021779928
AT1G09330,0.37281948
AT1G09340,-0.69433814
AT1G09350,-0.26304403
AT1G09360,0.0
AT1G09370,0.01517929
AT1G09380,1.4919356
AT1G09390,0.079265855
AT1G09400,0.4409606
AT1G09410,-0.1553618
AT1G09415,0.15166838
AT1G09420,0.57716876
AT1G09430,0.3391406
AT1G09440,-0.22368865
AT1G09450,0.08263345
AT1G09460,-0.10271664
AT1G09470,-0.26303354
AT1G09480,0.3927002
AT1G09483,-0.043200273
AT1G09490,0.29687595
AT1G09500,2.9822865
AT1G09510,1.0505973
AT1G09520,0.11799248
AT1G09530,0.04771208
AT1G09540,-0.04351352
AT1G09550,0.049300194
AT1G09560,1.5146745
AT1G09570,-0.14691718
AT1G09575,0.27352044
AT1G09580,-0.082186684
AT1G09590,0.08018241
AT1G09600,0.02223215
AT1G09610,-0.2135027
AT1G09620,-0.054522984
AT1G09625,0.0
AT1G09630,0.28000715
AT1G09640,0.010612624
AT1G09645,0.35231453
AT1G09650,-0.045066606
AT1G09660,-0.28753677
AT1G09665,0.0
AT1G09680,-0.00832763
AT1G09700,-0.19343811
AT1G09710,-0.18128493
AT1G09720,0.0
AT1G09730,-0.09579026
AT1G09750,-0.37519452
AT1G09760,0.06958785
AT1G09770,-0.1438015
AT1G09780,0.4971371
AT1G09790,0.0
AT1G09794,0.15031537
AT1G09795,-0.115474135
AT1G09810,-0.14704983
AT1G09812,-0.3502228
AT1G09815,0.2901759
AT1G09820,-0.4610266
AT1G09830,-0.048969153
AT1G09840,-0.2757427
AT1G09850,0.091489166
AT1G09860,0.02983008
AT1G09870,0.1359344
AT1G09880,-0.07787277
AT1G09890,0.07140172
AT1G09900,-0.13604549
AT1G09910,-0.15318419
AT1G09920,0.19729732
AT1G09930,1.0198381
AT1G09932,1.5771068
AT1G09935,0.3211792
AT1G09940,0.91651446
AT1G09950,0.11822453
AT1G09960,-0.18639132
AT1G09970,0.7081766
AT1G09980,0.06949506
AT1G09995,-0.1347278
AT1G10000,-0.20703371
AT1G10010,0.0
AT1G10020,0.09602709
AT1G10030,-0.30496332
AT1G10040,0.8729644
AT1G10050,0.10801516
AT1G10060,0.14062105
AT1G10070,0.36767426
AT1G10090,-0.17701739
AT1G10095,-0.12827991
AT1G10100,-0.00089548406
AT1G10110,0.18600938
AT1G10120,-0.21487246
AT1G10130,0.008987211
AT1G10140,0.81173944
AT1G10150,0.09940266
AT1G10155,0.5743934
AT1G10170,0.1820631
AT1G10180,-0.23050822
AT1G10190,0.0
AT1G10200,-0.13639048
AT1G10210,-0.10163342
AT1G10220,0.63594687
AT1G10225,-0.014841785
AT1G10230,0.043258864
AT1G10240,-0.15589762
AT1G10250,0.0
AT1G10270,-0.13858655
AT1G10280,-0.061845038
AT1G10290,0.25940502
AT1G10300,0.059842534
AT1G10310,-0.129571
AT1G10320,-0.28960395
AT1G10330,-0.21075475
AT1G10340,0.43150535
AT1G10350,-0.066742316
AT1G10360,-0.61791384
AT1G10370,1.3510687
AT1G10380,-0.5592774
AT1G10385,0.0
AT1G10390,0.029389363
AT1G10395,0.0
AT1G10400,0.29050785
AT1G10410,0.88058585
AT1G10417,0.22081627
AT1G10430,0.12500307
AT1G10450,-0.0038989875
AT1G10455,0.0
AT1G10460,-0.065424934
AT1G10470,0.090870686
AT1G10480,0.0
AT1G10490,0.037629478
AT1G10500,0.37368622
AT1G10510,-0.13026679
AT1G10520,-0.09236824
AT1G10522,-0.024855735
AT1G10540,0.15566128
AT1G10550,0.0061897407
AT1G10560,0.27434975
AT1G10570,-0.2506018
AT1G10580,0.41228852
AT1G10585,2.5644784
AT1G10586,0.65740424
AT1G10588,0.04398793
AT1G10590,0.19649486
AT1G10600,-0.07138379
AT1G10610,-0.18172567
AT1G10620,0.0
AT1G10630,0.17823583
AT1G10640,0.14181809
AT1G10650,-0.39616507
AT1G10657,-0.8434744
AT1G10660,-0.004542645
AT1G10670,0.013305783
AT1G10680,0.019470116
AT1G10690,0.029815119
AT1G10700,1.3520154
AT1G10705,0.0
AT1G10710,0.027085146
AT1G10715,0.0
AT1G10717,0.0
AT1G10720,0.05065775
AT1G10730,0.04244556
AT1G10740,-0.05884677
AT1G10745,0.0
AT1G10747,0.0
AT1G10750,-0.48176584
AT1G10760,-0.5214866
AT1G10770,-0.0047049862
AT1G10780,-0.0375789
AT1G10790,-0.20126577
AT1G10800,0.1608278
AT1G10810,-0.08813075
AT1G10820,-0.28455082
AT1G10830,-0.01660179
AT1G10840,-0.074646145
AT1G10850,-0.04040568
AT1G10865,0.24957596
AT1G10870,-0.29731596
AT1G10875,0.0
AT1G10880,0.0
AT1G10890,-0.18892556
AT1G10895,0.0
AT1G10900,-0.2983854
AT1G10910,-0.30939114
AT1G10920,-0.19818752
AT1G10930,-0.20722383
AT1G10940,-0.14006759
AT1G10950,0.10110012
AT1G10960,-0.33303508
AT1G10970,-0.29798263
AT1G10980,0.0049671503
AT1G10990,0.2836998
AT1G11000,-0.5144895
AT1G11020,-0.03848444
AT1G11040,0.3455829
AT1G11050,0.21144286
AT1G11060,0.06696468
AT1G11070,-0.19254431
AT1G11080,0.27496257
AT1G11090,-0.16389894
AT1G11100,0.5466767
AT1G11110,0.034649406
AT1G11112,0.0
AT1G11120,-0.20980203
AT1G11125,-0.08091876
AT1G11130,-0.5344676
AT1G11145,0.0
AT1G11160,-0.14922735
AT1G11170,-0.25275487
AT1G11180,0.13103749
AT1G11190,0.79284984
AT1G11200,0.5152996
AT1G11210,-0.14629418
AT1G11220,-0.3498686
AT1G11230,0.11743486
AT1G11240,-0.14043017
AT1G11250,-0.014502965
AT1G11260,0.12388594
AT1G11270,-0.20487611
AT1G11280,-0.28338572
AT1G11290,-0.07434892
AT1G11300,-0.4904703
AT1G11303,0.045264523
AT1G11310,0.47083044
AT1G11320,0.05392186
AT1G11330,0.85475564
AT1G11340,-0.32464066
AT1G11350,-0.5018654
AT1G11360,0.12394309
AT1G11362,0.2976067
AT1G11370,0.04398793
AT1G11380,0.13578695
AT1G11390,0.30157685
AT1G11400,0.055566736
AT1G11410,-0.49197435
AT1G11420,-0.33925176
AT1G11430,0.027714083
AT1G11440,-0.5219516
AT1G11450,0.113366686
AT1G11460,0.0
AT1G11470,0.0
AT1G11475,-0.06429804
AT1G11480,0.027091546
AT1G11490,-0.028162459
AT1G11500,-0.06868345
AT1G11510,0.0
AT1G11520,0.0
AT1G11530,-0.12717411
AT1G11540,-0.064474605
AT1G11545,-0.56291944
AT1G11560,-0.0556467
AT1G11570,-0.08800943
AT1G11572,0.045748416
AT1G11580,0.5779203
AT1G11590,0.0
AT1G11591,0.0
AT1G11593,0.0
AT1G11600,0.37644112
AT1G11608,0.0
AT1G11610,0.02983008
AT1G11620,0.0
AT1G11630,-0.16662654
AT1G11650,0.1950441
AT1G11655,0.0
AT1G11660,0.07055727
AT1G11670,0.44285762
AT1G11680,-0.01752223
AT1G11684,0.0
AT1G11690,0.0
AT1G11700,-0.682481
AT1G11710,-0.101700716
AT1G11720,-0.28944895
AT1G11730,-0.13356511
AT1G11740,-0.0686655
AT1G11750,-0.121848345
AT1G11760,0.03176548
AT1G11765,0.0
AT1G11770,0.0
AT1G11780,-0.12370456
AT1G11785,-0.12790206
AT1G11790,0.36144122
AT1G11800,-0.05632108
AT1G11810,0.034649406
AT1G11820,-0.013485314
AT1G11840,-0.12801549
AT1G11850,0.25709412
AT1G11860,-0.6753696
AT1G11870,-0.019028611
AT1G11880,0.075460896
AT1G11890,0.21595581
AT1G11900,-0.15538971
AT1G11905,0.34066433
AT1G11910,0.23789269
AT1G11915,-0.19489789
AT1G11920,0.0
AT1G11925,2.441688
AT1G11930,-0.03717565
AT1G11940,0.41168815
AT1G11950,-0.11790319
AT1G11960,-0.04171954
AT1G11970,0.0
AT1G11980,0.0
AT1G11990,-0.18032645
AT1G12000,0.39958018
AT1G12010,-0.065014295
AT1G12020,-0.4246183
AT1G12030,0.0030005965
AT1G12040,-0.0303349
AT1G12050,0.17603953
AT1G12060,-0.3520583
AT1G12064,0.0
AT1G12070,0.04008082
AT1G12080,-1.0752017
AT1G12090,-0.46841967
AT1G12100,0.0049671503
AT1G12110,-0.2837166
AT1G12120,-0.23868546
AT1G12130,0.0
AT1G12140,0.21526623
AT1G12150,-0.022834677
AT1G12160,0.039508242
AT1G12170,0.0
AT1G12180,0.0
AT1G12190,0.0
AT1G12200,0.23535314
AT1G12210,0.10079805
AT1G12211,-0.0052640424
AT1G12220,-0.14884962
AT1G12230,0.029490491
AT1G12240,0.044568084
AT1G12244,-0.35273957
AT1G12250,-0.21308991
AT1G12260,-0.037192516
AT1G12270,-0.040886354
AT1G12280,-0.50119835
AT1G12290,-0.115303986
AT1G12300,-0.3111381
AT1G12310,0.27059332
AT1G12320,0.56196624
AT1G12330,-0.33795643
AT1G12340,0.0
AT1G12350,-0.12196305
AT1G12360,0.21781535
AT1G12370,-0.15441999
AT1G12380,-0.42280734
AT1G12390,-0.015594912
AT1G12400,0.0555484
AT1G12410,-0.057950325
AT1G12411,0.0
AT1G12420,-0.033550765
AT1G12430,-0.3141474
AT1G12440,0.16816707
AT1G12450,-0.24742538
AT1G12460,-0.21167786
AT1G12470,-0.03637306
AT1G12480,-0.5471644
AT1G12490,-0.039304197
AT1G12500,-0.47077656
AT1G12520,-0.039354056
AT1G12530,-0.24966367
AT1G12540,0.0
AT1G12550,-0.40599665
AT1G12560,0.0
AT1G12570,-0.0010940372
AT1G12580,-0.13967614
AT1G12600,-0.013862054
AT1G12610,0.18195371
AT1G12615,0.0
AT1G12620,-0.30840743
AT1G12630,0.03479723
AT1G12640,0.52288365
AT1G12650,0.02768877
AT1G12660,0.0
AT1G12663,0.0
AT1G12665,0.0
AT1G12672,0.02223215
AT1G12680,-0.07398216
AT1G12700,-0.33416063
AT1G12710,0.13906431
AT1G12730,-0.12666775
AT1G12740,0.0
AT1G12750,-0.1876105
AT1G12760,0.3473971
AT1G12770,-0.22189748
AT1G12775,-0.39968875
AT1G12780,0.23049203
AT1G12790,0.0124646695
AT1G12800,-0.3604722
AT1G12805,0.0
AT1G12810,0.28031442
AT1G12820,-0.28325984
AT1G12830,-0.19019783
AT1G12840,0.2006232
AT1G12845,-0.40073425
AT1G12850,0.026913248
AT1G12855,0.0
AT1G12860,-0.6027895
AT1G12870,-0.014502965
AT1G12880,-0.40643677
AT1G12890,0.114235274
AT1G12900,-0.51760966
AT1G12910,0.04180327
AT1G12920,-0.03210442
AT1G12930,-0.33433127
AT1G12940,-1.6771003
AT1G12950,-0.06774965
AT1G12960,0.0
AT1G12970,0.10329834
AT1G12980,-0.016074775
AT1G12990,0.27558935
AT1G13000,0.0070428727
AT1G13020,0.102687426
AT1G13030,-0.25198123
AT1G13040,-0.18942465
AT1G13050,-0.17045127
AT1G13060,0.1900551
AT1G13080,-0.31165087
AT1G13090,-0.038618963
AT1G13100,-0.3619067
AT1G13110,-0.50190663
AT1G13120,-0.14058864
AT1G13130,0.09531559
AT1G13140,0.0
AT1G13143,-0.026605919
AT1G13150,0.0
AT1G13160,0.089750454
AT1G13170,-0.42579925
AT1G13180,0.10500115
AT1G13190,-0.00015651483
AT1G13195,0.12869611
AT1G13200,0.0
AT1G13210,0.37465352
AT1G13220,-0.3848725
AT1G13230,0.006945407
AT1G13245,0.019617395
AT1G13250,-0.50289243
AT1G13260,-0.04521479
AT1G13270,0.17424935
AT1G13280,-0.39808273
AT1G13290,0.0
AT1G13300,0.019470116
AT1G13310,1.4649733
AT1G13320,0.08198192
AT1G13330,-0.13630755
AT1G13340,1.6931617
AT1G13350,-0.05330184
AT1G13360,0.20000301
AT1G13370,0.067791894
AT1G13380,-0.3524603
AT1G13390,0.0936193
AT1G13400,-0.0271255
AT1G13410,-0.047862858
AT1G13420,-0.090010114
AT1G13430,-0.17247218
AT1G13440,0.104107045
AT1G13450,-0.15508679
AT1G13460,0.0035786824
AT1G13470,0.34517002
AT1G13480,0.45826736
AT1G13485,0.0
AT1G13490,0.01517929
AT1G13500,0.0
AT1G13510,0.01517929
AT1G13520,3.1427724
AT1G13530,-0.077764906
AT1G13540,0.20284845
AT1G13550,0.17584623
AT1G13560,-0.057905458
AT1G13570,-0.009226257
AT1G13580,0.05677706
AT1G13590,-0.00089548406
AT1G13600,-0.15226436
AT1G13605,0.01517929
AT1G13607,0.0
AT1G13608,0.0
AT1G13609,0.0
AT1G13610,0.0
AT1G13620,0.0
AT1G13630,-0.08885958
AT1G13635,0.06956341
AT1G13640,-0.28055274
AT1G13650,-1.265954
AT1G13670,0.10521199
AT1G13680,0.0
AT1G13690,-0.1486568
AT1G13700,-0.08368697
AT1G13710,-0.2679224
AT1G13730,-0.23912203
AT1G13740,0.29446405
AT1G13750,0.426649
AT1G13755,0.0
AT1G13760,0.0
AT1G13770,-0.07572773
AT1G13780,-0.000420771
AT1G13790,-0.4658542
AT1G13800,-0.20263478
AT1G13805,0.0
AT1G13810,0.01697871
AT1G13820,-0.26171812
AT1G13825,0.0
AT1G13830,0.27812713
AT1G13860,-0.2664066
AT1G13870,-0.056380134
AT1G13880,-0.01071946
AT1G13890,0.0
AT1G13900,-0.09015069
AT1G13910,0.17514902
AT1G13920,-0.3405938
AT1G13930,0.11987568
AT1G13940,-0.20763287
AT1G13950,-0.15087673
AT1G13960,0.11837763
AT1G13980,-0.15033312
AT1G13990,0.348206
AT1G14000,0.30847803
AT1G14010,0.33778816
AT1G14020,0.0019397496
AT1G14030,-0.371275
AT1G14040,0.33704725
AT1G14048,0.0
AT1G14050,0.0
AT1G14070,0.0
AT1G14080,-0.20278925
AT1G14100,-0.074693024
AT1G14110,0.0
AT1G14120,-0.06926347
AT1G14130,0.2790907
AT1G14140,0.06755489
AT1G14150,-0.5621962
AT1G14160,0.0
AT1G14170,0.9334047
AT1G14175,0.0
AT1G14182,0.0
AT1G14185,0.122007735
AT1G14190,-0.19712164
AT1G14200,0.22554998
AT1G14205,-0.23016423
AT1G14210,-0.33307278
AT1G14220,0.0
AT1G14230,0.086034775
AT1G14240,0.08923489
AT1G14250,-0.7117057
AT1G14260,0.23969874
AT1G14270,-0.22575405
AT1G14280,-0.31042966
AT1G14290,-0.36299816
AT1G14300,-0.034751944
AT1G14310,-0.05801062
AT1G14315,-0.009126973
AT1G14320,0.47095433
AT1G14330,1.1093315
AT1G14340,0.052859485
AT1G14345,-0.1516523
AT1G14350,-0.40307844
AT1G14360,0.6524162
AT1G14370,0.52003056
AT1G14380,-0.3764374
AT1G14390,-0.14314936
AT1G14400,0.13076013
AT1G14410,-0.01721334
AT1G14420,0.009709837
AT1G14430,-0.033621244
AT1G14440,-0.16733587
AT1G14450,0.14154783
AT1G14453,0.0
AT1G14455,0.0
AT1G14460,-0.6720641
AT1G14470,-0.054228067
AT1G14480,-0.029063666
AT1G14490,-0.07929988
AT1G14500,0.0
AT1G14510,0.0028740643
AT1G14520,0.23713244
AT1G14530,0.2511859
AT1G14540,2.5771456
AT1G14550,0.90558106
AT1G14560,-0.1709958
AT1G14570,-0.022535225
AT1G14580,-0.20474927
AT1G14590,-0.15029153
AT1G14600,-0.30428234
AT1G14610,-0.14706746
AT1G14620,-0.04910195
AT1G14640,-0.09822306
AT1G14642,0.0
AT1G14650,-0.060701102
AT1G14660,-0.39583698
AT1G14670,0.2697326
AT1G14680,-0.093623914
AT1G14685,0.054225653
AT1G14686,0.0006763258
AT1G14687,0.10998016
AT1G14688,0.01517929
AT1G14690,-0.1700541
AT1G14700,-0.6433333
AT1G14710,0.035669193
AT1G14720,0.081583396
AT1G14730,-0.2263252
AT1G14740,-0.089779735
AT1G14750,-0.009106261
AT1G14755,0.0
AT1G14760,-0.014502965
AT1G14770,-0.55625796
AT1G14780,-0.058183283
AT1G14790,0.03310582
AT1G14800,0.0
AT1G14810,0.35140002
AT1G14820,-0.12785129
AT1G14830,0.12925592
AT1G14840,-0.6061656
AT1G14850,-0.03778138
AT1G14860,0.33536354
AT1G14870,2.778262
AT1G14880,0.56567127
AT1G14890,0.7671547
AT1G14900,-0.13290176
AT1G14910,0.06642861
AT1G14920,-0.07830788
AT1G14930,-0.10425312
AT1G14940,0.0
AT1G14950,0.0
AT1G14960,0.0
AT1G14970,-0.27699465
AT1G14980,0.11703489
AT1G14990,0.10038363
AT1G15000,-0.5981009
AT1G15010,1.2801172
AT1G15015,-0.014502965
AT1G15020,-0.0185723
AT1G15030,-0.02564017
AT1G15040,3.44907
AT1G15050,0.13636084
AT1G15060,0.08799768
AT1G15080,-0.16678545
AT1G15085,0.0
AT1G15100,0.22813253
AT1G15110,0.42435133
AT1G15120,0.177046
AT1G15125,-1.417161
AT1G15130,0.28535384
AT1G15140,0.14473651
AT1G15150,-0.09849071
AT1G15160,0.019470116
AT1G15165,-0.09369417
AT1G15170,0.3329621
AT1G15180,-0.23687749
AT1G15190,0.018722454
AT1G15200,-0.14392073
AT1G15210,-0.03580676
AT1G15215,-0.40020484
AT1G15220,-0.15419096
AT1G15230,0.021633478
AT1G15240,-0.103279576
AT1G15250,-0.095420435
AT1G15260,-0.39568907
AT1G15270,0.10911059
AT1G15280,-0.10716741
AT1G15290,-0.3963295
AT1G15310,-0.107014835
AT1G15320,-0.014502965
AT1G15330,-0.015625678
AT1G15340,-0.1902065
AT1G15350,0.2416442
AT1G15360,0.0
AT1G15370,0.09446429
AT1G15380,2.5663173
AT1G15385,0.7759967
AT1G15390,-0.0032006735
AT1G15400,0.09339173
AT1G15410,-1.0116826
AT1G15415,0.86257285
AT1G15420,-0.039368376
AT1G15430,1.1621102
AT1G15440,0.10672945
AT1G15460,0.0
AT1G15470,-0.017438198
AT1G15480,-0.276396
AT1G15490,0.060084593
AT1G15500,-0.21945289
AT1G15510,-0.059495874
AT1G15520,3.8022196
AT1G15530,0.24771218
AT1G15540,0.08446349
AT1G15550,-1.0377456
AT1G15570,0.053796187
AT1G15580,-0.05765918
AT1G15590,0.0
AT1G15600,0.0
AT1G15610,-0.061413024
AT1G15620,0.0
AT1G15625,0.22838144
AT1G15630,0.0
AT1G15640,0.0
AT1G15660,-0.13717806
AT1G15670,0.5224512
AT1G15680,0.0
AT1G15690,0.24820642
AT1G15700,-0.0751482
AT1G15710,0.052426502
AT1G15720,0.09944515
AT1G15730,-0.26970005
AT1G15740,-0.08569788
AT1G15750,0.033037033
AT1G15757,0.0
AT1G15760,-0.24680103
AT1G15770,0.0
AT1G15772,-0.0739536
AT1G15780,0.18745588
AT1G15790,0.37756637
AT1G15800,0.17538354
AT1G15810,-0.16085282
AT1G15820,-0.4295645
AT1G15825,0.061080277
AT1G15830,-0.6091432
AT1G15840,-0.0271255
AT1G15850,0.0
AT1G15860,0.23798366
AT1G15870,0.06342611
AT1G15880,0.08989835
AT1G15885,0.11802545
AT1G15890,-0.0036083495
AT1G15900,0.1078839
AT1G15910,-0.34787062
AT1G15920,0.0029313478
AT1G15930,0.11506761
AT1G15940,-0.120710246
AT1G15950,0.37454525
AT1G15960,0.029499587
AT1G15970,-0.027168617
AT1G15980,-0.66022944
AT1G15990,0.01517929
AT1G16000,-0.012555536
AT1G16010,0.048579954
AT1G16020,-0.2798469
AT1G16022,0.06483652
AT1G16025,0.0
AT1G16030,0.9508753
AT1G16040,-0.028988587
AT1G16060,0.12430848
AT1G16070,-0.024250116
AT1G16080,-0.357588
AT1G16110,0.16066001
AT1G16120,0.0139607135
AT1G16130,1.0255172
AT1G16140,0.0
AT1G16150,-0.32691482
AT1G16160,-0.03558081
AT1G16170,0.22288708
AT1G16180,0.21060236
AT1G16190,-0.23549716
AT1G16210,0.19305687
AT1G16220,-0.052430548
AT1G16225,-0.03164881
AT1G16230,0.0
AT1G16240,0.15768091
AT1G16250,0.084492765
AT1G16260,0.03418267
AT1G16270,0.06700254
AT1G16280,-0.09425531
AT1G16290,0.0
AT1G16300,0.5360715
AT1G16310,-0.06240374
AT1G16320,0.014988323
AT1G16330,-0.037535142
AT1G16340,-0.5909166
AT1G16350,-0.07744736
AT1G16360,0.07715505
AT1G16370,0.70153624
AT1G16380,0.0
AT1G16390,-0.3860258
AT1G16400,-0.6532036
AT1G16410,-1.2729245
AT1G16420,0.5139538
AT1G16430,-0.05160669
AT1G16440,0.037908915
AT1G16445,-0.1317088
AT1G16460,-0.12748928
AT1G16470,0.2783477
AT1G16480,-0.21823826
AT1G16490,-0.12762913
AT1G16500,0.40184724
AT1G16510,0.85775375
AT1G16515,0.054066047
AT1G16520,-0.2977327
AT1G16530,0.27615148
AT1G16540,0.60558003
AT1G16560,0.14697334
AT1G16570,-0.06277296
AT1G16590,-0.2952546
AT1G16610,0.07763192
AT1G16630,-0.20502752
AT1G16640,-0.2758037
AT1G16650,0.10450405
AT1G16670,0.4386167
AT1G16680,-0.28379476
AT1G16690,-0.060120605
AT1G16700,0.2777311
AT1G16705,0.030143406
AT1G16710,-0.07231762
AT1G16720,-0.35136425
AT1G16730,-0.13413946
AT1G16740,0.03316266
AT1G16750,-0.306927
AT1G16760,0.0
AT1G16770,0.04545514
AT1G16780,-0.5427255
AT1G16790,0.29784885
AT1G16800,-0.31415093
AT1G16810,0.003955994
AT1G16820,-0.048159365
AT1G16825,-0.002105032
AT1G16830,0.083994746
AT1G16840,0.19873692
AT1G16850,-0.10299851
AT1G16860,-0.12681384
AT1G16870,0.19432394
AT1G16880,-0.124974474
AT1G16890,0.09227933
AT1G16900,-0.010917383
AT1G16900,-0.010917383
AT1G16910,0.0
AT1G16916,-0.057487786
AT1G16920,-0.17092307
AT1G16930,-0.11906566
AT1G16940,0.0
AT1G16945,0.0
AT1G16950,0.0
AT1G16960,-0.3569718
AT1G16970,0.0086066555
AT1G16980,0.0
AT1G17000,0.0
AT1G17010,0.0
AT1G17020,1.8461488
AT1G17030,0.19550803
AT1G17040,-0.224564
AT1G17050,-0.26729962
AT1G17060,0.0028022262
AT1G17065,0.0
AT1G17070,0.02634589
AT1G17080,0.34618965
AT1G17100,-0.16775836
AT1G17110,-0.28886688
AT1G17120,0.044832136
AT1G17130,-0.022609886
AT1G17140,-0.5195341
AT1G17145,-0.16987471
AT1G17147,-0.024801986
AT1G17150,0.0
AT1G17160,-0.05549674
AT1G17170,1.7604187
AT1G17180,0.33606982
AT1G17190,-0.25376737
AT1G17200,-0.24027391
AT1G17210,-0.10363292
AT1G17220,-0.35517624
AT1G17230,0.31597492
AT1G17235,-0.02581662
AT1G17240,0.0121314805
AT1G17250,-0.1308738
AT1G17260,-0.18479292
AT1G17270,-0.07391632
AT1G17280,0.046283998
AT1G17285,0.013755304
AT1G17290,0.3823364
AT1G17300,0.121646166
AT1G17310,0.07172963
AT1G17330,0.09376288
AT1G17340,0.22579268
AT1G17345,-0.028597089
AT1G17350,-0.35838312
AT1G17360,-0.36815232
AT1G17370,-0.14623174
AT1G17380,0.79798883
AT1G17400,-0.08098725
AT1G17410,0.02544161
AT1G17420,1.5303943
AT1G17430,0.08888667
AT1G17440,0.11802939
AT1G17450,-0.027333515
AT1G17455,-0.24669424
AT1G17460,-0.13258214
AT1G17470,-0.032074574
AT1G17480,-0.36984903
AT1G17490,0.08640616
AT1G17500,0.43539965
AT1G17510,0.13140722
AT1G17520,0.029943135
AT1G17530,0.36863086
AT1G17540,0.0
AT1G17545,0.0
AT1G17550,0.23758277
AT1G17560,-0.10138619
AT1G17580,-0.0023281055
AT1G17590,-0.009017488
AT1G17600,0.67728686
AT1G17610,0.27556938
AT1G17620,-0.01679461
AT1G17630,-0.07166427
AT1G17640,-0.042035796
AT1G17650,-0.38868004
AT1G17665,0.15065224
AT1G17680,-0.11836774
AT1G17690,0.034671817
AT1G17700,-0.39161813
AT1G17710,0.021213263
AT1G17720,0.13261376
AT1G17730,0.03141066
AT1G17740,0.0
AT1G17745,1.1271601
AT1G17750,0.46115762
AT1G17760,-0.25471804
AT1G17770,0.0
AT1G17780,-0.049540065
AT1G17790,-0.030281972
AT1G17800,0.0
AT1G17810,0.053486217
AT1G17820,-0.0017113879
AT1G17830,0.76715803
AT1G17840,-0.12593527
AT1G17850,-0.33918682
AT1G17860,0.892411
AT1G17870,0.10292052
AT1G17880,-0.09445643
AT1G17890,0.48486432
AT1G17910,0.0
AT1G17920,-0.34766176
AT1G17930,-0.16134669
AT1G17940,-0.11093462
AT1G17950,0.20913568
AT1G17960,-0.19902408
AT1G17970,-0.2614844
AT1G17980,-0.26345348
AT1G17990,0.14767979
AT1G18000,-0.26090595
AT1G18010,0.33812886
AT1G18020,0.6578993
AT1G18030,-0.16429979
AT1G18040,-0.4374691
AT1G18050,-0.014502965
AT1G18070,0.09613803
AT1G18080,0.1792168
AT1G18090,-0.42256021
AT1G18100,0.0
AT1G18120,0.0
AT1G18130,0.0
AT1G18140,-0.00089548406
AT1G18150,-0.2506138
AT1G18160,-0.11106224
AT1G18170,-0.26748356
AT1G18180,-0.04156651
AT1G18190,-0.16056378
AT1G18193,0.0
AT1G18197,0.076641664
AT1G18200,0.6653803
AT1G18210,0.75960654
AT1G18220,0.0
AT1G18250,-0.082364865
AT1G18260,0.05767375
AT1G18265,-0.4507719
AT1G18270,0.33730838
AT1G18280,0.18768722
AT1G18290,-0.0128550595
AT1G18300,0.46413794
AT1G18310,-0.008445434
AT1G18320,-0.08082663
AT1G18330,-0.30809224
AT1G18335,-0.13614124
AT1G18340,-0.16947687
AT1G18350,0.37347192
AT1G18360,-0.14302623
AT1G18370,-0.32304853
AT1G18390,0.80121857
AT1G18400,-0.34427166
AT1G18410,-0.046233732
AT1G18420,0.070950165
AT1G18440,0.16372947
AT1G18450,-0.0008828735
AT1G18460,-0.2568075
AT1G18470,0.120857626
AT1G18480,0.43558156
AT1G18485,-0.27647713
AT1G18486,0.01517929
AT1G18490,-0.23303434
AT1G18500,0.046758242
AT1G18510,0.0
AT1G18520,0.0
AT1G18530,-0.02668166
AT1G18540,0.20643221
AT1G18550,-0.22643247
AT1G18560,0.18334413
AT1G18570,0.30775842
AT1G18580,-0.1072382
AT1G18590,0.029931366
AT1G18600,0.1938499
AT1G18610,-0.2647465
AT1G18620,-0.6338464
AT1G18630,0.022195159
AT1G18640,0.016300034
AT1G18650,-0.39765838
AT1G18660,-0.1884589
AT1G18670,-0.24232382
AT1G18680,0.27396476
AT1G18690,0.03526427
AT1G18700,-0.1289343
AT1G18710,-1.0895832
AT1G18720,0.39139482
AT1G18730,-0.68711764
AT1G18740,0.25591704
AT1G18750,-0.29573685
AT1G18760,0.0
AT1G18770,0.0
AT1G18773,-0.1234709
AT1G18780,0.0
AT1G18790,0.0
AT1G18800,0.013348192
AT1G18810,-0.2907189
AT1G18830,0.12753946
AT1G18835,0.20911598
AT1G18840,-0.48734084
AT1G18850,0.15282083
AT1G18860,1.0065794
AT1G18870,-0.40118968
AT1G18871,0.0
AT1G18880,-0.55545396
AT1G18890,0.4516988
AT1G18900,0.1923321
AT1G18910,0.026057662
AT1G18950,-0.21614431
AT1G18960,-0.055360705
AT1G18970,0.013755304
AT1G18975,0.0
AT1G18980,0.4350456
AT1G18990,-0.028927987
AT1G19000,-0.27275628
AT1G19010,0.0010606772
AT1G19020,1.6912459
AT1G19025,0.37729526
AT1G19040,0.0
AT1G19050,-0.16414024
AT1G19060,0.0
AT1G19070,0.10800726
AT1G19080,-0.24639429
AT1G19086,0.0
AT1G19090,0.0
AT1G19100,-0.14225635
AT1G19110,-0.21079725
AT1G19115,-0.016484853
AT1G19120,-0.084027916
AT1G19130,0.23274383
AT1G19140,-0.028828818
AT1G19150,-0.701348
AT1G19160,-0.09366209
AT1G19170,-0.16251123
AT1G19180,1.6137644
AT1G19190,0.2991982
AT1G19200,1.400127
AT1G19210,0.33263382
AT1G19220,-0.350449
AT1G19230,0.12753387
AT1G19240,0.08323816
AT1G19250,2.305699
AT1G19260,0.0
AT1G19270,0.6369785
AT1G19290,0.016366033
AT1G19300,-0.08828816
AT1G19310,0.36063442
AT1G19330,-0.64527524
AT1G19340,-0.6217089
AT1G19350,-0.27678615
AT1G19360,0.28893688
AT1G19370,0.08439882
AT1G19380,0.64147264
AT1G19390,-0.014502965
AT1G19394,-0.18266541
AT1G19397,-0.15478387
AT1G19400,-0.015221697
AT1G19410,0.0
AT1G19430,-0.15902592
AT1G19440,0.7214568
AT1G19450,-0.13033138
AT1G19460,0.0
AT1G19470,0.0
AT1G19480,-0.27223372
AT1G19485,-0.29267293
AT1G19490,-0.2850535
AT1G19500,0.06345805
AT1G19510,-0.19713378
AT1G19520,-0.057300944
AT1G19525,0.0
AT1G19530,0.3354011
AT1G19540,0.13275556
AT1G19550,0.049362533
AT1G19565,-0.07457389
AT1G19570,0.17786025
AT1G19580,-0.029289287
AT1G19600,-0.027646007
AT1G19610,0.32866806
AT1G19620,-0.35129702
AT1G19630,-0.5551761
AT1G19640,0.4657682
AT1G19650,-0.028482955
AT1G19660,-0.16637285
AT1G19670,-1.4108434
AT1G19680,-0.15936822
AT1G19690,-0.2010514
AT1G19700,-0.20029756
AT1G19710,-0.3226928
AT1G19715,-0.50285834
AT1G19720,-0.3713547
AT1G19730,-0.10845936
AT1G19740,-0.026851669
AT1G19750,-0.049504682
AT1G19770,0.0012424301
AT1G19780,0.0
AT1G19790,0.0217976
AT1G19800,-0.009916959
AT1G19830,-0.10092208
AT1G19835,-0.3935846
AT1G19840,-0.07385558
AT1G19850,1.0585147
AT1G19860,-0.06675249
AT1G19870,-0.26070893
AT1G19880,0.007280364
AT1G19890,0.0
AT1G19900,0.0
AT1G19910,0.40638116
AT1G19920,-0.1611095
AT1G19930,0.0
AT1G19940,0.17377433
AT1G19950,-0.2850816
AT1G19960,0.12597163
AT1G19970,0.40448523
AT1G19980,-0.059335
AT1G19990,-0.37378705
AT1G20000,0.0
AT1G20010,-0.5221732
AT1G20020,-0.6448379
AT1G20030,0.1514033
AT1G20050,0.19446202
AT1G20060,-0.023905847
AT1G20065,-0.013417798
AT1G20070,0.94792014
AT1G20080,-0.015430086
AT1G20090,0.055042084
AT1G20100,0.28576854
AT1G20110,0.15564846
AT1G20120,0.051182617
AT1G20130,-0.03057774
AT1G20132,0.0
AT1G20135,0.0
AT1G20140,0.13466172
AT1G20150,-0.04230479
AT1G20160,-0.06445827
AT1G20180,1.113825
AT1G20190,-0.76096976
AT1G20200,0.2549538
AT1G20220,0.031169854
AT1G20230,-0.1929463
AT1G20240,0.0
AT1G20260,0.15093718
AT1G20270,-0.12252405
AT1G20280,0.0
AT1G20290,0.0
AT1G20300,0.042010725
AT1G20310,0.89424974
AT1G20320,0.019470116
AT1G20330,0.0149728535
AT1G20340,-0.39106914
AT1G20350,0.4643687
AT1G20360,0.0
AT1G20380,-0.39020032
AT1G20400,0.019470116
AT1G20405,0.0
AT1G20410,-0.25838548
AT1G20440,0.4729832
AT1G20450,0.47509
AT1G20470,-0.23010403
AT1G20480,-0.016612547
AT1G20490,-0.12456965
AT1G20500,0.0
AT1G20510,0.05220807
AT1G20520,0.038306925
AT1G20530,-0.10322216
AT1G20540,-0.2221338
AT1G20550,-0.2903627
AT1G20560,0.04247094
AT1G20570,-0.21917583
AT1G20575,0.18308671
AT1G20580,0.093887515
AT1G20590,0.0
AT1G20600,0.0
AT1G20610,-0.05408434
AT1G20620,-0.08287587
AT1G20630,1.1399524
AT1G20640,-0.51010823
AT1G20650,-0.42658925
AT1G20657,0.0
AT1G20670,-0.06758794
AT1G20680,0.12170782
AT1G20683,0.0
AT1G20687,0.0
AT1G20693,-0.09532275
AT1G20696,-0.011637386
AT1G20700,0.15690263
AT1G20710,0.0
AT1G20720,-0.32682747
AT1G20730,0.0006763258
AT1G20735,0.01517929
AT1G20740,0.2709448
AT1G20750,0.0
AT1G20760,0.029355828
AT1G20770,0.08636511
AT1G20780,0.5831656
AT1G20790,0.0
AT1G20795,0.0006763258
AT1G20800,0.0
AT1G20803,0.0
AT1G20810,-0.14051984
AT1G20816,-0.28796887
AT1G20823,-0.17369384
AT1G20830,-0.123724565
AT1G20840,0.22078107
AT1G20850,0.06103269
AT1G20860,0.01517929
AT1G20870,-0.014045993
AT1G20875,0.0
AT1G20880,0.06745066
AT1G20890,0.04350536
AT1G20900,0.25945622
AT1G20910,0.057020284
AT1G20920,-0.28078255
AT1G20923,0.0
AT1G20925,0.0
AT1G20930,-0.01847553
AT1G20940,0.0
AT1G20950,-0.015002541
AT1G20960,0.035323586
AT1G20970,0.3212212
AT1G20980,0.18764947
AT1G20990,-0.1289877
AT1G21000,-0.05724495
AT1G21010,0.48556408
AT1G21050,-0.28605708
AT1G21060,-0.19853741
AT1G21065,-0.081239015
AT1G21070,-0.15676847
AT1G21080,0.1726409
AT1G21090,-0.30043426
AT1G21100,-0.16917457
AT1G21110,-0.29743612
AT1G21120,0.12714858
AT1G21130,-0.14168651
AT1G21140,-0.045821518
AT1G21150,-0.34820858
AT1G21160,-0.058393933
AT1G21170,0.015453694
AT1G21190,0.08069425
AT1G21200,-0.04975577
AT1G21210,0.11751813
AT1G21230,0.0
AT1G21240,1.3202289
AT1G21245,0.02220161
AT1G21250,0.85235167
AT1G21270,0.26573125
AT1G21280,0.05471123
AT1G21310,1.2944125
AT1G21313,0.6032082
AT1G21320,0.25099793
AT1G21323,0.0
AT1G21326,-0.022726681
AT1G21340,0.0
AT1G21360,-0.10615139
AT1G21370,0.33879063
AT1G21380,0.36775216
AT1G21390,0.2383065
AT1G21395,0.0
AT1G21400,0.62695444
AT1G21410,0.45736727
AT1G21430,0.0
AT1G21440,-0.60709834
AT1G21450,0.01204667
AT1G21460,-0.10259135
AT1G21470,-0.040775783
AT1G21475,0.0
AT1G21480,-0.13586631
AT1G21500,-0.2524647
AT1G21510,-0.03174221
AT1G21520,0.61711025
AT1G21528,0.044900544
AT1G21530,0.0
AT1G21540,-0.21688485
AT1G21550,1.5833763
AT1G21560,-0.54250336
AT1G21570,0.0
AT1G21580,-0.040469047
AT1G21590,-0.04818968
AT1G21600,-0.15306531
AT1G21610,-0.16568251
AT1G21620,0.0
AT1G21630,0.09522821
AT1G21640,-0.061104294
AT1G21650,-0.24043013
AT1G21660,0.04063398
AT1G21670,0.3890594
AT1G21680,0.09608261
AT1G21690,0.0021052214
AT1G21695,0.15242958
AT1G21700,-0.040158264
AT1G21710,0.00027080651
AT1G21720,0.22635204
AT1G21722,0.0742366
AT1G21730,-0.27426565
AT1G21738,0.0
AT1G21740,0.40631625
AT1G21750,0.48253506
AT1G21760,0.08860595
AT1G21770,0.27943996
AT1G21780,-0.027667806
AT1G21790,0.44136164
AT1G21810,-0.23613764
AT1G21820,0.0
AT1G21835,0.0
AT1G21840,-0.27870747
AT1G21850,0.08229486
AT1G21860,0.02983008
AT1G21864,0.0
AT1G21866,0.0
AT1G21870,0.0
AT1G21880,-0.41267154
AT1G21890,-0.03969758
AT1G21900,0.4103767
AT1G21910,0.26403478
AT1G21920,-0.10094374
AT1G21925,0.0
AT1G21928,0.0
AT1G21930,-0.071826175
AT1G21940,0.0
AT1G21950,0.0
AT1G21960,0.0
AT1G21970,0.01517929
AT1G21980,0.34922543
AT1G21990,0.0
AT1G22000,-0.016321696
AT1G22010,0.0
AT1G22015,0.01517929
AT1G22020,0.06112209
AT1G22030,-0.27278113
AT1G22040,-0.021287486
AT1G22050,-0.23070192
AT1G22060,-0.4274492
AT1G22065,-0.15572093
AT1G22070,-0.1472748
AT1G22080,0.0
AT1G22090,0.0
AT1G22100,0.0
AT1G22110,0.26470223
AT1G22120,-0.045066606
AT1G22130,-0.26476148
AT1G22140,0.0064596827
AT1G22150,0.019470116
AT1G22160,-0.9709536
AT1G22170,-0.26224738
AT1G22180,0.6156927
AT1G22190,0.30071303
AT1G22200,0.054024544
AT1G22210,0.0
AT1G22220,0.030184515
AT1G22230,-0.194192
AT1G22240,0.06739478
AT1G22250,-0.032975797
AT1G22260,-0.18646339
AT1G22270,0.21604605
AT1G22275,0.16890392
AT1G22280,0.4103036
AT1G22290,0.0
AT1G22300,0.08640756
AT1G22310,-0.25077167
AT1G22330,-0.52873844
AT1G22340,0.3880012
AT1G22360,0.70885175
AT1G22370,-0.15140074
AT1G22380,1.3526996
AT1G22400,2.3817585
AT1G22410,1.6834942
AT1G22420,0.0
AT1G22430,-0.6474127
AT1G22440,0.07591731
AT1G22450,0.085546635
AT1G22460,0.0
AT1G22470,0.119311884
AT1G22480,0.22492765
AT1G22490,-0.15698323
AT1G22500,-0.28566965
AT1G22510,0.26833537
AT1G22520,0.042146206
AT1G22530,-0.06734023
AT1G22540,-0.17690827
AT1G22550,-0.05667962
AT1G22570,0.3946833
AT1G22590,-0.52431786
AT1G22600,0.009709837
AT1G22610,-0.14785789
AT1G22620,0.0009360883
AT1G22630,-0.3798163
AT1G22640,-0.097967945
AT1G22650,-0.22127385
AT1G22660,-0.26150224
AT1G22670,-0.028597089
AT1G22680,0.0
AT1G22690,-0.47733662
AT1G22700,-0.19204693
AT1G22710,-0.019079616
AT1G22720,0.0
AT1G22730,0.018428488
AT1G22740,-0.21777536
AT1G22750,0.28544924
AT1G22760,-0.03164881
AT1G22770,-0.042745776
AT1G22780,0.16781376
AT1G22790,-0.10009268
AT1G22800,-0.019828828
AT1G22810,0.5821362
AT1G22830,-0.20669504
AT1G22840,0.9542049
AT1G22850,-0.22139218
AT1G22860,-0.049819674
AT1G22870,0.06531447
AT1G22880,0.013755304
AT1G22882,0.2526854
AT1G22885,0.32729834
AT1G22890,0.54391885
AT1G22900,0.56258833
AT1G22910,-0.11684296
AT1G22920,0.10434768
AT1G22930,0.15839006
AT1G22940,-0.08506624
AT1G22950,-0.08822278
AT1G22960,0.010968683
AT1G22970,-0.015941866
AT1G22980,-0.06513696
AT1G22985,0.168456
AT1G22990,-0.03343241
AT1G23000,-0.082455285
AT1G23010,0.18814494
AT1G23020,-0.066667035
AT1G23030,0.027520029
AT1G23037,0.0
AT1G23040,0.6429665
AT1G23050,-0.21250902
AT1G23060,-0.5391013
AT1G23070,-0.0934107
AT1G23080,-0.5400315
AT1G23090,-0.18274891
AT1G23100,-0.1342958
AT1G23110,0.011533164
AT1G23120,1.0926741
AT1G23130,-0.113903865
AT1G23140,0.100215234
AT1G23145,0.0
AT1G23147,0.0
AT1G23150,0.7648087
AT1G23160,0.0
AT1G23170,-0.165025
AT1G23180,-0.17536806
AT1G23190,0.46691087
AT1G23200,-0.29351977
AT1G23201,0.06345805
AT1G23210,-0.003584468
AT1G23220,0.10755206
AT1G23230,0.06491707
AT1G23240,0.0
AT1G23250,0.0
AT1G23260,-0.16958044
AT1G23270,0.0
AT1G23280,-0.06556478
AT1G23290,0.285324
AT1G23300,0.05655034
AT1G23310,-0.480445
AT1G23320,0.0
AT1G23330,0.07174394
AT1G23340,-0.5092184
AT1G23360,-0.16646174
AT1G23380,0.047862813
AT1G23390,0.12276847
AT1G23400,-0.28471035
AT1G23410,-0.06852624
AT1G23420,0.0
AT1G23430,0.0
AT1G23450,0.37977403
AT1G23460,0.34156173
AT1G23465,-0.118730076
AT1G23480,-0.44107646
AT1G23490,0.20820242
AT1G23500,0.07172963
AT1G23510,0.050877523
AT1G23520,0.02983008
AT1G23530,-0.39890102
AT1G23540,-0.021938972
AT1G23550,1.0128525
AT1G23560,1.0832648
AT1G23570,0.019470116
AT1G23580,0.0
AT1G23590,0.0
AT1G23600,0.019470116
AT1G23610,0.0
AT1G23630,0.0
AT1G23645,0.019470116
AT1G23650,0.0
AT1G23660,0.0
AT1G23670,0.0
AT1G23680,0.0
AT1G23690,0.0
AT1G23700,0.034649406
AT1G23710,0.8315946
AT1G23720,0.0
AT1G23730,0.569724
AT1G23740,-0.23606174
AT1G23750,0.02944727
AT1G23760,-0.12576653
AT1G23770,0.0
AT1G23780,0.06419436
AT1G23790,-0.23240574
AT1G23800,2.3916733
AT1G23810,0.01517929
AT1G23820,-0.08928403
AT1G23830,-0.043227132
AT1G23840,0.2474512
AT1G23850,0.08874618
AT1G23860,0.18814935
AT1G23870,0.4884678
AT1G23880,-0.061754823
AT1G23890,-0.22467728
AT1G23900,0.11507868
AT1G23910,0.0
AT1G23915,0.0
AT1G23935,-0.39853436
AT1G23950,0.023914352
AT1G23960,-0.016502703
AT1G23965,-0.36011994
AT1G23970,-0.19896245
AT1G23980,-0.15918884
AT1G23985,0.01517929
AT1G23995,0.0
AT1G24000,0.02983008
AT1G24010,0.0
AT1G24020,0.21509647
AT1G24030,-0.13803025
AT1G24040,-0.19000119
AT1G24050,0.19499397
AT1G24060,0.0
AT1G24062,0.0
AT1G24070,-1.8418198
AT1G24090,0.09390833
AT1G24095,0.11074196
AT1G24100,0.26172858
AT1G24110,0.0
AT1G24120,-0.20952809
AT1G24130,-0.03057774
AT1G24140,1.2402711
AT1G24145,0.24252938
AT1G24147,0.9978382
AT1G24148,-0.39254448
AT1G24150,0.59633064
AT1G24159,0.0
AT1G24160,-0.2516371
AT1G24170,-0.022863744
AT1G24180,0.36509746
AT1G24190,-0.03431148
AT1G24200,0.0
AT1G24210,0.056841884
AT1G24220,0.0
AT1G24230,0.0
AT1G24240,-0.12430893
AT1G24250,0.01517929
AT1G24256,0.0
AT1G24260,-0.15067671
AT1G24265,-0.36784106
AT1G24267,0.078593135
AT1G24270,0.0
AT1G24280,0.2301482
AT1G24290,-0.08430257
AT1G24300,-0.08477383
AT1G24310,-0.159731
AT1G24320,0.024397252
AT1G24330,-0.06122589
AT1G24340,-0.06975001
AT1G24350,0.301723
AT1G24360,0.098958425
AT1G24380,0.042047374
AT1G24388,0.0
AT1G24390,0.0
AT1G24400,-0.0033986568
AT1G24405,-0.13736466
AT1G24420,0.0049671503
AT1G24430,0.0
AT1G24440,-0.01684674
AT1G24450,-0.18803373
AT1G24460,0.10083385
AT1G24470,0.4022607
AT1G24475,0.0
AT1G24480,0.012490306
AT1G24485,0.019470116
AT1G24490,0.06986444
AT1G24510,-0.073750325
AT1G24520,0.09139873
AT1G24530,-0.3579188
AT1G24540,0.0
AT1G24545,0.0
AT1G24560,-0.06597434
AT1G24570,0.029060055
AT1G24575,-0.007900906
AT1G24577,-0.21384226
AT1G24580,-0.18062845
AT1G24590,0.0
AT1G24600,0.49204248
AT1G24610,-0.08282918
AT1G24620,0.02983008
AT1G24625,-0.00974171
AT1G24650,-0.016074775
AT1G24660,0.0
AT1G24706,-0.006805171
AT1G24735,-0.11027315
AT1G24764,-0.53550076
AT1G24793,-0.032464363
AT1G24800,0.63615453
AT1G24807,0.0
AT1G24822,0.0
AT1G24851,0.010260368
AT1G24880,-0.2944253
AT1G24881,0.4531131
AT1G24909,0.0
AT1G24996,0.03492187
AT1G25025,0.0
AT1G25054,-0.84519136
AT1G25055,-0.5108978
AT1G25145,-1.0265511
AT1G25150,0.54253614
AT1G25210,0.0
AT1G25211,0.008672051
AT1G25220,1.4918807
AT1G25230,-0.3885052
AT1G25240,0.0
AT1G25250,-0.5749623
AT1G25260,0.025230648
AT1G25270,0.0
AT1G25275,0.5446093
AT1G25277,0.034308467
AT1G25280,0.21197915
AT1G25290,-0.2593832
AT1G25300,0.0
AT1G25310,0.0
AT1G25320,-0.20338647
AT1G25330,0.0
AT1G25340,0.0
AT1G25350,-0.056363676
AT1G25360,0.045568608
AT1G25370,0.23384699
AT1G25375,-0.30412984
AT1G25380,0.010229645
AT1G25390,0.22396792
AT1G25400,1.2549102
AT1G25410,0.0
AT1G25420,-0.04247427
AT1G25422,0.049300194
AT1G25425,-0.20177314
AT1G25440,-0.45443606
AT1G25450,0.2805014
AT1G25460,0.09729996
AT1G25470,-0.040284198
AT1G25480,-0.06963221
AT1G25490,0.119857
AT1G25500,0.2158708
AT1G25510,-0.1394128
AT1G25520,0.09847575
AT1G25530,0.1288016
AT1G25540,0.1248089
AT1G25550,0.5725835
AT1G25560,0.32184255
AT1G25570,-0.26215035
AT1G25580,0.1884764
AT1G25682,0.09122553
AT1G25988,0.0
AT1G26090,-0.04943012
AT1G26100,-0.2508722
AT1G26110,0.046776365
AT1G26120,0.044855643
AT1G26130,0.16356951
AT1G26140,0.0
AT1G26150,-0.67443156
AT1G26160,-0.027177105
AT1G26170,0.0067417044
AT1G26180,-0.09220394
AT1G26190,-0.14018135
AT1G26200,0.07687879
AT1G26210,-0.33879474
AT1G26220,-0.451271
AT1G26225,-0.028597089
AT1G26230,-0.58414096
AT1G26240,0.15849435
AT1G26250,0.556308
AT1G26255,0.0
AT1G26260,-0.34311837
AT1G26270,0.14147085
AT1G26290,0.20744506
AT1G26300,0.11108673
AT1G26310,0.0
AT1G26320,0.0
AT1G26330,0.13021931
AT1G26340,0.17739464
AT1G26350,0.02983008
AT1G26355,0.0
AT1G26360,0.0
AT1G26370,-0.16375272
AT1G26380,3.1061575
AT1G26390,4.3967805
AT1G26400,1.4529256
AT1G26410,1.0735763
AT1G26420,1.6227787
AT1G26440,0.041424915
AT1G26450,-0.1007654
AT1G26460,-0.014520892
AT1G26470,0.37372917
AT1G26480,0.0
AT1G26500,-0.10001105
AT1G26510,0.0
AT1G26515,0.0
AT1G26520,-0.25326774
AT1G26530,-0.14946458
AT1G26540,-0.08800887
AT1G26550,-0.061766658
AT1G26560,-0.33737722
AT1G26570,-0.15353452
AT1G26580,-0.09766858
AT1G26590,-0.02668166
AT1G26600,-0.10995644
AT1G26610,0.0016676177
AT1G26620,-0.0022696056
AT1G26630,0.085682236
AT1G26640,-0.3606859
AT1G26650,-0.23409697
AT1G26660,0.24525774
AT1G26665,0.1618175
AT1G26670,-0.10959208
AT1G26680,0.0
AT1G26690,0.39167464
AT1G26700,0.0
AT1G26710,0.0
AT1G26720,0.0
AT1G26730,0.3263478
AT1G26740,0.091138475
AT1G26750,-0.025193337
AT1G26761,-0.63963515
AT1G26762,-0.111724466
AT1G26770,0.5173024
AT1G26773,0.0
AT1G26780,0.0
AT1G26790,0.00462833
AT1G26795,0.0
AT1G26796,0.0
AT1G26797,0.0
AT1G26798,0.0
AT1G26799,0.0
AT1G26800,-0.10620777
AT1G26810,-0.38032284
AT1G26815,0.0
AT1G26820,0.25448212
AT1G26830,0.04264183
AT1G26840,0.13036683
AT1G26850,0.13168435
AT1G26870,0.0
AT1G26880,0.21672788
AT1G26890,-0.089057155
AT1G26900,0.23613022
AT1G26910,0.26342818
AT1G26920,0.2359299
AT1G26921,0.01517929
AT1G26930,1.5900278
AT1G26940,-0.19921276
AT1G26945,-0.59326327
AT1G26960,-0.47866088
AT1G26970,0.1278777
AT1G26976,0.01517929
AT1G27000,0.36446992
AT1G27008,0.0
AT1G27020,-0.6113862
AT1G27030,-0.912065
AT1G27040,0.01517929
AT1G27045,-0.49849343
AT1G27050,-0.026647959
AT1G27060,-0.2722004
AT1G27070,-0.24733704
AT1G27080,0.0
AT1G27090,-0.116500996
AT1G27100,0.54154176
AT1G27110,0.30545977
AT1G27120,-0.46429926
AT1G27130,-0.30609822
AT1G27135,0.0
AT1G27140,0.0
AT1G27150,-0.162055
AT1G27160,0.0
AT1G27170,0.06590553
AT1G27180,0.03260839
AT1G27190,-0.2214656
AT1G27200,-0.16048957
AT1G27210,-0.61816853
AT1G27220,0.0
AT1G27240,0.0
AT1G27250,0.0
AT1G27260,0.0
AT1G27270,0.0
AT1G27280,0.0
AT1G27290,0.092334434
AT1G27300,0.5133937
AT1G27310,0.13496922
AT1G27320,0.09468514
AT1G27340,-0.09311686
AT1G27350,0.3997161
AT1G27360,-0.16214931
AT1G27370,-0.2188126
AT1G27380,-0.17068592
AT1G27385,0.02518409
AT1G27390,0.058094174
AT1G27400,-0.01750816
AT1G27420,-0.24474257
AT1G27430,-0.06411015
AT1G27435,-0.0033072978
AT1G27440,-0.16038643
AT1G27450,0.24392775
AT1G27460,-0.18856919
AT1G27461,0.0
AT1G27470,0.1651082
AT1G27480,-0.88284904
AT1G27490,0.0
AT1G27500,0.19344984
AT1G27510,-0.04157163
AT1G27520,-0.1530284
AT1G27530,0.09398001
AT1G27535,0.0
AT1G27540,-0.008259792
AT1G27550,0.0
AT1G27555,0.0
AT1G27565,0.0
AT1G27570,0.0
AT1G27580,-0.2808239
AT1G27595,-0.12826534
AT1G27600,-0.029549297
AT1G27610,0.0049671503
AT1G27620,0.03008763
AT1G27630,0.0964753
AT1G27640,-0.016074775
AT1G27650,0.056849092
AT1G27660,-0.69922197
AT1G27670,-0.10408385
AT1G27680,-0.2342998
AT1G27690,-0.12491739
AT1G27695,0.1561195
AT1G27700,0.045778245
AT1G27710,0.0
AT1G27720,0.70867044
AT1G27730,1.3805716
AT1G27740,0.0
AT1G27750,-0.08821352
AT1G27760,0.90028214
AT1G27770,0.3314118
AT1G27820,-0.014502965
AT1G27840,-0.14214393
AT1G27850,-0.2622344
AT1G27860,0.0
AT1G27870,0.0
AT1G27880,-0.029859943
AT1G27890,0.11559653
AT1G27900,-0.11303546
AT1G27910,-0.018993251
AT1G27920,-0.35197648
AT1G27930,0.29019397
AT1G27940,0.07890665
AT1G27950,0.16780931
AT1G27960,-0.17387553
AT1G27970,0.55328786
AT1G27980,0.5060789
AT1G27990,0.0
AT1G28000,0.0
AT1G28005,0.0
AT1G28010,0.31632048
AT1G28020,0.0
AT1G28030,0.019470116
AT1G28040,0.13192153
AT1G28050,0.19263314
AT1G28060,-0.044849105
AT1G28070,-0.074275084
AT1G28080,-0.023833666
AT1G28090,-0.059771314
AT1G28100,-0.08730557
AT1G28110,-0.08565272
AT1G28120,0.00956263
AT1G28130,1.3742758
AT1G28135,0.0
AT1G28140,0.079806514
AT1G28150,-0.030358369
AT1G28160,0.0
AT1G28170,0.0
AT1G28180,0.5536652
AT1G28190,1.0857437
AT1G28200,0.21340439
AT1G28210,0.23788616
AT1G28220,0.0006763258
AT1G28230,-0.07297826
AT1G28240,0.13692574
AT1G28260,0.262806
AT1G28265,0.01517929
AT1G28270,0.0
AT1G28280,0.35590178
AT1G28290,-1.1171031
AT1G28300,0.0
AT1G28305,0.0
AT1G28306,0.0
AT1G28310,-0.374332
AT1G28320,0.04292316
AT1G28330,0.07211586
AT1G28335,0.0
AT1G28340,0.0711376
AT1G28350,-0.21940267
AT1G28360,0.27161214
AT1G28370,0.9402565
AT1G28375,0.01517929
AT1G28380,0.33043808
AT1G28390,0.45411828
AT1G28395,0.24662565
AT1G28400,-0.50599086
AT1G28410,-0.33357677
AT1G28420,-0.09573931
AT1G28430,0.0
AT1G28440,-0.2712711
AT1G28450,0.0
AT1G28460,0.0
AT1G28470,-0.031424083
AT1G28480,1.6067188
AT1G28490,-0.04287319
AT1G28500,0.0
AT1G28510,0.3856519
AT1G28520,0.28151053
AT1G28530,-0.20476063
AT1G28540,0.019570421
AT1G28550,0.0
AT1G28560,-0.18037957
AT1G28570,-0.1722223
AT1G28580,0.23876391
AT1G28590,0.0
AT1G28600,0.59941036
AT1G28610,-0.0046915193
AT1G28630,0.0
AT1G28640,-0.016074775
AT1G28650,0.43318787
AT1G28660,-0.15585041
AT1G28670,-0.59189665
AT1G28680,0.529654
AT1G28690,-0.057080176
AT1G28695,0.0
AT1G28700,0.0
AT1G28710,-0.14998595
AT1G28765,0.00442283
AT1G28815,0.01517929
AT1G28960,0.09418191
AT1G29000,0.16575184
AT1G29005,0.0
AT1G29010,0.0
AT1G29020,0.0
AT1G29025,0.0
AT1G29030,0.01364591
AT1G29040,0.32532054
AT1G29041,0.0
AT1G29050,-0.3182485
AT1G29060,0.49645314
AT1G29070,0.008887233
AT1G29080,0.0
AT1G29090,0.1431395
AT1G29100,0.27232957
AT1G29110,0.0
AT1G29120,-0.10806277
AT1G29140,0.0
AT1G29150,0.3024854
AT1G29160,0.15495665
AT1G29170,-0.66160834
AT1G29179,0.0
AT1G29180,0.0
AT1G29195,0.891366
AT1G29200,-0.061221655
AT1G29220,-0.14246868
AT1G29230,1.3194278
AT1G29240,0.3753785
AT1G29250,0.0029377588
AT1G29260,0.033904158
AT1G29270,0.0896097
AT1G29280,-0.5483258
AT1G29290,1.7249112
AT1G29300,1.0594736
AT1G29310,0.5762522
AT1G29320,0.07017673
AT1G29330,0.52725434
AT1G29340,0.20011577
AT1G29350,-0.02575145
AT1G29355,0.0
AT1G29370,-0.03418727
AT1G29380,-0.3279193
AT1G29390,-0.15206684
AT1G29395,-0.22034186
AT1G29400,-0.10970341
AT1G29410,-0.08097773
AT1G29418,-0.15549116
AT1G29420,-0.26911613
AT1G29430,-0.7693351
AT1G29435,0.0
AT1G29440,-0.5087589
AT1G29450,-0.39721265
AT1G29460,-0.47356763
AT1G29465,-0.09407982
AT1G29470,-0.25514436
AT1G29480,0.0
AT1G29490,0.013350064
AT1G29500,-0.19887446
AT1G29510,-0.40866113
AT1G29520,-0.041464668
AT1G29530,-0.6540786
AT1G29535,-0.0030034375
AT1G29540,0.0
AT1G29550,-0.33203077
AT1G29560,-0.33811262
AT1G29570,0.0
AT1G29580,0.0
AT1G29590,-0.51555526
AT1G29600,-0.85860074
AT1G29620,0.0
AT1G29630,0.15821078
AT1G29640,1.8134102
AT1G29660,-0.856434
AT1G29670,-0.26494274
AT1G29680,0.071927145
AT1G29690,0.6383318
AT1G29700,-0.56138825
AT1G29710,-0.19602431
AT1G29720,-0.5572405
AT1G29730,-0.19625136
AT1G29740,-0.17600657
AT1G29750,0.18472627
AT1G29760,0.35967535
AT1G29770,0.19129787
AT1G29775,-0.021958265
AT1G29780,0.019470116
AT1G29790,-0.33842742
AT1G29800,0.22838455
AT1G29810,-0.09754107
AT1G29820,-0.29753628
AT1G29830,-0.016074775
AT1G29840,-0.4005702
AT1G29850,0.06689698
AT1G29860,-0.27062362
AT1G29870,0.0
AT1G29880,-0.0048485007
AT1G29890,0.08876566
AT1G29900,0.012427482
AT1G29910,-0.8080581
AT1G29920,-0.51596856
AT1G29930,-0.34648243
AT1G29940,0.0889547
AT1G29950,-0.16827627
AT1G29960,-0.20653808
AT1G29962,0.0
AT1G29965,0.09848302
AT1G29970,0.2803868
AT1G29980,-0.715773
AT1G29990,-0.040784456
AT1G30000,0.235762
AT1G30010,-0.07823807
AT1G30020,0.01517929
AT1G30040,1.3878617
AT1G30050,0.0
AT1G30060,0.0
AT1G30070,0.24119657
AT1G30080,-0.06923778
AT1G30090,-0.022151547
AT1G30100,0.22638841
AT1G30110,-0.09265811
AT1G30120,0.027429488
AT1G30130,0.19726263
AT1G30135,1.9549768
AT1G30140,0.0
AT1G30160,0.0029738862
AT1G30170,0.0
AT1G30190,-0.019493476
AT1G30200,0.0966091
AT1G30210,-0.23560403
AT1G30220,0.50048965
AT1G30230,-0.14760633
AT1G30240,0.13070486
AT1G30250,0.53692096
AT1G30260,0.27828607
AT1G30270,0.38392687
AT1G30280,-0.60207456
AT1G30290,-0.17307194
AT1G30300,0.36434835
AT1G30320,0.09035232
AT1G30330,-0.34449533
AT1G30350,0.0
AT1G30360,-0.28348014
AT1G30370,1.4043478
AT1G30380,-0.43703592
AT1G30400,0.3270763
AT1G30410,0.019746678
AT1G30420,0.50488865
AT1G30440,0.19720323
AT1G30450,0.28462303
AT1G30455,0.0
AT1G30460,-0.01912192
AT1G30470,0.15253618
AT1G30473,0.0
AT1G30475,-0.002978728
AT1G30480,-0.026382461
AT1G30490,0.100959755
AT1G30500,-0.09588379
AT1G30510,0.023288818
AT1G30515,-0.004893349
AT1G30520,-0.5475813
AT1G30530,-0.715211
AT1G30540,0.18190564
AT1G30545,-0.0755364
AT1G30550,0.0
AT1G30560,0.02983008
AT1G30570,-0.04557913
AT1G30580,0.10013607
AT1G30590,-0.24553479
AT1G30600,-0.1973841
AT1G30610,-0.18298821
AT1G30620,1.4808389
AT1G30630,0.33415774
AT1G30640,0.25247508
AT1G30650,0.034649406
AT1G30660,-0.1097355
AT1G30670,0.0
AT1G30680,0.05423198
AT1G30690,-0.036828134
AT1G30700,3.6693234
AT1G30710,0.053486217
AT1G30720,0.45057118
AT1G30730,1.5605372
AT1G30740,1.0234902
AT1G30750,0.10373785
AT1G30755,0.5294235
AT1G30757,0.3845304
AT1G30760,-0.66493094
AT1G30780,0.01517929
AT1G30790,0.0
AT1G30795,0.0
AT1G30800,0.0
AT1G30810,0.02011278
AT1G30814,0.14843933
AT1G30820,0.14877428
AT1G30825,-0.026669886
AT1G30840,-0.2696025
AT1G30845,-0.18677753
AT1G30850,0.13242273
AT1G30860,-0.08358294
AT1G30870,0.0
AT1G30880,-0.1059699
AT1G30890,0.20258634
AT1G30900,0.48312762
AT1G30910,-0.1394455
AT1G30920,0.039949503
AT1G30925,0.0
AT1G30930,-0.028166262
AT1G30935,0.0
AT1G30945,0.0
AT1G30950,0.0
AT1G30960,0.16826372
AT1G30970,-0.16518798
AT1G30972,0.01517929
AT1G30974,0.0
AT1G30990,0.65081203
AT1G31000,0.0
AT1G31010,0.1194094
AT1G31020,0.07846638
AT1G31040,0.01517929
AT1G31050,0.013350064
AT1G31060,0.0
AT1G31070,-0.27293506
AT1G31072,0.0
AT1G31080,0.0
AT1G31090,0.0
AT1G31095,0.0
AT1G31120,0.5683837
AT1G31130,0.6360176
AT1G31140,0.0
AT1G31150,-0.42648333
AT1G31160,-0.11221095
AT1G31163,0.0
AT1G31170,-0.10816639
AT1G31175,-0.14276429
AT1G31180,0.047022272
AT1G31190,-0.2608543
AT1G31200,-0.16369787
AT1G31220,0.20283662
AT1G31230,-0.578748
AT1G31240,0.23352657
AT1G31243,0.0
AT1G31250,0.0
AT1G31255,0.0
AT1G31260,0.0
AT1G31270,0.0
AT1G31280,-0.012434408
AT1G31290,-0.5106262
AT1G31300,-0.053067435
AT1G31310,0.070950165
AT1G31320,-0.25389767
AT1G31330,-0.3290269
AT1G31335,-0.033878427
AT1G31340,-0.1828931
AT1G31350,-0.06305451
AT1G31360,-0.40566006
AT1G31370,0.0
AT1G31380,0.0
AT1G31390,0.0
AT1G31400,-0.03164881
AT1G31410,-0.30169293
AT1G31420,-0.19064522
AT1G31430,0.013033649
AT1G31440,-0.14740007
AT1G31450,0.0
AT1G31460,0.051324368
AT1G31470,0.41143626
AT1G31480,0.09901071
AT1G31490,-0.32148653
AT1G31500,-0.108206965
AT1G31510,0.0
AT1G31520,0.0
AT1G31530,0.0
AT1G31540,0.29358953
AT1G31550,-0.30950937
AT1G31555,0.0
AT1G31580,0.24764642
AT1G31600,-0.006008924
AT1G31620,0.0
AT1G31630,0.0
AT1G31640,0.0
AT1G31650,-0.48630682
AT1G31660,0.13278936
AT1G31670,0.0
AT1G31672,0.0
AT1G31690,0.26483232
AT1G31710,-0.6672198
AT1G31720,-0.11863811
AT1G31730,0.0020508445
AT1G31740,0.0
AT1G31750,0.13749321
AT1G31760,-0.038117703
AT1G31770,-0.45157552
AT1G31772,0.0
AT1G31780,0.033377595
AT1G31790,0.056592405
AT1G31800,-0.2493738
AT1G31810,-0.1388006
AT1G31812,0.018957956
AT1G31814,-0.08910895
AT1G31817,-0.051140618
AT1G31820,0.18897088
AT1G31830,0.31232598
AT1G31835,0.046147708
AT1G31840,0.28352934
AT1G31850,-0.13429075
AT1G31860,-0.017269569
AT1G31870,0.012058804
AT1G31880,0.32755122
AT1G31885,0.03220543
AT1G31910,0.021203414
AT1G31920,-0.5290197
AT1G31930,0.27307013
AT1G31940,0.0027977268
AT1G31950,0.0
AT1G31960,0.0
AT1G31970,-0.16437833
AT1G31990,-0.044123523
AT1G32000,0.0
AT1G32010,0.0
AT1G32020,0.0
AT1G32030,0.0
AT1G32050,0.15805992
AT1G32060,-0.5767685
AT1G32070,-0.33261648
AT1G32080,-0.9614181
AT1G32090,0.35714984
AT1G32100,0.2027427
AT1G32120,-0.3302852
AT1G32127,0.52904063
AT1G32130,0.09699382
AT1G32140,0.0
AT1G32150,-0.21584594
AT1G32160,-0.24179514
AT1G32170,1.0305855
AT1G32180,0.0
AT1G32190,-0.061625056
AT1G32200,0.062214017
AT1G32210,0.37649712
AT1G32220,-0.38632697
AT1G32225,0.0
AT1G32230,-0.015959378
AT1G32240,-0.37975568
AT1G32250,0.0
AT1G32260,-0.044762656
AT1G32270,0.13219672
AT1G32280,0.0
AT1G32300,0.0
AT1G32310,0.21413878
AT1G32320,0.0
AT1G32330,-0.014569867
AT1G32337,0.0
AT1G32340,0.113111965
AT1G32350,3.678853
AT1G32360,0.08237964
AT1G32361,0.0
AT1G32370,-0.038098574
AT1G32375,-0.055360705
AT1G32380,0.07989528
AT1G32400,0.21167411
AT1G32410,0.008201005
AT1G32415,-0.16413994
AT1G32420,0.0
AT1G32430,0.0
AT1G32440,-0.095996
AT1G32450,1.2089477
AT1G32460,0.6176009
AT1G32470,-0.85887605
AT1G32480,0.0
AT1G32490,0.005244175
AT1G32500,-0.07440156
AT1G32510,-0.122638136
AT1G32530,-0.092377074
AT1G32540,7.591368e-05
AT1G32550,-0.20309639
AT1G32560,0.4342007
AT1G32570,0.014245546
AT1G32575,-0.0111076245
AT1G32580,0.03335191
AT1G32583,-0.37071764
AT1G32585,0.0
AT1G32600,0.0
AT1G32610,-0.03699479
AT1G32630,-0.0904844
AT1G32640,-0.34275422
AT1G32650,0.0
AT1G32660,0.019470116
AT1G32690,0.3692234
AT1G32700,-0.117922865
AT1G32710,-0.014502965
AT1G32720,0.0
AT1G32730,0.020015622
AT1G32740,0.10930876
AT1G32750,-0.017363321
AT1G32760,-0.2550951
AT1G32763,0.0
AT1G32770,0.0
AT1G32780,-0.18428752
AT1G32790,0.2509576
AT1G32810,-0.10116586
AT1G32850,0.17212208
AT1G32860,-0.06496434
AT1G32870,0.2449851
AT1G32880,0.0
AT1G32900,-1.0247083
AT1G32910,0.038306925
AT1G32920,0.9366227
AT1G32928,0.5959576
AT1G32930,-0.4201742
AT1G32940,2.0902643
AT1G32950,1.624022
AT1G32960,1.8986595
AT1G32970,0.0
AT1G32975,0.0
AT1G32980,0.0
AT1G32990,-0.19169196
AT1G33010,0.0
AT1G33020,0.01517929
AT1G33030,1.1392782
AT1G33040,-0.28363883
AT1G33050,0.04395694
AT1G33055,0.11692026
AT1G33060,-0.32596937
AT1G33070,0.0
AT1G33080,-0.13756949
AT1G33090,0.3247117
AT1G33100,0.0
AT1G33102,0.34176716
AT1G33110,0.4188074
AT1G33120,0.107711874
AT1G33170,-0.8109244
AT1G33220,0.0
AT1G33230,-0.054165926
AT1G33240,-0.43350095
AT1G33250,0.045892023
AT1G33260,0.35386077
AT1G33265,0.31705272
AT1G33270,0.069095686
AT1G33280,0.0
AT1G33290,-0.19580142
AT1G33320,0.01517929
AT1G33330,0.046356384
AT1G33340,0.04657387
AT1G33350,-0.1366239
AT1G33360,0.1486668
AT1G33390,0.0850238
AT1G33400,-0.17922868
AT1G33410,-0.10643255
AT1G33420,0.24025102
AT1G33430,0.0
AT1G33440,0.090820864
AT1G33470,-0.3386234
AT1G33475,0.00026350014
AT1G33480,-0.22967404
AT1G33490,0.09857138
AT1G33500,0.034649406
AT1G33520,-0.16182758
AT1G33530,0.0
AT1G33540,-0.016074775
AT1G33560,0.5674544
AT1G33590,0.6231127
AT1G33600,0.56213456
AT1G33607,0.0
AT1G33610,0.49845055
AT1G33612,-0.026700953
AT1G33640,-0.0556467
AT1G33670,0.0
AT1G33680,-0.1336825
AT1G33700,-0.42856967
AT1G33710,0.0
AT1G33720,0.28985628
AT1G33730,1.5976235
AT1G33750,0.0
AT1G33760,0.018722454
AT1G33770,-0.6662492
AT1G33780,-0.003288317
AT1G33790,-0.22722957
AT1G33800,-0.33226174
AT1G33810,-0.079112634
AT1G33811,-0.3730967
AT1G33820,0.0
AT1G33830,0.0
AT1G33840,-0.061255325
AT1G33850,0.0
AT1G33860,0.0
AT1G33870,0.0
AT1G33880,0.0
AT1G33890,0.0
AT1G33900,0.0
AT1G33910,-0.061413024
AT1G33920,0.0
AT1G33930,0.050931327
AT1G33940,0.024889128
AT1G33945,0.0
AT1G33950,0.5494176
AT1G33960,2.0715969
AT1G33970,-0.044352215
AT1G33980,0.06524248
AT1G33990,0.12622206
AT1G34000,-0.26092562
AT1G34010,-0.37090802
AT1G34015,0.0
AT1G34020,0.0390524
AT1G34040,-0.31644094
AT1G34042,0.0
AT1G34046,0.0
AT1G34047,0.0
AT1G34049,0.0
AT1G34050,0.01517929
AT1G34060,-0.9342597
AT1G34065,-0.05699846
AT1G34070,0.0
AT1G34095,-0.023646746
AT1G34110,-0.13653176
AT1G34120,-0.040293455
AT1G34130,0.14791283
AT1G34140,0.0
AT1G34150,-0.061512776
AT1G34160,-0.16825637
AT1G34170,0.0
AT1G34180,0.41830337
AT1G34190,0.14987916
AT1G34200,-0.1292532
AT1G34210,-0.45177063
AT1G34220,0.12873791
AT1G34245,0.0031484193
AT1G34260,0.12144585
AT1G34270,0.038455114
AT1G34290,0.0
AT1G34300,0.24596329
AT1G34310,0.0
AT1G34315,0.027107198
AT1G34317,0.0
AT1G34320,-0.12276782
AT1G34340,-0.110506915
AT1G34350,-0.1689359
AT1G34355,-0.3090707
AT1G34360,-0.03398423
AT1G34370,0.32979167
AT1G34380,-0.00042574207
AT1G34390,0.0
AT1G34400,0.0
AT1G34403,0.0
AT1G34410,0.0
AT1G34420,0.64098626
AT1G34430,-0.20736918
AT1G34440,0.0
AT1G34460,-0.27230966
AT1G34470,0.055394452
AT1G34480,-0.013515981
AT1G34490,0.0
AT1G34500,0.0
AT1G34510,0.0
AT1G34520,0.0
AT1G34540,0.0
AT1G34550,0.035156805
AT1G34560,0.0
AT1G34570,-0.21777244
AT1G34575,0.0
AT1G34580,-0.14698854
AT1G34630,0.13358723
AT1G34640,-0.2539809
AT1G34650,-0.16423953
AT1G34670,0.02983008
AT1G34750,0.42347887
AT1G34760,-0.20121643
AT1G34770,-0.05370957
AT1G34780,-0.07783469
AT1G34790,0.0
AT1G34792,0.0
AT1G34795,0.0
AT1G34800,0.0
AT1G34807,0.0
AT1G34812,0.0
AT1G34840,0.0
AT1G34855,0.0
AT1G34860,0.0
AT1G34910,0.0
AT1G34930,0.0
AT1G35030,0.0
AT1G35035,0.0
AT1G35040,0.0
AT1G35140,1.2781751
AT1G35150,0.0
AT1G35160,0.19676863
AT1G35170,-0.015816346
AT1G35180,0.23862122
AT1G35181,0.0
AT1G35183,-0.012178695
AT1G35190,0.015570461
AT1G35210,0.7576218
AT1G35215,-0.001829226
AT1G35220,-0.03661995
AT1G35230,1.6920525
AT1G35240,0.0
AT1G35242,0.0
AT1G35250,0.0
AT1G35255,-0.03057774
AT1G35260,-0.19532342
AT1G35290,0.0
AT1G35310,-0.13291411
AT1G35320,0.14054108
AT1G35330,0.0
AT1G35340,-0.24454366
AT1G35350,0.13565788
AT1G35353,0.01517929
AT1G35365,0.0
AT1G35375,0.0
AT1G35400,0.0
AT1G35410,0.0
AT1G35420,-0.43487796
AT1G35430,0.14510188
AT1G35435,0.0
AT1G35440,0.0
AT1G35460,-0.14600173
AT1G35467,0.0
AT1G35470,-0.078412265
AT1G35490,0.0
AT1G35500,0.0
AT1G35510,-0.16993551
AT1G35515,-0.108014405
AT1G35520,0.0
AT1G35530,-0.10548025
AT1G35537,0.0
AT1G35540,0.0
AT1G35560,-0.21017805
AT1G35580,0.4370638
AT1G35610,0.031931806
AT1G35614,0.0
AT1G35617,0.0
AT1G35620,-0.055819888
AT1G35625,0.0
AT1G35630,-0.016074775
AT1G35660,-0.13480644
AT1G35670,0.3811457
AT1G35680,-0.22947064
AT1G35710,0.61536896
AT1G35720,0.2433339
AT1G35730,0.15176608
AT1G35750,-0.028597089
AT1G35780,-0.40213996
AT1G35820,0.0
AT1G35830,-0.2037732
AT1G35850,0.0
AT1G35860,0.0
AT1G35880,-0.016074775
AT1G35890,0.0
AT1G35895,0.0
AT1G35910,1.9613602
AT1G36000,0.0
AT1G36005,0.0
AT1G36020,0.0
AT1G36030,0.0
AT1G36045,0.0
AT1G36050,0.18209425
AT1G36060,0.52499413
AT1G36070,0.009959589
AT1G36078,0.0
AT1G36085,-0.014502965
AT1G36095,0.0
AT1G36100,0.0
AT1G36150,0.019470116
AT1G36160,0.05164554
AT1G36180,-0.46043667
AT1G36230,0.0
AT1G36240,0.0
AT1G36272,0.0
AT1G36280,0.15824407
AT1G36310,-0.09900791
AT1G36320,-0.090446025
AT1G36325,0.0
AT1G36340,0.0
AT1G36370,-0.088606685
AT1G36380,0.08276229
AT1G36390,-0.0121426415
AT1G36510,0.0
AT1G36580,0.0
AT1G36622,1.5750749
AT1G36623,0.0
AT1G36627,0.0
AT1G36640,0.89213055
AT1G36675,-0.25789016
AT1G36730,0.056479465
AT1G36745,0.0
AT1G36756,0.01517929
AT1G36920,-0.09258563
AT1G36922,0.02983008
AT1G36925,0.0
AT1G36940,-0.6954571
AT1G36942,0.0
AT1G36950,0.0
AT1G36960,0.0
AT1G36970,0.0
AT1G36980,0.23097643
AT1G36990,-0.06546124
AT1G37000,0.0
AT1G37010,0.0
AT1G37020,0.0
AT1G37113,0.0
AT1G37130,1.4410214
AT1G37140,0.1623489
AT1G37150,-0.18062557
AT1G38065,-0.26770976
AT1G38131,-0.44839072
AT1G38790,0.0
AT1G39060,0.0
AT1G39070,0.0
AT1G40083,0.0
AT1G40086,0.0
AT1G40087,0.0
AT1G40090,0.0
AT1G40104,0.0
AT1G40129,-0.029492572
AT1G40390,-0.023993427
AT1G41820,0.0
AT1G41830,-0.61764115
AT1G41880,0.10296938
AT1G41920,0.0
AT1G42080,0.0
AT1G42190,0.0
AT1G42430,-0.51204765
AT1G42440,0.072279304
AT1G42470,0.01173367
AT1G42480,-0.28865978
AT1G42525,0.0
AT1G42540,-0.045419402
AT1G42550,-0.35596102
AT1G42560,0.29683894
AT1G42615,0.0
AT1G42680,0.0
AT1G42700,0.0
AT1G42710,0.0
AT1G42960,-0.024820758
AT1G42970,-0.6341429
AT1G42980,0.0
AT1G42990,0.32540077
AT1G43000,-0.0037785806
AT1G43005,0.0
AT1G43010,0.0
AT1G43020,0.0
AT1G43040,-0.014502965
AT1G43080,0.0
AT1G43090,0.0
AT1G43100,0.0
AT1G43130,0.20064865
AT1G43140,0.0
AT1G43145,0.0
AT1G43160,3.094787
AT1G43170,-0.04173147
AT1G43171,0.0
AT1G43190,-0.09368931
AT1G43245,-0.25332633
AT1G43260,-0.04230479
AT1G43310,0.0
AT1G43320,0.0
AT1G43330,0.0
AT1G43415,0.0
AT1G43560,0.09943121
AT1G43580,-0.11613888
AT1G43600,-0.014502965
AT1G43605,-0.10725095
AT1G43610,0.0
AT1G43620,-0.027145019
AT1G43630,0.0
AT1G43640,-0.053098865
AT1G43650,-0.3840943
AT1G43665,0.0
AT1G43666,0.0
AT1G43667,0.0
AT1G43670,-0.31178105
AT1G43680,0.0
AT1G43690,0.14443503
AT1G43700,-0.07968173
AT1G43710,-0.13148972
AT1G43720,0.0
AT1G43722,0.0
AT1G43730,0.0
AT1G43760,0.0
AT1G43770,-0.18408966
AT1G43780,0.0
AT1G43790,0.20792909
AT1G43800,0.18264419
AT1G43810,0.0
AT1G43815,0.0
AT1G43825,0.0
AT1G43850,-0.13261811
AT1G43860,0.027045783
AT1G43890,0.2583053
AT1G43900,0.12779434
AT1G43910,-0.4203766
AT1G43920,0.0
AT1G43950,0.0
AT1G43970,0.02983008
AT1G43980,-0.15315992
AT1G44000,-0.3772555
AT1G44010,0.0
AT1G44020,0.006658116
AT1G44030,0.0
AT1G44050,0.0
AT1G44080,0.0
AT1G44085,0.0
AT1G44090,0.049300194
AT1G44100,0.09019304
AT1G44110,-0.13401684
AT1G44120,-0.016074775
AT1G44130,2.2291965
AT1G44160,-0.63065535
AT1G44170,0.7119415
AT1G44180,0.0
AT1G44191,0.0
AT1G44222,0.0
AT1G44318,0.0
AT1G44350,0.40887728
AT1G44414,0.097108
AT1G44446,-0.346298
AT1G44478,-0.03164881
AT1G44542,0.529979
AT1G44575,-0.62640405
AT1G44608,-0.011410482
AT1G44740,0.0
AT1G44750,-0.06786551
AT1G44760,-0.42892572
AT1G44770,0.010394281
AT1G44780,-0.44002467
AT1G44790,0.15833114
AT1G44800,0.3777974
AT1G44810,-0.24074861
AT1G44820,-0.08010974
AT1G44830,0.024150664
AT1G44835,0.010692327
AT1G44890,0.018300416
AT1G44895,0.0
AT1G44900,0.24610516
AT1G44910,-0.18811254
AT1G44920,-0.24871032
AT1G44940,0.0
AT1G44941,0.0
AT1G44960,0.2658817
AT1G44970,0.0
AT1G44980,0.0
AT1G44990,0.0
AT1G45000,0.14624731
AT1G45010,-0.2979059
AT1G45015,0.0
AT1G45050,0.065153256
AT1G45063,0.0
AT1G45100,0.0
AT1G45110,0.030143628
AT1G45130,-0.6259822
AT1G45145,1.2642626
AT1G45150,0.16368407
AT1G45160,-0.14373255
AT1G45163,0.184747
AT1G45165,-0.055879332
AT1G45170,-0.12108797
AT1G45180,-0.02488662
AT1G45190,0.0
AT1G45191,-0.42823467
AT1G45196,0.0
AT1G45207,-0.39628592
AT1G45215,0.0
AT1G45221,0.0
AT1G45223,0.0
AT1G45229,-0.12059479
AT1G45230,-0.04959243
AT1G45231,-0.20857832
AT1G45233,-0.0025494487
AT1G45243,0.0
AT1G45248,-0.2358531
AT1G45249,-0.12387123
AT1G45332,-0.022329995
AT1G45403,0.0
AT1G45474,-0.118607774
AT1G45545,0.019470116
AT1G45616,0.011125957
AT1G45688,0.07905596
AT1G45976,0.1340557
AT1G46264,-0.20077258
AT1G46336,0.0
AT1G46408,0.0
AT1G46480,-0.32899782
AT1G46696,-0.0090793725
AT1G46768,-0.023042263
AT1G46840,0.0
AT1G46912,0.0
AT1G46984,0.0
AT1G47056,0.06766862
AT1G47128,0.3806129
AT1G47130,0.6897978
AT1G47200,0.16440672
AT1G47210,-0.2642074
AT1G47220,0.0
AT1G47230,-0.18374325
AT1G47240,-0.026765624
AT1G47250,0.29982188
AT1G47260,0.041206922
AT1G47265,0.0
AT1G47270,-0.11884922
AT1G47271,-0.09107063
AT1G47278,-0.02458402
AT1G47280,0.0
AT1G47290,-0.19014148
AT1G47300,0.0
AT1G47310,-0.11836439
AT1G47317,0.0
AT1G47320,0.0
AT1G47330,-0.10092197
AT1G47340,-0.09380533
AT1G47350,0.0
AT1G47370,0.10928717
AT1G47380,0.3469437
AT1G47389,0.0
AT1G47390,0.0
AT1G47400,-0.04230479
AT1G47410,-0.2986595
AT1G47420,0.26236394
AT1G47450,0.0
AT1G47470,0.0
AT1G47480,0.33862686
AT1G47485,0.0
AT1G47490,-0.013545752
AT1G47495,0.0
AT1G47497,0.019470116
AT1G47500,-0.0017043233
AT1G47510,3.3200314
AT1G47530,0.292194
AT1G47540,0.0
AT1G47550,0.07049033
AT1G47560,0.64003396
AT1G47570,-0.16954304
AT1G47578,-0.094370805
AT1G47580,-0.34085366
AT1G47590,0.0
AT1G47600,0.0
AT1G47603,0.20833176
AT1G47610,-0.061255325
AT1G47620,0.0
AT1G47640,0.21830559
AT1G47655,-0.2660243
AT1G47657,0.0
AT1G47660,0.0
AT1G47670,-0.36775795
AT1G47680,0.0
AT1G47690,0.0
AT1G47695,0.0
AT1G47702,0.0
AT1G47710,0.17935194
AT1G47720,-0.051523056
AT1G47730,0.0
AT1G47740,-0.3037703
AT1G47750,0.23776959
AT1G47760,-0.00471928
AT1G47765,-0.03164881
AT1G47770,0.0
AT1G47780,0.0
AT1G47786,0.0
AT1G47790,0.0
AT1G47800,0.0
AT1G47810,0.0
AT1G47813,0.0
AT1G47820,0.026429761
AT1G47830,0.26501667
AT1G47840,0.065325975
AT1G47845,0.0
AT1G47870,0.22717437
AT1G47885,0.0
AT1G47890,1.147217
AT1G47900,-0.532719
AT1G47915,-0.014502965
AT1G47920,-0.04230479
AT1G47940,0.0
AT1G47960,0.021401608
AT1G47970,-0.2747915
AT1G47980,0.010932578
AT1G47990,0.01517929
AT1G48000,0.5607999
AT1G48010,0.0
AT1G48020,0.0
AT1G48030,-0.2792795
AT1G48040,0.106421225
AT1G48050,-0.07690918
AT1G48060,0.052719682
AT1G48070,0.0
AT1G48090,0.123459585
AT1G48095,0.0
AT1G48100,-0.3063408
AT1G48120,-0.12379182
AT1G48130,0.0
AT1G48140,0.23530596
AT1G48145,0.0
AT1G48150,-0.028597089
AT1G48160,0.003683294
AT1G48170,0.07360404
AT1G48175,-0.19851376
AT1G48180,-0.016074775
AT1G48190,0.0
AT1G48195,0.0
AT1G48200,0.23729624
AT1G48210,0.72391987
AT1G48220,0.053486217
AT1G48230,-0.19488283
AT1G48240,-0.30237603
AT1G48260,0.014394852
AT1G48270,-0.07125684
AT1G48280,-0.2936012
AT1G48285,0.0
AT1G48300,-0.5574175
AT1G48310,0.022527546
AT1G48320,1.182289
AT1G48325,0.0
AT1G48330,-0.2726631
AT1G48350,-0.21937524
AT1G48355,-0.016074775
AT1G48360,-0.30449647
AT1G48370,1.243774
AT1G48380,-0.25619978
AT1G48390,-0.1547618
AT1G48400,-0.115153864
AT1G48405,0.06541412
AT1G48410,-0.10284655
AT1G48420,-0.19939692
AT1G48430,0.013932775
AT1G48440,0.1449749
AT1G48450,0.024249181
AT1G48470,0.01517929
AT1G48480,-0.63538885
AT1G48490,0.25962698
AT1G48500,-0.1416937
AT1G48510,0.0
AT1G48520,-0.24893886
AT1G48530,-0.03057774
AT1G48540,-0.21839137
AT1G48550,-0.041553847
AT1G48560,-0.07009931
AT1G48570,0.17295733
AT1G48590,-0.058379564
AT1G48600,-0.7309729
AT1G48605,0.3783298
AT1G48610,-0.06693527
AT1G48620,-0.111951195
AT1G48625,0.0
AT1G48630,0.3431251
AT1G48635,0.0344374
AT1G48640,-0.016074775
AT1G48650,-0.1022376
AT1G48660,0.0
AT1G48670,0.0
AT1G48690,0.0
AT1G48700,0.01517929
AT1G48720,0.058932114
AT1G48725,0.0
AT1G48730,0.0
AT1G48740,0.0006763258
AT1G48745,-0.020455481
AT1G48750,-0.30454934
AT1G48760,-0.013305101
AT1G48780,-0.41584212
AT1G48790,0.1855971
AT1G48800,0.0
AT1G48820,0.0012329897
AT1G48830,0.013034933
AT1G48840,0.1289016
AT1G48850,0.7089571
AT1G48860,0.1853465
AT1G48870,-0.217158
AT1G48880,-0.21317329
AT1G48900,0.086089045
AT1G48910,0.0
AT1G48912,0.0
AT1G48920,0.1955182
AT1G48930,0.0
AT1G48940,0.0
AT1G48950,-0.09011323
AT1G48953,0.0
AT1G48960,-0.23325154
AT1G48970,0.23523046
AT1G48980,0.019470116
AT1G48990,0.0
AT1G49000,-0.116641544
AT1G49005,-0.03157307
AT1G49010,-0.5645751
AT1G49015,0.0
AT1G49030,-0.03157307
AT1G49032,0.23463902
AT1G49040,0.1614708
AT1G49050,0.42948285
AT1G49100,0.0
AT1G49110,0.0
AT1G49120,-0.028597089
AT1G49130,-0.20134091
AT1G49140,0.09001696
AT1G49150,-0.03380929
AT1G49160,0.23174147
AT1G49170,-0.04575672
AT1G49180,-0.17817247
AT1G49190,0.0
AT1G49200,-0.71276915
AT1G49205,-0.027733544
AT1G49210,-0.03789362
AT1G49220,-0.061413024
AT1G49225,0.0
AT1G49230,-0.36564532
AT1G49240,0.047265183
AT1G49245,0.17847584
AT1G49250,0.0
AT1G49260,0.0
AT1G49270,0.0
AT1G49290,0.0
AT1G49300,0.12390531
AT1G49310,0.35233656
AT1G49320,0.3647514
AT1G49330,0.038306925
AT1G49340,0.041586515
AT1G49350,0.097726844
AT1G49360,0.09272677
AT1G49380,-0.35728243
AT1G49390,0.0006763258
AT1G49400,0.06233539
AT1G49405,-0.011380336
AT1G49410,0.05060001
AT1G49420,0.0
AT1G49430,-0.089059085
AT1G49435,0.0
AT1G49450,1.2557869
AT1G49470,0.11422656
AT1G49475,0.08397431
AT1G49480,-0.15406716
AT1G49490,-0.6227186
AT1G49500,0.4548606
AT1G49510,-0.042341705
AT1G49520,-0.1881614
AT1G49530,-0.0823344
AT1G49540,0.17957412
AT1G49560,-0.29257557
AT1G49570,0.01517929
AT1G49580,-0.4051878
AT1G49590,-0.10359976
AT1G49600,-0.17411335
AT1G49610,-0.046151776
AT1G49620,-0.17971864
AT1G49630,-0.29936478
AT1G49640,-0.014502965
AT1G49650,0.11016951
AT1G49660,-0.21994872
AT1G49670,0.30049127
AT1G49680,0.0
AT1G49700,-0.015575509
AT1G49710,0.17512013
AT1G49715,0.0
AT1G49720,-0.16919306
AT1G49730,-0.4802869
AT1G49740,0.0071008294
AT1G49750,0.13830486
AT1G49760,0.016756034
AT1G49770,0.0
AT1G49780,-0.18059519
AT1G49790,-0.038005866
AT1G49800,0.24257666
AT1G49810,0.0
AT1G49820,-0.073512785
AT1G49830,-0.0007476615
AT1G49840,-0.3632585
AT1G49850,0.07591783
AT1G49860,0.0
AT1G49870,-0.32760358
AT1G49880,-0.14964136
AT1G49890,-0.3108438
AT1G49900,0.7215653
AT1G49910,-0.021938624
AT1G49920,-0.028597089
AT1G49930,0.0
AT1G49940,-0.19036002
AT1G49950,0.045389056
AT1G49960,0.8598066
AT1G49970,0.0016031974
AT1G49975,-0.391218
AT1G49980,-0.16943319
AT1G49990,-0.4846682
AT1G50000,-0.26903746
AT1G50010,-0.27190512
AT1G50020,0.1036249
AT1G50030,0.1112446
AT1G50040,0.7570744
AT1G50050,0.0
AT1G50060,0.0
AT1G50080,0.0
AT1G50090,0.0
AT1G50110,-0.045360606
AT1G50120,-0.017609874
AT1G50140,-0.05190788
AT1G50160,0.0
AT1G50170,0.037644625
AT1G50180,-0.12705554
AT1G50190,0.05363404
AT1G50200,-0.12271218
AT1G50220,0.0
AT1G50240,0.07989601
AT1G50250,-0.17494099
AT1G50260,0.62209696
AT1G50270,-0.099669866
AT1G50280,-0.45081806
AT1G50290,-0.06608317
AT1G50300,-0.05397888
AT1G50310,-0.015398448
AT1G50320,-0.06641538
AT1G50325,0.0
AT1G50340,0.0
AT1G50360,0.18638127
AT1G50370,0.14033784
AT1G50380,0.03320136
AT1G50390,0.019470116
AT1G50400,0.034195296
AT1G50410,-0.04502521
AT1G50420,0.12200756
AT1G50430,0.25727418
AT1G50440,-0.040424947
AT1G50450,-0.15557271
AT1G50460,-0.11855795
AT1G50470,0.0
AT1G50480,-0.039839532
AT1G50490,-0.015753934
AT1G50500,-0.0058044754
AT1G50510,-0.1362674
AT1G50520,-0.08005486
AT1G50530,0.0
AT1G50560,-0.020072639
AT1G50570,0.05054779
AT1G50580,0.0
AT1G50590,0.6676144
AT1G50600,-0.040869843
AT1G50610,0.0
AT1G50620,-0.35487387
AT1G50630,0.16328162
AT1G50640,0.15545446
AT1G50650,0.0
AT1G50660,-0.09439804
AT1G50670,0.1305141
AT1G50680,0.0
AT1G50690,0.01517929
AT1G50700,-0.23032644
AT1G50710,-0.14411351
AT1G50720,0.0
AT1G50730,-0.10982625
AT1G50732,-0.80511457
AT1G50740,0.4790149
AT1G50745,0.0
AT1G50750,0.0
AT1G50760,0.0
AT1G50770,0.05655034
AT1G50780,-0.05877431
AT1G50790,-0.04862096
AT1G50820,0.0
AT1G50830,0.001292693
AT1G50840,-0.11525041
AT1G50870,0.0
AT1G50880,0.0
AT1G50890,0.040079843
AT1G50900,-0.41082856
AT1G50910,-0.29218343
AT1G50920,0.07512368
AT1G50930,0.0
AT1G50940,0.3357138
AT1G50950,-0.11185365
AT1G50960,0.0
AT1G50970,-0.16510089
AT1G50980,0.0
AT1G50990,0.0
AT1G51000,0.0
AT1G51010,0.0
AT1G51030,-0.03164881
AT1G51035,0.0012329897
AT1G51040,0.0
AT1G51055,-0.016074775
AT1G51060,0.19973679
AT1G51070,-0.5808918
AT1G51080,-0.53219104
AT1G51090,0.2963358
AT1G51100,-0.18648662
AT1G51110,-0.596553
AT1G51120,0.0
AT1G51130,-0.08717235
AT1G51140,-0.014281728
AT1G51150,0.0
AT1G51160,0.10648526
AT1G51170,-0.41731867
AT1G51172,0.0
AT1G51190,0.0
AT1G51200,-0.23236276
AT1G51210,0.0
AT1G51220,0.0
AT1G51230,0.0
AT1G51240,0.0
AT1G51250,0.0
AT1G51260,-0.061413024
AT1G51270,0.013904923
AT1G51290,0.0
AT1G51300,0.0
AT1G51310,0.023439014
AT1G51320,0.0
AT1G51330,0.04398793
AT1G51340,0.086340114
AT1G51350,0.35971868
AT1G51355,-0.2381933
AT1G51360,0.045251857
AT1G51370,-0.27382213
AT1G51380,-0.09203117
AT1G51390,0.08828537
AT1G51400,-0.43395457
AT1G51402,-0.05431344
AT1G51405,-0.3322757
AT1G51410,0.0
AT1G51420,0.17055237
AT1G51430,-0.19345962
AT1G51440,0.32606718
AT1G51450,0.022749832
AT1G51460,0.12036929
AT1G51470,0.0
AT1G51480,0.0
AT1G51490,0.0
AT1G51500,-0.123199806
AT1G51510,-0.057629008
AT1G51520,-0.20452069
AT1G51530,0.019470116
AT1G51538,-0.029492572
AT1G51540,0.24401073
AT1G51550,-0.070242256
AT1G51560,-0.18005961
AT1G51570,-0.16685201
AT1G51580,-0.33767688
AT1G51590,0.10534449
AT1G51600,0.20970316
AT1G51610,-0.018889612
AT1G51620,0.92234457
AT1G51630,-0.16278975
AT1G51640,0.32032713
AT1G51650,0.20396672
AT1G51660,0.5568828
AT1G51670,0.66419494
AT1G51680,0.369586
AT1G51690,-0.051630493
AT1G51700,-0.10019816
AT1G51710,0.2818821
AT1G51720,-0.041393753
AT1G51730,-0.10788771
AT1G51740,-0.093856774
AT1G51745,-0.2974518
AT1G51760,1.0767131
AT1G51770,0.22515756
AT1G51780,0.6163113
AT1G51790,0.33252525
AT1G51800,0.4742372
AT1G51802,0.0
AT1G51805,-0.47393343
AT1G51810,0.10328011
AT1G51820,0.66777533
AT1G51823,0.0
AT1G51830,0.0
AT1G51840,0.0
AT1G51850,-0.72548664
AT1G51860,0.24090788
AT1G51870,0.0
AT1G51880,0.0
AT1G51890,1.3123852
AT1G51900,-0.03164881
AT1G51910,0.0
AT1G51913,-0.039248962
AT1G51915,-0.038252976
AT1G51920,0.031227175
AT1G51930,0.0
AT1G51940,-0.12086509
AT1G51950,0.293323
AT1G51960,0.13598007
AT1G51965,-0.30558148
AT1G51970,0.0
AT1G51980,0.29163504
AT1G51990,0.0
AT1G52000,-1.1055688
AT1G52030,-1.1748015
AT1G52040,-1.245805
AT1G52050,0.0
AT1G52060,0.0
AT1G52070,0.0
AT1G52080,0.6240318
AT1G52100,0.08021371
AT1G52110,0.20550978
AT1G52120,0.12211692
AT1G52130,0.0
AT1G52140,-0.5951584
AT1G52150,-0.0739994
AT1G52155,0.0475752
AT1G52160,0.116119504
AT1G52180,0.0
AT1G52190,-1.2454926
AT1G52191,0.01517929
AT1G52200,0.8844923
AT1G52220,-0.34932458
AT1G52230,-0.47557747
AT1G52240,-0.016074775
AT1G52245,0.046684615
AT1G52260,0.25721493
AT1G52270,-0.12634599
AT1G52280,-0.32275274
AT1G52290,0.004124665
AT1G52300,0.027007902
AT1G52310,-0.12752086
AT1G52315,-0.12063439
AT1G52320,-0.034706
AT1G52325,0.0
AT1G52330,0.028161492
AT1G52340,-0.23882827
AT1G52342,0.09609559
AT1G52343,0.05363404
AT1G52360,-0.017509464
AT1G52370,0.24986579
AT1G52380,-0.067640126
AT1G52390,-0.0039978647
AT1G52400,-1.360523
AT1G52410,-1.140479
AT1G52415,0.0
AT1G52420,-0.059372053
AT1G52430,-0.056530338
AT1G52440,0.0
AT1G52450,-0.06466671
AT1G52460,0.0
AT1G52470,0.0
AT1G52490,0.0
AT1G52495,0.0
AT1G52500,-0.12238088
AT1G52510,-0.56739485
AT1G52520,-0.11366135
AT1G52530,0.1437912
AT1G52540,0.05074782
AT1G52550,0.15397143
AT1G52560,0.45734167
AT1G52565,0.4021704
AT1G52570,-0.41503504
AT1G52580,0.038306925
AT1G52590,-0.31022477
AT1G52600,0.025217094
AT1G52603,0.0
AT1G52618,-0.04982382
AT1G52620,-0.11107164
AT1G52630,-0.016406404
AT1G52640,0.029631874
AT1G52650,0.027668417
AT1G52660,0.0
AT1G52670,-0.05277065
AT1G52680,0.0
AT1G52690,1.524639
AT1G52695,0.0
AT1G52700,-0.0879115
AT1G52710,-0.13505772
AT1G52720,0.3837687
AT1G52730,0.045749333
AT1G52740,0.20537262
AT1G52750,-0.16050309
AT1G52760,0.49847454
AT1G52770,0.203562
AT1G52780,0.30382565
AT1G52790,0.0
AT1G52800,-0.23591116
AT1G52810,-0.13984428
AT1G52820,0.0
AT1G52825,0.043631133
AT1G52827,0.37995887
AT1G52830,-0.32071927
AT1G52855,0.18379547
AT1G52857,0.0
AT1G52870,-0.6103337
AT1G52880,-0.21717422
AT1G52890,2.0016756
AT1G52900,0.54494786
AT1G52905,0.16708495
AT1G52910,0.068728775
AT1G52920,-0.27924484
AT1G52930,0.072816744
AT1G52940,0.0
AT1G52950,-0.036176585
AT1G52970,0.0
AT1G52980,-0.069200486
AT1G52990,-0.13207169
AT1G53000,-0.33991173
AT1G53010,0.0
AT1G53020,0.0
AT1G53023,0.0
AT1G53025,-0.25929177
AT1G53030,0.10077408
AT1G53035,0.058245186
AT1G53040,-0.27566886
AT1G53050,-0.088727206
AT1G53060,0.097665735
AT1G53070,-0.37051073
AT1G53080,-0.022834677
AT1G53090,-0.28666285
AT1G53100,0.7809875
AT1G53110,-0.05500157
AT1G53120,-0.12716106
AT1G53130,0.0
AT1G53140,0.20654152
AT1G53160,-0.2820531
AT1G53163,0.11053714
AT1G53165,-0.04361732
AT1G53170,0.016725473
AT1G53180,-0.14487267
AT1G53190,-0.16683953
AT1G53200,-0.07657173
AT1G53210,0.08020624
AT1G53230,-0.27693433
AT1G53240,-0.034815267
AT1G53250,-0.26971975
AT1G53260,-0.014391636
AT1G53265,0.0
AT1G53270,0.31997976
AT1G53280,-0.13156408
AT1G53282,0.0
AT1G53285,0.01517929
AT1G53290,-0.1932091
AT1G53300,-0.40173438
AT1G53310,0.3114327
AT1G53320,0.021329578
AT1G53325,0.0
AT1G53330,0.118829384
AT1G53340,-0.060345504
AT1G53345,-0.0376694
AT1G53350,-0.20643228
AT1G53360,0.019470116
AT1G53366,0.0
AT1G53370,0.0
AT1G53380,-0.20171806
AT1G53390,0.052451197
AT1G53400,-0.11770765
AT1G53420,0.01517929
AT1G53430,0.37921306
AT1G53440,-0.2726818
AT1G53450,-0.2547215
AT1G53460,-0.08063403
AT1G53470,1.6552733
AT1G53480,-0.028733414
AT1G53490,0.5883648
AT1G53500,-0.18999943
AT1G53510,-0.21549016
AT1G53520,-0.1598836
AT1G53530,-0.19822691
AT1G53540,2.0455813
AT1G53541,0.0
AT1G53542,0.084940866
AT1G53550,0.038306925
AT1G53560,0.64255875
AT1G53570,0.28608194
AT1G53580,0.63935393
AT1G53590,-0.11602616
AT1G53600,0.1541462
AT1G53610,0.0
AT1G53620,0.7903667
AT1G53625,2.2656558
AT1G53633,-0.09464325
AT1G53635,0.0
AT1G53640,0.0
AT1G53645,0.06339834
AT1G53650,-0.14783518
AT1G53655,-0.02423612
AT1G53660,0.0
AT1G53670,-0.12801069
AT1G53680,-0.04721744
AT1G53690,-0.02668166
AT1G53700,-0.13414514
AT1G53705,0.0
AT1G53708,0.0
AT1G53710,0.12338415
AT1G53720,-0.15955943
AT1G53730,0.027721278
AT1G53750,0.38907483
AT1G53760,0.59158975
AT1G53770,0.07725304
AT1G53780,-0.12336033
AT1G53790,0.010567949
AT1G53800,-0.36728248
AT1G53815,0.0
AT1G53820,0.0
AT1G53830,0.580098
AT1G53840,-0.33444855
AT1G53850,0.26366633
AT1G53860,-0.0090793725
AT1G53870,0.1404925
AT1G53875,-0.5351321
AT1G53880,0.21096955
AT1G53885,0.0
AT1G53887,-0.0044326414
AT1G53890,-0.20508851
AT1G53900,0.5076242
AT1G53903,-0.040570203
AT1G53910,0.15807977
AT1G53920,0.7175836
AT1G53930,0.0
AT1G53935,0.0
AT1G53940,0.0
AT1G53945,0.0
AT1G53950,0.08229486
AT1G53970,0.04398793
AT1G53980,0.1783004
AT1G53990,0.2728834
AT1G54000,0.31997553
AT1G54010,-0.17268005
AT1G54020,-0.6064709
AT1G54030,-0.020891462
AT1G54040,-0.40777692
AT1G54050,0.31134763
AT1G54060,0.005571439
AT1G54070,0.068137005
AT1G54080,-0.09965359
AT1G54090,0.28524905
AT1G54095,0.21318892
AT1G54100,0.9795689
AT1G54110,-0.10192194
AT1G54115,0.28611672
AT1G54120,0.10034154
AT1G54130,0.27316108
AT1G54140,-0.07516397
AT1G54150,0.25404844
AT1G54160,-0.32676142
AT1G54170,0.10384528
AT1G54180,-0.35871756
AT1G54200,-0.52893037
AT1G54210,0.16073816
AT1G54215,0.23954023
AT1G54217,-0.07057304
AT1G54220,0.043596946
AT1G54230,0.0
AT1G54240,0.0
AT1G54250,0.03844223
AT1G54260,-0.037077382
AT1G54270,0.47223175
AT1G54280,0.033225417
AT1G54290,0.2438411
AT1G54300,0.0
AT1G54310,-0.25678262
AT1G54320,0.25191778
AT1G54330,0.07591974
AT1G54340,-0.16052079
AT1G54350,-0.3148911
AT1G54360,0.01671565
AT1G54370,-0.03865148
AT1G54380,-0.10771155
AT1G54385,-0.09201597
AT1G54390,-0.16241866
AT1G54400,0.07030564
AT1G54410,-0.33340588
AT1G54420,0.0
AT1G54440,-0.18716992
AT1G54445,0.0
AT1G54450,-0.07742954
AT1G54460,0.16184781
AT1G54470,-0.078323096
AT1G54490,0.0501094
AT1G54500,-0.24823298
AT1G54510,-0.24347447
AT1G54520,-0.05197313
AT1G54530,-0.055301074
AT1G54540,1.0139937
AT1G54550,0.0
AT1G54560,0.38797012
AT1G54570,1.4163606
AT1G54575,1.1323458
AT1G54580,-0.18416068
AT1G54590,0.0
AT1G54610,-0.050171692
AT1G54620,0.0
AT1G54630,-0.08618387
AT1G54640,0.0
AT1G54650,-0.0044887625
AT1G54680,0.1332349
AT1G54690,-0.058892064
AT1G54700,0.0
AT1G54710,0.48871613
AT1G54720,0.0
AT1G54730,-0.19331957
AT1G54740,-0.023822512
AT1G54760,0.009709837
AT1G54770,0.0022597758
AT1G54773,-0.1870444
AT1G54775,0.0
AT1G54780,-0.38881615
AT1G54790,0.12637375
AT1G54820,-0.89236146
AT1G54830,-0.026001146
AT1G54840,-0.009126973
AT1G54850,-0.036264826
AT1G54860,0.049300194
AT1G54870,0.034649406
AT1G54890,2.623889
AT1G54920,-0.17866261
AT1G54930,-0.013417798
AT1G54940,0.0
AT1G54950,0.0
AT1G54953,0.01517929
AT1G54957,0.019470116
AT1G54960,0.10221985
AT1G54970,0.0
AT1G54980,0.0
AT1G54990,0.06369502
AT1G55000,0.05007291
AT1G55010,0.033225417
AT1G55020,3.3217533
AT1G55030,0.0
AT1G55040,-0.10085613
AT1G55050,0.014536213
AT1G55060,0.0
AT1G55070,0.0
AT1G55080,0.4267751
AT1G55090,-0.054201018
AT1G55110,0.016722064
AT1G55120,-0.2179376
AT1G55130,-0.31966293
AT1G55140,-0.17908639
AT1G55150,-0.08879703
AT1G55152,-0.0462192
AT1G55160,-0.18954219
AT1G55170,0.06779937
AT1G55175,0.0003587374
AT1G55180,0.09588539
AT1G55190,0.20194407
AT1G55200,-0.09012471
AT1G55205,-0.072114184
AT1G55207,0.0
AT1G55210,-0.19329336
AT1G55220,0.0
AT1G55230,0.038306925
AT1G55240,0.068137005
AT1G55250,-0.17709205
AT1G55260,-0.45702025
AT1G55265,0.5637534
AT1G55270,-0.06718503
AT1G55280,0.26229334
AT1G55290,0.049300194
AT1G55300,-0.12775218
AT1G55310,-0.08153268
AT1G55320,-0.30135912
AT1G55325,0.03207911
AT1G55330,-0.37235096
AT1G55335,0.019470116
AT1G55340,-0.40986347
AT1G55350,-0.16937567
AT1G55360,-0.70453167
AT1G55365,0.19126324
AT1G55370,-0.46003097
AT1G55380,-0.07404161
AT1G55390,0.034649406
AT1G55420,-0.2186961
AT1G55430,-0.009126973
AT1G55440,0.0
AT1G55450,0.27374598
AT1G55460,-0.1954291
AT1G55475,-0.006274907
AT1G55480,-0.5315191
AT1G55490,-0.24742517
AT1G55500,0.16675274
AT1G55510,0.6973956
AT1G55520,-0.09424466
AT1G55530,0.18311386
AT1G55535,0.30228004
AT1G55540,-0.25869375
AT1G55546,0.0
AT1G55550,0.03383587
AT1G55560,0.0
AT1G55570,0.0
AT1G55580,0.034649406
AT1G55590,0.05292799
AT1G55600,0.0
AT1G55610,0.3619537
AT1G55620,0.11171618
AT1G55630,-0.20177358
AT1G55640,0.0
AT1G55650,0.0
AT1G55660,0.050646048
AT1G55670,-0.41824085
AT1G55673,-0.25772968
AT1G55675,-0.02316962
AT1G55680,0.01114435
AT1G55690,0.12404117
AT1G55710,0.0
AT1G55720,0.019470116
AT1G55730,0.33312938
AT1G55740,0.007136774
AT1G55750,-0.1621994
AT1G55755,0.0
AT1G55760,-0.6972952
AT1G55775,0.9202222
AT1G55790,0.0
AT1G55800,0.004758889
AT1G55803,0.03260855
AT1G55805,0.16793077
AT1G55810,0.1770089
AT1G55820,0.35401967
AT1G55830,0.0014598551
AT1G55840,-0.043942414
AT1G55850,-0.018768106
AT1G55860,0.20627074
AT1G55865,0.026796998
AT1G55870,-0.0026129035
AT1G55880,-0.1857857
AT1G55890,-0.09028229
AT1G55900,0.016587658
AT1G55910,0.22359946
AT1G55915,0.3092528
AT1G55917,0.0
AT1G55920,0.8384984
AT1G55928,0.0
AT1G55930,-0.16171291
AT1G55940,0.029484965
AT1G55945,0.0
AT1G55947,0.0
AT1G55950,0.006995402
AT1G55960,-0.13460225
AT1G55970,-0.26766
AT1G55980,-0.24142705
AT1G55990,0.0
AT1G56000,-0.17997143
AT1G56010,-0.028874125
AT1G56020,-0.07668384
AT1G56030,0.0
AT1G56040,0.0
AT1G56045,0.046098016
AT1G56050,-0.18763341
AT1G56060,2.0112267
AT1G56070,0.17645366
AT1G56080,0.09567415
AT1G56085,0.0
AT1G56090,-0.14258552
AT1G56100,0.0
AT1G56105,0.0
AT1G56110,0.16126265
AT1G56120,-0.042901054
AT1G56130,-0.11081694
AT1G56140,0.3684914
AT1G56145,0.9274352
AT1G56150,0.6328639
AT1G56160,0.0
AT1G56170,-0.3115343
AT1G56180,-0.049220387
AT1G56190,0.02885213
AT1G56200,-0.009858217
AT1G56210,-0.45879763
AT1G56220,-0.17708291
AT1G56225,0.0
AT1G56230,-0.41934574
AT1G56233,0.0
AT1G56240,-0.002705519
AT1G56250,0.12170782
AT1G56260,-0.29644132
AT1G56270,0.0
AT1G56280,-0.15338975
AT1G56290,-0.09458487
AT1G56300,0.5781943
AT1G56310,-0.24682945
AT1G56320,0.3527746
AT1G56330,0.1274946
AT1G56340,0.30421904
AT1G56345,-0.2718931
AT1G56350,-0.13657682
AT1G56360,0.0
AT1G56380,0.0
AT1G56385,0.0
AT1G56400,0.0
AT1G56410,0.038306925
AT1G56415,0.0
AT1G56418,0.0
AT1G56420,-0.1382668
AT1G56423,-0.0553608
AT1G56430,-0.6740948
AT1G56440,-0.1456206
AT1G56450,0.38231954
AT1G56460,-0.17580496
AT1G56500,-0.5093808
AT1G56510,-0.34363562
AT1G56520,-0.009462723
AT1G56530,0.0
AT1G56540,-0.07390011
AT1G56550,0.21294235
AT1G56553,0.0
AT1G56555,-0.054952927
AT1G56560,0.083661795
AT1G56570,-0.24277559
AT1G56580,-0.5818826
AT1G56590,-0.07343972
AT1G56600,-0.8454005
AT1G56610,-0.2344828
AT1G56620,0.0
AT1G56630,0.01517929
AT1G56650,-0.074803144
AT1G56660,1.173972
AT1G56670,0.06769314
AT1G56680,0.0
AT1G56690,-0.03986307
AT1G56700,0.3147493
AT1G56710,-0.16387187
AT1G56720,-0.32761168
AT1G57540,-0.037559688
AT1G57550,0.0
AT1G57557,0.0
AT1G57565,0.0
AT1G57570,-0.0022239722
AT1G57580,0.0
AT1G57590,-0.2561191
AT1G57600,0.04848826
AT1G57610,-0.017960511
AT1G57613,0.0
AT1G57620,0.11335864
AT1G57630,2.0693245
AT1G57650,1.5173368
AT1G57660,-0.09765843
AT1G57670,0.0032121476
AT1G57680,0.18342233
AT1G57690,0.0
AT1G57700,0.20035376
AT1G57720,-0.055888247
AT1G57730,0.0
AT1G57750,0.05095588
AT1G57760,0.0
AT1G57760,0.0
AT1G57770,0.14228259
AT1G57775,0.0
AT1G57777,0.0
AT1G57780,0.0
AT1G57790,-0.1372002
AT1G57800,0.0
AT1G57820,-0.087674
AT1G57830,0.0
AT1G57850,-0.013417798
AT1G57870,-0.31024718
AT1G57906,0.0
AT1G57943,0.1456659
AT1G57980,-0.20054169
AT1G57990,1.4993867
AT1G58007,-0.15211987
AT1G58025,-0.083645575
AT1G58030,0.10204487
AT1G58037,0.0006763258
AT1G58050,0.0
AT1G58055,0.0
AT1G58060,-0.1066862
AT1G58070,0.5036936
AT1G58080,-0.10374897
AT1G58090,0.0
AT1G58100,0.16333702
AT1G58110,0.0035218887
AT1G58120,0.019470116
AT1G58150,-0.16289955
AT1G58160,-0.13051929
AT1G58170,0.11418977
AT1G58180,0.05731316
AT1G58190,0.83168274
AT1G58195,0.0
AT1G58200,0.009408158
AT1G58210,-0.35285905
AT1G58215,-0.04891284
AT1G58220,-0.12827171
AT1G58223,-0.016074775
AT1G58225,-0.24362172
AT1G58230,0.029588811
AT1G58235,-0.021450914
AT1G58242,0.0
AT1G58245,0.0
AT1G58248,0.0
AT1G58250,-0.059969027
AT1G58260,0.0
AT1G58265,-0.01646952
AT1G58270,0.45236465
AT1G58280,-0.37867716
AT1G58290,-0.20356394
AT1G58300,0.12613282
AT1G58310,0.0
AT1G58320,0.01517929
AT1G58330,0.0
AT1G58340,3.082517
AT1G58350,-0.37823004
AT1G58360,0.6512385
AT1G58370,-0.21792592
AT1G58380,0.17137405
AT1G58390,0.28906223
AT1G58400,-0.005289174
AT1G58410,-0.017095048
AT1G58420,0.7669669
AT1G58430,0.0
AT1G58440,-0.20207
AT1G58450,0.0
AT1G58460,0.0
AT1G58470,0.1996275
AT1G58520,-0.41116074
AT1G58525,0.0
AT1G58602,0.04932891
AT1G58643,0.108940795
AT1G58725,0.0
AT1G58766,0.0
AT1G58807,-0.07867138
AT1G58848,0.014389243
AT1G58889,0.0
AT1G59030,0.025972597
AT1G59124,0.0
AT1G59171,0.036488194
AT1G59218,-0.16137427
AT1G59359,0.34374297
AT1G59406,0.0
AT1G59460,0.0
AT1G59470,0.0
AT1G59500,0.0
AT1G59510,-0.20781624
AT1G59520,0.035686515
AT1G59530,-0.014502965
AT1G59540,0.047322404
AT1G59550,0.0
AT1G59560,-0.30440572
AT1G59580,-0.06385578
AT1G59590,0.5257101
AT1G59600,-0.18046896
AT1G59610,0.115300894
AT1G59620,-0.061151195
AT1G59630,0.0
AT1G59640,-0.2902166
AT1G59650,0.08903674
AT1G59660,-0.22535947
AT1G59670,0.079105005
AT1G59675,0.0
AT1G59680,0.0
AT1G59690,0.0
AT1G59700,0.17332377
AT1G59710,0.5974527
AT1G59720,-0.3617667
AT1G59722,0.0
AT1G59723,0.0
AT1G59724,0.0
AT1G59725,-0.03164881
AT1G59730,-0.0090793725
AT1G59740,2.0529628
AT1G59750,-0.27463645
AT1G59760,-0.13284819
AT1G59780,-0.028597089
AT1G59790,0.0
AT1G59800,0.0
AT1G59810,0.038306925
AT1G59820,0.36893174
AT1G59830,-0.04403638
AT1G59833,0.0
AT1G59835,0.0
AT1G59840,-0.45615265
AT1G59850,1.8385994
AT1G59860,0.534578
AT1G59865,-0.01646952
AT1G59870,0.361745
AT1G59885,0.0
AT1G59890,0.07355916
AT1G59900,0.08123614
AT1G59910,0.4854431
AT1G59920,-0.20733154
AT1G59930,0.21748284
AT1G59940,0.0
AT1G59950,0.07715505
AT1G59960,-0.053201787
AT1G59970,-0.085569926
AT1G59980,-0.18985447
AT1G59990,-0.03808491
AT1G60000,-0.29532203
AT1G60010,-0.45552143
AT1G60030,-0.33779564
AT1G60040,0.0
AT1G60050,0.0
AT1G60060,-0.29840666
AT1G60070,-0.11220343
AT1G60080,0.053805392
AT1G60090,0.0
AT1G60095,0.0
AT1G60110,-0.12627852
AT1G60130,0.22304524
AT1G60140,0.584557
AT1G60160,0.39800096
AT1G60170,-0.014688484
AT1G60180,0.0
AT1G60190,0.7317186
AT1G60200,-0.23327263
AT1G60220,-0.25245336
AT1G60230,-0.11752953
AT1G60240,0.0
AT1G60250,0.0
AT1G60260,-0.47428653
AT1G60270,-0.23356487
AT1G60280,0.0
AT1G60300,0.0
AT1G60320,0.0
AT1G60340,0.0
AT1G60350,0.0
AT1G60360,-0.0859165
AT1G60370,0.0
AT1G60380,-0.016074775
AT1G60390,-0.8400643
AT1G60400,0.0
AT1G60410,0.0
AT1G60420,0.19469714
AT1G60430,0.1187033
AT1G60440,0.09863866
AT1G60450,0.0
AT1G60460,-0.06748046
AT1G60470,-0.2256967
AT1G60490,-0.04328272
AT1G60500,0.0
AT1G60530,0.0
AT1G60550,-0.40051726
AT1G60560,-0.39482927
AT1G60570,0.0
AT1G60590,0.06840655
AT1G60600,-0.120200194
AT1G60610,0.14202742
AT1G60620,0.0870206
AT1G60625,0.0
AT1G60630,-0.5720135
AT1G60640,-0.009499641
AT1G60650,0.09058768
AT1G60660,0.04547708
AT1G60670,-0.0847711
AT1G60680,0.000370608
AT1G60690,-0.54178774
AT1G60700,-0.40000933
AT1G60710,0.08399743
AT1G60720,0.0
AT1G60730,1.4290315
AT1G60740,0.48667315
AT1G60750,0.0
AT1G60760,0.0
AT1G60770,-0.12717219
AT1G60780,0.16232024
AT1G60783,0.0
AT1G60787,0.0
AT1G60790,-0.43837413
AT1G60800,-0.43005362
AT1G60810,-0.38102406
AT1G60815,0.0
AT1G60830,0.17868389
AT1G60850,0.0798149
AT1G60860,-0.40972918
AT1G60870,-0.17612533
AT1G60880,0.0
AT1G60890,0.73562545
AT1G60900,-0.16996157
AT1G60913,0.0
AT1G60920,0.0
AT1G60930,-0.2706192
AT1G60940,-0.059742294
AT1G60950,-0.18651105
AT1G60960,0.036562428
AT1G60970,-0.0007476615
AT1G60980,0.0
AT1G60983,0.0
AT1G60985,0.0
AT1G60986,0.0
AT1G60987,0.0
AT1G60989,-0.11599582
AT1G60990,-0.24217848
AT1G60995,0.00085981487
AT1G61000,-0.34978375
AT1G61010,-0.07909211
AT1G61030,-0.039360043
AT1G61040,-0.05115108
AT1G61050,0.0
AT1G61060,0.019470116
AT1G61065,-0.009556695
AT1G61070,0.0
AT1G61080,0.18041795
AT1G61090,0.0
AT1G61093,-0.016074775
AT1G61095,0.0
AT1G61097,0.0
AT1G61100,-0.0030542342
AT1G61105,0.0
AT1G61110,0.08229486
AT1G61120,2.6167986
AT1G61130,-0.014502965
AT1G61140,0.3326229
AT1G61150,0.06591667
AT1G61160,-0.021641206
AT1G61165,0.0
AT1G61170,-0.24843872
AT1G61180,-0.036443304
AT1G61190,-0.3077258
AT1G61200,-0.014502965
AT1G61210,-0.1975669
AT1G61215,0.05340323
AT1G61230,-0.11448656
AT1G61240,-0.44370052
AT1G61250,0.49866065
AT1G61255,0.040165603
AT1G61260,-0.31139135
AT1G61270,0.0
AT1G61280,-0.18508238
AT1G61290,-0.032506816
AT1G61300,-0.5165208
AT1G61310,-0.088277906
AT1G61320,-0.01646952
AT1G61330,0.0
AT1G61340,1.5112708
AT1G61350,-0.2525297
AT1G61360,0.7054291
AT1G61370,0.41765657
AT1G61380,0.1404483
AT1G61390,-0.018175121
AT1G61400,0.12338488
AT1G61410,0.011714323
AT1G61415,0.034649406
AT1G61420,0.8610118
AT1G61430,0.05222414
AT1G61440,1.001304
AT1G61450,0.08985254
AT1G61460,0.040683232
AT1G61470,0.12528938
AT1G61475,0.0
AT1G61480,0.12807907
AT1G61490,0.18339665
AT1G61500,-0.47729605
AT1G61520,-0.39483935
AT1G61540,0.0
AT1G61550,0.18914853
AT1G61560,1.0759255
AT1G61562,0.0
AT1G61563,0.0
AT1G61565,0.0
AT1G61566,0.0
AT1G61570,0.2709124
AT1G61575,0.0
AT1G61580,0.08705225
AT1G61590,-0.03057774
AT1G61600,-0.5514236
AT1G61610,1.2400128
AT1G61620,0.034291275
AT1G61630,0.0
AT1G61640,0.34221184
AT1G61660,-0.12448114
AT1G61667,0.17013732
AT1G61670,0.030127427
AT1G61680,0.019470116
AT1G61685,0.0
AT1G61688,0.0
AT1G61690,0.10500554
AT1G61700,0.019470116
AT1G61710,-0.028549487
AT1G61720,0.0
AT1G61730,0.095453225
AT1G61740,-0.11755145
AT1G61750,0.54013836
AT1G61760,-0.20747954
AT1G61770,0.15938568
AT1G61780,0.086381115
AT1G61790,0.048229486
AT1G61795,-0.4934785
AT1G61800,3.5380557
AT1G61810,3.035831
AT1G61820,5.3600574
AT1G61840,0.0
AT1G61850,-0.00036093147
AT1G61860,0.09897122
AT1G61870,0.14585252
AT1G61890,0.08978533
AT1G61900,-0.20217618
AT1G61920,-0.013417798
AT1G61930,-0.21683769
AT1G61940,0.0
AT1G61950,0.0
AT1G61960,-0.13796993
AT1G61970,-0.33070895
AT1G61980,-0.097404465
AT1G61990,0.0009007442
AT1G62000,0.061080277
AT1G62010,0.010250171
AT1G62020,-0.046114333
AT1G62030,-0.41342115
AT1G62040,-0.10268587
AT1G62045,0.51221585
AT1G62050,-0.30363178
AT1G62060,0.0
AT1G62070,0.0
AT1G62080,0.0
AT1G62085,0.024827529
AT1G62110,-0.08884671
AT1G62120,-0.34596062
AT1G62130,-0.28130916
AT1G62150,-0.051271737
AT1G62160,0.0
AT1G62170,0.01517929
AT1G62180,-0.34533396
AT1G62190,0.0
AT1G62200,0.29894477
AT1G62210,0.0
AT1G62220,0.0
AT1G62225,0.070950165
AT1G62240,0.31963575
AT1G62250,-0.47137123
AT1G62260,-0.31585774
AT1G62262,-0.07475239
AT1G62270,0.0
AT1G62280,0.0
AT1G62290,-0.45314997
AT1G62300,1.7159423
AT1G62305,0.8317116
AT1G62310,-0.30859601
AT1G62320,0.5619637
AT1G62330,-0.34474385
AT1G62333,0.042047374
AT1G62340,0.0
AT1G62350,0.032371286
AT1G62360,0.0
AT1G62370,0.48392257
AT1G62380,0.43809646
AT1G62390,0.039961193
AT1G62400,-0.36681995
AT1G62410,0.0
AT1G62415,0.0
AT1G62420,0.9419663
AT1G62421,0.0
AT1G62430,-0.035179503
AT1G62440,0.14129627
AT1G62450,0.01517929
AT1G62480,-0.040194906
AT1G62490,0.079517424
AT1G62500,0.36766544
AT1G62510,0.7792226
AT1G62515,0.0
AT1G62520,-0.44207412
AT1G62530,0.0006763258
AT1G62540,-0.68789417
AT1G62560,-1.3313767
AT1G62570,1.8097459
AT1G62580,0.18025924
AT1G62590,-0.48749116
AT1G62600,0.22308478
AT1G62610,-0.07172524
AT1G62620,0.07413329
AT1G62630,-0.427882
AT1G62640,-0.1259535
AT1G62660,0.63373286
AT1G62670,-0.26651105
AT1G62680,-0.13043723
AT1G62690,0.0
AT1G62700,0.16941383
AT1G62710,-0.9756565
AT1G62720,-0.07066125
AT1G62730,0.28530374
AT1G62740,0.17435876
AT1G62750,-0.50102776
AT1G62760,1.7234881
AT1G62770,0.046684273
AT1G62780,-0.18591847
AT1G62790,0.49546787
AT1G62800,-0.86306345
AT1G62810,0.13693652
AT1G62820,0.2105074
AT1G62830,-0.32546481
AT1G62850,-0.1940485
AT1G62870,-0.2567562
AT1G62880,0.035514172
AT1G62886,-0.018799111
AT1G62895,0.0
AT1G62900,0.015754247
AT1G62910,-0.47353226
AT1G62914,-0.26375356
AT1G62915,0.0
AT1G62920,-0.11826185
AT1G62930,-0.3103446
AT1G62935,0.006733856
AT1G62940,0.0
AT1G62950,-0.107905485
AT1G62960,-0.25566596
AT1G62970,-0.17246038
AT1G62975,-0.4486894
AT1G62978,0.0
AT1G62980,0.0
AT1G62981,0.10225694
AT1G62990,0.060648452
AT1G63000,-0.17450559
AT1G63010,0.40797332
AT1G63020,-0.01476939
AT1G63030,0.0
AT1G63040,0.0
AT1G63050,0.030472504
AT1G63055,0.0
AT1G63057,0.019470116
AT1G63060,0.0
AT1G63070,-0.014945903
AT1G63080,-0.42664173
AT1G63090,0.22498582
AT1G63100,-0.13525262
AT1G63105,-0.014502965
AT1G63110,-0.14801902
AT1G63120,-0.09880771
AT1G63130,-0.43726707
AT1G63140,-0.16844466
AT1G63150,-0.38224673
AT1G63160,0.08090087
AT1G63170,0.06023178
AT1G63180,0.95870554
AT1G63190,0.0
AT1G63200,0.0
AT1G63205,0.0
AT1G63206,0.0
AT1G63210,-0.046151776
AT1G63220,0.046051804
AT1G63230,-0.20060985
AT1G63240,-0.47077918
AT1G63245,1.1152254
AT1G63250,0.011369319
AT1G63260,0.025283968
AT1G63270,0.01337097
AT1G63280,0.038306925
AT1G63290,0.037358515
AT1G63295,-0.045409534
AT1G63300,-0.3505748
AT1G63310,-0.23289943
AT1G63320,-0.068968624
AT1G63330,-0.334461
AT1G63340,-0.014502965
AT1G63350,0.053055096
AT1G63360,-0.3558424
AT1G63370,0.15874843
AT1G63390,-0.0023855865
AT1G63400,-0.28763446
AT1G63410,0.0
AT1G63420,-0.5631417
AT1G63430,-0.3518961
AT1G63440,1.4699407
AT1G63450,0.3080795
AT1G63460,0.23960167
AT1G63470,-0.29947555
AT1G63480,-0.1904227
AT1G63490,-0.10194078
AT1G63500,0.05506314
AT1G63520,-0.11935326
AT1G63522,0.0
AT1G63530,0.4072366
AT1G63535,0.0
AT1G63540,0.0
AT1G63550,0.0
AT1G63560,0.0
AT1G63570,0.05655034
AT1G63580,0.1072956
AT1G63590,0.10053827
AT1G63600,0.0
AT1G63610,-0.17122298
AT1G63615,0.0
AT1G63630,-0.04556284
AT1G63640,-0.29859063
AT1G63650,0.01450429
AT1G63660,-0.07169677
AT1G63670,-0.48035684
AT1G63680,-0.3063066
AT1G63690,-0.23905945
AT1G63700,-0.17014052
AT1G63710,0.010932578
AT1G63720,1.4875048
AT1G63730,-0.28450862
AT1G63740,0.09039269
AT1G63750,0.038154807
AT1G63760,0.0
AT1G63770,0.14142138
AT1G63780,0.1330354
AT1G63800,-0.35869053
AT1G63810,-0.067853145
AT1G63820,0.20039973
AT1G63830,0.3119139
AT1G63840,0.890695
AT1G63850,-0.46159616
AT1G63855,0.08009881
AT1G63860,-0.21335422
AT1G63870,-0.028597089
AT1G63880,-0.26072317
AT1G63900,-0.0714061
AT1G63910,-0.061413024
AT1G63930,0.41661525
AT1G63940,0.12026195
AT1G63950,0.13164651
AT1G63960,0.019470116
AT1G63970,-0.09143379
AT1G63980,-0.28990266
AT1G63990,0.022554668
AT1G64000,0.055654854
AT1G64010,0.08958654
AT1G64020,0.26563606
AT1G64030,0.0
AT1G64040,0.21152078
AT1G64050,-0.11192987
AT1G64060,0.014911684
AT1G64065,0.9055271
AT1G64070,-0.08262698
AT1G64080,-0.33256352
AT1G64090,0.1849243
AT1G64100,-0.04551937
AT1G64107,0.01517929
AT1G64110,-0.19938758
AT1G64130,0.0
AT1G64140,0.06403844
AT1G64150,-0.19024752
AT1G64160,0.22271211
AT1G64170,-1.0967158
AT1G64180,-0.3175159
AT1G64185,0.21738517
AT1G64190,0.122716896
AT1G64195,0.01517929
AT1G64200,0.48256493
AT1G64210,0.18419017
AT1G64220,-0.011677653
AT1G64230,0.0068123117
AT1G64235,0.0
AT1G64253,-0.10599093
AT1G64255,0.0
AT1G64260,-0.15297297
AT1G64280,0.29743344
AT1G64290,0.0
AT1G64295,0.0
AT1G64300,-0.26922342
AT1G64310,-0.06719453
AT1G64320,-0.20553112
AT1G64330,-0.28248087
AT1G64340,0.0
AT1G64350,0.14742416
AT1G64355,-0.24115159
AT1G64360,-0.5591231
AT1G64370,-1.1389346
AT1G64380,0.8325206
AT1G64385,0.18079892
AT1G64390,-0.8726422
AT1G64400,-0.12565054
AT1G64405,-0.044010244
AT1G64430,-0.2826929
AT1G64440,-0.19977295
AT1G64450,-0.056511108
AT1G64455,0.10227896
AT1G64460,0.031508088
AT1G64480,0.0
AT1G64490,-0.13176234
AT1G64500,-0.23159747
AT1G64510,-0.22282478
AT1G64520,0.23175181
AT1G64530,-0.24160884
AT1G64540,-0.06026519
AT1G64550,-0.048186865
AT1G64561,0.038232893
AT1G64570,-0.10067094
AT1G64580,-0.13268425
AT1G64583,0.08207825
AT1G64584,0.0
AT1G64585,0.0
AT1G64590,0.0
AT1G64600,-0.22831838
AT1G64610,0.9285447
AT1G64620,-0.07355256
AT1G64625,-0.26183158
AT1G64630,-0.09202693
AT1G64640,-0.73927236
AT1G64650,-0.078066416
AT1G64660,0.7457848
AT1G64670,-0.4734014
AT1G64680,-0.73489016
AT1G64690,-0.27232414
AT1G64700,-0.30803117
AT1G64710,-0.2867022
AT1G64720,-0.3284598
AT1G64740,0.2743719
AT1G64750,0.0045591057
AT1G64760,0.27508634
AT1G64770,-0.52967125
AT1G64780,-0.84558845
AT1G64790,0.012095305
AT1G64795,0.019470116
AT1G64800,0.0
AT1G64810,0.10898457
AT1G64820,-0.00089548406
AT1G64830,0.0
AT1G64840,-0.084443025
AT1G64850,0.06595
AT1G64860,-0.44555658
AT1G64870,0.0
AT1G64880,-0.13458577
AT1G64890,0.101147115
AT1G64900,-0.16473122
AT1G64910,0.0
AT1G64920,0.0
AT1G64930,0.0
AT1G64940,0.534365
AT1G64950,0.3824518
AT1G64960,-0.15194021
AT1G64970,0.023780948
AT1G64980,-0.07791561
AT1G64990,0.092540726
AT1G65000,0.030036693
AT1G65010,-0.7038702
AT1G65020,0.12374255
AT1G65030,0.36723885
AT1G65032,-0.07211364
AT1G65040,0.28993398
AT1G65050,0.0
AT1G65060,0.36213392
AT1G65070,-0.2626835
AT1G65080,-0.08899634
AT1G65090,0.0
AT1G65110,-0.17718859
AT1G65113,0.0
AT1G65120,-0.14366764
AT1G65130,-0.068833835
AT1G65140,-0.04230479
AT1G65150,0.15320313
AT1G65160,0.0
AT1G65165,0.0
AT1G65170,0.0
AT1G65180,0.08932575
AT1G65190,-0.50316757
AT1G65200,-0.012474713
AT1G65210,0.0
AT1G65220,0.036387708
AT1G65230,-0.69228363
AT1G65240,1.1235927
AT1G65250,0.008347073
AT1G65260,-0.22429773
AT1G65270,0.0016794327
AT1G65280,-0.12800758
AT1G65290,0.21628843
AT1G65295,-0.41698226
AT1G65300,0.0
AT1G65310,0.13814773
AT1G65320,-0.1357497
AT1G65330,-0.051852074
AT1G65340,0.0
AT1G65342,0.0
AT1G65346,0.0006763258
AT1G65349,0.0
AT1G65350,0.0
AT1G65352,0.0
AT1G65360,0.045506246
AT1G65370,-0.5928053
AT1G65380,-0.0823425
AT1G65390,0.18971327
AT1G65410,-0.064189635
AT1G65420,0.053351834
AT1G65425,0.0
AT1G65430,0.016981548
AT1G65440,-0.06853641
AT1G65450,0.010278661
AT1G65470,-0.04715765
AT1G65480,0.0742366
AT1G65481,0.5629187
AT1G65483,0.93788785
AT1G65484,-0.21615095
AT1G65486,-0.72798705
AT1G65490,-0.18893372
AT1G65500,0.028565494
AT1G65510,0.75162894
AT1G65520,0.5023118
AT1G65540,-0.004023392
AT1G65541,0.0
AT1G65550,0.02983008
AT1G65560,-0.03970737
AT1G65570,0.019470116
AT1G65580,0.00544238
AT1G65590,-0.13885766
AT1G65610,2.4230008
AT1G65620,-0.19697683
AT1G65630,0.0
AT1G65640,0.0
AT1G65650,0.03669178
AT1G65660,0.09735414
AT1G65670,0.0
AT1G65680,0.0
AT1G65681,0.0
AT1G65690,1.5910945
AT1G65700,0.13531224
AT1G65710,-0.18886246
AT1G65720,0.1891537
AT1G65730,0.45210803
AT1G65735,0.0
AT1G65740,0.0
AT1G65750,0.0
AT1G65760,0.02014644
AT1G65770,0.0
AT1G65780,0.0
AT1G65790,0.09059813
AT1G65800,-0.015466737
AT1G65810,-0.044671863
AT1G65820,0.6191083
AT1G65840,0.50778776
AT1G65845,-0.19646087
AT1G65850,-0.09516184
AT1G65860,-1.0704848
AT1G65870,-0.134251
AT1G65880,-0.06958704
AT1G65890,-0.36224353
AT1G65900,-0.38784534
AT1G65910,-0.42447427
AT1G65920,-0.6986799
AT1G65930,0.121652186
AT1G65950,-0.17020227
AT1G65960,-0.33881176
AT1G65970,1.5133487
AT1G65980,0.31724247
AT1G65985,-0.65272546
AT1G65990,0.0
AT1G66000,0.0
AT1G66020,-0.10373186
AT1G66040,1.8988885
AT1G66045,0.0
AT1G66050,2.7580872
AT1G66060,0.10601834
AT1G66070,0.2898953
AT1G66080,0.03731586
AT1G66090,2.4304128
AT1G66100,-0.6284709
AT1G66110,0.049582705
AT1G66120,-0.016074775
AT1G66130,-0.26819465
AT1G66140,-0.27658847
AT1G66145,0.0
AT1G66150,-0.013920044
AT1G66160,1.6789937
AT1G66170,0.06640673
AT1G66180,-0.63871914
AT1G66190,-0.2752336
AT1G66200,0.05173525
AT1G66210,0.0
AT1G66220,0.0
AT1G66230,-0.1881604
AT1G66235,0.0
AT1G66240,0.19769557
AT1G66245,0.0
AT1G66250,-0.13021408
AT1G66260,0.091414884
AT1G66270,0.0
AT1G66280,1.0517377
AT1G66290,0.0
AT1G66300,0.0
AT1G66310,0.0
AT1G66320,0.0
AT1G66330,-0.277821
AT1G66340,0.1336795
AT1G66345,-0.20074044
AT1G66350,-0.28197575
AT1G66360,0.062801644
AT1G66370,-0.040741496
AT1G66380,-0.13826679
AT1G66390,-0.23928697
AT1G66400,0.96918017
AT1G66410,0.039141398
AT1G66420,0.0
AT1G66430,-0.11990813
AT1G66440,0.0
AT1G66450,-0.13965479
AT1G66460,-0.30736357
AT1G66465,0.076388136
AT1G66470,0.0
AT1G66480,0.3961749
AT1G66490,0.0
AT1G66500,1.0602425
AT1G66510,-0.26841775
AT1G66520,0.16054721
AT1G66530,-0.1999247
AT1G66540,-0.2228163
AT1G66550,0.22383972
AT1G66560,0.04398793
AT1G66570,2.7936006
AT1G66580,1.1324482
AT1G66590,0.52434456
AT1G66600,0.7675335
AT1G66610,0.0
AT1G66620,0.052880142
AT1G66630,0.01517929
AT1G66640,0.0
AT1G66650,-0.106467515
AT1G66660,-0.050110143
AT1G66670,0.2545926
AT1G66680,0.35098395
AT1G66690,0.034875456
AT1G66700,2.5392385
AT1G66720,0.019470116
AT1G66730,-0.4546541
AT1G66740,0.030706659
AT1G66750,-0.22382252
AT1G66760,0.76525617
AT1G66770,0.0
AT1G66780,0.21009785
AT1G66800,0.0
AT1G66810,-0.22455259
AT1G66820,-0.093339026
AT1G66830,0.1698393
AT1G66840,-0.459489
AT1G66850,0.0
AT1G66852,0.0
AT1G66855,0.0
AT1G66860,0.02983008
AT1G66870,0.06458523
AT1G66880,0.4403044
AT1G66890,-0.10984771
AT1G66900,-0.12530604
AT1G66910,-0.19144301
AT1G66920,0.07851103
AT1G66930,-0.15585756
AT1G66940,-1.0127193
AT1G66950,0.0
AT1G66960,-0.3359585
AT1G66970,0.1680158
AT1G66980,-0.15167688
AT1G67000,0.6854258
AT1G67020,-0.037042525
AT1G67025,0.0
AT1G67030,-0.21412577
AT1G67035,0.09261997
AT1G67040,-0.35160485
AT1G67050,-0.2586602
AT1G67060,0.7069196
AT1G67070,2.06756
AT1G67080,-0.33733037
AT1G67090,-0.55345166
AT1G67100,0.070950165
AT1G67110,0.137897
AT1G67120,0.10580957
AT1G67130,0.0
AT1G67140,-0.047633972
AT1G67148,0.0
AT1G67150,-0.03057774
AT1G67160,0.0
AT1G67170,-0.04661727
AT1G67180,-0.13508046
AT1G67190,0.2836049
AT1G67210,0.15978794
AT1G67220,0.0
AT1G67230,-0.14459857
AT1G67235,0.0
AT1G67250,0.2983221
AT1G67260,0.30818433
AT1G67265,0.21997947
AT1G67270,0.061080277
AT1G67280,-0.094316475
AT1G67290,0.08956371
AT1G67300,0.12211104
AT1G67310,-0.12037824
AT1G67320,-0.14881913
AT1G67325,-0.067994595
AT1G67330,0.066858955
AT1G67340,-0.121434264
AT1G67350,0.30985063
AT1G67360,0.14002074
AT1G67370,0.07264541
AT1G67390,0.0
AT1G67400,0.19722237
AT1G67410,-0.023601953
AT1G67420,0.06303988
AT1G67430,0.2295589
AT1G67440,-0.22046763
AT1G67450,0.0
AT1G67455,0.0
AT1G67460,0.0038849895
AT1G67470,0.0115618445
AT1G67480,0.16302682
AT1G67490,-0.09148438
AT1G67500,-0.07816723
AT1G67510,-0.19834322
AT1G67520,0.65960884
AT1G67530,-0.11783873
AT1G67540,0.0
AT1G67550,-0.1995447
AT1G67560,0.08718745
AT1G67570,0.1326667
AT1G67580,-0.0378459
AT1G67590,-0.53192925
AT1G67600,0.13140239
AT1G67620,0.37780377
AT1G67623,0.038306925
AT1G67630,-0.012626887
AT1G67635,0.23303565
AT1G67640,0.0
AT1G67650,0.3150549
AT1G67660,-0.06378527
AT1G67670,0.0
AT1G67680,0.1978935
AT1G67690,-0.06953076
AT1G67700,-0.21709384
AT1G67710,-0.48050517
AT1G67720,-0.38956177
AT1G67730,0.057308055
AT1G67740,-0.4359176
AT1G67750,-1.0861056
AT1G67760,0.068137005
AT1G67770,0.0
AT1G67775,0.0
AT1G67780,0.053687073
AT1G67785,0.18636355
AT1G67790,-0.03221687
AT1G67800,0.40476462
AT1G67810,0.25263914
AT1G67820,-0.085303746
AT1G67830,-0.11290115
AT1G67840,-0.22815931
AT1G67850,0.7845938
AT1G67855,0.0
AT1G67856,0.216021
AT1G67860,0.023124313
AT1G67865,0.30703908
AT1G67870,-0.3683982
AT1G67880,0.08035584
AT1G67890,-0.120655514
AT1G67900,-0.49445125
AT1G67910,-0.21391258
AT1G67920,0.32694507
AT1G67930,0.09546311
AT1G67940,-0.40504268
AT1G67950,-0.12246384
AT1G67960,0.00561488
AT1G67970,0.1733599
AT1G67980,2.5656059
AT1G67990,0.049300194
AT1G68000,0.14443435
AT1G68010,-0.4871203
AT1G68020,-0.003200635
AT1G68030,-0.19796863
AT1G68040,-0.016074775
AT1G68050,0.259603
AT1G68060,-0.39028415
AT1G68070,0.031743597
AT1G68080,-0.12602709
AT1G68090,0.01517929
AT1G68100,0.16286175
AT1G68110,-0.21806173
AT1G68120,-0.045066606
AT1G68130,-0.21841767
AT1G68140,0.19844413
AT1G68150,-0.17733017
AT1G68160,0.24717048
AT1G68170,0.0
AT1G68180,-0.12647435
AT1G68185,-0.39021528
AT1G68190,-0.62536126
AT1G68200,0.55653983
AT1G68210,0.0
AT1G68220,-0.40060166
AT1G68230,0.05753033
AT1G68238,0.04524696
AT1G68240,0.0
AT1G68250,0.0
AT1G68260,-0.19882092
AT1G68270,0.0
AT1G68280,0.0
AT1G68290,-0.3542747
AT1G68300,0.21973377
AT1G68310,0.2747097
AT1G68320,0.21156943
AT1G68325,0.0
AT1G68330,-0.15556169
AT1G68340,0.25942546
AT1G68350,0.15360166
AT1G68360,0.24194479
AT1G68370,0.28430137
AT1G68380,0.6811386
AT1G68390,0.45561922
AT1G68400,-0.54697317
AT1G68410,1.1015632
AT1G68420,0.0
AT1G68430,-0.118485354
AT1G68440,0.7330896
AT1G68450,2.7076974
AT1G68460,0.10053827
AT1G68470,0.14285314
AT1G68480,0.057684936
AT1G68490,-0.16911902
AT1G68500,0.101431735
AT1G68510,0.0
AT1G68520,-0.3577328
AT1G68526,-0.052251358
AT1G68530,-0.15954396
AT1G68540,-0.4004829
AT1G68550,0.019757858
AT1G68560,-0.29951447
AT1G68570,-0.37368107
AT1G68580,0.05157029
AT1G68585,-0.14610606
AT1G68590,-0.31316498
AT1G68600,-0.63820964
AT1G68610,0.07715505
AT1G68620,2.721333
AT1G68630,0.5833243
AT1G68640,-0.021863233
AT1G68650,0.19592741
AT1G68660,-0.08186575
AT1G68670,0.14243251
AT1G68680,0.27288935
AT1G68690,1.3801785
AT1G68700,0.01517929
AT1G68710,0.33020648
AT1G68720,-0.08306721
AT1G68723,-0.060736697
AT1G68725,-0.04141189
AT1G68730,-0.09270921
AT1G68735,0.0
AT1G68740,-1.0940368
AT1G68750,0.0
AT1G68760,0.077986896
AT1G68765,0.83532965
AT1G68780,-0.6176478
AT1G68790,-0.37918648
AT1G68795,0.8325047
AT1G68800,0.033516683
AT1G68810,-0.50946
AT1G68820,0.69986826
AT1G68825,0.0
AT1G68830,-0.25044972
AT1G68840,-0.31924513
AT1G68845,-0.016074775
AT1G68850,0.81674075
AT1G68862,-0.1821009
AT1G68870,-0.41663548
AT1G68875,0.0
AT1G68877,0.0
AT1G68880,0.0
AT1G68890,-0.36041486
AT1G68905,0.0
AT1G68907,0.0
AT1G68910,-0.06139878
AT1G68920,-0.12896328
AT1G68930,-0.096809015
AT1G68935,-0.15715398
AT1G68937,-0.06412215
AT1G68940,-0.17740059
AT1G68945,0.0
AT1G68960,0.0
AT1G68980,0.0845959
AT1G68990,-0.03252534
AT1G69010,-0.20343949
AT1G69020,-0.2889547
AT1G69030,-0.017317897
AT1G69040,-0.44178748
AT1G69050,0.2853008
AT1G69060,-0.12088736
AT1G69070,-0.06043545
AT1G69080,-0.62245566
AT1G69085,0.03479723
AT1G69090,0.0
AT1G69100,0.0
AT1G69120,0.033225417
AT1G69150,0.3123982
AT1G69160,-1.1614233
AT1G69170,-0.3352292
AT1G69180,0.0
AT1G69190,0.0
AT1G69200,0.08822001
AT1G69210,-0.0688379
AT1G69220,0.0060741287
AT1G69230,-0.34329265
AT1G69240,0.0
AT1G69250,0.16521454
AT1G69260,1.0173062
AT1G69270,0.20290284
AT1G69290,-0.1545353
AT1G69295,0.15237407
AT1G69310,0.08163109
AT1G69320,0.009856393
AT1G69325,-0.14101939
AT1G69330,-0.18469091
AT1G69340,0.02846635
AT1G69350,-0.17823273
AT1G69360,-0.32956704
AT1G69370,-0.51940334
AT1G69380,-0.24844354
AT1G69390,-0.1090301
AT1G69400,-0.009478022
AT1G69410,0.5915534
AT1G69420,-0.4163235
AT1G69430,0.13811392
AT1G69440,-0.42355546
AT1G69450,-0.022974614
AT1G69460,0.062420383
AT1G69470,0.0
AT1G69480,0.7646302
AT1G69485,-0.0688429
AT1G69490,0.039637193
AT1G69500,-0.017267397
AT1G69510,-0.12548718
AT1G69520,0.10057318
AT1G69523,-0.4225577
AT1G69526,-0.0024933296
AT1G69530,-1.2108877
AT1G69540,-0.1760538
AT1G69550,0.1125755
AT1G69560,0.0
AT1G69570,0.059066825
AT1G69580,-0.9974349
AT1G69588,-0.14564562
AT1G69600,0.17673777
AT1G69610,0.4657489
AT1G69620,0.16852017
AT1G69630,-0.0072124447
AT1G69640,0.25532752
AT1G69650,0.019470116
AT1G69660,0.0
AT1G69670,0.036095776
AT1G69680,0.18632919
AT1G69690,-0.5792165
AT1G69700,-0.55516
AT1G69710,-0.0838227
AT1G69720,0.016377712
AT1G69730,0.07719365
AT1G69740,0.2718108
AT1G69760,0.37754014
AT1G69770,0.06644055
AT1G69780,-0.3400013
AT1G69790,0.8758485
AT1G69800,-0.23467126
AT1G69810,0.6808535
AT1G69818,0.0
AT1G69820,0.0
AT1G69825,0.0
AT1G69828,0.0
AT1G69830,-0.43718246
AT1G69840,0.48478732
AT1G69850,-0.14583427
AT1G69860,0.0
AT1G69870,0.5269891
AT1G69880,1.9063239
AT1G69890,0.4836549
AT1G69900,0.80917776
AT1G69910,-0.20122369
AT1G69920,2.3671525
AT1G69930,2.6024623
AT1G69935,-0.27358755
AT1G69940,0.0
AT1G69960,0.22763255
AT1G69970,-0.25688723
AT1G69980,0.030889144
AT1G69990,0.0
AT1G70000,-0.3589681
AT1G70020,-0.093719974
AT1G70030,-0.045348678
AT1G70040,0.0
AT1G70060,-0.006818402
AT1G70070,-0.112212114
AT1G70080,0.81781554
AT1G70090,0.20881426
AT1G70100,-0.12047615
AT1G70110,-0.010022458
AT1G70120,0.0
AT1G70130,-0.05750333
AT1G70140,0.31153145
AT1G70150,0.12583424
AT1G70160,0.3221943
AT1G70170,1.8576722
AT1G70175,0.038306925
AT1G70180,-0.17170435
AT1G70190,0.08508066
AT1G70200,-0.15233989
AT1G70209,0.0
AT1G70210,-0.34971848
AT1G70220,-0.09366072
AT1G70230,-0.23299578
AT1G70250,-0.19880348
AT1G70260,-0.4848532
AT1G70270,-0.07172147
AT1G70280,-0.48344555
AT1G70290,-0.12772001
AT1G70300,0.3930774
AT1G70310,-0.12791282
AT1G70320,0.15644702
AT1G70330,0.08933687
AT1G70335,0.0
AT1G70340,-0.095131375
AT1G70350,0.18929222
AT1G70360,0.01064083
AT1G70370,-0.85451454
AT1G70380,0.0033953402
AT1G70390,0.0025022512
AT1G70400,0.019470116
AT1G70410,-0.67083085
AT1G70420,-0.20786822
AT1G70430,-0.44800273
AT1G70440,0.29973203
AT1G70450,0.02983008
AT1G70460,0.26827
AT1G70470,-0.54552865
AT1G70475,0.0
AT1G70480,0.3219673
AT1G70490,0.22441253
AT1G70500,0.34610066
AT1G70505,-0.17166294
AT1G70510,-0.002773275
AT1G70520,0.15692577
AT1G70530,0.16605522
AT1G70540,0.0
AT1G70550,-0.38855746
AT1G70560,-0.2902932
AT1G70570,-0.0009009282
AT1G70580,-0.30019087
AT1G70590,0.13670814
AT1G70600,0.2814446
AT1G70610,0.32122543
AT1G70620,-0.24860156
AT1G70630,0.49351263
AT1G70640,1.0322261
AT1G70650,0.1800679
AT1G70660,-0.1302965
AT1G70670,-0.08831666
AT1G70680,0.19197595
AT1G70690,0.37071407
AT1G70700,-0.2798668
AT1G70710,-0.43371618
AT1G70720,0.0
AT1G70730,-0.12963498
AT1G70740,0.39192426
AT1G70750,0.025343737
AT1G70760,-0.9403712
AT1G70770,0.39993614
AT1G70780,0.87504625
AT1G70790,-0.41506532
AT1G70800,-0.33122993
AT1G70810,0.5262844
AT1G70820,-0.72092086
AT1G70830,-0.29484078
AT1G70840,0.0
AT1G70850,0.0
AT1G70860,0.0
AT1G70870,0.0
AT1G70880,0.009850548
AT1G70890,-0.6599724
AT1G70895,-0.24054152
AT1G70900,-0.14449158
AT1G70910,0.019470116
AT1G70920,0.24382383
AT1G70940,-0.45145786
AT1G70944,0.0
AT1G70949,0.0
AT1G70950,-0.40063903
AT1G70960,0.0
AT1G70970,0.0
AT1G70980,0.18846396
AT1G70985,-0.1961057
AT1G70990,-0.04725718
AT1G71000,1.1504483
AT1G71010,0.09403241
AT1G71015,-0.02539496
AT1G71020,-0.34135172
AT1G71030,-0.21703368
AT1G71040,0.25778887
AT1G71050,-0.48556077
AT1G71060,-0.1844192
AT1G71070,-0.034124468
AT1G71080,0.047393866
AT1G71090,0.112783805
AT1G71100,1.1832985
AT1G71110,0.09423367
AT1G71120,-0.043664556
AT1G71130,-0.033787824
AT1G71140,0.54308033
AT1G71150,0.006052317
AT1G71160,0.0
AT1G71170,0.3423203
AT1G71180,-0.34505945
AT1G71190,0.15431164
AT1G71200,0.0
AT1G71210,0.22507975
AT1G71220,0.08969536
AT1G71230,0.033205755
AT1G71235,0.0
AT1G71240,-0.03689154
AT1G71250,0.067791894
AT1G71260,-0.21929005
AT1G71270,0.020034844
AT1G71280,-0.13743657
AT1G71290,0.0
AT1G71300,0.0
AT1G71310,0.032686975
AT1G71320,-0.016074775
AT1G71330,-0.1478496
AT1G71340,-0.32473764
AT1G71350,-0.11655905
AT1G71360,-0.16784592
AT1G71370,0.12208284
AT1G71380,-0.20705596
AT1G71390,0.66500276
AT1G71400,-0.12934434
AT1G71410,-0.13173671
AT1G71420,-0.042836048
AT1G71430,0.09542382
AT1G71440,0.03241441
AT1G71450,0.0
AT1G71460,-0.14887924
AT1G71470,0.0
AT1G71480,-0.17894064
AT1G71490,-0.005076115
AT1G71500,-0.33334917
AT1G71520,1.5783253
AT1G71530,1.304439
AT1G71680,0.0
AT1G71690,0.0
AT1G71691,0.0
AT1G71692,-0.04675236
AT1G71695,-0.18264408
AT1G71696,-0.125659
AT1G71697,0.5773495
AT1G71710,-0.22584206
AT1G71720,-0.3752255
AT1G71730,0.16867517
AT1G71740,-0.014502965
AT1G71750,-0.01956563
AT1G71760,-0.06953731
AT1G71770,0.15865885
AT1G71780,0.30276906
AT1G71790,-0.34816137
AT1G71800,0.06807782
AT1G71810,-0.42387244
AT1G71820,0.061015677
AT1G71830,0.32135886
AT1G71840,0.05210707
AT1G71850,-0.039906587
AT1G71860,0.05130862
AT1G71865,0.031730466
AT1G71866,0.019470116
AT1G71870,-0.46084455
AT1G71880,0.3871603
AT1G71890,0.8251568
AT1G71900,0.15104318
AT1G71910,0.26129508
AT1G71920,0.0
AT1G71930,0.12420821
AT1G71940,0.3775859
AT1G71950,0.4378337
AT1G71960,-0.0669979
AT1G71970,-0.35107553
AT1G71980,0.05633831
AT1G71990,-0.27788925
AT1G72000,0.04398793
AT1G72010,0.03506401
AT1G72020,0.38503358
AT1G72030,-0.46908116
AT1G72040,0.059005007
AT1G72050,-0.08906392
AT1G72060,-0.18560442
AT1G72070,0.441414
AT1G72080,0.13459541
AT1G72090,-0.37646523
AT1G72100,0.06345805
AT1G72110,0.0
AT1G72120,1.241225
AT1G72125,0.80372065
AT1G72130,-0.5536132
AT1G72140,0.09334249
AT1G72141,0.0
AT1G72150,-0.16450766
AT1G72160,-0.10763183
AT1G72165,0.0
AT1G72175,0.15569064
AT1G72180,-0.32079688
AT1G72190,-0.236148
AT1G72200,0.17536765
AT1G72210,-0.17855123
AT1G72220,-0.15338632
AT1G72230,-0.5683446
AT1G72240,0.17792656
AT1G72250,-0.33737543
AT1G72260,-0.29013065
AT1G72270,-0.0303349
AT1G72275,-0.099829435
AT1G72280,0.75997126
AT1G72290,0.0
AT1G72300,-0.18959172
AT1G72310,-0.19337276
AT1G72320,-0.045232195
AT1G72330,0.23944329
AT1G72340,-0.061597727
AT1G72350,0.0
AT1G72360,-0.05724169
AT1G72370,0.10871016
AT1G72390,0.12569746
AT1G72410,-0.3413931
AT1G72416,-0.24372269
AT1G72420,-0.22624142
AT1G72430,-0.03528184
AT1G72440,-0.12625276
AT1G72450,-0.3791179
AT1G72460,0.0
AT1G72470,0.11924387
AT1G72480,-0.23257609
AT1G72490,0.018199146
AT1G72500,-0.46301207
AT1G72510,-0.32113877
AT1G72520,1.1739234
AT1G72530,-0.10010552
AT1G72540,0.6407268
AT1G72545,0.0
AT1G72550,0.0047082626
AT1G72560,-0.10692329
AT1G72570,-0.016074775
AT1G72580,0.0
AT1G72590,0.0
AT1G72600,-0.47544533
AT1G72610,-0.27602643
AT1G72620,0.019282516
AT1G72630,-0.18929534
AT1G72640,-0.533926
AT1G72645,-0.5553974
AT1G72650,-0.28624722
AT1G72660,-0.048920963
AT1G72670,0.5403872
AT1G72680,1.107459
AT1G72690,0.14959885
AT1G72700,0.67789906
AT1G72710,0.10545489
AT1G72720,-0.025599107
AT1G72730,0.3415948
AT1G72740,-0.0033762818
AT1G72750,0.27323136
AT1G72755,0.0
AT1G72760,0.26378068
AT1G72770,0.28120917
AT1G72790,0.16574618
AT1G72800,0.8963772
AT1G72810,-0.43203387
AT1G72820,-0.2044212
AT1G72830,-0.07973681
AT1G72840,-0.095683135
AT1G72850,0.07975389
AT1G72860,-0.29504865
AT1G72870,-0.16885974
AT1G72880,0.046744883
AT1G72890,0.48398793
AT1G72900,1.2375106
AT1G72910,0.69171387
AT1G72920,0.7081317
AT1G72930,0.5240785
AT1G72940,0.5121405
AT1G72950,0.46273512
AT1G72960,0.111648805
AT1G72970,0.1082347
AT1G72980,0.053486217
AT1G72990,-0.09223688
AT1G73000,0.07098934
AT1G73010,1.29139
AT1G73020,-0.36031562
AT1G73030,0.09046844
AT1G73040,-0.42787036
AT1G73050,-0.02373016
AT1G73060,-0.1976202
AT1G73065,0.0
AT1G73066,0.06406602
AT1G73080,0.589328
AT1G73090,-0.24042201
AT1G73100,-0.25423667
AT1G73110,-0.5266474
AT1G73120,-0.013417798
AT1G73130,-0.07411668
AT1G73140,0.1741697
AT1G73150,0.12374604
AT1G73160,0.0
AT1G73165,0.027913155
AT1G73170,-0.27211738
AT1G73177,-0.027000045
AT1G73180,0.021409992
AT1G73190,0.0
AT1G73200,0.034887612
AT1G73210,-0.13706367
AT1G73220,0.120199054
AT1G73230,-0.0033644014
AT1G73240,0.09661786
AT1G73250,0.21160643
AT1G73260,4.350011
AT1G73270,0.017651385
AT1G73280,0.0
AT1G73290,0.0
AT1G73300,0.02014644
AT1G73310,-0.37676707
AT1G73325,-0.6331105
AT1G73330,-0.30415845
AT1G73340,0.077980936
AT1G73350,-0.069996335
AT1G73360,-0.27980608
AT1G73370,-0.3915917
AT1G73380,-0.10806502
AT1G73390,0.02671153
AT1G73400,-0.22954088
AT1G73410,0.34084067
AT1G73430,0.12906441
AT1G73440,-0.049724646
AT1G73450,-0.2069802
AT1G73460,-0.067745775
AT1G73470,-0.21577157
AT1G73480,0.18133721
AT1G73490,-0.056104016
AT1G73500,0.444919
AT1G73510,0.17318426
AT1G73530,-0.18540111
AT1G73540,0.30568078
AT1G73550,0.05363404
AT1G73560,0.0
AT1G73570,-0.34790915
AT1G73580,0.0033953402
AT1G73590,-0.55179846
AT1G73600,0.13419478
AT1G73603,0.0814889
AT1G73607,0.01517929
AT1G73610,1.0861822
AT1G73620,0.027668417
AT1G73630,0.025528517
AT1G73640,-0.109936334
AT1G73655,-0.23072113
AT1G73660,-0.25817758
AT1G73670,0.16392915
AT1G73680,-0.21107051
AT1G73690,-0.24138668
AT1G73700,-0.5199665
AT1G73710,-0.14540373
AT1G73720,-0.07162927
AT1G73730,0.19300123
AT1G73740,0.45090255
AT1G73750,0.28570879
AT1G73760,0.08270503
AT1G73770,0.13190642
AT1G73780,0.045165002
AT1G73790,0.16569605
AT1G73805,1.0823722
AT1G73810,1.7900164
AT1G73820,0.040082406
AT1G73830,-0.5663697
AT1G73840,-0.046675548
AT1G73850,-0.4024416
AT1G73860,0.08410979
AT1G73870,-0.8764299
AT1G73875,-0.07450992
AT1G73880,0.9231384
AT1G73885,-0.25777477
AT1G73890,0.0
AT1G73910,-0.04042903
AT1G73920,0.3578095
AT1G73930,-0.22543043
AT1G73940,-0.1970045
AT1G73950,-0.1645858
AT1G73960,-0.19717823
AT1G73965,0.3194659
AT1G73970,-0.19266123
AT1G73980,-0.097024776
AT1G73990,-0.15075955
AT1G74000,1.8730183
AT1G74010,2.3694088
AT1G74020,2.0301173
AT1G74030,0.91583055
AT1G74035,0.0
AT1G74040,-0.27645442
AT1G74045,0.0
AT1G74050,0.009408802
AT1G74055,-0.06276762
AT1G74060,-0.0040718564
AT1G74070,-0.66691595
AT1G74080,2.1707315
AT1G74088,-0.3823321
AT1G74090,-0.36508685
AT1G74100,0.35333982
AT1G74110,0.0
AT1G74120,-0.26515967
AT1G74130,-0.014502965
AT1G74140,0.067735225
AT1G74150,-0.13787174
AT1G74160,-0.34727466
AT1G74170,-0.24235491
AT1G74180,-0.28528962
AT1G74190,0.21024847
AT1G74200,0.12253312
AT1G74210,0.02715593
AT1G74220,0.0
AT1G74230,0.11893038
AT1G74240,0.0858516
AT1G74250,0.07011677
AT1G74260,-0.023116512
AT1G74270,0.12301806
AT1G74280,0.21784651
AT1G74290,-0.05347945
AT1G74300,0.010203283
AT1G74310,1.014294
AT1G74320,0.028230123
AT1G74330,0.28856015
AT1G74340,0.4648326
AT1G74350,0.05112059
AT1G74360,1.6515285
AT1G74370,-0.17949
AT1G74380,-0.05590602
AT1G74385,0.0
AT1G74390,-0.33664942
AT1G74400,0.2453357
AT1G74410,0.050840985
AT1G74420,-0.2813244
AT1G74430,-0.8051552
AT1G74440,0.38119984
AT1G74450,0.17003264
AT1G74458,0.005580188
AT1G74460,0.22401258
AT1G74470,-0.4329618
AT1G74480,0.0
AT1G74490,0.1930313
AT1G74500,0.0
AT1G74510,-0.10126182
AT1G74520,-0.26691264
AT1G74530,-0.19675332
AT1G74540,-0.014502965
AT1G74550,0.10406668
AT1G74560,-0.17079653
AT1G74580,-0.25447604
AT1G74590,1.6507518
AT1G74600,-0.034011822
AT1G74620,0.0
AT1G74630,-0.24847491
AT1G74640,0.5188079
AT1G74650,-0.4208864
AT1G74660,-0.006383278
AT1G74670,-1.0006101
AT1G74675,-0.009126973
AT1G74680,-0.10455882
AT1G74690,-0.4815435
AT1G74700,-0.15085605
AT1G74710,0.3066978
AT1G74720,-0.22730412
AT1G74740,0.051042628
AT1G74750,0.52401924
AT1G74770,0.25126514
AT1G74780,-0.024457365
AT1G74790,0.7596331
AT1G74800,-0.34550807
AT1G74810,-0.3022084
AT1G74820,0.0
AT1G74830,0.0049671503
AT1G74840,-0.19852424
AT1G74850,-0.18973751
AT1G74860,-0.031782303
AT1G74870,0.0020834077
AT1G74875,-0.028597089
AT1G74880,-0.7092864
AT1G74890,0.017367983
AT1G74900,0.0850123
AT1G74910,-0.08919767
AT1G74920,-0.08407282
AT1G74929,0.0
AT1G74930,-0.2969687
AT1G74940,-0.5331221
AT1G74950,-0.15406725
AT1G74960,-0.015457414
AT1G74970,-0.22269572
AT1G74990,0.01517929
AT1G75000,1.3468659
AT1G75010,-0.27638155
AT1G75020,0.46449658
AT1G75030,0.24599934
AT1G75040,0.27059606
AT1G75050,0.0
AT1G75060,-0.1972286
AT1G75080,-0.064401016
AT1G75090,-0.1839754
AT1G75100,-0.40338588
AT1G75110,-0.035557523
AT1G75120,-0.24535014
AT1G75125,-0.2423936
AT1G75130,0.000225862
AT1G75140,-0.19518292
AT1G75150,-0.32310417
AT1G75160,0.0
AT1G75170,0.9624263
AT1G75180,-0.1288082
AT1G75190,-0.42330328
AT1G75200,0.2699403
AT1G75210,-0.047837157
AT1G75220,0.75269693
AT1G75230,0.11178731
AT1G75240,-0.54670036
AT1G75250,-0.31171474
AT1G75260,-0.16575094
AT1G75270,0.52830696
AT1G75280,-0.5406754
AT1G75290,-0.015040636
AT1G75300,-0.393107
AT1G75310,-0.3327515
AT1G75330,0.124237776
AT1G75335,0.08394732
AT1G75340,-0.18587945
AT1G75350,-0.22820894
AT1G75360,0.026340233
AT1G75370,0.008519837
AT1G75380,-0.44846508
AT1G75390,-0.042961977
AT1G75400,0.22361049
AT1G75410,0.021320045
AT1G75420,-0.30631602
AT1G75430,0.0
AT1G75440,-0.21420927
AT1G75450,-0.11609789
AT1G75460,-0.28805307
AT1G75470,-0.001818732
AT1G75490,-0.28374064
AT1G75500,-0.56460166
AT1G75510,-0.0028766294
AT1G75520,0.032345206
AT1G75530,0.0
AT1G75540,-0.05602711
AT1G75560,0.27782506
AT1G75580,0.12446741
AT1G75590,-0.25354603
AT1G75600,0.18289104
AT1G75620,-0.29579097
AT1G75630,0.054114074
AT1G75660,0.005056741
AT1G75670,0.16177478
AT1G75680,-0.3830124
AT1G75690,-0.33080757
AT1G75700,0.16418973
AT1G75710,-0.3353829
AT1G75717,0.0
AT1G75720,-0.21018276
AT1G75730,-0.04430302
AT1G75750,0.83415544
AT1G75760,-0.07577027
AT1G75780,-0.34298038
AT1G75785,0.0
AT1G75790,0.0
AT1G75800,-0.32502168
AT1G75810,0.17866495
AT1G75820,-0.36627614
AT1G75830,0.19936101
AT1G75840,-0.03591836
AT1G75850,0.061319545
AT1G75860,0.16020624
AT1G75870,0.0
AT1G75880,-0.38302103
AT1G75890,-0.028549487
AT1G75900,0.23424144
AT1G75910,0.0
AT1G75920,0.041161094
AT1G75930,0.0
AT1G75940,0.0
AT1G75945,0.038012378
AT1G75950,0.31216562
AT1G75960,-0.012959144
AT1G75980,-0.07487568
AT1G75990,0.076921515
AT1G76010,-0.04607657
AT1G76020,-0.13458002
AT1G76030,0.032914173
AT1G76040,0.32602975
AT1G76050,-0.03490435
AT1G76060,0.28102523
AT1G76065,0.12607686
AT1G76070,1.1848865
AT1G76080,-0.1636967
AT1G76090,0.26887533
AT1G76100,-0.23880878
AT1G76110,-0.3405595
AT1G76120,-0.265373
AT1G76130,0.23317245
AT1G76140,0.16917735
AT1G76150,0.5556788
AT1G76160,0.07396557
AT1G76170,-0.0522962
AT1G76180,0.16204454
AT1G76185,-0.08410908
AT1G76190,-0.009126973
AT1G76200,0.20881508
AT1G76210,0.019470116
AT1G76220,-0.012102955
AT1G76230,-0.00089548406
AT1G76240,-0.68362844
AT1G76250,-0.058177717
AT1G76260,0.0025321238
AT1G76270,-0.1880159
AT1G76280,-0.29123968
AT1G76290,0.0
AT1G76300,-0.041113265
AT1G76310,-0.3714006
AT1G76320,-0.19210285
AT1G76340,0.036828518
AT1G76350,-0.43098238
AT1G76360,-0.0058198352
AT1G76370,0.0
AT1G76380,-0.1631335
AT1G76390,0.8266865
AT1G76400,-0.025125986
AT1G76405,-0.17731363
AT1G76410,0.3928532
AT1G76420,-0.009126973
AT1G76430,0.05487539
AT1G76440,-0.16482061
AT1G76450,-0.38377842
AT1G76460,-0.20083828
AT1G76465,0.0
AT1G76470,2.216194
AT1G76480,0.19442403
AT1G76490,0.27548045
AT1G76500,-0.0090793725
AT1G76510,0.02631444
AT1G76520,0.23083928
AT1G76530,-0.25430298
AT1G76540,-0.16742338
AT1G76550,0.093029045
AT1G76560,0.3601093
AT1G76570,-0.29115176
AT1G76580,0.18076472
AT1G76590,-0.018108286
AT1G76600,1.6083171
AT1G76610,-0.316307
AT1G76620,0.0645999
AT1G76630,-0.16635704
AT1G76640,0.18265957
AT1G76650,2.3535788
AT1G76660,-0.11463452
AT1G76670,-0.098888956
AT1G76680,0.5878292
AT1G76690,0.49844423
AT1G76700,0.23382902
AT1G76705,-0.071717106
AT1G76710,-0.34121913
AT1G76720,-0.5727397
AT1G76728,0.0
AT1G76730,-0.2936019
AT1G76740,-0.40898326
AT1G76750,0.0
AT1G76760,0.16945799
AT1G76770,0.016852759
AT1G76780,-0.42516434
AT1G76790,-0.29236418
AT1G76800,-0.372488
AT1G76810,-0.06948058
AT1G76820,-0.39473873
AT1G76830,0.0
AT1G76840,0.0
AT1G76850,-0.06594786
AT1G76860,-0.034547243
AT1G76870,0.026811393
AT1G76880,-0.35983977
AT1G76890,-0.35783887
AT1G76900,0.14469036
AT1G76910,0.0
AT1G76920,0.22343265
AT1G76930,1.4169022
AT1G76940,0.08152575
AT1G76950,0.02039155
AT1G76952,-0.11409182
AT1G76954,0.0
AT1G76955,-0.38274175
AT1G76960,0.39196783
AT1G76965,0.14518677
AT1G76970,0.62494284
AT1G76980,0.7368997
AT1G76990,-0.4991064
AT1G76994,0.0
AT1G77000,0.6360187
AT1G77010,-0.042059317
AT1G77020,-0.102211386
AT1G77030,0.043658778
AT1G77060,-0.16879447
AT1G77080,-0.12712586
AT1G77090,-0.342936
AT1G77093,0.0
AT1G77100,0.01517929
AT1G77110,-0.45711753
AT1G77120,0.84232193
AT1G77122,-0.20231184
AT1G77130,0.19587424
AT1G77140,0.07561926
AT1G77145,0.7241003
AT1G77150,0.01517929
AT1G77160,0.11489938
AT1G77170,-0.020655261
AT1G77180,0.02034364
AT1G77200,0.124470346
AT1G77210,-0.15531412
AT1G77220,0.22541569
AT1G77230,-0.15633784
AT1G77240,0.75149494
AT1G77260,-0.023988716
AT1G77270,-0.40014338
AT1G77280,-0.05060675
AT1G77290,-0.2104467
AT1G77300,0.11139456
AT1G77310,-0.005854002
AT1G77320,-0.11191783
AT1G77330,-0.45872295
AT1G77340,0.018056797
AT1G77350,-0.026270224
AT1G77360,0.01923004
AT1G77370,0.4032892
AT1G77380,1.5809102
AT1G77390,0.093525745
AT1G77400,-0.13999954
AT1G77405,0.26091313
AT1G77410,-0.10788291
AT1G77420,0.14994848
AT1G77440,0.16318902
AT1G77450,0.60832155
AT1G77460,-0.11452389
AT1G77470,-0.17158122
AT1G77480,-0.18167143
AT1G77490,-0.55024946
AT1G77500,1.2010361
AT1G77510,0.6439261
AT1G77520,0.0006763258
AT1G77525,0.0
AT1G77530,0.0
AT1G77540,0.24059132
AT1G77550,-0.09163526
AT1G77570,0.023934571
AT1G77580,-1.1238055
AT1G77590,0.038912404
AT1G77600,-0.30681747
AT1G77610,0.019974634
AT1G77620,-0.31662282
AT1G77630,-0.33724293
AT1G77640,0.64548856
AT1G77650,0.0
AT1G77655,0.0
AT1G77660,-0.09382777
AT1G77670,0.020564854
AT1G77680,0.3794833
AT1G77682,0.0
AT1G77690,-0.23814055
AT1G77700,-0.058356643
AT1G77710,0.27040017
AT1G77720,-0.13116167
AT1G77730,0.09475412
AT1G77740,0.02232335
AT1G77750,0.045195144
AT1G77760,1.144589
AT1G77765,-0.129205
AT1G77770,0.68297654
AT1G77780,0.0
AT1G77790,0.0
AT1G77800,-0.07950412
AT1G77810,0.6402216
AT1G77815,0.0
AT1G77830,0.0
AT1G77840,0.5282396
AT1G77850,-0.029544024
AT1G77855,-0.21248761
AT1G77860,0.041434642
AT1G77870,-0.120451495
AT1G77880,0.07795172
AT1G77885,-0.17186038
AT1G77890,0.7187507
AT1G77910,0.0
AT1G77920,0.08854426
AT1G77930,-0.1278939
AT1G77932,0.0
AT1G77940,0.19585256
AT1G77950,0.0
AT1G77960,-0.22124673
AT1G77980,0.0
AT1G77990,-0.42699164
AT1G78000,0.15899222
AT1G78010,-0.25041023
AT1G78020,-0.8245337
AT1G78030,-0.04187536
AT1G78040,-0.10622323
AT1G78050,0.94919634
AT1G78060,-0.41968355
AT1G78070,-0.05906262
AT1G78080,0.16592534
AT1G78090,-0.092892274
AT1G78100,-0.35213155
AT1G78110,-0.37686306
AT1G78120,0.044685837
AT1G78130,-0.2659479
AT1G78140,-0.038654596
AT1G78150,-0.15171699
AT1G78160,0.0
AT1G78170,-0.6342415
AT1G78172,0.0220533
AT1G78180,-0.3544616
AT1G78190,-0.25158384
AT1G78200,-0.08696959
AT1G78210,0.08419903
AT1G78220,0.0
AT1G78230,0.20892525
AT1G78240,-0.2722194
AT1G78260,-0.19487314
AT1G78270,-0.51989555
AT1G78280,0.29723293
AT1G78290,-0.7692323
AT1G78300,0.1058757
AT1G78310,0.3301767
AT1G78320,-0.2701646
AT1G78340,-0.01646952
AT1G78360,0.0
AT1G78370,-1.0244828
AT1G78380,0.89721805
AT1G78390,-0.026355838
AT1G78400,0.0
AT1G78410,0.8833505
AT1G78420,0.07944545
AT1G78430,-0.32227218
AT1G78440,-0.028597089
AT1G78450,-0.54325104
AT1G78460,-0.8872983
AT1G78470,0.0
AT1G78476,-0.08888006
AT1G78480,0.034076113
AT1G78490,-0.48889226
AT1G78500,0.0
AT1G78510,-0.14276192
AT1G78520,0.0
AT1G78530,-0.19240993
AT1G78540,-0.2104192
AT1G78550,0.063155435
AT1G78560,-0.108072124
AT1G78570,0.7660574
AT1G78580,-0.55936944
AT1G78590,0.0725394
AT1G78600,0.21822593
AT1G78610,0.42129773
AT1G78620,0.29828608
AT1G78630,-0.31566685
AT1G78635,0.0
AT1G78640,0.0
AT1G78650,-0.23217285
AT1G78660,0.04356794
AT1G78670,-0.003991332
AT1G78680,-0.1081544
AT1G78690,-0.09737085
AT1G78700,-0.11918191
AT1G78710,0.43088093
AT1G78720,0.40856802
AT1G78730,0.030692272
AT1G78740,0.0
AT1G78750,-0.255599
AT1G78760,-0.0271255
AT1G78770,-0.012669072
AT1G78780,0.9692508
AT1G78790,0.023004701
AT1G78800,0.1014259
AT1G78810,-0.038868077
AT1G78815,-0.03164881
AT1G78820,-0.20017014
AT1G78830,0.79994816
AT1G78840,0.020703105
AT1G78850,0.9951303
AT1G78860,0.020245524
AT1G78870,0.03592115
AT1G78880,-0.15220542
AT1G78890,0.25822064
AT1G78895,0.15737514
AT1G78900,0.29348138
AT1G78910,-0.12964381
AT1G78915,-0.3764691
AT1G78920,0.111564435
AT1G78922,0.019470116
AT1G78930,0.19781506
AT1G78940,0.15324095
AT1G78950,-0.20951389
AT1G78955,-0.10016981
AT1G78960,-0.085251875
AT1G78970,-0.26363015
AT1G78980,0.0
AT1G78990,-0.09067921
AT1G78995,-0.70737624
AT1G79000,0.028274454
AT1G79010,0.1796362
AT1G79020,0.040982727
AT1G79030,-0.32670093
AT1G79040,-0.43653345
AT1G79050,0.06354892
AT1G79060,-0.3086525
AT1G79070,-0.12701759
AT1G79080,0.030891843
AT1G79090,0.03323282
AT1G79100,-0.028597089
AT1G79103,-0.014502965
AT1G79110,-0.78132576
AT1G79120,-0.099660054
AT1G79130,0.025972597
AT1G79150,-0.03792555
AT1G79160,0.3524392
AT1G79170,0.0
AT1G79180,0.46003067
AT1G79190,0.10436071
AT1G79200,-0.099561706
AT1G79210,0.2923344
AT1G79220,-0.25448942
AT1G79230,0.14789627
AT1G79250,0.0
AT1G79260,0.012770388
AT1G79270,0.020267041
AT1G79280,-0.12343947
AT1G79310,0.035956815
AT1G79320,-0.03157307
AT1G79330,0.019470116
AT1G79340,0.1868064
AT1G79350,0.031710353
AT1G79360,0.4682916
AT1G79370,0.0
AT1G79380,-0.07237139
AT1G79390,-0.12043628
AT1G79400,0.019470116
AT1G79410,0.72244
AT1G79420,-0.007745165
AT1G79430,0.050975364
AT1G79440,0.3252364
AT1G79450,2.0977829
AT1G79460,-0.03547219
AT1G79470,0.10760813
AT1G79480,-0.2461064
AT1G79485,0.0
AT1G79490,-0.064806364
AT1G79500,-0.40044367
AT1G79510,-0.16431154
AT1G79520,0.5151123
AT1G79530,0.3059427
AT1G79540,0.0024368276
AT1G79550,0.30234763
AT1G79560,-0.22166131
AT1G79570,0.21775655
AT1G79580,0.01517929
AT1G79590,0.043652844
AT1G79600,0.18792915
AT1G79610,0.3929966
AT1G79620,-0.18146598
AT1G79630,-0.22043355
AT1G79640,-0.27647045
AT1G79650,0.036210638
AT1G79660,0.19401503
AT1G79670,0.029008558
AT1G79680,1.9688636
AT1G79690,0.24724916
AT1G79700,-0.20323896
AT1G79710,0.11104961
AT1G79720,-0.42105907
AT1G79730,0.07907218
AT1G79740,-0.16931123
AT1G79750,0.13568448
AT1G79760,-0.5431786
AT1G79770,-0.47763225
AT1G79780,-0.013417798
AT1G79790,-0.19548626
AT1G79800,0.0
AT1G79810,-0.012664621
AT1G79820,-0.17296521
AT1G79830,-0.12475403
AT1G79840,-0.32752284
AT1G79850,-0.13671705
AT1G79860,0.0
AT1G79870,-0.04356838
AT1G79880,-0.3631025
AT1G79890,-0.18379465
AT1G79900,1.4414697
AT1G79910,-0.2201916
AT1G79915,-0.02668166
AT1G79920,0.06576044
AT1G79930,0.24558078
AT1G79940,0.08774691
AT1G79950,-0.01399965
AT1G79960,-0.014841785
AT1G79970,0.22901718
AT1G79985,0.25248605
AT1G79990,-0.12489348
AT1G80000,0.088722296
AT1G80010,-0.033058748
AT1G80030,-0.26246297
AT1G80040,0.06334168
AT1G80050,0.013935599
AT1G80060,-0.17069179
AT1G80070,-0.010623208
AT1G80080,0.14299905
AT1G80090,0.0
AT1G80100,0.0
AT1G80110,0.23573568
AT1G80120,0.14413935
AT1G80130,-0.8694345
AT1G80133,0.0
AT1G80140,0.0
AT1G80150,-0.06832478
AT1G80160,2.2203116
AT1G80165,0.1841064
AT1G80170,-0.20489067
AT1G80180,-0.21877399
AT1G80190,0.024883633
AT1G80200,-0.062415533
AT1G80210,-0.16775046
AT1G80220,0.0
AT1G80230,0.2955623
AT1G80240,0.047844067
AT1G80245,0.2010535
AT1G80260,-0.37904194
AT1G80270,-0.1886626
AT1G80280,-0.4676062
AT1G80290,0.19838175
AT1G80300,0.7449663
AT1G80310,0.13361599
AT1G80315,-0.26806724
AT1G80320,0.4648758
AT1G80330,0.0
AT1G80340,0.0
AT1G80350,-0.12695178
AT1G80360,0.3928403
AT1G80370,-0.038286548
AT1G80380,0.004936453
AT1G80390,0.0
AT1G80400,-0.08110124
AT1G80410,0.013921998
AT1G80420,-0.08864073
AT1G80440,-0.08192916
AT1G80450,0.6920492
AT1G80460,0.22876409
AT1G80470,0.0
AT1G80480,-0.09452159
AT1G80490,-0.14344196
AT1G80500,0.125206
AT1G80510,0.57603335
AT1G80520,-0.22874333
AT1G80525,0.0
AT1G80530,-0.19477436
AT1G80540,0.01517929
AT1G80550,-0.09915727
AT1G80555,0.023065584
AT1G80560,-0.07324372
AT1G80570,-0.1579432
AT1G80580,0.10053827
AT1G80590,0.88666517
AT1G80600,0.0065711634
AT1G80610,0.200796
AT1G80620,0.056232255
AT1G80625,0.0
AT1G80630,0.015681382
AT1G80640,-0.5702621
AT1G80650,-0.11050617
AT1G80660,-0.24220702
AT1G80670,0.025896255
AT1G80680,-0.10837252
AT1G80690,-0.4952804
AT1G80700,-0.0976257
AT1G80710,0.22661702
AT1G80720,0.021292277
AT1G80730,0.038306925
AT1G80740,0.0
AT1G80745,-0.10147265
AT1G80750,0.038750105
AT1G80760,-0.40949675
AT1G80770,-0.057094403
AT1G80780,-0.22522575
AT1G80790,-0.42142648
AT1G80810,-0.25894082
AT1G80820,1.76328
AT1G80830,0.49730748
AT1G80840,0.9898949
AT1G80850,-0.3013446
AT1G80860,-0.04410606
AT1G80865,0.0
AT1G80870,-0.5648122
AT1G80880,0.008284373
AT1G80890,-0.12439748
AT1G80900,-0.33056742
AT1G80910,-0.14015296
AT1G80920,-0.26925796
AT1G80930,-0.19252199
AT1G80940,-0.140999
AT1G80950,0.32759514
AT1G80960,-0.029110488
AT1G80970,-0.20249864
AT1G80980,-0.52964103
AT1G80990,0.0
AT2G01008,0.43852937
AT2G01021,0.0
AT2G01023,0.0
AT2G01035,0.0
AT2G01050,0.0
AT2G01060,0.14598651
AT2G01070,-0.4075224
AT2G01080,-0.11330943
AT2G01090,-0.22538663
AT2G01100,0.012612329
AT2G01110,-0.060594603
AT2G01120,-0.14451432
AT2G01130,-0.22262135
AT2G01140,0.26535973
AT2G01150,-0.37299743
AT2G01170,0.023708504
AT2G01175,-0.19862218
AT2G01180,1.0314592
AT2G01190,0.14433712
AT2G01200,-0.06183763
AT2G01210,-0.2753541
AT2G01220,-0.103933126
AT2G01240,0.0
AT2G01250,0.12882969
AT2G01260,-0.0972914
AT2G01270,-0.002148557
AT2G01275,0.06617502
AT2G01280,-0.021878047
AT2G01290,-0.0373894
AT2G01300,0.7007631
AT2G01310,-0.20005898
AT2G01320,-0.06807973
AT2G01330,-0.025613762
AT2G01340,0.8614812
AT2G01350,0.2005281
AT2G01360,0.0
AT2G01370,0.0
AT2G01379,0.8908121
AT2G01390,-0.21879129
AT2G01400,-0.21723676
AT2G01410,0.16251819
AT2G01420,-0.522274
AT2G01430,0.018654408
AT2G01440,-0.06914125
AT2G01450,0.10561627
AT2G01460,0.14780246
AT2G01470,0.25530642
AT2G01480,0.1573288
AT2G01490,0.34451053
AT2G01500,0.0
AT2G01505,-0.68809557
AT2G01510,-0.050509553
AT2G01520,0.0
AT2G01530,0.20753427
AT2G01540,0.58728874
AT2G01554,0.0
AT2G01560,0.01517929
AT2G01570,-0.3293832
AT2G01580,-0.04230479
AT2G01590,-0.48989397
AT2G01600,0.22938648
AT2G01610,0.17713012
AT2G01620,-0.3528265
AT2G01630,-0.4135028
AT2G01640,-0.019558629
AT2G01650,0.18195052
AT2G01660,-0.44062677
AT2G01667,0.0
AT2G01670,0.1402676
AT2G01680,-0.07120606
AT2G01690,0.023739465
AT2G01710,-0.013341329
AT2G01720,0.062239863
AT2G01730,-0.09090188
AT2G01735,-0.09749989
AT2G01740,-0.24632576
AT2G01750,-0.02236205
AT2G01755,-0.30026385
AT2G01760,-0.3769801
AT2G01770,0.0
AT2G01780,0.01517929
AT2G01790,0.0
AT2G01800,0.0
AT2G01810,0.04427093
AT2G01818,-0.15841536
AT2G01820,-0.027345074
AT2G01830,0.022051333
AT2G01850,0.17319126
AT2G01860,0.1564485
AT2G01870,-0.21918565
AT2G01880,0.0
AT2G01890,1.9194682
AT2G01900,0.0
AT2G01905,-0.102076136
AT2G01910,-0.26087165
AT2G01913,-0.40008047
AT2G01918,-0.34229442
AT2G01920,0.48645115
AT2G01930,-0.116142824
AT2G01940,-0.22505778
AT2G01950,-0.2243031
AT2G01960,0.0
AT2G01970,0.21129069
AT2G01980,-0.05102883
AT2G01990,-0.5445326
AT2G02000,0.0
AT2G02010,1.5284019
AT2G02020,-0.89858365
AT2G02023,0.0
AT2G02026,0.0
AT2G02030,0.0
AT2G02040,0.42089358
AT2G02050,0.28686476
AT2G02060,0.36346743
AT2G02061,0.4142754
AT2G02070,-0.25375667
AT2G02080,-0.21976951
AT2G02090,-0.015220494
AT2G02100,-0.10769395
AT2G02103,0.0
AT2G02120,-0.11799464
AT2G02130,-0.2407098
AT2G02135,0.0
AT2G02140,0.0
AT2G02147,0.0
AT2G02148,0.04331771
AT2G02150,-0.09820455
AT2G02160,-0.15974747
AT2G02170,-0.46266666
AT2G02180,0.20397988
AT2G02220,0.23608312
AT2G02230,-0.26716608
AT2G02240,0.16331042
AT2G02250,-0.020997291
AT2G02270,0.0
AT2G02280,0.0
AT2G02290,0.0
AT2G02300,0.0
AT2G02310,0.7871796
AT2G02320,0.18265957
AT2G02340,0.2725166
AT2G02350,0.42864725
AT2G02360,0.18543288
AT2G02370,0.26620713
AT2G02380,-0.068153754
AT2G02390,0.82963
AT2G02400,0.020917667
AT2G02410,-0.2163158
AT2G02440,0.0
AT2G02450,-0.27515993
AT2G02455,0.07700709
AT2G02470,-0.11623262
AT2G02480,-0.14802167
AT2G02490,0.019470116
AT2G02493,0.0
AT2G02497,0.019470116
AT2G02498,0.0
AT2G02500,-0.48327175
AT2G02510,0.34888676
AT2G02515,0.0
AT2G02520,-0.04230479
AT2G02525,0.0
AT2G02540,0.005499405
AT2G02550,0.0
AT2G02560,-0.034135852
AT2G02570,-0.20736663
AT2G02580,0.08229486
AT2G02590,-0.023293877
AT2G02610,0.0
AT2G02620,0.0
AT2G02630,-0.03164881
AT2G02635,0.0
AT2G02640,0.0
AT2G02650,0.0
AT2G02660,0.0
AT2G02680,0.0
AT2G02690,0.0
AT2G02695,0.0
AT2G02700,0.0
AT2G02710,0.59319973
AT2G02720,-0.058379564
AT2G02730,0.08729336
AT2G02740,0.120958194
AT2G02750,-0.0016499757
AT2G02760,0.19705361
AT2G02765,-0.3129559
AT2G02770,0.0
AT2G02780,-0.4435356
AT2G02790,-0.4263355
AT2G02795,0.0
AT2G02800,-0.121268936
AT2G02810,0.84665614
AT2G02820,-0.21020617
AT2G02835,0.0
AT2G02840,0.0
AT2G02850,0.43633744
AT2G02860,0.7494671
AT2G02870,0.7620764
AT2G02880,0.19441643
AT2G02890,0.0
AT2G02910,-0.28127432
AT2G02930,0.11480928
AT2G02950,-0.29083654
AT2G02955,-0.022874558
AT2G02960,0.08776823
AT2G02970,0.16821882
AT2G02980,-0.34119835
AT2G02990,0.8719835
AT2G03000,0.019470116
AT2G03010,-0.045445513
AT2G03020,0.0
AT2G03030,0.0
AT2G03040,-0.014502965
AT2G03050,0.10524346
AT2G03060,-0.15712062
AT2G03070,0.053209133
AT2G03090,-0.35573223
AT2G03110,-0.05576616
AT2G03120,0.15340266
AT2G03130,0.0
AT2G03140,-0.1514221
AT2G03150,-0.0025209154
AT2G03160,0.038306925
AT2G03170,0.0
AT2G03180,0.0
AT2G03190,0.0
AT2G03200,-0.05122194
AT2G03210,-0.058379564
AT2G03220,0.023394965
AT2G03230,-0.00089548406
AT2G03240,0.010906902
AT2G03250,0.049300194
AT2G03260,-0.03027469
AT2G03270,0.16973126
AT2G03280,-0.07996121
AT2G03290,0.0049671503
AT2G03300,0.0
AT2G03310,-0.3617656
AT2G03320,0.0
AT2G03330,-0.07649951
AT2G03340,-0.3027932
AT2G03350,-0.3285361
AT2G03360,1.2024478
AT2G03370,-0.014502965
AT2G03380,-0.0843112
AT2G03390,-0.22781785
AT2G03410,0.9719749
AT2G03420,-0.5482529
AT2G03430,-0.011210606
AT2G03440,-0.2860339
AT2G03450,0.23352945
AT2G03460,0.01517929
AT2G03470,0.11325691
AT2G03480,-0.2543177
AT2G03500,-0.10568589
AT2G03505,0.7861086
AT2G03510,0.37680706
AT2G03520,0.0
AT2G03530,-0.4214369
AT2G03550,-0.19360612
AT2G03560,-0.11844767
AT2G03565,0.0
AT2G03567,0.0
AT2G03570,0.0
AT2G03580,0.038306925
AT2G03590,-0.6094785
AT2G03600,-0.013417798
AT2G03610,0.0
AT2G03620,0.00064086646
AT2G03630,0.0
AT2G03640,0.16777082
AT2G03667,0.06561193
AT2G03670,0.027136246
AT2G03680,0.13339739
AT2G03690,0.18524002
AT2G03710,-0.36907032
AT2G03720,-0.014502965
AT2G03730,-0.13745952
AT2G03740,0.034649406
AT2G03750,-0.58560735
AT2G03760,1.3189411
AT2G03770,-0.06017016
AT2G03780,-0.18342619
AT2G03800,0.339364
AT2G03810,-0.13641928
AT2G03820,0.10595707
AT2G03821,0.0
AT2G03822,0.0
AT2G03823,0.0
AT2G03830,0.056265503
AT2G03840,0.0
AT2G03850,1.5615442
AT2G03870,0.0063622827
AT2G03880,-0.11738799
AT2G03890,-0.19929603
AT2G03913,0.0
AT2G03930,0.0
AT2G03931,0.0
AT2G03932,0.0
AT2G03933,0.0
AT2G03936,0.0
AT2G03937,0.0
AT2G03955,0.0
AT2G03965,0.0006763258
AT2G03980,0.23540363
AT2G04020,0.0
AT2G04025,0.057684936
AT2G04030,0.075444944
AT2G04031,0.0
AT2G04032,-0.27933177
AT2G04033,0.0
AT2G04034,0.0
AT2G04037,0.0
AT2G04038,0.015327114
AT2G04039,-0.68330264
AT2G04040,1.0424693
AT2G04041,0.0
AT2G04045,0.0
AT2G04046,0.01517929
AT2G04050,-0.20793232
AT2G04060,0.0
AT2G04062,0.0
AT2G04063,0.0
AT2G04066,0.020895094
AT2G04070,0.23190965
AT2G04080,0.095304236
AT2G04090,0.0
AT2G04100,1.480196
AT2G04115,0.01517929
AT2G04137,0.0
AT2G04160,0.48659194
AT2G04170,-0.28333023
AT2G04190,1.3775091
AT2G04220,0.0
AT2G04230,-0.31319097
AT2G04235,-0.18721409
AT2G04240,-0.25641763
AT2G04270,-0.3636982
AT2G04280,-0.25101528
AT2G04300,0.0
AT2G04305,0.30723754
AT2G04340,-0.16491267
AT2G04350,0.26400152
AT2G04360,-0.052739695
AT2G04378,-0.26959184
AT2G04380,0.033848133
AT2G04390,0.23751533
AT2G04395,-0.039696164
AT2G04400,1.232304
AT2G04410,0.09685545
AT2G04420,0.006995402
AT2G04425,0.0
AT2G04430,0.22521913
AT2G04440,0.0
AT2G04450,0.5947743
AT2G04480,0.0
AT2G04495,0.47885883
AT2G04500,0.040475562
AT2G04515,0.39276046
AT2G04520,0.09054764
AT2G04530,0.20792998
AT2G04540,-0.06845904
AT2G04550,0.2633484
AT2G04560,-0.112333335
AT2G04570,0.04327459
AT2G04620,0.18548241
AT2G04621,0.019470116
AT2G04622,0.0
AT2G04630,-0.00148203
AT2G04650,0.093588516
AT2G04660,-0.26516393
AT2G04675,0.0
AT2G04680,0.019470116
AT2G04690,-0.14642765
AT2G04700,-0.15294553
AT2G04740,0.121295966
AT2G04750,0.0
AT2G04780,-0.15493049
AT2G04790,-0.7357451
AT2G04795,-0.080751926
AT2G04800,0.0
AT2G04810,0.0
AT2G04830,0.0
AT2G04840,0.0
AT2G04842,-0.31792766
AT2G04845,-0.12970941
AT2G04850,-0.30436793
AT2G04860,-0.010471901
AT2G04865,-0.06466458
AT2G04870,0.0
AT2G04880,-0.004535495
AT2G04890,-0.017661974
AT2G04900,0.26946992
AT2G04910,0.0
AT2G04920,0.0
AT2G04925,-0.03890945
AT2G04930,0.0
AT2G04940,-0.16570961
AT2G05050,0.0
AT2G05060,-0.03164881
AT2G05070,-0.44027522
AT2G05100,-0.2705988
AT2G05105,0.0
AT2G05117,0.0
AT2G05120,-0.10016276
AT2G05140,0.0
AT2G05160,0.038372543
AT2G05170,-0.027983434
AT2G05180,-0.03157307
AT2G05210,-0.4950358
AT2G05220,0.18206249
AT2G05230,-0.045778416
AT2G05260,0.45133093
AT2G05270,0.0
AT2G05294,0.0
AT2G05300,0.0
AT2G05310,-0.34855306
AT2G05320,0.29854816
AT2G05330,0.006095615
AT2G05335,0.0
AT2G05350,-0.014502965
AT2G05360,0.0
AT2G05370,-0.011502368
AT2G05380,0.538719
AT2G05400,0.0
AT2G05410,0.0
AT2G05420,-0.016074775
AT2G05430,0.0
AT2G05440,1.6669732
AT2G05510,0.7521468
AT2G05520,0.2520721
AT2G05530,0.0
AT2G05540,0.7417916
AT2G05580,-0.03057774
AT2G05590,-0.13715014
AT2G05600,0.0
AT2G05620,-0.3343206
AT2G05630,0.21840245
AT2G05632,-0.20880891
AT2G05635,-0.028597089
AT2G05642,0.0
AT2G05645,0.0
AT2G05655,0.0
AT2G05710,0.27079636
AT2G05720,0.0
AT2G05752,0.0
AT2G05753,0.0
AT2G05755,-0.11963274
AT2G05760,-0.3192587
AT2G05786,0.0
AT2G05790,-0.6924028
AT2G05810,-0.32687894
AT2G05830,-0.14276482
AT2G05840,0.13936898
AT2G05850,0.0
AT2G05900,0.0
AT2G05910,1.2795346
AT2G05915,0.0
AT2G05920,-0.44498828
AT2G05940,0.590222
AT2G05970,0.0
AT2G05990,-0.0033226155
AT2G06000,-0.12603213
AT2G06005,-0.025532417
AT2G06010,-0.16283847
AT2G06020,0.0
AT2G06025,0.05164384
AT2G06040,-0.17910692
AT2G06050,0.3111929
AT2G06090,0.0
AT2G06095,0.0
AT2G06105,0.0
AT2G06166,0.0
AT2G06200,0.0
AT2G06210,-0.19169173
AT2G06255,0.07449389
AT2G06265,0.0
AT2G06420,0.0147642465
AT2G06425,0.0033953402
AT2G06500,0.0
AT2G06510,0.087053426
AT2G06520,-0.34553415
AT2G06530,0.13202515
AT2G06541,0.0
AT2G06555,-0.016074775
AT2G06565,0.0
AT2G06570,0.0
AT2G06645,0.0
AT2G06667,0.0
AT2G06675,0.0
AT2G06845,0.0
AT2G06850,-0.4904937
AT2G06904,0.0
AT2G06906,0.0
AT2G06908,0.0
AT2G06925,-0.3418678
AT2G06960,0.0
AT2G06983,0.0
AT2G06990,0.014372931
AT2G07000,-0.021105925
AT2G07020,0.0
AT2G07040,0.0
AT2G07050,-0.11661721
AT2G07110,0.0
AT2G07120,0.0
AT2G07140,0.011886426
AT2G07170,0.0013437427
AT2G07180,-0.07883336
AT2G07190,0.0
AT2G07200,0.0
AT2G07215,0.0
AT2G07240,-0.01646952
AT2G07280,0.0
AT2G07290,0.0
AT2G07310,0.0
AT2G07340,-0.138549
AT2G07360,0.053878028
AT2G07440,0.0
AT2G07505,0.0
AT2G07560,0.0
AT2G07565,0.0
AT2G07599,-0.08749567
AT2G07613,0.0
AT2G07621,0.006052317
AT2G07623,0.0
AT2G07625,0.034649406
AT2G07626,0.0
AT2G07627,0.0
AT2G07628,0.0012329897
AT2G07629,0.11809969
AT2G07631,0.0
AT2G07632,0.01517929
AT2G07633,0.037603337
AT2G07634,0.0
AT2G07636,-0.014502965
AT2G07637,0.06434306
AT2G07638,-0.05087429
AT2G07640,0.0
AT2G07641,-0.016074775
AT2G07642,0.0
AT2G07643,-0.008425293
AT2G07644,0.023803962
AT2G07646,0.05655034
AT2G07648,-0.0104955565
AT2G07652,0.007345689
AT2G07654,-0.011955133
AT2G07655,0.01517929
AT2G07656,0.019470116
AT2G07658,0.0401966
AT2G07659,-0.012178695
AT2G07661,0.01517929
AT2G07662,-0.045825955
AT2G07665,0.019470116
AT2G07667,-0.20963074
AT2G07669,0.25086367
AT2G07674,-0.025708184
AT2G07676,0.1012403
AT2G07678,0.2175823
AT2G07680,-0.45815003
AT2G07681,0.06852221
AT2G07684,0.0
AT2G07689,0.2744851
AT2G07690,-0.028585544
AT2G07698,0.46074697
AT2G07705,0.058751177
AT2G07706,-0.19995241
AT2G07714,0.0
AT2G07715,0.15178727
AT2G07721,0.10941902
AT2G07728,-0.008445434
AT2G07732,0.19557242
AT2G07738,0.0040716664
AT2G07749,0.021575568
AT2G07750,0.0
AT2G07751,0.0
AT2G07760,0.0
AT2G07768,0.0
AT2G07772,0.025101442
AT2G07773,-0.08783319
AT2G07774,-0.19906949
AT2G07775,0.08057357
AT2G07777,-0.007090347
AT2G07779,0.23428138
AT2G07787,0.06885455
AT2G07795,0.089616746
AT2G07798,0.20710965
AT2G07800,0.0
AT2G07806,0.1668246
AT2G07810,0.0
AT2G07815,0.041030955
AT2G07820,0.019470116
AT2G07825,0.18914472
AT2G07827,-0.014502965
AT2G07830,0.0
AT2G07835,0.19149294
AT2G07981,0.0
AT2G08986,0.0
AT2G09388,0.0
AT2G09838,0.0
AT2G09840,0.0
AT2G09970,-0.014502965
AT2G09990,0.1514112
AT2G10020,0.0
AT2G10025,0.0
AT2G10260,0.0
AT2G10440,0.27091345
AT2G10450,0.0
AT2G10455,0.0
AT2G10535,0.0
AT2G10545,0.0
AT2G10550,0.0
AT2G10553,0.0
AT2G10556,0.0
AT2G10557,0.0
AT2G10560,0.0
AT2G10602,0.0
AT2G10608,0.0
AT2G10615,0.0
AT2G10625,0.0
AT2G10920,0.0
AT2G10930,0.0052746716
AT2G10940,-0.89076036
AT2G10950,0.112804785
AT2G10955,0.0
AT2G10965,0.0
AT2G10970,-0.016074775
AT2G10975,-0.100290634
AT2G11000,-0.096360415
AT2G11005,0.0
AT2G11010,0.0
AT2G11015,0.0
AT2G11025,0.01517929
AT2G11035,0.0006763258
AT2G11045,0.0
AT2G11200,0.0
AT2G11205,0.0
AT2G11215,0.0
AT2G11225,-0.20453762
AT2G11270,0.04427093
AT2G11271,0.0
AT2G11405,0.0
AT2G11462,0.0
AT2G11520,0.34271902
AT2G11522,-0.04230479
AT2G11570,0.0
AT2G11620,-0.014502965
AT2G11623,0.0
AT2G11626,0.0
AT2G11773,0.0
AT2G11778,-0.013417798
AT2G11810,-0.27859694
AT2G11815,0.0
AT2G11851,-0.014502965
AT2G11890,0.105722286
AT2G11891,0.041485112
AT2G11910,-0.3187126
AT2G12170,-0.26566693
AT2G12190,-0.29923674
AT2G12200,0.0
AT2G12205,0.0
AT2G12280,0.0
AT2G12290,0.0
AT2G12400,-0.25076544
AT2G12405,0.0
AT2G12461,0.008992972
AT2G12462,-0.39072874
AT2G12465,0.0
AT2G12475,0.0
AT2G12480,-0.03041582
AT2G12550,0.07604813
AT2G12646,0.0
AT2G12875,0.0
AT2G12880,0.0
AT2G12900,0.0
AT2G12905,0.12344503
AT2G12935,0.0
AT2G12940,0.0
AT2G12945,0.0
AT2G13100,-0.082029045
AT2G13105,0.0
AT2G13125,0.0
AT2G13126,0.0
AT2G13150,0.0
AT2G13275,0.04398793
AT2G13290,-0.09093961
AT2G13295,0.0
AT2G13350,0.0
AT2G13360,-0.26144066
AT2G13370,-0.09993074
AT2G13420,0.0
AT2G13422,0.0
AT2G13430,0.0
AT2G13440,-0.38357654
AT2G13450,-0.021938972
AT2G13463,0.0
AT2G13500,0.0
AT2G13510,0.0
AT2G13540,-0.23139572
AT2G13542,0.0
AT2G13547,0.07175475
AT2G13550,-0.084783
AT2G13555,0.0
AT2G13560,-0.04615887
AT2G13570,0.025972597
AT2G13600,-0.08289087
AT2G13610,-0.21761656
AT2G13620,0.0
AT2G13630,0.0
AT2G13640,0.19771466
AT2G13650,0.54403687
AT2G13660,-0.26460594
AT2G13680,0.026134519
AT2G13690,-0.2940717
AT2G13720,0.0
AT2G13760,-0.046076033
AT2G13770,0.038306925
AT2G13790,0.462871
AT2G13800,0.018844415
AT2G13810,0.3108993
AT2G13820,-0.046160635
AT2G13840,-0.056827325
AT2G13845,0.0
AT2G13895,0.0
AT2G13900,0.0
AT2G13905,0.0
AT2G13950,0.0
AT2G13960,0.042105123
AT2G13965,-0.014502965
AT2G13980,0.0
AT2G13985,0.0
AT2G14000,0.0
AT2G14045,-0.07544296
AT2G14050,-0.34302384
AT2G14060,0.0
AT2G14070,0.11104415
AT2G14095,0.10125513
AT2G14100,0.053486217
AT2G14110,0.17951748
AT2G14120,0.13735227
AT2G14160,0.089415886
AT2G14170,0.35216543
AT2G14210,0.21523483
AT2G14247,0.04398793
AT2G14255,0.024137743
AT2G14260,0.009424903
AT2G14265,0.0
AT2G14270,0.0
AT2G14282,0.0
AT2G14285,0.02693422
AT2G14288,0.0
AT2G14289,0.0
AT2G14290,0.82917833
AT2G14365,0.0
AT2G14378,0.0
AT2G14390,0.0
AT2G14395,0.0
AT2G14440,0.0
AT2G14460,-0.017806264
AT2G14500,0.0
AT2G14510,0.0
AT2G14520,-0.26325306
AT2G14530,-0.109904215
AT2G14540,0.0
AT2G14560,0.6439433
AT2G14580,0.0
AT2G14610,1.884646
AT2G14620,2.2653065
AT2G14635,0.01517929
AT2G14660,-0.17574069
AT2G14670,0.0
AT2G14680,-0.14459935
AT2G14690,0.0
AT2G14692,0.0
AT2G14695,0.0
AT2G14700,0.0
AT2G14710,0.0
AT2G14720,0.10158479
AT2G14740,-0.08810145
AT2G14750,-0.28537092
AT2G14755,0.0
AT2G14760,0.0
AT2G14765,0.0
AT2G14775,-0.12634802
AT2G14800,-0.09166594
AT2G14810,0.0
AT2G14820,0.0
AT2G14825,0.09508204
AT2G14830,-0.014502965
AT2G14835,0.05225575
AT2G14846,0.0
AT2G14850,0.053935107
AT2G14860,-0.4317286
AT2G14870,0.0
AT2G14880,-0.03600188
AT2G14890,-0.36527717
AT2G14900,-0.46364382
AT2G14910,-0.12155211
AT2G14920,0.0
AT2G14935,0.0
AT2G14945,0.0
AT2G14960,0.0
AT2G15000,0.024516208
AT2G15010,0.0
AT2G15020,-1.1035616
AT2G15025,0.0
AT2G15029,0.0
AT2G15040,0.0
AT2G15050,-0.594332
AT2G15080,-0.14016716
AT2G15090,0.03392754
AT2G15110,0.0
AT2G15130,-0.15184808
AT2G15170,-0.014502965
AT2G15180,0.0
AT2G15185,0.0
AT2G15220,2.4845343
AT2G15230,-0.051438447
AT2G15240,-0.017932564
AT2G15260,0.0
AT2G15270,-0.060721826
AT2G15280,-0.2710275
AT2G15290,-0.013369104
AT2G15300,-0.037072066
AT2G15310,0.3517371
AT2G15318,-0.07914938
AT2G15320,0.08519569
AT2G15325,0.0
AT2G15327,0.0
AT2G15340,0.14671451
AT2G15345,0.0
AT2G15350,0.0
AT2G15360,0.0
AT2G15370,0.0
AT2G15390,0.8974497
AT2G15400,-0.04424392
AT2G15420,0.0
AT2G15430,0.15558092
AT2G15440,-0.33771762
AT2G15450,0.0
AT2G15460,0.0
AT2G15470,0.0
AT2G15480,1.2372711
AT2G15490,2.6285949
AT2G15500,0.0
AT2G15530,-0.14801659
AT2G15535,0.0
AT2G15560,-0.05282812
AT2G15570,0.29585487
AT2G15580,-0.008965974
AT2G15590,0.0
AT2G15610,0.0
AT2G15620,0.4076567
AT2G15630,-0.025433231
AT2G15640,0.0
AT2G15660,0.0
AT2G15670,0.0
AT2G15680,0.053947795
AT2G15690,0.011638714
AT2G15695,0.029679125
AT2G15710,0.0
AT2G15730,0.3833628
AT2G15740,0.0
AT2G15760,1.2449517
AT2G15770,0.01517929
AT2G15780,2.080451
AT2G15790,-0.16322583
AT2G15820,-0.10156073
AT2G15830,0.2643006
AT2G15860,-0.004588101
AT2G15880,0.07325864
AT2G15890,-0.016175
AT2G15900,-0.07336272
AT2G15910,0.15485889
AT2G15960,0.10877514
AT2G15970,0.11893072
AT2G15980,-0.13192382
AT2G16005,0.0
AT2G16015,0.0
AT2G16016,0.0
AT2G16018,0.0
AT2G16019,0.0
AT2G16020,0.0
AT2G16030,0.0
AT2G16040,0.0
AT2G16050,0.028468078
AT2G16060,0.29700854
AT2G16070,-0.0055965893
AT2G16090,-0.051851787
AT2G16120,0.0
AT2G16130,0.0
AT2G16190,0.01517929
AT2G16200,0.0
AT2G16210,0.0
AT2G16220,0.0
AT2G16225,0.0
AT2G16230,0.019470116
AT2G16250,-0.17109837
AT2G16260,0.0
AT2G16270,-0.2678161
AT2G16280,-0.29243535
AT2G16290,0.0
AT2G16300,0.0
AT2G16340,0.0
AT2G16360,0.0
AT2G16365,-0.07654959
AT2G16370,-0.22665356
AT2G16380,-0.33542275
AT2G16385,0.015327114
AT2G16390,-0.36087203
AT2G16400,-0.16271605
AT2G16405,-0.061312787
AT2G16430,0.101854466
AT2G16440,0.22324046
AT2G16450,-0.046151776
AT2G16460,0.28220695
AT2G16485,-0.044372115
AT2G16490,0.0
AT2G16500,0.4126357
AT2G16505,0.01517929
AT2G16510,0.48315847
AT2G16520,0.0
AT2G16530,0.34061378
AT2G16535,0.0
AT2G16570,-0.12955655
AT2G16575,0.0
AT2G16580,-0.059325337
AT2G16586,0.2693
AT2G16592,0.0
AT2G16594,0.0
AT2G16595,0.26442775
AT2G16600,0.2909976
AT2G16620,0.0
AT2G16630,0.22374688
AT2G16640,-0.15317333
AT2G16650,-0.04597879
AT2G16660,1.3826356
AT2G16676,-0.0556467
AT2G16700,1.069849
AT2G16710,0.82187426
AT2G16720,0.3351626
AT2G16730,0.0
AT2G16740,0.24965365
AT2G16750,-0.46706003
AT2G16760,0.31312224
AT2G16770,-0.038192995
AT2G16780,0.03070589
AT2G16790,1.2072787
AT2G16800,0.07381821
AT2G16810,0.0
AT2G16835,0.0
AT2G16850,-0.37720668
AT2G16860,-0.20748831
AT2G16870,0.38315898
AT2G16880,-0.37445554
AT2G16890,-0.16147913
AT2G16900,0.487321
AT2G16910,-0.014502965
AT2G16920,-0.08462609
AT2G16930,0.13068542
AT2G16940,-0.22689644
AT2G16950,0.15053548
AT2G16953,0.0
AT2G16960,0.0
AT2G16970,0.0
AT2G16980,-0.08109451
AT2G16990,-0.38720945
AT2G17000,0.0
AT2G17010,-0.091212235
AT2G17020,-0.0057738284
AT2G17030,-0.09513832
AT2G17033,-0.06384387
AT2G17036,-0.26530427
AT2G17040,0.073936425
AT2G17043,0.0
AT2G17050,-0.16276352
AT2G17055,-0.026974011
AT2G17060,-0.20150429
AT2G17070,0.0
AT2G17080,0.0
AT2G17090,0.0
AT2G17110,-0.13579962
AT2G17120,0.6625695
AT2G17130,0.49279737
AT2G17140,-0.1125565
AT2G17150,-0.37553766
AT2G17160,0.0
AT2G17170,0.0
AT2G17180,0.02983008
AT2G17190,0.22209565
AT2G17200,0.20688482
AT2G17210,-0.12213182
AT2G17220,0.82858676
AT2G17230,0.042139154
AT2G17240,0.13556626
AT2G17250,0.10655823
AT2G17260,-0.2636583
AT2G17265,-0.027631503
AT2G17270,-0.047218915
AT2G17280,0.29016522
AT2G17290,0.23613605
AT2G17300,-0.60397583
AT2G17305,0.0
AT2G17310,0.0
AT2G17320,-0.3097559
AT2G17330,0.0
AT2G17340,-0.3654277
AT2G17350,-0.039480217
AT2G17360,0.019569697
AT2G17370,0.042677455
AT2G17380,0.1366356
AT2G17390,-0.05293484
AT2G17410,-0.079318754
AT2G17420,0.5049308
AT2G17430,-0.07806933
AT2G17440,0.23100333
AT2G17442,-0.27875257
AT2G17450,0.14407656
AT2G17470,-0.17219059
AT2G17480,0.15623578
AT2G17500,2.644304
AT2G17510,-0.032247998
AT2G17520,0.14745086
AT2G17525,-0.2832923
AT2G17530,-0.013417647
AT2G17540,-0.12686993
AT2G17550,-0.040180374
AT2G17560,0.09119414
AT2G17570,-0.019399354
AT2G17580,-0.10126516
AT2G17590,0.0
AT2G17600,0.0
AT2G17620,0.017651385
AT2G17630,0.49584007
AT2G17640,0.07604509
AT2G17650,-0.121041
AT2G17660,0.069947265
AT2G17670,-0.0039308844
AT2G17680,0.0
AT2G17690,-0.05242789
AT2G17695,-0.35404155
AT2G17700,-0.19551668
AT2G17705,0.70952886
AT2G17710,-1.0421389
AT2G17720,0.8126698
AT2G17723,0.0
AT2G17730,0.5465849
AT2G17740,0.20761813
AT2G17750,0.0
AT2G17760,0.88783866
AT2G17770,-0.077912405
AT2G17780,-0.25227892
AT2G17785,0.0
AT2G17787,-0.17838854
AT2G17790,0.26573926
AT2G17800,-0.12256961
AT2G17820,-0.20500271
AT2G17830,-0.040011294
AT2G17840,0.51635593
AT2G17845,0.0
AT2G17850,0.0
AT2G17860,0.0033953402
AT2G17870,0.2062948
AT2G17880,-0.22383727
AT2G17890,0.0
AT2G17900,0.059162375
AT2G17905,0.0
AT2G17920,-0.016074775
AT2G17930,-0.0030468877
AT2G17940,-0.100290634
AT2G17950,0.0
AT2G17960,0.0
AT2G17970,-0.3543286
AT2G17972,-0.34149075
AT2G17975,-0.14662866
AT2G17980,-0.035440817
AT2G17990,-0.24272619
AT2G18000,0.051385008
AT2G18010,-0.11525273
AT2G18020,0.15131165
AT2G18025,0.0
AT2G18030,0.15698947
AT2G18040,-0.0059787757
AT2G18050,-0.0019494302
AT2G18060,0.08562228
AT2G18070,0.0
AT2G18080,0.0
AT2G18090,0.33587283
AT2G18100,-0.13648936
AT2G18110,0.026500486
AT2G18120,-0.3797044
AT2G18130,0.0
AT2G18140,0.0
AT2G18150,0.021760829
AT2G18160,-0.27998438
AT2G18170,0.47836682
AT2G18180,0.1278777
AT2G18190,-0.01626866
AT2G18193,-0.5530938
AT2G18196,-0.1791187
AT2G18200,0.01517929
AT2G18210,0.73039407
AT2G18220,0.1438924
AT2G18230,-0.65479225
AT2G18240,0.17687489
AT2G18245,-0.15486787
AT2G18250,-0.17680278
AT2G18260,-0.30999976
AT2G18270,0.0
AT2G18280,-0.012379726
AT2G18290,-0.25141364
AT2G18300,-0.5174479
AT2G18320,-0.016074775
AT2G18328,-0.728148
AT2G18330,0.024053004
AT2G18340,-0.013417798
AT2G18350,0.04361569
AT2G18360,0.0
AT2G18370,0.07241787
AT2G18380,-0.133948
AT2G18390,-0.034646988
AT2G18400,-0.0048138774
AT2G18410,-0.08284665
AT2G18420,0.0
AT2G18450,0.0
AT2G18460,0.0
AT2G18465,0.00912145
AT2G18470,0.013755304
AT2G18480,-0.060476743
AT2G18490,0.0
AT2G18500,-0.036346406
AT2G18510,0.084374115
AT2G18520,0.04402979
AT2G18530,0.0
AT2G18540,0.0
AT2G18550,0.1571466
AT2G18560,-0.18551001
AT2G18570,-0.38334695
AT2G18590,0.0
AT2G18600,-0.054748967
AT2G18620,-0.043740295
AT2G18630,-0.3849655
AT2G18640,0.0
AT2G18650,-0.1340915
AT2G18660,1.2800316
AT2G18670,-0.07076318
AT2G18680,1.4901152
AT2G18685,0.0
AT2G18690,2.2134268
AT2G18700,0.32922137
AT2G18710,-0.2600308
AT2G18720,0.12842324
AT2G18721,0.0
AT2G18730,0.02937874
AT2G18740,0.1014899
AT2G18750,-0.030967126
AT2G18760,-0.2006733
AT2G18770,-0.02499866
AT2G18780,-0.10666012
AT2G18790,-0.0148738595
AT2G18800,0.0
AT2G18810,0.0
AT2G18830,0.0
AT2G18840,0.1510503
AT2G18850,-0.29851282
AT2G18860,-0.21837537
AT2G18870,0.0
AT2G18876,-0.33397573
AT2G18880,0.0
AT2G18890,-0.4022066
AT2G18900,0.1907577
AT2G18910,-0.48384213
AT2G18915,0.036243457
AT2G18920,0.0
AT2G18938,0.02014644
AT2G18940,-0.16075227
AT2G18950,1.0320566
AT2G18960,0.17540678
AT2G18969,-0.36596826
AT2G18970,-0.016074775
AT2G18980,0.04895508
AT2G18990,-0.036889732
AT2G19000,0.0
AT2G19010,0.0
AT2G19020,0.0
AT2G19030,0.0
AT2G19040,0.0
AT2G19045,0.0
AT2G19050,0.0
AT2G19060,0.0
AT2G19070,0.0
AT2G19080,-0.06023557
AT2G19090,-0.42236534
AT2G19110,-0.15683824
AT2G19120,-0.04258932
AT2G19130,0.17484118
AT2G19146,0.0
AT2G19150,-0.001818732
AT2G19160,0.5470111
AT2G19170,-0.551835
AT2G19180,0.17383893
AT2G19190,0.124231756
AT2G19200,0.0
AT2G19210,0.0
AT2G19220,0.0
AT2G19230,0.0
AT2G19240,0.10466975
AT2G19260,-0.30436578
AT2G19270,0.14751744
AT2G19280,-0.32653344
AT2G19290,0.0
AT2G19300,0.0
AT2G19310,-0.14874344
AT2G19320,0.02983008
AT2G19330,0.02983008
AT2G19340,0.0027270948
AT2G19350,0.27635726
AT2G19360,0.0
AT2G19365,0.0
AT2G19380,0.052200157
AT2G19385,0.22737569
AT2G19390,0.00068716897
AT2G19400,-0.42501864
AT2G19410,0.0
AT2G19420,0.0
AT2G19430,-0.174257
AT2G19440,0.0
AT2G19450,0.52712333
AT2G19460,-0.24056931
AT2G19470,0.11262193
AT2G19480,-0.12655969
AT2G19490,0.17528477
AT2G19500,1.4178408
AT2G19510,0.0
AT2G19520,-0.11987053
AT2G19530,0.025712123
AT2G19540,0.12301835
AT2G19550,0.0
AT2G19560,0.26114607
AT2G19570,1.5212295
AT2G19580,-0.10252165
AT2G19590,-0.03890945
AT2G19600,-0.063518494
AT2G19610,0.0
AT2G19620,-0.39745224
AT2G19630,0.0
AT2G19640,0.2705602
AT2G19650,-0.6105321
AT2G19660,-0.04416922
AT2G19670,0.16899252
AT2G19680,-0.06521154
AT2G19690,-0.006195654
AT2G19700,-0.014502965
AT2G19710,0.58716017
AT2G19720,-0.33821645
AT2G19730,0.268588
AT2G19740,0.09627852
AT2G19750,0.08130523
AT2G19760,0.24628101
AT2G19770,0.01517929
AT2G19780,-0.2545322
AT2G19790,-0.010716551
AT2G19800,0.82769537
AT2G19802,0.0
AT2G19810,-0.101374395
AT2G19820,0.0
AT2G19830,-0.028025698
AT2G19850,0.0
AT2G19860,-0.20321101
AT2G19870,0.23063463
AT2G19880,0.54537773
AT2G19890,0.04895508
AT2G19893,0.0
AT2G19900,0.379265
AT2G19910,-0.23441291
AT2G19920,-0.15520942
AT2G19930,-0.44936773
AT2G19940,-0.19010095
AT2G19950,0.20407039
AT2G19960,0.21056862
AT2G19970,0.68734974
AT2G19980,-0.014502965
AT2G19990,0.30376187
AT2G20000,-0.16847175
AT2G20010,0.63057804
AT2G20020,-0.09281251
AT2G20030,0.16889368
AT2G20050,-0.14176917
AT2G20060,0.019778518
AT2G20070,0.0
AT2G20080,0.0
AT2G20100,-0.38957003
AT2G20110,0.52250165
AT2G20120,0.02793672
AT2G20130,0.19167359
AT2G20140,0.17692673
AT2G20142,0.74841535
AT2G20150,0.08046063
AT2G20160,0.0
AT2G20170,0.01517929
AT2G20180,-0.39569363
AT2G20190,-0.1331128
AT2G20208,0.0
AT2G20210,-0.30342656
AT2G20230,0.06341891
AT2G20240,-0.19835322
AT2G20250,-0.21902694
AT2G20260,-0.22426336
AT2G20270,-0.025216732
AT2G20280,-0.06500021
AT2G20290,-0.27144384
AT2G20300,-0.3827236
AT2G20310,0.0060988627
AT2G20320,0.32688722
AT2G20330,-0.060852386
AT2G20340,-0.5323131
AT2G20350,0.019470116
AT2G20360,0.24844946
AT2G20362,0.003609876
AT2G20370,0.095647536
AT2G20380,0.0
AT2G20390,0.19316663
AT2G20400,-0.05877332
AT2G20410,0.17943014
AT2G20420,0.22677216
AT2G20430,0.0
AT2G20440,-0.13145418
AT2G20450,0.018254789
AT2G20463,0.0
AT2G20465,0.0
AT2G20470,0.023655282
AT2G20480,0.10814111
AT2G20490,0.021948999
AT2G20495,-0.10309859
AT2G20500,0.25292858
AT2G20510,-0.03057774
AT2G20515,-0.267714
AT2G20520,0.0
AT2G20530,-0.02358805
AT2G20540,-0.20376627
AT2G20550,-0.18542573
AT2G20560,0.44104862
AT2G20562,0.3150124
AT2G20570,-0.54194677
AT2G20580,0.024143891
AT2G20585,0.14465182
AT2G20590,-0.09552025
AT2G20595,0.0
AT2G20597,0.019470116
AT2G20605,0.0
AT2G20610,0.057508696
AT2G20613,0.0
AT2G20616,0.0
AT2G20618,0.0
AT2G20619,0.0
AT2G20620,0.0
AT2G20625,0.0
AT2G20630,0.066051684
AT2G20635,-0.35824606
AT2G20650,-0.16507524
AT2G20660,0.0
AT2G20670,0.09253243
AT2G20680,-0.47064528
AT2G20690,0.007436768
AT2G20700,-0.33362174
AT2G20710,-0.09642654
AT2G20720,-0.20803854
AT2G20725,-0.047609698
AT2G20740,0.06568732
AT2G20750,-0.42289892
AT2G20760,0.28512475
AT2G20770,0.15185326
AT2G20780,0.13651384
AT2G20784,0.0
AT2G20790,0.12769522
AT2G20800,-0.29819047
AT2G20805,0.0
AT2G20810,0.079909354
AT2G20815,-0.18451819
AT2G20820,0.2796069
AT2G20825,1.3573087
AT2G20830,0.12728807
AT2G20835,-0.0075190286
AT2G20840,-0.1263606
AT2G20850,-0.16573839
AT2G20860,0.046725873
AT2G20870,-0.0847166
AT2G20873,0.0
AT2G20875,-0.05804096
AT2G20880,1.2340446
AT2G20890,-0.22129652
AT2G20900,0.10697387
AT2G20920,0.09928224
AT2G20921,0.019470116
AT2G20930,-0.0250286
AT2G20940,0.017367199
AT2G20950,-0.10265186
AT2G20960,0.18645488
AT2G20970,0.019470116
AT2G20980,-0.06454672
AT2G20990,-0.007483716
AT2G21010,0.0
AT2G21030,0.0
AT2G21040,0.0
AT2G21045,0.0
AT2G21050,-0.64887255
AT2G21060,0.23028933
AT2G21070,-0.1449039
AT2G21080,-0.5940811
AT2G21090,-0.07098282
AT2G21100,0.36629707
AT2G21110,0.0
AT2G21120,0.04005969
AT2G21130,0.4639662
AT2G21140,1.1222154
AT2G21150,-0.043021295
AT2G21160,0.28331652
AT2G21170,-0.2004472
AT2G21180,0.3880539
AT2G21185,-0.052316092
AT2G21190,0.42985752
AT2G21195,-0.21213062
AT2G21200,-0.19556507
AT2G21210,-0.37765524
AT2G21220,-0.075656034
AT2G21230,0.04620974
AT2G21235,0.0
AT2G21237,0.0
AT2G21240,0.13369596
AT2G21250,-0.2528093
AT2G21260,-0.07173729
AT2G21270,0.12903637
AT2G21280,-0.30822194
AT2G21290,0.075207725
AT2G21300,-0.28788546
AT2G21320,-0.23538017
AT2G21330,-0.66250867
AT2G21340,-0.35770288
AT2G21350,0.29260534
AT2G21370,-0.5257698
AT2G21380,-0.36999807
AT2G21385,-0.43609622
AT2G21390,0.07976241
AT2G21400,0.0
AT2G21410,0.03454159
AT2G21420,-0.04230479
AT2G21430,0.50422394
AT2G21440,-0.025581967
AT2G21450,0.0
AT2G21455,0.0
AT2G21465,0.0
AT2G21470,0.18473643
AT2G21480,0.0
AT2G21490,-0.006451817
AT2G21500,0.20111209
AT2G21510,1.1642106
AT2G21520,0.18041359
AT2G21530,-0.5008447
AT2G21540,-0.07359616
AT2G21550,-0.24312282
AT2G21560,-0.41653243
AT2G21580,0.27979985
AT2G21590,-0.40233856
AT2G21595,0.0
AT2G21600,0.111103505
AT2G21610,0.4581059
AT2G21620,0.8636244
AT2G21630,-0.06905128
AT2G21640,0.16039228
AT2G21650,-1.0251764
AT2G21655,0.0
AT2G21660,0.39359343
AT2G21680,0.0
AT2G21690,0.0
AT2G21710,-0.34255537
AT2G21720,0.0
AT2G21725,0.0
AT2G21727,0.0
AT2G21730,-0.21889609
AT2G21740,0.0
AT2G21750,0.0
AT2G21770,-0.17903584
AT2G21780,0.10572175
AT2G21790,-0.008242324
AT2G21800,-0.0016633623
AT2G21810,0.0
AT2G21820,0.16705708
AT2G21830,-0.21252397
AT2G21840,0.12615287
AT2G21850,0.33817634
AT2G21860,-0.18832445
AT2G21870,0.15940505
AT2G21880,-0.3629437
AT2G21890,-0.020831501
AT2G21900,-0.07037517
AT2G21910,0.0
AT2G21920,0.0
AT2G21930,-0.035570934
AT2G21940,-0.14958914
AT2G21950,-0.059865814
AT2G21960,-0.24832934
AT2G21970,-0.28187004
AT2G21980,0.0
AT2G21990,0.013499903
AT2G22000,-0.41710845
AT2G22010,0.050552953
AT2G22030,0.0
AT2G22040,0.0
AT2G22050,0.0
AT2G22055,0.0
AT2G22060,0.0
AT2G22070,-0.042354163
AT2G22080,-0.24594505
AT2G22088,0.0
AT2G22090,0.022139778
AT2G22100,-0.16360684
AT2G22120,-0.04280063
AT2G22121,0.0
AT2G22122,-0.16804382
AT2G22125,-0.22045459
AT2G22140,-0.065093614
AT2G22145,0.0
AT2G22155,0.0
AT2G22160,0.0
AT2G22170,-0.36263093
AT2G22180,0.0
AT2G22190,-1.0065552
AT2G22200,-0.46888205
AT2G22230,-0.31915218
AT2G22240,-0.78189534
AT2G22241,0.0
AT2G22250,0.3685229
AT2G22260,-0.26469797
AT2G22270,-0.27958375
AT2G22290,0.0
AT2G22300,0.053713582
AT2G22310,-0.12118417
AT2G22320,0.034649406
AT2G22330,-0.09416592
AT2G22340,-0.03164881
AT2G22345,0.0
AT2G22360,0.16891496
AT2G22370,0.025760073
AT2G22390,0.0
AT2G22400,-0.15059724
AT2G22410,-0.20615865
AT2G22420,0.1036641
AT2G22425,0.2697197
AT2G22426,0.0
AT2G22430,-0.083670005
AT2G22440,0.0
AT2G22450,0.05697372
AT2G22460,0.049300194
AT2G22465,0.0
AT2G22470,3.3025424
AT2G22475,0.3723625
AT2G22480,0.22563522
AT2G22490,-0.0013550784
AT2G22500,1.2173841
AT2G22510,1.0886956
AT2G22520,0.0
AT2G22530,-0.23647189
AT2G22540,-0.39628717
AT2G22560,0.89052314
AT2G22570,0.10162436
AT2G22590,0.02983008
AT2G22600,-0.033024315
AT2G22610,-0.35935262
AT2G22620,0.2290755
AT2G22630,0.038909078
AT2G22640,-0.026869647
AT2G22650,-0.037210785
AT2G22660,-0.04304079
AT2G22670,-0.38224736
AT2G22680,0.3156215
AT2G22690,0.19816998
AT2G22720,-0.1441624
AT2G22730,-0.05509962
AT2G22740,-0.2534823
AT2G22750,-0.01066287
AT2G22760,1.4391308
AT2G22770,-0.4737674
AT2G22780,0.40657172
AT2G22790,0.06939693
AT2G22795,-0.72280777
AT2G22800,-0.098292455
AT2G22805,0.0
AT2G22807,0.0
AT2G22810,-0.17093061
AT2G22820,0.0
AT2G22830,-0.40658686
AT2G22840,-0.18760052
AT2G22850,-0.34748122
AT2G22860,1.029809
AT2G22870,-0.03603723
AT2G22880,0.8018673
AT2G22890,0.044310607
AT2G22900,-0.37389928
AT2G22905,-0.066596806
AT2G22910,-0.009062068
AT2G22920,-0.46592572
AT2G22930,0.044797927
AT2G22940,0.0
AT2G22941,0.0
AT2G22942,0.0
AT2G22950,0.0
AT2G22960,0.0
AT2G22970,0.050490085
AT2G22980,-0.28286976
AT2G22990,-0.072502494
AT2G23000,0.104828194
AT2G23010,-0.36877728
AT2G23030,0.22891197
AT2G23050,0.01517929
AT2G23060,0.0
AT2G23067,0.0
AT2G23070,0.0094932085
AT2G23080,-0.1545349
AT2G23090,0.14228922
AT2G23093,-0.04201597
AT2G23096,-0.012178695
AT2G23100,-0.11559371
AT2G23110,0.38169962
AT2G23118,0.0
AT2G23120,0.45478457
AT2G23130,0.45351008
AT2G23140,-0.004502672
AT2G23142,0.0
AT2G23148,0.019470116
AT2G23150,1.2699043
AT2G23160,0.0
AT2G23170,2.3278677
AT2G23180,-0.41192585
AT2G23190,0.0
AT2G23200,0.21594022
AT2G23210,0.06817242
AT2G23220,0.0
AT2G23230,0.0
AT2G23240,0.0
AT2G23250,0.0
AT2G23260,0.17052507
AT2G23270,0.786446
AT2G23290,0.031592336
AT2G23300,-0.6141528
AT2G23310,0.22712643
AT2G23320,0.8889884
AT2G23321,0.0
AT2G23340,0.14842269
AT2G23348,-0.080736674
AT2G23350,0.17116493
AT2G23360,-0.43734935
AT2G23370,0.070097364
AT2G23380,0.2885533
AT2G23390,-0.24713291
AT2G23400,0.0
AT2G23410,-0.016074775
AT2G23420,-0.07631756
AT2G23430,-0.34182784
AT2G23440,0.0
AT2G23445,0.0
AT2G23450,0.8245663
AT2G23460,-0.1734967
AT2G23470,-0.12453617
AT2G23510,0.0
AT2G23520,-0.20680565
AT2G23530,0.0
AT2G23540,0.23745191
AT2G23550,0.015209108
AT2G23560,-0.5551053
AT2G23570,0.0
AT2G23580,0.0
AT2G23590,-0.007006945
AT2G23600,-0.57185656
AT2G23610,-0.42411205
AT2G23620,0.30270585
AT2G23630,0.0
AT2G23640,0.0
AT2G23660,0.0
AT2G23670,-0.1712934
AT2G23680,0.80878466
AT2G23690,-0.27690068
AT2G23700,-0.4810738
AT2G23740,-0.06923365
AT2G23755,-0.22056356
AT2G23760,-0.028078059
AT2G23770,0.24422422
AT2G23780,0.1758007
AT2G23790,0.5873743
AT2G23800,0.019470116
AT2G23810,1.1237457
AT2G23820,0.06203332
AT2G23830,0.4024731
AT2G23834,0.0
AT2G23840,-0.16194852
AT2G23890,0.012562556
AT2G23900,0.0
AT2G23910,0.8763841
AT2G23930,0.030018752
AT2G23940,-0.23329408
AT2G23945,0.0
AT2G23950,-0.4308701
AT2G23960,0.019470116
AT2G23970,0.057684936
AT2G23980,-0.016032372
AT2G23985,-0.08450667
AT2G23987,0.0
AT2G23990,0.0
AT2G24000,0.0
AT2G24010,-0.42015868
AT2G24020,-0.23813719
AT2G24030,-0.13324645
AT2G24040,0.21992432
AT2G24050,0.1706566
AT2G24060,-0.24011268
AT2G24070,0.06427323
AT2G24080,0.0
AT2G24090,-0.26053193
AT2G24100,0.49607977
AT2G24120,0.20348723
AT2G24130,0.26021716
AT2G24140,-0.2329274
AT2G24150,-0.48850742
AT2G24170,0.043297376
AT2G24180,1.4354038
AT2G24190,-0.32642007
AT2G24195,0.96178496
AT2G24200,0.67541414
AT2G24205,0.0
AT2G24210,0.049300194
AT2G24220,-0.2897599
AT2G24230,-0.38976648
AT2G24240,0.13061103
AT2G24250,-0.115587145
AT2G24255,0.0
AT2G24260,0.4965462
AT2G24270,-0.5486776
AT2G24280,-0.4497911
AT2G24285,0.8231746
AT2G24290,-0.13428798
AT2G24300,-0.4084229
AT2G24310,-0.07740634
AT2G24320,0.0
AT2G24330,-0.05298715
AT2G24340,0.0
AT2G24350,-0.4673564
AT2G24360,0.099937566
AT2G24370,0.0
AT2G24390,-0.33063233
AT2G24395,-0.31335813
AT2G24400,0.0
AT2G24410,0.0
AT2G24420,-0.30501395
AT2G24430,0.0
AT2G24440,-0.26384073
AT2G24450,0.0
AT2G24460,0.0742366
AT2G24470,0.0
AT2G24480,0.0
AT2G24490,0.015744263
AT2G24500,0.2173203
AT2G24510,0.0
AT2G24520,-0.23045625
AT2G24530,-0.10602579
AT2G24535,0.031159855
AT2G24540,-0.16712809
AT2G24550,0.14536604
AT2G24560,-0.016074775
AT2G24570,0.20253532
AT2G24580,-0.0555293
AT2G24590,-0.093441516
AT2G24600,0.012835124
AT2G24610,0.0
AT2G24615,0.0
AT2G24617,0.0
AT2G24620,0.0
AT2G24625,0.0
AT2G24630,-0.48559988
AT2G24640,0.15490821
AT2G24645,-0.09027189
AT2G24650,-0.46395424
AT2G24670,0.0
AT2G24680,-0.1532064
AT2G24681,0.049300194
AT2G24683,0.0
AT2G24690,-0.3618177
AT2G24692,0.0
AT2G24693,0.0
AT2G24696,0.0
AT2G24700,-0.06268577
AT2G24710,0.0
AT2G24720,0.0
AT2G24740,0.10328011
AT2G24762,-0.95523894
AT2G24765,-0.012780104
AT2G24780,0.0
AT2G24790,-0.2987279
AT2G24800,0.0
AT2G24810,0.0
AT2G24820,0.122558124
AT2G24830,-0.1910419
AT2G24840,0.0
AT2G24850,2.380288
AT2G24860,0.35560805
AT2G24870,0.021508357
AT2G24880,0.0
AT2G24940,0.08752218
AT2G24945,-0.11291437
AT2G24950,0.0
AT2G24960,-0.0018986455
AT2G24970,0.0018056048
AT2G24980,0.0
AT2G24990,0.08639612
AT2G25000,0.21279499
AT2G25010,-0.0034024
AT2G25050,-0.09843446
AT2G25055,0.0
AT2G25060,-0.15113878
AT2G25070,-0.09916057
AT2G25080,-0.33598387
AT2G25090,1.0215914
AT2G25100,-0.15889429
AT2G25110,0.3515516
AT2G25120,0.0
AT2G25125,0.0
AT2G25130,0.06345805
AT2G25140,-0.067249514
AT2G25150,-0.34398326
AT2G25160,0.0
AT2G25169,0.0
AT2G25170,-0.22648743
AT2G25180,-0.24707241
AT2G25185,0.0
AT2G25190,0.21419822
AT2G25200,-0.021359315
AT2G25210,0.12215548
AT2G25215,0.0
AT2G25220,-0.40453848
AT2G25230,0.0
AT2G25240,0.13802408
AT2G25250,-0.1052053
AT2G25260,0.18872331
AT2G25270,-0.63975966
AT2G25280,-0.042519692
AT2G25290,-0.07618509
AT2G25295,0.0
AT2G25297,0.8607887
AT2G25300,-0.02051956
AT2G25305,0.0
AT2G25310,-0.2142574
AT2G25312,0.0
AT2G25320,-0.080569975
AT2G25330,0.02908785
AT2G25340,0.0
AT2G25344,0.0
AT2G25350,-0.22781791
AT2G25355,-0.11954132
AT2G25360,0.0
AT2G25370,0.0
AT2G25409,0.0
AT2G25410,0.0
AT2G25420,-0.06341833
AT2G25430,0.047632873
AT2G25440,1.4629493
AT2G25450,1.3466388
AT2G25460,3.1358733
AT2G25470,-0.53342617
AT2G25480,-0.69582176
AT2G25482,0.0
AT2G25490,-0.05606306
AT2G25500,0.0
AT2G25510,0.6465334
AT2G25520,0.32576913
AT2G25530,0.5474533
AT2G25540,-0.10577355
AT2G25560,0.072271675
AT2G25565,0.0
AT2G25580,-0.22373505
AT2G25590,-0.3070312
AT2G25600,0.004015305
AT2G25605,-0.25541008
AT2G25610,0.32661846
AT2G25620,0.57033557
AT2G25625,0.7702385
AT2G25630,0.0
AT2G25640,-0.1125867
AT2G25650,-0.13409168
AT2G25660,0.015123801
AT2G25670,0.07111119
AT2G25680,-0.022566073
AT2G25685,0.0
AT2G25690,-0.073974006
AT2G25700,-0.016074775
AT2G25710,-0.18011197
AT2G25720,-0.26836422
AT2G25730,0.19385037
AT2G25735,0.69875693
AT2G25737,0.26618004
AT2G25740,-0.026003608
AT2G25750,0.0
AT2G25770,0.115824215
AT2G25780,-0.045610897
AT2G25790,-0.106001556
AT2G25800,-0.14123908
AT2G25810,-0.14075527
AT2G25820,-0.24573503
AT2G25830,-0.21860369
AT2G25840,-0.115312025
AT2G25850,0.006811607
AT2G25870,0.11895237
AT2G25880,0.02429171
AT2G25890,0.01517929
AT2G25900,-0.07880653
AT2G25905,0.0
AT2G25910,0.094287895
AT2G25920,-0.30835724
AT2G25930,-0.039437395
AT2G25940,0.3835929
AT2G25950,-0.19482581
AT2G25964,-0.2183654
AT2G25970,0.10293866
AT2G25980,0.0
AT2G25990,0.0
AT2G26000,-0.15898395
AT2G26010,-1.2956034
AT2G26020,-0.9459007
AT2G26030,-0.10105411
AT2G26040,-0.2906552
AT2G26050,0.0
AT2G26060,0.059880342
AT2G26070,-0.1520666
AT2G26080,-0.2837895
AT2G26100,-0.08343719
AT2G26110,-0.2998821
AT2G26120,-0.053098865
AT2G26130,0.0
AT2G26135,0.0
AT2G26140,0.07125166
AT2G26150,1.8994749
AT2G26160,0.0
AT2G26170,0.35147676
AT2G26180,-0.26090422
AT2G26190,0.25007072
AT2G26200,-0.059776116
AT2G26210,-0.046027575
AT2G26230,0.06592396
AT2G26240,0.22950155
AT2G26250,-0.10655869
AT2G26260,0.0039770813
AT2G26270,-0.15556556
AT2G26280,-0.105142735
AT2G26290,1.314755
AT2G26300,0.009724581
AT2G26310,0.4081847
AT2G26320,0.0
AT2G26330,-0.48603952
AT2G26350,0.026845492
AT2G26360,-0.21478838
AT2G26370,0.0
AT2G26380,-0.012474713
AT2G26390,0.4400724
AT2G26400,0.5720953
AT2G26410,-0.0739536
AT2G26420,0.0
AT2G26430,-0.12149807
AT2G26440,0.37604365
AT2G26450,0.01517929
AT2G26460,-0.15049821
AT2G26470,-0.13291374
AT2G26480,-0.23849732
AT2G26490,0.0
AT2G26500,-0.24321496
AT2G26510,-0.09226969
AT2G26515,-0.08534147
AT2G26520,0.02014644
AT2G26530,0.7237844
AT2G26540,-0.21245866
AT2G26550,-0.22966729
AT2G26560,1.5389156
AT2G26570,-0.01900183
AT2G26580,-0.5382303
AT2G26590,0.08467836
AT2G26600,0.113258235
AT2G26610,0.038306925
AT2G26620,0.0
AT2G26640,-0.075106256
AT2G26650,-0.030903589
AT2G26660,0.08498935
AT2G26670,0.11191244
AT2G26680,-0.0065985923
AT2G26690,0.17715588
AT2G26695,-1.1758466
AT2G26700,-0.15268804
AT2G26710,-0.66587377
AT2G26720,0.019470116
AT2G26730,-0.31562856
AT2G26740,0.2910587
AT2G26750,0.07216854
AT2G26760,-0.28653565
AT2G26770,-0.012072372
AT2G26780,0.15596235
AT2G26790,-0.050988175
AT2G26800,0.18484461
AT2G26810,-0.06373367
AT2G26820,-0.026763618
AT2G26830,0.18894708
AT2G26840,-0.31735748
AT2G26850,0.0
AT2G26860,-0.14108007
AT2G26865,0.0
AT2G26870,-0.58278215
AT2G26880,0.0
AT2G26890,0.10621375
AT2G26900,-0.29035565
AT2G26910,-0.32925534
AT2G26920,0.20700452
AT2G26930,-0.31497112
AT2G26940,0.019470116
AT2G26950,0.0
AT2G26960,0.033225417
AT2G26970,0.014540731
AT2G26975,-0.16805607
AT2G26980,0.64694
AT2G26990,0.034034334
AT2G27000,0.071736336
AT2G27010,0.0
AT2G27020,0.16396669
AT2G27030,-0.15720625
AT2G27035,-0.17608468
AT2G27040,-0.5813674
AT2G27050,-0.31025216
AT2G27060,-0.52098936
AT2G27070,0.0
AT2G27080,0.96562845
AT2G27090,0.012688573
AT2G27100,0.043413077
AT2G27110,-0.13589288
AT2G27120,0.038306925
AT2G27130,0.030429374
AT2G27140,-0.2780624
AT2G27145,0.0
AT2G27150,0.44502506
AT2G27160,0.0
AT2G27170,-0.19403638
AT2G27180,0.039813768
AT2G27190,-0.06928885
AT2G27200,0.32145765
AT2G27210,0.16135295
AT2G27220,-0.06109551
AT2G27229,-0.014680715
AT2G27230,-0.31749058
AT2G27240,0.0
AT2G27250,0.0
AT2G27260,0.15115596
AT2G27270,-0.013417798
AT2G27280,0.031809237
AT2G27290,-0.09086871
AT2G27300,-0.11150965
AT2G27310,0.6012572
AT2G27313,0.0
AT2G27315,0.0
AT2G27320,0.0
AT2G27330,0.18834212
AT2G27340,-0.23606852
AT2G27350,0.023553755
AT2G27360,-0.18607377
AT2G27370,0.0
AT2G27380,0.0
AT2G27385,-0.31397465
AT2G27389,2.151889
AT2G27390,0.04008082
AT2G27402,-0.26492342
AT2G27410,0.0
AT2G27420,-0.016074775
AT2G27430,0.615166
AT2G27450,-0.14035252
AT2G27460,-0.1721396
AT2G27470,-0.2805341
AT2G27480,0.13838406
AT2G27490,0.05073798
AT2G27500,0.7333101
AT2G27505,0.02983008
AT2G27507,0.0
AT2G27510,0.7701102
AT2G27520,0.0
AT2G27530,0.07857439
AT2G27535,0.0
AT2G27540,0.0
AT2G27550,0.0
AT2G27570,0.0
AT2G27580,0.3495346
AT2G27590,-0.08503814
AT2G27600,0.14588182
AT2G27610,-0.18767822
AT2G27630,0.03401482
AT2G27650,-0.04230479
AT2G27660,0.6141422
AT2G27670,0.0
AT2G27680,-0.29850256
AT2G27690,0.7529507
AT2G27700,0.0
AT2G27710,0.3690203
AT2G27720,0.25419372
AT2G27730,0.27197844
AT2G27740,-0.17624766
AT2G27750,0.0
AT2G27760,-0.14809498
AT2G27770,-0.766134
AT2G27775,0.06920417
AT2G27780,-0.014502965
AT2G27790,-0.11382889
AT2G27800,-0.44664028
AT2G27810,-0.3420591
AT2G27820,0.37761557
AT2G27830,0.2627002
AT2G27840,0.031978905
AT2G27860,0.03367355
AT2G27880,-0.08130775
AT2G27890,0.0
AT2G27920,-0.39304754
AT2G27930,-0.05961018
AT2G27940,0.0
AT2G27950,-0.10519099
AT2G27960,0.048787404
AT2G27970,0.008157225
AT2G27980,-0.17023353
AT2G27990,0.06669316
AT2G28000,-0.1462004
AT2G28010,0.0
AT2G28020,0.0
AT2G28030,0.0
AT2G28040,0.09130077
AT2G28050,-0.121742785
AT2G28060,0.028310599
AT2G28070,-0.28915706
AT2G28080,0.057026993
AT2G28085,0.14616004
AT2G28090,0.0
AT2G28100,-0.28491572
AT2G28105,0.0123696085
AT2G28110,0.8605769
AT2G28120,0.66619915
AT2G28130,0.49317932
AT2G28140,-0.23738374
AT2G28150,-0.45448732
AT2G28160,0.13664481
AT2G28170,0.0
AT2G28180,0.0
AT2G28190,-0.040055662
AT2G28200,-0.015709272
AT2G28210,2.278955
AT2G28220,0.0
AT2G28225,0.0
AT2G28230,-0.26186818
AT2G28240,-0.117256686
AT2G28250,-0.3007045
AT2G28260,-0.4966191
AT2G28270,0.0
AT2G28290,-0.031877924
AT2G28305,0.28671435
AT2G28310,-0.48099664
AT2G28315,0.2491031
AT2G28320,0.3162027
AT2G28330,0.08901985
AT2G28340,0.0
AT2G28350,-0.23483862
AT2G28355,0.0
AT2G28360,-0.028242307
AT2G28370,0.2559915
AT2G28380,-0.12533967
AT2G28390,-0.005504991
AT2G28400,0.8033704
AT2G28405,0.0
AT2G28410,-0.5288295
AT2G28420,-0.23193158
AT2G28426,0.0
AT2G28430,0.18835443
AT2G28440,-0.11884466
AT2G28450,-0.17450935
AT2G28460,-0.22539088
AT2G28470,-0.76102024
AT2G28480,-0.046593975
AT2G28490,0.0
AT2G28500,0.3975747
AT2G28510,-0.291843
AT2G28520,0.0146913845
AT2G28540,-0.06851602
AT2G28550,-0.5465811
AT2G28560,-0.117997505
AT2G28570,0.16250673
AT2G28580,-0.3460905
AT2G28590,-0.1930229
AT2G28600,-0.010807467
AT2G28605,-0.3495853
AT2G28610,0.0
AT2G28620,-0.1707431
AT2G28625,0.0
AT2G28630,0.42590782
AT2G28640,0.0
AT2G28650,0.3712958
AT2G28660,0.122073315
AT2G28670,-0.22503793
AT2G28671,-0.34171808
AT2G28680,0.12930764
AT2G28690,0.011533164
AT2G28700,0.057684936
AT2G28710,0.919228
AT2G28720,-0.2414226
AT2G28725,0.0
AT2G28755,-0.116397575
AT2G28760,0.3130024
AT2G28780,-0.04230479
AT2G28790,-0.40118712
AT2G28800,-0.15569285
AT2G28810,-0.19809765
AT2G28815,0.06456029
AT2G28830,-0.009120786
AT2G28840,-0.07130024
AT2G28850,0.0
AT2G28860,0.0
AT2G28870,-0.18609011
AT2G28880,-0.009648948
AT2G28890,0.3782971
AT2G28900,-0.21584575
AT2G28910,0.0052576186
AT2G28920,0.04398793
AT2G28930,0.028996136
AT2G28940,0.04369262
AT2G28950,-1.0455389
AT2G28960,-0.03164881
AT2G28970,0.005402029
AT2G28990,0.0
AT2G29000,0.0
AT2G29020,0.06983494
AT2G29040,-0.014502965
AT2G29045,0.0
AT2G29050,-0.18560076
AT2G29060,0.034649406
AT2G29065,0.33264908
AT2G29070,-0.05664739
AT2G29080,-0.034702808
AT2G29090,-0.5376843
AT2G29100,0.26743674
AT2G29110,0.79895496
AT2G29120,0.0031433618
AT2G29125,-0.14257278
AT2G29130,-0.086366296
AT2G29140,-0.027530866
AT2G29150,0.7424188
AT2G29170,-0.60604954
AT2G29180,-0.430779
AT2G29190,-0.07903063
AT2G29200,0.14200433
AT2G29210,-0.08608386
AT2G29220,0.01517929
AT2G29250,0.012339121
AT2G29260,0.098515205
AT2G29263,0.0
AT2G29290,-0.8516841
AT2G29300,-0.40294874
AT2G29310,-0.5984791
AT2G29320,-0.53921133
AT2G29330,0.019470116
AT2G29340,-0.3522362
AT2G29350,3.4125834
AT2G29360,-0.5289049
AT2G29370,-0.12598711
AT2G29380,0.057783328
AT2G29390,-0.065329276
AT2G29400,0.055895884
AT2G29410,0.116747305
AT2G29420,0.7665629
AT2G29430,0.78290164
AT2G29440,0.6473504
AT2G29450,0.696003
AT2G29452,0.0
AT2G29460,2.629711
AT2G29470,4.4811745
AT2G29480,1.0964453
AT2G29485,0.0
AT2G29490,1.7520382
AT2G29500,1.5985206
AT2G29510,-0.40324655
AT2G29525,-0.1823155
AT2G29530,-0.099844575
AT2G29540,-0.20729604
AT2G29550,-0.38207075
AT2G29560,-0.0031134211
AT2G29570,-0.10145228
AT2G29580,-0.22509106
AT2G29590,0.16011633
AT2G29600,0.0
AT2G29605,0.0
AT2G29610,0.0
AT2G29620,0.17858651
AT2G29628,0.0
AT2G29630,-0.34767067
AT2G29640,0.008672406
AT2G29650,-0.1416512
AT2G29654,0.0
AT2G29660,-0.4625283
AT2G29670,-0.87926584
AT2G29679,0.0
AT2G29680,-0.30990443
AT2G29690,-0.19114661
AT2G29700,0.27291423
AT2G29710,-0.205329
AT2G29720,0.3344754
AT2G29730,-0.20154749
AT2G29735,0.0
AT2G29740,-0.10210616
AT2G29750,0.013819921
AT2G29760,0.15463051
AT2G29770,0.0
AT2G29780,0.0
AT2G29790,0.0
AT2G29800,0.0
AT2G29810,0.0
AT2G29820,0.0
AT2G29830,0.0
AT2G29840,0.0
AT2G29850,0.0
AT2G29860,0.0
AT2G29870,0.0
AT2G29880,0.0
AT2G29890,-0.40791696
AT2G29900,0.033524565
AT2G29910,-0.1181885
AT2G29920,0.0
AT2G29925,0.0
AT2G29930,0.07172963
AT2G29940,1.7381343
AT2G29950,0.20709422
AT2G29960,-0.113702185
AT2G29970,-0.15189835
AT2G29980,-0.6242689
AT2G29990,0.39403027
AT2G29995,0.68626523
AT2G30000,-0.034618907
AT2G30010,0.24684872
AT2G30020,0.5078868
AT2G30040,1.0381044
AT2G30050,0.17548215
AT2G30060,-0.03679845
AT2G30070,-0.5160774
AT2G30080,0.06423629
AT2G30090,0.0
AT2G30100,-0.4820485
AT2G30105,-0.019384587
AT2G30110,0.260539
AT2G30120,0.013464999
AT2G30130,0.06345805
AT2G30140,1.6820738
AT2G30150,-0.11539834
AT2G30160,0.008776667
AT2G30170,-0.35174322
AT2G30200,0.14046693
AT2G30210,-0.012178695
AT2G30220,0.0
AT2G30230,-0.35235807
AT2G30240,0.02983008
AT2G30250,0.48266983
AT2G30260,0.019956587
AT2G30270,0.4345692
AT2G30280,-0.27197868
AT2G30290,0.09139873
AT2G30300,0.015390842
AT2G30310,-0.028597089
AT2G30320,-0.08001662
AT2G30330,-0.03227993
AT2G30340,0.049300194
AT2G30350,-0.22545846
AT2G30360,1.396303
AT2G30370,0.024889128
AT2G30380,0.0
AT2G30385,0.0
AT2G30390,-0.41276327
AT2G30395,0.9023478
AT2G30400,0.20283091
AT2G30410,-0.2259647
AT2G30420,-0.18214953
AT2G30424,-0.5737165
AT2G30430,0.0
AT2G30432,-0.061255325
AT2G30440,0.12504002
AT2G30460,-0.35544875
AT2G30470,-0.04170718
AT2G30480,-0.112387896
AT2G30490,0.99124146
AT2G30500,0.35246438
AT2G30505,-0.13118489
AT2G30520,-0.10941883
AT2G30530,0.080891974
AT2G30540,-0.3498919
AT2G30550,0.90290904
AT2G30560,0.0
AT2G30570,-0.3024487
AT2G30575,-0.22571935
AT2G30580,0.15261419
AT2G30590,-0.0061554094
AT2G30600,-0.007039579
AT2G30615,0.0
AT2G30620,-0.06224913
AT2G30630,-0.0097239865
AT2G30650,0.0
AT2G30660,0.71493256
AT2G30670,0.0
AT2G30680,0.0
AT2G30690,0.0
AT2G30695,-0.3396838
AT2G30700,-0.0066277618
AT2G30710,-0.060720317
AT2G30720,0.8057605
AT2G30730,0.05655034
AT2G30740,-0.044412024
AT2G30750,3.4695976
AT2G30760,0.0
AT2G30766,-0.26516348
AT2G30770,4.158098
AT2G30780,0.0984773
AT2G30790,-0.4060079
AT2G30800,-0.12926675
AT2G30810,0.0
AT2G30820,-0.30800417
AT2G30830,0.81220806
AT2G30840,1.1423501
AT2G30860,0.44413698
AT2G30870,0.42676106
AT2G30880,0.034804683
AT2G30890,-0.51673865
AT2G30900,0.0
AT2G30910,-0.077165626
AT2G30920,-0.14573032
AT2G30925,0.0
AT2G30930,0.16409145
AT2G30933,-0.11157039
AT2G30940,-0.012178695
AT2G30942,-0.048448518
AT2G30950,-0.07953731
AT2G30960,-0.48692372
AT2G30970,0.32766142
AT2G30980,-0.17534478
AT2G30985,0.0
AT2G30990,0.253054
AT2G31005,0.0
AT2G31010,0.0684147
AT2G31018,0.0
AT2G31020,0.95322067
AT2G31030,0.0
AT2G31035,0.0
AT2G31040,-0.32617584
AT2G31050,0.0
AT2G31060,0.31043872
AT2G31070,-0.36800402
AT2G31081,0.0
AT2G31082,0.0
AT2G31083,0.26876837
AT2G31085,-0.03324973
AT2G31090,0.6157681
AT2G31100,0.0
AT2G31110,-0.46855783
AT2G31130,-0.09307195
AT2G31140,-0.09607437
AT2G31141,-0.042605694
AT2G31150,-0.37367973
AT2G31160,0.23897915
AT2G31170,-0.07478494
AT2G31180,0.64799905
AT2G31190,-0.19939102
AT2G31200,0.3945642
AT2G31210,0.027107198
AT2G31215,0.0
AT2G31220,-0.089057155
AT2G31230,-0.22914702
AT2G31240,0.0457161
AT2G31250,0.058233477
AT2G31260,0.38787737
AT2G31265,0.0
AT2G31270,0.049810395
AT2G31280,-0.026971407
AT2G31290,-0.3017959
AT2G31300,0.02542251
AT2G31305,0.17675334
AT2G31310,0.0
AT2G31320,-0.32485637
AT2G31335,-0.23126751
AT2G31340,-0.18553315
AT2G31345,0.16495793
AT2G31350,0.073276915
AT2G31360,0.0154503705
AT2G31370,-0.0647802
AT2G31380,-0.031500954
AT2G31390,0.8804904
AT2G31400,0.19021083
AT2G31410,0.0857461
AT2G31420,0.10328011
AT2G31425,0.11357578
AT2G31430,0.0
AT2G31432,0.0
AT2G31440,-0.18751334
AT2G31450,-0.16518933
AT2G31460,0.0
AT2G31470,0.0
AT2G31480,0.0
AT2G31490,0.115684964
AT2G31500,-0.016074775
AT2G31510,-0.12348052
AT2G31530,-0.121384926
AT2G31540,0.019470116
AT2G31550,0.02983008
AT2G31560,0.555613
AT2G31570,0.8122192
AT2G31580,-0.047477018
AT2G31590,0.04398793
AT2G31600,-0.12909268
AT2G31610,0.009508084
AT2G31620,0.0
AT2G31650,-0.0065697874
AT2G31660,-0.059313003
AT2G31670,-0.095371
AT2G31680,0.20329346
AT2G31690,0.33493474
AT2G31700,0.0
AT2G31710,0.0007228338
AT2G31720,0.0
AT2G31725,-0.16101412
AT2G31730,-0.104061216
AT2G31740,0.1591407
AT2G31750,0.11908413
AT2G31760,0.0
AT2G31770,0.0
AT2G31780,0.0
AT2G31790,-0.8734039
AT2G31800,0.097981684
AT2G31810,0.051192272
AT2G31820,-0.024057904
AT2G31830,-0.14544614
AT2G31840,-0.21343307
AT2G31850,0.0
AT2G31862,0.0
AT2G31865,0.88464147
AT2G31870,-0.4009212
AT2G31880,0.6191966
AT2G31890,-0.09956965
AT2G31900,-0.5037376
AT2G31910,-0.23762588
AT2G31920,-0.046151776
AT2G31930,0.0
AT2G31940,0.2374995
AT2G31945,1.7277107
AT2G31953,0.0
AT2G31955,0.38159865
AT2G31957,0.034649406
AT2G31960,-0.06008275
AT2G31970,-0.22823432
AT2G31980,0.43854004
AT2G31981,0.0
AT2G31985,0.0
AT2G31990,0.33497876
AT2G32000,-0.19616777
AT2G32010,-0.7761539
AT2G32020,0.27735478
AT2G32030,0.37552413
AT2G32040,-0.057066742
AT2G32050,0.21341895
AT2G32060,0.350786
AT2G32070,-0.04330182
AT2G32080,-0.13961409
AT2G32090,-0.07519857
AT2G32100,-0.7233979
AT2G32120,0.15773913
AT2G32130,0.524754
AT2G32140,1.0402355
AT2G32150,0.18973865
AT2G32160,-0.08227571
AT2G32170,-0.120764256
AT2G32180,-0.068751976
AT2G32190,3.193401
AT2G32200,0.71619207
AT2G32210,2.4500887
AT2G32220,0.2785388
AT2G32230,-0.10768443
AT2G32235,0.1776964
AT2G32240,0.29528823
AT2G32250,0.4427951
AT2G32260,-0.09748216
AT2G32270,0.038306925
AT2G32275,0.0
AT2G32280,-0.2966939
AT2G32290,-0.46894422
AT2G32295,-0.11198283
AT2G32300,0.0
AT2G32310,0.0
AT2G32320,-0.0149850305
AT2G32340,-0.30596
AT2G32350,0.0
AT2G32360,0.0
AT2G32370,0.0
AT2G32380,0.26954424
AT2G32390,-0.27518445
AT2G32400,-0.13075304
AT2G32410,-0.28310546
AT2G32415,-0.2479386
AT2G32430,-0.46227193
AT2G32440,-0.41663328
AT2G32450,-0.1932835
AT2G32460,0.8717526
AT2G32470,0.02983008
AT2G32480,-0.092675045
AT2G32487,-0.24670936
AT2G32500,-0.54091096
AT2G32510,0.24861732
AT2G32520,0.24379835
AT2G32530,-0.52971333
AT2G32540,-0.16913827
AT2G32550,-0.1164473
AT2G32560,-0.8004973
AT2G32580,-0.27957597
AT2G32590,-0.10801615
AT2G32600,0.030012453
AT2G32610,0.019470116
AT2G32620,0.0
AT2G32630,-0.13836811
AT2G32640,-0.49978766
AT2G32645,0.02983008
AT2G32650,-0.108762965
AT2G32660,2.1422498
AT2G32670,0.6361196
AT2G32680,0.36065832
AT2G32690,-0.07634611
AT2G32700,0.04215389
AT2G32710,-0.25755075
AT2G32720,-0.26002786
AT2G32730,0.020376995
AT2G32740,-0.030972484
AT2G32750,-0.09812097
AT2G32760,-0.03729812
AT2G32765,-0.044229217
AT2G32770,-0.118220195
AT2G32780,0.0049671503
AT2G32785,0.0
AT2G32788,0.0
AT2G32790,0.0
AT2G32800,0.46987426
AT2G32810,-0.08200991
AT2G32820,-0.03164881
AT2G32830,-0.032899
AT2G32835,0.0
AT2G32840,-0.050214823
AT2G32850,0.19330737
AT2G32860,-0.3337424
AT2G32870,-0.44564563
AT2G32880,-0.32193893
AT2G32885,0.06390781
AT2G32890,0.05206223
AT2G32900,0.0314786
AT2G32905,0.01517929
AT2G32910,-0.06055644
AT2G32920,0.118295155
AT2G32930,0.16182776
AT2G32940,-0.18012893
AT2G32950,-0.2172091
AT2G32960,0.64937145
AT2G32970,-0.28480363
AT2G32980,-0.049977418
AT2G32990,-0.7206975
AT2G33000,0.038955163
AT2G33010,0.0
AT2G33020,0.2789
AT2G33030,0.0
AT2G33040,0.19676183
AT2G33050,-0.6271828
AT2G33060,-0.019398555
AT2G33070,0.0
AT2G33080,0.570326
AT2G33090,0.0
AT2G33100,0.7070344
AT2G33110,0.39587235
AT2G33120,0.64689255
AT2G33130,0.36574513
AT2G33150,0.87530255
AT2G33160,2.6056118
AT2G33170,0.3540573
AT2G33175,0.28041017
AT2G33180,-0.07864338
AT2G33190,0.01517929
AT2G33200,0.0
AT2G33205,0.10372157
AT2G33210,0.07350021
AT2G33220,0.044322442
AT2G33230,0.0
AT2G33233,0.0
AT2G33240,-0.09818733
AT2G33255,-0.26488683
AT2G33260,0.0
AT2G33270,0.0
AT2G33280,-0.26326802
AT2G33290,-0.25654167
AT2G33300,0.0
AT2G33310,-0.34189436
AT2G33320,0.09464911
AT2G33330,-0.717105
AT2G33340,0.06674984
AT2G33350,-0.045082737
AT2G33360,-0.14949828
AT2G33380,1.5539119
AT2G33385,1.0379261
AT2G33390,-0.039715655
AT2G33400,-0.3667003
AT2G33410,0.22111976
AT2G33420,0.0
AT2G33430,0.0
AT2G33435,-0.18239923
AT2G33450,-0.072229646
AT2G33460,0.05198181
AT2G33470,0.26568347
AT2G33480,-0.058157858
AT2G33490,0.19993056
AT2G33500,-0.29574144
AT2G33510,-0.093862034
AT2G33520,0.0
AT2G33530,-0.22186783
AT2G33540,-0.39579317
AT2G33550,-0.29245016
AT2G33560,-0.18273762
AT2G33570,-0.5600961
AT2G33580,0.59457815
AT2G33585,0.23253009
AT2G33590,0.738981
AT2G33600,0.032993652
AT2G33610,0.022208227
AT2G33620,0.11936981
AT2G33630,0.09950398
AT2G33640,-0.13507389
AT2G33655,0.0
AT2G33670,0.0
AT2G33680,-0.14712398
AT2G33685,0.0
AT2G33690,0.0
AT2G33700,0.4332548
AT2G33705,0.0
AT2G33710,1.1740234
AT2G33720,0.0
AT2G33730,0.052125935
AT2G33735,-0.18025148
AT2G33740,-0.03259205
AT2G33750,0.046311744
AT2G33760,-0.10449115
AT2G33770,-0.22251852
AT2G33775,-0.044671863
AT2G33780,0.043667916
AT2G33790,0.0
AT2G33793,0.09165194
AT2G33796,0.0
AT2G33800,-0.40196392
AT2G33810,-0.34668654
AT2G33820,-0.255098
AT2G33830,0.09084348
AT2G33835,-0.079884864
AT2G33840,-0.11964953
AT2G33845,0.23226397
AT2G33847,0.03091415
AT2G33850,0.80912465
AT2G33855,-0.2384048
AT2G33860,-0.4307209
AT2G33870,0.0
AT2G33880,0.0
AT2G33980,-0.083332136
AT2G33990,-0.009934258
AT2G34000,0.18210872
AT2G34010,-0.5380354
AT2G34020,-0.016074775
AT2G34030,0.030733718
AT2G34040,-0.09349549
AT2G34050,-0.15642005
AT2G34060,-0.46968552
AT2G34070,0.28859183
AT2G34080,0.5000215
AT2G34090,-0.073075205
AT2G34100,0.0
AT2G34110,0.0
AT2G34120,0.0
AT2G34123,0.0
AT2G34135,0.0
AT2G34140,0.6325959
AT2G34150,-0.39869025
AT2G34160,0.25395584
AT2G34170,-0.47509977
AT2G34180,1.457709
AT2G34185,-0.008911196
AT2G34186,0.0
AT2G34190,-0.13809128
AT2G34200,-0.22023712
AT2G34210,0.0
AT2G34220,-0.21486497
AT2G34224,-0.028597089
AT2G34230,-0.01652468
AT2G34238,0.017631901
AT2G34240,-0.10084449
AT2G34250,0.43067026
AT2G34260,0.076093346
AT2G34270,0.0
AT2G34280,0.019470116
AT2G34290,0.0
AT2G34300,-0.28694558
AT2G34310,-0.30643818
AT2G34317,0.0
AT2G34320,0.0
AT2G34325,0.0
AT2G34330,0.0
AT2G34340,-0.026961371
AT2G34350,0.0
AT2G34355,0.74215394
AT2G34357,0.061046813
AT2G34360,0.26200172
AT2G34370,-0.014502965
AT2G34380,-0.17867139
AT2G34390,-0.044671863
AT2G34400,-0.116467685
AT2G34410,-0.044841107
AT2G34420,-0.33728436
AT2G34430,-0.27237442
AT2G34440,0.0033953402
AT2G34450,-0.20090991
AT2G34460,-0.18676767
AT2G34470,-0.12380918
AT2G34480,0.1356308
AT2G34490,-0.64735675
AT2G34500,3.5889845
AT2G34510,-0.4067474
AT2G34520,0.2402686
AT2G34530,-0.22395241
AT2G34540,-0.09909503
AT2G34555,-0.016074775
AT2G34560,-0.4112452
AT2G34570,-0.15746549
AT2G34580,-0.0077152555
AT2G34590,-0.030532248
AT2G34600,0.6097782
AT2G34610,0.46137208
AT2G34620,-0.66710883
AT2G34630,0.25377336
AT2G34640,-0.24161655
AT2G34650,-0.05337366
AT2G34655,-0.21638538
AT2G34660,0.030410565
AT2G34670,-0.061709616
AT2G34680,-0.49743885
AT2G34690,-0.09693234
AT2G34700,0.0
AT2G34710,-0.34033924
AT2G34720,-0.16176172
AT2G34730,0.0866359
AT2G34740,0.0
AT2G34750,-0.05120721
AT2G34770,0.0026271685
AT2G34780,-0.09084196
AT2G34790,0.29129305
AT2G34810,0.6169018
AT2G34820,-0.016074775
AT2G34825,0.0
AT2G34830,0.047330216
AT2G34840,-0.08753144
AT2G34850,-0.31702396
AT2G34860,-0.2830733
AT2G34870,0.0
AT2G34880,0.0
AT2G34890,0.0
AT2G34900,-0.07260016
AT2G34910,0.0
AT2G34920,-0.49000543
AT2G34925,-0.2307491
AT2G34930,-0.22451928
AT2G34940,0.5397168
AT2G34960,-0.6667869
AT2G34970,-0.036846787
AT2G34980,-0.09022047
AT2G34990,0.0
AT2G35000,-0.0031594832
AT2G35010,0.0071767857
AT2G35020,0.08075291
AT2G35030,-0.08105036
AT2G35035,-0.08076528
AT2G35040,0.030833209
AT2G35050,-0.0938994
AT2G35060,-0.053617697
AT2G35065,0.0
AT2G35075,-0.014049699
AT2G35080,0.0
AT2G35090,0.0
AT2G35100,0.02180097
AT2G35110,-0.117926925
AT2G35120,-0.13175556
AT2G35130,-0.5663287
AT2G35140,-0.33415908
AT2G35150,-0.14116006
AT2G35155,-0.3630566
AT2G35160,-0.19374596
AT2G35170,-0.12970592
AT2G35190,0.005433919
AT2G35200,-0.010022458
AT2G35210,-0.13356194
AT2G35215,0.0
AT2G35230,0.038414802
AT2G35240,0.13032123
AT2G35250,0.0
AT2G35260,-0.26941738
AT2G35270,0.0
AT2G35280,0.0
AT2G35290,0.25581804
AT2G35300,0.23971343
AT2G35310,-0.028597089
AT2G35320,-0.08329634
AT2G35330,-0.13533527
AT2G35340,-0.44062006
AT2G35343,-0.0037785806
AT2G35345,-0.16712108
AT2G35350,-0.3120946
AT2G35360,0.12661074
AT2G35370,-0.63107944
AT2G35380,0.053486217
AT2G35390,0.32193434
AT2G35410,-0.074934825
AT2G35420,0.0
AT2G35430,-0.12430308
AT2G35440,0.0
AT2G35460,0.0
AT2G35470,-0.17462854
AT2G35480,0.28620258
AT2G35490,-0.014107983
AT2G35500,-0.24373387
AT2G35510,0.054983668
AT2G35520,0.16602808
AT2G35530,0.05979526
AT2G35540,-0.11504871
AT2G35550,-0.128338
AT2G35555,-0.046151776
AT2G35580,0.12258977
AT2G35585,-0.10159537
AT2G35600,-0.3059457
AT2G35605,-0.06051976
AT2G35610,0.14839116
AT2G35612,0.0
AT2G35615,0.0
AT2G35620,-0.5533942
AT2G35630,0.0011761734
AT2G35635,0.06016827
AT2G35640,0.037612297
AT2G35650,-0.17301698
AT2G35658,0.614529
AT2G35660,-0.42360362
AT2G35670,0.0
AT2G35680,-0.05043813
AT2G35690,0.1428566
AT2G35700,-0.60218465
AT2G35710,1.0093316
AT2G35720,0.21750928
AT2G35730,2.214381
AT2G35733,0.034649406
AT2G35736,0.19552198
AT2G35740,0.01517929
AT2G35750,-0.11607393
AT2G35760,-0.44867286
AT2G35765,0.0
AT2G35770,-0.0048447256
AT2G35780,-0.14765516
AT2G35790,0.23667333
AT2G35795,0.09054224
AT2G35800,-0.12990727
AT2G35810,0.06922833
AT2G35820,0.09471833
AT2G35830,-0.38957137
AT2G35840,-0.16673623
AT2G35850,-0.004902503
AT2G35860,-0.6451351
AT2G35880,-0.33848843
AT2G35890,0.0
AT2G35900,0.07474698
AT2G35910,0.10445959
AT2G35920,-0.09947796
AT2G35930,0.49971116
AT2G35935,0.0
AT2G35940,0.060559895
AT2G35950,-0.08167042
AT2G35960,-0.710018
AT2G35965,0.07030564
AT2G35970,0.24414237
AT2G35980,2.8063667
AT2G35990,0.019470116
AT2G36000,-0.22040525
AT2G36010,-0.1336968
AT2G36020,1.0465504
AT2G36026,-0.23774254
AT2G36030,0.04398793
AT2G36050,-0.4406804
AT2G36060,-0.053807657
AT2G36070,0.018593607
AT2G36080,0.37490624
AT2G36090,0.115569435
AT2G36100,0.0
AT2G36110,-0.00510396
AT2G36120,0.0038024404
AT2G36130,-0.084143475
AT2G36145,-0.79689324
AT2G36160,0.07696505
AT2G36170,0.13318656
AT2G36180,0.0
AT2G36190,0.0
AT2G36200,-0.22713144
AT2G36210,-0.018106991
AT2G36220,0.42727473
AT2G36230,-0.46509898
AT2G36240,-0.2182362
AT2G36250,-0.27663815
AT2G36255,0.0
AT2G36260,0.0
AT2G36270,0.29694632
AT2G36290,0.07292531
AT2G36295,0.0
AT2G36300,0.31813237
AT2G36305,0.18896055
AT2G36307,0.0
AT2G36310,0.42219934
AT2G36320,0.052485924
AT2G36325,-0.06720449
AT2G36330,0.16150333
AT2G36340,-0.36964962
AT2G36350,0.025757361
AT2G36355,0.15323128
AT2G36360,0.11071154
AT2G36370,-0.16260992
AT2G36380,0.2504467
AT2G36390,-0.23824485
AT2G36400,-0.5191439
AT2G36410,-0.1426078
AT2G36420,-0.35309288
AT2G36430,-0.45894405
AT2G36440,0.057684936
AT2G36450,0.0
AT2G36460,0.12829109
AT2G36470,-0.18034811
AT2G36480,0.073240966
AT2G36490,-0.49179122
AT2G36500,0.009635456
AT2G36530,0.44248766
AT2G36540,-0.13087644
AT2G36550,0.0
AT2G36560,0.0
AT2G36570,-0.9120449
AT2G36580,0.53029597
AT2G36590,1.2778234
AT2G36610,0.0
AT2G36620,0.03671515
AT2G36630,0.7638998
AT2G36640,-0.10491994
AT2G36650,0.0060663302
AT2G36660,0.0049671503
AT2G36670,0.16788898
AT2G36680,0.096073575
AT2G36690,-0.86132157
AT2G36695,0.0
AT2G36700,0.0
AT2G36710,0.0
AT2G36720,-0.19770378
AT2G36724,0.0
AT2G36730,-0.26421538
AT2G36740,-0.21221627
AT2G36750,0.017228989
AT2G36760,0.013755304
AT2G36770,1.5830975
AT2G36780,2.8435204
AT2G36790,0.17386799
AT2G36800,1.1107479
AT2G36810,-0.06442316
AT2G36815,-0.03164881
AT2G36830,0.86121523
AT2G36835,0.22854704
AT2G36840,-0.080448546
AT2G36850,0.19032942
AT2G36854,0.0
AT2G36870,-0.7310737
AT2G36880,0.5431621
AT2G36885,0.04660023
AT2G36890,0.115279175
AT2G36895,0.016633403
AT2G36900,0.01384117
AT2G36910,-0.14571483
AT2G36920,0.01517929
AT2G36930,0.0020501064
AT2G36950,0.7841395
AT2G36960,0.14317262
AT2G36970,-0.77909136
AT2G36980,-0.08213954
AT2G36985,0.0
AT2G36990,-0.2768643
AT2G37000,-0.016074775
AT2G37010,0.0
AT2G37020,0.059026666
AT2G37025,-0.36192444
AT2G37030,-0.016074775
AT2G37035,-0.0555813
AT2G37040,1.1013296
AT2G37050,-0.3371845
AT2G37060,0.5362119
AT2G37070,0.0012808437
AT2G37080,-0.4873665
AT2G37090,-0.10235494
AT2G37100,0.033913594
AT2G37110,0.85656667
AT2G37120,-0.04418375
AT2G37125,0.01517929
AT2G37130,0.33828664
AT2G37140,-0.083311416
AT2G37150,0.2887098
AT2G37160,0.03964042
AT2G37170,0.24139364
AT2G37180,0.914932
AT2G37190,-0.09212874
AT2G37195,-0.10322953
AT2G37200,-0.076600716
AT2G37210,-0.026605919
AT2G37220,-0.16190393
AT2G37230,-0.2155557
AT2G37240,-0.28350443
AT2G37250,0.5740343
AT2G37260,-0.3158144
AT2G37270,0.15779136
AT2G37280,0.47137433
AT2G37290,0.090585634
AT2G37300,-0.055800524
AT2G37310,-0.22377098
AT2G37320,-0.1498998
AT2G37330,-0.26645538
AT2G37340,-0.15071854
AT2G37360,0.34094253
AT2G37370,-0.09665333
AT2G37380,-0.51923454
AT2G37390,0.05858858
AT2G37400,-0.037125364
AT2G37410,0.008542975
AT2G37420,-0.30889037
AT2G37430,0.9993052
AT2G37435,-0.014502965
AT2G37440,0.39509004
AT2G37450,-0.63626015
AT2G37460,-0.4562892
AT2G37470,0.38253447
AT2G37480,-0.08467985
AT2G37500,-0.27017325
AT2G37510,-0.0963753
AT2G37520,0.1493511
AT2G37530,-0.21899241
AT2G37540,0.36984676
AT2G37550,0.058076683
AT2G37560,0.040190153
AT2G37570,-0.13257386
AT2G37580,0.4768033
AT2G37585,-0.1902443
AT2G37590,-0.22910373
AT2G37600,-0.0427668
AT2G37610,0.0105733825
AT2G37620,-0.053486995
AT2G37630,-0.15206525
AT2G37640,-0.4288718
AT2G37650,-0.21276161
AT2G37660,-0.29563397
AT2G37670,0.08938247
AT2G37678,-0.06192066
AT2G37680,0.12060991
AT2G37690,0.22952735
AT2G37700,0.019470116
AT2G37710,-0.03414511
AT2G37720,0.0
AT2G37730,0.0
AT2G37740,0.01517929
AT2G37750,1.9287654
AT2G37760,0.9896991
AT2G37770,2.687458
AT2G37780,0.0
AT2G37790,-0.334741
AT2G37800,0.0
AT2G37805,0.0
AT2G37810,0.0
AT2G37820,0.08229486
AT2G37840,-0.1682903
AT2G37860,-0.36048764
AT2G37870,0.4991004
AT2G37880,-0.08407217
AT2G37890,0.0011884129
AT2G37900,-0.64919376
AT2G37910,-0.013417798
AT2G37925,-0.33822128
AT2G37930,-0.51258355
AT2G37940,0.53252226
AT2G37950,-1.0627261
AT2G37960,-0.0009150909
AT2G37970,0.90473545
AT2G37975,0.29894465
AT2G37980,1.0909451
AT2G37990,-0.06586662
AT2G38000,0.09687611
AT2G38010,-0.50382495
AT2G38020,0.07013763
AT2G38025,0.02435958
AT2G38040,-0.137677
AT2G38050,-0.19076857
AT2G38060,0.30297098
AT2G38070,-0.3047173
AT2G38080,0.1738756
AT2G38090,-0.5846635
AT2G38100,-0.0063649365
AT2G38110,0.25130737
AT2G38120,-0.59938604
AT2G38130,0.15289736
AT2G38140,-0.05722637
AT2G38150,0.019470116
AT2G38152,0.058161825
AT2G38160,0.085829735
AT2G38170,0.3499529
AT2G38180,0.19977619
AT2G38185,-0.16215637
AT2G38195,0.0
AT2G38210,-0.084323265
AT2G38220,0.019470116
AT2G38230,-0.07125537
AT2G38240,3.2350988
AT2G38250,0.99077547
AT2G38255,0.10523409
AT2G38270,0.18234198
AT2G38280,-0.022486497
AT2G38290,0.5223993
AT2G38300,-0.31606594
AT2G38310,-0.447675
AT2G38320,-0.06805763
AT2G38330,-0.21717015
AT2G38340,1.520918
AT2G38350,0.0
AT2G38360,1.1114646
AT2G38365,0.0
AT2G38370,-0.020536171
AT2G38380,2.369931
AT2G38390,0.038306925
AT2G38400,0.42556423
AT2G38410,0.1263911
AT2G38420,-0.05726032
AT2G38430,-0.23526327
AT2G38440,-0.07961833
AT2G38450,-0.03229592
AT2G38460,-0.52429736
AT2G38465,0.109286055
AT2G38470,1.0251458
AT2G38480,-0.1467991
AT2G38490,1.6035498
AT2G38500,-0.16835572
AT2G38510,0.0
AT2G38530,0.4714942
AT2G38540,0.41166988
AT2G38550,0.02020247
AT2G38560,0.16571638
AT2G38570,-0.3946319
AT2G38580,0.12300158
AT2G38590,0.0
AT2G38600,0.09973231
AT2G38610,0.12441035
AT2G38620,0.018074283
AT2G38630,-0.14545196
AT2G38640,0.40461397
AT2G38646,0.0
AT2G38650,-0.083193295
AT2G38660,-0.08408209
AT2G38670,0.05962377
AT2G38680,-0.15694036
AT2G38690,0.13156767
AT2G38695,-0.09024524
AT2G38700,0.14141719
AT2G38710,0.29171947
AT2G38720,0.13934578
AT2G38730,-0.09875283
AT2G38740,-0.15466017
AT2G38750,0.0047366256
AT2G38760,-0.19503944
AT2G38770,-0.04962103
AT2G38780,-0.40936816
AT2G38790,0.4944229
AT2G38800,-0.2455226
AT2G38810,0.1750985
AT2G38820,-0.028735312
AT2G38823,0.19682832
AT2G38830,0.24646823
AT2G38840,0.027598597
AT2G38860,1.7020661
AT2G38870,1.6331162
AT2G38880,-0.008900109
AT2G38890,0.068137005
AT2G38900,0.0
AT2G38905,0.0
AT2G38910,0.0
AT2G38920,0.02983008
AT2G38940,0.53787565
AT2G38950,-0.045247592
AT2G38960,0.045002572
AT2G38970,-0.29628465
AT2G38995,-0.17370184
AT2G39000,-0.16015382
AT2G39010,-0.20383573
AT2G39020,0.07048787
AT2G39030,1.1042985
AT2G39040,-0.012178695
AT2G39050,0.82107675
AT2G39060,0.0
AT2G39070,0.0
AT2G39090,-0.11376877
AT2G39100,0.09150635
AT2G39110,0.3740726
AT2G39120,-0.08097251
AT2G39130,-0.12225286
AT2G39140,-0.08775139
AT2G39160,0.0
AT2G39170,0.009883186
AT2G39180,-0.21855503
AT2G39190,-0.215799
AT2G39200,0.60319567
AT2G39210,0.5901897
AT2G39220,-0.09318594
AT2G39230,-0.03453995
AT2G39240,-0.28819573
AT2G39250,-0.7797006
AT2G39260,-0.0471556
AT2G39270,0.43964705
AT2G39280,-0.36853194
AT2G39290,0.14030789
AT2G39300,-0.25736156
AT2G39310,0.66744083
AT2G39320,0.10840759
AT2G39330,-1.412035
AT2G39340,-0.20556849
AT2G39350,1.4200766
AT2G39355,0.0
AT2G39360,0.46677873
AT2G39370,-0.036176585
AT2G39375,-0.10339553
AT2G39380,-0.33021116
AT2G39390,-0.022819897
AT2G39400,-0.03978087
AT2G39410,0.9007752
AT2G39415,0.0
AT2G39420,0.14713195
AT2G39430,0.0073344437
AT2G39435,0.11901411
AT2G39445,0.068647906
AT2G39450,-0.3417198
AT2G39460,0.19574423
AT2G39470,-0.9993179
AT2G39480,0.14295045
AT2G39490,0.01857463
AT2G39500,0.16437408
AT2G39510,0.0
AT2G39518,1.7269771
AT2G39520,0.0
AT2G39530,1.1487334
AT2G39540,0.0
AT2G39550,0.15503488
AT2G39560,0.01692224
AT2G39570,-0.054862402
AT2G39580,-0.1940205
AT2G39590,0.01517929
AT2G39620,-0.11950011
AT2G39630,-0.056166723
AT2G39640,0.0
AT2G39650,0.63693124
AT2G39660,0.9591769
AT2G39670,-0.081829175
AT2G39690,-0.25329214
AT2G39700,-0.64858353
AT2G39705,-0.22605082
AT2G39710,0.7642813
AT2G39720,0.29866585
AT2G39725,0.44724452
AT2G39730,-0.6784219
AT2G39740,-0.0696448
AT2G39750,-0.22056378
AT2G39760,0.028565032
AT2G39770,-0.195409
AT2G39780,0.3160446
AT2G39782,0.0
AT2G39790,0.0
AT2G39795,-0.14930193
AT2G39800,-0.23825945
AT2G39805,0.097911395
AT2G39810,-0.09666494
AT2G39820,-0.012107879
AT2G39830,0.2631611
AT2G39840,0.19208443
AT2G39850,-0.71734124
AT2G39851,0.0
AT2G39855,0.0
AT2G39865,0.0
AT2G39870,-0.39599386
AT2G39880,-0.113356024
AT2G39890,-0.18283433
AT2G39900,-0.3940965
AT2G39910,-0.031052044
AT2G39920,-0.3397897
AT2G39930,-0.50240505
AT2G39940,-0.031672623
AT2G39950,-0.15168706
AT2G39960,0.13508856
AT2G39970,0.22806217
AT2G39975,0.019470116
AT2G39990,0.10419145
AT2G40000,0.41779438
AT2G40004,0.0
AT2G40010,0.012291026
AT2G40020,-0.15349895
AT2G40030,-0.2740402
AT2G40050,0.1924176
AT2G40060,0.049360294
AT2G40070,-0.35549378
AT2G40080,0.3567441
AT2G40085,0.034062352
AT2G40090,0.31435204
AT2G40095,0.90712863
AT2G40100,-0.6011047
AT2G40110,0.35879424
AT2G40113,1.3735812
AT2G40116,0.15283881
AT2G40120,-0.13074951
AT2G40130,-0.7771734
AT2G40140,0.71077603
AT2G40150,-0.39197302
AT2G40160,0.19968995
AT2G40165,-0.017451102
AT2G40170,0.26675674
AT2G40180,0.4163377
AT2G40190,0.09153175
AT2G40200,0.3673286
AT2G40210,0.0
AT2G40220,0.0
AT2G40230,-0.054311782
AT2G40240,-0.03124086
AT2G40250,0.0
AT2G40260,-0.31829435
AT2G40270,0.21315779
AT2G40280,-0.09061653
AT2G40290,0.12763183
AT2G40300,0.35908872
AT2G40310,0.0
AT2G40313,0.0
AT2G40320,-0.3009872
AT2G40330,-0.07983442
AT2G40340,0.8736578
AT2G40350,0.0
AT2G40360,-0.053248256
AT2G40370,1.8427218
AT2G40380,0.038373172
AT2G40390,1.0297825
AT2G40400,0.079460904
AT2G40410,0.03215703
AT2G40420,0.36713776
AT2G40430,-0.079555474
AT2G40435,-0.71454173
AT2G40440,-0.009126973
AT2G40450,0.0
AT2G40460,-0.57775235
AT2G40470,0.17040147
AT2G40475,-0.65632224
AT2G40480,-0.5874276
AT2G40490,-0.1502347
AT2G40500,0.0
AT2G40510,0.16757514
AT2G40520,-0.053487524
AT2G40530,-0.7874148
AT2G40540,-0.342891
AT2G40550,0.1843635
AT2G40560,0.0
AT2G40570,-0.21196547
AT2G40580,0.0
AT2G40590,0.1607947
AT2G40600,0.14014123
AT2G40610,-1.1876334
AT2G40620,0.024545126
AT2G40630,-0.022250835
AT2G40640,-0.3762352
AT2G40650,-0.018533533
AT2G40660,-0.14318702
AT2G40670,0.480794
AT2G40690,-0.3403324
AT2G40700,-0.056909155
AT2G40710,0.18498342
AT2G40711,-0.010424178
AT2G40715,0.013499903
AT2G40720,-0.12025352
AT2G40730,0.17285667
AT2G40740,0.20217994
AT2G40745,-0.014502965
AT2G40750,0.7193831
AT2G40760,-0.3149825
AT2G40765,0.5545196
AT2G40770,-0.17566781
AT2G40780,0.10761399
AT2G40790,-0.057066742
AT2G40800,0.06474404
AT2G40810,-0.029604388
AT2G40815,-0.38485768
AT2G40820,0.35060203
AT2G40830,0.0767219
AT2G40840,-0.5231506
AT2G40850,-0.058379564
AT2G40860,-0.10012191
AT2G40880,-0.19553846
AT2G40890,0.3215192
AT2G40900,-0.5340471
AT2G40910,0.02223215
AT2G40920,-0.18968503
AT2G40925,0.057684936
AT2G40930,-0.0086175455
AT2G40935,-0.002152855
AT2G40940,0.51982343
AT2G40950,0.15301421
AT2G40955,0.2694275
AT2G40960,-0.4916674
AT2G40970,-0.30266735
AT2G40980,-0.055403084
AT2G40990,0.0
AT2G40995,0.0
AT2G41000,-0.081918314
AT2G41010,-0.09454068
AT2G41020,-0.18551233
AT2G41040,0.23783247
AT2G41050,-0.09467534
AT2G41060,-0.14573929
AT2G41070,0.09345247
AT2G41080,-0.29203513
AT2G41082,-0.11324567
AT2G41090,0.19863242
AT2G41100,1.1534303
AT2G41105,0.0
AT2G41110,0.90089023
AT2G41120,-0.085289076
AT2G41130,-0.30242217
AT2G41140,-0.11820925
AT2G41150,-0.010912308
AT2G41160,0.19138314
AT2G41170,0.28239253
AT2G41180,-0.5918051
AT2G41190,0.010300555
AT2G41200,0.09293155
AT2G41210,0.06749684
AT2G41220,0.19627717
AT2G41225,0.0
AT2G41230,0.7695315
AT2G41231,0.01517929
AT2G41240,0.01857463
AT2G41250,-0.16870889
AT2G41260,0.32750863
AT2G41280,0.13856916
AT2G41290,-0.4837252
AT2G41300,-0.5595602
AT2G41310,-0.27775902
AT2G41330,-0.38092074
AT2G41340,-0.03268852
AT2G41342,0.07752485
AT2G41350,-0.20454971
AT2G41355,0.0
AT2G41360,0.0
AT2G41370,-0.21531866
AT2G41375,0.0
AT2G41380,0.9001281
AT2G41390,0.0
AT2G41400,0.0
AT2G41410,0.6278154
AT2G41415,0.0
AT2G41417,0.0
AT2G41420,0.49591148
AT2G41430,-0.091257475
AT2G41440,-0.021950843
AT2G41445,0.0
AT2G41450,-0.0070711463
AT2G41451,0.01517929
AT2G41460,-0.19376563
AT2G41470,-0.016074775
AT2G41473,0.0
AT2G41475,0.070908315
AT2G41480,-0.66389114
AT2G41490,0.09194993
AT2G41500,-0.07219564
AT2G41505,-0.1075811
AT2G41510,0.087172255
AT2G41515,-0.0940728
AT2G41520,-0.11578127
AT2G41530,0.0019761936
AT2G41540,0.6442241
AT2G41550,-0.11823446
AT2G41560,-0.21908647
AT2G41590,0.057684936
AT2G41600,-0.11352893
AT2G41610,-0.035734966
AT2G41620,-0.16186687
AT2G41630,0.0055482276
AT2G41640,0.49343392
AT2G41650,-0.16006199
AT2G41660,-0.20954643
AT2G41670,0.23288193
AT2G41680,-0.11631168
AT2G41690,0.57036513
AT2G41700,0.23311539
AT2G41705,0.18300498
AT2G41710,-0.40466914
AT2G41720,-0.31081995
AT2G41730,1.1446356
AT2G41740,0.090519525
AT2G41750,0.13708684
AT2G41760,-0.28398287
AT2G41770,-0.08279418
AT2G41780,0.4820206
AT2G41790,0.1043828
AT2G41800,0.7862747
AT2G41810,0.21764365
AT2G41820,-0.7646265
AT2G41830,0.45767263
AT2G41835,0.5844665
AT2G41840,0.01394499
AT2G41850,4.2917266
AT2G41860,0.0
AT2G41870,-0.31818205
AT2G41880,-0.07037575
AT2G41890,-0.15852259
AT2G41900,-0.07287372
AT2G41905,0.7610009
AT2G41910,0.0
AT2G41920,0.0
AT2G41930,-0.016074775
AT2G41940,-0.3977061
AT2G41945,0.2080181
AT2G41950,-0.19504239
AT2G41960,-0.056539007
AT2G41970,0.0
AT2G41980,-0.1271912
AT2G41990,-0.012418285
AT2G41997,0.0
AT2G42000,0.0
AT2G42005,0.0
AT2G42010,0.22699691
AT2G42030,-0.05075022
AT2G42040,-0.14907974
AT2G42060,-0.15752935
AT2G42065,0.04398793
AT2G42070,-0.020124918
AT2G42080,0.10652151
AT2G42090,-0.0271255
AT2G42100,0.0
AT2G42110,-0.036739018
AT2G42120,-0.23368095
AT2G42130,0.0309759
AT2G42140,0.12764463
AT2G42150,0.228282
AT2G42160,-0.10145839
AT2G42170,-0.18177053
AT2G42180,0.0
AT2G42190,-0.4247475
AT2G42200,-0.27389506
AT2G42210,0.16788182
AT2G42220,-0.6205974
AT2G42230,0.009416207
AT2G42240,0.014521271
AT2G42250,0.12211692
AT2G42260,0.14541754
AT2G42270,-0.17371245
AT2G42280,0.29142502
AT2G42290,-0.27531642
AT2G42300,-0.3251121
AT2G42310,0.35864505
AT2G42320,-0.4421076
AT2G42330,-0.083815165
AT2G42340,0.068137005
AT2G42350,0.6565358
AT2G42360,1.2273746
AT2G42370,-0.18183236
AT2G42380,-0.6115535
AT2G42390,-0.07942585
AT2G42395,-0.09022043
AT2G42400,-0.05941216
AT2G42410,0.0
AT2G42430,0.07187745
AT2G42440,0.0
AT2G42450,-0.14896151
AT2G42455,0.0
AT2G42460,0.02983008
AT2G42465,0.0
AT2G42470,0.019470116
AT2G42475,0.0006763258
AT2G42480,0.021961583
AT2G42490,0.11770284
AT2G42500,-0.13093342
AT2G42510,-0.41333187
AT2G42520,0.2908034
AT2G42530,-0.3598665
AT2G42540,-0.2498487
AT2G42550,0.0
AT2G42560,0.8799392
AT2G42570,-0.33795875
AT2G42580,-0.14044356
AT2G42590,-0.1629279
AT2G42600,-0.15055352
AT2G42610,-0.09732139
AT2G42620,-0.00440605
AT2G42640,-0.03443729
AT2G42650,-0.096376844
AT2G42660,0.0
AT2G42670,-0.08505254
AT2G42680,0.30150497
AT2G42690,-0.43822283
AT2G42700,0.07474324
AT2G42710,-0.05305582
AT2G42720,-0.17923017
AT2G42725,0.0
AT2G42730,-0.15499309
AT2G42740,-0.21582472
AT2G42750,-0.17858592
AT2G42760,-0.42142782
AT2G42770,-0.10173535
AT2G42780,-0.11948508
AT2G42790,0.4735417
AT2G42800,-0.10014884
AT2G42810,-0.12455746
AT2G42820,-0.2487203
AT2G42830,-0.014502965
AT2G42840,1.7735277
AT2G42850,0.049588595
AT2G42860,-0.015398448
AT2G42865,-0.071823314
AT2G42870,-0.5006153
AT2G42880,-0.23656888
AT2G42885,0.0
AT2G42890,0.34835687
AT2G42900,-0.21704118
AT2G42910,-0.014020016
AT2G42920,-0.31535
AT2G42930,0.0
AT2G42940,0.0
AT2G42950,0.28513345
AT2G42955,-0.05654218
AT2G42960,-0.5272682
AT2G42975,-0.4113589
AT2G42980,0.8780585
AT2G42990,0.0
AT2G43000,2.3459558
AT2G43010,-0.47209674
AT2G43020,0.8279877
AT2G43030,-0.1534306
AT2G43040,0.093968146
AT2G43050,0.25245225
AT2G43060,0.05420745
AT2G43070,0.13735189
AT2G43080,0.131382
AT2G43090,0.27173635
AT2G43100,-1.1672978
AT2G43110,0.07670662
AT2G43120,0.81021214
AT2G43130,0.0033194497
AT2G43140,0.6832601
AT2G43150,0.3103933
AT2G43160,0.1332843
AT2G43180,0.09792847
AT2G43190,0.075097084
AT2G43200,-0.4428622
AT2G43210,-0.18009578
AT2G43220,0.0
AT2G43230,0.17755745
AT2G43240,0.4642953
AT2G43250,0.03871193
AT2G43255,-0.016074775
AT2G43260,-0.009586651
AT2G43261,0.0
AT2G43270,-0.016074775
AT2G43280,0.050904073
AT2G43290,0.8230798
AT2G43310,-0.13523372
AT2G43320,0.5425332
AT2G43330,0.05896326
AT2G43340,-0.27475473
AT2G43350,-0.06555847
AT2G43360,-0.30515087
AT2G43370,-0.12032766
AT2G43386,0.0
AT2G43390,0.0
AT2G43400,0.45454252
AT2G43410,0.05771968
AT2G43420,0.121073924
AT2G43430,-0.055542674
AT2G43440,-0.122748934
AT2G43445,-0.10152605
AT2G43450,0.0
AT2G43460,0.109948575
AT2G43465,-0.36604804
AT2G43470,0.019470116
AT2G43480,0.0
AT2G43490,0.39091477
AT2G43500,-0.41170415
AT2G43510,1.8626629
AT2G43520,0.25607717
AT2G43530,-0.63244313
AT2G43535,-0.1680605
AT2G43540,0.32832348
AT2G43550,-0.47014758
AT2G43560,-0.21583694
AT2G43570,2.4295866
AT2G43580,0.67950666
AT2G43590,1.1882358
AT2G43600,0.0
AT2G43610,0.15086086
AT2G43620,-0.066255204
AT2G43630,-0.017889436
AT2G43640,0.23580828
AT2G43650,-0.13493235
AT2G43660,0.0
AT2G43670,0.053486217
AT2G43680,-0.083332285
AT2G43690,-0.32117796
AT2G43700,-0.17743923
AT2G43710,-0.2584422
AT2G43720,-0.31870836
AT2G43730,-0.060245898
AT2G43740,0.0
AT2G43745,-0.011242652
AT2G43750,0.038580004
AT2G43760,0.09811234
AT2G43770,0.10306772
AT2G43780,0.01855109
AT2G43790,0.17877543
AT2G43795,0.0
AT2G43800,-0.29682133
AT2G43810,0.01662095
AT2G43820,1.2620085
AT2G43840,-0.08811171
AT2G43850,-0.20776916
AT2G43860,0.0
AT2G43865,0.053687073
AT2G43870,2.1792758
AT2G43880,0.0
AT2G43890,0.0
AT2G43900,-0.23801425
AT2G43910,-0.67136544
AT2G43920,-0.62582844
AT2G43930,-0.20489582
AT2G43940,0.047509167
AT2G43945,-0.011186164
AT2G43950,0.109514855
AT2G43960,0.0
AT2G43970,-0.027789773
AT2G43980,0.06519021
AT2G43990,0.030123087
AT2G44000,-0.06314736
AT2G44010,0.90020704
AT2G44020,-0.044708524
AT2G44030,0.0
AT2G44040,-0.06364284
AT2G44050,-0.15410659
AT2G44060,-0.027566072
AT2G44065,0.098053664
AT2G44070,0.37720254
AT2G44080,0.5317202
AT2G44090,-0.08728846
AT2G44100,0.14122035
AT2G44110,0.0
AT2G44120,0.1530935
AT2G44130,0.23486754
AT2G44140,0.1522078
AT2G44150,-0.14816745
AT2G44160,-0.22858779
AT2G44170,0.0
AT2G44175,0.0
AT2G44180,0.14660436
AT2G44190,-0.08457263
AT2G44195,0.0
AT2G44198,0.0
AT2G44200,-0.050795566
AT2G44210,-0.33592874
AT2G44220,-0.040775783
AT2G44230,-0.40115526
AT2G44240,0.8203755
AT2G44250,0.0
AT2G44260,0.21489753
AT2G44270,-0.07850028
AT2G44280,0.5543141
AT2G44290,0.83300155
AT2G44300,-0.2883388
AT2G44310,0.09165833
AT2G44330,0.0
AT2G44340,0.0
AT2G44350,0.51082
AT2G44360,0.11856529
AT2G44370,-0.593105
AT2G44380,-0.3232733
AT2G44390,0.0
AT2G44400,0.019158512
AT2G44410,0.10959553
AT2G44420,0.06806988
AT2G44430,-0.07982615
AT2G44440,-0.27599487
AT2G44450,0.42177594
AT2G44460,0.0
AT2G44470,0.0
AT2G44480,0.1138019
AT2G44490,0.1256434
AT2G44500,0.29626524
AT2G44510,0.05455291
AT2G44520,0.31329775
AT2G44525,0.24179503
AT2G44530,-0.017317077
AT2G44540,0.0
AT2G44550,0.0
AT2G44560,0.0
AT2G44570,0.10992507
AT2G44578,0.09797919
AT2G44580,0.060917415
AT2G44581,0.0
AT2G44590,-0.03038419
AT2G44600,0.31187865
AT2G44610,0.019933557
AT2G44620,0.15071581
AT2G44630,-0.22498679
AT2G44640,-0.19762382
AT2G44650,0.057951864
AT2G44660,0.1529968
AT2G44670,-0.2591702
AT2G44680,-0.15226956
AT2G44690,0.014690181
AT2G44700,-0.077838466
AT2G44710,0.100598454
AT2G44730,-0.027714577
AT2G44735,0.0
AT2G44740,-0.665644
AT2G44745,-0.20060493
AT2G44750,0.023544924
AT2G44760,-0.046392623
AT2G44770,0.17312191
AT2G44790,2.6316526
AT2G44800,0.0
AT2G44810,-0.03164881
AT2G44820,-0.12723187
AT2G44830,-0.50905055
AT2G44840,0.1571223
AT2G44850,-0.18384899
AT2G44860,0.04402061
AT2G44870,0.03240299
AT2G44880,-0.2494896
AT2G44890,0.2311465
AT2G44900,-0.065465555
AT2G44910,-0.2056855
AT2G44920,-0.25548524
AT2G44925,0.0
AT2G44930,-0.33257693
AT2G44940,-0.90402734
AT2G44950,-0.21193756
AT2G44970,0.3666452
AT2G44980,0.0891534
AT2G44990,0.69844204
AT2G44993,0.0
AT2G45000,0.18948317
AT2G45010,0.37427443
AT2G45030,0.14161062
AT2G45040,-0.09631052
AT2G45050,-0.16520606
AT2G45060,0.1414998
AT2G45070,0.5017658
AT2G45080,-0.021491954
AT2G45100,-0.30543733
AT2G45110,0.0
AT2G45120,-0.27800533
AT2G45130,0.03741144
AT2G45135,0.10515404
AT2G45140,0.16189672
AT2G45150,-0.22505106
AT2G45160,-0.045215137
AT2G45170,0.069690965
AT2G45180,-0.24584231
AT2G45190,-0.57060546
AT2G45200,-0.13045266
AT2G45210,0.9018628
AT2G45220,3.699195
AT2G45240,0.17161551
AT2G45243,0.01070364
AT2G45250,-0.10606241
AT2G45260,-0.05468061
AT2G45270,-0.031523865
AT2G45280,-0.16624284
AT2G45290,0.44244844
AT2G45300,1.0509284
AT2G45310,-0.18165012
AT2G45320,0.07710134
AT2G45330,0.19216461
AT2G45340,-0.082646795
AT2G45350,-0.29468393
AT2G45360,0.8250555
AT2G45370,0.0
AT2G45400,-0.23969458
AT2G45403,0.0
AT2G45403,0.0
AT2G45405,0.0
AT2G45406,0.0
AT2G45410,0.0
AT2G45420,0.031228574
AT2G45430,0.0
AT2G45440,0.27110443
AT2G45450,-0.2641678
AT2G45460,-0.30132008
AT2G45470,-0.6704871
AT2G45480,-0.118587434
AT2G45490,-0.089138195
AT2G45500,0.22334006
AT2G45510,-0.055195253
AT2G45520,-0.15926678
AT2G45530,-0.104319185
AT2G45540,0.109984346
AT2G45550,0.034649406
AT2G45560,-0.3324906
AT2G45570,3.7116516
AT2G45580,0.13965754
AT2G45590,-0.25128415
AT2G45600,-0.5968082
AT2G45610,-0.031794824
AT2G45620,-0.08532487
AT2G45630,0.24550913
AT2G45640,-0.08828937
AT2G45650,-0.007280305
AT2G45660,-0.12991515
AT2G45670,0.030285893
AT2G45680,0.1116194
AT2G45690,-0.13352452
AT2G45695,0.23355147
AT2G45700,-0.07398131
AT2G45710,0.2504569
AT2G45720,-0.06842268
AT2G45730,-0.15397383
AT2G45740,0.11203401
AT2G45750,0.21474458
AT2G45760,2.907603
AT2G45770,-0.12662719
AT2G45790,0.018160194
AT2G45800,-0.1422006
AT2G45810,-0.18420608
AT2G45820,-0.27927783
AT2G45830,-0.2686357
AT2G45840,0.012426816
AT2G45850,-0.32375965
AT2G45860,-0.16775025
AT2G45870,-0.07201723
AT2G45880,-0.02866713
AT2G45890,-0.05069132
AT2G45900,-0.14992727
AT2G45910,0.05797044
AT2G45920,0.23342381
AT2G45930,0.122988164
AT2G45940,-0.1835795
AT2G45950,-0.12225711
AT2G45960,0.12475789
AT2G45970,-0.18853635
AT2G45980,0.031535223
AT2G45990,-0.21274386
AT2G46000,0.16666217
AT2G46020,0.0025995718
AT2G46030,-0.0005916402
AT2G46040,0.27298483
AT2G46050,-0.08636532
AT2G46060,-0.14576426
AT2G46070,-0.19395268
AT2G46080,0.11714711
AT2G46090,0.043007717
AT2G46100,0.028773783
AT2G46110,-0.24956608
AT2G46130,0.034649406
AT2G46140,0.61547905
AT2G46150,0.2058116
AT2G46160,-0.19695841
AT2G46170,0.33637965
AT2G46180,-0.20872748
AT2G46190,0.0
AT2G46200,-0.042182345
AT2G46210,-0.22691531
AT2G46220,-0.027051771
AT2G46225,-0.61025393
AT2G46230,0.13094014
AT2G46240,0.26335505
AT2G46250,-0.71674347
AT2G46260,0.21545252
AT2G46270,0.03222036
AT2G46280,0.017731443
AT2G46290,-0.29515958
AT2G46300,-0.06700743
AT2G46308,0.0
AT2G46310,-0.14645028
AT2G46320,0.090782955
AT2G46330,0.24536525
AT2G46340,-0.1494697
AT2G46360,0.0
AT2G46370,0.011505332
AT2G46375,0.0
AT2G46380,-0.22772083
AT2G46390,0.09297662
AT2G46400,0.3716276
AT2G46410,-0.062210098
AT2G46420,-0.2604485
AT2G46430,0.26846617
AT2G46440,0.23879553
AT2G46450,-0.18557161
AT2G46455,0.013350064
AT2G46460,0.0
AT2G46470,-0.08668635
AT2G46480,0.015899727
AT2G46490,0.21033853
AT2G46493,0.0
AT2G46494,0.0
AT2G46495,0.021837408
AT2G46500,0.57681066
AT2G46505,0.3585914
AT2G46510,-0.16343583
AT2G46520,0.09102893
AT2G46530,-0.6819445
AT2G46535,-0.30923992
AT2G46540,0.19734284
AT2G46550,-0.053288788
AT2G46560,0.042060193
AT2G46567,0.0
AT2G46570,-0.23355803
AT2G46580,0.027392026
AT2G46590,-0.54268026
AT2G46600,0.40601444
AT2G46610,0.13346012
AT2G46620,0.59639
AT2G46630,-0.61085206
AT2G46640,-0.75430727
AT2G46650,0.6294372
AT2G46660,-0.48634163
AT2G46670,0.32383153
AT2G46680,0.6027147
AT2G46690,0.15303645
AT2G46700,0.031428803
AT2G46710,-0.55040646
AT2G46720,-0.53885114
AT2G46735,-0.044330258
AT2G46740,0.07172963
AT2G46750,1.9943291
AT2G46760,0.038350888
AT2G46765,0.0
AT2G46770,-0.056185916
AT2G46780,-0.05021195
AT2G46790,-0.48916525
AT2G46800,0.07474774
AT2G46810,-0.03712854
AT2G46820,-0.47937024
AT2G46830,-0.20334373
AT2G46840,-0.0111076245
AT2G46850,0.0
AT2G46860,0.0
AT2G46870,-0.22401921
AT2G46880,0.0
AT2G46890,-0.026895633
AT2G46900,-0.0056098523
AT2G46910,-0.24176307
AT2G46915,-0.34857294
AT2G46920,-0.29952192
AT2G46930,-0.0638729
AT2G46940,-0.01576631
AT2G46950,0.18183734
AT2G46960,0.0
AT2G46970,-0.44569144
AT2G46980,0.06606507
AT2G46990,-0.097382516
AT2G46995,0.01517929
AT2G47000,0.8397755
AT2G47010,-0.40920195
AT2G47020,-0.21610862
AT2G47030,0.0
AT2G47040,0.0
AT2G47050,0.01517929
AT2G47060,-0.31644416
AT2G47070,-0.2490677
AT2G47090,-0.17337473
AT2G47110,0.09787381
AT2G47115,0.0
AT2G47120,0.0
AT2G47130,0.669503
AT2G47140,-0.016716735
AT2G47150,0.0
AT2G47160,-0.2863437
AT2G47170,0.17860696
AT2G47180,0.17266163
AT2G47190,1.6849682
AT2G47200,0.11415333
AT2G47210,0.12467623
AT2G47220,-0.1882341
AT2G47230,-0.439262
AT2G47240,-0.3492658
AT2G47245,0.0
AT2G47250,0.095126584
AT2G47260,-0.28727964
AT2G47270,0.42714265
AT2G47280,0.0
AT2G47300,0.04960439
AT2G47310,-0.122663476
AT2G47320,0.15663461
AT2G47330,0.030772924
AT2G47340,-0.046151776
AT2G47350,-0.07377288
AT2G47360,0.043264117
AT2G47370,-0.17278185
AT2G47380,0.33785945
AT2G47390,0.30387193
AT2G47400,0.042558495
AT2G47410,0.099507526
AT2G47420,-0.012843527
AT2G47430,0.0
AT2G47440,-0.4271193
AT2G47450,-0.2402625
AT2G47460,-0.04230479
AT2G47470,0.29999492
AT2G47480,-0.1064296
AT2G47485,1.242261
AT2G47490,0.31556043
AT2G47500,-0.4402052
AT2G47510,0.38141748
AT2G47520,0.18560083
AT2G47530,0.0
AT2G47540,0.0
AT2G47550,2.9524927
AT2G47560,0.39463562
AT2G47570,0.0
AT2G47580,-0.14603023
AT2G47584,0.0
AT2G47590,-0.42615303
AT2G47600,0.63989997
AT2G47610,0.25466123
AT2G47620,0.012529244
AT2G47630,0.4036963
AT2G47640,0.1703483
AT2G47650,0.37221947
AT2G47670,-0.067197494
AT2G47680,-0.14389978
AT2G47690,0.022317464
AT2G47700,0.00601508
AT2G47710,0.3057631
AT2G47720,0.0
AT2G47730,0.12742066
AT2G47750,0.02235417
AT2G47760,0.12842664
AT2G47770,1.0037471
AT2G47780,-0.3631215
AT2G47790,-0.11760359
AT2G47800,0.47548285
AT2G47810,0.0
AT2G47820,0.19818331
AT2G47830,0.06665679
AT2G47840,0.06851973
AT2G47844,-0.028597089
AT2G47850,-0.1472747
AT2G47860,0.12947911
AT2G47870,0.20097701
AT2G47880,-1.3610572
AT2G47885,0.0
AT2G47890,-0.0057672327
AT2G47900,-0.012937151
AT2G47910,0.03427858
AT2G47920,0.0051942957
AT2G47930,-0.38564196
AT2G47935,0.0
AT2G47940,-0.31316975
AT2G47950,0.64078146
AT2G47960,0.08044559
AT2G47970,0.22502705
AT2G47980,-0.020239726
AT2G47990,0.2446828
AT2G48000,-0.19401994
AT2G48010,0.03828218
AT2G48020,-0.017496796
AT2G48030,0.25483212
AT2G48060,0.06904391
AT2G48070,-0.0608054
AT2G48075,-0.17711933
AT2G48080,0.02490153
AT2G48090,0.27914226
AT2G48100,-0.07340063
AT2G48110,-0.0031566021
AT2G48120,-0.32827288
AT2G48121,-0.011581799
AT2G48130,0.45580536
AT2G48140,0.42963186
AT2G48150,0.040442318
AT2G48160,0.016481405
AT3G01010,0.0
AT3G01015,0.0
AT3G01020,0.0
AT3G01030,0.013755304
AT3G01040,0.47964996
AT3G01050,-0.2696212
AT3G01060,-0.33353278
AT3G01070,-0.10367083
AT3G01080,0.7995177
AT3G01085,0.0
AT3G01090,-0.13660155
AT3G01100,-0.009428294
AT3G01120,0.18216749
AT3G01130,0.1698528
AT3G01140,-0.18137804
AT3G01150,0.07544773
AT3G01160,-0.1804494
AT3G01170,0.22155409
AT3G01175,0.07819855
AT3G01180,-0.25355643
AT3G01185,0.0
AT3G01190,0.0
AT3G01200,0.18254885
AT3G01210,-0.23860542
AT3G01220,0.01706433
AT3G01230,0.0
AT3G01240,0.0
AT3G01250,0.0
AT3G01260,-0.090159
AT3G01270,-0.0076553854
AT3G01280,0.32676682
AT3G01290,1.2857829
AT3G01300,-0.045269128
AT3G01310,-0.18268964
AT3G01311,0.038306925
AT3G01319,0.0
AT3G01320,-0.08331137
AT3G01322,0.0
AT3G01323,0.0
AT3G01324,0.0
AT3G01325,0.0
AT3G01326,0.0
AT3G01327,0.0
AT3G01328,0.0
AT3G01329,0.0
AT3G01330,0.11489534
AT3G01331,0.0
AT3G01340,0.17585799
AT3G01345,-0.35760063
AT3G01350,-0.23834768
AT3G01360,0.12984946
AT3G01370,-0.16585286
AT3G01380,0.026593247
AT3G01390,-0.02308474
AT3G01400,0.002961106
AT3G01410,-0.17362496
AT3G01415,0.0
AT3G01420,5.353373
AT3G01430,0.37677455
AT3G01435,-0.01313197
AT3G01440,-0.6695908
AT3G01450,-0.037962433
AT3G01460,0.024198847
AT3G01470,0.019213371
AT3G01475,-0.014502965
AT3G01480,-0.46140644
AT3G01490,-0.48193124
AT3G01500,-1.3670224
AT3G01510,-0.31437698
AT3G01513,-0.057608083
AT3G01516,-0.0111076245
AT3G01520,-0.090906195
AT3G01530,0.01517929
AT3G01540,0.16803664
AT3G01550,-0.3687875
AT3G01560,-0.05245935
AT3G01570,0.13611771
AT3G01572,0.0
AT3G01580,0.1226087
AT3G01590,0.14737941
AT3G01600,-0.27759826
AT3G01610,-0.18030874
AT3G01620,-0.015155609
AT3G01630,0.08979554
AT3G01640,0.4452367
AT3G01650,0.7645537
AT3G01660,-0.34901202
AT3G01670,-0.2680565
AT3G01680,-0.19543922
AT3G01690,-0.2985081
AT3G01700,-0.014502965
AT3G01710,-0.20183657
AT3G01720,0.23219962
AT3G01730,0.0
AT3G01740,-0.016616909
AT3G01750,0.09018624
AT3G01760,-0.061255325
AT3G01770,-0.16027932
AT3G01780,0.06954908
AT3G01790,-0.04965352
AT3G01800,0.2444362
AT3G01810,-0.66228443
AT3G01820,0.25762904
AT3G01830,1.3830645
AT3G01840,-0.1906959
AT3G01850,0.05893004
AT3G01860,-0.7075008
AT3G01870,0.0
AT3G01880,0.0
AT3G01890,-0.12663408
AT3G01900,0.0
AT3G01910,0.114419475
AT3G01920,-0.07439053
AT3G01930,0.023631226
AT3G01940,-0.026143897
AT3G01950,-0.32884586
AT3G01960,-0.3835884
AT3G01961,0.0
AT3G01970,0.7368118
AT3G01980,-0.4037797
AT3G01990,0.11292182
AT3G02000,0.0
AT3G02010,-0.09620129
AT3G02020,-0.99084824
AT3G02030,-0.24740039
AT3G02040,0.23416167
AT3G02050,-0.21397471
AT3G02060,-0.09330058
AT3G02065,-0.11557166
AT3G02070,0.18974479
AT3G02080,0.06681151
AT3G02090,0.25532794
AT3G02100,0.038306925
AT3G02110,-0.5316246
AT3G02120,-0.10556567
AT3G02125,0.0
AT3G02130,-0.19102368
AT3G02140,1.1729164
AT3G02150,0.50731874
AT3G02160,0.4164726
AT3G02170,-0.46881574
AT3G02180,-0.16774996
AT3G02190,0.13499294
AT3G02200,0.06849442
AT3G02210,-0.05676707
AT3G02220,0.0372959
AT3G02230,0.92000365
AT3G02240,0.50918365
AT3G02242,0.0
AT3G02245,0.0
AT3G02250,-0.36013106
AT3G02255,0.0
AT3G02260,0.24381118
AT3G02270,0.042047374
AT3G02280,-0.07368396
AT3G02290,0.083097935
AT3G02300,-0.07805122
AT3G02310,0.03493056
AT3G02320,0.045834385
AT3G02330,0.057930842
AT3G02340,0.07932252
AT3G02350,-0.020805465
AT3G02360,0.49504486
AT3G02370,-0.053725544
AT3G02380,-0.65410143
AT3G02390,0.045899305
AT3G02400,-0.46640715
AT3G02410,0.007321674
AT3G02420,0.06352389
AT3G02430,0.0
AT3G02440,0.0
AT3G02450,0.07128726
AT3G02460,0.20652032
AT3G02470,0.5131393
AT3G02480,1.9055251
AT3G02490,-0.24310844
AT3G02493,0.0
AT3G02500,-0.09293045
AT3G02510,-0.3174424
AT3G02520,0.40537918
AT3G02530,-0.09659954
AT3G02540,-0.25082135
AT3G02550,0.10849372
AT3G02555,-0.20265982
AT3G02560,0.078916416
AT3G02570,-0.105825596
AT3G02580,-0.0638681
AT3G02590,0.0
AT3G02600,0.009361961
AT3G02610,0.18487099
AT3G02620,0.27881595
AT3G02630,-0.16959588
AT3G02640,-0.10525957
AT3G02645,0.0
AT3G02650,0.05366317
AT3G02660,-0.10195983
AT3G02670,0.0
AT3G02673,0.0
AT3G02677,0.02223215
AT3G02680,-0.19045964
AT3G02690,-0.27359635
AT3G02700,-0.04060476
AT3G02710,-0.033720765
AT3G02720,-0.13822185
AT3G02730,-0.4049742
AT3G02740,0.27885747
AT3G02750,-0.09318717
AT3G02760,-0.14416456
AT3G02770,0.011148283
AT3G02780,0.27535737
AT3G02790,0.22762679
AT3G02800,0.79570854
AT3G02810,-0.010022458
AT3G02820,0.12963592
AT3G02830,-0.48633307
AT3G02840,1.3347012
AT3G02850,-0.15677038
AT3G02860,-0.1139148
AT3G02870,-0.43377995
AT3G02875,1.4174083
AT3G02880,0.65377116
AT3G02885,0.5304096
AT3G02890,-0.12959348
AT3G02900,0.057007093
AT3G02910,-0.03964431
AT3G02920,-0.02909114
AT3G02930,-0.00818614
AT3G02940,0.30378148
AT3G02950,-0.27679646
AT3G02960,0.0
AT3G02970,0.040475562
AT3G02975,0.0
AT3G02980,-0.39877772
AT3G02990,0.25552586
AT3G03000,0.002639124
AT3G03010,-0.1235004
AT3G03020,0.011040081
AT3G03030,-0.115190506
AT3G03040,-0.242528
AT3G03050,0.47288755
AT3G03060,0.14292108
AT3G03070,0.08310765
AT3G03080,0.0
AT3G03090,-0.10258701
AT3G03100,0.32344118
AT3G03110,0.27103448
AT3G03120,-0.16867127
AT3G03130,-0.1046802
AT3G03140,0.10882347
AT3G03150,0.11519367
AT3G03160,0.43657348
AT3G03170,0.024241488
AT3G03180,-0.24237359
AT3G03190,-0.47094074
AT3G03200,-0.1286396
AT3G03210,-0.06456089
AT3G03220,-0.030131817
AT3G03230,0.067791894
AT3G03240,0.16629472
AT3G03250,-0.11891351
AT3G03260,-0.014502965
AT3G03270,-0.17646657
AT3G03272,0.0
AT3G03280,-0.04230479
AT3G03290,0.0
AT3G03300,-0.26688248
AT3G03305,0.055568613
AT3G03310,0.55006117
AT3G03320,0.38420123
AT3G03330,0.17672902
AT3G03340,0.019691316
AT3G03341,0.416374
AT3G03350,-0.0927931
AT3G03360,-0.09701529
AT3G03370,0.089167506
AT3G03380,-0.006151132
AT3G03400,0.0
AT3G03405,0.0
AT3G03410,0.0
AT3G03420,-0.012657536
AT3G03430,0.0068619517
AT3G03440,0.4829408
AT3G03450,-0.6170302
AT3G03460,0.032383334
AT3G03470,0.33560976
AT3G03480,1.1721244
AT3G03490,0.16968419
AT3G03500,0.0
AT3G03510,0.0
AT3G03520,-0.15956436
AT3G03530,0.8745087
AT3G03540,0.0
AT3G03550,-0.11546656
AT3G03560,0.23076688
AT3G03570,0.15471023
AT3G03580,-0.19889385
AT3G03590,0.015818257
AT3G03600,0.19411616
AT3G03610,0.61966306
AT3G03620,0.11584677
AT3G03630,0.018859435
AT3G03640,-0.29830065
AT3G03650,0.14746435
AT3G03660,0.0
AT3G03670,0.0
AT3G03680,-0.30300957
AT3G03690,-0.30048138
AT3G03700,0.7121743
AT3G03710,-0.15412027
AT3G03720,0.11521331
AT3G03726,0.0
AT3G03730,0.0
AT3G03740,0.22036366
AT3G03750,0.18456465
AT3G03760,0.0
AT3G03770,-0.7759123
AT3G03773,-0.12247979
AT3G03776,-0.01403494
AT3G03780,-0.045853004
AT3G03790,0.04033524
AT3G03800,-0.016074775
AT3G03810,0.13547195
AT3G03820,-0.43042305
AT3G03826,0.0
AT3G03828,0.0
AT3G03830,-0.15318935
AT3G03840,-0.35427782
AT3G03847,-0.016074775
AT3G03850,-0.16765003
AT3G03860,0.15143923
AT3G03870,0.01809373
AT3G03880,0.037360713
AT3G03890,0.357982
AT3G03900,-0.15937687
AT3G03910,-0.5632627
AT3G03920,-0.00520776
AT3G03930,-0.043200273
AT3G03940,-0.17186454
AT3G03950,0.05125887
AT3G03960,-0.026757447
AT3G03970,0.1395825
AT3G03980,-0.11466696
AT3G03990,0.44545364
AT3G04000,0.9713085
AT3G04010,1.3419164
AT3G04020,-0.18580793
AT3G04030,-0.2963927
AT3G04040,0.3029567
AT3G04050,0.060671207
AT3G04060,0.69759667
AT3G04070,1.7139252
AT3G04080,0.25982597
AT3G04090,0.18599981
AT3G04100,-0.023106096
AT3G04110,-0.14151768
AT3G04120,0.2730627
AT3G04130,-0.25061923
AT3G04140,-0.75332594
AT3G04150,0.0
AT3G04160,-0.32385713
AT3G04170,0.019470116
AT3G04180,0.0
AT3G04181,0.18338501
AT3G04184,-0.0382845
AT3G04190,0.0
AT3G04200,-0.019066786
AT3G04210,0.029480515
AT3G04220,1.5074912
AT3G04230,0.09092659
AT3G04240,0.33849472
AT3G04250,0.0
AT3G04260,-0.18454602
AT3G04270,0.0
AT3G04280,0.0
AT3G04290,0.74981225
AT3G04300,-0.016345346
AT3G04310,-0.2614856
AT3G04320,3.192879
AT3G04330,0.0
AT3G04340,-0.2540497
AT3G04350,0.1820973
AT3G04360,-0.10883997
AT3G04370,0.0
AT3G04380,-0.09424433
AT3G04390,0.0
AT3G04410,0.0
AT3G04420,-0.1992738
AT3G04430,0.0
AT3G04440,0.10915953
AT3G04443,-0.35533333
AT3G04450,-0.3848831
AT3G04460,0.02435613
AT3G04470,-0.09641745
AT3G04480,0.06991445
AT3G04490,-0.04893382
AT3G04500,0.13734065
AT3G04510,-0.094556205
AT3G04520,0.15128636
AT3G04530,-0.066093996
AT3G04540,0.0
AT3G04545,0.0
AT3G04550,-0.18901712
AT3G04560,-0.082280874
AT3G04570,0.0
AT3G04580,0.22309354
AT3G04590,0.075906254
AT3G04600,0.25864774
AT3G04610,-0.03742642
AT3G04620,0.2940829
AT3G04630,0.57077
AT3G04640,1.0508095
AT3G04650,0.2800152
AT3G04660,0.019470116
AT3G04670,0.2292152
AT3G04680,0.030139036
AT3G04690,0.28783074
AT3G04700,-0.15843411
AT3G04710,-0.104838595
AT3G04720,1.5409994
AT3G04730,-0.33955005
AT3G04735,-0.03164881
AT3G04740,0.053334337
AT3G04750,-0.20420419
AT3G04760,-0.1806876
AT3G04770,0.06294477
AT3G04780,0.27575827
AT3G04790,-0.047174957
AT3G04800,0.013755304
AT3G04810,-0.20746572
AT3G04820,0.01973204
AT3G04830,-0.013472618
AT3G04840,0.2473607
AT3G04850,-0.10162034
AT3G04854,0.0032121476
AT3G04855,0.0
AT3G04860,-0.2762701
AT3G04870,0.013796114
AT3G04880,-0.059060805
AT3G04890,-0.23727947
AT3G04900,0.0006763258
AT3G04903,0.0
AT3G04910,-0.34776524
AT3G04920,-0.08110051
AT3G04930,-0.050912254
AT3G04940,-0.41015518
AT3G04943,0.0
AT3G04945,0.0
AT3G04950,-0.04210046
AT3G04960,-0.3253617
AT3G04970,-0.012262053
AT3G04980,-0.116197966
AT3G04990,0.0
AT3G05000,-0.14240682
AT3G05010,0.19411445
AT3G05020,-0.031614844
AT3G05030,-0.1856317
AT3G05035,-0.18894969
AT3G05040,0.045327656
AT3G05050,0.3951996
AT3G05060,0.006597638
AT3G05070,0.07460097
AT3G05080,0.0
AT3G05090,0.16558611
AT3G05100,-0.12770739
AT3G05110,0.040204994
AT3G05120,-0.15830609
AT3G05130,-0.039695907
AT3G05140,-0.08442686
AT3G05150,0.006658116
AT3G05155,0.015380147
AT3G05160,-0.22828911
AT3G05165,0.24952525
AT3G05170,0.16017903
AT3G05180,-0.78202784
AT3G05190,-0.3285785
AT3G05200,0.37739795
AT3G05210,-0.0047660256
AT3G05220,-0.11589167
AT3G05230,0.07350132
AT3G05240,-0.21641786
AT3G05250,-0.039569996
AT3G05260,-0.0739536
AT3G05270,-0.24432921
AT3G05280,0.17084686
AT3G05290,0.13959731
AT3G05300,0.0
AT3G05310,0.0
AT3G05320,-0.20822331
AT3G05327,-0.070852585
AT3G05330,0.3230576
AT3G05340,-0.3747264
AT3G05345,-0.35231647
AT3G05350,-0.0031446363
AT3G05360,1.3362403
AT3G05365,0.062193234
AT3G05370,-0.27202234
AT3G05380,0.14570338
AT3G05390,1.8111225
AT3G05400,1.3208696
AT3G05410,-0.15929079
AT3G05420,0.16708875
AT3G05425,0.0
AT3G05430,-0.30519032
AT3G05440,0.0
AT3G05450,0.0
AT3G05460,0.0
AT3G05470,0.14806354
AT3G05480,0.017587401
AT3G05490,-0.07431267
AT3G05500,0.6018566
AT3G05510,0.04887487
AT3G05520,-0.12439494
AT3G05530,0.13263504
AT3G05540,0.0
AT3G05545,-0.034047257
AT3G05550,-0.026086157
AT3G05560,0.26010147
AT3G05570,0.36113113
AT3G05580,0.37616614
AT3G05590,0.074323885
AT3G05600,0.23283869
AT3G05610,0.0
AT3G05620,-0.20597632
AT3G05625,-0.113201916
AT3G05630,1.9096297
AT3G05640,0.9851015
AT3G05650,0.23928972
AT3G05660,-0.1714256
AT3G05670,-0.19728981
AT3G05675,-0.3584318
AT3G05680,-0.05741708
AT3G05685,-0.13638206
AT3G05690,-0.6206395
AT3G05700,-0.115859225
AT3G05710,0.18738717
AT3G05720,0.019470116
AT3G05725,0.0
AT3G05727,0.0
AT3G05730,0.07907861
AT3G05740,-0.14955221
AT3G05741,0.0
AT3G05746,0.0
AT3G05750,-0.5525176
AT3G05760,-0.17777276
AT3G05770,0.05655034
AT3G05775,0.0
AT3G05780,0.01517929
AT3G05790,-0.09365814
AT3G05800,-0.34367555
AT3G05810,0.07346254
AT3G05820,-0.13340768
AT3G05830,0.19797173
AT3G05840,0.008601791
AT3G05850,-0.12411539
AT3G05858,0.0
AT3G05860,0.0
AT3G05870,0.11002249
AT3G05880,0.119065784
AT3G05890,0.3196603
AT3G05900,-0.44857308
AT3G05910,-0.36800903
AT3G05920,0.0
AT3G05930,0.12764865
AT3G05935,-0.087803654
AT3G05936,-0.37812454
AT3G05937,0.22662418
AT3G05940,-0.0060462453
AT3G05950,-0.014502965
AT3G05960,-0.014502965
AT3G05970,0.3654474
AT3G05975,0.0
AT3G05980,-0.015212603
AT3G05990,0.12128164
AT3G06000,0.0
AT3G06010,-0.19106394
AT3G06019,0.0
AT3G06020,-0.24887884
AT3G06030,-0.075664625
AT3G06035,-0.18458779
AT3G06040,0.06723577
AT3G06050,0.42264917
AT3G06060,0.14484844
AT3G06070,-0.66164476
AT3G06080,-0.21199013
AT3G06085,0.01517929
AT3G06090,0.0
AT3G06100,-0.08254841
AT3G06110,-0.006686036
AT3G06120,0.03710974
AT3G06130,-0.35536906
AT3G06140,-0.33738494
AT3G06150,-0.2601463
AT3G06160,-0.10885477
AT3G06170,0.10138946
AT3G06180,0.18734245
AT3G06190,0.049415436
AT3G06200,-0.09387882
AT3G06210,-0.14350714
AT3G06220,-0.062733114
AT3G06230,0.0
AT3G06240,0.21813686
AT3G06250,-0.0059214714
AT3G06260,-0.014502965
AT3G06270,-0.059266146
AT3G06280,0.0
AT3G06290,-0.10115938
AT3G06300,0.27501515
AT3G06310,0.0019858412
AT3G06320,0.10671123
AT3G06330,-0.063183166
AT3G06340,-0.037621118
AT3G06350,0.51524067
AT3G06360,-0.12362027
AT3G06370,0.15818836
AT3G06380,0.03211601
AT3G06390,0.089415886
AT3G06400,-0.15429375
AT3G06410,-0.059136346
AT3G06420,1.3822509
AT3G06430,-0.37469906
AT3G06435,0.038195647
AT3G06436,0.0
AT3G06440,-0.2763581
AT3G06450,0.11131086
AT3G06455,-0.28586024
AT3G06460,0.0
AT3G06470,0.1516874
AT3G06480,0.08149188
AT3G06483,0.11111869
AT3G06490,2.0775964
AT3G06500,1.0323148
AT3G06510,0.13330711
AT3G06520,0.12869157
AT3G06530,0.3024888
AT3G06540,0.14557478
AT3G06545,0.0
AT3G06550,-0.19499607
AT3G06560,0.0
AT3G06570,-0.16371593
AT3G06580,0.18052942
AT3G06590,-0.050653696
AT3G06600,0.04869213
AT3G06610,-0.11826935
AT3G06620,0.08236533
AT3G06630,-0.0422611
AT3G06640,0.05206223
AT3G06650,-0.024519624
AT3G06660,-0.1400153
AT3G06670,-0.1308182
AT3G06680,0.05544506
AT3G06690,0.093026035
AT3G06700,0.19164367
AT3G06710,0.06414538
AT3G06720,0.009221129
AT3G06730,0.04735239
AT3G06740,-0.36320361
AT3G06750,-0.8533551
AT3G06760,0.24621801
AT3G06770,-0.43086457
AT3G06778,0.011755778
AT3G06780,0.47859296
AT3G06790,0.16510618
AT3G06810,1.0479827
AT3G06820,-0.07429359
AT3G06830,0.0
AT3G06840,0.17011477
AT3G06850,0.4516257
AT3G06860,0.6430006
AT3G06868,-0.49118984
AT3G06870,0.034649406
AT3G06880,-0.46261814
AT3G06890,0.9846878
AT3G06895,0.0
AT3G06910,-0.22052702
AT3G06920,-0.10103532
AT3G06930,-0.20346941
AT3G06950,-0.093459375
AT3G06960,-0.011962317
AT3G06970,-0.023145918
AT3G06980,-0.18852039
AT3G06985,0.019470116
AT3G06990,-0.028166262
AT3G07000,-0.07580743
AT3G07005,0.0
AT3G07010,-0.82367027
AT3G07020,0.051217545
AT3G07030,-0.08159768
AT3G07040,0.17529558
AT3G07050,0.111938916
AT3G07060,0.06512801
AT3G07070,0.0049671503
AT3G07080,-0.021690799
AT3G07090,0.56054056
AT3G07100,0.15418386
AT3G07110,0.18941398
AT3G07120,0.10731925
AT3G07130,-0.0055579445
AT3G07140,0.036238242
AT3G07150,-0.04989688
AT3G07160,0.30297083
AT3G07170,0.09734121
AT3G07180,-0.054776624
AT3G07190,-0.23334852
AT3G07195,0.73739576
AT3G07200,-0.44661382
AT3G07210,-0.10900948
AT3G07220,0.032191608
AT3G07230,-0.0018138483
AT3G07250,0.01517929
AT3G07255,0.52132124
AT3G07260,-0.055610087
AT3G07270,-0.10801188
AT3G07273,-0.090433516
AT3G07290,-0.14573705
AT3G07300,0.045877017
AT3G07310,-0.21110816
AT3G07320,0.208386
AT3G07330,0.09772967
AT3G07340,-0.016676206
AT3G07350,0.32204977
AT3G07360,-0.32957116
AT3G07370,0.3272579
AT3G07380,-0.18495697
AT3G07390,0.93565774
AT3G07400,-0.06635546
AT3G07410,-0.35835665
AT3G07420,-0.27633506
AT3G07425,-0.04230479
AT3G07430,0.23953387
AT3G07440,-0.29052928
AT3G07450,0.0
AT3G07460,0.013364995
AT3G07470,0.17812575
AT3G07480,0.46188286
AT3G07490,-0.016074775
AT3G07500,-0.35346317
AT3G07510,-0.33722925
AT3G07520,-0.1483729
AT3G07522,0.0
AT3G07525,-0.0033983036
AT3G07530,0.059134647
AT3G07540,-0.7481808
AT3G07550,-0.099668995
AT3G07560,0.23760286
AT3G07565,-0.009396646
AT3G07570,0.3685336
AT3G07580,0.20288429
AT3G07590,0.054873068
AT3G07600,-0.08445671
AT3G07610,-0.10355963
AT3G07620,0.0
AT3G07630,0.114686616
AT3G07640,0.113272026
AT3G07650,0.29128635
AT3G07660,0.061389226
AT3G07670,-0.26692644
AT3G07680,0.13818167
AT3G07690,0.08298986
AT3G07700,0.32615352
AT3G07710,0.0
AT3G07720,0.37605992
AT3G07730,-0.051616553
AT3G07740,-0.0926564
AT3G07750,0.029855354
AT3G07760,0.048496127
AT3G07770,-0.20929778
AT3G07780,0.22052132
AT3G07790,0.13035175
AT3G07800,0.32296988
AT3G07810,0.11086427
AT3G07820,0.0
AT3G07830,0.0
AT3G07840,0.0
AT3G07850,0.01517929
AT3G07860,0.03991768
AT3G07870,-0.10094036
AT3G07880,-0.088048324
AT3G07890,-0.05600021
AT3G07900,0.01517929
AT3G07910,0.32045996
AT3G07920,-0.016074775
AT3G07930,-0.06754868
AT3G07940,-0.10110493
AT3G07950,0.15193722
AT3G07960,-0.24056369
AT3G07970,1.6781554
AT3G07980,0.19015633
AT3G07990,-0.28632426
AT3G08000,-0.13990922
AT3G08010,-0.09393134
AT3G08020,-0.14668608
AT3G08030,-0.2915438
AT3G08040,0.2855259
AT3G08490,-0.11997265
AT3G08500,0.06527693
AT3G08505,-0.17811091
AT3G08510,-0.23763603
AT3G08530,0.12666398
AT3G08550,0.01212347
AT3G08560,0.0
AT3G08570,-0.38776615
AT3G08580,0.30600572
AT3G08590,0.14670002
AT3G08600,-0.15272674
AT3G08610,0.23897
AT3G08620,-0.1666261
AT3G08630,0.45209843
AT3G08636,0.0
AT3G08640,0.549116
AT3G08650,0.20720293
AT3G08660,-0.62454987
AT3G08670,-0.3575662
AT3G08680,-0.40969366
AT3G08690,0.2892868
AT3G08700,0.08229486
AT3G08710,0.24743223
AT3G08720,0.74112797
AT3G08730,0.1773153
AT3G08740,0.05142504
AT3G08750,0.06345805
AT3G08760,0.6374202
AT3G08770,0.18647464
AT3G08780,0.0848077
AT3G08790,0.012981275
AT3G08800,-0.12136937
AT3G08810,0.02014644
AT3G08820,-0.12405103
AT3G08840,-0.15737352
AT3G08850,0.021157784
AT3G08860,0.1310942
AT3G08870,0.34105736
AT3G08880,0.029735595
AT3G08890,-0.15158832
AT3G08900,0.053486217
AT3G08910,0.18634719
AT3G08920,-0.36375502
AT3G08930,0.009199049
AT3G08940,-0.3522634
AT3G08943,0.098490775
AT3G08947,-0.020402974
AT3G08950,0.1879055
AT3G08960,-0.062456496
AT3G08970,0.65846324
AT3G08980,-0.05513433
AT3G08990,0.33888128
AT3G09000,0.34272146
AT3G09010,1.0384879
AT3G09020,0.26359132
AT3G09030,0.05898942
AT3G09032,0.17100821
AT3G09035,-0.29603896
AT3G09040,-0.059250295
AT3G09050,-0.33363256
AT3G09055,0.12960236
AT3G09060,-0.120605536
AT3G09070,-0.43593365
AT3G09080,-0.029495258
AT3G09085,0.34628102
AT3G09090,-0.024383523
AT3G09100,0.018482482
AT3G09110,0.0
AT3G09120,0.0
AT3G09130,0.0
AT3G09140,0.0
AT3G09150,0.083874054
AT3G09160,-0.3005103
AT3G09162,-0.38123548
AT3G09180,0.113116674
AT3G09190,-0.38874263
AT3G09200,0.30654043
AT3G09210,-0.20712818
AT3G09220,4.097349
AT3G09230,-0.3049974
AT3G09240,-0.0041863583
AT3G09250,0.043768253
AT3G09260,0.34133118
AT3G09270,1.7153182
AT3G09280,-0.01646952
AT3G09290,0.057684936
AT3G09300,0.060147464
AT3G09310,-0.27456924
AT3G09320,0.057135735
AT3G09330,-0.13065527
AT3G09340,0.09139873
AT3G09350,0.9619667
AT3G09360,-0.09530687
AT3G09370,-0.13683034
AT3G09380,0.0
AT3G09390,0.6868014
AT3G09400,0.1275005
AT3G09405,1.7103918
AT3G09410,-0.33874914
AT3G09430,0.0853769
AT3G09440,0.7466367
AT3G09450,0.55431145
AT3G09455,0.0023910494
AT3G09470,-0.104384296
AT3G09480,0.25450575
AT3G09490,0.5463518
AT3G09500,-0.11424828
AT3G09510,0.0
AT3G09520,1.1352638
AT3G09530,0.0
AT3G09540,-0.34719878
AT3G09550,-0.23999722
AT3G09560,0.06217219
AT3G09570,0.24914232
AT3G09580,-0.13774702
AT3G09590,0.0
AT3G09600,-0.26464912
AT3G09620,-0.03057774
AT3G09630,0.12592436
AT3G09640,-0.0007476615
AT3G09650,-0.2935043
AT3G09660,-0.18033373
AT3G09670,-0.09934789
AT3G09680,0.0006763258
AT3G09690,0.047649447
AT3G09700,0.05737838
AT3G09710,-0.28236815
AT3G09720,0.12146409
AT3G09730,-0.12890725
AT3G09735,0.31257153
AT3G09740,0.10178702
AT3G09750,0.019470116
AT3G09760,-0.06685232
AT3G09770,-0.07466195
AT3G09780,-0.080845244
AT3G09790,-0.05644587
AT3G09800,-0.30218464
AT3G09810,0.7797775
AT3G09820,-0.095755555
AT3G09830,0.26100302
AT3G09840,0.24429488
AT3G09850,0.017028
AT3G09860,-0.23065849
AT3G09863,0.0
AT3G09870,0.019470116
AT3G09880,-0.040130567
AT3G09890,0.13522051
AT3G09900,-0.049968176
AT3G09910,0.17434123
AT3G09920,-0.015623981
AT3G09925,0.0
AT3G09930,0.0
AT3G09940,1.1907173
AT3G09950,0.049300194
AT3G09960,0.6907268
AT3G09970,0.011690481
AT3G09980,-0.45680562
AT3G09990,0.0
AT3G10000,0.0049671503
AT3G10010,0.0047827405
AT3G10020,-0.17645155
AT3G10030,-0.116346866
AT3G10040,-0.51480263
AT3G10050,0.14387363
AT3G10060,-0.5515038
AT3G10070,0.27178133
AT3G10080,-0.43844745
AT3G10090,0.042614017
AT3G10110,0.05699404
AT3G10113,-0.024186132
AT3G10116,-0.014502965
AT3G10120,-0.51761377
AT3G10130,-0.07770222
AT3G10140,-0.19216669
AT3G10150,-0.26461262
AT3G10160,-0.39342004
AT3G10180,-0.33266595
AT3G10185,0.0
AT3G10190,-0.15281254
AT3G10195,0.0
AT3G10200,-0.41384414
AT3G10210,-0.07320086
AT3G10220,-0.0102814
AT3G10230,-0.105658166
AT3G10240,0.0
AT3G10250,-0.030563863
AT3G10260,0.063800015
AT3G10270,-0.13547663
AT3G10280,0.0020931168
AT3G10290,0.04668293
AT3G10300,0.57264996
AT3G10310,-0.19276516
AT3G10320,1.7768902
AT3G10330,-0.05512579
AT3G10340,0.59088147
AT3G10350,-0.07829719
AT3G10360,-0.329846
AT3G10370,0.39604965
AT3G10380,0.2814651
AT3G10390,-0.13378769
AT3G10400,0.01763501
AT3G10405,-0.4717593
AT3G10410,0.21992892
AT3G10420,-0.14644206
AT3G10430,0.0
AT3G10439,0.0
AT3G10440,-0.19980799
AT3G10450,0.57537997
AT3G10455,0.0
AT3G10460,0.0
AT3G10470,0.089415886
AT3G10480,-0.06835721
AT3G10490,0.10641925
AT3G10500,0.716376
AT3G10510,0.15205485
AT3G10520,-1.0031446
AT3G10525,-0.27267772
AT3G10527,0.01517929
AT3G10530,0.078503154
AT3G10540,-0.028489957
AT3G10550,0.48151025
AT3G10560,0.24669957
AT3G10570,-0.18941262
AT3G10572,-0.07805499
AT3G10580,0.0
AT3G10585,0.0
AT3G10590,0.12764865
AT3G10595,0.0
AT3G10600,-0.12559237
AT3G10605,-0.016074775
AT3G10610,0.14438157
AT3G10620,0.025170345
AT3G10630,-0.12824187
AT3G10640,0.60168326
AT3G10650,0.06950617
AT3G10660,0.48207217
AT3G10670,0.13883124
AT3G10680,-0.36862403
AT3G10690,-0.03368166
AT3G10700,-0.1755389
AT3G10710,0.0
AT3G10720,-0.25102547
AT3G10730,-0.04171425
AT3G10740,0.18846808
AT3G10750,0.1938274
AT3G10760,-0.3431179
AT3G10770,0.0038029265
AT3G10780,0.09042028
AT3G10790,0.083809994
AT3G10800,0.24071838
AT3G10810,-0.27503142
AT3G10820,-0.14010939
AT3G10840,-0.598646
AT3G10845,0.0
AT3G10850,-0.17097743
AT3G10860,0.28121555
AT3G10870,-0.1228498
AT3G10880,-0.014427728
AT3G10890,-0.013417798
AT3G10900,0.0
AT3G10910,-0.23528351
AT3G10915,0.09677989
AT3G10920,0.2696653
AT3G10930,0.7433178
AT3G10940,-0.52589476
AT3G10950,0.0
AT3G10960,0.24004848
AT3G10970,0.012593429
AT3G10974,0.0
AT3G10980,0.067502685
AT3G10985,1.0263418
AT3G10986,0.009709837
AT3G10990,0.0
AT3G11000,-0.014502965
AT3G11010,0.7570684
AT3G11020,0.20764734
AT3G11030,-0.09586606
AT3G11040,-0.1032242
AT3G11050,0.07207275
AT3G11060,0.0
AT3G11070,-0.022365285
AT3G11080,0.65224993
AT3G11090,-0.23249266
AT3G11100,-0.0074037365
AT3G11110,-0.30201596
AT3G11130,0.20990577
AT3G11150,1.4676163
AT3G11160,-0.070539996
AT3G11165,0.0
AT3G11170,-0.28593096
AT3G11180,0.0
AT3G11200,0.19501631
AT3G11210,-0.06957116
AT3G11220,0.15578145
AT3G11230,0.28508002
AT3G11240,-0.21748948
AT3G11250,0.06935492
AT3G11260,0.058161825
AT3G11270,0.31408522
AT3G11280,-0.1272117
AT3G11290,-0.17765811
AT3G11300,0.0
AT3G11310,0.0
AT3G11320,0.20857312
AT3G11325,0.068137005
AT3G11330,0.48977146
AT3G11340,2.370728
AT3G11350,0.0
AT3G11370,0.019470116
AT3G11380,0.0
AT3G11385,0.0
AT3G11390,0.019470116
AT3G11397,0.080758624
AT3G11400,0.04792142
AT3G11402,0.42772162
AT3G11405,0.0
AT3G11410,0.2547376
AT3G11420,0.38037726
AT3G11430,2.7235029
AT3G11440,-0.014627323
AT3G11450,-0.061632387
AT3G11460,-0.047446676
AT3G11470,-0.060477633
AT3G11480,2.0723088
AT3G11490,-0.23130396
AT3G11500,-0.0038867674
AT3G11510,0.18065631
AT3G11520,0.015204947
AT3G11530,0.13291518
AT3G11540,-0.06297285
AT3G11550,0.0
AT3G11570,0.68161273
AT3G11580,0.599559
AT3G11590,-0.31249645
AT3G11591,0.18188383
AT3G11600,0.3772777
AT3G11620,-0.16174047
AT3G11630,-0.19934888
AT3G11640,-0.10410151
AT3G11650,0.18499745
AT3G11660,-0.025320675
AT3G11670,-0.37263307
AT3G11680,0.0
AT3G11690,0.20829129
AT3G11700,-0.36989316
AT3G11710,-0.002423619
AT3G11720,-0.16357149
AT3G11730,-0.14067812
AT3G11740,0.0
AT3G11745,-0.12383032
AT3G11750,-0.122928865
AT3G11760,-0.098359615
AT3G11770,0.3919856
AT3G11773,0.29309303
AT3G11780,0.5219266
AT3G11800,0.15726472
AT3G11810,0.08638791
AT3G11820,0.59029686
AT3G11825,0.0
AT3G11830,0.03124727
AT3G11840,0.6672772
AT3G11850,-0.11311538
AT3G11860,0.0
AT3G11870,0.0
AT3G11880,0.023432193
AT3G11890,-0.018000111
AT3G11900,0.16321534
AT3G11910,0.019764509
AT3G11920,0.14627412
AT3G11930,0.1760963
AT3G11940,0.17976971
AT3G11945,-0.1083068
AT3G11950,-0.08265012
AT3G11960,0.021184307
AT3G11964,0.041743077
AT3G11980,-0.014502965
AT3G11990,0.0
AT3G12000,0.0
AT3G12010,-0.043530293
AT3G12020,-0.20608117
AT3G12030,0.17906044
AT3G12040,0.13492242
AT3G12050,0.0859115
AT3G12060,0.10441181
AT3G12070,0.15513691
AT3G12080,-0.0841029
AT3G12090,0.01688541
AT3G12100,0.007536245
AT3G12110,0.040499687
AT3G12120,-0.22430713
AT3G12130,0.08817261
AT3G12140,0.112499714
AT3G12145,-0.53820795
AT3G12150,-0.16158935
AT3G12160,0.0
AT3G12170,-0.042387757
AT3G12180,0.10061014
AT3G12190,0.0
AT3G12200,-0.08748333
AT3G12203,0.0
AT3G12210,0.05985166
AT3G12220,0.85729426
AT3G12230,0.90704954
AT3G12240,0.0
AT3G12250,0.056869626
AT3G12260,0.07432538
AT3G12270,0.059569854
AT3G12280,-0.0027528692
AT3G12290,0.048480816
AT3G12300,0.1712038
AT3G12320,-0.29545426
AT3G12340,-0.2788433
AT3G12345,-0.26047003
AT3G12350,-0.061846137
AT3G12360,0.15494293
AT3G12370,0.1602618
AT3G12380,-0.021588834
AT3G12390,-0.034598917
AT3G12400,0.28124037
AT3G12410,-0.0111076245
AT3G12420,0.0
AT3G12430,0.0
AT3G12440,0.0
AT3G12460,-0.052148547
AT3G12470,0.0
AT3G12480,0.09751762
AT3G12490,0.27819085
AT3G12500,1.5764291
AT3G12510,1.2036779
AT3G12520,-0.35757074
AT3G12530,-0.023708332
AT3G12540,0.019470116
AT3G12545,0.0
AT3G12550,-0.3107205
AT3G12560,-0.33251014
AT3G12570,0.09578902
AT3G12580,0.6507959
AT3G12587,0.13388385
AT3G12590,-0.067193896
AT3G12600,0.10616013
AT3G12610,-0.87288034
AT3G12620,0.2830475
AT3G12630,0.2604297
AT3G12640,0.035346862
AT3G12650,0.10594952
AT3G12660,0.0
AT3G12670,9.203795e-06
AT3G12680,0.010015232
AT3G12685,-0.19965148
AT3G12690,-0.42793328
AT3G12700,0.98959166
AT3G12710,-0.6195711
AT3G12720,0.0
AT3G12730,0.19520515
AT3G12740,0.5257423
AT3G12750,-0.1439283
AT3G12760,0.006398723
AT3G12770,-0.041385528
AT3G12775,0.0
AT3G12780,-0.42885718
AT3G12800,0.57308
AT3G12810,-0.12234448
AT3G12820,-0.18034883
AT3G12830,0.5695593
AT3G12833,0.02983008
AT3G12835,0.0
AT3G12840,0.0
AT3G12850,0.0
AT3G12860,-0.04321297
AT3G12870,-0.029317668
AT3G12880,0.02223215
AT3G12890,0.09065107
AT3G12900,0.0
AT3G12910,0.71575856
AT3G12915,-0.37468037
AT3G12920,-0.5040823
AT3G12930,-0.07991405
AT3G12940,-0.18417083
AT3G12950,-0.14843893
AT3G12955,-0.060245898
AT3G12960,0.038306925
AT3G12970,0.084940866
AT3G12977,-0.032153666
AT3G12980,0.103516355
AT3G12990,-0.061916236
AT3G13000,-0.5688855
AT3G13010,-0.014502965
AT3G13020,0.01612937
AT3G13030,-0.49185035
AT3G13040,-0.019924335
AT3G13050,0.4927465
AT3G13060,-0.12944962
AT3G13062,-0.08065378
AT3G13065,-0.24154092
AT3G13070,0.19448154
AT3G13075,0.0
AT3G13080,0.2703053
AT3G13090,0.21881506
AT3G13100,0.7725992
AT3G13110,0.33223915
AT3G13120,-0.33088714
AT3G13130,0.057226665
AT3G13140,0.0
AT3G13150,-0.0140183875
AT3G13160,0.158624
AT3G13170,0.019697526
AT3G13175,0.026255015
AT3G13180,-0.27702987
AT3G13190,-0.5252386
AT3G13200,0.13412464
AT3G13210,0.02998649
AT3G13220,0.0
AT3G13222,-0.194434
AT3G13224,0.23915406
AT3G13225,-0.18892933
AT3G13226,-0.024109391
AT3G13227,-0.016074775
AT3G13228,0.0
AT3G13229,-0.15118735
AT3G13230,0.23990029
AT3G13235,0.19151415
AT3G13240,-0.3796361
AT3G13275,0.22857419
AT3G13276,0.0063788686
AT3G13280,0.03479723
AT3G13290,-0.0012201378
AT3G13300,0.02985373
AT3G13310,0.32589185
AT3G13320,0.2471474
AT3G13330,0.47250935
AT3G13340,-0.08472159
AT3G13350,-0.10139562
AT3G13360,-0.1546333
AT3G13370,0.0
AT3G13380,1.0222226
AT3G13390,0.0
AT3G13400,0.0
AT3G13403,0.0
AT3G13404,0.06303012
AT3G13410,0.14102904
AT3G13420,-0.19284068
AT3G13430,0.48789263
AT3G13432,0.3244247
AT3G13433,1.4154471
AT3G13435,0.30698928
AT3G13437,0.020527096
AT3G13440,-0.090466596
AT3G13445,0.015577239
AT3G13450,0.71780586
AT3G13460,-0.042086475
AT3G13470,0.07481887
AT3G13480,-0.02308171
AT3G13490,-0.010698339
AT3G13500,0.25625333
AT3G13510,-0.54798937
AT3G13520,0.357566
AT3G13530,-0.12227313
AT3G13540,-0.04370095
AT3G13550,0.025198434
AT3G13560,-0.13846554
AT3G13570,-0.06975141
AT3G13580,-0.045479003
AT3G13590,-0.31318653
AT3G13600,0.2817305
AT3G13610,2.471771
AT3G13620,-0.2118743
AT3G13624,0.0
AT3G13630,0.0
AT3G13640,-0.049165517
AT3G13650,0.8164981
AT3G13660,0.22024342
AT3G13662,0.0
AT3G13670,0.28327468
AT3G13672,0.42412764
AT3G13674,0.117762625
AT3G13677,-0.22180882
AT3G13680,-0.029492572
AT3G13682,-0.3166249
AT3G13690,-0.6116844
AT3G13700,-0.30664492
AT3G13710,-0.8084501
AT3G13720,0.38408768
AT3G13730,-0.34971175
AT3G13750,-0.2488986
AT3G13760,-0.014502965
AT3G13770,-0.18226913
AT3G13772,-0.060379937
AT3G13780,-0.09937214
AT3G13782,-0.025932115
AT3G13784,0.049300194
AT3G13790,1.1416612
AT3G13800,0.03626652
AT3G13810,-0.058173362
AT3G13820,0.034649406
AT3G13825,0.0
AT3G13830,0.0
AT3G13840,0.02983008
AT3G13845,0.08226057
AT3G13850,-0.07049328
AT3G13855,0.0
AT3G13860,-0.079048224
AT3G13870,0.1273692
AT3G13880,-0.08487922
AT3G13882,-0.20894612
AT3G13890,0.0
AT3G13898,0.0
AT3G13900,0.0
AT3G13910,0.64356595
AT3G13920,0.287507
AT3G13930,0.3082797
AT3G13940,-0.010164447
AT3G13950,2.3222349
AT3G13960,0.039539915
AT3G13970,-0.21098606
AT3G13980,-0.5787806
AT3G13990,0.11674809
AT3G14000,-0.25954682
AT3G14010,0.035130214
AT3G14020,-0.15994073
AT3G14030,0.0
AT3G14040,0.0
AT3G14050,0.6112602
AT3G14060,1.517118
AT3G14067,-0.2801641
AT3G14070,0.26632592
AT3G14075,0.16555892
AT3G14080,0.06181859
AT3G14090,0.24406157
AT3G14100,-0.16873567
AT3G14110,-0.19750614
AT3G14120,-0.15046331
AT3G14130,0.12670656
AT3G14140,0.0
AT3G14150,-0.5160045
AT3G14160,0.098149315
AT3G14170,0.0054653226
AT3G14172,0.062274512
AT3G14180,0.09603306
AT3G14190,0.09561683
AT3G14200,-0.05994428
AT3G14205,-0.14921474
AT3G14210,-0.6105998
AT3G14220,-0.30954698
AT3G14225,0.33637488
AT3G14230,0.048955493
AT3G14240,-0.5525593
AT3G14250,0.0
AT3G14260,0.0
AT3G14270,0.20843466
AT3G14280,0.3005967
AT3G14290,0.056737214
AT3G14300,0.019470116
AT3G14310,-0.41787693
AT3G14320,0.0
AT3G14330,-0.4023421
AT3G14340,0.0
AT3G14350,-0.13991679
AT3G14360,-0.093703546
AT3G14362,0.0
AT3G14370,-0.011270162
AT3G14380,-0.055353794
AT3G14390,0.02636313
AT3G14395,0.16495793
AT3G14400,0.08673247
AT3G14410,-0.06446169
AT3G14415,-0.457244
AT3G14420,-0.59230125
AT3G14430,0.36031792
AT3G14440,0.8068433
AT3G14450,-0.6051562
AT3G14452,0.0
AT3G14460,1.0393206
AT3G14463,-0.027180882
AT3G14467,0.05082301
AT3G14470,0.56976175
AT3G14480,0.0
AT3G14490,0.0
AT3G14510,0.0
AT3G14520,0.0
AT3G14530,0.0
AT3G14540,0.0
AT3G14550,-0.026821587
AT3G14560,0.30794832
AT3G14570,-0.5467605
AT3G14580,-0.18562877
AT3G14590,0.41551176
AT3G14595,0.14168283
AT3G14600,0.034802623
AT3G14610,0.20287618
AT3G14620,1.088316
AT3G14630,0.38952574
AT3G14640,0.0049671503
AT3G14650,-0.27709574
AT3G14660,0.065182246
AT3G14670,0.07715505
AT3G14680,0.849125
AT3G14690,0.24987213
AT3G14700,0.064085945
AT3G14710,-0.15746452
AT3G14720,0.26986903
AT3G14730,-0.13494395
AT3G14740,-0.24940906
AT3G14750,0.13836172
AT3G14760,0.15540986
AT3G14770,1.9743301
AT3G14780,0.1460774
AT3G14790,0.2051463
AT3G14810,0.05898763
AT3G14820,0.01517929
AT3G14830,-0.00094142056
AT3G14840,0.155253
AT3G14850,1.2613801
AT3G14860,-0.16428399
AT3G14870,0.0480266
AT3G14880,0.0
AT3G14890,-0.32642764
AT3G14900,0.19695807
AT3G14910,0.07253557
AT3G14920,0.046707887
AT3G14930,-0.12448207
AT3G14940,0.10734323
AT3G14950,0.0
AT3G14960,0.21477729
AT3G14970,0.0
AT3G14980,-0.31251708
AT3G14981,0.0
AT3G14990,0.8971298
AT3G15000,0.11215626
AT3G15010,0.048597995
AT3G15020,0.6126639
AT3G15030,-0.27217487
AT3G15040,0.30317798
AT3G15050,0.0060809124
AT3G15060,0.5415657
AT3G15070,-0.057069145
AT3G15080,0.19791175
AT3G15090,-0.06042114
AT3G15095,-0.81795776
AT3G15110,-0.1416105
AT3G15110,-0.1416105
AT3G15111,0.0
AT3G15120,-0.17991811
AT3G15130,-0.009461728
AT3G15140,-0.0058054356
AT3G15150,-0.2642201
AT3G15160,0.0077344724
AT3G15170,-0.17712076
AT3G15180,0.15118073
AT3G15190,-0.17198135
AT3G15200,-0.1835382
AT3G15210,0.33023533
AT3G15220,-0.33316445
AT3G15240,-0.04675236
AT3G15250,0.0
AT3G15251,0.0
AT3G15260,-0.16809943
AT3G15270,0.2992108
AT3G15280,-0.041266583
AT3G15290,0.10134381
AT3G15300,0.005681778
AT3G15340,-0.047520127
AT3G15348,0.0
AT3G15350,-0.097904555
AT3G15351,-0.056300275
AT3G15352,0.77865815
AT3G15353,-0.1384779
AT3G15354,-0.41035745
AT3G15355,0.06704746
AT3G15356,1.4495668
AT3G15357,0.014572216
AT3G15359,0.0
AT3G15360,-0.081672296
AT3G15370,0.040475562
AT3G15380,-0.24068654
AT3G15390,-0.18032719
AT3G15395,-0.011117866
AT3G15400,-0.14174753
AT3G15410,-0.14104062
AT3G15420,-0.09379443
AT3G15430,0.17377393
AT3G15440,0.41025972
AT3G15450,0.34983823
AT3G15460,-0.27331662
AT3G15470,-0.17090733
AT3G15480,-0.16506779
AT3G15490,0.0
AT3G15500,1.4992771
AT3G15510,-0.48547456
AT3G15518,0.84441054
AT3G15520,-0.42847106
AT3G15530,-0.43179217
AT3G15534,0.76597255
AT3G15540,-0.26423466
AT3G15548,0.0
AT3G15550,-0.09826046
AT3G15570,-0.8369147
AT3G15578,0.0
AT3G15580,0.29700398
AT3G15590,-0.14615117
AT3G15604,0.0
AT3G15605,0.0
AT3G15610,-0.26344854
AT3G15620,0.016343351
AT3G15630,0.23872773
AT3G15635,0.0
AT3G15640,-0.102470204
AT3G15650,-0.4209829
AT3G15660,0.24235946
AT3G15670,0.019470116
AT3G15680,-0.4284734
AT3G15690,-0.00016306806
AT3G15700,0.0
AT3G15710,0.03355488
AT3G15720,-0.6830474
AT3G15730,0.021145117
AT3G15740,0.02223215
AT3G15750,-0.13319314
AT3G15760,0.54555666
AT3G15770,0.12334918
AT3G15780,0.0034737992
AT3G15790,-0.45857543
AT3G15800,-0.21531895
AT3G15810,0.18843642
AT3G15820,0.44207957
AT3G15830,0.17948169
AT3G15840,-0.042636666
AT3G15850,-0.3225427
AT3G15860,0.0
AT3G15870,0.0
AT3G15880,0.14788449
AT3G15890,-0.15140854
AT3G15900,0.11522383
AT3G15909,0.0
AT3G15910,0.0
AT3G15920,-0.126369
AT3G15930,-0.16607122
AT3G15940,-0.22076097
AT3G15950,-0.36240068
AT3G15960,0.0
AT3G15970,-0.20499094
AT3G15980,0.02667894
AT3G15990,0.4154733
AT3G16000,-0.38524958
AT3G16010,-0.29645652
AT3G16020,-0.06058258
AT3G16030,-0.043886226
AT3G16040,0.019470116
AT3G16050,0.11649393
AT3G16060,-0.16683011
AT3G16070,-0.22834454
AT3G16080,0.1842765
AT3G16090,0.008703841
AT3G16100,-0.2693502
AT3G16110,0.01934654
AT3G16117,0.0
AT3G16120,-0.013003944
AT3G16130,0.0
AT3G16140,-0.26526484
AT3G16150,2.273748
AT3G16160,0.006052317
AT3G16170,0.11167339
AT3G16175,-0.22169343
AT3G16180,-0.72707176
AT3G16190,0.1720085
AT3G16200,-0.11768707
AT3G16210,0.13459541
AT3G16220,0.1998398
AT3G16230,-0.18305863
AT3G16240,-0.35902908
AT3G16250,-0.75483036
AT3G16260,-0.24806543
AT3G16270,0.22098526
AT3G16280,0.44406083
AT3G16290,-0.2796688
AT3G16300,0.02983008
AT3G16310,0.09842989
AT3G16320,-0.064316
AT3G16330,1.311732
AT3G16340,0.24227156
AT3G16350,-0.1627267
AT3G16360,-0.9106471
AT3G16370,-0.65425295
AT3G16380,0.026375582
AT3G16390,0.015327114
AT3G16400,-0.108583115
AT3G16410,0.11727211
AT3G16420,-0.10004838
AT3G16430,-0.012418285
AT3G16432,0.0
AT3G16440,0.01517929
AT3G16450,0.17356437
AT3G16460,-0.27834284
AT3G16470,-0.7740279
AT3G16480,0.05714834
AT3G16490,0.057603907
AT3G16500,0.19587386
AT3G16510,0.4723314
AT3G16520,-0.19663444
AT3G16525,0.0
AT3G16530,1.2244294
AT3G16540,0.019470116
AT3G16550,0.0
AT3G16555,0.0
AT3G16560,-0.011526953
AT3G16565,0.33985302
AT3G16570,-0.031229174
AT3G16580,0.0
AT3G16590,-0.016074775
AT3G16600,0.0
AT3G16610,-0.27193615
AT3G16620,-0.2497511
AT3G16630,0.0023781578
AT3G16640,0.107908145
AT3G16650,-0.1180703
AT3G16660,-0.19274856
AT3G16670,0.1103187
AT3G16680,0.0
AT3G16690,-0.3719552
AT3G16700,-0.08206214
AT3G16710,-0.052865725
AT3G16712,0.0
AT3G16720,0.39535668
AT3G16730,-0.19052729
AT3G16740,0.00994159
AT3G16750,-0.33301005
AT3G16760,0.14877805
AT3G16770,-0.102632426
AT3G16780,-0.04125265
AT3G16785,0.2790212
AT3G16800,-0.53382283
AT3G16810,-0.056624405
AT3G16820,0.0
AT3G16830,-0.04057063
AT3G16840,-0.19894455
AT3G16850,-0.33401904
AT3G16857,-0.05464786
AT3G16860,1.2149858
AT3G16870,0.33875233
AT3G16880,0.0
AT3G16890,-0.16137074
AT3G16895,0.0
AT3G16900,0.137141
AT3G16910,0.38332582
AT3G16920,0.43588877
AT3G16930,0.0
AT3G16940,-0.14313577
AT3G16950,-0.091487885
AT3G16960,0.0
AT3G16970,0.0
AT3G16980,-0.08262698
AT3G16990,0.32418603
AT3G17000,0.34427214
AT3G17010,0.17914417
AT3G17020,0.06676481
AT3G17030,-0.0990709
AT3G17040,-0.5438292
AT3G17050,0.0
AT3G17060,0.0
AT3G17070,-0.5284018
AT3G17080,0.0
AT3G17090,0.005142711
AT3G17100,-0.3556636
AT3G17120,-0.74655014
AT3G17130,-0.31011072
AT3G17140,0.0
AT3G17145,0.0
AT3G17152,0.0
AT3G17155,0.0
AT3G17160,-0.29106078
AT3G17170,-0.10073669
AT3G17180,0.30375308
AT3G17190,0.0
AT3G17205,0.07428202
AT3G17210,0.063783586
AT3G17220,0.0
AT3G17225,0.0
AT3G17227,0.0
AT3G17230,0.0
AT3G17240,0.52765346
AT3G17250,-0.15666926
AT3G17261,0.0
AT3G17265,-0.14142829
AT3G17270,0.0
AT3G17280,-0.3073234
AT3G17310,-0.3163754
AT3G17320,0.0
AT3G17330,-0.6419768
AT3G17340,-0.019532368
AT3G17350,-0.412732
AT3G17360,-0.092903
AT3G17365,-0.16715893
AT3G17370,0.0
AT3G17380,-0.019194623
AT3G17390,-0.10911107
AT3G17400,0.01517929
AT3G17410,0.43691146
AT3G17420,0.670641
AT3G17430,-0.054459535
AT3G17440,0.059551608
AT3G17450,-0.038442705
AT3G17460,-0.10725995
AT3G17465,-0.07549723
AT3G17470,-0.34940252
AT3G17480,0.0
AT3G17490,0.0
AT3G17500,0.0
AT3G17510,-0.3793903
AT3G17520,0.11822453
AT3G17530,0.0
AT3G17540,0.0
AT3G17550,0.0
AT3G17560,0.0
AT3G17570,0.0
AT3G17580,-0.1396888
AT3G17590,-0.089041196
AT3G17600,0.057783328
AT3G17609,0.30681482
AT3G17611,0.18717252
AT3G17620,0.0
AT3G17626,0.11554218
AT3G17630,-0.3326399
AT3G17640,-0.96477616
AT3G17650,-0.2521172
AT3G17655,0.050921082
AT3G17660,-0.25911757
AT3G17670,-0.07981838
AT3G17675,0.0
AT3G17680,-0.1798066
AT3G17690,-0.29724354
AT3G17700,0.26539248
AT3G17710,-0.000286301
AT3G17712,-0.13001442
AT3G17717,0.17376123
AT3G17720,-0.014502965
AT3G17730,-0.060987312
AT3G17740,-0.2093916
AT3G17750,-0.24325246
AT3G17760,0.053486217
AT3G17765,0.0
AT3G17770,0.72543603
AT3G17780,0.5460076
AT3G17790,0.49952912
AT3G17800,0.18626578
AT3G17810,0.57234406
AT3G17820,0.51422215
AT3G17830,-0.17724669
AT3G17840,-0.024316607
AT3G17850,-0.05577216
AT3G17860,-0.1105016
AT3G17880,-0.03346408
AT3G17890,-0.15756449
AT3G17900,-0.11060028
AT3G17910,0.23629467
AT3G17920,-0.053593293
AT3G17930,-0.29162
AT3G17940,0.16806257
AT3G17950,-0.04917446
AT3G17970,0.10392857
AT3G17980,0.0798105
AT3G18000,-0.42430943
AT3G18010,0.12352111
AT3G18020,-0.114575624
AT3G18030,0.14276318
AT3G18035,-0.08955357
AT3G18040,-0.2402023
AT3G18050,-0.5374549
AT3G18060,-0.00087709987
AT3G18070,-0.2310276
AT3G18080,-0.4117394
AT3G18090,-0.6840868
AT3G18100,-0.14040302
AT3G18110,-0.5463666
AT3G18120,0.0
AT3G18130,0.2756779
AT3G18140,0.037551206
AT3G18150,0.0
AT3G18160,-0.43119457
AT3G18165,0.07604482
AT3G18170,0.32973596
AT3G18180,0.0
AT3G18190,0.093224406
AT3G18200,0.0
AT3G18210,-0.26826474
AT3G18215,-0.14202052
AT3G18220,0.0
AT3G18230,0.094963565
AT3G18235,0.0049671503
AT3G18240,-0.27023032
AT3G18250,1.247776
AT3G18260,-0.13810195
AT3G18280,0.88258976
AT3G18282,0.0
AT3G18290,0.17710544
AT3G18291,0.0
AT3G18295,-0.05185474
AT3G18300,-0.011140643
AT3G18310,-0.2398835
AT3G18320,-0.22909918
AT3G18330,-0.016579596
AT3G18340,0.0
AT3G18350,0.12361331
AT3G18360,0.05655034
AT3G18370,-0.08073764
AT3G18380,0.056388002
AT3G18390,-0.43831396
AT3G18400,0.16575184
AT3G18410,0.34072432
AT3G18420,0.2370305
AT3G18430,0.052720267
AT3G18440,0.5500084
AT3G18450,0.019470116
AT3G18460,0.0
AT3G18470,0.0
AT3G18480,-0.038368337
AT3G18485,-0.34861878
AT3G18490,-0.29228088
AT3G18500,-0.32796308
AT3G18510,-0.1464993
AT3G18518,0.0
AT3G18520,-0.031833
AT3G18524,-0.37633783
AT3G18530,-0.18748342
AT3G18535,-0.05791281
AT3G18550,0.20470689
AT3G18560,0.5828025
AT3G18570,0.01517929
AT3G18580,0.09859704
AT3G18590,0.0
AT3G18600,0.08414383
AT3G18610,-0.28808677
AT3G18620,0.17484798
AT3G18630,-0.3463436
AT3G18640,0.006881468
AT3G18650,0.0
AT3G18660,0.23200908
AT3G18670,-0.080386646
AT3G18680,-0.23391423
AT3G18690,0.40771204
AT3G18700,0.0
AT3G18710,-0.41660652
AT3G18715,-0.009126973
AT3G18720,0.038306925
AT3G18730,0.008885303
AT3G18740,0.13932273
AT3G18750,-0.77181596
AT3G18760,0.09121213
AT3G18770,-0.180434
AT3G18773,-0.35069504
AT3G18775,0.0
AT3G18780,-0.14665757
AT3G18790,-0.12903841
AT3G18800,-0.44561347
AT3G18810,0.0
AT3G18820,0.18511069
AT3G18830,0.7886267
AT3G18840,-0.095227666
AT3G18850,-0.49667603
AT3G18860,-0.05201346
AT3G18870,-0.17610775
AT3G18880,-0.13081366
AT3G18890,-0.6544892
AT3G18900,-0.1801853
AT3G18905,0.0
AT3G18910,-0.094234094
AT3G18915,-0.012178695
AT3G18930,0.20858417
AT3G18940,0.040705547
AT3G18950,1.4853706
AT3G18957,0.0
AT3G18960,-0.21733642
AT3G18970,-0.40354255
AT3G18980,-0.14948802
AT3G18990,-0.04652517
AT3G19000,-0.18559235
AT3G19010,0.53627324
AT3G19020,0.02014644
AT3G19030,0.30487874
AT3G19035,0.0
AT3G19040,-0.017627075
AT3G19050,-0.442384
AT3G19055,0.0
AT3G19070,0.0
AT3G19080,-0.38265255
AT3G19085,0.0
AT3G19090,0.041708555
AT3G19100,0.12306937
AT3G19120,-0.24512105
AT3G19130,0.29858968
AT3G19140,0.0
AT3G19150,0.19189261
AT3G19160,0.0
AT3G19170,0.010388439
AT3G19180,-0.24804553
AT3G19184,0.02983008
AT3G19190,0.20638281
AT3G19200,0.006658116
AT3G19210,0.2444701
AT3G19220,-0.085852936
AT3G19230,-0.27435058
AT3G19240,0.04924743
AT3G19250,0.21468726
AT3G19260,0.6913745
AT3G19270,0.37339646
AT3G19274,0.0
AT3G19280,0.034305323
AT3G19290,0.05993165
AT3G19300,0.027238226
AT3G19310,-0.08911666
AT3G19320,0.0
AT3G19330,-0.20665741
AT3G19340,-0.15177862
AT3G19350,0.0
AT3G19360,0.12232736
AT3G19370,-0.75938284
AT3G19380,-0.12951487
AT3G19390,1.5112909
AT3G19400,-0.27970153
AT3G19410,0.0
AT3G19420,0.011940064
AT3G19430,-0.03057774
AT3G19440,-0.12740254
AT3G19450,-0.13213916
AT3G19460,0.04665135
AT3G19470,-0.31729725
AT3G19480,-0.61882627
AT3G19490,0.34506854
AT3G19500,-0.12584165
AT3G19508,0.2638886
AT3G19510,-0.2384976
AT3G19515,-0.34886804
AT3G19520,0.070657276
AT3G19530,0.0
AT3G19540,-0.23348519
AT3G19550,-0.2990591
AT3G19552,0.0
AT3G19553,0.05704518
AT3G19560,0.0
AT3G19565,0.0
AT3G19570,-0.4937946
AT3G19580,0.65004843
AT3G19590,-0.08373429
AT3G19600,0.0
AT3G19610,0.06345805
AT3G19613,0.0
AT3G19615,1.6265675
AT3G19620,0.20930086
AT3G19630,0.1009132
AT3G19640,0.073029675
AT3G19650,-0.20332721
AT3G19660,0.6093293
AT3G19663,0.060245458
AT3G19670,-0.107571654
AT3G19680,0.26870996
AT3G19690,0.0033953402
AT3G19700,0.0
AT3G19710,-1.0851905
AT3G19720,-0.4112133
AT3G19740,-0.0031510093
AT3G19760,0.07510482
AT3G19770,0.0038900806
AT3G19780,-0.23576936
AT3G19790,-0.028581532
AT3G19800,-0.18922433
AT3G19810,-0.14975798
AT3G19820,-0.42469946
AT3G19830,0.08693325
AT3G19840,-0.06529059
AT3G19850,-0.43189815
AT3G19860,-0.20009883
AT3G19870,0.14182784
AT3G19880,0.0
AT3G19890,0.0
AT3G19895,0.05975103
AT3G19900,0.3074705
AT3G19910,0.44321027
AT3G19920,0.19016641
AT3G19930,0.07406542
AT3G19940,0.0
AT3G19950,0.10883836
AT3G19960,0.12515682
AT3G19970,1.594921
AT3G19980,0.060522802
AT3G19990,0.21027419
AT3G20000,0.09857669
AT3G20010,-0.13887098
AT3G20015,-0.53805906
AT3G20020,-0.005066956
AT3G20030,0.0
AT3G20040,-0.095133565
AT3G20050,-0.00021059373
AT3G20060,0.23050438
AT3G20070,-0.4019734
AT3G20080,-0.0724309
AT3G20090,-0.30889708
AT3G20100,-0.08235134
AT3G20110,0.59792453
AT3G20120,-0.3057402
AT3G20130,-0.04873359
AT3G20140,0.02223215
AT3G20150,-0.3288279
AT3G20155,0.0
AT3G20160,0.0
AT3G20170,-0.027318284
AT3G20180,0.0049671503
AT3G20190,0.0
AT3G20200,-0.17426357
AT3G20210,0.01517929
AT3G20220,0.0
AT3G20230,-0.13761683
AT3G20240,-0.22416936
AT3G20250,0.1544039
AT3G20260,-0.13229975
AT3G20270,0.00033498622
AT3G20280,-0.09244748
AT3G20290,0.0365319
AT3G20300,0.2761286
AT3G20310,0.14250621
AT3G20320,-0.05470812
AT3G20330,0.081777535
AT3G20340,0.37228945
AT3G20350,-0.3646243
AT3G20360,0.05655034
AT3G20362,0.0
AT3G20370,0.08884395
AT3G20380,0.04398793
AT3G20390,0.08761899
AT3G20395,0.21375139
AT3G20400,0.0
AT3G20410,0.55655944
AT3G20420,-0.17183048
AT3G20430,-0.09286809
AT3G20440,-0.048304815
AT3G20450,0.102576286
AT3G20460,-0.16159718
AT3G20470,0.054874748
AT3G20475,0.13569593
AT3G20480,-0.1414729
AT3G20490,0.27400228
AT3G20500,0.1995451
AT3G20510,0.6783406
AT3G20520,0.095991865
AT3G20530,0.0
AT3G20540,-0.0579835
AT3G20550,-0.07946815
AT3G20555,0.0
AT3G20557,0.0
AT3G20560,-0.114993185
AT3G20570,-0.3884141
AT3G20580,0.05655034
AT3G20590,0.0
AT3G20600,0.93430597
AT3G20610,0.023803962
AT3G20620,-0.11207988
AT3G20630,0.1476396
AT3G20640,-0.36825868
AT3G20650,-0.060565904
AT3G20660,0.38803163
AT3G20670,0.6681845
AT3G20680,-0.11245533
AT3G20690,0.0
AT3G20700,0.0
AT3G20705,0.0
AT3G20710,0.02983008
AT3G20720,0.112749346
AT3G20730,-0.019753609
AT3G20740,-0.07758057
AT3G20750,0.0
AT3G20760,0.0
AT3G20770,0.009275998
AT3G20780,-0.25610623
AT3G20790,-0.3729241
AT3G20800,0.18910025
AT3G20810,0.16769318
AT3G20820,-0.3392684
AT3G20830,-0.094321154
AT3G20840,0.0
AT3G20850,0.0
AT3G20860,0.4034434
AT3G20865,-0.07046056
AT3G20870,-0.112258725
AT3G20880,0.0
AT3G20890,0.08268988
AT3G20898,0.22177957
AT3G20900,0.0
AT3G20910,0.042654045
AT3G20920,0.044063933
AT3G20930,-0.241414
AT3G20935,0.009709837
AT3G20940,0.0
AT3G20950,0.0
AT3G20960,0.042026762
AT3G20970,0.20840396
AT3G20980,0.0
AT3G20993,0.0
AT3G20997,0.0
AT3G21000,-0.016074775
AT3G21055,-0.27581432
AT3G21060,-0.21889815
AT3G21070,0.5377926
AT3G21080,0.5904851
AT3G21090,0.26535997
AT3G21100,-0.14307074
AT3G21110,-0.29494864
AT3G21120,0.0
AT3G21130,0.0
AT3G21140,0.093901195
AT3G21150,0.37674627
AT3G21160,-0.023946846
AT3G21165,0.0
AT3G21170,0.0
AT3G21175,-0.042238325
AT3G21180,0.0
AT3G21190,-0.4500342
AT3G21200,-0.07163
AT3G21210,-0.2079865
AT3G21215,-0.07386586
AT3G21220,0.46623093
AT3G21230,1.1870863
AT3G21240,0.54154503
AT3G21250,-0.13947497
AT3G21260,-0.21623401
AT3G21270,-0.21724121
AT3G21280,-0.066105224
AT3G21290,0.06263165
AT3G21295,-0.019736174
AT3G21300,0.03512664
AT3G21305,1.1891968
AT3G21310,-0.08633405
AT3G21320,0.6029141
AT3G21330,-0.0088919
AT3G21340,0.0
AT3G21350,-0.10164888
AT3G21351,-0.09008738
AT3G21352,0.038306925
AT3G21360,0.015167401
AT3G21370,0.0
AT3G21371,0.0
AT3G21380,0.0
AT3G21390,-0.33398235
AT3G21400,-0.15046854
AT3G21405,0.0
AT3G21410,0.0
AT3G21420,0.09865738
AT3G21430,-0.09261286
AT3G21450,0.0
AT3G21460,-0.6298273
AT3G21465,-0.0062984466
AT3G21470,-0.13010964
AT3G21473,0.0
AT3G21480,0.019841976
AT3G21490,0.0
AT3G21500,1.9222448
AT3G21510,0.52989596
AT3G21520,2.7076478
AT3G21530,-0.03734781
AT3G21540,0.084327415
AT3G21550,0.24930027
AT3G21560,-0.26739496
AT3G21570,0.0
AT3G21580,-0.05908991
AT3G21590,0.01517929
AT3G21600,0.19662626
AT3G21620,8.157268e-06
AT3G21630,0.52898556
AT3G21640,-0.11444667
AT3G21650,-0.118904464
AT3G21660,0.08074814
AT3G21670,0.096664205
AT3G21680,-0.21265186
AT3G21690,0.57378745
AT3G21700,0.93256515
AT3G21710,-0.3040217
AT3G21720,0.034649406
AT3G21730,0.0
AT3G21740,0.11066489
AT3G21750,-0.43505317
AT3G21760,-0.60021293
AT3G21770,-0.79932064
AT3G21780,0.6503185
AT3G21790,0.51652944
AT3G21800,0.02983008
AT3G21810,0.118976906
AT3G21820,0.058205444
AT3G21825,0.0
AT3G21830,0.0
AT3G21840,-0.014502965
AT3G21850,-0.016074775
AT3G21860,0.0
AT3G21865,0.1849696
AT3G21870,-0.16896845
AT3G21880,0.0
AT3G21890,-0.06474749
AT3G21900,0.0
AT3G21910,0.0
AT3G21920,0.0
AT3G21930,0.0
AT3G21933,0.0
AT3G21937,0.0
AT3G21940,0.0
AT3G21945,0.0
AT3G21950,-0.20899685
AT3G21960,0.0
AT3G21965,0.0
AT3G21970,0.0
AT3G21980,0.0
AT3G21985,0.0
AT3G21990,0.01517929
AT3G22000,0.0
AT3G22010,0.0
AT3G22020,0.0
AT3G22022,0.0
AT3G22030,0.0
AT3G22040,-0.04675236
AT3G22050,0.0
AT3G22053,0.0
AT3G22057,0.0
AT3G22060,0.46455795
AT3G22070,-0.05988863
AT3G22080,0.0
AT3G22085,0.0
AT3G22090,0.01517929
AT3G22100,0.026276989
AT3G22104,-0.39889
AT3G22110,0.05334832
AT3G22120,-0.56673557
AT3G22125,0.01517929
AT3G22142,-0.92197174
AT3G22150,-0.54030085
AT3G22160,0.93306446
AT3G22170,-0.0031395492
AT3G22180,-0.07611757
AT3G22183,0.0
AT3G22190,-0.2509709
AT3G22200,0.622298
AT3G22210,-0.3633859
AT3G22220,0.024614189
AT3G22230,0.25370598
AT3G22231,0.6123548
AT3G22235,1.0100143
AT3G22240,1.618062
AT3G22250,-0.016074775
AT3G22260,0.6479761
AT3G22270,-0.11477176
AT3G22275,-0.01738042
AT3G22280,0.0
AT3G22300,0.20161562
AT3G22310,0.23676038
AT3G22320,0.017691236
AT3G22330,0.15396763
AT3G22333,0.0
AT3G22337,0.0
AT3G22345,0.0
AT3G22350,0.0
AT3G22360,0.0
AT3G22370,1.059462
AT3G22380,-0.075021215
AT3G22400,-0.6379558
AT3G22410,-0.007193078
AT3G22415,0.11523702
AT3G22420,-0.38893676
AT3G22421,0.0
AT3G22425,-0.36412147
AT3G22430,0.16730614
AT3G22436,0.0
AT3G22440,-0.10932747
AT3G22450,0.15554534
AT3G22460,0.29022983
AT3G22470,-0.21144839
AT3G22480,-0.038391605
AT3G22490,0.0
AT3G22500,0.01517929
AT3G22510,0.01517929
AT3G22520,-0.17989054
AT3G22530,0.053280316
AT3G22540,0.0
AT3G22550,-0.49375215
AT3G22560,1.0218132
AT3G22565,0.08661588
AT3G22570,0.0
AT3G22580,0.0
AT3G22590,-0.09112922
AT3G22600,3.3053749
AT3G22620,2.5217762
AT3G22630,0.41340613
AT3G22640,0.1251868
AT3G22650,0.0
AT3G22660,0.0626302
AT3G22670,-0.37432572
AT3G22680,0.1731116
AT3G22690,-0.1000457
AT3G22700,-0.051936142
AT3G22710,0.0
AT3G22720,0.0
AT3G22723,0.0
AT3G22730,0.0
AT3G22740,-0.061015036
AT3G22750,0.2585957
AT3G22760,-0.06476719
AT3G22770,-0.044671863
AT3G22780,-0.35673308
AT3G22790,-0.3864524
AT3G22800,0.20102756
AT3G22810,-0.4743646
AT3G22820,-0.05245838
AT3G22830,0.02983008
AT3G22840,-0.79407024
AT3G22845,0.2805596
AT3G22850,0.33912092
AT3G22860,0.05655034
AT3G22870,0.0
AT3G22880,-0.0063139596
AT3G22890,0.016490076
AT3G22900,0.0862195
AT3G22910,1.1472604
AT3G22920,0.0
AT3G22930,0.04405268
AT3G22935,0.0
AT3G22940,0.0
AT3G22942,0.12624873
AT3G22950,0.31531894
AT3G22960,0.021152789
AT3G22961,0.16199322
AT3G22970,-0.41657957
AT3G22980,0.3808739
AT3G22990,0.18805623
AT3G23000,-0.127751
AT3G23010,0.23820083
AT3G23020,-0.051083867
AT3G23030,-0.14221169
AT3G23050,-0.385352
AT3G23060,0.019470116
AT3G23070,-0.32714355
AT3G23080,-0.17168915
AT3G23090,-0.38038033
AT3G23100,0.029688139
AT3G23110,0.116333306
AT3G23120,0.81445277
AT3G23123,0.019470116
AT3G23130,0.0
AT3G23140,0.0
AT3G23145,0.0
AT3G23150,0.54615897
AT3G23160,0.015999334
AT3G23165,0.0
AT3G23167,0.0
AT3G23170,0.7881011
AT3G23172,0.0
AT3G23175,-0.044671863
AT3G23180,-0.013417798
AT3G23190,0.078117006
AT3G23200,0.29223767
AT3G23210,-0.2387926
AT3G23220,0.01517929
AT3G23230,0.31264347
AT3G23240,1.0834088
AT3G23245,0.0
AT3G23250,1.363372
AT3G23255,-0.18441358
AT3G23260,0.072056025
AT3G23270,0.0
AT3G23280,0.119156644
AT3G23290,0.084828235
AT3G23300,0.20473616
AT3G23310,-0.16193943
AT3G23320,0.0
AT3G23325,0.21503805
AT3G23330,-0.046008106
AT3G23340,-0.29142398
AT3G23350,0.0
AT3G23360,0.0
AT3G23370,0.10581007
AT3G23380,0.0
AT3G23390,0.13666767
AT3G23400,0.047454506
AT3G23410,-0.27234352
AT3G23420,0.0
AT3G23430,-0.24600837
AT3G23440,-0.026503462
AT3G23450,0.12972564
AT3G23460,0.0
AT3G23470,0.0
AT3G23480,-0.2736996
AT3G23490,-0.0048595783
AT3G23500,0.0
AT3G23530,0.7756681
AT3G23540,0.22199237
AT3G23550,0.6963626
AT3G23560,0.26580405
AT3G23570,0.83720475
AT3G23580,0.17654847
AT3G23590,-0.028189363
AT3G23600,0.39430165
AT3G23605,0.3756435
AT3G23610,-0.23153879
AT3G23620,0.14980231
AT3G23630,-0.2094089
AT3G23633,0.0
AT3G23635,-0.03734911
AT3G23637,0.0
AT3G23640,-0.17381783
AT3G23660,0.07952207
AT3G23670,-0.29709873
AT3G23680,0.0
AT3G23685,0.0
AT3G23690,-0.28782797
AT3G23700,-0.20418978
AT3G23710,0.0034590473
AT3G23715,0.0
AT3G23727,0.0
AT3G23730,0.14968699
AT3G23740,-0.38504475
AT3G23750,0.07267653
AT3G23760,-0.23931855
AT3G23770,0.0
AT3G23780,-0.40277773
AT3G23790,0.093320556
AT3G23800,0.0
AT3G23805,-0.20431492
AT3G23810,0.4709662
AT3G23820,-0.40144894
AT3G23830,0.21511109
AT3G23840,-0.41502288
AT3G23860,0.0
AT3G23870,-0.26942116
AT3G23880,-1.0946482
AT3G23890,-0.22109573
AT3G23900,-0.11002952
AT3G23910,-0.20648193
AT3G23920,0.856052
AT3G23930,-0.05743551
AT3G23940,0.058355354
AT3G23950,0.0
AT3G23955,-0.051092226
AT3G23960,0.0
AT3G23970,-0.061255325
AT3G23980,-0.023405377
AT3G23990,0.038591743
AT3G24000,-0.17315762
AT3G24010,-0.12440583
AT3G24020,0.0
AT3G24030,-0.2858805
AT3G24040,-0.230151
AT3G24050,0.07772489
AT3G24060,0.0
AT3G24065,0.006995402
AT3G24068,0.0
AT3G24080,-0.24837388
AT3G24090,0.50725627
AT3G24093,0.0
AT3G24100,0.07424174
AT3G24110,-0.17021064
AT3G24120,0.03251925
AT3G24130,0.0
AT3G24140,-0.45805818
AT3G24150,-0.22173621
AT3G24160,0.13254303
AT3G24170,0.6515476
AT3G24180,0.3367054
AT3G24190,-0.35885042
AT3G24200,0.15778086
AT3G24210,0.0
AT3G24220,0.0
AT3G24225,0.0
AT3G24230,0.0
AT3G24240,0.0
AT3G24250,0.0
AT3G24255,-0.31519717
AT3G24260,0.0
AT3G24270,0.0
AT3G24280,0.0
AT3G24290,0.0
AT3G24300,0.0
AT3G24310,0.0
AT3G24315,-0.12379817
AT3G24320,-0.18907836
AT3G24330,0.0
AT3G24340,-0.07689536
AT3G24350,0.15966493
AT3G24360,-0.2678339
AT3G24400,0.0
AT3G24420,0.6658979
AT3G24430,-0.33646682
AT3G24440,0.18447244
AT3G24450,-0.34411243
AT3G24460,0.24515611
AT3G24463,0.010863454
AT3G24465,0.0
AT3G24480,-0.22983007
AT3G24490,-0.17974824
AT3G24495,0.0053516813
AT3G24500,0.15381852
AT3G24503,0.20353451
AT3G24506,-0.035670027
AT3G24508,0.0
AT3G24510,0.0
AT3G24513,0.0
AT3G24514,0.0
AT3G24515,0.014004496
AT3G24516,0.02983008
AT3G24517,0.0
AT3G24520,0.00083020725
AT3G24530,0.44367933
AT3G24535,0.18000537
AT3G24540,0.091675766
AT3G24542,0.0
AT3G24550,0.2689382
AT3G24560,-0.3054668
AT3G24570,0.0993518
AT3G24575,0.0
AT3G24580,0.0
AT3G24590,-0.23651625
AT3G24600,0.0
AT3G24605,0.0
AT3G24610,0.0
AT3G24620,0.0
AT3G24630,-0.19683634
AT3G24640,0.0
AT3G24650,0.0
AT3G24660,-0.11717999
AT3G24670,-0.037017908
AT3G24690,0.0
AT3G24700,0.0
AT3G24710,0.0
AT3G24715,-0.2704294
AT3G24730,-0.0073355287
AT3G24740,-0.055162363
AT3G24750,0.0
AT3G24760,-0.22937796
AT3G24770,-0.30447885
AT3G24780,-0.14696081
AT3G24790,0.0
AT3G24800,-0.17255609
AT3G24810,-0.11031337
AT3G24820,-0.20718317
AT3G24830,0.0094979135
AT3G24840,0.3403215
AT3G24850,0.0
AT3G24860,0.104112886
AT3G24870,-0.016488848
AT3G24880,0.05018758
AT3G24890,-0.14552447
AT3G24900,0.3914775
AT3G24929,-0.08453818
AT3G24982,1.4879899
AT3G25010,0.8914633
AT3G25011,0.0
AT3G25012,0.0
AT3G25013,-0.17781839
AT3G25014,0.0
AT3G25020,0.38799474
AT3G25030,-0.31219336
AT3G25040,-0.02501551
AT3G25050,0.0
AT3G25060,0.19124131
AT3G25070,-0.10114861
AT3G25080,0.0
AT3G25090,0.0
AT3G25100,0.011735153
AT3G25110,-0.19635096
AT3G25120,0.024594873
AT3G25130,-0.66030955
AT3G25140,-0.2513925
AT3G25150,-0.11432413
AT3G25160,0.0
AT3G25165,0.0
AT3G25170,0.0
AT3G25180,1.9654138
AT3G25182,0.0
AT3G25190,0.01517929
AT3G25200,0.0
AT3G25210,-0.14510475
AT3G25220,0.25982133
AT3G25221,0.0
AT3G25230,0.050758034
AT3G25240,0.22790562
AT3G25250,2.3553848
AT3G25260,0.0
AT3G25265,0.0
AT3G25270,0.0
AT3G25280,0.0
AT3G25290,-0.18367073
AT3G25400,-0.04354169
AT3G25410,-0.17734884
AT3G25420,0.0
AT3G25430,-0.20081142
AT3G25440,-0.1521826
AT3G25460,0.0
AT3G25470,0.026240965
AT3G25480,0.008995277
AT3G25490,1.2131152
AT3G25493,0.0
AT3G25500,-0.29259527
AT3G25505,0.019470116
AT3G25510,-0.1006131
AT3G25520,0.05303864
AT3G25530,-0.30284134
AT3G25540,-0.09484631
AT3G25545,-0.09287068
AT3G25550,0.0
AT3G25560,-0.21121576
AT3G25570,-0.3180271
AT3G25573,0.039539915
AT3G25577,0.019470116
AT3G25580,-0.016468279
AT3G25585,0.021902233
AT3G25590,-0.46589348
AT3G25597,0.42345223
AT3G25600,0.32461143
AT3G25610,0.87617415
AT3G25620,0.1626666
AT3G25640,0.56625897
AT3G25650,0.0
AT3G25655,0.38062307
AT3G25660,-0.16539882
AT3G25670,-0.12417583
AT3G25680,-0.18766382
AT3G25690,-0.35040203
AT3G25710,-0.55509007
AT3G25716,0.0
AT3G25717,-0.6743154
AT3G25719,0.0
AT3G25720,0.0
AT3G25727,0.0
AT3G25730,0.148257
AT3G25740,-0.3731639
AT3G25750,0.0
AT3G25760,-0.6218808
AT3G25770,-0.6034164
AT3G25780,1.6103201
AT3G25790,0.0
AT3G25800,0.26089483
AT3G25805,-0.17259726
AT3G25810,0.0
AT3G25820,0.04398793
AT3G25830,0.0
AT3G25840,-0.19284473
AT3G25850,0.0
AT3G25855,-0.13997215
AT3G25860,-0.021274665
AT3G25870,0.52869713
AT3G25880,-0.006799886
AT3G25882,1.1074551
AT3G25890,0.20040151
AT3G25900,1.2795376
AT3G25905,-0.13909006
AT3G25910,0.035007235
AT3G25920,-0.424601
AT3G25930,0.0
AT3G25940,-0.024325835
AT3G25950,1.1903107
AT3G25960,0.0
AT3G25970,-0.1091196
AT3G25980,-0.056091573
AT3G25990,0.013567222
AT3G26000,-0.17724076
AT3G26010,0.0
AT3G26020,0.35778
AT3G26030,-0.016218865
AT3G26040,0.027861299
AT3G26050,-0.034845818
AT3G26060,-0.6017414
AT3G26070,-0.3279511
AT3G26080,0.34698394
AT3G26085,-0.33490032
AT3G26090,0.6741221
AT3G26100,0.23962478
AT3G26110,0.0
AT3G26115,-0.21825655
AT3G26120,0.07172963
AT3G26125,-0.0050838813
AT3G26130,-0.09591787
AT3G26135,0.12550177
AT3G26140,0.0
AT3G26147,0.0
AT3G26150,0.057811975
AT3G26160,-0.04300019
AT3G26170,0.45473498
AT3G26180,0.30660924
AT3G26190,1.7246387
AT3G26200,2.2782197
AT3G26210,0.44710624
AT3G26220,0.44326586
AT3G26230,0.21680877
AT3G26235,0.0
AT3G26237,0.0
AT3G26240,0.17285725
AT3G26250,0.0
AT3G26270,0.0
AT3G26280,-0.10343507
AT3G26290,-0.06853638
AT3G26300,-0.4985148
AT3G26310,-0.6499246
AT3G26320,-0.9292445
AT3G26330,0.019470116
AT3G26340,0.37120485
AT3G26350,-0.2382931
AT3G26355,0.0
AT3G26360,0.13296239
AT3G26370,-0.015437253
AT3G26380,-0.0030547085
AT3G26390,0.0
AT3G26395,0.38398507
AT3G26400,0.1475989
AT3G26410,0.12161386
AT3G26420,0.24069814
AT3G26430,0.010676692
AT3G26440,1.1095492
AT3G26445,-0.1343592
AT3G26450,-0.6273292
AT3G26460,-0.23490234
AT3G26470,1.0485264
AT3G26480,-0.06365636
AT3G26490,-0.20441465
AT3G26500,0.28226542
AT3G26510,-0.31667772
AT3G26512,0.0
AT3G26520,0.24038011
AT3G26539,-0.14997725
AT3G26540,-0.28788102
AT3G26550,0.019470116
AT3G26560,-0.115911506
AT3G26570,-0.2910368
AT3G26580,0.14274795
AT3G26590,0.38891548
AT3G26600,0.32789147
AT3G26610,-0.00089548406
AT3G26616,0.0
AT3G26618,-0.26894125
AT3G26620,0.01517929
AT3G26630,0.012925864
AT3G26640,0.01464266
AT3G26650,-0.46086055
AT3G26660,0.019470116
AT3G26670,0.57595426
AT3G26680,0.05428151
AT3G26690,1.0062493
AT3G26700,-0.2806755
AT3G26710,-0.13151337
AT3G26720,-0.25255153
AT3G26730,-0.070222266
AT3G26740,0.02393492
AT3G26742,0.046536062
AT3G26744,-0.0559372
AT3G26750,-0.36898
AT3G26760,-0.17959468
AT3G26770,0.044861734
AT3G26780,-0.025006477
AT3G26782,-0.09046328
AT3G26790,-0.14757082
AT3G26800,0.0
AT3G26810,0.024245445
AT3G26820,0.26000595
AT3G26830,3.5745795
AT3G26840,0.9977125
AT3G26850,-0.24724525
AT3G26855,0.0
AT3G26860,0.0
AT3G26870,0.0
AT3G26880,0.0
AT3G26890,-0.19557008
AT3G26900,-0.23179308
AT3G26910,0.71935713
AT3G26920,-0.095178865
AT3G26922,-0.2396639
AT3G26930,0.018153816
AT3G26932,-0.6717041
AT3G26934,0.0
AT3G26935,-0.1752547
AT3G26940,0.18110874
AT3G26950,-0.11811294
AT3G26960,-0.50327516
AT3G26980,0.021205533
AT3G26990,-0.14927737
AT3G27000,0.0945731
AT3G27010,0.019791305
AT3G27020,-0.011286808
AT3G27025,0.019470116
AT3G27027,-0.38348922
AT3G27030,-0.15556163
AT3G27040,0.0
AT3G27050,-0.33103454
AT3G27060,0.08945496
AT3G27070,-0.045066606
AT3G27080,-0.07725797
AT3G27090,-0.17079869
AT3G27100,-0.053065903
AT3G27110,0.21332441
AT3G27120,-0.025199758
AT3G27140,0.0
AT3G27150,-0.044635575
AT3G27160,-0.23496602
AT3G27170,-0.8302346
AT3G27180,0.18415494
AT3G27185,0.0
AT3G27190,0.16006957
AT3G27200,0.17722061
AT3G27210,0.22199652
AT3G27220,-0.19509344
AT3G27230,-0.14554317
AT3G27240,0.30292428
AT3G27250,-0.7088602
AT3G27260,0.060387738
AT3G27270,0.11447942
AT3G27280,-0.012270529
AT3G27283,0.0
AT3G27290,-0.009584567
AT3G27300,0.07036837
AT3G27310,0.07388428
AT3G27320,-0.09886417
AT3G27325,0.18310224
AT3G27329,0.0
AT3G27330,1.0657668
AT3G27331,0.0
AT3G27340,0.07656956
AT3G27350,-0.36245412
AT3G27355,0.0073563843
AT3G27380,0.9898797
AT3G27390,0.08211122
AT3G27400,0.1575547
AT3G27410,-0.01646952
AT3G27415,0.01857463
AT3G27416,0.11822453
AT3G27420,-0.16624574
AT3G27425,0.0
AT3G27430,0.20612793
AT3G27440,0.23789877
AT3G27460,-0.23272456
AT3G27473,0.095448986
AT3G27475,-0.13927111
AT3G27480,0.01517929
AT3G27490,0.0
AT3G27495,0.0
AT3G27500,-0.31089607
AT3G27503,0.0
AT3G27510,0.16642426
AT3G27520,-0.16667292
AT3G27530,0.006773641
AT3G27540,0.49918705
AT3G27550,-0.07843518
AT3G27560,-0.02633852
AT3G27570,0.022956364
AT3G27580,-0.1857508
AT3G27590,-0.014502965
AT3G27600,0.0
AT3G27610,0.07206901
AT3G27620,-0.20986323
AT3G27630,0.0038833374
AT3G27640,-0.03853048
AT3G27650,-0.28721148
AT3G27660,0.060470164
AT3G27670,-0.15837458
AT3G27680,0.0
AT3G27690,-1.1445141
AT3G27700,0.0064902846
AT3G27710,-0.10087039
AT3G27720,0.0
AT3G27730,-0.0026767347
AT3G27740,0.109784
AT3G27750,-0.27835104
AT3G27770,-0.08968837
AT3G27785,0.0
AT3G27809,0.0
AT3G27810,0.015327114
AT3G27820,-0.08132622
AT3G27830,-0.19259323
AT3G27831,0.0
AT3G27835,0.0
AT3G27840,0.0
AT3G27850,-0.40916625
AT3G27860,-0.12851372
AT3G27870,-0.07147115
AT3G27880,0.0054830136
AT3G27890,0.4706203
AT3G27900,-0.21610886
AT3G27906,-0.5071222
AT3G27910,0.0
AT3G27920,0.02983008
AT3G27925,-0.2297924
AT3G27930,-0.08119478
AT3G27940,-0.09251022
AT3G27950,-0.04230479
AT3G27960,0.38757315
AT3G27970,-0.16944432
AT3G27980,0.0
AT3G27999,0.0
AT3G28007,0.6950366
AT3G28020,0.0
AT3G28030,-0.090181835
AT3G28040,-0.4047976
AT3G28050,0.052208487
AT3G28060,-0.04230479
AT3G28070,-0.89846843
AT3G28080,-0.71637946
AT3G28100,0.2509622
AT3G28120,0.038306925
AT3G28130,-0.57034594
AT3G28140,-0.15810719
AT3G28150,0.041617047
AT3G28155,-0.013417798
AT3G28170,0.01517929
AT3G28180,-0.04413184
AT3G28190,0.0
AT3G28193,0.0
AT3G28200,0.13873063
AT3G28210,2.8400161
AT3G28216,0.0033953402
AT3G28220,-1.351877
AT3G28223,0.0
AT3G28230,0.0
AT3G28243,0.0
AT3G28250,0.0
AT3G28270,-1.0731196
AT3G28280,0.0
AT3G28290,0.0
AT3G28291,0.0
AT3G28300,-0.76189333
AT3G28310,0.0
AT3G28330,0.08956371
AT3G28335,0.0
AT3G28340,1.5227503
AT3G28345,-0.5032109
AT3G28360,0.0
AT3G28370,-0.339403
AT3G28380,0.0
AT3G28390,0.0
AT3G28410,0.0
AT3G28415,0.0
AT3G28420,-0.31023407
AT3G28430,0.03115868
AT3G28450,0.3159201
AT3G28455,-0.18488976
AT3G28460,-0.185401
AT3G28470,0.0
AT3G28480,0.5242628
AT3G28490,0.0
AT3G28500,0.72585523
AT3G28510,0.36856848
AT3G28520,0.0
AT3G28530,0.0
AT3G28540,-0.14570944
AT3G28550,-0.007926806
AT3G28560,-0.028597089
AT3G28570,-0.03247406
AT3G28580,1.0808461
AT3G28590,0.0
AT3G28600,0.27391717
AT3G28610,0.0006763258
AT3G28620,-0.038811747
AT3G28630,0.019470116
AT3G28635,0.093691036
AT3G28640,-0.1667742
AT3G28650,-0.33059853
AT3G28660,0.024282878
AT3G28670,0.099495
AT3G28674,0.0
AT3G28680,0.0
AT3G28690,-0.10319681
AT3G28700,0.08954988
AT3G28710,0.089839265
AT3G28715,0.22130449
AT3G28720,0.09397088
AT3G28730,-0.049457468
AT3G28740,0.29918736
AT3G28750,-0.0920252
AT3G28760,-0.17458756
AT3G28770,0.04213639
AT3G28780,0.0
AT3G28785,0.0
AT3G28790,0.0
AT3G28810,0.0
AT3G28820,0.0
AT3G28830,0.0
AT3G28840,0.07666463
AT3G28850,0.43216923
AT3G28853,0.0
AT3G28857,-0.23570408
AT3G28860,-0.55177414
AT3G28870,0.0
AT3G28875,-0.03760906
AT3G28880,-0.1746618
AT3G28890,0.39424115
AT3G28899,0.0
AT3G28900,0.012912802
AT3G28910,-0.3846479
AT3G28917,0.0
AT3G28918,0.0
AT3G28920,-0.36941263
AT3G28922,0.0
AT3G28925,0.019470116
AT3G28930,1.7782243
AT3G28940,0.09950135
AT3G28950,0.27712542
AT3G28956,-0.009255177
AT3G28958,0.0
AT3G28960,-0.42296848
AT3G28970,-0.1455279
AT3G28980,0.0
AT3G28990,0.0
AT3G29000,0.6844345
AT3G29010,0.1147867
AT3G29020,0.0
AT3G29030,-0.8192121
AT3G29033,0.0
AT3G29034,0.78653485
AT3G29035,0.0132292425
AT3G29040,0.0
AT3G29050,0.0
AT3G29060,0.01341019
AT3G29070,0.0
AT3G29075,-0.106897295
AT3G29080,0.0
AT3G29090,0.11740101
AT3G29100,-0.15738027
AT3G29110,0.0
AT3G29130,-0.19125874
AT3G29140,-0.09865042
AT3G29152,0.0
AT3G29160,0.30176416
AT3G29170,0.33085555
AT3G29173,-0.007758891
AT3G29180,0.003678282
AT3G29185,-0.31381848
AT3G29190,0.18301848
AT3G29200,0.47653675
AT3G29230,0.008026029
AT3G29240,0.13717188
AT3G29250,1.6615644
AT3G29255,0.0
AT3G29260,0.0
AT3G29270,-0.042776328
AT3G29280,-0.24016668
AT3G29290,-0.35651043
AT3G29300,0.0
AT3G29305,0.0
AT3G29310,0.056600783
AT3G29320,-0.5130078
AT3G29330,0.13273665
AT3G29340,0.0
AT3G29350,-0.016243443
AT3G29360,0.23366594
AT3G29370,-0.22871408
AT3G29375,-0.2986817
AT3G29380,0.0
AT3G29385,0.0
AT3G29390,-0.30722845
AT3G29400,0.15284444
AT3G29410,0.0
AT3G29430,0.0
AT3G29450,0.0
AT3G29455,0.0
AT3G29560,0.0
AT3G29570,0.0
AT3G29575,0.5172159
AT3G29580,0.0
AT3G29590,0.02983008
AT3G29630,0.0
AT3G29631,-0.3780318
AT3G29633,0.0
AT3G29635,0.0
AT3G29636,0.0
AT3G29637,-0.011513332
AT3G29638,0.08447903
AT3G29639,-0.18094909
AT3G29645,0.0
AT3G29670,-0.3504491
AT3G29680,-0.3893681
AT3G29690,-0.04608591
AT3G29720,0.0
AT3G29740,0.0
AT3G29750,0.0
AT3G29760,-0.1959844
AT3G29763,0.0
AT3G29765,0.0
AT3G29770,-0.19207795
AT3G29780,0.0
AT3G29785,0.0
AT3G29790,0.0
AT3G29791,0.0
AT3G29794,0.0
AT3G29796,0.0
AT3G29797,0.0
AT3G29800,0.0
AT3G29810,0.4890804
AT3G29830,0.0
AT3G29970,0.0
AT3G30160,-0.06325803
AT3G30165,0.0
AT3G30180,0.09647627
AT3G30200,0.0
AT3G30210,0.0
AT3G30220,0.0
AT3G30222,0.0
AT3G30230,0.0
AT3G30235,0.0
AT3G30247,0.0
AT3G30260,0.0
AT3G30280,0.0
AT3G30290,0.01517929
AT3G30300,-0.3222914
AT3G30305,-0.06609201
AT3G30320,0.0
AT3G30340,-0.221657
AT3G30350,0.0
AT3G30370,0.0
AT3G30380,-0.14296037
AT3G30383,0.0
AT3G30385,-0.016074775
AT3G30390,0.48825184
AT3G30430,0.0
AT3G30460,0.060200065
AT3G30520,0.0
AT3G30525,0.0
AT3G30530,0.0
AT3G30540,0.0
AT3G30580,0.0
AT3G30705,0.0
AT3G30714,0.0
AT3G30720,-0.49196422
AT3G30725,0.0
AT3G30730,0.0
AT3G30739,0.0
AT3G30770,-0.044671863
AT3G30775,1.2249014
AT3G30805,0.0
AT3G30820,0.0
AT3G30823,0.0
AT3G30840,0.0
AT3G30841,-0.28107387
AT3G30842,0.043181974
AT3G30845,0.0
AT3G30875,0.0
AT3G31350,0.0
AT3G31402,0.0
AT3G31430,0.0
AT3G31550,0.0
AT3G31560,0.0
AT3G31900,0.0
AT3G31910,0.0
AT3G31925,0.0
AT3G31950,0.0
AT3G31960,0.0
AT3G32030,-0.10239906
AT3G32040,0.0
AT3G32047,0.0
AT3G32050,-0.11332729
AT3G32090,0.0
AT3G32130,0.0
AT3G32150,0.0
AT3G32160,0.0
AT3G32180,0.0
AT3G32190,0.0
AT3G32200,0.0
AT3G32260,0.0
AT3G32280,0.0
AT3G32330,0.0
AT3G32380,0.0
AT3G32400,-0.0589055
AT3G32410,0.0
AT3G32420,0.0
AT3G32896,0.0
AT3G32904,0.0
AT3G32920,0.0016638171
AT3G32930,-0.1701079
AT3G32940,-0.07447962
AT3G32960,0.0
AT3G32980,0.53671235
AT3G33187,0.0
AT3G33293,0.0
AT3G33393,0.0
AT3G33494,0.0
AT3G33520,-0.019266853
AT3G33528,-0.089042276
AT3G33530,0.05169727
AT3G36659,0.0
AT3G41762,0.055669762
AT3G42050,0.23102888
AT3G42060,0.0
AT3G42075,0.0
AT3G42130,0.0
AT3G42140,0.0
AT3G42148,0.0
AT3G42150,0.06828573
AT3G42153,0.0
AT3G42155,0.0
AT3G42160,0.0
AT3G42170,-0.13406752
AT3G42180,0.8566814
AT3G42310,0.0
AT3G42390,0.0
AT3G42473,0.0
AT3G42550,0.0
AT3G42560,0.0
AT3G42565,0.0
AT3G42570,0.0
AT3G42628,0.0
AT3G42630,0.029996768
AT3G42640,-0.12878104
AT3G42660,-0.12184348
AT3G42670,-0.6443987
AT3G42722,0.0
AT3G42723,0.0
AT3G42725,-0.04775999
AT3G42770,0.0
AT3G42780,0.0
AT3G42786,0.0
AT3G42790,0.116657324
AT3G42800,0.05198612
AT3G42830,0.0
AT3G42850,-0.0655202
AT3G42860,0.039042983
AT3G42870,0.0
AT3G42880,0.0
AT3G42940,0.0
AT3G42950,0.15317447
AT3G42960,0.0
AT3G42990,0.0
AT3G42995,0.0
AT3G43083,0.0
AT3G43110,0.05877147
AT3G43120,0.0
AT3G43148,0.15467845
AT3G43150,0.00785202
AT3G43153,0.0
AT3G43160,0.0
AT3G43170,0.0
AT3G43180,0.0
AT3G43190,0.16745076
AT3G43210,0.11468466
AT3G43220,-0.12663469
AT3G43230,0.20901665
AT3G43240,0.032328296
AT3G43250,1.9017711
AT3G43260,0.0
AT3G43270,-0.004885023
AT3G43280,0.0
AT3G43290,0.0
AT3G43291,0.0
AT3G43300,0.1108443
AT3G43340,0.0
AT3G43400,0.0
AT3G43410,0.0
AT3G43415,0.0
AT3G43420,0.0
AT3G43430,0.060822878
AT3G43432,0.0
AT3G43440,0.23713695
AT3G43470,0.0
AT3G43480,0.0
AT3G43490,0.0
AT3G43500,0.0
AT3G43503,0.0
AT3G43505,0.0
AT3G43520,0.33918488
AT3G43530,0.0
AT3G43540,-0.4453589
AT3G43550,0.0
AT3G43570,0.0
AT3G43572,0.0
AT3G43574,0.0
AT3G43580,-0.03886477
AT3G43583,0.0
AT3G43590,-0.092975155
AT3G43600,-0.51760495
AT3G43610,-0.32818145
AT3G43630,0.0
AT3G43645,0.0
AT3G43660,0.0
AT3G43670,-0.09038634
AT3G43682,0.0
AT3G43700,-0.20357648
AT3G43710,0.0
AT3G43720,-0.05710851
AT3G43740,-0.18346022
AT3G43750,0.0
AT3G43790,-0.03694345
AT3G43800,-0.52215225
AT3G43810,0.018383149
AT3G43833,0.0
AT3G43837,0.0
AT3G43840,0.013755304
AT3G43850,-0.05003713
AT3G43860,0.0
AT3G43870,0.019470116
AT3G43880,0.0
AT3G43890,0.0
AT3G43910,0.0
AT3G43920,-0.48478746
AT3G43930,-0.16408351
AT3G43940,0.0
AT3G43950,0.0
AT3G43960,-0.2984629
AT3G43970,0.019470116
AT3G43980,0.03583244
AT3G43990,0.0
AT3G44006,0.0
AT3G44020,-0.27528098
AT3G44050,-0.39558873
AT3G44060,0.038306925
AT3G44070,0.0
AT3G44080,0.0
AT3G44090,0.0
AT3G44100,0.31843942
AT3G44110,0.07098926
AT3G44115,0.0
AT3G44120,-0.13040102
AT3G44130,0.0
AT3G44140,0.0
AT3G44150,0.12283391
AT3G44160,-0.1543793
AT3G44170,0.0
AT3G44180,0.0
AT3G44190,0.20325968
AT3G44200,-0.16572154
AT3G44210,0.0
AT3G44220,-0.23857638
AT3G44230,0.0
AT3G44235,0.0
AT3G44240,0.0
AT3G44250,0.0
AT3G44260,0.3198743
AT3G44261,0.0
AT3G44265,-0.014517259
AT3G44280,0.025520332
AT3G44290,0.06739478
AT3G44300,3.0283296
AT3G44310,0.47755864
AT3G44320,1.0040838
AT3G44326,1.0484924
AT3G44330,0.18523382
AT3G44340,0.13347484
AT3G44350,0.017596375
AT3G44370,0.11309201
AT3G44380,-0.14081198
AT3G44400,0.42364818
AT3G44405,0.0
AT3G44428,0.0
AT3G44430,-0.039244138
AT3G44435,0.039221726
AT3G44440,-0.084783
AT3G44450,-0.64496475
AT3G44460,-0.03164881
AT3G44480,-0.028614834
AT3G44485,0.0
AT3G44490,0.00057627383
AT3G44510,-0.03164881
AT3G44530,0.02459742
AT3G44540,0.4469353
AT3G44550,0.7567226
AT3G44555,0.0
AT3G44560,0.03705764
AT3G44570,0.0
AT3G44580,0.0
AT3G44590,0.3822365
AT3G44600,-0.05643562
AT3G44610,-0.4511532
AT3G44620,-0.04716923
AT3G44630,-0.120436125
AT3G44635,0.0
AT3G44660,0.0
AT3G44665,0.0
AT3G44670,-0.26776865
AT3G44680,-0.025875492
AT3G44690,-0.1247028
AT3G44695,0.019470116
AT3G44700,0.0
AT3G44703,0.0
AT3G44704,0.0
AT3G44710,0.0
AT3G44713,-0.21571478
AT3G44716,-0.2930238
AT3G44718,0.0
AT3G44720,1.2634377
AT3G44730,-0.17309333
AT3G44735,-0.12104222
AT3G44740,-0.11928243
AT3G44750,-0.05771248
AT3G44753,-0.017779613
AT3G44755,0.0
AT3G44760,0.0
AT3G44763,0.0
AT3G44766,0.0
AT3G44769,-0.014502965
AT3G44770,-0.23976423
AT3G44780,0.0
AT3G44785,0.0
AT3G44790,-0.040775783
AT3G44800,0.030608056
AT3G44805,-0.033924475
AT3G44810,0.0
AT3G44820,0.06107671
AT3G44830,0.7765204
AT3G44840,0.0
AT3G44850,-0.1739026
AT3G44860,0.9732325
AT3G44870,0.0
AT3G44880,0.4724979
AT3G44890,-0.38768965
AT3G44900,0.039348174
AT3G44910,0.0
AT3G44920,0.0
AT3G44930,0.0
AT3G44935,0.0
AT3G44940,-0.3377732
AT3G44950,0.0
AT3G44960,-0.3645707
AT3G44970,0.057783328
AT3G44980,0.0
AT3G44990,-0.18473208
AT3G45000,0.0
AT3G45010,0.5296304
AT3G45020,-0.28044882
AT3G45030,-0.050265886
AT3G45040,0.5269832
AT3G45050,-0.14201555
AT3G45060,3.8963773
AT3G45070,0.038306925
AT3G45080,0.0
AT3G45090,0.092165895
AT3G45093,0.0
AT3G45100,-0.06625736
AT3G45110,0.0
AT3G45130,2.130901
AT3G45140,-0.75912917
AT3G45150,0.0
AT3G45160,-1.0274445
AT3G45170,0.0
AT3G45180,0.0
AT3G45190,-0.13865033
AT3G45200,0.0
AT3G45210,-0.18339172
AT3G45220,0.0
AT3G45230,-0.52716357
AT3G45240,-0.043270536
AT3G45243,0.0
AT3G45245,0.0
AT3G45248,0.0
AT3G45252,0.0
AT3G45260,-0.17274573
AT3G45275,0.0
AT3G45280,0.034850262
AT3G45285,0.0
AT3G45290,-0.8453094
AT3G45300,0.5461071
AT3G45310,-0.06755392
AT3G45320,0.0
AT3G45330,-0.5091577
AT3G45390,-0.12847373
AT3G45400,-0.22660977
AT3G45410,0.23235165
AT3G45420,-0.05546827
AT3G45430,0.003216445
AT3G45440,0.050067715
AT3G45443,-0.27449372
AT3G45450,0.0
AT3G45460,0.0
AT3G45470,0.0
AT3G45480,0.0
AT3G45490,0.038306925
AT3G45500,0.0
AT3G45510,0.0
AT3G45525,0.0
AT3G45530,0.006658116
AT3G45540,0.0
AT3G45555,0.0
AT3G45560,0.038306925
AT3G45570,0.0
AT3G45577,0.0
AT3G45580,0.0
AT3G45590,-0.0097843055
AT3G45600,-0.11691321
AT3G45610,-0.41915366
AT3G45620,0.48172283
AT3G45630,-0.07733588
AT3G45640,-0.058851298
AT3G45645,0.0
AT3G45650,-0.3115146
AT3G45660,0.0049671503
AT3G45670,0.0
AT3G45673,0.0
AT3G45680,-0.09622413
AT3G45690,0.0
AT3G45700,0.0
AT3G45710,-0.058232266
AT3G45720,0.0
AT3G45730,0.1276764
AT3G45740,-0.11000255
AT3G45750,-0.057094693
AT3G45760,0.0
AT3G45770,-0.09862685
AT3G45780,-0.40563142
AT3G45790,0.0
AT3G45800,0.0
AT3G45810,0.0
AT3G45820,0.0
AT3G45830,0.049776454
AT3G45840,0.0
AT3G45850,-0.6199857
AT3G45851,0.0
AT3G45860,-0.18031701
AT3G45870,0.09418863
AT3G45880,-0.031471815
AT3G45890,-0.063925296
AT3G45900,-0.20173237
AT3G45910,0.0
AT3G45920,0.0
AT3G45940,-0.15077071
AT3G45950,0.0
AT3G45960,-0.2315196
AT3G45970,0.6236426
AT3G45980,-0.030311331
AT3G45990,0.0
AT3G46000,0.29355508
AT3G46010,0.040399138
AT3G46020,-0.12401756
AT3G46030,0.15497123
AT3G46040,0.18899132
AT3G46050,0.0
AT3G46060,0.16176696
AT3G46070,0.10053827
AT3G46080,2.508187
AT3G46086,0.0
AT3G46090,0.8713771
AT3G46100,-0.21531813
AT3G46110,0.7386531
AT3G46120,0.0
AT3G46130,-0.6409936
AT3G46140,0.0
AT3G46150,0.1013438
AT3G46160,0.0
AT3G46170,0.04398793
AT3G46180,-0.26250204
AT3G46190,0.0033953402
AT3G46200,-0.2738009
AT3G46210,-0.08419058
AT3G46220,0.015639426
AT3G46230,1.2289885
AT3G46240,0.0
AT3G46260,0.41697174
AT3G46270,0.0
AT3G46280,0.9705075
AT3G46290,0.17091167
AT3G46300,0.109257095
AT3G46310,0.0
AT3G46330,-0.03164881
AT3G46340,0.04398793
AT3G46350,0.0
AT3G46355,0.0
AT3G46360,0.0
AT3G46370,-0.6380524
AT3G46380,0.0
AT3G46390,0.0
AT3G46400,0.0
AT3G46410,0.0
AT3G46420,0.0
AT3G46430,-0.21403968
AT3G46440,0.50008696
AT3G46450,0.075996794
AT3G46460,0.052792642
AT3G46470,0.0
AT3G46480,0.0
AT3G46490,-0.2818089
AT3G46500,0.038306925
AT3G46510,0.1925617
AT3G46520,0.3247117
AT3G46530,-0.17782213
AT3G46540,-0.1790548
AT3G46550,-0.4343209
AT3G46560,0.31578135
AT3G46565,0.0
AT3G46570,0.0
AT3G46580,-0.32804298
AT3G46590,-0.30947512
AT3G46600,0.18372363
AT3G46610,-0.18337843
AT3G46613,0.0
AT3G46616,0.0
AT3G46617,-0.014502965
AT3G46620,0.63772726
AT3G46630,-0.14905584
AT3G46640,0.43437508
AT3G46650,0.01517929
AT3G46660,3.4168527
AT3G46666,0.0
AT3G46670,1.8566438
AT3G46680,1.1645228
AT3G46690,1.3969756
AT3G46700,0.5586093
AT3G46710,0.0
AT3G46720,-0.040775783
AT3G46730,0.15826508
AT3G46735,-0.0028244443
AT3G46740,-0.029218676
AT3G46750,0.0
AT3G46760,0.0
AT3G46770,-0.20736884
AT3G46780,-0.78544044
AT3G46790,-0.12532869
AT3G46800,0.0
AT3G46810,0.0
AT3G46820,-0.11459809
AT3G46830,-0.0064650755
AT3G46840,0.0
AT3G46845,-0.01641247
AT3G46850,0.0
AT3G46860,0.0
AT3G46870,-0.03047397
AT3G46880,-0.03164881
AT3G46890,-0.07708726
AT3G46900,-0.37005836
AT3G46910,0.0
AT3G46920,-0.055373583
AT3G46930,0.49004588
AT3G46940,-0.037515003
AT3G46950,-0.19403422
AT3G46960,-0.19287415
AT3G46970,-0.5221896
AT3G46980,-0.04818477
AT3G46990,-0.5637397
AT3G47000,-0.06916465
AT3G47010,-0.24807015
AT3G47020,0.0
AT3G47030,-0.21316138
AT3G47040,0.24268173
AT3G47050,0.16953582
AT3G47060,0.09853061
AT3G47070,-0.56636524
AT3G47080,0.0884867
AT3G47090,0.16907759
AT3G47100,0.02223215
AT3G47110,-0.14058045
AT3G47120,0.066694
AT3G47130,0.0
AT3G47140,0.0
AT3G47150,0.0
AT3G47160,-0.07074358
AT3G47170,0.0
AT3G47180,-0.16109884
AT3G47190,0.0
AT3G47200,0.0
AT3G47210,0.008079851
AT3G47220,-0.17504519
AT3G47250,0.14198379
AT3G47290,-0.1635281
AT3G47295,-0.24397667
AT3G47300,0.12913598
AT3G47340,0.014166314
AT3G47341,0.0
AT3G47350,0.06907349
AT3G47360,-0.26229492
AT3G47370,0.25887373
AT3G47380,1.0857352
AT3G47390,-0.25616062
AT3G47400,-0.095730975
AT3G47410,0.0
AT3G47420,0.1393829
AT3G47430,-0.35636196
AT3G47440,0.0
AT3G47450,0.005081885
AT3G47460,-0.03248088
AT3G47470,-0.32044283
AT3G47480,1.002267
AT3G47490,0.08352373
AT3G47500,-0.44139746
AT3G47510,-0.27429745
AT3G47520,0.366087
AT3G47530,0.03738649
AT3G47540,2.7044911
AT3G47550,0.2987244
AT3G47560,-0.44434762
AT3G47570,-0.105115786
AT3G47580,-0.14138998
AT3G47590,-0.095041975
AT3G47600,-0.2159794
AT3G47610,-0.16582192
AT3G47620,-0.2978208
AT3G47630,-0.21444082
AT3G47640,0.03247379
AT3G47650,-0.29743347
AT3G47660,-0.03461247
AT3G47670,0.12437641
AT3G47680,-0.17465568
AT3G47690,-0.3158906
AT3G47700,0.15780756
AT3G47710,0.0
AT3G47720,0.0
AT3G47730,0.3995766
AT3G47740,0.0
AT3G47750,-0.43362433
AT3G47760,0.0
AT3G47770,0.0
AT3G47780,1.4779994
AT3G47790,0.10657802
AT3G47800,0.42342648
AT3G47810,0.24455276
AT3G47820,0.07499292
AT3G47830,-0.007870386
AT3G47833,0.50330615
AT3G47836,0.02161325
AT3G47840,0.051427066
AT3G47850,0.04760913
AT3G47860,-0.15089989
AT3G47870,-0.14191799
AT3G47890,-0.07054596
AT3G47910,-0.018314542
AT3G47920,0.0
AT3G47930,0.042797595
AT3G47940,0.19792832
AT3G47950,0.49374658
AT3G47960,0.73290676
AT3G47965,0.21508203
AT3G47970,0.0
AT3G47990,0.06813118
AT3G48000,0.5494123
AT3G48010,0.20822202
AT3G48020,1.202452
AT3G48030,0.26790717
AT3G48040,-0.37410274
AT3G48050,0.085646704
AT3G48060,0.038057003
AT3G48070,0.06260177
AT3G48080,0.6361433
AT3G48090,0.4158629
AT3G48100,-0.03406857
AT3G48110,-0.03446899
AT3G48120,-0.30242255
AT3G48131,0.0
AT3G48140,0.26466954
AT3G48150,-0.11366788
AT3G48160,0.001641649
AT3G48170,0.2589116
AT3G48180,0.71519655
AT3G48185,-0.033843156
AT3G48187,-0.3140217
AT3G48190,-0.2776997
AT3G48195,0.059188396
AT3G48200,-0.5941283
AT3G48205,0.0
AT3G48208,0.0
AT3G48209,0.0
AT3G48210,-0.070188396
AT3G48220,0.0
AT3G48230,-0.028597089
AT3G48231,0.0
AT3G48240,-0.18915069
AT3G48250,0.017645674
AT3G48260,-0.35498437
AT3G48270,0.0
AT3G48280,-0.5915275
AT3G48290,-0.9396199
AT3G48298,0.0
AT3G48300,0.38042787
AT3G48310,0.21359344
AT3G48320,-0.017489135
AT3G48330,-0.0018413259
AT3G48340,-0.097049296
AT3G48343,-0.014502965
AT3G48344,0.0
AT3G48346,-0.044671863
AT3G48350,0.15301953
AT3G48360,1.1409286
AT3G48380,0.1363967
AT3G48390,0.044895846
AT3G48400,0.0
AT3G48410,-0.14703764
AT3G48420,-0.7754156
AT3G48425,-0.10928457
AT3G48430,-0.24766727
AT3G48440,-0.44847858
AT3G48450,1.6011283
AT3G48460,-0.051921714
AT3G48470,-0.026742883
AT3G48475,0.0
AT3G48480,-0.17798802
AT3G48490,0.13366555
AT3G48500,0.04067038
AT3G48510,-0.028107572
AT3G48520,3.3330426
AT3G48530,0.076566294
AT3G48540,-0.0009150909
AT3G48550,-0.43516052
AT3G48560,-0.27211618
AT3G48570,0.54887474
AT3G48580,1.3989956
AT3G48590,-0.006503846
AT3G48600,-0.41681293
AT3G48610,-0.63608855
AT3G48620,-0.090010114
AT3G48630,0.2562463
AT3G48640,1.0388064
AT3G48650,0.0
AT3G48660,-0.025596492
AT3G48670,-0.72892433
AT3G48675,0.0
AT3G48680,0.17266086
AT3G48690,0.30748376
AT3G48700,-0.051936142
AT3G48710,-0.31378725
AT3G48720,-0.36689574
AT3G48730,-0.32077077
AT3G48740,-0.41262543
AT3G48750,-0.06929076
AT3G48760,0.30406868
AT3G48770,-0.23206654
AT3G48780,0.17371562
AT3G48790,0.047650237
AT3G48800,-0.09726013
AT3G48810,-0.16481376
AT3G48820,-0.21113166
AT3G48830,-0.05920943
AT3G48835,-0.19848824
AT3G48840,0.1157586
AT3G48850,2.370655
AT3G48860,0.07047315
AT3G48870,-0.092084564
AT3G48880,0.059330795
AT3G48890,0.92024124
AT3G48900,0.04654214
AT3G48920,0.25753328
AT3G48930,0.3088185
AT3G48940,0.0
AT3G48950,0.0
AT3G48960,0.0
AT3G48970,-0.06732696
AT3G48980,-0.29860035
AT3G48990,0.8012537
AT3G49000,-0.22841017
AT3G49010,0.2511404
AT3G49020,0.0
AT3G49030,0.0
AT3G49040,0.0
AT3G49045,0.0
AT3G49050,-0.34586793
AT3G49055,0.24718842
AT3G49060,0.03651297
AT3G49070,0.22319919
AT3G49080,-0.04877023
AT3G49100,-0.039342135
AT3G49110,1.7810916
AT3G49115,0.0
AT3G49120,2.1068037
AT3G49130,1.1940004
AT3G49140,-0.40402058
AT3G49142,-0.2578064
AT3G49150,0.0
AT3G49155,-0.03164881
AT3G49160,0.45684195
AT3G49170,-0.10108361
AT3G49180,0.07121259
AT3G49190,0.0
AT3G49200,0.057684936
AT3G49210,0.84776205
AT3G49220,-0.58598167
AT3G49230,0.0
AT3G49240,-0.11016003
AT3G49250,-0.29384467
AT3G49260,-0.5067321
AT3G49270,0.0
AT3G49290,-0.43946263
AT3G49300,0.07172963
AT3G49305,0.0
AT3G49307,0.0
AT3G49310,-0.073178075
AT3G49320,-0.1737512
AT3G49330,0.12513247
AT3G49340,-0.12044026
AT3G49350,0.041515954
AT3G49360,-0.32612056
AT3G49370,0.25707886
AT3G49380,-0.040838767
AT3G49390,0.11610563
AT3G49400,0.09273499
AT3G49410,0.07950855
AT3G49420,0.16419533
AT3G49430,0.17235309
AT3G49440,0.0
AT3G49450,0.0
AT3G49460,0.0
AT3G49470,-0.2056573
AT3G49480,0.027913155
AT3G49490,0.08527727
AT3G49500,-0.18182679
AT3G49510,-0.17713276
AT3G49520,0.0
AT3G49530,0.50150436
AT3G49540,0.434383
AT3G49550,-0.2072403
AT3G49551,0.0
AT3G49560,-0.043970786
AT3G49570,-0.01911294
AT3G49580,-0.2296001
AT3G49590,0.14854847
AT3G49600,-0.14094627
AT3G49601,-0.1426242
AT3G49610,0.0
AT3G49620,4.352803
AT3G49630,0.01517929
AT3G49640,-0.2649822
AT3G49645,-0.06544633
AT3G49650,-0.5055303
AT3G49660,0.07805833
AT3G49670,-0.645687
AT3G49680,-0.13433433
AT3G49690,-0.29968587
AT3G49700,0.0
AT3G49710,-0.11211796
AT3G49720,-0.30702403
AT3G49725,-0.004522387
AT3G49730,-0.54826534
AT3G49740,-0.09182328
AT3G49744,0.0
AT3G49750,-0.26170477
AT3G49760,0.0
AT3G49770,0.0
AT3G49780,0.63419586
AT3G49790,0.06148831
AT3G49796,0.0
AT3G49800,0.09335599
AT3G49810,0.018601183
AT3G49820,0.0
AT3G49830,0.019470116
AT3G49840,-0.060824253
AT3G49845,0.33856073
AT3G49850,-0.20199154
AT3G49860,0.019351164
AT3G49870,-0.04168602
AT3G49880,-0.17208906
AT3G49890,-0.148428
AT3G49900,-0.088559516
AT3G49910,0.030618405
AT3G49920,-0.09819555
AT3G49930,-0.4178945
AT3G49940,0.5990191
AT3G49950,0.03989859
AT3G49960,-0.03157307
AT3G49970,-0.09280336
AT3G49980,0.0
AT3G49990,-0.2789109
AT3G50000,0.011102593
AT3G50010,-0.3339883
AT3G50020,0.0
AT3G50030,0.2369163
AT3G50040,-0.13310687
AT3G50050,-0.44109216
AT3G50060,0.08894122
AT3G50070,-0.17542389
AT3G50080,0.16226381
AT3G50090,0.0
AT3G50100,-0.36990666
AT3G50110,-0.27928773
AT3G50120,-0.25852573
AT3G50123,0.0
AT3G50130,0.16863374
AT3G50140,-0.07182467
AT3G50150,0.0
AT3G50160,0.0
AT3G50170,0.0
AT3G50180,0.0
AT3G50190,-0.033731952
AT3G50200,-0.10077426
AT3G50210,-0.309325
AT3G50220,0.20453998
AT3G50230,0.0
AT3G50240,-0.7537867
AT3G50250,0.0
AT3G50260,1.485983
AT3G50270,-0.35938948
AT3G50280,0.57668006
AT3G50290,-0.014502965
AT3G50300,0.0
AT3G50310,0.058918066
AT3G50320,0.0
AT3G50330,0.0
AT3G50340,-0.65001786
AT3G50350,-0.2494397
AT3G50360,0.100175224
AT3G50370,0.019490099
AT3G50373,0.0
AT3G50380,-0.018251063
AT3G50390,0.15082411
AT3G50400,1.2322336
AT3G50410,0.18662658
AT3G50420,-0.07094941
AT3G50430,-0.16883108
AT3G50440,-0.3819228
AT3G50450,-0.10811333
AT3G50460,-0.040775783
AT3G50470,0.31127238
AT3G50480,0.5322668
AT3G50500,0.07187671
AT3G50510,-0.029492572
AT3G50520,-0.0085985
AT3G50530,-0.14924173
AT3G50540,0.0
AT3G50550,-0.13097815
AT3G50560,-0.017542731
AT3G50570,0.46939906
AT3G50580,0.0
AT3G50590,0.08134317
AT3G50610,0.0
AT3G50620,-0.14520477
AT3G50630,-0.72237754
AT3G50640,0.0
AT3G50650,0.14525393
AT3G50660,-0.38782403
AT3G50670,-0.14192876
AT3G50685,-0.36919397
AT3G50690,-0.071795136
AT3G50700,-0.15064698
AT3G50710,0.0
AT3G50720,0.0
AT3G50730,-0.016074775
AT3G50740,-0.44125888
AT3G50750,-0.32813495
AT3G50760,0.60103995
AT3G50770,1.728479
AT3G50780,-0.27068686
AT3G50790,0.016994873
AT3G50800,0.40688688
AT3G50808,0.0
AT3G50810,0.11270237
AT3G50820,-0.27051258
AT3G50830,0.12306167
AT3G50840,-0.15106872
AT3G50845,-0.2502025
AT3G50850,0.056017824
AT3G50860,-0.35483268
AT3G50870,-0.10341233
AT3G50880,-0.026477097
AT3G50890,-0.34084752
AT3G50900,1.020291
AT3G50910,0.9030299
AT3G50920,0.11502594
AT3G50925,0.0
AT3G50930,0.6119969
AT3G50940,-0.3306136
AT3G50950,0.23110473
AT3G50960,-0.31566194
AT3G50970,1.0769068
AT3G50980,0.2688727
AT3G50990,0.0
AT3G51000,0.3444935
AT3G51010,0.16165364
AT3G51020,0.0
AT3G51030,0.025873685
AT3G51040,-0.100580685
AT3G51050,0.095254466
AT3G51060,-0.09276159
AT3G51070,0.0
AT3G51080,-0.3007338
AT3G51090,0.7234487
AT3G51100,0.09423331
AT3G51110,-0.045831203
AT3G51120,0.042852808
AT3G51130,0.30490863
AT3G51140,-0.10667263
AT3G51150,-0.7195109
AT3G51160,0.60953295
AT3G51171,0.0
AT3G51180,0.08871755
AT3G51190,0.0
AT3G51200,0.0
AT3G51210,0.0
AT3G51220,-0.038259912
AT3G51230,-0.0025899184
AT3G51240,-0.47059125
AT3G51250,-0.048071355
AT3G51260,0.09110242
AT3G51270,-0.28938892
AT3G51280,-0.057918485
AT3G51290,-0.17807785
AT3G51300,0.122448914
AT3G51310,0.0050141443
AT3G51320,0.010133187
AT3G51325,-0.0024217444
AT3G51330,0.5988466
AT3G51340,-0.11469617
AT3G51350,0.22595689
AT3G51360,-0.3325241
AT3G51370,0.037442923
AT3G51380,0.0
AT3G51390,0.0016029333
AT3G51400,0.14780992
AT3G51410,0.0
AT3G51420,0.0045755133
AT3G51430,0.5951009
AT3G51440,0.9252552
AT3G51450,0.5303661
AT3G51460,0.32189518
AT3G51470,0.09380617
AT3G51480,-0.46652314
AT3G51490,0.09139873
AT3G51500,0.260881
AT3G51510,-0.35393313
AT3G51520,0.023372198
AT3G51530,-0.09957587
AT3G51540,0.8303576
AT3G51550,0.06548204
AT3G51560,0.0
AT3G51570,0.0
AT3G51580,0.13635825
AT3G51590,0.0
AT3G51600,-0.2790064
AT3G51610,-0.039776877
AT3G51620,0.03200165
AT3G51630,-0.20231204
AT3G51640,0.006492181
AT3G51642,0.0
AT3G51644,0.0
AT3G51650,0.047716927
AT3G51660,1.2099174
AT3G51670,0.008386244
AT3G51680,0.07334112
AT3G51690,0.0
AT3G51700,0.0
AT3G51710,-0.37828776
AT3G51720,-0.41926014
AT3G51730,0.44356975
AT3G51740,-0.12249283
AT3G51750,-0.079133675
AT3G51760,-0.45810363
AT3G51770,-0.034387995
AT3G51780,-0.09070753
AT3G51790,0.38403124
AT3G51800,0.17123929
AT3G51810,-0.016074775
AT3G51820,-0.26671964
AT3G51830,-0.18118301
AT3G51840,0.3402959
AT3G51850,-0.029345345
AT3G51860,1.9722482
AT3G51870,0.5687698
AT3G51880,-0.19534811
AT3G51890,0.2909867
AT3G51895,0.14798714
AT3G51910,-0.20152377
AT3G51920,0.17868541
AT3G51930,-0.068939604
AT3G51940,-0.18135999
AT3G51950,-0.5304642
AT3G51960,0.478748
AT3G51970,0.7013216
AT3G51980,0.015302904
AT3G51990,0.1966715
AT3G52000,0.0
AT3G52010,0.038306925
AT3G52020,0.0
AT3G52030,-0.074625894
AT3G52040,0.065710574
AT3G52050,-0.15655196
AT3G52060,-0.38848066
AT3G52070,-0.03545497
AT3G52075,-0.012102955
AT3G52080,0.0
AT3G52090,-0.08151745
AT3G52100,-0.057980422
AT3G52110,-0.21324123
AT3G52115,0.06551609
AT3G52120,0.12101074
AT3G52130,0.0
AT3G52140,-0.049023982
AT3G52150,-0.14742926
AT3G52155,-0.11377795
AT3G52160,0.05655034
AT3G52170,-0.33181572
AT3G52180,-0.38969123
AT3G52190,0.25678965
AT3G52200,0.15873654
AT3G52210,0.06576438
AT3G52220,-0.060182143
AT3G52230,-0.28830996
AT3G52240,0.15548684
AT3G52250,-0.08149751
AT3G52260,-0.097816564
AT3G52270,-0.052251358
AT3G52280,-0.019207254
AT3G52290,-0.19420128
AT3G52300,0.21436149
AT3G52310,-0.21660362
AT3G52320,0.0
AT3G52330,0.0
AT3G52340,-0.054286733
AT3G52350,0.0
AT3G52360,-0.45014825
AT3G52370,-0.43210617
AT3G52380,-0.088893294
AT3G52390,-0.13964072
AT3G52400,0.8487187
AT3G52420,0.064052716
AT3G52430,0.698044
AT3G52440,0.0
AT3G52450,0.30744538
AT3G52460,-0.08644375
AT3G52470,0.17119218
AT3G52480,0.1733402
AT3G52490,-0.2440823
AT3G52500,-0.4767398
AT3G52510,0.0
AT3G52520,0.31205696
AT3G52525,-0.082882404
AT3G52526,0.15974939
AT3G52530,0.0
AT3G52540,0.3803791
AT3G52550,0.10550595
AT3G52560,0.10018347
AT3G52561,0.0
AT3G52570,0.05965263
AT3G52580,0.15321301
AT3G52590,0.17949928
AT3G52600,0.0
AT3G52610,0.07652039
AT3G52620,0.049300194
AT3G52630,-0.08425151
AT3G52640,0.032053716
AT3G52660,-0.13477948
AT3G52670,0.0
AT3G52680,-0.2929699
AT3G52690,0.0
AT3G52700,0.0
AT3G52710,0.01994312
AT3G52720,-1.1424096
AT3G52730,0.2659917
AT3G52740,-0.034500334
AT3G52750,-0.6553766
AT3G52760,-0.032846402
AT3G52770,0.014362774
AT3G52780,0.78328204
AT3G52790,0.10053827
AT3G52800,0.2395048
AT3G52810,0.0
AT3G52820,1.1155326
AT3G52830,0.0
AT3G52840,-0.3972378
AT3G52850,0.23700841
AT3G52860,-0.06899355
AT3G52870,0.2135781
AT3G52880,0.26650152
AT3G52890,-0.04404614
AT3G52900,-0.47758222
AT3G52905,-0.061442494
AT3G52910,0.07853302
AT3G52920,-0.43267724
AT3G52930,0.36738783
AT3G52940,-0.43611518
AT3G52941,0.0
AT3G52950,0.112462394
AT3G52960,0.046022963
AT3G52970,0.058932114
AT3G52980,0.0
AT3G52990,0.24056058
AT3G53000,0.040708177
AT3G53010,-0.1506106
AT3G53020,0.11179412
AT3G53030,-0.051171772
AT3G53040,0.23015755
AT3G53050,0.0
AT3G53060,0.0
AT3G53065,0.057684936
AT3G53070,0.0
AT3G53075,0.019470116
AT3G53080,0.0
AT3G53090,-0.06624078
AT3G53100,-0.6357682
AT3G53110,0.0006340254
AT3G53120,0.4569004
AT3G53130,-0.4330687
AT3G53140,0.0
AT3G53150,1.7546555
AT3G53160,1.9079416
AT3G53170,0.061538257
AT3G53180,0.6821966
AT3G53190,-1.0098268
AT3G53200,0.0
AT3G53210,0.23147312
AT3G53220,0.017743057
AT3G53230,0.44339997
AT3G53232,0.27333978
AT3G53235,-0.055360705
AT3G53240,-0.45449284
AT3G53250,-0.072732516
AT3G53260,0.6548626
AT3G53270,0.008022794
AT3G53280,0.015167628
AT3G53294,0.0
AT3G53300,0.0
AT3G53305,0.0
AT3G53310,-0.29860973
AT3G53320,-0.29763448
AT3G53330,0.0
AT3G53340,0.33551848
AT3G53342,0.0
AT3G53350,-0.21643575
AT3G53360,0.059039507
AT3G53370,0.2461523
AT3G53380,-0.43168023
AT3G53390,0.09869848
AT3G53400,-0.26083255
AT3G53410,-0.032302387
AT3G53420,0.22625105
AT3G53430,0.18586332
AT3G53440,-0.094642565
AT3G53450,0.013755304
AT3G53460,0.055117704
AT3G53470,-0.23695438
AT3G53480,1.3594066
AT3G53490,0.13892709
AT3G53500,0.07908969
AT3G53510,0.18719752
AT3G53520,0.14346005
AT3G53530,-0.2119044
AT3G53540,-0.29297903
AT3G53550,-0.014502965
AT3G53560,-0.0354981
AT3G53570,-0.25951406
AT3G53580,0.032730084
AT3G53590,0.0
AT3G53600,1.7778238
AT3G53610,-0.04374795
AT3G53611,0.0
AT3G53620,0.75179094
AT3G53630,0.017899476
AT3G53640,0.01517929
AT3G53650,1.3990405
AT3G53660,0.0
AT3G53680,-0.5938762
AT3G53690,-0.15627556
AT3G53700,-0.20517534
AT3G53710,0.03478198
AT3G53720,0.2370001
AT3G53740,0.070282914
AT3G53750,-0.21520488
AT3G53760,-0.09382126
AT3G53770,0.0
AT3G53780,0.2919083
AT3G53790,0.0
AT3G53800,-0.4959639
AT3G53810,0.638462
AT3G53820,0.038306925
AT3G53830,-0.3824973
AT3G53840,-0.037190273
AT3G53850,-0.103180125
AT3G53860,-0.363799
AT3G53870,0.14697081
AT3G53880,-0.0086805355
AT3G53890,0.33355713
AT3G53900,-0.17672747
AT3G53910,0.0
AT3G53920,-0.47467816
AT3G53930,0.22693907
AT3G53940,-0.10259972
AT3G53950,0.07441845
AT3G53960,0.33689213
AT3G53970,-0.008366948
AT3G53980,-0.11184998
AT3G53990,0.1677093
AT3G54000,-0.3097827
AT3G54010,-0.06944092
AT3G54020,0.053007994
AT3G54030,0.30306852
AT3G54040,0.17498514
AT3G54050,-0.6496518
AT3G54060,0.0
AT3G54065,0.009175904
AT3G54070,0.0
AT3G54080,-0.21651317
AT3G54085,0.13651298
AT3G54090,0.24644317
AT3G54100,0.5030431
AT3G54110,0.9681512
AT3G54120,0.0031314692
AT3G54130,0.60889643
AT3G54140,0.28954744
AT3G54150,1.8953035
AT3G54160,0.019946508
AT3G54170,0.090143114
AT3G54180,-0.15534301
AT3G54190,-0.10418724
AT3G54200,0.22643462
AT3G54210,-0.18117307
AT3G54220,-0.15145653
AT3G54230,-0.053424045
AT3G54240,0.019470116
AT3G54250,-0.2181861
AT3G54260,-1.0135871
AT3G54270,-0.21317062
AT3G54280,0.07179484
AT3G54290,-0.07459883
AT3G54300,0.19259109
AT3G54310,0.0
AT3G54320,0.009810476
AT3G54340,-0.11816683
AT3G54350,-0.08076986
AT3G54360,0.028368512
AT3G54363,0.10219199
AT3G54380,-0.028577972
AT3G54390,-0.36830872
AT3G54400,0.077498555
AT3G54410,-0.012178695
AT3G54420,0.76696897
AT3G54430,-0.09673546
AT3G54440,0.04765418
AT3G54450,0.0
AT3G54460,-0.27454785
AT3G54470,-0.064954355
AT3G54480,0.0427877
AT3G54490,0.0
AT3G54500,-0.387292
AT3G54510,0.24015693
AT3G54520,0.019470116
AT3G54530,0.01517929
AT3G54540,0.04964453
AT3G54550,0.0742366
AT3G54560,-0.008872206
AT3G54570,0.0
AT3G54580,0.0
AT3G54590,0.0
AT3G54600,-0.91372716
AT3G54610,-0.06644636
AT3G54620,0.5457412
AT3G54630,-0.120898984
AT3G54640,1.9748156
AT3G54650,-0.046767406
AT3G54660,-0.1337549
AT3G54670,-0.004057949
AT3G54680,0.5429527
AT3G54690,-0.2010002
AT3G54700,0.0
AT3G54710,-0.014633833
AT3G54720,-0.25311255
AT3G54730,0.10741904
AT3G54740,-0.35356784
AT3G54750,-0.03839405
AT3G54760,-0.09779551
AT3G54770,-0.007844848
AT3G54780,-0.12580313
AT3G54790,-0.26454112
AT3G54800,0.18110874
AT3G54810,0.51416105
AT3G54820,0.78560454
AT3G54826,0.17370717
AT3G54830,-0.1287255
AT3G54840,0.17461197
AT3G54850,0.18089107
AT3G54860,0.12699144
AT3G54870,0.07481718
AT3G54880,0.25093785
AT3G54890,-0.54052395
AT3G54900,-0.25002354
AT3G54910,-0.5239569
AT3G54920,-0.5352138
AT3G54925,0.0
AT3G54930,-0.4123319
AT3G54940,0.0
AT3G54950,1.3196301
AT3G54960,0.5497664
AT3G54970,-0.19162503
AT3G54980,-0.26283047
AT3G54990,-0.0817407
AT3G55000,-0.08498083
AT3G55005,-0.2787802
AT3G55010,0.0770019
AT3G55020,-0.12529053
AT3G55030,0.04887567
AT3G55040,-0.43366364
AT3G55050,0.26918834
AT3G55060,-0.029245824
AT3G55070,0.04249134
AT3G55080,-0.33831587
AT3G55090,1.4781414
AT3G55100,0.07172963
AT3G55110,-0.52399886
AT3G55120,0.020724842
AT3G55130,-0.39981878
AT3G55140,-0.1724326
AT3G55150,-0.49668372
AT3G55160,-0.08957068
AT3G55170,-0.12898327
AT3G55180,0.0
AT3G55190,0.0
AT3G55200,-0.22634692
AT3G55210,0.019470116
AT3G55220,0.12374114
AT3G55230,-0.04675236
AT3G55240,-1.3627895
AT3G55250,-0.1683036
AT3G55252,0.0
AT3G55254,0.0
AT3G55260,0.016694507
AT3G55270,0.25073084
AT3G55280,0.11410562
AT3G55290,0.0074348855
AT3G55310,0.0
AT3G55320,0.036516257
AT3G55330,-0.4896289
AT3G55340,-0.087014005
AT3G55350,-0.20712736
AT3G55360,0.12366886
AT3G55370,0.091025196
AT3G55380,0.13303393
AT3G55390,0.17318076
AT3G55400,0.024101706
AT3G55410,0.5672811
AT3G55420,-0.95110154
AT3G55430,0.9348595
AT3G55440,0.17732278
AT3G55450,-0.022696886
AT3G55460,0.11054303
AT3G55470,0.78676724
AT3G55480,-0.080458924
AT3G55500,0.24572329
AT3G55510,0.080958046
AT3G55513,0.0
AT3G55515,0.14784594
AT3G55520,-0.061515655
AT3G55530,0.14976166
AT3G55540,0.01517929
AT3G55550,-0.05654218
AT3G55560,0.1214532
AT3G55566,0.0
AT3G55570,0.0
AT3G55580,-0.077774554
AT3G55590,0.0
AT3G55600,0.030694192
AT3G55605,0.16679505
AT3G55610,0.028194021
AT3G55620,0.13584788
AT3G55630,-0.72926223
AT3G55640,0.15384197
AT3G55646,-0.29081506
AT3G55650,0.0
AT3G55660,-0.032990076
AT3G55665,0.0
AT3G55670,0.0
AT3G55672,0.0
AT3G55677,0.0
AT3G55680,0.0
AT3G55690,-0.2766608
AT3G55700,-0.05168077
AT3G55710,-0.32478398
AT3G55720,0.10236292
AT3G55730,0.49332702
AT3G55740,0.14186896
AT3G55750,0.120441884
AT3G55760,-0.47445247
AT3G55770,-0.05625565
AT3G55780,0.040475562
AT3G55790,0.114235274
AT3G55800,-0.66563904
AT3G55810,0.0
AT3G55820,-0.11026813
AT3G55830,0.044103548
AT3G55840,0.9625616
AT3G55850,-0.11454101
AT3G55860,0.0
AT3G55870,0.0
AT3G55880,0.43161523
AT3G55890,1.3526541
AT3G55900,0.01517929
AT3G55910,1.1140229
AT3G55920,-0.14369586
AT3G55930,0.054961924
AT3G55935,0.01517929
AT3G55940,-0.3300404
AT3G55950,0.8778237
AT3G55960,-0.18419634
AT3G55970,2.1155019
AT3G55980,0.085222244
AT3G55990,-0.05131775
AT3G56000,-0.0035447062
AT3G56010,-0.23680578
AT3G56030,0.09514895
AT3G56040,-0.38561967
AT3G56050,-0.18820688
AT3G56060,-0.3298399
AT3G56070,0.23701671
AT3G56080,-0.44320017
AT3G56090,0.78958505
AT3G56100,0.018722476
AT3G56110,0.37039465
AT3G56120,-0.2456137
AT3G56130,-0.13882159
AT3G56140,0.039323483
AT3G56150,0.083632335
AT3G56160,-0.7214191
AT3G56170,0.33165962
AT3G56180,0.0
AT3G56190,0.08678629
AT3G56200,0.5119196
AT3G56210,0.007027089
AT3G56220,0.057978634
AT3G56230,0.061080277
AT3G56240,-0.08791113
AT3G56250,-0.266307
AT3G56260,0.09395916
AT3G56270,-0.25113016
AT3G56290,-0.3029556
AT3G56300,-0.19458677
AT3G56310,0.38811436
AT3G56320,0.1020729
AT3G56330,-0.179555
AT3G56340,0.20437787
AT3G56350,0.04738327
AT3G56360,-0.3020815
AT3G56370,-0.6548223
AT3G56380,0.0
AT3G56390,0.0
AT3G56400,1.1985496
AT3G56410,-0.0038116502
AT3G56420,-0.03164881
AT3G56430,0.007832017
AT3G56440,0.06755612
AT3G56450,-0.1623554
AT3G56460,0.14648852
AT3G56470,0.049901675
AT3G56480,-0.5754353
AT3G56490,0.37138772
AT3G56500,0.4561689
AT3G56510,-0.25581494
AT3G56520,0.0
AT3G56530,0.0
AT3G56540,0.0
AT3G56550,-0.05622223
AT3G56560,0.0
AT3G56570,-0.09383271
AT3G56580,-0.1323318
AT3G56590,-0.3821541
AT3G56600,0.0003587374
AT3G56610,0.0
AT3G56620,-0.46651426
AT3G56630,-0.110323794
AT3G56640,-0.043715984
AT3G56650,-0.223997
AT3G56660,0.04398793
AT3G56670,0.0
AT3G56680,-0.06654915
AT3G56690,-0.079934135
AT3G56700,0.0
AT3G56710,0.5947791
AT3G56720,-0.20364551
AT3G56730,-0.04178674
AT3G56740,0.0042630546
AT3G56750,-0.058555566
AT3G56760,-0.3283976
AT3G56770,0.092571944
AT3G56780,0.012119685
AT3G56790,0.098315656
AT3G56800,-0.037144
AT3G56810,-0.48433578
AT3G56820,0.294402
AT3G56830,-0.28949198
AT3G56840,-0.052701503
AT3G56850,-0.022798233
AT3G56860,-0.09855171
AT3G56870,0.12894565
AT3G56880,0.23296891
AT3G56890,-0.045066606
AT3G56891,1.0059294
AT3G56900,-0.12792124
AT3G56910,-0.19666614
AT3G56920,0.0006763258
AT3G56930,0.2979394
AT3G56940,-0.35252985
AT3G56950,0.1100856
AT3G56960,-0.3514095
AT3G56970,0.0
AT3G56980,0.038306925
AT3G56990,0.15444073
AT3G57000,0.05472399
AT3G57010,1.3537177
AT3G57020,1.1449571
AT3G57030,-0.41744968
AT3G57040,-0.55169654
AT3G57050,-0.06832031
AT3G57060,-0.1339013
AT3G57062,-0.07631209
AT3G57070,-0.1576254
AT3G57072,0.0
AT3G57080,-0.2990158
AT3G57090,0.23122598
AT3G57100,0.026641939
AT3G57110,0.12746885
AT3G57120,0.40459803
AT3G57130,-0.036176585
AT3G57140,0.20167631
AT3G57150,0.16542791
AT3G57160,0.0994426
AT3G57170,-0.12175959
AT3G57180,-0.22389051
AT3G57190,-0.23219733
AT3G57200,0.17345569
AT3G57210,-0.0556467
AT3G57220,-0.06290629
AT3G57230,0.09962697
AT3G57240,0.5063279
AT3G57250,0.0
AT3G57260,0.85921305
AT3G57270,0.095991865
AT3G57280,0.52369267
AT3G57290,0.11750162
AT3G57300,-0.14234027
AT3G57310,0.019470116
AT3G57320,-0.25089297
AT3G57330,0.15774092
AT3G57340,0.20056428
AT3G57350,-0.15934826
AT3G57360,0.27223948
AT3G57370,0.0
AT3G57380,1.0371358
AT3G57390,-0.023185719
AT3G57400,-0.18711323
AT3G57410,0.10061616
AT3G57420,0.22315912
AT3G57430,0.034888465
AT3G57440,0.042158704
AT3G57450,0.977516
AT3G57460,0.7567888
AT3G57465,0.019470116
AT3G57470,-0.3364561
AT3G57480,0.44580597
AT3G57490,0.4614397
AT3G57500,0.028203724
AT3G57510,2.7099044
AT3G57520,1.074378
AT3G57530,0.07422158
AT3G57540,0.015374441
AT3G57550,1.0138603
AT3G57560,0.2992141
AT3G57570,-0.09377165
AT3G57580,-0.10539158
AT3G57587,0.0030005965
AT3G57590,-0.08229032
AT3G57600,-0.38528243
AT3G57610,0.06756075
AT3G57620,0.0
AT3G57630,0.36703426
AT3G57640,0.22249809
AT3G57650,0.0368249
AT3G57660,-0.023870615
AT3G57670,-0.31659335
AT3G57680,-0.55569535
AT3G57690,-0.046151776
AT3G57700,0.5714714
AT3G57710,-0.20938905
AT3G57720,-0.33086646
AT3G57730,-0.01901829
AT3G57740,0.22109427
AT3G57750,-0.08122089
AT3G57760,0.55344176
AT3G57770,0.15811788
AT3G57780,-0.42460236
AT3G57785,0.22659296
AT3G57787,0.02983008
AT3G57790,0.029332832
AT3G57800,-0.13525598
AT3G57810,-0.08429912
AT3G57830,-0.20752384
AT3G57840,0.0
AT3G57850,0.0
AT3G57860,-0.20116532
AT3G57870,0.07547722
AT3G57880,0.24712595
AT3G57890,0.16215329
AT3G57900,0.0
AT3G57910,-0.121657796
AT3G57920,-0.05907559
AT3G57930,-0.20850047
AT3G57940,-0.018020354
AT3G57950,0.9527368
AT3G57960,0.0
AT3G57970,0.0
AT3G57980,-0.28769702
AT3G57990,-0.038212586
AT3G58000,-0.28113088
AT3G58010,-0.10643067
AT3G58020,0.0057041068
AT3G58030,-0.07177315
AT3G58040,-0.05472525
AT3G58050,0.012739873
AT3G58060,0.15602212
AT3G58070,-0.2484369
AT3G58090,0.0031720244
AT3G58100,-0.31352857
AT3G58110,-0.15629585
AT3G58120,-0.360193
AT3G58130,0.021847764
AT3G58140,-0.075914256
AT3G58150,0.26171997
AT3G58160,-0.36855307
AT3G58170,0.0484308
AT3G58180,0.1819162
AT3G58190,0.0
AT3G58200,-0.46523935
AT3G58210,0.0
AT3G58220,-0.36430994
AT3G58230,0.0
AT3G58240,0.0
AT3G58250,0.086380415
AT3G58260,0.0
AT3G58270,-0.02083467
AT3G58280,0.0
AT3G58290,0.0
AT3G58300,0.0
AT3G58310,0.0
AT3G58320,0.0
AT3G58330,0.0
AT3G58340,0.0
AT3G58350,0.012023992
AT3G58360,0.0
AT3G58370,0.0
AT3G58380,0.13517556
AT3G58390,0.0
AT3G58400,0.0
AT3G58410,0.0
AT3G58415,0.0
AT3G58420,0.0
AT3G58430,-0.2214228
AT3G58440,0.0
AT3G58450,0.09042028
AT3G58460,0.112926975
AT3G58470,0.12238665
AT3G58480,-0.009126973
AT3G58490,-0.119236395
AT3G58500,0.075726375
AT3G58510,0.1841622
AT3G58520,-0.11361334
AT3G58530,0.02413254
AT3G58540,0.14888315
AT3G58550,0.02223215
AT3G58560,0.104269184
AT3G58570,0.27951443
AT3G58580,0.0704032
AT3G58585,0.0
AT3G58590,-0.092113696
AT3G58600,-0.13130677
AT3G58610,-0.083073705
AT3G58620,0.037068997
AT3G58630,0.03987261
AT3G58640,-0.04753762
AT3G58650,-0.053647127
AT3G58660,0.008275432
AT3G58670,0.02651375
AT3G58680,-0.03984556
AT3G58690,-0.20089199
AT3G58700,0.16106887
AT3G58710,0.10140211
AT3G58720,-0.1503708
AT3G58730,0.21701762
AT3G58740,0.29539385
AT3G58750,0.62723166
AT3G58760,-0.03596477
AT3G58770,0.06364889
AT3G58780,0.13951491
AT3G58790,-0.41088846
AT3G58800,0.18295024
AT3G58810,0.41623732
AT3G58820,-0.4303549
AT3G58830,-0.03929772
AT3G58840,-0.28653303
AT3G58850,-0.515611
AT3G58860,0.0
AT3G58875,-0.022477122
AT3G58877,0.0
AT3G58880,0.0
AT3G58890,0.0
AT3G58900,-0.09253611
AT3G58910,0.0
AT3G58920,0.0
AT3G58930,-0.10393075
AT3G58940,-0.3536824
AT3G58950,0.0
AT3G58960,0.0
AT3G58970,0.024007648
AT3G58975,0.0
AT3G58980,-0.18501863
AT3G58990,-1.0982789
AT3G59000,-0.16373858
AT3G59010,-0.3310676
AT3G59020,0.17293455
AT3G59030,0.0
AT3G59040,-0.1565416
AT3G59050,0.21047246
AT3G59060,-0.35269475
AT3G59070,0.01517929
AT3G59080,1.2174007
AT3G59090,0.034885313
AT3G59100,-0.42829567
AT3G59110,-0.36577356
AT3G59120,0.0
AT3G59130,0.0
AT3G59140,-0.1407649
AT3G59150,0.21074177
AT3G59160,0.05655034
AT3G59170,0.0
AT3G59180,0.0
AT3G59190,0.029169993
AT3G59200,0.034649406
AT3G59210,0.040407322
AT3G59220,-0.53382784
AT3G59230,-0.014502965
AT3G59240,0.0
AT3G59245,0.0
AT3G59250,-0.22717275
AT3G59260,0.0
AT3G59270,-0.0090793725
AT3G59280,0.36724046
AT3G59290,0.057472873
AT3G59295,0.0
AT3G59300,-0.13080776
AT3G59310,-0.47967646
AT3G59320,-0.36816615
AT3G59330,-0.36150193
AT3G59340,0.0
AT3G59350,0.60941905
AT3G59360,0.109857365
AT3G59370,0.0
AT3G59380,0.116662376
AT3G59390,-0.07225489
AT3G59400,-0.3574305
AT3G59410,-0.016349051
AT3G59420,-0.38599807
AT3G59430,-0.050870232
AT3G59435,0.01230023
AT3G59440,-0.040728673
AT3G59450,-0.0526461
AT3G59455,0.0
AT3G59460,0.0
AT3G59470,0.07641039
AT3G59480,0.06430811
AT3G59490,-0.24504776
AT3G59500,0.17494543
AT3G59510,-0.15613396
AT3G59520,-0.09726402
AT3G59530,-0.0029899152
AT3G59550,-0.00506042
AT3G59570,0.63273746
AT3G59580,-0.27768725
AT3G59590,0.0
AT3G59600,0.03610856
AT3G59610,0.0
AT3G59620,0.0
AT3G59630,0.13472955
AT3G59640,0.19540368
AT3G59650,0.10302673
AT3G59660,0.3038149
AT3G59670,0.117433794
AT3G59680,-0.43718895
AT3G59690,0.38792276
AT3G59700,0.8204363
AT3G59710,-0.14418298
AT3G59730,0.0032250788
AT3G59740,0.01517929
AT3G59750,-0.28746206
AT3G59760,0.19768713
AT3G59770,0.10349365
AT3G59780,-0.66060424
AT3G59790,-0.03164881
AT3G59800,-0.22211173
AT3G59810,0.05003013
AT3G59820,0.05572407
AT3G59830,-0.015398448
AT3G59840,-0.027473852
AT3G59850,-0.012102955
AT3G59870,0.12877056
AT3G59880,-0.00010504693
AT3G59890,-0.22728376
AT3G59900,0.5806916
AT3G59910,-0.010847845
AT3G59920,0.10904429
AT3G59930,1.879312
AT3G59940,0.18427661
AT3G59950,0.12618634
AT3G59960,0.0
AT3G59970,0.17760476
AT3G59980,0.0139138475
AT3G59990,-0.012072809
AT3G60000,0.0
AT3G60010,0.053262517
AT3G60020,0.038306925
AT3G60030,-0.15030003
AT3G60040,0.05206561
AT3G60050,-0.44747368
AT3G60060,0.01517929
AT3G60070,-0.46987134
AT3G60080,-0.081921846
AT3G60090,0.0
AT3G60100,0.0
AT3G60110,0.2865644
AT3G60120,3.1758914
AT3G60130,1.1777457
AT3G60140,4.985655
AT3G60150,0.44810298
AT3G60160,-0.32657924
AT3G60180,-0.10078378
AT3G60190,0.15335986
AT3G60200,0.17707847
AT3G60210,-0.022368016
AT3G60220,-0.26664338
AT3G60240,0.026266707
AT3G60245,0.17896104
AT3G60250,-0.055954177
AT3G60260,0.064739026
AT3G60270,0.0
AT3G60280,0.0
AT3G60286,-0.06861559
AT3G60290,-0.73562217
AT3G60300,-0.05110798
AT3G60310,-0.23149177
AT3G60320,-0.2530083
AT3G60328,0.0
AT3G60330,-0.011217064
AT3G60340,0.08313003
AT3G60350,-0.0770574
AT3G60360,-0.01765554
AT3G60370,-0.063005
AT3G60380,-0.27437922
AT3G60390,-0.5708059
AT3G60400,-0.100262046
AT3G60410,0.054666568
AT3G60415,1.7902634
AT3G60420,0.10840759
AT3G60440,0.09546436
AT3G60450,0.5405848
AT3G60460,0.0
AT3G60470,0.3600547
AT3G60480,0.028822137
AT3G60490,-0.019824667
AT3G60500,-0.12433911
AT3G60510,0.38334203
AT3G60520,-0.09693144
AT3G60530,-0.3087256
AT3G60540,0.72921026
AT3G60550,0.02223215
AT3G60560,0.0
AT3G60570,0.0
AT3G60580,-0.092324615
AT3G60590,0.101203986
AT3G60600,0.11579315
AT3G60620,-0.16007242
AT3G60630,-0.31703958
AT3G60640,0.068537176
AT3G60650,0.0
AT3G60660,-0.021644222
AT3G60670,-0.00082816667
AT3G60680,0.44536525
AT3G60690,0.6530544
AT3G60700,0.22304524
AT3G60710,-0.005810315
AT3G60720,0.34207943
AT3G60730,0.0
AT3G60740,-0.2973969
AT3G60750,-0.19357793
AT3G60760,0.0
AT3G60770,0.16217431
AT3G60780,0.068137005
AT3G60790,0.01517929
AT3G60800,0.27584007
AT3G60810,-0.09640983
AT3G60820,0.24045272
AT3G60830,-0.1312535
AT3G60840,-0.26675484
AT3G60850,-0.019024095
AT3G60860,0.06926484
AT3G60870,0.0
AT3G60880,0.012012288
AT3G60890,-0.014502965
AT3G60900,0.056747135
AT3G60910,-0.49711943
AT3G60920,0.02603613
AT3G60930,0.0
AT3G60940,0.02421567
AT3G60950,0.01517929
AT3G60960,0.041115526
AT3G60961,0.2446585
AT3G60966,1.3456523
AT3G60970,0.11884798
AT3G60975,0.0
AT3G60980,0.1528741
AT3G60990,-0.040720265
AT3G61000,0.0
AT3G61020,0.0
AT3G61028,0.06988013
AT3G61030,0.0
AT3G61035,0.038306925
AT3G61040,0.0
AT3G61050,-0.1688291
AT3G61060,-0.18662786
AT3G61070,0.37109134
AT3G61080,-0.75566953
AT3G61090,-0.01305891
AT3G61100,-0.11292817
AT3G61110,0.29499578
AT3G61111,0.0
AT3G61113,0.008579958
AT3G61117,0.0
AT3G61120,0.0
AT3G61130,0.024036692
AT3G61140,0.123453975
AT3G61150,-0.033240683
AT3G61160,0.21148649
AT3G61170,-0.10566685
AT3G61172,0.0
AT3G61175,-0.016074775
AT3G61177,0.02983008
AT3G61180,0.036801778
AT3G61182,0.07172963
AT3G61190,2.038317
AT3G61200,0.20504695
AT3G61210,-0.18554682
AT3G61220,-0.19783007
AT3G61230,0.0
AT3G61240,0.012826742
AT3G61250,0.019201221
AT3G61260,-0.063679926
AT3G61270,0.20913568
AT3G61280,0.28706026
AT3G61290,0.0
AT3G61300,0.035745967
AT3G61310,-0.15409236
AT3G61320,-0.23427764
AT3G61340,0.0946199
AT3G61350,-0.04229529
AT3G61360,0.01009585
AT3G61370,-0.32241604
AT3G61380,-0.35089922
AT3G61390,2.9503334
AT3G61400,0.18264419
AT3G61410,-0.08692686
AT3G61415,-0.07095389
AT3G61420,-0.19083844
AT3G61430,0.1814847
AT3G61440,-0.020873252
AT3G61450,0.07799625
AT3G61460,-0.25469008
AT3G61470,-0.35190687
AT3G61480,0.014950386
AT3G61490,0.7473517
AT3G61500,0.0
AT3G61510,-0.1482227
AT3G61520,-0.039053354
AT3G61530,0.2683924
AT3G61540,0.040896244
AT3G61550,-0.16095386
AT3G61560,-0.118252456
AT3G61570,-0.051657755
AT3G61571,0.0
AT3G61580,-0.11145097
AT3G61590,-0.07595678
AT3G61600,0.09458151
AT3G61610,-0.12668812
AT3G61620,-0.017995153
AT3G61630,0.03546823
AT3G61640,0.067795865
AT3G61650,-0.3191718
AT3G61660,0.0
AT3G61670,-0.15309097
AT3G61680,0.12525383
AT3G61690,-0.03560629
AT3G61700,-0.2787091
AT3G61710,-0.030599417
AT3G61720,0.0
AT3G61723,0.0
AT3G61730,-0.016074775
AT3G61740,-0.27456814
AT3G61750,-0.35878325
AT3G61760,0.28197494
AT3G61770,0.23533107
AT3G61780,-0.29123127
AT3G61790,0.09647032
AT3G61800,0.044157494
AT3G61810,-0.13358644
AT3G61820,-0.41586587
AT3G61826,0.0
AT3G61829,0.0
AT3G61830,-0.45194745
AT3G61840,0.08053221
AT3G61850,-0.2485806
AT3G61860,0.021032643
AT3G61870,-0.47932208
AT3G61880,-0.034196515
AT3G61890,0.041026913
AT3G61898,-0.3164882
AT3G61900,0.13905829
AT3G61910,0.0
AT3G61920,-0.043000817
AT3G61930,2.1276512
AT3G61940,-0.03057774
AT3G61950,-0.27945447
AT3G61960,-0.064292006
AT3G61962,0.0
AT3G61970,-0.21543357
AT3G61980,0.4123005
AT3G61990,0.05578356
AT3G62000,-0.19341764
AT3G62010,-0.06561937
AT3G62020,0.078958735
AT3G62030,-0.23462269
AT3G62040,-0.2523183
AT3G62050,-0.15366922
AT3G62060,-0.34566244
AT3G62070,-0.4600875
AT3G62080,-0.089043975
AT3G62090,0.38792554
AT3G62100,-0.20232852
AT3G62110,-0.12286603
AT3G62120,-0.15957461
AT3G62130,-0.03193572
AT3G62140,-0.08542054
AT3G62150,0.3635399
AT3G62160,0.27200907
AT3G62170,0.0
AT3G62180,0.0
AT3G62190,-0.18851306
AT3G62200,-0.1665352
AT3G62210,-0.16063651
AT3G62220,-0.1420515
AT3G62230,0.0
AT3G62240,0.10332824
AT3G62250,0.076126054
AT3G62260,0.61269474
AT3G62270,-0.020145442
AT3G62280,0.05196172
AT3G62290,0.02391729
AT3G62300,-0.34047243
AT3G62310,0.053715426
AT3G62320,0.038306925
AT3G62330,0.032940775
AT3G62340,0.0
AT3G62350,0.0
AT3G62360,0.055481795
AT3G62370,0.16018793
AT3G62380,-0.016074775
AT3G62390,-0.65900546
AT3G62400,0.42035997
AT3G62410,-0.10347754
AT3G62420,0.5152323
AT3G62430,-0.009908037
AT3G62440,0.0
AT3G62450,0.02654141
AT3G62460,0.2466373
AT3G62470,-0.33854577
AT3G62499,-0.10174321
AT3G62500,-0.29029238
AT3G62510,-0.09854491
AT3G62528,0.0
AT3G62530,0.055258375
AT3G62540,-0.33491343
AT3G62550,0.01288652
AT3G62560,0.00052142516
AT3G62570,-0.1852049
AT3G62580,0.28240767
AT3G62590,1.0943048
AT3G62600,0.30444968
AT3G62610,0.0
AT3G62615,0.0
AT3G62620,-0.1717032
AT3G62630,-0.6779571
AT3G62640,0.008814354
AT3G62650,-0.022401296
AT3G62660,-0.16355641
AT3G62670,0.0
AT3G62680,-0.009126973
AT3G62690,-0.2972354
AT3G62695,0.0
AT3G62700,-0.41650146
AT3G62710,0.0
AT3G62720,0.5540801
AT3G62730,0.17673777
AT3G62740,-0.03164881
AT3G62750,-0.46499768
AT3G62760,0.034649406
AT3G62770,0.2260189
AT3G62780,0.48800313
AT3G62790,0.258626
AT3G62800,-0.098610826
AT3G62810,0.22431502
AT3G62820,-0.4289201
AT3G62830,0.24839363
AT3G62850,0.0
AT3G62860,-0.18131705
AT3G62870,-0.0064627226
AT3G62880,0.022332903
AT3G62890,0.060127307
AT3G62900,-0.052941274
AT3G62910,-0.31756726
AT3G62920,0.15463987
AT3G62930,-0.0149855055
AT3G62940,-0.1615054
AT3G62950,-0.28939614
AT3G62960,-0.366703
AT3G62970,-0.047643673
AT3G62980,-0.06093429
AT3G62990,0.0
AT3G63000,-0.043577988
AT3G63010,0.30767748
AT3G63020,-0.03164881
AT3G63030,0.10562887
AT3G63040,0.0
AT3G63050,0.16150491
AT3G63052,-0.0075615468
AT3G63060,0.9491455
AT3G63070,0.17026724
AT3G63080,0.21898314
AT3G63088,-0.09258273
AT3G63090,0.05803041
AT3G63093,0.01517929
AT3G63095,-0.06864183
AT3G63110,-0.61839044
AT3G63120,-0.22792685
AT3G63130,-0.18185097
AT3G63140,-0.7730709
AT3G63150,0.032491136
AT3G63160,-0.21497709
AT3G63170,-0.2715311
AT3G63180,-0.15013027
AT3G63190,-0.25547084
AT3G63200,-0.1369758
AT3G63210,-0.24149682
AT3G63215,0.0
AT3G63220,0.17707606
AT3G63230,0.0
AT3G63240,0.26947722
AT3G63250,-0.22741191
AT3G63255,0.0
AT3G63260,0.14131355
AT3G63270,0.07153961
AT3G63280,0.37353748
AT3G63290,-0.010250916
AT3G63300,-0.43770555
AT3G63310,0.38009936
AT3G63320,-0.001818732
AT3G63330,0.0
AT3G63340,-0.06862665
AT3G63350,0.0
AT3G63360,0.0
AT3G63370,-0.4342807
AT3G63380,1.9806594
AT3G63390,0.09340319
AT3G63400,-0.06564919
AT3G63410,-0.24146125
AT3G63420,0.17460679
AT3G63430,0.032737065
AT3G63440,-0.6495192
AT3G63450,-0.71305925
AT3G63460,0.15112008
AT3G63470,0.17420256
AT3G63480,-0.022684582
AT3G63490,-0.17998262
AT3G63500,-0.082886524
AT3G63510,-0.35578287
AT3G63520,-0.2534662
AT3G63530,-0.3705972
AT3G63540,-0.07206486
AT3G63550,0.0
AT3G66652,-0.19526444
AT3G66654,0.11890356
AT3G66656,0.0
AT3G66658,-0.19342637
AT4G00005,0.0
AT4G00020,0.004392599
AT4G00026,0.07777309
AT4G00030,-0.2375812
AT4G00040,-0.24657793
AT4G00050,-0.633686
AT4G00060,-0.08433466
AT4G00070,-0.10393578
AT4G00080,0.0
AT4G00090,0.20322734
AT4G00100,-0.04056811
AT4G00110,0.105594486
AT4G00120,0.0
AT4G00130,0.01517929
AT4G00140,0.31932795
AT4G00150,-0.38413042
AT4G00155,0.0
AT4G00160,0.0
AT4G00163,-0.014502965
AT4G00165,-0.49083465
AT4G00170,0.14850597
AT4G00180,-0.3425038
AT4G00190,0.0
AT4G00200,0.36154935
AT4G00210,0.034649406
AT4G00220,-0.034515247
AT4G00230,0.1322311
AT4G00231,-0.11442431
AT4G00232,0.0
AT4G00234,0.0
AT4G00238,-0.2651542
AT4G00240,0.30646095
AT4G00250,-0.007844848
AT4G00260,0.0
AT4G00270,-0.34269962
AT4G00280,0.0
AT4G00290,0.15661804
AT4G00295,0.02983008
AT4G00300,0.16897301
AT4G00305,0.41589046
AT4G00310,-0.1479543
AT4G00315,0.0
AT4G00320,0.0
AT4G00330,0.38464198
AT4G00335,-0.12445497
AT4G00340,-0.23396537
AT4G00342,0.0
AT4G00350,-0.014502965
AT4G00355,0.086164944
AT4G00360,0.12641716
AT4G00370,-0.24215658
AT4G00380,-0.8289725
AT4G00390,0.2598676
AT4G00400,-0.34775865
AT4G00416,0.0
AT4G00420,-0.07115455
AT4G00430,0.60759735
AT4G00440,0.0064765587
AT4G00450,0.066143416
AT4G00460,-0.30922002
AT4G00467,0.0
AT4G00480,-0.22135505
AT4G00490,-0.55381465
AT4G00500,-0.12744819
AT4G00520,-0.16194393
AT4G00525,-0.16991302
AT4G00530,0.06273122
AT4G00540,0.038306925
AT4G00550,0.15660498
AT4G00560,-0.46889058
AT4G00570,0.18761885
AT4G00580,0.038306925
AT4G00585,0.23378588
AT4G00590,0.007835288
AT4G00600,0.0
AT4G00610,0.0
AT4G00620,0.12339234
AT4G00630,0.026839811
AT4G00650,-0.16667446
AT4G00651,0.0
AT4G00660,0.048068434
AT4G00670,-0.6196191
AT4G00680,0.0
AT4G00690,-0.39679
AT4G00695,0.12585418
AT4G00700,0.7420462
AT4G00710,-0.25772563
AT4G00720,-0.13090006
AT4G00730,-0.26876003
AT4G00740,-0.24660316
AT4G00750,0.115293086
AT4G00752,-0.21427034
AT4G00755,-0.08584209
AT4G00760,-0.1106785
AT4G00770,0.0
AT4G00780,-0.2514135
AT4G00800,-0.07363295
AT4G00810,0.13488786
AT4G00820,-0.7151928
AT4G00830,-0.17137557
AT4G00840,0.10162045
AT4G00850,0.054796137
AT4G00860,0.3880524
AT4G00870,-0.89526695
AT4G00872,0.0
AT4G00880,-0.4346065
AT4G00883,0.0
AT4G00889,0.0
AT4G00890,-0.35027882
AT4G00893,-0.114875555
AT4G00895,0.16535771
AT4G00900,0.472362
AT4G00905,-0.1383897
AT4G00910,0.031122847
AT4G00920,0.0
AT4G00925,0.0
AT4G00930,-0.19922207
AT4G00940,0.12617472
AT4G00950,-0.6782932
AT4G00953,0.0
AT4G00955,0.1933726
AT4G00960,-0.020326909
AT4G00970,-0.16860034
AT4G00980,-0.46344572
AT4G00990,-0.3565949
AT4G01000,-0.07266972
AT4G01010,0.34985167
AT4G01020,-0.20854233
AT4G01023,0.0049671503
AT4G01026,0.2084874
AT4G01030,-0.46221265
AT4G01037,0.04998113
AT4G01040,-0.22969972
AT4G01050,-0.38567978
AT4G01060,-0.06112858
AT4G01070,0.18381514
AT4G01080,-1.0929382
AT4G01090,0.011786821
AT4G01100,0.15724188
AT4G01110,0.35350305
AT4G01120,-0.20155178
AT4G01130,-0.15671737
AT4G01140,0.11176325
AT4G01150,-0.3901514
AT4G01160,0.02983008
AT4G01170,0.0
AT4G01180,0.0
AT4G01190,-0.35615715
AT4G01200,0.007143837
AT4G01210,-0.06565937
AT4G01220,0.08796931
AT4G01230,-0.1292721
AT4G01240,0.0
AT4G01245,0.0
AT4G01250,0.1830457
AT4G01260,0.0
AT4G01270,-0.0072124447
AT4G01280,-0.096206084
AT4G01290,-0.05928721
AT4G01310,-0.3291225
AT4G01320,0.2908857
AT4G01330,-0.2576465
AT4G01335,-0.110725895
AT4G01340,0.0
AT4G01350,-0.04951446
AT4G01360,2.3911958
AT4G01370,0.28779632
AT4G01380,-0.016074775
AT4G01390,-2.032895
AT4G01395,0.14462706
AT4G01400,-0.16988598
AT4G01410,0.073626176
AT4G01420,0.19114073
AT4G01430,1.441611
AT4G01435,-0.07502653
AT4G01440,0.03921659
AT4G01450,-0.16916938
AT4G01460,-0.56476533
AT4G01470,0.0
AT4G01480,-0.075131215
AT4G01500,-0.11049336
AT4G01510,-0.055430688
AT4G01516,0.0
AT4G01520,0.0
AT4G01535,0.0
AT4G01540,0.9121941
AT4G01550,-0.32522577
AT4G01560,-0.01319432
AT4G01570,-0.24642202
AT4G01575,0.048934538
AT4G01580,0.10581601
AT4G01590,0.010688692
AT4G01595,-0.045566797
AT4G01600,0.18440996
AT4G01610,0.21280216
AT4G01630,0.0
AT4G01640,0.0
AT4G01650,-0.11838831
AT4G01660,0.2748199
AT4G01670,-0.35775593
AT4G01671,0.0
AT4G01680,-0.65049064
AT4G01690,-0.040062472
AT4G01700,0.59249145
AT4G01703,0.0
AT4G01710,-0.07435868
AT4G01720,-0.18625373
AT4G01730,-0.20056899
AT4G01735,0.0
AT4G01740,0.008470982
AT4G01750,0.2055274
AT4G01760,0.0
AT4G01770,0.0
AT4G01780,-0.014502965
AT4G01790,-0.109193616
AT4G01800,-0.31038815
AT4G01810,0.1215459
AT4G01820,0.025577856
AT4G01830,0.0
AT4G01840,-0.19286016
AT4G01850,0.3851018
AT4G01860,-0.005416487
AT4G01870,2.6794102
AT4G01880,-0.1572865
AT4G01883,-0.09227531
AT4G01890,0.0
AT4G01895,0.7799006
AT4G01897,-0.29789227
AT4G01900,-0.20324731
AT4G01910,0.3044479
AT4G01915,-0.35967377
AT4G01920,0.28849575
AT4G01925,0.102149755
AT4G01930,-0.027521836
AT4G01935,-0.12138907
AT4G01940,0.13524556
AT4G01950,0.54234564
AT4G01960,0.1011986
AT4G01970,-0.040716138
AT4G01985,0.109773204
AT4G01990,-0.19956094
AT4G01995,-0.1656572
AT4G02000,0.02983008
AT4G02010,-0.31996095
AT4G02020,-0.24399993
AT4G02030,0.04865168
AT4G02040,-0.02002667
AT4G02050,0.07057147
AT4G02060,0.048042804
AT4G02070,-0.19075449
AT4G02075,-0.17355494
AT4G02080,0.18905635
AT4G02090,0.1607532
AT4G02100,-0.1793193
AT4G02110,-0.10686637
AT4G02120,-0.022941828
AT4G02130,0.008426499
AT4G02140,-0.08315318
AT4G02150,0.1440177
AT4G02160,0.0
AT4G02170,0.025577856
AT4G02180,-0.07412438
AT4G02190,0.0
AT4G02195,0.002821127
AT4G02200,-0.2904477
AT4G02210,-0.31216908
AT4G02220,0.38180998
AT4G02230,-0.117037006
AT4G02235,0.0
AT4G02250,0.0
AT4G02260,-0.16500115
AT4G02270,0.0
AT4G02280,0.64858645
AT4G02290,-0.69318736
AT4G02300,0.019470116
AT4G02310,0.0
AT4G02320,0.053900424
AT4G02330,0.46421164
AT4G02340,0.12340156
AT4G02350,0.34785107
AT4G02360,0.4608452
AT4G02370,0.46198636
AT4G02380,1.6844509
AT4G02390,0.09622824
AT4G02400,0.0012955486
AT4G02405,0.15822476
AT4G02410,0.029409502
AT4G02420,-0.061300896
AT4G02425,-0.23040003
AT4G02430,-0.20755248
AT4G02440,0.052313976
AT4G02450,0.03216281
AT4G02460,-0.23672563
AT4G02465,0.0
AT4G02470,0.0
AT4G02482,-0.28641135
AT4G02485,-0.16472507
AT4G02489,0.0
AT4G02500,-0.16869201
AT4G02510,-0.19503254
AT4G02520,1.1211197
AT4G02530,-0.31120712
AT4G02540,0.011883565
AT4G02541,0.0
AT4G02550,0.5404978
AT4G02560,-0.043759506
AT4G02570,0.09818501
AT4G02580,0.15630415
AT4G02590,0.02385719
AT4G02600,0.053389773
AT4G02610,-0.2411691
AT4G02620,0.20886253
AT4G02630,-0.44674426
AT4G02640,-0.34501907
AT4G02650,0.6694594
AT4G02655,0.0
AT4G02660,0.26941353
AT4G02670,-0.3459556
AT4G02680,-0.2745687
AT4G02690,-0.00068393315
AT4G02700,0.10887033
AT4G02710,-0.21783297
AT4G02715,-0.04614935
AT4G02720,-0.25511697
AT4G02725,-0.09781631
AT4G02730,0.16088612
AT4G02733,0.0
AT4G02735,0.0
AT4G02740,0.19826363
AT4G02750,-0.12341187
AT4G02760,-0.09051136
AT4G02770,-0.3266428
AT4G02780,-0.38005114
AT4G02790,-0.31103057
AT4G02800,-0.20842351
AT4G02810,-0.09059668
AT4G02820,-0.38526917
AT4G02830,0.057684936
AT4G02840,0.13107465
AT4G02850,0.2849841
AT4G02860,0.29815996
AT4G02870,0.01517929
AT4G02880,0.080133855
AT4G02890,0.2618061
AT4G02900,-0.34078777
AT4G02910,0.0
AT4G02920,-0.28809324
AT4G02930,0.40089345
AT4G02940,0.6298342
AT4G02960,0.0
AT4G02970,0.0
AT4G02980,-0.03458583
AT4G02990,-0.02197086
AT4G03000,-0.056253906
AT4G03010,-0.4123137
AT4G03020,0.31963325
AT4G03030,0.2556171
AT4G03040,0.019470116
AT4G03050,0.0
AT4G03060,0.0
AT4G03070,-0.31078616
AT4G03080,0.18663487
AT4G03090,-0.12024351
AT4G03100,-0.17399143
AT4G03110,-0.042551365
AT4G03113,0.0
AT4G03115,-0.29454538
AT4G03120,0.12831669
AT4G03130,0.069120936
AT4G03140,0.11035464
AT4G03150,-0.2394296
AT4G03153,0.0
AT4G03156,0.0
AT4G03157,-0.014502965
AT4G03160,0.0
AT4G03165,0.0
AT4G03170,0.0
AT4G03175,0.0049671503
AT4G03180,0.074921146
AT4G03190,-0.3009035
AT4G03200,0.14152214
AT4G03205,-0.3816728
AT4G03210,-0.6030821
AT4G03220,0.0
AT4G03230,-0.103998266
AT4G03240,0.014336834
AT4G03250,-0.34076315
AT4G03260,-0.021257907
AT4G03270,0.007046491
AT4G03280,-0.29195938
AT4G03290,-0.012474713
AT4G03292,-0.009126973
AT4G03298,0.0
AT4G03320,1.5014535
AT4G03330,0.06300031
AT4G03340,0.108703755
AT4G03350,0.0
AT4G03360,1.0151045
AT4G03370,0.0
AT4G03380,-0.03057774
AT4G03390,0.118870705
AT4G03400,-0.01862349
AT4G03410,0.18186381
AT4G03415,-0.42612708
AT4G03420,0.27874324
AT4G03430,0.1708597
AT4G03440,-0.2126303
AT4G03443,0.0
AT4G03450,0.29811046
AT4G03460,0.28081307
AT4G03470,0.019470116
AT4G03480,-0.06906841
AT4G03490,-0.041848723
AT4G03495,0.0
AT4G03500,-0.008911196
AT4G03505,0.049478624
AT4G03510,0.07665993
AT4G03520,-0.12703477
AT4G03540,0.59337765
AT4G03550,0.40586367
AT4G03560,-0.07609367
AT4G03565,0.01517929
AT4G03566,0.0
AT4G03570,0.0
AT4G03580,0.02983008
AT4G03590,0.0
AT4G03600,-0.081066
AT4G03610,-0.096048586
AT4G03620,0.0
AT4G03625,0.0
AT4G03630,0.0
AT4G03635,-0.12794776
AT4G03645,0.0
AT4G03728,0.0
AT4G03740,0.0
AT4G03820,0.35455433
AT4G03830,0.0
AT4G03930,0.0
AT4G03940,-0.30705997
AT4G03945,0.04398793
AT4G03950,-0.016074775
AT4G03960,0.32813394
AT4G03965,0.034649406
AT4G04020,-0.13128643
AT4G04025,0.0
AT4G04030,0.0
AT4G04040,-0.18436264
AT4G04078,0.0
AT4G04080,0.0
AT4G04090,0.0
AT4G04110,0.0
AT4G04180,-0.28521806
AT4G04190,-0.14297062
AT4G04200,-0.13297889
AT4G04210,0.28400108
AT4G04220,0.38127255
AT4G04260,0.057226665
AT4G04265,-0.028597089
AT4G04320,0.052523308
AT4G04330,-0.30397314
AT4G04340,-0.39258227
AT4G04350,-0.4291747
AT4G04360,-0.27397305
AT4G04370,-0.34197405
AT4G04402,0.0
AT4G04404,0.0
AT4G04415,0.0
AT4G04423,0.027057765
AT4G04430,0.0
AT4G04450,-0.060665466
AT4G04460,-0.3106684
AT4G04470,0.033340104
AT4G04480,0.19138014
AT4G04490,1.1341195
AT4G04500,0.37028268
AT4G04510,-0.16445781
AT4G04540,0.93212146
AT4G04555,0.0
AT4G04570,-0.57834023
AT4G04580,0.0
AT4G04601,0.0
AT4G04605,0.023803962
AT4G04610,0.20812342
AT4G04614,-0.111779794
AT4G04620,0.11949816
AT4G04630,-0.39622048
AT4G04632,0.0
AT4G04640,-0.39602992
AT4G04650,0.0
AT4G04670,0.016621582
AT4G04680,-0.0436686
AT4G04690,0.0
AT4G04695,0.5235733
AT4G04700,-0.50683695
AT4G04710,-0.0063649365
AT4G04720,-0.045810055
AT4G04730,0.0
AT4G04740,0.017166214
AT4G04745,0.17270339
AT4G04750,-0.8962773
AT4G04760,-0.0036198199
AT4G04770,0.01275159
AT4G04775,0.0
AT4G04780,-0.20095888
AT4G04790,0.1388629
AT4G04800,0.4803233
AT4G04810,-0.48660335
AT4G04830,-1.2180353
AT4G04840,-0.93236935
AT4G04850,-0.29828036
AT4G04860,-0.06280646
AT4G04870,0.09525891
AT4G04880,-0.09203122
AT4G04885,0.038046706
AT4G04890,-0.17903116
AT4G04900,-0.016964689
AT4G04910,0.20852853
AT4G04920,0.13446121
AT4G04925,0.3189974
AT4G04930,0.0
AT4G04940,0.21916373
AT4G04950,-0.09338765
AT4G04955,-0.86963856
AT4G04957,0.0
AT4G04960,0.7275844
AT4G04970,0.00884557
AT4G04972,0.2751897
AT4G04980,0.0
AT4G04985,0.0
AT4G04990,0.30196694
AT4G05000,0.018757984
AT4G05010,0.08894188
AT4G05018,0.0
AT4G05020,0.70592636
AT4G05030,0.11852063
AT4G05040,-0.3589999
AT4G05050,0.4669332
AT4G05060,0.024558084
AT4G05070,0.015139975
AT4G05071,0.01517929
AT4G05080,0.0
AT4G05090,-0.35066077
AT4G05091,0.0
AT4G05095,0.0
AT4G05097,0.0
AT4G05100,1.876761
AT4G05110,-0.3462533
AT4G05120,-0.24464983
AT4G05130,-0.31063387
AT4G05140,0.0
AT4G05150,0.09492909
AT4G05160,0.27363613
AT4G05170,-0.57041746
AT4G05180,-0.3322237
AT4G05190,-0.24786007
AT4G05200,0.0
AT4G05210,-0.19795556
AT4G05220,-0.11799464
AT4G05230,0.0
AT4G05240,0.0
AT4G05250,0.0
AT4G05260,0.0
AT4G05270,0.0
AT4G05310,0.0
AT4G05320,0.11943628
AT4G05330,-0.1930835
AT4G05340,0.0
AT4G05350,0.0
AT4G05360,0.0
AT4G05380,-0.3094945
AT4G05390,0.2772496
AT4G05400,-0.27422893
AT4G05410,-0.03266879
AT4G05420,-0.09478378
AT4G05430,-0.11740814
AT4G05440,0.07526073
AT4G05450,0.14226623
AT4G05460,0.20936376
AT4G05470,0.0
AT4G05475,-0.016074775
AT4G05490,0.04398793
AT4G05497,0.15004708
AT4G05500,0.0
AT4G05520,-0.33081937
AT4G05523,0.0
AT4G05530,0.1333976
AT4G05540,-0.26931053
AT4G05553,0.0
AT4G05555,0.0
AT4G05590,-0.10714093
AT4G05612,0.0
AT4G05620,0.0
AT4G05630,0.0
AT4G05631,0.16092129
AT4G05632,0.0
AT4G06479,-0.014502965
AT4G06490,0.0
AT4G06526,0.0
AT4G06534,-0.36629802
AT4G06536,-0.24925867
AT4G06583,-0.0986315
AT4G06598,-0.3127377
AT4G06599,0.03426193
AT4G06634,0.02890668
AT4G06639,0.0
AT4G06643,0.0
AT4G06655,0.0401966
AT4G06676,-0.037657958
AT4G06688,0.0
AT4G06744,1.2192014
AT4G06746,0.65706664
AT4G07325,0.0
AT4G07350,0.0
AT4G07380,0.0
AT4G07390,0.165311
AT4G07400,-0.14394483
AT4G07408,0.18277824
AT4G07410,-0.048928123
AT4G07445,0.0
AT4G07455,-0.27791533
AT4G07515,0.0
AT4G07524,0.0
AT4G07526,0.0
AT4G07666,0.0
AT4G07670,0.038306925
AT4G07675,0.0
AT4G07740,0.0
AT4G07820,0.16236459
AT4G07825,-0.18052825
AT4G07835,0.0
AT4G07868,0.0
AT4G07932,0.0
AT4G07940,0.034649406
AT4G07950,0.012539093
AT4G07960,-0.14204995
AT4G07965,0.0
AT4G07990,-0.021929402
AT4G07995,0.03919028
AT4G08025,0.0
AT4G08028,0.0
AT4G08039,0.0
AT4G08040,-0.12666567
AT4G08097,0.0
AT4G08140,0.0
AT4G08150,-0.060245898
AT4G08160,0.17650521
AT4G08170,0.057354767
AT4G08180,0.3779585
AT4G08190,0.0
AT4G08210,-0.059062682
AT4G08230,0.23506549
AT4G08240,-0.05576609
AT4G08250,-0.0039473465
AT4G08260,0.0
AT4G08263,0.0
AT4G08267,0.0
AT4G08270,0.0
AT4G08280,-0.1257502
AT4G08290,0.51513726
AT4G08300,-0.5849798
AT4G08310,-0.23857796
AT4G08320,0.08363222
AT4G08330,-0.051798645
AT4G08350,-0.05922299
AT4G08360,0.0
AT4G08370,0.0
AT4G08380,0.0
AT4G08390,0.7473339
AT4G08395,0.0
AT4G08400,0.0
AT4G08406,0.0
AT4G08410,0.0
AT4G08430,0.0
AT4G08450,0.0
AT4G08455,0.07571622
AT4G08460,0.14053316
AT4G08470,0.2453502
AT4G08480,-0.011915084
AT4G08485,0.0
AT4G08500,0.25208783
AT4G08510,0.11365929
AT4G08520,0.13499543
AT4G08530,0.0
AT4G08535,0.07744506
AT4G08540,-0.10803197
AT4G08545,0.0
AT4G08550,0.0
AT4G08555,0.59500134
AT4G08558,0.0
AT4G08560,0.0
AT4G08570,-0.014502965
AT4G08580,-0.23747015
AT4G08590,-0.20796815
AT4G08593,0.0
AT4G08620,0.0
AT4G08630,0.0
AT4G08640,0.0
AT4G08670,0.0
AT4G08685,-0.67218715
AT4G08690,-0.052084487
AT4G08691,0.0033953402
AT4G08700,-0.09242154
AT4G08730,0.0
AT4G08740,0.0
AT4G08760,0.058233477
AT4G08770,3.5748575
AT4G08780,0.90848494
AT4G08790,0.02347055
AT4G08800,0.0
AT4G08810,-0.101404786
AT4G08840,0.0
AT4G08850,0.17252713
AT4G08867,0.0
AT4G08868,0.015327114
AT4G08869,0.0
AT4G08870,0.026105052
AT4G08874,0.0
AT4G08875,0.0
AT4G08876,0.0
AT4G08878,0.038306925
AT4G08895,0.0
AT4G08900,-0.018810213
AT4G08910,0.011878475
AT4G08920,-0.24307945
AT4G08930,0.16393304
AT4G08940,0.12159361
AT4G08950,1.0212393
AT4G08960,0.13817191
AT4G08980,0.11884696
AT4G08990,0.0
AT4G09000,0.33073148
AT4G09010,-0.5561497
AT4G09012,-0.10758195
AT4G09020,-0.19818296
AT4G09030,1.1620165
AT4G09035,0.0
AT4G09040,-0.21782194
AT4G09060,-0.10272291
AT4G09070,0.0
AT4G09080,0.1637143
AT4G09090,0.0
AT4G09100,0.18819685
AT4G09110,0.040475562
AT4G09120,0.0
AT4G09130,0.038306925
AT4G09140,-0.041134097
AT4G09150,0.012510997
AT4G09153,0.0
AT4G09160,-0.4002402
AT4G09170,-0.014502965
AT4G09180,-0.0048567737
AT4G09190,0.0
AT4G09200,-0.0059412373
AT4G09210,0.0
AT4G09260,0.0
AT4G09300,0.42538983
AT4G09320,0.25746205
AT4G09330,0.0
AT4G09350,-0.21349788
AT4G09360,0.0
AT4G09420,0.026077589
AT4G09430,-0.11430767
AT4G09435,-0.1593113
AT4G09440,0.0
AT4G09450,0.0
AT4G09460,-0.06635221
AT4G09462,0.0
AT4G09464,0.0
AT4G09465,0.0
AT4G09466,0.0
AT4G09490,0.14591222
AT4G09500,-0.439825
AT4G09510,-0.07141232
AT4G09520,-0.17288254
AT4G09530,0.0
AT4G09545,0.0
AT4G09550,-0.14941818
AT4G09560,-0.12563798
AT4G09570,0.18506593
AT4G09580,0.12471831
AT4G09585,0.0
AT4G09589,0.0
AT4G09590,-0.014502965
AT4G09600,-0.04230479
AT4G09610,0.0
AT4G09620,-0.13458137
AT4G09630,0.05043892
AT4G09640,-0.39113155
AT4G09647,0.0
AT4G09649,0.0
AT4G09650,-0.56935126
AT4G09660,0.0
AT4G09670,-0.13282476
AT4G09680,-0.08905606
AT4G09690,0.01517929
AT4G09720,0.03746444
AT4G09730,-0.11524472
AT4G09731,0.0
AT4G09740,0.0
AT4G09750,0.21248811
AT4G09760,0.039383993
AT4G09770,0.3314997
AT4G09775,0.0
AT4G09780,0.0
AT4G09784,0.0
AT4G09790,0.0
AT4G09795,0.0
AT4G09810,-0.412578
AT4G09820,-0.016074775
AT4G09830,0.15550956
AT4G09840,-0.103441715
AT4G09850,0.0
AT4G09860,0.0
AT4G09870,0.0
AT4G09880,-0.02668166
AT4G09890,-0.62866604
AT4G09900,-0.3119361
AT4G09920,-0.40018943
AT4G09930,0.0
AT4G09940,0.0
AT4G09950,-0.24811399
AT4G09960,0.0
AT4G09965,0.0
AT4G09970,-0.2380135
AT4G09980,-0.041654825
AT4G09984,0.0
AT4G09990,0.01686457
AT4G10000,-0.20212683
AT4G10010,0.0
AT4G10020,-0.024791455
AT4G10030,0.0053450367
AT4G10040,0.7632689
AT4G10050,-0.2922066
AT4G10060,-0.15840308
AT4G10070,0.029219083
AT4G10080,0.015976267
AT4G10090,-0.010399281
AT4G10100,0.054756667
AT4G10110,-0.06780329
AT4G10115,0.0
AT4G10120,-1.0825573
AT4G10130,0.13319516
AT4G10140,0.04136912
AT4G10150,-0.47724938
AT4G10160,-0.17554644
AT4G10170,-0.14248736
AT4G10180,-0.13372381
AT4G10190,0.0
AT4G10200,0.054386497
AT4G10210,0.0
AT4G10220,0.0
AT4G10230,0.02983008
AT4G10240,0.0
AT4G10250,0.25189525
AT4G10260,0.0
AT4G10265,-0.05877431
AT4G10270,-0.09006247
AT4G10280,-0.072117984
AT4G10300,-0.34672272
AT4G10305,0.0
AT4G10310,-0.030782564
AT4G10320,0.08237878
AT4G10330,0.06135449
AT4G10340,-0.56748825
AT4G10350,0.0
AT4G10360,-0.0017527235
AT4G10370,0.019470116
AT4G10380,0.033605773
AT4G10390,-0.13738598
AT4G10400,-0.2156871
AT4G10410,0.0
AT4G10420,-0.12715603
AT4G10430,-0.03578723
AT4G10440,-0.016074775
AT4G10450,0.26354322
AT4G10457,0.0
AT4G10465,0.0
AT4G10470,-0.31414667
AT4G10480,0.116842926
AT4G10490,0.0
AT4G10500,0.58876604
AT4G10510,0.033225417
AT4G10520,0.0
AT4G10530,0.0
AT4G10540,0.0
AT4G10550,-0.3268851
AT4G10560,0.019470116
AT4G10570,-0.032792088
AT4G10590,0.14349602
AT4G10595,0.0
AT4G10600,-0.3578249
AT4G10603,0.0
AT4G10610,0.17774655
AT4G10613,0.0
AT4G10620,-0.07341549
AT4G10630,-0.08380354
AT4G10640,-0.03164881
AT4G10650,0.10866763
AT4G10660,0.0
AT4G10670,0.0
AT4G10680,0.0
AT4G10695,-0.060180034
AT4G10700,0.0
AT4G10710,-0.01803497
AT4G10720,-0.15411246
AT4G10730,-0.023333294
AT4G10740,0.0
AT4G10750,0.12309972
AT4G10760,-0.07543114
AT4G10767,0.0
AT4G10770,-0.5683577
AT4G10780,0.055130243
AT4G10790,-0.058504593
AT4G10800,-0.34465083
AT4G10810,0.3221885
AT4G10820,0.0
AT4G10840,0.036559135
AT4G10843,-0.113241166
AT4G10850,0.0
AT4G10860,0.4877011
AT4G10870,0.0
AT4G10880,0.0
AT4G10890,-0.46311364
AT4G10895,0.019470116
AT4G10910,-0.45461228
AT4G10920,-0.2831573
AT4G10925,-0.04266655
AT4G10930,-0.22077094
AT4G10955,-0.14888391
AT4G10960,0.872952
AT4G10970,-0.012014076
AT4G11000,0.30558255
AT4G11010,0.25573
AT4G11020,0.0
AT4G11030,0.0
AT4G11040,-0.016922282
AT4G11050,0.01517929
AT4G11060,-0.11141686
AT4G11070,0.15476139
AT4G11080,-0.27675557
AT4G11090,-0.07057955
AT4G11100,-0.33751112
AT4G11110,-0.0736338
AT4G11120,0.13074625
AT4G11130,-0.3679951
AT4G11140,-0.2504824
AT4G11150,0.2424437
AT4G11160,0.059834443
AT4G11170,1.7100229
AT4G11175,-0.0290923
AT4G11180,0.0
AT4G11190,0.0
AT4G11210,0.019470116
AT4G11211,-0.45214346
AT4G11220,0.1835882
AT4G11230,-0.1500938
AT4G11240,-0.034499235
AT4G11250,0.0
AT4G11260,0.08145702
AT4G11270,0.021441327
AT4G11280,1.5677215
AT4G11290,-0.38818386
AT4G11300,0.3845026
AT4G11310,0.011133974
AT4G11320,-0.39600813
AT4G11330,0.09125916
AT4G11340,0.16656941
AT4G11350,0.12153858
AT4G11360,0.015767137
AT4G11370,0.94400215
AT4G11373,0.0
AT4G11380,0.2648861
AT4G11385,0.0
AT4G11390,0.0
AT4G11393,0.0
AT4G11400,-0.038308196
AT4G11402,0.0
AT4G11410,-0.22270167
AT4G11420,0.031027589
AT4G11430,0.0
AT4G11440,-0.2607486
AT4G11450,-0.47808877
AT4G11460,0.0
AT4G11470,0.17603323
AT4G11480,0.41867247
AT4G11485,0.0
AT4G11490,0.0
AT4G11510,0.0
AT4G11521,0.7520668
AT4G11530,0.19513154
AT4G11540,0.0
AT4G11547,-0.14497596
AT4G11550,-0.07788328
AT4G11560,-0.06296552
AT4G11570,0.023382358
AT4G11580,0.0
AT4G11590,0.0
AT4G11600,0.50670356
AT4G11610,0.0
AT4G11630,0.17423694
AT4G11640,-0.3211089
AT4G11650,3.8880138
AT4G11653,0.0
AT4G11655,1.2812738
AT4G11660,0.19762641
AT4G11670,0.28257763
AT4G11680,-0.06794894
AT4G11690,0.015668416
AT4G11700,0.0
AT4G11720,0.038306925
AT4G11730,0.0
AT4G11740,0.08632536
AT4G11745,0.0
AT4G11750,0.0
AT4G11760,0.0
AT4G11770,0.0
AT4G11780,0.019470116
AT4G11790,0.034362197
AT4G11800,0.22794254
AT4G11810,-0.17303044
AT4G11820,0.115994826
AT4G11830,-0.18923722
AT4G11840,0.43020678
AT4G11845,-0.09020341
AT4G11850,0.6997803
AT4G11860,0.15698971
AT4G11870,0.0
AT4G11880,-0.10159601
AT4G11890,1.018574
AT4G11900,-0.043886002
AT4G11910,0.84827566
AT4G11911,-0.10400749
AT4G11920,-0.14099355
AT4G11930,0.0
AT4G11940,0.0
AT4G11950,-0.1472907
AT4G11960,0.0053914855
AT4G11970,-0.16358036
AT4G11980,-0.07326961
AT4G11990,0.02546162
AT4G12000,0.33864442
AT4G12005,0.22984189
AT4G12010,0.08942034
AT4G12020,0.058867246
AT4G12030,-0.95039195
AT4G12040,0.2381232
AT4G12050,-0.12646979
AT4G12060,0.14234786
AT4G12070,0.14001323
AT4G12080,0.30601674
AT4G12090,0.21913876
AT4G12100,-0.03164881
AT4G12110,-0.10375627
AT4G12120,0.67993724
AT4G12130,-0.09979488
AT4G12140,0.0
AT4G12150,0.0
AT4G12170,0.0
AT4G12190,0.0
AT4G12210,0.0
AT4G12220,0.019470116
AT4G12230,0.24229772
AT4G12240,0.079969846
AT4G12250,0.64222103
AT4G12270,0.0
AT4G12280,0.0
AT4G12290,-0.0062765353
AT4G12300,0.011698282
AT4G12310,-0.62174857
AT4G12320,-0.88636976
AT4G12330,0.09929274
AT4G12334,0.0
AT4G12340,-0.025176529
AT4G12350,0.07480035
AT4G12360,0.0
AT4G12370,0.0
AT4G12380,0.038306925
AT4G12382,0.1163931
AT4G12390,-0.64957297
AT4G12400,0.54414785
AT4G12410,0.13696156
AT4G12420,-0.10243026
AT4G12430,0.3355666
AT4G12440,0.0
AT4G12450,0.001641649
AT4G12460,-0.26874614
AT4G12470,-0.6879806
AT4G12480,1.0656976
AT4G12490,0.61517644
AT4G12495,0.0
AT4G12500,0.5732514
AT4G12510,-0.178706
AT4G12530,-0.07458376
AT4G12540,-0.16769391
AT4G12543,0.0
AT4G12545,0.027913155
AT4G12550,0.0
AT4G12555,0.0
AT4G12560,-0.17117552
AT4G12570,-0.04344077
AT4G12580,0.010376256
AT4G12590,-0.014292445
AT4G12600,0.05319684
AT4G12610,0.04711916
AT4G12617,0.0
AT4G12620,-0.3925527
AT4G12640,-0.18976514
AT4G12650,0.22256744
AT4G12670,-0.19474816
AT4G12680,-0.14015242
AT4G12690,-0.38581896
AT4G12700,-0.38002872
AT4G12710,0.0787948
AT4G12720,0.6107627
AT4G12730,-0.6913024
AT4G12731,-0.03164881
AT4G12735,0.58366674
AT4G12740,-0.025949823
AT4G12750,0.07893016
AT4G12760,-0.1810623
AT4G12770,0.23547405
AT4G12780,0.12543657
AT4G12790,0.29566708
AT4G12800,-0.2876513
AT4G12810,-0.014502965
AT4G12820,0.0
AT4G12825,0.0
AT4G12830,-0.70330495
AT4G12840,0.020663926
AT4G12850,-0.024305105
AT4G12860,0.0
AT4G12870,0.03962806
AT4G12880,-0.7397318
AT4G12890,-0.03164881
AT4G12900,-0.40748668
AT4G12910,-0.14366193
AT4G12920,0.0
AT4G12930,0.0
AT4G12940,0.01517929
AT4G12950,0.0
AT4G12960,0.0
AT4G12970,-0.44666988
AT4G12980,-1.0982288
AT4G12990,-0.1607394
AT4G13000,0.12864758
AT4G13010,0.10190165
AT4G13020,-0.15437277
AT4G13030,0.082207076
AT4G13040,0.18062797
AT4G13050,-0.24503818
AT4G13060,0.0
AT4G13070,-0.16503502
AT4G13075,0.0
AT4G13080,0.0
AT4G13090,0.0
AT4G13095,0.0
AT4G13100,-0.4612825
AT4G13110,0.35633346
AT4G13130,0.039316896
AT4G13150,-0.32821715
AT4G13160,-0.28116068
AT4G13170,-0.11233506
AT4G13180,0.94905967
AT4G13190,-0.14763291
AT4G13195,0.024778478
AT4G13200,-0.24855514
AT4G13210,0.031630903
AT4G13220,0.011900667
AT4G13230,0.0
AT4G13235,-0.040467408
AT4G13240,0.0
AT4G13250,0.63316536
AT4G13260,0.063407525
AT4G13261,0.0
AT4G13263,0.0
AT4G13266,0.0
AT4G13270,0.29681486
AT4G13280,0.0
AT4G13290,0.023803962
AT4G13300,0.0
AT4G13310,0.01517929
AT4G13320,0.0
AT4G13330,0.038677752
AT4G13340,0.4725604
AT4G13345,-0.25189972
AT4G13350,0.044079747
AT4G13360,0.16776602
AT4G13370,-0.14439812
AT4G13380,0.0
AT4G13390,0.06622008
AT4G13395,0.8985737
AT4G13400,-0.18449497
AT4G13410,-0.15232994
AT4G13420,0.09042028
AT4G13430,0.110840715
AT4G13440,-0.016074775
AT4G13450,0.0049671503
AT4G13460,-0.046291266
AT4G13480,0.0
AT4G13490,0.0
AT4G13500,-0.63411254
AT4G13510,0.2562863
AT4G13520,-0.043489676
AT4G13530,0.19057973
AT4G13540,0.6288626
AT4G13550,-0.17057995
AT4G13560,-0.22566557
AT4G13570,-0.03057774
AT4G13572,-0.028597089
AT4G13575,-0.79681975
AT4G13577,-0.41380724
AT4G13580,0.0
AT4G13590,-0.037604928
AT4G13600,-0.08487688
AT4G13610,0.0
AT4G13615,0.33385926
AT4G13620,0.0
AT4G13630,0.10381421
AT4G13640,-0.12485476
AT4G13650,-0.15624943
AT4G13660,0.82477295
AT4G13670,-0.42767525
AT4G13680,0.0
AT4G13690,0.05369777
AT4G13700,0.0
AT4G13710,-0.09209191
AT4G13720,-0.13631745
AT4G13730,0.12723269
AT4G13750,-0.042348593
AT4G13760,0.0
AT4G13770,-0.9183318
AT4G13780,0.022422157
AT4G13790,0.12028606
AT4G13800,-0.17352158
AT4G13810,0.036843773
AT4G13820,0.13902436
AT4G13830,-0.31889176
AT4G13840,-0.8284204
AT4G13850,0.43481192
AT4G13860,-0.0030730779
AT4G13870,0.07931466
AT4G13880,0.33005854
AT4G13885,-0.036738362
AT4G13890,-0.11662634
AT4G13900,0.0
AT4G13920,0.601959
AT4G13930,0.24320136
AT4G13940,0.17426099
AT4G13950,0.20386994
AT4G13955,0.0
AT4G13960,0.0
AT4G13965,0.0
AT4G13968,0.0
AT4G13970,-0.06927355
AT4G13980,-0.04483175
AT4G13985,-0.016074775
AT4G13990,-0.3960492
AT4G13992,-0.033732966
AT4G14000,-0.0053946744
AT4G14010,0.33741772
AT4G14020,-0.036013946
AT4G14030,0.25476262
AT4G14040,-0.3844891
AT4G14050,-0.139082
AT4G14060,0.01517929
AT4G14070,-0.109972164
AT4G14080,0.0
AT4G14090,-0.041292246
AT4G14096,-0.1363149
AT4G14100,-0.25282064
AT4G14103,-0.027643831
AT4G14104,0.0
AT4G14105,0.0
AT4G14110,0.12987514
AT4G14120,-0.0904225
AT4G14130,0.21807331
AT4G14140,-0.10292501
AT4G14145,-0.052193105
AT4G14147,-0.05643368
AT4G14150,0.06725046
AT4G14160,0.20793478
AT4G14165,0.0
AT4G14170,-0.16555752
AT4G14180,0.10113739
AT4G14190,0.030937025
AT4G14200,-0.44490364
AT4G14210,-0.26728407
AT4G14220,0.33166444
AT4G14225,0.0
AT4G14226,0.0
AT4G14230,0.094699584
AT4G14240,-0.15025535
AT4G14245,0.08923489
AT4G14250,0.0
AT4G14260,0.0
AT4G14270,-0.0936741
AT4G14272,0.0
AT4G14276,0.0
AT4G14280,0.0
AT4G14290,-0.22898512
AT4G14300,-0.07160483
AT4G14301,0.0
AT4G14310,-0.36833093
AT4G14315,0.0
AT4G14330,-0.12167605
AT4G14340,-0.120196305
AT4G14342,0.17009795
AT4G14350,-0.087001346
AT4G14358,-0.044671863
AT4G14360,-0.31262603
AT4G14365,0.80932945
AT4G14368,0.73674345
AT4G14370,1.549897
AT4G14380,-0.43753603
AT4G14385,-0.2064923
AT4G14390,0.32793924
AT4G14400,0.38503206
AT4G14410,0.14862534
AT4G14420,0.408224
AT4G14430,0.67448556
AT4G14440,-0.038820878
AT4G14450,0.37460974
AT4G14455,-0.040508404
AT4G14465,-0.14493552
AT4G14480,-0.38926902
AT4G14490,-0.15914133
AT4G14500,0.1952411
AT4G14510,-0.28545555
AT4G14520,-0.1463829
AT4G14530,-0.013417798
AT4G14540,-0.5377962
AT4G14550,-0.3519758
AT4G14560,-0.7020174
AT4G14570,-0.23769473
AT4G14580,-0.012231003
AT4G14590,0.27100214
AT4G14600,0.037910115
AT4G14605,-0.059040383
AT4G14610,0.0
AT4G14615,-0.052208167
AT4G14620,-0.35629654
AT4G14630,4.215915
AT4G14640,0.08246324
AT4G14650,-0.26331657
AT4G14660,-0.20512031
AT4G14670,0.0
AT4G14675,0.0
AT4G14680,-0.7216355
AT4G14690,0.023775375
AT4G14695,0.07491292
AT4G14700,-0.11676682
AT4G14710,0.2126342
AT4G14713,-0.36872917
AT4G14716,0.09570041
AT4G14720,-0.1137586
AT4G14723,0.0
AT4G14730,-0.014502965
AT4G14740,-0.42122793
AT4G14746,0.5108613
AT4G14750,-0.7395014
AT4G14760,-0.40719345
AT4G14770,-0.0812562
AT4G14780,-0.13763374
AT4G14785,0.0
AT4G14790,-0.10912502
AT4G14800,0.291529
AT4G14805,0.0
AT4G14810,0.0
AT4G14815,0.0
AT4G14819,-0.14041309
AT4G14820,-0.010871187
AT4G14830,0.0012404468
AT4G14840,-0.33031848
AT4G14850,-0.29846895
AT4G14860,0.0033953402
AT4G14870,-0.18228583
AT4G14880,0.25620598
AT4G14890,-0.30587482
AT4G14900,-0.061691172
AT4G14905,-0.023556115
AT4G14910,-0.15541042
AT4G14920,-0.22201823
AT4G14930,0.25312304
AT4G14940,-0.03216981
AT4G14950,0.69888383
AT4G14960,-0.14245869
AT4G14965,-0.059271827
AT4G14970,0.22992918
AT4G14980,0.0
AT4G14990,-0.007759619
AT4G15000,0.2598709
AT4G15010,0.18200877
AT4G15020,0.1251067
AT4G15025,0.0
AT4G15030,-0.21719106
AT4G15040,0.0
AT4G15050,0.0
AT4G15053,0.0
AT4G15056,0.0
AT4G15060,0.0
AT4G15070,0.22654244
AT4G15075,0.0
AT4G15080,0.09041725
AT4G15090,-0.06780937
AT4G15093,0.29060966
AT4G15096,-0.028416391
AT4G15100,0.03703914
AT4G15110,-0.17834248
AT4G15120,1.4866942
AT4G15130,-0.30129978
AT4G15140,-0.25041023
AT4G15150,0.049300194
AT4G15165,0.18352564
AT4G15180,-0.025029896
AT4G15200,0.49867395
AT4G15210,-0.58315825
AT4G15215,-0.30227333
AT4G15230,1.1994997
AT4G15233,-0.19774997
AT4G15236,-0.33378
AT4G15240,-0.12211762
AT4G15245,0.0
AT4G15248,-0.14904702
AT4G15250,0.0
AT4G15260,0.29871204
AT4G15270,0.34776938
AT4G15280,1.4451767
AT4G15290,0.0
AT4G15300,0.034649406
AT4G15310,0.0
AT4G15320,0.0
AT4G15330,0.30840626
AT4G15340,0.028084824
AT4G15350,0.0
AT4G15360,0.0
AT4G15370,0.0
AT4G15380,-0.12757999
AT4G15390,0.0
AT4G15393,-0.028597089
AT4G15396,0.01517929
AT4G15400,-0.09187753
AT4G15410,0.11706737
AT4G15415,-0.1102828
AT4G15417,0.37453914
AT4G15420,0.40505317
AT4G15430,-0.38073936
AT4G15440,-1.2026345
AT4G15450,-0.7518203
AT4G15460,0.0
AT4G15470,0.30496415
AT4G15475,-0.04365774
AT4G15480,0.013755304
AT4G15490,0.5275514
AT4G15500,0.02828226
AT4G15510,-0.23887931
AT4G15520,-0.028287694
AT4G15530,0.7303356
AT4G15540,-0.24857466
AT4G15545,-0.26836735
AT4G15550,0.3999826
AT4G15560,-0.3993556
AT4G15562,0.0
AT4G15563,0.68705595
AT4G15570,-0.07735086
AT4G15610,1.9857786
AT4G15620,-0.6025304
AT4G15630,-0.08734993
AT4G15640,-0.0743932
AT4G15650,-0.014502965
AT4G15660,0.37766597
AT4G15670,0.8341357
AT4G15680,0.27980894
AT4G15690,0.59164995
AT4G15700,0.7641949
AT4G15710,0.12368437
AT4G15715,0.0
AT4G15720,0.2502387
AT4G15730,-0.18814677
AT4G15733,0.0
AT4G15735,0.0
AT4G15740,0.02983008
AT4G15750,0.0
AT4G15755,0.0
AT4G15760,0.42853156
AT4G15765,-0.03266106
AT4G15770,0.11243298
AT4G15780,-0.25609174
AT4G15790,-0.35247865
AT4G15800,0.28263453
AT4G15802,0.022707637
AT4G15810,-0.5747176
AT4G15820,-0.36457476
AT4G15830,-0.08543422
AT4G15840,-0.089946866
AT4G15850,-0.13738126
AT4G15870,0.0
AT4G15880,0.081909694
AT4G15885,0.0
AT4G15890,-0.010041027
AT4G15900,0.1080671
AT4G15910,0.049203325
AT4G15920,-0.07543106
AT4G15930,-0.29070324
AT4G15940,0.35726082
AT4G15950,-0.25628468
AT4G15953,-0.116771095
AT4G15955,0.22540997
AT4G15960,-0.1777058
AT4G15970,-0.029492572
AT4G15975,0.36345395
AT4G15980,0.0
AT4G15990,-0.14083597
AT4G16000,0.19340813
AT4G16008,-0.27319977
AT4G16015,-0.0047678
AT4G16024,0.0
AT4G16030,-0.014502965
AT4G16040,0.0
AT4G16045,0.0
AT4G16050,0.0
AT4G16060,-0.10883447
AT4G16070,-0.14016734
AT4G16080,0.0
AT4G16090,0.0
AT4G16095,0.01517929
AT4G16100,0.0026822279
AT4G16110,0.46689165
AT4G16120,-0.02193196
AT4G16130,0.20043279
AT4G16140,-0.5258847
AT4G16141,0.036211234
AT4G16143,0.009203181
AT4G16144,0.16404459
AT4G16146,0.96319723
AT4G16150,-0.011072293
AT4G16155,-0.1072293
AT4G16160,0.0030005965
AT4G16162,-0.05963223
AT4G16165,0.0
AT4G16180,0.0063772406
AT4G16190,0.20717436
AT4G16195,0.0
AT4G16200,0.0
AT4G16210,0.2830503
AT4G16215,0.06622008
AT4G16220,0.0
AT4G16230,0.0
AT4G16233,0.0
AT4G16240,0.19424838
AT4G16250,0.2930433
AT4G16260,2.6518323
AT4G16265,-0.12573619
AT4G16270,0.0
AT4G16280,0.09297221
AT4G16295,0.0
AT4G16310,-0.093474716
AT4G16330,0.058655355
AT4G16340,-0.24165995
AT4G16350,-0.1965193
AT4G16360,-0.0428016
AT4G16370,-0.26934013
AT4G16380,-0.20860913
AT4G16390,-0.0031278557
AT4G16400,-0.1331525
AT4G16410,-0.35007945
AT4G16420,-0.095748074
AT4G16430,0.01844878
AT4G16440,0.14260851
AT4G16442,0.12664384
AT4G16444,0.082895406
AT4G16447,-0.25570428
AT4G16450,0.14110373
AT4G16451,0.0
AT4G16460,0.017510997
AT4G16470,-0.32180655
AT4G16480,0.0105406
AT4G16490,-0.021530846
AT4G16500,0.8081379
AT4G16510,0.14563183
AT4G16515,-0.39647457
AT4G16520,-0.11266794
AT4G16530,0.0
AT4G16535,-0.05150077
AT4G16540,0.012762027
AT4G16545,0.0
AT4G16550,-0.014502965
AT4G16555,0.0
AT4G16560,0.0
AT4G16563,0.7425624
AT4G16566,0.027035223
AT4G16570,-0.07056986
AT4G16580,0.017475316
AT4G16590,0.002515126
AT4G16600,-0.088191375
AT4G16610,-0.01298697
AT4G16620,0.05249081
AT4G16630,0.13606897
AT4G16640,0.1371635
AT4G16650,-0.22253573
AT4G16660,0.23124735
AT4G16670,0.050387155
AT4G16680,0.401306
AT4G16690,1.313182
AT4G16695,0.027949743
AT4G16700,0.19333427
AT4G16710,-0.27897942
AT4G16720,0.036059044
AT4G16730,0.024445668
AT4G16740,2.2814114
AT4G16745,-0.15966357
AT4G16750,-0.12587565
AT4G16760,1.0055447
AT4G16765,-0.10321915
AT4G16770,0.03830081
AT4G16780,-0.26171574
AT4G16790,-0.048036415
AT4G16800,-0.40495273
AT4G16807,0.11537582
AT4G16810,0.0
AT4G16820,1.2156965
AT4G16830,-0.044721708
AT4G16835,-0.11368554
AT4G16840,0.18531534
AT4G16845,0.12676612
AT4G16850,0.141836
AT4G16855,0.038306925
AT4G16857,-0.6118219
AT4G16860,-0.0934794
AT4G16880,-0.66095036
AT4G16890,0.059238527
AT4G16900,-0.16463226
AT4G16915,0.0
AT4G16920,-0.21696456
AT4G16930,0.0
AT4G16940,-0.15628013
AT4G16950,-0.06397938
AT4G16955,0.04398793
AT4G16957,0.027816117
AT4G16960,0.05108281
AT4G16970,-0.069219954
AT4G16980,-0.34245446
AT4G16983,0.09916841
AT4G16990,-0.3164411
AT4G17000,-0.21882424
AT4G17010,0.12029083
AT4G17020,-0.032674227
AT4G17030,0.2577679
AT4G17040,0.0657828
AT4G17050,-0.34298852
AT4G17060,0.07357791
AT4G17070,0.10345753
AT4G17080,-0.20080201
AT4G17085,0.29070902
AT4G17090,-0.32850698
AT4G17140,0.20457509
AT4G17150,-0.12169665
AT4G17160,-0.014502965
AT4G17170,0.021134472
AT4G17180,-0.3918623
AT4G17190,-0.18476982
AT4G17200,0.0
AT4G17210,0.019470116
AT4G17215,0.3029489
AT4G17220,-0.07352351
AT4G17230,0.2733567
AT4G17240,-0.11539079
AT4G17243,0.0
AT4G17245,-0.03866726
AT4G17250,0.096574835
AT4G17260,0.0451475
AT4G17270,0.19065742
AT4G17280,0.46766928
AT4G17300,0.03951939
AT4G17310,0.27629536
AT4G17330,-0.066157214
AT4G17340,0.4357882
AT4G17350,-0.2387833
AT4G17360,-0.5150052
AT4G17370,-0.135465
AT4G17380,0.095719285
AT4G17390,0.21833959
AT4G17410,0.047547244
AT4G17420,0.0029195375
AT4G17430,0.13940322
AT4G17440,-0.04761733
AT4G17460,-0.38776657
AT4G17470,0.49539992
AT4G17480,0.044866156
AT4G17483,0.33530113
AT4G17486,0.44158334
AT4G17490,1.0923258
AT4G17500,1.0441047
AT4G17505,0.0
AT4G17510,-0.20865896
AT4G17520,-0.18830195
AT4G17530,0.34783703
AT4G17540,-0.24829522
AT4G17550,0.05562831
AT4G17560,-0.3424889
AT4G17565,0.0
AT4G17570,-0.117894985
AT4G17580,0.0
AT4G17585,0.0
AT4G17590,0.0
AT4G17600,-0.39654797
AT4G17610,0.06948392
AT4G17615,0.95073265
AT4G17616,-0.16690099
AT4G17620,-0.01057331
AT4G17640,0.008537975
AT4G17650,0.8440243
AT4G17660,-0.05162276
AT4G17670,-0.6279918
AT4G17680,-0.49903676
AT4G17690,0.0
AT4G17695,-0.031412706
AT4G17700,0.0
AT4G17710,0.02223215
AT4G17713,0.0
AT4G17718,0.0
AT4G17720,0.6041193
AT4G17730,-0.1765634
AT4G17740,-0.12628166
AT4G17750,-0.072106235
AT4G17760,-0.18698202
AT4G17770,-0.73214495
AT4G17780,0.0
AT4G17785,0.0
AT4G17787,0.0
AT4G17790,0.014811921
AT4G17800,0.016146928
AT4G17810,-0.40976056
AT4G17830,0.40182716
AT4G17840,0.22141029
AT4G17850,0.0
AT4G17860,0.019470116
AT4G17870,-0.26490724
AT4G17880,-0.59612024
AT4G17890,-0.17945915
AT4G17895,0.26245537
AT4G17900,0.16210037
AT4G17905,-0.3353815
AT4G17910,-0.053905327
AT4G17915,0.0
AT4G17920,-0.070034415
AT4G17940,-0.006913298
AT4G17950,-0.076315366
AT4G17960,-0.20285803
AT4G17970,-0.7573812
AT4G17980,-0.2027864
AT4G17990,0.0
AT4G18010,0.81779474
AT4G18020,-0.07517056
AT4G18030,-0.45912227
AT4G18040,0.12846598
AT4G18050,1.0568482
AT4G18060,-0.34495774
AT4G18070,-0.25470194
AT4G18080,0.0
AT4G18090,0.0
AT4G18100,0.10650086
AT4G18110,0.01517929
AT4G18120,0.0
AT4G18130,-0.29407054
AT4G18140,-0.08033237
AT4G18150,0.024622282
AT4G18160,-0.099894874
AT4G18170,1.7884804
AT4G18180,-0.016074775
AT4G18190,0.0
AT4G18195,-9.853697e-05
AT4G18197,-0.4366648
AT4G18203,0.0
AT4G18205,-0.83611333
AT4G18210,0.4333428
AT4G18215,0.0
AT4G18220,-0.3976285
AT4G18230,0.17421903
AT4G18240,-0.26435035
AT4G18250,0.6951184
AT4G18253,1.0209234
AT4G18257,0.0
AT4G18260,-0.61683506
AT4G18270,-0.014562385
AT4G18280,0.31774077
AT4G18290,-0.030869333
AT4G18300,0.028264834
AT4G18310,0.038306925
AT4G18320,0.05655034
AT4G18330,-0.03057774
AT4G18335,0.0
AT4G18340,-0.04193661
AT4G18350,0.34877744
AT4G18360,0.8250166
AT4G18370,-0.5606873
AT4G18372,0.08691233
AT4G18375,-0.20565331
AT4G18380,-0.16198643
AT4G18390,-0.24968666
AT4G18395,0.0
AT4G18400,0.015058266
AT4G18422,0.05655034
AT4G18425,0.3766844
AT4G18430,1.3916663
AT4G18440,-0.8599749
AT4G18450,0.0
AT4G18460,-0.25462908
AT4G18465,-0.035430353
AT4G18470,0.3660906
AT4G18480,-0.20870605
AT4G18490,-0.31862766
AT4G18500,0.0
AT4G18501,-0.16744554
AT4G18510,-0.18460515
AT4G18520,-0.4206426
AT4G18530,-0.22735702
AT4G18540,-0.044671863
AT4G18550,0.14380549
AT4G18570,-0.5152267
AT4G18580,0.323539
AT4G18590,0.1758428
AT4G18593,-0.3011182
AT4G18596,0.0
AT4G18600,-0.18204528
AT4G18610,-0.059833717
AT4G18620,0.0
AT4G18630,0.29314452
AT4G18640,-0.5408752
AT4G18650,0.0
AT4G18660,0.0
AT4G18670,-0.6596429
AT4G18680,0.0
AT4G18690,0.0
AT4G18692,0.0
AT4G18700,-0.03138224
AT4G18710,-0.02686112
AT4G18720,0.01517929
AT4G18740,-0.33708358
AT4G18750,-0.1763548
AT4G18760,-0.21543318
AT4G18770,0.0
AT4G18780,-0.007765722
AT4G18790,0.0
AT4G18800,0.6256359
AT4G18810,-0.23649631
AT4G18820,-0.28728992
AT4G18823,0.0
AT4G18830,-0.2198352
AT4G18840,-0.074432045
AT4G18860,0.0
AT4G18870,0.11548246
AT4G18880,0.11468596
AT4G18890,0.46142176
AT4G18900,0.01517929
AT4G18905,-0.031253345
AT4G18910,0.34431
AT4G18920,0.0
AT4G18930,-0.011846926
AT4G18940,-0.031668104
AT4G18950,1.6293072
AT4G18960,0.05655034
AT4G18970,-0.58986384
AT4G18975,-0.12565605
AT4G18980,0.8864096
AT4G18990,0.8920031
AT4G19000,0.2977503
AT4G19003,0.030047853
AT4G19006,0.20726825
AT4G19010,0.12440594
AT4G19020,-0.6708291
AT4G19030,0.0
AT4G19035,0.0
AT4G19038,0.0
AT4G19040,0.06366307
AT4G19045,-0.019276734
AT4G19050,-0.38153976
AT4G19060,-0.3352793
AT4G19070,-0.29692045
AT4G19080,0.105878256
AT4G19090,-0.012512524
AT4G19095,0.17946753
AT4G19100,-0.30428517
AT4G19110,0.058800925
AT4G19120,0.009450627
AT4G19130,-0.07806916
AT4G19140,0.23241545
AT4G19150,-0.003317421
AT4G19160,-0.094106816
AT4G19170,-0.4044093
AT4G19180,0.275996
AT4G19185,0.08842088
AT4G19190,-0.16823521
AT4G19191,-0.16628344
AT4G19200,0.5102028
AT4G19210,0.1276483
AT4G19220,-0.048657957
AT4G19230,1.9924155
AT4G19240,0.0
AT4G19250,0.0
AT4G19260,0.0
AT4G19270,0.0
AT4G19275,0.0
AT4G19330,0.0
AT4G19340,0.0
AT4G19350,-0.2677554
AT4G19360,0.0
AT4G19370,0.76972777
AT4G19380,-0.10629383
AT4G19390,0.38529718
AT4G19400,0.29052868
AT4G19410,-0.07500833
AT4G19420,-0.09197176
AT4G19430,0.01969303
AT4G19440,-0.093431674
AT4G19450,-0.0010767414
AT4G19460,1.7185165
AT4G19470,0.034649406
AT4G19480,0.0
AT4G19485,0.0
AT4G19490,0.014625824
AT4G19500,-0.21865223
AT4G19510,-0.053599272
AT4G19520,0.4446258
AT4G19530,-0.3364215
AT4G19540,-0.07416026
AT4G19550,-0.27179652
AT4G19560,-0.22026344
AT4G19570,-0.03164881
AT4G19580,0.0
AT4G19590,-0.090159
AT4G19600,-0.21208812
AT4G19610,-0.14010315
AT4G19620,0.0
AT4G19630,0.0
AT4G19640,0.18752433
AT4G19645,0.057078786
AT4G19650,-0.08587334
AT4G19660,0.07837731
AT4G19670,0.014765023
AT4G19680,0.0
AT4G19690,-0.016074775
AT4G19700,0.42120746
AT4G19710,-0.19412448
AT4G19720,0.56679887
AT4G19730,0.0
AT4G19740,0.0
AT4G19750,0.04398793
AT4G19760,0.0
AT4G19770,0.0
AT4G19800,0.0
AT4G19810,2.02416
AT4G19820,-0.3874895
AT4G19830,-0.07719723
AT4G19840,-0.19439457
AT4G19850,0.10292132
AT4G19860,0.13746262
AT4G19865,-0.03938713
AT4G19870,0.016586756
AT4G19880,0.45002428
AT4G19890,-0.33649096
AT4G19900,-0.20256735
AT4G19905,0.0
AT4G19910,0.0
AT4G19920,0.0
AT4G19925,0.01517929
AT4G19930,0.0
AT4G19940,0.05655034
AT4G19950,0.18684605
AT4G19960,0.1256238
AT4G19970,1.7232006
AT4G19975,0.024590053
AT4G19980,0.0
AT4G19985,-0.42112073
AT4G19990,-0.05509791
AT4G20000,-0.13395198
AT4G20010,-0.04006516
AT4G20020,0.1302231
AT4G20030,0.07006778
AT4G20040,-0.16256198
AT4G20050,0.19892584
AT4G20060,-0.15601161
AT4G20070,-0.7208395
AT4G20080,0.0
AT4G20090,-0.07617087
AT4G20095,0.0
AT4G20100,0.0
AT4G20110,0.8329374
AT4G20130,-0.17164151
AT4G20140,-0.3077422
AT4G20150,0.3304113
AT4G20160,0.0
AT4G20170,-0.38458398
AT4G20190,0.0
AT4G20200,0.0
AT4G20210,0.0
AT4G20220,0.0
AT4G20230,-0.21758613
AT4G20235,0.01517929
AT4G20240,0.0
AT4G20250,0.0
AT4G20260,-0.057909917
AT4G20270,-0.71869105
AT4G20280,-0.036397785
AT4G20290,0.0
AT4G20300,-0.20765023
AT4G20310,-0.24889132
AT4G20320,0.83077013
AT4G20325,-0.06448224
AT4G20330,0.09633129
AT4G20340,-0.22177683
AT4G20350,0.022457799
AT4G20360,-0.3729111
AT4G20370,0.08956371
AT4G20380,0.17383161
AT4G20390,0.2696474
AT4G20400,-0.18071465
AT4G20410,-0.034948263
AT4G20420,0.0
AT4G20430,-0.5060865
AT4G20440,0.28134194
AT4G20450,0.01517929
AT4G20460,1.0667082
AT4G20470,0.024799354
AT4G20480,-0.03447184
AT4G20520,0.0
AT4G20530,0.0
AT4G20535,0.0
AT4G20540,0.0
AT4G20550,-0.03164881
AT4G20560,0.0
AT4G20570,0.0
AT4G20580,0.0
AT4G20590,0.0
AT4G20600,0.0
AT4G20610,0.0
AT4G20620,0.0
AT4G20630,0.0
AT4G20640,0.0
AT4G20645,0.0
AT4G20670,0.0
AT4G20680,0.0
AT4G20690,0.0031814598
AT4G20700,-0.061221655
AT4G20703,0.0
AT4G20707,0.0
AT4G20720,-0.03537392
AT4G20735,0.0
AT4G20740,-0.10364718
AT4G20750,0.0
AT4G20770,0.08053488
AT4G20780,0.49887577
AT4G20790,0.0
AT4G20800,0.0
AT4G20810,0.0
AT4G20820,0.014929334
AT4G20830,2.0423112
AT4G20835,0.26509038
AT4G20840,0.086677514
AT4G20850,0.13390326
AT4G20860,1.2070534
AT4G20870,-0.40117025
AT4G20880,-0.13777314
AT4G20890,0.15910178
AT4G20900,0.0
AT4G20910,-0.40039158
AT4G20920,0.10761396
AT4G20930,0.28800002
AT4G20935,0.0
AT4G20940,-0.21142161
AT4G20947,0.0
AT4G20953,0.067791894
AT4G20960,-0.058989033
AT4G20970,0.5437041
AT4G20980,0.101900585
AT4G20990,0.02864537
AT4G21000,0.0
AT4G21010,0.0
AT4G21020,0.0
AT4G21030,0.0
AT4G21040,0.0
AT4G21050,0.0
AT4G21060,-0.11090111
AT4G21063,0.0
AT4G21065,-0.067998126
AT4G21070,-0.039068256
AT4G21080,0.019470116
AT4G21090,0.05232533
AT4G21100,0.019422222
AT4G21105,0.32838058
AT4G21110,0.11924007
AT4G21120,1.0569526
AT4G21130,0.019470116
AT4G21140,0.21819696
AT4G21150,0.124824256
AT4G21160,0.2564185
AT4G21170,0.049942542
AT4G21180,0.04343824
AT4G21190,-0.44762158
AT4G21192,0.28541315
AT4G21200,-0.016074775
AT4G21210,-0.287017
AT4G21213,0.0
AT4G21215,0.2678716
AT4G21220,-0.273376
AT4G21230,-0.1304814
AT4G21240,0.0
AT4G21250,-0.044671863
AT4G21260,0.0
AT4G21270,-0.12433788
AT4G21280,-0.41205662
AT4G21300,-0.046952892
AT4G21310,-0.1756867
AT4G21320,0.18570153
AT4G21323,0.008042839
AT4G21326,-0.22803049
AT4G21330,0.0
AT4G21340,0.0
AT4G21350,-0.09652904
AT4G21364,0.0
AT4G21366,0.0
AT4G21370,0.0
AT4G21380,0.7740598
AT4G21390,1.8614813
AT4G21400,-0.22411539
AT4G21410,-0.058326133
AT4G21430,-0.43891788
AT4G21440,1.678071
AT4G21445,-0.393444
AT4G21450,-0.04725579
AT4G21460,-0.105207376
AT4G21470,0.42362204
AT4G21480,-0.0871522
AT4G21490,-0.16218643
AT4G21500,-0.1586784
AT4G21510,-0.10424101
AT4G21515,0.0
AT4G21520,-0.059266686
AT4G21530,-0.112578884
AT4G21534,0.4470312
AT4G21540,0.093461014
AT4G21550,-0.38180807
AT4G21560,0.27160162
AT4G21570,0.64044994
AT4G21580,0.6269191
AT4G21585,-0.4393904
AT4G21590,0.07715505
AT4G21600,-0.00089548406
AT4G21610,0.20354864
AT4G21620,0.39284882
AT4G21630,0.0
AT4G21640,0.0
AT4G21650,-0.7429482
AT4G21660,-0.09727954
AT4G21670,0.06680265
AT4G21680,3.3191388
AT4G21690,0.0
AT4G21700,0.25118846
AT4G21705,-0.15805967
AT4G21710,-0.018358482
AT4G21720,-0.15711631
AT4G21740,-0.26904112
AT4G21745,0.0
AT4G21750,-0.1294175
AT4G21760,-0.0072124447
AT4G21770,-0.29214293
AT4G21780,-0.010846805
AT4G21790,0.2930639
AT4G21800,-0.08740178
AT4G21810,0.05637482
AT4G21820,-0.028782813
AT4G21830,1.341681
AT4G21840,0.87949175
AT4G21850,0.99832296
AT4G21860,-0.21783695
AT4G21865,0.44731978
AT4G21870,-0.7045261
AT4G21880,-0.22796573
AT4G21890,-0.25893962
AT4G21895,0.0
AT4G21900,-0.10087653
AT4G21902,0.0
AT4G21903,0.16442406
AT4G21910,-0.49219996
AT4G21920,0.83539313
AT4G21926,-0.049412347
AT4G21930,-0.24105282
AT4G21940,0.103496596
AT4G21950,0.0049671503
AT4G21960,-0.78341955
AT4G21970,-0.1844352
AT4G21980,0.50960845
AT4G21990,0.43697348
AT4G22000,-0.2381783
AT4G22010,-0.051765148
AT4G22030,0.06622008
AT4G22035,0.0
AT4G22050,0.0
AT4G22060,0.0
AT4G22070,2.0752032
AT4G22080,0.0
AT4G22090,0.0
AT4G22100,0.0
AT4G22105,0.0
AT4G22110,0.05655034
AT4G22115,0.0
AT4G22120,-0.30917975
AT4G22130,-0.3638854
AT4G22140,-0.018740429
AT4G22150,0.12870218
AT4G22160,-0.14244524
AT4G22165,0.01517929
AT4G22170,-0.018571775
AT4G22180,0.0
AT4G22190,-0.17215972
AT4G22200,-0.33249995
AT4G22210,0.0
AT4G22212,-0.014502965
AT4G22214,0.0
AT4G22217,0.0
AT4G22220,0.18010032
AT4G22230,-0.04194291
AT4G22235,0.0
AT4G22240,0.7272135
AT4G22250,-0.0035148622
AT4G22260,0.20888817
AT4G22270,0.09871803
AT4G22280,-0.15520191
AT4G22285,-0.07297986
AT4G22300,-0.13507614
AT4G22305,0.32077405
AT4G22310,0.0642561
AT4G22320,0.19689731
AT4G22330,0.097627416
AT4G22340,-0.20056535
AT4G22350,-0.09281334
AT4G22360,0.078096986
AT4G22370,-0.08341815
AT4G22380,0.17510745
AT4G22390,-0.3015626
AT4G22400,0.0
AT4G22410,0.0
AT4G22420,0.0
AT4G22430,0.0
AT4G22440,0.0
AT4G22460,0.42874986
AT4G22463,0.0
AT4G22467,0.17413399
AT4G22470,2.2119365
AT4G22475,0.0
AT4G22485,0.0
AT4G22490,-0.001818732
AT4G22495,0.0
AT4G22505,0.0
AT4G22510,0.0
AT4G22513,0.0
AT4G22517,0.0
AT4G22520,0.0
AT4G22530,1.3455713
AT4G22540,-0.28083724
AT4G22550,0.33337983
AT4G22560,-0.47562632
AT4G22570,-0.70361507
AT4G22580,-0.07008551
AT4G22590,1.5879864
AT4G22600,0.0
AT4G22610,0.0
AT4G22620,0.30478984
AT4G22630,0.0
AT4G22640,0.04398793
AT4G22650,0.0
AT4G22660,0.0
AT4G22666,0.0
AT4G22670,0.11490852
AT4G22680,0.2092031
AT4G22690,0.056567587
AT4G22700,0.0
AT4G22710,1.2251672
AT4G22720,-0.1060865
AT4G22730,-0.25070453
AT4G22740,-0.0520685
AT4G22745,-0.21516696
AT4G22750,0.12082623
AT4G22755,0.10852852
AT4G22756,-0.33517668
AT4G22758,-0.08675064
AT4G22760,-0.15669209
AT4G22770,0.40786132
AT4G22780,-0.14149699
AT4G22790,-0.3878957
AT4G22810,0.057684936
AT4G22820,0.505169
AT4G22830,-0.10100049
AT4G22840,-0.13072978
AT4G22850,-0.05632792
AT4G22860,-0.14415072
AT4G22870,0.0
AT4G22880,-0.035570934
AT4G22890,-0.38264513
AT4G22900,-0.24516955
AT4G22910,0.10645357
AT4G22920,0.48708788
AT4G22930,0.14036481
AT4G22940,0.060068265
AT4G22950,-0.26725978
AT4G22960,-0.037326325
AT4G22970,0.9853474
AT4G22980,0.952897
AT4G22990,-0.13985358
AT4G23000,-0.40640888
AT4G23010,0.2827477
AT4G23015,0.0
AT4G23020,-0.4123842
AT4G23030,0.101738766
AT4G23040,0.023589764
AT4G23050,0.19992556
AT4G23060,-0.112066954
AT4G23070,-0.016074775
AT4G23080,0.0
AT4G23090,0.0
AT4G23100,0.7931024
AT4G23110,0.0
AT4G23120,0.0
AT4G23130,-0.027528984
AT4G23140,0.14911003
AT4G23150,0.585507
AT4G23160,-0.011593537
AT4G23170,0.83158946
AT4G23180,0.21793574
AT4G23190,1.0891005
AT4G23200,-0.047338277
AT4G23210,1.1317862
AT4G23220,0.37633124
AT4G23230,0.30067107
AT4G23240,-0.14277466
AT4G23250,0.52564836
AT4G23260,-0.19662938
AT4G23270,0.34814242
AT4G23271,0.0
AT4G23280,0.18262877
AT4G23290,-0.89137024
AT4G23300,-0.4815497
AT4G23310,-0.39126727
AT4G23320,0.044715486
AT4G23330,-0.13309269
AT4G23340,-0.12231437
AT4G23350,0.0
AT4G23355,0.0
AT4G23360,0.0
AT4G23365,0.0
AT4G23370,0.0
AT4G23373,0.0
AT4G23380,0.0
AT4G23390,-0.04675236
AT4G23400,-0.36416933
AT4G23410,-0.3305467
AT4G23420,-0.39370325
AT4G23430,0.00057332555
AT4G23440,-0.09907283
AT4G23450,0.4458563
AT4G23460,0.29537123
AT4G23470,0.57123154
AT4G23490,-0.35860226
AT4G23493,-0.30539936
AT4G23496,-0.07534945
AT4G23498,0.0
AT4G23500,-0.016134653
AT4G23510,0.0
AT4G23515,0.0
AT4G23520,-0.01646952
AT4G23530,-0.12011666
AT4G23540,0.20713104
AT4G23550,0.95975953
AT4G23560,0.27232957
AT4G23570,-0.034279164
AT4G23580,-0.012178695
AT4G23590,0.02983008
AT4G23600,-0.098796465
AT4G23610,0.26322928
AT4G23620,-0.0032540136
AT4G23630,0.1055743
AT4G23640,0.072003394
AT4G23650,0.021903738
AT4G23660,-0.07968978
AT4G23670,-0.31675813
AT4G23680,1.1250776
AT4G23690,0.3237893
AT4G23700,2.6682181
AT4G23710,0.43382704
AT4G23712,0.0
AT4G23720,-0.35936245
AT4G23730,0.17305501
AT4G23740,-0.2483201
AT4G23750,-0.20742959
AT4G23760,0.3138651
AT4G23770,-0.43562517
AT4G23780,0.01517929
AT4G23790,-0.7068248
AT4G23800,-0.38226834
AT4G23810,0.044778578
AT4G23820,-0.37462756
AT4G23850,0.21234863
AT4G23860,-0.055012614
AT4G23870,-0.14012828
AT4G23880,-0.20055103
AT4G23882,0.0
AT4G23885,0.82657754
AT4G23890,-0.27006853
AT4G23895,-0.18056783
AT4G23900,0.15499434
AT4G23910,-0.025269467
AT4G23920,0.26222154
AT4G23930,-0.31904772
AT4G23940,-0.34363544
AT4G23950,-0.171684
AT4G23960,-0.014502965
AT4G23970,0.0
AT4G23980,-0.090774246
AT4G23990,0.06645245
AT4G24000,1.8264675
AT4G24010,-0.17461818
AT4G24015,-0.026403114
AT4G24020,0.03152192
AT4G24026,0.5163587
AT4G24040,0.5279556
AT4G24050,-0.21847568
AT4G24060,-0.2474926
AT4G24070,0.0
AT4G24080,0.006658116
AT4G24090,-0.14803995
AT4G24100,-0.13681
AT4G24110,1.1242251
AT4G24120,0.44072524
AT4G24130,1.1719242
AT4G24140,0.13514744
AT4G24150,-0.051715497
AT4G24160,0.7303194
AT4G24170,-0.011502368
AT4G24180,-0.17836463
AT4G24190,0.106777444
AT4G24200,0.09665219
AT4G24204,0.0
AT4G24210,-0.06397515
AT4G24220,0.37868074
AT4G24230,0.14667287
AT4G24231,0.0
AT4G24240,0.03809532
AT4G24250,0.005674658
AT4G24260,-0.14028633
AT4G24265,0.055655558
AT4G24270,0.1294511
AT4G24275,-0.26279822
AT4G24280,-0.058533736
AT4G24290,0.029008562
AT4G24300,0.0
AT4G24310,0.41070145
AT4G24320,-0.0402663
AT4G24330,0.12099169
AT4G24340,1.5476679
AT4G24350,-1.2078273
AT4G24370,0.15740839
AT4G24380,1.1065385
AT4G24390,-0.07037821
AT4G24400,0.36344928
AT4G24410,0.0
AT4G24413,0.0
AT4G24420,0.0
AT4G24430,0.16296376
AT4G24440,0.15103115
AT4G24450,-0.2581545
AT4G24460,-0.0012480168
AT4G24470,0.061511494
AT4G24480,-0.33410317
AT4G24490,0.029552516
AT4G24500,-0.29744926
AT4G24510,-0.23298709
AT4G24520,-0.024502043
AT4G24530,-0.2307416
AT4G24540,-0.3121217
AT4G24550,0.03665154
AT4G24560,-0.023449585
AT4G24570,0.72944725
AT4G24580,-0.05654218
AT4G24590,-0.030247852
AT4G24600,-0.014502965
AT4G24610,-0.1897713
AT4G24615,0.0
AT4G24620,-0.044468634
AT4G24630,-0.081309885
AT4G24640,0.0
AT4G24644,0.0
AT4G24650,0.0
AT4G24660,-0.24958675
AT4G24670,-0.39526263
AT4G24680,0.06801511
AT4G24690,0.24994053
AT4G24700,-0.4541648
AT4G24710,-0.08449322
AT4G24715,0.0
AT4G24730,0.25492215
AT4G24740,-0.1445648
AT4G24750,-0.16440322
AT4G24760,-0.2864807
AT4G24770,-0.36067542
AT4G24780,-1.0125126
AT4G24790,-0.55407286
AT4G24800,-0.12923717
AT4G24810,-0.33685204
AT4G24820,0.34660324
AT4G24830,0.062039923
AT4G24840,0.11089098
AT4G24860,-0.2652468
AT4G24880,0.033271223
AT4G24890,-0.016074775
AT4G24900,-0.2795011
AT4G24910,-0.073906615
AT4G24920,0.7288029
AT4G24930,-0.28589013
AT4G24940,0.060190435
AT4G24950,0.0
AT4G24960,0.08597834
AT4G24970,0.18917823
AT4G24972,-0.2829337
AT4G24973,0.0
AT4G24974,0.0
AT4G24975,0.0
AT4G24980,0.0
AT4G24990,0.07895232
AT4G25000,1.5148001
AT4G25010,0.0
AT4G25020,-0.2879529
AT4G25030,1.0408297
AT4G25040,0.0
AT4G25050,-0.14261986
AT4G25070,1.3499897
AT4G25080,-0.29618746
AT4G25090,0.02223215
AT4G25100,-0.043196905
AT4G25110,0.50881493
AT4G25120,-0.35809058
AT4G25130,0.15923999
AT4G25140,0.0
AT4G25150,-0.05693242
AT4G25160,-0.08130775
AT4G25170,0.48180974
AT4G25180,-0.13432407
AT4G25190,0.0
AT4G25200,0.029872375
AT4G25210,0.06671072
AT4G25220,-0.014502965
AT4G25225,0.034656506
AT4G25230,0.42223218
AT4G25240,-0.1430402
AT4G25250,0.0
AT4G25260,-0.3613126
AT4G25270,-0.33637515
AT4G25280,-0.13044351
AT4G25290,-0.3865909
AT4G25300,-0.11195606
AT4G25310,-0.028597089
AT4G25315,0.2135573
AT4G25320,0.036376055
AT4G25330,0.0
AT4G25340,-0.06772189
AT4G25350,-0.3359176
AT4G25360,-0.039673474
AT4G25370,0.14457385
AT4G25380,0.30712947
AT4G25390,1.0870332
AT4G25400,0.0
AT4G25410,0.07874941
AT4G25420,-0.34317157
AT4G25430,0.0
AT4G25433,0.02983008
AT4G25434,0.30712083
AT4G25440,0.13837415
AT4G25450,-0.08809207
AT4G25470,0.07238355
AT4G25480,-0.3115093
AT4G25490,-0.060260437
AT4G25500,0.018056998
AT4G25510,0.0
AT4G25515,-0.12298948
AT4G25520,-0.02837139
AT4G25530,0.0
AT4G25540,-0.02634188
AT4G25550,0.18678018
AT4G25560,0.0012329897
AT4G25570,-0.06464854
AT4G25580,0.22081047
AT4G25590,0.0
AT4G25600,-0.26137587
AT4G25610,0.02805413
AT4G25620,-0.17789723
AT4G25630,0.23051089
AT4G25640,0.29581386
AT4G25650,0.042253993
AT4G25660,0.13850865
AT4G25670,0.42050746
AT4G25680,-0.04189286
AT4G25690,0.2552406
AT4G25700,0.5217111
AT4G25707,-0.043793958
AT4G25710,0.078960545
AT4G25720,0.16946337
AT4G25730,0.105802424
AT4G25740,-0.014731869
AT4G25750,-0.03057774
AT4G25760,-0.028597089
AT4G25770,-0.025817936
AT4G25780,-0.14978704
AT4G25790,0.0
AT4G25800,-0.13990895
AT4G25810,1.5367907
AT4G25820,0.02983008
AT4G25830,-0.5322876
AT4G25835,0.29377934
AT4G25840,0.158169
AT4G25845,-0.04041059
AT4G25850,-0.025577346
AT4G25860,-0.016074775
AT4G25870,-0.31053108
AT4G25880,-0.057986617
AT4G25890,0.06520828
AT4G25900,1.0205901
AT4G25910,-0.3476327
AT4G25920,0.01857463
AT4G25930,0.0
AT4G25940,0.10491895
AT4G25950,-0.11209915
AT4G25960,-0.25852302
AT4G25970,-0.11069964
AT4G25980,0.13565667
AT4G25990,-0.015344786
AT4G26000,0.17805202
AT4G26010,0.07172963
AT4G26020,0.03832546
AT4G26030,0.0
AT4G26040,0.0
AT4G26050,1.4815612
AT4G26055,0.06180532
AT4G26060,0.40589193
AT4G26070,0.34111065
AT4G26080,0.6160503
AT4G26090,0.4732951
AT4G26100,0.056831717
AT4G26110,-0.13792971
AT4G26120,1.3206266
AT4G26130,0.2062982
AT4G26140,-0.14821334
AT4G26145,-0.009764563
AT4G26150,-0.058756467
AT4G26160,0.07644682
AT4G26170,-0.06017016
AT4G26180,-0.22781995
AT4G26190,-0.285725
AT4G26200,0.23426206
AT4G26210,0.20456223
AT4G26220,0.1386402
AT4G26230,-0.12060325
AT4G26240,0.4804674
AT4G26250,0.0
AT4G26260,3.9458954
AT4G26270,0.8593696
AT4G26280,0.0
AT4G26288,-0.078810185
AT4G26290,0.0
AT4G26300,-0.12548932
AT4G26310,0.08461809
AT4G26320,0.0
AT4G26330,0.0
AT4G26340,0.0
AT4G26350,0.0
AT4G26370,-0.28687203
AT4G26380,0.026584668
AT4G26390,-0.016074775
AT4G26400,0.16101937
AT4G26410,0.086802
AT4G26415,0.13656615
AT4G26420,0.0
AT4G26430,-0.18599486
AT4G26440,0.0
AT4G26450,0.012323551
AT4G26455,-0.00800296
AT4G26460,0.0
AT4G26466,0.09351984
AT4G26470,1.4440488
AT4G26480,0.033066515
AT4G26483,0.0
AT4G26485,0.0
AT4G26490,-0.112174906
AT4G26500,0.014923986
AT4G26510,-0.02902991
AT4G26520,-0.5788366
AT4G26530,-1.7186943
AT4G26540,-0.38814658
AT4G26550,0.34857967
AT4G26555,-0.26979584
AT4G26560,0.034649406
AT4G26570,-0.13169178
AT4G26580,0.077945605
AT4G26590,-0.014502965
AT4G26600,-0.16042511
AT4G26610,0.050987855
AT4G26620,-0.17337443
AT4G26630,-0.32737035
AT4G26640,-0.15115273
AT4G26650,0.017763088
AT4G26660,-0.24711385
AT4G26670,-0.034228314
AT4G26680,-0.4001329
AT4G26690,0.3136692
AT4G26700,0.09325225
AT4G26701,0.01517929
AT4G26710,0.22739615
AT4G26720,-0.10660394
AT4G26730,0.0
AT4G26740,0.019470116
AT4G26750,0.31360883
AT4G26760,-0.43759272
AT4G26770,0.0
AT4G26780,-0.0421216
AT4G26790,-0.41247323
AT4G26800,-0.09478777
AT4G26810,0.26042286
AT4G26820,0.0
AT4G26830,0.02223215
AT4G26840,0.020476656
AT4G26850,-0.15846397
AT4G26860,-0.4163836
AT4G26870,-0.07719892
AT4G26880,0.0
AT4G26890,0.7303249
AT4G26900,-0.22712818
AT4G26910,0.49564895
AT4G26920,0.0
AT4G26930,0.0
AT4G26940,0.30630505
AT4G26950,-0.51579726
AT4G26960,-0.029317046
AT4G26965,-0.08182548
AT4G26970,0.2755786
AT4G26980,-0.14935473
AT4G26990,0.64605945
AT4G27000,0.23006448
AT4G27010,0.13480438
AT4G27020,0.06907651
AT4G27030,-0.64152455
AT4G27040,-0.08790927
AT4G27050,-0.111491404
AT4G27060,-0.29914123
AT4G27070,0.8245384
AT4G27080,0.21594925
AT4G27090,-0.034330856
AT4G27100,-0.06926976
AT4G27110,0.01517929
AT4G27120,-0.06768067
AT4G27130,-0.015807457
AT4G27140,0.019470116
AT4G27150,0.0
AT4G27160,0.0
AT4G27170,0.0
AT4G27180,-0.47020608
AT4G27190,0.0
AT4G27220,0.43044862
AT4G27230,-0.12876658
AT4G27240,-0.7739249
AT4G27250,0.0
AT4G27260,1.0957769
AT4G27270,0.24424776
AT4G27280,0.6149504
AT4G27290,0.28972638
AT4G27300,-0.8651389
AT4G27310,-0.31623322
AT4G27320,0.08533666
AT4G27330,0.0
AT4G27340,-0.08557431
AT4G27350,0.43947545
AT4G27360,-0.03164881
AT4G27370,-0.4388382
AT4G27380,0.041569255
AT4G27390,-0.10492212
AT4G27400,0.0
AT4G27410,1.0424824
AT4G27415,0.0
AT4G27420,0.0
AT4G27430,-0.5268657
AT4G27435,0.048030037
AT4G27440,-0.3500193
AT4G27450,-0.11882255
AT4G27460,0.18506734
AT4G27470,0.23414958
AT4G27480,-0.23339619
AT4G27490,0.1851513
AT4G27500,0.15330131
AT4G27510,-0.029340472
AT4G27520,0.18437046
AT4G27530,0.060818803
AT4G27540,0.30427134
AT4G27550,0.0
AT4G27560,-0.3589823
AT4G27565,0.0
AT4G27570,0.0
AT4G27575,0.0
AT4G27585,0.49754676
AT4G27590,0.044951357
AT4G27595,-0.95191145
AT4G27600,-0.118931726
AT4G27610,-0.36743024
AT4G27620,0.098369606
AT4G27630,-0.21529156
AT4G27640,-0.14589962
AT4G27650,-0.073587626
AT4G27652,0.30754167
AT4G27654,0.025577856
AT4G27657,0.4316388
AT4G27660,-0.074086905
AT4G27670,0.12791662
AT4G27680,0.19406876
AT4G27690,-0.12824214
AT4G27700,-0.39903054
AT4G27710,-0.13958766
AT4G27720,-0.35693616
AT4G27730,-0.34427097
AT4G27740,0.092582114
AT4G27745,0.0942028
AT4G27750,0.041290786
AT4G27760,-0.04081097
AT4G27780,0.28656396
AT4G27790,0.137897
AT4G27800,-0.18880981
AT4G27810,-0.0075190286
AT4G27820,-0.36414218
AT4G27830,0.6780461
AT4G27840,-0.1046125
AT4G27845,0.0
AT4G27850,0.11741857
AT4G27860,-0.16774811
AT4G27870,-0.14636679
AT4G27880,0.054274216
AT4G27890,0.038306925
AT4G27900,-0.6708003
AT4G27910,-0.07150149
AT4G27920,0.0
AT4G27940,-0.12984575
AT4G27950,-0.10300188
AT4G27960,0.16197588
AT4G27970,0.4223534
AT4G27980,0.14002971
AT4G27990,0.08118948
AT4G28000,0.0
AT4G28005,-0.014502965
AT4G28010,-0.34820428
AT4G28015,0.0
AT4G28025,-0.116852276
AT4G28030,-0.27616248
AT4G28040,1.0011296
AT4G28050,-0.47182554
AT4G28060,0.45104244
AT4G28068,0.0
AT4G28070,-0.06914584
AT4G28080,-0.5115181
AT4G28085,0.97013164
AT4G28088,0.23971343
AT4G28090,0.034649406
AT4G28100,-0.20243222
AT4G28110,0.5261764
AT4G28130,0.0
AT4G28140,1.7271495
AT4G28150,-0.14919014
AT4G28160,0.068137005
AT4G28170,0.17964455
AT4G28180,-0.23545082
AT4G28190,0.22073883
AT4G28200,-0.0494068
AT4G28210,0.052717812
AT4G28220,-0.40812564
AT4G28230,-0.6368642
AT4G28240,-0.25252733
AT4G28250,-0.90575916
AT4G28260,-0.14154775
AT4G28270,-0.37697694
AT4G28280,0.013990702
AT4G28290,0.24749649
AT4G28300,0.1417321
AT4G28310,-0.17083682
AT4G28320,-0.30015242
AT4G28330,0.09300642
AT4G28340,0.09719212
AT4G28350,0.16996102
AT4G28365,0.0
AT4G28370,0.12791784
AT4G28380,0.0
AT4G28390,0.6750348
AT4G28395,0.0
AT4G28397,0.0
AT4G28400,-0.11810235
AT4G28405,0.0
AT4G28410,0.0
AT4G28420,-0.08985168
AT4G28430,-0.06714281
AT4G28440,0.086753614
AT4G28450,0.09096067
AT4G28460,1.1857653
AT4G28470,0.016804915
AT4G28480,0.026773833
AT4G28485,0.034649406
AT4G28490,0.7051459
AT4G28500,-0.101512074
AT4G28510,-0.058993995
AT4G28520,0.0
AT4G28530,-0.14644405
AT4G28540,0.21286993
AT4G28550,1.278576
AT4G28556,-0.0271255
AT4G28560,0.010305487
AT4G28570,0.11983874
AT4G28580,0.02014644
AT4G28590,-0.060503602
AT4G28600,0.022945495
AT4G28610,-0.014764029
AT4G28620,0.0033953402
AT4G28630,-0.41640556
AT4G28640,-0.16377355
AT4G28650,0.09042661
AT4G28660,-0.3800951
AT4G28670,0.0
AT4G28680,0.0
AT4G28690,-0.20566095
AT4G28700,-0.0034433834
AT4G28703,0.060347788
AT4G28706,-0.32544494
AT4G28710,0.06260417
AT4G28720,-0.21803379
AT4G28730,0.11249243
AT4G28740,-0.32567695
AT4G28750,-0.4088482
AT4G28755,0.022250684
AT4G28760,-0.31897545
AT4G28770,0.28530502
AT4G28775,0.0
AT4G28780,0.146882
AT4G28790,-0.47669107
AT4G28800,-0.014502965
AT4G28811,0.0
AT4G28815,0.0
AT4G28820,0.095088065
AT4G28830,-0.27331382
AT4G28840,-0.027282245
AT4G28850,0.0
AT4G28860,-0.057771906
AT4G28870,0.0
AT4G28880,0.09990056
AT4G28890,0.01517929
AT4G28910,0.016646542
AT4G28920,0.0
AT4G28930,0.10053827
AT4G28940,1.4763737
AT4G28950,-0.04949851
AT4G28980,-0.08429674
AT4G28990,-0.17082956
AT4G29000,-0.011298793
AT4G29010,0.19826904
AT4G29020,0.7057699
AT4G29030,0.25148663
AT4G29033,0.0
AT4G29035,0.0
AT4G29037,0.0
AT4G29040,0.20708956
AT4G29050,0.04643111
AT4G29060,-0.29324725
AT4G29070,-0.14774145
AT4G29080,-0.35384122
AT4G29090,0.0
AT4G29100,-0.3085482
AT4G29103,0.0
AT4G29110,-0.76316434
AT4G29120,0.13131848
AT4G29130,0.09222549
AT4G29140,0.12498776
AT4G29150,0.0
AT4G29160,0.092534944
AT4G29170,-0.28903687
AT4G29180,-0.0007476615
AT4G29190,-0.3371599
AT4G29200,0.0
AT4G29210,0.21041386
AT4G29220,-0.13483895
AT4G29230,1.4223433
AT4G29240,-0.07393485
AT4G29250,0.0
AT4G29260,0.050870847
AT4G29270,-0.029492572
AT4G29273,0.0
AT4G29280,0.0
AT4G29283,0.0
AT4G29285,0.0
AT4G29290,0.0
AT4G29300,0.0
AT4G29305,0.0
AT4G29310,-0.21731797
AT4G29330,0.13649002
AT4G29340,0.14671451
AT4G29350,0.12990183
AT4G29360,-0.41310388
AT4G29370,0.01517929
AT4G29380,0.10318144
AT4G29400,-0.35243163
AT4G29410,0.06907142
AT4G29420,0.14583795
AT4G29430,-0.10950181
AT4G29440,0.31700152
AT4G29450,0.0
AT4G29460,0.0
AT4G29470,0.034649406
AT4G29480,0.1796797
AT4G29490,0.13139693
AT4G29510,-0.018711504
AT4G29520,0.54364127
AT4G29530,0.028246256
AT4G29540,-0.2155141
AT4G29548,0.0
AT4G29550,0.073734224
AT4G29560,0.038074564
AT4G29570,-0.07460364
AT4G29580,0.0
AT4G29590,-0.26694077
AT4G29600,0.0
AT4G29610,0.057783328
AT4G29620,0.0
AT4G29630,0.0
AT4G29640,-0.013417798
AT4G29650,-0.0847166
AT4G29654,0.0
AT4G29658,0.01517929
AT4G29660,0.19437553
AT4G29670,0.42415136
AT4G29680,-0.089513145
AT4G29690,-0.48538923
AT4G29700,-0.12574688
AT4G29710,-0.03057774
AT4G29720,-0.4466672
AT4G29730,-0.31617656
AT4G29735,0.10598349
AT4G29740,-0.069954045
AT4G29750,-0.2656521
AT4G29760,-0.10425312
AT4G29770,-0.04100663
AT4G29780,1.113623
AT4G29790,0.016596194
AT4G29800,0.08229486
AT4G29810,0.3507447
AT4G29820,-0.050613977
AT4G29830,0.10025346
AT4G29840,0.16009368
AT4G29850,0.78554887
AT4G29860,-0.023564152
AT4G29870,0.14787608
AT4G29880,0.038306925
AT4G29890,-0.1671631
AT4G29900,0.26545545
AT4G29905,0.28704873
AT4G29910,-0.20944098
AT4G29920,-0.7612128
AT4G29930,0.108194
AT4G29940,-0.26491934
AT4G29950,0.37882408
AT4G29960,0.06520032
AT4G29970,0.0
AT4G29980,0.0
AT4G29990,-0.16511737
AT4G30000,-0.20716505
AT4G30010,0.43367994
AT4G30020,-0.77918917
AT4G30030,0.0
AT4G30040,0.0
AT4G30050,0.0
AT4G30060,0.47803006
AT4G30064,0.0
AT4G30067,0.0
AT4G30070,0.0
AT4G30074,0.0
AT4G30080,-0.14127056
AT4G30090,-0.2463771
AT4G30097,0.0
AT4G30100,0.038706716
AT4G30110,-0.9473032
AT4G30120,-0.16520455
AT4G30130,0.049536124
AT4G30140,0.05655034
AT4G30150,0.06655006
AT4G30160,0.057519738
AT4G30170,0.0
AT4G30180,-0.38743162
AT4G30190,0.14296128
AT4G30200,-0.03940438
AT4G30210,0.3287647
AT4G30220,0.09476046
AT4G30230,0.8679438
AT4G30240,0.18659282
AT4G30250,-0.22297911
AT4G30260,0.23140067
AT4G30270,0.7526153
AT4G30280,2.1608176
AT4G30290,0.294631
AT4G30300,0.0
AT4G30310,-0.08032557
AT4G30320,0.019470116
AT4G30330,-0.15111859
AT4G30340,0.21103464
AT4G30350,0.3533609
AT4G30360,0.15273394
AT4G30370,-0.19110791
AT4G30380,0.0
AT4G30390,0.386144
AT4G30400,-0.8242643
AT4G30410,-0.60638285
AT4G30420,0.0
AT4G30430,0.3395607
AT4G30440,-0.2784762
AT4G30450,0.6797006
AT4G30460,0.8899039
AT4G30470,0.34381685
AT4G30480,-0.04577799
AT4G30490,1.0642349
AT4G30500,-0.07139385
AT4G30510,0.371857
AT4G30520,-0.54468423
AT4G30530,0.39257455
AT4G30540,0.0006763258
AT4G30550,0.1789224
AT4G30560,-0.21402644
AT4G30570,-0.100970045
AT4G30580,-0.0931792
AT4G30590,0.0
AT4G30600,0.10509274
AT4G30610,-0.28413334
AT4G30620,-0.26288804
AT4G30630,-0.15275778
AT4G30640,0.12647891
AT4G30650,0.20675945
AT4G30660,-0.0068529295
AT4G30662,0.0
AT4G30670,0.042707022
AT4G30680,-0.020104816
AT4G30690,-0.28980494
AT4G30700,-0.0034719603
AT4G30710,-0.0832709
AT4G30720,-0.17109038
AT4G30730,0.0
AT4G30740,-0.0152029125
AT4G30750,-0.14096788
AT4G30760,0.13656315
AT4G30770,0.0
AT4G30780,0.16163157
AT4G30790,0.17767201
AT4G30800,-0.0759767
AT4G30810,-0.3348065
AT4G30825,-0.2377667
AT4G30830,-0.13054323
AT4G30840,0.15473591
AT4G30845,-0.103245325
AT4G30850,1.1250231
AT4G30860,0.12525249
AT4G30870,-0.17945449
AT4G30880,0.0
AT4G30890,0.1836973
AT4G30900,0.050097045
AT4G30910,0.16028847
AT4G30920,0.053562347
AT4G30930,0.06998646
AT4G30935,-0.085914664
AT4G30940,-0.3359813
AT4G30950,-0.31192502
AT4G30960,-0.534815
AT4G30970,0.0
AT4G30980,-0.094681285
AT4G30990,0.05863068
AT4G30993,-0.24661864
AT4G30996,0.14554031
AT4G31000,-0.14046271
AT4G31010,-0.28678507
AT4G31020,0.25197726
AT4G31030,0.0
AT4G31040,-0.2905587
AT4G31050,-0.28464812
AT4G31060,-0.16870284
AT4G31070,-0.15515392
AT4G31073,0.0
AT4G31080,0.0019753203
AT4G31100,-0.08474067
AT4G31110,0.2411252
AT4G31115,-0.098659486
AT4G31120,-0.06455189
AT4G31130,-0.07741137
AT4G31140,-0.20260505
AT4G31150,-0.17524214
AT4G31160,0.0071745636
AT4G31170,0.1473436
AT4G31180,0.1439505
AT4G31196,0.0
AT4G31200,-0.12005585
AT4G31210,0.2055724
AT4G31230,0.32350907
AT4G31240,0.44031796
AT4G31250,-0.24870569
AT4G31260,0.0
AT4G31270,-0.2277818
AT4G31280,0.0
AT4G31290,-0.15025203
AT4G31300,0.32726803
AT4G31310,-0.40340602
AT4G31320,0.0
AT4G31330,-0.34104264
AT4G31340,0.21622242
AT4G31350,-0.25488782
AT4G31351,-0.2045282
AT4G31354,-0.31047413
AT4G31355,0.0
AT4G31360,-0.45526144
AT4G31370,0.0040716664
AT4G31380,0.030143406
AT4G31390,-0.0410517
AT4G31400,-0.01215697
AT4G31405,-0.07144134
AT4G31410,-0.024768235
AT4G31420,0.12515567
AT4G31430,-0.06409279
AT4G31440,-0.0091976505
AT4G31441,0.0
AT4G31450,-0.1930965
AT4G31470,-0.028597089
AT4G31480,-0.090125486
AT4G31490,0.04437157
AT4G31500,-0.1020381
AT4G31510,-0.08865034
AT4G31520,-0.2166492
AT4G31530,-0.076282516
AT4G31540,-0.07477156
AT4G31550,0.12024918
AT4G31560,0.05519539
AT4G31570,0.057989836
AT4G31580,0.12607741
AT4G31590,-0.35592175
AT4G31600,0.06711423
AT4G31610,0.019470116
AT4G31615,0.039539915
AT4G31620,-0.0782809
AT4G31630,0.0
AT4G31640,-0.04230479
AT4G31650,-0.3526116
AT4G31660,0.0
AT4G31670,0.04435449
AT4G31680,0.0
AT4G31685,0.0
AT4G31690,0.0
AT4G31700,0.3059877
AT4G31710,0.0
AT4G31715,0.0
AT4G31720,0.017912475
AT4G31730,-0.29212898
AT4G31740,0.0
AT4G31750,0.46865478
AT4G31760,-0.00089548406
AT4G31770,0.21336456
AT4G31780,0.07353776
AT4G31790,0.082795255
AT4G31800,1.0154458
AT4G31805,0.1029466
AT4G31810,0.10443007
AT4G31820,-0.6193545
AT4G31830,0.040475562
AT4G31840,-0.16412571
AT4G31850,-0.3975113
AT4G31860,0.28721312
AT4G31870,0.027423548
AT4G31875,-0.14864984
AT4G31880,-0.104132645
AT4G31890,-0.41055912
AT4G31900,0.0
AT4G31910,-0.1585394
AT4G31920,-0.13084847
AT4G31930,-0.022442143
AT4G31940,0.0
AT4G31950,0.598992
AT4G31960,0.08044891
AT4G31970,3.3461688
AT4G31980,0.18770081
AT4G31990,0.1714726
AT4G32000,-0.50911814
AT4G32010,-0.0145225115
AT4G32020,0.09141462
AT4G32030,-0.09678398
AT4G32040,0.3195085
AT4G32050,-0.10686547
AT4G32060,-0.17825809
AT4G32070,0.8539766
AT4G32080,0.0
AT4G32090,0.0
AT4G32100,0.0
AT4G32105,0.02983008
AT4G32110,0.0
AT4G32120,-0.2486015
AT4G32130,0.19046108
AT4G32140,0.21419933
AT4G32150,0.098819
AT4G32160,-0.062102214
AT4G32170,0.053486217
AT4G32175,-0.132462
AT4G32180,0.015094456
AT4G32190,-0.28049216
AT4G32200,0.19773795
AT4G32208,-0.085565664
AT4G32210,0.43289015
AT4G32230,0.0
AT4G32240,-0.0683811
AT4G32250,0.84262913
AT4G32260,-0.37196416
AT4G32272,-0.012381756
AT4G32280,-0.65086937
AT4G32285,0.06360988
AT4G32290,-0.5540338
AT4G32295,-0.41244876
AT4G32300,0.17146479
AT4G32320,0.02933591
AT4G32330,-0.3645246
AT4G32340,0.2083112
AT4G32342,-0.08729551
AT4G32350,-0.33917463
AT4G32360,-0.13033731
AT4G32370,0.0
AT4G32375,0.0
AT4G32380,0.0
AT4G32390,0.33180454
AT4G32400,0.27411726
AT4G32410,-0.06908045
AT4G32420,-0.33635625
AT4G32430,-0.17602308
AT4G32440,-0.11165994
AT4G32450,-0.14180198
AT4G32460,-0.5091883
AT4G32470,0.23423786
AT4G32480,0.47204804
AT4G32490,0.0
AT4G32500,-0.001818732
AT4G32510,0.01341019
AT4G32520,0.013102043
AT4G32530,0.16408841
AT4G32535,0.0
AT4G32540,0.0
AT4G32551,0.030945783
AT4G32560,-0.37755322
AT4G32570,-0.30694702
AT4G32580,0.0
AT4G32590,-0.32170838
AT4G32600,0.07868453
AT4G32610,-0.092986844
AT4G32620,-0.07153216
AT4G32630,0.18770412
AT4G32640,0.15117824
AT4G32650,0.297854
AT4G32660,-0.049880598
AT4G32670,-0.35771665
AT4G32680,0.11031859
AT4G32690,0.28168157
AT4G32700,-0.12718192
AT4G32710,-0.36300018
AT4G32714,0.0
AT4G32717,0.0
AT4G32720,-0.0709986
AT4G32730,0.08618058
AT4G32750,-0.11139133
AT4G32760,-0.092374794
AT4G32770,0.027318168
AT4G32780,-0.024799343
AT4G32790,0.018535152
AT4G32800,-0.33643866
AT4G32810,1.3539536
AT4G32820,-0.23102693
AT4G32830,0.12824826
AT4G32840,-0.27318287
AT4G32850,-0.19463056
AT4G32860,-0.023694456
AT4G32870,0.96364737
AT4G32880,-0.3859078
AT4G32890,-0.686249
AT4G32900,0.12983112
AT4G32910,-0.010406783
AT4G32915,0.06943873
AT4G32920,-0.2922459
AT4G32930,0.112384535
AT4G32940,-0.5674249
AT4G32950,-0.1815188
AT4G32960,-0.0035457523
AT4G32970,-0.13602327
AT4G32980,-0.6607362
AT4G32990,-0.14978093
AT4G33000,-0.4062419
AT4G33010,-0.7141581
AT4G33020,0.36856425
AT4G33030,-0.11209647
AT4G33040,-0.70962864
AT4G33050,0.69555324
AT4G33060,-0.30191883
AT4G33070,0.21903199
AT4G33080,-0.18212894
AT4G33090,0.28866056
AT4G33100,0.11970823
AT4G33110,-0.092855535
AT4G33120,0.0
AT4G33130,-0.021249367
AT4G33140,0.15470621
AT4G33145,0.0
AT4G33150,1.0399911
AT4G33160,0.076243185
AT4G33170,-0.05889497
AT4G33180,0.027800264
AT4G33200,-0.06555066
AT4G33210,0.01852482
AT4G33220,-0.38667634
AT4G33230,0.01517929
AT4G33240,0.21408103
AT4G33250,0.059803937
AT4G33260,-0.3692548
AT4G33270,-0.38099596
AT4G33280,-0.09026538
AT4G33290,0.0
AT4G33300,0.2583302
AT4G33310,0.01517929
AT4G33320,-0.016074775
AT4G33330,0.01457291
AT4G33350,0.04065461
AT4G33355,0.0
AT4G33360,0.47781128
AT4G33370,0.050067715
AT4G33380,-0.21032552
AT4G33390,-0.03057774
AT4G33400,-0.20027845
AT4G33410,-0.062754504
AT4G33420,0.600149
AT4G33430,0.528291
AT4G33440,-0.11303334
AT4G33450,0.0
AT4G33460,-0.1739252
AT4G33465,0.23283869
AT4G33467,1.703319
AT4G33470,-0.34217912
AT4G33480,-0.069416046
AT4G33490,-0.018886968
AT4G33495,-0.13775885
AT4G33500,-0.39032796
AT4G33510,0.21732026
AT4G33520,0.03074044
AT4G33530,0.035154834
AT4G33540,1.2040802
AT4G33550,0.18592684
AT4G33560,0.13726528
AT4G33565,0.2626331
AT4G33580,-0.027727567
AT4G33585,0.0
AT4G33590,0.0
AT4G33600,0.0
AT4G33610,0.0
AT4G33620,0.0054374877
AT4G33625,-0.2391854
AT4G33630,-0.047667712
AT4G33640,0.04760293
AT4G33650,0.110958986
AT4G33660,0.008333394
AT4G33666,0.2583798
AT4G33670,0.05373992
AT4G33680,-0.16705072
AT4G33690,0.041463684
AT4G33700,0.08158553
AT4G33710,0.0
AT4G33720,0.019470116
AT4G33730,0.01517929
AT4G33740,-0.43494916
AT4G33760,-0.050590407
AT4G33770,-0.051082835
AT4G33780,0.2510867
AT4G33790,-0.1991188
AT4G33800,0.019470116
AT4G33810,0.1245766
AT4G33820,0.0
AT4G33830,0.0
AT4G33840,0.038306925
AT4G33860,0.017651385
AT4G33870,-0.028597089
AT4G33880,-0.016074775
AT4G33885,0.0
AT4G33890,-0.013206482
AT4G33900,0.0
AT4G33900,0.0
AT4G33910,0.2491565
AT4G33920,0.7061085
AT4G33925,-0.014668035
AT4G33930,0.94771695
AT4G33940,0.42045555
AT4G33950,-0.10019849
AT4G33960,-0.041471045
AT4G33970,0.0
AT4G33980,0.16383559
AT4G33990,-0.14824097
AT4G34000,-0.25584874
AT4G34020,-0.0017021146
AT4G34030,0.29018065
AT4G34040,0.19833356
AT4G34050,0.410018
AT4G34060,-0.3854935
AT4G34070,0.11018995
AT4G34080,0.0
AT4G34090,-0.42946312
AT4G34100,0.16680118
AT4G34110,0.12964267
AT4G34120,0.7786782
AT4G34131,1.418496
AT4G34135,1.0052601
AT4G34138,0.44655797
AT4G34139,0.02983008
AT4G34140,-0.15213943
AT4G34150,0.8306518
AT4G34160,-0.60893
AT4G34170,0.0
AT4G34180,0.7678065
AT4G34190,-0.18531147
AT4G34200,1.8051367
AT4G34210,0.18782248
AT4G34215,-0.13553774
AT4G34220,-0.7210783
AT4G34230,1.0863051
AT4G34240,0.05748534
AT4G34250,-0.068613894
AT4G34260,-0.1752419
AT4G34265,0.07904597
AT4G34270,0.00040237542
AT4G34280,-0.050663125
AT4G34290,-0.17497724
AT4G34300,-0.058379564
AT4G34310,0.051974155
AT4G34320,0.090886176
AT4G34330,0.0
AT4G34340,0.15356132
AT4G34345,0.0
AT4G34350,0.16290607
AT4G34360,-0.16418543
AT4G34370,-0.15316118
AT4G34380,0.7282912
AT4G34390,0.8568647
AT4G34400,0.29301757
AT4G34410,0.7848588
AT4G34412,0.14841175
AT4G34420,-0.15869607
AT4G34430,0.0699721
AT4G34440,-0.040775783
AT4G34450,0.058543004
AT4G34460,0.19693495
AT4G34470,0.23518358
AT4G34480,0.025072094
AT4G34490,-0.0715955
AT4G34500,-0.15317596
AT4G34510,0.13063973
AT4G34520,0.0
AT4G34530,-0.68041444
AT4G34540,-0.12344585
AT4G34550,-0.031425245
AT4G34555,-0.10005394
AT4G34560,-0.89511037
AT4G34570,0.0065633086
AT4G34580,0.019470116
AT4G34590,-0.19624513
AT4G34600,-0.23987944
AT4G34610,-0.39374515
AT4G34620,-0.1736442
AT4G34630,-0.07516153
AT4G34640,-0.027996441
AT4G34650,-0.35779512
AT4G34660,0.11539847
AT4G34670,-0.14840394
AT4G34680,-0.35805103
AT4G34690,-0.016074775
AT4G34700,0.040501054
AT4G34710,1.2210659
AT4G34720,0.23398189
AT4G34730,-0.28735796
AT4G34740,-0.1739194
AT4G34750,-0.14420259
AT4G34760,-0.20948963
AT4G34770,-0.6888887
AT4G34780,0.009709837
AT4G34790,-0.42248046
AT4G34800,-0.084783
AT4G34810,-0.12882195
AT4G34830,-0.23214224
AT4G34840,-0.08250612
AT4G34850,-0.03164881
AT4G34860,-0.025656324
AT4G34870,0.15404123
AT4G34880,0.055654854
AT4G34881,-0.054638844
AT4G34890,0.38847065
AT4G34900,-0.513528
AT4G34910,-0.03570566
AT4G34920,0.11624513
AT4G34930,-0.094016805
AT4G34940,0.0
AT4G34950,0.9341712
AT4G34960,-0.11321511
AT4G34970,0.025699286
AT4G34980,-0.53727144
AT4G34990,-0.2557598
AT4G35000,0.020539751
AT4G35010,0.0
AT4G35020,-0.08409248
AT4G35025,0.0
AT4G35030,-0.080016375
AT4G35040,0.15574382
AT4G35050,-0.13762568
AT4G35060,0.30232552
AT4G35070,-0.06375842
AT4G35080,0.29626116
AT4G35090,-0.25186762
AT4G35100,-0.40985826
AT4G35110,1.0557588
AT4G35120,0.019470116
AT4G35130,-0.27976304
AT4G35140,-0.13262366
AT4G35150,0.0
AT4G35160,1.2826817
AT4G35165,0.40560225
AT4G35170,1.0152687
AT4G35180,0.9740154
AT4G35190,0.08904194
AT4G35200,0.0
AT4G35210,0.0
AT4G35220,0.06318491
AT4G35230,0.2270768
AT4G35240,-0.028911205
AT4G35250,-0.24978153
AT4G35260,0.32884046
AT4G35270,-0.41722023
AT4G35280,0.0
AT4G35290,-0.238269
AT4G35295,-0.04230479
AT4G35300,-0.23565137
AT4G35310,0.16280773
AT4G35320,-0.018236918
AT4G35335,-0.04864478
AT4G35350,0.44497436
AT4G35360,0.06431343
AT4G35370,-0.04230479
AT4G35375,0.0
AT4G35380,1.2648388
AT4G35390,0.05363404
AT4G35410,0.011912065
AT4G35420,-0.1678926
AT4G35430,0.094028614
AT4G35440,-0.18328004
AT4G35450,-0.09868251
AT4G35460,0.031282328
AT4G35470,-0.17164439
AT4G35480,0.43553838
AT4G35485,0.0
AT4G35490,0.13291062
AT4G35500,0.17659964
AT4G35510,0.03591109
AT4G35519,0.0
AT4G35520,-0.086001866
AT4G35530,0.03610446
AT4G35540,-0.35753834
AT4G35550,-0.09576449
AT4G35560,-0.22210401
AT4G35570,-0.24068548
AT4G35580,-0.012143379
AT4G35590,0.008783467
AT4G35600,0.44926313
AT4G35610,0.0
AT4G35620,-0.07106009
AT4G35630,1.7166883
AT4G35640,-0.22561896
AT4G35650,0.0
AT4G35655,0.02983008
AT4G35660,0.0
AT4G35670,0.0
AT4G35680,0.0
AT4G35685,0.13205335
AT4G35690,0.0
AT4G35700,0.0
AT4G35710,0.0
AT4G35720,-0.04494164
AT4G35725,0.0
AT4G35730,-0.05334696
AT4G35733,0.01517929
AT4G35740,-0.21017951
AT4G35750,-0.060121756
AT4G35760,-0.18948762
AT4G35770,0.10308697
AT4G35780,-0.18138997
AT4G35783,0.14008917
AT4G35785,-0.046972528
AT4G35790,0.16460444
AT4G35800,-0.14929563
AT4G35810,0.0
AT4G35820,0.0
AT4G35830,0.23401247
AT4G35840,0.06198476
AT4G35850,-0.0912625
AT4G35860,0.3842454
AT4G35870,0.028362518
AT4G35880,-0.16930023
AT4G35890,0.140404
AT4G35900,-0.3932759
AT4G35905,0.059209082
AT4G35910,-0.038556684
AT4G35920,-0.56740534
AT4G35930,-0.45905912
AT4G35940,-0.07634189
AT4G35950,-0.21313003
AT4G35970,-0.34471068
AT4G35985,0.26562795
AT4G35987,0.009081481
AT4G36000,-0.084261745
AT4G36010,0.72896636
AT4G36020,0.35748008
AT4G36030,1.0171547
AT4G36040,0.25041023
AT4G36050,-0.19908378
AT4G36060,0.06666847
AT4G36070,0.034649406
AT4G36080,0.08806469
AT4G36090,0.37073165
AT4G36100,-0.014502965
AT4G36105,-0.13498732
AT4G36110,-0.052817505
AT4G36120,-0.0061221737
AT4G36130,0.1393411
AT4G36140,0.090085216
AT4G36150,0.29475543
AT4G36160,-0.12809463
AT4G36170,0.0
AT4G36180,-0.52926636
AT4G36190,-0.19525942
AT4G36195,0.26197878
AT4G36210,0.30494478
AT4G36220,0.49302378
AT4G36230,-0.03701157
AT4G36240,-0.37585583
AT4G36250,-0.3086621
AT4G36260,-0.15203585
AT4G36270,-0.40270355
AT4G36280,-0.48264793
AT4G36290,-0.18591268
AT4G36350,0.019470116
AT4G36360,-0.84314775
AT4G36370,0.0
AT4G36380,-0.38203925
AT4G36390,-0.08998483
AT4G36400,0.33681238
AT4G36410,-0.19338895
AT4G36420,-0.03878401
AT4G36430,-0.18778645
AT4G36440,-0.03010365
AT4G36450,0.18041883
AT4G36460,0.0006763258
AT4G36470,-0.22536732
AT4G36480,0.21209204
AT4G36490,-0.022834677
AT4G36500,0.39813697
AT4G36510,0.0
AT4G36515,-0.09894781
AT4G36520,-0.37591437
AT4G36530,-0.40188992
AT4G36540,-0.804965
AT4G36550,0.04887309
AT4G36560,0.0
AT4G36570,-0.80444765
AT4G36580,-0.18561365
AT4G36590,0.0
AT4G36600,-0.015398448
AT4G36610,1.106275
AT4G36620,-0.025161717
AT4G36630,0.07012575
AT4G36640,0.21821837
AT4G36650,0.051604062
AT4G36660,-0.35775885
AT4G36670,0.17277358
AT4G36680,-0.013425595
AT4G36690,-0.13947636
AT4G36700,0.019470116
AT4G36710,0.059172045
AT4G36720,0.24141607
AT4G36730,-0.08288104
AT4G36740,0.0
AT4G36750,-0.004565279
AT4G36760,0.49351242
AT4G36770,-0.12740608
AT4G36780,-0.096254855
AT4G36790,-0.0065995795
AT4G36791,0.01517929
AT4G36795,0.11744333
AT4G36800,0.1804692
AT4G36810,-0.039993584
AT4G36820,1.9407206
AT4G36830,0.08365894
AT4G36840,-0.13936874
AT4G36850,0.49643523
AT4G36860,-0.07572493
AT4G36870,-0.14516631
AT4G36880,0.5186987
AT4G36890,0.039314754
AT4G36900,0.15255624
AT4G36910,-0.22468457
AT4G36920,-0.22153382
AT4G36925,0.0
AT4G36930,-0.46011522
AT4G36940,-0.17994367
AT4G36945,0.3144295
AT4G36950,1.5372368
AT4G36960,-0.15030213
AT4G36970,-0.15755366
AT4G36980,-0.3507137
AT4G36990,1.4995824
AT4G37000,-0.26845115
AT4G37010,1.552205
AT4G37020,-0.22045583
AT4G37022,0.01517929
AT4G37030,0.06244693
AT4G37040,-0.057953317
AT4G37050,-0.001818732
AT4G37060,0.03930135
AT4G37070,0.32219663
AT4G37080,-0.46924776
AT4G37090,-0.11553479
AT4G37095,0.0
AT4G37100,-0.5564154
AT4G37110,-0.7010809
AT4G37120,0.09309197
AT4G37130,-0.06732666
AT4G37140,-0.07905018
AT4G37150,1.5017482
AT4G37160,0.0020450216
AT4G37170,-0.1311239
AT4G37180,0.2722121
AT4G37190,-0.011891499
AT4G37200,-0.0428703
AT4G37210,0.02808117
AT4G37220,0.103207015
AT4G37230,0.01517929
AT4G37235,0.0
AT4G37240,-0.029336574
AT4G37250,-0.28460506
AT4G37260,0.15450364
AT4G37270,-0.14156458
AT4G37280,-0.310221
AT4G37290,1.868499
AT4G37295,0.0782359
AT4G37300,0.032170534
AT4G37310,0.939904
AT4G37320,1.0558442
AT4G37330,-0.046561692
AT4G37340,0.12211692
AT4G37360,0.034649406
AT4G37370,2.258642
AT4G37380,-0.2793377
AT4G37390,3.6439471
AT4G37400,-0.7413062
AT4G37409,0.01517929
AT4G37410,-0.1217652
AT4G37420,0.28104362
AT4G37430,2.0744023
AT4G37435,0.0
AT4G37440,-0.086485855
AT4G37445,-0.053897474
AT4G37450,-0.20367223
AT4G37460,-0.07085617
AT4G37470,-0.14725298
AT4G37480,-0.29502457
AT4G37483,0.0
AT4G37490,0.041445613
AT4G37500,0.0
AT4G37510,-0.08605968
AT4G37520,1.1185361
AT4G37530,0.988386
AT4G37540,1.0767088
AT4G37550,-0.13877937
AT4G37560,-0.42091784
AT4G37580,-0.37372425
AT4G37590,-0.5827285
AT4G37600,0.0
AT4G37610,0.6132803
AT4G37630,-0.4750298
AT4G37640,0.51758575
AT4G37650,-0.3958475
AT4G37660,0.12178833
AT4G37670,0.31552884
AT4G37680,0.1963162
AT4G37682,-0.2526948
AT4G37685,0.002016057
AT4G37690,-0.19128703
AT4G37700,-0.3490596
AT4G37710,0.19197595
AT4G37720,0.01517929
AT4G37730,0.081466004
AT4G37740,-0.34856057
AT4G37750,-0.4023298
AT4G37760,0.13154481
AT4G37770,1.4037426
AT4G37780,-0.046233732
AT4G37790,0.017238427
AT4G37800,-1.2083346
AT4G37810,-0.025201749
AT4G37820,-0.3625896
AT4G37830,0.118123986
AT4G37840,0.038306925
AT4G37850,0.10027273
AT4G37860,-0.0271255
AT4G37870,-0.3120475
AT4G37880,0.005387169
AT4G37890,-0.30717108
AT4G37900,1.1646322
AT4G37910,0.23346582
AT4G37920,-0.20713426
AT4G37925,-1.1138228
AT4G37930,-0.8116069
AT4G37940,0.04895508
AT4G37950,0.019470116
AT4G37970,-0.22543232
AT4G37980,0.29836297
AT4G37990,4.562947
AT4G38000,1.4205021
AT4G38005,0.0
AT4G38010,-0.0250418
AT4G38020,-0.28689343
AT4G38030,0.5005275
AT4G38040,-0.09322458
AT4G38050,-0.23024593
AT4G38060,0.34139702
AT4G38062,-0.12027302
AT4G38065,0.01517929
AT4G38070,0.0
AT4G38080,0.22669277
AT4G38090,0.1677189
AT4G38092,-0.04148792
AT4G38100,0.25873557
AT4G38120,-0.103642255
AT4G38130,-0.045497138
AT4G38140,0.0
AT4G38150,0.062435664
AT4G38160,-0.2265935
AT4G38170,-0.121114776
AT4G38180,-0.043147944
AT4G38190,0.0
AT4G38200,0.06633777
AT4G38210,-0.3344243
AT4G38213,0.0
AT4G38220,-0.045700025
AT4G38225,0.101571806
AT4G38230,0.27479064
AT4G38240,-0.025474157
AT4G38250,0.424351
AT4G38260,0.37803376
AT4G38270,-0.028577005
AT4G38280,-0.13252777
AT4G38300,-0.02947562
AT4G38310,-0.041429333
AT4G38320,-0.15960534
AT4G38330,-0.4360704
AT4G38340,-0.6637921
AT4G38350,-0.16282503
AT4G38360,0.16690172
AT4G38370,-0.37934723
AT4G38380,-0.019070031
AT4G38390,0.028816795
AT4G38400,-0.06829855
AT4G38401,0.0
AT4G38405,0.0
AT4G38410,0.13885504
AT4G38420,0.61528057
AT4G38430,-0.39195454
AT4G38440,-0.04265709
AT4G38460,0.23517577
AT4G38470,0.41164058
AT4G38480,-0.2011131
AT4G38490,0.04538835
AT4G38495,-0.13971022
AT4G38500,0.011177926
AT4G38510,0.08149447
AT4G38520,-0.07656266
AT4G38530,-0.4997066
AT4G38540,0.46914595
AT4G38550,0.14023818
AT4G38560,-0.11459351
AT4G38570,-0.20365797
AT4G38580,0.08331852
AT4G38590,-0.106611334
AT4G38600,0.11334791
AT4G38620,-0.013946025
AT4G38630,0.3947211
AT4G38640,0.09020854
AT4G38650,0.034453332
AT4G38660,-0.2243288
AT4G38670,-0.12173881
AT4G38680,0.055593964
AT4G38690,-0.05798531
AT4G38700,-0.174703
AT4G38710,-0.014549329
AT4G38730,-0.030899957
AT4G38740,-0.22641647
AT4G38760,-0.11303076
AT4G38770,-0.5661418
AT4G38775,0.0
AT4G38780,-0.15156731
AT4G38781,0.0
AT4G38790,0.28436708
AT4G38800,-0.12982531
AT4G38810,0.07257315
AT4G38820,0.0
AT4G38825,-0.1911639
AT4G38830,0.4888644
AT4G38840,-0.35059774
AT4G38850,-0.535372
AT4G38860,-0.7590467
AT4G38870,0.09626839
AT4G38880,0.0
AT4G38890,-0.11175796
AT4G38900,-0.21581241
AT4G38905,0.015327114
AT4G38910,-0.1402631
AT4G38920,0.18726358
AT4G38930,0.11712949
AT4G38940,0.28126526
AT4G38950,0.062682524
AT4G38960,-0.16828331
AT4G38970,-0.544959
AT4G38980,0.030600175
AT4G38990,0.0
AT4G39000,0.014245546
AT4G39010,-0.104485855
AT4G39020,0.0
AT4G39030,1.4847624
AT4G39040,-0.15535069
AT4G39050,-0.20157592
AT4G39060,0.02983008
AT4G39070,0.0982657
AT4G39080,0.352517
AT4G39090,0.24908364
AT4G39100,-0.0103465
AT4G39110,0.04004863
AT4G39120,-0.36468747
AT4G39130,0.0
AT4G39140,0.16809314
AT4G39150,0.14346057
AT4G39160,0.1656015
AT4G39170,-0.048865855
AT4G39180,-0.29205883
AT4G39190,-0.78289646
AT4G39200,0.08492945
AT4G39210,-0.25441432
AT4G39220,0.24012466
AT4G39230,0.7291351
AT4G39235,-0.37533003
AT4G39240,-0.022595473
AT4G39250,-0.014502965
AT4G39260,-0.080507085
AT4G39270,1.0070211
AT4G39280,-0.05792511
AT4G39290,0.0
AT4G39300,0.0032462832
AT4G39320,-0.26298657
AT4G39330,-0.08127526
AT4G39340,0.038306925
AT4G39350,-0.46882498
AT4G39360,0.22029097
AT4G39370,0.04092698
AT4G39380,0.014743164
AT4G39390,0.31520915
AT4G39400,-0.3074356
AT4G39403,0.04448293
AT4G39410,-0.3604183
AT4G39420,0.2533691
AT4G39460,-0.2624335
AT4G39470,-0.06666761
AT4G39490,0.0
AT4G39500,0.24445622
AT4G39510,-0.8593158
AT4G39520,0.1735417
AT4G39530,-0.23149647
AT4G39540,0.0997475
AT4G39550,-0.20801315
AT4G39560,-0.17753677
AT4G39570,0.10952476
AT4G39580,0.8423669
AT4G39590,0.05655034
AT4G39600,-0.32275125
AT4G39610,0.58849245
AT4G39620,-0.18124206
AT4G39630,-0.06273873
AT4G39640,0.3763058
AT4G39650,0.2129031
AT4G39660,0.07843392
AT4G39670,2.7783482
AT4G39675,0.6341968
AT4G39680,-0.11181197
AT4G39690,0.17239323
AT4G39700,-0.36363837
AT4G39710,-0.71354806
AT4G39720,0.23312363
AT4G39730,0.15070555
AT4G39740,0.058124565
AT4G39745,0.0
AT4G39750,0.0
AT4G39753,0.0
AT4G39756,0.006658116
AT4G39760,0.0
AT4G39770,-0.45212844
AT4G39780,0.0478093
AT4G39790,-0.25037727
AT4G39795,-0.25494185
AT4G39800,-1.1696519
AT4G39810,-0.11176992
AT4G39820,0.3178491
AT4G39830,1.0494366
AT4G39840,-0.38801154
AT4G39850,0.22192943
AT4G39860,-0.20905384
AT4G39870,-0.13148203
AT4G39880,0.12854698
AT4G39890,0.34790534
AT4G39900,-0.30103576
AT4G39910,-0.076313466
AT4G39917,0.0
AT4G39920,0.006322332
AT4G39925,-0.111226425
AT4G39930,-0.12104042
AT4G39940,0.6045579
AT4G39950,2.5627744
AT4G39952,0.17800488
AT4G39955,0.6701952
AT4G39960,-0.012338603
AT4G39970,-0.555648
AT4G39980,0.9506205
AT4G39990,0.056298755
AT4G40000,-0.014467645
AT4G40010,-0.017202467
AT4G40011,0.0
AT4G40020,0.12260076
AT4G40030,-0.0080726165
AT4G40042,0.094957314
AT4G40045,-0.30852187
AT4G40050,0.070421234
AT4G40060,-0.22880478
AT4G40063,-0.07534945
AT4G40070,-0.013526573
AT4G40080,-0.112332456
AT4G40090,-0.0039978647
AT4G40100,0.0
AT5G00585,0.0
AT5G01010,0.14071521
AT5G01015,0.11410535
AT5G01017,0.0
AT5G01020,-0.21273808
AT5G01030,-0.19060324
AT5G01040,0.29847327
AT5G01050,0.36932898
AT5G01060,0.0
AT5G01070,0.038306925
AT5G01075,-0.4372873
AT5G01080,0.0
AT5G01090,-0.50326973
AT5G01100,1.2646457
AT5G01110,-0.07045391
AT5G01120,-0.014502965
AT5G01130,0.0
AT5G01140,0.0
AT5G01150,0.0
AT5G01160,-0.09067908
AT5G01170,-0.3852711
AT5G01180,0.09447731
AT5G01190,0.016643945
AT5G01200,-0.25896847
AT5G01210,1.4443045
AT5G01220,-0.3433773
AT5G01225,0.49587378
AT5G01230,-0.055674482
AT5G01240,-0.16939107
AT5G01250,0.8396324
AT5G01260,-0.20037735
AT5G01270,-0.012338903
AT5G01280,0.04398793
AT5G01290,-0.20914076
AT5G01300,0.18327597
AT5G01305,0.0
AT5G01310,-0.07680654
AT5G01320,-0.28297302
AT5G01330,0.0
AT5G01340,0.6882941
AT5G01350,0.052494816
AT5G01360,-0.14778842
AT5G01370,-0.43895835
AT5G01380,1.5874182
AT5G01390,-0.1889174
AT5G01400,0.072202705
AT5G01410,0.09414771
AT5G01420,0.07108673
AT5G01440,0.0
AT5G01445,-0.10736062
AT5G01450,0.18745188
AT5G01460,0.04990528
AT5G01470,-0.2740298
AT5G01480,-0.21024133
AT5G01490,1.0411019
AT5G01500,0.9534527
AT5G01510,-0.17806438
AT5G01520,0.16991365
AT5G01530,-0.21804473
AT5G01540,0.64928776
AT5G01550,1.2876906
AT5G01560,-0.048530977
AT5G01570,-0.042019166
AT5G01580,-0.005000651
AT5G01590,-0.35850513
AT5G01600,1.2295178
AT5G01610,0.09132466
AT5G01620,-0.15003048
AT5G01630,0.18096332
AT5G01640,1.5468676
AT5G01650,0.055406746
AT5G01660,-0.20670022
AT5G01670,-0.041305818
AT5G01680,0.0
AT5G01690,0.0
AT5G01700,-0.026882391
AT5G01710,0.06921403
AT5G01720,0.50511813
AT5G01730,-0.14428978
AT5G01740,-0.47045705
AT5G01750,-0.044938598
AT5G01760,0.017603362
AT5G01770,-0.10796349
AT5G01780,-0.16106373
AT5G01790,-0.48111808
AT5G01800,0.025331544
AT5G01810,-0.014296433
AT5G01820,0.23636374
AT5G01830,0.91203517
AT5G01840,0.031647958
AT5G01850,0.4449957
AT5G01860,0.02983008
AT5G01870,0.0
AT5G01880,0.11217243
AT5G01881,-0.0567958
AT5G01890,-0.5580978
AT5G01895,0.0
AT5G01900,0.72178346
AT5G01910,-0.14763188
AT5G01920,-0.32033738
AT5G01930,0.22844493
AT5G01940,0.0330441
AT5G01950,0.06686917
AT5G01960,0.21788244
AT5G01970,-0.24204092
AT5G01980,0.30682167
AT5G01990,0.055613592
AT5G02000,0.019470116
AT5G02010,-0.25601718
AT5G02020,-0.08311868
AT5G02030,-0.2271536
AT5G02040,0.26362953
AT5G02050,0.20419881
AT5G02060,0.017818503
AT5G02065,0.1344864
AT5G02070,0.0
AT5G02080,-0.09239542
AT5G02090,0.068622455
AT5G02100,0.20359316
AT5G02110,-0.061255325
AT5G02120,-0.32060066
AT5G02130,-0.0638202
AT5G02140,0.012088522
AT5G02150,-0.15761681
AT5G02160,-0.30620006
AT5G02170,0.06697183
AT5G02180,-0.4193154
AT5G02190,-0.38205042
AT5G02200,-0.71369886
AT5G02210,0.019470116
AT5G02220,0.034179177
AT5G02230,0.0514766
AT5G02240,0.017906837
AT5G02250,-0.2111634
AT5G02260,-0.40173498
AT5G02270,0.18836394
AT5G02280,0.11019449
AT5G02290,0.17582314
AT5G02310,0.17289908
AT5G02320,-0.0052659498
AT5G02330,-0.016074775
AT5G02340,0.0
AT5G02350,0.0
AT5G02360,0.0
AT5G02370,-0.2093734
AT5G02380,0.14979993
AT5G02390,-0.028597089
AT5G02400,-0.060351435
AT5G02410,0.038363736
AT5G02420,0.6871187
AT5G02430,-0.06092467
AT5G02440,-0.34230113
AT5G02450,0.08537466
AT5G02460,-0.42120257
AT5G02470,-0.18914667
AT5G02480,-0.20206901
AT5G02490,0.99391925
AT5G02500,-0.10063887
AT5G02502,0.28327277
AT5G02510,-0.016074775
AT5G02520,-0.17248867
AT5G02530,0.045822665
AT5G02540,0.3467755
AT5G02550,0.06473349
AT5G02560,-0.20903276
AT5G02570,0.5030646
AT5G02580,-0.15636162
AT5G02590,0.07097975
AT5G02600,0.07474981
AT5G02610,0.14343166
AT5G02620,0.09596226
AT5G02630,0.27399662
AT5G02640,-0.04175184
AT5G02650,-0.08845061
AT5G02660,0.0
AT5G02670,-0.4107537
AT5G02680,-0.024754077
AT5G02690,-0.19519421
AT5G02700,0.0
AT5G02710,-0.30176848
AT5G02720,0.043181974
AT5G02730,0.0
AT5G02740,-0.119659565
AT5G02750,-0.066961855
AT5G02760,-1.0265208
AT5G02770,-0.10993864
AT5G02780,1.8587066
AT5G02790,0.016346054
AT5G02800,-0.099284716
AT5G02810,-0.34974506
AT5G02820,0.09859298
AT5G02830,-0.38664556
AT5G02840,-0.25027063
AT5G02850,0.07276121
AT5G02860,-0.2193584
AT5G02870,0.2599475
AT5G02880,-0.10618628
AT5G02890,-0.3617481
AT5G02900,0.0
AT5G02910,-0.054835763
AT5G02920,0.0
AT5G02930,0.0
AT5G02940,-0.97710204
AT5G02950,-0.62669355
AT5G02960,0.090661295
AT5G02970,-0.037425075
AT5G02980,0.0
AT5G02995,0.0
AT5G03000,0.0
AT5G03010,-0.01646952
AT5G03020,-0.14143838
AT5G03030,0.44497493
AT5G03040,-0.13550074
AT5G03050,-0.46927658
AT5G03070,-0.1953639
AT5G03080,0.25919566
AT5G03090,0.01517929
AT5G03100,-0.1080838
AT5G03110,0.04439591
AT5G03120,-0.3276984
AT5G03130,-0.0039978647
AT5G03140,-0.38803875
AT5G03150,-0.3053722
AT5G03160,0.5922917
AT5G03170,-0.20162079
AT5G03180,-0.4464039
AT5G03190,-0.6426413
AT5G03200,-0.0631509
AT5G03204,0.047111098
AT5G03210,1.8821933
AT5G03220,-0.039394192
AT5G03230,-0.11929134
AT5G03240,0.076171346
AT5G03250,-0.20885971
AT5G03260,0.6306591
AT5G03270,-0.34664315
AT5G03280,-0.1188236
AT5G03290,0.43034828
AT5G03300,-0.23683122
AT5G03310,0.059844963
AT5G03320,0.29021904
AT5G03330,0.28800255
AT5G03340,0.1366486
AT5G03345,0.10527706
AT5G03350,1.0309292
AT5G03360,0.0
AT5G03370,-0.06385447
AT5G03380,0.40361726
AT5G03390,-0.07878603
AT5G03400,0.0
AT5G03406,-0.16609634
AT5G03415,-0.1187738
AT5G03420,-0.1334156
AT5G03430,-0.25494778
AT5G03435,-0.40776345
AT5G03440,0.19700791
AT5G03450,-0.09234152
AT5G03455,0.005527361
AT5G03460,0.38954303
AT5G03470,-0.009043062
AT5G03480,0.0
AT5G03490,0.38843322
AT5G03500,0.094838396
AT5G03510,-0.1474786
AT5G03520,-0.10521243
AT5G03530,-0.5261545
AT5G03540,0.009754466
AT5G03545,-0.009388004
AT5G03550,0.18828063
AT5G03553,0.0
AT5G03555,-0.5000549
AT5G03560,0.061763678
AT5G03570,0.019470116
AT5G03580,0.0
AT5G03590,0.23267637
AT5G03600,0.019470116
AT5G03610,2.0312488
AT5G03620,0.087161504
AT5G03630,0.51008826
AT5G03640,-0.58627
AT5G03650,-0.52948594
AT5G03660,-0.17704703
AT5G03670,-0.21807644
AT5G03680,-0.07529406
AT5G03690,-0.022802634
AT5G03700,0.044989295
AT5G03710,-0.03057774
AT5G03720,-0.2842742
AT5G03730,0.11031964
AT5G03740,0.043497704
AT5G03750,0.0
AT5G03760,-0.67143124
AT5G03770,0.038382266
AT5G03780,-0.29940745
AT5G03790,-0.025201749
AT5G03795,-0.10360727
AT5G03800,-0.28084725
AT5G03810,0.0
AT5G03820,0.0
AT5G03830,-0.0920181
AT5G03840,-0.044671863
AT5G03860,-0.122570574
AT5G03870,-0.25180203
AT5G03880,-0.42128804
AT5G03885,0.0006763258
AT5G03890,0.21184355
AT5G03900,-0.12773313
AT5G03905,0.29582193
AT5G03910,0.0776443
AT5G03920,0.0
AT5G03930,0.0
AT5G03940,-0.32186854
AT5G03944,0.0
AT5G03960,-0.39284718
AT5G03970,0.076529466
AT5G03980,0.0
AT5G03990,0.16145764
AT5G03995,-0.07913989
AT5G04000,-0.1130581
AT5G04010,0.083809994
AT5G04020,0.41938233
AT5G04030,0.0
AT5G04040,0.25084853
AT5G04045,0.0
AT5G04047,0.0
AT5G04050,-0.29693326
AT5G04060,-0.2643749
AT5G04070,0.022883585
AT5G04080,-0.012283323
AT5G04090,-0.18149057
AT5G04100,0.0
AT5G04120,0.0
AT5G04130,-0.009651765
AT5G04140,-0.69259244
AT5G04150,-0.059589345
AT5G04160,0.026304498
AT5G04170,0.43018162
AT5G04180,0.007909641
AT5G04190,-0.65041584
AT5G04200,0.98878634
AT5G04210,0.08231411
AT5G04220,0.21668722
AT5G04230,-0.48600432
AT5G04238,0.0
AT5G04240,0.009642861
AT5G04250,1.2167624
AT5G04260,0.28468147
AT5G04267,0.0
AT5G04270,-0.02046028
AT5G04280,0.03182229
AT5G04290,-0.24965517
AT5G04310,-0.08839991
AT5G04320,-0.21446413
AT5G04330,-0.118890174
AT5G04340,1.6555312
AT5G04347,0.019470116
AT5G04350,0.0
AT5G04360,-0.5657206
AT5G04370,-0.090010114
AT5G04380,0.0
AT5G04390,0.9474279
AT5G04395,0.0
AT5G04400,0.0
AT5G04410,0.1781678
AT5G04420,-0.074375905
AT5G04430,-0.08899753
AT5G04440,-0.1664891
AT5G04460,-0.15599726
AT5G04470,-0.11830608
AT5G04475,-0.03164881
AT5G04480,-0.060163144
AT5G04490,-0.20004803
AT5G04500,-0.014502965
AT5G04510,-0.14550835
AT5G04520,0.2152821
AT5G04530,0.13140517
AT5G04540,0.5955182
AT5G04550,-0.0032868597
AT5G04560,-0.09741953
AT5G04590,-0.06400233
AT5G04600,0.13974324
AT5G04610,0.16211505
AT5G04620,-0.42411625
AT5G04630,0.038983252
AT5G04640,0.0
AT5G04660,-0.23189215
AT5G04670,-0.15243354
AT5G04680,-0.59347355
AT5G04690,-0.32029504
AT5G04700,-0.39075828
AT5G04710,-0.15480202
AT5G04720,0.2809995
AT5G04730,0.0
AT5G04740,0.17959325
AT5G04750,0.10991317
AT5G04760,0.11982353
AT5G04770,-0.04165441
AT5G04780,-0.08796053
AT5G04790,-0.028597089
AT5G04800,0.28454757
AT5G04810,-0.33761236
AT5G04820,-0.47872213
AT5G04830,0.33468825
AT5G04840,0.16254431
AT5G04850,-0.09560105
AT5G04853,0.0
AT5G04860,0.37168518
AT5G04870,0.2342704
AT5G04885,-0.08118514
AT5G04890,-0.23633972
AT5G04895,0.004952997
AT5G04900,-0.06157176
AT5G04910,0.15694612
AT5G04920,0.09716885
AT5G04930,0.2924021
AT5G04933,0.0
AT5G04937,0.053486217
AT5G04940,-0.17724125
AT5G04950,-0.14483273
AT5G04960,0.0
AT5G04970,0.006658116
AT5G04980,0.06613579
AT5G04990,0.12766841
AT5G05000,-0.18789521
AT5G05010,-0.018651199
AT5G05020,0.0
AT5G05030,0.0
AT5G05040,0.0
AT5G05050,0.0
AT5G05060,-0.08326165
AT5G05070,0.0
AT5G05080,-0.15262409
AT5G05085,-0.0592595
AT5G05090,-0.15822114
AT5G05100,0.15644604
AT5G05110,0.26793978
AT5G05113,0.0
AT5G05120,0.0
AT5G05130,-0.16722932
AT5G05140,0.2737758
AT5G05150,0.05655034
AT5G05160,-0.6813659
AT5G05170,-0.123976365
AT5G05180,-0.30162057
AT5G05190,0.39912754
AT5G05200,-0.13783094
AT5G05210,-0.05552697
AT5G05220,0.86350054
AT5G05230,-0.025496306
AT5G05240,0.05525277
AT5G05250,-0.3748263
AT5G05260,0.0
AT5G05270,-0.11578887
AT5G05280,0.0
AT5G05285,0.0
AT5G05290,0.0
AT5G05300,0.92984843
AT5G05310,-0.08042925
AT5G05320,-0.11572748
AT5G05330,-0.29580975
AT5G05340,3.2170026
AT5G05350,0.15485972
AT5G05360,0.13649444
AT5G05365,-0.30907485
AT5G05370,0.7307347
AT5G05380,0.5871575
AT5G05390,0.74958897
AT5G05400,-0.30326807
AT5G05410,1.6597246
AT5G05420,-0.13359083
AT5G05430,-0.07975223
AT5G05440,0.06617318
AT5G05450,-0.19655523
AT5G05460,0.30887797
AT5G05470,0.002121043
AT5G05480,0.0592696
AT5G05490,-0.008359231
AT5G05500,0.0
AT5G05510,-0.19997154
AT5G05520,0.17399421
AT5G05530,0.1721651
AT5G05540,-0.18397528
AT5G05550,-0.1733508
AT5G05560,0.06284841
AT5G05570,-0.05303629
AT5G05580,-0.28181082
AT5G05590,0.20994185
AT5G05598,0.0
AT5G05600,0.6301158
AT5G05610,-0.14646448
AT5G05620,-0.3376605
AT5G05630,0.09528345
AT5G05635,0.0
AT5G05640,0.085652575
AT5G05650,0.0
AT5G05653,0.0
AT5G05657,0.0
AT5G05660,0.09646191
AT5G05670,0.06893067
AT5G05675,0.0
AT5G05680,-0.03085315
AT5G05690,-0.13139886
AT5G05700,-0.03733569
AT5G05710,0.11576512
AT5G05720,0.0
AT5G05730,1.8628892
AT5G05735,0.0
AT5G05740,-0.30543128
AT5G05750,0.102739796
AT5G05760,-0.023040513
AT5G05770,0.019470116
AT5G05780,0.19992411
AT5G05790,-0.46842486
AT5G05800,-0.21524648
AT5G05810,-0.22207919
AT5G05820,0.035788625
AT5G05825,0.0
AT5G05830,-0.48802096
AT5G05840,-0.12633757
AT5G05850,0.5703306
AT5G05860,0.35391393
AT5G05870,-0.04652849
AT5G05880,0.06590533
AT5G05890,-0.23183323
AT5G05900,0.0
AT5G05910,0.0
AT5G05920,-0.028381474
AT5G05930,0.18514733
AT5G05940,-0.5293636
AT5G05950,0.052361615
AT5G05960,-0.8188021
AT5G05965,-0.11008289
AT5G05970,-0.41811904
AT5G05980,-0.13948578
AT5G05987,0.31080428
AT5G05990,-0.18432125
AT5G06000,-0.12832858
AT5G06010,0.0
AT5G06020,0.0
AT5G06030,0.0
AT5G06040,0.0
AT5G06043,0.0
AT5G06050,-0.1884856
AT5G06060,-0.2315685
AT5G06070,0.0
AT5G06080,0.0
AT5G06090,1.278876
AT5G06100,-0.050433237
AT5G06110,0.010625591
AT5G06120,-0.024862327
AT5G06130,-0.11487862
AT5G06140,-0.0006886196
AT5G06150,-0.05396679
AT5G06160,-0.10258491
AT5G06170,0.0
AT5G06180,-0.20598802
AT5G06190,0.07138511
AT5G06200,-0.09622861
AT5G06210,-0.024217376
AT5G06220,-0.19508313
AT5G06230,1.2714276
AT5G06240,0.15663658
AT5G06250,-0.012157345
AT5G06260,0.046513434
AT5G06265,-0.40601057
AT5G06270,-0.40165678
AT5G06280,-0.07116691
AT5G06290,-0.11627796
AT5G06300,-0.12174089
AT5G06310,-0.09706731
AT5G06320,1.3522234
AT5G06330,-0.06683796
AT5G06340,-0.1368348
AT5G06350,-0.20172018
AT5G06360,0.106873244
AT5G06370,0.35750976
AT5G06380,-0.03057774
AT5G06390,-0.39754197
AT5G06400,-0.26598397
AT5G06410,0.032083765
AT5G06420,0.11941207
AT5G06430,0.005596912
AT5G06440,-0.1938312
AT5G06450,0.29523537
AT5G06460,-0.14189465
AT5G06470,-0.33900094
AT5G06480,-0.066557676
AT5G06490,0.07715505
AT5G06500,0.049300194
AT5G06510,-0.8939026
AT5G06520,0.039964568
AT5G06530,0.12275093
AT5G06540,-0.28623006
AT5G06550,0.012701896
AT5G06560,-0.026998667
AT5G06570,0.19945893
AT5G06580,0.049072843
AT5G06590,0.007099
AT5G06600,0.12254938
AT5G06610,-0.29147243
AT5G06620,-0.049010683
AT5G06630,0.0
AT5G06640,0.0
AT5G06645,0.0
AT5G06650,0.0
AT5G06660,0.2982972
AT5G06670,-0.68983144
AT5G06680,-0.24321802
AT5G06690,-0.2496406
AT5G06700,-0.21688995
AT5G06710,-0.285657
AT5G06720,0.23229258
AT5G06730,0.64609593
AT5G06740,0.70543474
AT5G06750,0.44346938
AT5G06755,0.019470116
AT5G06760,1.3317254
AT5G06770,-0.09883567
AT5G06780,0.06750967
AT5G06790,-0.72244364
AT5G06800,-0.35134095
AT5G06810,0.29139024
AT5G06811,-0.03369535
AT5G06820,-0.005024445
AT5G06830,-0.07387635
AT5G06839,0.50302875
AT5G06850,-0.3648212
AT5G06860,1.2143204
AT5G06870,0.23172346
AT5G06890,0.0
AT5G06900,0.0
AT5G06905,0.0
AT5G06910,-0.08254658
AT5G06920,0.0
AT5G06930,-0.4844385
AT5G06940,-0.022901243
AT5G06950,-0.24180606
AT5G06960,0.10890559
AT5G06970,-0.03319031
AT5G06980,-0.24163902
AT5G06990,0.0033953402
AT5G07000,-0.41045588
AT5G07010,1.7098968
AT5G07020,-0.29509047
AT5G07030,-0.39561307
AT5G07040,0.0
AT5G07050,0.0
AT5G07060,-0.15256524
AT5G07070,0.010973365
AT5G07080,0.39670774
AT5G07090,-0.11789884
AT5G07100,-0.036141697
AT5G07110,-0.009678395
AT5G07120,-0.0041293106
AT5G07130,0.20157231
AT5G07140,-0.34829006
AT5G07150,0.10002772
AT5G07160,0.0
AT5G07165,0.0
AT5G07170,0.0
AT5G07175,0.0
AT5G07180,-0.3427795
AT5G07190,0.0
AT5G07200,0.1126538
AT5G07210,0.01517929
AT5G07220,-0.08578599
AT5G07225,0.0
AT5G07230,0.0
AT5G07240,-0.13906512
AT5G07250,-0.38184103
AT5G07260,0.053486217
AT5G07270,0.08352138
AT5G07280,0.3528305
AT5G07290,0.08745777
AT5G07300,0.04332472
AT5G07310,0.8973643
AT5G07320,-0.18205892
AT5G07330,-0.021958265
AT5G07340,0.020305583
AT5G07350,0.30708656
AT5G07360,0.047653757
AT5G07370,0.151731
AT5G07380,-0.052731175
AT5G07390,0.038306925
AT5G07400,0.0888911
AT5G07410,0.0
AT5G07420,0.0
AT5G07430,0.068137005
AT5G07440,2.4049034
AT5G07450,0.0
AT5G07460,-0.3613022
AT5G07470,0.21275789
AT5G07475,0.28174007
AT5G07480,0.01517929
AT5G07490,0.0
AT5G07500,0.06893326
AT5G07510,0.0012329897
AT5G07520,-0.04230479
AT5G07530,0.0
AT5G07540,0.0
AT5G07545,0.0
AT5G07550,0.0742366
AT5G07560,-0.019158503
AT5G07570,0.019470116
AT5G07571,-0.102715254
AT5G07572,0.0
AT5G07580,-0.73653054
AT5G07590,-0.39283413
AT5G07600,0.0
AT5G07610,0.11835784
AT5G07620,-0.15299067
AT5G07630,-0.18789358
AT5G07640,-0.067038774
AT5G07645,0.0
AT5G07650,0.36342788
AT5G07660,-0.0970801
AT5G07670,-0.32096273
AT5G07680,0.23298015
AT5G07690,-1.4583555
AT5G07700,-0.6137409
AT5G07710,-0.21397512
AT5G07720,-0.073689185
AT5G07730,0.7176495
AT5G07740,0.16519594
AT5G07760,-0.004404185
AT5G07765,0.0
AT5G07770,0.15756138
AT5G07780,0.24654196
AT5G07790,-0.26391894
AT5G07800,-0.05836203
AT5G07810,-0.20488249
AT5G07820,-0.43157315
AT5G07830,-0.3059198
AT5G07840,-0.19579388
AT5G07850,0.0
AT5G07860,-0.23429169
AT5G07870,-0.06315145
AT5G07880,-0.19926584
AT5G07890,-0.17927828
AT5G07900,-0.14795275
AT5G07910,0.21220288
AT5G07920,0.061059475
AT5G07930,0.0
AT5G07940,0.06935623
AT5G07950,0.13379565
AT5G07960,0.1941019
AT5G07970,0.04326615
AT5G07980,-0.055676036
AT5G07990,-0.3932344
AT5G08000,0.08159628
AT5G08005,0.0
AT5G08010,-0.24400268
AT5G08020,-0.0014597754
AT5G08030,0.015886402
AT5G08040,-0.20925681
AT5G08050,-0.39720997
AT5G08055,0.0
AT5G08060,0.28385407
AT5G08070,-0.43265873
AT5G08080,-0.11258377
AT5G08090,0.0
AT5G08100,-0.10470104
AT5G08110,-0.1881979
AT5G08120,-0.3909405
AT5G08130,-0.23614061
AT5G08139,-0.064699605
AT5G08141,-0.04230479
AT5G08150,0.4388199
AT5G08160,0.39244184
AT5G08170,-0.114193045
AT5G08180,0.2495323
AT5G08190,-0.13856435
AT5G08200,0.18603888
AT5G08230,-0.2378352
AT5G08240,0.6871526
AT5G08250,0.18307298
AT5G08260,-0.79238063
AT5G08270,-0.49194568
AT5G08280,-0.041937202
AT5G08290,0.068603106
AT5G08300,0.452127
AT5G08305,0.051734302
AT5G08310,0.08720595
AT5G08315,0.0
AT5G08320,0.13655296
AT5G08330,-0.11919327
AT5G08335,0.030228555
AT5G08340,-0.16204664
AT5G08350,0.378037
AT5G08360,0.31595966
AT5G08370,-0.5409075
AT5G08380,0.33580887
AT5G08390,-0.10585689
AT5G08391,-0.06866063
AT5G08400,-0.28452194
AT5G08410,0.098212354
AT5G08415,-0.20773791
AT5G08420,-0.21225561
AT5G08430,-0.36153758
AT5G08440,-0.22830077
AT5G08450,-0.09336099
AT5G08460,0.0
AT5G08470,-0.036485374
AT5G08480,-0.017197957
AT5G08490,-0.21933252
AT5G08500,-0.1090772
AT5G08505,0.0
AT5G08510,0.008507005
AT5G08520,-0.22985092
AT5G08530,0.10074172
AT5G08535,0.045821026
AT5G08540,0.037914105
AT5G08550,0.034039382
AT5G08560,0.042445235
AT5G08565,0.452326
AT5G08570,0.16534586
AT5G08580,-0.19251575
AT5G08590,-0.20143695
AT5G08600,-0.5171919
AT5G08610,-0.028124426
AT5G08620,0.008382982
AT5G08630,0.0062150806
AT5G08640,0.13131547
AT5G08650,-0.3887814
AT5G08660,0.34837785
AT5G08670,0.21057022
AT5G08680,0.24323715
AT5G08690,0.25897357
AT5G08695,0.0
AT5G08710,-0.1192815
AT5G08720,-0.5443655
AT5G08730,-0.0076553854
AT5G08740,-0.043574944
AT5G08750,0.36447558
AT5G08760,-0.18385439
AT5G08770,0.1386265
AT5G08780,-0.38992557
AT5G08790,1.2991709
AT5G09210,0.01517929
AT5G09220,0.20603435
AT5G09225,0.10470694
AT5G09230,0.024991807
AT5G09240,-0.4440325
AT5G09250,0.22004066
AT5G09260,0.060338866
AT5G09270,0.3003141
AT5G09280,0.0
AT5G09290,0.60598433
AT5G09300,0.10202911
AT5G09310,0.21240814
AT5G09320,0.0
AT5G09330,0.2755243
AT5G09340,0.0
AT5G09350,0.03259789
AT5G09360,0.0
AT5G09370,0.10053827
AT5G09380,-0.044496976
AT5G09390,0.030531522
AT5G09400,0.07650655
AT5G09410,-0.14010508
AT5G09420,0.3203884
AT5G09430,0.15111662
AT5G09440,0.8993204
AT5G09445,-0.0614424
AT5G09450,0.04904819
AT5G09460,-0.4053106
AT5G09470,0.5282074
AT5G09480,0.25262693
AT5G09490,0.0
AT5G09500,0.0
AT5G09510,0.26376802
AT5G09520,1.0493877
AT5G09530,2.6974149
AT5G09540,-0.21457157
AT5G09550,0.0
AT5G09560,0.0
AT5G09570,-0.0030034375
AT5G09580,-0.05074508
AT5G09590,0.21133392
AT5G09600,0.22040626
AT5G09610,0.10053827
AT5G09620,0.4578246
AT5G09630,0.08589222
AT5G09640,0.0
AT5G09650,0.10039778
AT5G09660,-0.72491354
AT5G09670,-0.19286843
AT5G09680,0.08843956
AT5G09690,0.028861232
AT5G09700,0.009913673
AT5G09710,0.0
AT5G09711,0.0
AT5G09720,0.03883963
AT5G09730,-0.2727519
AT5G09740,-0.21285887
AT5G09750,-0.03164881
AT5G09760,-0.26315537
AT5G09770,-0.18986176
AT5G09780,0.0
AT5G09790,0.16752735
AT5G09800,0.5737477
AT5G09805,-0.4290419
AT5G09810,0.014302974
AT5G09820,-0.7128285
AT5G09830,0.0020606618
AT5G09840,-0.17105915
AT5G09850,-0.16800043
AT5G09860,-0.27956203
AT5G09870,-0.042663533
AT5G09876,0.213182
AT5G09880,-0.039386094
AT5G09890,0.19256362
AT5G09900,0.1487857
AT5G09910,-0.014502965
AT5G09920,-0.069712676
AT5G09930,0.4376526
AT5G09940,0.0
AT5G09950,-0.14700766
AT5G09960,-0.27003148
AT5G09970,0.14002971
AT5G09976,-0.21935
AT5G09978,0.01517929
AT5G09980,-0.039086446
AT5G09990,-0.27480292
AT5G09995,-0.19473638
AT5G10000,0.0
AT5G10010,0.05919868
AT5G10020,-0.31804892
AT5G10030,-0.09636882
AT5G10040,0.0
AT5G10050,0.027690079
AT5G10060,-0.24790712
AT5G10070,0.0026195722
AT5G10080,-0.34059426
AT5G10090,-0.09459302
AT5G10100,0.020703105
AT5G10110,-0.0051255557
AT5G10120,0.05655034
AT5G10130,0.0
AT5G10140,-1.2107799
AT5G10150,-0.25968197
AT5G10160,-0.0040152576
AT5G10170,-1.4418616
AT5G10180,-0.59124863
AT5G10190,0.10721359
AT5G10200,-0.0129714785
AT5G10210,-0.006759681
AT5G10220,0.0
AT5G10230,-0.075915985
AT5G10240,-0.28880978
AT5G10250,-0.33562875
AT5G10260,0.1551081
AT5G10270,-0.058540493
AT5G10280,0.111421555
AT5G10290,-0.12202856
AT5G10300,0.7392749
AT5G10310,-0.21165332
AT5G10320,-0.30603307
AT5G10330,-0.18148707
AT5G10336,-0.14900999
AT5G10340,0.0
AT5G10350,-0.103815
AT5G10360,0.04184422
AT5G10370,-0.16421321
AT5G10380,0.38892725
AT5G10410,-0.065510385
AT5G10420,0.0
AT5G10430,-0.15474962
AT5G10435,0.0
AT5G10440,-0.036216862
AT5G10450,0.08003121
AT5G10460,0.08669001
AT5G10470,-0.4659856
AT5G10480,0.0407646
AT5G10490,0.09411159
AT5G10500,0.0
AT5G10510,-0.3648806
AT5G10520,0.3427301
AT5G10530,-0.15743884
AT5G10540,-0.16990626
AT5G10550,-0.05600257
AT5G10560,-0.35228604
AT5G10570,-0.8074903
AT5G10580,0.0
AT5G10590,0.0
AT5G10600,0.0925413
AT5G10605,-0.5549769
AT5G10610,0.21262762
AT5G10620,-0.27480507
AT5G10625,1.6373314
AT5G10650,0.17638338
AT5G10660,-0.00089548406
AT5G10680,0.0
AT5G10690,-0.2933384
AT5G10695,0.64135
AT5G10700,0.2238084
AT5G10710,0.04382556
AT5G10720,-0.036176585
AT5G10730,0.1990354
AT5G10740,0.090633534
AT5G10745,-0.034878965
AT5G10750,0.19943628
AT5G10760,-0.08697628
AT5G10770,-0.45184866
AT5G10780,0.15094933
AT5G10790,0.13538471
AT5G10800,-0.34512472
AT5G10810,-0.059290424
AT5G10820,0.14317524
AT5G10830,0.076035246
AT5G10840,0.4170203
AT5G10860,0.16764171
AT5G10870,-0.17466886
AT5G10880,0.0
AT5G10890,0.015327114
AT5G10900,0.114785954
AT5G10910,-0.048398867
AT5G10920,0.041494347
AT5G10930,-0.5327256
AT5G10940,-0.06214678
AT5G10946,-0.04388549
AT5G10950,-0.22052054
AT5G10960,0.014546811
AT5G10970,-0.14300378
AT5G10990,0.04738327
AT5G11000,-0.08934174
AT5G11010,0.038080655
AT5G11020,-0.26363838
AT5G11030,0.018095031
AT5G11040,0.14148527
AT5G11050,0.0
AT5G11060,-0.11054372
AT5G11070,-0.35788196
AT5G11080,0.0
AT5G11090,0.34025416
AT5G11100,-0.40531883
AT5G11110,0.14932558
AT5G11130,0.0
AT5G11140,0.15760304
AT5G11150,0.027953252
AT5G11160,0.09227144
AT5G11170,0.14396249
AT5G11180,0.0
AT5G11190,0.19551139
AT5G11200,0.12726049
AT5G11210,2.2946806
AT5G11220,0.0
AT5G11230,0.301202
AT5G11240,0.053244017
AT5G11250,-0.10843468
AT5G11260,0.45228028
AT5G11270,-0.13774908
AT5G11280,0.047941793
AT5G11290,0.1762562
AT5G11300,-0.058002584
AT5G11310,-0.012157466
AT5G11320,0.086380415
AT5G11330,-0.25303832
AT5G11340,0.11424966
AT5G11350,-0.18112257
AT5G11360,0.0
AT5G11370,0.0
AT5G11380,-0.21187
AT5G11390,0.02118405
AT5G11400,0.0
AT5G11410,-0.2874663
AT5G11412,-0.1754251
AT5G11416,0.14264944
AT5G11420,-0.5955954
AT5G11425,0.0
AT5G11430,-0.006227148
AT5G11440,0.01517929
AT5G11450,0.025107361
AT5G11460,-0.39707693
AT5G11470,-0.43619555
AT5G11480,-0.16959608
AT5G11490,0.023447007
AT5G11500,-0.02949024
AT5G11510,0.081480965
AT5G11520,1.6275333
AT5G11530,-0.07365263
AT5G11540,-0.13059592
AT5G11550,-0.5581736
AT5G11560,0.1462237
AT5G11565,0.0
AT5G11570,0.0
AT5G11580,-0.2537532
AT5G11590,0.043673467
AT5G11600,-0.19430806
AT5G11610,-0.28974575
AT5G11620,-0.059700474
AT5G11630,0.17270474
AT5G11640,0.024141358
AT5G11650,0.70160186
AT5G11660,0.0
AT5G11670,0.25824702
AT5G11680,0.22846949
AT5G11690,0.0061945897
AT5G11700,0.020404397
AT5G11710,-0.09080607
AT5G11720,-0.07287023
AT5G11730,0.15950507
AT5G11740,0.46126
AT5G11750,-0.19376603
AT5G11760,0.02763615
AT5G11770,0.37832823
AT5G11780,-0.1363703
AT5G11790,-0.48298946
AT5G11800,-0.12403729
AT5G11810,0.21733359
AT5G11820,0.0
AT5G11830,0.0
AT5G11840,0.083961144
AT5G11850,-0.0339848
AT5G11860,0.084696054
AT5G11870,0.11246701
AT5G11880,-0.06902499
AT5G11890,-0.42809692
AT5G11900,0.1769886
AT5G11910,0.04430998
AT5G11920,-0.5636843
AT5G11930,-0.26826918
AT5G11940,0.0
AT5G11950,0.14963971
AT5G11960,0.08821214
AT5G11970,0.17164971
AT5G11975,0.0
AT5G11980,0.07672472
AT5G11990,-0.08269237
AT5G12000,0.05655034
AT5G12010,0.7009563
AT5G12020,1.3709825
AT5G12030,1.1582557
AT5G12040,0.13983588
AT5G12043,0.0
AT5G12050,-0.50073564
AT5G12060,0.0
AT5G12070,0.0
AT5G12080,-0.4738775
AT5G12090,0.0
AT5G12100,-0.18554503
AT5G12110,-0.24130115
AT5G12120,-0.084690206
AT5G12130,0.039197527
AT5G12140,-0.33522627
AT5G12150,-0.38520157
AT5G12170,0.5473596
AT5G12180,0.0
AT5G12190,0.23691827
AT5G12200,-0.10227505
AT5G12210,0.05052173
AT5G12220,-0.028252622
AT5G12230,0.0378081
AT5G12235,-0.097589605
AT5G12236,0.0
AT5G12240,-0.036604654
AT5G12250,-0.36416626
AT5G12260,-0.13278045
AT5G12270,0.01857463
AT5G12280,0.047207758
AT5G12290,0.055740733
AT5G12300,0.44588068
AT5G12310,0.047692902
AT5G12320,-0.11800046
AT5G12330,0.16451411
AT5G12340,2.5053592
AT5G12350,0.002425047
AT5G12360,-0.0042538783
AT5G12365,0.0
AT5G12370,-0.027041087
AT5G12380,0.0
AT5G12390,0.122988105
AT5G12400,0.09474756
AT5G12410,-0.17753828
AT5G12420,0.08465803
AT5G12430,0.013391367
AT5G12440,-0.4630088
AT5G12450,0.0
AT5G12460,0.0
AT5G12470,-0.3357832
AT5G12480,0.01126676
AT5G12840,-0.19984125
AT5G12850,-0.011704234
AT5G12860,0.12014353
AT5G12870,-0.0054863216
AT5G12880,0.45575997
AT5G12890,0.13394772
AT5G12900,-0.48357844
AT5G12910,0.0
AT5G12920,0.00436239
AT5G12930,1.7881125
AT5G12940,-0.87959695
AT5G12950,-0.41710904
AT5G12960,0.022862904
AT5G12970,0.081963986
AT5G12980,0.04445365
AT5G12990,0.0
AT5G13000,-0.45106268
AT5G13010,-0.01900276
AT5G13020,0.037224438
AT5G13030,0.24579152
AT5G13050,0.005547333
AT5G13060,-0.095626764
AT5G13070,0.10781929
AT5G13080,2.4269233
AT5G13090,-0.40366405
AT5G13100,-0.22491352
AT5G13110,0.26977584
AT5G13120,-0.055973444
AT5G13130,0.0
AT5G13140,-0.6765178
AT5G13150,0.019470116
AT5G13160,0.17800061
AT5G13170,0.5152557
AT5G13180,0.23847003
AT5G13181,0.10406668
AT5G13190,0.76333493
AT5G13200,1.0179884
AT5G13210,0.2716767
AT5G13220,1.4356211
AT5G13230,-0.07498908
AT5G13240,-0.043782525
AT5G13250,-0.19633327
AT5G13260,-0.08016462
AT5G13270,-0.118291825
AT5G13280,0.26668438
AT5G13290,-0.38999516
AT5G13295,0.0
AT5G13300,-0.28740266
AT5G13310,0.10386983
AT5G13320,2.419497
AT5G13330,1.7500752
AT5G13340,-0.16016941
AT5G13350,0.0
AT5G13360,-0.029296441
AT5G13370,1.0220752
AT5G13380,0.0
AT5G13390,0.108321525
AT5G13400,0.14410312
AT5G13410,-0.1968399
AT5G13420,0.79160386
AT5G13430,0.5189618
AT5G13440,0.30689484
AT5G13450,0.20525281
AT5G13460,-0.54302335
AT5G13470,-0.08930902
AT5G13480,-0.036767162
AT5G13490,2.2226045
AT5G13500,0.37629068
AT5G13510,-0.23922725
AT5G13520,-0.2798585
AT5G13530,-0.007419174
AT5G13550,0.51194483
AT5G13560,0.062656894
AT5G13565,0.0
AT5G13570,-0.14131553
AT5G13580,1.2921913
AT5G13590,-0.088467695
AT5G13600,0.015327114
AT5G13610,0.0040655253
AT5G13620,0.0
AT5G13630,-0.32397503
AT5G13640,-0.17985064
AT5G13650,-0.22565603
AT5G13660,-0.41956028
AT5G13670,0.0
AT5G13680,0.033200383
AT5G13690,-0.3213469
AT5G13700,1.034048
AT5G13710,-0.045136835
AT5G13720,0.005604529
AT5G13730,-0.5257087
AT5G13740,-0.15289463
AT5G13750,1.166109
AT5G13760,0.19495855
AT5G13770,-0.6459442
AT5G13780,0.13961655
AT5G13790,-0.013746885
AT5G13800,0.21634343
AT5G13810,0.24927199
AT5G13820,1.3347518
AT5G13825,0.0
AT5G13830,-0.033713423
AT5G13840,-0.12828177
AT5G13850,0.09090918
AT5G13860,0.5341774
AT5G13870,-0.13103172
AT5G13880,0.158845
AT5G13890,0.07672824
AT5G13900,0.43495622
AT5G13910,0.0049671503
AT5G13920,-0.46549043
AT5G13930,-0.34242836
AT5G13940,-0.016074775
AT5G13950,-0.14646125
AT5G13960,-0.2730078
AT5G13970,-0.0128751425
AT5G13980,-0.27718583
AT5G13990,0.0
AT5G14000,0.042738963
AT5G14010,0.0
AT5G14020,0.0
AT5G14030,0.32728338
AT5G14040,0.34344342
AT5G14050,0.04723564
AT5G14060,-0.39188883
AT5G14070,-0.20758635
AT5G14080,-0.102689005
AT5G14090,-0.50650746
AT5G14100,-0.30047345
AT5G14105,0.08193513
AT5G14110,0.023465142
AT5G14120,0.18252183
AT5G14130,0.09890342
AT5G14140,-0.08058267
AT5G14150,-0.00089548406
AT5G14160,-0.0025609604
AT5G14170,0.07362852
AT5G14180,0.81361735
AT5G14200,-0.65520024
AT5G14210,-0.43248835
AT5G14220,-0.18385017
AT5G14230,-0.18001495
AT5G14240,0.06768783
AT5G14250,-0.0018607771
AT5G14260,-0.19995026
AT5G14270,0.07153238
AT5G14275,0.0
AT5G14280,-0.020986594
AT5G14285,0.12684852
AT5G14290,0.0
AT5G14300,0.0
AT5G14310,0.3226299
AT5G14320,-0.18434359
AT5G14330,0.09065107
AT5G14340,0.0
AT5G14345,0.0
AT5G14360,-0.4412609
AT5G14370,-0.3314521
AT5G14380,-0.0073570325
AT5G14390,-0.078017294
AT5G14400,-0.04230479
AT5G14410,-0.07509699
AT5G14420,0.6407078
AT5G14430,-0.23016697
AT5G14440,-0.16834095
AT5G14450,-0.13708842
AT5G14460,-0.1291011
AT5G14470,1.3761207
AT5G14480,0.2902416
AT5G14490,-0.100290634
AT5G14500,-0.0428429
AT5G14510,-0.118753724
AT5G14515,-0.010022458
AT5G14520,-0.054130923
AT5G14530,-0.111319624
AT5G14540,0.19049472
AT5G14550,-0.023328634
AT5G14560,0.0
AT5G14570,0.08634175
AT5G14580,-0.14916949
AT5G14590,0.12361219
AT5G14600,0.07258819
AT5G14602,0.019470116
AT5G14610,-0.4539887
AT5G14620,-0.21183328
AT5G14640,0.60223675
AT5G14650,0.7663776
AT5G14660,-0.3277382
AT5G14670,0.02983008
AT5G14680,-0.00568067
AT5G14690,-0.040813036
AT5G14700,0.6776433
AT5G14710,-0.13546018
AT5G14720,-0.11583049
AT5G14730,0.21843159
AT5G14740,-0.72438526
AT5G14750,-0.07172147
AT5G14760,0.23252262
AT5G14770,-0.056273513
AT5G14780,0.5797132
AT5G14790,0.13470586
AT5G14800,0.24184293
AT5G14820,-0.3386947
AT5G14850,-0.2208661
AT5G14860,0.12746885
AT5G14870,0.080813736
AT5G14880,-0.26986066
AT5G14890,-0.01113438
AT5G14895,0.024197804
AT5G14900,0.015327114
AT5G14910,-0.11957781
AT5G14920,0.038557753
AT5G14930,0.13494499
AT5G14940,-0.23862414
AT5G14950,0.020564362
AT5G14960,0.18811141
AT5G14970,-0.35922426
AT5G14980,0.0
AT5G14990,0.0
AT5G14995,0.0
AT5G15000,0.0
AT5G15008,0.0
AT5G15010,-0.2138916
AT5G15020,-0.10252959
AT5G15025,-0.1096981
AT5G15030,0.0
AT5G15040,0.0
AT5G15050,-0.22177312
AT5G15060,0.0
AT5G15070,-0.35329023
AT5G15080,0.0037577122
AT5G15090,0.33228666
AT5G15100,0.0
AT5G15110,0.0
AT5G15120,-0.25677472
AT5G15130,0.99540466
AT5G15140,-0.089504525
AT5G15150,-0.3233488
AT5G15160,-0.6277707
AT5G15170,-0.26087922
AT5G15180,0.064538896
AT5G15190,0.5501975
AT5G15200,0.17302671
AT5G15210,-0.32031804
AT5G15220,-0.057065047
AT5G15230,-0.85381585
AT5G15240,0.5633966
AT5G15250,0.19751506
AT5G15260,0.2781139
AT5G15265,0.18614608
AT5G15270,-0.1978037
AT5G15280,-0.17502378
AT5G15290,0.0
AT5G15300,-0.082197234
AT5G15310,-0.32955933
AT5G15320,0.09876105
AT5G15330,-0.16340007
AT5G15340,-0.13003822
AT5G15350,0.36929536
AT5G15360,0.0
AT5G15380,0.0
AT5G15390,-0.24013312
AT5G15400,0.10936807
AT5G15410,0.20236425
AT5G15420,-0.061413024
AT5G15430,0.07646723
AT5G15440,-0.009530694
AT5G15450,-0.11628718
AT5G15460,-0.13122386
AT5G15470,0.43857217
AT5G15480,0.013755304
AT5G15490,0.828758
AT5G15500,-0.7370897
AT5G15510,-0.12632965
AT5G15520,-0.1606673
AT5G15530,0.08359791
AT5G15533,0.0
AT5G15537,-0.049175233
AT5G15540,-0.025249986
AT5G15550,0.2056857
AT5G15560,0.0
AT5G15570,-0.083731405
AT5G15580,-0.6057132
AT5G15581,0.015462289
AT5G15600,-0.106300324
AT5G15610,-0.0032305412
AT5G15620,0.0
AT5G15630,0.28856793
AT5G15640,1.2264003
AT5G15650,1.0668163
AT5G15660,0.54447055
AT5G15670,0.0
AT5G15680,-0.035296097
AT5G15685,0.0
AT5G15690,0.0
AT5G15700,0.021029085
AT5G15710,0.015793795
AT5G15720,0.0
AT5G15725,0.0
AT5G15730,0.33727792
AT5G15740,-0.3362142
AT5G15745,0.0
AT5G15750,0.015294943
AT5G15760,0.15292314
AT5G15770,-0.12350768
AT5G15780,-0.6034135
AT5G15790,-0.6287406
AT5G15800,-0.34117058
AT5G15802,0.22166172
AT5G15810,-0.008606796
AT5G15820,-0.066696756
AT5G15830,-0.3054033
AT5G15840,-0.14034934
AT5G15843,0.0
AT5G15850,-0.00275583
AT5G15853,0.073293075
AT5G15860,-0.121818654
AT5G15870,0.6715503
AT5G15880,-0.04654025
AT5G15890,0.019470116
AT5G15900,-0.25221014
AT5G15910,-0.08852349
AT5G15920,-0.25557688
AT5G15930,-0.09717558
AT5G15940,0.14462778
AT5G15950,-0.19675529
AT5G15960,0.0005661116
AT5G15970,-0.14596786
AT5G15980,0.037383214
AT5G16000,-0.4284287
AT5G16010,0.42105013
AT5G16020,0.2716762
AT5G16023,-0.30939382
AT5G16030,-0.74465084
AT5G16040,-0.25919893
AT5G16050,0.08029229
AT5G16060,0.05072535
AT5G16070,-0.24561417
AT5G16080,1.5043257
AT5G16090,0.0
AT5G16100,0.0
AT5G16110,-0.13036971
AT5G16120,0.29548013
AT5G16130,0.02213384
AT5G16140,-0.36391762
AT5G16150,0.13595322
AT5G16160,0.024995117
AT5G16170,0.4173629
AT5G16180,-0.41388273
AT5G16190,-0.5169174
AT5G16200,0.0026965686
AT5G16210,-0.030810952
AT5G16220,0.06240674
AT5G16230,0.011807796
AT5G16240,-0.58344597
AT5G16250,-0.15685692
AT5G16260,-0.20367153
AT5G16270,-0.056210298
AT5G16280,-0.04460711
AT5G16285,0.0
AT5G16290,-0.12740527
AT5G16300,0.1458675
AT5G16310,-0.29310682
AT5G16320,0.156534
AT5G16330,0.0
AT5G16340,-0.15337455
AT5G16350,-0.19601788
AT5G16360,1.8692886
AT5G16370,0.44243047
AT5G16380,0.14129311
AT5G16390,-0.2985866
AT5G16400,-0.32490975
AT5G16410,-0.188103
AT5G16420,-0.2017192
AT5G16430,0.0
AT5G16440,0.24822742
AT5G16450,0.30463672
AT5G16453,0.0
AT5G16460,0.019470116
AT5G16470,0.11519897
AT5G16480,-0.15162131
AT5G16486,0.0
AT5G16490,-0.17720576
AT5G16500,0.0
AT5G16510,0.40953296
AT5G16520,0.02687376
AT5G16530,-0.6373857
AT5G16540,-0.43094593
AT5G16550,0.08790308
AT5G16560,-0.22948982
AT5G16570,-0.46220738
AT5G16580,0.0
AT5G16590,-0.6845984
AT5G16600,-0.5244651
AT5G16610,-0.18559925
AT5G16620,-0.024909856
AT5G16630,0.036727946
AT5G16640,-0.18367524
AT5G16650,-0.01944149
AT5G16660,0.098584585
AT5G16680,0.08662634
AT5G16690,0.25224948
AT5G16700,0.0
AT5G16710,-0.32582688
AT5G16715,-0.33184457
AT5G16720,-0.6326026
AT5G16730,-0.2337898
AT5G16740,-0.044671863
AT5G16750,0.0034080164
AT5G16760,0.14375132
AT5G16770,0.034649406
AT5G16780,-0.19284534
AT5G16790,-0.53765166
AT5G16800,-0.020309577
AT5G16810,-0.29386485
AT5G16820,-0.14904027
AT5G16830,0.35481244
AT5G16840,0.21207851
AT5G16850,0.04738327
AT5G16860,0.18111636
AT5G16870,-0.18617444
AT5G16880,0.13647099
AT5G16890,-0.28120306
AT5G16900,0.07744506
AT5G16910,0.94313717
AT5G16920,0.019470116
AT5G16930,0.0094651515
AT5G16940,-0.24523336
AT5G16950,0.29868868
AT5G16960,1.6645238
AT5G16970,1.412818
AT5G16980,1.6055558
AT5G16990,-0.26330787
AT5G17000,0.32445365
AT5G17010,0.08153864
AT5G17020,0.21885502
AT5G17030,0.0
AT5G17040,-0.016074775
AT5G17050,-0.019324195
AT5G17060,0.15339175
AT5G17070,0.010369535
AT5G17080,0.0
AT5G17090,-0.028597089
AT5G17100,0.0
AT5G17110,0.0
AT5G17120,0.0
AT5G17130,0.0
AT5G17140,0.0
AT5G17150,-0.1476769
AT5G17160,-0.34633213
AT5G17165,-0.066596806
AT5G17167,0.0
AT5G17170,-0.46899974
AT5G17180,0.0
AT5G17190,0.42855084
AT5G17200,0.0
AT5G17210,0.41348588
AT5G17220,-0.127899
AT5G17230,-0.4691686
AT5G17240,-0.2449526
AT5G17250,-0.026073843
AT5G17260,-0.18666601
AT5G17270,-0.011000545
AT5G17280,0.5978359
AT5G17290,-0.029707413
AT5G17300,-0.20666474
AT5G17305,0.0
AT5G17310,-0.40046018
AT5G17320,0.0
AT5G17330,0.80070835
AT5G17340,0.0
AT5G17345,0.0
AT5G17350,1.1231332
AT5G17360,0.05547288
AT5G17370,0.15422831
AT5G17380,1.8465333
AT5G17390,1.528082
AT5G17400,-0.103185154
AT5G17410,-0.22567707
AT5G17420,0.19815575
AT5G17430,0.019470116
AT5G17440,-0.14753036
AT5G17450,-0.0940728
AT5G17460,0.4531755
AT5G17470,0.0
AT5G17480,0.0
AT5G17490,-0.02313118
AT5G17500,0.0
AT5G17510,-0.12231671
AT5G17520,-0.20909366
AT5G17522,0.0
AT5G17523,0.0
AT5G17530,-0.092119485
AT5G17540,-0.014502965
AT5G17550,-0.075584255
AT5G17560,0.14515102
AT5G17570,-0.021656603
AT5G17580,-0.4344514
AT5G17590,0.019470116
AT5G17600,-0.8556653
AT5G17610,0.15585066
AT5G17620,-0.19861047
AT5G17630,-0.08967524
AT5G17640,0.15838756
AT5G17650,1.2816485
AT5G17660,-0.31298545
AT5G17670,-0.2961821
AT5G17680,0.0011174956
AT5G17690,-0.07259472
AT5G17700,-0.24489227
AT5G17710,-0.14753857
AT5G17720,0.0
AT5G17730,0.0
AT5G17740,0.0
AT5G17750,0.0
AT5G17760,0.60770684
AT5G17770,0.43333632
AT5G17780,0.16558342
AT5G17790,-0.19404937
AT5G17800,-0.089057155
AT5G17810,0.0
AT5G17820,0.0
AT5G17830,-0.25307772
AT5G17840,0.10179735
AT5G17847,0.0
AT5G17850,0.27174833
AT5G17860,0.4838843
AT5G17870,-0.22278403
AT5G17880,0.03839306
AT5G17890,-0.009307027
AT5G17900,-0.20995012
AT5G17910,0.04959672
AT5G17920,0.03390925
AT5G17930,-0.26497102
AT5G17950,0.0
AT5G17960,0.0
AT5G17970,0.0
AT5G17980,-0.7271784
AT5G17990,1.2735898
AT5G18000,-0.046151776
AT5G18010,-0.29932114
AT5G18020,-0.7110639
AT5G18030,-0.36484438
AT5G18037,0.01517929
AT5G18040,-0.21547931
AT5G18050,-0.47660628
AT5G18060,-0.3851035
AT5G18065,-0.24004006
AT5G18070,0.5311206
AT5G18080,-0.7269342
AT5G18090,-0.028549487
AT5G18100,-0.22869329
AT5G18110,0.13482681
AT5G18120,-0.121892884
AT5G18130,0.03421637
AT5G18140,-0.22030051
AT5G18150,0.46011356
AT5G18160,0.0
AT5G18170,-0.09740685
AT5G18180,-0.17737675
AT5G18190,-0.10219481
AT5G18200,-0.11385514
AT5G18210,-0.060626265
AT5G18220,0.02983008
AT5G18230,-0.20722303
AT5G18240,-0.30855662
AT5G18250,-0.07124936
AT5G18260,-0.42846534
AT5G18270,1.3002028
AT5G18280,0.0074908324
AT5G18290,0.07171178
AT5G18300,-0.033675138
AT5G18310,0.31905115
AT5G18320,0.010094297
AT5G18330,-0.028597089
AT5G18340,-0.5910803
AT5G18350,0.74192816
AT5G18360,-0.0124591915
AT5G18370,0.032617126
AT5G18380,0.08553428
AT5G18390,-0.06544381
AT5G18400,0.559146
AT5G18403,0.0
AT5G18404,-0.088906884
AT5G18407,0.013755304
AT5G18410,-0.24768482
AT5G18420,0.08420821
AT5G18430,-0.17144576
AT5G18440,-0.22708356
AT5G18450,-0.014502965
AT5G18460,-0.47965765
AT5G18470,0.6237664
AT5G18475,-0.06945775
AT5G18480,0.48050973
AT5G18490,0.4712898
AT5G18500,0.11610961
AT5G18510,0.038306925
AT5G18520,0.121055156
AT5G18525,0.12880231
AT5G18540,-0.035440594
AT5G18550,0.071187094
AT5G18560,0.0
AT5G18570,-0.42549354
AT5G18580,-0.092762016
AT5G18590,-0.18436012
AT5G18600,0.03858541
AT5G18610,0.23815784
AT5G18620,-0.18296525
AT5G18630,0.108388424
AT5G18636,0.64127386
AT5G18640,-0.026419286
AT5G18650,-0.16115186
AT5G18660,-0.71191645
AT5G18661,0.061823193
AT5G18670,0.093557954
AT5G18680,-0.102877885
AT5G18690,-0.7385158
AT5G18700,-0.42044356
AT5G18705,0.0
AT5G18710,-0.11210675
AT5G18720,0.0
AT5G18730,0.04827862
AT5G18735,0.0
AT5G18740,-0.17890018
AT5G18748,0.0
AT5G18750,0.092852876
AT5G18760,-0.029981079
AT5G18770,-0.23429874
AT5G18780,0.60532576
AT5G18800,0.33457416
AT5G18810,-0.11125505
AT5G18820,0.0067149466
AT5G18830,-0.019003738
AT5G18840,-0.10210616
AT5G18850,0.15653
AT5G18860,-0.2427023
AT5G18870,0.0
AT5G18880,0.0
AT5G18890,0.0
AT5G18900,0.22347601
AT5G18910,0.0
AT5G18920,-0.061716754
AT5G18930,-0.6245699
AT5G18933,0.0
AT5G18937,0.0
AT5G18940,0.08102493
AT5G18950,-0.05704487
AT5G18960,-0.13989754
AT5G18970,-0.31236237
AT5G18980,-0.09963404
AT5G18990,0.0
AT5G19000,0.32839605
AT5G19010,-0.1494727
AT5G19020,-0.2639337
AT5G19025,0.07282788
AT5G19030,0.20599689
AT5G19040,-0.016074775
AT5G19050,0.18399242
AT5G19060,0.004155098
AT5G19070,0.07972716
AT5G19080,0.15317963
AT5G19090,-0.5801467
AT5G19100,-0.050607145
AT5G19110,0.2161249
AT5G19120,0.22531644
AT5G19130,-0.06633743
AT5G19140,-0.17675005
AT5G19150,0.11508379
AT5G19151,0.07722625
AT5G19160,-0.15278827
AT5G19170,-0.05506048
AT5G19172,0.0
AT5G19175,0.0
AT5G19180,0.010985729
AT5G19190,-0.76045245
AT5G19200,0.02060153
AT5G19210,-0.31327638
AT5G19220,-0.6282735
AT5G19230,1.1462308
AT5G19240,0.50522745
AT5G19250,0.18555082
AT5G19260,-0.3475424
AT5G19270,0.0
AT5G19280,-0.06475856
AT5G19290,-0.1489763
AT5G19300,-0.07977339
AT5G19310,-0.13136591
AT5G19315,0.0
AT5G19320,0.04410871
AT5G19330,-0.052854184
AT5G19340,0.10778814
AT5G19350,0.051549874
AT5G19360,-0.03057774
AT5G19370,0.029433398
AT5G19380,0.0018349843
AT5G19390,-0.29370242
AT5G19400,0.27745143
AT5G19410,0.4298512
AT5G19420,0.05694797
AT5G19430,-0.18700607
AT5G19440,1.2183789
AT5G19450,-0.080966145
AT5G19460,-0.27055836
AT5G19470,-0.31662387
AT5G19473,0.034649406
AT5G19480,-0.16238363
AT5G19485,0.18469438
AT5G19490,0.06279048
AT5G19500,-0.43079874
AT5G19510,0.047073543
AT5G19520,-0.24711958
AT5G19530,-0.53262764
AT5G19540,0.09855483
AT5G19550,0.51966894
AT5G19560,0.0
AT5G19570,0.025492858
AT5G19580,-0.5873555
AT5G19590,-0.014813364
AT5G19595,0.0
AT5G19600,0.14315942
AT5G19610,0.0
AT5G19620,-0.21659748
AT5G19630,0.0075761937
AT5G19633,0.0
AT5G19640,0.0
AT5G19650,0.05363752
AT5G19660,-0.09076043
AT5G19670,-0.3483552
AT5G19675,0.0
AT5G19680,0.08882615
AT5G19690,0.12893586
AT5G19700,0.0
AT5G19710,0.0
AT5G19720,0.0
AT5G19730,-0.22194397
AT5G19740,-0.5541206
AT5G19750,0.27945623
AT5G19760,-0.10250851
AT5G19770,-0.16960485
AT5G19780,-0.11315878
AT5G19790,0.0
AT5G19800,0.0
AT5G19810,-0.120446175
AT5G19820,0.0957489
AT5G19830,0.05002918
AT5G19840,-0.09169008
AT5G19850,0.09780282
AT5G19855,0.49151576
AT5G19860,0.1998388
AT5G19870,0.16113935
AT5G19875,-0.11672204
AT5G19880,0.6982609
AT5G19890,1.900724
AT5G19900,-0.1273297
AT5G19910,-0.08461778
AT5G19920,-0.12430473
AT5G19930,0.21910915
AT5G19940,-0.3016101
AT5G19950,0.15534374
AT5G19960,0.11832914
AT5G19970,-0.055111058
AT5G19980,0.36763763
AT5G19990,0.05305507
AT5G20000,0.81927174
AT5G20010,0.34304968
AT5G20020,0.4606843
AT5G20030,-0.15369175
AT5G20040,-0.19379787
AT5G20045,-0.016074775
AT5G20050,0.4303671
AT5G20060,0.14815053
AT5G20070,-0.14219905
AT5G20080,0.115840904
AT5G20090,0.25368044
AT5G20100,0.0
AT5G20110,-0.17918795
AT5G20120,0.12053022
AT5G20130,0.14749715
AT5G20140,-0.38226494
AT5G20150,0.4408122
AT5G20160,0.24165119
AT5G20165,0.14884332
AT5G20170,-0.12816164
AT5G20180,-0.055170793
AT5G20190,-0.29191107
AT5G20200,-0.025146503
AT5G20220,-0.3621931
AT5G20230,2.4225972
AT5G20240,0.5856584
AT5G20250,0.45158714
AT5G20260,0.0
AT5G20270,-0.11097881
AT5G20280,0.007838506
AT5G20290,0.038548324
AT5G20300,0.12222161
AT5G20310,0.0
AT5G20320,-0.13795143
AT5G20330,0.0
AT5G20340,0.0
AT5G20350,0.07690904
AT5G20360,-0.1595131
AT5G20370,0.038306925
AT5G20380,0.14699705
AT5G20390,0.0
AT5G20400,-0.05609769
AT5G20410,-0.35400403
AT5G20420,-0.06951105
AT5G20430,0.0
AT5G20440,0.0
AT5G20447,0.0
AT5G20450,-0.19305924
AT5G20460,0.0
AT5G20470,0.0
AT5G20480,0.7494578
AT5G20490,0.17556871
AT5G20500,0.1730337
AT5G20510,-0.18402322
AT5G20520,-0.09768144
AT5G20540,-0.35078374
AT5G20550,0.0
AT5G20560,0.0
AT5G20570,0.3230925
AT5G20580,-0.1592746
AT5G20590,-0.08907612
AT5G20600,0.06832519
AT5G20610,0.09140604
AT5G20620,-0.075005114
AT5G20630,0.88963735
AT5G20635,-0.1802434
AT5G20640,-0.15247616
AT5G20650,0.20164688
AT5G20655,0.0
AT5G20670,-0.2676385
AT5G20680,0.08932429
AT5G20690,-0.014502965
AT5G20700,-0.44329453
AT5G20710,-0.14059326
AT5G20720,-0.02175764
AT5G20730,0.004534551
AT5G20740,-0.22780511
AT5G20790,0.14959534
AT5G20810,0.15267959
AT5G20820,-0.012907986
AT5G20830,2.2489424
AT5G20840,-0.110119514
AT5G20850,0.15837896
AT5G20860,0.17120923
AT5G20870,-0.08985984
AT5G20885,-0.46077886
AT5G20890,-0.022797551
AT5G20900,0.014005881
AT5G20910,0.52226245
AT5G20920,0.13664785
AT5G20930,-0.10646263
AT5G20935,-0.36488745
AT5G20940,1.3606272
AT5G20950,0.62939495
AT5G20960,1.1214099
AT5G20970,-0.49157545
AT5G20980,-0.09341309
AT5G20990,0.21412764
AT5G20995,0.0
AT5G21010,0.0067795096
AT5G21020,0.12019074
AT5G21030,0.07795172
AT5G21040,-0.07479273
AT5G21050,0.013755304
AT5G21060,-0.19908218
AT5G21070,-0.009505118
AT5G21080,0.0
AT5G21090,0.25291
AT5G21100,-0.60538507
AT5G21105,0.09522127
AT5G21120,0.0
AT5G21125,0.0
AT5G21130,0.0
AT5G21140,0.14076898
AT5G21150,-0.07848143
AT5G21160,0.073180966
AT5G21170,0.021221142
AT5G21222,-0.43759742
AT5G21274,-0.031990517
AT5G21280,-0.07080711
AT5G21326,-0.04092026
AT5G21430,-1.0928818
AT5G21482,-0.09308171
AT5G21900,0.33722162
AT5G21910,-0.054475874
AT5G21920,-0.16595969
AT5G21930,-0.20339222
AT5G21940,0.27674586
AT5G21950,-0.101922914
AT5G21960,0.2516109
AT5G21970,-0.20273478
AT5G21990,0.1574007
AT5G22000,0.1740877
AT5G22010,-0.1574078
AT5G22020,0.017782122
AT5G22030,0.12719728
AT5G22040,-0.1877257
AT5G22050,-0.12930167
AT5G22060,0.4214538
AT5G22070,-0.033577275
AT5G22080,-0.11773703
AT5G22090,-0.50858057
AT5G22100,0.045300014
AT5G22110,0.033078007
AT5G22120,0.27161205
AT5G22130,0.07397476
AT5G22140,0.4348624
AT5G22145,0.0
AT5G22150,0.0
AT5G22160,0.0
AT5G22170,0.0
AT5G22180,0.0
AT5G22190,0.0
AT5G22200,0.114235274
AT5G22210,0.037343353
AT5G22220,0.049030486
AT5G22240,-0.094556205
AT5G22250,0.7477703
AT5G22260,-0.028597089
AT5G22270,0.3590624
AT5G22280,0.16858599
AT5G22290,-0.15206054
AT5G22300,2.1049716
AT5G22310,-0.36504078
AT5G22320,-0.26490036
AT5G22330,-0.13795102
AT5G22340,-0.105105266
AT5G22350,0.51088244
AT5G22355,0.0
AT5G22360,0.28287086
AT5G22370,-0.0058804173
AT5G22380,0.052312974
AT5G22390,-0.59009045
AT5G22400,-0.09320875
AT5G22410,0.0
AT5G22420,0.0
AT5G22430,0.0
AT5G22440,0.04223604
AT5G22450,0.015076878
AT5G22460,-0.9971114
AT5G22470,0.0
AT5G22480,0.2554112
AT5G22490,0.0
AT5G22500,1.7820477
AT5G22505,0.0
AT5G22510,-0.1528116
AT5G22520,0.67154235
AT5G22530,0.4612132
AT5G22540,1.2660339
AT5G22545,0.73371905
AT5G22550,0.23928657
AT5G22555,0.0
AT5G22560,-0.0072096717
AT5G22570,0.92665666
AT5G22580,-1.2403163
AT5G22590,0.0
AT5G22600,0.0
AT5G22608,0.13442965
AT5G22610,0.0
AT5G22620,-0.74208635
AT5G22630,0.5357168
AT5G22640,-0.40174767
AT5G22650,-0.028478362
AT5G22660,0.01517929
AT5G22670,0.0
AT5G22680,-0.04230479
AT5G22690,0.13073356
AT5G22700,-0.2814179
AT5G22720,0.0
AT5G22730,0.0071669286
AT5G22740,-0.29070082
AT5G22750,-0.13749363
AT5G22760,-0.19452074
AT5G22765,0.0
AT5G22770,0.15348293
AT5G22780,0.22137493
AT5G22785,0.0
AT5G22790,-0.007974261
AT5G22791,0.0
AT5G22794,-0.2371575
AT5G22796,-0.12739936
AT5G22799,-0.35561794
AT5G22800,-0.31946376
AT5G22810,0.0
AT5G22820,-0.12062031
AT5G22830,-0.20435649
AT5G22840,-0.06891651
AT5G22850,0.30101463
AT5G22860,0.48324123
AT5G22870,-0.08851214
AT5G22875,-0.22912477
AT5G22880,-0.16901985
AT5G22890,0.0006763258
AT5G22900,0.0
AT5G22910,0.0
AT5G22920,-0.0502952
AT5G22930,-0.35319617
AT5G22940,-0.30249667
AT5G22950,0.026627583
AT5G22960,0.0
AT5G22970,0.0
AT5G22980,0.0
AT5G22990,0.0
AT5G23000,0.65137225
AT5G23010,-0.7904422
AT5G23020,-0.8806084
AT5G23030,0.0
AT5G23035,0.0
AT5G23040,0.050120007
AT5G23050,0.24456371
AT5G23060,-0.82992965
AT5G23070,0.2480779
AT5G23080,-0.10711871
AT5G23090,-0.085818045
AT5G23100,-0.69627005
AT5G23110,0.24127796
AT5G23120,-0.3485289
AT5G23130,0.06582846
AT5G23140,0.21371102
AT5G23150,0.040832534
AT5G23160,0.35116422
AT5G23170,-0.3958874
AT5G23180,0.0
AT5G23190,0.9358605
AT5G23200,-0.121356376
AT5G23210,-0.1508652
AT5G23212,0.0
AT5G23220,0.0
AT5G23230,0.24459545
AT5G23240,0.17906286
AT5G23250,-0.04932198
AT5G23260,0.02223215
AT5G23270,-0.014502965
AT5G23280,-0.55219847
AT5G23290,-0.025942517
AT5G23300,0.08718474
AT5G23310,-0.10985193
AT5G23320,-0.11408966
AT5G23330,-0.0015206984
AT5G23340,0.43840808
AT5G23350,-0.09678698
AT5G23360,-0.08445014
AT5G23370,-0.30885872
AT5G23380,-0.20997071
AT5G23390,-0.0131168375
AT5G23395,-0.005132963
AT5G23400,-0.25177023
AT5G23405,-0.19947949
AT5G23411,0.0
AT5G23420,-0.16108581
AT5G23430,-0.18419045
AT5G23440,-0.0020196137
AT5G23450,-0.06413212
AT5G23460,-0.27371943
AT5G23470,0.0
AT5G23480,-0.30503044
AT5G23490,0.07434573
AT5G23510,0.21042086
AT5G23520,0.2930169
AT5G23530,0.12767647
AT5G23535,0.0008156745
AT5G23540,0.430648
AT5G23550,-0.10049553
AT5G23570,-0.36634183
AT5G23575,0.08573662
AT5G23580,-0.23527516
AT5G23590,-0.10869976
AT5G23600,-0.17781998
AT5G23610,0.03553964
AT5G23630,0.24341072
AT5G23650,0.0
AT5G23660,-0.13549346
AT5G23670,-0.14458476
AT5G23680,-0.18655586
AT5G23690,-0.060742855
AT5G23700,0.25618714
AT5G23710,0.075915724
AT5G23720,-0.11553266
AT5G23730,0.1283957
AT5G23740,0.09169379
AT5G23750,-0.6678989
AT5G23760,-0.34065247
AT5G23770,-0.5771301
AT5G23780,-0.09155861
AT5G23790,0.0
AT5G23800,-0.39165562
AT5G23810,-0.53902596
AT5G23820,0.029028561
AT5G23830,0.0
AT5G23840,0.0
AT5G23850,0.29972538
AT5G23860,-0.5549806
AT5G23870,0.12685785
AT5G23880,-0.18051285
AT5G23890,-0.14312361
AT5G23900,-0.09803686
AT5G23903,0.0
AT5G23908,0.0
AT5G23910,-0.24541353
AT5G23920,-0.14658739
AT5G23930,-0.08596411
AT5G23940,0.38202992
AT5G23950,0.91953707
AT5G23960,0.0
AT5G23970,0.0
AT5G23980,-0.08363871
AT5G23990,-0.13566996
AT5G24000,-0.27756467
AT5G24010,-0.19963345
AT5G24020,0.19363573
AT5G24030,1.679408
AT5G24040,0.08258647
AT5G24050,0.0
AT5G24060,-0.018311592
AT5G24070,0.01517929
AT5G24080,2.527482
AT5G24090,0.4867663
AT5G24100,0.0
AT5G24105,-0.23487346
AT5G24110,-0.32134923
AT5G24120,-0.34153038
AT5G24130,0.0
AT5G24140,0.17145957
AT5G24150,0.7892882
AT5G24155,-0.21083619
AT5G24160,0.6683683
AT5G24165,-0.17603062
AT5G24170,0.00867153
AT5G24180,0.0
AT5G24190,0.019470116
AT5G24200,1.6946813
AT5G24210,0.844651
AT5G24215,0.0
AT5G24220,0.0
AT5G24230,0.2928717
AT5G24240,0.1996685
AT5G24260,0.40734974
AT5G24270,0.2181569
AT5G24275,0.0
AT5G24280,-0.47045583
AT5G24290,-0.3107315
AT5G24300,-0.3509754
AT5G24310,-0.39818057
AT5G24313,0.0
AT5G24314,-0.25435033
AT5G24316,0.018722454
AT5G24318,-0.09333536
AT5G24320,0.017016338
AT5G24330,0.006052317
AT5G24340,-0.13037732
AT5G24350,0.018314911
AT5G24352,0.20998044
AT5G24355,0.0
AT5G24360,0.14392224
AT5G24370,0.0
AT5G24380,-0.25452018
AT5G24390,-0.28750938
AT5G24400,0.1093555
AT5G24410,0.0
AT5G24420,-1.0935329
AT5G24430,0.6909891
AT5G24440,0.0
AT5G24450,0.0024979936
AT5G24460,0.2136939
AT5G24470,0.24085481
AT5G24480,0.0
AT5G24490,-0.2982349
AT5G24500,0.17758857
AT5G24510,-0.070451476
AT5G24520,0.11176907
AT5G24530,0.6818584
AT5G24540,0.43563238
AT5G24550,0.019470116
AT5G24560,0.0
AT5G24570,0.42680153
AT5G24580,-1.0795437
AT5G24590,0.2355972
AT5G24600,0.5011073
AT5G24610,-0.0137018105
AT5G24620,-0.23383132
AT5G24630,0.105318286
AT5G24640,0.4272743
AT5G24650,0.108355284
AT5G24655,-0.08222952
AT5G24660,-0.52012336
AT5G24670,-0.113588475
AT5G24680,-0.18728524
AT5G24690,-0.05057276
AT5G24710,0.16722813
AT5G24740,0.045024145
AT5G24750,-0.21162325
AT5G24760,0.8757996
AT5G24770,0.05509108
AT5G24780,0.2590496
AT5G24790,0.0
AT5G24800,0.053547647
AT5G24810,0.2956632
AT5G24820,0.019470116
AT5G24830,-0.23133448
AT5G24840,-0.05629799
AT5G24850,-0.082535274
AT5G24860,0.5469562
AT5G24870,0.05836371
AT5G24879,0.0
AT5G24880,0.01517929
AT5G24890,-0.0986622
AT5G24900,0.0
AT5G24910,0.6102424
AT5G24920,-0.33012873
AT5G24930,-0.15080185
AT5G24940,0.0
AT5G24950,0.0
AT5G24960,-0.016074775
AT5G24970,0.045877118
AT5G24980,0.3731788
AT5G24990,-0.25572595
AT5G25000,0.0
AT5G25010,0.13870181
AT5G25020,0.057821665
AT5G25030,0.0
AT5G25040,-0.12321122
AT5G25050,0.45921224
AT5G25060,-0.020662213
AT5G25070,-0.024830526
AT5G25080,0.041409913
AT5G25090,-0.1061114
AT5G25100,-0.04905023
AT5G25110,-1.1490291
AT5G25120,-0.029883135
AT5G25130,0.48631403
AT5G25140,0.18887663
AT5G25150,-0.12936874
AT5G25160,0.03479723
AT5G25170,0.19354443
AT5G25180,0.4040864
AT5G25190,-0.5293538
AT5G25195,0.0
AT5G25200,0.0
AT5G25210,-0.31512967
AT5G25220,-0.12505372
AT5G25230,0.10730643
AT5G25240,0.038419023
AT5G25250,1.4754255
AT5G25260,1.5245848
AT5G25265,0.0961655
AT5G25270,-0.00016379688
AT5G25280,-0.1185643
AT5G25290,0.012339121
AT5G25300,0.0
AT5G25310,-0.04230479
AT5G25320,0.0
AT5G25330,0.0
AT5G25340,0.0
AT5G25350,0.46155086
AT5G25360,-0.06489637
AT5G25370,-0.35325295
AT5G25380,-0.12966585
AT5G25390,-0.25030857
AT5G25400,0.0
AT5G25410,0.0
AT5G25415,0.0
AT5G25420,0.0
AT5G25425,0.0
AT5G25430,0.0
AT5G25440,0.5423798
AT5G25450,0.53288686
AT5G25460,-0.82900757
AT5G25470,-0.4020191
AT5G25475,-0.5903646
AT5G25480,0.028111598
AT5G25490,-0.20108993
AT5G25500,-0.074141614
AT5G25510,-0.02241404
AT5G25520,-0.10109613
AT5G25530,-0.03164881
AT5G25540,0.2960921
AT5G25550,0.0
AT5G25560,-0.09232522
AT5G25570,-0.023836302
AT5G25580,-0.24088012
AT5G25590,-0.44680214
AT5G25600,0.0
AT5G25610,0.28720206
AT5G25620,-0.4212794
AT5G25630,-0.36656618
AT5G25640,0.041789144
AT5G25750,0.0
AT5G25752,0.0
AT5G25754,0.06713325
AT5G25755,-0.24674511
AT5G25756,0.008402676
AT5G25760,0.023263097
AT5G25770,0.68411493
AT5G25780,-0.08534125
AT5G25790,-0.10106175
AT5G25800,-0.08612253
AT5G25810,-0.28420082
AT5G25820,0.59052205
AT5G25830,-0.33876726
AT5G25840,-0.4107086
AT5G25850,0.0
AT5G25860,0.0
AT5G25870,0.0
AT5G25880,0.07172963
AT5G25890,0.2800154
AT5G25900,0.057554852
AT5G25910,0.7923723
AT5G25920,0.6740529
AT5G25930,1.2407268
AT5G25940,0.62282646
AT5G25950,0.0
AT5G25960,0.0
AT5G25970,0.068322316
AT5G25980,0.22376524
AT5G25990,0.0
AT5G25995,0.0
AT5G26000,-0.045214433
AT5G26010,0.057978634
AT5G26030,0.7295694
AT5G26040,0.013793256
AT5G26050,0.0
AT5G26060,0.0
AT5G26070,0.0
AT5G26080,0.0
AT5G26090,0.0
AT5G26100,0.0
AT5G26110,0.012947814
AT5G26120,0.038306925
AT5G26130,0.0
AT5G26140,0.0
AT5G26150,0.0
AT5G26160,-0.16845198
AT5G26170,-0.09896686
AT5G26180,-0.023139097
AT5G26190,-0.22290258
AT5G26200,0.036019843
AT5G26210,-0.0938928
AT5G26220,0.016524937
AT5G26230,-0.5620183
AT5G26240,-0.0123168025
AT5G26250,-0.052251358
AT5G26260,-0.13998246
AT5G26262,0.0
AT5G26270,-0.06409978
AT5G26280,-0.19971158
AT5G26290,0.0
AT5G26300,0.0
AT5G26310,0.0
AT5G26320,0.0
AT5G26330,-0.29452848
AT5G26340,1.543196
AT5G26360,-0.12468223
AT5G26570,-0.06709968
AT5G26580,0.0
AT5G26594,0.0
AT5G26600,0.14440827
AT5G26610,-0.15023428
AT5G26617,0.0
AT5G26620,0.019470116
AT5G26622,-0.09695028
AT5G26630,-0.070461854
AT5G26640,0.0
AT5G26650,0.0
AT5G26660,0.7022264
AT5G26667,0.15414546
AT5G26670,-0.49304503
AT5G26673,0.0
AT5G26680,0.18474804
AT5G26690,0.88964117
AT5G26692,0.0
AT5G26700,0.34194028
AT5G26710,0.008896144
AT5G26717,0.0
AT5G26718,0.0
AT5G26730,-0.0739536
AT5G26731,0.15750888
AT5G26734,0.0
AT5G26742,-0.06001515
AT5G26749,-0.18779998
AT5G26751,0.04524341
AT5G26760,-0.07109197
AT5G26770,0.19763665
AT5G26780,-0.25146624
AT5G26790,-0.1289877
AT5G26800,-0.021889232
AT5G26805,0.0
AT5G26810,0.0
AT5G26820,-0.20488706
AT5G26830,0.053137846
AT5G26840,0.0
AT5G26850,-0.7152081
AT5G26860,0.28132004
AT5G26865,0.019779138
AT5G26880,-0.15412457
AT5G26890,0.0
AT5G26900,-0.016074775
AT5G26910,-0.32611674
AT5G26920,1.2053001
AT5G26930,0.0
AT5G26940,0.453105
AT5G26950,0.022908477
AT5G26955,0.0
AT5G26960,-0.17744823
AT5G26970,-0.014502965
AT5G26980,-0.18966241
AT5G26990,0.16470432
AT5G27000,0.0003082745
AT5G27010,0.086380415
AT5G27020,-0.08759963
AT5G27030,-0.2283175
AT5G27060,1.3658693
AT5G27065,0.0
AT5G27070,-0.014502965
AT5G27080,0.0
AT5G27090,0.0
AT5G27100,0.07105848
AT5G27110,-0.38872147
AT5G27120,0.0423733
AT5G27130,0.039282944
AT5G27140,0.0
AT5G27150,0.4962652
AT5G27170,0.0
AT5G27200,0.0
AT5G27210,0.17116748
AT5G27220,-0.16926324
AT5G27230,-0.11339387
AT5G27238,0.0
AT5G27240,-0.30147612
AT5G27247,0.0
AT5G27260,0.0
AT5G27270,-0.36846003
AT5G27280,0.27344075
AT5G27290,-0.7917021
AT5G27300,-0.41833103
AT5G27310,0.0
AT5G27320,-0.0762066
AT5G27330,-0.11951002
AT5G27340,0.0
AT5G27350,1.1356858
AT5G27360,-0.3036067
AT5G27370,0.0
AT5G27380,0.31312916
AT5G27390,-0.32502562
AT5G27395,0.09769422
AT5G27400,-0.422366
AT5G27410,-0.21948785
AT5G27420,0.92738
AT5G27430,0.14793476
AT5G27440,-0.034243684
AT5G27450,0.15456182
AT5G27460,-0.19641761
AT5G27470,0.11417991
AT5G27490,0.03483647
AT5G27493,0.0
AT5G27495,0.0
AT5G27510,0.019470116
AT5G27520,0.9434662
AT5G27530,0.0
AT5G27540,0.037624273
AT5G27550,-0.15185796
AT5G27560,-0.24788384
AT5G27570,0.0
AT5G27580,0.0
AT5G27600,0.4218968
AT5G27606,0.0
AT5G27607,0.0
AT5G27610,0.498277
AT5G27620,-0.109096475
AT5G27630,-0.32850832
AT5G27640,0.19624774
AT5G27650,-0.058524307
AT5G27660,-0.19539754
AT5G27670,0.041547406
AT5G27680,-0.058745984
AT5G27690,-0.12679209
AT5G27700,0.23107369
AT5G27710,-0.013658222
AT5G27720,0.058044452
AT5G27730,-0.11837924
AT5G27740,-0.22850673
AT5G27750,-0.011021348
AT5G27760,1.2734375
AT5G27765,0.4780816
AT5G27770,0.14276767
AT5G27780,-0.13265803
AT5G27790,0.0
AT5G27800,0.0
AT5G27810,0.0
AT5G27820,-0.053346626
AT5G27830,0.113667615
AT5G27840,0.036487486
AT5G27850,0.04839898
AT5G27860,-0.0922355
AT5G27870,0.0
AT5G27880,0.0
AT5G27889,0.00693197
AT5G27890,0.12333968
AT5G27893,0.038306925
AT5G27910,0.0
AT5G27920,1.1671568
AT5G27930,0.049556825
AT5G27940,-0.063675016
AT5G27944,0.0
AT5G27945,-0.014502965
AT5G27950,-0.16063097
AT5G27960,0.0
AT5G27970,-0.021721618
AT5G27980,-0.0063649365
AT5G27990,0.02787614
AT5G28000,0.0
AT5G28010,0.0032482573
AT5G28020,-0.49596402
AT5G28030,-0.011314818
AT5G28040,-0.070584826
AT5G28050,1.2017176
AT5G28060,-0.045469943
AT5G28080,0.10657802
AT5G28090,0.0
AT5G28150,-0.110583894
AT5G28160,0.0
AT5G28180,0.0
AT5G28190,0.0
AT5G28210,0.0
AT5G28220,-0.130325
AT5G28235,0.44525626
AT5G28237,1.5746311
AT5G28288,0.0
AT5G28290,-0.07164553
AT5G28295,0.0
AT5G28300,-0.44539663
AT5G28310,0.0
AT5G28320,-0.21121201
AT5G28340,-0.050175466
AT5G28345,-0.18019715
AT5G28350,0.046447206
AT5G28370,-2.9429833e-05
AT5G28380,0.09640814
AT5G28390,-0.29604742
AT5G28400,-0.18684967
AT5G28410,0.0
AT5G28420,0.0
AT5G28440,0.0
AT5G28450,0.08885814
AT5G28460,-0.15097749
AT5G28462,0.0
AT5G28463,0.0
AT5G28470,0.0
AT5G28490,-0.28648254
AT5G28491,0.0
AT5G28500,-0.17478856
AT5G28510,0.0
AT5G28520,0.0
AT5G28530,-0.12008191
AT5G28540,0.6768404
AT5G28550,0.0
AT5G28560,0.0
AT5G28590,0.0
AT5G28610,0.0049671503
AT5G28615,0.0
AT5G28620,0.0
AT5G28630,-0.028547306
AT5G28640,0.18088649
AT5G28646,1.9088913
AT5G28650,0.123707265
AT5G28660,0.0
AT5G28680,0.0
AT5G28690,0.0
AT5G28720,0.0
AT5G28730,0.0
AT5G28740,0.1205931
AT5G28750,-0.053234216
AT5G28770,-0.11675819
AT5G28780,0.0
AT5G28810,-0.0847166
AT5G28820,0.0
AT5G28823,0.0
AT5G28830,0.5940138
AT5G28840,-0.14216803
AT5G28850,-0.25711975
AT5G28885,0.0
AT5G28900,-0.2537978
AT5G28910,-0.549273
AT5G28919,-0.022632727
AT5G28920,-0.24334835
AT5G28950,0.0
AT5G28960,-0.03164881
AT5G29000,0.45737705
AT5G29050,0.0
AT5G29054,0.0
AT5G29070,0.0
AT5G29210,0.0
AT5G29560,0.0
AT5G29576,0.0
AT5G29613,0.0
AT5G29624,0.0
AT5G30341,0.0
AT5G30360,0.0
AT5G30490,0.023992274
AT5G30495,-0.11364199
AT5G30500,0.01517929
AT5G30510,-0.20061491
AT5G30520,0.0
AT5G31412,0.0
AT5G32440,0.10628027
AT5G32450,-0.04438951
AT5G32460,0.07715505
AT5G32470,0.13875586
AT5G32590,0.13538666
AT5G32613,0.0
AT5G32619,0.0
AT5G32670,0.0
AT5G33210,0.0
AT5G33280,-0.10857724
AT5G33290,0.27322212
AT5G33300,-0.024173426
AT5G33320,0.14981303
AT5G33330,0.0
AT5G33340,0.0
AT5G33355,0.0
AT5G33370,0.45820388
AT5G33390,-0.04194291
AT5G33393,0.0
AT5G33406,0.0
AT5G33806,0.0
AT5G33898,0.0
AT5G34581,0.0
AT5G34780,0.0
AT5G34828,0.0
AT5G34829,0.0
AT5G34830,0.07600029
AT5G34850,0.29688996
AT5G34869,0.0
AT5G34870,0.0
AT5G34881,0.0
AT5G34882,0.0
AT5G34883,0.0
AT5G34885,0.0
AT5G34887,0.0
AT5G34905,0.0
AT5G34908,0.0
AT5G34930,0.87127006
AT5G34940,2.058396
AT5G35050,0.0
AT5G35067,0.0
AT5G35069,0.0
AT5G35080,-0.103533834
AT5G35090,0.0
AT5G35100,-0.009741493
AT5G35110,0.20252535
AT5G35120,0.0
AT5G35160,0.04991319
AT5G35170,-0.5596322
AT5G35180,0.013436132
AT5G35190,0.0
AT5G35195,0.0
AT5G35200,0.3177145
AT5G35210,-0.115488626
AT5G35220,-0.18939126
AT5G35230,0.0
AT5G35300,0.0
AT5G35320,0.23971568
AT5G35330,0.0492099
AT5G35338,0.0
AT5G35360,-0.046450533
AT5G35370,0.3756225
AT5G35375,-0.13247947
AT5G35380,0.122450046
AT5G35390,0.06345805
AT5G35400,-0.051978372
AT5G35405,0.0
AT5G35410,0.008006651
AT5G35430,0.1536821
AT5G35450,-0.5548424
AT5G35460,0.055161342
AT5G35475,0.0
AT5G35480,-0.82209826
AT5G35490,-0.58796054
AT5G35510,0.14751716
AT5G35520,-0.25842124
AT5G35525,-0.097382516
AT5G35530,-0.018759672
AT5G35540,0.0
AT5G35550,-0.014502965
AT5G35560,-0.11963793
AT5G35570,0.0037783755
AT5G35580,0.29718184
AT5G35590,0.13787828
AT5G35600,0.0
AT5G35603,0.0
AT5G35604,0.0
AT5G35610,0.0
AT5G35620,0.33654237
AT5G35630,-0.51735437
AT5G35640,0.0
AT5G35660,0.06345805
AT5G35670,-0.81970745
AT5G35680,0.3511757
AT5G35688,0.04398793
AT5G35690,0.08769337
AT5G35695,0.0
AT5G35698,0.0
AT5G35700,0.3209359
AT5G35715,0.0
AT5G35730,0.18236817
AT5G35732,-0.08048588
AT5G35735,1.2259052
AT5G35737,0.0
AT5G35740,-0.19116
AT5G35750,-0.20225365
AT5G35753,-0.18131101
AT5G35760,-0.054483484
AT5G35770,0.0
AT5G35780,0.0
AT5G35790,-0.45022693
AT5G35810,0.0
AT5G35830,0.0
AT5G35840,-0.19967316
AT5G35870,0.0
AT5G35890,0.0
AT5G35900,0.06345805
AT5G35910,-0.12201788
AT5G35913,0.0
AT5G35926,-0.026879547
AT5G35927,-0.03347367
AT5G35930,-0.09245718
AT5G35940,0.0
AT5G35945,0.0
AT5G35950,0.0
AT5G35960,0.1260326
AT5G35970,-0.39776048
AT5G35980,0.05954237
AT5G35995,-0.19495812
AT5G36000,-0.014502965
AT5G36001,-0.016074775
AT5G36080,0.0
AT5G36100,0.0
AT5G36110,0.0
AT5G36120,-0.17402352
AT5G36130,0.0
AT5G36150,0.0
AT5G36160,0.13002451
AT5G36170,-0.3026144
AT5G36180,0.0
AT5G36190,0.0
AT5G36200,0.0
AT5G36210,-0.10209115
AT5G36220,0.32739463
AT5G36225,0.0
AT5G36228,0.0
AT5G36230,-0.019553453
AT5G36240,0.0
AT5G36250,-0.14281872
AT5G36260,0.10657802
AT5G36270,0.0
AT5G36280,-0.028597089
AT5G36290,0.009199781
AT5G36300,0.0
AT5G36310,0.0
AT5G36320,0.0
AT5G36330,0.0
AT5G36350,0.0
AT5G36370,0.0
AT5G36480,0.0
AT5G36490,0.0
AT5G36500,0.0
AT5G36520,0.0
AT5G36540,0.0
AT5G36550,0.0
AT5G36657,0.0
AT5G36658,0.0
AT5G36659,0.0
AT5G36661,0.0
AT5G36662,0.0
AT5G36670,0.0
AT5G36680,0.0
AT5G36690,0.0
AT5G36700,-0.87755454
AT5G36710,-0.16996266
AT5G36720,0.0
AT5G36722,0.0
AT5G36730,0.0
AT5G36780,0.0
AT5G36790,-0.641997
AT5G36820,0.0
AT5G36870,0.01517929
AT5G36880,0.5912182
AT5G36890,-0.13310246
AT5G36900,0.0
AT5G36906,0.0
AT5G36907,0.8530456
AT5G36910,0.15674792
AT5G36920,0.06530779
AT5G36925,0.338836
AT5G36930,0.09046719
AT5G36940,-0.19129093
AT5G36950,-0.17898257
AT5G36960,-0.036176585
AT5G36970,1.6723946
AT5G36980,0.0
AT5G36985,0.0
AT5G37000,-0.2703897
AT5G37010,-0.3817761
AT5G37020,-0.27974987
AT5G37030,0.0
AT5G37035,0.0
AT5G37040,0.0
AT5G37050,0.019470116
AT5G37055,-0.12150958
AT5G37060,0.0
AT5G37070,0.28488177
AT5G37130,-0.08515277
AT5G37140,0.0
AT5G37147,0.0
AT5G37150,0.0
AT5G37160,0.0
AT5G37165,0.0
AT5G37170,0.0
AT5G37180,-0.114824265
AT5G37190,-0.22547108
AT5G37200,0.0
AT5G37210,-0.07387786
AT5G37220,0.0
AT5G37230,0.0
AT5G37240,0.0012329897
AT5G37247,-0.03164881
AT5G37250,0.09475412
AT5G37260,-0.011995444
AT5G37270,0.0
AT5G37280,0.0
AT5G37290,-0.18610294
AT5G37300,0.123561114
AT5G37310,-0.07488892
AT5G37320,0.0
AT5G37340,-0.10453251
AT5G37350,-0.061510716
AT5G37360,-0.20944431
AT5G37370,-0.1081152
AT5G37380,-0.033150673
AT5G37400,-0.07401466
AT5G37410,-0.3692091
AT5G37415,0.0
AT5G37420,0.049300194
AT5G37430,0.0
AT5G37440,-0.15486692
AT5G37450,-0.21115099
AT5G37460,0.0
AT5G37470,0.0
AT5G37473,0.0
AT5G37474,0.0
AT5G37475,0.19563103
AT5G37478,-0.13840082
AT5G37480,0.34122175
AT5G37490,0.1550413
AT5G37500,-0.08038069
AT5G37510,0.23278682
AT5G37520,0.0
AT5G37530,-0.085483216
AT5G37540,0.6469139
AT5G37550,0.12741736
AT5G37560,0.0
AT5G37570,-0.09944525
AT5G37590,0.018481482
AT5G37600,-0.26123613
AT5G37610,0.0
AT5G37620,0.0
AT5G37630,-0.102207854
AT5G37640,0.0
AT5G37650,0.0
AT5G37660,-0.6133481
AT5G37670,0.09344211
AT5G37680,-0.07557448
AT5G37690,0.019470116
AT5G37710,0.008974265
AT5G37715,0.0
AT5G37720,0.3290755
AT5G37730,0.0
AT5G37740,0.4499211
AT5G37750,0.18014611
AT5G37760,0.0
AT5G37770,0.33401677
AT5G37780,0.18800022
AT5G37785,0.0
AT5G37790,-0.65990144
AT5G37793,-0.061255325
AT5G37800,0.0
AT5G37810,0.0
AT5G37820,0.0
AT5G37830,-0.072801396
AT5G37840,1.6175222
AT5G37850,0.19280903
AT5G37860,0.0
AT5G37870,0.0
AT5G37890,0.17652588
AT5G37900,0.0
AT5G37910,0.0
AT5G37920,0.0
AT5G37930,-0.02415898
AT5G37940,-0.016074775
AT5G37950,-0.45130137
AT5G37960,0.0
AT5G37970,0.0
AT5G37980,-0.09592407
AT5G37990,0.0
AT5G38000,-0.037072066
AT5G38010,-0.6882764
AT5G38020,-0.031582944
AT5G38030,0.4511271
AT5G38040,-0.40282986
AT5G38050,-0.16166146
AT5G38060,-0.2936995
AT5G38070,-0.029738877
AT5G38080,0.0
AT5G38090,0.0
AT5G38100,-0.04917171
AT5G38110,0.0498713
AT5G38120,-0.54334205
AT5G38130,-0.3115545
AT5G38140,-0.426492
AT5G38150,-0.6083506
AT5G38160,0.0
AT5G38170,0.0
AT5G38180,0.0
AT5G38190,0.0
AT5G38195,0.0
AT5G38197,0.0
AT5G38200,0.39035395
AT5G38210,0.09988281
AT5G38220,0.07538967
AT5G38240,0.28802782
AT5G38250,-0.042290878
AT5G38260,-0.015398448
AT5G38270,0.0
AT5G38280,0.08221893
AT5G38290,-0.089872755
AT5G38300,-0.080389895
AT5G38310,0.1266255
AT5G38317,0.0
AT5G38320,0.5173258
AT5G38330,0.0
AT5G38340,0.13920945
AT5G38344,0.07028216
AT5G38350,-0.04108946
AT5G38360,-0.24089107
AT5G38378,0.0
AT5G38380,-0.04282078
AT5G38386,0.038306925
AT5G38390,0.0
AT5G38391,0.0
AT5G38392,0.0
AT5G38396,0.0006763258
AT5G38397,0.0
AT5G38400,0.0
AT5G38410,-0.74938846
AT5G38420,-0.97653294
AT5G38430,-0.8655026
AT5G38435,0.0
AT5G38440,0.0
AT5G38450,0.0
AT5G38460,-0.06974799
AT5G38470,0.17684706
AT5G38480,0.016165586
AT5G38490,0.0
AT5G38500,0.0
AT5G38510,-0.20316719
AT5G38520,-0.5101808
AT5G38530,0.92526877
AT5G38540,0.0
AT5G38550,0.0
AT5G38560,-0.0210431
AT5G38565,-0.21169847
AT5G38570,0.0
AT5G38580,0.0
AT5G38590,-0.19912343
AT5G38600,0.049254447
AT5G38610,0.027107324
AT5G38620,0.0
AT5G38630,0.12597202
AT5G38640,0.19684368
AT5G38650,0.45832598
AT5G38660,-0.32731575
AT5G38670,0.0
AT5G38680,0.0
AT5G38690,0.03876227
AT5G38700,0.05655034
AT5G38710,2.590775
AT5G38720,-0.3656182
AT5G38730,-0.19557077
AT5G38740,-0.00089548406
AT5G38743,0.0
AT5G38747,-0.0022239722
AT5G38750,0.019470116
AT5G38760,0.0
AT5G38770,-0.17890483
AT5G38780,-0.09663921
AT5G38790,0.0
AT5G38800,0.0
AT5G38810,0.0
AT5G38820,-0.04230479
AT5G38830,0.32929167
AT5G38840,-0.012968754
AT5G38850,0.023356194
AT5G38860,-0.19302599
AT5G38865,-0.36657968
AT5G38880,-0.20151521
AT5G38890,0.31418052
AT5G38895,-0.017543035
AT5G38900,2.3368115
AT5G38910,0.049300194
AT5G38920,0.0
AT5G38930,0.0
AT5G38940,0.09824847
AT5G38950,0.0
AT5G38960,0.0
AT5G38970,-0.2573288
AT5G38980,-0.13609943
AT5G38990,0.11578009
AT5G39000,-0.3059481
AT5G39010,0.0
AT5G39020,0.093839765
AT5G39024,0.0
AT5G39030,0.07834044
AT5G39040,0.49772686
AT5G39050,1.7005312
AT5G39080,-0.09433837
AT5G39090,0.91883564
AT5G39100,0.034860957
AT5G39110,0.018722454
AT5G39120,0.0006763258
AT5G39130,0.0
AT5G39140,-0.014502965
AT5G39150,0.000500205
AT5G39160,0.007622094
AT5G39170,0.0
AT5G39180,-0.2678366
AT5G39190,-0.005326457
AT5G39200,0.0
AT5G39210,-0.66072404
AT5G39220,-0.016074775
AT5G39230,-0.014502965
AT5G39240,0.027057765
AT5G39250,0.10308515
AT5G39260,0.0
AT5G39270,0.0
AT5G39280,0.0
AT5G39290,0.0
AT5G39300,0.0
AT5G39310,0.0
AT5G39320,0.09043849
AT5G39330,0.057684936
AT5G39340,-0.12561372
AT5G39350,-0.14992243
AT5G39360,0.12947357
AT5G39365,0.0
AT5G39370,0.0
AT5G39380,-0.1214922
AT5G39390,0.00462833
AT5G39400,0.0
AT5G39410,-0.003519186
AT5G39420,-0.07588578
AT5G39430,0.01517929
AT5G39440,0.0
AT5G39450,0.23314387
AT5G39460,0.0
AT5G39470,0.0
AT5G39471,-0.34733984
AT5G39480,-0.014502965
AT5G39490,0.0
AT5G39493,-0.014502965
AT5G39500,0.0028489057
AT5G39510,0.10115536
AT5G39520,1.1835728
AT5G39530,-0.42239827
AT5G39540,0.0
AT5G39550,-0.07027732
AT5G39560,0.0
AT5G39570,-0.03364851
AT5G39580,2.5321229
AT5G39590,0.66885364
AT5G39600,-0.01516235
AT5G39610,0.6829694
AT5G39620,0.0
AT5G39630,0.01517929
AT5G39640,0.0
AT5G39645,0.0
AT5G39650,0.093563944
AT5G39660,0.042696483
AT5G39670,1.0662818
AT5G39680,-0.13146502
AT5G39690,0.0
AT5G39700,0.0
AT5G39710,-0.28660506
AT5G39715,0.019470116
AT5G39720,0.5108209
AT5G39730,-0.002089967
AT5G39740,0.004625873
AT5G39750,0.019470116
AT5G39760,-0.3686483
AT5G39770,0.0
AT5G39775,0.0
AT5G39780,0.0
AT5G39790,-0.06943589
AT5G39800,-0.24034911
AT5G39810,-0.0556467
AT5G39820,0.0
AT5G39830,-0.34932452
AT5G39840,-0.22162801
AT5G39850,-0.15316857
AT5G39860,-0.44281787
AT5G39865,-0.088889
AT5G39870,0.0
AT5G39880,0.0
AT5G39890,0.04087209
AT5G39900,0.014377908
AT5G39910,0.0
AT5G39920,0.0
AT5G39930,0.0
AT5G39940,-0.07044106
AT5G39950,0.47036886
AT5G39960,-0.27919966
AT5G39970,0.064810514
AT5G39980,-0.043839175
AT5G39990,0.22656202
AT5G40000,-0.009478418
AT5G40010,0.6104577
AT5G40020,0.109790556
AT5G40030,-0.010022458
AT5G40040,0.092075065
AT5G40050,0.0
AT5G40060,-0.22026134
AT5G40070,0.0
AT5G40080,-0.42932674
AT5G40090,-0.34474555
AT5G40100,-0.02608401
AT5G40120,0.0
AT5G40140,-0.4161717
AT5G40150,-0.54229
AT5G40153,-0.011658769
AT5G40155,0.0
AT5G40160,-0.2651737
AT5G40170,0.08638477
AT5G40180,0.18832006
AT5G40190,0.039766178
AT5G40200,-0.011132365
AT5G40210,0.33409923
AT5G40220,0.0
AT5G40230,0.05262693
AT5G40240,0.45367014
AT5G40250,-0.26477596
AT5G40260,0.72578543
AT5G40270,-0.094351865
AT5G40280,-0.019692404
AT5G40290,0.0
AT5G40300,-0.085293874
AT5G40310,-0.03057774
AT5G40320,0.0
AT5G40330,-0.2291321
AT5G40340,-0.35261682
AT5G40350,0.0
AT5G40360,0.0
AT5G40370,0.4968866
AT5G40380,0.25222167
AT5G40382,-0.028597089
AT5G40390,0.19459145
AT5G40400,-0.21009184
AT5G40405,-0.1548381
AT5G40410,0.0048607825
AT5G40420,0.038306925
AT5G40430,0.053486217
AT5G40440,-0.16020672
AT5G40450,-0.1948285
AT5G40460,0.47382858
AT5G40470,0.023980727
AT5G40480,-0.035175778
AT5G40490,-0.021946475
AT5G40500,-0.096257664
AT5G40510,-0.080274954
AT5G40520,-0.25040463
AT5G40530,-0.059160683
AT5G40540,0.41692862
AT5G40550,-0.28678268
AT5G40560,0.0
AT5G40570,-0.37484908
AT5G40580,0.3074848
AT5G40590,-0.00089548406
AT5G40595,0.0
AT5G40600,-0.08214434
AT5G40610,-0.59548724
AT5G40620,0.0
AT5G40630,-0.014391636
AT5G40640,0.00028433496
AT5G40645,-0.061413024
AT5G40650,0.52424985
AT5G40660,-0.030335015
AT5G40670,0.014169298
AT5G40680,0.10053827
AT5G40690,1.7148826
AT5G40700,-0.30898932
AT5G40710,-0.11732334
AT5G40720,0.06731013
AT5G40730,1.219351
AT5G40740,-0.07397973
AT5G40750,0.0
AT5G40760,0.6420505
AT5G40770,0.27578053
AT5G40780,0.7969039
AT5G40790,-0.010819515
AT5G40800,-0.021531187
AT5G40810,0.14875071
AT5G40820,0.17247427
AT5G40830,-0.37362325
AT5G40840,-0.11591446
AT5G40850,0.022953568
AT5G40855,-0.016074775
AT5G40860,0.12684555
AT5G40870,-0.3074554
AT5G40880,0.4894073
AT5G40890,0.27018505
AT5G40900,0.13458072
AT5G40910,-0.22112562
AT5G40930,0.08832456
AT5G40940,0.0
AT5G40942,0.0
AT5G40950,-0.23799248
AT5G40960,0.11760741
AT5G40970,-0.078722455
AT5G40980,-0.42670625
AT5G40981,0.0
AT5G40990,1.8205979
AT5G41000,-0.13503426
AT5G41010,0.24256513
AT5G41020,-0.28708917
AT5G41025,0.02983008
AT5G41030,-0.03164881
AT5G41040,2.1646943
AT5G41050,-0.7444525
AT5G41060,-0.44285738
AT5G41070,-0.350488
AT5G41071,0.0
AT5G41080,1.8473787
AT5G41090,0.019470116
AT5G41100,0.2710756
AT5G41109,0.0
AT5G41110,-0.23363268
AT5G41120,-0.036896333
AT5G41130,-0.12737212
AT5G41140,-0.7175378
AT5G41150,-0.08520576
AT5G41160,0.39326435
AT5G41170,0.2564982
AT5G41180,0.15104635
AT5G41190,-0.06395614
AT5G41200,0.038306925
AT5G41210,0.050983224
AT5G41220,-0.0134800235
AT5G41240,-0.1449773
AT5G41250,0.0
AT5G41260,-0.24230336
AT5G41270,0.039119612
AT5G41280,-0.03760906
AT5G41290,0.0
AT5G41300,0.0
AT5G41310,0.0
AT5G41315,0.027871337
AT5G41320,0.0
AT5G41330,0.0053176135
AT5G41340,-0.2313258
AT5G41350,-0.010630623
AT5G41360,0.15177885
AT5G41370,-0.2076669
AT5G41380,0.023803962
AT5G41390,0.0006763258
AT5G41400,0.02613169
AT5G41401,0.0
AT5G41410,-0.06381431
AT5G41420,0.0
AT5G41430,0.0
AT5G41440,0.0
AT5G41450,0.0
AT5G41460,-0.18942487
AT5G41470,-0.101221144
AT5G41480,-0.14136726
AT5G41490,0.0
AT5G41500,0.0
AT5G41510,0.01517929
AT5G41520,-0.05364674
AT5G41530,0.0
AT5G41540,0.01517929
AT5G41550,0.36757398
AT5G41560,0.11193903
AT5G41570,0.01517929
AT5G41580,-0.042059653
AT5G41590,0.4032003
AT5G41600,0.10565793
AT5G41610,2.5514936
AT5G41620,-0.3975598
AT5G41630,0.0
AT5G41640,0.0
AT5G41650,-0.02537207
AT5G41660,-0.09366072
AT5G41670,0.16396846
AT5G41680,0.081765644
AT5G41685,0.09893662
AT5G41690,-0.6273309
AT5G41700,-0.24253853
AT5G41720,0.01517929
AT5G41730,0.6606925
AT5G41740,1.0214127
AT5G41750,1.3466839
AT5G41760,-0.20018572
AT5G41761,-0.33203158
AT5G41763,-0.016074775
AT5G41765,0.0
AT5G41770,-0.05647096
AT5G41780,-0.014502965
AT5G41790,-0.4011796
AT5G41800,0.3145532
AT5G41810,-0.27200738
AT5G41820,-0.05234246
AT5G41830,0.11254903
AT5G41840,0.02983008
AT5G41850,-0.16492498
AT5G41860,0.45960692
AT5G41870,-0.1287172
AT5G41880,0.0907332
AT5G41890,-0.016074775
AT5G41900,0.23104893
AT5G41908,0.0
AT5G41910,0.23647274
AT5G41920,-0.38434452
AT5G41940,0.14718004
AT5G41950,0.1320407
AT5G41960,-0.027349425
AT5G41970,0.12654373
AT5G41980,-0.43752217
AT5G41990,0.3732258
AT5G42000,0.10715132
AT5G42010,0.7214503
AT5G42020,0.9315278
AT5G42030,-0.27182412
AT5G42040,-0.28138682
AT5G42050,0.4550323
AT5G42053,0.0
AT5G42060,-0.06541786
AT5G42070,-0.48275927
AT5G42080,0.19551997
AT5G42090,0.20697868
AT5G42100,-0.3346522
AT5G42110,0.04276302
AT5G42120,-0.087588936
AT5G42130,0.040344592
AT5G42140,0.06412197
AT5G42146,-0.21775395
AT5G42150,0.3452989
AT5G42170,0.02983008
AT5G42180,0.04398793
AT5G42190,-0.026630277
AT5G42200,-0.22039878
AT5G42210,-0.37003863
AT5G42220,0.021499386
AT5G42223,0.18110874
AT5G42230,0.0
AT5G42232,0.0
AT5G42235,0.024889128
AT5G42240,-0.2396943
AT5G42242,0.0
AT5G42250,0.30552322
AT5G42260,0.0
AT5G42270,-0.113720745
AT5G42280,-0.21076968
AT5G42290,0.04398793
AT5G42300,0.2004058
AT5G42310,-0.32940605
AT5G42325,0.02983008
AT5G42330,0.045796476
AT5G42340,0.0
AT5G42350,0.14016923
AT5G42360,0.007883972
AT5G42370,-0.0731663
AT5G42380,2.060359
AT5G42390,0.17696153
AT5G42400,-0.14550465
AT5G42410,0.0
AT5G42420,0.37284923
AT5G42430,0.0
AT5G42440,0.40591872
AT5G42450,-0.085970566
AT5G42460,-0.06511302
AT5G42470,-0.15398549
AT5G42480,-0.18080118
AT5G42490,0.0
AT5G42500,-0.028597089
AT5G42504,0.0
AT5G42510,0.26006347
AT5G42520,0.035564393
AT5G42530,0.22908597
AT5G42540,-0.059949238
AT5G42560,0.043136977
AT5G42567,0.0
AT5G42570,0.2599282
AT5G42580,0.0
AT5G42590,0.0
AT5G42600,0.0
AT5G42610,-0.20164268
AT5G42620,-0.29061222
AT5G42630,-0.11570893
AT5G42635,0.0
AT5G42640,0.0
AT5G42650,-0.52887195
AT5G42655,0.0
AT5G42660,-0.11602745
AT5G42670,-0.20512219
AT5G42680,-0.21548434
AT5G42690,-0.27889878
AT5G42700,-0.016321696
AT5G42710,0.13173424
AT5G42720,-0.6264556
AT5G42740,0.13059366
AT5G42750,-0.21980259
AT5G42760,-0.14322375
AT5G42765,-0.09760838
AT5G42770,-0.39542943
AT5G42780,-0.15952621
AT5G42785,0.0
AT5G42790,0.24102107
AT5G42797,0.0
AT5G42800,0.050504398
AT5G42810,-0.15999953
AT5G42820,0.0013275841
AT5G42825,0.09998458
AT5G42830,1.2839973
AT5G42840,-0.053651568
AT5G42850,0.3743099
AT5G42860,-0.40333256
AT5G42870,0.08298169
AT5G42880,0.07247159
AT5G42890,0.22078627
AT5G42895,0.0
AT5G42900,0.5105365
AT5G42905,0.0
AT5G42910,0.0
AT5G42920,-0.08659362
AT5G42930,0.27220002
AT5G42940,0.11785251
AT5G42950,0.16858403
AT5G42955,0.0
AT5G42957,0.0
AT5G42960,0.20407297
AT5G42965,-0.017728392
AT5G42970,0.1668295
AT5G42980,-0.10797179
AT5G42990,-0.11173174
AT5G43000,0.0
AT5G43010,0.1932361
AT5G43020,-0.27692327
AT5G43030,-0.016074775
AT5G43040,-0.07284079
AT5G43050,0.012130369
AT5G43060,0.40084374
AT5G43064,0.11899949
AT5G43066,0.0
AT5G43068,0.049093943
AT5G43070,0.11537032
AT5G43080,-0.017683685
AT5G43090,0.0
AT5G43100,0.10165043
AT5G43110,0.0
AT5G43120,0.0
AT5G43130,0.1060552
AT5G43140,-0.19262908
AT5G43150,-0.42551845
AT5G43155,-0.08220133
AT5G43160,-0.22092867
AT5G43170,0.23746534
AT5G43175,0.0
AT5G43180,0.5572403
AT5G43185,0.0
AT5G43190,0.41632214
AT5G43200,-0.016074775
AT5G43210,-0.28196254
AT5G43211,0.0
AT5G43230,0.0
AT5G43240,-0.21128528
AT5G43250,-0.016412599
AT5G43260,0.7053623
AT5G43270,-0.13121258
AT5G43280,0.2879297
AT5G43285,0.0
AT5G43290,-0.8205555
AT5G43300,-0.038941015
AT5G43310,-0.22162792
AT5G43320,-0.08221101
AT5G43330,-0.18439822
AT5G43340,0.0
AT5G43350,-0.17103738
AT5G43360,0.01517929
AT5G43370,-0.014502965
AT5G43380,0.27678114
AT5G43390,0.0
AT5G43400,0.44773117
AT5G43401,0.0
AT5G43410,0.3594879
AT5G43420,0.49693248
AT5G43430,0.4943884
AT5G43440,-0.20227794
AT5G43450,0.06741619
AT5G43460,0.034616366
AT5G43470,-0.089941144
AT5G43480,0.0
AT5G43490,-0.015816346
AT5G43500,-0.55396885
AT5G43510,0.0
AT5G43513,0.0
AT5G43516,0.0
AT5G43518,0.0
AT5G43520,0.06345805
AT5G43525,0.0
AT5G43530,0.01857463
AT5G43540,0.19771466
AT5G43550,0.0
AT5G43560,0.06738135
AT5G43570,2.392735
AT5G43580,3.6367419
AT5G43590,0.14935312
AT5G43600,-0.20165923
AT5G43610,-0.009126973
AT5G43620,0.94487214
AT5G43630,-0.13860467
AT5G43640,0.0
AT5G43650,1.5161352
AT5G43660,-0.05877431
AT5G43670,0.026807722
AT5G43680,0.026973125
AT5G43690,0.0
AT5G43695,0.0
AT5G43700,-0.44367334
AT5G43710,-0.2959874
AT5G43720,0.034169618
AT5G43730,-0.2049785
AT5G43740,-0.49285695
AT5G43745,0.07915404
AT5G43750,-0.8940546
AT5G43755,0.02983008
AT5G43760,0.1343513
AT5G43770,0.0
AT5G43780,0.28943646
AT5G43790,-0.22920963
AT5G43810,-0.29291335
AT5G43820,-0.16710815
AT5G43822,-0.226299
AT5G43830,-0.056138806
AT5G43840,0.08780003
AT5G43850,-0.120888725
AT5G43860,-0.49203238
AT5G43870,-0.41787556
AT5G43880,-0.27455822
AT5G43890,0.0
AT5G43900,0.08704319
AT5G43910,0.24511227
AT5G43920,-0.19446021
AT5G43930,-0.010579442
AT5G43935,-0.090010114
AT5G43940,0.06846011
AT5G43950,-0.3715695
AT5G43960,-0.004778912
AT5G43970,0.091689505
AT5G43980,0.09785409
AT5G43990,-0.28492963
AT5G44000,0.080984965
AT5G44005,-0.026433632
AT5G44010,-0.09990245
AT5G44020,-0.1100852
AT5G44030,0.15329356
AT5G44040,-0.38478923
AT5G44050,-0.19465478
AT5G44060,-0.114927754
AT5G44063,-0.0526461
AT5G44065,-0.014502965
AT5G44070,0.29373094
AT5G44080,-0.07886122
AT5G44090,0.24820027
AT5G44100,0.041607514
AT5G44110,0.09638869
AT5G44120,0.0
AT5G44130,-0.037373126
AT5G44140,-0.0556467
AT5G44150,-0.08987772
AT5G44160,-0.55641913
AT5G44170,-0.09860335
AT5G44180,-0.03060306
AT5G44190,-0.3836263
AT5G44200,-0.1423807
AT5G44210,0.19921893
AT5G44220,0.0
AT5G44230,-0.058694173
AT5G44240,0.3896709
AT5G44250,0.072781354
AT5G44260,-0.06836219
AT5G44265,0.0
AT5G44270,0.0
AT5G44280,-0.34100047
AT5G44290,0.13201258
AT5G44300,0.0
AT5G44306,0.0
AT5G44310,0.039125245
AT5G44316,0.0
AT5G44320,0.108473904
AT5G44330,0.0
AT5G44340,0.09159784
AT5G44345,0.0
AT5G44350,0.03765431
AT5G44360,0.0
AT5G44370,-0.049607266
AT5G44380,2.4462717
AT5G44390,0.5332607
AT5G44400,0.20335007
AT5G44410,-0.9285051
AT5G44420,-1.7864199
AT5G44430,-2.090338
AT5G44440,-0.014502965
AT5G44450,-0.12892601
AT5G44460,0.21956016
AT5G44470,0.0
AT5G44480,2.053
AT5G44490,-0.4467151
AT5G44495,0.0
AT5G44500,0.2382912
AT5G44510,-0.4264682
AT5G44520,-0.41337892
AT5G44530,-0.58865166
AT5G44540,0.0
AT5G44550,-0.105715856
AT5G44560,-0.14112566
AT5G44563,-0.08075466
AT5G44565,0.0070844786
AT5G44566,0.080009304
AT5G44567,1.4467195
AT5G44568,0.024450794
AT5G44570,0.43762675
AT5G44572,-0.1369391
AT5G44574,0.009426647
AT5G44575,-0.5084682
AT5G44578,-0.055634376
AT5G44580,-0.25083515
AT5G44582,-0.14120133
AT5G44585,-0.10968768
AT5G44590,0.0
AT5G44600,-0.40039492
AT5G44610,1.1172969
AT5G44620,0.0
AT5G44630,0.0
AT5G44635,0.053313807
AT5G44640,0.01517929
AT5G44650,-0.44503313
AT5G44660,-0.49778664
AT5G44670,-0.5448618
AT5G44680,-0.9929417
AT5G44690,0.0
AT5G44700,0.0
AT5G44710,-0.12696266
AT5G44720,-0.059561145
AT5G44730,-0.18474138
AT5G44740,-0.49968755
AT5G44750,-0.35779378
AT5G44760,0.0
AT5G44770,0.0
AT5G44780,-0.102912575
AT5G44785,-0.17868468
AT5G44790,0.21006784
AT5G44800,-0.039734744
AT5G44820,0.4778435
AT5G44830,0.0
AT5G44840,0.019470116
AT5G44850,0.0
AT5G44860,0.0835917
AT5G44870,-0.026542088
AT5G44900,0.0
AT5G44910,-0.14462097
AT5G44920,-0.060476743
AT5G44930,-0.18427415
AT5G44940,0.0
AT5G44950,0.0
AT5G44960,0.0
AT5G44970,0.0
AT5G44973,0.11030386
AT5G44980,-0.077352345
AT5G44990,1.4735895
AT5G45000,0.82686573
AT5G45010,0.047826175
AT5G45020,-0.27892792
AT5G45030,-0.04524234
AT5G45040,-0.4557651
AT5G45050,-0.17500773
AT5G45060,-0.09440231
AT5G45070,0.15837488
AT5G45080,0.02407628
AT5G45090,0.59351885
AT5G45095,0.0040233107
AT5G45100,0.35102797
AT5G45105,0.0
AT5G45110,0.6364156
AT5G45113,0.0
AT5G45115,-0.14412367
AT5G45120,0.0
AT5G45130,0.28155267
AT5G45140,-0.03477362
AT5G45150,-0.1961479
AT5G45160,-0.027952867
AT5G45170,-0.17936823
AT5G45180,0.12211692
AT5G45190,-0.14557284
AT5G45200,0.0
AT5G45210,0.0
AT5G45220,-0.11337639
AT5G45230,0.0
AT5G45240,1.384639
AT5G45250,-0.12884536
AT5G45260,-0.20476684
AT5G45275,-0.18239093
AT5G45277,0.0
AT5G45280,0.5611959
AT5G45290,-0.38617328
AT5G45300,-0.34493178
AT5G45310,0.0321902
AT5G45320,-0.14562985
AT5G45330,-0.1060273
AT5G45340,0.40658897
AT5G45350,0.5111865
AT5G45360,0.114204586
AT5G45370,0.27093247
AT5G45380,-0.23183164
AT5G45390,0.11776842
AT5G45400,0.2659978
AT5G45410,0.5263611
AT5G45420,-0.0116445245
AT5G45430,-0.19053747
AT5G45440,0.05784803
AT5G45450,0.0
AT5G45455,-0.05654218
AT5G45460,-0.016074775
AT5G45469,-0.09407129
AT5G45470,0.350674
AT5G45480,0.4126711
AT5G45490,0.15847082
AT5G45500,0.15177102
AT5G45510,0.1868419
AT5G45520,-0.48280352
AT5G45530,-0.39836103
AT5G45540,-0.3783043
AT5G45550,0.21822149
AT5G45560,-0.26064497
AT5G45570,0.42970946
AT5G45573,0.0
AT5G45580,-0.08091876
AT5G45590,-0.13373408
AT5G45600,-0.10438565
AT5G45610,-0.38749644
AT5G45620,0.13623089
AT5G45630,2.1531873
AT5G45640,0.0
AT5G45650,-1.1447296
AT5G45660,0.08885824
AT5G45670,-0.019832673
AT5G45680,-0.32750836
AT5G45690,0.0
AT5G45700,-0.2317788
AT5G45710,0.045629315
AT5G45720,-0.19866706
AT5G45730,-0.09560866
AT5G45740,-0.054435037
AT5G45750,0.70641154
AT5G45760,-0.4166877
AT5G45770,0.0
AT5G45780,-0.020029247
AT5G45790,-0.23461789
AT5G45800,0.29968408
AT5G45810,0.56747276
AT5G45820,-0.5378417
AT5G45830,-0.2663284
AT5G45840,-0.37190405
AT5G45850,0.025577856
AT5G45860,0.0
AT5G45870,0.0
AT5G45875,0.0
AT5G45880,0.0
AT5G45890,-0.32240954
AT5G45900,0.8647632
AT5G45910,0.0
AT5G45920,-0.39811793
AT5G45930,-0.43940172
AT5G45940,-0.48056316
AT5G45950,-0.14701957
AT5G45960,0.100514896
AT5G45970,0.0123686595
AT5G45980,0.0
AT5G45990,0.15190163
AT5G46000,0.0
AT5G46010,0.17052507
AT5G46020,-0.2100042
AT5G46025,0.0
AT5G46030,-0.078505225
AT5G46040,0.010316606
AT5G46050,0.34390885
AT5G46060,0.0
AT5G46070,-0.10586712
AT5G46080,0.66034025
AT5G46085,0.0
AT5G46090,0.01517929
AT5G46100,0.0040470054
AT5G46110,-0.302803
AT5G46115,0.1262598
AT5G46130,-0.26068708
AT5G46140,-0.15957166
AT5G46150,-0.071908414
AT5G46160,-0.1523517
AT5G46170,-0.005491744
AT5G46180,0.3573494
AT5G46190,-0.079554304
AT5G46200,0.01517929
AT5G46210,-0.06282826
AT5G46220,-0.08864472
AT5G46230,0.88131875
AT5G46240,0.09216404
AT5G46250,0.11228716
AT5G46260,0.028371094
AT5G46270,-0.2922931
AT5G46280,0.0014354311
AT5G46290,0.08076573
AT5G46295,0.013637133
AT5G46297,0.0
AT5G46300,0.0
AT5G46310,0.0
AT5G46320,0.0
AT5G46330,0.09262942
AT5G46340,-0.085609876
AT5G46350,1.4735036
AT5G46360,0.18264419
AT5G46370,-0.016074775
AT5G46380,0.0
AT5G46390,-0.11185998
AT5G46395,0.0
AT5G46400,-0.21200408
AT5G46410,0.07608316
AT5G46420,-0.273746
AT5G46430,0.080853306
AT5G46440,-0.14680356
AT5G46450,-0.2580461
AT5G46460,0.073989026
AT5G46470,-0.03523684
AT5G46490,0.06925355
AT5G46500,0.09745176
AT5G46510,-0.46098536
AT5G46520,0.39638072
AT5G46530,-0.106696054
AT5G46540,-0.016074775
AT5G46550,-0.09016965
AT5G46560,-0.06286038
AT5G46570,-0.46249428
AT5G46580,-0.13079172
AT5G46590,0.15789166
AT5G46600,-0.09569384
AT5G46610,0.18768722
AT5G46620,0.027908774
AT5G46630,0.15342416
AT5G46640,-0.21283947
AT5G46650,0.0
AT5G46660,0.12624764
AT5G46670,0.059733633
AT5G46680,0.02313323
AT5G46690,-0.7395666
AT5G46700,-0.6283327
AT5G46710,0.20810416
AT5G46720,0.08126684
AT5G46730,0.77956766
AT5G46740,-0.08515174
AT5G46750,0.1456699
AT5G46760,0.01888357
AT5G46770,0.42071864
AT5G46780,0.47635633
AT5G46790,-0.12884988
AT5G46795,0.0
AT5G46800,-0.12144429
AT5G46810,0.0
AT5G46820,0.0
AT5G46825,0.0
AT5G46830,0.020847144
AT5G46840,-0.18299118
AT5G46850,-0.039580055
AT5G46860,0.22851537
AT5G46870,0.13071503
AT5G46871,0.32836992
AT5G46873,0.0
AT5G46874,0.0
AT5G46877,0.0
AT5G46880,-0.07799308
AT5G46890,-0.016074775
AT5G46900,0.0
AT5G46910,1.1761174
AT5G46915,-0.078307144
AT5G46920,0.03779314
AT5G46930,0.0
AT5G46940,0.0
AT5G46950,0.1157586
AT5G46960,1.9107724
AT5G46970,0.0
AT5G46980,0.0
AT5G46990,0.0
AT5G47000,0.0
AT5G47010,-0.046976015
AT5G47020,-0.031917207
AT5G47030,0.10944233
AT5G47040,-0.11000007
AT5G47050,0.22075234
AT5G47060,0.12289483
AT5G47070,0.57285076
AT5G47075,0.0
AT5G47077,0.0
AT5G47080,-0.032874595
AT5G47090,-0.11520251
AT5G47100,-0.14049673
AT5G47110,-0.33195877
AT5G47120,0.47275257
AT5G47130,0.026831912
AT5G47140,0.13947491
AT5G47150,0.0
AT5G47160,-0.4729144
AT5G47170,-0.043200273
AT5G47175,0.0
AT5G47180,-0.03338355
AT5G47190,-0.26375678
AT5G47200,0.76801264
AT5G47210,-0.007628925
AT5G47220,-0.42147818
AT5G47229,0.0
AT5G47230,0.548261
AT5G47240,-0.29682735
AT5G47250,0.25705713
AT5G47260,0.0
AT5G47280,0.0
AT5G47290,0.0
AT5G47300,0.0
AT5G47310,-0.036010627
AT5G47320,0.12314025
AT5G47330,0.49634087
AT5G47340,0.0
AT5G47350,0.0
AT5G47360,-0.03544822
AT5G47370,-0.28240386
AT5G47380,-0.24798872
AT5G47390,-0.25449932
AT5G47400,-0.1029653
AT5G47420,0.0927427
AT5G47430,0.09401812
AT5G47435,-0.046552267
AT5G47440,-0.11802356
AT5G47450,0.0
AT5G47455,0.04583743
AT5G47460,-0.25854802
AT5G47470,-0.011955133
AT5G47480,0.09931716
AT5G47490,-0.017439593
AT5G47500,-0.086784214
AT5G47510,-0.310712
AT5G47520,-0.1767035
AT5G47530,0.057226665
AT5G47540,-0.3146534
AT5G47550,-0.35421768
AT5G47560,0.35786834
AT5G47570,0.37627316
AT5G47580,0.17824058
AT5G47590,0.30247816
AT5G47600,0.0
AT5G47610,-0.4082377
AT5G47620,-0.227203
AT5G47630,-0.15697178
AT5G47635,0.087161504
AT5G47640,-0.43716344
AT5G47650,0.18416621
AT5G47660,0.10466792
AT5G47670,0.16070576
AT5G47680,-0.104683094
AT5G47690,-0.040498465
AT5G47700,0.29626757
AT5G47710,0.0077721053
AT5G47720,-0.36266598
AT5G47730,0.6480996
AT5G47740,1.419053
AT5G47750,-0.020046113
AT5G47760,0.20589359
AT5G47770,-0.042969853
AT5G47780,-0.19464651
AT5G47790,0.03799101
AT5G47800,-0.53799605
AT5G47810,-0.11595933
AT5G47820,-0.3704532
AT5G47830,0.0015323391
AT5G47840,-0.20428139
AT5G47850,0.54810363
AT5G47860,0.21371458
AT5G47870,0.120818354
AT5G47880,0.334915
AT5G47890,0.034168765
AT5G47900,-0.4094817
AT5G47910,0.052907676
AT5G47920,0.11712792
AT5G47930,0.37185743
AT5G47940,-0.09959087
AT5G47950,0.0
AT5G47960,0.2990091
AT5G47970,-0.3267783
AT5G47980,0.0
AT5G47990,0.0
AT5G48000,0.10027273
AT5G48010,0.027913155
AT5G48020,0.2563162
AT5G48030,0.03550509
AT5G48040,-0.14365268
AT5G48050,-0.063165724
AT5G48060,-0.36296287
AT5G48070,-0.04675236
AT5G48090,-0.033806514
AT5G48100,0.0
AT5G48110,-0.061504785
AT5G48120,0.043843906
AT5G48130,0.0
AT5G48140,0.0
AT5G48150,-0.2166751
AT5G48160,0.11774353
AT5G48170,-0.29548562
AT5G48175,0.019470116
AT5G48180,2.7275681
AT5G48200,0.0
AT5G48205,0.0
AT5G48210,0.0
AT5G48220,-0.21470761
AT5G48230,0.071668066
AT5G48240,0.05019007
AT5G48250,0.24702287
AT5G48270,0.0
AT5G48280,0.0
AT5G48290,0.04287508
AT5G48300,-0.64782494
AT5G48310,-0.080055736
AT5G48320,-0.20749575
AT5G48330,-0.13507336
AT5G48335,0.13498686
AT5G48340,-0.12287612
AT5G48350,0.0
AT5G48360,-0.28765598
AT5G48370,0.14429693
AT5G48375,0.0
AT5G48380,0.53441226
AT5G48385,0.16338475
AT5G48390,0.29080838
AT5G48400,1.4525676
AT5G48410,2.1859527
AT5G48420,0.0
AT5G48430,0.044869795
AT5G48440,0.0056249206
AT5G48450,-0.19942309
AT5G48460,-0.8092552
AT5G48470,-0.101913124
AT5G48480,-0.0836614
AT5G48485,-0.12731025
AT5G48490,0.038041413
AT5G48500,-0.2431706
AT5G48510,0.0
AT5G48515,0.0
AT5G48520,-0.16901073
AT5G48530,0.21830355
AT5G48540,0.56153196
AT5G48543,0.0
AT5G48545,-0.2750837
AT5G48550,0.014506714
AT5G48560,0.1478351
AT5G48570,0.22598645
AT5G48575,0.0
AT5G48580,-0.027127357
AT5G48590,-0.009340336
AT5G48595,0.0
AT5G48600,-0.22194164
AT5G48605,0.0
AT5G48610,-0.2375028
AT5G48620,-0.099240415
AT5G48630,-0.20608985
AT5G48640,0.078192115
AT5G48650,-0.014502965
AT5G48655,0.15037136
AT5G48657,0.7881079
AT5G48660,-0.25494358
AT5G48670,0.037729073
AT5G48680,-0.024416164
AT5G48690,-0.3695373
AT5G48700,0.0
AT5G48710,-0.029492572
AT5G48720,0.073522285
AT5G48730,-0.17795205
AT5G48740,-0.18577465
AT5G48750,0.0
AT5G48760,-0.028721197
AT5G48770,0.1681319
AT5G48780,0.114396565
AT5G48790,-0.34016073
AT5G48800,-0.40113258
AT5G48810,0.033378437
AT5G48820,0.21794985
AT5G48830,-0.15141259
AT5G48840,-0.13596912
AT5G48850,-0.39097303
AT5G48860,0.0
AT5G48870,-0.044880237
AT5G48880,-0.12690118
AT5G48890,0.019470116
AT5G48900,-0.7546382
AT5G48905,0.0
AT5G48910,-0.4695076
AT5G48920,0.3379407
AT5G48930,0.36180174
AT5G48940,-0.03057774
AT5G48945,0.0
AT5G48950,-0.21357086
AT5G48953,0.0
AT5G48960,-0.30636087
AT5G48970,0.41016203
AT5G48980,0.024889128
AT5G48990,-0.18415874
AT5G49000,0.06798236
AT5G49010,-0.072351635
AT5G49015,0.0024327005
AT5G49020,-0.18692434
AT5G49030,-0.20105898
AT5G49040,-0.009386205
AT5G49050,0.0
AT5G49060,-0.07330757
AT5G49070,0.0
AT5G49100,-0.9819644
AT5G49110,-0.12612276
AT5G49120,-0.051322225
AT5G49130,-0.089057155
AT5G49140,0.0
AT5G49150,-0.000559604
AT5G49160,-0.0840808
AT5G49170,-0.15287262
AT5G49180,-0.016074775
AT5G49190,-0.04725034
AT5G49200,0.07744506
AT5G49210,0.073796354
AT5G49215,-0.32544163
AT5G49220,0.053288437
AT5G49230,-0.17897224
AT5G49240,0.0
AT5G49250,0.0
AT5G49260,0.0
AT5G49270,-0.013417798
AT5G49280,-0.08838267
AT5G49290,-0.23510838
AT5G49300,-0.08970722
AT5G49305,-0.07160503
AT5G49310,-0.030972484
AT5G49320,-0.15622564
AT5G49330,0.023803962
AT5G49340,0.0
AT5G49350,0.0
AT5G49360,0.19145098
AT5G49390,-0.20433839
AT5G49400,-0.07433996
AT5G49410,0.031472124
AT5G49420,0.019470116
AT5G49430,-0.13609827
AT5G49440,-0.078737475
AT5G49450,0.719344
AT5G49460,0.085159756
AT5G49470,0.118564434
AT5G49480,1.8990909
AT5G49490,0.0
AT5G49500,-0.52180344
AT5G49510,-0.09964642
AT5G49520,0.9436893
AT5G49525,0.34914812
AT5G49530,-0.11615339
AT5G49540,0.031099914
AT5G49550,0.09247299
AT5G49555,-0.3253504
AT5G49560,0.2630791
AT5G49570,0.5838074
AT5G49580,-0.14900117
AT5G49590,-0.060245898
AT5G49600,0.30578053
AT5G49610,0.026638761
AT5G49620,0.58097076
AT5G49630,-0.23607142
AT5G49640,0.0
AT5G49645,0.13151902
AT5G49650,0.1365795
AT5G49660,-0.33942935
AT5G49665,1.0506805
AT5G49680,1.2017512
AT5G49690,2.3660853
AT5G49700,1.1457372
AT5G49710,0.16886453
AT5G49720,-0.16738279
AT5G49730,-0.63790655
AT5G49740,-0.4774726
AT5G49750,0.0
AT5G49760,0.38091666
AT5G49770,0.0
AT5G49780,-0.060245898
AT5G49800,-0.23263091
AT5G49810,-0.034018535
AT5G49820,-0.013616503
AT5G49830,0.189885
AT5G49840,-0.06518082
AT5G49850,0.07715505
AT5G49860,0.0
AT5G49870,0.0
AT5G49880,-0.1649505
AT5G49890,-0.058648553
AT5G49900,0.025048476
AT5G49910,0.33941734
AT5G49920,0.0
AT5G49930,-0.0066891112
AT5G49940,0.10307086
AT5G49945,-0.11065074
AT5G49950,0.18877605
AT5G49960,-0.23774959
AT5G49970,-0.10041197
AT5G49980,-0.1497316
AT5G49990,-0.25515878
AT5G50000,-0.4240126
AT5G50010,-0.38124084
AT5G50020,-0.16987318
AT5G50030,0.0
AT5G50040,0.0
AT5G50050,0.0
AT5G50060,0.038983252
AT5G50070,0.0
AT5G50080,0.086380415
AT5G50090,-0.20709786
AT5G50100,0.178006
AT5G50110,-0.22916423
AT5G50115,0.0
AT5G50120,-0.039495774
AT5G50130,-0.39412528
AT5G50140,0.0
AT5G50150,-0.6032382
AT5G50160,-0.26232797
AT5G50170,0.10961927
AT5G50175,0.02983008
AT5G50180,-0.3927266
AT5G50200,1.2899985
AT5G50210,0.24803607
AT5G50220,0.0
AT5G50230,-0.031879824
AT5G50240,-0.31886613
AT5G50250,0.05918576
AT5G50260,0.1417087
AT5G50270,0.0
AT5G50280,-0.36571807
AT5G50290,-0.16439624
AT5G50300,0.1278777
AT5G50310,-0.2170587
AT5G50320,0.20654558
AT5G50330,0.23662642
AT5G50335,-0.4442138
AT5G50340,-0.11300195
AT5G50345,0.0
AT5G50350,0.11175123
AT5G50360,1.5554135
AT5G50361,0.0
AT5G50365,0.0
AT5G50370,0.14597106
AT5G50375,-0.119667895
AT5G50380,0.18209057
AT5G50390,-0.04333774
AT5G50400,-0.08119007
AT5G50410,-0.19751473
AT5G50420,-0.4213683
AT5G50423,0.0
AT5G50430,0.12558104
AT5G50440,0.041820955
AT5G50443,0.024966149
AT5G50450,-0.20135698
AT5G50460,0.47687033
AT5G50470,0.39828745
AT5G50480,0.0
AT5G50490,0.0
AT5G50500,0.0
AT5G50510,0.0
AT5G50520,0.21956575
AT5G50530,0.007624643
AT5G50540,-0.0053390856
AT5G50550,-0.24646716
AT5G50560,0.83039933
AT5G50562,0.0
AT5G50565,0.9219634
AT5G50570,1.119519
AT5G50580,0.0
AT5G50590,0.0
AT5G50600,0.61343324
AT5G50610,-0.06541921
AT5G50640,0.18546864
AT5G50670,-0.40498334
AT5G50680,-0.17930987
AT5G50690,0.09723904
AT5G50700,0.001275093
AT5G50720,-0.27599874
AT5G50740,-0.4400386
AT5G50750,0.0018056048
AT5G50760,2.947713
AT5G50770,0.0
AT5G50780,-0.041655667
AT5G50790,0.050646048
AT5G50800,-0.85074615
AT5G50810,0.15609217
AT5G50820,0.10198795
AT5G50830,0.0
AT5G50840,0.017183533
AT5G50850,0.2541537
AT5G50870,-0.021722563
AT5G50890,-0.58867997
AT5G50900,-0.1452527
AT5G50910,0.0
AT5G50915,1.2092295
AT5G50920,-0.10690516
AT5G50930,0.15981965
AT5G50940,0.20701647
AT5G50950,-0.20376837
AT5G50960,0.43406725
AT5G50970,-0.2716439
AT5G50990,-0.15527721
AT5G51000,0.0
AT5G51010,0.06558968
AT5G51020,-0.16617694
AT5G51030,0.074267104
AT5G51040,0.57762074
AT5G51050,-0.10131107
AT5G51060,1.7004706
AT5G51070,0.6437215
AT5G51080,-0.21295816
AT5G51090,0.0
AT5G51100,-0.10149357
AT5G51105,0.05378591
AT5G51110,-0.28382745
AT5G51120,-0.045003906
AT5G51130,0.013685563
AT5G51140,-0.14359677
AT5G51150,-0.0035894858
AT5G51160,0.2523725
AT5G51170,-0.009138937
AT5G51180,-0.17053963
AT5G51190,0.043018512
AT5G51195,0.0
AT5G51200,-0.23842908
AT5G51210,0.009709837
AT5G51220,0.15198569
AT5G51230,-0.036287803
AT5G51250,0.0
AT5G51260,0.2894607
AT5G51270,-0.08511134
AT5G51280,0.029247642
AT5G51290,0.047804084
AT5G51300,-0.03697092
AT5G51310,-0.08722965
AT5G51330,0.0049671503
AT5G51340,0.019063234
AT5G51350,-0.3418246
AT5G51360,0.0
AT5G51370,-0.046230268
AT5G51380,-0.00821606
AT5G51390,0.27802917
AT5G51400,0.15001065
AT5G51410,-0.07177551
AT5G51420,0.02983008
AT5G51430,0.060230702
AT5G51440,0.7216308
AT5G51450,0.21320064
AT5G51451,-0.021237532
AT5G51460,-0.26144096
AT5G51465,1.4970446
AT5G51470,-0.15732981
AT5G51480,0.45368433
AT5G51490,0.0
AT5G51500,0.0
AT5G51510,0.24210437
AT5G51520,0.0
AT5G51530,-0.14151716
AT5G51540,-0.11883126
AT5G51545,-0.16074906
AT5G51550,-0.321599
AT5G51560,-0.37504578
AT5G51570,0.5732068
AT5G51580,0.0
AT5G51585,-0.058182526
AT5G51590,0.1684585
AT5G51600,-0.32866597
AT5G51610,0.0
AT5G51620,0.14991952
AT5G51630,0.3683932
AT5G51640,0.6373113
AT5G51650,0.0
AT5G51660,-0.08144775
AT5G51670,-0.16383654
AT5G51680,1.7051321
AT5G51690,-0.08747807
AT5G51700,0.012139325
AT5G51710,0.37494758
AT5G51720,-0.6066196
AT5G51730,-0.27704507
AT5G51740,0.38346478
AT5G51750,0.43719703
AT5G51760,0.32996926
AT5G51770,0.11299824
AT5G51780,-0.050750226
AT5G51790,-0.05386859
AT5G51795,-0.26640952
AT5G51800,0.0
AT5G51810,0.087489955
AT5G51820,-0.47950804
AT5G51830,0.70777375
AT5G51840,-0.026444132
AT5G51845,0.0
AT5G51850,-0.37251106
AT5G51860,0.0
AT5G51870,0.0033953402
AT5G51880,0.04311669
AT5G51890,0.41244197
AT5G51900,0.0
AT5G51910,-0.01086783
AT5G51915,0.0
AT5G51920,-0.46338186
AT5G51930,0.0
AT5G51940,-0.087603405
AT5G51950,-0.006820099
AT5G51960,0.0240496
AT5G51970,-0.14473142
AT5G51980,0.018607056
AT5G51990,0.070950165
AT5G52000,0.033225417
AT5G52010,-0.12768039
AT5G52020,0.0040716664
AT5G52030,-0.24696526
AT5G52040,-0.057042737
AT5G52045,0.0
AT5G52050,2.3575752
AT5G52060,-0.122873425
AT5G52070,0.19715923
AT5G52080,0.0
AT5G52090,0.0
AT5G52100,-0.56452024
AT5G52110,-0.14257616
AT5G52115,0.0
AT5G52120,-0.076130696
AT5G52130,0.0
AT5G52140,0.0
AT5G52150,0.0
AT5G52155,0.0
AT5G52160,-0.04675236
AT5G52170,0.0060788514
AT5G52180,-0.15315413
AT5G52190,-0.09612499
AT5G52200,0.15005045
AT5G52210,0.19530852
AT5G52220,-0.031372216
AT5G52230,-0.3202414
AT5G52240,0.114331596
AT5G52250,0.14308462
AT5G52260,0.0
AT5G52270,-0.077912405
AT5G52280,-0.5076603
AT5G52290,-0.02565289
AT5G52300,0.34264788
AT5G52310,0.6153096
AT5G52320,-0.4540029
AT5G52330,0.060818803
AT5G52340,-0.035687238
AT5G52350,0.049300194
AT5G52360,0.0
AT5G52370,-0.028267983
AT5G52380,0.0394013
AT5G52390,0.51414555
AT5G52400,0.31132942
AT5G52410,-0.2535152
AT5G52420,-0.13008575
AT5G52430,-0.10972344
AT5G52440,-0.19694036
AT5G52450,0.397778
AT5G52460,0.0
AT5G52470,0.09762928
AT5G52480,0.0
AT5G52490,0.0
AT5G52500,0.0
AT5G52510,-0.1201141
AT5G52520,-0.1608203
AT5G52530,0.07465062
AT5G52540,0.31713176
AT5G52545,-0.268533
AT5G52547,-0.07157537
AT5G52550,-0.26902413
AT5G52560,-0.01605974
AT5G52570,-0.29131985
AT5G52580,0.16729036
AT5G52600,-0.028597089
AT5G52605,0.0
AT5G52610,0.0
AT5G52620,0.109257095
AT5G52630,-0.04107291
AT5G52640,0.31852153
AT5G52650,0.29322907
AT5G52655,0.0
AT5G52660,0.050554395
AT5G52670,0.068137005
AT5G52680,0.01517929
AT5G52690,0.0
AT5G52700,0.0
AT5G52710,0.019470116
AT5G52720,1.1059196
AT5G52730,-0.002789479
AT5G52740,-0.09670638
AT5G52750,0.58872366
AT5G52760,1.0281048
AT5G52770,0.09318232
AT5G52780,-0.6003408
AT5G52790,0.08166133
AT5G52800,0.32408676
AT5G52810,1.2309744
AT5G52820,0.09109178
AT5G52830,-0.35688213
AT5G52840,0.1197858
AT5G52850,-0.18272296
AT5G52860,0.12880267
AT5G52870,0.14092329
AT5G52880,0.017204633
AT5G52882,-0.27348763
AT5G52890,-0.080978826
AT5G52900,-0.046131473
AT5G52910,0.2897533
AT5G52920,-0.07141466
AT5G52930,-0.13439165
AT5G52940,-0.07764506
AT5G52950,-0.07307042
AT5G52960,-0.23998475
AT5G52965,0.0
AT5G52970,-0.2896568
AT5G52975,0.0
AT5G52980,0.31083715
AT5G52990,0.24869573
AT5G53000,0.10948617
AT5G53010,-0.16281374
AT5G53020,-0.5945319
AT5G53030,0.095355876
AT5G53040,0.0
AT5G53045,0.04600123
AT5G53050,0.009375393
AT5G53060,-0.1952526
AT5G53070,-0.12462444
AT5G53080,-0.19623452
AT5G53090,0.0023702148
AT5G53100,0.01517929
AT5G53110,0.2663778
AT5G53120,1.069897
AT5G53130,0.04214574
AT5G53140,-0.098167166
AT5G53150,-0.32030332
AT5G53160,0.005287478
AT5G53170,-0.24405082
AT5G53180,0.14801785
AT5G53190,0.0
AT5G53200,-0.1714548
AT5G53210,0.11353795
AT5G53220,-0.23689699
AT5G53230,-0.014502965
AT5G53240,0.0
AT5G53250,0.055179864
AT5G53260,0.0
AT5G53270,0.0
AT5G53280,-0.32663023
AT5G53290,0.289343
AT5G53300,0.05134935
AT5G53310,0.11297149
AT5G53320,0.9778117
AT5G53330,0.31476068
AT5G53340,-0.086812936
AT5G53350,0.033445418
AT5G53360,-0.16442126
AT5G53370,-0.08053033
AT5G53380,0.0
AT5G53390,0.0
AT5G53400,0.022210412
AT5G53410,0.0
AT5G53420,-0.75269926
AT5G53430,-0.13629039
AT5G53440,-0.11125057
AT5G53450,0.24204887
AT5G53460,0.0142195085
AT5G53470,0.11685342
AT5G53480,0.0023355726
AT5G53486,0.56581897
AT5G53490,-0.11387511
AT5G53500,-0.32274392
AT5G53510,0.0
AT5G53520,0.0
AT5G53530,0.024414947
AT5G53540,0.25079292
AT5G53550,-0.062774524
AT5G53560,0.2485096
AT5G53570,-0.17700414
AT5G53580,-0.40419415
AT5G53590,0.7064684
AT5G53592,-0.08420493
AT5G53600,0.0
AT5G53610,0.0
AT5G53620,-0.12493881
AT5G53635,0.0
AT5G53637,0.0
AT5G53640,0.0
AT5G53650,0.1756763
AT5G53660,0.012339121
AT5G53670,0.0
AT5G53680,0.0
AT5G53700,-0.056340348
AT5G53710,0.32839674
AT5G53720,0.0
AT5G53730,-0.10944851
AT5G53740,0.0
AT5G53742,0.0
AT5G53750,0.27549148
AT5G53760,-0.18690759
AT5G53770,0.10968154
AT5G53780,0.0
AT5G53790,0.0
AT5G53800,-0.29918924
AT5G53810,0.0
AT5G53820,0.8669403
AT5G53830,0.11251266
AT5G53840,0.019470116
AT5G53850,-0.19115435
AT5G53860,-0.20835602
AT5G53870,0.60778975
AT5G53880,-0.8315174
AT5G53890,-0.17281789
AT5G53895,-0.007238564
AT5G53900,-0.5480291
AT5G53905,0.0
AT5G53910,0.0
AT5G53920,0.23164682
AT5G53930,-0.22010398
AT5G53940,-0.17323111
AT5G53950,-0.14041309
AT5G53960,0.0
AT5G53970,0.9959823
AT5G53980,-0.03164881
AT5G53990,1.5501359
AT5G54000,0.8015457
AT5G54010,0.0
AT5G54020,0.2842121
AT5G54030,0.0
AT5G54035,0.0
AT5G54040,0.49594876
AT5G54043,0.0
AT5G54050,0.0
AT5G54060,-0.072968826
AT5G54062,0.0
AT5G54067,0.0
AT5G54070,0.0
AT5G54080,0.27900633
AT5G54090,-0.17332536
AT5G54095,0.002202718
AT5G54100,0.65106016
AT5G54110,0.27117586
AT5G54130,0.19920498
AT5G54140,0.17081611
AT5G54145,0.066765904
AT5G54148,0.16165046
AT5G54150,0.0
AT5G54160,0.72385466
AT5G54165,1.4965059
AT5G54170,0.5338335
AT5G54180,-0.13477895
AT5G54190,0.19188131
AT5G54200,-0.4158416
AT5G54210,0.0
AT5G54215,0.0
AT5G54220,-0.016074775
AT5G54225,0.0
AT5G54230,0.587415
AT5G54240,0.091702074
AT5G54250,-0.075314105
AT5G54260,-0.04750523
AT5G54270,-0.5733309
AT5G54280,-0.2184293
AT5G54290,-0.1279737
AT5G54300,0.73052007
AT5G54310,0.1005364
AT5G54320,0.0
AT5G54330,0.0
AT5G54340,0.0
AT5G54350,0.0
AT5G54360,0.0
AT5G54370,0.0
AT5G54380,0.07778168
AT5G54390,0.31809086
AT5G54400,1.4556601
AT5G54410,0.0
AT5G54420,0.0
AT5G54430,0.080207966
AT5G54440,-0.036539633
AT5G54450,0.0
AT5G54460,0.0
AT5G54470,-0.3088277
AT5G54480,0.0
AT5G54490,0.58464265
AT5G54500,1.0355297
AT5G54510,2.1060216
AT5G54520,-0.030845208
AT5G54530,-0.30130634
AT5G54540,0.1502466
AT5G54550,-0.07211622
AT5G54560,0.049300194
AT5G54570,0.29912362
AT5G54580,-0.076372325
AT5G54585,-0.78512603
AT5G54590,0.17424579
AT5G54600,-0.22781627
AT5G54610,0.80123144
AT5G54620,0.017425839
AT5G54630,-0.4849179
AT5G54640,0.23978598
AT5G54650,0.80466986
AT5G54660,-0.002271794
AT5G54670,-0.042325184
AT5G54680,0.07825354
AT5G54690,0.11492945
AT5G54700,-0.016074775
AT5G54710,-0.07494529
AT5G54720,-0.07816379
AT5G54730,0.516732
AT5G54740,0.0
AT5G54745,0.0
AT5G54750,-0.06264667
AT5G54760,0.25587654
AT5G54770,-0.28076
AT5G54780,0.644528
AT5G54790,0.0
AT5G54800,-0.06948156
AT5G54810,1.4329895
AT5G54820,0.0
AT5G54830,-0.032053046
AT5G54840,0.5924535
AT5G54850,0.1717233
AT5G54855,-0.025392879
AT5G54860,1.0935394
AT5G54870,0.604001
AT5G54880,-0.34265772
AT5G54890,-0.44565272
AT5G54900,0.37809107
AT5G54910,-0.051134583
AT5G54920,-0.08048225
AT5G54930,0.41053703
AT5G54940,0.21352668
AT5G54950,-0.014502965
AT5G54960,0.16572906
AT5G54970,0.25995374
AT5G54980,-0.47840697
AT5G54990,0.0
AT5G55000,-0.15076798
AT5G55010,0.0
AT5G55020,-0.0021896493
AT5G55040,-0.1016923
AT5G55050,-0.19646785
AT5G55060,0.043310687
AT5G55070,0.36714163
AT5G55080,0.0
AT5G55090,0.29147118
AT5G55100,-0.060889676
AT5G55110,0.0
AT5G55120,0.054651197
AT5G55125,0.053963058
AT5G55130,0.15017729
AT5G55131,0.0
AT5G55132,0.0
AT5G55135,0.5335447
AT5G55140,0.019260455
AT5G55150,-0.20709763
AT5G55160,-0.0027453185
AT5G55170,0.39241585
AT5G55180,1.959264
AT5G55190,0.12934422
AT5G55200,0.38183513
AT5G55210,-0.21604194
AT5G55220,-0.38647527
AT5G55230,-0.25714916
AT5G55240,0.0
AT5G55250,-0.4021201
AT5G55260,-0.13035966
AT5G55270,-0.0847166
AT5G55280,-0.14936997
AT5G55290,0.22660987
AT5G55300,-0.31056058
AT5G55310,-0.03440301
AT5G55320,0.0
AT5G55330,0.0
AT5G55340,0.01517929
AT5G55350,0.0
AT5G55360,0.0
AT5G55370,0.062801644
AT5G55380,-0.28294113
AT5G55390,-0.16685003
AT5G55400,-0.08723861
AT5G55410,0.4080934
AT5G55430,0.0
AT5G55440,0.0
AT5G55450,0.8327063
AT5G55460,0.3103662
AT5G55470,-0.30683845
AT5G55480,-0.33600163
AT5G55490,0.1129832
AT5G55500,0.038143165
AT5G55507,0.01517929
AT5G55508,0.0
AT5G55510,0.32117033
AT5G55520,-0.20102327
AT5G55530,0.4722855
AT5G55540,-0.2527739
AT5G55550,-0.03918587
AT5G55560,0.75619745
AT5G55565,0.0
AT5G55570,-0.13082208
AT5G55580,-0.19327442
AT5G55590,-0.046076033
AT5G55600,-0.062125016
AT5G55610,0.21284571
AT5G55620,-0.42582986
AT5G55630,0.16070439
AT5G55640,-0.12555254
AT5G55650,0.0
AT5G55660,-0.40988043
AT5G55670,-0.08457584
AT5G55680,0.0
AT5G55690,0.038306925
AT5G55700,0.01912095
AT5G55710,-0.14603426
AT5G55720,0.10372157
AT5G55730,-0.3171138
AT5G55740,-0.5248189
AT5G55750,-0.016074775
AT5G55760,-0.38932478
AT5G55770,-0.014502965
AT5G55780,0.0
AT5G55790,-0.30509675
AT5G55800,0.0
AT5G55810,-0.037588358
AT5G55820,0.20235401
AT5G55830,-0.08575045
AT5G55840,-0.29318818
AT5G55850,0.09761172
AT5G55855,0.0
AT5G55856,0.0
AT5G55860,0.10022512
AT5G55870,0.0
AT5G55880,0.0
AT5G55893,0.053486217
AT5G55900,-0.29295117
AT5G55910,-0.047888443
AT5G55920,0.2112914
AT5G55930,-0.6121794
AT5G55940,0.022020299
AT5G55950,-0.16657296
AT5G55960,-0.03919397
AT5G55970,0.024661167
AT5G55980,0.02983008
AT5G55990,-0.273775
AT5G56000,0.038200364
AT5G56010,0.31108442
AT5G56020,0.13904548
AT5G56030,0.29264468
AT5G56040,-0.53886056
AT5G56050,0.3200906
AT5G56060,-0.014502965
AT5G56070,0.0
AT5G56075,0.0
AT5G56080,0.0
AT5G56090,0.09838869
AT5G56100,-0.07768684
AT5G56110,-0.016074775
AT5G56120,-0.27232152
AT5G56130,-0.109309755
AT5G56140,-0.0010224913
AT5G56150,0.44669017
AT5G56160,-0.10725164
AT5G56170,0.32611984
AT5G56180,0.28863785
AT5G56190,0.15513366
AT5G56200,0.3925525
AT5G56210,-0.46882164
AT5G56220,-0.24930106
AT5G56230,0.63658935
AT5G56240,-0.02558056
AT5G56250,-0.065762445
AT5G56260,0.044617817
AT5G56270,0.12019478
AT5G56280,-0.049335055
AT5G56290,0.007920626
AT5G56300,-0.00089548406
AT5G56310,-0.13681246
AT5G56320,-5.2297848e-05
AT5G56325,0.0
AT5G56330,0.0
AT5G56340,0.33009824
AT5G56350,0.6998435
AT5G56360,-0.049832854
AT5G56368,0.0
AT5G56369,0.0
AT5G56370,-0.6142916
AT5G56380,-0.28822038
AT5G56390,0.0
AT5G56400,0.0
AT5G56410,0.0
AT5G56420,-0.119906716
AT5G56430,0.0
AT5G56440,0.0
AT5G56450,-0.14879699
AT5G56452,0.0
AT5G56460,-0.022986103
AT5G56470,0.0
AT5G56480,0.0
AT5G56490,0.01044078
AT5G56500,-0.54454553
AT5G56510,-0.06964974
AT5G56520,-0.25159693
AT5G56530,-0.40481693
AT5G56540,-0.15441777
AT5G56550,-0.06987772
AT5G56555,0.0
AT5G56560,0.0
AT5G56570,0.0
AT5G56580,-0.14409271
AT5G56590,-0.3661251
AT5G56600,-0.07322457
AT5G56610,0.06903075
AT5G56620,0.29854047
AT5G56630,-0.14948978
AT5G56640,0.0
AT5G56650,-0.16284823
AT5G56660,0.07066388
AT5G56680,0.03997357
AT5G56690,0.0
AT5G56700,-0.15830348
AT5G56710,0.058238015
AT5G56720,-0.005538345
AT5G56730,-0.16333973
AT5G56740,-0.027689103
AT5G56750,0.24736671
AT5G56760,0.25907966
AT5G56770,0.0
AT5G56780,-0.43547356
AT5G56790,-0.2617657
AT5G56795,0.0070927613
AT5G56800,0.042047374
AT5G56810,-0.23372382
AT5G56820,0.0
AT5G56840,0.20372431
AT5G56850,-0.80978435
AT5G56860,-0.42272574
AT5G56870,-0.24561079
AT5G56880,0.15153365
AT5G56890,-0.042996965
AT5G56900,-0.026946174
AT5G56910,-0.17482914
AT5G56920,0.0
AT5G56930,-0.07064956
AT5G56940,0.07123556
AT5G56950,-0.031425554
AT5G56960,1.3946835
AT5G56970,1.9606642
AT5G56980,0.9547301
AT5G56985,0.0532782
AT5G56990,-0.17480786
AT5G57000,0.04616551
AT5G57010,2.2380872
AT5G57015,0.14086115
AT5G57020,0.069496036
AT5G57030,-0.5205756
AT5G57035,0.6229493
AT5G57040,-0.31919116
AT5G57050,0.290484
AT5G57060,0.37881225
AT5G57070,0.17019635
AT5G57080,-0.0047799805
AT5G57090,-0.014301923
AT5G57100,-0.31610575
AT5G57110,-0.32339603
AT5G57120,-0.30264044
AT5G57123,0.6000431
AT5G57130,-0.48485175
AT5G57140,-0.40397036
AT5G57150,0.12779343
AT5G57160,-0.24119954
AT5G57170,-0.38847703
AT5G57180,-0.28124145
AT5G57190,0.12099153
AT5G57200,0.0
AT5G57210,-0.37581247
AT5G57220,0.5411387
AT5G57230,-0.114975736
AT5G57240,-0.03179441
AT5G57250,-0.17040968
AT5G57260,0.19980632
AT5G57270,-0.44274274
AT5G57280,0.07529423
AT5G57290,0.21581775
AT5G57300,-0.044345547
AT5G57320,-0.0855072
AT5G57330,-0.11480946
AT5G57340,-0.4483104
AT5G57345,-0.50485146
AT5G57350,-0.0707221
AT5G57360,-0.037390046
AT5G57370,-0.036365908
AT5G57380,0.043181974
AT5G57390,-0.3543364
AT5G57400,0.02983008
AT5G57410,0.04998677
AT5G57420,0.0
AT5G57440,-0.38296843
AT5G57450,0.1676738
AT5G57460,0.13493986
AT5G57480,1.4029946
AT5G57490,-0.15967596
AT5G57500,0.7515805
AT5G57510,2.387696
AT5G57520,0.6394445
AT5G57530,0.0
AT5G57535,0.0
AT5G57540,0.0
AT5G57550,0.9183069
AT5G57560,1.0798684
AT5G57565,-0.079271995
AT5G57567,-0.03305823
AT5G57569,0.0
AT5G57570,-0.20850061
AT5G57580,0.1312983
AT5G57590,-0.07866167
AT5G57610,-0.13399258
AT5G57620,-0.016074775
AT5G57625,0.0
AT5G57630,-0.012362666
AT5G57640,-0.12221944
AT5G57650,0.22011654
AT5G57655,0.46008644
AT5G57660,-0.13955681
AT5G57670,-0.11646735
AT5G57685,-0.7983787
AT5G57690,0.0
AT5G57700,-0.31028685
AT5G57710,-0.14163563
AT5G57720,0.01517929
AT5G57740,-0.0462898
AT5G57750,0.0
AT5G57760,-0.3106734
AT5G57770,0.13944808
AT5G57780,-0.898958
AT5G57785,-0.34486958
AT5G57790,-0.5089807
AT5G57800,-0.057722397
AT5G57810,-0.044671863
AT5G57815,-0.097638644
AT5G57820,0.0
AT5G57830,0.0008604551
AT5G57840,0.07575607
AT5G57850,-0.14388713
AT5G57860,0.26453313
AT5G57870,0.16425417
AT5G57880,-0.25514546
AT5G57887,0.3594859
AT5G57890,-0.13885668
AT5G57900,0.3216268
AT5G57910,0.6432705
AT5G57920,0.01517929
AT5G57930,-0.24666356
AT5G57940,-0.18497242
AT5G57950,-0.047058914
AT5G57960,-0.20240645
AT5G57970,0.008726424
AT5G57980,0.08001015
AT5G57990,0.20516111
AT5G58000,-0.3484255
AT5G58003,-0.27970248
AT5G58005,0.08039713
AT5G58010,0.0
AT5G58020,0.18937145
AT5G58030,0.06613831
AT5G58040,-0.007633632
AT5G58050,0.095991865
AT5G58060,0.3183547
AT5G58070,-0.15050924
AT5G58080,-0.0007476615
AT5G58090,-0.12576796
AT5G58100,-0.08085973
AT5G58110,0.017366773
AT5G58120,0.43634903
AT5G58130,-0.10815689
AT5G58140,-0.65310484
AT5G58150,-0.19475192
AT5G58160,0.1714377
AT5G58170,0.019470116
AT5G58180,-0.014502965
AT5G58190,0.05461273
AT5G58200,-0.16375366
AT5G58210,0.031132981
AT5G58220,0.17079352
AT5G58230,0.0066462005
AT5G58240,0.05723452
AT5G58250,-0.019895894
AT5G58260,-0.8936621
AT5G58270,-0.027622623
AT5G58280,-0.014502965
AT5G58290,0.40244418
AT5G58300,-0.49948427
AT5G58310,-0.45144793
AT5G58320,0.59399325
AT5G58330,-0.17932995
AT5G58340,-0.6596771
AT5G58350,0.6885417
AT5G58360,-0.046325147
AT5G58370,-0.37477815
AT5G58375,0.3898774
AT5G58380,0.15924929
AT5G58390,-0.6468263
AT5G58400,-0.016074775
AT5G58410,-0.005321273
AT5G58412,0.0
AT5G58420,0.15094192
AT5G58430,0.16229886
AT5G58440,-0.1306761
AT5G58450,-0.1174782
AT5G58460,0.0
AT5G58470,0.18575144
AT5G58480,-0.5963153
AT5G58490,0.17366304
AT5G58500,-0.23448865
AT5G58510,-0.027789462
AT5G58520,-0.29490745
AT5G58530,-0.018277343
AT5G58540,0.044734426
AT5G58550,-0.44385308
AT5G58560,-0.018502725
AT5G58570,0.26600385
AT5G58575,0.07351979
AT5G58580,-0.4532611
AT5G58590,-0.17711425
AT5G58600,-0.2096076
AT5G58610,-0.037042525
AT5G58620,0.5603278
AT5G58630,-0.043000817
AT5G58640,0.1288376
AT5G58650,-0.018338079
AT5G58660,-0.16229205
AT5G58670,0.20125695
AT5G58680,0.711384
AT5G58690,0.06489813
AT5G58700,0.3354298
AT5G58710,0.015456407
AT5G58720,0.11493264
AT5G58730,0.7606667
AT5G58740,0.04953702
AT5G58750,-0.016074775
AT5G58760,-0.19776322
AT5G58770,-0.188926
AT5G58780,0.0
AT5G58782,0.0
AT5G58784,0.041708555
AT5G58787,-0.40452272
AT5G58790,-0.15492956
AT5G58800,0.29740554
AT5G58810,0.0
AT5G58820,0.0
AT5G58830,0.0
AT5G58840,2.512094
AT5G58850,0.0
AT5G58860,0.11142573
AT5G58870,-0.0690549
AT5G58880,0.0
AT5G58890,0.0
AT5G58900,-0.43358675
AT5G58910,0.0
AT5G58930,-0.33561406
AT5G58940,0.25700003
AT5G58950,-0.059261184
AT5G58960,-0.18055527
AT5G58970,-0.26177695
AT5G58980,0.06054329
AT5G58990,0.13057776
AT5G59000,-0.27252406
AT5G59010,-0.25676832
AT5G59030,-0.40140218
AT5G59040,0.0
AT5G59050,-1.0396394
AT5G59060,0.1208837
AT5G59080,-0.57210785
AT5G59090,0.038306925
AT5G59100,0.0
AT5G59105,0.0
AT5G59110,0.0
AT5G59120,0.0
AT5G59130,-0.757798
AT5G59140,0.27074584
AT5G59150,0.28230482
AT5G59160,0.06366488
AT5G59170,-0.059604794
AT5G59180,-0.023529513
AT5G59190,0.0
AT5G59200,0.16552833
AT5G59210,-0.04965943
AT5G59220,1.6075118
AT5G59230,0.068137005
AT5G59240,-0.0932282
AT5G59250,-0.37534252
AT5G59260,0.054580156
AT5G59270,-0.028597089
AT5G59280,0.0
AT5G59290,0.45280096
AT5G59300,0.35480732
AT5G59305,0.0
AT5G59310,2.010081
AT5G59320,0.8073879
AT5G59330,0.019470116
AT5G59340,0.025178125
AT5G59350,-0.38308427
AT5G59360,-0.24287763
AT5G59370,-0.04230479
AT5G59380,-0.064120516
AT5G59390,0.87961
AT5G59400,0.228681
AT5G59410,-0.17861937
AT5G59420,0.21314825
AT5G59430,-0.16081683
AT5G59440,-0.124887906
AT5G59450,0.09378152
AT5G59460,-0.1577796
AT5G59470,0.08234213
AT5G59490,1.3284432
AT5G59500,0.14861703
AT5G59510,0.41163188
AT5G59520,-0.10305519
AT5G59530,0.8947749
AT5G59540,-0.00823619
AT5G59550,0.6848761
AT5G59560,-0.04813605
AT5G59570,0.4137142
AT5G59580,0.697306
AT5G59590,0.20855631
AT5G59600,-0.32451165
AT5G59610,-0.012839516
AT5G59613,0.12923059
AT5G59616,0.0
AT5G59650,-0.6947965
AT5G59660,-0.5412298
AT5G59670,0.61852384
AT5G59680,0.3461388
AT5G59700,-0.00043819827
AT5G59710,-0.1287581
AT5G59720,0.16841257
AT5G59730,-0.33396837
AT5G59740,-0.14176719
AT5G59750,-0.41283038
AT5G59760,-0.11770597
AT5G59770,-0.10402917
AT5G59780,-0.3409536
AT5G59790,0.018787496
AT5G59800,-0.39434364
AT5G59810,0.20574045
AT5G59820,1.8616222
AT5G59830,-0.26660213
AT5G59840,0.29167032
AT5G59845,0.15460177
AT5G59860,0.0
AT5G59865,0.034773577
AT5G59870,0.07323664
AT5G59880,0.08682454
AT5G59890,0.45995486
AT5G59895,0.0
AT5G59900,-0.24096127
AT5G59910,0.12476141
AT5G59920,-0.509447
AT5G59930,0.0
AT5G59940,0.016634583
AT5G59950,0.1022126
AT5G59960,0.26013684
AT5G59980,-0.2293894
AT5G59990,-0.25991774
AT5G60000,0.0
AT5G60010,0.0
AT5G60020,0.3058625
AT5G60030,-0.29135865
AT5G60040,0.068144076
AT5G60050,-0.16515447
AT5G60060,0.0
AT5G60070,0.0
AT5G60080,0.0
AT5G60090,0.0
AT5G60100,-0.065905966
AT5G60110,0.07265296
AT5G60120,-0.2991282
AT5G60130,-0.14528456
AT5G60140,0.0
AT5G60142,-0.15432745
AT5G60150,-0.15786102
AT5G60160,0.14693639
AT5G60170,-0.04613786
AT5G60180,-0.01179326
AT5G60190,0.02749763
AT5G60200,-0.580685
AT5G60210,-0.45367524
AT5G60215,0.0
AT5G60220,0.0012483334
AT5G60230,-0.0381657
AT5G60240,0.0
AT5G60250,0.006749422
AT5G60260,-0.060245898
AT5G60265,0.0
AT5G60270,0.47186667
AT5G60280,0.8026993
AT5G60290,-0.077305205
AT5G60300,0.15948747
AT5G60310,0.0042274194
AT5G60320,0.04438807
AT5G60335,-0.005682905
AT5G60340,0.17984763
AT5G60350,0.057684936
AT5G60360,0.15803789
AT5G60370,-0.15771751
AT5G60380,0.07172963
AT5G60390,0.09825355
AT5G60400,-0.17909825
AT5G60410,0.08683166
AT5G60430,-0.14722104
AT5G60440,-0.06579742
AT5G60450,-0.38276577
AT5G60460,0.30170968
AT5G60470,-0.13131118
AT5G60480,0.0
AT5G60490,-0.48746136
AT5G60500,0.0
AT5G60510,0.0
AT5G60520,0.0
AT5G60530,0.01517929
AT5G60540,-0.041177265
AT5G60550,-0.0364288
AT5G60553,0.0
AT5G60560,0.0
AT5G60570,-0.06986521
AT5G60580,0.0011372105
AT5G60590,0.13206688
AT5G60600,-0.11478009
AT5G60610,0.2040218
AT5G60615,0.0
AT5G60620,0.1676804
AT5G60630,0.6552573
AT5G60640,0.0511592
AT5G60650,0.233791
AT5G60660,0.43699667
AT5G60670,-0.055311985
AT5G60680,0.15510015
AT5G60690,-0.20297462
AT5G60700,0.24031137
AT5G60710,0.07224953
AT5G60720,0.057942048
AT5G60730,0.084484085
AT5G60740,0.0
AT5G60750,0.26489425
AT5G60760,0.15479419
AT5G60770,0.0
AT5G60780,0.0
AT5G60790,0.30333486
AT5G60800,0.43588197
AT5G60805,0.0
AT5G60810,0.0
AT5G60820,-0.04856793
AT5G60830,-0.014502965
AT5G60840,0.032401502
AT5G60850,-0.06005013
AT5G60860,0.021429947
AT5G60870,-0.17749563
AT5G60880,-0.009126973
AT5G60890,-0.59513503
AT5G60900,0.74816227
AT5G60910,-0.2697019
AT5G60920,-0.14583398
AT5G60930,-0.13934146
AT5G60940,-0.21941306
AT5G60945,0.0
AT5G60950,0.40268838
AT5G60960,0.021917261
AT5G60964,0.0
AT5G60970,-0.2447665
AT5G60980,-0.027072832
AT5G60990,-0.09820301
AT5G61000,-0.06812767
AT5G61010,0.64312786
AT5G61020,0.080964394
AT5G61030,0.08621559
AT5G61040,-0.22869253
AT5G61050,-0.014502965
AT5G61060,0.03906688
AT5G61070,-0.0015618517
AT5G61090,-0.29857773
AT5G61100,-0.14616239
AT5G61110,0.0
AT5G61120,0.0
AT5G61130,-0.6319373
AT5G61140,-0.03210004
AT5G61150,-0.15692307
AT5G61160,-1.4213883
AT5G61170,0.2680526
AT5G61180,-0.012474713
AT5G61190,0.05927382
AT5G61200,-0.39788184
AT5G61210,0.5394034
AT5G61220,0.05589572
AT5G61230,0.027484698
AT5G61240,0.20591134
AT5G61250,0.08054896
AT5G61260,-0.06504623
AT5G61270,-0.7075893
AT5G61280,-0.12994562
AT5G61290,-0.16197746
AT5G61300,-0.14968476
AT5G61310,0.011918841
AT5G61320,0.0049671503
AT5G61330,-0.48492736
AT5G61340,-0.22185521
AT5G61350,-0.19796947
AT5G61360,0.140475
AT5G61370,0.32761535
AT5G61380,0.23240717
AT5G61390,0.19664085
AT5G61400,-0.023064597
AT5G61410,-0.29452702
AT5G61412,0.019470116
AT5G61420,-1.1907656
AT5G61430,-0.22750339
AT5G61440,0.16727804
AT5G61450,0.15742148
AT5G61460,-0.2617116
AT5G61470,0.0
AT5G61480,-0.6697328
AT5G61490,0.19739419
AT5G61495,0.0
AT5G61500,-0.031147368
AT5G61510,0.040255867
AT5G61520,0.07015169
AT5G61530,0.19378513
AT5G61540,-0.017982796
AT5G61550,0.13338597
AT5G61560,0.3835936
AT5G61570,-0.1247444
AT5G61580,-0.052873094
AT5G61590,-0.4273258
AT5G61600,0.037122563
AT5G61605,0.0
AT5G61610,-0.042800147
AT5G61620,0.034649406
AT5G61630,0.0
AT5G61640,0.13447604
AT5G61650,0.0
AT5G61660,-0.4316388
AT5G61670,-0.08470408
AT5G61680,0.0
AT5G61690,0.04398793
AT5G61700,0.0
AT5G61710,0.0
AT5G61720,0.019470116
AT5G61730,0.040663835
AT5G61740,-0.31189364
AT5G61750,0.0
AT5G61760,0.018872587
AT5G61770,-0.026674697
AT5G61780,0.320801
AT5G61790,0.59377974
AT5G61800,0.24264482
AT5G61810,0.13962512
AT5G61820,1.1885915
AT5G61830,-0.27650857
AT5G61840,-0.0329718
AT5G61850,0.0
AT5G61865,-0.020346044
AT5G61880,0.27503595
AT5G61890,1.4363533
AT5G61900,0.69362533
AT5G61910,0.087634295
AT5G61920,-0.16671678
AT5G61930,-0.22946362
AT5G61940,-0.033513278
AT5G61950,-0.25337452
AT5G61960,0.1102243
AT5G61970,0.07310582
AT5G61980,-0.12286356
AT5G61990,-0.20431669
AT5G61997,0.0
AT5G62000,-0.3536061
AT5G62020,0.31114364
AT5G62030,-0.08304246
AT5G62040,-0.10239906
AT5G62050,0.0786742
AT5G62060,0.0
AT5G62065,0.0
AT5G62070,0.64759904
AT5G62080,0.0
AT5G62090,0.0014440076
AT5G62100,-0.5835759
AT5G62110,0.0
AT5G62120,0.0
AT5G62130,-0.21062772
AT5G62140,-0.24761152
AT5G62150,1.2976125
AT5G62160,0.0
AT5G62165,-0.112124234
AT5G62170,-0.48330876
AT5G62180,0.5143392
AT5G62190,-0.00910932
AT5G62200,0.23262502
AT5G62210,-0.0556467
AT5G62220,-0.4760611
AT5G62230,0.116627984
AT5G62240,-0.016074775
AT5G62250,-0.066128455
AT5G62260,0.14962429
AT5G62270,0.0692678
AT5G62280,-0.4667588
AT5G62290,0.07915956
AT5G62310,-0.1086366
AT5G62320,0.0049671503
AT5G62330,0.0
AT5G62340,0.0
AT5G62350,-0.8211935
AT5G62360,-0.8651363
AT5G62370,-0.0011607107
AT5G62380,-0.239777
AT5G62390,0.014731099
AT5G62400,0.0
AT5G62410,-0.09281419
AT5G62420,0.0
AT5G62430,-0.28390285
AT5G62440,0.31413212
AT5G62460,0.43213117
AT5G62470,0.23989515
AT5G62480,0.50731874
AT5G62490,0.0006763258
AT5G62500,0.1554857
AT5G62510,0.0
AT5G62520,2.0009146
AT5G62530,0.52569973
AT5G62540,0.344406
AT5G62550,-0.53092253
AT5G62560,0.057023287
AT5G62570,0.12458379
AT5G62573,0.0
AT5G62575,0.17202021
AT5G62580,0.32035035
AT5G62600,0.037109632
AT5G62610,-0.120951116
AT5G62620,0.2823979
AT5G62623,0.0
AT5G62627,0.0
AT5G62630,-0.28421152
AT5G62640,0.038659725
AT5G62650,-0.12254842
AT5G62660,0.0
AT5G62670,-0.20420069
AT5G62680,0.41135517
AT5G62690,-0.17044948
AT5G62700,-0.4408567
AT5G62710,-0.3546969
AT5G62720,0.14600503
AT5G62730,0.020416344
AT5G62740,0.27879298
AT5G62750,0.01517929
AT5G62760,-0.09890712
AT5G62770,0.9013007
AT5G62780,0.0
AT5G62790,-0.26549983
AT5G62800,0.019470116
AT5G62810,-0.09882468
AT5G62820,-0.31545237
AT5G62830,0.0
AT5G62840,-0.26714483
AT5G62850,-0.47023985
AT5G62860,0.0
AT5G62860,0.0
AT5G62880,-0.19085617
AT5G62890,-0.4309445
AT5G62900,-0.0960468
AT5G62910,0.18016638
AT5G62920,-0.2839535
AT5G62930,-0.0068439683
AT5G62940,-0.6724478
AT5G62950,-0.23763582
AT5G62960,-0.6232558
AT5G62970,0.0
AT5G62980,-0.14577727
AT5G62990,-0.11253229
AT5G62998,0.0
AT5G63000,0.0019716434
AT5G63010,0.29079223
AT5G63020,0.07197207
AT5G63030,0.30358502
AT5G63040,-0.33079436
AT5G63050,0.087553464
AT5G63060,-0.0044947555
AT5G63063,0.0
AT5G63070,0.0
AT5G63080,-0.07491722
AT5G63085,0.0
AT5G63087,0.0
AT5G63090,-0.012178695
AT5G63100,-0.042547267
AT5G63110,-0.056654777
AT5G63120,0.39932525
AT5G63130,1.2986867
AT5G63135,-0.19687763
AT5G63140,-0.089025624
AT5G63150,0.13916734
AT5G63160,0.84255034
AT5G63170,0.0
AT5G63180,-1.1804119
AT5G63190,-0.05454975
AT5G63200,-0.0049992413
AT5G63220,0.19508864
AT5G63225,0.31832942
AT5G63230,0.0
AT5G63240,0.05487539
AT5G63250,-0.058125682
AT5G63260,0.10616721
AT5G63270,0.0
AT5G63280,-0.06497736
AT5G63290,0.004795104
AT5G63300,0.036160618
AT5G63310,-0.10437686
AT5G63320,-0.19028218
AT5G63370,-0.051156342
AT5G63375,0.0
AT5G63380,-0.12120578
AT5G63390,0.0006317327
AT5G63400,0.1530672
AT5G63410,-0.5753018
AT5G63420,-0.19368267
AT5G63440,-0.09426286
AT5G63450,1.5723668
AT5G63460,-0.02598778
AT5G63470,-0.051688854
AT5G63480,0.011423371
AT5G63490,0.2573569
AT5G63500,-0.1265864
AT5G63510,0.1650401
AT5G63520,-0.12893325
AT5G63530,-0.79147714
AT5G63540,-0.20268016
AT5G63550,0.017698232
AT5G63560,0.0
AT5G63570,0.31801438
AT5G63580,-0.14675544
AT5G63590,-0.11542505
AT5G63595,-0.009126973
AT5G63600,0.87940264
AT5G63610,0.08218637
AT5G63620,0.28224066
AT5G63625,-0.14642142
AT5G63630,-0.36792636
AT5G63640,0.14811333
AT5G63650,-0.49141487
AT5G63660,0.0
AT5G63670,-0.06247966
AT5G63680,0.5821285
AT5G63690,0.012741138
AT5G63700,-0.6541021
AT5G63710,-0.34153065
AT5G63720,-0.028597089
AT5G63730,-0.028597089
AT5G63740,0.04398793
AT5G63750,0.0060085305
AT5G63760,-0.09152391
AT5G63770,-0.056866888
AT5G63780,-0.60090315
AT5G63790,1.2073599
AT5G63800,0.0030607632
AT5G63810,-0.32854232
AT5G63820,-0.0841748
AT5G63830,-0.1594643
AT5G63840,-0.03022649
AT5G63850,0.5114574
AT5G63860,-0.11196628
AT5G63870,-0.19090489
AT5G63880,0.43278956
AT5G63890,0.14277944
AT5G63900,-0.014502965
AT5G63905,0.19190222
AT5G63910,0.114757836
AT5G63920,0.1110411
AT5G63930,-0.08358721
AT5G63940,-0.19839469
AT5G63950,0.019263683
AT5G63960,-0.2821367
AT5G63970,0.4170351
AT5G63980,0.09151217
AT5G63990,0.84302175
AT5G64000,0.07017175
AT5G64010,0.13497236
AT5G64020,0.1610459
AT5G64030,-0.14082398
AT5G64040,-0.51669306
AT5G64050,0.06063584
AT5G64060,-0.07083793
AT5G64070,-0.015403262
AT5G64080,0.13530347
AT5G64090,0.19474065
AT5G64100,-0.5432474
AT5G64110,0.23506191
AT5G64120,-0.44957364
AT5G64130,0.30083513
AT5G64140,0.120901436
AT5G64150,0.054218125
AT5G64160,0.02783233
AT5G64170,-0.31344947
AT5G64180,-0.12469971
AT5G64190,0.20056322
AT5G64200,0.19733343
AT5G64210,0.034649406
AT5G64220,0.007663419
AT5G64230,0.9227406
AT5G64240,0.16099271
AT5G64250,0.27834308
AT5G64260,0.40924832
AT5G64270,0.06860473
AT5G64280,-0.23675328
AT5G64290,0.16427375
AT5G64300,0.51694095
AT5G64310,2.1849692
AT5G64320,-0.09073559
AT5G64330,-0.59483093
AT5G64340,-0.323973
AT5G64350,0.20827535
AT5G64360,-0.13273768
AT5G64370,0.35372755
AT5G64380,-0.25833026
AT5G64390,-0.06385068
AT5G64395,0.0
AT5G64400,0.56880635
AT5G64401,0.0
AT5G64410,-0.29088512
AT5G64420,0.0036492979
AT5G64430,0.26978758
AT5G64440,0.15932329
AT5G64450,0.11352131
AT5G64460,-0.38976848
AT5G64470,0.04516097
AT5G64480,-0.05793605
AT5G64490,0.16941378
AT5G64500,0.17682602
AT5G64510,0.7724836
AT5G64520,-0.17382324
AT5G64530,-0.14038801
AT5G64540,0.054386497
AT5G64550,-0.66666114
AT5G64560,-0.023927713
AT5G64570,0.37061173
AT5G64580,-0.1846502
AT5G64590,-0.013417798
AT5G64600,-0.074430294
AT5G64610,-0.12827095
AT5G64620,-0.45690012
AT5G64630,-0.26056647
AT5G64640,-0.33190465
AT5G64650,-0.091434345
AT5G64660,1.1526062
AT5G64667,-0.26843977
AT5G64670,-0.35996997
AT5G64680,-0.096563555
AT5G64687,0.05884562
AT5G64690,-0.05145374
AT5G64700,0.19080897
AT5G64710,0.22813267
AT5G64720,-0.009126973
AT5G64730,0.144439
AT5G64740,-0.13284233
AT5G64750,2.3091495
AT5G64760,0.10877041
AT5G64770,-1.2957689
AT5G64780,-0.12437175
AT5G64790,0.31880054
AT5G64800,-0.4386719
AT5G64810,1.3118091
AT5G64813,0.11658126
AT5G64816,-0.06824348
AT5G64820,0.038306925
AT5G64830,-0.24689291
AT5G64840,-0.28273746
AT5G64850,-0.15680136
AT5G64860,-0.3301355
AT5G64870,1.8565705
AT5G64880,0.124672234
AT5G64890,1.2550433
AT5G64900,0.43848315
AT5G64905,1.3680286
AT5G64910,0.058062702
AT5G64920,-0.09193171
AT5G64930,0.14922397
AT5G64940,-0.33140868
AT5G64950,-0.0387367
AT5G64960,-0.12837683
AT5G64970,-0.16964605
AT5G64980,-0.07633382
AT5G64990,0.03336532
AT5G65000,0.13592994
AT5G65005,0.0
AT5G65010,0.28483418
AT5G65020,0.20771316
AT5G65030,-0.24156976
AT5G65040,-0.45149386
AT5G65050,-0.10250752
AT5G65060,-0.18506119
AT5G65070,0.07774857
AT5G65080,-0.5982932
AT5G65090,-0.02164557
AT5G65100,0.0
AT5G65110,0.7569092
AT5G65120,-0.18565512
AT5G65130,0.03759648
AT5G65140,1.0098827
AT5G65158,0.0
AT5G65160,0.21810661
AT5G65165,0.034649406
AT5G65170,0.34320807
AT5G65180,0.031699393
AT5G65200,0.1351315
AT5G65205,0.29686618
AT5G65207,0.33166474
AT5G65210,0.330798
AT5G65220,-0.1519738
AT5G65225,0.038306925
AT5G65230,0.020684717
AT5G65240,-0.10115112
AT5G65250,0.02622345
AT5G65260,-0.10585809
AT5G65270,0.2235653
AT5G65274,0.0
AT5G65280,-0.24437965
AT5G65290,0.18498571
AT5G65300,1.7708718
AT5G65310,-0.78545094
AT5G65320,-0.08453738
AT5G65330,0.0
AT5G65340,-0.009126973
AT5G65350,0.057107113
AT5G65370,0.0
AT5G65380,0.26235205
AT5G65390,-0.32707527
AT5G65400,-0.08491443
AT5G65410,-0.31858817
AT5G65420,-0.23796931
AT5G65430,0.114674844
AT5G65440,-0.40822747
AT5G65450,-0.30381036
AT5G65460,-0.30664438
AT5G65470,0.19520874
AT5G65480,-0.5260534
AT5G65490,-0.09382669
AT5G65495,0.32680583
AT5G65500,0.6018645
AT5G65510,0.21097988
AT5G65520,0.008353975
AT5G65530,-0.058315326
AT5G65540,-0.09467205
AT5G65550,0.015327114
AT5G65560,-0.06269521
AT5G65570,-0.26676092
AT5G65580,0.0
AT5G65590,-0.39332902
AT5G65600,1.4086732
AT5G65609,0.111246906
AT5G65610,0.07167564
AT5G65613,0.030712483
AT5G65620,0.062964626
AT5G65630,0.15024783
AT5G65640,-0.5541525
AT5G65650,0.119408265
AT5G65660,0.66883254
AT5G65670,-0.21835198
AT5G65683,-0.4988493
AT5G65685,-0.15179765
AT5G65687,0.0494861
AT5G65690,3.435419
AT5G65700,-0.54499847
AT5G65710,-0.4281225
AT5G65720,0.046868928
AT5G65730,-0.09228277
AT5G65740,-0.3428424
AT5G65750,0.03137138
AT5G65760,-0.029086107
AT5G65770,-0.24785168
AT5G65780,0.006320236
AT5G65790,0.0
AT5G65800,-0.02819944
AT5G65810,-0.23617695
AT5G65820,-0.24182023
AT5G65830,-0.32160646
AT5G65840,-0.09905865
AT5G65850,0.0036302437
AT5G65860,-0.003327847
AT5G65870,0.065652356
AT5G65880,-0.038141806
AT5G65890,0.036625467
AT5G65900,-0.178292
AT5G65910,0.05092343
AT5G65920,0.24857584
AT5G65925,0.11525566
AT5G65930,-0.13252108
AT5G65940,0.041784327
AT5G65950,0.03499871
AT5G65960,0.036722004
AT5G65970,-0.36021993
AT5G65980,0.3599535
AT5G65990,0.15196371
AT5G66000,0.06704573
AT5G66005,-0.28710642
AT5G66010,0.040121302
AT5G66020,0.04008082
AT5G66030,-0.1616807
AT5G66040,0.26945075
AT5G66050,0.12407569
AT5G66052,0.1239063
AT5G66053,0.0
AT5G66055,-0.108507834
AT5G66060,-0.058385745
AT5G66070,0.7006599
AT5G66080,-0.43471357
AT5G66090,-0.106938966
AT5G66100,0.112811714
AT5G66110,-0.24830548
AT5G66120,0.35316086
AT5G66130,-0.12300183
AT5G66140,0.051195588
AT5G66150,-0.06426156
AT5G66160,0.05210334
AT5G66170,0.28740686
AT5G66180,0.09135802
AT5G66190,-0.4866057
AT5G66200,0.35935116
AT5G66210,0.25809762
AT5G66220,0.0
AT5G66230,-0.25154474
AT5G66240,-0.06794409
AT5G66250,0.070879884
AT5G66260,0.0
AT5G66270,-0.106042065
AT5G66280,-0.008445434
AT5G66290,-0.04661946
AT5G66300,-0.061677653
AT5G66310,-0.68163544
AT5G66320,0.21799144
AT5G66330,-0.20712371
AT5G66335,0.05974992
AT5G66340,0.0
AT5G66350,-0.11619032
AT5G66360,0.034328815
AT5G66370,0.0
AT5G66380,0.0011296385
AT5G66390,-0.007926806
AT5G66400,0.37426838
AT5G66410,-0.13216256
AT5G66420,-0.3743716
AT5G66430,0.0
AT5G66440,0.71573424
AT5G66450,0.21979123
AT5G66460,-0.43301132
AT5G66470,-0.3007108
AT5G66480,0.16981718
AT5G66490,0.10697513
AT5G66500,-0.10100568
AT5G66510,0.13690217
AT5G66520,-0.7707136
AT5G66530,-0.3223891
AT5G66540,-0.07889745
AT5G66550,-0.23904718
AT5G66560,-0.5721394
AT5G66570,-0.32999855
AT5G66580,-0.2834934
AT5G66590,-0.4735756
AT5G66595,0.015390842
AT5G66600,0.00893631
AT5G66607,-0.12361925
AT5G66610,-0.40001577
AT5G66620,0.26010674
AT5G66630,0.26184052
AT5G66631,-0.035154365
AT5G66640,-0.010015515
AT5G66650,0.70163465
AT5G66658,0.22766784
AT5G66660,-0.014118458
AT5G66670,-0.04935653
AT5G66675,-0.063881285
AT5G66680,0.205449
AT5G66690,0.05206223
AT5G66700,-0.027871188
AT5G66710,-0.017339772
AT5G66720,-0.056889378
AT5G66730,0.004737876
AT5G66740,-0.22266234
AT5G66750,-0.019500878
AT5G66760,1.1480212
AT5G66770,-0.5862765
AT5G66780,0.62375283
AT5G66790,0.101016775
AT5G66800,-0.041816253
AT5G66810,0.0022193333
AT5G66815,0.0
AT5G66816,0.0
AT5G66818,0.0
AT5G66819,0.0
AT5G66820,-0.21095794
AT5G66830,0.07030564
AT5G66840,-0.004334648
AT5G66850,0.3687721
AT5G66860,0.24433412
AT5G66870,-0.11953704
AT5G66880,-0.15875444
AT5G66890,1.3268774
AT5G66900,0.070684694
AT5G66910,0.12330731
AT5G66920,-0.3746335
AT5G66930,-0.0014702119
AT5G66940,0.0
AT5G66950,0.021009745
AT5G66960,-0.19260672
AT5G66970,0.0
AT5G66980,0.0
AT5G66985,0.0
AT5G66990,0.0
AT5G67000,0.01517929
AT5G67010,0.0
AT5G67020,-0.22267868
AT5G67030,-0.3498254
AT5G67040,0.0
AT5G67050,-0.26887146
AT5G67060,0.086380415
AT5G67070,-0.5366209
AT5G67080,2.0224526
AT5G67090,-0.24884239
AT5G67100,-0.14896762
AT5G67110,0.11053403
AT5G67120,0.0
AT5G67130,-0.15361817
AT5G67140,0.006161758
AT5G67150,-0.654581
AT5G67160,-0.3158481
AT5G67170,-0.10344723
AT5G67180,-0.67670774
AT5G67190,-0.26062772
AT5G67200,-0.5094558
AT5G67210,0.16634367
AT5G67220,-0.014105599
AT5G67230,-0.12788536
AT5G67240,-0.08276923
AT5G67245,0.43801832
AT5G67250,0.022731116
AT5G67260,-0.025020536
AT5G67265,0.034649406
AT5G67270,-0.1840718
AT5G67280,-0.7859063
AT5G67290,-0.1223308
AT5G67300,0.72132576
AT5G67310,1.9730377
AT5G67320,-0.07627463
AT5G67330,0.27212915
AT5G67340,1.7356372
AT5G67350,0.45147663
AT5G67360,-0.28417566
AT5G67370,-0.28566897
AT5G67380,-0.11191693
AT5G67385,-0.6086421
AT5G67390,-0.9079781
AT5G67400,0.0
AT5G67410,0.054935623
AT5G67411,-0.48091796
AT5G67420,0.08050186
AT5G67430,0.0
AT5G67440,-0.1789752
AT5G67450,-0.5616895
AT5G67460,-0.38473397
AT5G67470,0.0020518524
AT5G67480,0.7234168
AT5G67490,0.5511867
AT5G67500,0.36667013
AT5G67510,0.3405986
AT5G67520,-0.23550084
AT5G67530,-0.071879335
AT5G67540,0.12122336
AT5G67550,-0.283502
AT5G67560,-0.14136605
AT5G67570,-0.3337646
AT5G67580,-0.008079798
AT5G67590,0.34785283
AT5G67600,0.93775046
AT5G67610,0.02461053
AT5G67620,0.8893945
AT5G67630,-0.058713418
AT5G67640,-0.12005707
ATMG00010,0.06373572
ATMG00030,0.034649406
ATMG00040,-0.011104362
ATMG00050,0.0
ATMG00060,0.5513863
ATMG00070,0.12880535
ATMG00080,-0.05535625
ATMG00090,0.055607695
ATMG00110,0.08566206
ATMG00120,0.04563951
ATMG00130,-0.03305655
ATMG00140,0.018983455
ATMG00150,0.036143083
ATMG00160,1.1597254
ATMG00170,0.0
ATMG00180,-0.11264128
ATMG00200,0.0
ATMG00210,0.04235433
ATMG00220,0.9255311
ATMG00240,0.034649406
ATMG00260,-0.022169817
ATMG00270,0.11670338
ATMG00280,-0.022534525
ATMG00285,0.37113357
ATMG00290,0.26963222
ATMG00300,0.12842904
ATMG00310,0.024053885
ATMG00370,0.0
ATMG00400,0.0
ATMG00410,0.6353239
ATMG00430,0.0
ATMG00440,-0.10748745
ATMG00450,-0.05453548
ATMG00470,0.01857463
ATMG00480,0.36240596
ATMG00490,0.0
ATMG00500,0.0
ATMG00510,0.5032994
ATMG00516,0.57890314
ATMG00520,0.2908407
ATMG00530,0.037106495
ATMG00540,0.0
ATMG00550,0.01517929
ATMG00560,0.37985328
ATMG00570,0.3134394
ATMG00580,0.05052513
ATMG00590,-0.17384851
ATMG00600,0.0
ATMG00610,0.035053056
ATMG00630,0.03980187
ATMG00640,0.2550732
ATMG00650,0.50976396
ATMG00660,0.2706025
ATMG00670,0.5214343
ATMG00680,0.0
ATMG00690,0.11015679
ATMG00710,-0.040467408
ATMG00720,0.02223215
ATMG00730,0.32160908
ATMG00750,0.02014644
ATMG00760,-0.016074775
ATMG00810,-0.04230479
ATMG00830,-0.13455676
ATMG00840,-0.046076033
ATMG00850,0.0
ATMG00860,0.0
ATMG00870,0.038306925
ATMG00880,0.0
ATMG00890,0.01517929
ATMG00900,0.16522485
ATMG00910,0.0
ATMG00920,0.0
ATMG00940,0.061651014
ATMG00960,0.3031461
ATMG00970,-0.047959786
ATMG00980,-0.1404035
ATMG00990,0.16592908
ATMG01000,0.2001888
ATMG01010,-0.16738091
ATMG01020,0.08968827
ATMG01030,0.0
ATMG01040,-0.015398448
ATMG01050,-0.03201669
ATMG01060,-0.043200273
ATMG01080,0.14714359
ATMG01090,0.36413842
ATMG01100,0.0050784783
ATMG01110,0.0
ATMG01130,0.4358592
ATMG01170,-0.031148918
ATMG01180,-0.13743049
ATMG01190,0.4565035
ATMG01200,0.48742473
ATMG01210,0.0045619668
ATMG01220,0.015828589
ATMG01230,-0.014502965
ATMG01240,0.109257095
ATMG01260,0.02864537
ATMG01270,0.0
ATMG01280,-0.034331653
ATMG01290,-0.01646952
ATMG01300,0.0
ATMG01310,-0.016074775
ATMG01330,-0.33585677
ATMG01350,0.18579048
ATMG01360,0.22515325
ATMG01370,-0.08448075
ATMG01400,0.0
ATMG01410,0.1629423
ATCG00020,0.75940895
ATCG00040,-0.38864708
ATCG00050,0.059167113
ATCG00065,0.0
ATCG00070,-0.1738331
ATCG00080,0.0
ATCG00120,-0.20842035
ATCG00130,-0.19987775
ATCG00140,-0.33458441
ATCG00150,-0.7067622
ATCG00160,-0.71683365
ATCG00170,-0.4810672
ATCG00180,-0.47325456
ATCG00190,-0.6309588
ATCG00210,0.0
ATCG00220,0.0
ATCG00270,-0.07783288
ATCG00280,-0.06581876
ATCG00300,-0.4249178
ATCG00330,0.46537432
ATCG00340,0.66197056
ATCG00350,0.7734143
ATCG00360,-0.109961234
ATCG00380,-0.014667808
ATCG00420,-0.7792879
ATCG00430,-0.83766747
ATCG00440,-0.9043543
ATCG00470,-0.55583483
ATCG00480,-0.5114243
ATCG00490,0.3198887
ATCG00500,-0.47713584
ATCG00510,0.0
ATCG00520,0.030122787
ATCG00530,-0.49892184
ATCG00540,-0.27019283
ATCG00550,0.0
ATCG00560,0.0
ATCG00570,0.0
ATCG00580,-0.39570132
ATCG00590,0.0
ATCG00600,0.0
ATCG00630,-0.9069653
ATCG00640,-0.2983151
ATCG00650,-0.44172898
ATCG00660,-0.043657113
ATCG00670,-0.23485337
ATCG00680,-0.09316516
ATCG00690,0.0
ATCG00700,0.0
ATCG00710,-0.25071564
ATCG00720,0.036685564
ATCG00730,0.025961168
ATCG00740,-0.5701824
ATCG00750,-0.62232256
ATCG00760,0.0
ATCG00770,-0.79060364
ATCG00780,-0.9412026
ATCG00790,-0.8061521
ATCG00800,-0.66204673
ATCG00810,-0.66808623
ATCG00820,-0.5025282
ATCG00830,-0.521409
ATCG00840,0.0
ATCG00860,0.0
ATCG00870,0.0
ATCG00890,0.0
ATCG00900,0.0
ATCG01000,0.04039007
ATCG01010,-0.052509386
ATCG01020,-0.38543713
ATCG01040,-0.2524158
ATCG01050,-0.14307432
ATCG01060,-0.07044523
ATCG01070,-0.1196321
ATCG01080,-0.07028083
ATCG01090,-0.17847063
ATCG01100,-0.29897383
ATCG01110,-0.4092294
ATCG01120,-0.5046418
ATCG01250,-0.5746722
