Gene,Predicted_Expr_Change
AT1G01010,0.39359063
AT1G01020,-0.09940145
AT1G01030,0.036110763
AT1G01040,-0.10072459
AT1G01050,-0.20969427
AT1G01060,-0.14813907
AT1G01070,0.21168238
AT1G01080,-0.43692768
AT1G01090,-0.079814635
AT1G01100,0.29308045
AT1G01110,-0.6867603
AT1G01120,-0.08160815
AT1G01130,-0.23962295
AT1G01140,0.077833846
AT1G01150,0.019007241
AT1G01160,-0.046477355
AT1G01170,0.0041920035
AT1G01180,0.13210939
AT1G01184,0.0
AT1G01190,-0.120846696
AT1G01200,-0.10313682
AT1G01210,0.15481058
AT1G01220,-0.1319357
AT1G01225,-0.40358976
AT1G01230,0.10630109
AT1G01240,0.11783242
AT1G01250,-0.20563263
AT1G01260,-0.07799395
AT1G01280,0.001548194
AT1G01290,-0.2728231
AT1G01300,-0.61314696
AT1G01305,0.0
AT1G01310,-0.020658683
AT1G01320,0.08417626
AT1G01335,0.0
AT1G01340,1.2181001
AT1G01350,0.049453627
AT1G01355,-0.22951117
AT1G01360,-0.33452737
AT1G01370,-0.19151755
AT1G01380,-0.16739827
AT1G01390,-0.6206193
AT1G01400,0.00069334876
AT1G01410,0.0
AT1G01420,-0.5975881
AT1G01430,-0.39128816
AT1G01440,0.0901559
AT1G01450,-0.024558373
AT1G01453,0.27453667
AT1G01460,0.0019536384
AT1G01470,0.64969695
AT1G01480,3.6929033
AT1G01490,-0.12588733
AT1G01500,0.2307691
AT1G01510,-0.21506959
AT1G01520,-0.34156
AT1G01530,0.035665106
AT1G01540,-0.23166658
AT1G01550,0.21922676
AT1G01560,1.9397328
AT1G01570,-0.16272388
AT1G01580,0.036636118
AT1G01590,-0.0061757513
AT1G01600,0.18122947
AT1G01610,-0.046837624
AT1G01620,-0.052410603
AT1G01630,0.01918299
AT1G01640,-0.061760224
AT1G01650,0.5049092
AT1G01660,-0.29042122
AT1G01670,-0.28282857
AT1G01680,1.4970098
AT1G01690,-0.406745
AT1G01695,-0.09018995
AT1G01700,0.0034116963
AT1G01710,0.11502836
AT1G01715,0.13926677
AT1G01720,1.0417364
AT1G01725,0.120181344
AT1G01730,0.36578396
AT1G01740,-0.30126178
AT1G01750,0.073196985
AT1G01760,0.091994
AT1G01770,0.35194492
AT1G01780,0.27388287
AT1G01790,-0.52425677
AT1G01800,0.0072321547
AT1G01810,0.114107996
AT1G01820,0.069961205
AT1G01830,-0.06967436
AT1G01840,-0.14332628
AT1G01860,-0.276884
AT1G01880,-0.28851
AT1G01900,-0.04597998
AT1G01910,0.19265872
AT1G01920,-0.2094252
AT1G01930,-0.09517622
AT1G01940,-0.006021846
AT1G01950,-0.3649646
AT1G01960,-0.027333023
AT1G01970,-0.1588374
AT1G01980,0.029772025
AT1G01990,-0.034820158
AT1G02000,0.27355087
AT1G02010,-0.34946376
AT1G02020,-0.112832025
AT1G02030,0.01766592
AT1G02050,-0.18488416
AT1G02060,-0.1091161
AT1G02065,0.04360156
AT1G02067,0.0
AT1G02070,-0.057703696
AT1G02080,0.06370408
AT1G02090,0.18713316
AT1G02100,0.0018993923
AT1G02110,-0.39235428
AT1G02120,0.043036595
AT1G02130,0.020161707
AT1G02140,0.04220764
AT1G02145,-0.15544732
AT1G02150,-0.11942532
AT1G02160,-0.18076813
AT1G02170,0.5877418
AT1G02180,-0.21459706
AT1G02190,0.043470748
AT1G02205,1.0024662
AT1G02210,0.0
AT1G02220,2.7069986
AT1G02230,0.69354016
AT1G02250,-0.010627111
AT1G02260,0.089675635
AT1G02270,0.12049185
AT1G02280,-0.10226824
AT1G02290,-0.39828837
AT1G02300,-0.2863053
AT1G02305,0.25709856
AT1G02310,2.1850133
AT1G02320,0.0
AT1G02330,-0.021134637
AT1G02335,0.28855067
AT1G02340,-0.1510295
AT1G02350,-0.30112454
AT1G02360,1.5901088
AT1G02370,-0.0731453
AT1G02380,0.5635968
AT1G02390,1.376935
AT1G02400,1.7586973
AT1G02405,-0.14200073
AT1G02410,0.1377831
AT1G02420,-0.014823128
AT1G02430,-0.092194326
AT1G02440,-0.22197455
AT1G02450,0.71326417
AT1G02460,0.98601466
AT1G02470,1.2199343
AT1G02475,0.065045744
AT1G02490,-0.00037856947
AT1G02500,0.24448591
AT1G02510,0.0039690733
AT1G02520,0.082050905
AT1G02530,0.0003803347
AT1G02540,0.0
AT1G02550,0.0019745084
AT1G02560,0.08802266
AT1G02570,0.42476654
AT1G02575,0.002044852
AT1G02580,0.94150263
AT1G02610,-0.13690232
AT1G02620,-0.29317102
AT1G02630,-0.19176356
AT1G02640,-0.53682095
AT1G02650,-0.13212638
AT1G02660,0.838053
AT1G02680,-0.03866853
AT1G02690,-0.21192892
AT1G02705,-0.30605617
AT1G02710,-0.0057320534
AT1G02720,-0.0768583
AT1G02730,-0.31454673
AT1G02740,-0.24542624
AT1G02750,0.08822854
AT1G02770,-0.19573237
AT1G02780,0.07258917
AT1G02790,0.0
AT1G02800,-0.017831443
AT1G02810,0.0005469894
AT1G02813,0.0009787878
AT1G02816,0.56864154
AT1G02820,-0.2683714
AT1G02830,-0.0028186403
AT1G02840,-0.12250532
AT1G02850,0.33578816
AT1G02860,0.28373882
AT1G02870,-0.0073408815
AT1G02880,0.2364552
AT1G02890,-0.1211112
AT1G02900,0.052508965
AT1G02910,-0.06897345
AT1G02920,1.6163784
AT1G02930,2.0263183
AT1G02940,0.06131613
AT1G02950,-0.36811087
AT1G02960,-0.3147117
AT1G02965,0.0
AT1G02970,0.021189809
AT1G02980,0.2482002
AT1G02990,-0.045252346
AT1G03000,-0.21952999
AT1G03010,0.029640052
AT1G03020,0.017652607
AT1G03040,0.013127276
AT1G03050,0.08728957
AT1G03055,-0.17552608
AT1G03060,0.3395225
AT1G03070,0.35200801
AT1G03080,0.19700083
AT1G03090,0.27176616
AT1G03100,-0.1370941
AT1G03103,0.0011063063
AT1G03106,0.23638804
AT1G03110,0.064040095
AT1G03120,-0.17725384
AT1G03130,-0.4607708
AT1G03140,0.009335557
AT1G03150,-0.09201989
AT1G03160,-0.26148683
AT1G03165,-0.08068879
AT1G03170,-0.042997338
AT1G03190,-0.14119016
AT1G03200,-0.22095555
AT1G03210,0.116148904
AT1G03220,3.0387914
AT1G03230,0.68055487
AT1G03240,0.075159214
AT1G03250,0.0615704
AT1G03260,0.23590018
AT1G03270,-0.3939864
AT1G03280,-0.034598786
AT1G03290,0.39983773
AT1G03300,-0.2471348
AT1G03310,-0.5189265
AT1G03320,-0.11745704
AT1G03325,0.0
AT1G03330,0.11439019
AT1G03340,0.10338437
AT1G03350,0.08361807
AT1G03360,-0.030743506
AT1G03365,-0.15653843
AT1G03370,0.4506085
AT1G03380,-0.04425599
AT1G03390,0.009436719
AT1G03395,0.0
AT1G03400,0.32644612
AT1G03410,-0.31396025
AT1G03430,0.026318349
AT1G03440,-0.2941117
AT1G03445,-0.01676676
AT1G03457,-0.3101451
AT1G03470,-0.23815383
AT1G03475,-0.0036284598
AT1G03490,0.0
AT1G03495,-0.028772045
AT1G03510,0.029933186
AT1G03530,-0.22042714
AT1G03540,-0.15962489
AT1G03550,-0.23360111
AT1G03560,-0.18809378
AT1G03590,-0.14725475
AT1G03600,-0.40485483
AT1G03620,-0.33622
AT1G03630,-0.54884577
AT1G03650,-2.6567051e-05
AT1G03660,0.6755865
AT1G03670,0.047130723
AT1G03680,-0.21823826
AT1G03687,-0.33216557
AT1G03700,0.016964624
AT1G03710,0.01738344
AT1G03720,0.0
AT1G03730,0.13458094
AT1G03740,0.059781283
AT1G03750,-0.100057244
AT1G03760,0.09780484
AT1G03770,-0.21495049
AT1G03780,-0.35863543
AT1G03790,1.0134231
AT1G03800,0.20721905
AT1G03810,0.0
AT1G03830,-0.571033
AT1G03840,-0.12284183
AT1G03850,1.6447654
AT1G03860,0.10066085
AT1G03870,-0.53435516
AT1G03880,1.9700578e-07
AT1G03890,-0.00018371837
AT1G03900,0.15675165
AT1G03905,0.31498936
AT1G03910,-0.123989545
AT1G03920,-0.10035071
AT1G03930,-0.315492
AT1G03940,0.11223708
AT1G03950,0.048336484
AT1G03960,-0.21147309
AT1G03970,-0.062303077
AT1G03980,0.005248585
AT1G03982,0.0010643202
AT1G03990,0.026472393
AT1G04000,-0.13516822
AT1G04010,-0.25188813
AT1G04020,0.017296996
AT1G04030,-0.10507482
AT1G04040,-0.9979173
AT1G04050,-0.3445575
AT1G04070,0.1334289
AT1G04080,-0.09958329
AT1G04090,-0.013876953
AT1G04100,0.31660116
AT1G04105,0.00084303075
AT1G04110,0.05633136
AT1G04120,0.25995898
AT1G04130,0.071160674
AT1G04140,0.015045856
AT1G04150,-0.002836604
AT1G04160,0.054345105
AT1G04170,0.099477
AT1G04180,0.15320279
AT1G04190,-0.09676332
AT1G04200,0.37149665
AT1G04210,0.09812891
AT1G04220,0.6421026
AT1G04230,0.02928117
AT1G04240,-0.49756867
AT1G04250,-0.80999446
AT1G04260,0.24908039
AT1G04270,0.06780561
AT1G04280,0.32498634
AT1G04290,0.010073366
AT1G04300,-0.10249527
AT1G04310,0.95572054
AT1G04330,-0.023454601
AT1G04340,0.15154466
AT1G04350,-0.047142938
AT1G04360,-0.29840544
AT1G04370,0.07543064
AT1G04380,-0.011073286
AT1G04390,-0.07248759
AT1G04400,0.029225986
AT1G04410,0.36386606
AT1G04420,-0.39266017
AT1G04430,-0.22156745
AT1G04440,0.24426079
AT1G04445,0.21742924
AT1G04450,0.0
AT1G04455,0.0011947682
AT1G04470,-0.0024314781
AT1G04480,0.21199341
AT1G04490,0.5372206
AT1G04500,0.6060436
AT1G04510,0.16535033
AT1G04520,-0.16615501
AT1G04530,-0.14541928
AT1G04540,0.012613976
AT1G04550,-0.33584717
AT1G04555,0.1253192
AT1G04560,0.009682484
AT1G04570,-0.14434014
AT1G04580,2.0962527
AT1G04590,-0.05895127
AT1G04600,-0.23032223
AT1G04610,-0.016562304
AT1G04620,0.020942029
AT1G04625,0.00051980384
AT1G04630,0.024480939
AT1G04635,0.16657355
AT1G04640,-0.2025535
AT1G04645,0.0018042789
AT1G04650,-0.10819024
AT1G04660,0.019367121
AT1G04670,-0.000731617
AT1G04680,-0.5140771
AT1G04690,0.31118876
AT1G04700,0.0393474
AT1G04710,-0.17839418
AT1G04730,-0.034623172
AT1G04750,0.19382663
AT1G04760,-0.09090982
AT1G04770,-0.17627269
AT1G04778,-0.031887393
AT1G04780,0.47630116
AT1G04790,-0.14420067
AT1G04800,-0.19430703
AT1G04810,0.1297488
AT1G04820,-0.2654582
AT1G04830,0.049056124
AT1G04840,-0.0408022
AT1G04850,0.22636701
AT1G04860,-0.06697062
AT1G04870,0.29005194
AT1G04880,0.013350706
AT1G04895,0.0
AT1G04900,-0.17585859
AT1G04910,-0.027680347
AT1G04920,-0.17134865
AT1G04930,-0.078191005
AT1G04940,-0.045082133
AT1G04945,0.15054442
AT1G04950,-0.34956592
AT1G04970,0.27145585
AT1G04980,0.71534175
AT1G04985,0.026424177
AT1G04990,0.3591494
AT1G05000,1.3028797
AT1G05005,0.00027993578
AT1G05010,0.4509576
AT1G05020,-0.009205269
AT1G05030,-0.02217958
AT1G05035,0.0003463675
AT1G05040,0.00049854437
AT1G05055,-0.11663176
AT1G05060,0.06718624
AT1G05065,-0.28564626
AT1G05070,-0.13202126
AT1G05080,7.164661e-05
AT1G05085,0.0
AT1G05087,-0.2177975
AT1G05090,-0.346849
AT1G05100,2.5572238
AT1G05120,0.04915032
AT1G05136,-0.0018896909
AT1G05140,-0.14897798
AT1G05150,-0.256375
AT1G05160,-0.18681912
AT1G05170,0.12491369
AT1G05180,0.13674146
AT1G05190,-0.39666992
AT1G05200,-0.48833838
AT1G05205,0.08386485
AT1G05210,0.2081612
AT1G05220,0.041688796
AT1G05230,-0.18483737
AT1G05240,0.0295916
AT1G05250,-0.03244384
AT1G05260,-0.04145287
AT1G05270,0.09515419
AT1G05280,0.030132558
AT1G05290,0.0
AT1G05291,0.0
AT1G05300,-0.19820885
AT1G05310,-0.1344897
AT1G05320,-0.573939
AT1G05330,0.027268354
AT1G05340,1.701748
AT1G05350,0.14835729
AT1G05360,-0.17647587
AT1G05370,-0.31548724
AT1G05380,-0.0107035665
AT1G05385,-0.4252973
AT1G05400,-0.014694402
AT1G05410,-0.07948
AT1G05420,-0.18834496
AT1G05430,0.021216271
AT1G05440,-0.08325595
AT1G05450,0.89295506
AT1G05460,-0.6382131
AT1G05470,-0.518382
AT1G05490,-0.1977417
AT1G05500,0.043793745
AT1G05510,0.018887242
AT1G05520,0.14949201
AT1G05530,-0.023043428
AT1G05540,-0.8019773
AT1G05560,1.321253
AT1G05570,0.061134167
AT1G05575,0.51529855
AT1G05577,0.008881206
AT1G05580,0.0
AT1G05590,-0.44439533
AT1G05600,-0.21864857
AT1G05610,0.05587686
AT1G05615,0.0
AT1G05620,1.1009284
AT1G05630,0.20675644
AT1G05640,-0.3215098
AT1G05650,-0.005838514
AT1G05660,-0.0073059406
AT1G05670,-0.2328264
AT1G05675,0.5882869
AT1G05680,2.1812193
AT1G05690,-0.35634115
AT1G05700,-0.2756975
AT1G05710,0.4590354
AT1G05720,-0.014584691
AT1G05730,-0.18191008
AT1G05750,-0.037822116
AT1G05760,-0.24168001
AT1G05770,-0.20418298
AT1G05780,0.11277307
AT1G05783,-0.10250809
AT1G05785,0.20426357
AT1G05790,0.17364837
AT1G05800,0.26751554
AT1G05805,-0.14504595
AT1G05810,-0.37939036
AT1G05820,-0.1628292
AT1G05830,-0.19911161
AT1G05835,-0.10371405
AT1G05840,0.10759747
AT1G05850,-0.47722858
AT1G05860,-0.28676248
AT1G05870,-0.31260872
AT1G05880,0.35891613
AT1G05890,0.030035116
AT1G05894,0.055121973
AT1G05900,-0.1505574
AT1G05910,0.18928367
AT1G05920,0.018959634
AT1G05930,8.395739e-05
AT1G05940,0.17123292
AT1G05950,-0.042788997
AT1G05960,-0.0219153
AT1G05970,-0.029845906
AT1G05990,0.018660357
AT1G06000,0.1615628
AT1G06010,0.09014256
AT1G06020,0.0035631189
AT1G06030,0.19132465
AT1G06040,-0.22289734
AT1G06045,0.0
AT1G06050,0.28003412
AT1G06080,0.5312884
AT1G06090,-0.0011169767
AT1G06100,0.078858145
AT1G06110,-0.036794666
AT1G06120,-0.007001527
AT1G06130,0.19069631
AT1G06135,0.27892393
AT1G06137,0.17346407
AT1G06140,0.07001723
AT1G06143,-0.18267137
AT1G06148,0.15584278
AT1G06150,-0.06427025
AT1G06160,-0.6532696
AT1G06170,-0.031345062
AT1G06180,1.4554428
AT1G06190,-0.15748024
AT1G06200,0.034767367
AT1G06210,0.049120016
AT1G06220,-0.10292425
AT1G06225,0.00066710106
AT1G06230,-0.017775752
AT1G06240,-0.4186051
AT1G06250,-0.081585474
AT1G06260,-0.005598833
AT1G06270,-0.15751415
AT1G06280,0.0
AT1G06290,0.43580297
AT1G06310,-0.00090056105
AT1G06320,-0.00051478925
AT1G06330,0.012142309
AT1G06350,-0.20000485
AT1G06360,0.857193
AT1G06380,-0.07310735
AT1G06390,-0.20733729
AT1G06400,0.022165736
AT1G06410,-0.06242125
AT1G06420,-0.00821139
AT1G06430,0.117968656
AT1G06440,-0.030657716
AT1G06450,0.08385324
AT1G06460,-0.18137513
AT1G06470,0.07493629
AT1G06475,-0.25348118
AT1G06490,-0.29305163
AT1G06500,-0.4107051
AT1G06510,0.04753477
AT1G06515,0.20244062
AT1G06520,1.2063786
AT1G06530,-0.077460915
AT1G06540,0.35572562
AT1G06550,0.24132806
AT1G06560,-0.14851213
AT1G06570,0.36249912
AT1G06580,-0.17220575
AT1G06590,0.04766862
AT1G06620,0.8614037
AT1G06630,-0.020801477
AT1G06640,-0.24823664
AT1G06650,0.20283999
AT1G06660,-0.08791193
AT1G06670,-0.10524201
AT1G06680,-0.47309244
AT1G06690,-0.07418596
AT1G06700,-0.06776713
AT1G06710,-0.026359022
AT1G06720,-0.038628694
AT1G06750,-0.02787762
AT1G06760,0.07294056
AT1G06770,-0.046740763
AT1G06780,0.23903988
AT1G06790,-0.13179447
AT1G06800,0.31491703
AT1G06820,-0.21479
AT1G06830,-0.18828394
AT1G06840,0.2960079
AT1G06850,-0.31786162
AT1G06870,0.38117972
AT1G06890,0.16899632
AT1G06900,-0.07923395
AT1G06910,-0.44888422
AT1G06920,0.013965905
AT1G06923,-0.0023428663
AT1G06925,0.023232402
AT1G06930,5.5391465e-05
AT1G06950,0.005598764
AT1G06960,-0.27550524
AT1G06970,0.03945885
AT1G06980,-0.6391908
AT1G06990,0.0005569795
AT1G07000,0.81605095
AT1G07010,-0.40261856
AT1G07020,0.40216476
AT1G07025,0.01797959
AT1G07030,0.5057671
AT1G07040,0.7947165
AT1G07050,-0.23228307
AT1G07060,0.049781863
AT1G07070,0.039463773
AT1G07080,0.05209213
AT1G07090,-0.34332272
AT1G07110,-0.18739015
AT1G07120,-0.047223274
AT1G07130,0.25272015
AT1G07135,1.41982
AT1G07140,0.12682322
AT1G07150,0.50165087
AT1G07160,1.1072543
AT1G07170,-0.022024391
AT1G07175,0.027437642
AT1G07180,-0.76688665
AT1G07190,0.0
AT1G07200,0.06495565
AT1G07210,-0.01896371
AT1G07220,0.18528512
AT1G07230,-0.04701726
AT1G07240,0.09129565
AT1G07250,-0.008249574
AT1G07260,-0.07292441
AT1G07270,0.043223225
AT1G07280,-0.24391852
AT1G07290,-0.29864824
AT1G07300,-0.07952396
AT1G07310,0.30352208
AT1G07320,-0.4532544
AT1G07340,0.00087861595
AT1G07350,0.119786665
AT1G07360,0.042622656
AT1G07370,0.17692573
AT1G07380,-0.05421544
AT1G07390,0.15150458
AT1G07400,1.7034374
AT1G07410,0.53750074
AT1G07420,0.16808796
AT1G07430,0.5769693
AT1G07440,-0.43183467
AT1G07450,-0.19259645
AT1G07460,0.03794929
AT1G07470,0.18730904
AT1G07473,0.0064330446
AT1G07476,0.0036217864
AT1G07480,0.1714837
AT1G07490,-0.22093196
AT1G07500,0.07230133
AT1G07510,0.060211055
AT1G07520,0.16710235
AT1G07530,0.008024896
AT1G07540,0.015686665
AT1G07550,0.030604
AT1G07560,0.017743662
AT1G07570,-0.14687432
AT1G07590,1.2226491
AT1G07600,0.036940314
AT1G07610,2.1466107
AT1G07615,0.026109505
AT1G07620,0.61533785
AT1G07630,0.36643118
AT1G07640,-0.1703242
AT1G07650,0.065971024
AT1G07660,0.14691359
AT1G07670,0.20252182
AT1G07680,0.0
AT1G07690,0.008825385
AT1G07700,-0.013358841
AT1G07705,0.040154617
AT1G07710,0.0083709285
AT1G07720,0.31613874
AT1G07725,0.16232336
AT1G07730,0.08384622
AT1G07740,0.019979702
AT1G07745,-0.07868257
AT1G07747,0.0026580298
AT1G07750,-0.111183375
AT1G07770,-0.0119697265
AT1G07780,-0.18198596
AT1G07790,-0.122881725
AT1G07795,0.008448607
AT1G07810,0.41662678
AT1G07830,0.1388124
AT1G07840,-0.09376577
AT1G07850,-0.03453308
AT1G07860,0.1068996
AT1G07870,0.32145995
AT1G07880,-0.30490425
AT1G07885,0.051912136
AT1G07890,0.59715164
AT1G07900,0.9461775
AT1G07901,0.013056667
AT1G07902,-0.042210165
AT1G07910,-0.29186967
AT1G07920,0.057889283
AT1G07930,0.13347659
AT1G07940,0.05816933
AT1G07950,-0.047982927
AT1G07960,0.115600996
AT1G07970,0.04162075
AT1G07980,-0.09400242
AT1G07985,-0.38008755
AT1G07990,0.035876635
AT1G08000,-0.016747812
AT1G08005,-0.0028429853
AT1G08010,-0.27686584
AT1G08030,-0.093223505
AT1G08035,0.03656304
AT1G08040,-0.07303285
AT1G08050,1.101053
AT1G08060,0.018612651
AT1G08065,0.0
AT1G08070,0.072575666
AT1G08080,-0.171333
AT1G08090,-0.7586335
AT1G08100,0.0
AT1G08110,-0.14432885
AT1G08120,-0.029742219
AT1G08125,-0.16095354
AT1G08130,0.005295801
AT1G08135,0.016772365
AT1G08140,-0.0001115528
AT1G08150,0.0033897168
AT1G08160,-0.20309553
AT1G08165,-0.051838458
AT1G08170,0.010086736
AT1G08180,0.0017410349
AT1G08190,-0.045684896
AT1G08200,-0.1407268
AT1G08210,-0.04987685
AT1G08220,0.19181539
AT1G08230,0.2554355
AT1G08250,0.7168768
AT1G08260,-0.105981365
AT1G08270,-0.09476299
AT1G08280,-0.4526284
AT1G08290,0.29421064
AT1G08300,-0.3500008
AT1G08310,0.28244984
AT1G08315,0.75808316
AT1G08320,1.2667962
AT1G08340,-0.01945556
AT1G08350,-0.07883367
AT1G08360,0.00227673
AT1G08370,0.18056214
AT1G08380,-0.40155476
AT1G08390,-0.28835428
AT1G08400,-0.044511065
AT1G08410,-0.057233613
AT1G08420,0.1537249
AT1G08430,0.002514868
AT1G08440,0.007359064
AT1G08450,0.30709213
AT1G08460,0.18556532
AT1G08465,-0.12024344
AT1G08470,-0.18446177
AT1G08480,0.24926922
AT1G08490,0.1717381
AT1G08500,-0.24610189
AT1G08510,-0.18136299
AT1G08520,-0.23299155
AT1G08530,-0.07834549
AT1G08540,-0.27124217
AT1G08550,-0.3564142
AT1G08560,-0.25906688
AT1G08570,0.021466078
AT1G08580,0.08062608
AT1G08590,0.15589172
AT1G08600,-0.15857959
AT1G08610,-0.085103236
AT1G08620,0.08526329
AT1G08630,1.3321083
AT1G08640,0.14186238
AT1G08645,4.3429653e-05
AT1G08650,0.5619887
AT1G08660,-0.39413
AT1G08670,-0.0036133032
AT1G08680,-0.08669729
AT1G08695,0.001419086
AT1G08700,0.08921574
AT1G08710,-0.11923037
AT1G08720,0.054527856
AT1G08730,-0.045377273
AT1G08750,0.075319745
AT1G08760,-0.0015331074
AT1G08770,0.30754396
AT1G08780,-0.15814693
AT1G08790,-0.00018958625
AT1G08800,0.619068
AT1G08810,-0.6249391
AT1G08820,0.050577413
AT1G08830,0.5047536
AT1G08840,-0.04274971
AT1G08845,-0.18528889
AT1G08860,1.6546463
AT1G08880,0.20118938
AT1G08890,0.121472664
AT1G08900,-0.06820967
AT1G08910,-0.2077854
AT1G08920,1.7241818
AT1G08930,0.47297588
AT1G08940,1.5963074
AT1G08960,0.021026017
AT1G08970,-0.024738336
AT1G08980,-0.1610317
AT1G08985,0.0
AT1G08990,0.02020454
AT1G09000,-0.11252049
AT1G09010,-0.041663095
AT1G09020,0.1111302
AT1G09030,0.0
AT1G09040,-0.1970317
AT1G09050,0.15665494
AT1G09060,-0.1438143
AT1G09070,0.58768576
AT1G09080,0.19988617
AT1G09090,-0.0034057836
AT1G09100,0.16304778
AT1G09130,0.162088
AT1G09140,0.028197562
AT1G09150,-0.1703005
AT1G09155,0.005760725
AT1G09157,0.008652771
AT1G09160,-0.33655006
AT1G09170,0.07815128
AT1G09176,0.13987932
AT1G09180,0.09926372
AT1G09190,-0.07184666
AT1G09195,-0.024350397
AT1G09200,0.22597125
AT1G09210,0.3397579
AT1G09220,-0.06791241
AT1G09230,0.117392756
AT1G09240,0.90201634
AT1G09245,0.0
AT1G09250,-0.25735778
AT1G09260,-0.021989025
AT1G09270,0.1416707
AT1G09280,-0.070398815
AT1G09290,-0.07274128
AT1G09300,0.015177272
AT1G09310,-0.3490979
AT1G09320,0.04675677
AT1G09330,0.37082234
AT1G09340,-0.7588799
AT1G09350,-0.2908554
AT1G09360,0.0
AT1G09370,0.018758498
AT1G09380,1.4318173
AT1G09390,-0.0017127265
AT1G09400,0.47258714
AT1G09410,-0.14090207
AT1G09415,0.12822488
AT1G09420,0.6277435
AT1G09430,0.3851267
AT1G09440,-0.26087984
AT1G09450,0.07756813
AT1G09460,-0.07402976
AT1G09470,-0.26043126
AT1G09480,0.4641496
AT1G09483,-0.03793548
AT1G09490,0.31778923
AT1G09500,2.9410768
AT1G09510,1.0239801
AT1G09520,0.13769475
AT1G09530,0.06652885
AT1G09540,-0.041485477
AT1G09550,0.050041005
AT1G09560,1.5016646
AT1G09570,-0.18276064
AT1G09575,0.19229427
AT1G09580,-0.10739713
AT1G09590,0.064639084
AT1G09600,-0.0020954371
AT1G09610,-0.21003033
AT1G09620,-0.06754013
AT1G09625,0.0
AT1G09630,0.29110628
AT1G09640,0.027515722
AT1G09645,0.3847151
AT1G09650,-0.043587185
AT1G09660,-0.3093147
AT1G09665,0.0
AT1G09680,0.037007835
AT1G09700,-0.2132382
AT1G09710,-0.20113792
AT1G09720,0.0049451855
AT1G09730,-0.053353876
AT1G09750,-0.55647415
AT1G09760,0.07831193
AT1G09770,-0.13240503
AT1G09780,0.48424384
AT1G09790,0.01334417
AT1G09794,0.18645392
AT1G09795,-0.13353477
AT1G09810,-0.13401778
AT1G09812,-0.3282015
AT1G09815,0.33054185
AT1G09820,-0.45660964
AT1G09830,-0.033946853
AT1G09840,-0.2732752
AT1G09850,0.10461706
AT1G09860,0.043775108
AT1G09870,0.17031579
AT1G09880,-0.043989923
AT1G09890,0.054000042
AT1G09900,-0.16218318
AT1G09910,-0.10807512
AT1G09920,0.21999797
AT1G09930,0.98053926
AT1G09932,1.5603001
AT1G09935,0.33875677
AT1G09940,0.8868521
AT1G09950,0.06431726
AT1G09960,-0.1484137
AT1G09970,0.72288746
AT1G09980,0.08377922
AT1G09995,-0.100212194
AT1G10000,-0.19597107
AT1G10010,-0.0023198195
AT1G10020,0.006462795
AT1G10030,-0.32788637
AT1G10040,0.8872453
AT1G10050,0.15198301
AT1G10060,0.10668761
AT1G10070,0.47659585
AT1G10090,-0.16292305
AT1G10095,-0.092654616
AT1G10100,0.0029515058
AT1G10110,0.199496
AT1G10120,-0.22752947
AT1G10130,0.020802226
AT1G10140,0.86687064
AT1G10150,0.12355281
AT1G10155,0.5075878
AT1G10170,0.24803534
AT1G10180,-0.24057114
AT1G10190,0.0
AT1G10200,-0.11700275
AT1G10210,-0.055461727
AT1G10220,0.6970155
AT1G10225,0.026261356
AT1G10230,0.07144652
AT1G10240,-0.15944055
AT1G10250,0.0
AT1G10270,-0.12991501
AT1G10280,-0.02533995
AT1G10290,0.2749543
AT1G10300,0.0658656
AT1G10310,-0.08955481
AT1G10320,-0.26284337
AT1G10330,-0.18370557
AT1G10340,0.5090999
AT1G10350,-0.06424049
AT1G10360,-0.6695083
AT1G10370,1.2184225
AT1G10380,-0.5358917
AT1G10385,0.0
AT1G10390,0.05383593
AT1G10395,0.0
AT1G10400,0.28011745
AT1G10410,0.94221485
AT1G10417,0.26859802
AT1G10430,0.12781574
AT1G10450,0.028369445
AT1G10455,-0.00035783777
AT1G10460,-0.052154697
AT1G10470,0.0128668165
AT1G10480,0.0013732667
AT1G10490,0.020396657
AT1G10500,0.41535318
AT1G10510,-0.14080112
AT1G10520,-0.08656018
AT1G10522,-0.033881336
AT1G10540,0.16910408
AT1G10550,-0.043857567
AT1G10560,0.26038533
AT1G10570,-0.23477258
AT1G10580,0.4019895
AT1G10585,2.4670618
AT1G10586,0.6358965
AT1G10588,0.04472936
AT1G10590,0.21731897
AT1G10600,-0.04854294
AT1G10610,-0.198252
AT1G10620,0.005011006
AT1G10630,0.18378347
AT1G10640,0.08629607
AT1G10650,-0.3828105
AT1G10657,-0.87496907
AT1G10660,0.0016659931
AT1G10670,-0.03365538
AT1G10680,0.027974648
AT1G10690,0.10007205
AT1G10700,1.3192285
AT1G10705,0.0
AT1G10710,0.034333184
AT1G10715,0.0
AT1G10717,0.0
AT1G10720,0.07886329
AT1G10730,0.081741855
AT1G10740,-0.09960673
AT1G10745,0.00014290567
AT1G10747,0.00025614875
AT1G10750,-0.44230607
AT1G10760,-0.52703434
AT1G10770,-0.002424922
AT1G10780,-0.032809384
AT1G10790,-0.14696686
AT1G10800,0.18181668
AT1G10810,-0.067369044
AT1G10820,-0.2829365
AT1G10830,-0.010036588
AT1G10840,-0.060279638
AT1G10850,-0.09977616
AT1G10865,0.29742107
AT1G10870,-0.31383422
AT1G10875,0.0
AT1G10880,-0.00051478925
AT1G10890,-0.17052308
AT1G10895,0.0
AT1G10900,-0.2812599
AT1G10910,-0.36577085
AT1G10920,-0.17733403
AT1G10930,-0.2139705
AT1G10940,-0.117214404
AT1G10950,0.10512408
AT1G10960,-0.37027276
AT1G10970,-0.25977355
AT1G10980,0.0014289364
AT1G10990,0.27976298
AT1G11000,-0.55467945
AT1G11020,0.02211376
AT1G11040,0.32155424
AT1G11050,0.2468381
AT1G11060,0.0712737
AT1G11070,-0.22575247
AT1G11080,0.2513926
AT1G11090,-0.15895744
AT1G11100,0.60321605
AT1G11110,0.03908212
AT1G11112,-0.007643463
AT1G11120,-0.21248674
AT1G11125,-0.07008447
AT1G11130,-0.55429727
AT1G11145,-3.911016e-05
AT1G11160,-0.114152305
AT1G11170,-0.1955719
AT1G11180,0.11033022
AT1G11190,0.82318616
AT1G11200,0.52703893
AT1G11210,-0.09745752
AT1G11220,-0.3115972
AT1G11230,0.11025269
AT1G11240,-0.13406548
AT1G11250,-0.013420487
AT1G11260,0.10654922
AT1G11270,-0.13166627
AT1G11280,-0.33038738
AT1G11290,-0.11795955
AT1G11300,-0.42571148
AT1G11303,-0.01693389
AT1G11310,0.5207444
AT1G11320,0.061422355
AT1G11330,0.88035834
AT1G11340,-0.3519878
AT1G11350,-0.5471758
AT1G11360,0.12868918
AT1G11362,0.26044983
AT1G11370,0.04919864
AT1G11380,0.08897307
AT1G11390,0.31153598
AT1G11400,0.110717915
AT1G11410,-0.50972766
AT1G11420,-0.32696655
AT1G11430,0.002058615
AT1G11440,-0.5000366
AT1G11450,0.100485556
AT1G11460,-0.0036039532
AT1G11470,0.00051738933
AT1G11475,-0.015255436
AT1G11480,0.069598116
AT1G11490,-0.029666781
AT1G11500,-0.065107234
AT1G11510,0.0005073407
AT1G11520,0.0
AT1G11530,-0.16499518
AT1G11540,-0.040466137
AT1G11545,-0.72429717
AT1G11560,-0.049106102
AT1G11570,-0.023902802
AT1G11572,0.104798876
AT1G11580,0.58154505
AT1G11590,-0.0006808925
AT1G11591,0.0036874313
AT1G11593,0.0
AT1G11600,0.38055634
AT1G11608,0.004907068
AT1G11610,0.038424794
AT1G11620,0.0005073407
AT1G11630,-0.14569302
AT1G11650,0.20265543
AT1G11655,-0.0009940165
AT1G11660,0.0922408
AT1G11670,0.3493548
AT1G11680,-0.0319053
AT1G11684,0.0
AT1G11690,0.0009787878
AT1G11700,-0.67670166
AT1G11710,-0.0972359
AT1G11720,-0.32697517
AT1G11730,-0.14128855
AT1G11740,-0.093566254
AT1G11750,-0.12839301
AT1G11760,0.045700185
AT1G11765,0.0
AT1G11770,0.0010709917
AT1G11780,-0.10005559
AT1G11785,-0.114984006
AT1G11790,0.2964847
AT1G11800,-0.0063274
AT1G11810,0.043385476
AT1G11820,-0.09273631
AT1G11840,-0.11298888
AT1G11850,0.18147625
AT1G11860,-0.75241154
AT1G11870,-0.051544666
AT1G11880,0.0648774
AT1G11890,0.22693047
AT1G11900,-0.1522597
AT1G11905,0.37647375
AT1G11910,0.29689503
AT1G11915,-0.16245122
AT1G11920,-0.0019948608
AT1G11925,2.3209527
AT1G11930,-0.012623841
AT1G11940,0.41695485
AT1G11950,-0.1456639
AT1G11960,-0.074489765
AT1G11970,0.0
AT1G11980,0.0
AT1G11990,-0.15718517
AT1G12000,0.40071118
AT1G12010,-0.10429464
AT1G12020,-0.43580437
AT1G12030,-0.010719662
AT1G12040,-0.037832435
AT1G12050,0.20365314
AT1G12060,-0.34059292
AT1G12064,-0.00242644
AT1G12070,0.01996929
AT1G12080,-1.1338173
AT1G12090,-0.633814
AT1G12100,-0.00657279
AT1G12110,-0.2633195
AT1G12120,-0.23613353
AT1G12130,-0.0025066563
AT1G12140,0.2600023
AT1G12150,-0.027514383
AT1G12160,0.083937086
AT1G12170,0.0
AT1G12180,0.0021609408
AT1G12190,0.0
AT1G12200,0.30397227
AT1G12210,0.15428022
AT1G12211,0.029018229
AT1G12220,-0.14002237
AT1G12230,-0.036320396
AT1G12240,0.08826477
AT1G12244,-0.43151844
AT1G12250,-0.2307459
AT1G12260,-0.03520818
AT1G12270,-0.02944115
AT1G12280,-0.49010578
AT1G12290,-0.021404725
AT1G12300,-0.30362976
AT1G12310,0.24740046
AT1G12320,0.6243685
AT1G12330,-0.40239796
AT1G12340,-0.011502202
AT1G12350,-0.08534837
AT1G12360,0.2530257
AT1G12370,-0.1293186
AT1G12380,-0.4073419
AT1G12390,0.032960195
AT1G12400,0.10021415
AT1G12410,-0.054804128
AT1G12411,0.0
AT1G12420,-0.02728564
AT1G12430,-0.33622384
AT1G12440,0.17837557
AT1G12450,-0.24840969
AT1G12460,-0.32958004
AT1G12470,-0.017961472
AT1G12480,-0.49527222
AT1G12490,-0.032876085
AT1G12500,-0.56925637
AT1G12520,-0.038694818
AT1G12530,-0.24415834
AT1G12540,-0.00059195556
AT1G12550,-0.45342493
AT1G12560,-0.017661942
AT1G12570,0.013338543
AT1G12580,-0.13621236
AT1G12600,-0.021888973
AT1G12610,0.11795133
AT1G12615,0.0
AT1G12620,-0.31185678
AT1G12630,0.014262141
AT1G12640,0.5649948
AT1G12650,0.045721006
AT1G12660,0.0
AT1G12663,0.0
AT1G12665,0.00015543403
AT1G12672,0.017937658
AT1G12680,-0.055016167
AT1G12700,-0.33566764
AT1G12710,0.14075072
AT1G12730,-0.118259825
AT1G12740,0.004640251
AT1G12750,-0.20992547
AT1G12760,0.36438462
AT1G12770,-0.24673614
AT1G12775,-0.40212232
AT1G12780,0.27422282
AT1G12790,0.01775398
AT1G12800,-0.4167289
AT1G12805,0.0005569795
AT1G12810,0.31373617
AT1G12820,-0.2703308
AT1G12830,-0.18750742
AT1G12840,0.21404861
AT1G12845,-0.39881274
AT1G12850,0.03413413
AT1G12855,0.001020854
AT1G12860,-0.65359414
AT1G12870,-0.017741095
AT1G12880,-0.31520438
AT1G12890,0.10155894
AT1G12900,-0.6139943
AT1G12910,0.060368635
AT1G12920,-0.01945743
AT1G12930,-0.31848788
AT1G12940,-1.5029503
AT1G12950,-0.07398854
AT1G12960,0.0
AT1G12970,0.13630217
AT1G12980,-0.01183881
AT1G12990,0.2537675
AT1G13000,0.036007702
AT1G13020,0.098765746
AT1G13030,-0.2606142
AT1G13040,-0.18694374
AT1G13050,-0.14830747
AT1G13060,0.24148893
AT1G13080,-0.29602626
AT1G13090,0.0067009837
AT1G13100,-0.3768412
AT1G13110,-0.45701566
AT1G13120,-0.108615436
AT1G13130,0.086763665
AT1G13140,0.0043504736
AT1G13143,-0.023765352
AT1G13150,0.0085979225
AT1G13160,0.072902225
AT1G13170,-0.4949357
AT1G13180,0.14622508
AT1G13190,0.022445904
AT1G13195,0.1784683
AT1G13200,0.010144765
AT1G13210,0.43840057
AT1G13220,-0.38656852
AT1G13230,0.0049962667
AT1G13245,0.014742984
AT1G13250,-0.5890171
AT1G13260,-0.027751459
AT1G13270,0.14071433
AT1G13280,-0.3642285
AT1G13290,3.0988496e-05
AT1G13300,0.0062487484
AT1G13310,1.5192167
AT1G13320,0.10094313
AT1G13330,-0.13581336
AT1G13340,1.7583164
AT1G13350,-0.04348172
AT1G13360,0.26514405
AT1G13370,0.07856735
AT1G13380,-0.38425502
AT1G13390,0.15459755
AT1G13400,-0.027326554
AT1G13410,-0.036540844
AT1G13420,-0.07959502
AT1G13430,-0.17285158
AT1G13440,0.08811954
AT1G13450,-0.13302375
AT1G13460,0.02550861
AT1G13470,0.45627636
AT1G13480,0.5395332
AT1G13485,0.0
AT1G13490,0.017591657
AT1G13500,-0.0009940165
AT1G13510,0.019532137
AT1G13520,3.0835688
AT1G13530,0.009020585
AT1G13540,0.23632404
AT1G13550,0.26683033
AT1G13560,-0.071672566
AT1G13570,0.034252524
AT1G13580,0.06833608
AT1G13590,-0.00028828738
AT1G13600,-0.15151693
AT1G13605,0.016914299
AT1G13607,-0.002781704
AT1G13608,-0.006268354
AT1G13609,-0.023316624
AT1G13610,-0.008362443
AT1G13620,-0.004023074
AT1G13630,-0.08797311
AT1G13635,0.06327996
AT1G13640,-0.31192985
AT1G13650,-1.382788
AT1G13670,0.05943924
AT1G13680,-3.911016e-05
AT1G13690,-0.13341913
AT1G13700,-0.1004303
AT1G13710,-0.2530911
AT1G13730,-0.28374046
AT1G13740,0.25790012
AT1G13750,0.48851535
AT1G13755,0.00014193372
AT1G13760,-0.00043661738
AT1G13770,-0.07355084
AT1G13780,0.03420788
AT1G13790,-0.5042717
AT1G13800,-0.1982376
AT1G13805,0.0
AT1G13810,0.027853714
AT1G13820,-0.29291573
AT1G13825,-0.0005573991
AT1G13830,0.4109904
AT1G13860,-0.33111107
AT1G13870,-0.05431066
AT1G13880,0.0123393135
AT1G13890,0.00012036212
AT1G13900,-0.07841178
AT1G13910,0.17528754
AT1G13920,-0.2705577
AT1G13930,0.09528431
AT1G13940,-0.2010522
AT1G13950,-0.13620245
AT1G13960,0.14676367
AT1G13980,-0.14018564
AT1G13990,0.4684271
AT1G14000,0.3307272
AT1G14010,0.36135593
AT1G14020,0.004812327
AT1G14030,-0.44913074
AT1G14040,0.3297883
AT1G14048,0.0
AT1G14050,0.0
AT1G14070,0.0
AT1G14080,-0.1723213
AT1G14100,-0.06331101
AT1G14110,0.0004960694
AT1G14120,-0.035508625
AT1G14130,0.396092
AT1G14140,0.059347734
AT1G14150,-0.6329249
AT1G14160,-0.0038626608
AT1G14170,0.95777625
AT1G14175,0.0
AT1G14182,0.0
AT1G14185,0.08742913
AT1G14190,-0.2493968
AT1G14200,0.28430173
AT1G14205,-0.24375343
AT1G14210,-0.35073376
AT1G14220,-0.0047738184
AT1G14230,0.12828837
AT1G14240,0.090080865
AT1G14250,-0.6260597
AT1G14260,0.3033933
AT1G14270,-0.28820458
AT1G14280,-0.42815685
AT1G14290,-0.41993612
AT1G14300,-0.02564193
AT1G14310,-0.020423073
AT1G14315,-0.007324529
AT1G14320,0.46920326
AT1G14330,1.1241106
AT1G14340,0.11671779
AT1G14345,-0.22343558
AT1G14350,-0.4221749
AT1G14360,0.67499185
AT1G14370,0.5819845
AT1G14380,-0.43485913
AT1G14390,-0.16681251
AT1G14400,0.1547867
AT1G14410,0.013183394
AT1G14420,0.0019895178
AT1G14430,-0.07235215
AT1G14440,-0.1749771
AT1G14450,0.18856081
AT1G14453,0.002604134
AT1G14455,0.0058555612
AT1G14460,-0.66263264
AT1G14470,-0.03922201
AT1G14480,-0.01793234
AT1G14490,-0.08682992
AT1G14500,-0.00043661738
AT1G14510,0.026129302
AT1G14520,0.21533073
AT1G14530,0.29833108
AT1G14540,2.4924202
AT1G14550,0.9376244
AT1G14560,-0.13959315
AT1G14570,0.020936158
AT1G14580,-0.1926423
AT1G14590,-0.15026787
AT1G14600,-0.32380286
AT1G14610,-0.14071336
AT1G14620,-0.037837148
AT1G14640,-0.076778576
AT1G14642,0.005719841
AT1G14650,-0.052287977
AT1G14660,-0.38020715
AT1G14670,0.2562595
AT1G14680,-0.03809224
AT1G14685,0.06563509
AT1G14686,0.006514833
AT1G14687,0.110736415
AT1G14688,0.015720526
AT1G14690,-0.16999276
AT1G14700,-0.7454532
AT1G14710,0.00803552
AT1G14720,0.08950145
AT1G14730,-0.2344588
AT1G14740,-0.05813017
AT1G14750,-0.036756314
AT1G14755,0.0
AT1G14760,-0.02674609
AT1G14770,-0.51919204
AT1G14780,-0.017124446
AT1G14790,0.051317643
AT1G14800,0.0
AT1G14810,0.34748536
AT1G14820,-0.11917469
AT1G14830,0.1342013
AT1G14840,-0.685873
AT1G14850,-0.029647432
AT1G14860,0.41462514
AT1G14870,2.7302647
AT1G14880,0.7308466
AT1G14890,0.79049355
AT1G14900,-0.14977217
AT1G14910,0.06767321
AT1G14920,-0.14927755
AT1G14930,-0.09492921
AT1G14940,0.00015543403
AT1G14950,0.0021053539
AT1G14960,-0.009131725
AT1G14970,-0.3092861
AT1G14980,0.122802995
AT1G14990,0.10470559
AT1G15000,-0.6520692
AT1G15010,1.2100762
AT1G15015,-0.013120364
AT1G15020,0.0058047427
AT1G15030,-0.017948423
AT1G15040,3.2896159
AT1G15050,0.12776373
AT1G15060,0.09462834
AT1G15080,-0.16879539
AT1G15085,0.0
AT1G15100,0.26660967
AT1G15110,0.47633934
AT1G15120,0.21959274
AT1G15125,-1.2633686
AT1G15130,0.31409687
AT1G15140,0.11595744
AT1G15150,-0.10277407
AT1G15160,0.0026920156
AT1G15165,-0.11438344
AT1G15170,0.35113877
AT1G15180,-0.28942975
AT1G15190,0.042357802
AT1G15200,-0.13290985
AT1G15210,-0.039265137
AT1G15215,-0.380988
AT1G15220,-0.14461714
AT1G15230,0.04964939
AT1G15240,-0.07450488
AT1G15250,-0.09609566
AT1G15260,-0.5306981
AT1G15270,0.16560474
AT1G15280,-0.090344794
AT1G15290,-0.4284625
AT1G15310,-0.010445489
AT1G15320,-0.013763705
AT1G15330,-0.026873147
AT1G15340,-0.20493829
AT1G15350,0.26746202
AT1G15360,0.0017621842
AT1G15370,0.108125165
AT1G15380,2.50427
AT1G15385,0.77161115
AT1G15390,-0.023827886
AT1G15400,0.12371589
AT1G15410,-1.0671557
AT1G15415,0.8771492
AT1G15420,-0.02228034
AT1G15430,1.1643834
AT1G15440,0.11865358
AT1G15460,0.0024323773
AT1G15470,0.0097556
AT1G15480,-0.25394702
AT1G15490,0.043542664
AT1G15500,-0.24595198
AT1G15510,-0.0449593
AT1G15520,3.7441869
AT1G15530,0.23678993
AT1G15540,0.08813498
AT1G15550,-1.0537742
AT1G15570,0.055750534
AT1G15580,-0.072050944
AT1G15590,8.395739e-05
AT1G15600,0.0
AT1G15610,-0.04965106
AT1G15620,-0.0010412057
AT1G15625,0.23773889
AT1G15630,0.0005135926
AT1G15640,0.0005569795
AT1G15660,-0.11514434
AT1G15670,0.6399978
AT1G15680,0.0
AT1G15690,0.20005807
AT1G15700,-0.06179064
AT1G15710,0.035760958
AT1G15720,0.091233954
AT1G15730,-0.29664186
AT1G15740,-0.042524002
AT1G15750,0.062482737
AT1G15757,-0.0005870957
AT1G15760,-0.22392172
AT1G15770,0.0010643202
AT1G15772,-0.07196256
AT1G15780,0.21687326
AT1G15790,0.48271796
AT1G15800,0.22538762
AT1G15810,-0.15353155
AT1G15820,-0.49050578
AT1G15825,0.028158907
AT1G15830,-0.710253
AT1G15840,-0.02661259
AT1G15850,0.0
AT1G15860,0.2862782
AT1G15870,0.061314397
AT1G15880,0.13164866
AT1G15885,0.08473301
AT1G15890,0.022694804
AT1G15900,0.12493398
AT1G15910,-0.38406843
AT1G15920,0.050247412
AT1G15930,0.096428476
AT1G15940,-0.11026589
AT1G15950,0.36752403
AT1G15960,0.012486005
AT1G15970,-0.05402424
AT1G15980,-0.72178024
AT1G15990,0.016123984
AT1G16000,-0.005175989
AT1G16010,0.09627564
AT1G16020,-0.30916375
AT1G16022,0.053313658
AT1G16025,0.002227566
AT1G16030,0.9108275
AT1G16040,0.05048723
AT1G16060,0.10118846
AT1G16070,-0.020265043
AT1G16080,-0.39402086
AT1G16110,0.1820874
AT1G16120,0.010333859
AT1G16130,0.95930684
AT1G16140,0.0
AT1G16150,-0.2872166
AT1G16160,-0.029029159
AT1G16170,0.17562298
AT1G16180,0.26285976
AT1G16190,-0.24150644
AT1G16210,0.22541496
AT1G16220,-0.08301912
AT1G16225,-0.017123723
AT1G16230,0.0
AT1G16240,0.18063363
AT1G16250,0.11115317
AT1G16260,0.04920524
AT1G16270,0.09399319
AT1G16280,-0.06885913
AT1G16290,-0.00014309566
AT1G16300,0.53677
AT1G16310,-0.03246266
AT1G16320,0.010362984
AT1G16330,-0.05540899
AT1G16340,-0.60797143
AT1G16350,-0.111228906
AT1G16360,0.07375687
AT1G16370,0.63595253
AT1G16380,0.0017469443
AT1G16390,-0.4409598
AT1G16400,-0.6370549
AT1G16410,-1.3287168
AT1G16420,0.602687
AT1G16430,-0.059612755
AT1G16440,0.049844895
AT1G16445,-0.15488961
AT1G16460,-0.1523107
AT1G16470,0.35812017
AT1G16480,-0.22659115
AT1G16490,-0.11472939
AT1G16500,0.41625488
AT1G16510,0.8716812
AT1G16515,0.025637165
AT1G16520,-0.2662569
AT1G16530,0.2601555
AT1G16540,0.63208306
AT1G16560,0.16378854
AT1G16570,-0.03206106
AT1G16590,-0.2746699
AT1G16610,0.09782
AT1G16630,-0.22474356
AT1G16640,-0.2719773
AT1G16650,0.11019264
AT1G16670,0.49100828
AT1G16680,-0.2974341
AT1G16690,-0.07446359
AT1G16700,0.32060465
AT1G16705,0.018775083
AT1G16710,-0.04943751
AT1G16720,-0.3945391
AT1G16730,-0.13314252
AT1G16740,0.05098267
AT1G16750,-0.309402
AT1G16760,0.0006343744
AT1G16770,0.064571805
AT1G16780,-0.5586929
AT1G16790,0.27785787
AT1G16800,-0.2845956
AT1G16810,0.024128174
AT1G16820,-0.08143825
AT1G16825,0.002976313
AT1G16830,0.09232399
AT1G16840,0.23925276
AT1G16850,-0.049041934
AT1G16860,-0.16149558
AT1G16870,0.17533939
AT1G16880,-0.1470881
AT1G16890,0.14805546
AT1G16900,0.009803139
AT1G16900,0.009803139
AT1G16910,-0.0031541854
AT1G16916,-0.04650239
AT1G16920,-0.21400526
AT1G16930,-0.12015187
AT1G16940,0.0
AT1G16945,0.0
AT1G16950,0.0015940454
AT1G16960,-0.31655875
AT1G16970,0.04478418
AT1G16980,0.0028201714
AT1G17000,0.0005569795
AT1G17010,0.0020497795
AT1G17020,1.9344476
AT1G17030,0.18988329
AT1G17040,-0.19490139
AT1G17050,-0.29114363
AT1G17060,-0.0048965123
AT1G17065,8.4465944e-05
AT1G17070,0.035389856
AT1G17080,0.39505547
AT1G17100,-0.17663628
AT1G17110,-0.28101254
AT1G17120,0.051803272
AT1G17130,0.009837618
AT1G17140,-0.5995184
AT1G17145,-0.15438251
AT1G17147,0.0064070304
AT1G17150,0.0020497795
AT1G17160,-0.058711007
AT1G17170,1.762325
AT1G17180,0.39808524
AT1G17190,-0.24388818
AT1G17200,-0.32473445
AT1G17210,-0.088896714
AT1G17220,-0.3931673
AT1G17230,0.30352372
AT1G17235,0.008144588
AT1G17240,0.056980982
AT1G17250,-0.102764904
AT1G17260,-0.17107527
AT1G17270,-0.06735436
AT1G17280,0.078317575
AT1G17285,0.021762563
AT1G17290,0.42186588
AT1G17300,0.111597486
AT1G17310,0.08844473
AT1G17330,0.13461903
AT1G17340,0.24430552
AT1G17345,-0.026352303
AT1G17350,-0.37355125
AT1G17360,-0.3822174
AT1G17370,-0.1501745
AT1G17380,0.86162984
AT1G17400,-0.08926822
AT1G17410,0.04980272
AT1G17420,1.4586295
AT1G17430,0.08597661
AT1G17440,0.11924516
AT1G17450,0.025739152
AT1G17455,-0.20549269
AT1G17460,-0.081748046
AT1G17470,-0.031179834
AT1G17480,-0.31403455
AT1G17490,0.11493559
AT1G17500,0.45974016
AT1G17510,0.15427752
AT1G17520,0.04360041
AT1G17530,0.40612558
AT1G17540,0.0018535302
AT1G17545,0.0
AT1G17550,0.2820728
AT1G17560,-0.13453713
AT1G17580,-0.0018080767
AT1G17590,0.025692219
AT1G17600,0.6783746
AT1G17610,0.28848857
AT1G17620,-0.06484077
AT1G17630,-0.09782217
AT1G17640,-0.029020136
AT1G17650,-0.49411404
AT1G17665,0.19965786
AT1G17680,-0.07274639
AT1G17690,0.04843131
AT1G17700,-0.44709146
AT1G17710,0.04487949
AT1G17720,0.14922789
AT1G17730,0.055205982
AT1G17740,0.0
AT1G17745,1.2528896
AT1G17750,0.44795105
AT1G17760,-0.21836326
AT1G17770,0.0
AT1G17780,-3.501428e-05
AT1G17790,-0.019467404
AT1G17800,0.0
AT1G17810,0.04794455
AT1G17820,0.004415169
AT1G17830,0.7583858
AT1G17840,-0.20576847
AT1G17850,-0.41462722
AT1G17860,0.9368117
AT1G17870,0.07952876
AT1G17880,-0.10810721
AT1G17890,0.49755347
AT1G17910,0.0010709917
AT1G17920,-0.34798148
AT1G17930,-0.107414305
AT1G17940,-0.09360689
AT1G17950,0.21052955
AT1G17960,-0.15054265
AT1G17970,-0.3118308
AT1G17980,-0.25386462
AT1G17990,0.1687534
AT1G18000,-0.23603863
AT1G18010,0.23228523
AT1G18020,0.62553924
AT1G18030,-0.16019277
AT1G18040,-0.41278934
AT1G18050,0.0051894207
AT1G18070,0.08876385
AT1G18080,0.16637346
AT1G18090,-0.41324866
AT1G18100,0.0051835687
AT1G18120,0.0
AT1G18130,0.0
AT1G18140,0.015256805
AT1G18150,-0.23207411
AT1G18160,-0.082057014
AT1G18170,-0.31644323
AT1G18180,-0.02176943
AT1G18190,-0.14104293
AT1G18193,-0.0022907013
AT1G18197,0.06840586
AT1G18200,0.6700958
AT1G18210,0.7563954
AT1G18220,-0.0003496361
AT1G18250,-0.11414639
AT1G18260,0.07805398
AT1G18265,-0.47513714
AT1G18270,0.3447842
AT1G18280,0.17298183
AT1G18290,-0.00393409
AT1G18300,0.4498886
AT1G18310,-0.009043169
AT1G18320,-0.06616562
AT1G18330,-0.35851747
AT1G18335,-0.11717547
AT1G18340,-0.1886754
AT1G18350,0.38031694
AT1G18360,-0.22852397
AT1G18370,-0.2921315
AT1G18390,0.8190746
AT1G18400,-0.37954462
AT1G18410,-0.042565208
AT1G18420,0.07016589
AT1G18440,0.12680328
AT1G18450,-0.0016832199
AT1G18460,-0.2974009
AT1G18470,0.15805407
AT1G18480,0.4754169
AT1G18485,-0.31527263
AT1G18486,0.01792375
AT1G18490,-0.26630372
AT1G18500,0.055849947
AT1G18510,-3.649448e-05
AT1G18520,0.0011918253
AT1G18530,-0.023421427
AT1G18540,0.18451944
AT1G18550,-0.235532
AT1G18560,0.20772439
AT1G18570,0.38903663
AT1G18580,-0.083338976
AT1G18590,0.058971565
AT1G18600,0.2021975
AT1G18610,-0.28110984
AT1G18620,-0.7255472
AT1G18630,0.060659375
AT1G18640,0.027944677
AT1G18650,-0.49474475
AT1G18660,-0.17635143
AT1G18670,-0.2668526
AT1G18680,0.25966975
AT1G18690,0.017654506
AT1G18700,-0.12494892
AT1G18710,-0.9778578
AT1G18720,0.44026598
AT1G18730,-0.7459828
AT1G18740,0.21576384
AT1G18750,-0.29730472
AT1G18760,0.0
AT1G18770,0.0
AT1G18773,-0.15523295
AT1G18780,-0.00018371837
AT1G18790,0.0
AT1G18800,0.014426239
AT1G18810,-0.37087974
AT1G18830,0.09826214
AT1G18835,0.173456
AT1G18840,-0.54962367
AT1G18850,0.16516544
AT1G18860,1.0570595
AT1G18870,-0.3968442
AT1G18871,0.0012368785
AT1G18880,-0.59486187
AT1G18890,0.4843337
AT1G18900,0.18609588
AT1G18910,0.04507523
AT1G18950,-0.20154004
AT1G18960,-0.04981682
AT1G18970,0.04129087
AT1G18975,-0.0012100769
AT1G18980,0.42588577
AT1G18990,-0.06284862
AT1G19000,-0.30038998
AT1G19010,0.029357253
AT1G19020,1.6663306
AT1G19025,0.33407798
AT1G19040,-0.0016484291
AT1G19050,-0.3113325
AT1G19060,0.0016956487
AT1G19070,0.082411766
AT1G19080,-0.25150403
AT1G19086,0.0
AT1G19090,0.0
AT1G19100,-0.1346572
AT1G19110,-0.21842642
AT1G19115,-0.0098509155
AT1G19120,-0.06406613
AT1G19130,0.28343046
AT1G19140,-0.020199038
AT1G19150,-0.81804544
AT1G19160,-0.064628795
AT1G19170,-0.13579895
AT1G19180,1.6253685
AT1G19190,0.35830906
AT1G19200,1.4215367
AT1G19210,0.27106696
AT1G19220,-0.3606075
AT1G19230,0.15250613
AT1G19240,0.13174604
AT1G19250,2.37895
AT1G19260,0.0005717242
AT1G19270,0.7072573
AT1G19290,0.009416363
AT1G19300,-0.019017633
AT1G19310,0.38447586
AT1G19330,-0.6369249
AT1G19340,-0.63199836
AT1G19350,-0.32288817
AT1G19360,0.31265768
AT1G19370,0.08224424
AT1G19380,0.61258346
AT1G19390,-0.01240964
AT1G19394,-0.18518423
AT1G19397,-0.11205337
AT1G19400,-0.029588915
AT1G19410,0.005543913
AT1G19430,-0.15572648
AT1G19440,0.63182735
AT1G19450,-0.2261875
AT1G19460,0.001692903
AT1G19470,-7.3428324e-05
AT1G19480,-0.25833187
AT1G19485,-0.2937489
AT1G19490,-0.2544671
AT1G19500,0.053054105
AT1G19510,-0.17901042
AT1G19520,-0.07726159
AT1G19525,0.0
AT1G19530,0.37543842
AT1G19540,0.15882486
AT1G19550,0.049531274
AT1G19565,-0.07021158
AT1G19570,0.24124119
AT1G19580,-0.009863433
AT1G19600,-0.024268787
AT1G19610,0.44712618
AT1G19620,-0.33574685
AT1G19630,-0.5263744
AT1G19640,0.5152078
AT1G19650,0.00799027
AT1G19660,-0.11157925
AT1G19670,-1.2192874
AT1G19680,-0.060379073
AT1G19690,-0.21835949
AT1G19700,-0.16703826
AT1G19710,-0.30215377
AT1G19715,-0.5439232
AT1G19720,-0.43510902
AT1G19730,-0.044242706
AT1G19740,-0.031657845
AT1G19750,-0.01989628
AT1G19770,-0.00935587
AT1G19780,-0.0020216624
AT1G19790,0.02663681
AT1G19800,-0.020314634
AT1G19830,-0.08919421
AT1G19835,-0.45724478
AT1G19840,-0.0784304
AT1G19850,1.0951732
AT1G19860,-0.030723667
AT1G19870,-0.27183238
AT1G19880,0.013924299
AT1G19890,0.0
AT1G19900,-0.006028895
AT1G19910,0.42084354
AT1G19920,-0.20130591
AT1G19930,0.0
AT1G19940,0.09929548
AT1G19950,-0.3068201
AT1G19960,0.17488775
AT1G19970,0.35989136
AT1G19980,-0.03734994
AT1G19990,-0.3552126
AT1G20000,0.0013816941
AT1G20010,-0.65863466
AT1G20020,-0.6887147
AT1G20030,0.18291277
AT1G20050,0.2169838
AT1G20060,-0.03107998
AT1G20065,-0.009533828
AT1G20070,0.8747979
AT1G20080,-0.011501745
AT1G20090,-0.012466689
AT1G20100,0.31306046
AT1G20110,0.19233488
AT1G20120,0.06986644
AT1G20130,-0.029574558
AT1G20132,3.0988496e-05
AT1G20135,0.0
AT1G20140,0.1819511
AT1G20150,-0.042521585
AT1G20160,-0.035334453
AT1G20180,1.1462227
AT1G20190,-0.920238
AT1G20200,0.31472597
AT1G20220,0.008880037
AT1G20230,-0.1794611
AT1G20240,0.0005073407
AT1G20260,0.15482241
AT1G20270,-0.108081244
AT1G20280,0.0
AT1G20290,0.014602988
AT1G20300,0.030542525
AT1G20310,0.8827416
AT1G20320,0.014096033
AT1G20330,-0.03731607
AT1G20340,-0.4562036
AT1G20350,0.5237329
AT1G20360,0.0009787878
AT1G20380,-0.3606486
AT1G20400,0.023666989
AT1G20405,-0.00043661738
AT1G20410,-0.2619408
AT1G20440,0.4543563
AT1G20450,0.42196184
AT1G20470,-0.2607861
AT1G20480,-0.053554077
AT1G20490,-0.11780764
AT1G20500,0.0037601623
AT1G20510,0.11089608
AT1G20520,0.04051854
AT1G20530,-0.099933125
AT1G20540,-0.22726843
AT1G20550,-0.25784823
AT1G20560,0.06713702
AT1G20570,-0.22944346
AT1G20575,0.20439272
AT1G20580,0.11799642
AT1G20590,0.0001497368
AT1G20600,0.0037267099
AT1G20610,-0.05953261
AT1G20620,-0.05769918
AT1G20630,1.1582283
AT1G20640,-0.50048393
AT1G20650,-0.49193275
AT1G20657,0.0
AT1G20670,-0.075317964
AT1G20680,0.09563156
AT1G20683,0.0
AT1G20687,0.0
AT1G20693,-0.048591044
AT1G20696,0.049477983
AT1G20700,0.12707943
AT1G20710,0.0
AT1G20720,-0.3242135
AT1G20730,0.0031052073
AT1G20735,0.016772365
AT1G20740,0.25699523
AT1G20750,0.0035497637
AT1G20760,0.036154162
AT1G20770,0.10462878
AT1G20780,0.59076005
AT1G20790,0.0029722955
AT1G20795,0.0042195087
AT1G20800,0.0
AT1G20803,0.0009787878
AT1G20810,-0.18945408
AT1G20816,-0.2979921
AT1G20823,-0.26983765
AT1G20830,-0.13987395
AT1G20840,0.23328881
AT1G20850,0.043447915
AT1G20860,0.018288929
AT1G20870,-0.022709267
AT1G20875,-0.0005573991
AT1G20880,0.11005813
AT1G20890,0.082783885
AT1G20900,0.24523647
AT1G20910,0.06445697
AT1G20920,-0.26192534
AT1G20923,0.0
AT1G20925,0.0038967046
AT1G20930,-0.013442766
AT1G20940,0.0010709917
AT1G20950,-0.07155859
AT1G20960,0.038212173
AT1G20970,0.3155522
AT1G20980,0.21762002
AT1G20990,-0.11992052
AT1G21000,0.022574823
AT1G21010,0.48141313
AT1G21050,-0.28523597
AT1G21060,-0.23690562
AT1G21065,-0.09681143
AT1G21070,-0.19678701
AT1G21080,0.17672147
AT1G21090,-0.33339658
AT1G21100,-0.15504837
AT1G21110,-0.23411067
AT1G21120,0.20559171
AT1G21130,-0.11944623
AT1G21140,-0.05799352
AT1G21150,-0.33495167
AT1G21160,-0.03028642
AT1G21170,0.03476422
AT1G21190,0.11859771
AT1G21200,-0.00405121
AT1G21210,0.1203392
AT1G21230,0.0
AT1G21240,1.3717233
AT1G21245,0.021233622
AT1G21250,0.90867335
AT1G21270,0.28351054
AT1G21280,0.06461944
AT1G21310,1.3741502
AT1G21313,0.6748654
AT1G21320,0.25065622
AT1G21323,0.0
AT1G21326,-0.028225066
AT1G21340,0.004925617
AT1G21360,-0.086072735
AT1G21370,0.38884428
AT1G21380,0.38113388
AT1G21390,0.31661344
AT1G21395,0.0007304694
AT1G21400,0.69257635
AT1G21410,0.47027782
AT1G21430,0.00027993578
AT1G21440,-0.61490566
AT1G21450,0.04854968
AT1G21460,-0.11276273
AT1G21470,-0.023948107
AT1G21475,0.0005569795
AT1G21480,-0.16247074
AT1G21500,-0.34783384
AT1G21510,-0.0398802
AT1G21520,0.7767378
AT1G21528,0.109202795
AT1G21530,-0.0043439525
AT1G21540,-0.2134517
AT1G21550,1.591037
AT1G21560,-0.60937387
AT1G21570,0.0
AT1G21580,-0.037508104
AT1G21590,-0.050238427
AT1G21600,-0.19514944
AT1G21610,-0.14757961
AT1G21620,0.001983103
AT1G21630,0.07880224
AT1G21640,-0.045435697
AT1G21650,-0.25013652
AT1G21660,0.025346424
AT1G21670,0.40678278
AT1G21680,0.08071696
AT1G21690,-0.013881867
AT1G21695,0.15197025
AT1G21700,-0.039272975
AT1G21710,0.01733965
AT1G21720,0.28832608
AT1G21722,0.060075738
AT1G21730,-0.29069138
AT1G21738,0.0
AT1G21740,0.42942178
AT1G21750,0.51925015
AT1G21760,0.120476976
AT1G21770,0.33372286
AT1G21780,0.0073198155
AT1G21790,0.43682793
AT1G21810,-0.23489106
AT1G21820,0.0
AT1G21835,0.0
AT1G21840,-0.23635894
AT1G21850,0.08924744
AT1G21860,0.03335317
AT1G21864,0.0
AT1G21866,0.0
AT1G21870,0.0
AT1G21880,-0.44824666
AT1G21890,-0.025759436
AT1G21900,0.4402531
AT1G21910,0.10751581
AT1G21920,-0.058859453
AT1G21925,0.0
AT1G21928,0.0
AT1G21930,-0.048265304
AT1G21940,0.04480504
AT1G21950,0.030360524
AT1G21960,0.0
AT1G21970,0.03249838
AT1G21980,0.31866956
AT1G21990,-0.00018371837
AT1G22000,-0.0072266003
AT1G22010,0.0
AT1G22015,0.016772365
AT1G22020,0.084796675
AT1G22030,-0.3079338
AT1G22040,0.018822132
AT1G22050,-0.21949512
AT1G22060,-0.46075335
AT1G22065,-0.122452706
AT1G22070,-0.05724085
AT1G22080,0.0
AT1G22090,0.001784547
AT1G22100,-7.710574e-05
AT1G22110,0.2512442
AT1G22120,-0.03969294
AT1G22130,-0.21029584
AT1G22140,0.031076262
AT1G22150,0.035445657
AT1G22160,-0.92646194
AT1G22170,-0.29446432
AT1G22180,0.67367345
AT1G22190,0.26958516
AT1G22200,0.07951396
AT1G22210,0.0013153191
AT1G22220,0.04012735
AT1G22230,-0.21722178
AT1G22240,0.07337005
AT1G22250,-0.06775133
AT1G22260,-0.16840932
AT1G22270,0.23484555
AT1G22275,0.15942581
AT1G22280,0.4495591
AT1G22290,0.00291827
AT1G22300,0.116630636
AT1G22310,-0.21811788
AT1G22330,-0.6284482
AT1G22340,0.38944563
AT1G22360,0.69151026
AT1G22370,-0.12545535
AT1G22380,1.3182744
AT1G22400,2.3411844
AT1G22410,1.637218
AT1G22420,0.0057962136
AT1G22430,-0.6997621
AT1G22440,0.098628476
AT1G22450,0.086107485
AT1G22460,-0.001458249
AT1G22470,0.10990914
AT1G22480,0.3153919
AT1G22490,-0.12660068
AT1G22500,-0.19335955
AT1G22510,0.28417605
AT1G22520,0.04824532
AT1G22530,-0.12956387
AT1G22540,-0.13099879
AT1G22550,-0.08431645
AT1G22570,0.42413455
AT1G22590,-0.61201626
AT1G22600,0.0042492417
AT1G22610,-0.13108192
AT1G22620,-0.0014931043
AT1G22630,-0.41518375
AT1G22640,-0.08448737
AT1G22650,-0.20682095
AT1G22660,-0.23659307
AT1G22670,-0.025499353
AT1G22680,0.00011213335
AT1G22690,-0.51576316
AT1G22700,-0.22546911
AT1G22710,0.012962778
AT1G22720,0.0
AT1G22730,0.03892797
AT1G22740,-0.27816048
AT1G22750,0.2938609
AT1G22760,-0.03267402
AT1G22770,-0.008570564
AT1G22780,0.13715093
AT1G22790,-0.1159978
AT1G22800,0.022478135
AT1G22810,0.5131498
AT1G22830,-0.22540803
AT1G22840,0.96765286
AT1G22850,-0.24755965
AT1G22860,-0.027311921
AT1G22870,0.10569677
AT1G22880,0.018493699
AT1G22882,0.24166134
AT1G22885,0.32628736
AT1G22890,0.51011455
AT1G22900,0.5939824
AT1G22910,-0.12766463
AT1G22920,0.1268937
AT1G22930,0.20117703
AT1G22940,-0.08604105
AT1G22950,-0.056907337
AT1G22960,0.030387077
AT1G22970,0.009243439
AT1G22980,-0.043668415
AT1G22985,0.22771005
AT1G22990,-0.017889844
AT1G23000,-0.10405054
AT1G23010,0.21441069
AT1G23020,-0.06481432
AT1G23030,-0.066273816
AT1G23037,0.0
AT1G23040,0.7234673
AT1G23050,-0.22495659
AT1G23060,-0.4563796
AT1G23070,-0.077509575
AT1G23080,-0.6031892
AT1G23090,-0.1524211
AT1G23100,-0.10036096
AT1G23110,0.021625843
AT1G23120,1.0975124
AT1G23130,-0.12918125
AT1G23140,0.15917118
AT1G23145,0.0
AT1G23147,3.0988496e-05
AT1G23150,0.77777004
AT1G23160,0.001996436
AT1G23170,-0.16265388
AT1G23180,-0.19887313
AT1G23190,0.4817338
AT1G23200,-0.28334925
AT1G23201,0.07197024
AT1G23210,-0.00029730724
AT1G23220,0.11531225
AT1G23230,0.099429816
AT1G23240,0.0
AT1G23250,0.0
AT1G23260,-0.10717955
AT1G23270,0.0020497795
AT1G23280,-0.074215956
AT1G23290,0.2809045
AT1G23300,0.046504796
AT1G23310,-0.4895752
AT1G23320,0.0010709917
AT1G23330,0.09719999
AT1G23340,-0.53236157
AT1G23360,-0.17264545
AT1G23380,0.05087987
AT1G23390,0.11805635
AT1G23400,-0.312904
AT1G23410,-0.099300794
AT1G23420,0.0
AT1G23430,0.0
AT1G23450,0.37270653
AT1G23460,0.3445741
AT1G23465,-0.104383916
AT1G23480,-0.5434098
AT1G23490,0.18663155
AT1G23500,0.061651897
AT1G23510,0.081730835
AT1G23520,0.049209103
AT1G23530,-0.3263521
AT1G23540,-0.014253458
AT1G23550,1.0542073
AT1G23560,1.1095241
AT1G23570,0.016282368
AT1G23580,-0.00077522517
AT1G23590,-3.911016e-05
AT1G23600,0.017603729
AT1G23610,7.9859856e-05
AT1G23630,0.0
AT1G23645,0.015632123
AT1G23650,0.0
AT1G23660,4.3429653e-05
AT1G23670,0.0
AT1G23680,0.0
AT1G23690,0.0
AT1G23700,0.05085961
AT1G23710,0.83495414
AT1G23720,-0.01934866
AT1G23730,0.53687245
AT1G23740,-0.25765023
AT1G23750,-0.039359715
AT1G23760,-0.11881353
AT1G23770,0.0041897944
AT1G23780,0.10217834
AT1G23790,-0.23497792
AT1G23800,2.3476572
AT1G23810,0.017829511
AT1G23820,-0.057300743
AT1G23830,0.017284261
AT1G23840,0.32946205
AT1G23850,0.2267124
AT1G23860,0.19759889
AT1G23870,0.49766695
AT1G23880,-0.09603893
AT1G23890,-0.22565113
AT1G23900,0.1528252
AT1G23910,0.0
AT1G23915,0.035201512
AT1G23935,-0.38921073
AT1G23950,0.06323961
AT1G23960,0.024396766
AT1G23965,-0.3364297
AT1G23970,-0.18310979
AT1G23980,-0.19022094
AT1G23985,0.015367372
AT1G23995,0.00043067065
AT1G24000,0.030636111
AT1G24010,0.0
AT1G24020,0.1832228
AT1G24030,-0.102611445
AT1G24040,-0.19207937
AT1G24050,0.2147873
AT1G24060,0.0
AT1G24062,0.0
AT1G24070,-1.6170577
AT1G24090,0.09176321
AT1G24095,0.18786326
AT1G24100,0.27056226
AT1G24110,0.00025375403
AT1G24120,-0.23273513
AT1G24130,-0.029532788
AT1G24140,1.2619668
AT1G24145,0.3631053
AT1G24147,1.0001516
AT1G24148,-0.32902426
AT1G24150,0.6125553
AT1G24159,0.00014290567
AT1G24160,-0.289201
AT1G24170,-0.10984069
AT1G24180,0.3851664
AT1G24190,0.010438092
AT1G24200,0.0
AT1G24210,0.04510546
AT1G24220,0.0032920004
AT1G24230,0.005953976
AT1G24240,-0.116940714
AT1G24250,0.019299515
AT1G24256,0.0
AT1G24260,-0.15512581
AT1G24265,-0.34581745
AT1G24267,0.1121434
AT1G24270,0.013497297
AT1G24280,0.18890816
AT1G24290,-0.12669647
AT1G24300,-0.0662101
AT1G24310,-0.16253792
AT1G24320,0.025411323
AT1G24330,-0.052839454
AT1G24340,-0.08648137
AT1G24350,0.33799094
AT1G24360,0.10606638
AT1G24380,0.03207068
AT1G24388,0.0
AT1G24390,0.00015543403
AT1G24400,-0.007982599
AT1G24405,-0.10805672
AT1G24420,0.0050848066
AT1G24430,0.014756679
AT1G24440,0.06302376
AT1G24450,-0.18677479
AT1G24460,0.1175392
AT1G24470,0.35884705
AT1G24475,0.0
AT1G24480,0.025508316
AT1G24485,0.015632123
AT1G24490,0.1008411
AT1G24510,-0.07270688
AT1G24520,0.08631327
AT1G24530,-0.29476964
AT1G24540,-0.0025397958
AT1G24545,0.00018246146
AT1G24560,-0.03668324
AT1G24570,0.044880945
AT1G24575,0.14060606
AT1G24577,-0.25805008
AT1G24580,-0.1967959
AT1G24590,0.0
AT1G24600,0.4961469
AT1G24610,-0.08844495
AT1G24620,0.032044426
AT1G24625,0.045862056
AT1G24650,-0.009482607
AT1G24660,0.0
AT1G24706,-0.010122733
AT1G24735,-0.10877348
AT1G24764,-0.5410685
AT1G24793,-0.04392649
AT1G24800,0.5635867
AT1G24807,0.012184033
AT1G24822,-0.0009899221
AT1G24851,0.025412122
AT1G24880,-0.2861792
AT1G24881,0.44341782
AT1G24909,0.0
AT1G24996,0.0417759
AT1G25025,0.0
AT1G25054,-0.77095926
AT1G25055,-0.3309451
AT1G25145,-0.89552605
AT1G25150,0.73688143
AT1G25210,-0.00021871747
AT1G25211,0.10636835
AT1G25220,1.5147066
AT1G25230,-0.41566345
AT1G25240,0.0065287794
AT1G25250,-0.5550375
AT1G25260,0.011658192
AT1G25270,0.0001421356
AT1G25275,0.5570961
AT1G25277,0.07281228
AT1G25280,0.24058357
AT1G25290,-0.27932867
AT1G25300,0.0
AT1G25310,0.00014290567
AT1G25320,-0.18774986
AT1G25330,0.0
AT1G25340,0.0
AT1G25350,-0.039065383
AT1G25360,0.050508857
AT1G25370,0.26205087
AT1G25375,-0.28373796
AT1G25380,0.032528
AT1G25390,0.24753566
AT1G25400,1.2527711
AT1G25410,0.00014290567
AT1G25420,-0.023080932
AT1G25422,0.07215561
AT1G25425,-0.2333327
AT1G25440,-0.4608894
AT1G25450,0.16599245
AT1G25460,0.11464234
AT1G25470,-0.054654445
AT1G25480,-0.0711426
AT1G25490,0.11262329
AT1G25500,0.30301857
AT1G25510,-0.14430048
AT1G25520,0.16140425
AT1G25530,0.13291807
AT1G25540,0.1617058
AT1G25550,0.5638561
AT1G25560,0.3811246
AT1G25570,-0.27966636
AT1G25580,0.20873024
AT1G25682,0.11237936
AT1G25988,0.0005117359
AT1G26090,-0.044820063
AT1G26100,-0.30938485
AT1G26110,0.05393431
AT1G26120,0.07838006
AT1G26130,0.20625915
AT1G26140,-0.006115936
AT1G26150,-0.71887124
AT1G26160,-0.002520505
AT1G26170,0.010985742
AT1G26180,-0.09645134
AT1G26190,-0.13817671
AT1G26200,0.12662593
AT1G26210,-0.44629413
AT1G26220,-0.47565204
AT1G26225,-0.031353503
AT1G26230,-0.61005
AT1G26240,0.19306394
AT1G26250,0.5031288
AT1G26255,-8.683344e-05
AT1G26260,-0.31685182
AT1G26270,0.12793384
AT1G26290,0.23228642
AT1G26300,0.13832982
AT1G26310,-0.0010717687
AT1G26320,0.0
AT1G26330,0.110513225
AT1G26340,0.19356759
AT1G26350,0.03296076
AT1G26355,0.00017970274
AT1G26360,0.0057375096
AT1G26370,-0.113499396
AT1G26380,3.03044
AT1G26390,4.295831
AT1G26400,1.4310458
AT1G26410,1.1568198
AT1G26420,1.6656909
AT1G26440,0.13311513
AT1G26450,-0.061001137
AT1G26460,-0.014613514
AT1G26470,0.37434077
AT1G26480,0.0015495598
AT1G26500,-0.12360904
AT1G26510,-0.0019604154
AT1G26515,0.0020089669
AT1G26520,-0.24154653
AT1G26530,-0.14713073
AT1G26540,-0.11121083
AT1G26550,-0.0228963
AT1G26560,-0.37219462
AT1G26570,-0.18763053
AT1G26580,-0.074660406
AT1G26590,-0.025940754
AT1G26600,-0.10633808
AT1G26610,-0.0041673095
AT1G26620,0.03513461
AT1G26630,0.10140053
AT1G26640,-0.31746432
AT1G26650,-0.27150092
AT1G26660,0.28183687
AT1G26665,0.2020574
AT1G26670,-0.05047007
AT1G26680,0.008655953
AT1G26690,0.44115636
AT1G26700,-0.012292738
AT1G26710,0.0
AT1G26720,0.00014100724
AT1G26730,0.34495744
AT1G26740,0.11559597
AT1G26750,0.0034886426
AT1G26761,-0.71735066
AT1G26762,-0.09087219
AT1G26770,0.4989154
AT1G26773,0.0
AT1G26780,-0.007786951
AT1G26790,-0.02204189
AT1G26795,0.0
AT1G26796,0.0
AT1G26797,0.0
AT1G26798,0.0
AT1G26799,0.0
AT1G26800,-0.069940366
AT1G26810,-0.42755422
AT1G26815,8.128515e-05
AT1G26820,0.26995367
AT1G26830,0.07760505
AT1G26840,0.13990737
AT1G26850,0.10742626
AT1G26870,0.00026229583
AT1G26880,0.19392213
AT1G26890,-0.074563205
AT1G26900,0.2422811
AT1G26910,0.25558752
AT1G26920,0.24929404
AT1G26921,0.016599827
AT1G26930,1.6477572
AT1G26940,-0.16397412
AT1G26945,-0.5847403
AT1G26960,-0.4796197
AT1G26970,0.15981312
AT1G26976,0.02104558
AT1G27000,0.40137202
AT1G27008,0.00083707063
AT1G27020,-0.49595413
AT1G27030,-0.9337169
AT1G27040,0.023937315
AT1G27045,-0.4840528
AT1G27050,-0.04312006
AT1G27060,-0.24834871
AT1G27070,-0.22860572
AT1G27080,0.008077707
AT1G27090,-0.12913261
AT1G27100,0.5489402
AT1G27110,0.32860824
AT1G27120,-0.5369685
AT1G27130,-0.3403174
AT1G27135,0.0
AT1G27140,0.003098663
AT1G27150,-0.14860909
AT1G27160,-0.0002240491
AT1G27170,0.10926897
AT1G27180,0.035364177
AT1G27190,-0.23815915
AT1G27200,-0.13749412
AT1G27210,-0.63506025
AT1G27220,0.0
AT1G27240,-0.0006035425
AT1G27250,0.0
AT1G27260,0.0
AT1G27270,0.0
AT1G27280,0.0011072962
AT1G27290,0.14278907
AT1G27300,0.5839775
AT1G27310,0.14517173
AT1G27320,0.10813513
AT1G27340,-0.095779486
AT1G27350,0.40862685
AT1G27360,-0.1320968
AT1G27370,-0.24255295
AT1G27380,-0.14524159
AT1G27385,0.04565233
AT1G27390,0.06379297
AT1G27400,-0.03655913
AT1G27420,-0.2641985
AT1G27430,-0.05115909
AT1G27435,-0.002335409
AT1G27440,-0.12482916
AT1G27450,0.27019718
AT1G27460,-0.31207782
AT1G27461,0.0010739176
AT1G27470,0.15208264
AT1G27480,-0.9024732
AT1G27490,0.0
AT1G27500,0.18679254
AT1G27510,-0.057454973
AT1G27520,-0.15014608
AT1G27530,0.13045672
AT1G27535,0.0
AT1G27540,0.005482507
AT1G27550,0.0
AT1G27555,0.0
AT1G27565,-0.0008639535
AT1G27570,0.0
AT1G27580,-0.26204833
AT1G27595,-0.11372789
AT1G27600,-0.016351283
AT1G27610,0.0033878852
AT1G27620,0.01395652
AT1G27630,0.15135121
AT1G27640,-0.007630297
AT1G27650,0.082570426
AT1G27660,-0.7074139
AT1G27670,-0.110337146
AT1G27680,-0.22787368
AT1G27690,-0.08202125
AT1G27695,0.18821488
AT1G27700,0.031074284
AT1G27710,-0.001985621
AT1G27720,0.7036605
AT1G27730,1.4064753
AT1G27740,-0.005800425
AT1G27750,-0.044008333
AT1G27760,0.9048251
AT1G27770,0.36050996
AT1G27820,-0.012116254
AT1G27840,-0.120389186
AT1G27850,-0.24909551
AT1G27860,-0.0004673897
AT1G27870,0.0
AT1G27880,-0.036547225
AT1G27890,0.13009273
AT1G27900,-0.0816655
AT1G27910,-0.03810506
AT1G27920,-0.33422264
AT1G27930,0.30531567
AT1G27940,0.038174253
AT1G27950,0.018722188
AT1G27960,-0.15406139
AT1G27970,0.57448703
AT1G27980,0.5893617
AT1G27990,-0.0006106954
AT1G28000,0.0010643202
AT1G28005,0.0
AT1G28010,0.20715867
AT1G28020,0.0
AT1G28030,0.020003112
AT1G28040,0.12444287
AT1G28050,0.2305063
AT1G28060,-0.047457896
AT1G28070,-0.032657523
AT1G28080,-0.025649885
AT1G28090,-0.051360384
AT1G28100,-0.16313533
AT1G28110,-0.07234439
AT1G28120,0.026039556
AT1G28130,1.3535389
AT1G28135,-0.001213567
AT1G28140,0.10285592
AT1G28150,-0.030120315
AT1G28160,0.0
AT1G28170,0.0
AT1G28180,0.55660945
AT1G28190,1.1336472
AT1G28200,0.23360604
AT1G28210,0.26997966
AT1G28220,0.009876545
AT1G28230,-0.03584653
AT1G28240,0.12587576
AT1G28260,0.30874276
AT1G28265,0.016732033
AT1G28270,0.0002983397
AT1G28280,0.38751143
AT1G28290,-1.0660563
AT1G28300,-0.011089967
AT1G28305,0.0
AT1G28306,0.0
AT1G28310,-0.36905256
AT1G28320,0.09668782
AT1G28330,0.05467816
AT1G28335,-3.296871e-05
AT1G28340,0.060913302
AT1G28350,-0.22884336
AT1G28360,0.25691453
AT1G28370,0.9393141
AT1G28375,0.019050507
AT1G28380,0.34828088
AT1G28390,0.48407266
AT1G28395,0.20439899
AT1G28400,-0.4877138
AT1G28410,-0.31562924
AT1G28420,-0.08288888
AT1G28430,-4.0330735e-05
AT1G28440,-0.2993307
AT1G28450,0.0
AT1G28460,0.0
AT1G28470,0.045846805
AT1G28480,1.6568671
AT1G28490,-0.023644572
AT1G28500,0.0030190807
AT1G28510,0.38820583
AT1G28520,0.32717112
AT1G28530,-0.27225843
AT1G28540,0.06868424
AT1G28550,0.0009763997
AT1G28560,-0.17576547
AT1G28570,-0.16135275
AT1G28580,0.30984578
AT1G28590,0.0067293523
AT1G28600,0.600676
AT1G28610,0.016391166
AT1G28630,0.00087435334
AT1G28640,-0.013530455
AT1G28650,0.46850944
AT1G28660,-0.087347455
AT1G28670,-0.61073416
AT1G28680,0.54701453
AT1G28690,-0.08866847
AT1G28695,0.00037757933
AT1G28700,0.0
AT1G28710,-0.19968879
AT1G28765,0.044091105
AT1G28815,0.02062748
AT1G28960,0.13337699
AT1G29000,0.15442882
AT1G29005,0.0
AT1G29010,4.0527742e-05
AT1G29020,-0.0019514312
AT1G29025,-0.010096341
AT1G29030,0.02788217
AT1G29040,0.34968096
AT1G29041,0.0011944898
AT1G29050,-0.23299795
AT1G29060,0.51073694
AT1G29070,-0.07771082
AT1G29080,0.0
AT1G29090,0.16944717
AT1G29100,0.3066605
AT1G29110,-0.004535318
AT1G29120,-0.093112044
AT1G29140,0.0016754804
AT1G29150,0.34866565
AT1G29160,0.20600899
AT1G29170,-0.7020097
AT1G29179,-0.0033992021
AT1G29180,-4.44976e-05
AT1G29195,0.9187721
AT1G29200,-0.045523
AT1G29220,-0.09401131
AT1G29230,1.3324616
AT1G29240,0.41805652
AT1G29250,0.0205427
AT1G29260,0.056810327
AT1G29270,0.10660404
AT1G29280,-0.4657401
AT1G29290,1.7179955
AT1G29300,1.037301
AT1G29310,0.56498706
AT1G29320,0.064555526
AT1G29330,0.58896023
AT1G29340,0.20164196
AT1G29350,0.017005913
AT1G29355,0.011179536
AT1G29370,-0.00472114
AT1G29380,-0.24194989
AT1G29390,-0.15944351
AT1G29395,-0.2038457
AT1G29400,-0.04285233
AT1G29410,-0.10578172
AT1G29418,-0.1449503
AT1G29420,-0.30607897
AT1G29430,-0.8472252
AT1G29435,0.0
AT1G29440,-0.59278846
AT1G29450,-0.50308657
AT1G29460,-0.5734225
AT1G29465,-0.09859027
AT1G29470,-0.29061604
AT1G29480,0.0
AT1G29490,0.0064437217
AT1G29500,-0.28744507
AT1G29510,-0.48334804
AT1G29520,-0.01924494
AT1G29530,-0.7187506
AT1G29535,0.019012736
AT1G29540,0.0018833794
AT1G29550,-0.34908047
AT1G29560,-0.33021274
AT1G29570,0.0
AT1G29580,0.0
AT1G29590,-0.5154118
AT1G29600,-0.8083342
AT1G29620,0.0
AT1G29630,0.16476285
AT1G29640,1.8454787
AT1G29660,-1.0556225
AT1G29670,-0.46179032
AT1G29680,0.06750618
AT1G29690,0.6332699
AT1G29700,-0.5780517
AT1G29710,-0.17472555
AT1G29720,-0.59821737
AT1G29730,-0.18755291
AT1G29740,-0.1679151
AT1G29750,0.18105687
AT1G29760,0.41278416
AT1G29770,0.2008817
AT1G29775,-0.016980639
AT1G29780,0.01503516
AT1G29790,-0.34391183
AT1G29800,0.2684218
AT1G29810,-0.09538965
AT1G29820,-0.24903835
AT1G29830,-0.015261989
AT1G29840,-0.4135355
AT1G29850,0.08327512
AT1G29860,-0.20839797
AT1G29870,0.0070696636
AT1G29880,-0.013043961
AT1G29890,0.04305362
AT1G29900,-0.037220925
AT1G29910,-0.8966714
AT1G29920,-0.58628845
AT1G29930,-0.4155797
AT1G29940,0.09315804
AT1G29950,-0.15537427
AT1G29960,-0.1755845
AT1G29962,-0.00018044794
AT1G29965,0.07949364
AT1G29970,0.32256854
AT1G29980,-0.6754894
AT1G29990,-0.016145179
AT1G30000,0.25258976
AT1G30010,-0.09064068
AT1G30020,0.01784508
AT1G30040,1.4582047
AT1G30050,0.03048651
AT1G30060,0.001419086
AT1G30070,0.2893318
AT1G30080,-0.081356324
AT1G30090,0.025057249
AT1G30100,0.30959803
AT1G30110,-0.11675915
AT1G30120,-0.013825762
AT1G30130,0.20641722
AT1G30135,1.9303423
AT1G30140,0.0
AT1G30160,0.04209308
AT1G30170,0.0005391427
AT1G30190,-0.014195785
AT1G30200,0.09239628
AT1G30210,-0.2362273
AT1G30220,0.62418485
AT1G30230,-0.1347179
AT1G30240,0.12618531
AT1G30250,0.49497867
AT1G30260,0.2891934
AT1G30270,0.43097958
AT1G30280,-0.5831899
AT1G30290,-0.17612764
AT1G30300,0.35867363
AT1G30320,0.09347346
AT1G30330,-0.3391563
AT1G30350,0.0
AT1G30360,-0.37372842
AT1G30370,1.3959439
AT1G30380,-0.49035498
AT1G30400,0.32551938
AT1G30410,0.047484763
AT1G30420,0.5359107
AT1G30440,0.14847495
AT1G30450,0.28866604
AT1G30455,0.00082296605
AT1G30460,-0.00661796
AT1G30470,0.15454188
AT1G30473,0.005903015
AT1G30475,0.08488339
AT1G30480,-0.009498598
AT1G30490,0.11961511
AT1G30500,-0.06379207
AT1G30510,0.00037658188
AT1G30515,-0.012369057
AT1G30520,-0.6315885
AT1G30530,-0.6958246
AT1G30540,0.20967026
AT1G30545,-0.07144821
AT1G30550,-0.0063295797
AT1G30560,0.033222824
AT1G30570,-0.093731865
AT1G30580,0.12639321
AT1G30590,-0.22813484
AT1G30600,-0.2314677
AT1G30610,-0.22034417
AT1G30620,1.4887745
AT1G30630,0.3492704
AT1G30640,0.2959313
AT1G30650,0.03784112
AT1G30660,-0.06817479
AT1G30670,0.0024109292
AT1G30680,0.048442982
AT1G30690,-0.12718034
AT1G30700,3.5594409
AT1G30710,0.052484892
AT1G30720,0.49382162
AT1G30730,1.5265743
AT1G30740,0.973377
AT1G30750,0.08341509
AT1G30755,0.5878797
AT1G30757,0.40250528
AT1G30760,-0.5941839
AT1G30780,0.036317237
AT1G30790,0.0
AT1G30795,-0.00036896742
AT1G30800,-0.0015470587
AT1G30810,0.044839792
AT1G30814,0.18841478
AT1G30820,0.12175844
AT1G30825,-0.039417967
AT1G30840,-0.31855747
AT1G30845,-0.16258064
AT1G30850,0.22516578
AT1G30860,-0.047242105
AT1G30870,-0.014531051
AT1G30880,-0.08404486
AT1G30890,0.23102717
AT1G30900,0.5557726
AT1G30910,-0.10422549
AT1G30920,0.041442543
AT1G30925,0.0
AT1G30930,-0.03302925
AT1G30935,0.0
AT1G30945,0.0
AT1G30950,0.0022354464
AT1G30960,0.16227075
AT1G30970,-0.1423759
AT1G30972,0.016772365
AT1G30974,0.0
AT1G30990,0.6173867
AT1G31000,0.0
AT1G31010,0.16106308
AT1G31020,0.09789259
AT1G31040,0.012642332
AT1G31050,0.008209867
AT1G31060,0.0
AT1G31070,-0.29571673
AT1G31072,0.0
AT1G31080,0.0089953365
AT1G31090,0.0
AT1G31095,0.0
AT1G31120,0.5795609
AT1G31130,0.65532684
AT1G31140,0.0010214443
AT1G31150,-0.4693802
AT1G31160,-0.14297506
AT1G31163,0.0
AT1G31170,-0.07104955
AT1G31175,-0.15023631
AT1G31180,0.03625862
AT1G31190,-0.2763096
AT1G31200,-0.14911968
AT1G31220,0.21461165
AT1G31230,-0.6093933
AT1G31240,0.24898571
AT1G31243,-0.008932143
AT1G31250,0.0018503293
AT1G31255,0.0
AT1G31260,0.000284873
AT1G31270,0.014584112
AT1G31280,0.050336942
AT1G31290,-0.39552146
AT1G31300,-0.06379606
AT1G31310,0.061754838
AT1G31320,-0.24884015
AT1G31330,-0.3876011
AT1G31335,-0.059600566
AT1G31340,-0.18363859
AT1G31350,-0.080356635
AT1G31360,-0.3894198
AT1G31370,0.0
AT1G31380,0.000501524
AT1G31390,0.0
AT1G31400,-0.028138561
AT1G31410,-0.31685042
AT1G31420,-0.24020404
AT1G31430,-0.015928239
AT1G31440,-0.15828866
AT1G31450,0.0
AT1G31460,0.06346229
AT1G31470,0.42045626
AT1G31480,0.13033077
AT1G31490,-0.30271378
AT1G31500,-0.072599225
AT1G31510,0.0
AT1G31520,0.0
AT1G31530,0.0
AT1G31540,0.31364325
AT1G31550,-0.18599908
AT1G31555,0.0015489953
AT1G31580,0.3211294
AT1G31600,0.02272341
AT1G31620,0.0
AT1G31630,-0.00035783777
AT1G31640,0.0
AT1G31650,-0.49783105
AT1G31660,0.12533875
AT1G31670,0.0
AT1G31672,0.0
AT1G31690,0.27601087
AT1G31710,-0.71464777
AT1G31720,-0.089965165
AT1G31730,0.007043719
AT1G31740,-0.00017940014
AT1G31750,0.16711704
AT1G31760,-0.03830413
AT1G31770,-0.42360106
AT1G31772,0.00231529
AT1G31780,0.025260042
AT1G31790,0.05203664
AT1G31800,-0.27716509
AT1G31810,-0.12659563
AT1G31812,-0.0010347145
AT1G31814,-0.08042724
AT1G31817,-0.04098703
AT1G31820,0.2538503
AT1G31830,0.34717038
AT1G31835,0.020000845
AT1G31840,0.25309253
AT1G31850,-0.15276977
AT1G31860,-0.060299687
AT1G31870,0.040051926
AT1G31880,0.33542493
AT1G31885,0.059625037
AT1G31910,0.049251415
AT1G31920,-0.5621674
AT1G31930,0.27354342
AT1G31940,0.028929017
AT1G31950,-0.023135012
AT1G31960,0.00045150067
AT1G31970,-0.16872199
AT1G31990,-0.037878484
AT1G32000,0.0
AT1G32010,0.0
AT1G32020,0.0
AT1G32030,0.0009787878
AT1G32050,0.15828155
AT1G32060,-0.638599
AT1G32070,-0.3212657
AT1G32080,-1.0048383
AT1G32090,0.3655951
AT1G32100,0.19989759
AT1G32120,-0.32813832
AT1G32127,0.56520134
AT1G32130,0.1372578
AT1G32140,0.0
AT1G32150,-0.19215176
AT1G32160,-0.22509773
AT1G32170,1.0247265
AT1G32180,0.008167759
AT1G32190,-0.06133389
AT1G32200,0.026618812
AT1G32210,0.41008243
AT1G32220,-0.41790372
AT1G32225,-8.4449595e-05
AT1G32230,0.053508386
AT1G32240,-0.3636961
AT1G32250,0.0024437741
AT1G32260,0.0020540808
AT1G32270,0.15206951
AT1G32280,0.0
AT1G32300,0.0001421356
AT1G32310,0.21879655
AT1G32320,-0.00052688236
AT1G32330,0.032312922
AT1G32337,0.0
AT1G32340,0.17107047
AT1G32350,3.6395183
AT1G32360,0.07627924
AT1G32361,0.0055416175
AT1G32370,-0.02466095
AT1G32375,-0.05092126
AT1G32380,0.13889645
AT1G32400,0.21118891
AT1G32410,0.021081576
AT1G32415,-0.14735079
AT1G32420,0.0
AT1G32430,0.00048023785
AT1G32440,-0.12509154
AT1G32450,1.2012427
AT1G32460,0.65768325
AT1G32470,-0.9358843
AT1G32480,0.0010709917
AT1G32490,0.019074269
AT1G32500,-0.08726914
AT1G32510,-0.10531321
AT1G32530,-0.06293298
AT1G32540,-0.017142862
AT1G32550,-0.2546555
AT1G32560,0.48113507
AT1G32570,0.0068677887
AT1G32575,-0.012695576
AT1G32580,0.042861134
AT1G32583,-0.35790995
AT1G32585,0.0
AT1G32600,0.0
AT1G32610,-0.026256511
AT1G32630,-0.058155905
AT1G32640,-0.27125195
AT1G32650,0.0001421356
AT1G32660,0.015750187
AT1G32690,0.3930125
AT1G32700,-0.04084934
AT1G32710,-0.01108962
AT1G32720,0.0
AT1G32730,0.024871644
AT1G32740,0.15089492
AT1G32750,0.0056646983
AT1G32760,-0.27177757
AT1G32763,0.0
AT1G32770,0.0
AT1G32780,-0.22533318
AT1G32790,0.28191036
AT1G32810,-0.07880443
AT1G32850,0.1785801
AT1G32860,-0.054421008
AT1G32870,0.3168674
AT1G32880,0.010427226
AT1G32900,-1.0235604
AT1G32910,0.08896227
AT1G32920,0.9627564
AT1G32928,0.5980854
AT1G32930,-0.38669938
AT1G32940,2.0953383
AT1G32950,1.6250407
AT1G32960,1.9063805
AT1G32970,0.008490234
AT1G32975,0.0
AT1G32980,0.0
AT1G32990,-0.28511465
AT1G33010,0.0
AT1G33020,0.017674172
AT1G33030,1.213108
AT1G33040,-0.34344438
AT1G33050,0.088334486
AT1G33055,0.10531701
AT1G33060,-0.30628785
AT1G33070,0.0
AT1G33080,-0.18094814
AT1G33090,0.31771985
AT1G33100,0.00059363624
AT1G33102,0.3666542
AT1G33110,0.46207318
AT1G33120,0.09832925
AT1G33170,-0.8566657
AT1G33220,-0.00043661738
AT1G33230,-0.024127437
AT1G33240,-0.51278394
AT1G33250,0.058752194
AT1G33260,0.31554708
AT1G33265,0.3229864
AT1G33270,0.1226522
AT1G33280,0.0009841203
AT1G33290,-0.20782247
AT1G33320,0.018327162
AT1G33330,0.05534455
AT1G33340,0.028473044
AT1G33350,-0.15285818
AT1G33360,0.19744258
AT1G33390,0.080391556
AT1G33400,-0.18109085
AT1G33410,-0.09504177
AT1G33420,0.3326896
AT1G33430,0.003753773
AT1G33440,0.0449139
AT1G33470,-0.36079422
AT1G33475,0.012299201
AT1G33480,-0.26244435
AT1G33490,0.14564736
AT1G33500,0.04301067
AT1G33520,-0.14888778
AT1G33530,0.0
AT1G33540,-0.016210422
AT1G33560,0.65244895
AT1G33590,0.6123919
AT1G33600,0.50858706
AT1G33607,-0.00018958625
AT1G33610,0.4662934
AT1G33612,0.0035781385
AT1G33640,-0.0521814
AT1G33670,0.0
AT1G33680,-0.1215149
AT1G33700,-0.45376077
AT1G33710,0.0
AT1G33720,0.33240864
AT1G33730,1.5668567
AT1G33750,-0.0060358504
AT1G33760,-0.033029478
AT1G33770,-0.73449737
AT1G33780,0.012024248
AT1G33790,-0.23128898
AT1G33800,-0.2715103
AT1G33810,-0.1110807
AT1G33811,-0.42552042
AT1G33820,0.0
AT1G33830,0.0
AT1G33840,-0.0141744865
AT1G33850,0.0
AT1G33860,0.0005073407
AT1G33870,0.0
AT1G33880,0.0
AT1G33890,0.010392108
AT1G33900,0.002009511
AT1G33910,-0.056070235
AT1G33920,8.395739e-05
AT1G33930,0.024205245
AT1G33940,0.026358657
AT1G33945,0.0
AT1G33950,0.62814116
AT1G33960,2.1212652
AT1G33970,0.027145902
AT1G33980,0.11363941
AT1G33990,0.1409189
AT1G34000,-0.2948056
AT1G34010,-0.43629193
AT1G34015,0.0
AT1G34020,0.022863962
AT1G34040,-0.30108535
AT1G34042,0.0
AT1G34046,0.0001262625
AT1G34047,-0.0019948608
AT1G34049,0.0
AT1G34050,0.03610397
AT1G34060,-0.81137294
AT1G34065,-0.11610069
AT1G34070,0.0
AT1G34095,-0.011837007
AT1G34110,-0.1373736
AT1G34120,0.006834778
AT1G34130,0.17130451
AT1G34140,-0.001403788
AT1G34150,-0.03924661
AT1G34160,-0.14587009
AT1G34170,0.0
AT1G34180,0.5225451
AT1G34190,0.20357609
AT1G34200,-0.08899681
AT1G34210,-0.44640237
AT1G34220,0.16750228
AT1G34245,-0.004862603
AT1G34260,0.13770795
AT1G34270,0.069478065
AT1G34290,0.0
AT1G34300,0.2975568
AT1G34310,0.0
AT1G34315,0.031510483
AT1G34317,0.0023794605
AT1G34320,-0.12423845
AT1G34340,-0.07557095
AT1G34350,-0.1672142
AT1G34355,-0.2774548
AT1G34360,-0.01762177
AT1G34370,0.3386485
AT1G34380,0.030711742
AT1G34390,0.0
AT1G34400,0.0
AT1G34403,0.0
AT1G34410,0.0
AT1G34420,0.72013426
AT1G34430,-0.28398854
AT1G34440,-0.0018955744
AT1G34460,-0.26381597
AT1G34470,0.071025215
AT1G34480,-0.0258492
AT1G34490,0.00014290567
AT1G34500,0.0
AT1G34510,-0.002781704
AT1G34520,0.013684245
AT1G34540,0.030557686
AT1G34550,0.008201312
AT1G34560,0.0005507704
AT1G34570,-0.19132333
AT1G34575,0.0
AT1G34580,-0.14415817
AT1G34630,0.12919332
AT1G34640,-0.2909866
AT1G34650,-0.15277934
AT1G34670,0.04577185
AT1G34750,0.46344182
AT1G34760,-0.21359064
AT1G34770,-0.004705113
AT1G34780,-0.06628549
AT1G34790,0.0
AT1G34792,0.0
AT1G34795,0.0
AT1G34800,0.0
AT1G34807,0.0
AT1G34812,0.0
AT1G34840,0.0
AT1G34855,0.0
AT1G34860,0.0
AT1G34910,0.0
AT1G34930,0.0
AT1G35030,0.0
AT1G35035,0.0
AT1G35040,0.0
AT1G35140,1.1007148
AT1G35150,0.0
AT1G35160,0.21368235
AT1G35170,-0.015085143
AT1G35180,0.110427365
AT1G35181,0.0
AT1G35183,-0.016384818
AT1G35190,0.056053728
AT1G35210,0.82091683
AT1G35215,-0.0128624765
AT1G35220,-0.003035567
AT1G35230,1.7123916
AT1G35240,-0.0005573991
AT1G35242,0.0
AT1G35250,-0.0014407064
AT1G35255,-0.02702726
AT1G35260,-0.1745713
AT1G35290,-0.012287104
AT1G35310,-0.14440602
AT1G35320,0.16708131
AT1G35330,-0.0014768896
AT1G35340,-0.24228053
AT1G35350,0.14477368
AT1G35353,0.016772365
AT1G35365,0.0
AT1G35375,0.0
AT1G35400,0.0
AT1G35410,0.0
AT1G35420,-0.47626528
AT1G35430,0.12700465
AT1G35435,3.0988496e-05
AT1G35440,0.0
AT1G35460,-0.14426273
AT1G35467,0.0
AT1G35470,-0.03680791
AT1G35490,0.0
AT1G35500,0.0
AT1G35510,-0.16893543
AT1G35515,-0.07950902
AT1G35520,-0.00043661738
AT1G35530,-0.0971762
AT1G35537,0.00045150067
AT1G35540,0.0
AT1G35560,-0.17995454
AT1G35580,0.46402144
AT1G35610,0.021137217
AT1G35614,0.0
AT1G35617,0.0
AT1G35620,-0.052551664
AT1G35625,-0.0031115755
AT1G35630,-0.016438313
AT1G35660,-0.08565682
AT1G35670,0.34638676
AT1G35680,-0.32202294
AT1G35710,0.6594941
AT1G35720,0.26289526
AT1G35730,0.14493573
AT1G35750,-0.025089592
AT1G35780,-0.39374578
AT1G35820,0.0
AT1G35830,-0.1792846
AT1G35850,0.0
AT1G35860,0.0009787878
AT1G35880,0.023675624
AT1G35890,0.0
AT1G35895,0.0
AT1G35910,1.9320385
AT1G36000,0.0
AT1G36005,0.0
AT1G36020,0.0
AT1G36030,0.0
AT1G36045,0.0
AT1G36050,0.18606782
AT1G36060,0.4464482
AT1G36070,0.04276046
AT1G36078,0.0
AT1G36085,0.014946752
AT1G36095,0.0
AT1G36100,0.0
AT1G36150,0.015632123
AT1G36160,-0.009760004
AT1G36180,-0.41785443
AT1G36230,0.0
AT1G36240,0.0
AT1G36272,0.0
AT1G36280,0.15235543
AT1G36310,-0.08069533
AT1G36320,-0.08261615
AT1G36325,0.0
AT1G36340,0.0001326643
AT1G36370,-0.047542024
AT1G36380,0.1426852
AT1G36390,-0.034816917
AT1G36510,0.0
AT1G36580,-0.000967782
AT1G36622,1.5920042
AT1G36623,-0.00024294831
AT1G36627,0.0
AT1G36640,0.9406602
AT1G36675,-0.26987866
AT1G36730,0.04788603
AT1G36745,0.0
AT1G36756,0.017149514
AT1G36920,-0.092564456
AT1G36922,0.036168005
AT1G36925,0.0
AT1G36940,-0.6640057
AT1G36942,0.0
AT1G36950,0.0
AT1G36960,0.0
AT1G36970,0.0
AT1G36980,0.24522701
AT1G36990,-0.036407474
AT1G37000,0.0
AT1G37010,0.00038806425
AT1G37020,0.0
AT1G37113,-0.00013275756
AT1G37130,1.3143032
AT1G37140,0.15272944
AT1G37150,-0.1609272
AT1G38065,-0.3264942
AT1G38131,-0.45838705
AT1G38790,0.0
AT1G39060,0.0
AT1G39070,0.0
AT1G40083,0.0
AT1G40086,0.0
AT1G40087,9.088509e-05
AT1G40090,0.0
AT1G40104,0.00044611463
AT1G40129,-0.016519288
AT1G40390,-0.024165353
AT1G41820,0.0
AT1G41830,-0.710142
AT1G41880,0.09182174
AT1G41920,0.0
AT1G42080,0.0
AT1G42190,0.0
AT1G42430,-0.54510224
AT1G42440,0.088953465
AT1G42470,0.006746793
AT1G42480,-0.26998028
AT1G42525,0.0
AT1G42540,-0.013549775
AT1G42550,-0.42538428
AT1G42560,0.25594953
AT1G42615,0.0
AT1G42680,3.0988496e-05
AT1G42700,0.0
AT1G42710,0.0
AT1G42960,-0.031404953
AT1G42970,-0.69072056
AT1G42980,0.0018782106
AT1G42990,0.36890224
AT1G43000,-0.011138001
AT1G43005,0.0
AT1G43010,-0.0010717687
AT1G43020,-0.011167063
AT1G43040,-0.011042257
AT1G43080,0.0
AT1G43090,0.0
AT1G43100,0.0
AT1G43130,0.24710773
AT1G43140,0.0017062192
AT1G43145,0.0
AT1G43160,3.0136776
AT1G43170,-0.061317813
AT1G43171,-0.00034841444
AT1G43190,-0.07971338
AT1G43245,-0.17644171
AT1G43260,-0.039343458
AT1G43310,0.02459177
AT1G43320,0.0
AT1G43330,0.0
AT1G43415,0.0
AT1G43560,0.050374616
AT1G43580,-0.13684878
AT1G43600,-0.013260133
AT1G43605,-0.1168833
AT1G43610,0.0005088047
AT1G43620,-0.0071384395
AT1G43630,0.0
AT1G43640,0.0139025375
AT1G43650,-0.43285003
AT1G43665,0.0
AT1G43666,0.0
AT1G43667,0.0
AT1G43670,-0.3079812
AT1G43680,0.00014290567
AT1G43690,0.1557206
AT1G43700,-0.037569176
AT1G43710,-0.1143135
AT1G43720,0.0
AT1G43722,0.0015357672
AT1G43730,0.0
AT1G43760,0.0
AT1G43770,-0.11264811
AT1G43780,0.0
AT1G43790,0.18530013
AT1G43800,0.18512958
AT1G43810,-0.002188849
AT1G43815,0.0
AT1G43825,0.0
AT1G43850,-0.1278277
AT1G43860,0.056367207
AT1G43890,0.30381608
AT1G43900,0.14705779
AT1G43910,-0.14722688
AT1G43920,0.0
AT1G43950,0.0
AT1G43970,0.03347106
AT1G43980,-0.14243996
AT1G44000,-0.444294
AT1G44010,0.0013491838
AT1G44020,0.0029719165
AT1G44030,0.0
AT1G44050,-0.0009745875
AT1G44080,0.00014290567
AT1G44085,0.0
AT1G44090,0.06770038
AT1G44100,0.1479779
AT1G44110,-0.13809635
AT1G44120,-0.019430779
AT1G44130,2.2565193
AT1G44160,-0.5591143
AT1G44170,0.7131545
AT1G44180,0.00042674315
AT1G44191,0.0010643202
AT1G44222,0.0
AT1G44318,-0.00041449346
AT1G44350,0.4443289
AT1G44414,0.10116897
AT1G44446,-0.38536718
AT1G44478,-0.031851668
AT1G44542,0.5199403
AT1G44575,-0.69043386
AT1G44608,0.0434214
AT1G44740,-0.0015520689
AT1G44750,-0.021040095
AT1G44760,-0.36244375
AT1G44770,0.0548342
AT1G44780,-0.43753454
AT1G44790,0.19951397
AT1G44800,0.46130374
AT1G44810,-0.2125757
AT1G44820,-0.03886605
AT1G44830,-0.016290441
AT1G44835,0.027004838
AT1G44890,0.042780437
AT1G44895,0.0
AT1G44900,0.19765107
AT1G44910,-0.17860122
AT1G44920,-0.27386492
AT1G44940,0.0005069211
AT1G44941,0.0005569795
AT1G44960,0.31540444
AT1G44970,-0.0060178763
AT1G44980,0.0
AT1G44990,0.0
AT1G45000,0.19365649
AT1G45010,-0.38962534
AT1G45015,-0.01248747
AT1G45050,0.096349694
AT1G45063,0.00014820627
AT1G45100,0.0015357672
AT1G45110,-0.012267959
AT1G45130,-0.69601697
AT1G45145,1.3743669
AT1G45150,0.21429004
AT1G45160,-0.10612035
AT1G45163,0.17586109
AT1G45165,-0.05856453
AT1G45170,-0.09113425
AT1G45180,0.017350893
AT1G45190,0.0
AT1G45191,-0.46627235
AT1G45196,0.0
AT1G45207,-0.4836506
AT1G45215,0.0
AT1G45221,0.0
AT1G45223,0.0
AT1G45229,-0.15286958
AT1G45230,-0.08363596
AT1G45231,-0.1534955
AT1G45233,0.015563326
AT1G45243,0.0005569795
AT1G45248,-0.251884
AT1G45249,-0.1330347
AT1G45332,-0.00023118132
AT1G45403,0.0
AT1G45474,-0.14267401
AT1G45545,0.008347538
AT1G45616,0.014148096
AT1G45688,0.010084372
AT1G45976,0.17588994
AT1G46264,-0.18054408
AT1G46336,0.0
AT1G46408,0.0
AT1G46480,-0.32165396
AT1G46696,-0.005883834
AT1G46768,0.008590879
AT1G46840,0.0
AT1G46912,0.0
AT1G46984,0.010094141
AT1G47056,0.1062336
AT1G47128,0.4424876
AT1G47130,0.6475315
AT1G47200,0.15514423
AT1G47210,-0.22841065
AT1G47220,0.016043087
AT1G47230,-0.18187223
AT1G47240,-0.00860397
AT1G47250,0.34197584
AT1G47260,0.06291961
AT1G47265,-0.0005372069
AT1G47270,-0.06868818
AT1G47271,-0.0770237
AT1G47278,0.012448904
AT1G47280,6.12731e-05
AT1G47290,-0.21001704
AT1G47300,-0.000503366
AT1G47310,-0.07692512
AT1G47317,0.0
AT1G47320,0.0
AT1G47330,-0.081487805
AT1G47340,-0.10388704
AT1G47350,0.0
AT1G47370,0.08691768
AT1G47380,0.28281412
AT1G47389,0.0
AT1G47390,0.0
AT1G47400,-0.08267368
AT1G47410,-0.27550474
AT1G47420,0.29331145
AT1G47450,0.0
AT1G47470,0.0
AT1G47480,0.34628332
AT1G47485,-0.00018371837
AT1G47490,0.0005021844
AT1G47495,0.0
AT1G47497,0.012569879
AT1G47500,0.0052246684
AT1G47510,3.2037306
AT1G47530,0.2626234
AT1G47540,-0.0005573991
AT1G47550,0.089552194
AT1G47560,0.6605036
AT1G47570,-0.112066954
AT1G47578,-0.09928951
AT1G47580,-0.40806186
AT1G47590,0.0
AT1G47600,-0.013654395
AT1G47603,0.21847677
AT1G47610,-0.05930055
AT1G47620,0.0012775931
AT1G47640,0.24900676
AT1G47655,-0.27198339
AT1G47657,0.0
AT1G47660,0.00014290567
AT1G47670,-0.43264842
AT1G47680,0.0
AT1G47690,0.0
AT1G47695,0.0
AT1G47702,0.0
AT1G47710,0.20041141
AT1G47720,-0.04579319
AT1G47730,0.0
AT1G47740,-0.32121298
AT1G47750,0.2763633
AT1G47760,-0.02198963
AT1G47765,-0.029433394
AT1G47770,0.0011207215
AT1G47780,0.004243027
AT1G47786,0.0011019802
AT1G47790,0.0
AT1G47800,0.0
AT1G47810,0.0
AT1G47813,0.0021337087
AT1G47820,0.0046305032
AT1G47830,0.27078626
AT1G47840,0.05280926
AT1G47845,-0.0011764318
AT1G47870,0.25898203
AT1G47885,0.0
AT1G47890,1.1819854
AT1G47900,-0.55278885
AT1G47915,-0.013344851
AT1G47920,-0.039728317
AT1G47940,0.0
AT1G47960,0.07835613
AT1G47970,-0.26056847
AT1G47980,0.044757612
AT1G47990,0.0061220024
AT1G48000,0.67917633
AT1G48010,0.0
AT1G48020,0.004770835
AT1G48030,-0.30110967
AT1G48040,0.12676637
AT1G48050,-0.042063143
AT1G48060,0.06383762
AT1G48070,0.0
AT1G48090,0.14391881
AT1G48095,0.0
AT1G48100,-0.32192662
AT1G48120,-0.085861914
AT1G48130,0.0019760653
AT1G48140,0.27684802
AT1G48145,0.0
AT1G48150,-0.014579361
AT1G48160,0.029052017
AT1G48170,0.08796838
AT1G48175,-0.15489596
AT1G48180,-0.014318829
AT1G48190,0.0
AT1G48195,0.00090779393
AT1G48200,0.26217195
AT1G48210,0.81044495
AT1G48220,0.050592836
AT1G48230,-0.1989772
AT1G48240,-0.34594527
AT1G48260,0.10620436
AT1G48270,-0.07084162
AT1G48280,-0.31418067
AT1G48285,0.0
AT1G48300,-0.55212027
AT1G48310,0.03330442
AT1G48320,1.2237757
AT1G48325,0.009460229
AT1G48330,-0.2701739
AT1G48350,-0.30449733
AT1G48355,-0.021725338
AT1G48360,-0.25446552
AT1G48370,1.2612151
AT1G48380,-0.23270059
AT1G48390,-0.12928948
AT1G48400,-0.086693816
AT1G48405,0.078070566
AT1G48410,-0.08239531
AT1G48420,-0.19147487
AT1G48430,0.02618986
AT1G48440,0.16536535
AT1G48450,0.033535287
AT1G48470,0.032943457
AT1G48480,-0.7646907
AT1G48490,0.3053881
AT1G48500,-0.1349488
AT1G48510,0.011616273
AT1G48520,-0.29543558
AT1G48530,-0.027796708
AT1G48540,-0.24264756
AT1G48550,0.0051839007
AT1G48560,-0.038559835
AT1G48570,0.1658866
AT1G48590,-0.052169584
AT1G48600,-0.76085234
AT1G48605,0.4377387
AT1G48610,-0.10299275
AT1G48620,-0.118572325
AT1G48625,0.0
AT1G48630,0.293355
AT1G48635,0.04959674
AT1G48640,-0.013413589
AT1G48650,-0.12736568
AT1G48660,-0.0028412496
AT1G48670,0.0060714646
AT1G48690,-0.002580623
AT1G48700,0.041038316
AT1G48720,0.07991698
AT1G48725,0.0018320978
AT1G48730,0.0
AT1G48740,0.00285315
AT1G48745,-0.028066142
AT1G48750,-0.34485793
AT1G48760,-0.010533284
AT1G48780,-0.4185029
AT1G48790,0.22274093
AT1G48800,0.0
AT1G48820,0.004517142
AT1G48830,0.0071309055
AT1G48840,0.12855405
AT1G48850,0.71690357
AT1G48860,0.17763183
AT1G48870,-0.17817059
AT1G48880,-0.21776412
AT1G48900,0.11196254
AT1G48910,0.0
AT1G48912,0.0
AT1G48920,0.19255856
AT1G48930,-0.010207276
AT1G48940,-0.00072716136
AT1G48950,-0.103569545
AT1G48953,0.0005073407
AT1G48960,-0.22769782
AT1G48970,0.2443001
AT1G48980,0.032131325
AT1G48990,-0.00024793964
AT1G49000,-0.01239642
AT1G49005,-0.027067333
AT1G49010,-0.6121363
AT1G49015,0.0005569795
AT1G49030,-0.017267227
AT1G49032,0.26475963
AT1G49040,0.17450675
AT1G49050,0.48511812
AT1G49100,-0.0010717687
AT1G49110,-0.0005573991
AT1G49120,-0.026199518
AT1G49130,-0.18822867
AT1G49140,0.076410376
AT1G49150,0.040364996
AT1G49160,0.2581821
AT1G49170,-0.022309681
AT1G49180,-0.1740934
AT1G49190,0.0
AT1G49200,-0.72365725
AT1G49205,-0.017336925
AT1G49210,-0.05092639
AT1G49220,-0.060240217
AT1G49225,-0.0016320947
AT1G49230,-0.3760106
AT1G49240,0.04917529
AT1G49245,0.19084223
AT1G49250,0.0020868308
AT1G49260,0.0
AT1G49270,0.0
AT1G49290,0.0
AT1G49300,0.15564829
AT1G49310,0.31375635
AT1G49320,0.32873514
AT1G49330,0.031839006
AT1G49340,0.02814158
AT1G49350,0.12692998
AT1G49360,0.14603645
AT1G49380,-0.42246434
AT1G49390,0.004224438
AT1G49400,0.051873755
AT1G49405,0.010576156
AT1G49410,0.07496107
AT1G49420,0.00015150647
AT1G49430,-0.23295093
AT1G49435,0.0
AT1G49450,1.2180747
AT1G49470,0.16484657
AT1G49475,0.11382133
AT1G49480,-0.15162268
AT1G49490,-0.6056375
AT1G49500,0.4155758
AT1G49510,-0.07885295
AT1G49520,-0.16424543
AT1G49530,-0.053639818
AT1G49540,0.19946693
AT1G49560,-0.26342613
AT1G49570,0.02132465
AT1G49580,-0.49366075
AT1G49590,-0.070135675
AT1G49600,-0.2122286
AT1G49610,-0.02910682
AT1G49620,-0.1980174
AT1G49630,-0.3288
AT1G49640,-0.005214963
AT1G49650,0.086090334
AT1G49660,-0.24553064
AT1G49670,0.34466803
AT1G49680,0.0
AT1G49700,-0.008392641
AT1G49710,0.23160172
AT1G49715,-0.000503366
AT1G49720,-0.12439305
AT1G49730,-0.52763855
AT1G49740,0.05150945
AT1G49750,0.12592433
AT1G49760,-0.034523696
AT1G49770,0.0
AT1G49780,-0.19548811
AT1G49790,-0.04556949
AT1G49800,0.21446255
AT1G49810,8.548921e-05
AT1G49820,-0.014099855
AT1G49830,0.004182523
AT1G49840,-0.39982265
AT1G49850,0.10816775
AT1G49860,-0.0047449935
AT1G49870,-0.33346283
AT1G49880,-0.1504475
AT1G49890,-0.33787164
AT1G49900,0.7658815
AT1G49910,-0.01070425
AT1G49920,-0.023783244
AT1G49930,0.0
AT1G49940,-0.19234952
AT1G49950,0.059008796
AT1G49960,0.8241558
AT1G49970,0.027427945
AT1G49975,-0.48858914
AT1G49980,-0.17035748
AT1G49990,-0.5075758
AT1G50000,-0.22152068
AT1G50010,-0.3346614
AT1G50020,0.13746934
AT1G50030,0.11482693
AT1G50040,0.6083493
AT1G50050,-0.0005573991
AT1G50060,-0.0022743633
AT1G50080,0.0
AT1G50090,-0.002353247
AT1G50110,-0.042018473
AT1G50120,-0.028296182
AT1G50140,-0.051157735
AT1G50160,0.0
AT1G50170,0.0432002
AT1G50180,-0.121200055
AT1G50190,0.044609588
AT1G50200,-0.11126171
AT1G50220,0.0
AT1G50240,0.039467715
AT1G50250,-0.18116343
AT1G50260,0.64183587
AT1G50270,-0.09839143
AT1G50280,-0.5327732
AT1G50290,-0.07686649
AT1G50300,-0.03677736
AT1G50310,-0.0111233555
AT1G50320,-0.08056564
AT1G50325,0.0
AT1G50340,0.0
AT1G50360,0.19922225
AT1G50370,0.16454704
AT1G50380,0.04211889
AT1G50390,0.01907685
AT1G50400,0.09481245
AT1G50410,0.007232342
AT1G50420,0.17576365
AT1G50430,0.28439328
AT1G50440,-0.012614392
AT1G50450,-0.20902482
AT1G50460,-0.14125213
AT1G50470,0.0
AT1G50480,-0.0040368717
AT1G50490,-0.031070618
AT1G50500,-0.0068373363
AT1G50510,-0.102611355
AT1G50520,-0.03622709
AT1G50530,0.0
AT1G50560,-0.015006501
AT1G50570,0.10857248
AT1G50580,0.009284617
AT1G50590,0.6151153
AT1G50600,-0.028866021
AT1G50610,0.0073233848
AT1G50620,-0.34499475
AT1G50630,0.1408435
AT1G50640,0.19595954
AT1G50650,-0.00018371837
AT1G50660,-0.09473304
AT1G50670,0.14286119
AT1G50680,0.004278806
AT1G50690,0.01742261
AT1G50700,-0.2073148
AT1G50710,-0.14746583
AT1G50720,0.0
AT1G50730,-0.07917962
AT1G50732,-0.8480495
AT1G50740,0.5255405
AT1G50745,-0.016485788
AT1G50750,-0.014867895
AT1G50760,-0.00040549028
AT1G50770,0.04433758
AT1G50780,-0.04915484
AT1G50790,-0.080265924
AT1G50820,0.0026686895
AT1G50830,-0.020924123
AT1G50840,-0.15410294
AT1G50870,0.0
AT1G50880,0.0
AT1G50890,0.04013872
AT1G50900,-0.46171328
AT1G50910,-0.26747242
AT1G50920,0.07041559
AT1G50930,0.00016412791
AT1G50940,0.3875438
AT1G50950,-0.049041968
AT1G50960,0.0
AT1G50970,-0.17664748
AT1G50980,0.0
AT1G50990,0.0
AT1G51000,0.00016582584
AT1G51010,0.0011587003
AT1G51030,-0.016921347
AT1G51035,0.016045406
AT1G51040,-8.717552e-06
AT1G51055,-0.014734921
AT1G51060,0.16714841
AT1G51070,-0.5468212
AT1G51080,-0.623656
AT1G51090,0.27273026
AT1G51100,-0.22776327
AT1G51110,-0.638771
AT1G51120,0.023645734
AT1G51130,-0.023962766
AT1G51140,0.034848582
AT1G51150,0.0
AT1G51160,0.13450366
AT1G51170,-0.34661084
AT1G51172,3.6304486e-05
AT1G51190,0.00036218687
AT1G51200,-0.19250703
AT1G51210,0.0
AT1G51220,0.0010643202
AT1G51230,0.0
AT1G51240,0.0
AT1G51250,0.0
AT1G51260,-0.057114113
AT1G51270,0.046076577
AT1G51290,0.0
AT1G51300,0.00025401404
AT1G51310,0.01353614
AT1G51320,0.0005569795
AT1G51330,0.05781047
AT1G51340,0.14460757
AT1G51350,0.36953264
AT1G51355,-0.23384793
AT1G51360,0.050614633
AT1G51370,-0.24924724
AT1G51380,-0.09929783
AT1G51390,0.11695968
AT1G51400,-0.49375212
AT1G51402,-0.047766127
AT1G51405,-0.3340614
AT1G51410,0.00074905145
AT1G51420,0.15979087
AT1G51430,-0.20144935
AT1G51440,0.26316607
AT1G51450,0.0062593087
AT1G51460,0.1220118
AT1G51470,-0.012341571
AT1G51480,0.014584112
AT1G51490,0.0005569795
AT1G51500,-0.22168165
AT1G51510,-0.020990793
AT1G51520,-0.17429091
AT1G51530,0.01617635
AT1G51538,-0.021420328
AT1G51540,0.23926693
AT1G51550,-0.045077097
AT1G51560,-0.14455692
AT1G51570,-0.21365298
AT1G51580,-0.37421682
AT1G51590,0.13863884
AT1G51600,0.22431365
AT1G51610,0.0029183133
AT1G51620,0.93311495
AT1G51630,-0.18277709
AT1G51640,0.38278797
AT1G51650,0.2306064
AT1G51660,0.59430057
AT1G51670,0.66462225
AT1G51680,0.3483617
AT1G51690,-0.051960897
AT1G51700,-0.11079462
AT1G51710,0.33173212
AT1G51720,-0.013312012
AT1G51730,-0.09577312
AT1G51740,-0.05097448
AT1G51745,-0.32759148
AT1G51760,1.1496739
AT1G51770,0.24466307
AT1G51780,0.68722135
AT1G51790,0.39272982
AT1G51800,0.53686357
AT1G51802,0.0
AT1G51805,-0.5275621
AT1G51810,0.11176782
AT1G51820,0.67975485
AT1G51823,0.0
AT1G51830,0.004826662
AT1G51840,0.0025181847
AT1G51850,-0.564079
AT1G51860,0.39831963
AT1G51870,0.0039329017
AT1G51880,-0.00085314567
AT1G51890,1.3953457
AT1G51900,-0.019603888
AT1G51910,0.0
AT1G51913,0.020474324
AT1G51915,-0.01819503
AT1G51920,0.1176034
AT1G51930,0.00014290567
AT1G51940,-0.19158544
AT1G51950,0.30114052
AT1G51960,0.12664744
AT1G51965,-0.2966583
AT1G51970,0.0
AT1G51980,0.32434094
AT1G51990,0.0
AT1G52000,-0.9329662
AT1G52030,-0.9683316
AT1G52040,-1.0070748
AT1G52050,-0.011260003
AT1G52060,-0.01577444
AT1G52070,-0.023548521
AT1G52080,0.6406847
AT1G52100,0.050857805
AT1G52110,0.2142481
AT1G52120,0.12613092
AT1G52130,0.0029766322
AT1G52140,-0.546563
AT1G52150,-0.08473134
AT1G52155,0.07061334
AT1G52160,0.15110311
AT1G52180,0.0
AT1G52190,-1.347789
AT1G52191,0.025400264
AT1G52200,0.9478046
AT1G52220,-0.39434564
AT1G52230,-0.53286177
AT1G52240,-0.0325332
AT1G52245,0.022637602
AT1G52260,0.24861827
AT1G52270,-0.14578843
AT1G52280,-0.312005
AT1G52290,-0.007951724
AT1G52300,0.007033223
AT1G52310,-0.11221176
AT1G52315,0.008665152
AT1G52320,-0.005353861
AT1G52325,-0.0025279734
AT1G52330,0.03065896
AT1G52340,-0.22355661
AT1G52342,0.12854189
AT1G52343,0.050773703
AT1G52360,-0.012151775
AT1G52370,0.26501897
AT1G52380,-0.039144076
AT1G52390,-0.0041133277
AT1G52400,-1.1347225
AT1G52410,-0.94930613
AT1G52415,0.0
AT1G52420,-0.035232604
AT1G52430,-0.07294033
AT1G52440,4.3429653e-05
AT1G52450,-0.07600267
AT1G52460,0.0
AT1G52470,0.00043971624
AT1G52490,3.435518e-05
AT1G52495,0.0
AT1G52500,-0.10209511
AT1G52510,-0.61238384
AT1G52520,-0.11916373
AT1G52530,0.1646382
AT1G52540,0.07459581
AT1G52550,0.17118046
AT1G52560,0.45780355
AT1G52565,0.49192193
AT1G52570,-0.36956635
AT1G52580,0.06266304
AT1G52590,-0.30496955
AT1G52600,0.04447039
AT1G52603,0.0
AT1G52618,-0.05085951
AT1G52620,-0.08184638
AT1G52630,-0.012861644
AT1G52640,0.012051327
AT1G52650,0.031189336
AT1G52660,-3.982338e-05
AT1G52670,-0.07568575
AT1G52680,0.0015783325
AT1G52690,1.5206288
AT1G52695,0.0
AT1G52700,-0.11791879
AT1G52710,-0.11227599
AT1G52720,0.45827222
AT1G52730,0.06909826
AT1G52740,0.19665281
AT1G52750,-0.2632577
AT1G52760,0.5191091
AT1G52770,0.2399073
AT1G52780,0.32023898
AT1G52790,0.0032726007
AT1G52800,-0.18547
AT1G52810,-0.09612769
AT1G52820,0.008884209
AT1G52825,0.014084705
AT1G52827,0.31917566
AT1G52830,-0.37510604
AT1G52855,0.19785461
AT1G52857,-0.0009140037
AT1G52870,-0.5762283
AT1G52880,-0.13841757
AT1G52890,2.058075
AT1G52900,0.56834346
AT1G52905,0.16569152
AT1G52910,0.084447555
AT1G52920,-0.23233566
AT1G52930,0.048658635
AT1G52940,0.0
AT1G52950,-0.036528908
AT1G52970,4.0527742e-05
AT1G52980,-0.07069562
AT1G52990,-0.12010595
AT1G53000,-0.36897752
AT1G53010,0.0
AT1G53020,0.0
AT1G53023,0.0010400609
AT1G53025,-0.21950316
AT1G53030,0.16914904
AT1G53035,0.10617311
AT1G53040,-0.29334387
AT1G53050,-0.08927056
AT1G53060,0.08156738
AT1G53070,-0.37071624
AT1G53080,-0.029142832
AT1G53090,-0.3025787
AT1G53100,0.9034579
AT1G53110,0.020070937
AT1G53120,-0.12927945
AT1G53130,-0.0028412496
AT1G53140,0.17503624
AT1G53160,-0.32576212
AT1G53163,0.073808365
AT1G53165,-0.021620631
AT1G53170,0.01763392
AT1G53180,-0.12510578
AT1G53190,-0.14357093
AT1G53200,-0.06677406
AT1G53210,0.04481962
AT1G53230,-0.276379
AT1G53240,-0.054340333
AT1G53250,-0.3284955
AT1G53260,0.0034336823
AT1G53265,0.0005569795
AT1G53270,0.29788333
AT1G53280,-0.104411095
AT1G53282,0.0
AT1G53285,0.016772365
AT1G53290,-0.22791108
AT1G53300,-0.46361643
AT1G53310,0.34347278
AT1G53320,0.07403598
AT1G53325,0.0
AT1G53330,0.12503372
AT1G53340,-0.053243693
AT1G53345,-0.044904456
AT1G53350,-0.18435858
AT1G53360,0.01558447
AT1G53366,0.0005073407
AT1G53370,0.0051463833
AT1G53380,-0.20913641
AT1G53390,0.054836717
AT1G53400,-0.087976456
AT1G53420,0.016512467
AT1G53430,0.34160036
AT1G53440,-0.24736674
AT1G53450,-0.28410694
AT1G53460,-0.0791518
AT1G53470,1.5619671
AT1G53480,-0.0045113685
AT1G53490,0.6006301
AT1G53500,-0.20924725
AT1G53510,-0.22181265
AT1G53520,-0.29819173
AT1G53530,-0.17829931
AT1G53540,2.0032382
AT1G53541,0.0029355108
AT1G53542,0.05780722
AT1G53550,0.03354167
AT1G53560,0.6753139
AT1G53570,0.30625787
AT1G53580,0.7005146
AT1G53590,-0.09048182
AT1G53600,0.12655796
AT1G53610,0.0037657737
AT1G53620,0.9243331
AT1G53625,2.33778
AT1G53633,-0.05066958
AT1G53635,0.0029166518
AT1G53640,0.00032220443
AT1G53645,0.0696309
AT1G53650,-0.12153177
AT1G53655,-0.012475423
AT1G53660,0.0076005985
AT1G53670,-0.10473243
AT1G53680,-0.05203749
AT1G53690,-0.07900961
AT1G53700,-0.15205528
AT1G53705,0.0
AT1G53708,0.00044611463
AT1G53710,0.17277232
AT1G53720,-0.14281793
AT1G53730,-0.048341446
AT1G53750,0.44698092
AT1G53760,0.6038858
AT1G53770,0.117667675
AT1G53780,-0.08258828
AT1G53790,0.06963746
AT1G53800,-0.42997015
AT1G53815,0.0
AT1G53820,3.435518e-05
AT1G53830,0.58682066
AT1G53840,-0.37412798
AT1G53850,0.3082081
AT1G53860,-0.013050452
AT1G53870,0.23027085
AT1G53875,-0.52733153
AT1G53880,0.22485131
AT1G53885,0.0
AT1G53887,0.04556843
AT1G53890,-0.16273147
AT1G53900,0.473701
AT1G53903,0.118334666
AT1G53910,0.21231504
AT1G53920,0.738408
AT1G53930,3.435518e-05
AT1G53935,-0.00043661738
AT1G53940,0.0006088242
AT1G53945,0.0
AT1G53950,0.07608085
AT1G53970,0.049508985
AT1G53980,0.19523992
AT1G53990,0.27253234
AT1G54000,0.3319496
AT1G54010,-0.021756161
AT1G54020,-0.41270244
AT1G54030,0.06834884
AT1G54040,-0.41044667
AT1G54050,0.31691006
AT1G54060,0.013109387
AT1G54070,0.06313855
AT1G54080,-0.081677936
AT1G54090,0.29559943
AT1G54095,0.29774505
AT1G54100,1.0505672
AT1G54110,-0.08991769
AT1G54115,0.338065
AT1G54120,0.14520507
AT1G54130,0.3337473
AT1G54140,-0.06288668
AT1G54150,0.29147318
AT1G54160,-0.28432557
AT1G54170,0.14406797
AT1G54180,-0.38058344
AT1G54200,-0.5418774
AT1G54210,0.22580293
AT1G54215,0.21089235
AT1G54217,-0.055367302
AT1G54220,0.025544723
AT1G54230,0.0
AT1G54240,0.00014171595
AT1G54250,0.087869
AT1G54260,-0.011995025
AT1G54270,0.48914468
AT1G54280,0.07066491
AT1G54290,0.29398993
AT1G54300,0.0
AT1G54310,-0.2978744
AT1G54320,0.2995772
AT1G54330,0.071584284
AT1G54340,-0.08135663
AT1G54350,-0.34436974
AT1G54360,0.05297959
AT1G54370,-0.021031605
AT1G54380,-0.11950015
AT1G54385,-0.08646285
AT1G54390,-0.11692512
AT1G54400,0.068770014
AT1G54410,-0.34252334
AT1G54420,0.00038664427
AT1G54440,-0.18510376
AT1G54445,0.0
AT1G54450,-0.09127174
AT1G54460,0.16590874
AT1G54470,-0.07571703
AT1G54490,0.07891736
AT1G54500,-0.28820837
AT1G54510,-0.19905347
AT1G54520,-0.053393316
AT1G54530,-0.035070002
AT1G54540,0.93744713
AT1G54550,0.0027700134
AT1G54560,0.39327696
AT1G54570,1.4911577
AT1G54575,1.2564602
AT1G54580,-0.19289105
AT1G54590,0.0010643202
AT1G54610,-0.03559327
AT1G54620,0.0
AT1G54630,-0.09236413
AT1G54640,0.0
AT1G54650,-0.0049742083
AT1G54680,0.13745339
AT1G54690,-0.064309984
AT1G54700,0.0
AT1G54710,0.5148488
AT1G54720,0.0
AT1G54730,-0.26639515
AT1G54740,-0.10826221
AT1G54760,-5.1451752e-06
AT1G54770,-0.0073272893
AT1G54773,-0.15917513
AT1G54775,0.0
AT1G54780,-0.43001693
AT1G54790,0.10816459
AT1G54820,-0.94338167
AT1G54830,0.014384387
AT1G54840,-0.02337532
AT1G54850,-0.02112327
AT1G54860,0.059358776
AT1G54870,0.044959947
AT1G54890,2.496582
AT1G54920,-0.16737664
AT1G54930,-0.010152587
AT1G54940,-0.0023041938
AT1G54950,-0.0005573991
AT1G54953,0.017033335
AT1G54957,0.028144805
AT1G54960,0.078105226
AT1G54970,-0.0054288856
AT1G54980,0.00014290567
AT1G54990,0.08260463
AT1G55000,0.057749532
AT1G55010,0.03503922
AT1G55020,3.1478293
AT1G55030,0.0
AT1G55040,-0.091023505
AT1G55050,0.036645994
AT1G55060,0.00072498375
AT1G55070,0.0
AT1G55080,0.47802702
AT1G55090,-0.007820038
AT1G55110,0.03749338
AT1G55120,-0.15679373
AT1G55130,-0.33655193
AT1G55140,-0.2420668
AT1G55150,-0.05968493
AT1G55152,-0.03593319
AT1G55160,-0.21498254
AT1G55170,0.10903563
AT1G55175,-0.0068040835
AT1G55180,0.09112517
AT1G55190,0.21396273
AT1G55200,-0.08830456
AT1G55205,-0.05833756
AT1G55207,0.0009495143
AT1G55210,-0.12259913
AT1G55220,3.435518e-05
AT1G55230,0.052995127
AT1G55240,0.07764381
AT1G55250,-0.14971773
AT1G55260,-0.5486116
AT1G55265,0.65897155
AT1G55270,-0.08223774
AT1G55280,0.27291507
AT1G55290,0.048480604
AT1G55300,-0.12768924
AT1G55310,-0.052181892
AT1G55320,-0.29172236
AT1G55325,0.06501091
AT1G55330,-0.5382762
AT1G55335,-0.0068694795
AT1G55340,-0.40581515
AT1G55350,-0.17496616
AT1G55360,-0.7481366
AT1G55365,0.24334225
AT1G55370,-0.5402424
AT1G55380,-0.071266465
AT1G55390,0.04091625
AT1G55420,-0.20203647
AT1G55430,-0.017117022
AT1G55440,-0.006073702
AT1G55450,0.27950132
AT1G55460,-0.19554202
AT1G55475,0.016414018
AT1G55480,-0.57286143
AT1G55490,-0.36428136
AT1G55500,0.17415345
AT1G55510,0.71809185
AT1G55520,-0.057091378
AT1G55530,0.22411253
AT1G55535,0.30926025
AT1G55540,-0.24245055
AT1G55546,0.0
AT1G55550,0.02493836
AT1G55560,6.12731e-05
AT1G55570,0.0
AT1G55580,0.027064161
AT1G55590,0.092094526
AT1G55600,0.0
AT1G55610,0.4520491
AT1G55620,0.106391914
AT1G55630,-0.19244272
AT1G55640,0.0001421356
AT1G55650,-0.00029795594
AT1G55660,0.05334038
AT1G55670,-0.47851244
AT1G55673,-0.24804963
AT1G55675,-0.024783418
AT1G55680,0.039982352
AT1G55690,0.12851185
AT1G55710,0.0
AT1G55720,0.015632123
AT1G55730,0.39359263
AT1G55740,0.045173954
AT1G55750,-0.12611747
AT1G55755,0.0
AT1G55760,-0.61524916
AT1G55775,0.98633504
AT1G55790,0.0005569795
AT1G55800,0.013874532
AT1G55803,0.036622494
AT1G55805,0.1411462
AT1G55810,0.16077304
AT1G55820,0.38964042
AT1G55830,0.0364435
AT1G55840,-0.005713301
AT1G55850,0.01231262
AT1G55860,0.21825702
AT1G55865,-1.2609236e-05
AT1G55870,0.018427797
AT1G55880,-0.14382
AT1G55890,-0.09335139
AT1G55900,0.013292515
AT1G55910,0.2511973
AT1G55915,0.28867522
AT1G55917,0.0
AT1G55920,0.8697705
AT1G55928,0.0
AT1G55930,-0.18576749
AT1G55940,0.03759932
AT1G55945,-6.7650512e-06
AT1G55947,0.0
AT1G55950,0.0011416584
AT1G55960,-0.1705644
AT1G55970,-0.28933644
AT1G55980,-0.2612031
AT1G55990,-0.00033946766
AT1G56000,-0.16840059
AT1G56010,0.055482674
AT1G56020,-0.07634599
AT1G56030,0.0
AT1G56040,0.0004873753
AT1G56045,0.044985693
AT1G56050,-0.26548627
AT1G56060,1.9482852
AT1G56070,0.16787894
AT1G56080,0.12744604
AT1G56085,0.0
AT1G56090,-0.12488399
AT1G56100,0.0
AT1G56105,0.0
AT1G56110,0.16616338
AT1G56120,0.024234854
AT1G56130,-0.120822944
AT1G56140,0.3791253
AT1G56145,0.94614583
AT1G56150,0.61520714
AT1G56160,-0.0028165446
AT1G56170,-0.28881052
AT1G56180,-0.057929322
AT1G56190,0.020351613
AT1G56200,-0.0051954594
AT1G56210,-0.48204386
AT1G56220,-0.18245493
AT1G56225,0.0
AT1G56230,-0.4123528
AT1G56233,0.0
AT1G56240,0.043314125
AT1G56250,0.12980627
AT1G56260,-0.27423862
AT1G56270,0.00083469716
AT1G56280,-0.11903112
AT1G56290,-0.055704135
AT1G56300,0.61114055
AT1G56310,-0.23933992
AT1G56320,0.3249835
AT1G56330,0.11894246
AT1G56340,0.31253016
AT1G56345,-0.25815615
AT1G56350,-0.112253085
AT1G56360,0.0
AT1G56380,0.0
AT1G56385,0.0
AT1G56400,0.0
AT1G56410,0.061073802
AT1G56415,0.0
AT1G56418,-0.0003905976
AT1G56420,-0.124107696
AT1G56423,-0.061069578
AT1G56430,-0.697536
AT1G56440,-0.07703663
AT1G56450,0.4344711
AT1G56460,-0.12894206
AT1G56500,-0.53871477
AT1G56510,-0.35335493
AT1G56520,0.0058570723
AT1G56530,0.0032573368
AT1G56540,-0.063098304
AT1G56550,0.27349594
AT1G56553,0.0
AT1G56555,-0.050100807
AT1G56560,0.10432537
AT1G56570,-0.2489114
AT1G56580,-0.61132175
AT1G56590,-0.045541655
AT1G56600,-0.8139592
AT1G56610,-0.18302204
AT1G56620,0.0
AT1G56630,0.021732504
AT1G56650,0.03466259
AT1G56660,1.1133565
AT1G56670,-0.028967053
AT1G56680,-0.007169122
AT1G56690,-0.042178627
AT1G56700,0.3596697
AT1G56710,-0.13001706
AT1G56720,-0.4386482
AT1G57540,-0.030791316
AT1G57550,0.0
AT1G57557,0.0
AT1G57565,0.0
AT1G57570,0.006760569
AT1G57580,0.0
AT1G57590,-0.22401714
AT1G57600,0.058227576
AT1G57610,-0.041794773
AT1G57613,0.0
AT1G57620,0.1180587
AT1G57630,2.0971456
AT1G57650,1.5221391
AT1G57660,-0.118802264
AT1G57670,0.00864696
AT1G57680,0.14534546
AT1G57690,0.0008669175
AT1G57700,0.20539346
AT1G57720,-0.0423739
AT1G57730,0.003383377
AT1G57750,0.03126109
AT1G57760,0.0
AT1G57760,0.0
AT1G57770,0.11291037
AT1G57775,0.0
AT1G57777,0.0
AT1G57780,-0.001008044
AT1G57790,-0.15340663
AT1G57800,0.0005069211
AT1G57820,-0.06787031
AT1G57830,0.0
AT1G57850,-0.014656902
AT1G57870,-0.29007852
AT1G57906,0.0005073407
AT1G57943,0.16362627
AT1G57980,-0.22186916
AT1G57990,1.4557076
AT1G58007,-0.12976992
AT1G58025,-0.084856234
AT1G58030,0.17823398
AT1G58037,0.0012565608
AT1G58050,-3.0833166e-05
AT1G58055,0.0
AT1G58060,-0.06560513
AT1G58070,0.49158582
AT1G58080,-0.13430494
AT1G58090,0.0
AT1G58100,0.17874345
AT1G58110,0.047266755
AT1G58120,0.061029445
AT1G58150,-0.1578064
AT1G58160,-0.12694663
AT1G58170,0.06377748
AT1G58180,0.11884419
AT1G58190,0.863696
AT1G58195,0.0
AT1G58200,0.051467717
AT1G58210,-0.32997677
AT1G58215,-0.04542183
AT1G58220,-0.108683504
AT1G58223,-0.020813111
AT1G58225,-0.19512293
AT1G58230,0.04737082
AT1G58235,0.03207491
AT1G58242,0.0
AT1G58245,0.0
AT1G58248,0.0
AT1G58250,-0.066622205
AT1G58260,0.0
AT1G58265,-0.012661029
AT1G58270,0.37463358
AT1G58280,-0.38864788
AT1G58290,-0.2542481
AT1G58300,0.17240213
AT1G58310,0.0009787878
AT1G58320,0.021585695
AT1G58330,0.0005073407
AT1G58340,2.964861
AT1G58350,-0.37416112
AT1G58360,0.6738699
AT1G58370,-0.24787822
AT1G58380,0.16993192
AT1G58390,0.27750826
AT1G58400,-0.0075956862
AT1G58410,0.0005597526
AT1G58420,0.72650826
AT1G58430,-0.0014120563
AT1G58440,-0.27322987
AT1G58450,0.0
AT1G58460,-0.0049132984
AT1G58470,0.20072193
AT1G58520,-0.4397964
AT1G58525,0.0
AT1G58602,0.058439214
AT1G58643,0.099629045
AT1G58725,-0.006383665
AT1G58766,5.8498852e-05
AT1G58807,-0.093101755
AT1G58848,0.00921667
AT1G58889,0.0
AT1G59030,0.013976982
AT1G59124,0.0
AT1G59171,0.036801253
AT1G59218,-0.14839105
AT1G59359,0.2313863
AT1G59406,0.0
AT1G59460,0.0
AT1G59470,0.0
AT1G59500,0.0
AT1G59510,-0.20488536
AT1G59520,0.06331704
AT1G59530,-0.009598923
AT1G59540,0.015726328
AT1G59550,0.0
AT1G59560,-0.288618
AT1G59580,-0.019748254
AT1G59590,0.5808446
AT1G59600,-0.16318509
AT1G59610,0.13969545
AT1G59620,-0.0346916
AT1G59630,0.0
AT1G59640,-0.18536298
AT1G59650,0.114105344
AT1G59660,-0.12856703
AT1G59670,0.09052364
AT1G59675,0.0
AT1G59680,0.0
AT1G59690,0.00038656473
AT1G59700,0.21392596
AT1G59710,0.6461119
AT1G59720,-0.40560806
AT1G59722,0.0
AT1G59723,0.0
AT1G59724,0.0
AT1G59725,-0.025696747
AT1G59730,0.0069391956
AT1G59740,1.9472281
AT1G59750,-0.28492326
AT1G59760,-0.101240896
AT1G59780,-0.025200535
AT1G59790,1.9700578e-07
AT1G59800,0.0
AT1G59810,0.03256703
AT1G59820,0.368625
AT1G59830,-0.041109383
AT1G59833,0.0
AT1G59835,0.0
AT1G59840,-0.5120064
AT1G59850,1.7454339
AT1G59860,0.5298093
AT1G59865,0.023414161
AT1G59870,0.38497955
AT1G59885,0.0010643202
AT1G59890,0.08113612
AT1G59900,0.09008208
AT1G59910,0.45779008
AT1G59920,-0.21091409
AT1G59930,0.14984506
AT1G59940,-0.003329246
AT1G59950,0.11901827
AT1G59960,-0.023025688
AT1G59970,-0.12729314
AT1G59980,-0.2027975
AT1G59990,-0.06475537
AT1G60000,-0.33206078
AT1G60010,-0.4545032
AT1G60030,-0.24193878
AT1G60040,0.0028296928
AT1G60050,0.0
AT1G60060,-0.33836004
AT1G60070,-0.12510067
AT1G60080,0.08653879
AT1G60090,0.0
AT1G60095,7.072335e-05
AT1G60110,-0.12205953
AT1G60130,0.2343686
AT1G60140,0.5711725
AT1G60160,0.3551683
AT1G60170,0.015864842
AT1G60180,0.0
AT1G60190,0.74715775
AT1G60200,-0.24411854
AT1G60220,-0.20880295
AT1G60230,-0.16380201
AT1G60240,0.0094572175
AT1G60250,0.0
AT1G60260,-0.46693024
AT1G60270,-0.29110405
AT1G60280,0.0001452305
AT1G60300,0.006687854
AT1G60320,0.0
AT1G60340,0.005300275
AT1G60350,0.0015916919
AT1G60360,-0.06442556
AT1G60370,0.0
AT1G60380,-0.015133259
AT1G60390,-0.80738103
AT1G60400,0.0
AT1G60410,0.0088466
AT1G60420,0.2523757
AT1G60430,0.14020981
AT1G60440,0.14140037
AT1G60450,-0.0025770396
AT1G60460,-0.076679565
AT1G60470,-0.20242524
AT1G60490,0.024730057
AT1G60500,0.011514788
AT1G60530,0.006306306
AT1G60550,-0.4416226
AT1G60560,-0.3975595
AT1G60570,0.0
AT1G60590,-0.05559572
AT1G60600,-0.16493636
AT1G60610,0.24461822
AT1G60620,0.11103203
AT1G60625,0.0
AT1G60630,-0.56190544
AT1G60640,-0.021092394
AT1G60650,0.10350478
AT1G60660,0.00045601593
AT1G60670,-0.06707906
AT1G60680,0.01914643
AT1G60690,-0.55657977
AT1G60700,-0.42151687
AT1G60710,0.06705179
AT1G60720,0.0014251
AT1G60730,1.45309
AT1G60740,0.46319163
AT1G60750,0.004697625
AT1G60760,0.0012682789
AT1G60770,-0.14074369
AT1G60780,0.16713205
AT1G60783,0.0026423517
AT1G60787,-0.0021696147
AT1G60790,-0.46678597
AT1G60800,-0.5051393
AT1G60810,-0.37522474
AT1G60815,0.0
AT1G60830,0.20501757
AT1G60850,0.09335619
AT1G60860,-0.4364909
AT1G60870,-0.17014855
AT1G60880,0.00073573564
AT1G60890,0.75177354
AT1G60900,-0.1436663
AT1G60913,0.00014290567
AT1G60920,-0.0004193669
AT1G60930,-0.26376456
AT1G60940,-0.04411535
AT1G60950,-0.26204428
AT1G60960,0.101125106
AT1G60970,0.024541205
AT1G60980,0.0
AT1G60983,0.0
AT1G60985,0.0
AT1G60986,0.0022709675
AT1G60987,-0.0011155814
AT1G60989,-0.09227111
AT1G60990,-0.26691467
AT1G60995,0.029781364
AT1G61000,-0.27668592
AT1G61010,-0.08974393
AT1G61030,-0.007209612
AT1G61040,-0.031115828
AT1G61050,-0.0028237258
AT1G61060,0.015632123
AT1G61065,0.01695944
AT1G61070,0.0005569795
AT1G61080,0.1730188
AT1G61090,0.020091735
AT1G61093,0.002989993
AT1G61095,0.0060098753
AT1G61097,0.0064424193
AT1G61100,-0.040931232
AT1G61105,4.3429653e-05
AT1G61110,0.10192871
AT1G61120,2.5747097
AT1G61130,-0.014344181
AT1G61140,0.38601163
AT1G61150,0.12892044
AT1G61160,-0.014971639
AT1G61165,-0.003233078
AT1G61170,-0.24683748
AT1G61180,-0.01677261
AT1G61190,-0.35113192
AT1G61200,-0.010692716
AT1G61210,-0.19382936
AT1G61215,0.05764053
AT1G61230,-0.10543244
AT1G61240,-0.466193
AT1G61250,0.531512
AT1G61255,0.047807597
AT1G61260,-0.2852365
AT1G61270,0.011787012
AT1G61280,-0.16902001
AT1G61290,-0.039310224
AT1G61300,-0.5509651
AT1G61310,-0.0991044
AT1G61320,-0.010695551
AT1G61330,0.00043745825
AT1G61340,1.4262079
AT1G61350,-0.2722326
AT1G61360,0.7190961
AT1G61370,0.45477274
AT1G61380,0.1657794
AT1G61390,-0.021164836
AT1G61400,0.11202774
AT1G61410,0.032331515
AT1G61415,0.05808464
AT1G61420,0.9167217
AT1G61430,0.07765867
AT1G61440,0.9657401
AT1G61450,0.09919925
AT1G61460,0.083427705
AT1G61470,0.14964958
AT1G61475,0.00026634464
AT1G61480,0.10963932
AT1G61490,0.2136402
AT1G61500,-0.5048656
AT1G61520,-0.44744137
AT1G61540,0.0005478685
AT1G61550,0.21502453
AT1G61560,1.1312531
AT1G61562,0.0010185742
AT1G61563,4.0527742e-05
AT1G61565,0.0
AT1G61566,0.0
AT1G61570,0.3065838
AT1G61575,-0.0045316513
AT1G61580,0.07239499
AT1G61590,-0.038177792
AT1G61600,-0.54434663
AT1G61610,1.2712144
AT1G61620,0.07995504
AT1G61630,0.00108341
AT1G61640,0.3628126
AT1G61660,-0.105318576
AT1G61667,0.15589072
AT1G61670,0.04847565
AT1G61680,0.019398486
AT1G61685,0.0
AT1G61688,0.0
AT1G61690,0.12459278
AT1G61700,0.022174928
AT1G61710,-0.021954676
AT1G61720,-0.00044603588
AT1G61730,0.11584165
AT1G61740,-0.14809705
AT1G61750,0.5517867
AT1G61760,-0.18643193
AT1G61770,0.17020786
AT1G61780,0.109107055
AT1G61790,0.06401143
AT1G61795,-0.5145616
AT1G61800,3.4934058
AT1G61810,2.9442894
AT1G61820,5.1269855
AT1G61840,-0.0028412496
AT1G61850,0.015223362
AT1G61860,0.07356398
AT1G61870,0.1345399
AT1G61890,0.0861901
AT1G61900,-0.22561406
AT1G61920,-0.012238394
AT1G61930,-0.20825183
AT1G61940,0.0
AT1G61950,-0.0005573991
AT1G61960,-0.11635717
AT1G61970,-0.3131448
AT1G61980,-0.07892048
AT1G61990,0.0043938276
AT1G62000,0.07335084
AT1G62010,0.007141384
AT1G62020,-0.048334967
AT1G62030,-0.4593424
AT1G62040,-0.05428446
AT1G62045,0.5312544
AT1G62050,-0.3155746
AT1G62060,0.0
AT1G62070,0.0
AT1G62080,0.00038274867
AT1G62085,-0.0060716593
AT1G62110,-0.10294341
AT1G62120,-0.37707114
AT1G62130,-0.24708
AT1G62150,-0.054861672
AT1G62160,0.0009787878
AT1G62170,0.014686997
AT1G62180,-0.3709221
AT1G62190,-0.010052621
AT1G62200,0.3469333
AT1G62210,0.0
AT1G62220,0.0
AT1G62225,0.09332842
AT1G62240,0.301156
AT1G62250,-0.47004077
AT1G62260,-0.31442827
AT1G62262,-0.0792962
AT1G62270,0.0
AT1G62280,-0.0005573991
AT1G62290,-0.46013296
AT1G62300,1.7198582
AT1G62305,0.83946705
AT1G62310,-0.25010705
AT1G62320,0.51923466
AT1G62330,-0.38098845
AT1G62333,0.032608297
AT1G62340,0.0
AT1G62350,0.028142713
AT1G62360,-0.006371787
AT1G62370,0.5819877
AT1G62380,0.44529173
AT1G62390,0.02286764
AT1G62400,-0.338701
AT1G62410,-0.0004580235
AT1G62415,0.0
AT1G62420,0.9209987
AT1G62421,0.0
AT1G62430,-0.026241284
AT1G62440,0.037028596
AT1G62450,0.01747225
AT1G62480,-0.1060484
AT1G62490,0.06771902
AT1G62500,0.374762
AT1G62510,0.7064115
AT1G62515,0.006345962
AT1G62520,-0.5205064
AT1G62530,0.0046366565
AT1G62540,-0.6396356
AT1G62560,-1.3311117
AT1G62570,1.821081
AT1G62580,0.1981094
AT1G62590,-0.50510997
AT1G62600,0.25524002
AT1G62610,-0.03869512
AT1G62620,0.14655854
AT1G62630,-0.45973167
AT1G62640,-0.17766973
AT1G62660,0.68486816
AT1G62670,-0.24966997
AT1G62680,-0.15635602
AT1G62690,0.004523644
AT1G62700,0.15011376
AT1G62710,-0.8536879
AT1G62720,-0.048270892
AT1G62730,0.3104005
AT1G62740,0.2063556
AT1G62750,-0.5412237
AT1G62760,1.7013494
AT1G62770,0.051349763
AT1G62780,-0.25227037
AT1G62790,0.52526873
AT1G62800,-0.8591772
AT1G62810,0.17719592
AT1G62820,0.24405195
AT1G62830,-0.33294886
AT1G62850,-0.16043523
AT1G62870,-0.2701739
AT1G62880,0.06705094
AT1G62886,-0.024896845
AT1G62895,0.0
AT1G62900,0.017874332
AT1G62910,-0.455704
AT1G62914,-0.26681086
AT1G62915,-0.0015328858
AT1G62920,-0.11388971
AT1G62930,-0.28839177
AT1G62935,0.019034496
AT1G62940,5.8471058e-05
AT1G62950,-0.11915472
AT1G62960,-0.26612532
AT1G62970,-0.15537837
AT1G62975,-0.4435877
AT1G62978,0.0
AT1G62980,-0.01050002
AT1G62981,0.08922071
AT1G62990,0.076547764
AT1G63000,-0.19121279
AT1G63010,0.44574696
AT1G63020,-0.0035922152
AT1G63030,-0.017427756
AT1G63040,0.0
AT1G63050,0.014125931
AT1G63055,0.0032251363
AT1G63057,0.017189013
AT1G63060,0.0005569795
AT1G63070,-0.012987145
AT1G63080,-0.451859
AT1G63090,0.19589005
AT1G63100,-0.16915879
AT1G63105,-0.008703543
AT1G63110,-0.12934504
AT1G63120,-0.11260559
AT1G63130,-0.47109735
AT1G63140,-0.15591323
AT1G63150,-0.3745368
AT1G63160,0.11275213
AT1G63170,0.04440166
AT1G63180,0.9872553
AT1G63190,0.0
AT1G63200,0.0
AT1G63205,0.0
AT1G63206,0.0
AT1G63210,-0.035101566
AT1G63220,0.04600967
AT1G63230,-0.21514426
AT1G63240,-0.4685945
AT1G63245,1.1747726
AT1G63250,0.005542787
AT1G63260,-0.07322978
AT1G63270,0.03195408
AT1G63280,0.031503893
AT1G63290,0.07094806
AT1G63295,-0.03233749
AT1G63300,-0.36495948
AT1G63310,-0.21854794
AT1G63320,-0.054231253
AT1G63330,-0.31762436
AT1G63340,-0.012762591
AT1G63350,0.08805239
AT1G63360,-0.37945783
AT1G63370,0.16687515
AT1G63390,0.012213657
AT1G63400,-0.31414816
AT1G63410,-0.0025876134
AT1G63420,-0.53509516
AT1G63430,-0.31797963
AT1G63440,1.5000905
AT1G63450,0.32787794
AT1G63460,0.3101727
AT1G63470,-0.33650556
AT1G63480,-0.19864532
AT1G63490,-0.07454681
AT1G63500,0.07290877
AT1G63520,-0.099664114
AT1G63522,0.0021053539
AT1G63530,0.5147654
AT1G63535,0.0
AT1G63540,0.0
AT1G63550,8.548921e-05
AT1G63560,0.0
AT1G63570,0.040209312
AT1G63580,0.0897808
AT1G63590,0.09368852
AT1G63600,-0.0005573991
AT1G63610,-0.18389413
AT1G63615,0.0015714532
AT1G63630,-0.03176612
AT1G63640,-0.2570514
AT1G63650,0.0026605243
AT1G63660,-0.057723433
AT1G63670,-0.46565816
AT1G63680,-0.34012318
AT1G63690,-0.24994054
AT1G63700,-0.15505588
AT1G63710,0.03289883
AT1G63720,1.5305772
AT1G63730,-0.23329762
AT1G63740,0.10799853
AT1G63750,0.02825715
AT1G63760,0.0
AT1G63770,0.1621382
AT1G63780,0.14625502
AT1G63800,-0.34484002
AT1G63810,-0.07031016
AT1G63820,0.19316962
AT1G63830,0.30830637
AT1G63840,1.0012027
AT1G63850,-0.44887516
AT1G63855,0.09611148
AT1G63860,-0.2301979
AT1G63870,-0.022190943
AT1G63880,-0.25122926
AT1G63900,-0.043717217
AT1G63910,-0.056110162
AT1G63930,0.3648615
AT1G63940,0.071017236
AT1G63950,0.1518939
AT1G63960,0.022724137
AT1G63970,-0.08444213
AT1G63980,-0.29323456
AT1G63990,0.041316766
AT1G64000,0.05119204
AT1G64010,0.09665668
AT1G64020,0.24306801
AT1G64030,-0.003413881
AT1G64040,0.25045565
AT1G64050,-0.104896374
AT1G64060,0.04737614
AT1G64065,0.89466405
AT1G64070,-0.072686374
AT1G64080,-0.31911007
AT1G64090,0.20512818
AT1G64100,-0.03708976
AT1G64107,0.019713577
AT1G64110,-0.09769819
AT1G64130,0.00061175576
AT1G64140,0.083232224
AT1G64150,-0.2510178
AT1G64160,0.23434316
AT1G64170,-0.9368871
AT1G64180,-0.32126582
AT1G64185,0.19256835
AT1G64190,0.114702746
AT1G64195,0.032931495
AT1G64200,0.5364817
AT1G64210,0.21346304
AT1G64220,-0.019336501
AT1G64230,0.024638131
AT1G64235,-0.001008044
AT1G64253,-0.09773322
AT1G64255,0.0010239895
AT1G64260,-0.14832169
AT1G64280,0.3498754
AT1G64290,0.0025969674
AT1G64295,0.01405195
AT1G64300,-0.23446056
AT1G64310,-0.076509304
AT1G64320,-0.20770368
AT1G64330,-0.29226753
AT1G64340,-0.00023936977
AT1G64350,0.17843118
AT1G64355,-0.31319487
AT1G64360,-0.4425526
AT1G64370,-1.0372651
AT1G64380,0.7649518
AT1G64385,0.18569857
AT1G64390,-0.9268805
AT1G64400,-0.1646008
AT1G64405,-0.03457179
AT1G64430,-0.2966526
AT1G64440,-0.16802691
AT1G64450,-0.05191719
AT1G64455,0.11800558
AT1G64460,0.09160904
AT1G64480,0.0010032479
AT1G64490,-0.10784957
AT1G64500,-0.2903365
AT1G64510,-0.30487773
AT1G64520,0.27737153
AT1G64530,-0.29105505
AT1G64540,-0.040962078
AT1G64550,-0.04275116
AT1G64561,0.054704346
AT1G64570,-0.0692738
AT1G64580,-0.16744773
AT1G64583,0.09982849
AT1G64584,0.0005569795
AT1G64585,-0.00043661738
AT1G64590,-0.0077342074
AT1G64600,-0.21731405
AT1G64610,0.99341714
AT1G64620,-0.025606137
AT1G64625,-0.27723697
AT1G64630,-0.06955855
AT1G64640,-0.90014994
AT1G64650,-0.10529499
AT1G64660,0.79175127
AT1G64670,-0.5560197
AT1G64680,-0.7999537
AT1G64690,-0.28292695
AT1G64700,-0.27133086
AT1G64710,-0.26850975
AT1G64720,-0.3483139
AT1G64740,0.27936772
AT1G64750,0.04943384
AT1G64760,0.19479392
AT1G64770,-0.5610924
AT1G64780,-0.91328174
AT1G64790,-0.006397948
AT1G64795,0.057604
AT1G64800,0.020467335
AT1G64810,0.1340423
AT1G64820,0.0026837878
AT1G64830,0.0
AT1G64840,-0.044023186
AT1G64850,0.09566771
AT1G64860,-0.48672545
AT1G64870,3.435518e-05
AT1G64880,-0.13369413
AT1G64890,0.17226417
AT1G64900,-0.13486922
AT1G64910,-0.0028491353
AT1G64920,-0.00048495867
AT1G64930,0.0018162715
AT1G64940,0.57315636
AT1G64950,0.4228725
AT1G64960,-0.18144993
AT1G64970,0.059219174
AT1G64980,-0.15401632
AT1G64990,0.10856761
AT1G65000,0.076075174
AT1G65010,-0.80882573
AT1G65020,0.15965776
AT1G65030,0.34900498
AT1G65032,-0.09298452
AT1G65040,0.3360511
AT1G65050,0.0
AT1G65060,0.2299978
AT1G65070,-0.29169422
AT1G65080,-0.079134256
AT1G65090,-0.00024154408
AT1G65110,-0.17154954
AT1G65113,0.0
AT1G65120,-0.14402595
AT1G65130,-0.076580524
AT1G65140,-0.039343458
AT1G65150,0.15637009
AT1G65160,0.0
AT1G65165,0.0
AT1G65170,0.0
AT1G65180,0.067418106
AT1G65190,-0.4890527
AT1G65200,-0.01126623
AT1G65210,0.0
AT1G65220,0.07525408
AT1G65230,-0.7658364
AT1G65240,1.0425956
AT1G65250,0.030963734
AT1G65260,-0.22670795
AT1G65270,0.036012422
AT1G65280,-0.107663706
AT1G65290,0.2239211
AT1G65295,-0.47135162
AT1G65300,-0.0007960387
AT1G65310,0.09001242
AT1G65320,-0.14400496
AT1G65330,-0.063545324
AT1G65340,0.0005569795
AT1G65342,0.0
AT1G65346,0.00308242
AT1G65349,0.0
AT1G65350,-2.2127711e-05
AT1G65352,0.0
AT1G65360,0.051791653
AT1G65370,-0.6031334
AT1G65380,-0.09192715
AT1G65390,0.061305806
AT1G65410,-0.042016145
AT1G65420,0.036853336
AT1G65425,0.0
AT1G65430,0.0720622
AT1G65440,-0.05088818
AT1G65450,0.016484989
AT1G65470,-0.054797996
AT1G65480,0.05933405
AT1G65481,0.66251564
AT1G65483,1.0320735
AT1G65484,-0.1802047
AT1G65486,-0.69003695
AT1G65490,-0.2240034
AT1G65500,0.16003658
AT1G65510,0.77423793
AT1G65520,0.5535436
AT1G65540,0.036619928
AT1G65541,-4.905335e-05
AT1G65550,0.033957243
AT1G65560,-0.06770311
AT1G65570,0.015209829
AT1G65580,0.055537615
AT1G65590,-0.15051539
AT1G65610,2.3846195
AT1G65620,-0.18621722
AT1G65630,-0.0017968531
AT1G65640,0.0
AT1G65650,0.056298528
AT1G65660,0.1122584
AT1G65670,0.0005073407
AT1G65680,0.0
AT1G65681,0.0
AT1G65690,1.6273872
AT1G65700,0.1356089
AT1G65710,-0.19803372
AT1G65720,0.22603549
AT1G65730,0.58279014
AT1G65735,0.0
AT1G65740,0.0
AT1G65750,0.0
AT1G65760,0.017187014
AT1G65770,0.0
AT1G65780,0.0
AT1G65790,0.109814465
AT1G65800,-0.0013954772
AT1G65810,-0.042380743
AT1G65820,0.7005256
AT1G65840,0.47870964
AT1G65845,-0.1446887
AT1G65850,-0.0695806
AT1G65860,-1.0741249
AT1G65870,-0.18790744
AT1G65880,-0.067166775
AT1G65890,-0.34964523
AT1G65900,-0.40514392
AT1G65910,-0.38156733
AT1G65920,-0.7098306
AT1G65930,0.09314731
AT1G65950,-0.1413679
AT1G65960,-0.37274596
AT1G65970,1.5344391
AT1G65980,0.34877104
AT1G65985,-0.6278382
AT1G65990,0.0
AT1G66000,0.002292471
AT1G66020,-0.09118041
AT1G66040,1.8191772
AT1G66045,0.0
AT1G66050,2.6198144
AT1G66060,0.16890927
AT1G66070,0.27545246
AT1G66080,0.023917794
AT1G66090,2.3431194
AT1G66100,-0.60792196
AT1G66110,0.050390963
AT1G66120,-0.011502679
AT1G66130,-0.3094815
AT1G66140,-0.2983949
AT1G66145,0.0
AT1G66150,-0.108268
AT1G66160,1.6178279
AT1G66170,0.078781664
AT1G66180,-0.7282764
AT1G66190,-0.30368763
AT1G66200,0.05386996
AT1G66210,0.0
AT1G66220,0.0
AT1G66230,-0.20669554
AT1G66235,0.0021314994
AT1G66240,0.24635248
AT1G66245,0.0
AT1G66250,-0.10634784
AT1G66260,0.0957954
AT1G66270,0.0015981445
AT1G66280,0.9640971
AT1G66290,0.0
AT1G66300,0.0019177821
AT1G66310,-0.00043661738
AT1G66320,0.0083675645
AT1G66330,-0.28010094
AT1G66340,0.16083767
AT1G66345,-0.19145045
AT1G66350,-0.24239472
AT1G66360,0.048190918
AT1G66370,0.00428672
AT1G66380,-0.083606556
AT1G66390,-0.13967834
AT1G66400,0.9387885
AT1G66410,0.11255654
AT1G66420,0.002660734
AT1G66430,-0.21636243
AT1G66440,-0.0026690948
AT1G66450,-0.13773502
AT1G66460,-0.28409564
AT1G66465,0.16092592
AT1G66470,-0.0041875034
AT1G66480,0.39399853
AT1G66490,3.435518e-05
AT1G66500,1.0280248
AT1G66510,-0.2609806
AT1G66520,0.109359846
AT1G66530,-0.17917852
AT1G66540,-0.20579797
AT1G66550,0.27181205
AT1G66560,0.10602037
AT1G66570,2.681882
AT1G66580,1.1291606
AT1G66590,0.558712
AT1G66600,0.8937684
AT1G66610,0.0035768847
AT1G66620,0.07273699
AT1G66630,0.016772365
AT1G66640,0.0
AT1G66650,-0.085575044
AT1G66660,-0.030886292
AT1G66670,0.2888177
AT1G66680,0.38144922
AT1G66690,0.04023
AT1G66700,2.429711
AT1G66720,0.017037692
AT1G66730,-0.40467006
AT1G66740,0.039046682
AT1G66750,-0.21883631
AT1G66760,0.7231523
AT1G66770,0.00040886368
AT1G66780,0.24588776
AT1G66800,-0.011997663
AT1G66810,-0.20897181
AT1G66820,-0.13063167
AT1G66830,0.17322518
AT1G66840,-0.5089113
AT1G66850,0.0
AT1G66852,0.0
AT1G66855,0.0
AT1G66860,0.047925204
AT1G66870,0.09315774
AT1G66880,0.492023
AT1G66890,-0.13532019
AT1G66900,-0.09172868
AT1G66910,-0.17708081
AT1G66920,0.14829956
AT1G66930,-0.16159253
AT1G66940,-1.0806799
AT1G66950,0.0012380399
AT1G66960,-0.19521023
AT1G66970,0.14820968
AT1G66980,-0.16007836
AT1G67000,0.72155374
AT1G67020,-0.02593578
AT1G67025,0.0020215153
AT1G67030,-0.20605102
AT1G67035,0.063023485
AT1G67040,-0.42032215
AT1G67050,-0.272867
AT1G67060,0.7278886
AT1G67070,2.035608
AT1G67080,-0.32093784
AT1G67090,-0.618043
AT1G67100,0.08399899
AT1G67110,0.11852157
AT1G67120,0.092357405
AT1G67130,0.0005507704
AT1G67140,-0.051052794
AT1G67148,0.01348389
AT1G67150,-0.03144071
AT1G67160,0.0072393585
AT1G67170,-0.022939933
AT1G67180,-0.1359189
AT1G67190,0.31327394
AT1G67210,0.1545131
AT1G67220,0.03687742
AT1G67230,-0.14711268
AT1G67235,0.0010709917
AT1G67250,0.34959126
AT1G67260,0.252159
AT1G67265,0.1722859
AT1G67270,0.06889566
AT1G67280,-0.10149065
AT1G67290,0.085120544
AT1G67300,0.17392784
AT1G67310,-0.10079272
AT1G67320,-0.15362675
AT1G67325,-0.04088539
AT1G67330,0.056687385
AT1G67340,-0.1443527
AT1G67350,0.32748115
AT1G67360,0.21544959
AT1G67370,0.06436117
AT1G67390,0.00015543403
AT1G67400,0.14187558
AT1G67410,0.0044952356
AT1G67420,0.068922594
AT1G67430,0.20644893
AT1G67440,-0.22638042
AT1G67450,0.0
AT1G67455,0.0
AT1G67460,-0.019122617
AT1G67470,0.0003105193
AT1G67480,0.14839958
AT1G67490,-0.08167932
AT1G67500,-0.039766636
AT1G67510,-0.24378014
AT1G67520,0.74631375
AT1G67530,-0.114415996
AT1G67540,0.017794525
AT1G67550,-0.16287048
AT1G67560,0.10474561
AT1G67570,0.16602492
AT1G67580,-0.009036435
AT1G67590,-0.62149876
AT1G67600,0.17425002
AT1G67620,0.37852365
AT1G67623,0.02999782
AT1G67630,-0.013923418
AT1G67635,0.2799495
AT1G67640,0.002390542
AT1G67650,0.38482872
AT1G67660,-0.036992528
AT1G67670,0.0045757373
AT1G67680,0.22005859
AT1G67690,-0.101546206
AT1G67700,-0.2982218
AT1G67710,-0.4930083
AT1G67720,-0.3813412
AT1G67730,0.010208425
AT1G67740,-0.47795025
AT1G67750,-1.1869875
AT1G67760,0.05652828
AT1G67770,0.0005421703
AT1G67775,0.0
AT1G67780,0.049109746
AT1G67785,0.2029363
AT1G67790,-0.03547671
AT1G67800,0.45924258
AT1G67810,0.40132904
AT1G67820,-0.058761124
AT1G67830,-0.15836732
AT1G67840,-0.24802512
AT1G67850,0.7933449
AT1G67855,-0.0024812333
AT1G67856,0.21450816
AT1G67860,0.06551077
AT1G67865,0.30820855
AT1G67870,-0.37447032
AT1G67880,0.090896316
AT1G67890,-0.10963922
AT1G67900,-0.5290453
AT1G67910,-0.22088452
AT1G67920,0.42687428
AT1G67930,0.06219512
AT1G67940,-0.35218674
AT1G67950,-0.13253658
AT1G67960,0.03346993
AT1G67970,0.2797529
AT1G67980,2.5473745
AT1G67990,0.047864664
AT1G68000,0.17712677
AT1G68010,-0.5469873
AT1G68020,-0.018211907
AT1G68030,-0.16228211
AT1G68040,-0.015249003
AT1G68050,0.33577645
AT1G68060,-0.43581697
AT1G68070,0.03859204
AT1G68080,-0.1481475
AT1G68090,0.016831368
AT1G68100,0.19091034
AT1G68110,-0.21913213
AT1G68120,-0.042884514
AT1G68130,-0.23714273
AT1G68140,0.26240033
AT1G68150,-0.14433053
AT1G68160,0.27475524
AT1G68170,-0.01012889
AT1G68180,-0.105647616
AT1G68185,-0.37370023
AT1G68190,-0.65129346
AT1G68200,0.6252143
AT1G68210,-0.0003496361
AT1G68220,-0.38782504
AT1G68230,0.08303177
AT1G68238,-0.067039005
AT1G68240,-0.03801669
AT1G68250,-0.018166035
AT1G68260,-0.19940767
AT1G68270,0.00018343341
AT1G68280,0.0
AT1G68290,-0.18589675
AT1G68300,0.29030818
AT1G68310,0.3116964
AT1G68320,0.21007891
AT1G68325,0.0
AT1G68330,-0.15539643
AT1G68340,0.30898657
AT1G68350,0.11277491
AT1G68360,0.22054933
AT1G68370,0.30681694
AT1G68380,0.6583221
AT1G68390,0.4909357
AT1G68400,-0.6259309
AT1G68410,1.0411813
AT1G68420,0.0
AT1G68430,-0.09907055
AT1G68440,0.72711354
AT1G68450,2.6346745
AT1G68460,0.08289114
AT1G68470,0.15256816
AT1G68480,0.07264463
AT1G68490,-0.14676008
AT1G68500,0.13692607
AT1G68510,0.0021275568
AT1G68520,-0.37508205
AT1G68526,-0.051848266
AT1G68530,-0.25102064
AT1G68540,-0.4353649
AT1G68550,0.0062249606
AT1G68560,-0.38392648
AT1G68570,-0.32695755
AT1G68580,0.04257969
AT1G68585,-0.1506581
AT1G68590,-0.37422132
AT1G68600,-0.5534722
AT1G68610,0.09049307
AT1G68620,2.703982
AT1G68630,0.57256496
AT1G68640,-0.03795176
AT1G68650,0.2228567
AT1G68660,-0.083894245
AT1G68670,0.118225
AT1G68680,0.29469883
AT1G68690,1.3325869
AT1G68700,0.018003672
AT1G68710,0.3801557
AT1G68720,-0.093868144
AT1G68723,-0.040099088
AT1G68725,-0.022302084
AT1G68730,-0.059071243
AT1G68735,0.0
AT1G68740,-0.9707972
AT1G68750,0.0
AT1G68760,0.05602412
AT1G68765,0.88860357
AT1G68780,-0.7412328
AT1G68790,-0.37740296
AT1G68795,0.79410154
AT1G68800,-0.02484009
AT1G68810,-0.5498108
AT1G68820,0.74507576
AT1G68825,-0.02228667
AT1G68830,-0.23826915
AT1G68840,-0.31315085
AT1G68845,-0.0124445325
AT1G68850,0.745275
AT1G68862,-0.18445072
AT1G68870,-0.46159986
AT1G68875,0.0
AT1G68877,0.0
AT1G68880,0.0014800268
AT1G68890,-0.4243862
AT1G68905,0.0
AT1G68907,0.0
AT1G68910,-0.04791025
AT1G68920,-0.112584636
AT1G68930,-0.098470576
AT1G68935,-0.19046128
AT1G68937,-0.05619244
AT1G68940,-0.16462706
AT1G68945,0.0037915574
AT1G68960,0.011357306
AT1G68980,0.08058815
AT1G68990,-0.03220775
AT1G69010,-0.2059519
AT1G69020,-0.28192478
AT1G69030,-0.04354109
AT1G69040,-0.46257463
AT1G69050,0.3313753
AT1G69060,-0.06829615
AT1G69070,-0.06259585
AT1G69080,-0.62507206
AT1G69085,0.039036553
AT1G69090,0.0
AT1G69100,0.00024852977
AT1G69120,0.0342932
AT1G69150,0.32062754
AT1G69160,-1.1371216
AT1G69170,-0.29848823
AT1G69180,0.0
AT1G69190,-0.00018371837
AT1G69200,0.021350682
AT1G69210,-0.06852591
AT1G69220,0.02179516
AT1G69230,-0.30867764
AT1G69240,-0.0013959324
AT1G69250,0.18709895
AT1G69260,0.9807686
AT1G69270,0.28142545
AT1G69290,-0.16271909
AT1G69295,0.16022533
AT1G69310,0.12275762
AT1G69320,0.020602895
AT1G69325,-0.08575025
AT1G69330,-0.172388
AT1G69340,0.055678383
AT1G69350,-0.1916312
AT1G69360,-0.24491027
AT1G69370,-0.43169013
AT1G69380,-0.21293478
AT1G69390,-0.10332819
AT1G69400,0.008729486
AT1G69410,0.63623375
AT1G69420,-0.49581316
AT1G69430,0.13524862
AT1G69440,-0.35626385
AT1G69450,0.033374593
AT1G69460,0.07440778
AT1G69470,0.0017621373
AT1G69480,0.8316639
AT1G69485,-0.045517612
AT1G69490,0.15250187
AT1G69500,-0.0051178318
AT1G69510,-0.109730095
AT1G69520,0.1630363
AT1G69523,-0.48469394
AT1G69526,-0.04930414
AT1G69530,-1.2326293
AT1G69540,-0.14521848
AT1G69550,0.10981395
AT1G69560,-0.00051478925
AT1G69570,0.10484935
AT1G69580,-0.91090035
AT1G69588,-0.14265783
AT1G69600,0.22060168
AT1G69610,0.5158247
AT1G69620,0.14953202
AT1G69630,-0.0012626483
AT1G69640,0.27415752
AT1G69650,0.015632123
AT1G69660,0.002628388
AT1G69670,0.057503466
AT1G69680,0.22714183
AT1G69690,-0.59147775
AT1G69700,-0.59411216
AT1G69710,-0.06733027
AT1G69720,0.093383916
AT1G69730,0.07228765
AT1G69740,0.23536262
AT1G69760,0.38313803
AT1G69770,0.05352817
AT1G69780,-0.34687296
AT1G69790,0.924535
AT1G69800,-0.25566542
AT1G69810,0.7249855
AT1G69818,0.0
AT1G69820,0.0
AT1G69825,0.0
AT1G69828,0.017072095
AT1G69830,-0.45556262
AT1G69840,0.5098115
AT1G69850,-0.14698708
AT1G69860,-0.00039137527
AT1G69870,0.5936086
AT1G69880,1.930688
AT1G69890,0.5237846
AT1G69900,0.7835431
AT1G69910,-0.20161867
AT1G69920,2.3289618
AT1G69930,2.6311255
AT1G69935,-0.27114975
AT1G69940,0.0
AT1G69960,0.24408588
AT1G69970,-0.23535535
AT1G69980,0.08222006
AT1G69990,0.00937536
AT1G70000,-0.30073762
AT1G70020,-0.09072296
AT1G70030,-0.043511223
AT1G70040,-4.249257e-05
AT1G70060,0.0008886232
AT1G70070,-0.14085107
AT1G70080,0.77813655
AT1G70090,0.109374695
AT1G70100,-0.21353579
AT1G70110,-0.010927067
AT1G70120,0.0
AT1G70130,-0.06052721
AT1G70140,0.37399158
AT1G70150,0.13210131
AT1G70160,0.37686053
AT1G70170,1.8012654
AT1G70175,0.032634474
AT1G70180,-0.14617775
AT1G70190,0.08077622
AT1G70200,-0.18200293
AT1G70209,0.0
AT1G70210,-0.43674016
AT1G70220,-0.07935232
AT1G70230,-0.25883877
AT1G70250,-0.19673397
AT1G70260,-0.4770312
AT1G70270,-0.06609064
AT1G70280,-0.563541
AT1G70290,-0.09952794
AT1G70300,0.4583229
AT1G70310,-0.15624326
AT1G70320,0.1658923
AT1G70330,0.11703634
AT1G70335,-0.0039665443
AT1G70340,-0.089299865
AT1G70350,0.19150716
AT1G70360,0.019650709
AT1G70370,-0.90049505
AT1G70380,0.00064176787
AT1G70390,0.014504253
AT1G70400,0.04766
AT1G70410,-0.74082357
AT1G70420,-0.16948654
AT1G70430,-0.4845495
AT1G70440,0.379644
AT1G70450,0.03241563
AT1G70460,0.27763173
AT1G70470,-0.531937
AT1G70475,-0.00468008
AT1G70480,0.34276357
AT1G70490,0.21863621
AT1G70500,0.3688341
AT1G70505,-0.14930466
AT1G70510,-0.026891124
AT1G70520,0.16431992
AT1G70530,0.19758911
AT1G70540,0.0
AT1G70550,-0.42166108
AT1G70560,-0.329337
AT1G70570,0.008091762
AT1G70580,-0.29413167
AT1G70590,0.1908411
AT1G70600,0.2337985
AT1G70610,0.31730992
AT1G70620,-0.23805942
AT1G70630,0.51009846
AT1G70640,1.0814006
AT1G70650,0.13761571
AT1G70660,-0.11989513
AT1G70670,-0.031345263
AT1G70680,0.18996847
AT1G70690,0.5116561
AT1G70700,-0.19929227
AT1G70710,-0.39786384
AT1G70720,-0.001089939
AT1G70730,-0.1322264
AT1G70740,0.3923501
AT1G70750,0.037434
AT1G70760,-0.98973405
AT1G70770,0.40423036
AT1G70780,0.85459065
AT1G70790,-0.3803021
AT1G70800,-0.28544006
AT1G70810,0.6165926
AT1G70820,-0.6915587
AT1G70830,-0.4276779
AT1G70840,0.0005353975
AT1G70850,-0.030106002
AT1G70860,-0.00091490446
AT1G70870,0.0
AT1G70880,-0.015165875
AT1G70890,-0.76113635
AT1G70895,-0.28488395
AT1G70900,-0.1038235
AT1G70910,0.013392162
AT1G70920,0.2501644
AT1G70940,-0.48630074
AT1G70944,0.0
AT1G70949,0.0
AT1G70950,-0.3832648
AT1G70960,0.0
AT1G70970,0.0
AT1G70980,0.22201847
AT1G70985,-0.2555003
AT1G70990,-0.05056552
AT1G71000,1.1966635
AT1G71010,0.10714247
AT1G71015,-0.05851818
AT1G71020,-0.37158978
AT1G71030,-0.22130756
AT1G71040,0.29143196
AT1G71050,-0.4936848
AT1G71060,-0.15971994
AT1G71070,-0.023597656
AT1G71080,0.09509516
AT1G71090,0.12440454
AT1G71100,1.2118901
AT1G71110,0.143545
AT1G71120,-0.04605698
AT1G71130,-0.009264973
AT1G71140,0.56007504
AT1G71150,0.030512791
AT1G71160,0.0072408696
AT1G71170,0.39286107
AT1G71180,-0.32878667
AT1G71190,0.19525878
AT1G71200,0.008438044
AT1G71210,0.24825487
AT1G71220,0.113813
AT1G71230,0.046729416
AT1G71235,0.0
AT1G71240,0.008065665
AT1G71250,0.0675942
AT1G71260,-0.20814265
AT1G71270,0.034153257
AT1G71280,-0.09260269
AT1G71290,0.002288611
AT1G71300,0.001015368
AT1G71310,0.06306453
AT1G71320,-0.014949541
AT1G71330,-0.14587037
AT1G71340,-0.31216377
AT1G71350,-0.09238009
AT1G71360,-0.17276351
AT1G71370,0.17511082
AT1G71380,-0.17522636
AT1G71390,0.7083968
AT1G71400,-0.13950674
AT1G71410,-0.10783471
AT1G71420,-0.023453208
AT1G71430,0.120482035
AT1G71440,0.040651023
AT1G71450,-0.0020001037
AT1G71460,-0.18204264
AT1G71470,0.00045150067
AT1G71480,-0.17902957
AT1G71490,0.0028654744
AT1G71500,-0.39048964
AT1G71520,1.5068653
AT1G71530,1.2510083
AT1G71680,0.0
AT1G71690,0.018186603
AT1G71691,-0.0035025033
AT1G71692,-0.04148702
AT1G71695,-0.23465997
AT1G71696,-0.12682405
AT1G71697,0.57525104
AT1G71710,-0.2609323
AT1G71720,-0.43793583
AT1G71730,0.15966347
AT1G71740,-0.019715887
AT1G71750,0.02796845
AT1G71760,-0.05243482
AT1G71770,0.24478416
AT1G71780,0.32894847
AT1G71790,-0.36619925
AT1G71800,0.12974301
AT1G71810,-0.42916656
AT1G71820,0.06522779
AT1G71830,0.31888565
AT1G71840,0.093929105
AT1G71850,-0.007172867
AT1G71860,0.088386424
AT1G71865,0.05042321
AT1G71866,0.009305909
AT1G71870,-0.4404811
AT1G71880,0.40486932
AT1G71890,0.8036859
AT1G71900,0.13983719
AT1G71910,0.30907816
AT1G71920,-0.001777128
AT1G71930,0.087373324
AT1G71940,0.39023092
AT1G71950,0.46061683
AT1G71960,-0.019951768
AT1G71970,-0.34344396
AT1G71980,0.061553713
AT1G71990,-0.30765122
AT1G72000,0.06921457
AT1G72010,0.043983717
AT1G72020,0.4160567
AT1G72030,-0.4936932
AT1G72040,0.060523115
AT1G72050,-0.08695677
AT1G72060,-0.092015885
AT1G72070,0.4540113
AT1G72080,0.14060873
AT1G72090,-0.38780642
AT1G72100,0.08433584
AT1G72110,0.0
AT1G72120,1.3123696
AT1G72125,0.8033317
AT1G72130,-0.52635545
AT1G72140,0.03160542
AT1G72141,0.0
AT1G72150,-0.18071344
AT1G72160,-0.13235193
AT1G72165,0.0
AT1G72175,0.17224246
AT1G72180,-0.33443052
AT1G72190,-0.21506603
AT1G72200,0.1396126
AT1G72210,-0.17573138
AT1G72220,-0.11844656
AT1G72230,-0.6354002
AT1G72240,0.19479257
AT1G72250,-0.31045476
AT1G72260,-0.15640604
AT1G72270,-0.024797086
AT1G72275,-0.138719
AT1G72280,0.7319853
AT1G72290,0.0005569795
AT1G72300,-0.19056132
AT1G72310,-0.22406763
AT1G72320,-0.035068817
AT1G72330,0.34900495
AT1G72340,-0.03844615
AT1G72350,0.004243027
AT1G72360,-0.044981267
AT1G72370,0.08351177
AT1G72390,0.14879592
AT1G72410,-0.36560714
AT1G72416,-0.2448981
AT1G72420,-0.18129362
AT1G72430,-0.1197927
AT1G72440,-0.14029217
AT1G72450,-0.31564185
AT1G72460,-1.4610603e-05
AT1G72470,0.13030612
AT1G72480,-0.26584327
AT1G72490,0.034814876
AT1G72500,-0.4875541
AT1G72510,-0.28317326
AT1G72520,1.1620971
AT1G72530,-0.08760938
AT1G72540,0.6790702
AT1G72545,-0.0008120617
AT1G72550,-0.007478014
AT1G72560,-0.078739256
AT1G72570,-0.012273148
AT1G72580,0.0
AT1G72590,0.0
AT1G72600,-0.48147264
AT1G72610,-0.44394574
AT1G72620,0.001828794
AT1G72630,-0.20714307
AT1G72640,-0.58425593
AT1G72645,-0.60056233
AT1G72650,-0.26580754
AT1G72660,0.004317499
AT1G72670,0.51170063
AT1G72680,1.1609724
AT1G72690,0.2051577
AT1G72700,0.72113013
AT1G72710,0.13476376
AT1G72720,-0.024097813
AT1G72730,0.3379131
AT1G72740,-0.0014516512
AT1G72750,0.27989748
AT1G72755,0.0
AT1G72760,0.24854717
AT1G72770,0.30889103
AT1G72790,0.15878397
AT1G72800,0.9167821
AT1G72810,-0.47201967
AT1G72820,-0.2302377
AT1G72830,-0.023221219
AT1G72840,-0.0820776
AT1G72850,0.083406836
AT1G72860,-0.25927156
AT1G72870,-0.13360023
AT1G72880,0.03981698
AT1G72890,0.54267585
AT1G72900,1.2601162
AT1G72910,0.69308347
AT1G72920,0.74419105
AT1G72930,0.53413594
AT1G72940,0.5413978
AT1G72950,0.46593174
AT1G72960,0.09661639
AT1G72970,-0.05875401
AT1G72980,0.04871414
AT1G72990,-0.097284816
AT1G73000,0.08399121
AT1G73010,1.2822825
AT1G73020,-0.3544839
AT1G73030,0.12621899
AT1G73040,-0.31057137
AT1G73050,-0.020358555
AT1G73060,-0.22949445
AT1G73065,0.00090604974
AT1G73066,0.051870003
AT1G73080,0.5930533
AT1G73090,-0.29668656
AT1G73100,-0.23136945
AT1G73110,-0.5819553
AT1G73120,-0.018659702
AT1G73130,-0.013410078
AT1G73140,0.18268207
AT1G73150,0.14960878
AT1G73160,-0.00067264755
AT1G73165,0.038500242
AT1G73170,-0.2818341
AT1G73177,-0.001125867
AT1G73180,0.027606389
AT1G73190,-0.00080652616
AT1G73200,0.060128964
AT1G73210,-0.084849834
AT1G73220,0.13869548
AT1G73230,-0.02278824
AT1G73240,0.10306121
AT1G73250,0.23004717
AT1G73260,4.268456
AT1G73270,0.022883238
AT1G73280,-0.0056270133
AT1G73290,0.0044366033
AT1G73300,0.01299456
AT1G73310,-0.3855909
AT1G73325,-0.50900835
AT1G73330,-0.32611284
AT1G73340,0.07495474
AT1G73350,-0.053385526
AT1G73360,-0.26995254
AT1G73370,-0.3504045
AT1G73380,-0.08361925
AT1G73390,0.052066058
AT1G73400,-0.21746859
AT1G73410,0.3434698
AT1G73430,0.12120603
AT1G73440,-0.05658327
AT1G73450,-0.19201933
AT1G73460,-0.05469388
AT1G73470,-0.2473698
AT1G73480,0.19605772
AT1G73490,-0.033327073
AT1G73500,0.5362944
AT1G73510,0.16494825
AT1G73530,-0.19913246
AT1G73540,0.2762885
AT1G73550,0.04093266
AT1G73560,0.0
AT1G73570,-0.4000391
AT1G73580,-0.0024732256
AT1G73590,-0.54230404
AT1G73600,0.09529171
AT1G73603,0.08100702
AT1G73607,0.016772365
AT1G73610,1.0620623
AT1G73620,0.012171133
AT1G73630,0.027152637
AT1G73640,-0.121478386
AT1G73655,-0.26320598
AT1G73660,-0.27966043
AT1G73670,0.15812922
AT1G73680,-0.15596285
AT1G73690,-0.2238657
AT1G73700,-0.4991764
AT1G73710,-0.13518529
AT1G73720,-0.04437705
AT1G73730,0.19086358
AT1G73740,0.45258427
AT1G73750,0.31407893
AT1G73760,0.11449959
AT1G73770,0.122718245
AT1G73780,0.034081303
AT1G73790,0.17788774
AT1G73805,1.184568
AT1G73810,1.8301337
AT1G73820,0.062350214
AT1G73830,-0.6507119
AT1G73840,-0.029922565
AT1G73850,-0.35317004
AT1G73860,0.0996467
AT1G73870,-0.90164036
AT1G73875,-0.054747924
AT1G73880,0.9072398
AT1G73885,-0.27893716
AT1G73890,-0.008842162
AT1G73910,-0.06665921
AT1G73920,0.32201165
AT1G73930,-0.22268777
AT1G73940,-0.19542186
AT1G73950,-0.14273915
AT1G73960,-0.16357408
AT1G73965,0.3790123
AT1G73970,-0.16176763
AT1G73980,-0.03745483
AT1G73990,-0.13862331
AT1G74000,1.8267628
AT1G74010,2.3704748
AT1G74020,2.0180073
AT1G74030,0.85423124
AT1G74035,0.00086095516
AT1G74040,-0.3053195
AT1G74045,0.0
AT1G74050,-0.0088671865
AT1G74055,-0.05984732
AT1G74060,-0.0065280944
AT1G74070,-0.78897107
AT1G74080,2.131589
AT1G74088,-0.35084218
AT1G74090,-0.36052683
AT1G74100,0.4116544
AT1G74110,0.00014193372
AT1G74120,-0.22678104
AT1G74130,-0.013846577
AT1G74140,0.118501745
AT1G74150,-0.13003574
AT1G74160,-0.37242875
AT1G74170,-0.2345014
AT1G74180,-0.27744475
AT1G74190,0.19564323
AT1G74200,0.16431779
AT1G74210,0.10326736
AT1G74220,0.0
AT1G74230,0.15850678
AT1G74240,0.10090962
AT1G74250,0.08234042
AT1G74260,-0.025895284
AT1G74270,0.1197709
AT1G74280,0.27649337
AT1G74290,-0.034823604
AT1G74300,0.011016002
AT1G74310,0.9786626
AT1G74320,0.021492388
AT1G74330,0.29696575
AT1G74340,0.4891683
AT1G74350,0.08619944
AT1G74360,1.6717535
AT1G74370,-0.22771151
AT1G74380,-0.10033135
AT1G74385,-0.012769157
AT1G74390,-0.33019945
AT1G74400,0.24725367
AT1G74410,0.08658767
AT1G74420,-0.27202085
AT1G74430,-0.7440188
AT1G74440,0.39196628
AT1G74450,0.1144073
AT1G74458,-0.01040505
AT1G74460,0.22900876
AT1G74470,-0.49556816
AT1G74480,0.0004082128
AT1G74490,0.16924973
AT1G74500,-0.004457675
AT1G74510,-0.09959668
AT1G74520,-0.27569988
AT1G74530,-0.17654663
AT1G74540,-0.009108711
AT1G74550,0.105548956
AT1G74560,-0.1860807
AT1G74580,-0.3058344
AT1G74590,1.6943004
AT1G74600,-0.0032354314
AT1G74620,0.0
AT1G74630,-0.25235263
AT1G74640,0.52130073
AT1G74650,-0.37530744
AT1G74660,-0.029622946
AT1G74670,-1.1755449
AT1G74675,-0.01356486
AT1G74680,-0.08433874
AT1G74690,-0.515666
AT1G74700,-0.13826036
AT1G74710,0.4214491
AT1G74720,-0.24171871
AT1G74740,0.06497082
AT1G74750,0.5419471
AT1G74770,0.21544102
AT1G74780,-0.04818269
AT1G74790,0.6936159
AT1G74800,-0.3799303
AT1G74810,-0.3211877
AT1G74820,0.0
AT1G74830,0.0040567545
AT1G74840,-0.22612947
AT1G74850,-0.23627988
AT1G74860,-0.027951306
AT1G74870,0.034200843
AT1G74875,-0.034987245
AT1G74880,-0.7636375
AT1G74890,-0.07880384
AT1G74900,0.07629819
AT1G74910,-0.11785379
AT1G74920,-0.07987547
AT1G74929,0.0041456562
AT1G74930,-0.29555425
AT1G74940,-0.51870203
AT1G74950,-0.080250576
AT1G74960,-0.05243059
AT1G74970,-0.31004798
AT1G74990,0.021259628
AT1G75000,1.3385636
AT1G75010,-0.274612
AT1G75020,0.50966436
AT1G75030,0.22046484
AT1G75040,0.3363501
AT1G75050,0.004523797
AT1G75060,-0.18777682
AT1G75080,-0.04032084
AT1G75090,-0.17680645
AT1G75100,-0.42057344
AT1G75110,-0.06891327
AT1G75120,-0.28143263
AT1G75125,-0.26440462
AT1G75130,0.03748741
AT1G75140,-0.1560499
AT1G75150,-0.30774364
AT1G75160,-0.0012554871
AT1G75170,0.99753726
AT1G75180,-0.16599137
AT1G75190,-0.42703798
AT1G75200,0.2671975
AT1G75210,-0.051817514
AT1G75220,0.7604657
AT1G75230,0.12539883
AT1G75240,-0.5938011
AT1G75250,-0.3491447
AT1G75260,-0.14360842
AT1G75270,0.5481281
AT1G75280,-0.5216387
AT1G75290,0.050065633
AT1G75300,-0.3432165
AT1G75310,-0.35858715
AT1G75330,0.12614173
AT1G75335,0.119153745
AT1G75340,-0.14839293
AT1G75350,-0.28678584
AT1G75360,-0.010129896
AT1G75370,0.027344823
AT1G75380,-0.3684612
AT1G75390,0.012516331
AT1G75400,0.2732838
AT1G75410,0.06186776
AT1G75420,-0.28956205
AT1G75430,-0.0028479507
AT1G75440,-0.17739236
AT1G75450,-0.0802124
AT1G75460,-0.29842234
AT1G75470,0.0039188624
AT1G75490,-0.2615553
AT1G75500,-0.5963861
AT1G75510,0.050394807
AT1G75520,0.013973006
AT1G75530,0.0038300152
AT1G75540,-0.05249998
AT1G75560,0.28203598
AT1G75580,0.15165733
AT1G75590,-0.27411467
AT1G75600,0.21032383
AT1G75620,-0.2800213
AT1G75630,0.07169065
AT1G75660,0.034249317
AT1G75670,0.16883579
AT1G75680,-0.49538225
AT1G75690,-0.4126738
AT1G75700,0.1777233
AT1G75710,-0.39355174
AT1G75717,0.0
AT1G75720,-0.18468443
AT1G75730,-0.031846445
AT1G75750,0.72531366
AT1G75760,-0.059320208
AT1G75780,-0.43829796
AT1G75785,0.002272192
AT1G75790,0.0005569795
AT1G75800,-0.37696055
AT1G75810,0.17488928
AT1G75820,-0.42092705
AT1G75830,0.20186548
AT1G75840,-0.077177204
AT1G75850,0.10428432
AT1G75860,0.16907161
AT1G75870,0.0
AT1G75880,-0.3738696
AT1G75890,-0.02836824
AT1G75900,0.1285124
AT1G75910,-0.00026611594
AT1G75920,0.08074166
AT1G75930,0.0
AT1G75940,0.0
AT1G75945,0.038705006
AT1G75950,0.34498784
AT1G75960,-0.042656224
AT1G75980,-0.08059883
AT1G75990,0.105504826
AT1G76010,-0.051108252
AT1G76020,-0.12321135
AT1G76030,0.03389387
AT1G76040,0.38731897
AT1G76050,-0.045135744
AT1G76060,0.30244255
AT1G76065,0.14731295
AT1G76070,1.2108399
AT1G76080,-0.15435453
AT1G76090,0.20538992
AT1G76100,-0.29350132
AT1G76110,-0.38948715
AT1G76120,-0.26497132
AT1G76130,0.2862844
AT1G76140,0.19228067
AT1G76150,0.61805385
AT1G76160,0.0035057906
AT1G76170,-0.032791317
AT1G76180,0.17747645
AT1G76185,-0.040840384
AT1G76190,-0.025656443
AT1G76200,0.23152553
AT1G76210,0.017729912
AT1G76220,-0.010666699
AT1G76230,-0.0006958843
AT1G76240,-0.65639246
AT1G76250,0.014022826
AT1G76260,-0.0022789307
AT1G76270,-0.1769509
AT1G76280,-0.28685597
AT1G76290,0.0005569795
AT1G76300,-0.0400562
AT1G76310,-0.37747544
AT1G76320,-0.16256227
AT1G76340,0.005391781
AT1G76350,-0.4030926
AT1G76360,0.018681219
AT1G76370,0.0013273697
AT1G76380,-0.11259344
AT1G76390,0.8595159
AT1G76400,-0.03308484
AT1G76405,-0.17087273
AT1G76410,0.3544381
AT1G76420,-0.018878901
AT1G76430,0.067347154
AT1G76440,-0.1629301
AT1G76450,-0.42842364
AT1G76460,-0.18254375
AT1G76465,0.0
AT1G76470,2.1810484
AT1G76480,0.21942006
AT1G76490,0.23721008
AT1G76500,-0.014869654
AT1G76510,0.047259856
AT1G76520,0.2990901
AT1G76530,-0.27003214
AT1G76540,-0.16717233
AT1G76550,0.1085994
AT1G76560,0.39005327
AT1G76570,-0.29507998
AT1G76580,0.22956526
AT1G76590,0.077728555
AT1G76600,1.5811036
AT1G76610,-0.30340502
AT1G76620,0.08741277
AT1G76630,-0.14249453
AT1G76640,0.2375071
AT1G76650,2.2766583
AT1G76660,-0.1120445
AT1G76670,-0.118752174
AT1G76680,0.5394993
AT1G76690,0.50622123
AT1G76700,0.25797912
AT1G76705,-0.05600155
AT1G76710,-0.2971315
AT1G76720,-0.5919988
AT1G76728,0.0
AT1G76730,-0.28750694
AT1G76740,-0.39329636
AT1G76750,0.0
AT1G76760,0.22379108
AT1G76770,0.0204807
AT1G76780,-0.402741
AT1G76790,-0.18059692
AT1G76800,-0.40337
AT1G76810,-0.06250548
AT1G76820,-0.34457445
AT1G76830,4.0527742e-05
AT1G76840,0.0009787878
AT1G76850,-0.06901028
AT1G76860,0.00041124286
AT1G76870,0.0024463993
AT1G76880,-0.39440334
AT1G76890,-0.3629379
AT1G76900,0.15185094
AT1G76910,0.0
AT1G76920,0.24381657
AT1G76930,1.4424042
AT1G76940,0.11325564
AT1G76950,0.012389883
AT1G76952,-0.108135566
AT1G76954,0.0002408411
AT1G76955,-0.31909135
AT1G76960,0.52043164
AT1G76965,0.14433472
AT1G76970,0.64588517
AT1G76980,0.79148424
AT1G76990,-0.4941684
AT1G76994,-0.0016066117
AT1G77000,0.6953631
AT1G77010,-0.044113424
AT1G77020,-0.11080147
AT1G77030,0.04091458
AT1G77060,-0.22248632
AT1G77080,-0.109069474
AT1G77090,-0.37568355
AT1G77093,0.0005569795
AT1G77100,0.016772365
AT1G77110,-0.46215025
AT1G77120,0.88731396
AT1G77122,-0.19308434
AT1G77130,0.21774065
AT1G77140,0.1048497
AT1G77145,0.7365643
AT1G77150,0.020035822
AT1G77160,0.115302384
AT1G77170,-0.020169074
AT1G77180,0.037517108
AT1G77200,0.10573181
AT1G77210,-0.16343461
AT1G77220,0.24664833
AT1G77230,-0.12559122
AT1G77240,0.75081795
AT1G77260,0.0009401355
AT1G77270,-0.4353487
AT1G77280,-0.000977038
AT1G77290,-0.16765729
AT1G77300,0.1302769
AT1G77310,0.034948487
AT1G77320,-0.107673824
AT1G77330,-0.49146348
AT1G77340,0.0054531083
AT1G77350,5.95938e-06
AT1G77360,0.06976916
AT1G77370,0.47171527
AT1G77380,1.5697967
AT1G77390,0.09932214
AT1G77400,-0.16460016
AT1G77405,0.2239871
AT1G77410,-0.08385496
AT1G77420,0.21875843
AT1G77440,0.20109957
AT1G77450,0.6045201
AT1G77460,-0.15119503
AT1G77470,-0.139436
AT1G77480,-0.1643487
AT1G77490,-0.6224936
AT1G77500,1.1910872
AT1G77510,0.67179793
AT1G77520,0.01271039
AT1G77525,0.0010908376
AT1G77530,-0.0026970245
AT1G77540,0.27358392
AT1G77550,-0.119786136
AT1G77570,0.05048922
AT1G77580,-1.164106
AT1G77590,-0.016229896
AT1G77600,-0.28722724
AT1G77610,0.041055672
AT1G77620,-0.27812317
AT1G77630,-0.37485132
AT1G77640,0.5460367
AT1G77650,0.0
AT1G77655,0.0010642769
AT1G77660,-0.0002052881
AT1G77670,0.004727924
AT1G77680,0.38585982
AT1G77682,0.0
AT1G77690,-0.37267914
AT1G77700,-0.048309878
AT1G77710,0.29725152
AT1G77720,-0.11677172
AT1G77730,0.12731953
AT1G77740,0.005534282
AT1G77750,0.00087571866
AT1G77760,1.130848
AT1G77765,-0.07660074
AT1G77770,0.72293735
AT1G77780,0.0
AT1G77790,0.0015422184
AT1G77800,-0.06797429
AT1G77810,0.6823783
AT1G77815,0.00044611463
AT1G77830,0.0036594684
AT1G77840,0.554871
AT1G77850,-0.0139744375
AT1G77855,-0.27607435
AT1G77860,0.060120225
AT1G77870,-0.15286924
AT1G77880,0.10702364
AT1G77885,-0.115765125
AT1G77890,0.7657167
AT1G77910,0.0
AT1G77920,0.21931334
AT1G77930,-0.09227766
AT1G77932,-0.0008765026
AT1G77940,0.16721275
AT1G77950,0.012555424
AT1G77960,-0.25670478
AT1G77980,-0.0005573991
AT1G77990,-0.43689737
AT1G78000,0.22262852
AT1G78010,-0.25435972
AT1G78020,-0.8259378
AT1G78030,-0.06182876
AT1G78040,-0.18389751
AT1G78050,0.891209
AT1G78060,-0.49577215
AT1G78070,-0.10753026
AT1G78080,0.16640429
AT1G78090,-0.11291579
AT1G78100,-0.37927568
AT1G78110,-0.3748344
AT1G78120,0.051585697
AT1G78130,-0.21468468
AT1G78140,-0.03206845
AT1G78150,-0.14645237
AT1G78160,0.001066034
AT1G78170,-0.7296838
AT1G78172,0.034292687
AT1G78180,-0.36435303
AT1G78190,-0.09909503
AT1G78200,-0.052609235
AT1G78210,0.09968674
AT1G78220,0.0017124793
AT1G78230,0.13611151
AT1G78240,-0.26886594
AT1G78260,-0.20317124
AT1G78270,-0.5020079
AT1G78280,0.30111125
AT1G78290,-0.71262234
AT1G78300,0.10363324
AT1G78310,0.35717034
AT1G78320,-0.26495987
AT1G78340,0.0319362
AT1G78360,-0.0005573991
AT1G78370,-1.0692741
AT1G78380,0.91686434
AT1G78390,-0.007943132
AT1G78400,0.0019405393
AT1G78410,0.9473502
AT1G78420,0.1460391
AT1G78430,-0.33486658
AT1G78440,-0.038463842
AT1G78450,-0.6158264
AT1G78460,-0.8586678
AT1G78470,0.0
AT1G78476,-0.09013264
AT1G78480,0.009255474
AT1G78490,-0.52006394
AT1G78500,0.0
AT1G78510,-0.15074478
AT1G78520,-0.0121345855
AT1G78530,-0.22347318
AT1G78540,-0.21066003
AT1G78550,0.09077451
AT1G78560,-0.10609812
AT1G78570,0.74040043
AT1G78580,-0.5896739
AT1G78590,0.08486144
AT1G78600,0.2236231
AT1G78610,0.39611277
AT1G78620,0.33402607
AT1G78630,-0.38902977
AT1G78635,0.0005569795
AT1G78640,0.0010643202
AT1G78650,-0.19065325
AT1G78660,0.0985853
AT1G78670,0.04212646
AT1G78680,-0.07128269
AT1G78690,-0.114498645
AT1G78700,-0.13544069
AT1G78710,0.42044622
AT1G78720,0.3964752
AT1G78730,-0.017888304
AT1G78740,0.0
AT1G78750,-0.27859193
AT1G78760,-0.023805995
AT1G78770,0.0018666277
AT1G78780,1.0095237
AT1G78790,0.024877865
AT1G78800,0.15070248
AT1G78810,-0.018486872
AT1G78815,-0.03253993
AT1G78820,-0.36564732
AT1G78830,0.744477
AT1G78840,0.029175213
AT1G78850,0.9398919
AT1G78860,0.00034201448
AT1G78870,0.08769293
AT1G78880,-0.15395382
AT1G78890,0.2780942
AT1G78895,0.19642131
AT1G78900,0.29710203
AT1G78910,-0.0929779
AT1G78915,-0.41749024
AT1G78920,0.12919186
AT1G78922,0.023398485
AT1G78930,0.18270014
AT1G78940,0.15152122
AT1G78950,-0.21204828
AT1G78955,-0.10003684
AT1G78960,-0.053650282
AT1G78970,-0.3670592
AT1G78980,0.0005569795
AT1G78990,-0.092408136
AT1G78995,-0.76117283
AT1G79000,0.024693586
AT1G79010,0.202059
AT1G79020,0.06178881
AT1G79030,-0.32685846
AT1G79040,-0.4683542
AT1G79050,0.08766308
AT1G79060,-0.3514691
AT1G79070,-0.15031208
AT1G79080,0.020163443
AT1G79090,0.041805208
AT1G79100,-0.025338436
AT1G79103,-0.015395549
AT1G79110,-0.70854115
AT1G79120,-0.07245738
AT1G79130,0.015127018
AT1G79150,-0.047215346
AT1G79160,0.364216
AT1G79170,-0.0006768789
AT1G79180,0.4670168
AT1G79190,0.106362574
AT1G79200,-0.10335163
AT1G79210,0.3537087
AT1G79220,-0.26243997
AT1G79230,0.16385123
AT1G79250,0.0033828542
AT1G79260,-0.02664049
AT1G79270,0.044307224
AT1G79280,-0.119094305
AT1G79310,0.070768595
AT1G79320,-0.016195336
AT1G79330,0.025760425
AT1G79340,0.1891474
AT1G79350,0.029457
AT1G79360,0.46186337
AT1G79370,-0.0011155814
AT1G79380,-0.040850766
AT1G79390,-0.1150222
AT1G79400,0.06116852
AT1G79410,0.6575274
AT1G79420,-0.023296814
AT1G79430,0.06042944
AT1G79440,0.31960487
AT1G79450,2.1057148
AT1G79460,-0.11093692
AT1G79470,0.1050449
AT1G79480,-0.23897411
AT1G79485,-4.1256317e-06
AT1G79490,-0.059914358
AT1G79500,-0.44442913
AT1G79510,-0.1461012
AT1G79520,0.5312156
AT1G79530,0.3158444
AT1G79540,0.009852459
AT1G79550,0.3414804
AT1G79560,-0.26725104
AT1G79570,0.2290456
AT1G79580,0.019948816
AT1G79590,0.09926776
AT1G79600,0.20072506
AT1G79610,0.45178002
AT1G79620,-0.1776761
AT1G79630,-0.21247643
AT1G79640,-0.28828168
AT1G79650,0.03526266
AT1G79660,0.16258661
AT1G79670,0.062294435
AT1G79680,1.9733127
AT1G79690,0.29658842
AT1G79700,-0.27187052
AT1G79710,0.12337467
AT1G79720,-0.46573687
AT1G79730,0.103755765
AT1G79740,-0.17162049
AT1G79750,0.1373035
AT1G79760,-0.5267119
AT1G79770,-0.47116438
AT1G79780,-0.010988487
AT1G79790,-0.20146479
AT1G79800,0.00060606084
AT1G79810,0.02181989
AT1G79820,-0.2140292
AT1G79830,-0.12217522
AT1G79840,-0.31620997
AT1G79850,-0.22301343
AT1G79860,-0.0024125178
AT1G79870,-0.025137968
AT1G79880,-0.3396109
AT1G79890,-0.17372821
AT1G79900,1.5156368
AT1G79910,-0.13555095
AT1G79915,-0.009474142
AT1G79920,0.0692386
AT1G79930,0.25802267
AT1G79940,0.11265448
AT1G79950,0.012093803
AT1G79960,-0.008236764
AT1G79970,0.22821653
AT1G79985,0.26881698
AT1G79990,-0.15806003
AT1G80000,0.099368475
AT1G80010,-0.0044469927
AT1G80030,-0.30084753
AT1G80040,0.11432169
AT1G80050,-0.059937265
AT1G80060,-0.16037716
AT1G80070,-0.0019836084
AT1G80080,0.12464388
AT1G80090,-0.0005573991
AT1G80100,-0.0058892206
AT1G80110,0.30396593
AT1G80120,0.17874844
AT1G80130,-0.7823363
AT1G80133,0.0010277443
AT1G80140,0.0
AT1G80150,-0.05014343
AT1G80160,2.281079
AT1G80165,0.21519361
AT1G80170,-0.23726554
AT1G80180,-0.19795479
AT1G80190,0.02205731
AT1G80200,-0.05262042
AT1G80210,-0.12610622
AT1G80220,0.0
AT1G80230,0.32581317
AT1G80240,0.043379877
AT1G80245,0.18782079
AT1G80260,-0.39829433
AT1G80270,-0.17723465
AT1G80280,-0.50226086
AT1G80290,0.2128342
AT1G80300,0.7674364
AT1G80310,0.17802152
AT1G80315,-0.24649382
AT1G80320,0.48757842
AT1G80330,0.0014305515
AT1G80340,-0.00813949
AT1G80350,-0.13476476
AT1G80360,0.41872638
AT1G80370,-0.047316212
AT1G80380,-0.033088535
AT1G80390,0.0
AT1G80400,-0.07297255
AT1G80410,0.025242573
AT1G80420,-0.04311503
AT1G80440,-0.06699136
AT1G80450,0.7487737
AT1G80460,0.26506963
AT1G80470,0.048319727
AT1G80480,-0.114913486
AT1G80490,-0.10146581
AT1G80500,0.14086229
AT1G80510,0.5799009
AT1G80520,-0.22144213
AT1G80525,0.001647215
AT1G80530,-0.20314938
AT1G80540,0.015125972
AT1G80550,-0.07551267
AT1G80555,0.022424903
AT1G80560,-0.110780895
AT1G80570,-0.11746341
AT1G80580,0.10471942
AT1G80590,0.8869226
AT1G80600,0.012939089
AT1G80610,0.2619717
AT1G80620,0.0568597
AT1G80625,0.002262825
AT1G80630,-0.002645109
AT1G80640,-0.6666937
AT1G80650,-0.1067732
AT1G80660,-0.20534922
AT1G80670,0.08503008
AT1G80680,-0.091069445
AT1G80690,-0.51354975
AT1G80700,-0.12917228
AT1G80710,0.23853187
AT1G80720,-0.0032259298
AT1G80730,0.02569013
AT1G80740,1.0805446e-05
AT1G80745,-0.08898397
AT1G80750,0.030135611
AT1G80760,-0.46148235
AT1G80770,-0.072717175
AT1G80780,-0.2149267
AT1G80790,-0.41841617
AT1G80810,-0.24335538
AT1G80820,1.7349015
AT1G80830,0.54483277
AT1G80840,1.0073327
AT1G80850,-0.31903732
AT1G80860,-0.03467647
AT1G80865,0.0017414071
AT1G80870,-0.5698212
AT1G80880,-0.020807685
AT1G80890,-0.08635727
AT1G80900,-0.28179076
AT1G80910,-0.09785519
AT1G80920,-0.1889785
AT1G80930,-0.18360938
AT1G80940,-0.108272634
AT1G80950,0.35694632
AT1G80960,0.00016440681
AT1G80970,-0.21943544
AT1G80980,-0.5106848
AT1G80990,-0.0005573991
AT2G01008,0.53686
AT2G01021,0.005212572
AT2G01023,0.001822112
AT2G01035,0.0
AT2G01050,0.0
AT2G01060,0.18770126
AT2G01070,-0.42910436
AT2G01080,-0.12323949
AT2G01090,-0.19929676
AT2G01100,0.053770293
AT2G01110,-0.0745839
AT2G01120,-0.11670925
AT2G01130,-0.18039078
AT2G01140,0.2818208
AT2G01150,-0.3827977
AT2G01170,0.068917476
AT2G01175,-0.15883031
AT2G01180,0.9865887
AT2G01190,0.17513469
AT2G01200,-0.058783494
AT2G01210,-0.2759058
AT2G01220,-0.08190689
AT2G01240,0.0
AT2G01250,0.10920233
AT2G01260,-0.091620065
AT2G01270,0.010237976
AT2G01275,0.06480601
AT2G01280,-0.02215295
AT2G01290,-0.056276217
AT2G01300,0.6698269
AT2G01310,-0.19537066
AT2G01320,-0.080581605
AT2G01330,0.025678324
AT2G01340,0.8763908
AT2G01350,0.24280581
AT2G01360,-0.0029463754
AT2G01370,0.0010789417
AT2G01379,0.9000632
AT2G01390,-0.22163294
AT2G01400,-0.1901277
AT2G01410,0.19097506
AT2G01420,-0.57928413
AT2G01430,0.042064197
AT2G01440,-0.057479534
AT2G01450,0.16994537
AT2G01460,0.19525586
AT2G01470,0.2873498
AT2G01480,0.165401
AT2G01490,0.39458054
AT2G01500,0.00014290567
AT2G01505,-0.6718169
AT2G01510,-0.08648797
AT2G01520,-0.030670645
AT2G01530,0.15907148
AT2G01540,0.63950187
AT2G01554,0.0
AT2G01560,0.018765872
AT2G01570,-0.36699152
AT2G01580,-0.036685534
AT2G01590,-0.5667346
AT2G01600,0.25206178
AT2G01610,0.2501183
AT2G01620,-0.34501904
AT2G01630,-0.39549592
AT2G01640,-0.015130123
AT2G01650,0.24985136
AT2G01660,-0.40952167
AT2G01667,0.0012368785
AT2G01670,0.13599677
AT2G01680,-0.050751958
AT2G01690,0.041267898
AT2G01710,0.002705035
AT2G01720,0.08958371
AT2G01730,-0.060580265
AT2G01735,-0.036042955
AT2G01740,-0.24402377
AT2G01750,-0.040277045
AT2G01755,-0.38015133
AT2G01760,-0.43690234
AT2G01770,-4.1964154e-07
AT2G01780,0.016772365
AT2G01790,-0.0038214545
AT2G01800,0.00013240878
AT2G01810,0.044371456
AT2G01818,-0.100987874
AT2G01820,-0.04440626
AT2G01830,-0.087320335
AT2G01850,0.1289089
AT2G01860,0.12468686
AT2G01870,-0.26357922
AT2G01880,0.0014600403
AT2G01890,1.8535727
AT2G01900,-0.011999338
AT2G01905,-0.11383006
AT2G01910,-0.3230859
AT2G01913,-0.38539666
AT2G01918,-0.43899173
AT2G01920,0.45261362
AT2G01930,-0.108691104
AT2G01940,-0.24278653
AT2G01950,-0.30578285
AT2G01960,0.0037825354
AT2G01970,0.2091581
AT2G01980,-0.0042393687
AT2G01990,-0.5570104
AT2G02000,-0.0001201867
AT2G02010,1.4277025
AT2G02020,-0.92072177
AT2G02023,0.0005569795
AT2G02026,0.0
AT2G02030,0.04891679
AT2G02040,0.46069
AT2G02050,0.30285302
AT2G02060,0.45520324
AT2G02061,0.42687258
AT2G02070,-0.2828013
AT2G02080,-0.22789358
AT2G02090,0.028440151
AT2G02100,-0.008201106
AT2G02103,0.0
AT2G02120,-0.08617385
AT2G02130,-0.25399023
AT2G02135,0.0
AT2G02140,0.0
AT2G02147,-0.0016535706
AT2G02148,0.05180604
AT2G02150,-0.081395134
AT2G02160,-0.14316541
AT2G02170,-0.49722233
AT2G02180,0.2264578
AT2G02220,0.28124425
AT2G02230,-0.22407858
AT2G02240,0.1932265
AT2G02250,-0.01531484
AT2G02270,0.0
AT2G02280,0.0
AT2G02290,0.0
AT2G02300,0.035506688
AT2G02310,0.7759185
AT2G02320,0.17467727
AT2G02340,0.2935121
AT2G02350,0.4484924
AT2G02360,0.2419453
AT2G02370,0.31799942
AT2G02380,-0.04561734
AT2G02390,0.9020225
AT2G02400,0.019333322
AT2G02410,-0.23240478
AT2G02440,0.0017438442
AT2G02450,-0.2983239
AT2G02455,0.071345985
AT2G02470,-0.10840445
AT2G02480,-0.15572134
AT2G02490,0.016189102
AT2G02493,0.0
AT2G02497,0.01353369
AT2G02498,0.0
AT2G02500,-0.5153797
AT2G02510,0.38129458
AT2G02515,4.239003e-06
AT2G02520,-0.039343458
AT2G02525,0.0
AT2G02540,0.03835669
AT2G02550,0.0
AT2G02560,-0.002521052
AT2G02570,-0.17813854
AT2G02580,0.102670565
AT2G02590,-0.03743276
AT2G02610,-0.0041250107
AT2G02620,-0.0019181576
AT2G02630,-0.035511345
AT2G02635,-5.0347422e-05
AT2G02640,-0.0013553734
AT2G02650,0.0
AT2G02660,0.0
AT2G02680,-0.009546922
AT2G02690,-0.0005821787
AT2G02695,0.0
AT2G02700,0.008174988
AT2G02710,0.6179337
AT2G02720,-0.042281877
AT2G02730,0.13783762
AT2G02740,0.09789864
AT2G02750,-0.034440212
AT2G02760,0.21028154
AT2G02765,-0.3221476
AT2G02770,-4.905335e-05
AT2G02780,-0.5225771
AT2G02790,-0.43521473
AT2G02795,0.0
AT2G02800,-0.09943195
AT2G02810,0.8837884
AT2G02820,-0.20614605
AT2G02835,0.0
AT2G02840,-0.0005841417
AT2G02850,0.48193017
AT2G02860,0.72645736
AT2G02870,0.8071828
AT2G02880,0.18785723
AT2G02890,0.0029307855
AT2G02910,-0.2536406
AT2G02930,0.18680951
AT2G02950,-0.37219787
AT2G02955,0.0044034133
AT2G02960,0.12151729
AT2G02970,0.18149269
AT2G02980,-0.37146863
AT2G02990,0.9581087
AT2G03000,0.015632123
AT2G03010,-0.04837736
AT2G03020,0.0152954
AT2G03030,0.0
AT2G03040,-0.0079547195
AT2G03050,0.086049415
AT2G03060,-0.14282146
AT2G03070,0.06941334
AT2G03090,-0.39319938
AT2G03110,-0.03567746
AT2G03120,0.19463728
AT2G03130,0.013165772
AT2G03140,-0.14874306
AT2G03150,0.0094386535
AT2G03160,0.030755777
AT2G03170,0.0070959255
AT2G03180,0.0
AT2G03190,0.0005569795
AT2G03200,0.016686315
AT2G03210,-0.044364695
AT2G03220,0.063005775
AT2G03230,0.05743229
AT2G03240,0.014360454
AT2G03250,0.053453885
AT2G03260,-0.0053306865
AT2G03270,0.22263339
AT2G03280,-0.09810727
AT2G03290,0.0075615006
AT2G03300,0.0034927619
AT2G03310,-0.38994992
AT2G03320,-0.0010855778
AT2G03330,-0.03887625
AT2G03340,-0.28763968
AT2G03350,-0.40761885
AT2G03360,1.1586059
AT2G03370,-0.013417034
AT2G03380,-0.09138422
AT2G03390,-0.21958253
AT2G03410,0.9738411
AT2G03420,-0.6067314
AT2G03430,0.052680735
AT2G03440,-0.2788272
AT2G03450,0.27619743
AT2G03460,0.028460506
AT2G03470,0.14684354
AT2G03480,-0.28547817
AT2G03500,-0.08409211
AT2G03505,0.8099951
AT2G03510,0.4259318
AT2G03520,-0.0010919617
AT2G03530,-0.374303
AT2G03550,-0.2241095
AT2G03560,-0.10712089
AT2G03565,6.547678e-05
AT2G03567,0.0
AT2G03570,0.0
AT2G03580,0.03125536
AT2G03590,-0.5533231
AT2G03600,-0.008956306
AT2G03610,0.0
AT2G03620,0.056188215
AT2G03630,0.0042715967
AT2G03640,0.13266847
AT2G03667,0.08923274
AT2G03670,0.043024074
AT2G03680,0.1570327
AT2G03690,0.21258605
AT2G03710,-0.3661292
AT2G03720,-0.008669533
AT2G03730,-0.1565649
AT2G03740,0.03405588
AT2G03750,-0.6603233
AT2G03760,1.3332393
AT2G03770,-0.04174587
AT2G03780,-0.20080127
AT2G03800,0.35053402
AT2G03810,-0.12762986
AT2G03820,0.099577144
AT2G03821,0.00014982572
AT2G03822,0.0
AT2G03823,0.0
AT2G03830,0.060171727
AT2G03840,0.017724507
AT2G03850,1.5955008
AT2G03870,0.04411357
AT2G03880,-0.12314571
AT2G03890,-0.21994184
AT2G03913,0.0
AT2G03930,0.0
AT2G03931,0.0
AT2G03932,0.0
AT2G03933,0.0
AT2G03936,0.0
AT2G03937,0.0
AT2G03955,0.0
AT2G03965,0.05233873
AT2G03980,0.28560773
AT2G04020,0.0
AT2G04025,0.061007097
AT2G04030,0.03566152
AT2G04031,0.0
AT2G04032,-0.29032788
AT2G04033,0.0
AT2G04034,0.0
AT2G04037,0.0
AT2G04038,0.024612768
AT2G04039,-0.687945
AT2G04040,1.067826
AT2G04041,0.0
AT2G04045,0.0
AT2G04046,0.01732184
AT2G04050,0.0014579976
AT2G04060,0.0
AT2G04062,0.0
AT2G04063,0.0
AT2G04066,0.02143005
AT2G04070,0.333701
AT2G04080,0.13434304
AT2G04090,-0.0015880641
AT2G04100,1.4911915
AT2G04115,0.01705862
AT2G04137,0.0011085307
AT2G04160,0.5523434
AT2G04170,-0.21554317
AT2G04190,1.3933637
AT2G04220,0.0020555346
AT2G04230,-0.28693363
AT2G04235,-0.1503156
AT2G04240,-0.21152571
AT2G04270,-0.4005737
AT2G04280,-0.3094145
AT2G04300,0.0
AT2G04305,0.31307283
AT2G04340,-0.13244857
AT2G04350,0.29842803
AT2G04360,-0.05243481
AT2G04378,-0.30780092
AT2G04380,0.03327201
AT2G04390,0.2299651
AT2G04395,-0.03949649
AT2G04400,1.2562505
AT2G04410,0.098183945
AT2G04420,0.0101909675
AT2G04425,0.0
AT2G04430,0.31185278
AT2G04440,0.00082996336
AT2G04450,0.7175632
AT2G04480,-0.00047190994
AT2G04495,0.5389532
AT2G04500,0.029684596
AT2G04515,0.40249497
AT2G04520,0.10778617
AT2G04530,0.18129513
AT2G04540,-0.062119927
AT2G04550,0.29776487
AT2G04560,-0.10294522
AT2G04570,-0.04592539
AT2G04620,0.23667708
AT2G04621,0.015984232
AT2G04622,0.0
AT2G04630,0.044211637
AT2G04650,0.11662733
AT2G04660,-0.24500445
AT2G04675,-7.947728e-05
AT2G04680,0.015595702
AT2G04690,-0.113786206
AT2G04700,-0.16557506
AT2G04740,0.16397926
AT2G04750,0.0
AT2G04780,-0.26676437
AT2G04790,-0.7819392
AT2G04795,-0.110156335
AT2G04800,-0.0080132745
AT2G04810,0.00014290567
AT2G04830,0.0
AT2G04840,0.008558443
AT2G04842,-0.33404505
AT2G04845,-0.12894697
AT2G04850,-0.31290457
AT2G04860,-0.03953989
AT2G04865,-0.057257354
AT2G04870,0.0
AT2G04880,0.03205152
AT2G04890,0.0100133475
AT2G04900,0.32606685
AT2G04910,0.0
AT2G04920,0.0
AT2G04925,-0.061425112
AT2G04930,0.0
AT2G04940,-0.15860116
AT2G05050,0.0
AT2G05060,-0.026461098
AT2G05070,-0.5158989
AT2G05100,-0.34403434
AT2G05105,0.0
AT2G05117,0.0
AT2G05120,-0.092121124
AT2G05140,0.0
AT2G05160,-0.051183157
AT2G05170,-0.03795047
AT2G05180,-0.02387737
AT2G05210,-0.5303033
AT2G05220,0.16301659
AT2G05230,-0.021609832
AT2G05260,0.48188418
AT2G05270,0.0029211892
AT2G05294,0.0
AT2G05300,0.0
AT2G05310,-0.39445692
AT2G05320,0.3357485
AT2G05330,0.026652167
AT2G05335,0.0
AT2G05350,-0.01429393
AT2G05360,-0.0009874492
AT2G05370,-0.0054963445
AT2G05380,0.5387664
AT2G05400,0.0020516983
AT2G05410,0.00280329
AT2G05420,-0.014807607
AT2G05430,0.0
AT2G05440,1.5474951
AT2G05510,0.7724604
AT2G05520,0.25777283
AT2G05530,0.00042138857
AT2G05540,0.71132946
AT2G05580,-0.031754516
AT2G05590,-0.07438503
AT2G05600,0.02280441
AT2G05620,-0.3489084
AT2G05630,0.28042153
AT2G05632,-0.20954236
AT2G05635,-0.027539311
AT2G05642,0.0004960694
AT2G05645,0.0
AT2G05655,-0.008412943
AT2G05710,0.34601527
AT2G05720,0.0013399041
AT2G05752,0.0
AT2G05753,0.0004960694
AT2G05755,-0.104264274
AT2G05760,-0.29428026
AT2G05786,0.0
AT2G05790,-0.8002357
AT2G05810,-0.428685
AT2G05830,-0.14469977
AT2G05840,0.23355585
AT2G05850,0.0005569795
AT2G05900,0.0
AT2G05910,1.2930797
AT2G05915,0.018601103
AT2G05920,-0.47205117
AT2G05940,0.61766595
AT2G05970,0.0
AT2G05990,-0.102375865
AT2G06000,-0.103497736
AT2G06005,-5.177885e-05
AT2G06010,-0.13224782
AT2G06020,0.0
AT2G06025,0.05976079
AT2G06040,-0.13507935
AT2G06050,0.36537498
AT2G06090,0.0
AT2G06095,0.0003732611
AT2G06105,0.0
AT2G06166,0.0
AT2G06200,-0.0051396466
AT2G06210,-0.20312195
AT2G06255,0.19859937
AT2G06265,0.0
AT2G06420,0.03919922
AT2G06425,0.026473034
AT2G06500,0.0
AT2G06510,0.15024814
AT2G06520,-0.39012834
AT2G06530,0.14984414
AT2G06541,0.0
AT2G06555,-0.015264821
AT2G06565,0.00014290567
AT2G06570,-0.0012968935
AT2G06645,0.0
AT2G06667,0.0
AT2G06675,0.0
AT2G06845,0.0002840693
AT2G06850,-0.6878312
AT2G06904,0.0
AT2G06906,0.0
AT2G06908,0.0
AT2G06925,-0.3533221
AT2G06960,0.0010895291
AT2G06983,-0.00055448915
AT2G06990,0.04039066
AT2G07000,-0.028388225
AT2G07020,0.0
AT2G07040,0.0
AT2G07050,-0.14832431
AT2G07110,0.0
AT2G07120,0.0
AT2G07140,0.01233805
AT2G07170,0.008452701
AT2G07180,-0.008157002
AT2G07190,0.0
AT2G07200,0.0
AT2G07215,0.0013099846
AT2G07240,-0.012661029
AT2G07280,-0.00018958625
AT2G07290,0.0
AT2G07310,0.0
AT2G07340,-0.12733711
AT2G07360,0.0629617
AT2G07440,0.0
AT2G07505,0.0
AT2G07560,0.0
AT2G07565,-0.0009586273
AT2G07599,-0.09024178
AT2G07613,3.435518e-05
AT2G07621,0.006650188
AT2G07623,0.0058587524
AT2G07625,0.03296378
AT2G07626,0.0
AT2G07627,5.1825027e-05
AT2G07628,0.008487041
AT2G07629,0.14036275
AT2G07631,0.0
AT2G07632,0.017268434
AT2G07633,0.04594525
AT2G07634,0.0
AT2G07636,-0.013487757
AT2G07637,0.064667456
AT2G07638,-0.06997444
AT2G07640,0.00078152906
AT2G07641,-0.020213427
AT2G07642,0.0
AT2G07643,-0.0072578113
AT2G07644,0.018517379
AT2G07646,0.04543931
AT2G07648,-0.0029219405
AT2G07652,0.0062580747
AT2G07654,-0.010309677
AT2G07655,0.01322335
AT2G07656,0.014983373
AT2G07658,0.033565596
AT2G07659,-0.016098453
AT2G07661,0.019678485
AT2G07662,-0.033172354
AT2G07665,0.014273033
AT2G07667,-0.2098182
AT2G07669,0.23074609
AT2G07674,-0.035349343
AT2G07676,0.08011779
AT2G07678,0.21714093
AT2G07680,-0.48670426
AT2G07681,0.04845154
AT2G07684,-0.00043923288
AT2G07689,0.31517377
AT2G07690,-0.06378025
AT2G07698,0.46973097
AT2G07705,0.047166944
AT2G07706,-0.18790232
AT2G07714,7.9859856e-05
AT2G07715,0.12928009
AT2G07721,0.09247285
AT2G07728,-0.01250289
AT2G07732,0.19897036
AT2G07738,0.002079089
AT2G07749,0.03724528
AT2G07750,0.022617616
AT2G07751,-0.029509416
AT2G07760,0.0
AT2G07768,0.0013241643
AT2G07772,0.038331203
AT2G07773,-0.10519397
AT2G07774,-0.18810292
AT2G07775,0.093301706
AT2G07777,0.01309085
AT2G07779,0.21760063
AT2G07787,0.054480933
AT2G07795,0.08891996
AT2G07798,0.2171236
AT2G07800,0.00087435334
AT2G07806,0.14904942
AT2G07810,0.0
AT2G07815,0.046802264
AT2G07820,0.017627109
AT2G07825,0.15891019
AT2G07827,-0.009101984
AT2G07830,0.00015177556
AT2G07835,0.21225353
AT2G07981,0.0
AT2G08986,0.0
AT2G09388,0.0
AT2G09838,0.0
AT2G09840,4.3429653e-05
AT2G09970,-0.015930811
AT2G09990,0.12007128
AT2G10020,0.0
AT2G10025,0.00014193372
AT2G10260,0.0
AT2G10440,0.319959
AT2G10450,0.00014290567
AT2G10455,0.0
AT2G10535,0.0
AT2G10545,-0.004463753
AT2G10550,0.0
AT2G10553,-0.0010673017
AT2G10556,0.0
AT2G10557,0.0
AT2G10560,-0.0009874492
AT2G10602,0.0
AT2G10608,0.00055839325
AT2G10615,0.0004209756
AT2G10625,0.0
AT2G10920,0.0
AT2G10930,0.011907643
AT2G10940,-1.1836183
AT2G10950,0.1646817
AT2G10955,0.0
AT2G10965,0.0
AT2G10970,-0.014949541
AT2G10975,-0.09370623
AT2G11000,-0.071686335
AT2G11005,0.0
AT2G11010,0.0
AT2G11015,0.0
AT2G11025,0.016772365
AT2G11035,0.0066453805
AT2G11045,0.0
AT2G11200,0.0
AT2G11205,0.0
AT2G11215,-0.0030147338
AT2G11225,-0.22595419
AT2G11270,0.043543473
AT2G11271,0.0
AT2G11405,0.0
AT2G11462,0.0
AT2G11520,0.38706577
AT2G11522,-0.03653673
AT2G11570,0.000426975
AT2G11620,-0.012641497
AT2G11623,0.0
AT2G11626,0.00014193372
AT2G11773,0.0
AT2G11778,-0.0079266615
AT2G11810,-0.24891081
AT2G11815,0.0023025891
AT2G11851,-0.013487757
AT2G11890,0.12990125
AT2G11891,0.038401324
AT2G11910,-0.33638522
AT2G12170,-0.25142184
AT2G12190,-0.265029
AT2G12200,-0.00029545455
AT2G12205,0.0058774133
AT2G12280,-3.980374e-05
AT2G12290,0.0004213632
AT2G12400,-0.3379397
AT2G12405,0.00082041806
AT2G12461,0.010980944
AT2G12462,-0.41783386
AT2G12465,0.0
AT2G12475,0.0
AT2G12480,-0.020249404
AT2G12550,0.12732275
AT2G12646,-0.006828748
AT2G12875,0.0018432509
AT2G12880,0.0
AT2G12900,0.0
AT2G12905,0.10357843
AT2G12935,0.008647753
AT2G12940,0.0034618236
AT2G12945,0.0
AT2G13100,-0.048687432
AT2G13105,0.0
AT2G13125,0.0
AT2G13126,0.0
AT2G13150,0.0
AT2G13275,0.05977085
AT2G13290,-0.05500282
AT2G13295,0.0
AT2G13350,0.0
AT2G13360,-0.28497985
AT2G13370,-0.06973793
AT2G13420,0.0
AT2G13422,0.0
AT2G13430,0.003006642
AT2G13440,-0.39946312
AT2G13450,-0.022633215
AT2G13463,0.0048824996
AT2G13500,0.0
AT2G13510,0.0
AT2G13540,-0.22967324
AT2G13542,0.0
AT2G13547,0.08464585
AT2G13550,-0.09197954
AT2G13555,0.0
AT2G13560,-0.020322967
AT2G13570,0.0052014813
AT2G13600,-0.094343945
AT2G13610,-0.24874586
AT2G13620,0.0
AT2G13630,0.0
AT2G13640,0.17673787
AT2G13650,0.574189
AT2G13660,-0.24448514
AT2G13680,0.012264336
AT2G13690,-0.32246935
AT2G13720,0.0
AT2G13760,-0.04019509
AT2G13770,0.029463818
AT2G13790,0.48397222
AT2G13800,0.067044735
AT2G13810,0.48332205
AT2G13820,-0.13537118
AT2G13840,-0.05556338
AT2G13845,0.0
AT2G13895,0.0
AT2G13900,0.0005569795
AT2G13905,0.0
AT2G13950,0.0
AT2G13960,0.09440208
AT2G13965,-0.011089937
AT2G13980,0.0
AT2G13985,0.0
AT2G14000,0.0
AT2G14045,-0.0828119
AT2G14050,-0.32264844
AT2G14060,-0.009146366
AT2G14070,0.13096543
AT2G14095,0.11155223
AT2G14100,0.048330672
AT2G14110,0.2228147
AT2G14120,0.17411582
AT2G14160,0.07463434
AT2G14170,0.35870028
AT2G14210,0.17864168
AT2G14247,0.0017277896
AT2G14255,0.01842065
AT2G14260,0.03584525
AT2G14265,0.0
AT2G14270,0.0
AT2G14282,0.0
AT2G14285,0.007972865
AT2G14288,4.3429653e-05
AT2G14289,0.0
AT2G14290,0.8204703
AT2G14365,0.0
AT2G14378,0.0
AT2G14390,0.0
AT2G14395,0.0
AT2G14440,0.0
AT2G14460,-0.030982845
AT2G14500,0.0005569795
AT2G14510,-0.0012495412
AT2G14520,-0.25480515
AT2G14530,-0.12940337
AT2G14540,0.0
AT2G14560,0.7823215
AT2G14580,-0.004580461
AT2G14610,2.0460768
AT2G14620,2.2606556
AT2G14635,0.018327152
AT2G14660,-0.23649134
AT2G14670,0.0
AT2G14680,-0.10539755
AT2G14690,0.0034236205
AT2G14692,0.0008290698
AT2G14695,0.0005178693
AT2G14700,0.0
AT2G14710,0.0
AT2G14720,0.15736893
AT2G14740,-0.06762505
AT2G14750,-0.22377686
AT2G14755,-0.00087294774
AT2G14760,0.0
AT2G14765,0.0
AT2G14775,-0.11147203
AT2G14800,-0.09056869
AT2G14810,0.0
AT2G14820,7.204339e-06
AT2G14825,0.13474885
AT2G14830,-0.013440482
AT2G14835,0.066679165
AT2G14846,0.0
AT2G14850,0.093070224
AT2G14860,-0.40154678
AT2G14870,0.0
AT2G14880,-0.10730651
AT2G14890,-0.4875519
AT2G14900,-0.51536524
AT2G14910,-0.11654327
AT2G14920,-0.0005573991
AT2G14935,0.0
AT2G14945,0.0
AT2G14960,0.0094992425
AT2G15000,0.026365323
AT2G15010,0.0
AT2G15020,-1.1423112
AT2G15025,0.0
AT2G15029,-0.000731617
AT2G15040,0.0
AT2G15050,-0.6794891
AT2G15080,-0.14233601
AT2G15090,-0.09686427
AT2G15110,0.0
AT2G15130,-0.1550662
AT2G15170,-0.015401318
AT2G15180,0.0
AT2G15185,0.0
AT2G15220,2.4754312
AT2G15230,0.010077451
AT2G15240,0.009118319
AT2G15260,0.0
AT2G15270,-0.040848516
AT2G15280,-0.2852056
AT2G15290,-0.035040613
AT2G15300,-0.034276646
AT2G15310,0.39354768
AT2G15318,-0.06939402
AT2G15320,0.11765957
AT2G15325,0.0
AT2G15327,0.0005569795
AT2G15340,0.22352327
AT2G15345,0.010416402
AT2G15350,0.00014290567
AT2G15360,0.0
AT2G15370,-0.0019948608
AT2G15390,0.95586526
AT2G15400,-0.047694977
AT2G15420,0.00014290567
AT2G15430,0.16968216
AT2G15440,-0.3908713
AT2G15450,0.0
AT2G15460,0.0
AT2G15470,0.0
AT2G15480,1.2020633
AT2G15490,2.524332
AT2G15500,0.0
AT2G15530,-0.11764562
AT2G15535,0.0
AT2G15560,-0.030745158
AT2G15570,0.3287176
AT2G15580,-0.011769321
AT2G15590,0.0
AT2G15610,0.0
AT2G15620,0.34119156
AT2G15630,-0.011771501
AT2G15640,0.0
AT2G15660,0.0
AT2G15670,0.0
AT2G15680,0.022499269
AT2G15690,0.024448214
AT2G15695,0.0441861
AT2G15710,0.0
AT2G15730,0.36796114
AT2G15740,0.0
AT2G15760,1.2988111
AT2G15770,0.016772365
AT2G15780,2.0099227
AT2G15790,-0.13811417
AT2G15820,-0.11683263
AT2G15830,0.32372212
AT2G15860,0.023576831
AT2G15880,0.06281118
AT2G15890,0.017187104
AT2G15900,-0.032111205
AT2G15910,0.1736376
AT2G15960,0.11918633
AT2G15970,0.08605252
AT2G15980,-0.08171846
AT2G16005,0.0029111977
AT2G16015,0.0
AT2G16016,0.0
AT2G16018,-3.911016e-05
AT2G16019,0.0
AT2G16020,0.0
AT2G16030,-0.00017940014
AT2G16040,0.0
AT2G16050,0.048323873
AT2G16060,0.3615553
AT2G16070,0.0051711826
AT2G16090,-0.027921991
AT2G16120,0.0
AT2G16130,0.0
AT2G16190,0.012528953
AT2G16200,0.0
AT2G16210,0.0
AT2G16220,0.0
AT2G16225,0.0
AT2G16230,0.009225332
AT2G16250,-0.20332997
AT2G16260,0.0
AT2G16270,-0.29393268
AT2G16280,-0.33461055
AT2G16290,0.0
AT2G16300,0.0
AT2G16340,0.0030413552
AT2G16360,0.0041030524
AT2G16365,-0.05389103
AT2G16370,-0.21415162
AT2G16380,-0.35687536
AT2G16385,0.01729074
AT2G16390,-0.34280786
AT2G16400,-0.17471437
AT2G16405,-0.024184216
AT2G16430,0.1384628
AT2G16440,0.19403495
AT2G16450,-0.0018902606
AT2G16460,0.32722366
AT2G16485,-0.034304332
AT2G16490,-0.000548957
AT2G16500,0.38318062
AT2G16505,0.016833639
AT2G16510,0.45950267
AT2G16520,0.0
AT2G16530,0.40659973
AT2G16535,0.0
AT2G16570,-0.028470622
AT2G16575,0.0
AT2G16580,-0.06721624
AT2G16586,0.33723763
AT2G16592,0.0027047023
AT2G16594,0.0
AT2G16595,0.33639967
AT2G16600,0.33724785
AT2G16620,0.0
AT2G16630,0.15441535
AT2G16640,-0.1299203
AT2G16650,-0.034360204
AT2G16660,1.3076354
AT2G16676,-0.051609293
AT2G16700,1.0780674
AT2G16710,0.8763778
AT2G16720,0.4037332
AT2G16730,0.0
AT2G16740,0.30934036
AT2G16750,-0.55000126
AT2G16760,0.30562815
AT2G16770,-0.03444607
AT2G16780,0.019278815
AT2G16790,1.2205383
AT2G16800,0.03990728
AT2G16810,0.0005569795
AT2G16835,0.0
AT2G16850,-0.3764042
AT2G16860,-0.16177309
AT2G16870,0.40307575
AT2G16880,-0.3491527
AT2G16890,-0.10416537
AT2G16900,0.5307836
AT2G16910,-0.006210232
AT2G16920,-0.06408743
AT2G16930,0.15723418
AT2G16940,-0.22936171
AT2G16950,0.18549332
AT2G16953,3.435518e-05
AT2G16960,-0.00018958625
AT2G16970,-0.0022801189
AT2G16980,-0.07100635
AT2G16990,-0.35692117
AT2G17000,0.00018089227
AT2G17010,-0.07940346
AT2G17020,-0.0005900339
AT2G17030,-0.03468913
AT2G17033,-0.081464596
AT2G17036,-0.26214066
AT2G17040,0.1308782
AT2G17043,0.00040362208
AT2G17050,-0.15318462
AT2G17055,-0.028534641
AT2G17060,-0.17839837
AT2G17070,-0.007713897
AT2G17080,-0.0019840489
AT2G17090,0.0005569795
AT2G17110,-0.09211171
AT2G17120,0.6634512
AT2G17130,0.54447144
AT2G17140,-0.12725113
AT2G17150,-0.35104722
AT2G17160,0.0
AT2G17170,0.0
AT2G17180,0.03372192
AT2G17190,0.2723358
AT2G17200,0.27083728
AT2G17210,-0.14488798
AT2G17220,0.8592338
AT2G17230,-0.069676325
AT2G17240,0.08634374
AT2G17250,0.11201903
AT2G17260,-0.241867
AT2G17265,0.00037766964
AT2G17270,-0.011579223
AT2G17280,0.25020173
AT2G17290,0.2765891
AT2G17300,-0.63507444
AT2G17305,0.0
AT2G17310,0.0
AT2G17320,-0.29122952
AT2G17330,0.0
AT2G17340,-0.35595366
AT2G17350,-0.022080645
AT2G17360,0.019438965
AT2G17370,0.042999063
AT2G17380,0.16158873
AT2G17390,-0.0336104
AT2G17410,-0.078805484
AT2G17420,0.546521
AT2G17430,-0.063263215
AT2G17440,0.24643625
AT2G17442,-0.29111543
AT2G17450,0.15460645
AT2G17470,-0.15884568
AT2G17480,0.12779692
AT2G17500,2.6334305
AT2G17510,0.00255426
AT2G17520,0.19190964
AT2G17525,-0.30866176
AT2G17530,-0.016213968
AT2G17540,-0.1373258
AT2G17550,-0.06331079
AT2G17560,0.079681866
AT2G17570,0.048299655
AT2G17580,-0.08689321
AT2G17590,-0.00018371837
AT2G17600,-0.00045132308
AT2G17620,0.01253064
AT2G17630,0.4416188
AT2G17640,0.063543916
AT2G17650,-0.14252147
AT2G17660,0.04984598
AT2G17670,0.007293899
AT2G17680,0.0011207215
AT2G17690,-0.058715504
AT2G17695,-0.36259794
AT2G17700,-0.16882658
AT2G17705,0.7086688
AT2G17710,-0.8577836
AT2G17720,0.85977596
AT2G17723,0.00044632418
AT2G17730,0.53806114
AT2G17740,0.36386797
AT2G17750,0.0003894311
AT2G17760,0.91291595
AT2G17770,-0.07781857
AT2G17780,-0.29188085
AT2G17785,0.0
AT2G17787,-0.1318441
AT2G17790,0.31365797
AT2G17800,-0.12858242
AT2G17820,-0.23299253
AT2G17830,-0.065912575
AT2G17840,0.50913244
AT2G17845,-0.00068095804
AT2G17850,-0.0012935523
AT2G17860,0.0023464023
AT2G17870,0.20303963
AT2G17880,-0.26355442
AT2G17890,0.010470061
AT2G17900,0.060252152
AT2G17905,0.0
AT2G17920,-0.014392561
AT2G17930,-0.009941494
AT2G17940,-0.09539607
AT2G17950,0.0005569795
AT2G17960,0.0
AT2G17970,-0.35203093
AT2G17972,-0.3830311
AT2G17975,-0.11080351
AT2G17980,-0.012281683
AT2G17990,-0.17032275
AT2G18000,0.10832592
AT2G18010,-0.09111173
AT2G18020,0.13108304
AT2G18025,0.0005569795
AT2G18030,0.18580666
AT2G18040,0.026416436
AT2G18050,0.007017124
AT2G18060,0.08287251
AT2G18070,0.0
AT2G18080,0.0
AT2G18090,0.35102275
AT2G18100,-0.12849404
AT2G18110,0.03258481
AT2G18120,-0.39218733
AT2G18130,0.00045150067
AT2G18140,0.0
AT2G18150,0.043956745
AT2G18160,-0.31846622
AT2G18170,0.53760535
AT2G18180,0.17010006
AT2G18190,0.036634147
AT2G18193,-0.4127051
AT2G18196,-0.20650868
AT2G18200,0.01760928
AT2G18210,0.66834104
AT2G18220,0.11468079
AT2G18230,-0.61232895
AT2G18240,0.21807224
AT2G18245,-0.1541889
AT2G18250,-0.119178236
AT2G18260,-0.32758114
AT2G18270,0.0036301722
AT2G18280,-0.0018895685
AT2G18290,-0.2878833
AT2G18300,-0.6535181
AT2G18320,-0.015476423
AT2G18328,-0.79043895
AT2G18330,0.04869762
AT2G18340,-0.006963138
AT2G18350,0.040713497
AT2G18360,-0.0019642268
AT2G18370,0.06092294
AT2G18380,-0.15388353
AT2G18390,-0.012653326
AT2G18400,-0.05003597
AT2G18410,-0.070482954
AT2G18420,0.004988615
AT2G18450,-0.007286075
AT2G18460,0.0
AT2G18465,0.028808936
AT2G18470,0.01419774
AT2G18480,-0.06726065
AT2G18490,-0.0015083861
AT2G18500,-0.034140103
AT2G18510,0.08389639
AT2G18520,0.06653511
AT2G18530,0.0005073407
AT2G18540,0.011920467
AT2G18550,0.15527551
AT2G18560,-0.2542635
AT2G18570,-0.4685665
AT2G18590,0.0011593946
AT2G18600,0.027394168
AT2G18620,-0.05921175
AT2G18630,-0.3712371
AT2G18640,0.0075872396
AT2G18650,-0.19313315
AT2G18660,1.4443574
AT2G18670,-0.0294014
AT2G18680,1.495653
AT2G18685,0.00015543403
AT2G18690,2.1888862
AT2G18700,0.32825324
AT2G18710,-0.29206085
AT2G18720,0.14616323
AT2G18721,0.0
AT2G18730,0.06693383
AT2G18740,0.12744509
AT2G18750,-0.0048154835
AT2G18760,-0.15830784
AT2G18770,-0.00848814
AT2G18780,-0.06575641
AT2G18790,-0.04548699
AT2G18800,-0.0057730973
AT2G18810,0.0005569795
AT2G18830,0.0012719776
AT2G18840,0.16498904
AT2G18850,-0.29702893
AT2G18860,-0.2130697
AT2G18870,-6.0850445e-05
AT2G18876,-0.3232762
AT2G18880,0.005557214
AT2G18890,-0.48969573
AT2G18900,0.18342666
AT2G18910,-0.49632055
AT2G18915,0.051427945
AT2G18920,0.0006004091
AT2G18938,0.024055906
AT2G18940,-0.20343791
AT2G18950,1.0803919
AT2G18960,0.19741654
AT2G18969,-0.35166797
AT2G18970,0.008049558
AT2G18980,0.03208955
AT2G18990,-0.104996756
AT2G19000,0.0
AT2G19010,0.0
AT2G19020,0.0
AT2G19030,4.3429653e-05
AT2G19040,0.0
AT2G19045,0.0
AT2G19050,0.0
AT2G19060,-0.0010091518
AT2G19070,-0.00071289786
AT2G19080,-0.031519517
AT2G19090,-0.43422294
AT2G19110,-0.14179096
AT2G19120,-0.052352946
AT2G19130,0.23388472
AT2G19146,0.0
AT2G19150,0.0027061112
AT2G19160,0.5618433
AT2G19170,-0.58381677
AT2G19180,0.22320578
AT2G19190,0.3040991
AT2G19200,0.0
AT2G19210,0.00042981535
AT2G19220,0.0
AT2G19230,0.0025008484
AT2G19240,0.13179454
AT2G19260,-0.27170062
AT2G19270,0.1831984
AT2G19280,-0.32238907
AT2G19290,-0.0006323836
AT2G19300,0.0
AT2G19310,-0.11449562
AT2G19320,0.039763123
AT2G19330,0.03573419
AT2G19340,0.048187975
AT2G19350,0.3275049
AT2G19360,0.0
AT2G19365,0.0
AT2G19380,0.044142175
AT2G19385,0.23146929
AT2G19390,0.022680465
AT2G19400,-0.44646016
AT2G19410,0.002184634
AT2G19420,0.00014290567
AT2G19430,-0.15510158
AT2G19440,-0.00093869393
AT2G19450,0.5611374
AT2G19460,-0.24878246
AT2G19470,0.14701481
AT2G19480,-0.10679085
AT2G19490,0.19833612
AT2G19500,1.4041263
AT2G19510,0.0
AT2G19520,-0.10237035
AT2G19530,0.028653529
AT2G19540,0.15192434
AT2G19550,0.010788443
AT2G19560,0.2994437
AT2G19570,1.597064
AT2G19580,-0.097314574
AT2G19590,-0.037785687
AT2G19600,-0.07518401
AT2G19610,0.004447077
AT2G19620,-0.46860868
AT2G19630,-0.002527742
AT2G19640,0.27003694
AT2G19650,-0.6153778
AT2G19660,-0.11082088
AT2G19670,0.17953296
AT2G19680,-0.046842277
AT2G19690,-0.0028169751
AT2G19700,0.0022798565
AT2G19710,0.61648285
AT2G19720,-0.35713568
AT2G19730,0.25099313
AT2G19740,0.09568588
AT2G19750,0.0829506
AT2G19760,0.2612893
AT2G19770,0.02344835
AT2G19780,-0.2916284
AT2G19790,0.011852903
AT2G19800,0.7513332
AT2G19802,0.0024900776
AT2G19810,-0.122124694
AT2G19820,0.0005569795
AT2G19830,0.0043605734
AT2G19850,7.84384e-06
AT2G19860,-0.20736143
AT2G19870,0.2182152
AT2G19880,0.5306948
AT2G19890,0.055632204
AT2G19893,4.3429653e-05
AT2G19900,0.39788753
AT2G19910,-0.21904872
AT2G19920,-0.15237781
AT2G19930,-0.43786275
AT2G19940,-0.2264129
AT2G19950,0.20494427
AT2G19960,0.23538592
AT2G19970,0.6609538
AT2G19980,-0.0139151355
AT2G19990,0.32050505
AT2G20000,-0.15633436
AT2G20010,0.6765772
AT2G20020,-0.10169467
AT2G20030,0.25002873
AT2G20050,-0.15584198
AT2G20060,0.014243166
AT2G20070,0.0
AT2G20080,0.0060280412
AT2G20100,-0.35529038
AT2G20110,0.572047
AT2G20120,0.020542856
AT2G20130,0.22985123
AT2G20140,0.18163952
AT2G20142,0.81366485
AT2G20150,0.08189106
AT2G20160,-0.0007376605
AT2G20170,0.018126158
AT2G20180,-0.4364263
AT2G20190,-0.15916017
AT2G20208,0.0
AT2G20210,-0.33878466
AT2G20230,0.04462067
AT2G20240,-0.25209588
AT2G20250,-0.24191381
AT2G20260,-0.27189484
AT2G20270,-0.025726505
AT2G20280,-0.036172587
AT2G20290,-0.2862002
AT2G20300,-0.4164006
AT2G20310,0.022757255
AT2G20320,0.3598821
AT2G20330,-0.026452614
AT2G20340,-0.4981176
AT2G20350,0.013249439
AT2G20360,0.26833808
AT2G20362,0.0086125955
AT2G20370,0.086627826
AT2G20380,0.0
AT2G20390,0.19016841
AT2G20400,-0.036723435
AT2G20410,0.20944318
AT2G20420,0.25830808
AT2G20430,0.0
AT2G20440,-0.116937
AT2G20450,0.011022215
AT2G20463,0.0024835686
AT2G20465,0.0
AT2G20470,0.044131756
AT2G20480,0.07923776
AT2G20490,0.037062738
AT2G20495,-0.08278039
AT2G20500,0.31443864
AT2G20510,-0.014612946
AT2G20515,-0.25931454
AT2G20520,0.007148339
AT2G20530,-0.008952829
AT2G20540,-0.21296942
AT2G20550,-0.21410938
AT2G20560,0.48404235
AT2G20562,0.3479063
AT2G20570,-0.50626016
AT2G20580,0.06678971
AT2G20585,0.12841778
AT2G20590,-0.087329544
AT2G20595,0.0
AT2G20597,0.015325368
AT2G20605,0.00044611463
AT2G20610,0.07923734
AT2G20613,0.0
AT2G20616,0.0
AT2G20618,0.0
AT2G20619,0.0
AT2G20620,6.033099e-05
AT2G20625,-0.0025209198
AT2G20630,0.08683593
AT2G20635,-0.34542167
AT2G20650,-0.14938095
AT2G20660,0.0
AT2G20670,0.018143164
AT2G20680,-0.4955852
AT2G20690,-0.031808212
AT2G20700,-0.32903415
AT2G20710,-0.11324469
AT2G20720,-0.03842928
AT2G20725,-0.048171386
AT2G20740,0.09163328
AT2G20750,-0.52856296
AT2G20760,0.29220974
AT2G20770,0.18283486
AT2G20780,0.18663543
AT2G20784,0.0029846511
AT2G20790,0.1410305
AT2G20800,-0.1707839
AT2G20805,0.0
AT2G20810,0.06661289
AT2G20815,-0.19603905
AT2G20820,0.31198308
AT2G20825,1.3512664
AT2G20830,0.13458379
AT2G20835,-0.04635894
AT2G20840,-0.15071091
AT2G20850,-0.16338058
AT2G20860,0.045824237
AT2G20870,-0.08081474
AT2G20873,0.0
AT2G20875,-0.070809886
AT2G20880,1.1707976
AT2G20890,-0.27643523
AT2G20900,0.1588936
AT2G20920,0.15153769
AT2G20921,0.016331036
AT2G20930,-0.015060648
AT2G20940,0.03521095
AT2G20950,-0.12842721
AT2G20960,0.22371356
AT2G20970,0.01704436
AT2G20980,-0.06902773
AT2G20990,-0.013373245
AT2G21010,-0.0004154651
AT2G21030,0.0017525371
AT2G21040,-0.0005573991
AT2G21045,-0.00058707804
AT2G21050,-0.68582064
AT2G21060,0.27315393
AT2G21070,-0.15185928
AT2G21080,-0.5802736
AT2G21090,-0.06845785
AT2G21100,0.33684886
AT2G21110,0.0008352432
AT2G21120,0.051767856
AT2G21130,0.4833627
AT2G21140,1.0533367
AT2G21150,-0.024955554
AT2G21160,0.28247878
AT2G21170,-0.24671859
AT2G21180,0.43194154
AT2G21185,-0.012872343
AT2G21190,0.44514412
AT2G21195,-0.20901065
AT2G21200,-0.23225687
AT2G21210,-0.4946955
AT2G21220,-0.10966067
AT2G21230,0.05395698
AT2G21235,-0.003417606
AT2G21237,0.00051768153
AT2G21240,0.14617847
AT2G21250,-0.24679174
AT2G21260,-0.061978716
AT2G21270,0.1796865
AT2G21280,-0.33735347
AT2G21290,0.087778896
AT2G21300,-0.33319205
AT2G21320,-0.26843187
AT2G21330,-0.7159417
AT2G21340,-0.36024782
AT2G21350,0.31938347
AT2G21370,-0.5524964
AT2G21380,-0.39302006
AT2G21385,-0.48779774
AT2G21390,0.07748308
AT2G21400,0.0010305586
AT2G21410,0.04369147
AT2G21420,-0.03914654
AT2G21430,0.52769846
AT2G21440,-0.04213992
AT2G21450,0.04859437
AT2G21455,0.0
AT2G21465,0.0
AT2G21470,0.23572324
AT2G21480,0.0041685076
AT2G21490,0.001887142
AT2G21500,0.23467039
AT2G21510,1.0734928
AT2G21520,0.21129718
AT2G21530,-0.5403248
AT2G21540,-0.19881496
AT2G21550,-0.18341732
AT2G21560,-0.41699353
AT2G21580,0.2546224
AT2G21590,-0.42425403
AT2G21595,-0.002750698
AT2G21600,0.12508889
AT2G21610,0.4353287
AT2G21620,0.89335525
AT2G21630,-0.066382736
AT2G21640,0.28230244
AT2G21650,-1.0665804
AT2G21655,0.0
AT2G21660,0.38881224
AT2G21680,0.0020989643
AT2G21690,0.0
AT2G21710,-0.34181497
AT2G21720,-5.0058414e-05
AT2G21725,0.0
AT2G21727,0.0
AT2G21730,-0.18182817
AT2G21740,0.0026266815
AT2G21750,0.0
AT2G21770,-0.20183253
AT2G21780,0.16793567
AT2G21790,-0.009583248
AT2G21800,-0.0035785993
AT2G21810,0.0
AT2G21820,0.20684204
AT2G21830,-0.32355714
AT2G21840,0.1363446
AT2G21850,0.36938623
AT2G21860,-0.1912381
AT2G21870,0.17038658
AT2G21880,-0.34701666
AT2G21890,0.010193803
AT2G21900,0.01677029
AT2G21910,0.028341219
AT2G21920,0.0005569795
AT2G21930,-0.020830603
AT2G21940,-0.10742778
AT2G21950,-0.02749636
AT2G21960,-0.28258
AT2G21970,-0.25484726
AT2G21980,0.0
AT2G21990,0.00482505
AT2G22000,-0.42444047
AT2G22010,0.09675647
AT2G22030,0.0
AT2G22040,3.0988496e-05
AT2G22050,0.0
AT2G22055,0.0
AT2G22060,0.0
AT2G22070,-0.053345304
AT2G22080,-0.2521879
AT2G22088,-0.00011947736
AT2G22090,0.043251842
AT2G22100,-0.16425493
AT2G22120,-0.008935541
AT2G22121,0.0
AT2G22122,-0.22222878
AT2G22125,-0.27781588
AT2G22140,-0.048998423
AT2G22145,0.00040362208
AT2G22155,0.0
AT2G22160,0.0
AT2G22170,-0.45986
AT2G22180,-0.00018958625
AT2G22190,-1.00052
AT2G22200,-0.39951718
AT2G22230,-0.39873242
AT2G22240,-0.76218104
AT2G22241,0.0
AT2G22250,0.37756687
AT2G22260,-0.2630995
AT2G22270,-0.2594717
AT2G22290,-0.00501663
AT2G22300,0.09933169
AT2G22310,-0.09452712
AT2G22320,0.04249266
AT2G22330,-0.041301314
AT2G22340,-0.028954031
AT2G22345,0.0
AT2G22360,0.17945553
AT2G22370,0.03227981
AT2G22390,0.0
AT2G22400,-0.14852291
AT2G22410,-0.24248697
AT2G22420,0.07726395
AT2G22425,0.29896998
AT2G22426,0.0014081214
AT2G22430,-0.062894985
AT2G22440,5.8261074e-05
AT2G22450,0.08033208
AT2G22460,0.049979113
AT2G22465,-0.0002286964
AT2G22470,3.1667213
AT2G22475,0.3982264
AT2G22480,0.27435818
AT2G22490,0.020157384
AT2G22500,1.178976
AT2G22510,1.0056298
AT2G22520,0.0
AT2G22530,-0.23321906
AT2G22540,-0.39184082
AT2G22560,0.90120226
AT2G22570,0.16487822
AT2G22590,0.015129437
AT2G22600,-0.01795513
AT2G22610,-0.35878116
AT2G22620,0.23865476
AT2G22630,0.044715952
AT2G22640,-0.024359636
AT2G22650,-0.082888655
AT2G22660,0.01918554
AT2G22670,-0.450142
AT2G22680,0.31756678
AT2G22690,0.23898801
AT2G22720,-0.120321535
AT2G22730,-0.08157004
AT2G22740,-0.24167489
AT2G22750,-0.0070967716
AT2G22760,1.3778483
AT2G22770,-0.40625975
AT2G22780,0.4351382
AT2G22790,0.10502754
AT2G22795,-0.7662093
AT2G22800,-0.036272198
AT2G22805,0.0
AT2G22807,0.0
AT2G22810,-0.22405455
AT2G22820,-0.00095754786
AT2G22830,-0.41452754
AT2G22840,-0.17384951
AT2G22850,-0.33573192
AT2G22860,1.0632744
AT2G22870,-0.052395362
AT2G22880,0.7851262
AT2G22890,0.021838749
AT2G22900,-0.3668151
AT2G22905,-0.06328096
AT2G22910,0.003909602
AT2G22920,-0.4341639
AT2G22930,0.020917002
AT2G22940,-0.0005573991
AT2G22941,0.0
AT2G22942,0.0067958594
AT2G22950,0.0
AT2G22960,0.0
AT2G22970,0.05470036
AT2G22980,-0.35510394
AT2G22990,-0.12971297
AT2G23000,0.009182987
AT2G23010,-0.30742297
AT2G23030,0.22088577
AT2G23050,0.0175871
AT2G23060,-0.006108364
AT2G23067,0.0
AT2G23070,0.025426105
AT2G23080,-0.1266164
AT2G23090,0.17176223
AT2G23093,-0.023519726
AT2G23096,-0.0077916253
AT2G23100,-0.17340264
AT2G23110,0.4441971
AT2G23118,-0.001351798
AT2G23120,0.4053189
AT2G23130,0.26289538
AT2G23140,0.034955192
AT2G23142,0.0
AT2G23148,0.016703114
AT2G23150,1.3246844
AT2G23160,0.0
AT2G23170,2.3168159
AT2G23180,-0.4092954
AT2G23190,0.0105821425
AT2G23200,0.22463086
AT2G23210,0.070347734
AT2G23220,0.0020024525
AT2G23230,0.0
AT2G23240,0.00021320938
AT2G23250,0.0
AT2G23260,0.1797642
AT2G23270,0.8779008
AT2G23290,-0.01637476
AT2G23300,-0.5820242
AT2G23310,0.2542185
AT2G23320,0.93234265
AT2G23321,0.021432104
AT2G23340,0.12864715
AT2G23348,-0.03468386
AT2G23350,0.13589767
AT2G23360,-0.47883737
AT2G23370,0.110568896
AT2G23380,0.2691786
AT2G23390,-0.24892028
AT2G23400,-0.0010717687
AT2G23410,-0.017420128
AT2G23420,-0.07438334
AT2G23430,-0.2792333
AT2G23440,0.0
AT2G23445,0.0018436384
AT2G23450,0.8793635
AT2G23460,-0.16305321
AT2G23470,-0.12857789
AT2G23510,0.0
AT2G23520,-0.22061151
AT2G23530,0.0012429944
AT2G23540,0.23125052
AT2G23550,0.018480517
AT2G23560,-0.56278867
AT2G23570,-3.911016e-05
AT2G23580,3.6304486e-05
AT2G23590,-0.016145099
AT2G23600,-0.64944744
AT2G23610,-0.476243
AT2G23620,0.3326614
AT2G23630,-0.0040134005
AT2G23640,-0.0006754456
AT2G23660,0.018779073
AT2G23670,-0.22836757
AT2G23680,0.84487087
AT2G23690,-0.35768044
AT2G23700,-0.5006369
AT2G23740,-0.076182924
AT2G23755,-0.191628
AT2G23760,-0.011992918
AT2G23770,0.25941056
AT2G23780,0.18419087
AT2G23790,0.624662
AT2G23800,0.015955487
AT2G23810,1.1264622
AT2G23820,0.06447218
AT2G23830,0.47094163
AT2G23834,-0.00055448915
AT2G23840,-0.13056208
AT2G23890,0.049305264
AT2G23900,0.0
AT2G23910,0.8320381
AT2G23930,0.051166207
AT2G23940,-0.20221916
AT2G23945,0.0018471492
AT2G23950,-0.40224484
AT2G23960,0.02747436
AT2G23970,0.06704805
AT2G23980,-0.008175007
AT2G23985,-0.1079572
AT2G23987,-0.0013136759
AT2G23990,0.0
AT2G24000,0.0
AT2G24010,-0.38274288
AT2G24020,-0.27852455
AT2G24030,-0.13555953
AT2G24040,0.2651851
AT2G24050,0.13566421
AT2G24060,-0.33292243
AT2G24070,0.05729991
AT2G24080,0.00014290567
AT2G24090,-0.32961783
AT2G24100,0.48874962
AT2G24120,0.15367137
AT2G24130,0.23314057
AT2G24140,-0.24017191
AT2G24150,-0.5039323
AT2G24170,0.008474009
AT2G24180,1.425734
AT2G24190,-0.34411803
AT2G24195,0.9449246
AT2G24200,0.7108193
AT2G24205,0.0
AT2G24210,0.08445521
AT2G24220,-0.30768088
AT2G24230,-0.41842735
AT2G24240,0.20390205
AT2G24250,-0.08424033
AT2G24255,0.0015783325
AT2G24260,0.531341
AT2G24270,-0.5713223
AT2G24280,-0.49355382
AT2G24285,0.83508044
AT2G24290,-0.18795842
AT2G24300,-0.42251816
AT2G24310,-0.10084336
AT2G24320,0.00033255867
AT2G24330,-0.038606856
AT2G24340,0.0
AT2G24350,-0.46926337
AT2G24360,0.16006497
AT2G24370,0.04085069
AT2G24390,-0.27007526
AT2G24395,-0.33955833
AT2G24400,-0.00064861577
AT2G24410,0.0005073407
AT2G24420,-0.30869243
AT2G24430,0.0046378593
AT2G24440,-0.29430187
AT2G24450,0.0008195858
AT2G24460,0.06963601
AT2G24470,0.0
AT2G24480,0.0007901922
AT2G24490,0.02962115
AT2G24500,0.22486696
AT2G24510,0.0
AT2G24520,-0.19461648
AT2G24530,-0.06893631
AT2G24535,0.019175367
AT2G24540,-0.21791385
AT2G24550,0.15095942
AT2G24560,-0.017676672
AT2G24570,0.2286392
AT2G24580,-0.024829844
AT2G24590,-0.08063904
AT2G24600,0.007345141
AT2G24610,-0.03537197
AT2G24615,0.0
AT2G24617,0.0
AT2G24620,0.0
AT2G24625,0.0
AT2G24630,-0.54712665
AT2G24640,0.18774039
AT2G24645,-0.101740256
AT2G24650,-0.45764816
AT2G24670,0.0
AT2G24680,-0.12637852
AT2G24681,0.05269912
AT2G24683,0.0013423057
AT2G24690,-0.37104124
AT2G24692,-0.0051604942
AT2G24693,0.006891392
AT2G24696,-0.0005573991
AT2G24700,-0.040203627
AT2G24710,0.009695238
AT2G24720,0.0024900776
AT2G24740,0.12474409
AT2G24762,-0.94539815
AT2G24765,-0.005303338
AT2G24780,-0.00011838661
AT2G24790,-0.30843687
AT2G24800,-0.0055525373
AT2G24810,0.0
AT2G24820,0.14144778
AT2G24830,-0.13748062
AT2G24840,-0.0002937117
AT2G24850,2.462178
AT2G24860,0.37708703
AT2G24870,0.018377518
AT2G24880,-9.026499e-05
AT2G24940,0.09669208
AT2G24945,-0.10165151
AT2G24950,0.0
AT2G24960,0.013929118
AT2G24970,0.015409934
AT2G24980,-0.018729115
AT2G24990,0.08727501
AT2G25000,0.28036052
AT2G25010,0.03307948
AT2G25050,-0.12447405
AT2G25055,4.3429653e-05
AT2G25060,-0.16488516
AT2G25070,-0.088741675
AT2G25080,-0.39715126
AT2G25090,0.99847543
AT2G25100,-0.2005354
AT2G25110,0.38267758
AT2G25120,0.0
AT2G25125,0.0018426031
AT2G25130,0.07300401
AT2G25140,0.008890617
AT2G25150,-0.3170502
AT2G25160,0.0004763613
AT2G25169,0.0
AT2G25170,-0.23164286
AT2G25180,-0.22559781
AT2G25185,0.0
AT2G25190,0.27163833
AT2G25200,-0.031163817
AT2G25210,0.13434093
AT2G25215,0.0019019268
AT2G25220,-0.4408562
AT2G25230,0.0
AT2G25240,0.1114257
AT2G25250,-0.11387506
AT2G25260,0.2220001
AT2G25270,-0.64058876
AT2G25280,-0.0045248647
AT2G25290,-0.10978873
AT2G25295,-0.0062871245
AT2G25297,0.8971389
AT2G25300,0.020433934
AT2G25305,0.0003039419
AT2G25310,-0.20479068
AT2G25312,0.0
AT2G25320,-0.04853784
AT2G25330,0.03752161
AT2G25340,0.0
AT2G25344,0.0
AT2G25350,-0.20138198
AT2G25355,-0.06093107
AT2G25360,0.0
AT2G25370,0.0
AT2G25409,0.00019002613
AT2G25410,0.0005681095
AT2G25420,-0.083734535
AT2G25430,0.03759539
AT2G25440,1.4422777
AT2G25450,1.3405284
AT2G25460,3.0070305
AT2G25470,-0.45937723
AT2G25480,-0.80870086
AT2G25482,-0.0011315522
AT2G25490,-0.04342221
AT2G25500,0.00092090864
AT2G25510,0.7321934
AT2G25520,0.35895813
AT2G25530,0.5389634
AT2G25540,-0.09786786
AT2G25560,0.080520876
AT2G25565,0.0005073407
AT2G25580,-0.21477327
AT2G25590,-0.2857013
AT2G25600,0.041654512
AT2G25605,-0.24304637
AT2G25610,0.33228788
AT2G25620,0.5604745
AT2G25625,0.87407357
AT2G25630,0.00014290567
AT2G25640,-0.12683776
AT2G25650,-0.08294349
AT2G25660,0.01058652
AT2G25670,0.08073399
AT2G25680,-0.00038400773
AT2G25685,0.02268735
AT2G25690,-0.07409123
AT2G25700,-0.014807405
AT2G25710,-0.15636617
AT2G25720,-0.22501925
AT2G25730,0.19336314
AT2G25735,0.6909215
AT2G25737,0.28758144
AT2G25740,0.0015951786
AT2G25750,0.0
AT2G25770,0.072015986
AT2G25780,-0.046788484
AT2G25790,-0.07922681
AT2G25800,-0.17531618
AT2G25810,-0.12618153
AT2G25820,-0.24211112
AT2G25830,-0.23684093
AT2G25840,-0.1853689
AT2G25850,0.014650863
AT2G25870,0.10811977
AT2G25880,0.016284399
AT2G25890,0.016687585
AT2G25900,-0.14468738
AT2G25905,0.0
AT2G25910,0.13600577
AT2G25920,-0.30434212
AT2G25930,-0.006047507
AT2G25940,0.40867957
AT2G25950,-0.15743014
AT2G25964,-0.22539654
AT2G25970,0.12687439
AT2G25980,-0.005246192
AT2G25990,0.0
AT2G26000,-0.11683542
AT2G26010,-1.1898675
AT2G26020,-0.86679727
AT2G26030,-0.07783768
AT2G26040,-0.30056453
AT2G26050,-3.911016e-05
AT2G26060,0.08808636
AT2G26070,-0.15278275
AT2G26080,-0.32108524
AT2G26100,-0.07390395
AT2G26110,-0.32479417
AT2G26120,-0.046596054
AT2G26130,0.0
AT2G26135,0.0021926851
AT2G26140,0.08835696
AT2G26150,1.8366047
AT2G26160,-0.00035739638
AT2G26170,0.37577993
AT2G26180,-0.28058442
AT2G26190,0.25328562
AT2G26200,-0.024401532
AT2G26210,-0.0007597901
AT2G26230,0.14519256
AT2G26240,0.27523857
AT2G26250,-0.21974258
AT2G26260,-0.012395174
AT2G26270,-0.17559488
AT2G26280,-0.10499037
AT2G26290,1.3115835
AT2G26300,0.080333225
AT2G26310,0.47058615
AT2G26320,0.0
AT2G26330,-0.5431531
AT2G26350,0.05846705
AT2G26360,-0.21811013
AT2G26370,0.0022679267
AT2G26380,0.0021694964
AT2G26390,0.41254553
AT2G26400,0.72980225
AT2G26410,-0.029755523
AT2G26420,-0.0032421623
AT2G26430,-0.0716488
AT2G26440,0.46645322
AT2G26450,0.017754301
AT2G26460,-0.10852059
AT2G26470,-0.13102582
AT2G26480,-0.12912363
AT2G26490,-0.000100221114
AT2G26500,-0.2772497
AT2G26510,-0.036953434
AT2G26515,-0.11541557
AT2G26520,0.005727184
AT2G26530,0.7686739
AT2G26540,-0.21972354
AT2G26550,-0.27200678
AT2G26560,1.5916201
AT2G26570,-0.015475553
AT2G26580,-0.5331912
AT2G26590,0.12779945
AT2G26600,0.1717456
AT2G26610,0.03105005
AT2G26620,0.0
AT2G26640,-0.15709777
AT2G26650,-0.0011859641
AT2G26660,0.13121763
AT2G26670,0.1621784
AT2G26680,0.009376719
AT2G26690,0.16436931
AT2G26695,-1.1240904
AT2G26700,-0.15410316
AT2G26710,-0.69301283
AT2G26720,0.01782959
AT2G26730,-0.34329474
AT2G26740,0.3606651
AT2G26750,0.0713539
AT2G26760,-0.32165623
AT2G26770,-0.025263969
AT2G26780,0.16761288
AT2G26790,-0.057720494
AT2G26800,0.18296055
AT2G26810,-0.04325135
AT2G26820,-0.010849805
AT2G26830,0.20791014
AT2G26840,-0.3392728
AT2G26850,0.004593788
AT2G26860,-0.14959612
AT2G26865,0.0
AT2G26870,-0.59589225
AT2G26880,0.0
AT2G26890,0.10268667
AT2G26900,-0.30629072
AT2G26910,-0.42430523
AT2G26920,0.23899572
AT2G26930,-0.33836758
AT2G26940,0.016431542
AT2G26950,0.0
AT2G26960,0.033507526
AT2G26970,0.044755932
AT2G26975,-0.17534818
AT2G26980,0.5867312
AT2G26990,0.05381129
AT2G27000,0.058237657
AT2G27010,0.009838067
AT2G27020,0.21021785
AT2G27030,-0.14209145
AT2G27035,-0.16168733
AT2G27040,-0.61055285
AT2G27050,-0.35356772
AT2G27060,-0.57053816
AT2G27070,0.0
AT2G27080,0.9070606
AT2G27090,0.048578363
AT2G27100,0.061094537
AT2G27110,-0.12323086
AT2G27120,0.039864242
AT2G27130,-0.005551141
AT2G27140,-0.20802422
AT2G27145,0.0
AT2G27150,0.48813137
AT2G27160,0.0
AT2G27170,-0.165733
AT2G27180,0.06330583
AT2G27190,-0.063379124
AT2G27200,0.3800884
AT2G27210,0.16842416
AT2G27220,-0.052898206
AT2G27229,0.009860348
AT2G27230,-0.28028986
AT2G27240,-0.0030036995
AT2G27250,0.0024087662
AT2G27260,0.16353592
AT2G27270,-0.01143664
AT2G27280,0.044071607
AT2G27290,-0.105748214
AT2G27300,-0.09819043
AT2G27310,0.71226895
AT2G27313,0.005069749
AT2G27315,0.0
AT2G27320,0.0004960694
AT2G27330,0.17958128
AT2G27340,-0.23201133
AT2G27350,0.05337669
AT2G27360,-0.15326172
AT2G27370,-0.008594996
AT2G27380,0.0
AT2G27385,-0.4488118
AT2G27389,2.124778
AT2G27390,0.034189414
AT2G27402,-0.39191803
AT2G27410,0.0057315333
AT2G27420,-0.1331312
AT2G27430,0.60879856
AT2G27450,-0.11471677
AT2G27460,-0.14798816
AT2G27470,-0.2999097
AT2G27480,0.1825428
AT2G27490,0.10809802
AT2G27500,0.7258612
AT2G27505,0.05242987
AT2G27507,8.036768e-05
AT2G27510,0.83485365
AT2G27520,0.000535082
AT2G27530,0.053679187
AT2G27535,0.0025269818
AT2G27540,0.0
AT2G27550,0.022548683
AT2G27570,0.0024900776
AT2G27580,0.39088127
AT2G27590,-0.07195941
AT2G27600,0.19133316
AT2G27610,-0.16875689
AT2G27630,0.022847904
AT2G27650,-0.038186975
AT2G27660,0.6641499
AT2G27670,0.0
AT2G27680,-0.34573632
AT2G27690,0.77696234
AT2G27700,0.0012809169
AT2G27710,0.32741794
AT2G27720,0.23436323
AT2G27730,0.29373935
AT2G27740,-0.15780286
AT2G27750,0.00014290567
AT2G27760,-0.13070658
AT2G27770,-0.75192857
AT2G27775,0.043038428
AT2G27780,-0.013175285
AT2G27790,-0.1036191
AT2G27800,-0.45483404
AT2G27810,-0.43219253
AT2G27820,0.34416714
AT2G27830,0.32469755
AT2G27840,0.027889911
AT2G27860,0.014251502
AT2G27880,-0.05514186
AT2G27890,0.0
AT2G27920,-0.34546673
AT2G27930,-0.05291388
AT2G27940,0.0005569795
AT2G27950,-0.08363171
AT2G27960,0.05099537
AT2G27970,0.016157579
AT2G27980,-0.15217093
AT2G27990,0.06156254
AT2G28000,-0.21867903
AT2G28010,0.0002906004
AT2G28020,0.0
AT2G28030,0.0
AT2G28040,0.073498346
AT2G28050,-0.17829008
AT2G28060,0.05637116
AT2G28070,-0.3184345
AT2G28080,0.09385643
AT2G28085,0.16441989
AT2G28090,0.0016751309
AT2G28100,-0.30173007
AT2G28105,-0.026069904
AT2G28110,0.9424991
AT2G28120,0.6921512
AT2G28130,0.5070102
AT2G28140,-0.23043756
AT2G28150,-0.5508275
AT2G28160,0.15536152
AT2G28170,0.0
AT2G28180,0.0012797693
AT2G28190,-0.09066954
AT2G28200,0.021104118
AT2G28210,2.16369
AT2G28220,-0.0027373335
AT2G28225,0.0
AT2G28230,-0.23915042
AT2G28240,-0.103112
AT2G28250,-0.30600813
AT2G28260,-0.46045956
AT2G28270,0.0
AT2G28290,-0.014163892
AT2G28305,0.26140803
AT2G28310,-0.524239
AT2G28315,0.23635739
AT2G28320,0.31938648
AT2G28330,0.0836776
AT2G28340,-0.00028553055
AT2G28350,-0.21121572
AT2G28355,0.0
AT2G28360,0.0051433635
AT2G28370,0.27026516
AT2G28380,-0.13829954
AT2G28390,0.0069938693
AT2G28400,0.8997584
AT2G28405,0.0
AT2G28410,-0.5609791
AT2G28420,-0.16178143
AT2G28426,2.6633892e-05
AT2G28430,0.19051987
AT2G28440,-0.088164434
AT2G28450,-0.19081444
AT2G28460,-0.23107208
AT2G28470,-0.84999883
AT2G28480,-0.020620244
AT2G28490,0.0013137647
AT2G28500,0.44278815
AT2G28510,-0.20165095
AT2G28520,0.024600605
AT2G28540,-0.051200904
AT2G28550,-0.5607583
AT2G28560,-0.1117809
AT2G28570,0.24945556
AT2G28580,-0.3041006
AT2G28590,-0.19404525
AT2G28600,-0.00788525
AT2G28605,-0.43459263
AT2G28610,-6.590436e-06
AT2G28620,-0.19822273
AT2G28625,0.0
AT2G28630,0.28971824
AT2G28640,0.00082041806
AT2G28650,0.41435784
AT2G28660,0.12694797
AT2G28670,-0.2443586
AT2G28671,-0.3388422
AT2G28680,0.1252531
AT2G28690,0.026539274
AT2G28700,0.061928626
AT2G28710,0.9353945
AT2G28720,-0.25297102
AT2G28725,-0.00043661738
AT2G28755,-0.10028187
AT2G28760,0.33013934
AT2G28780,-0.037253093
AT2G28790,-0.295633
AT2G28800,-0.1741994
AT2G28810,-0.17414302
AT2G28815,0.11186443
AT2G28830,-0.008256825
AT2G28840,-0.00914684
AT2G28850,-0.00029468368
AT2G28860,-0.0042170836
AT2G28870,-0.16598526
AT2G28880,-0.026095152
AT2G28890,0.40549502
AT2G28900,-0.2695829
AT2G28910,0.011443412
AT2G28920,0.041523494
AT2G28930,-0.0034261157
AT2G28940,0.05515573
AT2G28950,-1.1260164
AT2G28960,-0.03619844
AT2G28970,0.0034266578
AT2G28990,0.0013699487
AT2G29000,0.0
AT2G29020,0.090860695
AT2G29040,-0.013575921
AT2G29045,0.0
AT2G29050,-0.20734212
AT2G29060,0.03834835
AT2G29065,0.37207466
AT2G29070,0.028005967
AT2G29080,-0.009730839
AT2G29090,-0.5068466
AT2G29100,0.27967766
AT2G29110,0.79368323
AT2G29120,0.042408146
AT2G29125,-0.17205709
AT2G29130,-0.14421482
AT2G29140,0.013726158
AT2G29150,0.71352756
AT2G29170,-0.5902381
AT2G29180,-0.5046857
AT2G29190,-0.06114533
AT2G29200,0.14922978
AT2G29210,-0.07981077
AT2G29220,0.023802029
AT2G29250,0.025919812
AT2G29260,0.110871494
AT2G29263,-0.0006873581
AT2G29290,-0.9559883
AT2G29300,-0.4953665
AT2G29310,-0.678455
AT2G29320,-0.52774036
AT2G29330,0.013618621
AT2G29340,-0.30231562
AT2G29350,3.391863
AT2G29360,-0.56949604
AT2G29370,-0.10608469
AT2G29380,0.06890111
AT2G29390,-0.05147343
AT2G29400,0.12833536
AT2G29410,0.14693132
AT2G29420,0.77203274
AT2G29430,0.7616203
AT2G29440,0.64248383
AT2G29450,0.6677085
AT2G29452,0.0010061885
AT2G29460,2.6315117
AT2G29470,4.316151
AT2G29480,1.1186074
AT2G29485,0.00043230632
AT2G29490,1.7049928
AT2G29500,1.6054205
AT2G29510,-0.42983866
AT2G29525,-0.1387182
AT2G29530,-0.05774594
AT2G29540,-0.16177051
AT2G29550,-0.43684906
AT2G29560,0.010880518
AT2G29570,-0.08261765
AT2G29580,-0.20394759
AT2G29590,0.18857406
AT2G29600,0.0
AT2G29605,0.0
AT2G29610,0.0
AT2G29620,0.18778408
AT2G29628,-4.0330735e-05
AT2G29630,-0.3812046
AT2G29640,0.036553692
AT2G29650,-0.16881597
AT2G29654,0.0
AT2G29660,-0.43489727
AT2G29670,-0.8093447
AT2G29679,0.0
AT2G29680,-0.32248408
AT2G29690,-0.17200522
AT2G29700,0.29164368
AT2G29710,-0.18461974
AT2G29720,0.40499777
AT2G29730,-0.2680539
AT2G29735,0.0
AT2G29740,-0.09854285
AT2G29750,0.053699274
AT2G29760,0.13484779
AT2G29770,-0.00036896742
AT2G29780,0.0
AT2G29790,0.0
AT2G29800,0.0
AT2G29810,0.0
AT2G29820,0.0
AT2G29830,0.0
AT2G29840,0.0
AT2G29850,0.0
AT2G29860,0.0
AT2G29870,-0.000942377
AT2G29880,0.0
AT2G29890,-0.40466255
AT2G29900,0.037588973
AT2G29910,-0.07785855
AT2G29920,-0.0009693942
AT2G29925,0.0
AT2G29930,0.0622188
AT2G29940,1.6965549
AT2G29950,0.30920684
AT2G29960,-0.0908047
AT2G29970,-0.1729349
AT2G29980,-0.6748367
AT2G29990,0.48871264
AT2G29995,0.6820814
AT2G30000,0.015303995
AT2G30010,0.20040525
AT2G30020,0.51531065
AT2G30040,1.0111828
AT2G30050,0.18129882
AT2G30060,-0.009942013
AT2G30070,-0.4861764
AT2G30080,0.054175436
AT2G30090,0.0023095817
AT2G30100,-0.46402273
AT2G30105,0.0043820185
AT2G30110,0.2748775
AT2G30120,0.014572617
AT2G30130,0.065444455
AT2G30140,1.692372
AT2G30150,-0.17361224
AT2G30160,0.026575213
AT2G30170,-0.36990178
AT2G30200,0.06314996
AT2G30210,-0.030579826
AT2G30220,0.0010709917
AT2G30230,-0.33362028
AT2G30240,0.035430193
AT2G30250,0.5280189
AT2G30260,0.035420503
AT2G30270,0.4334366
AT2G30280,-0.25385082
AT2G30290,0.07319242
AT2G30300,0.014212081
AT2G30310,-0.02710213
AT2G30320,-0.11105899
AT2G30330,-0.012817364
AT2G30340,0.054856043
AT2G30350,-0.23428355
AT2G30360,1.388981
AT2G30370,0.015259703
AT2G30380,-0.0014521896
AT2G30385,0.0
AT2G30390,-0.4370435
AT2G30395,0.9094052
AT2G30400,0.24534498
AT2G30410,-0.23126362
AT2G30420,-0.23909062
AT2G30424,-0.5811453
AT2G30430,0.0
AT2G30432,-0.045489058
AT2G30440,0.17423637
AT2G30460,-0.3692473
AT2G30470,-0.0351489
AT2G30480,-0.091600366
AT2G30490,0.96201754
AT2G30500,0.31470042
AT2G30505,-0.11646557
AT2G30520,-0.14304759
AT2G30530,0.1180793
AT2G30540,-0.32940447
AT2G30550,1.011956
AT2G30560,0.0044277296
AT2G30570,-0.34155434
AT2G30575,-0.25989395
AT2G30580,0.19421504
AT2G30590,0.0067600124
AT2G30600,-0.037067134
AT2G30615,-0.0034581004
AT2G30620,-0.06778162
AT2G30630,0.0003297025
AT2G30650,0.000411243
AT2G30660,0.71881485
AT2G30670,-0.003770291
AT2G30680,0.0
AT2G30690,0.0002912884
AT2G30695,-0.36399674
AT2G30700,0.00027903903
AT2G30710,-0.047633838
AT2G30720,0.84201294
AT2G30730,0.044977367
AT2G30740,-0.021175079
AT2G30750,3.4351976
AT2G30760,0.0054617263
AT2G30766,-0.29903397
AT2G30770,4.0535893
AT2G30780,0.09051868
AT2G30790,-0.4422956
AT2G30800,-0.11071162
AT2G30810,0.0
AT2G30820,-0.33277065
AT2G30830,0.8028043
AT2G30840,1.1754589
AT2G30860,0.4837513
AT2G30870,0.46734956
AT2G30880,0.06191795
AT2G30890,-0.5297685
AT2G30900,-0.0052977996
AT2G30910,-0.06971234
AT2G30920,-0.1325849
AT2G30925,0.0
AT2G30930,0.14045596
AT2G30933,-0.114607304
AT2G30940,-0.012808386
AT2G30942,-0.015696436
AT2G30950,-0.09748145
AT2G30960,-0.5082238
AT2G30970,0.33982062
AT2G30980,-0.17383571
AT2G30985,-0.00047572755
AT2G30990,0.26635706
AT2G31005,0.0
AT2G31010,-0.0026503478
AT2G31018,0.0
AT2G31020,0.98321074
AT2G31030,-0.00039212868
AT2G31035,0.0
AT2G31040,-0.3424083
AT2G31050,0.0015825492
AT2G31060,0.33682203
AT2G31070,-0.38521665
AT2G31081,0.0
AT2G31082,0.0
AT2G31083,0.27199963
AT2G31085,-0.019486932
AT2G31090,0.6492468
AT2G31100,-0.0019066695
AT2G31110,-0.43358135
AT2G31130,-0.013646284
AT2G31140,-0.068423
AT2G31141,-0.009193586
AT2G31150,-0.41394326
AT2G31160,0.2679583
AT2G31170,-0.1449002
AT2G31180,0.647806
AT2G31190,-0.21277444
AT2G31200,0.43976644
AT2G31210,0.03134981
AT2G31215,0.0
AT2G31220,-0.085926585
AT2G31230,-0.19766489
AT2G31240,0.05508562
AT2G31250,0.069586694
AT2G31260,0.4402109
AT2G31265,0.0
AT2G31270,0.020433675
AT2G31280,-0.0054028016
AT2G31290,-0.3027844
AT2G31300,0.04223731
AT2G31305,0.24605376
AT2G31310,0.0
AT2G31320,-0.3279805
AT2G31335,-0.17767306
AT2G31340,-0.16398291
AT2G31345,0.17792785
AT2G31350,0.13425905
AT2G31360,-0.023129167
AT2G31370,-0.073876
AT2G31380,-0.06769202
AT2G31390,0.92422444
AT2G31400,0.20942552
AT2G31410,0.08151835
AT2G31420,0.13365602
AT2G31425,0.15138258
AT2G31430,6.7847344e-05
AT2G31432,0.00015420887
AT2G31440,-0.15276067
AT2G31450,-0.1694056
AT2G31460,6.12731e-05
AT2G31470,0.0
AT2G31480,0.001576295
AT2G31490,0.1294192
AT2G31500,-0.009329507
AT2G31510,-0.097532265
AT2G31530,-0.12141625
AT2G31540,0.016955135
AT2G31550,0.027812738
AT2G31560,0.5437203
AT2G31570,0.8346836
AT2G31580,-0.019451322
AT2G31590,0.048855927
AT2G31600,-0.12058158
AT2G31610,0.0017905565
AT2G31620,0.0005569795
AT2G31650,0.010784691
AT2G31660,-0.07352033
AT2G31670,-0.080186844
AT2G31680,0.19700918
AT2G31690,0.30491206
AT2G31700,0.0
AT2G31710,0.03547156
AT2G31720,0.0
AT2G31725,-0.16003516
AT2G31730,-0.10620707
AT2G31740,0.17547281
AT2G31750,0.08247295
AT2G31760,0.0
AT2G31770,0.0
AT2G31780,0.0009915144
AT2G31790,-0.88778436
AT2G31800,0.1073947
AT2G31810,0.049530514
AT2G31820,-0.008681947
AT2G31830,-0.13310198
AT2G31840,-0.27386764
AT2G31850,0.0016126877
AT2G31862,0.0030604056
AT2G31865,0.95783675
AT2G31870,-0.33335122
AT2G31880,0.6617306
AT2G31890,-0.18607096
AT2G31900,-0.50851184
AT2G31910,-0.2227329
AT2G31920,-0.045495104
AT2G31930,0.0001365058
AT2G31940,0.24473341
AT2G31945,1.7316589
AT2G31953,0.00014290567
AT2G31955,0.42483062
AT2G31957,0.030997211
AT2G31960,-0.05169238
AT2G31970,-0.20579758
AT2G31980,0.3741469
AT2G31981,0.0
AT2G31985,0.0009319524
AT2G31990,0.3830636
AT2G32000,-0.19038154
AT2G32010,-0.822695
AT2G32020,0.3475536
AT2G32030,0.4257001
AT2G32040,-0.051230278
AT2G32050,0.251194
AT2G32060,0.31863245
AT2G32070,-0.027717317
AT2G32080,-0.10904006
AT2G32090,-0.10670739
AT2G32100,-0.7720336
AT2G32120,0.14949971
AT2G32130,0.5492383
AT2G32140,1.106032
AT2G32150,0.28195077
AT2G32160,-0.0010692498
AT2G32170,-0.11337591
AT2G32180,-0.19809482
AT2G32190,3.0953712
AT2G32200,0.67111665
AT2G32210,2.3697636
AT2G32220,0.25756013
AT2G32230,-0.1576118
AT2G32235,0.162336
AT2G32240,0.27443442
AT2G32250,0.44500682
AT2G32260,-0.06300518
AT2G32270,0.018892502
AT2G32275,0.0
AT2G32280,-0.22699116
AT2G32290,-0.42214096
AT2G32295,-0.07748938
AT2G32300,-0.015646245
AT2G32310,0.0
AT2G32320,0.010286197
AT2G32340,-0.29482946
AT2G32350,0.0
AT2G32360,0.0
AT2G32370,0.0
AT2G32380,0.26530334
AT2G32390,-0.24053408
AT2G32400,-0.12067161
AT2G32410,-0.2502524
AT2G32415,-0.24324916
AT2G32430,-0.39878386
AT2G32440,-0.45790565
AT2G32450,-0.24185844
AT2G32460,0.946266
AT2G32470,0.03418244
AT2G32480,-0.10456159
AT2G32487,-0.21198367
AT2G32500,-0.5841646
AT2G32510,0.32416764
AT2G32520,0.27905837
AT2G32530,-0.4349173
AT2G32540,-0.17794724
AT2G32550,-0.13719714
AT2G32560,-0.8082227
AT2G32580,-0.28847355
AT2G32590,-0.09510094
AT2G32600,0.057950314
AT2G32610,0.06088578
AT2G32620,-0.0015083861
AT2G32630,-0.1457793
AT2G32640,-0.53000337
AT2G32645,0.0489337
AT2G32650,-0.1169597
AT2G32660,2.1144586
AT2G32670,0.6491288
AT2G32680,0.41206056
AT2G32690,-0.19930783
AT2G32700,0.06719975
AT2G32710,-0.23368889
AT2G32720,-0.274205
AT2G32730,0.04622633
AT2G32740,-0.029119229
AT2G32750,-0.085316524
AT2G32760,-0.009495187
AT2G32765,-0.06588683
AT2G32770,-0.12977162
AT2G32780,0.0036047667
AT2G32785,0.0
AT2G32788,0.0
AT2G32790,0.0034704611
AT2G32800,0.4617164
AT2G32810,-0.07929844
AT2G32820,-0.026750222
AT2G32830,0.048310444
AT2G32835,0.0
AT2G32840,-0.037493195
AT2G32850,0.22326043
AT2G32860,-0.35007232
AT2G32870,-0.45698985
AT2G32880,-0.3329356
AT2G32885,0.06516515
AT2G32890,0.047367863
AT2G32900,0.068682574
AT2G32905,0.02204993
AT2G32910,-0.025165724
AT2G32920,0.12506211
AT2G32930,0.17051041
AT2G32940,-0.17251424
AT2G32950,-0.21798174
AT2G32960,0.6704205
AT2G32970,-0.31207356
AT2G32980,-0.042328488
AT2G32990,-0.7491206
AT2G33000,0.026013182
AT2G33010,0.0001782382
AT2G33020,0.26660955
AT2G33030,0.00024342447
AT2G33040,0.218463
AT2G33050,-0.6433569
AT2G33060,-0.07262903
AT2G33070,0.004309133
AT2G33080,0.6340339
AT2G33090,6.7847344e-05
AT2G33100,0.69471514
AT2G33110,0.4199013
AT2G33120,0.6498728
AT2G33130,0.36698526
AT2G33150,0.92834496
AT2G33160,2.470548
AT2G33170,0.37871987
AT2G33175,0.2848905
AT2G33180,-0.15023445
AT2G33190,0.0181794
AT2G33200,-0.00046448296
AT2G33205,0.091198266
AT2G33210,0.065818764
AT2G33220,0.06003509
AT2G33230,0.0017198599
AT2G33233,0.0
AT2G33240,-0.06154777
AT2G33255,-0.28643635
AT2G33260,0.0015764973
AT2G33270,0.0020344064
AT2G33280,-0.24236895
AT2G33290,-0.25254634
AT2G33300,0.0008424775
AT2G33310,-0.3572163
AT2G33320,0.077866755
AT2G33330,-0.7797295
AT2G33340,0.081732765
AT2G33350,-0.013707811
AT2G33360,-0.15496266
AT2G33380,1.5653194
AT2G33385,1.0332394
AT2G33390,-0.017573575
AT2G33400,-0.37556094
AT2G33410,0.23031227
AT2G33420,0.0050247563
AT2G33430,0.0
AT2G33435,-0.16632171
AT2G33450,-0.15514706
AT2G33460,0.06757086
AT2G33470,0.29126948
AT2G33480,-0.00016515626
AT2G33490,0.24001661
AT2G33500,-0.30477804
AT2G33510,-0.100118354
AT2G33520,0.00086711935
AT2G33530,-0.18596257
AT2G33540,-0.37479162
AT2G33550,-0.31084648
AT2G33560,-0.18303937
AT2G33570,-0.64806
AT2G33580,0.58777076
AT2G33585,0.27375215
AT2G33590,0.72647446
AT2G33600,0.037452847
AT2G33610,0.029486671
AT2G33620,0.12102941
AT2G33630,0.13346392
AT2G33640,-0.12998989
AT2G33655,0.0
AT2G33670,0.0020774652
AT2G33680,-0.155208
AT2G33685,0.0
AT2G33690,0.0021808231
AT2G33700,0.46062785
AT2G33705,0.0
AT2G33710,1.1746638
AT2G33720,0.025324682
AT2G33730,0.08707671
AT2G33735,-0.21675026
AT2G33740,-0.005968879
AT2G33750,0.035416503
AT2G33760,-0.091593325
AT2G33770,-0.1847222
AT2G33775,-0.04953543
AT2G33780,0.09555444
AT2G33790,-0.02150783
AT2G33793,0.0716113
AT2G33796,0.0
AT2G33800,-0.4816527
AT2G33810,-0.33406755
AT2G33820,-0.2824918
AT2G33830,0.09728407
AT2G33835,-0.044733886
AT2G33840,-0.10240366
AT2G33845,0.2585906
AT2G33847,0.033952978
AT2G33850,0.8163625
AT2G33855,-0.2956051
AT2G33860,-0.46553895
AT2G33870,0.0
AT2G33880,-0.003146605
AT2G33980,-0.059141167
AT2G33990,-0.049427543
AT2G34000,0.19818297
AT2G34010,-0.503444
AT2G34020,-0.017356811
AT2G34030,0.02541123
AT2G34040,-0.05728464
AT2G34050,-0.15200037
AT2G34060,-0.57288045
AT2G34070,0.33614412
AT2G34080,0.52281463
AT2G34090,-0.074584536
AT2G34100,0.0
AT2G34110,0.0
AT2G34120,0.0
AT2G34123,0.0
AT2G34135,0.0
AT2G34140,0.64801943
AT2G34150,-0.42302933
AT2G34160,0.26464528
AT2G34170,-0.551539
AT2G34180,1.3763791
AT2G34185,-0.014444326
AT2G34186,0.0
AT2G34190,-0.14362995
AT2G34200,-0.19895454
AT2G34210,-0.0011359418
AT2G34220,-0.21945973
AT2G34224,-0.028008092
AT2G34230,-0.02509505
AT2G34238,0.023441933
AT2G34240,-0.07072167
AT2G34250,0.42956227
AT2G34260,0.076606914
AT2G34270,0.00069911504
AT2G34280,0.015775029
AT2G34290,0.0
AT2G34300,-0.36682692
AT2G34310,-0.3049689
AT2G34317,0.0
AT2G34320,0.0
AT2G34325,-0.00034474206
AT2G34330,0.0005569795
AT2G34340,0.020128805
AT2G34350,0.013489344
AT2G34355,0.6580618
AT2G34357,0.06640141
AT2G34360,0.28562126
AT2G34370,-0.014967701
AT2G34380,-0.15032682
AT2G34390,-0.031674642
AT2G34400,-0.09177484
AT2G34410,-0.026856683
AT2G34420,-0.37080833
AT2G34430,-0.42246506
AT2G34440,0.007304947
AT2G34450,-0.16031526
AT2G34460,-0.18492132
AT2G34470,-0.11208592
AT2G34480,0.11209502
AT2G34490,-0.6040706
AT2G34500,3.5070071
AT2G34510,-0.5130179
AT2G34520,0.26820004
AT2G34530,-0.22174922
AT2G34540,-0.08267444
AT2G34555,-0.012014542
AT2G34560,-0.41378933
AT2G34570,-0.12632555
AT2G34580,0.030419456
AT2G34590,-0.07939632
AT2G34600,0.6382008
AT2G34610,0.5303606
AT2G34620,-0.8041857
AT2G34630,0.27575505
AT2G34640,-0.30950886
AT2G34650,0.0036382666
AT2G34655,-0.19474033
AT2G34660,0.05826875
AT2G34670,-0.060914796
AT2G34680,-0.5681603
AT2G34690,-0.041551545
AT2G34700,-0.00043661738
AT2G34710,-0.34346038
AT2G34720,-0.15791075
AT2G34730,0.119444296
AT2G34740,0.0
AT2G34750,-0.04289636
AT2G34770,-0.028882584
AT2G34780,-0.100793906
AT2G34790,0.30583417
AT2G34810,0.7159792
AT2G34820,-0.014158131
AT2G34825,0.0
AT2G34830,0.04139113
AT2G34840,-0.053548563
AT2G34850,-0.3158221
AT2G34860,-0.3116558
AT2G34870,9.5455034e-05
AT2G34880,0.011202505
AT2G34890,0.0
AT2G34900,-0.054309305
AT2G34910,-0.013180348
AT2G34920,-0.4684238
AT2G34925,-0.2525887
AT2G34930,-0.29307023
AT2G34940,0.5674218
AT2G34960,-0.63762903
AT2G34970,-0.03275422
AT2G34980,-0.082060486
AT2G34990,0.0070674527
AT2G35000,0.04721348
AT2G35010,0.046893727
AT2G35020,0.09488537
AT2G35030,-0.0879571
AT2G35035,-0.059738763
AT2G35040,-0.00081458606
AT2G35050,-0.08986936
AT2G35060,-0.02824483
AT2G35065,0.0
AT2G35075,-0.004402705
AT2G35080,4.3429653e-05
AT2G35090,0.0005073407
AT2G35100,0.032233503
AT2G35110,-0.10974044
AT2G35120,-0.11907219
AT2G35130,-0.6339287
AT2G35140,-0.2863119
AT2G35150,-0.12919837
AT2G35155,-0.3724891
AT2G35160,-0.21210527
AT2G35170,-0.100247614
AT2G35190,-0.06342801
AT2G35200,-0.0076955734
AT2G35210,-0.118784145
AT2G35215,0.02294435
AT2G35230,0.032921825
AT2G35240,0.12843852
AT2G35250,0.0
AT2G35260,-0.33062822
AT2G35270,-0.006897261
AT2G35280,-0.00018371837
AT2G35290,0.25589174
AT2G35300,0.30688652
AT2G35310,-0.029430153
AT2G35320,-0.07717401
AT2G35330,-0.12244361
AT2G35340,-0.37758085
AT2G35343,-0.006108549
AT2G35345,-0.17165643
AT2G35350,-0.3002177
AT2G35360,0.16967702
AT2G35370,-0.676994
AT2G35380,0.05072586
AT2G35390,0.3102773
AT2G35410,-0.10615394
AT2G35420,0.008388708
AT2G35430,-0.13086721
AT2G35440,0.0
AT2G35460,4.0527742e-05
AT2G35470,-0.21183832
AT2G35480,0.32620284
AT2G35490,0.003564141
AT2G35500,-0.33381048
AT2G35510,0.10374179
AT2G35520,0.1760482
AT2G35530,0.081106044
AT2G35540,-0.09971013
AT2G35550,-0.060762912
AT2G35555,-0.040411692
AT2G35580,0.12315709
AT2G35585,-0.11177601
AT2G35600,-0.23962113
AT2G35605,-0.052110128
AT2G35610,0.14868006
AT2G35612,0.0029436743
AT2G35615,0.0005569795
AT2G35620,-0.5876563
AT2G35630,0.0056100585
AT2G35635,0.113904975
AT2G35640,0.005525829
AT2G35650,-0.21297939
AT2G35658,0.59719807
AT2G35660,-0.45682245
AT2G35670,0.004240306
AT2G35680,-0.021643978
AT2G35690,0.15047267
AT2G35700,-0.5366777
AT2G35710,0.95543957
AT2G35720,0.24954075
AT2G35730,2.1743162
AT2G35733,0.046917852
AT2G35736,0.22703972
AT2G35740,0.026404304
AT2G35750,-0.1294252
AT2G35760,-0.53172386
AT2G35765,0.00056777254
AT2G35770,0.011132092
AT2G35780,-0.19984941
AT2G35790,0.23941082
AT2G35795,0.09589048
AT2G35800,-0.17184769
AT2G35810,0.12925687
AT2G35820,0.08985016
AT2G35830,-0.40708047
AT2G35840,-0.17125537
AT2G35850,-0.020265607
AT2G35860,-0.74338615
AT2G35880,-0.38707975
AT2G35890,0.00048131807
AT2G35900,0.10840161
AT2G35910,0.2139997
AT2G35920,-0.07575848
AT2G35930,0.49690112
AT2G35935,0.006140314
AT2G35940,0.12170462
AT2G35950,-0.042945597
AT2G35960,-0.7379819
AT2G35965,0.07177654
AT2G35970,0.23267223
AT2G35980,2.7128298
AT2G35990,0.015521873
AT2G36000,-0.27998987
AT2G36010,-0.108168535
AT2G36020,1.0251247
AT2G36026,-0.24143781
AT2G36030,0.04689304
AT2G36050,-0.5082233
AT2G36060,-0.007989956
AT2G36070,0.017379556
AT2G36080,0.45292398
AT2G36090,0.14375725
AT2G36100,-0.016679175
AT2G36110,-0.017799182
AT2G36120,-0.02476086
AT2G36130,-0.07548602
AT2G36145,-0.83409756
AT2G36160,0.06264044
AT2G36170,0.1223911
AT2G36180,0.0
AT2G36190,0.0001421356
AT2G36200,-0.23125353
AT2G36210,0.012245953
AT2G36220,0.47074366
AT2G36230,-0.52679676
AT2G36240,-0.19850673
AT2G36250,-0.28701204
AT2G36255,0.0
AT2G36260,0.002688122
AT2G36270,0.32808036
AT2G36290,0.08750116
AT2G36295,-0.0010047393
AT2G36300,0.32057837
AT2G36305,0.20237593
AT2G36307,0.0
AT2G36310,0.4296453
AT2G36320,0.09885439
AT2G36325,-0.020125844
AT2G36330,0.20755526
AT2G36340,-0.35050005
AT2G36350,-0.015402379
AT2G36355,0.123142645
AT2G36360,0.15509744
AT2G36370,-0.1536754
AT2G36380,0.31235665
AT2G36390,-0.25224525
AT2G36400,-0.51929647
AT2G36410,-0.15227437
AT2G36420,-0.34193686
AT2G36430,-0.5039823
AT2G36440,0.067455955
AT2G36450,-0.00055448915
AT2G36460,0.18809208
AT2G36470,-0.12493031
AT2G36480,0.082087375
AT2G36490,-0.5039289
AT2G36500,0.004169444
AT2G36530,0.45885742
AT2G36540,-0.10018598
AT2G36550,0.00015543403
AT2G36560,0.0
AT2G36570,-0.9222092
AT2G36580,0.5738481
AT2G36590,1.1205705
AT2G36610,-0.002878282
AT2G36620,-0.025161171
AT2G36630,0.6712196
AT2G36640,-0.09748629
AT2G36650,0.0504932
AT2G36660,0.010489284
AT2G36670,0.2449248
AT2G36680,0.14514798
AT2G36690,-0.74240863
AT2G36695,0.024536252
AT2G36700,0.0
AT2G36710,0.001653402
AT2G36720,-0.19584668
AT2G36724,0.0
AT2G36730,-0.24612023
AT2G36740,-0.20616542
AT2G36750,0.109743185
AT2G36760,0.02211603
AT2G36770,1.5427679
AT2G36780,2.742281
AT2G36790,0.24680498
AT2G36800,1.1725181
AT2G36810,-0.03575385
AT2G36815,-0.026727812
AT2G36830,0.74268085
AT2G36835,0.20491971
AT2G36840,-0.027282173
AT2G36850,0.17802878
AT2G36854,0.0
AT2G36870,-0.8080949
AT2G36880,0.496381
AT2G36885,0.02989432
AT2G36890,0.10599303
AT2G36895,0.034136873
AT2G36900,0.06494034
AT2G36910,-0.15058888
AT2G36920,0.0070656464
AT2G36930,0.0024416659
AT2G36950,0.8064429
AT2G36960,0.16876894
AT2G36970,-0.68451387
AT2G36980,-0.09469489
AT2G36985,-0.006926273
AT2G36990,-0.3514975
AT2G37000,-0.019805683
AT2G37010,0.0
AT2G37020,0.047706224
AT2G37025,-0.43015495
AT2G37030,-0.020700576
AT2G37035,-0.033345614
AT2G37040,1.0471808
AT2G37050,-0.38166025
AT2G37060,0.4919996
AT2G37070,0.029741665
AT2G37080,-0.5141983
AT2G37090,-0.10591542
AT2G37100,0.022288702
AT2G37110,0.8697671
AT2G37120,-0.03641059
AT2G37125,0.016772365
AT2G37130,0.4501107
AT2G37140,-0.0747166
AT2G37150,0.33531415
AT2G37160,0.058466394
AT2G37170,0.18952513
AT2G37180,0.8228115
AT2G37190,-0.13440289
AT2G37195,-0.0877216
AT2G37200,-0.056963805
AT2G37210,-0.010945073
AT2G37220,-0.22655183
AT2G37230,-0.24019945
AT2G37240,-0.24043196
AT2G37250,0.596713
AT2G37260,-0.29625013
AT2G37270,0.14022848
AT2G37280,0.4621344
AT2G37290,0.087635726
AT2G37300,-0.10717422
AT2G37310,-0.20481667
AT2G37320,-0.15230359
AT2G37330,-0.2729655
AT2G37340,-0.12407789
AT2G37360,0.32422996
AT2G37370,-0.07017971
AT2G37380,-0.52348804
AT2G37390,0.051146638
AT2G37400,-0.04671794
AT2G37410,0.042390045
AT2G37420,-0.2959907
AT2G37430,0.99702007
AT2G37435,-0.008514147
AT2G37440,0.41693616
AT2G37450,-0.7110465
AT2G37460,-0.44380543
AT2G37470,0.32361844
AT2G37480,-0.034818217
AT2G37500,-0.29162845
AT2G37510,-0.08349341
AT2G37520,0.188326
AT2G37530,-0.17837094
AT2G37540,0.34964585
AT2G37550,0.057219967
AT2G37560,0.04953686
AT2G37570,-0.10039072
AT2G37580,0.4859671
AT2G37585,-0.2515891
AT2G37590,-0.19735469
AT2G37600,-0.069548555
AT2G37610,0.008118296
AT2G37620,-0.0089049395
AT2G37630,-0.18515606
AT2G37640,-0.54877454
AT2G37650,-0.18886065
AT2G37660,-0.36468804
AT2G37670,0.098072216
AT2G37678,-0.045729384
AT2G37680,0.15480645
AT2G37690,0.2530524
AT2G37700,0.006441841
AT2G37710,0.019107651
AT2G37720,-0.017705237
AT2G37730,0.0
AT2G37740,0.016528264
AT2G37750,1.9546036
AT2G37760,1.0519849
AT2G37770,2.5836654
AT2G37780,0.002236622
AT2G37790,-0.3728771
AT2G37800,0.0
AT2G37805,0.01828392
AT2G37810,0.0
AT2G37820,0.07974022
AT2G37840,-0.13325219
AT2G37860,-0.39654237
AT2G37870,0.6149413
AT2G37880,-0.076150805
AT2G37890,-0.0051762657
AT2G37900,-0.64891875
AT2G37910,-0.010591039
AT2G37925,-0.31053373
AT2G37930,-0.5161266
AT2G37940,0.54354703
AT2G37950,-1.0755273
AT2G37960,0.0041248784
AT2G37970,0.8771732
AT2G37975,0.30805448
AT2G37980,1.0950093
AT2G37990,-0.061919317
AT2G38000,0.15982118
AT2G38010,-0.46536574
AT2G38020,0.11765395
AT2G38025,0.027349323
AT2G38040,-0.19879818
AT2G38050,-0.17017722
AT2G38060,0.29889196
AT2G38070,-0.28963512
AT2G38080,0.15952487
AT2G38090,-0.6099991
AT2G38100,-0.008934342
AT2G38110,0.24903317
AT2G38120,-0.66211796
AT2G38130,0.19153303
AT2G38140,-0.13436311
AT2G38150,0.017687656
AT2G38152,0.04265647
AT2G38160,0.07980802
AT2G38170,0.30141443
AT2G38180,0.21299523
AT2G38185,-0.14657299
AT2G38195,-0.0021165675
AT2G38210,-0.13762051
AT2G38220,0.017129913
AT2G38230,-0.118025795
AT2G38240,3.2017674
AT2G38250,1.0438514
AT2G38255,0.08954371
AT2G38270,0.19397116
AT2G38280,-0.025158688
AT2G38290,0.54824066
AT2G38300,-0.3153637
AT2G38310,-0.38458517
AT2G38320,-0.05730729
AT2G38330,-0.23304014
AT2G38340,1.5809889
AT2G38350,0.0045893095
AT2G38360,1.0672982
AT2G38365,0.003506864
AT2G38370,-0.0005513885
AT2G38380,2.2321706
AT2G38390,0.023625119
AT2G38400,0.46132448
AT2G38410,0.16550969
AT2G38420,-0.042949855
AT2G38430,-0.20260367
AT2G38440,-0.092332795
AT2G38450,0.001937591
AT2G38460,-0.53297466
AT2G38465,0.15477446
AT2G38470,1.0588098
AT2G38480,-0.19926709
AT2G38490,1.5886412
AT2G38500,-0.11310294
AT2G38510,0.0
AT2G38530,0.4695741
AT2G38540,0.27837476
AT2G38550,0.04201154
AT2G38560,0.18127246
AT2G38570,-0.42793694
AT2G38580,0.11940494
AT2G38590,0.0020788335
AT2G38600,0.09752208
AT2G38610,0.15393944
AT2G38620,-0.008848992
AT2G38630,-0.141819
AT2G38640,0.41050217
AT2G38646,0.0001421356
AT2G38650,-0.1262915
AT2G38660,-0.040348884
AT2G38670,0.08626684
AT2G38680,-0.1694026
AT2G38690,0.16577812
AT2G38695,-0.08870069
AT2G38700,0.126059
AT2G38710,0.3478901
AT2G38720,0.109332964
AT2G38730,-0.0712456
AT2G38740,-0.10771564
AT2G38750,0.021743273
AT2G38760,-0.126702
AT2G38770,-0.063931294
AT2G38780,-0.40324172
AT2G38790,0.5538098
AT2G38800,-0.16975531
AT2G38810,0.14940275
AT2G38820,-0.008545071
AT2G38823,0.31703946
AT2G38830,0.33859956
AT2G38840,0.045183662
AT2G38860,1.7115403
AT2G38870,1.6247118
AT2G38880,0.029604573
AT2G38890,0.06145714
AT2G38900,0.0
AT2G38905,0.020029679
AT2G38910,0.0
AT2G38920,0.03922392
AT2G38940,0.60893136
AT2G38950,-0.011492322
AT2G38960,0.051810965
AT2G38970,-0.3034143
AT2G38995,-0.19889191
AT2G39000,-0.12939888
AT2G39010,-0.26775098
AT2G39020,0.08278497
AT2G39030,1.2685889
AT2G39040,-0.009876877
AT2G39050,0.9009842
AT2G39060,0.0
AT2G39070,0.0
AT2G39090,-0.12201279
AT2G39100,0.15413912
AT2G39110,0.3650119
AT2G39120,-0.046261143
AT2G39130,-0.16324022
AT2G39140,-0.14158544
AT2G39160,0.0
AT2G39170,0.03655409
AT2G39180,-0.268161
AT2G39190,-0.24777974
AT2G39200,0.68760425
AT2G39210,0.659016
AT2G39220,-0.09039222
AT2G39230,-0.0064389477
AT2G39240,-0.2800845
AT2G39250,-0.80910295
AT2G39260,-0.014868199
AT2G39270,0.5148001
AT2G39280,-0.3896409
AT2G39290,0.10426906
AT2G39300,-0.2079194
AT2G39310,0.6215813
AT2G39320,0.16498886
AT2G39330,-1.2244658
AT2G39340,-0.16843042
AT2G39350,1.3979923
AT2G39355,0.0
AT2G39360,0.43576837
AT2G39370,-0.030657476
AT2G39375,-0.038492274
AT2G39380,-0.1909617
AT2G39390,-0.01148929
AT2G39400,-0.019654488
AT2G39410,0.9464441
AT2G39415,0.000367013
AT2G39420,0.24283127
AT2G39430,-0.005109002
AT2G39435,0.17776231
AT2G39445,0.08522776
AT2G39450,-0.3492206
AT2G39460,0.17221262
AT2G39470,-1.0398941
AT2G39480,0.1696987
AT2G39490,0.031775612
AT2G39500,0.18190211
AT2G39510,-0.010924728
AT2G39518,1.7602618
AT2G39520,0.0
AT2G39530,1.2178706
AT2G39540,0.0
AT2G39550,0.19730924
AT2G39560,-0.04251786
AT2G39570,-0.05758546
AT2G39580,-0.21187107
AT2G39590,0.016772365
AT2G39620,-0.11676795
AT2G39630,-0.011095206
AT2G39640,0.0006731666
AT2G39650,0.6414768
AT2G39660,0.9771749
AT2G39670,-0.12152044
AT2G39690,-0.25835285
AT2G39700,-0.5906474
AT2G39705,-0.20917155
AT2G39710,0.7864873
AT2G39720,0.30111286
AT2G39725,0.5177035
AT2G39730,-0.7212889
AT2G39740,-0.03718507
AT2G39750,-0.22136483
AT2G39760,0.05975703
AT2G39770,-0.15042587
AT2G39780,0.3893273
AT2G39782,0.0005569795
AT2G39790,0.0038300152
AT2G39795,-0.12283861
AT2G39800,-0.17680795
AT2G39805,0.11447277
AT2G39810,-0.103985436
AT2G39820,0.0050154855
AT2G39830,0.29422444
AT2G39840,0.20066318
AT2G39850,-0.7637785
AT2G39851,0.0
AT2G39855,1.488328e-05
AT2G39865,0.0
AT2G39870,-0.40749523
AT2G39880,-0.13819055
AT2G39890,-0.16407736
AT2G39900,-0.4053685
AT2G39910,-0.02342675
AT2G39920,-0.2707288
AT2G39930,-0.5331197
AT2G39940,-0.026682
AT2G39950,-0.13412565
AT2G39960,0.15961088
AT2G39970,0.28086585
AT2G39975,0.016149128
AT2G39990,0.109967425
AT2G40000,0.42235076
AT2G40004,0.001764083
AT2G40010,-0.016775241
AT2G40020,-0.1548271
AT2G40030,-0.28001416
AT2G40050,0.23019017
AT2G40060,0.061267562
AT2G40070,-0.36154678
AT2G40080,0.42336258
AT2G40085,0.007574589
AT2G40090,0.32259053
AT2G40095,0.9701819
AT2G40100,-0.6314143
AT2G40110,0.41621462
AT2G40113,1.3753116
AT2G40116,0.15212102
AT2G40120,-0.11094264
AT2G40130,-0.7853781
AT2G40140,0.7662709
AT2G40150,-0.42168513
AT2G40160,0.17429706
AT2G40165,-0.027488533
AT2G40170,0.29049563
AT2G40180,0.4899653
AT2G40190,0.089373425
AT2G40200,0.38146687
AT2G40210,0.0
AT2G40220,0.0
AT2G40230,-0.13953891
AT2G40240,-0.05956161
AT2G40250,0.0004775022
AT2G40260,-0.30390444
AT2G40270,0.2539991
AT2G40280,-0.09904908
AT2G40290,0.12035236
AT2G40300,0.33778748
AT2G40310,0.0
AT2G40313,0.0
AT2G40320,-0.29901615
AT2G40330,-0.049301375
AT2G40340,0.92422515
AT2G40350,0.008800852
AT2G40360,-0.04021419
AT2G40370,1.7169144
AT2G40380,0.053391214
AT2G40390,1.0248953
AT2G40400,0.033954315
AT2G40410,0.049170528
AT2G40420,0.3605753
AT2G40430,-0.07359899
AT2G40435,-0.54255
AT2G40440,-0.0106567005
AT2G40450,-0.0010717687
AT2G40460,-0.52746207
AT2G40470,0.15579368
AT2G40475,-0.75575936
AT2G40480,-0.6102701
AT2G40490,-0.19867937
AT2G40500,0.013940365
AT2G40510,0.15708794
AT2G40520,-0.033944156
AT2G40530,-0.7752609
AT2G40540,-0.39439732
AT2G40550,0.19873016
AT2G40560,0.0005073407
AT2G40570,-0.20825146
AT2G40580,0.0011730441
AT2G40590,0.13123116
AT2G40600,0.19236276
AT2G40610,-1.3127018
AT2G40620,0.059844855
AT2G40630,-0.011881285
AT2G40640,-0.4241317
AT2G40650,0.002428442
AT2G40660,-0.14005461
AT2G40670,0.44553867
AT2G40690,-0.36276186
AT2G40700,-0.021821387
AT2G40710,0.18444848
AT2G40711,-0.03233023
AT2G40715,0.008692727
AT2G40720,-0.12649141
AT2G40730,0.18004732
AT2G40740,0.28106228
AT2G40745,-0.01341991
AT2G40750,0.7324828
AT2G40760,-0.345806
AT2G40765,0.5822057
AT2G40770,-0.16174573
AT2G40780,0.11475778
AT2G40790,-0.045247123
AT2G40800,0.06542114
AT2G40810,5.937566e-05
AT2G40815,-0.35249916
AT2G40820,0.31912488
AT2G40830,0.12560338
AT2G40840,-0.5297952
AT2G40850,-0.055729922
AT2G40860,-0.106693774
AT2G40880,-0.1774927
AT2G40890,0.3105838
AT2G40900,-0.50861335
AT2G40910,0.018900344
AT2G40920,-0.18693142
AT2G40925,0.06377683
AT2G40930,0.02803883
AT2G40935,0.022794161
AT2G40940,0.5252029
AT2G40950,0.20024602
AT2G40955,0.24570525
AT2G40960,-0.5127422
AT2G40970,-0.27082145
AT2G40980,-0.052839257
AT2G40990,0.0058384277
AT2G40995,0.0
AT2G41000,-0.046232335
AT2G41010,-0.09927442
AT2G41020,-0.17321372
AT2G41040,0.24887781
AT2G41050,-0.11416611
AT2G41060,-0.13760635
AT2G41070,0.12059624
AT2G41080,-0.31457496
AT2G41082,-0.08186322
AT2G41090,0.2334687
AT2G41100,1.1607858
AT2G41105,-0.0011635605
AT2G41110,0.8461882
AT2G41120,-0.04342108
AT2G41130,-0.3229893
AT2G41140,-0.09155664
AT2G41150,-0.04248712
AT2G41160,0.22462448
AT2G41170,0.15609436
AT2G41180,-0.5329923
AT2G41190,0.1002749
AT2G41200,0.09908189
AT2G41210,0.06458692
AT2G41220,0.22687465
AT2G41225,0.0005569795
AT2G41230,0.8058767
AT2G41231,0.025131797
AT2G41240,-0.031099364
AT2G41250,-0.1582836
AT2G41260,0.2431935
AT2G41280,0.11383108
AT2G41290,-0.55229205
AT2G41300,-0.528948
AT2G41310,-0.2794636
AT2G41330,-0.42932487
AT2G41340,-0.04850152
AT2G41342,0.14352505
AT2G41350,-0.20742226
AT2G41355,3.0988496e-05
AT2G41360,0.0006630555
AT2G41370,-0.23574331
AT2G41375,0.0005401133
AT2G41380,0.9894296
AT2G41390,0.0
AT2G41400,0.0
AT2G41410,0.7036766
AT2G41415,0.0052863564
AT2G41417,0.0
AT2G41420,0.47902107
AT2G41430,-0.080127195
AT2G41440,0.032939564
AT2G41445,0.043717254
AT2G41450,-0.012385798
AT2G41451,0.017071335
AT2G41460,-0.15372655
AT2G41470,-0.0047508474
AT2G41473,0.0
AT2G41475,0.07064423
AT2G41480,-0.59122944
AT2G41490,0.13742124
AT2G41500,-0.050080255
AT2G41505,-0.06790625
AT2G41510,0.072922066
AT2G41515,-0.079764545
AT2G41520,-0.11247263
AT2G41530,0.027263943
AT2G41540,0.57271993
AT2G41550,-0.14967841
AT2G41560,-0.2914063
AT2G41590,0.06286967
AT2G41600,-0.0987669
AT2G41610,-0.03573125
AT2G41620,-0.15337588
AT2G41630,0.010699819
AT2G41640,0.5218813
AT2G41650,-0.17528614
AT2G41660,-0.16799834
AT2G41670,0.25144988
AT2G41680,-0.15519287
AT2G41690,0.55141103
AT2G41700,0.2555845
AT2G41705,0.22420765
AT2G41710,-0.3882552
AT2G41720,-0.33185455
AT2G41730,1.2431529
AT2G41740,0.08895493
AT2G41750,0.15938923
AT2G41760,-0.2878964
AT2G41770,-0.08987818
AT2G41780,0.5268796
AT2G41790,0.13788664
AT2G41800,0.77565813
AT2G41810,0.20886834
AT2G41820,-0.81455517
AT2G41830,0.40461975
AT2G41835,0.633794
AT2G41840,-0.011856602
AT2G41850,4.0693364
AT2G41860,0.0024265707
AT2G41870,-0.29590097
AT2G41880,-0.04876455
AT2G41890,-0.15873668
AT2G41900,-0.04386935
AT2G41905,0.7678521
AT2G41910,0.0015783325
AT2G41920,0.0006989132
AT2G41930,-0.014482531
AT2G41940,-0.4360316
AT2G41945,0.235132
AT2G41950,-0.23345809
AT2G41960,-0.051069297
AT2G41970,-0.0034509886
AT2G41980,-0.13353261
AT2G41990,-0.043774012
AT2G41997,-0.00018371837
AT2G42000,0.00045150067
AT2G42005,-0.006037938
AT2G42010,0.23489983
AT2G42030,-0.07411691
AT2G42040,-0.19786589
AT2G42060,-0.09266186
AT2G42065,0.067214504
AT2G42070,-0.024378184
AT2G42080,0.13052599
AT2G42090,-0.020492999
AT2G42100,0.0
AT2G42110,-0.042139
AT2G42120,-0.21755272
AT2G42130,0.009871564
AT2G42140,0.14621629
AT2G42150,0.18263069
AT2G42160,-0.049332697
AT2G42170,-0.29929987
AT2G42180,0.0
AT2G42190,-0.46633768
AT2G42200,-0.2940274
AT2G42210,0.14998807
AT2G42220,-0.7039891
AT2G42230,0.01772963
AT2G42240,0.054599658
AT2G42250,0.10544991
AT2G42260,0.14129011
AT2G42270,-0.16195408
AT2G42280,0.29884577
AT2G42290,-0.32637313
AT2G42300,-0.36058524
AT2G42310,0.36515886
AT2G42320,-0.5016381
AT2G42330,-0.07454623
AT2G42340,0.066771746
AT2G42350,0.7314854
AT2G42360,1.273584
AT2G42370,-0.18314348
AT2G42380,-0.77193797
AT2G42390,-0.04521935
AT2G42395,-0.09802566
AT2G42400,-0.03236491
AT2G42410,0.0
AT2G42430,0.07758991
AT2G42440,0.0034638925
AT2G42450,-0.15022175
AT2G42455,0.0
AT2G42460,0.039216664
AT2G42465,0.0
AT2G42470,0.022374846
AT2G42475,0.037600152
AT2G42480,0.0455181
AT2G42490,0.12017587
AT2G42500,-0.122928396
AT2G42510,-0.41759595
AT2G42520,0.3251479
AT2G42530,-0.32141224
AT2G42540,-0.28053078
AT2G42550,0.0
AT2G42560,0.8559035
AT2G42570,-0.2942082
AT2G42580,-0.20363066
AT2G42590,-0.17235705
AT2G42600,-0.17296763
AT2G42610,-0.13444692
AT2G42620,-0.019367851
AT2G42640,-0.039282635
AT2G42650,-0.046207886
AT2G42660,-0.0015161312
AT2G42670,-0.026191764
AT2G42680,0.34787157
AT2G42690,-0.4658114
AT2G42700,0.11124476
AT2G42710,-0.04661877
AT2G42720,-0.16300839
AT2G42725,0.0034064266
AT2G42730,-0.15714027
AT2G42740,-0.23273502
AT2G42750,-0.17076686
AT2G42760,-0.358679
AT2G42770,-0.11709366
AT2G42780,-0.079083376
AT2G42790,0.5445786
AT2G42800,-0.10450733
AT2G42810,-0.10779785
AT2G42820,-0.2136304
AT2G42830,-0.0078732455
AT2G42840,1.6938605
AT2G42850,0.022309976
AT2G42860,-0.010955739
AT2G42865,-0.06801629
AT2G42870,-0.58964294
AT2G42880,-0.2645445
AT2G42885,3.059596e-05
AT2G42890,0.4198775
AT2G42900,-0.25549403
AT2G42910,-0.010109984
AT2G42920,-0.35317874
AT2G42930,0.0006313701
AT2G42940,0.0018785291
AT2G42950,0.3283009
AT2G42955,-0.05444221
AT2G42960,-0.4968525
AT2G42975,-0.4108193
AT2G42980,0.839884
AT2G42990,-0.0002576609
AT2G43000,2.2996917
AT2G43010,-0.5016061
AT2G43020,0.84418404
AT2G43030,-0.24705407
AT2G43040,0.09300283
AT2G43050,0.25695804
AT2G43060,0.09172005
AT2G43070,0.16517979
AT2G43080,0.17696448
AT2G43090,0.29520708
AT2G43100,-1.1970509
AT2G43110,0.07024256
AT2G43120,0.77673185
AT2G43130,-0.020021835
AT2G43140,0.72146994
AT2G43150,0.3360099
AT2G43160,0.14914088
AT2G43180,0.11371955
AT2G43190,0.08268285
AT2G43200,-0.47223303
AT2G43210,-0.15147173
AT2G43220,-0.00039318774
AT2G43230,0.16589265
AT2G43240,0.4161882
AT2G43250,0.05632889
AT2G43255,-0.014186256
AT2G43260,-0.021943783
AT2G43261,-0.00035783777
AT2G43270,-0.0069342684
AT2G43280,0.04419827
AT2G43290,0.7747965
AT2G43310,-0.12800531
AT2G43320,0.5959
AT2G43330,0.03789936
AT2G43340,-0.29512516
AT2G43350,-0.015579643
AT2G43360,-0.40345472
AT2G43370,-0.104792275
AT2G43386,0.0
AT2G43390,0.002326783
AT2G43400,0.42398307
AT2G43410,0.061254248
AT2G43420,0.16052766
AT2G43430,-0.041779548
AT2G43440,-0.14817849
AT2G43445,-0.13760337
AT2G43450,0.0005073407
AT2G43460,0.100148484
AT2G43465,-0.37813202
AT2G43470,0.030642333
AT2G43480,-0.001203372
AT2G43490,0.41810673
AT2G43500,-0.3857537
AT2G43510,1.9798911
AT2G43520,0.32611424
AT2G43530,-0.49644583
AT2G43535,-0.12366238
AT2G43540,0.3699229
AT2G43550,-0.44190797
AT2G43560,-0.27158913
AT2G43570,2.4826865
AT2G43580,0.72968394
AT2G43590,1.1336248
AT2G43600,-0.0023585865
AT2G43610,0.11423615
AT2G43620,0.04863736
AT2G43630,-0.015437317
AT2G43640,0.25134328
AT2G43650,-0.14073569
AT2G43660,0.0052876538
AT2G43670,0.04764551
AT2G43680,-0.023706514
AT2G43690,-0.31599978
AT2G43700,-0.1613435
AT2G43710,-0.28667364
AT2G43720,-0.2179186
AT2G43730,-0.013565277
AT2G43740,0.0019270594
AT2G43745,-0.016911106
AT2G43750,0.0050491975
AT2G43760,0.106467776
AT2G43770,0.11287399
AT2G43780,0.06295099
AT2G43790,0.21120757
AT2G43795,0.0
AT2G43800,-0.28705803
AT2G43810,0.03189039
AT2G43820,1.2454516
AT2G43840,-0.072932206
AT2G43850,-0.15425742
AT2G43860,0.0005073407
AT2G43865,0.052036885
AT2G43870,2.1050804
AT2G43880,0.0004716113
AT2G43890,-0.0033421922
AT2G43900,-0.21397294
AT2G43910,-0.64891255
AT2G43920,-0.6460926
AT2G43930,-0.19179915
AT2G43940,0.0971314
AT2G43945,-0.034099884
AT2G43950,0.11738317
AT2G43960,0.004549079
AT2G43970,-0.005938863
AT2G43980,0.10330152
AT2G43990,0.0014276587
AT2G44000,-0.04533805
AT2G44010,0.94296056
AT2G44020,-0.004398698
AT2G44030,0.0003087706
AT2G44040,-0.14442521
AT2G44050,-0.18119454
AT2G44060,-0.064006895
AT2G44065,0.12400587
AT2G44070,0.41778404
AT2G44080,0.59426427
AT2G44090,-0.077919394
AT2G44100,0.18960784
AT2G44110,-0.0027620355
AT2G44120,0.13628985
AT2G44130,0.2545448
AT2G44140,0.15674801
AT2G44150,-0.16677728
AT2G44160,-0.27144656
AT2G44170,0.0
AT2G44175,0.0029722955
AT2G44180,0.20932464
AT2G44190,-0.08746608
AT2G44195,0.036557347
AT2G44198,0.0
AT2G44200,-0.015834307
AT2G44210,-0.32624856
AT2G44220,-0.039957467
AT2G44230,-0.48332062
AT2G44240,0.87659585
AT2G44250,0.0013288708
AT2G44260,0.22520807
AT2G44270,-0.067734145
AT2G44280,0.5917782
AT2G44290,0.8707321
AT2G44300,-0.29298043
AT2G44310,0.084616676
AT2G44330,0.0008257227
AT2G44340,1.3095051e-05
AT2G44350,0.5400303
AT2G44360,0.13331912
AT2G44370,-0.3791696
AT2G44380,-0.21439062
AT2G44390,0.03219126
AT2G44400,0.06776988
AT2G44410,0.15801902
AT2G44420,0.12643084
AT2G44430,-0.05001496
AT2G44440,-0.3070643
AT2G44450,0.44443896
AT2G44460,0.05199304
AT2G44470,0.0012719776
AT2G44480,0.19599444
AT2G44490,0.14323768
AT2G44500,0.3326027
AT2G44510,0.10599894
AT2G44520,0.34114817
AT2G44525,0.2700865
AT2G44530,0.014500097
AT2G44540,0.0005569795
AT2G44550,0.0
AT2G44560,0.0010954164
AT2G44570,0.08809729
AT2G44578,0.16036452
AT2G44580,0.030124946
AT2G44581,6.7847344e-05
AT2G44590,-0.017292362
AT2G44600,0.34183422
AT2G44610,0.023977907
AT2G44620,0.15707104
AT2G44630,-0.2440268
AT2G44640,-0.28338417
AT2G44650,0.043369353
AT2G44660,0.14052199
AT2G44670,-0.26973936
AT2G44680,-0.10580461
AT2G44690,-0.005537529
AT2G44700,-0.060774513
AT2G44710,0.135463
AT2G44730,-0.029521283
AT2G44735,0.0008562115
AT2G44740,-0.72607154
AT2G44745,-0.17456764
AT2G44750,0.053361963
AT2G44760,-0.027199693
AT2G44770,0.1638645
AT2G44790,2.5475879
AT2G44800,0.0033733996
AT2G44810,-0.04940143
AT2G44820,-0.11985057
AT2G44830,-0.47794682
AT2G44840,0.22244112
AT2G44850,-0.14515585
AT2G44860,0.057356194
AT2G44870,0.036192957
AT2G44880,-0.23300086
AT2G44890,0.25670385
AT2G44900,-0.058775127
AT2G44910,-0.20541398
AT2G44920,-0.3263771
AT2G44925,0.00021985287
AT2G44930,-0.31093237
AT2G44940,-0.8490939
AT2G44950,-0.20465016
AT2G44970,0.37573984
AT2G44980,0.16934644
AT2G44990,0.78753555
AT2G44993,0.0
AT2G45000,0.20663267
AT2G45010,0.41537836
AT2G45030,0.16030303
AT2G45040,-0.024794087
AT2G45050,-0.19276784
AT2G45060,0.16408767
AT2G45070,0.517848
AT2G45080,0.0046845963
AT2G45100,-0.30782503
AT2G45110,0.0
AT2G45120,-0.22888906
AT2G45130,0.04676012
AT2G45135,0.092125416
AT2G45140,0.2187302
AT2G45150,-0.2063104
AT2G45160,-0.027011564
AT2G45170,0.16497241
AT2G45180,-0.39683026
AT2G45190,-0.63123167
AT2G45200,-0.14185789
AT2G45210,1.019138
AT2G45220,3.6725507
AT2G45240,0.18272275
AT2G45243,0.026558733
AT2G45250,-0.08980929
AT2G45260,-0.03718201
AT2G45270,-0.027573006
AT2G45280,-0.11341488
AT2G45290,0.4660241
AT2G45300,1.0178459
AT2G45310,-0.2354311
AT2G45320,0.12594631
AT2G45330,0.24445651
AT2G45340,-0.16344665
AT2G45350,-0.28710446
AT2G45360,0.8556453
AT2G45370,0.0
AT2G45400,-0.3582044
AT2G45403,0.0
AT2G45403,0.0
AT2G45405,-0.0025429293
AT2G45406,0.0
AT2G45410,-0.003144593
AT2G45420,0.030489804
AT2G45430,-0.0012203366
AT2G45440,0.24588569
AT2G45450,-0.2203176
AT2G45460,-0.31049934
AT2G45470,-0.82844526
AT2G45480,-0.08975785
AT2G45490,-0.07138888
AT2G45500,0.29849544
AT2G45510,-0.0019400665
AT2G45520,-0.13041672
AT2G45530,-0.094524644
AT2G45540,0.10739985
AT2G45550,0.03402625
AT2G45560,-0.38527685
AT2G45570,3.612626
AT2G45580,0.16046531
AT2G45590,-0.2847867
AT2G45600,-0.5787818
AT2G45610,-0.03228114
AT2G45620,-0.06988512
AT2G45630,0.24527805
AT2G45640,-0.053024597
AT2G45650,-0.007953578
AT2G45660,-0.08146399
AT2G45670,0.016217364
AT2G45680,0.10711883
AT2G45690,-0.11404052
AT2G45695,0.26819575
AT2G45700,-0.0961611
AT2G45710,0.2581831
AT2G45720,-0.049976762
AT2G45730,-0.19322973
AT2G45740,0.11311907
AT2G45750,0.14710659
AT2G45760,2.8677733
AT2G45770,-0.122058876
AT2G45790,0.02966556
AT2G45800,-0.19217834
AT2G45810,-0.18644533
AT2G45820,-0.33168504
AT2G45830,-0.3363545
AT2G45840,0.012297812
AT2G45850,-0.39302802
AT2G45860,-0.14896159
AT2G45870,-0.08037002
AT2G45880,-0.028732717
AT2G45890,-0.044064872
AT2G45900,-0.16258499
AT2G45910,0.08702569
AT2G45920,0.24913089
AT2G45930,0.13704705
AT2G45940,-0.16421378
AT2G45950,-0.11920341
AT2G45960,0.06416368
AT2G45970,-0.2842118
AT2G45980,0.074325904
AT2G45990,-0.2174075
AT2G46000,0.18428278
AT2G46020,0.0070790383
AT2G46030,0.04212755
AT2G46040,0.28037268
AT2G46050,-0.076420344
AT2G46060,-0.13411826
AT2G46070,-0.19005883
AT2G46080,0.13891655
AT2G46090,0.048792917
AT2G46100,0.071649395
AT2G46110,-0.28388727
AT2G46130,0.0413051
AT2G46140,0.6304699
AT2G46150,0.25535825
AT2G46160,-0.18243122
AT2G46170,0.34243914
AT2G46180,-0.18491869
AT2G46190,0.0
AT2G46200,-0.0049048723
AT2G46210,-0.18040887
AT2G46220,-0.028645022
AT2G46225,-0.6111765
AT2G46230,0.15797119
AT2G46240,0.30019113
AT2G46250,-0.7814892
AT2G46260,0.24221215
AT2G46270,0.09775264
AT2G46280,0.037018087
AT2G46290,-0.3175321
AT2G46300,-0.052606445
AT2G46308,0.0
AT2G46310,-0.14132808
AT2G46320,0.11541039
AT2G46330,0.20996158
AT2G46340,-0.14549223
AT2G46360,0.0010321136
AT2G46370,0.008719783
AT2G46375,-0.00027111813
AT2G46380,-0.26990476
AT2G46390,0.16420828
AT2G46400,0.46770576
AT2G46410,-0.059987772
AT2G46420,-0.23070034
AT2G46430,0.35680395
AT2G46440,0.27337894
AT2G46450,-0.150422
AT2G46455,0.007058466
AT2G46460,0.00018633532
AT2G46470,-0.049496222
AT2G46480,0.024001041
AT2G46490,0.2547009
AT2G46493,0.00013596663
AT2G46494,0.009583092
AT2G46495,0.02391766
AT2G46500,0.59364104
AT2G46505,0.3892078
AT2G46510,-0.10003146
AT2G46520,0.090764195
AT2G46530,-0.68179923
AT2G46535,-0.30058816
AT2G46540,0.23072354
AT2G46550,-0.024571374
AT2G46560,0.05805563
AT2G46567,-0.00421458
AT2G46570,-0.23053777
AT2G46580,0.041976217
AT2G46590,-0.5345306
AT2G46600,0.4536864
AT2G46610,0.15686357
AT2G46620,0.6521071
AT2G46630,-0.6265606
AT2G46640,-0.74641067
AT2G46650,0.6495572
AT2G46660,-0.5037959
AT2G46670,0.3421971
AT2G46680,0.7028102
AT2G46690,0.16308066
AT2G46700,0.045749325
AT2G46710,-0.6040794
AT2G46720,-0.519611
AT2G46735,-0.03879657
AT2G46740,0.084429756
AT2G46750,1.8743279
AT2G46760,0.020150516
AT2G46765,0.0077561433
AT2G46770,-0.05175252
AT2G46780,-0.092794314
AT2G46790,-0.45790842
AT2G46800,0.09207271
AT2G46810,-0.123569265
AT2G46820,-0.5534339
AT2G46830,-0.26370478
AT2G46840,-0.014338699
AT2G46850,0.0014575635
AT2G46860,4.9154583e-05
AT2G46870,-0.21522605
AT2G46880,0.001993925
AT2G46890,-0.05561579
AT2G46900,0.04912754
AT2G46910,-0.2846657
AT2G46915,-0.3406555
AT2G46920,-0.26880574
AT2G46930,-0.070098996
AT2G46940,-0.028969953
AT2G46950,0.2070422
AT2G46960,0.0052612247
AT2G46970,-0.44097224
AT2G46980,0.09690866
AT2G46990,-0.089417316
AT2G46995,0.023320263
AT2G47000,0.96117806
AT2G47010,-0.40358704
AT2G47020,-0.22790763
AT2G47030,0.0
AT2G47040,0.0005569795
AT2G47050,0.016737055
AT2G47060,-0.34361243
AT2G47070,-0.2765594
AT2G47090,-0.18345176
AT2G47110,0.0681085
AT2G47115,0.0
AT2G47120,0.0005073407
AT2G47130,0.77461594
AT2G47140,0.048240237
AT2G47150,-0.0012587396
AT2G47160,-0.33721134
AT2G47170,0.19384506
AT2G47180,0.21111764
AT2G47190,1.7736745
AT2G47200,0.16190372
AT2G47210,0.14961366
AT2G47220,-0.20721434
AT2G47230,-0.4143409
AT2G47240,-0.3803805
AT2G47245,0.012885387
AT2G47250,0.107537486
AT2G47260,-0.25010657
AT2G47270,0.47741106
AT2G47280,0.0
AT2G47300,0.05041418
AT2G47310,-0.10723583
AT2G47320,0.17387468
AT2G47330,0.05053418
AT2G47340,-0.04185007
AT2G47350,-0.03407241
AT2G47360,0.036594305
AT2G47370,-0.22221039
AT2G47380,0.3745578
AT2G47390,0.33096075
AT2G47400,0.014055009
AT2G47410,0.109573446
AT2G47420,-0.002634916
AT2G47430,0.0033110883
AT2G47440,-0.502929
AT2G47450,-0.29847035
AT2G47460,-0.052120253
AT2G47470,0.3118434
AT2G47480,-0.10229427
AT2G47485,1.0978996
AT2G47490,0.28412703
AT2G47500,-0.46715105
AT2G47510,0.4041906
AT2G47520,0.23739088
AT2G47530,-0.0060810754
AT2G47540,-0.010274392
AT2G47550,2.7962542
AT2G47560,0.36634207
AT2G47570,0.006448591
AT2G47580,-0.14346403
AT2G47584,0.0
AT2G47590,-0.4758816
AT2G47600,0.67402524
AT2G47610,0.236815
AT2G47620,0.017399661
AT2G47630,0.3411548
AT2G47640,0.20797692
AT2G47650,0.3773547
AT2G47670,-0.031364523
AT2G47680,-0.14509904
AT2G47690,0.061323762
AT2G47700,-0.001869324
AT2G47710,0.3415112
AT2G47720,0.0
AT2G47730,0.11005722
AT2G47750,-0.058077022
AT2G47760,0.13448498
AT2G47770,1.0232463
AT2G47780,-0.37516066
AT2G47790,-0.11809413
AT2G47800,0.5436075
AT2G47810,0.0
AT2G47820,0.25484654
AT2G47830,0.08898311
AT2G47840,0.034070875
AT2G47844,-0.024157345
AT2G47850,-0.13963085
AT2G47860,0.11129367
AT2G47870,0.19261535
AT2G47880,-1.2780174
AT2G47885,0.00089411746
AT2G47890,0.05195686
AT2G47900,-0.009399416
AT2G47910,0.019532306
AT2G47920,-0.022390578
AT2G47930,-0.53418756
AT2G47935,-0.0035959254
AT2G47940,-0.38687378
AT2G47950,0.6714532
AT2G47960,0.117565595
AT2G47970,0.2381
AT2G47980,0.015038641
AT2G47990,0.24204047
AT2G48000,-0.14594015
AT2G48010,0.073372975
AT2G48020,-0.023239607
AT2G48030,0.23972537
AT2G48060,0.07902984
AT2G48070,-0.10219118
AT2G48075,-0.17875698
AT2G48080,0.022752661
AT2G48090,0.3041193
AT2G48100,-0.034091566
AT2G48110,0.027530504
AT2G48120,-0.34177297
AT2G48121,-0.014016953
AT2G48130,0.42443252
AT2G48140,0.39635825
AT2G48150,0.05686025
AT2G48160,0.013586881
AT3G01010,0.0
AT3G01015,-0.0019052875
AT3G01020,0.00069911504
AT3G01030,0.023570988
AT3G01040,0.47360563
AT3G01050,-0.21519254
AT3G01060,-0.34071183
AT3G01070,-0.09502671
AT3G01080,0.8653616
AT3G01085,0.0132528795
AT3G01090,-0.10499596
AT3G01100,0.045382112
AT3G01120,0.17862126
AT3G01130,0.20533375
AT3G01140,-0.18301044
AT3G01150,0.09090049
AT3G01160,-0.16246627
AT3G01170,0.25992692
AT3G01175,0.13532275
AT3G01180,-0.24804251
AT3G01185,0.0
AT3G01190,-0.023626698
AT3G01200,0.21169682
AT3G01210,-0.22020464
AT3G01220,0.021999305
AT3G01230,0.0
AT3G01240,0.0
AT3G01250,0.0001421356
AT3G01260,-0.083255455
AT3G01270,-0.0075430498
AT3G01280,0.3657938
AT3G01290,1.290559
AT3G01300,-0.04795726
AT3G01310,-0.15473098
AT3G01311,0.05734584
AT3G01319,0.0
AT3G01320,-0.048080165
AT3G01322,0.0
AT3G01323,0.0020024525
AT3G01324,0.0
AT3G01325,0.0
AT3G01326,9.088509e-05
AT3G01327,0.00029674495
AT3G01328,0.0
AT3G01329,-0.00042506287
AT3G01330,0.0878253
AT3G01331,0.0010898114
AT3G01340,0.1820046
AT3G01345,-0.28422385
AT3G01350,-0.22347505
AT3G01360,0.15293324
AT3G01370,-0.19030577
AT3G01380,-0.0073422655
AT3G01390,-0.032617304
AT3G01400,0.025832437
AT3G01410,-0.1543044
AT3G01415,0.0
AT3G01420,5.101056
AT3G01430,0.37090483
AT3G01435,0.021373814
AT3G01440,-0.764198
AT3G01450,-0.08781795
AT3G01460,0.03317218
AT3G01470,0.079598695
AT3G01475,-0.0066423737
AT3G01480,-0.531444
AT3G01490,-0.5005114
AT3G01500,-1.4628628
AT3G01510,-0.31582633
AT3G01513,-0.028284865
AT3G01516,-0.017223787
AT3G01520,-0.09492559
AT3G01530,0.016772365
AT3G01540,0.2100222
AT3G01550,-0.45482498
AT3G01560,-0.025973955
AT3G01570,0.11801945
AT3G01572,-0.0007704533
AT3G01580,0.11866879
AT3G01590,0.17786533
AT3G01600,-0.21174483
AT3G01610,-0.16438895
AT3G01620,-0.0050375513
AT3G01630,0.08774869
AT3G01640,0.41181767
AT3G01650,0.77179104
AT3G01660,-0.3501791
AT3G01670,-0.2863811
AT3G01680,-0.21624503
AT3G01690,-0.34362465
AT3G01700,-0.012372641
AT3G01710,-0.19297795
AT3G01720,0.25846523
AT3G01730,-0.0007624749
AT3G01740,0.01333036
AT3G01750,0.10596503
AT3G01760,-0.04415039
AT3G01770,-0.09642763
AT3G01780,0.068827085
AT3G01790,-0.0794043
AT3G01800,0.25640363
AT3G01810,-0.72181404
AT3G01820,0.25009155
AT3G01830,1.4245232
AT3G01840,-0.16795798
AT3G01850,0.07784327
AT3G01860,-0.71058387
AT3G01870,-0.0005573991
AT3G01880,-0.0011874441
AT3G01890,-0.13838083
AT3G01900,0.013108722
AT3G01910,0.14037284
AT3G01920,-0.07266798
AT3G01930,0.04764291
AT3G01940,-0.025916416
AT3G01950,-0.26200205
AT3G01960,-0.41252965
AT3G01961,0.0
AT3G01970,0.87142605
AT3G01980,-0.41577542
AT3G01990,0.16934332
AT3G02000,-0.010487999
AT3G02010,-0.090452746
AT3G02020,-1.022296
AT3G02030,-0.22261992
AT3G02040,0.28571266
AT3G02050,-0.23732293
AT3G02060,-0.11636885
AT3G02065,-0.09322477
AT3G02070,0.21540105
AT3G02080,0.052903537
AT3G02090,0.2802874
AT3G02100,0.034923814
AT3G02110,-0.6113052
AT3G02120,-0.10851979
AT3G02125,0.0005069211
AT3G02130,-0.20631875
AT3G02140,1.1325519
AT3G02150,0.55063623
AT3G02160,0.42749053
AT3G02170,-0.45423415
AT3G02180,-0.19352688
AT3G02190,0.21285464
AT3G02200,0.07615473
AT3G02210,0.0018762823
AT3G02220,0.04176966
AT3G02230,0.9104177
AT3G02240,0.5770675
AT3G02242,0.0024225474
AT3G02245,-0.0019948608
AT3G02250,-0.44074106
AT3G02255,-8.367265e-05
AT3G02260,0.2428247
AT3G02270,0.033184778
AT3G02280,-0.043479394
AT3G02290,0.11801976
AT3G02300,-0.08389141
AT3G02310,0.031475533
AT3G02320,0.08248885
AT3G02330,0.057446994
AT3G02340,0.10574379
AT3G02350,-0.041551657
AT3G02360,0.52884275
AT3G02370,-0.06933683
AT3G02380,-0.75202054
AT3G02390,0.06867534
AT3G02400,-0.44697502
AT3G02410,-0.046516404
AT3G02420,0.10274477
AT3G02430,0.005470869
AT3G02440,0.0
AT3G02450,0.048615295
AT3G02460,0.22825238
AT3G02470,0.49856955
AT3G02480,1.894481
AT3G02490,-0.21231765
AT3G02493,-0.0038852422
AT3G02500,-0.054742746
AT3G02510,-0.29495
AT3G02520,0.45196557
AT3G02530,-0.08881994
AT3G02540,-0.28480616
AT3G02550,0.16179956
AT3G02555,-0.1751823
AT3G02560,0.056350086
AT3G02570,-0.13010338
AT3G02580,-0.053155992
AT3G02590,0.007958556
AT3G02600,-0.014938156
AT3G02610,0.21611598
AT3G02620,0.2746841
AT3G02630,-0.18483096
AT3G02640,-0.123478256
AT3G02645,0.0016503417
AT3G02650,0.05016129
AT3G02660,-0.12517302
AT3G02670,-0.001912125
AT3G02673,-0.00025540555
AT3G02677,0.02561072
AT3G02680,-0.15390842
AT3G02690,-0.28662226
AT3G02700,0.0022757552
AT3G02710,0.006850821
AT3G02720,-0.1437921
AT3G02730,-0.44004983
AT3G02740,0.32691962
AT3G02750,-0.094075315
AT3G02760,-0.1461065
AT3G02770,0.063467234
AT3G02780,0.2811848
AT3G02790,0.22497976
AT3G02800,0.83249956
AT3G02810,0.026618665
AT3G02820,0.116412945
AT3G02830,-0.50229716
AT3G02840,1.2974818
AT3G02850,-0.15060493
AT3G02860,-0.10429894
AT3G02870,-0.46715042
AT3G02875,1.4445845
AT3G02880,0.6139835
AT3G02885,0.5152705
AT3G02890,-0.11460225
AT3G02900,0.034581497
AT3G02910,-0.022846231
AT3G02920,-0.013911629
AT3G02930,0.030156674
AT3G02940,0.29658008
AT3G02950,-0.24619812
AT3G02960,0.0
AT3G02970,0.030918764
AT3G02975,0.0
AT3G02980,-0.35264647
AT3G02990,0.29167682
AT3G03000,0.0042212154
AT3G03010,-0.11905926
AT3G03020,0.030786699
AT3G03030,-0.13809228
AT3G03040,-0.25886673
AT3G03050,0.43852603
AT3G03060,0.16486816
AT3G03070,0.11493908
AT3G03080,0.0017651566
AT3G03090,-0.111317225
AT3G03100,0.33464772
AT3G03110,0.2912619
AT3G03120,-0.09966735
AT3G03130,-0.12684898
AT3G03140,0.11488363
AT3G03150,0.08928085
AT3G03160,0.43961042
AT3G03170,0.04239387
AT3G03180,-0.2293554
AT3G03190,-0.5459685
AT3G03200,-0.09845116
AT3G03210,-0.06492756
AT3G03220,-0.07576057
AT3G03230,0.06619093
AT3G03240,0.17103562
AT3G03250,-0.11539096
AT3G03260,-0.009184963
AT3G03270,-0.0652
AT3G03272,0.010770508
AT3G03280,-0.03835116
AT3G03290,0.0003264
AT3G03300,-0.24122317
AT3G03305,0.07684051
AT3G03310,0.60077924
AT3G03320,0.36425817
AT3G03330,0.19450068
AT3G03340,0.05970273
AT3G03341,0.44471595
AT3G03350,-0.11690189
AT3G03360,-0.102401584
AT3G03370,0.06300986
AT3G03380,0.0064735007
AT3G03400,0.0010709917
AT3G03405,0.0
AT3G03410,0.0
AT3G03420,-0.011691374
AT3G03430,0.015255023
AT3G03440,0.57321644
AT3G03450,-0.59547734
AT3G03460,0.021195473
AT3G03470,0.4985919
AT3G03480,1.272187
AT3G03490,0.21442778
AT3G03500,-0.003682078
AT3G03510,0.0055968636
AT3G03520,-0.16032429
AT3G03530,0.8499084
AT3G03540,0.0020135732
AT3G03550,-0.1053185
AT3G03560,0.28428113
AT3G03570,0.20209444
AT3G03580,-0.19603775
AT3G03590,-0.00080113957
AT3G03600,0.21344292
AT3G03610,0.6682148
AT3G03620,0.112145424
AT3G03630,-0.04620917
AT3G03640,-0.2697927
AT3G03650,0.22372858
AT3G03660,0.0059292065
AT3G03670,0.0018666659
AT3G03680,-0.2994142
AT3G03690,-0.28975403
AT3G03700,0.765715
AT3G03710,-0.20892556
AT3G03720,0.14941335
AT3G03726,0.00042451744
AT3G03730,0.0
AT3G03740,0.25410914
AT3G03750,0.1997274
AT3G03760,0.0009787878
AT3G03770,-0.75415784
AT3G03773,-0.08670466
AT3G03776,-0.025606692
AT3G03780,-0.100396134
AT3G03790,0.05823872
AT3G03800,0.022655949
AT3G03810,0.12807049
AT3G03820,-0.5188228
AT3G03826,0.0
AT3G03828,0.0
AT3G03830,-0.18130367
AT3G03840,-0.39936057
AT3G03847,-0.014949541
AT3G03850,-0.22896202
AT3G03860,0.1593755
AT3G03870,0.090189524
AT3G03880,0.08224092
AT3G03890,0.40436476
AT3G03900,-0.17662305
AT3G03910,-0.53493464
AT3G03920,0.013148301
AT3G03930,-0.025569903
AT3G03940,-0.14965083
AT3G03950,0.10197806
AT3G03960,-0.03976593
AT3G03970,0.15521511
AT3G03980,-0.108147606
AT3G03990,0.4692112
AT3G04000,1.072164
AT3G04010,1.3084787
AT3G04020,-0.16117889
AT3G04030,-0.20179667
AT3G04040,0.34783268
AT3G04050,0.08017357
AT3G04060,0.84419817
AT3G04070,1.7888263
AT3G04080,0.26851028
AT3G04090,0.2311003
AT3G04100,-0.026178354
AT3G04110,-0.14592043
AT3G04120,0.31286627
AT3G04130,-0.24429478
AT3G04140,-0.7697516
AT3G04150,0.0005073407
AT3G04160,-0.33141547
AT3G04170,0.023380037
AT3G04180,0.0006536883
AT3G04181,0.19265768
AT3G04184,-0.033786237
AT3G04190,0.01260822
AT3G04200,-0.024523959
AT3G04210,0.06727112
AT3G04220,1.4964049
AT3G04230,0.09358149
AT3G04240,0.34709036
AT3G04250,0.0020555346
AT3G04260,-0.21744676
AT3G04270,0.0
AT3G04280,0.0
AT3G04290,0.679783
AT3G04300,0.032805804
AT3G04310,-0.24149086
AT3G04320,3.0464618
AT3G04330,-0.0025619662
AT3G04340,-0.3222907
AT3G04350,0.2165331
AT3G04360,-0.083968274
AT3G04370,-0.00043661738
AT3G04380,-0.116332024
AT3G04390,0.0
AT3G04410,-0.0006312039
AT3G04420,-0.14480643
AT3G04430,0.0050681857
AT3G04440,0.1332198
AT3G04443,-0.35934064
AT3G04450,-0.42508486
AT3G04460,0.04264863
AT3G04470,-0.08652825
AT3G04480,0.06283413
AT3G04490,-0.03530039
AT3G04500,0.14073187
AT3G04510,-0.085398465
AT3G04520,0.20992123
AT3G04530,-0.05243191
AT3G04540,0.0
AT3G04545,0.0
AT3G04550,-0.24922907
AT3G04560,-0.016254589
AT3G04570,-0.0007057032
AT3G04580,0.2516593
AT3G04590,0.05898597
AT3G04600,0.2742221
AT3G04610,-0.026794229
AT3G04620,0.27429733
AT3G04630,0.5199431
AT3G04640,1.0576904
AT3G04650,0.24937378
AT3G04660,0.021869434
AT3G04670,0.28626075
AT3G04680,0.0440361
AT3G04690,0.27502626
AT3G04700,-0.13928795
AT3G04710,-0.07936506
AT3G04720,1.5882109
AT3G04730,-0.38862735
AT3G04735,-0.029433394
AT3G04740,0.057892453
AT3G04750,-0.19367515
AT3G04760,-0.20140664
AT3G04770,0.050991636
AT3G04780,0.3254026
AT3G04790,-0.09269432
AT3G04800,0.048109517
AT3G04810,-0.21751784
AT3G04820,0.052301947
AT3G04830,-0.00769647
AT3G04840,0.21362025
AT3G04850,-0.07180978
AT3G04854,0.008577184
AT3G04855,0.0
AT3G04860,-0.2856352
AT3G04870,0.018371893
AT3G04880,-0.036177687
AT3G04890,-0.21708584
AT3G04900,0.004336092
AT3G04903,0.0
AT3G04910,-0.37689418
AT3G04920,-0.10925876
AT3G04930,-0.02731
AT3G04940,-0.44365746
AT3G04943,0.0
AT3G04945,4.3429653e-05
AT3G04950,-0.054521814
AT3G04960,-0.33900642
AT3G04970,0.016712716
AT3G04980,-0.09664711
AT3G04990,0.0
AT3G05000,-0.17335373
AT3G05010,0.21784107
AT3G05020,-0.111930355
AT3G05030,-0.15270573
AT3G05035,-0.17458749
AT3G05040,0.0812202
AT3G05050,0.3838071
AT3G05060,-0.001111299
AT3G05070,0.08844098
AT3G05080,0.0026542356
AT3G05090,0.21047075
AT3G05100,-0.15561786
AT3G05110,0.045178812
AT3G05120,-0.11405068
AT3G05130,-0.0042910227
AT3G05140,-0.10770157
AT3G05150,-0.0133937495
AT3G05155,0.020502986
AT3G05160,-0.23521811
AT3G05165,0.30613223
AT3G05170,0.19944322
AT3G05180,-0.78001595
AT3G05190,-0.33447522
AT3G05200,0.42230707
AT3G05210,0.039545517
AT3G05220,-0.121338554
AT3G05230,0.09874013
AT3G05240,-0.19951484
AT3G05250,0.02870092
AT3G05260,-0.06545756
AT3G05270,-0.21815072
AT3G05280,0.1812428
AT3G05290,0.1917557
AT3G05300,9.088509e-05
AT3G05310,-0.0014584531
AT3G05320,-0.24058142
AT3G05327,-0.04514017
AT3G05330,0.33895174
AT3G05340,-0.38162342
AT3G05345,-0.3527747
AT3G05350,-0.02461586
AT3G05360,1.3413773
AT3G05365,0.09914244
AT3G05370,-0.27229497
AT3G05380,0.19972415
AT3G05390,1.781438
AT3G05400,1.3394556
AT3G05410,-0.21709026
AT3G05420,0.16327813
AT3G05425,0.0
AT3G05430,-0.31156367
AT3G05440,0.0004765684
AT3G05450,5.5303037e-05
AT3G05460,0.00014193372
AT3G05470,0.15725796
AT3G05480,0.026701532
AT3G05490,-0.13809912
AT3G05500,0.6040326
AT3G05510,0.07347052
AT3G05520,-0.13218984
AT3G05530,0.17573644
AT3G05540,0.0010222174
AT3G05545,-0.0010857105
AT3G05550,-0.024653837
AT3G05560,0.22484457
AT3G05570,0.39114562
AT3G05580,0.38235527
AT3G05590,0.054541968
AT3G05600,0.21456581
AT3G05610,0.0
AT3G05620,-0.1742931
AT3G05625,-0.17976542
AT3G05630,1.8613677
AT3G05640,0.91436833
AT3G05650,0.26331198
AT3G05660,-0.1356146
AT3G05670,-0.19010712
AT3G05675,-0.3340859
AT3G05680,-0.04394842
AT3G05685,-0.1381835
AT3G05690,-0.5468389
AT3G05700,-0.060193315
AT3G05710,0.20542605
AT3G05720,0.019283371
AT3G05725,0.0
AT3G05727,-0.02386723
AT3G05730,-0.08326103
AT3G05740,-0.14644006
AT3G05741,0.0025269818
AT3G05746,-0.0013654805
AT3G05750,-0.5774047
AT3G05760,-0.123886
AT3G05770,0.06886686
AT3G05775,0.0
AT3G05780,0.03484721
AT3G05790,-0.0329542
AT3G05800,-0.3368616
AT3G05810,0.07831144
AT3G05820,-0.10686623
AT3G05830,0.23525232
AT3G05840,0.019994391
AT3G05850,-0.08628597
AT3G05858,0.0029538923
AT3G05860,-0.0005573991
AT3G05870,0.17161791
AT3G05880,0.13239829
AT3G05890,0.22305597
AT3G05900,-0.61621785
AT3G05910,-0.3972239
AT3G05920,-0.0089974925
AT3G05930,0.1479745
AT3G05935,-0.105146915
AT3G05936,-0.39907113
AT3G05937,0.30264142
AT3G05940,0.00031155586
AT3G05950,0.035629626
AT3G05960,-0.012930778
AT3G05970,0.42872998
AT3G05975,0.0
AT3G05980,-0.036123637
AT3G05990,0.1412434
AT3G06000,0.0
AT3G06010,-0.19449472
AT3G06019,0.012813439
AT3G06020,-0.2549738
AT3G06030,-0.08706968
AT3G06035,-0.21489057
AT3G06040,0.052790694
AT3G06050,0.46377373
AT3G06060,0.10559813
AT3G06070,-0.7527855
AT3G06080,-0.2399677
AT3G06085,0.017639283
AT3G06090,0.0
AT3G06100,-0.071448624
AT3G06110,0.020977803
AT3G06120,0.048934035
AT3G06130,-0.44844025
AT3G06140,-0.4031963
AT3G06150,-0.3429195
AT3G06160,-0.11934152
AT3G06170,0.12654896
AT3G06180,0.17639239
AT3G06190,0.08181059
AT3G06200,-0.08261868
AT3G06210,-0.109890066
AT3G06220,-0.06523209
AT3G06230,0.00017649078
AT3G06240,0.24890187
AT3G06250,-0.0059792353
AT3G06260,-0.0006744021
AT3G06270,-0.032091368
AT3G06280,0.0005569795
AT3G06290,-0.1047037
AT3G06300,0.30843243
AT3G06310,0.0072893663
AT3G06320,0.121387295
AT3G06330,-0.063833795
AT3G06340,-0.004773332
AT3G06350,0.5245642
AT3G06360,-0.10495121
AT3G06370,0.14836918
AT3G06380,0.049032252
AT3G06390,0.08998716
AT3G06400,-0.13832101
AT3G06410,-0.063534
AT3G06420,1.4116515
AT3G06430,-0.42776397
AT3G06435,0.017099211
AT3G06436,0.0002580783
AT3G06440,-0.26014313
AT3G06450,0.14355153
AT3G06455,-0.2366314
AT3G06460,-0.007904911
AT3G06470,0.16176406
AT3G06480,0.092286736
AT3G06483,0.117283784
AT3G06490,2.065229
AT3G06500,1.0348154
AT3G06510,0.15397224
AT3G06520,0.1367779
AT3G06530,0.29747054
AT3G06540,0.20644774
AT3G06545,0.0
AT3G06550,-0.24522941
AT3G06560,0.00777079
AT3G06570,-0.16064945
AT3G06580,0.20013015
AT3G06590,-0.04090948
AT3G06600,0.04390655
AT3G06610,-0.1066496
AT3G06620,0.102555215
AT3G06630,-0.052941054
AT3G06640,0.039516352
AT3G06650,-0.08348856
AT3G06660,-0.117358364
AT3G06670,-0.110339135
AT3G06680,0.06781446
AT3G06690,0.10172673
AT3G06700,0.1857829
AT3G06710,0.0496972
AT3G06720,0.032916676
AT3G06730,-0.0033787743
AT3G06740,-0.41173697
AT3G06750,-0.97693783
AT3G06760,0.22532147
AT3G06770,-0.5904632
AT3G06778,-0.0017687705
AT3G06780,0.5070069
AT3G06790,0.17004612
AT3G06810,1.0657088
AT3G06820,-0.06624767
AT3G06830,0.0022173575
AT3G06840,0.1344496
AT3G06850,0.46335366
AT3G06860,0.70532787
AT3G06868,-0.50190103
AT3G06870,0.032980457
AT3G06880,-0.5657567
AT3G06890,1.0073936
AT3G06895,-0.002438444
AT3G06910,-0.21024738
AT3G06920,-0.084963016
AT3G06930,-0.21273103
AT3G06950,-0.09411442
AT3G06960,0.013555283
AT3G06970,-0.029237682
AT3G06980,-0.24709214
AT3G06985,0.01643036
AT3G06990,-0.04653194
AT3G07000,-0.10056258
AT3G07005,0.0
AT3G07010,-0.8946478
AT3G07020,0.050256792
AT3G07030,-0.0494952
AT3G07040,0.16569221
AT3G07050,0.1042992
AT3G07060,0.065572836
AT3G07070,0.00037565356
AT3G07080,0.0043363
AT3G07090,0.5795046
AT3G07100,0.16689071
AT3G07110,0.15511255
AT3G07120,0.086026646
AT3G07130,-0.022424825
AT3G07140,0.048916295
AT3G07150,-0.024792971
AT3G07160,0.30711833
AT3G07170,0.11015093
AT3G07180,-0.050190732
AT3G07190,-0.2616735
AT3G07195,0.72808784
AT3G07200,-0.49498093
AT3G07210,-0.16486825
AT3G07220,0.054419592
AT3G07230,-0.0023387128
AT3G07250,0.02028442
AT3G07255,0.54021066
AT3G07260,-0.05636825
AT3G07270,-0.13549885
AT3G07273,-0.056001686
AT3G07290,-0.12610568
AT3G07300,0.06619575
AT3G07310,-0.23827618
AT3G07320,0.13745943
AT3G07330,0.09311468
AT3G07340,-0.075240225
AT3G07350,0.31450754
AT3G07360,-0.37350613
AT3G07370,0.36907944
AT3G07380,-0.21234569
AT3G07390,0.92723066
AT3G07400,-0.08546689
AT3G07410,-0.33335835
AT3G07420,-0.2385359
AT3G07425,-0.044759627
AT3G07430,0.2065625
AT3G07440,-0.2831508
AT3G07450,0.0019352527
AT3G07460,-0.07246659
AT3G07470,0.10932236
AT3G07480,0.49051028
AT3G07490,-0.016492805
AT3G07500,-0.3614623
AT3G07510,-0.3597877
AT3G07520,-0.08433694
AT3G07522,0.0
AT3G07525,0.038859203
AT3G07530,0.0685142
AT3G07540,-0.78186494
AT3G07550,-0.08483004
AT3G07560,0.25818172
AT3G07565,0.019081656
AT3G07570,0.3728529
AT3G07580,0.24415813
AT3G07590,0.097297944
AT3G07600,0.016242612
AT3G07610,-0.075632736
AT3G07620,0.00012036212
AT3G07630,0.13005087
AT3G07640,0.16083091
AT3G07650,0.3469325
AT3G07660,0.07552823
AT3G07670,-0.28028226
AT3G07680,0.17655206
AT3G07690,0.124486245
AT3G07700,0.3875074
AT3G07710,0.00011507626
AT3G07720,0.42478192
AT3G07730,-0.010869605
AT3G07740,-0.06901948
AT3G07750,0.04809842
AT3G07760,0.09133795
AT3G07770,-0.19103886
AT3G07780,0.23547842
AT3G07790,0.14835823
AT3G07800,0.34125146
AT3G07810,0.10679637
AT3G07820,0.0005569795
AT3G07830,0.00014193372
AT3G07840,0.0010709917
AT3G07850,0.016772365
AT3G07860,0.028013308
AT3G07870,-0.042039104
AT3G07880,-0.06595949
AT3G07890,-0.040321425
AT3G07900,0.016051479
AT3G07910,0.3313457
AT3G07920,-0.011721588
AT3G07930,-0.03971896
AT3G07940,-0.10724773
AT3G07950,0.15684614
AT3G07960,-0.26636896
AT3G07970,1.6165593
AT3G07980,0.19856334
AT3G07990,-0.3361778
AT3G08000,-0.15509792
AT3G08010,-0.09067814
AT3G08020,-0.12145703
AT3G08030,-0.39695323
AT3G08040,0.29968587
AT3G08490,-0.13429797
AT3G08500,0.06262402
AT3G08505,-0.16242059
AT3G08510,-0.24341083
AT3G08530,0.1314703
AT3G08550,0.018160699
AT3G08560,0.0011905828
AT3G08570,-0.4033925
AT3G08580,0.30927303
AT3G08590,0.22905393
AT3G08600,-0.2656684
AT3G08610,0.26732925
AT3G08620,-0.15525064
AT3G08630,0.4256078
AT3G08636,0.00060337206
AT3G08640,0.5572524
AT3G08650,0.2430004
AT3G08660,-0.66516
AT3G08670,-0.34344548
AT3G08680,-0.45986804
AT3G08690,0.36868387
AT3G08700,0.097011216
AT3G08710,0.2860494
AT3G08720,0.80950195
AT3G08730,0.1662884
AT3G08740,-0.04189522
AT3G08750,0.066958316
AT3G08760,0.696418
AT3G08770,0.14305931
AT3G08780,0.08586248
AT3G08790,0.004471339
AT3G08800,-0.11291401
AT3G08810,0.062421735
AT3G08820,-0.12726364
AT3G08840,-0.14489809
AT3G08850,0.028329428
AT3G08860,0.41653436
AT3G08870,0.4155276
AT3G08880,0.039000597
AT3G08890,-0.17165442
AT3G08900,0.048805293
AT3G08910,0.16492477
AT3G08920,-0.45769998
AT3G08930,-4.9486443e-05
AT3G08940,-0.41296008
AT3G08943,0.10285733
AT3G08947,0.010523446
AT3G08950,0.22333919
AT3G08960,-0.037445165
AT3G08970,0.7049261
AT3G08980,-0.061243266
AT3G08990,0.4462297
AT3G09000,0.3582713
AT3G09010,1.1084834
AT3G09020,0.38493657
AT3G09030,0.08602261
AT3G09032,0.17336103
AT3G09035,-0.3744281
AT3G09040,-0.016546946
AT3G09050,-0.38455868
AT3G09055,0.122208625
AT3G09060,-0.12306082
AT3G09070,-0.385345
AT3G09080,-0.032053635
AT3G09085,0.3664053
AT3G09090,-0.015856396
AT3G09100,0.067636155
AT3G09110,-0.00043661738
AT3G09120,0.0005569795
AT3G09130,0.0038300152
AT3G09140,0.0
AT3G09150,0.060788795
AT3G09160,-0.33573633
AT3G09162,-0.3855435
AT3G09180,0.14734575
AT3G09190,-0.40730354
AT3G09200,0.26869887
AT3G09210,-0.24362817
AT3G09220,3.8782256
AT3G09230,-0.26170892
AT3G09240,-0.0043673343
AT3G09250,0.058603846
AT3G09260,0.31109643
AT3G09270,1.6689998
AT3G09280,0.050247546
AT3G09290,0.06398269
AT3G09300,0.08792203
AT3G09310,-0.2659948
AT3G09320,0.09143962
AT3G09330,-0.11389332
AT3G09340,0.07504293
AT3G09350,0.9851927
AT3G09360,-0.078597374
AT3G09370,-0.09471331
AT3G09380,0.00014290567
AT3G09390,0.7360759
AT3G09400,0.12903869
AT3G09405,1.7036455
AT3G09410,-0.3325397
AT3G09430,0.08202246
AT3G09440,0.739252
AT3G09450,0.5381639
AT3G09455,0.018111162
AT3G09470,-0.09454216
AT3G09480,0.29894593
AT3G09490,0.59158903
AT3G09500,-0.14999104
AT3G09510,0.0
AT3G09520,1.1166763
AT3G09530,0.0029125537
AT3G09540,-0.33744028
AT3G09550,-0.25467893
AT3G09560,0.10375065
AT3G09570,0.28442425
AT3G09580,-0.20711115
AT3G09590,-0.0039515146
AT3G09600,-0.2675479
AT3G09620,-0.029498657
AT3G09630,0.11396298
AT3G09640,0.019334497
AT3G09650,-0.29303765
AT3G09660,-0.15534571
AT3G09670,-0.09790618
AT3G09680,0.026307
AT3G09690,0.06482918
AT3G09700,0.054892067
AT3G09710,-0.2644454
AT3G09720,0.12514606
AT3G09730,-0.116352335
AT3G09735,0.34783942
AT3G09740,0.12591124
AT3G09750,0.016369717
AT3G09760,-0.039273303
AT3G09770,-0.0508
AT3G09780,-0.11246507
AT3G09790,-0.04951383
AT3G09800,-0.3656546
AT3G09810,0.8228454
AT3G09820,-0.14808951
AT3G09830,0.33251053
AT3G09840,0.29946375
AT3G09850,0.03477516
AT3G09860,-0.25805598
AT3G09863,3.8775608e-05
AT3G09870,-0.008456104
AT3G09880,-0.043506734
AT3G09890,0.1467326
AT3G09900,-0.027066562
AT3G09910,0.2697104
AT3G09920,-0.027169818
AT3G09925,-0.013347928
AT3G09930,-3.911016e-05
AT3G09940,1.239681
AT3G09950,0.102632865
AT3G09960,0.7537111
AT3G09970,0.052400175
AT3G09980,-0.45631784
AT3G09990,0.0
AT3G10000,0.00043804056
AT3G10010,0.02246561
AT3G10020,-0.12151437
AT3G10030,-0.09092243
AT3G10040,-0.4993534
AT3G10050,0.10285331
AT3G10060,-0.6036348
AT3G10070,0.27797458
AT3G10080,-0.46443048
AT3G10090,0.08949618
AT3G10110,0.06077842
AT3G10113,-0.0101226745
AT3G10116,-0.012868516
AT3G10120,-0.53585494
AT3G10130,-0.050436884
AT3G10140,-0.19093095
AT3G10150,-0.26465872
AT3G10160,-0.41644877
AT3G10180,-0.30076873
AT3G10185,-0.019302484
AT3G10190,-0.09720718
AT3G10195,0.0
AT3G10200,-0.40787762
AT3G10210,-0.029847633
AT3G10220,-0.005205541
AT3G10230,-0.112159185
AT3G10240,0.00028504126
AT3G10250,0.018484924
AT3G10260,0.09096103
AT3G10270,-0.16498873
AT3G10280,-0.012177789
AT3G10290,0.071906045
AT3G10300,0.56107664
AT3G10310,-0.17253134
AT3G10320,1.8563064
AT3G10330,-0.05549244
AT3G10340,0.57175934
AT3G10350,-0.08598573
AT3G10360,-0.3033705
AT3G10370,0.42705977
AT3G10380,0.28080875
AT3G10390,-0.11453594
AT3G10400,0.03061489
AT3G10405,-0.5037752
AT3G10410,0.27899203
AT3G10420,-0.072090045
AT3G10430,0.0005569795
AT3G10439,0.0
AT3G10440,-0.22348717
AT3G10450,0.6413487
AT3G10455,0.0004115544
AT3G10460,0.0010084801
AT3G10470,0.109602846
AT3G10480,-0.012194057
AT3G10490,0.13965322
AT3G10500,0.7630171
AT3G10510,0.13910481
AT3G10520,-1.0776004
AT3G10525,-0.27440032
AT3G10527,0.016846318
AT3G10530,0.07452299
AT3G10540,-0.0146698905
AT3G10550,0.46923125
AT3G10560,0.22960582
AT3G10570,-0.18474182
AT3G10572,-0.057477918
AT3G10580,0.0
AT3G10585,0.0010709917
AT3G10590,0.1921566
AT3G10595,0.0001217937
AT3G10600,-0.13798267
AT3G10605,-0.014602609
AT3G10610,0.109120585
AT3G10620,0.051001865
AT3G10630,-0.0937975
AT3G10640,0.641093
AT3G10650,0.0626655
AT3G10660,0.45634964
AT3G10670,0.13237707
AT3G10680,-0.33564758
AT3G10690,-0.039374713
AT3G10700,-0.21334092
AT3G10710,-0.0049219024
AT3G10720,-0.38703388
AT3G10730,-0.035773635
AT3G10740,0.21753074
AT3G10750,0.23716734
AT3G10760,-0.31149927
AT3G10770,0.033311374
AT3G10780,0.1159564
AT3G10790,0.096719086
AT3G10800,0.2706292
AT3G10810,-0.2509113
AT3G10820,-0.10161538
AT3G10840,-0.6767656
AT3G10845,0.0033897168
AT3G10850,-0.17321013
AT3G10860,0.30906922
AT3G10870,-0.10371341
AT3G10880,-0.028224966
AT3G10890,-0.008059525
AT3G10900,0.0
AT3G10910,-0.20562227
AT3G10915,0.13194981
AT3G10920,0.2559242
AT3G10930,0.8033673
AT3G10940,-0.57865363
AT3G10950,0.0005569795
AT3G10960,0.28391206
AT3G10970,0.02201299
AT3G10974,0.0
AT3G10980,0.06835986
AT3G10985,1.0731828
AT3G10986,0.01285141
AT3G10990,0.0
AT3G11000,-0.012237069
AT3G11010,0.81220424
AT3G11020,0.2719662
AT3G11030,-0.042682897
AT3G11040,-0.05197955
AT3G11050,0.09839354
AT3G11060,3.0988496e-05
AT3G11070,-0.023293143
AT3G11080,0.73404276
AT3G11090,-0.19764836
AT3G11100,0.02821155
AT3G11110,-0.39438516
AT3G11130,0.20780304
AT3G11150,1.4877601
AT3G11160,-0.06732359
AT3G11165,-0.0052009514
AT3G11170,-0.2930507
AT3G11180,0.012492103
AT3G11200,0.22905937
AT3G11210,-0.069037884
AT3G11220,0.18034315
AT3G11230,0.3393633
AT3G11240,-0.18967035
AT3G11250,0.054279435
AT3G11260,0.058784787
AT3G11270,0.35857242
AT3G11280,-0.122465014
AT3G11290,-0.17606327
AT3G11300,0.0
AT3G11310,0.0
AT3G11320,0.23208013
AT3G11325,0.061703965
AT3G11330,0.5450564
AT3G11340,2.3796163
AT3G11350,0.0
AT3G11370,0.011428427
AT3G11380,0.0
AT3G11385,-0.0014289167
AT3G11390,0.010369829
AT3G11397,0.11306689
AT3G11400,0.052516893
AT3G11402,0.49885672
AT3G11405,-0.00014002249
AT3G11410,0.26504758
AT3G11420,0.37173617
AT3G11430,2.5844483
AT3G11440,0.01322042
AT3G11450,-0.03448541
AT3G11460,-0.061950885
AT3G11470,-0.028230725
AT3G11480,2.117564
AT3G11490,-0.29438847
AT3G11500,0.0031974877
AT3G11510,0.15155104
AT3G11520,-0.018919919
AT3G11530,0.16055614
AT3G11540,-0.037342012
AT3G11550,-0.0040237326
AT3G11570,0.7766898
AT3G11580,0.6910747
AT3G11590,-0.3163131
AT3G11591,0.1647975
AT3G11600,0.36571097
AT3G11620,-0.18078546
AT3G11630,-0.2933909
AT3G11640,-0.11450209
AT3G11650,0.1598635
AT3G11660,0.031631622
AT3G11670,-0.35722342
AT3G11680,-0.00047736775
AT3G11690,0.18122947
AT3G11700,-0.47396815
AT3G11710,0.015285167
AT3G11720,-0.20630875
AT3G11730,-0.13420568
AT3G11740,0.004006063
AT3G11745,-0.07282584
AT3G11750,-0.12991367
AT3G11760,-0.107929334
AT3G11770,0.3984587
AT3G11773,0.3010529
AT3G11780,0.568656
AT3G11800,0.15742563
AT3G11810,0.10323394
AT3G11820,0.60858065
AT3G11825,-4.668057e-05
AT3G11830,0.032140594
AT3G11840,0.7270403
AT3G11850,-0.09114351
AT3G11860,0.0054012914
AT3G11870,-0.00061601755
AT3G11880,0.0725861
AT3G11890,-0.011695917
AT3G11900,0.20226592
AT3G11910,0.043015424
AT3G11920,0.1360226
AT3G11930,0.17762688
AT3G11940,0.16444324
AT3G11945,-0.13468465
AT3G11950,-0.061542556
AT3G11960,0.053790383
AT3G11964,0.016641557
AT3G11980,-0.009662152
AT3G11990,0.0
AT3G12000,0.00013509371
AT3G12010,-0.04181294
AT3G12020,-0.2133024
AT3G12030,0.20777264
AT3G12040,0.19212773
AT3G12050,0.10651078
AT3G12060,0.096548185
AT3G12070,0.22524698
AT3G12080,-0.11702827
AT3G12090,0.03510108
AT3G12100,0.029077778
AT3G12110,-0.118151665
AT3G12120,-0.26272213
AT3G12130,0.10689801
AT3G12140,0.1335403
AT3G12145,-0.41487503
AT3G12150,-0.16567338
AT3G12160,-0.0013726868
AT3G12170,-0.04572495
AT3G12180,0.110917754
AT3G12190,-0.00047572755
AT3G12200,-0.07375097
AT3G12203,-8.550458e-05
AT3G12210,0.018660516
AT3G12220,0.9698785
AT3G12230,0.9717641
AT3G12240,-0.0032524243
AT3G12250,0.09305732
AT3G12260,0.101826325
AT3G12270,0.046431378
AT3G12280,0.010244036
AT3G12290,0.062532194
AT3G12300,0.22766453
AT3G12320,-0.3101521
AT3G12340,-0.22920358
AT3G12345,-0.32218766
AT3G12350,-0.03403999
AT3G12360,0.19702774
AT3G12370,0.15680979
AT3G12380,0.009569826
AT3G12390,-0.04927353
AT3G12400,0.2957681
AT3G12410,-0.005125861
AT3G12420,0.0
AT3G12430,0.0
AT3G12440,0.0
AT3G12460,-0.055552244
AT3G12470,-0.0014289167
AT3G12480,0.121619
AT3G12490,0.3415434
AT3G12500,1.6116568
AT3G12510,1.2473693
AT3G12520,-0.32518157
AT3G12530,-0.000844552
AT3G12540,0.013904603
AT3G12545,0.0011367555
AT3G12550,-0.26270536
AT3G12560,-0.30946407
AT3G12570,0.14933471
AT3G12580,0.68623704
AT3G12587,0.16062552
AT3G12590,-0.08860609
AT3G12600,0.104554154
AT3G12610,-1.0414186
AT3G12620,0.29187453
AT3G12630,0.28430527
AT3G12640,0.046938665
AT3G12650,0.12595813
AT3G12660,0.0
AT3G12670,-0.027859999
AT3G12680,0.023229348
AT3G12685,-0.24318938
AT3G12690,-0.41936177
AT3G12700,0.97767586
AT3G12710,-0.6927087
AT3G12720,-0.0012324251
AT3G12730,0.19612882
AT3G12740,0.5681384
AT3G12750,-0.10570461
AT3G12760,0.07278976
AT3G12770,-0.037684567
AT3G12775,0.00848441
AT3G12780,-0.4783875
AT3G12800,0.61366665
AT3G12810,-0.10818304
AT3G12820,-0.18113804
AT3G12830,0.65473545
AT3G12833,0.048685502
AT3G12835,-0.0005786852
AT3G12840,0.0011950937
AT3G12850,0.005188897
AT3G12860,-0.011620882
AT3G12870,-0.06689349
AT3G12880,0.014213628
AT3G12890,0.078521155
AT3G12900,-0.013172186
AT3G12910,0.717209
AT3G12915,-0.4026214
AT3G12920,-0.5055463
AT3G12930,-0.16110006
AT3G12940,-0.16343148
AT3G12950,-0.13429415
AT3G12955,-0.04532377
AT3G12960,0.037308753
AT3G12970,0.06413407
AT3G12977,0.0097186
AT3G12980,0.12217404
AT3G12990,-0.05027955
AT3G13000,-0.6553929
AT3G13010,-0.014409521
AT3G13020,0.02101652
AT3G13030,-0.50335616
AT3G13040,-0.02278819
AT3G13050,0.50773
AT3G13060,-0.097291134
AT3G13062,-0.06591467
AT3G13065,-0.2508292
AT3G13070,0.18689288
AT3G13075,-1.4978237e-05
AT3G13080,0.33696342
AT3G13090,0.25258562
AT3G13100,0.8566302
AT3G13110,0.3657052
AT3G13120,-0.40265194
AT3G13130,0.07697324
AT3G13140,0.0005117316
AT3G13150,-0.016573949
AT3G13160,0.14004631
AT3G13170,0.019493284
AT3G13175,0.016454272
AT3G13180,-0.32458308
AT3G13190,-0.5053863
AT3G13200,0.17528887
AT3G13210,0.053145807
AT3G13220,-0.00018371837
AT3G13222,-0.2047275
AT3G13224,0.26216668
AT3G13225,-0.15256336
AT3G13226,-0.031766918
AT3G13227,-0.011525819
AT3G13228,0.0033110883
AT3G13229,-0.13158028
AT3G13230,0.21912394
AT3G13235,0.2659644
AT3G13240,-0.38535547
AT3G13275,0.23697005
AT3G13276,0.015777797
AT3G13280,0.04551827
AT3G13290,0.014224812
AT3G13300,0.047369875
AT3G13310,0.33710766
AT3G13320,0.2618947
AT3G13330,0.5419723
AT3G13340,-0.06403934
AT3G13350,-0.07823465
AT3G13360,-0.19110022
AT3G13370,0.0
AT3G13380,1.0768155
AT3G13390,-0.00053918624
AT3G13400,0.0012093787
AT3G13403,-0.0059607164
AT3G13404,-0.023880914
AT3G13410,0.14577587
AT3G13420,-0.1612974
AT3G13430,0.5267511
AT3G13432,0.37118718
AT3G13433,1.4536588
AT3G13435,0.32755932
AT3G13437,0.027168632
AT3G13440,-0.09134949
AT3G13445,0.026235972
AT3G13450,0.71924347
AT3G13460,-0.05180665
AT3G13470,-0.029653411
AT3G13480,-0.015632994
AT3G13490,-0.0038531858
AT3G13500,0.3041103
AT3G13510,-0.5919172
AT3G13520,0.29183334
AT3G13530,-0.10623802
AT3G13540,-0.054506082
AT3G13550,0.05341806
AT3G13560,-0.18490681
AT3G13570,-0.08930016
AT3G13580,-0.025428234
AT3G13590,-0.30608433
AT3G13600,0.30296388
AT3G13610,2.475088
AT3G13620,-0.20083559
AT3G13624,0.0
AT3G13630,0.0017950721
AT3G13640,-0.047913462
AT3G13650,0.7625599
AT3G13660,0.20484303
AT3G13662,-0.00086611026
AT3G13670,0.3085054
AT3G13672,0.5008164
AT3G13674,0.0817657
AT3G13677,-0.18795581
AT3G13680,0.0015166823
AT3G13682,-0.30352372
AT3G13690,-0.63047284
AT3G13700,-0.44305634
AT3G13710,-0.6167882
AT3G13720,0.37437844
AT3G13730,-0.315135
AT3G13750,-0.29098347
AT3G13760,-0.019683525
AT3G13770,-0.16286631
AT3G13772,-0.018812219
AT3G13780,-0.06412696
AT3G13782,0.06000402
AT3G13784,0.051988453
AT3G13790,1.194527
AT3G13800,0.050901625
AT3G13810,-0.012430994
AT3G13820,0.039164953
AT3G13825,0.0
AT3G13830,-0.0034571518
AT3G13840,0.033560593
AT3G13845,0.067342326
AT3G13850,-0.060744613
AT3G13855,0.0
AT3G13860,-0.061403684
AT3G13870,0.13767317
AT3G13880,-0.093460426
AT3G13882,-0.18118414
AT3G13890,0.0001421356
AT3G13898,0.0153479865
AT3G13900,0.02587129
AT3G13910,0.73566645
AT3G13920,0.27880135
AT3G13930,0.31623587
AT3G13940,0.016869565
AT3G13950,2.3703809
AT3G13960,0.027854752
AT3G13970,-0.16684341
AT3G13980,-0.6413924
AT3G13990,0.13908152
AT3G14000,-0.26137385
AT3G14010,0.064914405
AT3G14020,-0.115998544
AT3G14030,0.0
AT3G14040,0.0
AT3G14050,0.684419
AT3G14060,1.5720148
AT3G14067,-0.2404464
AT3G14070,0.28904757
AT3G14075,0.19417071
AT3G14080,0.066886954
AT3G14090,0.28159583
AT3G14100,-0.13890824
AT3G14110,-0.24226938
AT3G14120,-0.14735883
AT3G14130,0.21442714
AT3G14140,0.0013578292
AT3G14150,-0.5639315
AT3G14160,0.12663351
AT3G14170,-0.02819332
AT3G14172,0.063006595
AT3G14180,0.119528495
AT3G14190,0.08428656
AT3G14200,-0.062572226
AT3G14205,-0.12299647
AT3G14210,-0.71345633
AT3G14220,-0.34444112
AT3G14225,0.3412988
AT3G14230,0.05070106
AT3G14240,-0.62795246
AT3G14250,0.00067121006
AT3G14260,3.6874462e-05
AT3G14270,0.2388946
AT3G14280,0.4176883
AT3G14290,0.09659135
AT3G14300,0.017491255
AT3G14310,-0.3824847
AT3G14320,0.0044922265
AT3G14330,-0.46234688
AT3G14340,0.0076024397
AT3G14350,-0.20781107
AT3G14360,-0.060910687
AT3G14362,-0.007845443
AT3G14370,-0.016113287
AT3G14380,-0.059326436
AT3G14390,-0.0035326893
AT3G14395,0.21441445
AT3G14400,0.107108116
AT3G14410,-0.06262716
AT3G14415,-0.48572662
AT3G14420,-0.6115966
AT3G14430,0.4164931
AT3G14440,0.7852041
AT3G14450,-0.59150994
AT3G14452,0.0015078938
AT3G14460,1.0264404
AT3G14463,-0.013026528
AT3G14467,0.061469816
AT3G14470,0.6016412
AT3G14480,0.00029664426
AT3G14490,0.0005421703
AT3G14510,-0.002824113
AT3G14520,0.0
AT3G14530,-0.002428245
AT3G14540,-0.0029367185
AT3G14550,-0.03918975
AT3G14560,0.34444678
AT3G14570,-0.53621393
AT3G14580,-0.17994307
AT3G14590,0.41492617
AT3G14595,0.16460651
AT3G14600,0.03243615
AT3G14610,0.23975572
AT3G14620,1.0888458
AT3G14630,0.36044618
AT3G14640,0.010715495
AT3G14650,-0.2893677
AT3G14660,0.041135713
AT3G14670,0.08575909
AT3G14680,0.8714452
AT3G14690,0.24166462
AT3G14700,0.14407337
AT3G14710,-0.11944329
AT3G14720,0.27709588
AT3G14730,-0.12001337
AT3G14740,-0.23634091
AT3G14750,0.13244152
AT3G14760,0.09002227
AT3G14770,1.8193074
AT3G14780,0.17269385
AT3G14790,0.17933713
AT3G14810,0.023874227
AT3G14820,0.0182966
AT3G14830,0.04418941
AT3G14840,0.1772235
AT3G14850,1.2163306
AT3G14860,-0.15413198
AT3G14870,0.060655124
AT3G14880,0.006655459
AT3G14890,-0.34267434
AT3G14900,0.1500006
AT3G14910,0.09332263
AT3G14920,0.11508219
AT3G14930,-0.18618406
AT3G14940,0.04984274
AT3G14950,-0.0040001716
AT3G14960,0.23363774
AT3G14970,0.0
AT3G14980,-0.37066543
AT3G14981,0.00010083215
AT3G14990,0.90998334
AT3G15000,0.117268614
AT3G15010,0.06785409
AT3G15020,0.60815144
AT3G15030,-0.31355026
AT3G15040,0.3500996
AT3G15050,-0.015396303
AT3G15060,0.52580637
AT3G15070,-0.03163017
AT3G15080,0.18304968
AT3G15090,-0.034149718
AT3G15095,-0.84255683
AT3G15110,-0.17429276
AT3G15110,-0.17429276
AT3G15111,0.0
AT3G15120,-0.16924754
AT3G15130,-0.050149087
AT3G15140,-0.0057378365
AT3G15150,-0.22638957
AT3G15160,0.007503573
AT3G15170,-0.15259728
AT3G15180,0.2066261
AT3G15190,-0.2649666
AT3G15200,-0.21792002
AT3G15210,0.3075931
AT3G15220,-0.32741398
AT3G15240,-0.042952377
AT3G15250,0.00047091974
AT3G15251,0.0
AT3G15260,-0.12078205
AT3G15270,0.24361676
AT3G15280,-0.038418762
AT3G15290,0.1346446
AT3G15300,0.04062558
AT3G15340,0.0004625483
AT3G15348,0.0
AT3G15350,-0.09645463
AT3G15351,-0.024157481
AT3G15352,0.7978419
AT3G15353,-0.13179149
AT3G15354,-0.4474121
AT3G15355,0.12537108
AT3G15356,1.398427
AT3G15357,0.027829655
AT3G15359,-0.00084638875
AT3G15360,-0.10818558
AT3G15370,0.02445105
AT3G15380,-0.25461265
AT3G15390,-0.13626659
AT3G15395,-0.015225021
AT3G15400,-0.16357668
AT3G15410,-0.14778374
AT3G15420,-0.06555041
AT3G15430,0.19319625
AT3G15440,0.3763257
AT3G15450,0.34216186
AT3G15460,-0.23072745
AT3G15470,-0.16473383
AT3G15480,-0.24002822
AT3G15490,0.0012163847
AT3G15500,1.5510483
AT3G15510,-0.40264153
AT3G15518,0.976631
AT3G15520,-0.5150686
AT3G15530,-0.42590728
AT3G15534,0.81279826
AT3G15540,-0.33991185
AT3G15548,0.0
AT3G15550,-0.13077411
AT3G15570,-0.9368155
AT3G15578,0.0
AT3G15580,0.36073953
AT3G15590,-0.13340282
AT3G15604,0.0
AT3G15605,0.0009970687
AT3G15610,-0.21955223
AT3G15620,-0.012470164
AT3G15630,0.25101182
AT3G15635,-0.002414452
AT3G15640,-0.06899449
AT3G15650,-0.35985735
AT3G15660,0.27804407
AT3G15670,0.043810435
AT3G15680,-0.45785376
AT3G15690,-0.036016013
AT3G15700,0.00042138857
AT3G15710,0.029555196
AT3G15720,-0.6400198
AT3G15730,0.027147861
AT3G15740,0.031249648
AT3G15750,-0.11294617
AT3G15760,0.59741086
AT3G15770,0.16243017
AT3G15780,0.007962732
AT3G15790,-0.44997558
AT3G15800,-0.18196116
AT3G15810,0.2119213
AT3G15820,0.38680634
AT3G15830,0.17761926
AT3G15840,-0.022905169
AT3G15850,-0.41914102
AT3G15860,0.0037449575
AT3G15870,0.0007993876
AT3G15880,0.16170359
AT3G15890,-0.14713563
AT3G15900,0.1179191
AT3G15909,0.0
AT3G15910,0.0
AT3G15920,-0.09833172
AT3G15930,-0.15894167
AT3G15940,-0.1931397
AT3G15950,-0.33268917
AT3G15960,0.0038029025
AT3G15970,-0.18195316
AT3G15980,0.030777618
AT3G15990,0.40723893
AT3G16000,-0.4365615
AT3G16010,-0.29952842
AT3G16020,-0.063627265
AT3G16030,-0.014745182
AT3G16040,0.025245566
AT3G16050,0.12383187
AT3G16060,-0.20021442
AT3G16070,-0.21509948
AT3G16080,0.15973337
AT3G16090,0.01918548
AT3G16100,-0.26918495
AT3G16110,0.024092529
AT3G16117,0.0
AT3G16120,-0.005878107
AT3G16130,0.0015371378
AT3G16140,-0.32139254
AT3G16150,2.1751387
AT3G16160,0.005776401
AT3G16170,0.14889853
AT3G16175,-0.22146493
AT3G16180,-0.71147156
AT3G16190,0.18352264
AT3G16200,-0.1179791
AT3G16210,0.14868732
AT3G16220,0.22054479
AT3G16230,-0.16226694
AT3G16240,-0.5499906
AT3G16250,-0.86230975
AT3G16260,-0.26957357
AT3G16270,0.23072222
AT3G16280,0.39195022
AT3G16290,-0.32013366
AT3G16300,0.03645178
AT3G16310,0.11550677
AT3G16320,-0.030678533
AT3G16330,1.2922928
AT3G16340,0.19601507
AT3G16350,-0.1599689
AT3G16360,-0.83108634
AT3G16370,-0.88704073
AT3G16380,-0.04009163
AT3G16390,0.017969847
AT3G16400,-0.043425247
AT3G16410,0.10636963
AT3G16420,-0.05268865
AT3G16430,-0.01570044
AT3G16432,0.0
AT3G16440,0.0040711216
AT3G16450,0.21014263
AT3G16460,-0.17083073
AT3G16470,-0.6216705
AT3G16480,0.05212167
AT3G16490,0.06267949
AT3G16500,0.20856358
AT3G16510,0.49201494
AT3G16520,-0.21284734
AT3G16525,0.0
AT3G16530,1.1442116
AT3G16540,0.016781243
AT3G16550,0.0
AT3G16555,0.006379161
AT3G16560,-0.021753516
AT3G16565,0.38481984
AT3G16570,-0.11317964
AT3G16580,0.00043666118
AT3G16590,-0.013157628
AT3G16600,0.0027312308
AT3G16610,-0.23293738
AT3G16620,-0.21608186
AT3G16630,-0.009801129
AT3G16640,0.11955476
AT3G16650,-0.044989526
AT3G16660,-0.32706138
AT3G16670,-0.0888344
AT3G16680,0.0018021795
AT3G16690,-0.4211973
AT3G16700,-0.069024034
AT3G16710,-0.056984276
AT3G16712,-0.0007755558
AT3G16720,0.44271985
AT3G16730,-0.16111144
AT3G16740,0.05041891
AT3G16750,-0.3436408
AT3G16760,0.16042367
AT3G16770,-0.104198046
AT3G16780,-0.061913297
AT3G16785,0.31404573
AT3G16800,-0.6015853
AT3G16810,-0.047599968
AT3G16820,0.0
AT3G16830,-0.017757878
AT3G16840,-0.20020835
AT3G16850,-0.39068598
AT3G16857,-0.03038915
AT3G16860,1.1939539
AT3G16870,0.29591426
AT3G16880,0.0005073407
AT3G16890,-0.14121124
AT3G16895,0.0007314364
AT3G16900,0.13802241
AT3G16910,0.35051915
AT3G16920,0.42084935
AT3G16930,-0.00036896742
AT3G16940,-0.12060392
AT3G16950,-0.15251647
AT3G16960,0.0
AT3G16970,0.0
AT3G16980,-0.073166326
AT3G16990,0.40466273
AT3G17000,0.39912274
AT3G17010,0.1932075
AT3G17020,0.10241016
AT3G17030,-0.098941565
AT3G17040,-0.5743169
AT3G17050,0.0
AT3G17060,4.3429653e-05
AT3G17070,-0.47134352
AT3G17080,0.0
AT3G17090,-0.0016786744
AT3G17100,-0.35054874
AT3G17120,-0.78360873
AT3G17130,-0.27792528
AT3G17140,0.0
AT3G17145,0.0
AT3G17152,0.00044455891
AT3G17155,0.0
AT3G17160,-0.34283864
AT3G17170,-0.20324366
AT3G17180,0.29848993
AT3G17190,0.0
AT3G17205,0.12848757
AT3G17210,0.0030719421
AT3G17220,-0.0009838934
AT3G17225,-0.002715883
AT3G17227,0.0016447238
AT3G17230,0.0
AT3G17240,0.56474775
AT3G17250,-0.08988668
AT3G17261,0.0
AT3G17265,-0.12391548
AT3G17270,0.0015238296
AT3G17280,-0.2817074
AT3G17310,-0.34252575
AT3G17320,-0.0011650919
AT3G17330,-0.691422
AT3G17340,-0.011916389
AT3G17350,-0.48432848
AT3G17360,-0.09415154
AT3G17365,-0.1123448
AT3G17370,0.0
AT3G17380,0.00033486783
AT3G17390,-0.1739264
AT3G17400,0.022515386
AT3G17410,0.48753554
AT3G17420,0.7200229
AT3G17430,-0.048560593
AT3G17440,0.051710255
AT3G17450,-0.01576015
AT3G17460,-0.100503854
AT3G17465,-0.082887895
AT3G17470,-0.36458007
AT3G17480,-0.000107701744
AT3G17490,0.0
AT3G17500,0.0
AT3G17510,-0.3713225
AT3G17520,0.17493674
AT3G17530,0.0
AT3G17540,0.0
AT3G17550,0.0
AT3G17560,0.0
AT3G17570,-0.0011155814
AT3G17580,-0.12705727
AT3G17590,-0.06731532
AT3G17600,0.052152697
AT3G17609,0.306719
AT3G17611,0.21554527
AT3G17620,0.016630413
AT3G17626,0.12297553
AT3G17630,-0.2900962
AT3G17640,-1.0320069
AT3G17650,-0.254096
AT3G17655,0.051157698
AT3G17660,-0.2651781
AT3G17670,-0.10508424
AT3G17675,-8.661399e-06
AT3G17680,-0.17933607
AT3G17690,-0.18793932
AT3G17700,0.31110135
AT3G17710,0.03855619
AT3G17712,-0.1252418
AT3G17717,0.18833567
AT3G17720,-0.010799462
AT3G17730,-0.062840395
AT3G17740,-0.16356073
AT3G17750,-0.23994952
AT3G17760,0.05045348
AT3G17765,0.0
AT3G17770,0.7324242
AT3G17780,0.5034822
AT3G17790,0.6278965
AT3G17800,0.2214882
AT3G17810,0.6535012
AT3G17820,0.60633063
AT3G17830,-0.1961052
AT3G17840,-0.08883875
AT3G17850,-0.05632259
AT3G17860,-0.08546425
AT3G17880,0.012226129
AT3G17890,-0.13927777
AT3G17900,-0.10622603
AT3G17910,0.2690913
AT3G17920,-0.063615255
AT3G17930,-0.29391047
AT3G17940,0.18898639
AT3G17950,-0.07999068
AT3G17970,0.10939894
AT3G17980,0.10830972
AT3G18000,-0.45501152
AT3G18010,0.1043353
AT3G18020,-0.09756422
AT3G18030,0.14071323
AT3G18035,-0.102195665
AT3G18040,-0.24102652
AT3G18050,-0.67243254
AT3G18060,0.0063760863
AT3G18070,-0.2687271
AT3G18080,-0.42965126
AT3G18090,-0.7217648
AT3G18100,-0.098834984
AT3G18110,-0.6286427
AT3G18120,0.0
AT3G18130,0.22891055
AT3G18140,0.06447098
AT3G18150,0.0
AT3G18160,-0.40683028
AT3G18165,0.08523072
AT3G18170,0.32898802
AT3G18180,-0.0017366956
AT3G18190,0.08193937
AT3G18200,-0.0085013565
AT3G18210,-0.2545914
AT3G18215,-0.15406771
AT3G18220,0.0
AT3G18230,0.09807382
AT3G18235,0.0041230232
AT3G18240,-0.28278726
AT3G18250,1.4186115
AT3G18260,-0.06919546
AT3G18280,0.88241583
AT3G18282,0.00057807955
AT3G18290,0.15828082
AT3G18291,0.0005073407
AT3G18295,-0.014755036
AT3G18300,-0.039188802
AT3G18310,-0.21220766
AT3G18320,-0.2391913
AT3G18330,-0.011586205
AT3G18340,0.0
AT3G18350,0.14802048
AT3G18360,0.046927817
AT3G18370,-0.060446195
AT3G18380,0.0873635
AT3G18390,-0.5021299
AT3G18400,0.1473385
AT3G18410,0.36075768
AT3G18420,0.23847322
AT3G18430,0.105919495
AT3G18440,0.5759645
AT3G18450,0.03404085
AT3G18460,0.0
AT3G18470,0.0
AT3G18480,-0.014510513
AT3G18485,-0.32563126
AT3G18490,-0.25145042
AT3G18500,-0.32688394
AT3G18510,-0.13254385
AT3G18518,0.0
AT3G18520,-0.0038971915
AT3G18524,-0.3470079
AT3G18530,-0.19532718
AT3G18535,-0.031473152
AT3G18550,0.21232036
AT3G18560,0.5650911
AT3G18570,0.015867675
AT3G18580,0.11709964
AT3G18590,0.0007825061
AT3G18600,0.07610844
AT3G18610,-0.22291245
AT3G18620,0.2097367
AT3G18630,-0.33639616
AT3G18640,0.021229643
AT3G18650,0.0
AT3G18660,0.22350608
AT3G18670,-0.061828233
AT3G18680,-0.2983619
AT3G18690,0.4396794
AT3G18700,0.0
AT3G18710,-0.43168908
AT3G18715,-0.012454465
AT3G18720,0.032360718
AT3G18730,-0.0078051663
AT3G18740,0.14206433
AT3G18750,-0.80174464
AT3G18760,0.100678355
AT3G18770,-0.13082577
AT3G18773,-0.40807477
AT3G18775,0.0
AT3G18780,-0.15524405
AT3G18790,-0.1291674
AT3G18800,-0.49641258
AT3G18810,0.0015395326
AT3G18820,0.20490423
AT3G18830,0.8316086
AT3G18840,-0.09007685
AT3G18850,-0.55029887
AT3G18860,0.015504484
AT3G18870,-0.20512895
AT3G18880,-0.13224238
AT3G18890,-0.73607314
AT3G18900,-0.18496445
AT3G18905,-0.00021570215
AT3G18910,-0.087962635
AT3G18915,-0.015017529
AT3G18930,0.21275216
AT3G18940,0.08339132
AT3G18950,1.4404999
AT3G18957,0.0
AT3G18960,-0.22855812
AT3G18970,-0.40705687
AT3G18980,-0.15327293
AT3G18990,-0.01600812
AT3G19000,-0.22347671
AT3G19010,0.58826333
AT3G19020,0.019363353
AT3G19030,0.2798528
AT3G19035,0.0
AT3G19040,-0.03675587
AT3G19050,-0.44832143
AT3G19055,0.0
AT3G19070,-0.00018958625
AT3G19080,-0.41076463
AT3G19085,-0.0013918735
AT3G19090,0.053352352
AT3G19100,0.14626712
AT3G19120,-0.22961785
AT3G19130,0.28450048
AT3G19140,0.0010709917
AT3G19150,0.20463994
AT3G19160,0.0003538183
AT3G19170,0.022926318
AT3G19180,-0.27980056
AT3G19184,0.037217062
AT3G19190,0.2507767
AT3G19200,-0.0037094008
AT3G19210,0.23525186
AT3G19220,-0.08213294
AT3G19230,-0.25903407
AT3G19240,0.06143265
AT3G19250,0.2084054
AT3G19260,0.7307855
AT3G19270,0.40306583
AT3G19274,0.00044684755
AT3G19280,0.050059117
AT3G19290,0.08538217
AT3G19300,-0.0023424788
AT3G19310,-0.06603183
AT3G19320,0.008546145
AT3G19330,-0.19895658
AT3G19340,-0.140408
AT3G19350,-0.0039665564
AT3G19360,0.12013495
AT3G19370,-0.75848776
AT3G19380,-0.17006186
AT3G19390,1.4784157
AT3G19400,-0.2721566
AT3G19410,0.0
AT3G19420,0.04210033
AT3G19430,-0.034641016
AT3G19440,-0.13889872
AT3G19450,-0.16997589
AT3G19460,0.064696126
AT3G19470,-0.23554848
AT3G19480,-0.6735768
AT3G19490,0.36360738
AT3G19500,-0.11595045
AT3G19508,0.23983172
AT3G19510,-0.18849695
AT3G19515,-0.36318833
AT3G19520,0.10639938
AT3G19530,0.0
AT3G19540,-0.23122635
AT3G19550,-0.19316941
AT3G19552,0.0059234705
AT3G19553,0.07210474
AT3G19560,-0.00090385904
AT3G19565,-0.0003496361
AT3G19570,-0.51093894
AT3G19580,0.7154031
AT3G19590,-0.11489431
AT3G19600,0.0
AT3G19610,0.08362145
AT3G19613,-0.0019257874
AT3G19615,1.6216316
AT3G19620,0.20186634
AT3G19630,0.1194888
AT3G19640,0.1329816
AT3G19650,-0.19173005
AT3G19660,0.6535109
AT3G19663,0.06690306
AT3G19670,-0.09409978
AT3G19680,0.15542394
AT3G19690,0.0013454948
AT3G19700,0.0123015065
AT3G19710,-1.1568673
AT3G19720,-0.46660978
AT3G19740,0.034470286
AT3G19760,0.09575167
AT3G19770,0.04641783
AT3G19780,-0.2147935
AT3G19790,-0.032453176
AT3G19800,-0.20841831
AT3G19810,-0.1548385
AT3G19820,-0.49614587
AT3G19830,0.08570497
AT3G19840,-0.03602039
AT3G19850,-0.5038451
AT3G19860,-0.19195797
AT3G19870,0.17266835
AT3G19880,0.0
AT3G19890,0.0
AT3G19895,0.08506084
AT3G19900,0.33607864
AT3G19910,0.49624616
AT3G19920,0.2690547
AT3G19930,0.10663102
AT3G19940,0.00014290567
AT3G19950,0.15479782
AT3G19960,0.17517355
AT3G19970,1.5624768
AT3G19980,0.07205882
AT3G19990,0.24869584
AT3G20000,0.090626046
AT3G20010,-0.14146408
AT3G20015,-0.5275969
AT3G20020,0.0054247635
AT3G20030,0.0
AT3G20040,-0.08664643
AT3G20050,0.0068070632
AT3G20060,0.247978
AT3G20070,-0.42496163
AT3G20080,-0.08930995
AT3G20090,-0.31881502
AT3G20100,-0.12108778
AT3G20110,0.59592205
AT3G20120,-0.28720415
AT3G20130,-0.068860464
AT3G20140,0.018512582
AT3G20150,-0.32566977
AT3G20155,0.0012621173
AT3G20160,0.01563388
AT3G20170,-0.02462448
AT3G20180,0.011179498
AT3G20190,0.0009398983
AT3G20200,-0.20065354
AT3G20210,0.016188927
AT3G20220,0.0019753815
AT3G20230,-0.17236885
AT3G20240,-0.20681997
AT3G20250,0.2538464
AT3G20260,-0.1483791
AT3G20270,0.013569194
AT3G20280,-0.08266136
AT3G20290,0.06704731
AT3G20300,0.23626941
AT3G20310,0.14364341
AT3G20320,-0.05781788
AT3G20330,0.08559635
AT3G20340,0.36475825
AT3G20350,-0.4192009
AT3G20360,0.04256344
AT3G20362,0.0015141204
AT3G20370,0.14121021
AT3G20380,0.068052575
AT3G20390,0.11471657
AT3G20395,0.18622038
AT3G20400,0.0
AT3G20410,0.56014204
AT3G20420,-0.12877156
AT3G20430,-0.088280246
AT3G20440,-0.057761088
AT3G20450,0.08964305
AT3G20460,-0.15110585
AT3G20470,0.012267373
AT3G20475,0.12689452
AT3G20480,-0.14565876
AT3G20490,0.28517047
AT3G20500,0.22623834
AT3G20510,0.6885113
AT3G20520,0.09050566
AT3G20530,-0.0021002423
AT3G20540,-0.08454861
AT3G20550,-0.0703493
AT3G20555,0.0
AT3G20557,0.0
AT3G20560,-0.13379882
AT3G20570,-0.38423043
AT3G20580,0.045088645
AT3G20590,-0.004526523
AT3G20600,0.8667886
AT3G20610,0.018575234
AT3G20620,-0.08509196
AT3G20630,0.19427697
AT3G20640,-0.36886382
AT3G20650,-0.007771127
AT3G20660,0.4436956
AT3G20670,0.6467712
AT3G20680,-0.18507563
AT3G20690,0.0005073407
AT3G20700,0.0005569795
AT3G20705,0.0
AT3G20710,0.041277405
AT3G20720,0.11565469
AT3G20730,-0.028160425
AT3G20740,-0.06268091
AT3G20750,0.0
AT3G20760,0.0019308208
AT3G20770,0.049449366
AT3G20780,-0.26414952
AT3G20790,-0.42915788
AT3G20800,0.22324319
AT3G20810,0.15332209
AT3G20820,-0.45430946
AT3G20830,-0.08744991
AT3G20840,-0.00032051254
AT3G20850,-0.00043661738
AT3G20860,0.36705104
AT3G20865,-0.096440114
AT3G20870,-0.09005902
AT3G20880,0.001055763
AT3G20890,0.08908261
AT3G20898,0.20495106
AT3G20900,-0.0035490918
AT3G20910,0.06680751
AT3G20920,0.08881338
AT3G20930,-0.26676255
AT3G20935,-0.00043660717
AT3G20940,-0.010452406
AT3G20950,0.0
AT3G20960,0.08951386
AT3G20970,0.21628489
AT3G20980,0.0
AT3G20993,0.0
AT3G20997,0.0
AT3G21000,-0.013859553
AT3G21055,-0.34301174
AT3G21060,-0.21260208
AT3G21070,0.5005761
AT3G21080,0.7265837
AT3G21090,0.21019055
AT3G21100,-0.11816353
AT3G21110,-0.2999462
AT3G21120,0.0
AT3G21130,0.0
AT3G21140,0.13867581
AT3G21150,0.3894621
AT3G21160,-0.004239633
AT3G21165,0.0
AT3G21170,0.0
AT3G21175,0.0023582736
AT3G21180,0.002345259
AT3G21190,-0.49486712
AT3G21200,-0.060565516
AT3G21210,-0.16591601
AT3G21215,-0.054839864
AT3G21220,0.49012893
AT3G21230,1.2153145
AT3G21240,0.55420333
AT3G21250,-0.16129136
AT3G21260,-0.25957468
AT3G21270,-0.23397312
AT3G21280,-0.040895484
AT3G21290,0.07465219
AT3G21295,0.040083516
AT3G21300,-0.007320471
AT3G21305,1.275405
AT3G21310,-0.08768906
AT3G21320,0.5258828
AT3G21330,-0.05348909
AT3G21340,0.0010439015
AT3G21350,-0.096991464
AT3G21351,-0.035270188
AT3G21352,0.06052662
AT3G21360,0.022356104
AT3G21370,4.0527742e-05
AT3G21371,0.0
AT3G21380,4.3429653e-05
AT3G21390,-0.35097733
AT3G21400,-0.15695989
AT3G21405,0.00076651736
AT3G21410,0.0
AT3G21420,0.11819296
AT3G21430,-0.06982494
AT3G21450,6.7847344e-05
AT3G21460,-0.6590022
AT3G21465,0.020050587
AT3G21470,-0.13793184
AT3G21473,0.0
AT3G21480,0.030849008
AT3G21490,-0.0008704618
AT3G21500,1.9395027
AT3G21510,0.5170963
AT3G21520,2.6886878
AT3G21530,0.04643757
AT3G21540,0.089521766
AT3G21550,0.19925015
AT3G21560,-0.2411281
AT3G21570,0.00020424898
AT3G21580,-0.08381657
AT3G21590,0.018177388
AT3G21600,0.21987532
AT3G21620,-0.011752079
AT3G21630,0.54774535
AT3G21640,-0.098912224
AT3G21650,-0.11021959
AT3G21660,0.08014976
AT3G21670,0.10128826
AT3G21680,-0.18196781
AT3G21690,0.60591954
AT3G21700,0.9771826
AT3G21710,-0.25799832
AT3G21720,0.02910508
AT3G21730,0.0
AT3G21740,0.12800032
AT3G21750,-0.3695701
AT3G21760,-0.57094294
AT3G21770,-0.6932693
AT3G21780,0.7012664
AT3G21790,0.5411385
AT3G21800,0.045402255
AT3G21810,0.16943763
AT3G21820,0.075247414
AT3G21825,0.0
AT3G21830,0.0058237766
AT3G21840,0.003339028
AT3G21850,0.037194204
AT3G21860,0.012686631
AT3G21865,0.1947329
AT3G21870,-0.27739596
AT3G21880,-4.0156333e-06
AT3G21890,-0.08878924
AT3G21900,0.0
AT3G21910,0.0
AT3G21920,0.0
AT3G21930,0.0
AT3G21933,0.0
AT3G21937,0.0
AT3G21940,0.0
AT3G21945,0.0
AT3G21950,-0.30134544
AT3G21960,-3.0772328e-05
AT3G21965,0.0
AT3G21970,0.0
AT3G21980,0.0
AT3G21985,0.0
AT3G21990,0.016772365
AT3G22000,6.12731e-05
AT3G22010,0.0
AT3G22020,0.0
AT3G22022,0.0
AT3G22030,0.0
AT3G22040,-0.043479696
AT3G22050,0.0
AT3G22053,0.0
AT3G22057,0.0
AT3G22060,0.47467008
AT3G22070,-0.06878079
AT3G22080,0.0
AT3G22085,0.0
AT3G22090,0.017159995
AT3G22100,0.042460345
AT3G22104,-0.43191177
AT3G22110,0.10045796
AT3G22120,-0.5962972
AT3G22125,-0.031079503
AT3G22142,-1.028759
AT3G22150,-0.58114076
AT3G22160,1.0042833
AT3G22170,0.024711045
AT3G22180,-0.04803058
AT3G22183,-0.011447126
AT3G22190,-0.26466238
AT3G22200,0.66168755
AT3G22210,-0.40083858
AT3G22220,0.047326133
AT3G22230,0.23794685
AT3G22231,0.62923384
AT3G22235,1.0347605
AT3G22240,1.6420084
AT3G22250,-0.0011649461
AT3G22260,0.6639373
AT3G22270,-0.073883906
AT3G22275,0.0016264516
AT3G22280,0.0
AT3G22300,0.20975871
AT3G22310,0.226873
AT3G22320,0.03900612
AT3G22330,0.18122458
AT3G22333,0.0
AT3G22337,0.0
AT3G22345,0.0
AT3G22350,0.016655454
AT3G22360,0.06459872
AT3G22370,1.1177484
AT3G22380,-0.06421689
AT3G22400,-0.54774654
AT3G22410,0.007302146
AT3G22415,0.12177533
AT3G22420,-0.4186298
AT3G22421,0.0
AT3G22425,-0.3230611
AT3G22430,0.1785987
AT3G22436,0.0034103359
AT3G22440,-0.084687866
AT3G22450,0.12410222
AT3G22460,0.37077832
AT3G22470,-0.19108005
AT3G22480,-0.0030275078
AT3G22490,0.0005073407
AT3G22500,0.017134791
AT3G22510,0.026165305
AT3G22520,-0.19170423
AT3G22530,0.09195816
AT3G22540,-0.017918807
AT3G22550,-0.37358075
AT3G22560,1.1200645
AT3G22565,0.103462964
AT3G22570,-0.0039646034
AT3G22580,0.0
AT3G22590,-0.072185494
AT3G22600,3.2267344
AT3G22620,2.39372
AT3G22630,0.44562215
AT3G22640,0.13594703
AT3G22650,0.0
AT3G22660,0.06121632
AT3G22670,-0.38574576
AT3G22680,0.19391768
AT3G22690,-0.089936435
AT3G22700,-0.030975187
AT3G22710,0.0
AT3G22720,0.0
AT3G22723,0.0
AT3G22730,0.0
AT3G22740,8.7889755e-05
AT3G22750,0.2909122
AT3G22760,-0.056258943
AT3G22770,-0.03347772
AT3G22780,-0.38331163
AT3G22790,-0.4520628
AT3G22800,0.18801036
AT3G22810,-0.49059162
AT3G22820,-0.08664824
AT3G22830,0.05972173
AT3G22840,-0.6846445
AT3G22845,0.32097122
AT3G22850,0.4355821
AT3G22860,0.046634194
AT3G22870,0.00018867539
AT3G22880,-0.014548874
AT3G22890,0.046485163
AT3G22900,0.06509313
AT3G22910,1.257889
AT3G22920,0.0046580154
AT3G22930,0.09647758
AT3G22935,0.00087435334
AT3G22940,0.0
AT3G22942,0.14095765
AT3G22950,0.33313772
AT3G22960,-0.05763044
AT3G22961,0.17296281
AT3G22970,-0.4086347
AT3G22980,0.4114942
AT3G22990,0.21483035
AT3G23000,-0.09460979
AT3G23010,0.26632065
AT3G23020,-0.07207321
AT3G23030,-0.1750097
AT3G23050,-0.44720557
AT3G23060,0.02527669
AT3G23070,-0.37817627
AT3G23080,-0.20776142
AT3G23090,-0.4082258
AT3G23100,0.045813967
AT3G23110,0.13546486
AT3G23120,0.86418337
AT3G23123,0.020850135
AT3G23130,0.0
AT3G23140,0.0
AT3G23145,0.0
AT3G23150,0.57106805
AT3G23160,0.02563697
AT3G23165,0.0
AT3G23167,3.435518e-05
AT3G23170,0.78852457
AT3G23172,0.0
AT3G23175,-0.04402337
AT3G23180,-0.0015706213
AT3G23190,0.04166088
AT3G23200,0.32019815
AT3G23210,-0.27958924
AT3G23220,0.015050371
AT3G23230,0.30353308
AT3G23240,1.1084911
AT3G23245,0.00021455227
AT3G23250,1.3787229
AT3G23255,-0.14094627
AT3G23260,0.10618525
AT3G23270,0.0
AT3G23280,0.17099965
AT3G23290,0.07751378
AT3G23300,0.17900318
AT3G23310,-0.17712675
AT3G23320,-0.00018938923
AT3G23325,0.2577532
AT3G23330,-0.057079785
AT3G23340,-0.3014434
AT3G23350,0.0
AT3G23360,0.0
AT3G23370,0.10139594
AT3G23380,0.020250244
AT3G23390,0.10509449
AT3G23400,0.041249912
AT3G23410,-0.27467537
AT3G23420,-7.982567e-05
AT3G23430,-0.26660946
AT3G23440,-0.0023148383
AT3G23450,-0.06872252
AT3G23460,-0.0032686712
AT3G23470,0.0016440384
AT3G23480,-0.29486352
AT3G23490,0.01696166
AT3G23500,0.0
AT3G23530,0.71071136
AT3G23540,0.24918066
AT3G23550,0.69604504
AT3G23560,0.3096797
AT3G23570,0.85544944
AT3G23580,0.19180715
AT3G23590,-0.040344913
AT3G23600,0.4465424
AT3G23605,0.388862
AT3G23610,-0.18709818
AT3G23620,0.13778187
AT3G23630,-0.19188997
AT3G23633,0.0
AT3G23635,-0.039450444
AT3G23637,-0.0047291936
AT3G23640,-0.23897278
AT3G23660,0.068587355
AT3G23670,-0.30104253
AT3G23680,0.0
AT3G23685,0.0
AT3G23690,-0.27272567
AT3G23700,-0.26965663
AT3G23710,-0.018039336
AT3G23715,-4.249257e-05
AT3G23727,0.0
AT3G23730,0.061289225
AT3G23740,-0.39376915
AT3G23750,-0.005953895
AT3G23760,-0.3524387
AT3G23770,0.0
AT3G23780,-0.41967925
AT3G23790,0.16517438
AT3G23800,-0.015037076
AT3G23805,-0.32278118
AT3G23810,0.35490093
AT3G23820,-0.44357246
AT3G23830,0.17651889
AT3G23840,-0.4260543
AT3G23860,-0.0023995447
AT3G23870,-0.2131453
AT3G23880,-1.1033374
AT3G23890,-0.24256244
AT3G23900,-0.098722056
AT3G23910,-0.19496125
AT3G23920,0.84120816
AT3G23930,-0.08881914
AT3G23940,0.01301205
AT3G23950,0.0
AT3G23955,-0.03700113
AT3G23960,0.006791581
AT3G23970,-0.057016507
AT3G23980,-0.016083049
AT3G23990,0.0434813
AT3G24000,-0.1868564
AT3G24010,-0.10995285
AT3G24020,-0.0210047
AT3G24030,-0.2886193
AT3G24040,-0.2584469
AT3G24050,0.049995493
AT3G24060,-0.000650855
AT3G24065,0.011289862
AT3G24068,0.002159726
AT3G24080,-0.23847882
AT3G24090,0.49422655
AT3G24093,0.0022601348
AT3G24100,0.09838918
AT3G24110,-0.15578796
AT3G24120,0.04999278
AT3G24130,-0.00044567793
AT3G24140,-0.45225292
AT3G24150,-0.22028035
AT3G24160,0.14051853
AT3G24170,0.6647645
AT3G24180,0.36059716
AT3G24190,-0.35817948
AT3G24200,0.19182658
AT3G24210,0.038102537
AT3G24220,0.001419086
AT3G24225,-0.0009940165
AT3G24230,-0.00047771167
AT3G24240,-0.003461663
AT3G24250,0.0
AT3G24255,-0.3255037
AT3G24260,0.0
AT3G24270,0.0
AT3G24280,0.0036568628
AT3G24290,0.0
AT3G24300,-0.01194447
AT3G24310,0.001197873
AT3G24315,-0.11261737
AT3G24320,-0.16377707
AT3G24330,0.0015636344
AT3G24340,-0.05113026
AT3G24350,0.15182388
AT3G24360,-0.26584053
AT3G24400,0.0
AT3G24420,0.60545635
AT3G24430,-0.40455896
AT3G24440,0.16634667
AT3G24450,-0.3559603
AT3G24460,0.23373437
AT3G24463,-0.0361667
AT3G24465,0.0
AT3G24480,-0.33096388
AT3G24490,-0.18971622
AT3G24495,-0.010036649
AT3G24500,0.19701211
AT3G24503,0.18186016
AT3G24506,-0.038553365
AT3G24508,0.0
AT3G24510,0.00034099928
AT3G24513,0.0
AT3G24514,0.0
AT3G24515,-0.019710995
AT3G24516,0.0419903
AT3G24517,0.014069266
AT3G24520,-0.08124172
AT3G24530,0.41840574
AT3G24535,0.19461587
AT3G24540,0.09509812
AT3G24542,-8.9384084e-05
AT3G24550,0.26395226
AT3G24560,-0.32331973
AT3G24570,0.12670895
AT3G24575,0.0017000947
AT3G24580,0.010309378
AT3G24590,-0.24235578
AT3G24600,0.0028277033
AT3G24605,0.0
AT3G24610,0.0
AT3G24620,0.0
AT3G24630,-0.21357568
AT3G24640,8.548921e-05
AT3G24650,-0.00033894475
AT3G24660,-0.16243586
AT3G24670,-0.029862028
AT3G24690,0.0
AT3G24700,0.0
AT3G24710,0.0
AT3G24715,-0.29590362
AT3G24730,0.042613514
AT3G24740,-0.017008124
AT3G24750,-3.6384165e-05
AT3G24760,-0.19059078
AT3G24770,-0.27666754
AT3G24780,-0.11503576
AT3G24790,4.0527742e-05
AT3G24800,-0.15540175
AT3G24810,-0.07238985
AT3G24820,-0.1644878
AT3G24830,-0.015924456
AT3G24840,0.37250593
AT3G24850,0.002537153
AT3G24860,0.12782778
AT3G24870,0.0075964313
AT3G24880,0.071197554
AT3G24890,-0.1378836
AT3G24900,0.42338312
AT3G24929,-0.09222714
AT3G24982,1.4597347
AT3G25010,0.9656077
AT3G25011,-0.0011797986
AT3G25012,0.00030771855
AT3G25013,-0.2085262
AT3G25014,0.00028504126
AT3G25020,0.4117778
AT3G25030,-0.34585446
AT3G25040,-0.011727516
AT3G25050,0.00032362237
AT3G25060,0.16444679
AT3G25070,-0.04087872
AT3G25080,-0.0006735718
AT3G25090,0.0
AT3G25100,0.00031348117
AT3G25110,-0.23319738
AT3G25120,0.024243966
AT3G25130,-0.6180713
AT3G25140,-0.28528494
AT3G25150,-0.077049635
AT3G25160,0.0007185452
AT3G25165,0.00014193372
AT3G25170,0.00044578724
AT3G25180,1.9106717
AT3G25182,0.0
AT3G25190,-0.010300564
AT3G25200,0.0
AT3G25210,-0.14298224
AT3G25220,0.29699093
AT3G25221,0.0039656647
AT3G25230,0.0543379
AT3G25240,0.2416132
AT3G25250,2.3062627
AT3G25260,0.0005073407
AT3G25265,0.0
AT3G25270,0.0
AT3G25280,-0.0018772365
AT3G25290,-0.0050741234
AT3G25400,-0.033920407
AT3G25410,-0.20934284
AT3G25420,0.00014290567
AT3G25430,-0.1741417
AT3G25440,-0.15596278
AT3G25460,0.0
AT3G25470,0.022214133
AT3G25480,-0.034560177
AT3G25490,1.1630517
AT3G25493,-0.017165583
AT3G25500,-0.3952242
AT3G25505,0.015470104
AT3G25510,-0.0025488406
AT3G25520,0.017846668
AT3G25530,-0.33355546
AT3G25540,-0.08664883
AT3G25545,-0.030234518
AT3G25550,0.004367239
AT3G25560,-0.21941885
AT3G25570,-0.20627056
AT3G25573,0.09678943
AT3G25577,0.047129717
AT3G25580,-0.033031896
AT3G25585,0.04418069
AT3G25590,-0.48037282
AT3G25597,0.50890386
AT3G25600,0.35796738
AT3G25610,0.93507344
AT3G25620,0.19358152
AT3G25640,0.528564
AT3G25650,0.0
AT3G25655,0.41415855
AT3G25660,-0.22118966
AT3G25670,-0.23362309
AT3G25680,-0.20864065
AT3G25690,-0.37561542
AT3G25710,-0.5762453
AT3G25716,0.0
AT3G25717,-0.682781
AT3G25719,0.025289726
AT3G25720,0.001711626
AT3G25727,0.0
AT3G25730,0.16570097
AT3G25740,-0.34976524
AT3G25750,0.0
AT3G25760,-0.50098175
AT3G25770,-0.48437077
AT3G25780,1.5870885
AT3G25790,-0.019058848
AT3G25800,0.29041728
AT3G25805,-0.23301171
AT3G25810,0.0
AT3G25820,0.030942535
AT3G25830,-0.003933656
AT3G25840,-0.18420851
AT3G25850,0.0
AT3G25855,-0.11438771
AT3G25860,-0.10536305
AT3G25870,0.5893003
AT3G25880,0.035947315
AT3G25882,1.1743798
AT3G25890,0.20398381
AT3G25900,1.2371205
AT3G25905,-0.13424757
AT3G25910,0.07420618
AT3G25920,-0.530567
AT3G25930,-0.010279172
AT3G25940,-0.033494983
AT3G25950,1.1663116
AT3G25960,0.010202567
AT3G25970,-0.11011371
AT3G25980,-0.08176177
AT3G25990,0.007693721
AT3G26000,-0.16520862
AT3G26010,0.0
AT3G26020,0.3850152
AT3G26030,-0.031587087
AT3G26040,0.032840036
AT3G26050,-0.011556378
AT3G26060,-0.6945232
AT3G26070,-0.3352936
AT3G26080,0.36191174
AT3G26085,-0.32125962
AT3G26090,0.6939706
AT3G26100,0.29110155
AT3G26110,0.0
AT3G26115,-0.15976302
AT3G26120,0.060988743
AT3G26125,-0.0019409376
AT3G26130,-0.07542294
AT3G26135,0.12026699
AT3G26140,-0.0069811577
AT3G26147,0.0
AT3G26150,0.027912501
AT3G26160,-0.017225135
AT3G26170,0.5591318
AT3G26180,0.35856497
AT3G26190,1.6771704
AT3G26200,2.1309338
AT3G26210,0.5519622
AT3G26220,0.51166564
AT3G26230,0.26079735
AT3G26235,-0.007471552
AT3G26237,0.0
AT3G26240,0.14394994
AT3G26250,3.122877e-05
AT3G26270,8.548921e-05
AT3G26280,-0.09794425
AT3G26290,-0.016407847
AT3G26300,-0.5492195
AT3G26310,-0.7003822
AT3G26320,-0.91553724
AT3G26330,0.037584685
AT3G26340,0.4230362
AT3G26350,-0.20583072
AT3G26355,0.0
AT3G26360,0.15380326
AT3G26370,-0.014254507
AT3G26380,0.022265049
AT3G26390,0.0005569795
AT3G26395,0.37581295
AT3G26400,0.16432956
AT3G26410,0.13773815
AT3G26420,0.28358868
AT3G26430,0.042912178
AT3G26440,1.1466038
AT3G26445,-0.14079471
AT3G26450,-0.6511197
AT3G26460,-0.18958373
AT3G26470,1.0695331
AT3G26480,-0.057764888
AT3G26490,-0.24682833
AT3G26500,0.37979022
AT3G26510,-0.2863036
AT3G26512,-0.0060479236
AT3G26520,0.14378496
AT3G26539,-0.13368769
AT3G26540,-0.30014682
AT3G26550,0.012249341
AT3G26560,-0.09832529
AT3G26570,-0.34436038
AT3G26580,0.16311467
AT3G26590,0.40823233
AT3G26600,0.38212585
AT3G26610,-0.006924224
AT3G26616,-6.459483e-05
AT3G26618,-0.2616586
AT3G26620,0.018130822
AT3G26630,-0.005399307
AT3G26640,0.044625632
AT3G26650,-0.5022989
AT3G26660,0.014209913
AT3G26670,0.57903075
AT3G26680,0.094692305
AT3G26690,1.004799
AT3G26700,-0.32860574
AT3G26710,-0.17815953
AT3G26720,-0.25506628
AT3G26730,-0.048732575
AT3G26740,0.09621778
AT3G26742,0.07608937
AT3G26744,-0.06578154
AT3G26750,-0.33277264
AT3G26760,-0.19032033
AT3G26770,0.038559772
AT3G26780,-0.01843236
AT3G26782,-0.077982694
AT3G26790,-0.10904052
AT3G26800,0.00044611463
AT3G26810,0.06027016
AT3G26820,0.26947072
AT3G26830,3.5098958
AT3G26840,1.1223401
AT3G26850,-0.23823684
AT3G26855,0.0010529258
AT3G26860,0.0
AT3G26870,0.0
AT3G26880,0.0
AT3G26890,-0.20098059
AT3G26900,-0.25733468
AT3G26910,0.73576176
AT3G26920,-0.076496825
AT3G26922,-0.24921787
AT3G26930,0.022225114
AT3G26932,-0.7420878
AT3G26934,0.0
AT3G26935,-0.18772402
AT3G26940,0.19144318
AT3G26950,-0.13996829
AT3G26960,-0.61494195
AT3G26980,0.023539867
AT3G26990,-0.14513782
AT3G27000,0.13124725
AT3G27010,0.055116355
AT3G27020,0.016072193
AT3G27025,0.011676672
AT3G27027,-0.3648615
AT3G27030,-0.17412777
AT3G27040,0.00083951006
AT3G27050,-0.34179172
AT3G27060,0.059349176
AT3G27070,-0.031514164
AT3G27080,-0.052827414
AT3G27090,-0.13822436
AT3G27100,-0.028152369
AT3G27110,0.25376245
AT3G27120,-0.03255184
AT3G27140,0.0
AT3G27150,-0.02688678
AT3G27160,-0.31532502
AT3G27170,-0.78978014
AT3G27180,0.122983225
AT3G27185,0.0009588414
AT3G27190,0.2069857
AT3G27200,0.16504557
AT3G27210,0.29141375
AT3G27220,-0.16291547
AT3G27230,-0.16448462
AT3G27240,0.33034837
AT3G27250,-0.6701385
AT3G27260,0.07191885
AT3G27270,0.12899338
AT3G27280,0.02263899
AT3G27283,0.0
AT3G27290,0.040279575
AT3G27300,0.107634574
AT3G27310,0.09912618
AT3G27320,-0.084021695
AT3G27325,0.18367283
AT3G27329,0.0
AT3G27330,1.0809201
AT3G27331,0.0
AT3G27340,0.06370072
AT3G27350,-0.36604276
AT3G27355,0.009119385
AT3G27380,1.0053016
AT3G27390,0.08649258
AT3G27400,0.16272551
AT3G27410,0.012153504
AT3G27415,0.11693091
AT3G27416,0.12324809
AT3G27420,-0.15587826
AT3G27425,0.0
AT3G27430,0.25927076
AT3G27440,0.26752976
AT3G27460,-0.19635747
AT3G27473,0.1037769
AT3G27475,-0.15191084
AT3G27480,0.015480996
AT3G27490,-0.0004489912
AT3G27495,-0.000888713
AT3G27500,-0.31250873
AT3G27503,-0.0048418096
AT3G27510,0.1389048
AT3G27520,-0.15402175
AT3G27530,0.036844287
AT3G27540,0.45737204
AT3G27550,-0.074342474
AT3G27560,0.018934954
AT3G27570,0.06293392
AT3G27580,-0.1466967
AT3G27590,-0.012907328
AT3G27600,0.0010709917
AT3G27610,0.119679354
AT3G27620,-0.20384724
AT3G27630,0.037858304
AT3G27640,-0.050504815
AT3G27650,-0.27838686
AT3G27660,0.0649193
AT3G27670,-0.14098354
AT3G27680,0.0
AT3G27690,-1.3012396
AT3G27700,0.03517309
AT3G27710,-0.09464556
AT3G27720,0.00014290567
AT3G27730,-0.0080956565
AT3G27740,0.104516245
AT3G27750,-0.3085918
AT3G27770,-0.10697143
AT3G27785,0.0
AT3G27809,0.04210741
AT3G27810,0.08950345
AT3G27820,-0.04293316
AT3G27830,-0.25773525
AT3G27831,-0.0029527734
AT3G27835,0.0
AT3G27840,0.0
AT3G27850,-0.49442145
AT3G27860,-0.12599228
AT3G27870,-0.07237613
AT3G27880,0.06412402
AT3G27890,0.5037553
AT3G27900,-0.20673944
AT3G27906,-0.5152485
AT3G27910,0.0
AT3G27920,0.023444152
AT3G27925,-0.21354608
AT3G27930,-0.061159465
AT3G27940,-0.074494965
AT3G27950,-0.041657135
AT3G27960,0.31857395
AT3G27970,-0.15388554
AT3G27980,-0.001259027
AT3G27999,0.0
AT3G28007,0.6789109
AT3G28020,0.0
AT3G28030,-0.06943109
AT3G28040,-0.48038495
AT3G28050,0.08149252
AT3G28060,-0.04013062
AT3G28070,-0.88400716
AT3G28080,-0.74433464
AT3G28100,0.30876926
AT3G28120,0.02944699
AT3G28130,-0.6354286
AT3G28140,-0.14754853
AT3G28150,0.07417978
AT3G28155,-0.006878329
AT3G28170,0.0164296
AT3G28180,-0.09244033
AT3G28190,0.00090863457
AT3G28193,0.0
AT3G28200,0.023234963
AT3G28210,2.753665
AT3G28216,0.0003880988
AT3G28220,-1.1786453
AT3G28223,0.0
AT3G28230,0.0
AT3G28243,0.0
AT3G28250,0.0
AT3G28270,-0.9184226
AT3G28280,0.0
AT3G28290,0.0
AT3G28291,0.0
AT3G28300,-0.63380116
AT3G28310,-0.006185581
AT3G28330,0.07918805
AT3G28335,0.002670038
AT3G28340,1.485798
AT3G28345,-0.4947503
AT3G28360,-0.004439505
AT3G28370,-0.3095968
AT3G28380,0.0012592509
AT3G28390,0.0
AT3G28410,0.0
AT3G28415,7.164661e-05
AT3G28420,-0.33741796
AT3G28430,0.04341941
AT3G28450,0.34006873
AT3G28455,-0.21098837
AT3G28460,-0.25379634
AT3G28470,0.0038238887
AT3G28480,0.5584455
AT3G28490,0.0
AT3G28500,0.6990739
AT3G28510,0.535218
AT3G28520,0.0022288207
AT3G28530,0.0
AT3G28540,-0.038642578
AT3G28550,-0.023943022
AT3G28560,-0.011147487
AT3G28570,0.0143900225
AT3G28580,1.2038662
AT3G28590,0.00069911504
AT3G28600,0.31168246
AT3G28610,0.021625623
AT3G28620,-0.023331776
AT3G28630,0.003215789
AT3G28635,0.07042752
AT3G28640,-0.1472899
AT3G28650,-0.35522473
AT3G28660,0.01339529
AT3G28670,0.13853303
AT3G28674,0.0
AT3G28680,0.0
AT3G28690,-0.07420637
AT3G28700,0.08717953
AT3G28710,0.10563446
AT3G28715,0.23353748
AT3G28720,0.11035731
AT3G28730,-0.03564417
AT3G28740,0.39553198
AT3G28750,-0.09407516
AT3G28760,-0.21673384
AT3G28770,0.01485994
AT3G28780,0.0
AT3G28785,0.0
AT3G28790,0.0
AT3G28810,0.0
AT3G28820,0.0
AT3G28830,-0.002510236
AT3G28840,0.03604511
AT3G28850,0.46315837
AT3G28853,0.0
AT3G28857,-0.22157419
AT3G28860,-0.63506806
AT3G28870,0.0
AT3G28875,-0.036482427
AT3G28880,-0.16011666
AT3G28890,0.50343853
AT3G28899,0.0023285237
AT3G28900,-0.029289916
AT3G28910,-0.4385072
AT3G28917,-0.0021214415
AT3G28918,0.0
AT3G28920,-0.38809443
AT3G28922,0.0
AT3G28925,0.014676589
AT3G28930,1.7797968
AT3G28940,0.15628079
AT3G28950,0.31751177
AT3G28956,0.01885382
AT3G28958,-7.32649e-05
AT3G28960,-0.44338322
AT3G28970,-0.111587
AT3G28980,0.0098219775
AT3G28990,0.0005569795
AT3G29000,0.71692586
AT3G29010,0.1446238
AT3G29020,0.0023432632
AT3G29030,-0.98293114
AT3G29033,0.0
AT3G29034,0.8338006
AT3G29035,0.092525154
AT3G29040,0.0
AT3G29050,0.0
AT3G29060,0.019927926
AT3G29070,0.0
AT3G29075,-0.062268138
AT3G29080,-0.0030849527
AT3G29090,0.13860308
AT3G29100,-0.11727448
AT3G29110,-0.0015492789
AT3G29130,-0.1843066
AT3G29140,-0.09834369
AT3G29152,0.0
AT3G29160,0.32738906
AT3G29170,0.36089867
AT3G29173,0.0023253837
AT3G29180,0.02924335
AT3G29185,-0.386447
AT3G29190,0.16422154
AT3G29200,0.4568681
AT3G29230,-0.008739202
AT3G29240,0.16673666
AT3G29250,1.723922
AT3G29255,0.00014193372
AT3G29260,0.0
AT3G29270,0.00693339
AT3G29280,-0.27515003
AT3G29290,-0.3746689
AT3G29300,-0.0008854989
AT3G29305,4.0527742e-05
AT3G29310,0.071896814
AT3G29320,-0.56413084
AT3G29330,0.14856228
AT3G29340,0.0077081313
AT3G29350,0.0017079833
AT3G29360,0.19860299
AT3G29370,-0.27230477
AT3G29375,-0.34217995
AT3G29380,0.002232241
AT3G29385,0.0
AT3G29390,-0.26746696
AT3G29400,0.17732933
AT3G29410,-0.0058054854
AT3G29430,-0.00043661738
AT3G29450,0.0
AT3G29455,0.0
AT3G29560,8.548921e-05
AT3G29570,3.0988496e-05
AT3G29575,0.55653566
AT3G29580,0.0005569795
AT3G29590,0.023298888
AT3G29630,0.0021736568
AT3G29631,-0.45563793
AT3G29633,-0.002529232
AT3G29635,-0.0019981815
AT3G29636,0.0
AT3G29637,-0.022046253
AT3G29638,0.095590666
AT3G29639,-0.19505456
AT3G29645,-3.911016e-05
AT3G29670,-0.41895902
AT3G29680,-0.38928983
AT3G29690,-0.024403632
AT3G29720,0.0
AT3G29740,0.0
AT3G29750,0.0
AT3G29760,-0.18121043
AT3G29763,0.00014290567
AT3G29765,0.0014132642
AT3G29770,-0.18716954
AT3G29780,-0.0023956676
AT3G29785,0.0
AT3G29790,0.0
AT3G29791,0.00020998294
AT3G29794,0.0005569795
AT3G29796,0.0
AT3G29797,0.0
AT3G29800,0.0
AT3G29810,0.4884451
AT3G29830,0.0
AT3G29970,0.000956125
AT3G30160,-0.045248114
AT3G30165,4.3429653e-05
AT3G30180,0.14627907
AT3G30200,5.451692e-06
AT3G30210,-0.0009745959
AT3G30220,0.0
AT3G30222,0.0
AT3G30230,0.0
AT3G30235,0.0
AT3G30247,0.0
AT3G30260,0.0
AT3G30280,0.0
AT3G30290,0.016772365
AT3G30300,-0.36176807
AT3G30305,-0.08089448
AT3G30320,0.0
AT3G30340,-0.1912245
AT3G30350,-0.0049738917
AT3G30370,0.0
AT3G30380,-0.09970902
AT3G30383,0.0
AT3G30385,-0.014949541
AT3G30390,0.50227344
AT3G30430,0.0
AT3G30460,0.019457905
AT3G30520,0.0
AT3G30525,0.0005569795
AT3G30530,0.0028223668
AT3G30540,0.0
AT3G30580,0.00082141714
AT3G30705,0.0
AT3G30714,0.0
AT3G30720,-0.46534443
AT3G30725,-0.00064256
AT3G30730,-0.002532975
AT3G30739,0.0
AT3G30770,-0.04022843
AT3G30775,1.1879755
AT3G30805,0.0
AT3G30820,0.0
AT3G30823,0.029172054
AT3G30840,0.0
AT3G30841,-0.22715756
AT3G30842,0.07830061
AT3G30845,0.000110848356
AT3G30875,0.0
AT3G31350,0.0
AT3G31402,0.0
AT3G31430,0.0
AT3G31550,0.0
AT3G31560,0.0
AT3G31900,0.0
AT3G31910,0.0
AT3G31925,0.0
AT3G31950,0.0
AT3G31960,0.0
AT3G32030,-0.093542814
AT3G32040,-0.0012328447
AT3G32047,0.0041128015
AT3G32050,-0.10164603
AT3G32090,0.0
AT3G32130,0.0
AT3G32150,0.0
AT3G32160,0.0
AT3G32180,0.0
AT3G32190,0.0
AT3G32200,0.000100518795
AT3G32260,0.0
AT3G32280,0.0
AT3G32330,0.0
AT3G32380,0.0
AT3G32400,-0.05209161
AT3G32410,0.0
AT3G32420,0.0
AT3G32896,0.0
AT3G32904,0.0
AT3G32920,0.0009421098
AT3G32930,-0.20124546
AT3G32940,-0.050588474
AT3G32960,0.0
AT3G32980,0.5121116
AT3G33187,0.0
AT3G33293,0.0
AT3G33393,0.0
AT3G33494,0.0
AT3G33520,-0.019569984
AT3G33528,-0.07049288
AT3G33530,0.08413661
AT3G36659,0.0003279406
AT3G41762,0.10113842
AT3G42050,0.23721772
AT3G42060,0.0
AT3G42075,0.0
AT3G42130,0.0
AT3G42140,0.0
AT3G42148,0.0
AT3G42150,0.07576683
AT3G42153,0.0
AT3G42155,0.0
AT3G42160,0.0
AT3G42170,-0.14293781
AT3G42180,0.83670884
AT3G42310,0.0
AT3G42390,0.0
AT3G42473,0.0
AT3G42550,2.4903566e-06
AT3G42560,0.0
AT3G42565,0.0
AT3G42570,0.0010221535
AT3G42628,-0.00041561536
AT3G42630,0.043938026
AT3G42640,-0.14021347
AT3G42660,-0.09039711
AT3G42670,-0.62853557
AT3G42722,0.0
AT3G42723,0.0
AT3G42725,-0.03963951
AT3G42770,0.0
AT3G42780,0.0
AT3G42786,0.0
AT3G42790,0.16385281
AT3G42800,-0.013136275
AT3G42830,0.0
AT3G42850,-0.064439476
AT3G42860,0.07457031
AT3G42870,0.0
AT3G42880,0.0
AT3G42940,0.0
AT3G42950,0.15194033
AT3G42960,0.0010709917
AT3G42990,0.0
AT3G42995,0.0
AT3G43083,0.0
AT3G43110,0.062254164
AT3G43120,0.0
AT3G43148,0.13382572
AT3G43150,-0.003030679
AT3G43153,0.0
AT3G43160,6.7847344e-05
AT3G43170,0.0
AT3G43180,0.0
AT3G43190,0.1553724
AT3G43210,0.16551618
AT3G43220,-0.10937272
AT3G43230,0.26634744
AT3G43240,0.07211281
AT3G43250,1.851049
AT3G43260,0.0
AT3G43270,-0.042482592
AT3G43280,0.0
AT3G43290,0.0
AT3G43291,0.0
AT3G43300,0.11292115
AT3G43340,-0.002725125
AT3G43400,0.0
AT3G43410,0.0
AT3G43415,0.0
AT3G43420,0.00016288493
AT3G43430,0.11926453
AT3G43432,0.0
AT3G43440,0.2986078
AT3G43470,0.0
AT3G43480,-0.00043661738
AT3G43490,0.0
AT3G43500,0.0
AT3G43503,0.0
AT3G43505,0.0
AT3G43520,0.36286753
AT3G43530,0.0
AT3G43540,-0.4469162
AT3G43550,0.0
AT3G43570,0.0
AT3G43572,-0.0005870957
AT3G43574,-4.249257e-05
AT3G43580,-0.04344808
AT3G43583,0.0
AT3G43590,-0.08610494
AT3G43600,-0.5298893
AT3G43610,-0.37092865
AT3G43630,0.0
AT3G43645,0.0
AT3G43660,0.0
AT3G43670,-0.0791673
AT3G43682,0.0
AT3G43700,-0.16864884
AT3G43710,0.004219713
AT3G43720,-0.18220252
AT3G43740,-0.16667393
AT3G43750,0.0
AT3G43790,-0.049755197
AT3G43800,-0.51675165
AT3G43810,0.0045517017
AT3G43833,0.0
AT3G43837,0.0
AT3G43840,0.026787186
AT3G43850,-0.071704976
AT3G43860,0.0
AT3G43870,0.015098655
AT3G43880,0.0
AT3G43890,-0.0023956676
AT3G43910,0.0
AT3G43920,-0.48344994
AT3G43930,-0.13510679
AT3G43940,0.0
AT3G43950,0.0
AT3G43960,-0.3441576
AT3G43970,0.015550519
AT3G43980,0.039757032
AT3G43990,0.0
AT3G44006,0.0005824707
AT3G44020,-0.289781
AT3G44050,-0.37363768
AT3G44060,0.031820096
AT3G44070,0.0
AT3G44080,0.0
AT3G44090,0.0
AT3G44100,0.35802022
AT3G44110,0.08535116
AT3G44115,0.0
AT3G44120,-0.16555664
AT3G44130,0.0
AT3G44140,0.00081983395
AT3G44150,0.12659037
AT3G44160,-0.16979645
AT3G44170,0.0
AT3G44180,0.0
AT3G44190,0.20364948
AT3G44200,-0.18464935
AT3G44210,0.0
AT3G44220,-0.25151277
AT3G44230,0.0
AT3G44235,0.0
AT3G44240,8.548921e-05
AT3G44250,0.0
AT3G44260,0.32615915
AT3G44261,0.0
AT3G44265,-0.011926323
AT3G44280,0.08314988
AT3G44290,0.07403794
AT3G44300,3.0418422
AT3G44310,0.493608
AT3G44320,1.0071298
AT3G44326,1.0784664
AT3G44330,0.192738
AT3G44340,0.14016964
AT3G44350,0.056652643
AT3G44370,0.105491295
AT3G44380,-0.18201534
AT3G44400,0.45770904
AT3G44405,0.0017748942
AT3G44428,0.0
AT3G44430,-0.05876095
AT3G44435,0.02726559
AT3G44440,-0.10441617
AT3G44450,-0.62572753
AT3G44460,-0.025367199
AT3G44480,-0.00773491
AT3G44485,0.0006515034
AT3G44490,0.0052345046
AT3G44510,-0.031244088
AT3G44530,0.043109972
AT3G44540,0.46208355
AT3G44550,0.71996355
AT3G44555,0.00018556525
AT3G44560,0.06085135
AT3G44570,0.00086896186
AT3G44580,0.0003738125
AT3G44590,0.36129206
AT3G44600,-0.047390494
AT3G44610,-0.4378947
AT3G44620,-0.048689064
AT3G44630,-0.1173333
AT3G44635,0.0004073292
AT3G44660,0.00090604986
AT3G44665,-0.0004180208
AT3G44670,-0.23535912
AT3G44680,0.008214886
AT3G44690,-0.119161256
AT3G44695,0.01594937
AT3G44700,0.00059875473
AT3G44703,-0.000339048
AT3G44704,0.0
AT3G44710,-0.0005704912
AT3G44713,-0.22073685
AT3G44716,-0.2988181
AT3G44718,0.0
AT3G44720,1.2919177
AT3G44730,-0.18256901
AT3G44735,-0.20082435
AT3G44740,-0.1433793
AT3G44750,-0.06378759
AT3G44753,-0.033828054
AT3G44755,7.778483e-05
AT3G44760,0.011436941
AT3G44763,0.006295035
AT3G44766,0.00505023
AT3G44769,-0.0017303361
AT3G44770,-0.17445135
AT3G44780,0.0
AT3G44785,0.0
AT3G44790,-0.0429932
AT3G44800,0.006588268
AT3G44805,0.0012087696
AT3G44810,0.0
AT3G44820,0.06566718
AT3G44830,0.7704851
AT3G44840,0.0014424862
AT3G44850,-0.17508861
AT3G44860,1.0058651
AT3G44870,0.01605304
AT3G44880,0.5472419
AT3G44890,-0.4821641
AT3G44900,0.02478699
AT3G44910,4.3429653e-05
AT3G44920,0.0
AT3G44930,0.0
AT3G44935,0.0
AT3G44940,-0.3773104
AT3G44950,0.0
AT3G44960,-0.3532818
AT3G44970,0.052307066
AT3G44980,0.0
AT3G44990,-0.27512154
AT3G45000,-0.0006448245
AT3G45010,0.5438909
AT3G45020,-0.24743028
AT3G45030,-0.08103481
AT3G45040,0.56288844
AT3G45050,-0.12704195
AT3G45060,3.6913173
AT3G45070,0.031020105
AT3G45080,-4.1964154e-07
AT3G45090,0.1079401
AT3G45093,0.00014193372
AT3G45100,-0.031166352
AT3G45110,-0.0015574394
AT3G45130,2.1630113
AT3G45140,-0.5911814
AT3G45150,0.0
AT3G45160,-1.0554016
AT3G45170,0.0
AT3G45180,-0.00083976344
AT3G45190,-0.11840095
AT3G45200,0.0
AT3G45210,-0.20253988
AT3G45220,0.0
AT3G45230,-0.57551914
AT3G45240,-0.015013667
AT3G45243,0.0
AT3G45245,0.0
AT3G45248,0.0
AT3G45252,0.0
AT3G45260,-0.14095247
AT3G45275,0.0
AT3G45280,0.0463629
AT3G45285,0.0
AT3G45290,-0.74256474
AT3G45300,0.5893111
AT3G45310,-0.020403193
AT3G45320,0.0001421356
AT3G45330,-0.39997488
AT3G45390,-0.102044225
AT3G45400,-0.21302879
AT3G45410,0.25705394
AT3G45420,-0.10741858
AT3G45430,-0.05334843
AT3G45440,0.046505537
AT3G45443,-0.26663607
AT3G45450,0.0
AT3G45460,0.0
AT3G45470,0.0
AT3G45480,0.0
AT3G45490,0.030765053
AT3G45500,0.0
AT3G45510,0.0
AT3G45525,0.0
AT3G45530,0.000527405
AT3G45540,0.0024900776
AT3G45555,0.0005569795
AT3G45560,0.031033702
AT3G45570,0.0
AT3G45577,-4.905335e-05
AT3G45580,0.0
AT3G45590,0.06257013
AT3G45600,-0.11263812
AT3G45610,-0.43491292
AT3G45620,0.54488003
AT3G45630,-0.05384437
AT3G45640,-0.015657013
AT3G45645,0.0
AT3G45650,-0.28825897
AT3G45660,-0.0019313025
AT3G45670,0.01891063
AT3G45673,0.0
AT3G45680,-0.13689518
AT3G45690,0.0
AT3G45700,-0.010252073
AT3G45710,-0.08558826
AT3G45720,0.0014100948
AT3G45730,0.14411473
AT3G45740,-0.08171791
AT3G45750,-0.06495449
AT3G45760,-0.0006994561
AT3G45770,-0.067453556
AT3G45780,-0.45098326
AT3G45790,7.472187e-05
AT3G45800,0.0005569795
AT3G45810,0.0
AT3G45820,0.0
AT3G45830,0.07395143
AT3G45840,-0.0016476886
AT3G45850,-0.71392614
AT3G45851,0.0
AT3G45860,-0.106048845
AT3G45870,0.09418702
AT3G45880,-0.010730278
AT3G45890,-0.093506046
AT3G45900,-0.20263045
AT3G45910,0.0
AT3G45920,-1.161716e-05
AT3G45940,-0.18735711
AT3G45950,0.0
AT3G45960,-0.24146815
AT3G45970,0.53203094
AT3G45980,-0.060629748
AT3G45990,0.0
AT3G46000,0.33551633
AT3G46010,0.04306816
AT3G46020,-0.11597938
AT3G46030,0.13446587
AT3G46040,0.18433525
AT3G46050,0.0
AT3G46060,0.19418989
AT3G46070,0.106170565
AT3G46080,2.4631305
AT3G46086,0.0016146055
AT3G46090,0.8862163
AT3G46100,-0.22045526
AT3G46110,0.7299501
AT3G46120,0.0
AT3G46130,-0.6688544
AT3G46140,0.0003371139
AT3G46150,0.09907892
AT3G46160,0.0010889154
AT3G46170,0.050898965
AT3G46180,-0.23640254
AT3G46190,0.0050977333
AT3G46200,-0.26078412
AT3G46210,-0.077727236
AT3G46220,0.060458545
AT3G46230,1.2815232
AT3G46240,0.0
AT3G46260,0.38640004
AT3G46270,-0.0040521286
AT3G46280,1.106773
AT3G46290,0.15538278
AT3G46300,0.12190194
AT3G46310,-0.0045832153
AT3G46330,-0.033567738
AT3G46340,0.04829625
AT3G46350,0.0
AT3G46355,0.0
AT3G46360,0.0
AT3G46370,-0.69061065
AT3G46380,0.0010529258
AT3G46390,0.0
AT3G46400,-0.0032589065
AT3G46410,0.0
AT3G46420,0.0
AT3G46430,-0.17049249
AT3G46440,0.5785225
AT3G46450,0.096982785
AT3G46460,0.06719231
AT3G46470,0.0
AT3G46480,0.041222554
AT3G46490,-0.37298968
AT3G46500,0.033614065
AT3G46510,0.230021
AT3G46520,0.34279996
AT3G46530,-0.16015485
AT3G46540,-0.16050667
AT3G46550,-0.48546582
AT3G46560,0.33593723
AT3G46565,0.0
AT3G46570,0.0
AT3G46580,-0.36294287
AT3G46590,-0.28596243
AT3G46600,0.22285356
AT3G46610,-0.21389762
AT3G46613,0.0022288987
AT3G46616,0.01579922
AT3G46617,-0.00971046
AT3G46620,0.65533763
AT3G46630,-0.1690189
AT3G46640,0.40034014
AT3G46650,0.06777847
AT3G46660,3.3177655
AT3G46666,0.0033354792
AT3G46670,1.7914672
AT3G46680,1.1504619
AT3G46690,1.4052652
AT3G46700,0.599799
AT3G46710,-0.0029430916
AT3G46720,-0.038317885
AT3G46730,0.15564272
AT3G46735,-0.0048180753
AT3G46740,-0.061642993
AT3G46750,3.0988496e-05
AT3G46760,-0.00043661738
AT3G46770,-0.18784389
AT3G46780,-0.85069764
AT3G46790,-0.09922732
AT3G46800,-0.000564428
AT3G46810,-0.0023956676
AT3G46820,-0.09654968
AT3G46830,-0.008744866
AT3G46840,0.0
AT3G46845,0.06462686
AT3G46850,0.0
AT3G46860,0.0
AT3G46870,-0.027066246
AT3G46880,-0.061025385
AT3G46890,-0.07638755
AT3G46900,-0.34284005
AT3G46910,0.0008369153
AT3G46920,-0.007737475
AT3G46930,0.5316579
AT3G46940,-0.06638601
AT3G46950,-0.19054735
AT3G46960,-0.17215897
AT3G46970,-0.5184698
AT3G46980,-0.035138175
AT3G46990,-0.58908045
AT3G47000,-0.067466095
AT3G47010,-0.24768327
AT3G47020,0.0
AT3G47030,-0.1947234
AT3G47040,0.26466203
AT3G47050,0.2130632
AT3G47060,0.13952567
AT3G47070,-0.5994585
AT3G47080,0.068283305
AT3G47090,0.22538617
AT3G47100,0.015561447
AT3G47110,-0.13122441
AT3G47120,0.08514178
AT3G47130,-0.0024533216
AT3G47140,0.0
AT3G47150,0.0017202662
AT3G47160,0.0036685944
AT3G47170,0.0
AT3G47180,-0.12738995
AT3G47190,-0.00055448915
AT3G47200,0.0040135416
AT3G47210,0.00050351064
AT3G47220,-0.14381482
AT3G47250,0.16666919
AT3G47290,-0.17440516
AT3G47295,-0.2622529
AT3G47300,0.15220486
AT3G47340,0.09585739
AT3G47341,0.0
AT3G47350,0.07167074
AT3G47360,-0.258553
AT3G47370,0.22979192
AT3G47380,1.0412285
AT3G47390,-0.2391697
AT3G47400,-0.09659283
AT3G47410,0.0
AT3G47420,0.18735012
AT3G47430,-0.37820542
AT3G47440,0.012396102
AT3G47450,-0.05809501
AT3G47460,-0.012357447
AT3G47470,-0.379346
AT3G47480,1.11003
AT3G47490,0.10422571
AT3G47500,-0.48920137
AT3G47510,-0.2689839
AT3G47520,0.3448999
AT3G47530,0.11673817
AT3G47540,2.70862
AT3G47550,0.3649919
AT3G47560,-0.48102322
AT3G47570,-0.09242996
AT3G47580,-0.19640665
AT3G47590,-0.06961411
AT3G47600,-0.25055286
AT3G47610,-0.14843394
AT3G47620,-0.3224323
AT3G47630,-0.19063245
AT3G47640,0.015120595
AT3G47650,-0.3760727
AT3G47660,-0.021966085
AT3G47670,0.13893238
AT3G47680,-0.15304404
AT3G47690,-0.30894336
AT3G47700,0.17938711
AT3G47710,-0.0012324251
AT3G47720,0.0005073407
AT3G47730,0.42604303
AT3G47740,-0.0005573991
AT3G47750,-0.431603
AT3G47760,0.0
AT3G47770,-0.0019181576
AT3G47780,1.5229254
AT3G47790,0.09263187
AT3G47800,0.47090578
AT3G47810,0.29512024
AT3G47820,0.08574484
AT3G47830,0.004732796
AT3G47833,0.5467807
AT3G47836,0.07086487
AT3G47840,0.056042537
AT3G47850,0.087106764
AT3G47860,-0.15868962
AT3G47870,-0.12191089
AT3G47890,-0.067162864
AT3G47910,0.016813185
AT3G47920,0.0
AT3G47930,0.03702464
AT3G47940,0.21235712
AT3G47950,0.5273588
AT3G47960,0.72122765
AT3G47965,0.22959444
AT3G47970,0.0
AT3G47990,0.09487381
AT3G48000,0.5682841
AT3G48010,0.19608662
AT3G48020,1.3021336
AT3G48030,0.2711049
AT3G48040,-0.38682887
AT3G48050,0.11418841
AT3G48060,0.061621025
AT3G48070,0.09596371
AT3G48080,0.7001509
AT3G48090,0.4525828
AT3G48100,-0.13727693
AT3G48110,-0.06503727
AT3G48120,-0.27425283
AT3G48131,8.548921e-05
AT3G48140,0.29894927
AT3G48150,-0.107455924
AT3G48160,-0.0034556729
AT3G48170,0.298781
AT3G48180,0.742382
AT3G48185,-0.04237573
AT3G48187,-0.30525216
AT3G48190,-0.275713
AT3G48195,0.09502318
AT3G48200,-0.67303425
AT3G48205,0.0
AT3G48208,0.0
AT3G48209,0.0
AT3G48210,-0.003913077
AT3G48220,0.0
AT3G48230,-0.026984954
AT3G48231,0.0
AT3G48240,-0.14555055
AT3G48250,0.0077285618
AT3G48260,-0.39453584
AT3G48270,0.00036120845
AT3G48280,-0.60686123
AT3G48290,-0.90414846
AT3G48298,0.0
AT3G48300,0.41044015
AT3G48310,0.23273312
AT3G48320,-0.017108725
AT3G48330,0.030798547
AT3G48340,-0.056435872
AT3G48343,-0.013487757
AT3G48344,0.0021919152
AT3G48346,-0.040331706
AT3G48350,0.19953552
AT3G48360,1.0677444
AT3G48380,0.14474763
AT3G48390,0.059186004
AT3G48400,0.0001915003
AT3G48410,-0.12641628
AT3G48420,-0.84073734
AT3G48425,-0.12211476
AT3G48430,-0.23987219
AT3G48440,-0.39698082
AT3G48450,1.5420839
AT3G48460,-0.13888496
AT3G48470,-0.011458305
AT3G48475,0.001458405
AT3G48480,-0.17720005
AT3G48490,0.13187769
AT3G48500,-0.019097952
AT3G48510,0.010476059
AT3G48520,3.1590471
AT3G48530,0.13048446
AT3G48540,-0.011739687
AT3G48550,-0.4700013
AT3G48560,-0.31887344
AT3G48570,0.5683987
AT3G48580,1.435616
AT3G48590,-0.0038116917
AT3G48600,-0.41807768
AT3G48610,-0.6522849
AT3G48620,-0.08332233
AT3G48630,0.31186184
AT3G48640,1.0635605
AT3G48650,0.0
AT3G48660,0.0014291453
AT3G48670,-0.71163654
AT3G48675,0.0
AT3G48680,0.19201285
AT3G48690,0.3025527
AT3G48700,-0.063887
AT3G48710,-0.28822055
AT3G48720,-0.5284007
AT3G48730,-0.37801728
AT3G48740,-0.39281166
AT3G48750,-0.05251931
AT3G48760,0.32940313
AT3G48770,-0.21659416
AT3G48780,0.21250072
AT3G48790,0.043538213
AT3G48800,-0.12544878
AT3G48810,-0.18507075
AT3G48820,-0.22156923
AT3G48830,-0.040190745
AT3G48835,-0.16719681
AT3G48840,0.1323755
AT3G48850,2.3439546
AT3G48860,0.09380994
AT3G48870,-0.07623414
AT3G48880,0.07254235
AT3G48890,0.9515887
AT3G48900,0.07017629
AT3G48920,0.29709688
AT3G48930,0.26660427
AT3G48940,0.010230762
AT3G48950,0.0
AT3G48960,0.000999243
AT3G48970,-0.107243955
AT3G48980,-0.26483142
AT3G48990,0.79568243
AT3G49000,-0.2330196
AT3G49010,0.22952443
AT3G49020,0.0
AT3G49030,4.0527742e-05
AT3G49040,0.0
AT3G49045,0.0054890597
AT3G49050,-0.3277525
AT3G49055,0.23838267
AT3G49060,0.04348103
AT3G49070,0.21408945
AT3G49080,-0.055554368
AT3G49100,-0.013689437
AT3G49110,1.668888
AT3G49115,0.0
AT3G49120,2.12818
AT3G49130,1.1558737
AT3G49140,-0.4439308
AT3G49142,-0.27812302
AT3G49150,0.0
AT3G49155,-0.028946994
AT3G49160,0.44780698
AT3G49170,-0.12163194
AT3G49180,0.091801904
AT3G49190,0.0005544729
AT3G49200,0.06447417
AT3G49210,0.8873602
AT3G49220,-0.6228021
AT3G49230,-0.00013116874
AT3G49240,-0.09578344
AT3G49250,-0.34660676
AT3G49260,-0.5885937
AT3G49270,0.000484183
AT3G49290,-0.4934476
AT3G49300,0.07070481
AT3G49305,0.0
AT3G49307,0.0
AT3G49310,-0.058407016
AT3G49320,-0.10897621
AT3G49330,0.110658176
AT3G49340,-0.089122385
AT3G49350,0.08405474
AT3G49360,-0.3214948
AT3G49370,0.3024742
AT3G49380,-0.023299165
AT3G49390,0.14841059
AT3G49400,0.11711087
AT3G49410,0.09284923
AT3G49420,0.19246736
AT3G49430,0.1697783
AT3G49440,0.0
AT3G49450,0.0
AT3G49460,0.0
AT3G49470,-0.24745226
AT3G49480,0.037041936
AT3G49490,0.13845153
AT3G49500,-0.20536177
AT3G49510,-0.1681819
AT3G49520,0.00439313
AT3G49530,0.53154534
AT3G49540,0.41223112
AT3G49550,-0.18011764
AT3G49551,0.0078549925
AT3G49560,-0.026503872
AT3G49570,0.033265013
AT3G49580,-0.17060918
AT3G49590,0.18945867
AT3G49600,-0.13464485
AT3G49601,-0.121531434
AT3G49610,0.002330959
AT3G49620,4.067309
AT3G49630,0.017093979
AT3G49640,-0.25079057
AT3G49645,-0.012912396
AT3G49650,-0.5565356
AT3G49660,0.09083738
AT3G49670,-0.78006995
AT3G49680,-0.16481724
AT3G49690,-0.22478865
AT3G49700,0.0
AT3G49710,-0.104241535
AT3G49720,-0.3756146
AT3G49725,0.011554876
AT3G49730,-0.54523516
AT3G49740,-0.094102785
AT3G49744,0.0
AT3G49750,-0.26987952
AT3G49760,0.013033682
AT3G49770,0.0
AT3G49780,0.6971677
AT3G49790,0.08066478
AT3G49796,-0.00052641064
AT3G49800,0.14468287
AT3G49810,0.010197782
AT3G49820,-0.004262945
AT3G49830,0.02472984
AT3G49840,-0.07111399
AT3G49845,0.34777722
AT3G49850,-0.19224058
AT3G49860,0.0596893
AT3G49870,-0.057356324
AT3G49880,-0.17498396
AT3G49890,-0.10685107
AT3G49900,-0.083849415
AT3G49910,0.008311456
AT3G49920,-0.10805284
AT3G49930,-0.37722626
AT3G49940,0.51260054
AT3G49950,0.05293866
AT3G49960,-0.032724485
AT3G49970,-0.10909459
AT3G49980,0.002930772
AT3G49990,-0.28926647
AT3G50000,0.011620682
AT3G50010,-0.32247117
AT3G50020,0.0
AT3G50030,0.25993043
AT3G50040,-0.12626979
AT3G50050,-0.41507602
AT3G50060,0.037202626
AT3G50070,-0.16910532
AT3G50080,0.16724636
AT3G50090,0.0
AT3G50100,-0.37135157
AT3G50110,-0.29457232
AT3G50120,-0.28430134
AT3G50123,0.0
AT3G50130,0.14193192
AT3G50140,-0.03769634
AT3G50150,-0.0009940165
AT3G50160,0.00063591887
AT3G50170,-0.00079830276
AT3G50180,0.0005069211
AT3G50190,-0.075903386
AT3G50200,-0.08614917
AT3G50210,-0.23112531
AT3G50220,0.20474899
AT3G50230,-0.0014996455
AT3G50240,-0.87149256
AT3G50250,7.9859856e-05
AT3G50260,1.517537
AT3G50270,-0.36268023
AT3G50280,0.6699348
AT3G50290,-0.012719321
AT3G50300,-0.0035592145
AT3G50310,0.108983696
AT3G50320,0.0
AT3G50330,-0.0006190083
AT3G50340,-0.64157605
AT3G50350,-0.17050248
AT3G50360,0.14202924
AT3G50370,0.03444716
AT3G50373,0.0011331572
AT3G50380,-0.014942444
AT3G50390,0.16659042
AT3G50400,1.1799896
AT3G50410,0.17955299
AT3G50420,-0.051841225
AT3G50430,-0.15040362
AT3G50440,-0.39867452
AT3G50450,-0.11536521
AT3G50460,-0.02568341
AT3G50470,0.36096936
AT3G50480,0.5908196
AT3G50500,0.12498003
AT3G50510,-0.03016948
AT3G50520,0.007638819
AT3G50530,-0.19060814
AT3G50540,0.0
AT3G50550,-0.08923157
AT3G50560,-0.07433211
AT3G50570,0.46921998
AT3G50580,0.0043237964
AT3G50590,0.09232823
AT3G50610,0.0018449016
AT3G50620,-0.1373565
AT3G50630,-0.7033132
AT3G50640,-0.007829766
AT3G50650,0.21121427
AT3G50660,-0.3985681
AT3G50670,-0.12997973
AT3G50685,-0.4373328
AT3G50690,-0.06633113
AT3G50700,-0.12708986
AT3G50710,0.0
AT3G50720,0.0
AT3G50730,-0.014949541
AT3G50740,-0.4730316
AT3G50750,-0.33497408
AT3G50760,0.667252
AT3G50770,1.8404381
AT3G50780,-0.30450112
AT3G50790,-0.022227174
AT3G50800,0.4060054
AT3G50808,0.0
AT3G50810,0.14971384
AT3G50820,-0.32757434
AT3G50830,0.097917415
AT3G50840,-0.1590888
AT3G50845,-0.19900705
AT3G50850,0.070520744
AT3G50860,-0.30729085
AT3G50870,-0.124161005
AT3G50880,0.0036553254
AT3G50890,-0.3487799
AT3G50900,1.0104598
AT3G50910,0.9313501
AT3G50920,0.1244918
AT3G50925,0.0
AT3G50930,0.7141821
AT3G50940,-0.27609202
AT3G50950,0.23724943
AT3G50960,-0.322836
AT3G50970,1.051047
AT3G50980,0.29979968
AT3G50990,6.221273e-05
AT3G51000,0.3922028
AT3G51010,0.15191047
AT3G51020,0.0
AT3G51030,0.016515324
AT3G51040,-0.07381462
AT3G51050,0.111379854
AT3G51060,-0.10125134
AT3G51070,-0.008493105
AT3G51080,-0.38254416
AT3G51090,0.7987179
AT3G51100,0.14446275
AT3G51110,0.006807137
AT3G51120,0.06951115
AT3G51130,0.36465794
AT3G51140,-0.11317143
AT3G51150,-0.7991799
AT3G51160,0.5727325
AT3G51171,-0.00043661738
AT3G51180,0.12804544
AT3G51190,0.0043856427
AT3G51200,0.0
AT3G51210,0.0
AT3G51220,-0.044205245
AT3G51230,-0.022507086
AT3G51240,-0.48029223
AT3G51250,-0.003983087
AT3G51260,0.14415012
AT3G51270,-0.29493892
AT3G51280,-0.071100086
AT3G51290,-0.1937667
AT3G51300,0.119669445
AT3G51310,0.015020184
AT3G51320,0.008461082
AT3G51325,0.0008817572
AT3G51330,0.68070084
AT3G51340,-0.08312675
AT3G51350,0.26019078
AT3G51360,-0.27461052
AT3G51370,0.06886378
AT3G51380,-7.96495e-05
AT3G51390,0.034179498
AT3G51400,0.12678485
AT3G51410,-0.0012108614
AT3G51420,-0.016917255
AT3G51430,0.72496426
AT3G51440,1.0498276
AT3G51450,0.5895735
AT3G51460,0.35465956
AT3G51470,0.03259896
AT3G51480,-0.4981706
AT3G51490,0.07084355
AT3G51500,0.2693605
AT3G51510,-0.40619484
AT3G51520,0.0102927955
AT3G51530,-0.07004541
AT3G51540,0.82310843
AT3G51550,0.04876216
AT3G51560,0.0019554556
AT3G51570,0.00088069105
AT3G51580,0.17784706
AT3G51590,0.000100518795
AT3G51600,-0.37939426
AT3G51610,-0.0043992223
AT3G51620,0.0670956
AT3G51630,-0.1494214
AT3G51640,0.025260055
AT3G51642,0.0021029336
AT3G51644,0.0
AT3G51650,0.07116251
AT3G51660,1.2724581
AT3G51670,0.052067444
AT3G51680,0.06247675
AT3G51690,0.0033373903
AT3G51700,0.0011508516
AT3G51710,-0.3834732
AT3G51720,-0.42590988
AT3G51730,0.48916715
AT3G51740,-0.12835325
AT3G51750,-0.080887556
AT3G51760,-0.4269557
AT3G51770,-0.018623585
AT3G51780,-0.06466764
AT3G51790,0.40926635
AT3G51800,0.168587
AT3G51810,-0.0079041505
AT3G51820,-0.3059785
AT3G51830,-0.16182698
AT3G51840,0.37352473
AT3G51850,-0.052599203
AT3G51860,2.0128527
AT3G51870,0.52567273
AT3G51880,-0.18686317
AT3G51890,0.32992163
AT3G51895,0.1721285
AT3G51910,-0.21368422
AT3G51920,0.1560234
AT3G51930,-0.09837441
AT3G51940,-0.14954111
AT3G51950,-0.6090443
AT3G51960,0.5038105
AT3G51970,0.6848531
AT3G51980,0.037156217
AT3G51990,0.24025188
AT3G52000,0.0037029823
AT3G52010,0.032390445
AT3G52020,7.164661e-05
AT3G52030,-0.02371922
AT3G52040,0.09514213
AT3G52050,-0.17568578
AT3G52060,-0.3331675
AT3G52070,-0.02846309
AT3G52075,-0.01042743
AT3G52080,-0.0009900418
AT3G52090,-0.05539174
AT3G52100,-0.054620206
AT3G52110,-0.21159424
AT3G52115,0.07443077
AT3G52120,0.16198467
AT3G52130,-0.009289783
AT3G52140,-0.052596804
AT3G52150,-0.2313261
AT3G52155,-0.1283015
AT3G52160,0.049276374
AT3G52170,-0.37771502
AT3G52180,-0.37620574
AT3G52190,0.29174018
AT3G52200,0.19499099
AT3G52210,0.07411954
AT3G52220,-0.038482815
AT3G52230,-0.29282817
AT3G52240,0.19204684
AT3G52250,-0.046517383
AT3G52260,-0.08345027
AT3G52270,-0.045929097
AT3G52280,0.008749492
AT3G52290,-0.25764588
AT3G52300,0.23585989
AT3G52310,-0.220304
AT3G52320,0.0
AT3G52330,0.0005569795
AT3G52340,-0.06919488
AT3G52350,-3.0772328e-05
AT3G52360,-0.46081728
AT3G52370,-0.46783707
AT3G52380,-0.18000218
AT3G52390,-0.12122547
AT3G52400,0.87957376
AT3G52420,0.11138907
AT3G52430,0.79860073
AT3G52440,-0.00035242474
AT3G52450,0.28208998
AT3G52460,-0.036259428
AT3G52470,0.21548027
AT3G52480,0.17301697
AT3G52490,-0.21272935
AT3G52500,-0.5196716
AT3G52510,0.0012324941
AT3G52520,0.31497437
AT3G52525,-0.067879796
AT3G52526,0.15024735
AT3G52530,-0.00085712207
AT3G52540,0.38822338
AT3G52550,0.093479976
AT3G52560,0.12656626
AT3G52561,-0.00084638875
AT3G52570,0.09845802
AT3G52580,0.16424258
AT3G52590,0.16191971
AT3G52600,-0.0011155814
AT3G52610,0.08617825
AT3G52620,0.05126805
AT3G52630,-0.07066404
AT3G52640,0.053284474
AT3G52660,-0.12527321
AT3G52670,0.0
AT3G52680,-0.27853695
AT3G52690,0.0
AT3G52700,-0.000503366
AT3G52710,0.039116938
AT3G52720,-1.2395787
AT3G52730,0.3068834
AT3G52740,-0.05130284
AT3G52750,-0.7215232
AT3G52760,-0.024451677
AT3G52770,0.11240666
AT3G52780,0.825485
AT3G52790,0.0957769
AT3G52800,0.2735178
AT3G52810,0.0028691976
AT3G52820,1.1749064
AT3G52830,0.0011072962
AT3G52840,-0.43531793
AT3G52850,0.26790336
AT3G52860,-0.06601654
AT3G52870,0.22697026
AT3G52880,0.3083418
AT3G52890,-0.027971352
AT3G52900,-0.46604303
AT3G52905,-0.039923213
AT3G52910,0.019681768
AT3G52920,-0.4118866
AT3G52930,0.3854637
AT3G52940,-0.5204253
AT3G52941,0.0
AT3G52950,0.10029171
AT3G52960,-0.03728858
AT3G52970,0.079422675
AT3G52980,0.0
AT3G52990,0.29068208
AT3G53000,0.07550787
AT3G53010,-0.17099285
AT3G53020,0.11196563
AT3G53030,-0.011337942
AT3G53040,0.31018987
AT3G53050,0.0
AT3G53060,0.011017443
AT3G53065,0.09463687
AT3G53070,0.0
AT3G53075,0.025277138
AT3G53080,8.395739e-05
AT3G53090,-0.040184487
AT3G53100,-0.6601564
AT3G53110,0.027197612
AT3G53120,0.5035107
AT3G53130,-0.46582946
AT3G53140,0.0
AT3G53150,1.7933627
AT3G53160,1.8041607
AT3G53170,-0.0038627826
AT3G53180,0.6611833
AT3G53190,-0.99399376
AT3G53200,0.0005135926
AT3G53210,0.26755765
AT3G53220,0.027785826
AT3G53230,0.5714346
AT3G53232,0.3225797
AT3G53235,-0.01253825
AT3G53240,-0.43480334
AT3G53250,-0.10241074
AT3G53260,0.5701519
AT3G53270,0.03653384
AT3G53280,0.01410283
AT3G53294,0.0
AT3G53300,0.0010643202
AT3G53305,0.0
AT3G53310,-0.28629637
AT3G53320,-0.31105053
AT3G53330,0.0
AT3G53340,0.33655193
AT3G53342,0.0
AT3G53350,-0.19955109
AT3G53360,0.046187975
AT3G53370,0.2700058
AT3G53380,-0.51836926
AT3G53390,0.13698012
AT3G53400,-0.23362865
AT3G53410,0.008504132
AT3G53420,0.15663514
AT3G53430,0.16350377
AT3G53440,-0.10188028
AT3G53450,0.02399052
AT3G53460,-0.033685498
AT3G53470,-0.24992986
AT3G53480,1.3217249
AT3G53490,0.21227224
AT3G53500,0.09043218
AT3G53510,0.1922606
AT3G53520,0.14767748
AT3G53530,-0.26991042
AT3G53540,-0.26544088
AT3G53550,-0.013029548
AT3G53560,-0.0711905
AT3G53570,-0.23712182
AT3G53580,0.046786845
AT3G53590,0.0010541877
AT3G53600,1.743009
AT3G53610,-0.017329393
AT3G53611,0.0
AT3G53620,0.7175486
AT3G53630,0.034686513
AT3G53640,0.017836684
AT3G53650,1.3676734
AT3G53660,0.0
AT3G53680,-0.61345387
AT3G53690,-0.1352029
AT3G53700,-0.23561585
AT3G53710,0.054549005
AT3G53720,0.29618448
AT3G53740,0.066661544
AT3G53750,-0.26524812
AT3G53760,-0.112794325
AT3G53770,0.0
AT3G53780,0.3557358
AT3G53790,0.022474347
AT3G53800,-0.5088115
AT3G53810,0.68071246
AT3G53820,0.03972629
AT3G53830,-0.38520578
AT3G53840,-0.020580083
AT3G53850,-0.17807132
AT3G53860,-0.309562
AT3G53870,0.1368477
AT3G53880,0.027720844
AT3G53890,0.3346153
AT3G53900,-0.22776826
AT3G53910,0.0
AT3G53920,-0.48072508
AT3G53930,0.25955838
AT3G53940,-0.061087094
AT3G53950,0.079943605
AT3G53960,0.33817625
AT3G53970,0.05535975
AT3G53980,-0.10921788
AT3G53990,0.21710068
AT3G54000,-0.34124637
AT3G54010,-0.058965817
AT3G54020,0.05917741
AT3G54030,0.31094196
AT3G54040,0.19380726
AT3G54050,-0.7046705
AT3G54060,0.0034571947
AT3G54065,0.0122946445
AT3G54070,9.944115e-05
AT3G54080,-0.24147154
AT3G54085,0.16228679
AT3G54090,0.15627535
AT3G54100,0.54273576
AT3G54110,0.9796152
AT3G54120,-0.02123635
AT3G54130,0.6065929
AT3G54140,0.29648975
AT3G54150,1.9063638
AT3G54160,0.0230221
AT3G54170,0.09143625
AT3G54180,-0.12879951
AT3G54190,-0.07847147
AT3G54200,0.14534597
AT3G54210,-0.23949023
AT3G54220,-0.16911097
AT3G54230,-0.032392975
AT3G54240,0.016221482
AT3G54250,-0.2427533
AT3G54260,-1.0043154
AT3G54270,-0.18283693
AT3G54280,0.06616207
AT3G54290,-0.06736149
AT3G54300,0.22236949
AT3G54310,0.00028684686
AT3G54320,0.010296609
AT3G54340,-0.10180873
AT3G54350,-0.07225572
AT3G54360,0.04389768
AT3G54363,0.10591471
AT3G54380,0.04794419
AT3G54390,-0.3317858
AT3G54400,-0.013398325
AT3G54410,-0.011834147
AT3G54420,0.76950234
AT3G54430,-0.09527926
AT3G54440,0.053561952
AT3G54450,0.0005569795
AT3G54460,-0.2665577
AT3G54470,-0.11294679
AT3G54480,0.07143387
AT3G54490,0.010351247
AT3G54500,-0.44048962
AT3G54510,0.17884792
AT3G54520,0.09213899
AT3G54530,0.10456332
AT3G54540,0.05133411
AT3G54550,0.06386917
AT3G54560,0.0010004749
AT3G54570,0.0005569795
AT3G54580,-0.02836335
AT3G54590,-0.021404482
AT3G54600,-0.92668283
AT3G54610,-0.046206206
AT3G54620,0.5767862
AT3G54630,-0.118527904
AT3G54640,1.9863138
AT3G54650,-0.03605105
AT3G54660,-0.14878885
AT3G54670,0.016180092
AT3G54680,0.5646822
AT3G54690,-0.28091773
AT3G54700,-0.0023983025
AT3G54710,-0.010457633
AT3G54720,-0.39912266
AT3G54730,0.08252033
AT3G54740,-0.30574882
AT3G54750,-0.05077964
AT3G54760,-0.09547183
AT3G54770,-0.023222419
AT3G54780,-0.1105588
AT3G54790,-0.2897756
AT3G54800,0.18971853
AT3G54810,0.45857096
AT3G54820,0.74167037
AT3G54826,0.23625758
AT3G54830,-0.21981019
AT3G54840,0.21225989
AT3G54850,0.2377965
AT3G54860,0.1374926
AT3G54870,0.06961298
AT3G54880,0.24644406
AT3G54890,-0.62889874
AT3G54900,-0.29151475
AT3G54910,-0.5670167
AT3G54920,-0.5788384
AT3G54925,0.0
AT3G54930,-0.4101548
AT3G54940,0.0012746986
AT3G54950,1.3293847
AT3G54960,0.585196
AT3G54970,-0.18368976
AT3G54980,-0.23187122
AT3G54990,-0.07391225
AT3G55000,-0.06126688
AT3G55005,-0.26317555
AT3G55010,0.06911806
AT3G55020,-0.13836433
AT3G55030,0.04970815
AT3G55040,-0.43948317
AT3G55050,0.2662112
AT3G55060,-0.014207286
AT3G55070,0.06726535
AT3G55080,-0.3502311
AT3G55090,1.3415824
AT3G55100,0.06550487
AT3G55110,-0.43431717
AT3G55120,-0.03919203
AT3G55130,-0.39205647
AT3G55140,-0.15230747
AT3G55150,-0.3376067
AT3G55160,-0.080976956
AT3G55170,-0.13848332
AT3G55180,0.0
AT3G55190,0.0005073407
AT3G55200,-0.20887414
AT3G55210,0.01573598
AT3G55220,0.13087109
AT3G55230,-0.06672886
AT3G55240,-1.3211142
AT3G55250,-0.21049687
AT3G55252,0.0
AT3G55254,-0.0030849527
AT3G55260,0.028878175
AT3G55270,0.29863158
AT3G55280,0.0879643
AT3G55290,0.062634654
AT3G55310,0.0055924547
AT3G55320,0.062563606
AT3G55330,-0.57963324
AT3G55340,-0.10888147
AT3G55350,-0.23995554
AT3G55360,0.030450698
AT3G55370,0.09756582
AT3G55380,0.16730261
AT3G55390,0.19411913
AT3G55400,0.0028415858
AT3G55410,0.5901386
AT3G55420,-0.9990133
AT3G55430,0.90591925
AT3G55440,0.15674795
AT3G55450,0.05881377
AT3G55460,0.12927783
AT3G55470,0.85349095
AT3G55480,-0.08528253
AT3G55500,0.14849304
AT3G55510,0.07879212
AT3G55513,0.0
AT3G55515,0.13990194
AT3G55520,-0.05895857
AT3G55530,0.16173707
AT3G55540,0.018308133
AT3G55550,-0.047068007
AT3G55560,0.12820755
AT3G55566,0.0
AT3G55570,0.0
AT3G55580,-0.08438029
AT3G55590,0.0
AT3G55600,0.056611236
AT3G55605,0.16670476
AT3G55610,0.05671497
AT3G55620,0.176555
AT3G55630,-0.7632975
AT3G55640,0.19649114
AT3G55646,-0.27089256
AT3G55650,0.0019537485
AT3G55660,-0.040703516
AT3G55665,-0.0018772365
AT3G55670,5.3345434e-06
AT3G55672,-0.0016934436
AT3G55677,0.0
AT3G55680,0.0
AT3G55690,-0.24389826
AT3G55700,-0.0010920945
AT3G55710,-0.35745913
AT3G55720,0.10922695
AT3G55730,0.5351054
AT3G55740,0.18009095
AT3G55750,0.10386601
AT3G55760,-0.45907235
AT3G55770,-0.03675598
AT3G55780,0.0284793
AT3G55790,0.13283294
AT3G55800,-0.720022
AT3G55810,0.014317384
AT3G55820,-0.04634441
AT3G55830,0.08800831
AT3G55840,0.92716336
AT3G55850,-0.10145203
AT3G55860,0.0036127053
AT3G55870,-9.298101e-05
AT3G55880,0.5112329
AT3G55890,1.4080542
AT3G55900,0.039971177
AT3G55910,1.144478
AT3G55920,-0.13169432
AT3G55930,0.06386308
AT3G55935,0.026269779
AT3G55940,-0.31418458
AT3G55950,0.90248615
AT3G55960,-0.13430285
AT3G55970,2.2047024
AT3G55980,0.12497798
AT3G55990,-0.05899637
AT3G56000,-0.0069066393
AT3G56010,-0.25487432
AT3G56030,0.12612958
AT3G56040,-0.42006525
AT3G56050,-0.18038149
AT3G56060,-0.3713077
AT3G56070,0.2290242
AT3G56080,-0.42837363
AT3G56090,0.6998464
AT3G56100,-0.0073592085
AT3G56110,0.38173503
AT3G56120,-0.26151627
AT3G56130,-0.22993389
AT3G56140,0.038895734
AT3G56150,0.08313607
AT3G56160,-0.80149764
AT3G56170,0.4352156
AT3G56180,0.00086333964
AT3G56190,0.11368005
AT3G56200,0.5898161
AT3G56210,0.038870804
AT3G56220,0.054076664
AT3G56230,0.055971134
AT3G56240,-0.03520568
AT3G56250,-0.2250671
AT3G56260,0.11076375
AT3G56270,-0.26338097
AT3G56290,-0.3183214
AT3G56300,-0.217238
AT3G56310,0.4477574
AT3G56320,0.17487726
AT3G56330,-0.20247328
AT3G56340,0.16997217
AT3G56350,0.06078895
AT3G56360,-0.26741326
AT3G56370,-0.743491
AT3G56380,-0.0017329972
AT3G56390,-0.00018371837
AT3G56400,1.244504
AT3G56410,0.019738292
AT3G56420,-0.027872581
AT3G56430,0.00565253
AT3G56440,0.09986737
AT3G56450,-0.1373324
AT3G56460,0.16825753
AT3G56470,0.117676586
AT3G56480,-0.57376087
AT3G56490,0.41160855
AT3G56500,0.46899322
AT3G56510,-0.23571639
AT3G56520,0.0
AT3G56530,0.0
AT3G56540,0.0
AT3G56550,-0.05435424
AT3G56560,0.0
AT3G56570,-0.07498757
AT3G56580,-0.122989714
AT3G56590,-0.3878305
AT3G56600,-0.0072582453
AT3G56610,0.0
AT3G56620,-0.4027662
AT3G56630,-0.09473406
AT3G56640,-0.03466709
AT3G56650,-0.2876763
AT3G56660,0.048741538
AT3G56670,0.0
AT3G56680,-0.073338725
AT3G56690,-0.083393484
AT3G56700,-0.0020225898
AT3G56710,0.6545019
AT3G56720,-0.16395304
AT3G56730,-0.0374193
AT3G56740,0.06301991
AT3G56750,-0.098616414
AT3G56760,-0.30171463
AT3G56770,0.10103532
AT3G56780,0.011942081
AT3G56790,0.08845367
AT3G56800,-0.034084756
AT3G56810,-0.5133757
AT3G56820,0.3164424
AT3G56830,-0.29540077
AT3G56840,-0.031046713
AT3G56850,-0.013539765
AT3G56860,-0.088398255
AT3G56870,0.13617447
AT3G56880,0.23260523
AT3G56890,-0.044560965
AT3G56891,1.0572236
AT3G56900,-0.13545692
AT3G56910,-0.2731844
AT3G56920,0.0018184425
AT3G56930,0.28750882
AT3G56940,-0.42732543
AT3G56950,0.18222654
AT3G56960,-0.36161983
AT3G56970,-0.02589113
AT3G56980,-0.005184637
AT3G56990,0.17418057
AT3G57000,0.0479988
AT3G57010,1.3621966
AT3G57020,1.0626265
AT3G57030,-0.42117274
AT3G57040,-0.63166666
AT3G57050,-0.057641584
AT3G57060,-0.124108545
AT3G57062,-0.075426735
AT3G57070,-0.1690023
AT3G57072,0.0017905205
AT3G57080,-0.28566065
AT3G57090,0.301981
AT3G57100,0.06293502
AT3G57110,0.13033397
AT3G57120,0.42591766
AT3G57130,-0.03904218
AT3G57140,0.19265632
AT3G57150,0.14429273
AT3G57160,0.14226298
AT3G57170,-0.12915567
AT3G57180,-0.303689
AT3G57190,-0.2625811
AT3G57200,0.15422072
AT3G57210,-0.05565848
AT3G57220,-0.06628846
AT3G57230,0.14569841
AT3G57240,0.5763271
AT3G57250,-0.00083768426
AT3G57260,0.98080015
AT3G57270,0.10079087
AT3G57280,0.5374479
AT3G57290,0.13221046
AT3G57300,-0.14093524
AT3G57310,0.017242279
AT3G57320,-0.27778608
AT3G57330,0.19266956
AT3G57340,0.21367802
AT3G57350,-0.14997126
AT3G57360,0.27978882
AT3G57370,0.004167749
AT3G57380,1.0639858
AT3G57390,0.03670909
AT3G57400,-0.18450408
AT3G57410,0.08845819
AT3G57420,0.22076668
AT3G57430,0.017855687
AT3G57440,0.042454667
AT3G57450,0.97680223
AT3G57460,0.8323924
AT3G57465,0.026818728
AT3G57470,-0.34861115
AT3G57480,0.49467424
AT3G57490,0.4316875
AT3G57500,0.017135842
AT3G57510,2.5806384
AT3G57520,1.1048396
AT3G57530,0.088807344
AT3G57540,0.073911145
AT3G57550,1.0566976
AT3G57560,0.25039077
AT3G57570,-0.06944577
AT3G57580,-0.09453682
AT3G57587,0.0026104632
AT3G57590,-0.07432402
AT3G57600,-0.3789325
AT3G57610,0.068934545
AT3G57620,0.0005569795
AT3G57630,0.3919894
AT3G57640,0.20793054
AT3G57650,0.060222898
AT3G57660,-0.02699733
AT3G57670,-0.29392487
AT3G57680,-0.46719337
AT3G57690,-0.019110087
AT3G57700,0.57387733
AT3G57710,-0.19205204
AT3G57720,-0.30274668
AT3G57730,-0.028379563
AT3G57740,0.20495044
AT3G57750,-0.07982851
AT3G57760,0.49507946
AT3G57770,0.16558199
AT3G57780,-0.4217695
AT3G57785,0.23132169
AT3G57787,0.032428905
AT3G57790,0.02659549
AT3G57800,-0.1610877
AT3G57810,-0.06552763
AT3G57830,-0.27159443
AT3G57840,0.0
AT3G57850,0.0
AT3G57860,-0.19196463
AT3G57870,0.110931076
AT3G57880,0.26031274
AT3G57890,0.16213994
AT3G57900,0.0
AT3G57910,-0.107185826
AT3G57920,-0.066337034
AT3G57930,-0.23914485
AT3G57940,-0.01569678
AT3G57950,1.0847648
AT3G57960,0.02221158
AT3G57970,0.0037749019
AT3G57980,-0.3033316
AT3G57990,-0.03843874
AT3G58000,-0.24971738
AT3G58010,-0.124558955
AT3G58020,0.04036447
AT3G58030,-0.050777666
AT3G58040,-0.02206738
AT3G58050,0.025256814
AT3G58060,0.15349011
AT3G58070,-0.28764567
AT3G58090,-0.010534824
AT3G58100,-0.3724256
AT3G58110,-0.12366936
AT3G58120,-0.54719776
AT3G58130,0.04828891
AT3G58140,-0.08497283
AT3G58150,0.32565808
AT3G58160,-0.38011387
AT3G58170,0.06808295
AT3G58180,0.18858787
AT3G58190,0.0005073407
AT3G58200,-0.45016742
AT3G58210,0.0
AT3G58220,-0.37637115
AT3G58230,0.0005569795
AT3G58240,0.0
AT3G58250,0.07836377
AT3G58260,0.0
AT3G58270,0.017976653
AT3G58280,0.0036820432
AT3G58290,0.00064042147
AT3G58300,0.004243027
AT3G58310,0.0
AT3G58320,0.0
AT3G58330,0.0
AT3G58340,0.0
AT3G58350,0.047051217
AT3G58360,-7.947728e-05
AT3G58370,0.0
AT3G58380,0.16868728
AT3G58390,0.0001421356
AT3G58400,0.0
AT3G58410,0.0
AT3G58415,0.0
AT3G58420,0.0
AT3G58430,-0.22214429
AT3G58440,0.0
AT3G58450,0.09582017
AT3G58460,0.15462443
AT3G58470,0.115987204
AT3G58480,-0.02173161
AT3G58490,-0.09531606
AT3G58500,0.10047833
AT3G58510,0.18782178
AT3G58520,-0.09724245
AT3G58530,0.06830826
AT3G58540,0.16749772
AT3G58550,0.012624728
AT3G58560,0.12963545
AT3G58570,0.35091677
AT3G58580,0.08425641
AT3G58585,0.0
AT3G58590,-0.08780219
AT3G58600,-0.07237724
AT3G58610,-0.12044371
AT3G58620,-0.03851586
AT3G58630,0.06299039
AT3G58640,-0.028820021
AT3G58650,-0.06749334
AT3G58660,-0.0043789204
AT3G58670,0.05304909
AT3G58680,-0.007274268
AT3G58690,-0.23894803
AT3G58700,0.12955104
AT3G58710,0.12709889
AT3G58720,-0.15871942
AT3G58730,0.23715216
AT3G58740,0.26680824
AT3G58750,0.66153324
AT3G58760,-0.025572611
AT3G58770,0.033363022
AT3G58780,0.15912215
AT3G58790,-0.41441244
AT3G58800,0.16091645
AT3G58810,0.38794792
AT3G58820,-0.4619796
AT3G58830,-0.043537665
AT3G58840,-0.294629
AT3G58850,-0.5847303
AT3G58860,0.0005246445
AT3G58875,-0.03720142
AT3G58877,0.0
AT3G58880,0.0
AT3G58890,0.0
AT3G58900,-0.07197526
AT3G58910,0.0
AT3G58920,0.0011365989
AT3G58930,-0.12520203
AT3G58940,-0.36273897
AT3G58950,0.0005826981
AT3G58960,0.004838686
AT3G58970,0.05271136
AT3G58975,0.0
AT3G58980,-0.20560949
AT3G58990,-1.1300756
AT3G59000,-0.16328025
AT3G59010,-0.24470946
AT3G59020,0.18531965
AT3G59030,-0.0023471867
AT3G59040,-0.20094952
AT3G59050,0.20880176
AT3G59060,-0.37954372
AT3G59070,0.015622599
AT3G59080,1.1780018
AT3G59090,0.07512709
AT3G59100,-0.34138322
AT3G59110,-0.40945116
AT3G59120,-0.00036861704
AT3G59130,-0.00013170467
AT3G59140,-0.090357624
AT3G59150,0.24783525
AT3G59160,0.047319062
AT3G59170,0.0
AT3G59180,0.0005073407
AT3G59190,0.020452322
AT3G59200,0.036721997
AT3G59210,0.09604967
AT3G59220,-0.4138019
AT3G59230,-0.019021468
AT3G59240,0.0
AT3G59245,0.0
AT3G59250,-0.27271435
AT3G59260,-3.1687716e-05
AT3G59270,-0.009032946
AT3G59280,0.38843057
AT3G59290,0.09742298
AT3G59295,0.0
AT3G59300,-0.102977335
AT3G59310,-0.52309877
AT3G59320,-0.37078214
AT3G59330,-0.38431314
AT3G59340,-0.010627656
AT3G59350,0.5576032
AT3G59360,0.13153405
AT3G59370,-0.010247791
AT3G59380,0.14581145
AT3G59390,-0.07674133
AT3G59400,-0.41590142
AT3G59410,-0.0127837015
AT3G59420,-0.4294274
AT3G59430,-0.019403586
AT3G59435,0.027768578
AT3G59440,-0.040057093
AT3G59450,-0.023601767
AT3G59455,0.0009787878
AT3G59460,0.000426975
AT3G59470,0.10214768
AT3G59480,0.07362419
AT3G59490,-0.19720556
AT3G59500,0.19079396
AT3G59510,-0.13502079
AT3G59520,-0.048348345
AT3G59530,0.041043624
AT3G59550,-0.020045104
AT3G59570,0.63667315
AT3G59580,-0.2891337
AT3G59590,0.0
AT3G59600,0.066994675
AT3G59610,0.0015019382
AT3G59620,-2.8546272e-05
AT3G59630,0.15832116
AT3G59640,0.25151178
AT3G59650,0.0727742
AT3G59660,0.37517354
AT3G59670,0.114749596
AT3G59680,-0.44016436
AT3G59690,0.4511696
AT3G59700,0.876365
AT3G59710,-0.12804429
AT3G59730,0.0035420181
AT3G59740,0.02046921
AT3G59750,-0.2673848
AT3G59760,0.25208232
AT3G59770,0.12895258
AT3G59780,-0.7294569
AT3G59790,-0.031262446
AT3G59800,-0.19847403
AT3G59810,0.08732447
AT3G59820,0.07938375
AT3G59830,-0.010878375
AT3G59840,0.0045904065
AT3G59850,-0.010290982
AT3G59870,0.10293487
AT3G59880,0.033104368
AT3G59890,-0.22550392
AT3G59900,0.5842819
AT3G59910,-0.005473376
AT3G59920,0.1412506
AT3G59930,1.8557683
AT3G59940,0.18382053
AT3G59950,0.15371145
AT3G59960,0.001548194
AT3G59970,0.12401214
AT3G59980,-0.026542963
AT3G59990,0.023859192
AT3G60000,-4.0330735e-05
AT3G60010,0.057599507
AT3G60020,0.041435014
AT3G60030,-0.1425427
AT3G60040,0.08196831
AT3G60050,-0.4433748
AT3G60060,0.020686738
AT3G60070,-0.43194434
AT3G60080,-0.080750994
AT3G60090,0.009927471
AT3G60100,0.009860599
AT3G60110,0.34213853
AT3G60120,3.0935633
AT3G60130,1.177349
AT3G60140,4.769296
AT3G60150,0.48408356
AT3G60160,-0.23633632
AT3G60180,-0.030878969
AT3G60190,0.20821512
AT3G60200,0.18851379
AT3G60210,-0.040695533
AT3G60220,-0.28016275
AT3G60240,0.03932393
AT3G60245,0.14152959
AT3G60250,-0.020228403
AT3G60260,0.076221935
AT3G60270,0.0025269818
AT3G60280,-0.0008942591
AT3G60286,-0.057584494
AT3G60290,-0.8109468
AT3G60300,0.0059861518
AT3G60310,-0.2125855
AT3G60320,-0.3496953
AT3G60328,0.0
AT3G60330,-0.011984528
AT3G60340,0.10065125
AT3G60350,-0.07631332
AT3G60360,0.0018610479
AT3G60370,-0.11542114
AT3G60380,-0.30212164
AT3G60390,-0.65546674
AT3G60400,-0.06355079
AT3G60410,0.095503494
AT3G60415,1.828662
AT3G60420,0.12663475
AT3G60440,0.0873892
AT3G60450,0.64075476
AT3G60460,0.013048084
AT3G60470,0.4556137
AT3G60480,0.014591131
AT3G60490,-0.010704554
AT3G60500,-0.10478368
AT3G60510,0.34618524
AT3G60520,-0.061012093
AT3G60530,-0.36627802
AT3G60540,0.7473634
AT3G60550,0.009604172
AT3G60560,0.0
AT3G60570,0.0
AT3G60580,-0.06576472
AT3G60590,0.13405254
AT3G60600,0.14403696
AT3G60620,-0.1688953
AT3G60630,-0.3505092
AT3G60640,0.12843911
AT3G60650,-0.00087022904
AT3G60660,-0.014538818
AT3G60670,0.044617467
AT3G60680,0.45810923
AT3G60690,0.701833
AT3G60700,0.23329508
AT3G60710,0.008470763
AT3G60720,0.34602296
AT3G60730,0.00074869796
AT3G60740,-0.32263216
AT3G60750,-0.2131804
AT3G60760,-0.00018371837
AT3G60770,0.1486131
AT3G60780,0.08824355
AT3G60790,0.016772365
AT3G60800,0.31772453
AT3G60810,-0.10120936
AT3G60820,0.29136163
AT3G60830,-0.12593022
AT3G60840,-0.26045313
AT3G60850,-0.0049885353
AT3G60860,0.08104584
AT3G60870,-0.00033982503
AT3G60880,0.018938998
AT3G60890,-0.013304857
AT3G60900,0.054910894
AT3G60910,-0.48009682
AT3G60920,0.03566497
AT3G60930,0.0
AT3G60940,0.018229684
AT3G60950,0.017908486
AT3G60960,0.036958743
AT3G60961,0.33289987
AT3G60966,1.4353514
AT3G60970,0.18767455
AT3G60975,0.0
AT3G60980,0.16130318
AT3G60990,-0.03491072
AT3G61000,0.0
AT3G61020,0.0
AT3G61028,0.035761088
AT3G61030,-6.0939663e-05
AT3G61035,0.026799073
AT3G61040,-0.00018958625
AT3G61050,-0.16493519
AT3G61060,-0.1837385
AT3G61070,0.39992929
AT3G61080,-0.76755756
AT3G61090,-0.024209348
AT3G61100,-0.12621367
AT3G61110,0.27920577
AT3G61111,0.053293876
AT3G61113,0.026163643
AT3G61117,0.0
AT3G61120,-0.00052024086
AT3G61130,-0.014514517
AT3G61140,0.15679193
AT3G61150,-0.08875741
AT3G61160,0.22592534
AT3G61170,-0.1133999
AT3G61172,3.6304486e-05
AT3G61175,-0.014949541
AT3G61177,0.033103667
AT3G61180,0.060784645
AT3G61182,0.06834088
AT3G61190,2.0175774
AT3G61200,0.26117107
AT3G61210,-0.2080849
AT3G61220,-0.18980245
AT3G61230,0.0009588465
AT3G61240,0.019771868
AT3G61250,0.011181949
AT3G61260,-0.12390783
AT3G61270,0.19925207
AT3G61280,0.37143153
AT3G61290,0.0
AT3G61300,0.047125988
AT3G61310,-0.19718988
AT3G61320,-0.22051647
AT3G61340,0.10085653
AT3G61350,-0.017291449
AT3G61360,-0.00785802
AT3G61370,-0.29253086
AT3G61380,-0.3424092
AT3G61390,2.8699944
AT3G61400,0.17971101
AT3G61410,-0.08368773
AT3G61415,-0.06947647
AT3G61420,-0.1758438
AT3G61430,0.1949918
AT3G61440,-0.0063345064
AT3G61450,0.094604276
AT3G61460,-0.2154997
AT3G61470,-0.40132666
AT3G61480,0.032097653
AT3G61490,0.6860876
AT3G61500,0.0005569795
AT3G61510,-0.15554772
AT3G61520,-0.062315542
AT3G61530,0.31103745
AT3G61540,0.064813584
AT3G61550,-0.2760475
AT3G61560,-0.084722176
AT3G61570,-0.02426883
AT3G61571,-0.004326955
AT3G61580,-0.13127103
AT3G61590,-0.0756417
AT3G61600,0.1013659
AT3G61610,-0.15882331
AT3G61620,0.0045089438
AT3G61630,0.11827634
AT3G61640,0.0063976683
AT3G61650,-0.33291885
AT3G61660,0.006851454
AT3G61670,-0.14998475
AT3G61680,0.08429017
AT3G61690,-0.027097546
AT3G61700,-0.2850928
AT3G61710,0.025060643
AT3G61720,0.006080907
AT3G61723,0.0
AT3G61730,-0.01383077
AT3G61740,-0.2441535
AT3G61750,-0.43490326
AT3G61760,0.3046534
AT3G61770,0.2199211
AT3G61780,-0.31511563
AT3G61790,0.13116232
AT3G61800,0.078848034
AT3G61810,-0.12118577
AT3G61820,-0.39964366
AT3G61826,0.0
AT3G61829,-0.00017940014
AT3G61830,-0.51789147
AT3G61840,0.06562503
AT3G61850,-0.26353425
AT3G61860,0.062032655
AT3G61870,-0.5208429
AT3G61880,-0.0971784
AT3G61890,0.11394928
AT3G61898,-0.299915
AT3G61900,0.18502423
AT3G61910,-0.0018772365
AT3G61920,-0.060356468
AT3G61930,2.1302762
AT3G61940,-0.024751676
AT3G61950,-0.3375222
AT3G61960,0.038522556
AT3G61962,0.0
AT3G61970,-0.21334939
AT3G61980,0.43965825
AT3G61990,0.15492603
AT3G62000,-0.18636487
AT3G62010,-0.043528553
AT3G62020,0.15407401
AT3G62030,-0.31854934
AT3G62040,-0.24384764
AT3G62050,-0.14133662
AT3G62060,-0.35527575
AT3G62070,-0.48925155
AT3G62080,-0.086073324
AT3G62090,0.36708778
AT3G62100,-0.18993904
AT3G62110,-0.16183369
AT3G62120,-0.15730669
AT3G62130,0.00052043854
AT3G62140,-0.05969096
AT3G62150,0.35995784
AT3G62160,0.24837588
AT3G62170,0.00014290567
AT3G62180,0.0018476298
AT3G62190,-0.14135095
AT3G62200,-0.17278066
AT3G62210,-0.14676471
AT3G62220,-0.12871535
AT3G62230,-0.00017940014
AT3G62240,0.123076946
AT3G62250,0.058593273
AT3G62260,0.6306952
AT3G62270,-0.02478658
AT3G62280,0.08541878
AT3G62290,0.056839887
AT3G62300,-0.357952
AT3G62310,0.09159113
AT3G62320,0.03121563
AT3G62330,0.06933387
AT3G62340,0.00014290567
AT3G62350,0.0
AT3G62360,0.06302274
AT3G62370,0.16910219
AT3G62380,-0.013000449
AT3G62390,-0.7173415
AT3G62400,0.44500595
AT3G62410,-0.133287
AT3G62420,0.5398831
AT3G62430,0.0036635248
AT3G62440,0.0
AT3G62450,0.06264079
AT3G62460,0.25943294
AT3G62470,-0.3742143
AT3G62499,-0.11841372
AT3G62500,-0.29567853
AT3G62510,-0.12294347
AT3G62528,0.0
AT3G62530,0.026696872
AT3G62540,-0.3005029
AT3G62550,0.048460063
AT3G62560,0.022303758
AT3G62570,-0.19551776
AT3G62580,0.33549768
AT3G62590,1.1293913
AT3G62600,0.3367682
AT3G62610,-0.0070201205
AT3G62615,0.0
AT3G62620,-0.14238185
AT3G62630,-0.6985433
AT3G62640,0.008043717
AT3G62650,0.03825302
AT3G62660,-0.182682
AT3G62670,0.0
AT3G62680,-0.03236621
AT3G62690,-0.33144104
AT3G62695,-0.0008522718
AT3G62700,-0.4189734
AT3G62710,0.0061904737
AT3G62720,0.46952716
AT3G62730,0.18821307
AT3G62740,-0.047644597
AT3G62750,-0.54049057
AT3G62760,0.018558249
AT3G62770,0.2980722
AT3G62780,0.4926949
AT3G62790,0.26822734
AT3G62800,-0.053061128
AT3G62810,0.2489201
AT3G62820,-0.36669433
AT3G62830,0.28863543
AT3G62850,0.025090327
AT3G62860,-0.1678857
AT3G62870,-0.021506097
AT3G62880,0.04975733
AT3G62890,0.05490805
AT3G62900,-0.02826345
AT3G62910,-0.37569124
AT3G62920,0.21047248
AT3G62930,-0.115014315
AT3G62940,-0.14919238
AT3G62950,-0.35107073
AT3G62960,-0.30005595
AT3G62970,-0.039030403
AT3G62980,-0.082983166
AT3G62990,0.0032390717
AT3G63000,-0.0034559397
AT3G63010,0.42804188
AT3G63020,-0.023920871
AT3G63030,0.18371667
AT3G63040,-0.0007033798
AT3G63050,0.23370631
AT3G63052,0.007547034
AT3G63060,0.9383377
AT3G63070,0.18428962
AT3G63080,0.25601038
AT3G63088,-0.11699016
AT3G63090,0.06694533
AT3G63093,-0.0013671733
AT3G63095,-0.06461762
AT3G63110,-0.62239546
AT3G63120,-0.2742047
AT3G63130,-0.19761288
AT3G63140,-0.8454288
AT3G63150,0.055637002
AT3G63160,-0.33534756
AT3G63170,-0.31866267
AT3G63180,-0.15317594
AT3G63190,-0.3328291
AT3G63200,-0.20695624
AT3G63210,-0.16544458
AT3G63215,0.0027864105
AT3G63220,0.20330243
AT3G63230,0.0
AT3G63240,0.25542638
AT3G63250,-0.21989954
AT3G63255,-0.0033579923
AT3G63260,0.14519705
AT3G63270,0.07614587
AT3G63280,0.4150281
AT3G63290,-0.003977094
AT3G63300,-0.4180532
AT3G63310,0.43499437
AT3G63320,0.008882828
AT3G63330,0.0
AT3G63340,-0.04192607
AT3G63350,0.010054951
AT3G63360,0.010659519
AT3G63370,-0.4632986
AT3G63380,2.0430415
AT3G63390,0.093942754
AT3G63400,-0.040705156
AT3G63410,-0.30188423
AT3G63420,0.1775499
AT3G63430,0.026116703
AT3G63440,-0.66459006
AT3G63450,-0.7373326
AT3G63460,0.15370782
AT3G63470,0.1418895
AT3G63480,0.0010925607
AT3G63490,-0.23346266
AT3G63500,-0.049619664
AT3G63510,-0.3931125
AT3G63520,-0.24173725
AT3G63530,-0.42331046
AT3G63540,-0.09757846
AT3G63550,0.0
AT3G66652,-0.19342278
AT3G66654,0.1606658
AT3G66656,0.0
AT3G66658,-0.18476011
AT4G00005,0.0001421356
AT4G00020,-0.06088176
AT4G00026,0.09900882
AT4G00030,-0.24230172
AT4G00040,-0.22601941
AT4G00050,-0.64012283
AT4G00060,-0.06278645
AT4G00070,-0.09156862
AT4G00080,-0.011080919
AT4G00090,0.22745757
AT4G00100,-0.051352095
AT4G00110,0.09681797
AT4G00120,0.00014905339
AT4G00130,0.016522838
AT4G00140,0.30202952
AT4G00150,-0.3891517
AT4G00155,0.00035021114
AT4G00160,0.0
AT4G00163,-0.01434508
AT4G00165,-0.52833414
AT4G00170,0.18835366
AT4G00180,-0.38660756
AT4G00190,8.548921e-05
AT4G00200,0.3757564
AT4G00210,0.040497907
AT4G00220,-0.018097846
AT4G00230,0.15499698
AT4G00231,-0.08738845
AT4G00232,0.0011168842
AT4G00234,0.0021006907
AT4G00238,-0.2349769
AT4G00240,0.34958827
AT4G00250,0.018154632
AT4G00260,0.0
AT4G00270,-0.315094
AT4G00280,-0.0011155814
AT4G00290,0.18665056
AT4G00295,0.033654924
AT4G00300,0.15079981
AT4G00305,0.41839612
AT4G00310,-0.20606188
AT4G00315,0.0010643202
AT4G00320,0.0
AT4G00330,0.40204033
AT4G00335,-0.08229561
AT4G00340,-0.25957403
AT4G00342,0.0
AT4G00350,-0.00736538
AT4G00355,0.15111132
AT4G00360,-0.005985472
AT4G00370,-0.26890957
AT4G00380,-0.8293959
AT4G00390,0.22858
AT4G00400,-0.5172886
AT4G00416,-0.0028491353
AT4G00420,-0.046834078
AT4G00430,0.5716238
AT4G00440,0.004186178
AT4G00450,0.09990513
AT4G00460,-0.2829271
AT4G00467,0.0
AT4G00480,-0.20765889
AT4G00490,-0.5800635
AT4G00500,-0.066335075
AT4G00520,-0.16921856
AT4G00525,-0.14727557
AT4G00530,0.06498874
AT4G00540,0.032395758
AT4G00550,0.22028145
AT4G00560,-0.45774934
AT4G00570,0.20921718
AT4G00580,0.035463482
AT4G00585,0.26423374
AT4G00590,0.029650712
AT4G00600,0.0
AT4G00610,0.0015500358
AT4G00620,0.14055943
AT4G00630,0.054559108
AT4G00650,-0.14691238
AT4G00651,-0.005660127
AT4G00660,0.068051234
AT4G00670,-0.57430696
AT4G00680,-0.010158308
AT4G00690,-0.336731
AT4G00695,0.10558129
AT4G00700,0.89160115
AT4G00710,-0.23589967
AT4G00720,-0.12435616
AT4G00730,-0.29609752
AT4G00740,-0.25090855
AT4G00750,0.071709745
AT4G00752,-0.19803318
AT4G00755,-0.093917266
AT4G00760,-0.123212464
AT4G00770,-0.00028934752
AT4G00780,-0.22566423
AT4G00800,-0.06604259
AT4G00810,0.0999073
AT4G00820,-0.7032126
AT4G00830,-0.15689828
AT4G00840,0.1361149
AT4G00850,0.06690975
AT4G00860,0.4277379
AT4G00870,-0.7700531
AT4G00872,0.0
AT4G00880,-0.44840798
AT4G00883,0.0
AT4G00889,6.547678e-05
AT4G00890,-0.34002045
AT4G00893,-0.09992967
AT4G00895,0.1616994
AT4G00900,0.51829934
AT4G00905,-0.13135569
AT4G00910,0.04195184
AT4G00920,0.013725511
AT4G00925,0.0
AT4G00930,-0.2023091
AT4G00940,0.12951393
AT4G00950,-0.7685377
AT4G00953,0.00020320683
AT4G00955,0.22218339
AT4G00960,-0.01640559
AT4G00970,-0.2203292
AT4G00980,-0.44872698
AT4G00990,-0.35709083
AT4G01000,-0.028510885
AT4G01010,0.43211114
AT4G01020,-0.19668631
AT4G01023,0.012933353
AT4G01026,0.20582135
AT4G01030,-0.44304723
AT4G01037,0.043909103
AT4G01040,-0.25188297
AT4G01050,-0.4370238
AT4G01060,-0.10230019
AT4G01070,0.21550688
AT4G01080,-0.9885181
AT4G01090,-0.009988461
AT4G01100,0.1528394
AT4G01110,0.3316224
AT4G01120,-0.17727818
AT4G01130,-0.16636154
AT4G01140,0.10652431
AT4G01150,-0.4259568
AT4G01160,0.034660906
AT4G01170,0.0
AT4G01180,0.052313358
AT4G01190,-0.3320397
AT4G01200,-0.009223719
AT4G01210,-0.070613794
AT4G01220,0.052866414
AT4G01230,-0.120362036
AT4G01240,-0.0026433307
AT4G01245,0.0
AT4G01250,0.20969059
AT4G01260,0.0
AT4G01270,-0.0012538603
AT4G01280,-0.071154945
AT4G01290,-0.035211813
AT4G01310,-0.43463194
AT4G01320,0.3021729
AT4G01330,-0.33898988
AT4G01335,-0.15040787
AT4G01340,0.000103795515
AT4G01350,-0.04966523
AT4G01360,2.2792966
AT4G01370,0.3191714
AT4G01380,-0.015326911
AT4G01390,-1.883662
AT4G01395,0.15672028
AT4G01400,-0.1516793
AT4G01410,0.036359422
AT4G01420,0.17573056
AT4G01430,1.4536164
AT4G01435,-0.07775439
AT4G01440,0.006497857
AT4G01450,-0.20982319
AT4G01460,-0.65469235
AT4G01470,0.0014772872
AT4G01480,-0.036735654
AT4G01500,-0.11641086
AT4G01510,-0.08134973
AT4G01516,0.0
AT4G01520,0.0
AT4G01535,0.0022842402
AT4G01540,0.9549281
AT4G01550,-0.282493
AT4G01560,-0.00048719702
AT4G01570,-0.26542297
AT4G01575,0.06752167
AT4G01580,0.043873604
AT4G01590,0.025502585
AT4G01595,-0.037482385
AT4G01600,0.23628487
AT4G01610,0.3413401
AT4G01630,-0.0021756396
AT4G01640,0.0
AT4G01650,-0.093750685
AT4G01660,0.29468665
AT4G01670,-0.34651455
AT4G01671,0.0
AT4G01680,-0.6127533
AT4G01690,-0.0724688
AT4G01700,0.6890561
AT4G01703,0.0
AT4G01710,-0.020036107
AT4G01720,-0.1338982
AT4G01730,-0.20328075
AT4G01735,-0.00014504496
AT4G01740,-0.0094379615
AT4G01750,0.2745592
AT4G01760,0.0053927638
AT4G01770,-0.0075939065
AT4G01780,-0.012980416
AT4G01790,-0.060391795
AT4G01800,-0.33760804
AT4G01810,0.1364806
AT4G01820,0.01467498
AT4G01830,0.00019707426
AT4G01840,-0.14459704
AT4G01850,0.41284496
AT4G01860,0.01428726
AT4G01870,2.5585754
AT4G01880,-0.114832476
AT4G01883,-0.16093534
AT4G01890,0.0008513008
AT4G01895,0.86240625
AT4G01897,-0.24909452
AT4G01900,-0.20360298
AT4G01910,0.3250581
AT4G01915,-0.3576145
AT4G01920,0.30147558
AT4G01925,0.1017073
AT4G01930,-0.013038293
AT4G01935,-0.14581876
AT4G01940,0.15520395
AT4G01950,0.45184472
AT4G01960,0.12208674
AT4G01970,-0.047193035
AT4G01985,0.13008736
AT4G01990,-0.17467777
AT4G01995,-0.1939206
AT4G02000,0.040485706
AT4G02010,-0.31250852
AT4G02020,-0.24002597
AT4G02030,0.06942274
AT4G02040,-0.011551079
AT4G02050,0.113615364
AT4G02060,-0.007466806
AT4G02070,-0.16721737
AT4G02075,-0.16840132
AT4G02080,0.21167609
AT4G02090,0.14930542
AT4G02100,-0.19543019
AT4G02110,-0.09036638
AT4G02120,0.012941389
AT4G02130,-0.07793944
AT4G02140,-0.12182225
AT4G02150,0.16131438
AT4G02160,0.0015783325
AT4G02170,0.015198257
AT4G02180,-0.058829416
AT4G02190,0.0
AT4G02195,0.02359959
AT4G02200,-0.29368663
AT4G02210,-0.30441532
AT4G02220,0.4309018
AT4G02230,-0.09476221
AT4G02235,0.0
AT4G02250,0.0
AT4G02260,-0.19927613
AT4G02270,-0.01621522
AT4G02280,0.75102913
AT4G02290,-0.7029583
AT4G02300,0.015632123
AT4G02310,0.00014193372
AT4G02320,0.06343804
AT4G02330,0.46635222
AT4G02340,0.18183562
AT4G02350,0.35052493
AT4G02360,0.5668165
AT4G02370,0.51361483
AT4G02380,1.737222
AT4G02390,0.13728996
AT4G02400,-0.011242639
AT4G02405,0.20537864
AT4G02410,0.040883858
AT4G02420,-0.05789531
AT4G02425,-0.2204803
AT4G02430,-0.17785296
AT4G02440,0.03449312
AT4G02450,0.05365772
AT4G02460,-0.18297653
AT4G02465,-0.0010010455
AT4G02470,0.0
AT4G02482,-0.30197433
AT4G02485,-0.14167114
AT4G02489,0.0
AT4G02500,-0.19611253
AT4G02510,-0.2265867
AT4G02520,1.186772
AT4G02530,-0.36828792
AT4G02540,-0.022991924
AT4G02541,0.0001262625
AT4G02550,0.5910251
AT4G02560,-0.056073494
AT4G02570,0.13848916
AT4G02580,0.17500313
AT4G02590,0.057840038
AT4G02600,0.021943837
AT4G02610,-0.23357737
AT4G02620,0.2185018
AT4G02630,-0.51909757
AT4G02640,-0.29660204
AT4G02650,0.66417193
AT4G02655,0.0031056835
AT4G02660,0.306969
AT4G02670,-0.3483608
AT4G02680,-0.2710098
AT4G02690,0.009470253
AT4G02700,0.09348689
AT4G02710,-0.16887346
AT4G02715,-0.04801784
AT4G02720,-0.23986866
AT4G02725,-0.08655705
AT4G02730,0.21995685
AT4G02733,0.0
AT4G02735,0.0
AT4G02740,0.23864287
AT4G02750,-0.1301721
AT4G02760,-0.0509363
AT4G02770,-0.37887922
AT4G02780,-0.36981368
AT4G02790,-0.36206073
AT4G02800,-0.22583482
AT4G02810,-0.11612422
AT4G02820,-0.38359246
AT4G02830,0.06304594
AT4G02840,0.1476323
AT4G02850,0.22477725
AT4G02860,0.34597093
AT4G02870,0.016915271
AT4G02880,0.129918
AT4G02890,0.28346872
AT4G02900,-0.35979912
AT4G02910,0.0
AT4G02920,-0.31019497
AT4G02930,0.4116784
AT4G02940,0.66814744
AT4G02960,0.0
AT4G02970,-0.0006288336
AT4G02980,0.01354965
AT4G02990,-0.048467543
AT4G03000,-0.052200906
AT4G03010,-0.3859387
AT4G03020,0.3262579
AT4G03030,0.31609496
AT4G03040,0.015675552
AT4G03050,-0.0006056378
AT4G03060,0.0
AT4G03070,-0.37684935
AT4G03080,0.22066104
AT4G03090,-0.1172747
AT4G03100,-0.16472973
AT4G03110,-0.06416207
AT4G03113,0.0017185215
AT4G03115,-0.24369948
AT4G03120,0.14335647
AT4G03130,0.07256598
AT4G03140,0.10542948
AT4G03150,-0.2653681
AT4G03153,0.0005569795
AT4G03156,0.0
AT4G03157,-0.013076782
AT4G03160,0.0
AT4G03165,0.0
AT4G03170,0.0
AT4G03175,0.002076902
AT4G03180,0.082776584
AT4G03190,-0.39908037
AT4G03200,0.18222192
AT4G03205,-0.39855364
AT4G03210,-0.68490154
AT4G03220,-0.0009486358
AT4G03230,-0.094410926
AT4G03240,0.030109067
AT4G03250,-0.30340734
AT4G03260,-0.014505988
AT4G03270,-0.0018740982
AT4G03280,-0.3472145
AT4G03290,-0.005825717
AT4G03292,0.00040591328
AT4G03298,-0.0010951814
AT4G03320,1.5717036
AT4G03330,0.049264017
AT4G03340,0.10362966
AT4G03350,-0.0005573991
AT4G03360,1.0005318
AT4G03370,0.0005569795
AT4G03380,-0.02798028
AT4G03390,0.09327492
AT4G03400,-0.01584943
AT4G03410,0.24498
AT4G03415,-0.43620995
AT4G03420,0.31293985
AT4G03430,0.18233553
AT4G03440,-0.21106143
AT4G03443,-0.004410146
AT4G03450,0.35188687
AT4G03460,0.33130443
AT4G03470,0.01653581
AT4G03480,-0.04767189
AT4G03490,0.0065829763
AT4G03495,4.0527742e-05
AT4G03500,-0.005665921
AT4G03505,0.045111846
AT4G03510,0.11211786
AT4G03520,-0.13119264
AT4G03540,0.5801298
AT4G03550,0.39210156
AT4G03560,-0.09701418
AT4G03565,0.013262028
AT4G03566,0.0020497795
AT4G03570,0.0
AT4G03580,0.03296076
AT4G03590,0.0
AT4G03600,-0.11231511
AT4G03610,-0.11463721
AT4G03620,-0.002251329
AT4G03625,6.12731e-05
AT4G03630,4.0527742e-05
AT4G03635,-0.10371936
AT4G03645,-0.00043661738
AT4G03728,0.0
AT4G03740,0.0
AT4G03820,0.39225152
AT4G03830,0.0
AT4G03930,-0.0011972166
AT4G03940,-0.31173474
AT4G03945,0.048689973
AT4G03950,-0.014949541
AT4G03960,0.39832768
AT4G03965,0.029453525
AT4G04020,-0.12604709
AT4G04025,-0.0021652963
AT4G04030,0.0028169462
AT4G04040,-0.2073775
AT4G04078,0.0
AT4G04080,0.0
AT4G04090,0.017619288
AT4G04110,0.0
AT4G04180,-0.22395481
AT4G04190,-0.12543741
AT4G04200,-0.11103954
AT4G04210,0.30574378
AT4G04220,0.42148408
AT4G04260,0.04874105
AT4G04265,-0.027352989
AT4G04320,0.0847563
AT4G04330,-0.35732546
AT4G04340,-0.46466428
AT4G04350,-0.4574539
AT4G04360,-0.30084416
AT4G04370,-0.32094982
AT4G04402,0.0
AT4G04404,0.0
AT4G04415,-0.000821882
AT4G04423,0.021570101
AT4G04430,0.0
AT4G04450,-0.06835072
AT4G04460,-0.17750494
AT4G04470,0.08061186
AT4G04480,0.20802678
AT4G04490,1.2376548
AT4G04500,0.5318976
AT4G04510,-0.07809251
AT4G04540,0.99321294
AT4G04555,0.0
AT4G04570,-0.58211327
AT4G04580,0.0041900175
AT4G04601,3.6304486e-05
AT4G04605,0.016963078
AT4G04610,0.25662467
AT4G04614,-0.09451139
AT4G04620,0.22529244
AT4G04630,-0.48314023
AT4G04632,0.0
AT4G04640,-0.44565192
AT4G04650,0.0
AT4G04670,0.02538955
AT4G04680,-0.03557251
AT4G04690,-0.00056364236
AT4G04695,0.524495
AT4G04700,-0.46599713
AT4G04710,0.018041326
AT4G04720,-0.011989437
AT4G04730,0.00027993578
AT4G04740,0.045435484
AT4G04745,0.104596876
AT4G04750,-0.9302376
AT4G04760,-0.022195794
AT4G04770,0.027612975
AT4G04775,0.0
AT4G04780,-0.16630541
AT4G04790,0.1357268
AT4G04800,0.51658577
AT4G04810,-0.4772025
AT4G04830,-1.1499864
AT4G04840,-0.9886971
AT4G04850,-0.2998124
AT4G04860,0.00045684655
AT4G04870,0.10566394
AT4G04880,-0.07257877
AT4G04885,0.05776596
AT4G04890,-0.27762175
AT4G04900,-0.016641507
AT4G04910,0.23225564
AT4G04920,0.18553841
AT4G04925,0.32911527
AT4G04930,0.0
AT4G04940,0.23891854
AT4G04950,-0.06224729
AT4G04955,-0.823906
AT4G04957,0.0
AT4G04960,0.74863505
AT4G04970,0.0051609552
AT4G04972,0.34313014
AT4G04980,0.0026197657
AT4G04985,0.0
AT4G04990,0.3012261
AT4G05000,0.051756423
AT4G05010,0.12622765
AT4G05018,0.006001709
AT4G05020,0.7454759
AT4G05030,0.22281922
AT4G05040,-0.36015248
AT4G05050,0.49431348
AT4G05060,0.053248074
AT4G05070,0.022770448
AT4G05071,0.019352714
AT4G05080,0.0
AT4G05090,-0.4010383
AT4G05091,-0.0007040561
AT4G05095,-0.0009940165
AT4G05097,-0.00043661738
AT4G05100,1.8019818
AT4G05110,-0.35268384
AT4G05120,-0.18817188
AT4G05130,-0.2943065
AT4G05140,0.0005569795
AT4G05150,0.11115859
AT4G05160,0.31624693
AT4G05170,-0.5736157
AT4G05180,-0.37619975
AT4G05190,-0.2456668
AT4G05200,-0.0028618567
AT4G05210,-0.18140787
AT4G05220,-0.09731779
AT4G05230,0.0
AT4G05240,0.00014290567
AT4G05250,0.0
AT4G05260,0.0
AT4G05270,0.0
AT4G05310,0.0
AT4G05320,0.18002096
AT4G05330,-0.18652824
AT4G05340,0.0
AT4G05350,0.0027094432
AT4G05360,0.0008518695
AT4G05380,-0.24398887
AT4G05390,0.30317822
AT4G05400,-0.27369335
AT4G05410,-0.022941118
AT4G05420,-0.074965015
AT4G05430,-0.095427394
AT4G05440,0.087463096
AT4G05450,0.15503745
AT4G05460,0.22997615
AT4G05470,-0.0022701689
AT4G05475,-0.016452705
AT4G05490,0.05066721
AT4G05497,0.15743993
AT4G05500,0.0
AT4G05520,-0.33320642
AT4G05523,0.0
AT4G05530,0.20714846
AT4G05540,-0.22026347
AT4G05553,0.0
AT4G05555,0.0
AT4G05590,-0.03857895
AT4G05612,0.0
AT4G05620,0.0
AT4G05630,0.0
AT4G05631,0.10756335
AT4G05632,0.0
AT4G06479,-0.013487757
AT4G06490,0.0
AT4G06526,0.0
AT4G06534,-0.3950849
AT4G06536,-0.29231498
AT4G06583,-0.094282046
AT4G06598,-0.3258632
AT4G06599,0.047789354
AT4G06634,0.045855954
AT4G06639,0.0
AT4G06643,0.0031884941
AT4G06655,0.027582444
AT4G06676,0.02368301
AT4G06688,0.0
AT4G06744,1.2565157
AT4G06746,0.66817105
AT4G07325,0.0
AT4G07350,0.0021430135
AT4G07380,0.0
AT4G07390,0.22794642
AT4G07400,-0.14889567
AT4G07408,0.25134575
AT4G07410,-0.038165584
AT4G07445,0.0
AT4G07455,-0.27545
AT4G07515,0.0
AT4G07524,-6.0850445e-05
AT4G07526,0.00014193372
AT4G07666,0.0
AT4G07670,0.030671509
AT4G07675,0.0
AT4G07740,0.0
AT4G07820,0.16760859
AT4G07825,-0.20394728
AT4G07835,0.0
AT4G07868,-0.0015083861
AT4G07932,0.0
AT4G07940,0.027880698
AT4G07950,0.041209962
AT4G07960,-0.17730215
AT4G07965,-2.8056775e-06
AT4G07990,0.0073101027
AT4G07995,0.010463706
AT4G08025,0.0
AT4G08028,0.0
AT4G08039,0.0
AT4G08040,-0.17610033
AT4G08097,0.0
AT4G08140,0.0
AT4G08150,-0.05826317
AT4G08160,0.15746562
AT4G08170,0.101951815
AT4G08180,0.401468
AT4G08190,0.0
AT4G08210,-0.052983664
AT4G08230,0.30575332
AT4G08240,-0.038240205
AT4G08250,-0.017847493
AT4G08260,0.0
AT4G08263,0.0005569795
AT4G08267,0.0
AT4G08270,0.0
AT4G08280,-0.10119515
AT4G08290,0.52632046
AT4G08300,-0.5375776
AT4G08310,-0.23279369
AT4G08320,0.12816015
AT4G08330,-0.015496162
AT4G08350,-0.035986755
AT4G08360,0.0009801444
AT4G08370,-0.00043661738
AT4G08380,0.0
AT4G08390,0.7345529
AT4G08395,0.0
AT4G08400,-0.008174231
AT4G08406,0.0
AT4G08410,-0.014853149
AT4G08430,0.0
AT4G08450,0.0049997205
AT4G08455,0.0887832
AT4G08460,0.15845369
AT4G08470,0.3286731
AT4G08480,0.03312496
AT4G08485,0.0
AT4G08500,0.26489216
AT4G08510,0.16432436
AT4G08520,0.13269755
AT4G08530,0.0
AT4G08535,0.08011967
AT4G08540,-0.06916658
AT4G08545,0.0
AT4G08550,0.00012842205
AT4G08555,0.67033535
AT4G08558,0.0
AT4G08560,0.0
AT4G08570,-0.01612598
AT4G08580,-0.19643874
AT4G08590,-0.21861738
AT4G08593,-0.0003496361
AT4G08620,-0.0050777206
AT4G08630,0.0
AT4G08640,0.0
AT4G08670,0.0
AT4G08685,-0.71576357
AT4G08690,-0.033825085
AT4G08691,0.00019341611
AT4G08700,-0.1172778
AT4G08730,0.0025008484
AT4G08740,0.0
AT4G08760,0.0528223
AT4G08770,3.5028646
AT4G08780,0.9167953
AT4G08790,0.043755267
AT4G08800,0.0
AT4G08810,-0.111691855
AT4G08840,0.0
AT4G08850,0.19209537
AT4G08867,-0.00225559
AT4G08868,0.020037591
AT4G08869,0.0006713614
AT4G08870,0.13861565
AT4G08874,-0.0028314716
AT4G08875,0.00014290567
AT4G08876,0.0
AT4G08878,0.030755777
AT4G08895,0.0
AT4G08900,0.0059465165
AT4G08910,-0.0005213012
AT4G08920,-0.24595627
AT4G08930,0.16532099
AT4G08940,0.12859017
AT4G08950,0.8874008
AT4G08960,0.15303256
AT4G08980,0.13205284
AT4G08990,-0.002636549
AT4G09000,0.32161993
AT4G09010,-0.6513133
AT4G09012,-0.08528437
AT4G09020,-0.15142255
AT4G09030,1.1417623
AT4G09035,-0.0021097213
AT4G09040,-0.2809668
AT4G09060,-0.07587445
AT4G09070,0.0
AT4G09080,0.17480524
AT4G09090,0.0
AT4G09100,0.21725716
AT4G09110,0.042647272
AT4G09120,0.0041409843
AT4G09130,0.041816738
AT4G09140,-0.030122288
AT4G09150,0.011017564
AT4G09153,0.0
AT4G09160,-0.5257549
AT4G09170,-0.009884158
AT4G09180,-0.0011700509
AT4G09190,0.0
AT4G09200,0.01863971
AT4G09210,0.00015333656
AT4G09260,0.00084760174
AT4G09300,0.47727686
AT4G09320,0.26031706
AT4G09330,0.0
AT4G09350,-0.27030277
AT4G09360,0.0
AT4G09420,0.028373182
AT4G09430,-0.100170344
AT4G09435,-0.16371253
AT4G09440,0.0
AT4G09450,7.164661e-05
AT4G09460,-0.01619233
AT4G09462,0.0
AT4G09464,0.0
AT4G09465,0.0
AT4G09466,0.0
AT4G09490,0.18624274
AT4G09500,-0.39938247
AT4G09510,-0.08040083
AT4G09520,-0.17270777
AT4G09530,-0.00042987624
AT4G09545,0.0
AT4G09550,-0.14649539
AT4G09560,-0.087178975
AT4G09570,0.23145181
AT4G09580,0.1636708
AT4G09585,0.0
AT4G09589,-0.0003218465
AT4G09590,-0.0140705705
AT4G09600,-0.040733766
AT4G09610,-0.00018371837
AT4G09620,-0.13728695
AT4G09630,0.053648774
AT4G09640,-0.4246831
AT4G09647,0.0
AT4G09649,0.003838533
AT4G09650,-0.62736595
AT4G09660,0.0
AT4G09670,-0.15048115
AT4G09680,-0.046227094
AT4G09690,0.017563593
AT4G09720,0.039685555
AT4G09730,-0.15072745
AT4G09731,0.000988971
AT4G09740,0.0
AT4G09750,0.32271725
AT4G09760,0.03487251
AT4G09770,0.4073263
AT4G09775,0.0
AT4G09780,0.0006364558
AT4G09784,0.0
AT4G09790,0.0
AT4G09795,0.0
AT4G09810,-0.4329187
AT4G09820,-0.0049640806
AT4G09830,0.17999253
AT4G09840,-0.06370373
AT4G09850,0.0010709917
AT4G09860,0.0
AT4G09870,0.001548194
AT4G09880,-0.027147096
AT4G09890,-0.6430866
AT4G09900,-0.31681257
AT4G09920,-0.39082837
AT4G09930,0.0
AT4G09940,-0.0012324251
AT4G09950,-0.22889985
AT4G09960,-0.0005573991
AT4G09965,0.00011510329
AT4G09970,-0.24741264
AT4G09980,-0.025038848
AT4G09984,0.0
AT4G09990,-0.0014144976
AT4G10000,-0.16917136
AT4G10010,0.00011764525
AT4G10020,-0.036531053
AT4G10030,-0.06019284
AT4G10040,0.7757558
AT4G10050,-0.25582284
AT4G10060,-0.15877439
AT4G10070,0.05633065
AT4G10080,0.0146740135
AT4G10090,0.013231275
AT4G10100,0.096406244
AT4G10110,0.0068872767
AT4G10115,0.0
AT4G10120,-1.0108335
AT4G10130,0.15113194
AT4G10140,0.08667731
AT4G10150,-0.5270267
AT4G10160,-0.17296958
AT4G10170,-0.10740363
AT4G10180,-0.12922972
AT4G10190,0.0
AT4G10200,0.055926036
AT4G10210,0.0
AT4G10220,0.0
AT4G10230,0.03296076
AT4G10240,0.0
AT4G10250,0.29411423
AT4G10260,-0.00043661738
AT4G10265,-0.0430579
AT4G10270,-0.09391611
AT4G10280,-0.0774666
AT4G10300,-0.35219318
AT4G10305,0.0
AT4G10310,-0.08589729
AT4G10320,0.090482734
AT4G10330,0.10072811
AT4G10340,-0.625234
AT4G10350,-0.0030150553
AT4G10360,0.030078417
AT4G10370,0.017992994
AT4G10380,0.042193376
AT4G10390,-0.08087755
AT4G10400,-0.24582227
AT4G10410,0.0038256056
AT4G10420,-0.09622869
AT4G10430,-0.008000546
AT4G10440,-0.013506211
AT4G10450,0.23901734
AT4G10457,0.0
AT4G10465,7.164661e-05
AT4G10470,-0.32961866
AT4G10480,0.09206758
AT4G10490,0.0005569795
AT4G10500,0.7168625
AT4G10510,0.041928343
AT4G10520,0.0028352118
AT4G10530,0.0011724455
AT4G10540,0.0018231063
AT4G10550,-0.28684106
AT4G10560,0.021122405
AT4G10570,-0.0066303187
AT4G10590,0.198631
AT4G10595,0.0
AT4G10600,-0.37266117
AT4G10603,0.0
AT4G10610,0.19766742
AT4G10613,0.0
AT4G10620,-0.05298357
AT4G10630,-0.103296235
AT4G10640,-0.034137275
AT4G10650,0.05340201
AT4G10660,0.0
AT4G10670,0.0
AT4G10680,0.0005073407
AT4G10695,-0.049184848
AT4G10700,0.0
AT4G10710,0.0025238022
AT4G10720,-0.12417829
AT4G10730,0.011088723
AT4G10740,0.0
AT4G10750,0.122911185
AT4G10760,-0.052047987
AT4G10767,0.0
AT4G10770,-0.58738893
AT4G10780,0.04756336
AT4G10790,-0.03210868
AT4G10800,-0.36725393
AT4G10810,0.33432382
AT4G10820,0.006899669
AT4G10840,0.025615696
AT4G10843,-0.06428785
AT4G10850,0.0024900776
AT4G10860,0.53512466
AT4G10870,6.12731e-05
AT4G10880,0.0
AT4G10890,-0.46944815
AT4G10895,0.015632123
AT4G10910,-0.46207753
AT4G10920,-0.2676073
AT4G10925,-0.026029676
AT4G10930,-0.17301092
AT4G10955,-0.15988478
AT4G10960,0.9139372
AT4G10970,0.011559815
AT4G11000,0.28708228
AT4G11010,0.23167312
AT4G11020,0.0003039419
AT4G11030,0.0
AT4G11040,-0.00831373
AT4G11050,0.014711522
AT4G11060,-0.092242174
AT4G11070,0.18897481
AT4G11080,-0.30605662
AT4G11090,-0.071689196
AT4G11100,-0.3815112
AT4G11110,-0.061132856
AT4G11120,0.14699897
AT4G11130,-0.33384997
AT4G11140,-0.20837618
AT4G11150,0.24269946
AT4G11160,0.091931835
AT4G11170,1.7632978
AT4G11175,-0.061862774
AT4G11180,0.0
AT4G11190,-0.0010873583
AT4G11210,0.008119347
AT4G11211,-0.5356171
AT4G11220,0.22832702
AT4G11230,-0.13162819
AT4G11240,-0.0062204567
AT4G11250,0.0015293135
AT4G11260,0.12630948
AT4G11270,0.030009296
AT4G11280,1.5319237
AT4G11290,-0.38142654
AT4G11300,0.40772262
AT4G11310,0.0014177858
AT4G11320,-0.44589856
AT4G11330,0.09086715
AT4G11340,0.1972468
AT4G11350,0.19623369
AT4G11360,0.107110366
AT4G11370,1.0057614
AT4G11373,0.0
AT4G11380,0.27090907
AT4G11385,0.0
AT4G11390,-4.1964154e-07
AT4G11393,-0.0029721684
AT4G11400,-0.039907534
AT4G11402,0.0
AT4G11410,-0.20492435
AT4G11420,0.03494667
AT4G11430,0.0
AT4G11440,-0.24351825
AT4G11450,-0.51411426
AT4G11460,-0.030918317
AT4G11470,0.20935322
AT4G11480,0.4064291
AT4G11485,-0.0010246963
AT4G11490,0.00017726085
AT4G11510,0.0014240168
AT4G11521,0.70645165
AT4G11530,0.1585689
AT4G11540,0.0
AT4G11547,-0.13091971
AT4G11550,-0.078863546
AT4G11560,-0.029751986
AT4G11570,0.041616566
AT4G11580,0.0012072258
AT4G11590,0.0031871637
AT4G11600,0.56208956
AT4G11610,0.007787411
AT4G11630,0.17610407
AT4G11640,-0.30813235
AT4G11650,3.7023778
AT4G11653,0.0
AT4G11655,1.3253561
AT4G11660,0.20561948
AT4G11670,0.32497972
AT4G11680,-0.076957665
AT4G11690,0.024172578
AT4G11700,0.004071348
AT4G11720,0.03112675
AT4G11730,0.037546534
AT4G11740,0.14665747
AT4G11745,0.0
AT4G11750,0.0
AT4G11760,0.0
AT4G11770,0.0
AT4G11780,-0.016475897
AT4G11790,0.046559148
AT4G11800,0.2685356
AT4G11810,-0.16286989
AT4G11820,0.12882718
AT4G11830,-0.1987313
AT4G11840,0.48216623
AT4G11845,-0.065659024
AT4G11850,0.7338376
AT4G11860,0.20158702
AT4G11870,0.0
AT4G11880,-0.10268776
AT4G11890,1.1180668
AT4G11900,-0.05774114
AT4G11910,0.98104274
AT4G11911,-0.07974031
AT4G11920,-0.097239636
AT4G11930,0.0
AT4G11940,0.0
AT4G11950,-0.14306852
AT4G11960,0.036901027
AT4G11970,-0.13550423
AT4G11980,-0.072272375
AT4G11990,0.023568915
AT4G12000,0.32194743
AT4G12005,0.20335397
AT4G12010,0.099006355
AT4G12020,0.084330894
AT4G12030,-0.96604663
AT4G12040,0.2770331
AT4G12050,-0.12451549
AT4G12060,0.13482293
AT4G12070,0.18718946
AT4G12080,0.37197644
AT4G12090,0.22815289
AT4G12100,-0.026535476
AT4G12110,-0.10210254
AT4G12120,0.7269265
AT4G12130,-0.025876611
AT4G12140,-0.0006517571
AT4G12150,0.0
AT4G12170,0.0
AT4G12190,0.0006343744
AT4G12210,0.001701788
AT4G12220,0.019819593
AT4G12230,0.25587428
AT4G12240,0.10408882
AT4G12250,0.67148906
AT4G12270,-0.0036414415
AT4G12280,0.0022545545
AT4G12290,0.121523425
AT4G12300,0.07937829
AT4G12310,-0.6698645
AT4G12320,-0.9365704
AT4G12330,0.0897263
AT4G12334,0.0
AT4G12340,0.009827625
AT4G12350,0.10023018
AT4G12360,-3.911016e-05
AT4G12370,0.000294529
AT4G12380,0.030694926
AT4G12382,0.15164092
AT4G12390,-0.67180264
AT4G12400,0.5778037
AT4G12410,0.17460255
AT4G12420,-0.26445973
AT4G12430,0.381082
AT4G12440,-0.0112061305
AT4G12450,0.029687524
AT4G12460,-0.27632853
AT4G12470,-0.5077891
AT4G12480,1.1784002
AT4G12490,0.8122834
AT4G12495,0.039921623
AT4G12500,0.7524247
AT4G12510,-0.184467
AT4G12530,-0.055671975
AT4G12540,-0.15042526
AT4G12543,0.0
AT4G12545,0.021596275
AT4G12550,-0.018934278
AT4G12555,0.0
AT4G12560,-0.15622641
AT4G12570,0.0109275
AT4G12580,0.058204945
AT4G12590,0.016449783
AT4G12600,0.033520546
AT4G12610,0.09697398
AT4G12617,0.0
AT4G12620,-0.3671327
AT4G12640,-0.19393241
AT4G12650,0.20609492
AT4G12670,-0.20232514
AT4G12680,-0.123784274
AT4G12690,-0.44283924
AT4G12700,-0.41531396
AT4G12710,0.11581162
AT4G12720,0.6622392
AT4G12730,-0.85539466
AT4G12731,-0.030246632
AT4G12735,0.7176957
AT4G12740,0.009032577
AT4G12750,0.08880762
AT4G12760,-0.13830346
AT4G12770,0.25429735
AT4G12780,0.13877295
AT4G12790,0.32163915
AT4G12800,-0.3369027
AT4G12810,-0.012645938
AT4G12820,0.0
AT4G12825,0.0
AT4G12830,-0.7548079
AT4G12840,0.021967197
AT4G12850,-0.008593193
AT4G12860,0.0
AT4G12870,0.028451074
AT4G12880,-0.8226074
AT4G12890,-0.031561293
AT4G12900,-0.4158943
AT4G12910,-0.08070715
AT4G12920,0.0
AT4G12930,0.0
AT4G12940,0.018705368
AT4G12950,0.0
AT4G12960,0.0005656084
AT4G12970,-0.5574664
AT4G12980,-1.1887313
AT4G12990,-0.14315005
AT4G13000,0.18553086
AT4G13010,0.09476589
AT4G13020,-0.14480941
AT4G13030,0.120669626
AT4G13040,0.1969666
AT4G13050,-0.26102677
AT4G13060,0.0
AT4G13070,-0.1521602
AT4G13075,0.0
AT4G13080,0.0
AT4G13090,0.0
AT4G13095,0.0
AT4G13100,-0.46671557
AT4G13110,0.40208173
AT4G13130,0.033734757
AT4G13150,-0.31768462
AT4G13160,-0.25996846
AT4G13170,-0.12206927
AT4G13180,0.91504145
AT4G13190,-0.06713498
AT4G13195,0.08168474
AT4G13200,-0.25631416
AT4G13210,0.025841858
AT4G13220,-0.012239514
AT4G13230,6.7847344e-05
AT4G13235,-0.018787483
AT4G13240,0.01480127
AT4G13250,0.695724
AT4G13260,0.03480306
AT4G13261,0.0
AT4G13263,0.0
AT4G13266,0.00014290567
AT4G13270,0.3274205
AT4G13280,-0.0034363612
AT4G13290,0.016169652
AT4G13300,-0.003469447
AT4G13310,0.018243976
AT4G13320,0.0014406135
AT4G13330,0.016805105
AT4G13340,0.33090404
AT4G13345,-0.1730501
AT4G13350,0.053550925
AT4G13360,0.20233269
AT4G13370,-0.14570916
AT4G13380,0.0
AT4G13390,0.05731096
AT4G13395,0.98481375
AT4G13400,-0.11069145
AT4G13410,-0.05761382
AT4G13420,0.12766713
AT4G13430,0.110723704
AT4G13440,-0.01521054
AT4G13450,0.001247483
AT4G13460,-0.071782775
AT4G13480,0.0018521359
AT4G13490,-0.00014721611
AT4G13500,-0.6663108
AT4G13510,0.30404645
AT4G13520,-0.04378377
AT4G13530,0.21744138
AT4G13540,0.60966516
AT4G13550,-0.14486966
AT4G13560,-0.24790573
AT4G13570,-0.03812209
AT4G13572,-0.03920362
AT4G13575,-0.8656494
AT4G13577,-0.41791624
AT4G13580,-0.012754595
AT4G13590,-0.026484389
AT4G13600,-0.10078299
AT4G13610,0.0
AT4G13615,0.3538944
AT4G13620,-0.006252814
AT4G13630,0.1146429
AT4G13640,-0.1313318
AT4G13650,-0.2014463
AT4G13660,0.8293939
AT4G13670,-0.44906053
AT4G13680,-0.0019285454
AT4G13690,0.053288132
AT4G13700,0.0
AT4G13710,-0.10745256
AT4G13720,-0.15469755
AT4G13730,0.1525727
AT4G13750,-0.031319115
AT4G13760,0.0
AT4G13770,-0.97686195
AT4G13780,0.05772464
AT4G13790,0.16216454
AT4G13800,-0.19297746
AT4G13810,0.07313509
AT4G13820,0.20461361
AT4G13830,-0.31232053
AT4G13840,-0.92222583
AT4G13850,0.4453357
AT4G13860,0.04865112
AT4G13870,0.06989356
AT4G13880,0.37119332
AT4G13885,-0.032847412
AT4G13890,-0.06142478
AT4G13900,0.0
AT4G13920,0.6774183
AT4G13930,0.17500664
AT4G13940,0.17277427
AT4G13950,0.17204943
AT4G13955,0.0
AT4G13960,0.0
AT4G13965,0.0
AT4G13968,0.0
AT4G13970,-0.060448796
AT4G13980,0.0064725173
AT4G13985,-0.014913236
AT4G13990,-0.43125504
AT4G13992,-0.027571183
AT4G14000,0.0056016264
AT4G14010,0.3231175
AT4G14020,0.060349133
AT4G14030,0.24787179
AT4G14040,-0.43192393
AT4G14050,-0.13899449
AT4G14060,0.016153827
AT4G14070,-0.1010491
AT4G14080,0.016498119
AT4G14090,-0.054317456
AT4G14096,-0.1651658
AT4G14100,-0.285009
AT4G14103,-0.022951808
AT4G14104,0.0029534146
AT4G14105,3.1713043e-05
AT4G14110,0.19131501
AT4G14120,-0.09447918
AT4G14130,0.032375634
AT4G14140,-0.10845973
AT4G14145,-0.061604574
AT4G14147,-0.010962621
AT4G14150,0.04516805
AT4G14160,0.20580468
AT4G14165,0.0017939275
AT4G14170,-0.17748941
AT4G14180,0.123290956
AT4G14190,0.04264467
AT4G14200,-0.44489184
AT4G14210,-0.26086435
AT4G14220,0.37926656
AT4G14225,0.0007872765
AT4G14226,0.00041739346
AT4G14230,0.10095223
AT4G14240,-0.18476656
AT4G14245,0.079853214
AT4G14250,0.0010643202
AT4G14260,0.0
AT4G14270,-0.059340592
AT4G14272,0.0
AT4G14276,0.0
AT4G14280,0.0023172193
AT4G14290,-0.19885387
AT4G14300,-0.07154848
AT4G14301,0.0
AT4G14310,-0.34359336
AT4G14315,0.0
AT4G14330,-0.14330314
AT4G14340,-0.079760455
AT4G14342,0.15445001
AT4G14350,-0.070928484
AT4G14358,-0.049645234
AT4G14360,-0.36258295
AT4G14365,0.8673608
AT4G14368,0.71062315
AT4G14370,1.5035198
AT4G14380,-0.45883554
AT4G14385,-0.21094836
AT4G14390,0.37881604
AT4G14400,0.38808927
AT4G14410,0.15798067
AT4G14420,0.41995206
AT4G14430,0.7030259
AT4G14440,-0.12993588
AT4G14450,0.39803636
AT4G14455,-0.023804007
AT4G14465,-0.11425957
AT4G14480,-0.39730954
AT4G14490,-0.19393608
AT4G14500,0.19530356
AT4G14510,-0.3233901
AT4G14520,-0.13897374
AT4G14530,0.042841118
AT4G14540,-0.5738192
AT4G14550,-0.43760645
AT4G14560,-0.7458833
AT4G14570,-0.23659167
AT4G14580,0.009616182
AT4G14590,0.2619011
AT4G14600,0.08589219
AT4G14605,-0.053426582
AT4G14610,0.0
AT4G14615,-0.04261716
AT4G14620,-0.37080365
AT4G14630,4.0447607
AT4G14640,0.13646337
AT4G14650,-0.24532837
AT4G14660,-0.18328375
AT4G14670,0.0
AT4G14675,0.0005569795
AT4G14680,-0.7030874
AT4G14690,0.0073880497
AT4G14695,0.063308194
AT4G14700,-0.12011012
AT4G14710,0.27037892
AT4G14713,-0.42222428
AT4G14716,0.14317249
AT4G14720,-0.10334452
AT4G14723,-0.003068267
AT4G14730,-0.014726961
AT4G14740,-0.50242853
AT4G14746,0.45008498
AT4G14750,-0.81863153
AT4G14760,-0.43281847
AT4G14770,-0.10473404
AT4G14780,-0.088523775
AT4G14785,0.0
AT4G14790,-0.06657831
AT4G14800,0.3666077
AT4G14805,0.0032761525
AT4G14810,0.0
AT4G14815,0.0
AT4G14819,-0.15444586
AT4G14820,0.00867809
AT4G14830,0.009244379
AT4G14840,-0.28040135
AT4G14850,-0.26464686
AT4G14860,-0.008579296
AT4G14870,-0.2390019
AT4G14880,0.24941419
AT4G14890,-0.36631203
AT4G14900,-0.031762585
AT4G14905,-0.012785722
AT4G14910,-0.14234369
AT4G14920,-0.22324082
AT4G14930,0.28941953
AT4G14940,-0.048266847
AT4G14950,0.7306383
AT4G14960,-0.19787335
AT4G14965,-0.03515707
AT4G14970,0.23690662
AT4G14980,-0.001090405
AT4G14990,0.039544262
AT4G15000,0.22446826
AT4G15010,0.23533413
AT4G15020,0.14788371
AT4G15025,4.3643286e-05
AT4G15030,-0.18180886
AT4G15040,0.0020051282
AT4G15050,0.0
AT4G15053,4.3429653e-05
AT4G15056,0.0
AT4G15060,0.0
AT4G15070,0.25153762
AT4G15075,0.0019204643
AT4G15080,0.07555461
AT4G15090,-0.091140375
AT4G15093,0.32400244
AT4G15096,-0.02673541
AT4G15100,0.03519196
AT4G15110,-0.22057238
AT4G15120,1.4242299
AT4G15130,-0.28579837
AT4G15140,-0.24250682
AT4G15150,0.053876463
AT4G15165,0.2151012
AT4G15180,-0.009963508
AT4G15200,0.51569825
AT4G15210,-0.4990218
AT4G15215,-0.2978928
AT4G15230,1.1486293
AT4G15233,-0.13314159
AT4G15236,-0.2920547
AT4G15240,-0.11119021
AT4G15245,0.02388252
AT4G15248,-0.15482049
AT4G15250,0.0015242279
AT4G15260,0.320312
AT4G15270,0.3811324
AT4G15280,1.4306766
AT4G15290,0.0021275666
AT4G15300,0.049467914
AT4G15310,0.0
AT4G15320,-0.0019301155
AT4G15330,0.3083328
AT4G15340,0.013058483
AT4G15350,0.0014324242
AT4G15360,0.0
AT4G15370,0.0
AT4G15380,-0.12106035
AT4G15390,-0.018723639
AT4G15393,-0.028100744
AT4G15396,0.016767997
AT4G15400,-0.07207196
AT4G15410,0.13535069
AT4G15415,-0.1100595
AT4G15417,0.4391436
AT4G15420,0.46095744
AT4G15430,-0.38940865
AT4G15440,-1.0391328
AT4G15450,-0.7222066
AT4G15460,-0.001423592
AT4G15470,0.32879803
AT4G15475,-0.020179538
AT4G15480,0.010866143
AT4G15490,0.5652039
AT4G15500,-0.0010615976
AT4G15510,-0.3128067
AT4G15520,0.018595014
AT4G15530,0.77937615
AT4G15540,-0.21724154
AT4G15545,-0.27736148
AT4G15550,0.41309193
AT4G15560,-0.4369805
AT4G15562,0.0
AT4G15563,0.6860847
AT4G15570,-0.06624975
AT4G15610,2.0183313
AT4G15620,-0.5559885
AT4G15630,-0.07266402
AT4G15640,-0.06648614
AT4G15650,-0.014913294
AT4G15660,0.3195383
AT4G15670,0.75227785
AT4G15680,0.18827136
AT4G15690,0.5152074
AT4G15700,0.73329914
AT4G15710,0.07572806
AT4G15715,0.0
AT4G15720,0.22243372
AT4G15730,-0.14048374
AT4G15733,0.0
AT4G15735,0.0
AT4G15740,0.039212942
AT4G15750,-0.0010717687
AT4G15755,0.0024472338
AT4G15760,0.41531834
AT4G15765,0.039719205
AT4G15770,0.118944496
AT4G15780,-0.20087035
AT4G15790,-0.37020984
AT4G15800,0.22365087
AT4G15802,0.012607153
AT4G15810,-0.5957643
AT4G15820,-0.38204852
AT4G15830,-0.09504267
AT4G15840,-0.08257392
AT4G15850,-0.11175671
AT4G15870,0.0
AT4G15880,0.09864317
AT4G15885,3.435518e-05
AT4G15890,0.00804344
AT4G15900,0.10930759
AT4G15910,0.16379736
AT4G15920,-0.10698276
AT4G15930,-0.3154625
AT4G15940,0.40584147
AT4G15950,-0.2497492
AT4G15953,-0.11299872
AT4G15955,0.2840834
AT4G15960,-0.17185779
AT4G15970,-0.024553701
AT4G15975,0.40510535
AT4G15980,0.00056559127
AT4G15990,-0.10068606
AT4G16000,0.26718557
AT4G16008,-0.23895152
AT4G16015,0.009187159
AT4G16024,0.0
AT4G16030,-0.013902251
AT4G16040,0.0
AT4G16045,0.0
AT4G16050,-0.00012603542
AT4G16060,-0.1256049
AT4G16070,-0.11302233
AT4G16080,0.0017899316
AT4G16090,0.0005073407
AT4G16095,0.016772365
AT4G16100,0.040852215
AT4G16110,0.49425253
AT4G16120,-0.05113009
AT4G16130,0.21145248
AT4G16140,-0.5679771
AT4G16141,-0.03813248
AT4G16143,0.024385633
AT4G16144,0.21343999
AT4G16146,0.9944369
AT4G16150,0.008214635
AT4G16155,-0.19918753
AT4G16160,0.026614029
AT4G16162,-0.064774
AT4G16165,0.0
AT4G16180,0.017066518
AT4G16190,0.27243775
AT4G16195,0.0
AT4G16200,0.0024109292
AT4G16210,0.3257343
AT4G16215,0.07017334
AT4G16220,0.0010333469
AT4G16230,-0.005437376
AT4G16233,-0.0010907623
AT4G16240,0.2082968
AT4G16250,0.29281127
AT4G16260,2.6405056
AT4G16265,-0.12393197
AT4G16270,-0.0011287101
AT4G16280,0.10951832
AT4G16295,0.0
AT4G16310,-0.08021827
AT4G16330,0.0864061
AT4G16340,-0.32755035
AT4G16350,-0.17689356
AT4G16360,-0.040837348
AT4G16370,-0.30373695
AT4G16380,-0.19828464
AT4G16390,-0.010675812
AT4G16400,-0.11926108
AT4G16410,-0.39424735
AT4G16420,-0.077906884
AT4G16430,0.064227305
AT4G16440,0.2016703
AT4G16442,0.08722058
AT4G16444,0.1119036
AT4G16447,-0.26314923
AT4G16450,0.17623988
AT4G16451,-0.00055448915
AT4G16460,0.0142004695
AT4G16470,-0.31924134
AT4G16480,0.009548028
AT4G16490,-0.041240226
AT4G16500,0.7829227
AT4G16510,0.13614312
AT4G16515,-0.49004754
AT4G16520,-0.0689178
AT4G16530,8.429263e-05
AT4G16535,0.00263257
AT4G16540,0.007986591
AT4G16545,0.00019156527
AT4G16550,-0.01264017
AT4G16555,0.0
AT4G16560,-0.00092983496
AT4G16563,0.58509547
AT4G16566,0.05846152
AT4G16570,-0.11692246
AT4G16580,0.020026764
AT4G16590,0.12365253
AT4G16600,-0.044911165
AT4G16610,-0.033255033
AT4G16620,0.051032145
AT4G16630,0.13777973
AT4G16640,0.13918363
AT4G16650,-0.24354614
AT4G16660,0.23986207
AT4G16670,0.12316294
AT4G16680,0.42657474
AT4G16690,1.2939779
AT4G16695,0.04852047
AT4G16700,0.22272027
AT4G16710,-0.26608238
AT4G16720,0.014344143
AT4G16730,0.11150858
AT4G16740,2.316597
AT4G16745,-0.123683326
AT4G16750,-0.12394201
AT4G16760,1.0250163
AT4G16765,-0.069467574
AT4G16770,0.057078026
AT4G16780,-0.26911294
AT4G16790,-0.020215763
AT4G16800,-0.39396867
AT4G16807,0.0844564
AT4G16810,0.00042138857
AT4G16820,1.1598668
AT4G16830,-0.055095352
AT4G16835,-0.12164773
AT4G16840,0.23049742
AT4G16845,0.16405413
AT4G16850,0.13293701
AT4G16855,0.03563763
AT4G16857,-0.5895212
AT4G16860,-0.080910765
AT4G16880,-0.63459057
AT4G16890,0.078605935
AT4G16900,-0.14342421
AT4G16915,0.0027377938
AT4G16920,-0.17858963
AT4G16930,0.0005073407
AT4G16940,-0.136393
AT4G16950,-0.040418062
AT4G16955,0.05615755
AT4G16957,0.06718358
AT4G16960,0.09243841
AT4G16970,-0.08665831
AT4G16980,-0.47136286
AT4G16983,0.11922437
AT4G16990,-0.34983724
AT4G17000,-0.2291066
AT4G17010,0.15227364
AT4G17020,-0.021836087
AT4G17030,0.2909222
AT4G17040,0.06351015
AT4G17050,-0.33712578
AT4G17060,0.07908138
AT4G17070,0.16395861
AT4G17080,-0.16952638
AT4G17085,0.30525288
AT4G17090,-0.39106652
AT4G17140,0.21236588
AT4G17150,-0.12661387
AT4G17160,0.006022721
AT4G17170,0.034522947
AT4G17180,-0.41556352
AT4G17190,-0.18875915
AT4G17200,0.0026691174
AT4G17210,0.0149639
AT4G17215,0.29455128
AT4G17220,-0.06588173
AT4G17230,0.32769328
AT4G17240,-0.16394867
AT4G17243,-0.004154362
AT4G17245,-0.07086184
AT4G17250,0.13440643
AT4G17260,0.081138715
AT4G17270,0.22265126
AT4G17280,0.4193162
AT4G17300,0.018049683
AT4G17310,0.28028494
AT4G17330,-0.069555424
AT4G17340,0.3302264
AT4G17350,-0.2714051
AT4G17360,-0.54565465
AT4G17370,-0.1500729
AT4G17380,0.079546586
AT4G17390,0.16690905
AT4G17410,0.055506893
AT4G17420,0.016784176
AT4G17430,0.1490664
AT4G17440,-0.04762177
AT4G17460,-0.50734967
AT4G17470,0.556432
AT4G17480,0.05059303
AT4G17483,0.38005152
AT4G17486,0.4588736
AT4G17490,1.0907202
AT4G17500,1.0890949
AT4G17505,0.00014290567
AT4G17510,-0.13040781
AT4G17520,-0.20428783
AT4G17530,0.35347822
AT4G17540,-0.2657019
AT4G17550,0.038296595
AT4G17560,-0.44706255
AT4G17565,0.0024701643
AT4G17570,-0.0697633
AT4G17580,0.0
AT4G17585,0.0010643202
AT4G17590,0.0
AT4G17600,-0.469322
AT4G17610,0.04290949
AT4G17615,0.91821927
AT4G17616,-0.13930178
AT4G17620,0.016862936
AT4G17640,0.015308232
AT4G17650,0.84209055
AT4G17660,-0.028081836
AT4G17670,-0.47172335
AT4G17680,-0.52090204
AT4G17690,0.0016044569
AT4G17695,0.009166037
AT4G17700,0.0
AT4G17710,0.02408185
AT4G17713,0.0
AT4G17718,0.00085185736
AT4G17720,0.63488716
AT4G17730,-0.14235063
AT4G17740,-0.1619976
AT4G17750,-0.04347293
AT4G17760,-0.17080805
AT4G17770,-0.7400387
AT4G17780,0.0070696636
AT4G17785,0.006975916
AT4G17787,0.0
AT4G17790,0.045853768
AT4G17800,0.03501421
AT4G17810,-0.5273648
AT4G17830,0.462335
AT4G17840,0.26262435
AT4G17850,0.0
AT4G17860,0.014410784
AT4G17870,-0.26018587
AT4G17880,-0.598051
AT4G17890,-0.20449917
AT4G17895,0.29541066
AT4G17900,0.24123685
AT4G17905,-0.31504726
AT4G17910,-0.05673325
AT4G17915,0.0
AT4G17920,-0.06912046
AT4G17940,0.007541878
AT4G17950,-0.073646806
AT4G17960,-0.21164797
AT4G17970,-0.7190542
AT4G17980,-0.19037266
AT4G17990,0.0
AT4G18010,0.791195
AT4G18020,-0.051434528
AT4G18030,-0.5283676
AT4G18040,0.14180431
AT4G18050,1.065706
AT4G18060,-0.35432875
AT4G18070,-0.2893181
AT4G18080,0.0025359252
AT4G18090,0.000787561
AT4G18100,0.083922386
AT4G18110,0.01755211
AT4G18120,0.0
AT4G18130,-0.30412182
AT4G18140,-0.010739282
AT4G18150,0.0478437
AT4G18160,-0.050675955
AT4G18170,1.7412424
AT4G18180,-0.015386158
AT4G18190,-0.00018371837
AT4G18195,0.01875313
AT4G18197,-0.4294736
AT4G18203,-0.0034165713
AT4G18205,-0.79000497
AT4G18210,0.4432864
AT4G18215,0.0033392836
AT4G18220,-0.4416396
AT4G18230,0.15368785
AT4G18240,-0.28028142
AT4G18250,0.77022845
AT4G18253,1.0596914
AT4G18257,0.0
AT4G18260,-0.5944437
AT4G18270,-0.0077360026
AT4G18280,0.29076093
AT4G18290,-0.007637399
AT4G18300,0.065203175
AT4G18310,0.030684674
AT4G18320,0.045446437
AT4G18330,-0.02822486
AT4G18335,0.0
AT4G18340,-0.09779534
AT4G18350,0.34933415
AT4G18360,0.92650115
AT4G18370,-0.5934838
AT4G18372,0.11671228
AT4G18375,-0.23009887
AT4G18380,-0.14682099
AT4G18390,-0.2785883
AT4G18395,0.0024504594
AT4G18400,0.033351995
AT4G18422,0.082891956
AT4G18425,0.43663263
AT4G18430,1.4738272
AT4G18440,-0.78873926
AT4G18450,0.0022054072
AT4G18460,-0.2942531
AT4G18465,-0.028515998
AT4G18470,0.35224494
AT4G18480,-0.28098658
AT4G18490,-0.32074636
AT4G18500,0.0005073407
AT4G18501,-0.16527678
AT4G18510,-0.19002886
AT4G18520,-0.40683246
AT4G18530,-0.19448934
AT4G18540,-0.03477278
AT4G18550,0.16466701
AT4G18570,-0.5645443
AT4G18580,0.39532855
AT4G18590,0.16597728
AT4G18593,-0.2681331
AT4G18596,0.009639258
AT4G18600,-0.16308905
AT4G18610,-0.06949058
AT4G18620,0.00087500934
AT4G18630,0.30168667
AT4G18640,-0.56718075
AT4G18650,0.0049127457
AT4G18660,0.0
AT4G18670,-0.7877117
AT4G18680,0.0
AT4G18690,0.0001421356
AT4G18692,0.0027867716
AT4G18700,-0.041539475
AT4G18710,-0.03140478
AT4G18720,0.018039314
AT4G18740,-0.3978817
AT4G18750,-0.1696216
AT4G18760,-0.32815215
AT4G18770,0.0028431234
AT4G18780,-0.026144769
AT4G18790,-0.0010548669
AT4G18800,0.6504562
AT4G18810,-0.24812551
AT4G18820,-0.29664305
AT4G18823,0.0
AT4G18830,-0.17510268
AT4G18840,-0.06689882
AT4G18860,0.0
AT4G18870,0.141036
AT4G18880,0.1872737
AT4G18890,0.5136418
AT4G18900,0.01678831
AT4G18905,-0.02000442
AT4G18910,0.35666838
AT4G18920,0.00032328433
AT4G18930,0.051571973
AT4G18940,-0.029103853
AT4G18950,1.581966
AT4G18960,0.034871116
AT4G18970,-0.7871255
AT4G18975,-0.103183
AT4G18980,0.9567383
AT4G18990,0.94766057
AT4G19000,0.32820824
AT4G19003,0.039332524
AT4G19006,0.24218853
AT4G19010,0.14743309
AT4G19020,-0.71764773
AT4G19030,-0.008388512
AT4G19035,0.0
AT4G19038,0.0
AT4G19040,0.09770738
AT4G19045,0.07153936
AT4G19050,-0.36627966
AT4G19060,-0.33110645
AT4G19070,-0.29967847
AT4G19080,0.1193687
AT4G19090,0.008598305
AT4G19095,0.1767816
AT4G19100,-0.3543682
AT4G19110,0.08840569
AT4G19120,-0.015555255
AT4G19130,-0.07614608
AT4G19140,0.23720121
AT4G19150,-0.00042951762
AT4G19160,-0.06654359
AT4G19170,-0.43007705
AT4G19180,0.29382187
AT4G19185,0.12837857
AT4G19190,-0.14776446
AT4G19191,-0.13473324
AT4G19200,0.47752047
AT4G19210,0.13787144
AT4G19220,-0.013252604
AT4G19230,1.888083
AT4G19240,0.020246983
AT4G19250,0.0
AT4G19260,0.0
AT4G19270,0.0
AT4G19275,0.0005569795
AT4G19330,0.0
AT4G19340,0.0
AT4G19350,-0.24888732
AT4G19360,0.00073944096
AT4G19370,0.8424187
AT4G19380,-0.1405464
AT4G19390,0.42330685
AT4G19400,0.30176702
AT4G19410,-0.09541017
AT4G19420,-0.042715084
AT4G19430,0.034417164
AT4G19440,-0.06965016
AT4G19450,0.020116445
AT4G19460,1.6846235
AT4G19470,0.03277175
AT4G19480,0.0
AT4G19485,0.0006004091
AT4G19490,0.033610057
AT4G19500,-0.23057188
AT4G19510,-0.03797653
AT4G19520,0.4555885
AT4G19530,-0.45606592
AT4G19540,-0.09262714
AT4G19550,-0.24574752
AT4G19560,-0.19299121
AT4G19570,-0.028237417
AT4G19580,0.0
AT4G19590,-0.086871654
AT4G19600,-0.17692216
AT4G19610,-0.15075079
AT4G19620,0.0
AT4G19630,-0.00097355293
AT4G19640,0.23389861
AT4G19645,0.13820465
AT4G19650,-0.06140155
AT4G19660,0.111083046
AT4G19670,0.06169342
AT4G19680,-0.0115299
AT4G19690,-0.052985918
AT4G19700,0.5181545
AT4G19710,-0.23524952
AT4G19720,0.59683734
AT4G19730,0.0
AT4G19740,3.9047154e-05
AT4G19750,0.050692074
AT4G19760,0.0
AT4G19770,-0.0005573991
AT4G19800,0.0010709917
AT4G19810,2.013582
AT4G19820,-0.46002698
AT4G19830,-0.09020134
AT4G19840,-0.14924194
AT4G19850,0.12782328
AT4G19860,0.18351875
AT4G19865,-0.06556915
AT4G19870,0.048669532
AT4G19880,0.47847137
AT4G19890,-0.34005815
AT4G19900,-0.19964428
AT4G19905,0.0008520523
AT4G19910,0.0
AT4G19920,-0.00081026595
AT4G19925,0.0577726
AT4G19930,0.0
AT4G19940,0.047222175
AT4G19950,0.22683652
AT4G19960,0.14690374
AT4G19970,1.7431145
AT4G19975,0.06074935
AT4G19980,-0.0030886035
AT4G19985,-0.46178424
AT4G19990,-0.021440668
AT4G20000,-0.012194431
AT4G20010,-0.0290513
AT4G20020,0.10594027
AT4G20030,0.090534136
AT4G20040,-0.1584488
AT4G20050,0.22754006
AT4G20060,-0.11602904
AT4G20070,-0.71034145
AT4G20080,-0.00027011315
AT4G20090,-0.07655113
AT4G20095,0.0003455717
AT4G20100,0.0
AT4G20110,0.931925
AT4G20130,-0.25176764
AT4G20140,-0.36329576
AT4G20150,0.33618665
AT4G20160,0.0035547293
AT4G20170,-0.41154063
AT4G20190,0.00095843786
AT4G20200,0.0
AT4G20210,-0.0027312692
AT4G20220,0.0
AT4G20230,-0.21875532
AT4G20235,0.0123602515
AT4G20240,-0.0019033023
AT4G20250,0.0
AT4G20260,-0.048625942
AT4G20270,-0.6844274
AT4G20280,-0.025318293
AT4G20290,0.0012655489
AT4G20300,-0.19266975
AT4G20310,-0.25352857
AT4G20320,0.84106845
AT4G20325,-0.09226846
AT4G20330,0.15448163
AT4G20340,-0.18706098
AT4G20350,0.027892608
AT4G20360,-0.41816553
AT4G20370,0.10792956
AT4G20380,0.19248909
AT4G20390,0.2581253
AT4G20400,-0.13535589
AT4G20410,-0.015326984
AT4G20420,0.0010599304
AT4G20430,-0.5431748
AT4G20440,0.2717036
AT4G20450,0.014583325
AT4G20460,1.0737666
AT4G20470,0.03193525
AT4G20480,0.016647276
AT4G20520,0.0
AT4G20530,0.0
AT4G20535,0.0
AT4G20540,0.0
AT4G20550,-0.029433394
AT4G20560,0.0
AT4G20570,0.0
AT4G20580,0.0
AT4G20590,0.0
AT4G20600,0.0
AT4G20610,0.0
AT4G20620,0.0
AT4G20630,0.0
AT4G20640,0.0
AT4G20645,0.0
AT4G20670,0.0
AT4G20680,0.00014290567
AT4G20690,-0.002770029
AT4G20700,-0.06204906
AT4G20703,0.0
AT4G20707,0.00027498326
AT4G20720,-0.015985215
AT4G20735,0.0
AT4G20740,-0.110216
AT4G20750,0.0
AT4G20770,0.06922114
AT4G20780,0.45281324
AT4G20790,0.0
AT4G20800,0.00063897506
AT4G20810,0.0
AT4G20820,-0.09167972
AT4G20830,1.9566388
AT4G20835,0.26740634
AT4G20840,0.04115423
AT4G20850,0.15332505
AT4G20860,1.2118284
AT4G20870,-0.45411646
AT4G20880,-0.13803451
AT4G20890,0.16513298
AT4G20900,0.0014105892
AT4G20910,-0.37123758
AT4G20920,0.118548065
AT4G20930,0.36101404
AT4G20935,0.0
AT4G20940,-0.30058944
AT4G20947,0.0035260995
AT4G20953,0.067658044
AT4G20960,-0.08728868
AT4G20970,0.61575633
AT4G20980,0.10471932
AT4G20990,0.04098284
AT4G21000,0.0
AT4G21010,0.019811766
AT4G21020,0.02702915
AT4G21030,0.0
AT4G21040,0.0
AT4G21050,0.0
AT4G21060,-0.11344888
AT4G21063,-0.00042141636
AT4G21065,-0.06215935
AT4G21070,-0.06134904
AT4G21080,0.016412383
AT4G21090,0.080773205
AT4G21100,0.024140486
AT4G21105,0.37663302
AT4G21110,0.15114363
AT4G21120,1.1917493
AT4G21130,0.02196728
AT4G21140,0.22472206
AT4G21150,0.1423439
AT4G21160,0.30084446
AT4G21170,0.057472784
AT4G21180,0.045590054
AT4G21190,-0.4886053
AT4G21192,0.2762955
AT4G21200,-0.010867325
AT4G21210,-0.30463445
AT4G21213,0.013830864
AT4G21215,0.3233026
AT4G21220,-0.25308025
AT4G21230,-0.11245066
AT4G21240,0.0
AT4G21250,-0.040548548
AT4G21260,0.0
AT4G21270,-0.13226469
AT4G21280,-0.49249846
AT4G21300,-0.052022487
AT4G21310,-0.1527733
AT4G21320,0.19070664
AT4G21323,0.022623938
AT4G21326,-0.21054327
AT4G21330,0.0
AT4G21340,-0.0022721759
AT4G21350,-0.08511029
AT4G21364,0.0
AT4G21366,0.0
AT4G21370,0.0
AT4G21380,0.8070427
AT4G21390,1.7758484
AT4G21400,-0.18715204
AT4G21410,-0.054088514
AT4G21430,-0.4488717
AT4G21440,1.5811625
AT4G21445,-0.45622486
AT4G21450,0.006591838
AT4G21460,-0.12750034
AT4G21470,0.48415184
AT4G21480,-0.109687954
AT4G21490,-0.08844166
AT4G21500,-0.12300753
AT4G21510,-0.086565495
AT4G21515,0.0
AT4G21520,-0.02872385
AT4G21530,-0.083788745
AT4G21534,0.48780555
AT4G21540,0.110594824
AT4G21550,-0.3661149
AT4G21560,0.29751098
AT4G21570,0.6157596
AT4G21580,0.68045455
AT4G21585,-0.44885084
AT4G21590,0.079218626
AT4G21600,0.0025208017
AT4G21610,0.28848344
AT4G21620,0.32555354
AT4G21630,0.00415349
AT4G21640,0.0005437885
AT4G21650,-0.77852726
AT4G21660,-0.07416832
AT4G21670,0.08836453
AT4G21680,3.2426271
AT4G21690,0.0
AT4G21700,0.24661633
AT4G21705,-0.15530527
AT4G21710,0.009513255
AT4G21720,-0.14110695
AT4G21740,-0.2762938
AT4G21745,-0.00059769873
AT4G21750,-0.21295421
AT4G21760,-0.05308728
AT4G21770,-0.31545052
AT4G21780,0.026481066
AT4G21790,0.32976055
AT4G21800,-0.017874561
AT4G21810,0.07013232
AT4G21820,-0.025271775
AT4G21830,1.4484956
AT4G21840,1.0368395
AT4G21850,1.144191
AT4G21860,-0.22330672
AT4G21865,0.4684596
AT4G21870,-0.703963
AT4G21880,-0.26852608
AT4G21890,-0.320437
AT4G21895,0.0005569795
AT4G21900,-0.11851269
AT4G21902,-0.00041546542
AT4G21903,0.2547591
AT4G21910,-0.38229662
AT4G21920,0.8826058
AT4G21926,-0.020445583
AT4G21930,-0.20073606
AT4G21940,0.10092863
AT4G21950,0.032815907
AT4G21960,-0.7908774
AT4G21970,-0.2041826
AT4G21980,0.6274648
AT4G21990,0.45663938
AT4G22000,-0.23810932
AT4G22010,-0.17043437
AT4G22030,0.08810336
AT4G22035,0.0015783325
AT4G22050,-0.00014314211
AT4G22060,0.0
AT4G22070,2.0319993
AT4G22080,-0.0024222462
AT4G22090,0.0
AT4G22100,0.0
AT4G22105,0.0
AT4G22110,0.043965124
AT4G22115,0.0
AT4G22120,-0.32780164
AT4G22130,-0.39080608
AT4G22140,-0.010864274
AT4G22150,0.15838964
AT4G22160,-0.17456421
AT4G22165,0.01680867
AT4G22170,-0.017035944
AT4G22180,0.0
AT4G22190,-0.1868865
AT4G22200,-0.3298203
AT4G22210,-0.004483749
AT4G22212,-0.024532687
AT4G22214,0.0014681323
AT4G22217,-0.0005573991
AT4G22220,0.20409216
AT4G22230,-0.0484275
AT4G22235,-0.0040916814
AT4G22240,0.75404656
AT4G22250,0.029181236
AT4G22260,0.2525456
AT4G22270,0.107581444
AT4G22280,-0.13704324
AT4G22285,-0.051603135
AT4G22300,-0.12107294
AT4G22305,0.36550874
AT4G22310,0.10943506
AT4G22320,0.21046875
AT4G22330,0.11047918
AT4G22340,-0.15151067
AT4G22350,-0.08023226
AT4G22360,0.08784483
AT4G22370,-0.077391595
AT4G22380,0.17918128
AT4G22390,-0.26805627
AT4G22400,0.0
AT4G22410,0.0028250068
AT4G22420,0.0
AT4G22430,0.0
AT4G22440,0.0
AT4G22460,0.43441892
AT4G22463,0.00031842806
AT4G22467,0.23387623
AT4G22470,2.1751244
AT4G22475,-0.045453746
AT4G22485,-0.046155676
AT4G22490,-0.05083743
AT4G22495,-0.0030394634
AT4G22505,-0.01764598
AT4G22510,3.644824e-05
AT4G22513,-0.021392973
AT4G22517,-0.02017318
AT4G22520,-0.01999966
AT4G22530,1.3360132
AT4G22540,-0.28785467
AT4G22550,0.29540914
AT4G22560,-0.5039487
AT4G22570,-0.75235224
AT4G22580,-0.095168546
AT4G22590,1.555534
AT4G22600,0.026256863
AT4G22610,0.0129593415
AT4G22620,0.25189465
AT4G22630,-0.0010991265
AT4G22640,0.049982656
AT4G22650,0.0
AT4G22660,0.0
AT4G22666,-0.011855813
AT4G22670,0.13326116
AT4G22680,0.22083253
AT4G22690,0.048965417
AT4G22700,0.0
AT4G22710,1.1968768
AT4G22720,-0.07609513
AT4G22730,-0.28343928
AT4G22740,-0.007616258
AT4G22745,-0.20509833
AT4G22750,0.14672028
AT4G22755,0.11270251
AT4G22756,-0.35881725
AT4G22758,-0.01741067
AT4G22760,-0.1613597
AT4G22770,0.420531
AT4G22780,-0.10327792
AT4G22790,-0.3231171
AT4G22810,0.054878503
AT4G22820,0.53884584
AT4G22830,-0.14016186
AT4G22840,-0.056746874
AT4G22850,-0.04666304
AT4G22860,-0.15526843
AT4G22870,0.0004960694
AT4G22880,-0.0399859
AT4G22890,-0.43944696
AT4G22900,-0.24400194
AT4G22910,0.09565865
AT4G22920,0.56058985
AT4G22930,0.13240844
AT4G22940,0.071300864
AT4G22950,-0.27939138
AT4G22960,-0.00880622
AT4G22970,0.94784623
AT4G22980,0.97765243
AT4G22990,-0.16513811
AT4G23000,-0.35782537
AT4G23010,0.3440049
AT4G23015,0.00451651
AT4G23020,-0.49816605
AT4G23030,0.20476004
AT4G23040,0.091555744
AT4G23050,0.24925296
AT4G23060,-0.13806266
AT4G23070,-0.015243865
AT4G23080,0.0
AT4G23090,0.0
AT4G23100,0.8022383
AT4G23110,4.0527742e-05
AT4G23120,0.0
AT4G23130,0.025928458
AT4G23140,0.24091841
AT4G23150,0.6921818
AT4G23160,0.045444947
AT4G23170,0.86904573
AT4G23180,0.17924187
AT4G23190,1.0620811
AT4G23200,-0.03806272
AT4G23210,1.1965402
AT4G23220,0.38383293
AT4G23230,0.3117869
AT4G23240,-0.15134062
AT4G23250,0.52927464
AT4G23260,-0.15302195
AT4G23270,0.3715877
AT4G23271,-2.2941893e-05
AT4G23280,0.26649928
AT4G23290,-0.94793016
AT4G23300,-0.4727938
AT4G23310,-0.33453405
AT4G23320,0.12081674
AT4G23330,-0.12329029
AT4G23340,-0.10961949
AT4G23350,-0.00015177799
AT4G23355,0.0
AT4G23360,0.0
AT4G23365,0.0
AT4G23370,-9.6365875e-05
AT4G23373,0.0
AT4G23380,0.0
AT4G23390,-0.04451404
AT4G23400,-0.48830262
AT4G23410,-0.31720012
AT4G23420,-0.3430984
AT4G23430,0.03012519
AT4G23440,-0.13559587
AT4G23450,0.51871705
AT4G23460,0.30479068
AT4G23470,0.59529674
AT4G23490,-0.4043725
AT4G23493,-0.27884683
AT4G23496,-0.06917001
AT4G23498,0.0
AT4G23500,-0.02606342
AT4G23510,-0.009720245
AT4G23515,0.0022122574
AT4G23520,-0.012661029
AT4G23530,-0.113712646
AT4G23540,0.2104964
AT4G23550,0.9510607
AT4G23560,0.2984809
AT4G23570,-0.009053951
AT4G23580,-0.013801272
AT4G23590,0.058951333
AT4G23600,0.037633773
AT4G23610,0.31367373
AT4G23620,0.005621294
AT4G23630,0.14445384
AT4G23640,0.07616035
AT4G23650,0.035778046
AT4G23660,-0.017450422
AT4G23670,-0.3690426
AT4G23680,1.2392807
AT4G23690,0.3358771
AT4G23700,2.7016132
AT4G23710,0.45687863
AT4G23712,0.0
AT4G23720,-0.32867408
AT4G23730,0.18099378
AT4G23740,-0.31844458
AT4G23750,-0.2595839
AT4G23760,0.3551151
AT4G23770,-0.46152863
AT4G23780,0.016335748
AT4G23790,-0.73623264
AT4G23800,-0.3964317
AT4G23810,0.13780126
AT4G23820,-0.5353832
AT4G23850,0.22197446
AT4G23860,-0.007969551
AT4G23870,-0.25108078
AT4G23880,-0.22058356
AT4G23882,-0.0010759657
AT4G23885,0.879239
AT4G23890,-0.29114178
AT4G23895,-0.13509041
AT4G23900,0.15481631
AT4G23910,-0.0004006231
AT4G23920,0.27262518
AT4G23930,-0.29530498
AT4G23940,-0.38460687
AT4G23950,-0.18415357
AT4G23960,-0.01159051
AT4G23970,0.0
AT4G23980,-0.07434786
AT4G23990,0.141257
AT4G24000,1.935756
AT4G24010,-0.15452878
AT4G24015,-0.022615107
AT4G24020,0.05106336
AT4G24026,0.5850165
AT4G24040,0.6093034
AT4G24050,-0.24113339
AT4G24060,-0.23849204
AT4G24070,0.0022450031
AT4G24080,-0.0059901276
AT4G24090,-0.20099951
AT4G24100,-0.12907307
AT4G24110,1.0877761
AT4G24120,0.5034078
AT4G24130,1.0764141
AT4G24140,0.10049862
AT4G24150,-0.037408892
AT4G24160,0.72039247
AT4G24170,0.023962317
AT4G24180,-0.18317278
AT4G24190,0.10841056
AT4G24200,0.12502839
AT4G24204,-0.00093998335
AT4G24210,-0.03865483
AT4G24220,0.39870307
AT4G24230,0.14240685
AT4G24231,-4.249257e-05
AT4G24240,0.019561894
AT4G24250,0.008699225
AT4G24260,-0.14737588
AT4G24265,0.015146079
AT4G24270,0.109967686
AT4G24275,-0.3119453
AT4G24280,-0.095870726
AT4G24290,0.0665576
AT4G24300,0.0
AT4G24310,0.40438285
AT4G24320,-0.029513514
AT4G24330,0.14756335
AT4G24340,1.5669416
AT4G24350,-1.1079975
AT4G24370,0.14277928
AT4G24380,1.098257
AT4G24390,-0.080056675
AT4G24400,0.37856
AT4G24410,-0.0018273685
AT4G24413,-0.00018938351
AT4G24420,0.013907042
AT4G24430,0.17063694
AT4G24440,0.17563139
AT4G24450,-0.18826404
AT4G24460,0.02447154
AT4G24470,0.098879285
AT4G24480,-0.28177556
AT4G24490,0.038149025
AT4G24500,-0.28069794
AT4G24510,-0.39106703
AT4G24520,0.0069819633
AT4G24530,-0.21916316
AT4G24540,-0.33879155
AT4G24550,0.05348187
AT4G24560,0.014764995
AT4G24570,0.6596944
AT4G24580,-0.0411962
AT4G24590,0.02670204
AT4G24600,-0.0150370365
AT4G24610,-0.18384834
AT4G24615,-0.0019274233
AT4G24620,-0.060285393
AT4G24630,-0.064128526
AT4G24640,3.6845537e-05
AT4G24644,0.0
AT4G24650,7.164661e-05
AT4G24660,-0.25338647
AT4G24670,-0.48301274
AT4G24680,0.07648423
AT4G24690,0.33309183
AT4G24700,-0.48226827
AT4G24710,-0.07879303
AT4G24715,0.00038619363
AT4G24730,0.28336337
AT4G24740,-0.11011511
AT4G24750,-0.23501372
AT4G24760,-0.31374982
AT4G24770,-0.44970334
AT4G24780,-1.0722127
AT4G24790,-0.5844984
AT4G24800,-0.13240722
AT4G24810,-0.37249917
AT4G24820,0.3963001
AT4G24830,0.044241685
AT4G24840,0.12323934
AT4G24860,-0.25747746
AT4G24880,0.06262109
AT4G24890,-0.013794722
AT4G24900,-0.26815236
AT4G24910,-0.048330106
AT4G24920,0.72941935
AT4G24930,-0.33480734
AT4G24940,0.058639627
AT4G24950,0.0
AT4G24960,0.07471123
AT4G24970,0.18874303
AT4G24972,-0.32970342
AT4G24973,0.00052620715
AT4G24974,0.007453585
AT4G24975,0.005504096
AT4G24980,0.0
AT4G24990,0.13836104
AT4G25000,1.6541524
AT4G25010,0.0031783946
AT4G25020,-0.26745358
AT4G25030,1.0164428
AT4G25040,0.0
AT4G25050,-0.24194373
AT4G25070,1.3485899
AT4G25080,-0.38170847
AT4G25090,0.035279837
AT4G25100,-0.062995024
AT4G25110,0.5635026
AT4G25120,-0.36677584
AT4G25130,0.16276498
AT4G25140,0.0013378883
AT4G25150,-0.06508108
AT4G25160,-0.082027234
AT4G25170,0.49126136
AT4G25180,-0.081562445
AT4G25190,0.0017292463
AT4G25200,0.14555594
AT4G25210,0.05432923
AT4G25220,0.024151374
AT4G25225,0.07243495
AT4G25230,0.45219603
AT4G25240,-0.15377791
AT4G25250,-0.00032419642
AT4G25260,-0.4525775
AT4G25270,-0.36417258
AT4G25280,-0.11206388
AT4G25290,-0.4355583
AT4G25300,-0.07244196
AT4G25310,0.0015837277
AT4G25315,0.17383485
AT4G25320,0.06364179
AT4G25330,0.008454322
AT4G25340,-0.049847137
AT4G25350,-0.32685095
AT4G25360,-0.012875608
AT4G25370,0.13962293
AT4G25380,0.33440796
AT4G25390,1.09234
AT4G25400,-0.0028599882
AT4G25410,0.06186406
AT4G25420,-0.36671942
AT4G25430,-0.0015492789
AT4G25433,0.056801703
AT4G25434,0.31318825
AT4G25440,0.18232706
AT4G25450,-0.07649499
AT4G25470,0.018414108
AT4G25480,-0.29841936
AT4G25490,-0.1009193
AT4G25500,0.040936783
AT4G25510,-0.002152313
AT4G25515,-0.085412756
AT4G25520,-0.001760967
AT4G25530,0.0006843059
AT4G25540,-0.035993002
AT4G25550,0.19557533
AT4G25560,0.005972115
AT4G25570,-0.09497801
AT4G25580,0.25068578
AT4G25590,0.0005569795
AT4G25600,-0.32399005
AT4G25610,0.063588895
AT4G25620,-0.19787544
AT4G25630,0.20811297
AT4G25640,0.32587576
AT4G25650,0.069004215
AT4G25660,0.15774052
AT4G25670,0.4370861
AT4G25680,-0.031163331
AT4G25690,0.3258289
AT4G25700,0.5142619
AT4G25707,-0.025648933
AT4G25710,0.11205643
AT4G25720,0.21438439
AT4G25730,0.09022073
AT4G25740,-0.058444656
AT4G25750,-0.041238394
AT4G25760,-0.022812529
AT4G25770,-0.0121008335
AT4G25780,-0.19254526
AT4G25790,-0.005366591
AT4G25800,-0.07870124
AT4G25810,1.4196258
AT4G25820,0.040826768
AT4G25830,-0.61885047
AT4G25835,0.2667429
AT4G25840,0.1753697
AT4G25845,-0.039940733
AT4G25850,-0.022478022
AT4G25860,-0.012332083
AT4G25870,-0.34984118
AT4G25880,0.012329909
AT4G25890,0.021035379
AT4G25900,1.0540799
AT4G25910,-0.37939426
AT4G25920,0.02074099
AT4G25930,0.0142431725
AT4G25940,0.118712485
AT4G25950,-0.107973404
AT4G25960,-0.37566832
AT4G25970,-0.0849317
AT4G25980,0.14081946
AT4G25990,-0.08686274
AT4G26000,0.17591015
AT4G26010,0.045472953
AT4G26020,0.032350946
AT4G26030,0.0
AT4G26040,3.0988496e-05
AT4G26050,1.4239622
AT4G26055,0.064124316
AT4G26060,0.5121501
AT4G26070,0.39007565
AT4G26080,0.68165565
AT4G26090,0.48201466
AT4G26100,0.060781773
AT4G26110,-0.12373009
AT4G26120,1.3335541
AT4G26130,0.214625
AT4G26140,-0.17490804
AT4G26145,-0.016140427
AT4G26150,-0.14674018
AT4G26160,0.123766005
AT4G26170,-0.055630248
AT4G26180,-0.16208597
AT4G26190,-0.27961975
AT4G26200,0.3969163
AT4G26210,0.21786796
AT4G26220,0.15877704
AT4G26230,-0.12839743
AT4G26240,0.5093561
AT4G26250,0.00046150334
AT4G26260,3.7253308
AT4G26270,0.94507486
AT4G26280,0.0052994713
AT4G26288,-0.03941169
AT4G26290,-0.00046934356
AT4G26300,-0.13049248
AT4G26310,0.10002237
AT4G26320,-0.0077800695
AT4G26330,-0.0010214342
AT4G26340,0.0
AT4G26350,0.0
AT4G26370,-0.33959934
AT4G26380,0.025090735
AT4G26390,-0.008685483
AT4G26400,0.18252511
AT4G26410,0.10651738
AT4G26415,0.095534205
AT4G26420,-4.1784646e-05
AT4G26430,-0.15610375
AT4G26440,0.0017692315
AT4G26450,0.029426994
AT4G26455,0.017949056
AT4G26460,0.0043427288
AT4G26466,0.10413745
AT4G26470,1.4650575
AT4G26480,0.027271109
AT4G26483,0.0
AT4G26485,0.0
AT4G26490,-0.07842554
AT4G26500,0.003822634
AT4G26510,-0.019974232
AT4G26520,-0.6320011
AT4G26530,-1.7733543
AT4G26540,-0.4817812
AT4G26550,0.3669656
AT4G26555,-0.32240084
AT4G26560,0.041141514
AT4G26570,-0.12841746
AT4G26580,0.0827859
AT4G26590,-0.008131583
AT4G26600,-0.14925317
AT4G26610,0.035565104
AT4G26620,-0.14346968
AT4G26630,-0.3214692
AT4G26640,-0.12739971
AT4G26650,-0.006580197
AT4G26660,-0.23850897
AT4G26670,-0.023447804
AT4G26680,-0.36693633
AT4G26690,0.22850594
AT4G26700,0.05964474
AT4G26701,0.015793763
AT4G26710,0.22066611
AT4G26720,-0.09290887
AT4G26730,-0.00074818806
AT4G26740,0.01617168
AT4G26750,0.35382268
AT4G26760,-0.48742405
AT4G26770,-0.001453028
AT4G26780,-0.039290525
AT4G26790,-0.47661048
AT4G26800,-0.09123017
AT4G26810,0.3060342
AT4G26820,-0.00041915575
AT4G26830,-0.0107067255
AT4G26840,0.034390632
AT4G26850,-0.16326326
AT4G26860,-0.418964
AT4G26870,-0.070914395
AT4G26880,0.0007665748
AT4G26890,0.72247726
AT4G26900,-0.22071423
AT4G26910,0.5640948
AT4G26920,0.0
AT4G26930,0.018823523
AT4G26940,0.31969687
AT4G26950,-0.4660085
AT4G26960,-0.025687082
AT4G26965,-0.043942958
AT4G26970,0.31439576
AT4G26980,-0.09391469
AT4G26990,0.70890445
AT4G27000,0.24394718
AT4G27010,0.14071272
AT4G27020,0.098794825
AT4G27030,-0.6533187
AT4G27040,-0.045969285
AT4G27050,-0.10635817
AT4G27060,-0.30004966
AT4G27070,0.8795001
AT4G27080,0.22709571
AT4G27090,-0.0508258
AT4G27100,-0.057738233
AT4G27110,0.029791534
AT4G27120,-0.044540394
AT4G27130,0.025264537
AT4G27140,0.011205375
AT4G27150,-0.00091882324
AT4G27160,-0.00011750719
AT4G27170,0.0
AT4G27180,-0.49938622
AT4G27190,0.0005569795
AT4G27220,0.4183786
AT4G27230,-0.16836731
AT4G27240,-0.7773607
AT4G27250,-0.0034493757
AT4G27260,1.1226656
AT4G27270,0.23791558
AT4G27280,0.6220273
AT4G27290,0.26631123
AT4G27300,-0.8697319
AT4G27310,-0.35164526
AT4G27320,0.1051475
AT4G27330,0.002085687
AT4G27340,-0.10001482
AT4G27350,0.38172373
AT4G27360,-0.07244638
AT4G27370,-0.45310238
AT4G27380,0.044011172
AT4G27390,-0.058849376
AT4G27400,0.023710478
AT4G27410,1.0680017
AT4G27415,0.0
AT4G27420,0.012053048
AT4G27430,-0.5915561
AT4G27435,0.047946595
AT4G27440,-0.404995
AT4G27450,-0.06457805
AT4G27460,0.18441747
AT4G27470,0.27673015
AT4G27480,-0.12611088
AT4G27490,0.15070319
AT4G27500,0.17417255
AT4G27510,-0.023984997
AT4G27520,0.07683298
AT4G27530,0.04707131
AT4G27540,0.3431915
AT4G27550,0.0
AT4G27560,-0.33534354
AT4G27565,0.0
AT4G27570,-0.0026322152
AT4G27575,0.0
AT4G27585,0.5217567
AT4G27590,0.039757997
AT4G27595,-0.98398226
AT4G27600,-0.15118082
AT4G27610,-0.371635
AT4G27620,0.11027757
AT4G27630,-0.21181214
AT4G27640,-0.16170213
AT4G27650,-0.070895806
AT4G27652,0.2866738
AT4G27654,-0.021329049
AT4G27657,0.34861067
AT4G27660,-0.085713506
AT4G27670,0.17364328
AT4G27680,0.23495422
AT4G27690,-0.07761868
AT4G27700,-0.4251066
AT4G27710,-0.15426867
AT4G27720,-0.44472238
AT4G27730,-0.29217473
AT4G27740,0.15854849
AT4G27745,0.18500698
AT4G27750,0.040859014
AT4G27760,-0.029852986
AT4G27780,0.32346025
AT4G27790,0.12457456
AT4G27800,-0.17828932
AT4G27810,-0.005384315
AT4G27820,-0.3376756
AT4G27830,0.75510776
AT4G27840,-0.0930902
AT4G27845,0.0
AT4G27850,0.10736393
AT4G27860,-0.026656259
AT4G27870,-0.09060671
AT4G27880,0.08713428
AT4G27890,0.057820994
AT4G27900,-0.6060064
AT4G27910,-0.075771384
AT4G27920,-0.0021407916
AT4G27940,-0.08994446
AT4G27950,-0.09605999
AT4G27960,0.18177444
AT4G27970,0.38189223
AT4G27980,0.110901274
AT4G27990,0.102929555
AT4G28000,0.056027405
AT4G28005,-0.010856902
AT4G28010,-0.36757922
AT4G28015,0.0
AT4G28025,-0.12167583
AT4G28030,-0.27838326
AT4G28040,1.0617815
AT4G28050,-0.54579586
AT4G28060,0.51229215
AT4G28068,0.0
AT4G28070,-0.07568325
AT4G28080,-0.5834504
AT4G28085,0.9937052
AT4G28088,0.26175678
AT4G28090,0.032404486
AT4G28100,-0.24675088
AT4G28110,0.48911077
AT4G28130,0.0
AT4G28140,1.6351721
AT4G28150,-0.14374861
AT4G28160,0.060441203
AT4G28170,0.18546262
AT4G28180,-0.27869225
AT4G28190,0.10115356
AT4G28200,-0.021092715
AT4G28210,0.03834398
AT4G28220,-0.4663322
AT4G28230,-0.6110832
AT4G28240,-0.24990931
AT4G28250,-0.8691787
AT4G28260,-0.10132764
AT4G28270,-0.3173649
AT4G28280,-0.010590947
AT4G28290,0.23167619
AT4G28300,0.19531271
AT4G28310,-0.15468958
AT4G28320,-0.2901084
AT4G28330,0.111626245
AT4G28340,0.11840366
AT4G28350,0.18634742
AT4G28365,0.0
AT4G28370,0.1724419
AT4G28380,0.0057602823
AT4G28390,0.75050324
AT4G28395,0.0005569795
AT4G28397,0.0010529258
AT4G28400,-0.12059022
AT4G28405,-0.00048415078
AT4G28410,0.0012209846
AT4G28420,-0.073833115
AT4G28430,-0.06546143
AT4G28440,0.10950468
AT4G28450,0.1087786
AT4G28460,1.1914734
AT4G28470,0.050891466
AT4G28480,0.054619573
AT4G28485,0.036235325
AT4G28490,0.76636434
AT4G28500,-0.09397904
AT4G28510,0.00187424
AT4G28520,-4.0330735e-05
AT4G28530,-0.115834706
AT4G28540,0.24894208
AT4G28550,1.2664894
AT4G28556,0.016089838
AT4G28560,0.06586774
AT4G28570,0.18670066
AT4G28580,0.020393876
AT4G28590,-0.060606577
AT4G28600,0.030798959
AT4G28610,-0.007855352
AT4G28620,0.001384605
AT4G28630,-0.39420027
AT4G28640,-0.18612055
AT4G28650,0.11450984
AT4G28660,-0.44956157
AT4G28670,0.00163567
AT4G28680,-0.011713421
AT4G28690,-0.15259035
AT4G28700,-0.069492295
AT4G28703,0.043672055
AT4G28706,-0.37709537
AT4G28710,0.09715486
AT4G28720,-0.2735148
AT4G28730,0.088400096
AT4G28740,-0.33566648
AT4G28750,-0.4494495
AT4G28755,-0.013938764
AT4G28760,-0.34953538
AT4G28770,0.31209767
AT4G28775,-0.0001440184
AT4G28780,-0.101757966
AT4G28790,-0.43346342
AT4G28800,-0.011651903
AT4G28811,0.0015783325
AT4G28815,0.0054665166
AT4G28820,0.11728789
AT4G28830,-0.26994222
AT4G28840,-0.031888388
AT4G28850,0.0010709917
AT4G28860,-0.038118236
AT4G28870,-0.00036896742
AT4G28880,0.119714275
AT4G28890,0.029145982
AT4G28910,0.049115304
AT4G28920,0.0
AT4G28930,0.096786514
AT4G28940,1.4268179
AT4G28950,-0.051894937
AT4G28980,-0.052919645
AT4G28990,-0.13332053
AT4G29000,0.013734953
AT4G29010,0.2436985
AT4G29020,0.6153358
AT4G29030,0.24463208
AT4G29033,0.0
AT4G29035,0.0
AT4G29037,-0.00055448915
AT4G29040,0.28623056
AT4G29050,0.05817745
AT4G29060,-0.38330352
AT4G29070,-0.12548418
AT4G29080,-0.37927967
AT4G29090,0.0
AT4G29100,-0.25923634
AT4G29103,0.0
AT4G29110,-0.68078715
AT4G29120,0.13603215
AT4G29130,0.119727865
AT4G29140,0.07325615
AT4G29150,-0.0014912505
AT4G29160,0.12714264
AT4G29170,-0.27164435
AT4G29180,0.0023749454
AT4G29190,-0.3129872
AT4G29200,0.03517906
AT4G29210,0.33508795
AT4G29220,-0.13975309
AT4G29230,1.4361119
AT4G29240,-0.14028382
AT4G29250,-0.0011130648
AT4G29260,0.048875164
AT4G29270,-0.035423595
AT4G29273,0.0
AT4G29280,0.0
AT4G29283,0.0
AT4G29285,0.0005569795
AT4G29290,0.0
AT4G29300,0.0
AT4G29305,0.0005934344
AT4G29310,-0.29990888
AT4G29330,0.17991923
AT4G29340,0.15193456
AT4G29350,0.12762192
AT4G29360,-0.46648908
AT4G29370,0.02103031
AT4G29380,0.17059565
AT4G29400,-0.39489222
AT4G29410,0.069763675
AT4G29420,0.17661636
AT4G29430,-0.111760624
AT4G29440,0.3180861
AT4G29450,-0.00084638875
AT4G29460,0.0
AT4G29470,0.032135386
AT4G29480,0.18944733
AT4G29490,0.17454001
AT4G29510,0.014793811
AT4G29520,0.53229046
AT4G29530,0.054639816
AT4G29540,-0.20360382
AT4G29548,-0.0009781044
AT4G29550,0.07393383
AT4G29560,0.03681397
AT4G29570,-0.024986608
AT4G29580,-0.00018371837
AT4G29590,-0.2763834
AT4G29600,0.0020514426
AT4G29610,0.029168522
AT4G29620,0.00069416495
AT4G29630,0.0
AT4G29640,-0.010191914
AT4G29650,-0.07949817
AT4G29654,0.0
AT4G29658,0.016772365
AT4G29660,0.23022845
AT4G29670,0.39141154
AT4G29680,-0.043596867
AT4G29690,-0.41006216
AT4G29700,-0.015373914
AT4G29710,-0.028717894
AT4G29720,-0.48231825
AT4G29730,-0.31329522
AT4G29735,0.13761967
AT4G29740,-0.014830484
AT4G29750,-0.27039275
AT4G29760,-0.08389727
AT4G29770,-0.023126017
AT4G29780,1.0649824
AT4G29790,0.040981825
AT4G29800,0.08161379
AT4G29810,0.40930372
AT4G29820,0.0022365244
AT4G29830,0.13487789
AT4G29840,0.1456937
AT4G29850,0.8198639
AT4G29860,0.030189887
AT4G29870,0.14920348
AT4G29880,0.022962412
AT4G29890,-0.16675189
AT4G29900,0.29172254
AT4G29905,0.17296788
AT4G29910,-0.2393585
AT4G29920,-0.72611904
AT4G29930,0.087241836
AT4G29940,-0.2512887
AT4G29950,0.39655095
AT4G29960,0.10938123
AT4G29970,4.3429653e-05
AT4G29980,0.00018266334
AT4G29990,-0.22014846
AT4G30000,-0.22778845
AT4G30010,0.4613404
AT4G30020,-0.84563917
AT4G30030,0.0
AT4G30040,3.0988496e-05
AT4G30050,-4.0330735e-05
AT4G30060,0.45677042
AT4G30064,0.0
AT4G30067,0.0
AT4G30070,0.0
AT4G30074,0.0
AT4G30080,-0.10352622
AT4G30090,-0.24622585
AT4G30097,0.0
AT4G30100,0.04596296
AT4G30110,-0.9743701
AT4G30120,-0.12383442
AT4G30130,0.0730892
AT4G30140,0.0017090162
AT4G30150,0.083240755
AT4G30160,0.057508357
AT4G30170,-0.019913036
AT4G30180,-0.4056197
AT4G30190,0.17862618
AT4G30200,-0.010651078
AT4G30210,0.32657146
AT4G30220,0.09308454
AT4G30230,0.865571
AT4G30240,0.234597
AT4G30250,-0.26060793
AT4G30260,0.22706363
AT4G30270,0.77276236
AT4G30280,1.9606371
AT4G30290,0.2159446
AT4G30300,0.0018434429
AT4G30310,-0.08542212
AT4G30320,0.013673331
AT4G30330,-0.19857004
AT4G30340,0.20293656
AT4G30350,0.32808903
AT4G30360,0.18098317
AT4G30370,-0.14328888
AT4G30380,0.0
AT4G30390,0.4320671
AT4G30400,-0.86520463
AT4G30410,-0.6521593
AT4G30420,-0.00045012907
AT4G30430,0.31155184
AT4G30440,-0.322904
AT4G30450,0.7375172
AT4G30460,0.9087087
AT4G30470,0.28441206
AT4G30480,0.003579927
AT4G30490,1.0541723
AT4G30500,-0.052882545
AT4G30510,0.37210244
AT4G30520,-0.56185555
AT4G30530,0.4411854
AT4G30540,0.007638998
AT4G30550,0.18444768
AT4G30560,-0.20683447
AT4G30570,-0.11590462
AT4G30580,-0.13884921
AT4G30590,0.0
AT4G30600,0.12180422
AT4G30610,-0.38650918
AT4G30620,-0.30640313
AT4G30630,-0.082931444
AT4G30640,0.15828988
AT4G30650,0.19576491
AT4G30660,-0.014516101
AT4G30662,-0.006245123
AT4G30670,0.084701575
AT4G30680,-0.07301089
AT4G30690,-0.3200149
AT4G30700,-0.0032758294
AT4G30710,-0.10511885
AT4G30720,-0.2274101
AT4G30730,0.0060818335
AT4G30740,-0.013213484
AT4G30750,-0.10756006
AT4G30760,0.15155092
AT4G30770,0.0
AT4G30780,0.18480231
AT4G30790,0.2033326
AT4G30800,-0.060809776
AT4G30810,-0.32726106
AT4G30825,-0.2590747
AT4G30830,-0.1297762
AT4G30840,0.1560974
AT4G30845,-0.15789221
AT4G30850,1.0924714
AT4G30860,0.12826172
AT4G30870,-0.07577765
AT4G30880,0.0018106417
AT4G30890,0.21212131
AT4G30900,0.0745126
AT4G30910,0.12406397
AT4G30920,0.040298488
AT4G30930,0.073205896
AT4G30935,-0.074170224
AT4G30940,-0.3304565
AT4G30950,-0.3573489
AT4G30960,-0.45965618
AT4G30970,0.0
AT4G30980,-0.049128413
AT4G30990,0.03771453
AT4G30993,-0.27749667
AT4G30996,0.11945351
AT4G31000,-0.20067713
AT4G31010,-0.2653059
AT4G31020,0.26110438
AT4G31030,-0.008391092
AT4G31040,-0.30534044
AT4G31050,-0.32041177
AT4G31060,-0.22291946
AT4G31070,-0.13072124
AT4G31073,-0.00058752456
AT4G31080,0.031047232
AT4G31100,-0.05651076
AT4G31110,0.25315323
AT4G31115,-0.092527084
AT4G31120,-0.07784275
AT4G31130,-0.03416685
AT4G31140,-0.2274607
AT4G31150,-0.1481675
AT4G31160,0.025304327
AT4G31170,0.19199783
AT4G31180,0.18326172
AT4G31196,0.0
AT4G31200,-0.09848806
AT4G31210,0.17787437
AT4G31230,0.3408803
AT4G31240,0.51587766
AT4G31250,-0.2639558
AT4G31260,-0.00043661738
AT4G31270,-0.21714807
AT4G31280,0.0
AT4G31290,-0.20501617
AT4G31300,0.39991763
AT4G31310,-0.4115727
AT4G31320,-0.008170841
AT4G31330,-0.28618634
AT4G31340,0.2289519
AT4G31350,-0.25393838
AT4G31351,-0.18096316
AT4G31354,-0.25601846
AT4G31355,0.015043543
AT4G31360,-0.4952401
AT4G31370,0.022097133
AT4G31380,0.021941012
AT4G31390,-0.020558931
AT4G31400,0.024273885
AT4G31405,-0.062920265
AT4G31410,0.0037148609
AT4G31420,0.16381243
AT4G31430,-0.04409616
AT4G31440,-0.011952092
AT4G31441,-0.0018588167
AT4G31450,-0.14521359
AT4G31470,-0.02896287
AT4G31480,-0.09245846
AT4G31490,0.041856784
AT4G31500,-0.01192343
AT4G31510,-0.04511797
AT4G31520,-0.14749676
AT4G31530,-0.0874273
AT4G31540,-0.05431246
AT4G31550,0.15763207
AT4G31560,0.03743979
AT4G31570,0.074887335
AT4G31580,0.123491995
AT4G31590,-0.4235783
AT4G31600,0.08526692
AT4G31610,0.016189102
AT4G31615,0.03760363
AT4G31620,-0.079088695
AT4G31630,0.0020497795
AT4G31640,-0.040344503
AT4G31650,-0.36064985
AT4G31660,0.0022320638
AT4G31670,0.08852748
AT4G31680,0.00068410404
AT4G31685,0.0
AT4G31690,0.0
AT4G31700,0.2733715
AT4G31710,0.006091499
AT4G31715,0.00047226273
AT4G31720,0.027685571
AT4G31730,-0.27915028
AT4G31740,-0.00018363325
AT4G31750,0.4641126
AT4G31760,-0.00032865626
AT4G31770,0.21465898
AT4G31780,0.08327457
AT4G31790,0.08256581
AT4G31800,1.0578681
AT4G31805,0.09708784
AT4G31810,0.12045134
AT4G31820,-0.63927215
AT4G31830,0.029443959
AT4G31840,-0.18413197
AT4G31850,-0.4367947
AT4G31860,0.31813887
AT4G31870,0.024548756
AT4G31875,-0.100687474
AT4G31880,-0.08848746
AT4G31890,-0.48914012
AT4G31900,0.00028504126
AT4G31910,-0.13572381
AT4G31920,-0.08153871
AT4G31930,-0.0027693787
AT4G31940,-0.006061718
AT4G31950,0.5950785
AT4G31960,0.10860224
AT4G31970,3.1915944
AT4G31980,0.21916638
AT4G31990,0.17858104
AT4G32000,-0.53799915
AT4G32010,0.0011469224
AT4G32020,0.09056242
AT4G32030,-0.09648139
AT4G32040,0.34715232
AT4G32050,-0.06726473
AT4G32060,-0.18244489
AT4G32070,0.8478835
AT4G32080,0.020486498
AT4G32090,0.001548194
AT4G32100,0.0
AT4G32105,0.033103667
AT4G32110,4.0527742e-05
AT4G32120,-0.24666642
AT4G32130,0.2224823
AT4G32140,0.22648011
AT4G32150,0.12666658
AT4G32160,-0.023459803
AT4G32170,0.050328493
AT4G32175,-0.12028058
AT4G32180,0.04049698
AT4G32190,-0.3139944
AT4G32200,0.16190861
AT4G32208,-0.0640991
AT4G32210,0.4724464
AT4G32230,0.0017212381
AT4G32240,-0.03703986
AT4G32250,0.88801056
AT4G32260,-0.40278062
AT4G32272,0.023838261
AT4G32280,-0.68939656
AT4G32285,0.07096335
AT4G32290,-0.5256779
AT4G32295,-0.4366757
AT4G32300,0.13827044
AT4G32320,0.04665799
AT4G32330,-0.4264709
AT4G32340,0.18621883
AT4G32342,-0.081557676
AT4G32350,-0.37767982
AT4G32360,-0.1339539
AT4G32370,0.0
AT4G32375,0.0
AT4G32380,0.0
AT4G32390,0.31269696
AT4G32400,0.2730165
AT4G32410,-0.1296194
AT4G32420,-0.35144776
AT4G32430,-0.17949204
AT4G32440,-0.070529096
AT4G32450,-0.122859396
AT4G32460,-0.5202973
AT4G32470,0.27138612
AT4G32480,0.44258144
AT4G32490,0.007861466
AT4G32500,0.0027922185
AT4G32510,0.034695055
AT4G32520,0.025606917
AT4G32530,0.15785645
AT4G32535,0.001699361
AT4G32540,-0.0026157927
AT4G32551,0.02593939
AT4G32560,-0.33939788
AT4G32570,-0.3979181
AT4G32580,-0.00048376576
AT4G32590,-0.338705
AT4G32600,0.08691479
AT4G32610,-0.08743746
AT4G32620,-0.055376634
AT4G32630,0.19057374
AT4G32640,0.16944484
AT4G32650,0.34644333
AT4G32660,-0.03339064
AT4G32670,-0.3314833
AT4G32680,0.15259592
AT4G32690,0.3228829
AT4G32700,-0.13985224
AT4G32710,-0.3910055
AT4G32714,0.0
AT4G32717,0.0
AT4G32720,-0.038482953
AT4G32730,0.081043325
AT4G32750,-0.08059652
AT4G32760,-0.06684676
AT4G32770,0.04738767
AT4G32780,-0.058727145
AT4G32790,-0.007863794
AT4G32800,-0.42059043
AT4G32810,1.4143085
AT4G32820,-0.20999995
AT4G32830,0.11877671
AT4G32840,-0.2868929
AT4G32850,-0.16686021
AT4G32860,-0.0150910765
AT4G32870,1.0138162
AT4G32880,-0.43437964
AT4G32890,-0.70231795
AT4G32900,0.1082024
AT4G32910,0.00894596
AT4G32915,0.06350041
AT4G32920,-0.21851239
AT4G32930,0.15052448
AT4G32940,-0.4656348
AT4G32950,-0.19299853
AT4G32960,0.027482808
AT4G32970,-0.13005307
AT4G32980,-0.673129
AT4G32990,-0.16081144
AT4G33000,-0.45549974
AT4G33010,-0.73580325
AT4G33020,0.4176527
AT4G33030,-0.12061662
AT4G33040,-0.5364606
AT4G33050,0.7658032
AT4G33060,-0.26130158
AT4G33070,0.30805188
AT4G33080,-0.16474408
AT4G33090,0.33380315
AT4G33100,0.19826615
AT4G33110,-0.12570684
AT4G33120,-0.016402572
AT4G33130,-0.022995673
AT4G33140,0.16456132
AT4G33145,0.0
AT4G33150,1.1590703
AT4G33160,0.105340555
AT4G33170,-0.03689461
AT4G33180,0.01114555
AT4G33200,-0.051105227
AT4G33210,0.04146274
AT4G33220,-0.5342203
AT4G33230,0.024498733
AT4G33240,0.22729808
AT4G33250,0.06318378
AT4G33260,-0.37892935
AT4G33270,-0.36534652
AT4G33280,-0.0829947
AT4G33290,0.006374886
AT4G33300,0.3123853
AT4G33310,0.026003864
AT4G33320,-0.014385085
AT4G33330,0.004182556
AT4G33350,0.059163142
AT4G33355,0.0032892474
AT4G33360,0.50678605
AT4G33370,0.048131604
AT4G33380,-0.22489722
AT4G33390,-0.03213054
AT4G33400,-0.22384883
AT4G33410,-0.0679854
AT4G33420,0.5685771
AT4G33430,0.5394169
AT4G33440,-0.12671466
AT4G33450,0.0008064132
AT4G33460,-0.14178301
AT4G33465,0.26248232
AT4G33467,1.7158813
AT4G33470,-0.39512905
AT4G33480,-0.06135901
AT4G33490,-0.012360682
AT4G33495,-0.110705115
AT4G33500,-0.41188464
AT4G33510,0.2334243
AT4G33520,0.010033786
AT4G33530,-0.01777218
AT4G33540,1.213102
AT4G33550,0.2081194
AT4G33560,0.10990098
AT4G33565,0.31057522
AT4G33580,-0.06846409
AT4G33585,2.4903566e-06
AT4G33590,-0.0022477882
AT4G33600,0.0
AT4G33610,0.0011418761
AT4G33620,0.058443032
AT4G33625,-0.29987016
AT4G33630,-0.0325199
AT4G33640,0.069114126
AT4G33650,0.13821931
AT4G33660,-0.0319252
AT4G33666,0.26782966
AT4G33670,0.04877899
AT4G33680,-0.16807413
AT4G33690,0.06382363
AT4G33700,0.12883438
AT4G33710,0.0
AT4G33720,0.015632123
AT4G33730,0.013685636
AT4G33740,-0.425852
AT4G33760,-0.08952608
AT4G33770,-0.0501164
AT4G33780,0.31827033
AT4G33790,-0.30128112
AT4G33800,0.017335664
AT4G33810,0.09021264
AT4G33820,0.00072498375
AT4G33830,0.0
AT4G33840,0.04261813
AT4G33860,0.020138336
AT4G33870,-0.02561349
AT4G33880,-0.018980347
AT4G33885,-0.0006106954
AT4G33890,0.011315254
AT4G33900,0.0024109292
AT4G33900,0.0024109292
AT4G33910,0.2964144
AT4G33920,0.7176307
AT4G33925,0.022870293
AT4G33930,0.92819864
AT4G33940,0.4540417
AT4G33950,-0.08641285
AT4G33960,-0.05295144
AT4G33970,-0.0056227627
AT4G33980,0.24729958
AT4G33990,-0.14508256
AT4G34000,-0.27280724
AT4G34020,0.0069740256
AT4G34030,0.27885213
AT4G34040,0.22359551
AT4G34050,0.40078807
AT4G34060,-0.41426975
AT4G34070,0.11870224
AT4G34080,3.948819e-05
AT4G34090,-0.47547224
AT4G34100,0.16933212
AT4G34110,0.13537629
AT4G34120,0.8009556
AT4G34131,1.4225115
AT4G34135,1.0300508
AT4G34138,0.39267427
AT4G34139,0.031038757
AT4G34140,-0.1241165
AT4G34150,0.8150808
AT4G34160,-0.61612177
AT4G34170,0.0005569795
AT4G34180,0.83022624
AT4G34190,-0.22180842
AT4G34200,1.7841107
AT4G34210,0.1994503
AT4G34215,-0.13844551
AT4G34220,-0.8227531
AT4G34230,1.0978756
AT4G34240,0.053519618
AT4G34250,-0.13896516
AT4G34260,-0.314169
AT4G34265,0.09213951
AT4G34270,0.03192043
AT4G34280,-0.038535103
AT4G34290,-0.24031082
AT4G34300,-0.04809443
AT4G34310,0.08979414
AT4G34320,0.13037054
AT4G34330,0.008581768
AT4G34340,0.17229901
AT4G34345,0.00282445
AT4G34350,0.16142982
AT4G34360,-0.12257411
AT4G34370,-0.10921421
AT4G34380,0.8109938
AT4G34390,0.8759265
AT4G34400,0.35524115
AT4G34410,0.6890867
AT4G34412,0.1821045
AT4G34420,-0.15786783
AT4G34430,0.07077461
AT4G34440,-0.009605588
AT4G34450,0.063636824
AT4G34460,0.21806873
AT4G34470,0.22990634
AT4G34480,0.046311334
AT4G34490,-0.10901985
AT4G34500,-0.1293849
AT4G34510,0.13777775
AT4G34520,0.0005569795
AT4G34530,-0.71280044
AT4G34540,-0.08594161
AT4G34550,-0.07779537
AT4G34555,-0.10683144
AT4G34560,-0.8317484
AT4G34570,0.0060268193
AT4G34580,0.02360422
AT4G34590,-0.14773789
AT4G34600,-0.25228527
AT4G34610,-0.4105109
AT4G34620,-0.24065986
AT4G34630,-0.049612135
AT4G34640,-0.047724172
AT4G34650,-0.41075104
AT4G34660,0.12103218
AT4G34670,-0.15912528
AT4G34680,-0.33492473
AT4G34690,-0.016712867
AT4G34700,0.05662452
AT4G34710,1.2208453
AT4G34720,0.20784459
AT4G34730,-0.33259627
AT4G34740,-0.20601477
AT4G34750,-0.17571075
AT4G34760,-0.38479394
AT4G34770,-0.69469804
AT4G34780,0.0034171268
AT4G34790,-0.48429036
AT4G34800,-0.08846705
AT4G34810,-0.14447917
AT4G34830,-0.2791848
AT4G34840,-0.057630304
AT4G34850,-0.028770782
AT4G34860,0.10917002
AT4G34870,0.17903836
AT4G34880,0.06769009
AT4G34881,-0.04048288
AT4G34890,0.42028162
AT4G34900,-0.5661226
AT4G34910,-0.03107724
AT4G34920,0.14181255
AT4G34930,-0.06731302
AT4G34940,-0.0017649082
AT4G34950,0.8136992
AT4G34960,-0.1182071
AT4G34970,-0.026116721
AT4G34980,-0.6116834
AT4G34990,-0.19614902
AT4G35000,0.02581821
AT4G35010,-0.0014438886
AT4G35020,-0.09022439
AT4G35025,0.0
AT4G35030,-0.068190135
AT4G35040,0.1493371
AT4G35050,-0.1393973
AT4G35060,0.36115623
AT4G35070,-0.053795595
AT4G35080,0.3007116
AT4G35090,-0.2761342
AT4G35100,-0.5016231
AT4G35110,1.0716931
AT4G35120,0.016776146
AT4G35130,-0.27358565
AT4G35140,-0.10896282
AT4G35150,0.00069416495
AT4G35160,1.270828
AT4G35165,0.3998394
AT4G35170,0.9689773
AT4G35180,1.0877652
AT4G35190,0.10443364
AT4G35200,-0.0034925651
AT4G35210,-0.00043661738
AT4G35220,0.10256039
AT4G35230,0.26287776
AT4G35240,-0.032189716
AT4G35250,-0.28474107
AT4G35260,0.37353235
AT4G35270,-0.41070616
AT4G35280,0.0
AT4G35290,-0.25393632
AT4G35295,-0.037732203
AT4G35300,-0.24518968
AT4G35310,0.18914022
AT4G35320,-0.16931963
AT4G35335,-0.09133233
AT4G35350,0.42894804
AT4G35360,0.10183926
AT4G35370,-0.039203387
AT4G35375,0.0
AT4G35380,1.2402029
AT4G35390,0.061473224
AT4G35410,0.00490451
AT4G35420,-0.1974509
AT4G35430,0.092093974
AT4G35440,-0.24730155
AT4G35450,-0.12985337
AT4G35460,0.030674612
AT4G35470,-0.21322142
AT4G35480,0.46944317
AT4G35485,-0.0010472535
AT4G35490,0.11632967
AT4G35500,0.23151429
AT4G35510,0.037700776
AT4G35519,0.0
AT4G35520,-0.046399403
AT4G35530,0.048310425
AT4G35540,-0.3569642
AT4G35550,-0.10272335
AT4G35560,-0.24215992
AT4G35570,-0.21831024
AT4G35580,0.032272242
AT4G35590,0.052449554
AT4G35600,0.47310936
AT4G35610,0.0
AT4G35620,-0.09552622
AT4G35630,1.723409
AT4G35640,-0.21794426
AT4G35650,-0.0011920421
AT4G35655,0.03800192
AT4G35660,0.0017936417
AT4G35670,0.0
AT4G35680,0.0023320818
AT4G35685,0.11152397
AT4G35690,-0.003146605
AT4G35700,0.0
AT4G35710,0.0
AT4G35720,0.030194145
AT4G35725,0.0
AT4G35730,-0.11448206
AT4G35733,0.018350698
AT4G35740,-0.19817705
AT4G35750,0.015112968
AT4G35760,-0.20466994
AT4G35770,0.12752578
AT4G35780,-0.17679547
AT4G35783,0.057050977
AT4G35785,-0.020825267
AT4G35790,0.20650375
AT4G35800,-0.15009445
AT4G35810,-0.010586578
AT4G35820,0.0
AT4G35830,0.24471484
AT4G35840,0.061179075
AT4G35850,-0.09213886
AT4G35860,0.42515564
AT4G35870,0.033420756
AT4G35880,-0.20088421
AT4G35890,0.17317496
AT4G35900,-0.39907667
AT4G35905,0.04399588
AT4G35910,-0.025180792
AT4G35920,-0.60015154
AT4G35930,-0.47107026
AT4G35940,-0.05137745
AT4G35950,-0.2619948
AT4G35970,-0.31281662
AT4G35985,0.2106292
AT4G35987,-0.011994061
AT4G36000,-0.06855172
AT4G36010,0.76444703
AT4G36020,0.33036366
AT4G36030,1.0007517
AT4G36040,0.2856321
AT4G36050,-0.17824511
AT4G36060,0.0465142
AT4G36070,0.040387183
AT4G36080,0.10361637
AT4G36090,0.4142771
AT4G36100,-0.014829422
AT4G36105,-0.1454967
AT4G36110,0.046600778
AT4G36120,-0.023463238
AT4G36130,0.12044485
AT4G36140,0.12118664
AT4G36150,0.30965918
AT4G36160,-0.13469183
AT4G36170,0.0
AT4G36180,-0.52912384
AT4G36190,-0.21346149
AT4G36195,0.27943498
AT4G36210,0.34460312
AT4G36220,0.48440415
AT4G36230,-0.10512467
AT4G36240,-0.39581344
AT4G36250,-0.38478836
AT4G36260,-0.20356166
AT4G36270,-0.40456688
AT4G36280,-0.47944105
AT4G36290,-0.20986862
AT4G36350,0.0150747225
AT4G36360,-0.86410177
AT4G36370,0.0
AT4G36380,-0.329322
AT4G36390,-0.119668014
AT4G36400,0.38069883
AT4G36410,-0.14876613
AT4G36420,-0.046594772
AT4G36430,-0.057102177
AT4G36440,-0.00087198184
AT4G36450,0.21210173
AT4G36460,0.0032454974
AT4G36470,-0.2198563
AT4G36480,0.20735379
AT4G36490,-0.015694726
AT4G36500,0.41985276
AT4G36510,0.0028059275
AT4G36515,-0.10337818
AT4G36520,-0.38509983
AT4G36530,-0.4074466
AT4G36540,-0.94071245
AT4G36550,0.061829492
AT4G36560,0.0
AT4G36570,-0.80718225
AT4G36580,-0.138994
AT4G36590,-0.0109963715
AT4G36600,-0.0051056305
AT4G36610,1.0194358
AT4G36620,-0.023476955
AT4G36630,0.07275516
AT4G36640,0.289327
AT4G36650,0.07927137
AT4G36660,-0.36661783
AT4G36670,0.23427157
AT4G36680,0.0043814494
AT4G36690,-0.13264118
AT4G36700,0.01915719
AT4G36710,0.13509867
AT4G36720,0.3176874
AT4G36730,-0.09967014
AT4G36740,0.0074567236
AT4G36750,0.029162528
AT4G36760,0.5347094
AT4G36770,-0.13218741
AT4G36780,-0.047654033
AT4G36790,0.03379407
AT4G36791,0.016450915
AT4G36795,0.09957334
AT4G36800,0.20007484
AT4G36810,-0.042565413
AT4G36820,1.9062251
AT4G36830,0.08728813
AT4G36840,-0.099246375
AT4G36850,0.4224662
AT4G36860,-0.052972227
AT4G36870,-0.14276785
AT4G36880,0.53460646
AT4G36890,0.057791565
AT4G36900,0.20824008
AT4G36910,-0.22045599
AT4G36920,-0.20437309
AT4G36925,0.0050584096
AT4G36930,-0.39997593
AT4G36940,-0.17014748
AT4G36945,0.3234804
AT4G36950,1.5718797
AT4G36960,-0.13448268
AT4G36970,-0.14934507
AT4G36980,-0.3411469
AT4G36990,1.5485562
AT4G37000,-0.2732197
AT4G37010,1.6456918
AT4G37020,-0.20081407
AT4G37022,0.019008724
AT4G37030,0.1861507
AT4G37040,-0.072494246
AT4G37050,0.021349449
AT4G37060,0.056823824
AT4G37070,0.33655575
AT4G37080,-0.5675139
AT4G37090,-0.071303785
AT4G37095,-0.0016305096
AT4G37100,-0.5725314
AT4G37110,-0.7403691
AT4G37120,0.12143151
AT4G37130,-0.04735617
AT4G37140,0.022664517
AT4G37150,1.5672544
AT4G37160,0.0014422844
AT4G37170,-0.14360996
AT4G37180,0.32811236
AT4G37190,0.0030481168
AT4G37200,-0.019940523
AT4G37210,0.05946765
AT4G37220,0.0845026
AT4G37230,0.021248434
AT4G37235,0.0017519961
AT4G37240,-0.15677844
AT4G37250,-0.3042775
AT4G37260,0.13882704
AT4G37270,-0.12714848
AT4G37280,-0.3292472
AT4G37290,1.7836473
AT4G37295,0.077569306
AT4G37300,-0.030050065
AT4G37310,0.9449721
AT4G37320,1.0337257
AT4G37330,-0.064546905
AT4G37340,0.13069327
AT4G37360,0.032795407
AT4G37370,2.2136781
AT4G37380,-0.3078825
AT4G37390,3.487062
AT4G37400,-0.69475526
AT4G37409,0.015254695
AT4G37410,-0.059060466
AT4G37420,0.32456192
AT4G37430,2.139602
AT4G37435,3.0988496e-05
AT4G37440,-0.060131796
AT4G37445,-0.06445723
AT4G37450,-0.31658703
AT4G37460,-0.064076446
AT4G37470,-0.15095647
AT4G37480,-0.28101012
AT4G37483,-0.0039496166
AT4G37490,0.050768137
AT4G37500,0.0
AT4G37510,-0.10633125
AT4G37520,1.1726625
AT4G37530,1.0536201
AT4G37540,0.97127384
AT4G37550,-0.20428406
AT4G37560,-0.41829845
AT4G37580,-0.40414777
AT4G37590,-0.572486
AT4G37600,0.0
AT4G37610,0.5723868
AT4G37630,-0.42725122
AT4G37640,0.53242457
AT4G37650,-0.39051735
AT4G37660,0.14050211
AT4G37670,0.2960291
AT4G37680,0.22235925
AT4G37682,-0.28982568
AT4G37685,0.013836292
AT4G37690,-0.1675039
AT4G37700,-0.32811877
AT4G37710,0.23043136
AT4G37720,0.0186018
AT4G37730,0.09477741
AT4G37740,-0.34995294
AT4G37750,-0.4044649
AT4G37760,0.12966417
AT4G37770,1.307055
AT4G37780,-0.025136262
AT4G37790,0.049268987
AT4G37800,-1.2703071
AT4G37810,-0.031604916
AT4G37820,-0.3550049
AT4G37830,0.13121822
AT4G37840,0.03313816
AT4G37850,0.1364114
AT4G37860,-0.02278033
AT4G37870,-0.22318394
AT4G37880,0.045950416
AT4G37890,-0.32378873
AT4G37900,1.1966152
AT4G37910,0.25567675
AT4G37920,-0.23101547
AT4G37925,-1.1698697
AT4G37930,-0.8418936
AT4G37940,0.06142772
AT4G37950,0.015798911
AT4G37970,-0.18047449
AT4G37980,0.3350103
AT4G37990,4.4445567
AT4G38000,1.388487
AT4G38005,-0.0008764487
AT4G38010,-0.023980087
AT4G38020,-0.2881915
AT4G38030,0.4772618
AT4G38040,-0.1146438
AT4G38050,-0.24955657
AT4G38060,0.40826273
AT4G38062,-0.13037984
AT4G38065,0.020308249
AT4G38070,0.001688651
AT4G38080,0.23517732
AT4G38090,0.19430532
AT4G38092,-0.049372572
AT4G38100,0.2631989
AT4G38120,-0.12452447
AT4G38130,-0.02045066
AT4G38140,0.0064483746
AT4G38150,0.081991926
AT4G38160,-0.29138327
AT4G38170,-0.11342915
AT4G38180,-0.028288817
AT4G38190,0.005703997
AT4G38200,0.07170407
AT4G38210,-0.30724177
AT4G38213,-0.0012192443
AT4G38220,-0.042243667
AT4G38225,0.077512145
AT4G38230,0.24120367
AT4G38240,0.0006203461
AT4G38250,0.40662396
AT4G38260,0.43164283
AT4G38270,0.005880622
AT4G38280,-0.1480271
AT4G38300,-0.07057254
AT4G38310,-0.044459417
AT4G38320,-0.15167922
AT4G38330,-0.44297427
AT4G38340,-0.5984519
AT4G38350,-0.18642674
AT4G38360,0.21460818
AT4G38370,-0.3932853
AT4G38380,0.03435926
AT4G38390,0.024270706
AT4G38400,-0.18046406
AT4G38401,0.0
AT4G38405,0.0
AT4G38410,0.09876846
AT4G38420,0.5814142
AT4G38430,-0.4628608
AT4G38440,-0.022493206
AT4G38460,0.2513166
AT4G38470,0.41017365
AT4G38480,-0.20236489
AT4G38490,0.040405415
AT4G38495,-0.08596279
AT4G38500,0.03547262
AT4G38510,0.077658266
AT4G38520,-0.06160087
AT4G38530,-0.485429
AT4G38540,0.57835317
AT4G38550,0.1697974
AT4G38560,-0.047942545
AT4G38570,-0.20398694
AT4G38580,0.08028538
AT4G38590,-0.099550955
AT4G38600,0.13365038
AT4G38620,-0.051066108
AT4G38630,0.43992665
AT4G38640,0.08254096
AT4G38650,0.028473465
AT4G38660,-0.324645
AT4G38670,-0.15735611
AT4G38680,0.01554539
AT4G38690,-0.15387782
AT4G38700,-0.207343
AT4G38710,-0.033620883
AT4G38730,-0.02971238
AT4G38740,-0.1973154
AT4G38760,-0.13027073
AT4G38770,-0.75005865
AT4G38775,-0.00087290275
AT4G38780,-0.093134575
AT4G38781,0.0005522219
AT4G38790,0.32538795
AT4G38800,-0.097809374
AT4G38810,0.06365949
AT4G38820,-0.014690325
AT4G38825,-0.20029503
AT4G38830,0.4692735
AT4G38840,-0.4555896
AT4G38850,-0.6079578
AT4G38860,-0.88465095
AT4G38870,0.093485646
AT4G38880,-0.0009443883
AT4G38890,-0.11237467
AT4G38900,-0.22062144
AT4G38905,0.020622337
AT4G38910,-0.18135785
AT4G38920,0.18448277
AT4G38930,0.14941561
AT4G38940,0.31723
AT4G38950,-0.07054093
AT4G38960,-0.20778698
AT4G38970,-0.6011649
AT4G38980,0.044339746
AT4G38990,0.0
AT4G39000,0.010388549
AT4G39010,-0.06456753
AT4G39020,0.016688501
AT4G39030,1.5711772
AT4G39040,-0.23031092
AT4G39050,-0.21353067
AT4G39060,0.032771453
AT4G39070,0.052345317
AT4G39080,0.33975482
AT4G39090,0.34663257
AT4G39100,-0.012438629
AT4G39110,0.04863321
AT4G39120,-0.38099873
AT4G39130,3.6304486e-05
AT4G39140,0.2277654
AT4G39150,0.14009693
AT4G39160,0.16743654
AT4G39170,-0.040531516
AT4G39180,-0.2883533
AT4G39190,-0.6921053
AT4G39200,0.055373307
AT4G39210,-0.19094768
AT4G39220,0.25173023
AT4G39230,0.7551168
AT4G39235,-0.36229372
AT4G39240,-0.0027035158
AT4G39250,-0.02148441
AT4G39260,-0.019488344
AT4G39270,1.0260929
AT4G39280,-0.0417446
AT4G39290,7.778483e-05
AT4G39300,0.024736049
AT4G39320,-0.26084548
AT4G39330,-0.27396053
AT4G39340,0.02313806
AT4G39350,-0.5302436
AT4G39360,0.23730883
AT4G39370,0.06394124
AT4G39380,0.035882503
AT4G39390,0.3476365
AT4G39400,-0.32714054
AT4G39403,0.043339822
AT4G39410,-0.3683211
AT4G39420,0.2455511
AT4G39460,-0.29830328
AT4G39470,-0.103292465
AT4G39490,0.002324034
AT4G39500,0.23513417
AT4G39510,-0.89685917
AT4G39520,0.19429092
AT4G39530,-0.21964958
AT4G39540,0.10169915
AT4G39550,-0.21357547
AT4G39560,-0.16433676
AT4G39570,0.094222344
AT4G39580,0.8475181
AT4G39590,0.047474843
AT4G39600,-0.3246286
AT4G39610,0.6451908
AT4G39620,-0.21767005
AT4G39630,-0.08003541
AT4G39640,0.354031
AT4G39650,0.23160909
AT4G39660,0.09519731
AT4G39670,2.7220397
AT4G39675,0.5957931
AT4G39680,-0.120451316
AT4G39690,0.1911988
AT4G39700,-0.31356025
AT4G39710,-0.76137024
AT4G39720,0.22735785
AT4G39730,0.17196085
AT4G39740,0.10790712
AT4G39745,0.0
AT4G39750,0.0
AT4G39753,0.0
AT4G39756,0.0013223831
AT4G39760,0.0
AT4G39770,-0.5047161
AT4G39780,0.10705464
AT4G39790,-0.23397052
AT4G39795,-0.23884366
AT4G39800,-1.2023534
AT4G39810,-0.07756182
AT4G39820,0.3599169
AT4G39830,1.115262
AT4G39840,-0.42715946
AT4G39850,0.2760021
AT4G39860,-0.14897054
AT4G39870,-0.12039305
AT4G39880,0.10588997
AT4G39890,0.38390303
AT4G39900,-0.34669474
AT4G39910,-0.04609228
AT4G39917,0.0
AT4G39920,-0.014135186
AT4G39925,-0.084571406
AT4G39930,-0.117322
AT4G39940,0.61559105
AT4G39950,2.5016594
AT4G39952,0.18500419
AT4G39955,0.7105478
AT4G39960,-0.049816225
AT4G39970,-0.59423923
AT4G39980,0.9442809
AT4G39990,0.021126965
AT4G40000,-0.0070887688
AT4G40010,0.03323978
AT4G40011,0.0
AT4G40020,0.19709982
AT4G40030,-0.02972407
AT4G40042,0.16533169
AT4G40045,-0.32210362
AT4G40050,0.07399032
AT4G40060,-0.24231243
AT4G40063,-0.050821386
AT4G40070,-0.019802235
AT4G40080,-0.06412993
AT4G40090,-0.027638588
AT4G40100,-4.249257e-05
AT5G00585,0.0
AT5G01010,0.1833526
AT5G01015,-0.05970787
AT5G01017,-0.0068341955
AT5G01020,-0.25851932
AT5G01030,-0.15993907
AT5G01040,0.2279447
AT5G01050,0.34835023
AT5G01060,-0.007183112
AT5G01070,0.024601918
AT5G01075,-0.5070945
AT5G01080,0.00034591727
AT5G01090,-0.5592682
AT5G01100,1.2185564
AT5G01110,-0.085953936
AT5G01120,-0.014179305
AT5G01130,0.0
AT5G01140,0.0
AT5G01150,0.00010214737
AT5G01160,-0.03227771
AT5G01170,-0.38975716
AT5G01180,0.07714135
AT5G01190,-0.020199083
AT5G01200,-0.23332715
AT5G01210,1.4662856
AT5G01220,-0.32720742
AT5G01225,0.516364
AT5G01230,-0.04621486
AT5G01240,-0.25694022
AT5G01250,0.89125466
AT5G01260,-0.1946037
AT5G01270,-0.0015603476
AT5G01280,0.050100546
AT5G01290,-0.15725629
AT5G01300,0.25111276
AT5G01305,-0.0009922994
AT5G01310,-0.072237745
AT5G01320,-0.28104475
AT5G01330,0.00048220207
AT5G01340,0.668876
AT5G01350,0.088318646
AT5G01360,-0.09994781
AT5G01370,-0.42238593
AT5G01380,1.5944299
AT5G01390,-0.20457116
AT5G01400,0.08632148
AT5G01410,0.07852481
AT5G01420,0.06553923
AT5G01440,0.0
AT5G01445,-0.09009972
AT5G01450,0.2368584
AT5G01460,0.036559314
AT5G01470,-0.28563473
AT5G01480,-0.1779792
AT5G01490,1.0876988
AT5G01500,0.9623146
AT5G01510,-0.18911321
AT5G01520,0.15677091
AT5G01530,-0.27459973
AT5G01540,0.6887312
AT5G01550,1.387394
AT5G01560,0.02358126
AT5G01570,-0.033178326
AT5G01580,0.0016104046
AT5G01590,-0.4331827
AT5G01600,1.154699
AT5G01610,0.15333089
AT5G01620,-0.16601944
AT5G01630,0.18199535
AT5G01640,1.5284072
AT5G01650,0.07508554
AT5G01660,-0.18069665
AT5G01670,-0.02197435
AT5G01680,0.0005102989
AT5G01690,0.0004960694
AT5G01700,-0.031274702
AT5G01710,0.07417453
AT5G01720,0.53284603
AT5G01730,-0.19851942
AT5G01740,-0.47189924
AT5G01750,-0.07858749
AT5G01760,0.00998136
AT5G01770,-0.09168614
AT5G01780,-0.139162
AT5G01790,-0.548246
AT5G01800,0.09138139
AT5G01810,-0.03164142
AT5G01820,0.31201252
AT5G01830,0.89814264
AT5G01840,0.08885485
AT5G01850,0.55465204
AT5G01860,0.03296076
AT5G01870,0.022437137
AT5G01880,0.086819835
AT5G01881,-0.08333655
AT5G01890,-0.5708945
AT5G01895,-0.0004797314
AT5G01900,0.8311433
AT5G01910,-0.14274433
AT5G01920,-0.36081555
AT5G01930,0.17809531
AT5G01940,0.08252448
AT5G01950,0.09167386
AT5G01960,0.25636226
AT5G01970,-0.20012261
AT5G01980,0.35371688
AT5G01990,0.11272814
AT5G02000,0.016469037
AT5G02010,-0.25965974
AT5G02020,0.020381229
AT5G02030,-0.20412712
AT5G02040,0.33237743
AT5G02050,0.1998808
AT5G02060,0.042318426
AT5G02065,0.16511975
AT5G02070,0.007948201
AT5G02080,-0.08998818
AT5G02090,0.08538212
AT5G02100,0.29178178
AT5G02110,-0.057604466
AT5G02120,-0.35340896
AT5G02130,-0.03890197
AT5G02140,0.034914132
AT5G02150,-0.12186448
AT5G02160,-0.41874483
AT5G02170,0.070310995
AT5G02180,-0.42811006
AT5G02190,-0.40580347
AT5G02200,-0.6977458
AT5G02210,0.014410175
AT5G02220,0.025529664
AT5G02230,0.051698167
AT5G02240,0.028530542
AT5G02250,-0.23212758
AT5G02260,-0.3082947
AT5G02270,0.17824116
AT5G02280,0.093257256
AT5G02290,0.21327962
AT5G02310,0.19217762
AT5G02320,0.07782559
AT5G02330,-0.0137438765
AT5G02340,0.0
AT5G02350,-0.008434234
AT5G02360,-0.008277447
AT5G02370,-0.20629607
AT5G02380,0.14672193
AT5G02390,-0.02821673
AT5G02400,-0.059128135
AT5G02410,0.06472635
AT5G02420,0.7057983
AT5G02430,-0.054438654
AT5G02440,-0.33803537
AT5G02450,0.0560891
AT5G02460,-0.40168595
AT5G02470,-0.18724003
AT5G02480,-0.22068368
AT5G02490,1.0602987
AT5G02500,-0.10177813
AT5G02502,0.33666024
AT5G02510,-0.015550835
AT5G02520,-0.13617824
AT5G02530,0.060140915
AT5G02540,0.18836115
AT5G02550,0.063772686
AT5G02560,-0.17764716
AT5G02570,0.45794564
AT5G02580,-0.078567006
AT5G02590,0.12903886
AT5G02600,0.16033499
AT5G02610,0.122370824
AT5G02620,0.1417458
AT5G02630,0.30029002
AT5G02640,-0.048193425
AT5G02650,-0.08471649
AT5G02660,0.0020555346
AT5G02670,-0.4275089
AT5G02680,-0.002762714
AT5G02690,-0.18228045
AT5G02700,0.0
AT5G02710,-0.33669892
AT5G02720,0.05584605
AT5G02730,7.9859856e-05
AT5G02740,-0.10091445
AT5G02750,-0.07023907
AT5G02760,-1.0437232
AT5G02770,-0.07808611
AT5G02780,1.8620368
AT5G02790,0.052377474
AT5G02800,-0.067398585
AT5G02810,-0.3518469
AT5G02820,0.11858498
AT5G02830,-0.41967902
AT5G02840,-0.23901862
AT5G02850,0.08105423
AT5G02860,-0.20749225
AT5G02870,0.23127925
AT5G02880,-0.050155737
AT5G02890,-0.4572518
AT5G02900,-0.0006262058
AT5G02910,-0.04049379
AT5G02920,0.0
AT5G02930,-0.0014280061
AT5G02940,-0.8978998
AT5G02950,-0.59349334
AT5G02960,0.07005334
AT5G02970,-0.063049555
AT5G02980,0.00037757933
AT5G02995,0.0
AT5G03000,0.00014290567
AT5G03010,-0.014392977
AT5G03020,-0.06056331
AT5G03030,0.45803466
AT5G03040,-0.19219261
AT5G03050,-0.4815949
AT5G03070,-0.18575315
AT5G03080,0.2781346
AT5G03090,0.017198585
AT5G03100,-0.1294194
AT5G03110,0.05651355
AT5G03120,-0.4899195
AT5G03130,-0.046401087
AT5G03140,-0.43044662
AT5G03150,-0.35962078
AT5G03160,0.60587597
AT5G03170,-0.18885341
AT5G03180,-0.44156784
AT5G03190,-0.60888016
AT5G03200,0.007019958
AT5G03204,0.085480325
AT5G03210,1.8987162
AT5G03220,-0.0020929296
AT5G03230,-0.095371366
AT5G03240,0.13586922
AT5G03250,-0.23226134
AT5G03260,0.5809732
AT5G03270,-0.3519819
AT5G03280,-0.09946085
AT5G03290,0.48321846
AT5G03300,-0.2715648
AT5G03310,0.053680602
AT5G03320,0.32589123
AT5G03330,0.3327059
AT5G03340,0.18125767
AT5G03345,0.1242608
AT5G03350,1.0556287
AT5G03360,0.01891866
AT5G03370,-0.019507045
AT5G03380,0.42027485
AT5G03390,-0.06726018
AT5G03400,0.0
AT5G03406,-0.1450831
AT5G03415,-0.10289583
AT5G03420,-0.113382936
AT5G03430,-0.2391927
AT5G03435,-0.3507757
AT5G03440,0.24001285
AT5G03450,-0.08246844
AT5G03455,0.046836913
AT5G03460,0.4556403
AT5G03470,0.02531028
AT5G03480,0.02980501
AT5G03490,0.41279617
AT5G03500,0.11483999
AT5G03510,-0.12672673
AT5G03520,-0.10577637
AT5G03530,-0.54728407
AT5G03540,0.025950516
AT5G03545,0.03221175
AT5G03550,0.20204356
AT5G03553,-0.009376367
AT5G03555,-0.49214613
AT5G03560,0.10452144
AT5G03570,0.0012352224
AT5G03580,6.12731e-05
AT5G03590,0.22111563
AT5G03600,0.015893688
AT5G03610,1.9898833
AT5G03620,0.08857333
AT5G03630,0.53507835
AT5G03640,-0.54831815
AT5G03650,-0.553814
AT5G03660,-0.13519779
AT5G03670,-0.22805889
AT5G03680,-0.097892985
AT5G03690,-0.035542503
AT5G03700,0.020397032
AT5G03710,-0.02392958
AT5G03720,-0.30923143
AT5G03730,0.15408397
AT5G03740,0.054650117
AT5G03750,0.0
AT5G03760,-0.8171706
AT5G03770,0.046940308
AT5G03780,-0.32462052
AT5G03790,-0.034608897
AT5G03795,-0.11351089
AT5G03800,-0.28711957
AT5G03810,0.0
AT5G03820,0.00012601695
AT5G03830,-0.114201695
AT5G03840,-0.037825033
AT5G03860,-0.13184476
AT5G03870,-0.2552079
AT5G03880,-0.42533913
AT5G03885,0.0058198236
AT5G03890,0.2113354
AT5G03900,-0.13509496
AT5G03905,0.34064275
AT5G03910,0.06463105
AT5G03920,0.004878474
AT5G03930,0.00050171703
AT5G03940,-0.3782334
AT5G03944,0.0
AT5G03960,-0.41987064
AT5G03970,0.11564596
AT5G03980,0.0
AT5G03990,0.19019116
AT5G03995,-0.089637354
AT5G04000,-0.06256768
AT5G04010,0.15184544
AT5G04020,0.38985944
AT5G04030,0.0005507704
AT5G04040,0.27484927
AT5G04045,0.006423307
AT5G04047,0.0
AT5G04050,-0.30544266
AT5G04060,-0.31396765
AT5G04070,0.057862286
AT5G04080,0.05812183
AT5G04090,-0.14716126
AT5G04100,0.0
AT5G04120,0.0005073407
AT5G04130,-0.017741162
AT5G04140,-0.7083355
AT5G04150,-0.11089472
AT5G04160,-0.03544352
AT5G04170,0.47600526
AT5G04180,0.012698679
AT5G04190,-0.69758785
AT5G04200,1.0148089
AT5G04210,0.076390065
AT5G04220,0.23497364
AT5G04230,-0.52965254
AT5G04238,0.0
AT5G04240,0.020435173
AT5G04250,1.2303523
AT5G04260,0.32087705
AT5G04267,0.0
AT5G04270,0.0025170196
AT5G04280,0.05405992
AT5G04290,-0.24339412
AT5G04310,-0.07880393
AT5G04320,-0.19933283
AT5G04330,-0.09681264
AT5G04340,1.6447554
AT5G04347,0.015632123
AT5G04350,0.00087435334
AT5G04360,-0.59409183
AT5G04370,-0.09633012
AT5G04380,0.0049924855
AT5G04390,0.9294564
AT5G04395,0.0005569795
AT5G04400,0.0045048874
AT5G04410,0.2168073
AT5G04420,-0.074203186
AT5G04430,-0.14469354
AT5G04440,-0.16915329
AT5G04460,-0.12979239
AT5G04470,-0.07586443
AT5G04475,-0.029019566
AT5G04480,-0.09351867
AT5G04490,-0.1830634
AT5G04500,-0.013924261
AT5G04510,-0.18000147
AT5G04520,0.25536755
AT5G04530,0.037590597
AT5G04540,0.6161031
AT5G04550,-0.013564589
AT5G04560,-0.08708295
AT5G04590,-0.047399692
AT5G04600,0.13617168
AT5G04610,0.16086872
AT5G04620,-0.46845222
AT5G04630,0.033242945
AT5G04640,0.0010643202
AT5G04660,-0.2845699
AT5G04670,-0.15547483
AT5G04680,-0.5443282
AT5G04690,-0.28635314
AT5G04700,-0.32781085
AT5G04710,-0.15093677
AT5G04720,0.34155682
AT5G04730,0.009664545
AT5G04740,0.20106775
AT5G04750,0.18605983
AT5G04760,0.17333089
AT5G04770,-0.009971539
AT5G04780,-0.07494133
AT5G04790,-0.038379755
AT5G04800,0.2666812
AT5G04810,-0.38832098
AT5G04820,-0.5096871
AT5G04830,0.37434936
AT5G04840,0.1637828
AT5G04850,-0.030468434
AT5G04853,0.0
AT5G04860,0.41605967
AT5G04870,0.21664493
AT5G04885,-0.0880329
AT5G04890,-0.20675044
AT5G04895,0.022576509
AT5G04900,-0.08208164
AT5G04910,0.23115839
AT5G04920,0.13222168
AT5G04930,0.34944955
AT5G04933,0.0005569795
AT5G04937,0.047564447
AT5G04940,-0.1625896
AT5G04950,-0.13406667
AT5G04960,-0.0125330575
AT5G04970,-0.0070981486
AT5G04980,0.09219113
AT5G04990,0.13960838
AT5G05000,-0.16716602
AT5G05010,-0.023141533
AT5G05020,4.9250368e-05
AT5G05030,0.0
AT5G05040,3.117227e-05
AT5G05050,0.0
AT5G05060,-0.07215475
AT5G05070,0.0025316805
AT5G05080,-0.13270164
AT5G05085,-0.012486831
AT5G05090,-0.14068559
AT5G05100,0.19894494
AT5G05110,0.32735327
AT5G05113,0.0
AT5G05120,0.0
AT5G05130,-0.13941401
AT5G05140,0.3235091
AT5G05150,0.051721785
AT5G05160,-0.68007785
AT5G05170,-0.18493092
AT5G05180,-0.34158906
AT5G05190,0.48811114
AT5G05200,-0.12704381
AT5G05210,-0.047265124
AT5G05220,0.847297
AT5G05230,0.015610183
AT5G05240,0.036732733
AT5G05250,-0.38162005
AT5G05260,-0.0025554576
AT5G05270,-0.1874782
AT5G05280,-0.0009940165
AT5G05285,0.0
AT5G05290,-0.00022195537
AT5G05300,0.9364678
AT5G05310,-0.03892357
AT5G05320,-0.06303026
AT5G05330,-0.30843484
AT5G05340,3.1848087
AT5G05350,0.16149348
AT5G05360,0.15824188
AT5G05365,-0.24047326
AT5G05370,0.7496156
AT5G05380,0.58539253
AT5G05390,0.6998839
AT5G05400,-0.2950509
AT5G05410,1.6185364
AT5G05420,-0.13421915
AT5G05430,-0.080730364
AT5G05440,0.097519524
AT5G05450,-0.19716305
AT5G05460,0.38205537
AT5G05470,0.027239164
AT5G05480,0.039064366
AT5G05490,0.023706136
AT5G05500,-0.009923574
AT5G05510,-0.19731343
AT5G05520,0.19181192
AT5G05530,0.20307639
AT5G05540,-0.17263772
AT5G05550,-0.17995049
AT5G05560,0.038991243
AT5G05570,-0.023458516
AT5G05580,-0.32597923
AT5G05590,0.2700317
AT5G05598,0.0
AT5G05600,0.7351699
AT5G05610,-0.12465406
AT5G05620,-0.37266046
AT5G05630,0.06997739
AT5G05635,-0.0010638835
AT5G05640,0.09660569
AT5G05650,0.0
AT5G05653,-0.005797373
AT5G05657,0.0
AT5G05660,0.07682032
AT5G05670,0.08206714
AT5G05675,0.0024431348
AT5G05680,-0.015183363
AT5G05690,-0.14640662
AT5G05700,-0.005177227
AT5G05710,0.12840772
AT5G05720,0.0005369899
AT5G05730,1.8584485
AT5G05735,0.007822245
AT5G05740,-0.39421925
AT5G05750,0.13643439
AT5G05760,0.0003767863
AT5G05770,0.015219566
AT5G05780,0.22753674
AT5G05790,-0.4278787
AT5G05800,-0.21364368
AT5G05810,-0.20526586
AT5G05820,0.01870009
AT5G05825,0.0
AT5G05830,-0.4993667
AT5G05840,-0.14455219
AT5G05850,0.55331016
AT5G05860,0.26674026
AT5G05870,-0.07498985
AT5G05880,0.039026756
AT5G05890,-0.34328282
AT5G05900,-0.001019973
AT5G05910,0.0
AT5G05920,0.002310394
AT5G05930,0.23051761
AT5G05940,-0.49625465
AT5G05950,0.070308484
AT5G05960,-0.79663944
AT5G05965,-0.11400487
AT5G05970,-0.42383438
AT5G05980,-0.13305627
AT5G05987,0.356055
AT5G05990,-0.192793
AT5G06000,-0.118269764
AT5G06010,0.0
AT5G06020,0.0
AT5G06030,0.0
AT5G06040,0.0
AT5G06043,0.0
AT5G06050,-0.22448653
AT5G06060,-0.26880446
AT5G06070,-0.00043754544
AT5G06080,0.0012746986
AT5G06090,1.1784804
AT5G06100,-0.012887824
AT5G06110,0.03752003
AT5G06120,-0.0010091946
AT5G06130,-0.103209995
AT5G06140,0.019985668
AT5G06150,-0.07052615
AT5G06160,-0.0880603
AT5G06170,0.0037484998
AT5G06180,-0.21065941
AT5G06190,0.124245845
AT5G06200,-0.09385898
AT5G06210,-0.0043384777
AT5G06220,-0.21994483
AT5G06230,1.3442295
AT5G06240,0.15950373
AT5G06250,-0.025761593
AT5G06260,0.09477149
AT5G06265,-0.40100998
AT5G06270,-0.48824587
AT5G06280,-0.046674352
AT5G06290,-0.17739049
AT5G06300,-0.12853456
AT5G06310,-0.07134431
AT5G06320,1.333618
AT5G06330,-0.039236918
AT5G06340,-0.14044976
AT5G06350,-0.1714181
AT5G06360,0.11433507
AT5G06370,0.3919575
AT5G06380,-0.04465329
AT5G06390,-0.4753558
AT5G06400,-0.26314008
AT5G06410,0.07020439
AT5G06420,0.12698437
AT5G06430,0.011082047
AT5G06440,-0.21103008
AT5G06450,0.33293197
AT5G06460,-0.107116766
AT5G06470,-0.3489889
AT5G06480,-0.062950894
AT5G06490,0.081249796
AT5G06500,0.05175824
AT5G06510,-0.83527803
AT5G06520,0.04701324
AT5G06530,0.08812585
AT5G06540,-0.26842666
AT5G06550,0.02121661
AT5G06560,-0.0035835914
AT5G06570,0.16457348
AT5G06580,0.04356876
AT5G06590,0.013872272
AT5G06600,0.14001326
AT5G06610,-0.23155992
AT5G06620,-0.06818649
AT5G06630,-0.013666568
AT5G06640,-0.01527002
AT5G06645,0.0
AT5G06650,-0.0006788042
AT5G06660,0.30083597
AT5G06670,-0.6826921
AT5G06680,-0.22232436
AT5G06690,-0.27300757
AT5G06700,-0.2747767
AT5G06710,-0.30312246
AT5G06720,0.21916182
AT5G06730,0.6348587
AT5G06740,0.6763227
AT5G06750,0.51281387
AT5G06755,0.014773229
AT5G06760,1.3777794
AT5G06770,-0.14049605
AT5G06780,0.061387587
AT5G06790,-0.7630188
AT5G06800,-0.332621
AT5G06810,0.30357578
AT5G06811,-0.00887442
AT5G06820,-0.010146117
AT5G06830,-0.042630345
AT5G06839,0.478553
AT5G06850,-0.32851034
AT5G06860,1.2168304
AT5G06870,0.3082732
AT5G06890,-0.00032352933
AT5G06900,-0.00056080334
AT5G06905,-0.00011407898
AT5G06910,-0.049260695
AT5G06920,0.0
AT5G06930,-0.5255636
AT5G06940,-0.018594557
AT5G06950,-0.22332941
AT5G06960,0.16695449
AT5G06970,-0.08261721
AT5G06980,-0.2951237
AT5G06990,-0.012167968
AT5G07000,-0.45160258
AT5G07010,1.8659205
AT5G07020,-0.33559445
AT5G07030,-0.42682523
AT5G07040,-0.0035416395
AT5G07050,0.0
AT5G07060,-0.104649164
AT5G07070,0.0006810197
AT5G07080,0.3786384
AT5G07090,-0.15738507
AT5G07100,0.010779717
AT5G07110,-0.10132032
AT5G07120,0.018467432
AT5G07130,0.20286892
AT5G07140,-0.35163006
AT5G07150,0.13387409
AT5G07160,0.0
AT5G07165,0.008870093
AT5G07170,0.0005872006
AT5G07175,0.0
AT5G07180,-0.41109303
AT5G07190,-0.0009940165
AT5G07200,0.078706026
AT5G07210,0.016803354
AT5G07220,-0.053866412
AT5G07225,0.0
AT5G07230,-8.367265e-05
AT5G07240,-0.17936248
AT5G07250,-0.40062127
AT5G07260,0.04752814
AT5G07270,0.09178671
AT5G07280,0.34248227
AT5G07290,0.107066415
AT5G07300,0.06092225
AT5G07310,0.8648822
AT5G07320,-0.20322509
AT5G07330,0.004109165
AT5G07340,0.03996951
AT5G07350,0.30579177
AT5G07360,0.11670054
AT5G07370,0.14197251
AT5G07380,-0.0451663
AT5G07390,0.047402047
AT5G07400,0.110109985
AT5G07410,0.00059282995
AT5G07420,0.0
AT5G07430,0.06364242
AT5G07440,2.3478286
AT5G07450,0.0005417253
AT5G07460,-0.34625113
AT5G07470,0.26722202
AT5G07475,0.25154713
AT5G07480,0.016888529
AT5G07490,0.00019971356
AT5G07500,0.06869579
AT5G07510,0.013592205
AT5G07520,-0.042532817
AT5G07530,0.00028389072
AT5G07540,0.0
AT5G07545,0.0
AT5G07550,0.063289344
AT5G07560,-0.01933435
AT5G07570,0.014423616
AT5G07571,-0.09838085
AT5G07572,0.0017466855
AT5G07580,-0.73885494
AT5G07590,-0.40659308
AT5G07600,0.005470869
AT5G07610,0.17208554
AT5G07620,-0.15606298
AT5G07630,-0.19077995
AT5G07640,-0.049985293
AT5G07645,0.0
AT5G07650,0.41354415
AT5G07660,-0.08975306
AT5G07670,-0.3005401
AT5G07680,0.2836713
AT5G07690,-1.5124631
AT5G07700,-0.61587214
AT5G07710,-0.15447228
AT5G07720,-0.0954895
AT5G07730,0.73599523
AT5G07740,0.1808972
AT5G07760,0.007965558
AT5G07765,0.0
AT5G07770,0.18696865
AT5G07780,0.25120178
AT5G07790,-0.2223106
AT5G07800,-0.0718768
AT5G07810,-0.19234015
AT5G07820,-0.40589342
AT5G07830,-0.22168173
AT5G07840,-0.18470295
AT5G07850,0.0
AT5G07860,-0.23188297
AT5G07870,-0.096477605
AT5G07880,-0.13028276
AT5G07890,-0.14521112
AT5G07900,-0.19883823
AT5G07910,0.24343249
AT5G07920,0.07862243
AT5G07930,0.0
AT5G07940,0.086721234
AT5G07950,0.15211916
AT5G07960,0.22448622
AT5G07970,0.06397715
AT5G07980,-0.04412052
AT5G07990,-0.37818322
AT5G08000,0.040965926
AT5G08005,0.001104848
AT5G08010,-0.2442338
AT5G08020,-0.02413082
AT5G08030,-0.02190197
AT5G08040,-0.18648876
AT5G08050,-0.47417215
AT5G08055,0.0005124204
AT5G08060,0.31009877
AT5G08070,-0.4046938
AT5G08080,-0.09930746
AT5G08090,0.0005073407
AT5G08100,-0.081925206
AT5G08110,-0.16515115
AT5G08120,-0.36449325
AT5G08130,-0.2403405
AT5G08139,-0.009087444
AT5G08141,-0.019865643
AT5G08150,0.32807222
AT5G08160,0.39406693
AT5G08170,-0.0722608
AT5G08180,0.22951952
AT5G08190,-0.09932255
AT5G08200,0.18295862
AT5G08230,-0.23333752
AT5G08240,0.7565574
AT5G08250,0.16763069
AT5G08260,-0.7621859
AT5G08270,-0.48726565
AT5G08280,-0.088360064
AT5G08290,0.08749156
AT5G08300,0.4966006
AT5G08305,0.039253425
AT5G08310,0.06977997
AT5G08315,0.0
AT5G08320,0.13638116
AT5G08330,-0.22909495
AT5G08335,0.062260684
AT5G08340,-0.16475776
AT5G08350,0.37360713
AT5G08360,0.2902851
AT5G08370,-0.5351661
AT5G08380,0.39144227
AT5G08390,-0.13013175
AT5G08391,-0.05871002
AT5G08400,-0.29758963
AT5G08410,0.074943565
AT5G08415,-0.23887545
AT5G08420,-0.2159816
AT5G08430,-0.36834618
AT5G08440,-0.20655708
AT5G08450,-0.07354786
AT5G08460,-0.0005573991
AT5G08470,-0.027035026
AT5G08480,-0.0036703015
AT5G08490,-0.22252943
AT5G08500,-0.09804147
AT5G08505,0.0
AT5G08510,0.043946147
AT5G08520,-0.2270336
AT5G08530,0.11387809
AT5G08535,0.08876128
AT5G08540,0.025386404
AT5G08550,0.06380278
AT5G08560,0.106700614
AT5G08565,0.46118146
AT5G08570,0.15116544
AT5G08580,-0.17543516
AT5G08590,-0.19382708
AT5G08600,-0.512004
AT5G08610,-0.056097258
AT5G08620,-0.018484397
AT5G08630,0.03278634
AT5G08640,0.064320415
AT5G08650,-0.41189125
AT5G08660,0.3889504
AT5G08670,0.22410417
AT5G08680,0.27953753
AT5G08690,0.2614629
AT5G08695,0.0
AT5G08710,-0.088630006
AT5G08720,-0.5880975
AT5G08730,0.030125258
AT5G08740,-0.040244237
AT5G08750,0.40905717
AT5G08760,-0.1392059
AT5G08770,0.1335376
AT5G08780,-0.41593927
AT5G08790,1.3222436
AT5G09210,0.034020163
AT5G09220,0.18287599
AT5G09225,0.14379981
AT5G09230,0.02151954
AT5G09240,-0.47493517
AT5G09250,0.20471443
AT5G09260,0.09222313
AT5G09270,0.28900722
AT5G09280,0.002333109
AT5G09290,0.70599216
AT5G09300,0.113330424
AT5G09310,0.2181256
AT5G09320,0.008731649
AT5G09330,0.32485294
AT5G09340,0.0
AT5G09350,0.028164303
AT5G09360,-0.0008867195
AT5G09370,0.107125774
AT5G09380,-0.03052164
AT5G09390,0.058663446
AT5G09400,0.10146211
AT5G09410,-0.13847375
AT5G09420,0.3714296
AT5G09430,0.18165231
AT5G09440,0.95504
AT5G09445,-0.040554777
AT5G09450,0.06014434
AT5G09460,-0.4377086
AT5G09470,0.552307
AT5G09480,0.23195066
AT5G09490,0.0033802919
AT5G09500,0.022811305
AT5G09510,0.23257403
AT5G09520,0.9760755
AT5G09530,2.4840286
AT5G09540,-0.2078678
AT5G09550,0.0
AT5G09560,0.0
AT5G09570,0.088245615
AT5G09580,-0.05911186
AT5G09590,0.25495064
AT5G09600,0.24851367
AT5G09610,0.0990344
AT5G09620,0.4737854
AT5G09630,0.123581715
AT5G09640,0.003075952
AT5G09650,0.057822403
AT5G09660,-0.7737755
AT5G09670,-0.21020368
AT5G09680,0.13623793
AT5G09690,0.032877367
AT5G09700,0.00042410567
AT5G09710,0.0
AT5G09711,3.1391737e-05
AT5G09720,0.057071302
AT5G09730,-0.2855496
AT5G09740,-0.20711552
AT5G09750,-0.029267473
AT5G09760,-0.3152332
AT5G09770,-0.16365525
AT5G09780,-0.00079009554
AT5G09790,0.2049102
AT5G09800,0.60180175
AT5G09805,-0.41202784
AT5G09810,0.024000365
AT5G09820,-0.74114054
AT5G09830,0.04132253
AT5G09840,-0.17084849
AT5G09850,-0.15397437
AT5G09860,-0.28156435
AT5G09870,-0.10786548
AT5G09876,0.23321804
AT5G09880,-0.032818284
AT5G09890,0.2078238
AT5G09900,0.19945474
AT5G09910,-0.013371742
AT5G09920,-0.01944928
AT5G09930,0.4005362
AT5G09940,0.006766254
AT5G09950,-0.16677591
AT5G09960,-0.27367774
AT5G09970,0.12912574
AT5G09976,-0.21044503
AT5G09978,0.018000832
AT5G09980,-0.017537955
AT5G09990,-0.25975037
AT5G09995,-0.22471225
AT5G10000,0.0
AT5G10010,0.046784643
AT5G10020,-0.338212
AT5G10030,-0.087513894
AT5G10040,0.0005073407
AT5G10050,0.05211581
AT5G10060,-0.24880935
AT5G10070,0.026602266
AT5G10080,-0.33094934
AT5G10090,-0.07461169
AT5G10100,0.008890129
AT5G10110,0.0013456171
AT5G10120,0.046694603
AT5G10130,-0.011609007
AT5G10140,-1.149549
AT5G10150,-0.3715737
AT5G10160,-0.06025974
AT5G10170,-1.4232585
AT5G10180,-0.6310763
AT5G10190,0.1520743
AT5G10200,-0.058085408
AT5G10210,-0.0164799
AT5G10220,0.0003244948
AT5G10230,-0.070503466
AT5G10240,-0.27800322
AT5G10250,-0.40301058
AT5G10260,0.09431204
AT5G10270,0.0005646412
AT5G10280,0.11688657
AT5G10290,-0.09391529
AT5G10300,0.86564744
AT5G10310,-0.2623676
AT5G10320,-0.30923933
AT5G10330,-0.20417532
AT5G10336,-0.13428177
AT5G10340,-0.0008205696
AT5G10350,-0.085392416
AT5G10360,0.015146986
AT5G10370,-0.13646497
AT5G10380,0.46824354
AT5G10410,-0.0047188597
AT5G10420,-0.0015166104
AT5G10430,-0.31648073
AT5G10435,4.757797e-05
AT5G10440,-0.008937279
AT5G10450,0.08404189
AT5G10460,0.06360808
AT5G10470,-0.49223456
AT5G10480,-0.033007905
AT5G10490,0.12597838
AT5G10500,-0.0017235464
AT5G10510,-0.30849415
AT5G10520,0.40101406
AT5G10530,-0.17058182
AT5G10540,-0.17867534
AT5G10550,-0.06631434
AT5G10560,-0.38457215
AT5G10570,-0.77230686
AT5G10580,0.01572022
AT5G10590,0.0
AT5G10600,0.16934237
AT5G10605,-0.57316
AT5G10610,0.26304
AT5G10620,-0.28900576
AT5G10625,1.737607
AT5G10650,0.25185844
AT5G10660,0.017105324
AT5G10680,-0.0019065981
AT5G10690,-0.34818444
AT5G10695,0.7001561
AT5G10700,0.21478526
AT5G10710,0.07233438
AT5G10720,-0.041530102
AT5G10730,0.24261518
AT5G10740,0.15110767
AT5G10745,-0.041684385
AT5G10750,0.17484953
AT5G10760,0.057544213
AT5G10770,-0.3876384
AT5G10780,0.20469771
AT5G10790,0.19782394
AT5G10800,-0.35866463
AT5G10810,-0.0037044822
AT5G10820,0.15745954
AT5G10830,0.10618986
AT5G10840,0.4207589
AT5G10860,0.19662404
AT5G10870,-0.123802625
AT5G10880,0.03439025
AT5G10890,0.029639928
AT5G10900,0.095214136
AT5G10910,-0.045534134
AT5G10920,0.02623186
AT5G10930,-0.47248015
AT5G10940,-0.03891191
AT5G10946,-0.011339825
AT5G10950,-0.18488626
AT5G10960,0.047460757
AT5G10970,-0.14206925
AT5G10990,0.018287944
AT5G11000,-0.057940885
AT5G11010,0.055376943
AT5G11020,-0.28478464
AT5G11030,0.081725396
AT5G11040,0.14291207
AT5G11050,0.00010180486
AT5G11060,-0.033888124
AT5G11070,-0.40984714
AT5G11080,-0.0011016275
AT5G11090,0.38750392
AT5G11100,-0.32905495
AT5G11110,0.17770046
AT5G11130,0.001548194
AT5G11140,0.17810379
AT5G11150,0.029042885
AT5G11160,-0.03361508
AT5G11170,0.14772433
AT5G11180,0.0005569795
AT5G11190,0.20212895
AT5G11200,0.15182425
AT5G11210,2.3057275
AT5G11220,-0.00016815645
AT5G11230,0.32061452
AT5G11240,0.069361314
AT5G11250,-0.102191456
AT5G11260,0.4848692
AT5G11270,-0.15676336
AT5G11280,0.072007716
AT5G11290,0.23019934
AT5G11300,-0.051570248
AT5G11310,-0.01635532
AT5G11320,0.08920183
AT5G11330,-0.25095916
AT5G11340,0.13592432
AT5G11350,-0.15305322
AT5G11360,0.0019520802
AT5G11370,0.0
AT5G11380,-0.20343128
AT5G11390,0.03477037
AT5G11400,0.0016903296
AT5G11410,-0.23695101
AT5G11412,-0.16905959
AT5G11416,0.105113275
AT5G11420,-0.70767623
AT5G11425,0.0
AT5G11430,-0.0070254803
AT5G11440,0.045244925
AT5G11450,-0.028732479
AT5G11460,-0.4184204
AT5G11470,-0.40366474
AT5G11480,-0.21918541
AT5G11490,0.0284516
AT5G11500,0.015672393
AT5G11510,0.05825829
AT5G11520,1.6275336
AT5G11530,-0.048609763
AT5G11540,-0.10552249
AT5G11550,-0.6288
AT5G11560,0.16752474
AT5G11565,0.0
AT5G11570,0.0017851375
AT5G11580,-0.27846608
AT5G11590,-0.03793921
AT5G11600,-0.14066415
AT5G11610,-0.31425935
AT5G11620,-0.02242086
AT5G11630,0.19908378
AT5G11640,0.010531079
AT5G11650,0.6702517
AT5G11660,0.0
AT5G11670,0.266912
AT5G11680,0.28189135
AT5G11690,-0.07953137
AT5G11700,0.020352097
AT5G11710,-0.094854355
AT5G11720,-0.0703162
AT5G11730,0.18521625
AT5G11740,0.358055
AT5G11750,-0.20917566
AT5G11760,0.040586572
AT5G11770,0.41167504
AT5G11780,-0.122625954
AT5G11790,-0.5515559
AT5G11800,-0.091299556
AT5G11810,0.2578931
AT5G11820,0.000520485
AT5G11830,0.00014290567
AT5G11840,0.1070399
AT5G11850,0.025458882
AT5G11860,0.1637884
AT5G11870,0.14163926
AT5G11880,-0.09825737
AT5G11890,-0.4508343
AT5G11900,0.19046398
AT5G11910,0.07361347
AT5G11920,-0.32286566
AT5G11930,-0.24192229
AT5G11940,0.0
AT5G11950,0.21765074
AT5G11960,0.13187085
AT5G11970,0.20898032
AT5G11975,-0.0059438255
AT5G11980,0.07129175
AT5G11990,-0.087530285
AT5G12000,0.047157858
AT5G12010,0.69683814
AT5G12020,1.4130483
AT5G12030,1.2025098
AT5G12040,0.14726071
AT5G12043,-0.0005573991
AT5G12050,-0.62495583
AT5G12060,0.0
AT5G12070,0.0
AT5G12080,-0.48658544
AT5G12090,0.0
AT5G12100,-0.16733238
AT5G12110,-0.31196988
AT5G12120,-0.062351495
AT5G12130,0.026472425
AT5G12140,-0.2950589
AT5G12150,-0.44313824
AT5G12170,0.5647641
AT5G12180,0.031511035
AT5G12190,0.2778998
AT5G12200,-0.02762671
AT5G12210,0.109596916
AT5G12220,-0.024087073
AT5G12230,0.03830075
AT5G12235,-0.09412563
AT5G12236,-0.0017488209
AT5G12240,-0.0023932497
AT5G12250,-0.4714489
AT5G12260,-0.13530274
AT5G12270,0.0107124755
AT5G12280,0.0456386
AT5G12290,0.1065978
AT5G12300,0.4351154
AT5G12310,0.08181997
AT5G12320,-0.13096987
AT5G12330,0.18802516
AT5G12340,2.4958196
AT5G12350,0.018507263
AT5G12360,-0.033370346
AT5G12365,0.0
AT5G12370,-0.030256357
AT5G12380,0.009712907
AT5G12390,0.19010705
AT5G12400,0.108435966
AT5G12410,-0.16741404
AT5G12420,0.113911904
AT5G12430,0.000286414
AT5G12440,-0.49049643
AT5G12450,-0.0024683923
AT5G12460,0.0006502464
AT5G12470,-0.31644678
AT5G12480,0.046740096
AT5G12840,-0.17413041
AT5G12850,-0.021555444
AT5G12860,0.08484874
AT5G12870,0.0016288817
AT5G12880,0.502682
AT5G12890,0.19711559
AT5G12900,-0.55437833
AT5G12910,0.0
AT5G12920,-0.0044476064
AT5G12930,1.7436922
AT5G12940,-0.95504636
AT5G12950,-0.44902766
AT5G12960,0.018527271
AT5G12970,0.05531552
AT5G12980,0.036495123
AT5G12990,0.0
AT5G13000,-0.4858042
AT5G13010,0.009197123
AT5G13020,0.069886595
AT5G13030,0.2672327
AT5G13050,0.029252207
AT5G13060,-0.10443532
AT5G13070,0.13029574
AT5G13080,2.467933
AT5G13090,-0.42339438
AT5G13100,-0.29967144
AT5G13110,0.28718022
AT5G13120,-0.120094866
AT5G13130,0.0064441
AT5G13140,-0.7954295
AT5G13150,0.03853516
AT5G13160,0.19468258
AT5G13170,0.6399644
AT5G13180,0.2704235
AT5G13181,0.09785718
AT5G13190,0.76466006
AT5G13200,1.0151248
AT5G13210,0.35216054
AT5G13220,1.5073717
AT5G13230,-0.07925479
AT5G13240,-0.038147066
AT5G13250,-0.17927437
AT5G13260,-0.07721812
AT5G13270,-0.13544314
AT5G13280,0.24083073
AT5G13290,-0.39716962
AT5G13295,-0.0007493598
AT5G13300,-0.2643314
AT5G13310,0.14304022
AT5G13320,2.4708858
AT5G13330,1.7876397
AT5G13340,-0.15160805
AT5G13350,0.0017980511
AT5G13360,-0.042195156
AT5G13370,0.9891617
AT5G13380,3.6304486e-05
AT5G13390,0.105495825
AT5G13400,-0.0022808698
AT5G13410,-0.23101296
AT5G13420,0.80262053
AT5G13430,0.52397007
AT5G13440,0.335507
AT5G13450,0.22568224
AT5G13460,-0.6071764
AT5G13470,-0.06586554
AT5G13480,-0.06584175
AT5G13490,2.1566207
AT5G13500,0.3904492
AT5G13510,-0.28988507
AT5G13520,-0.2825624
AT5G13530,0.011383635
AT5G13550,0.59242845
AT5G13560,0.06504893
AT5G13565,0.0022461794
AT5G13570,-0.11944159
AT5G13580,1.2312133
AT5G13590,-0.074022375
AT5G13600,0.021010306
AT5G13610,0.016044125
AT5G13620,0.0005073407
AT5G13630,-0.41207576
AT5G13640,-0.18485744
AT5G13650,-0.25115696
AT5G13660,-0.39994952
AT5G13670,0.0
AT5G13680,0.06228981
AT5G13690,-0.3652638
AT5G13700,0.98015815
AT5G13710,-0.08519964
AT5G13720,0.021140335
AT5G13730,-0.56221604
AT5G13740,-0.13844542
AT5G13750,1.1645939
AT5G13760,0.23394984
AT5G13770,-0.67321783
AT5G13780,0.15022086
AT5G13790,0.0033191084
AT5G13800,0.31315765
AT5G13810,0.29107428
AT5G13820,1.4007236
AT5G13825,0.0
AT5G13830,-0.0120107075
AT5G13840,-0.15397158
AT5G13850,0.08769128
AT5G13860,0.5633751
AT5G13870,-0.12380995
AT5G13880,0.15561214
AT5G13890,0.08970109
AT5G13900,0.39633507
AT5G13910,-0.00021251944
AT5G13920,-0.44526052
AT5G13930,-0.394056
AT5G13940,-0.011478475
AT5G13950,-0.16159734
AT5G13960,-0.21709341
AT5G13970,-0.0024700772
AT5G13980,-0.316618
AT5G13990,-0.010063835
AT5G14000,0.09991113
AT5G14010,0.0005569795
AT5G14020,0.0034132448
AT5G14030,0.32209814
AT5G14040,0.34839293
AT5G14050,0.027759802
AT5G14060,-0.44908908
AT5G14070,-0.20692967
AT5G14080,-0.081958935
AT5G14090,-0.5170316
AT5G14100,-0.34194893
AT5G14105,0.12551174
AT5G14110,0.005244634
AT5G14120,0.16250172
AT5G14130,0.11034673
AT5G14140,-0.052492846
AT5G14150,0.00024757124
AT5G14160,0.01696702
AT5G14170,0.07028229
AT5G14180,0.9080784
AT5G14200,-0.709389
AT5G14210,-0.46959263
AT5G14220,-0.17940459
AT5G14230,-0.18726586
AT5G14240,0.07502017
AT5G14250,0.05177351
AT5G14260,-0.22331358
AT5G14270,0.10497011
AT5G14275,0.0
AT5G14280,-0.054304175
AT5G14285,0.1612371
AT5G14290,-0.00018958625
AT5G14300,0.0005569795
AT5G14310,0.32928294
AT5G14320,-0.25444722
AT5G14330,0.058622893
AT5G14340,-0.0032421623
AT5G14345,0.0
AT5G14360,-0.42772952
AT5G14370,-0.3467787
AT5G14380,0.010401662
AT5G14390,-0.068294704
AT5G14400,-0.041990392
AT5G14410,-0.1462811
AT5G14420,0.6555855
AT5G14430,-0.2108346
AT5G14440,-0.1576521
AT5G14450,-0.16852093
AT5G14460,-0.14590399
AT5G14470,1.3278822
AT5G14480,0.30569053
AT5G14490,-0.040875845
AT5G14500,-0.03664626
AT5G14510,-0.07770059
AT5G14515,-0.00783601
AT5G14520,-0.051107645
AT5G14530,-0.06885729
AT5G14540,0.2076634
AT5G14550,-0.005614104
AT5G14560,0.0
AT5G14570,0.066369385
AT5G14580,-0.12179407
AT5G14590,0.1462858
AT5G14600,0.08371821
AT5G14602,0.06859187
AT5G14610,-0.5050183
AT5G14620,-0.18179366
AT5G14640,0.6061223
AT5G14650,0.7316685
AT5G14660,-0.34972548
AT5G14670,0.04701463
AT5G14680,0.004680452
AT5G14690,-0.06601779
AT5G14700,0.63435036
AT5G14710,-0.09201702
AT5G14720,-0.10998511
AT5G14730,0.33334327
AT5G14740,-0.82499677
AT5G14750,-0.07809016
AT5G14760,0.23085247
AT5G14770,-0.0694228
AT5G14780,0.61687446
AT5G14790,0.09432053
AT5G14800,0.26308763
AT5G14820,-0.33730662
AT5G14850,-0.18482557
AT5G14860,0.123226024
AT5G14870,0.0623773
AT5G14880,-0.2539946
AT5G14890,0.02793759
AT5G14895,0.041744262
AT5G14900,0.019625664
AT5G14910,-0.18909726
AT5G14920,-0.06685093
AT5G14930,0.18998446
AT5G14940,-0.1804897
AT5G14950,0.052635588
AT5G14960,0.22353281
AT5G14970,-0.36121044
AT5G14980,0.0003899595
AT5G14990,0.0005569795
AT5G14995,0.0
AT5G15000,0.0
AT5G15008,0.0
AT5G15010,-0.22281808
AT5G15020,-0.088355124
AT5G15025,-0.065884925
AT5G15030,-0.0014399214
AT5G15040,0.0
AT5G15050,-0.27585238
AT5G15060,0.0
AT5G15070,-0.36915278
AT5G15080,0.049165968
AT5G15090,0.35325873
AT5G15100,0.00014290567
AT5G15110,0.0
AT5G15120,-0.20487277
AT5G15130,1.0145754
AT5G15140,-0.083239205
AT5G15150,-0.33134884
AT5G15160,-0.6540855
AT5G15170,-0.26334554
AT5G15180,0.054184914
AT5G15190,0.5275904
AT5G15200,0.15685447
AT5G15210,-0.3596177
AT5G15220,-0.10441365
AT5G15230,-0.93217343
AT5G15240,0.5668528
AT5G15250,0.19891101
AT5G15260,0.3226039
AT5G15265,0.18581684
AT5G15270,-0.16043392
AT5G15280,-0.19691044
AT5G15290,-0.008908921
AT5G15300,-0.06939039
AT5G15310,-0.41406304
AT5G15320,0.12300193
AT5G15330,-0.16773212
AT5G15340,-0.13693313
AT5G15350,0.2276486
AT5G15360,0.0
AT5G15380,0.025784697
AT5G15390,-0.25994143
AT5G15400,0.14725843
AT5G15410,0.14872871
AT5G15420,-0.05680992
AT5G15430,0.007949067
AT5G15440,-0.016169704
AT5G15450,-0.11424883
AT5G15460,-0.14297315
AT5G15470,0.41866243
AT5G15480,0.027924899
AT5G15490,0.8193468
AT5G15500,-0.5826372
AT5G15510,-0.13650529
AT5G15520,-0.14579332
AT5G15530,0.010329816
AT5G15533,0.0
AT5G15537,-0.04073583
AT5G15540,-0.009199675
AT5G15550,0.23142155
AT5G15560,0.0
AT5G15570,-0.08464325
AT5G15580,-0.68993956
AT5G15581,0.00387271
AT5G15600,-0.1597207
AT5G15610,-0.00038176385
AT5G15620,0.0045928275
AT5G15630,0.27622864
AT5G15640,1.2272388
AT5G15650,1.0009935
AT5G15660,0.5014576
AT5G15670,0.00036739322
AT5G15680,-0.020582601
AT5G15685,0.0
AT5G15690,0.0
AT5G15700,0.026753545
AT5G15710,0.033967774
AT5G15720,0.0020782598
AT5G15725,-0.0005573991
AT5G15730,0.35715735
AT5G15740,-0.406468
AT5G15745,-0.0030849527
AT5G15750,0.050195616
AT5G15760,0.11858308
AT5G15770,-0.15057454
AT5G15780,-0.75024027
AT5G15790,-0.61218333
AT5G15800,-0.27654362
AT5G15802,0.20887378
AT5G15810,-0.016403107
AT5G15820,-0.026257012
AT5G15830,-0.35233
AT5G15840,-0.14271884
AT5G15843,-0.00070978387
AT5G15850,-0.005717947
AT5G15853,0.0909572
AT5G15860,-0.055196438
AT5G15870,0.7142283
AT5G15880,-0.011593742
AT5G15890,0.015518397
AT5G15900,-0.24479896
AT5G15910,-0.04347896
AT5G15920,-0.23298244
AT5G15930,-0.09244632
AT5G15940,0.15185273
AT5G15950,-0.19782574
AT5G15960,0.06694036
AT5G15970,-0.10195616
AT5G15980,0.037240367
AT5G16000,-0.5336618
AT5G16010,0.3783142
AT5G16020,0.2570701
AT5G16023,-0.30308336
AT5G16030,-0.9121179
AT5G16040,-0.25814092
AT5G16050,0.12037505
AT5G16060,0.058959495
AT5G16070,-0.23386085
AT5G16080,1.5072455
AT5G16090,0.012241876
AT5G16100,4.3429653e-05
AT5G16110,-0.084255606
AT5G16120,0.33979505
AT5G16130,-0.0125287315
AT5G16140,-0.35399374
AT5G16150,0.16149107
AT5G16160,0.061110977
AT5G16170,0.5169539
AT5G16180,-0.40694407
AT5G16190,-0.49368393
AT5G16200,-0.009873177
AT5G16210,-0.03397094
AT5G16220,0.057617195
AT5G16230,0.052147955
AT5G16240,-0.6332245
AT5G16250,-0.199451
AT5G16260,-0.17771508
AT5G16270,-0.02382389
AT5G16280,-0.032762337
AT5G16285,0.0005073407
AT5G16290,-0.13479072
AT5G16300,0.15517722
AT5G16310,-0.28160506
AT5G16320,0.19072793
AT5G16330,0.008339444
AT5G16340,-0.18653992
AT5G16350,-0.214904
AT5G16360,1.8422223
AT5G16370,0.4980523
AT5G16380,0.19772002
AT5G16390,-0.3756936
AT5G16400,-0.37502196
AT5G16410,-0.1817175
AT5G16420,-0.17249109
AT5G16430,0.0
AT5G16440,0.25775963
AT5G16450,0.38623002
AT5G16453,0.0012507268
AT5G16460,0.015774257
AT5G16470,0.12898655
AT5G16480,-0.11211218
AT5G16486,0.00089241663
AT5G16490,-0.16044828
AT5G16500,0.0005569795
AT5G16510,0.45191446
AT5G16520,0.061361462
AT5G16530,-0.6167489
AT5G16540,-0.45438737
AT5G16550,0.08436065
AT5G16560,-0.22067821
AT5G16570,-0.3756867
AT5G16580,-0.0008555621
AT5G16590,-0.7760029
AT5G16600,-0.5001284
AT5G16610,-0.18065299
AT5G16620,-0.044242226
AT5G16630,0.055095606
AT5G16640,-0.1594663
AT5G16650,-0.026462708
AT5G16660,0.10154863
AT5G16680,0.121257566
AT5G16690,0.23403206
AT5G16700,0.00010415183
AT5G16710,-0.3523149
AT5G16715,-0.38261363
AT5G16720,-0.6667034
AT5G16730,-0.25399035
AT5G16740,-0.04171446
AT5G16750,0.021826169
AT5G16760,0.16758691
AT5G16770,0.036634836
AT5G16780,-0.17589132
AT5G16790,-0.5175769
AT5G16800,0.032911684
AT5G16810,-0.3692697
AT5G16820,-0.12123799
AT5G16830,0.37009838
AT5G16840,0.20152916
AT5G16850,0.05719782
AT5G16860,0.14158066
AT5G16870,-0.17854299
AT5G16880,0.2037321
AT5G16890,-0.26602516
AT5G16900,0.08840149
AT5G16910,0.90310097
AT5G16920,0.015632123
AT5G16930,0.05202537
AT5G16940,-0.23987727
AT5G16950,0.3284415
AT5G16960,1.5782114
AT5G16970,1.3624647
AT5G16980,1.5586777
AT5G16990,-0.25766048
AT5G17000,0.3060682
AT5G17010,0.07819914
AT5G17020,0.23247217
AT5G17030,0.0009875433
AT5G17040,-0.052476194
AT5G17050,-0.03182039
AT5G17060,0.22941227
AT5G17070,0.016450083
AT5G17080,0.0
AT5G17090,-0.023015074
AT5G17100,0.0
AT5G17110,0.0
AT5G17120,0.0
AT5G17130,0.0005073407
AT5G17140,0.0
AT5G17150,-0.13583429
AT5G17160,-0.34465045
AT5G17165,-0.0684899
AT5G17167,0.0
AT5G17170,-0.5002341
AT5G17180,0.0010643202
AT5G17190,0.4579472
AT5G17200,0.001548194
AT5G17210,0.3655438
AT5G17220,-0.14795588
AT5G17230,-0.50010854
AT5G17240,-0.2381003
AT5G17250,-0.040227715
AT5G17260,-0.16244888
AT5G17270,-0.018512309
AT5G17280,0.62355167
AT5G17290,0.026375301
AT5G17300,-0.2252143
AT5G17305,0.0
AT5G17310,-0.44204676
AT5G17320,0.0
AT5G17330,0.89249426
AT5G17340,0.0005569795
AT5G17345,0.0
AT5G17350,1.0653921
AT5G17360,0.079479806
AT5G17370,0.170653
AT5G17380,1.8156173
AT5G17390,1.4834768
AT5G17400,-0.0999412
AT5G17410,-0.25754437
AT5G17420,0.17261414
AT5G17430,0.023507204
AT5G17440,-0.139023
AT5G17450,0.046065863
AT5G17460,0.50557095
AT5G17470,0.0
AT5G17480,0.0
AT5G17490,0.0049600867
AT5G17500,0.00071344344
AT5G17510,-0.11242811
AT5G17520,-0.20964025
AT5G17522,0.0009820019
AT5G17523,0.0
AT5G17530,-0.06756521
AT5G17540,-0.013886889
AT5G17550,-0.02699596
AT5G17560,0.15252168
AT5G17570,-0.0057798144
AT5G17580,-0.43484956
AT5G17590,0.014090978
AT5G17600,-0.8328095
AT5G17610,0.15440267
AT5G17620,-0.22651444
AT5G17630,-0.1447443
AT5G17640,0.19187954
AT5G17650,1.266494
AT5G17660,-0.33692524
AT5G17670,-0.34638545
AT5G17680,0.0064941077
AT5G17690,-0.046360515
AT5G17700,-0.24079181
AT5G17710,-0.18004052
AT5G17720,0.0005073407
AT5G17730,0.0
AT5G17740,0.0
AT5G17750,0.00014290567
AT5G17760,0.7107324
AT5G17770,0.41058
AT5G17780,0.1875791
AT5G17790,-0.19996086
AT5G17800,-0.09098413
AT5G17810,-0.0014071433
AT5G17820,-0.013781942
AT5G17830,-0.21837756
AT5G17840,0.07659517
AT5G17847,0.000158791
AT5G17850,0.321835
AT5G17860,0.61210024
AT5G17870,-0.3042537
AT5G17880,0.048223592
AT5G17890,0.0019958788
AT5G17900,-0.18228668
AT5G17910,0.062347107
AT5G17920,-0.011553621
AT5G17930,-0.26297158
AT5G17950,0.0
AT5G17960,0.0
AT5G17970,0.0063638347
AT5G17980,-0.6458672
AT5G17990,1.2846442
AT5G18000,-0.049975116
AT5G18010,-0.30932724
AT5G18020,-0.7895308
AT5G18030,-0.4645765
AT5G18037,0.017847676
AT5G18040,-0.17225385
AT5G18050,-0.51275617
AT5G18060,-0.4299837
AT5G18065,-0.16416971
AT5G18070,0.51234293
AT5G18080,-0.7650299
AT5G18090,-0.016577419
AT5G18100,-0.25436276
AT5G18110,0.17895007
AT5G18120,-0.09492743
AT5G18130,0.17087276
AT5G18140,-0.22335497
AT5G18150,0.4705856
AT5G18160,0.0
AT5G18170,-0.10196519
AT5G18180,-0.12221142
AT5G18190,-0.057165455
AT5G18200,-0.050178498
AT5G18210,-0.075535625
AT5G18220,0.03904047
AT5G18230,-0.20131743
AT5G18240,-0.29092634
AT5G18250,-0.039708447
AT5G18260,-0.4087575
AT5G18270,1.3836731
AT5G18280,-0.0076391427
AT5G18290,0.08007029
AT5G18300,-0.03292848
AT5G18310,0.38455823
AT5G18320,0.05370411
AT5G18330,-0.026016304
AT5G18340,-0.5462922
AT5G18350,0.7386612
AT5G18360,-0.026661146
AT5G18370,0.06262647
AT5G18380,0.06081267
AT5G18390,-0.024549915
AT5G18400,0.54483634
AT5G18403,0.0
AT5G18404,-0.11756993
AT5G18407,-0.015781302
AT5G18410,-0.26553857
AT5G18420,0.11398896
AT5G18430,-0.18514423
AT5G18440,-0.22544399
AT5G18450,-0.0072524403
AT5G18460,-0.51741
AT5G18470,0.6903106
AT5G18475,-0.10045828
AT5G18480,0.5174153
AT5G18490,0.5159898
AT5G18500,0.040838044
AT5G18510,0.0376707
AT5G18520,0.1334429
AT5G18525,0.17137651
AT5G18540,0.020868165
AT5G18550,0.05774071
AT5G18560,0.004276825
AT5G18570,-0.4973726
AT5G18580,-0.08653676
AT5G18590,-0.21701853
AT5G18600,0.0040352424
AT5G18610,0.23514149
AT5G18620,-0.15270185
AT5G18630,0.13682793
AT5G18636,0.6349224
AT5G18640,0.009171579
AT5G18650,-0.1574111
AT5G18660,-0.8024895
AT5G18661,0.0901337
AT5G18670,0.043021083
AT5G18680,-0.08671707
AT5G18690,-0.7337324
AT5G18700,-0.446483
AT5G18705,0.0
AT5G18710,-0.105612725
AT5G18720,0.0022123433
AT5G18730,0.033532888
AT5G18735,-0.0016934436
AT5G18740,-0.16884245
AT5G18748,3.435518e-05
AT5G18750,0.12318941
AT5G18760,-0.024534147
AT5G18770,-0.20309988
AT5G18780,0.6826965
AT5G18800,0.3541501
AT5G18810,-0.06304801
AT5G18820,0.001444404
AT5G18830,0.0031192952
AT5G18840,-0.09878793
AT5G18850,0.13776557
AT5G18860,-0.2712753
AT5G18870,0.0
AT5G18880,3.6304486e-05
AT5G18890,0.003022454
AT5G18900,0.2572343
AT5G18910,-0.001403788
AT5G18920,-0.048235167
AT5G18930,-0.6404493
AT5G18933,0.0
AT5G18937,-0.0001261591
AT5G18940,0.09633361
AT5G18950,-0.03896876
AT5G18960,-0.14850621
AT5G18970,-0.29177377
AT5G18980,-0.061082974
AT5G18990,0.00050735066
AT5G19000,0.36528328
AT5G19010,-0.15650359
AT5G19020,-0.2291554
AT5G19025,0.069886416
AT5G19030,0.21451019
AT5G19040,-0.021493966
AT5G19050,0.24130332
AT5G19060,-0.0516931
AT5G19070,0.08496463
AT5G19080,0.18348454
AT5G19090,-0.6504447
AT5G19100,-0.044908162
AT5G19110,0.2474362
AT5G19120,0.23115113
AT5G19130,-0.038534284
AT5G19140,-0.12345061
AT5G19150,0.10656113
AT5G19151,0.10122619
AT5G19160,-0.15456532
AT5G19170,-0.07147983
AT5G19172,0.0012296536
AT5G19175,0.0
AT5G19180,0.033405032
AT5G19190,-0.87263125
AT5G19200,0.07165714
AT5G19210,-0.35871243
AT5G19220,-0.65266454
AT5G19230,1.1760919
AT5G19240,0.49957278
AT5G19250,0.19819075
AT5G19260,-0.39272758
AT5G19270,-0.0002144907
AT5G19280,-0.05045269
AT5G19290,-0.21253096
AT5G19300,-0.068805546
AT5G19310,-0.12496937
AT5G19315,0.0
AT5G19320,0.060053885
AT5G19330,-0.030930208
AT5G19340,0.08115205
AT5G19350,0.071036056
AT5G19360,-0.014637511
AT5G19370,0.007027202
AT5G19380,0.022565445
AT5G19390,-0.35209244
AT5G19400,0.3049156
AT5G19410,0.39716175
AT5G19420,0.07664561
AT5G19430,-0.15819989
AT5G19440,1.2283136
AT5G19450,-0.030655015
AT5G19460,-0.28169346
AT5G19470,-0.30120412
AT5G19473,0.033241287
AT5G19480,-0.1413381
AT5G19485,0.22438362
AT5G19490,0.06299274
AT5G19500,-0.4377064
AT5G19510,0.037891433
AT5G19520,-0.19730514
AT5G19530,-0.5945168
AT5G19540,0.12018757
AT5G19550,0.57838607
AT5G19560,-0.0046753236
AT5G19570,-0.019128991
AT5G19580,-0.5390446
AT5G19590,0.04445097
AT5G19595,0.0006875748
AT5G19600,0.10846177
AT5G19610,0.0005824707
AT5G19620,-0.2519392
AT5G19630,0.025150312
AT5G19633,-4.249257e-05
AT5G19640,0.00015543403
AT5G19650,0.009394113
AT5G19660,-0.06698248
AT5G19670,-0.3641717
AT5G19675,-0.0018685837
AT5G19680,0.11354332
AT5G19690,0.15172236
AT5G19700,0.00029144736
AT5G19710,0.0
AT5G19720,0.0013322545
AT5G19730,-0.2551995
AT5G19740,-0.5653278
AT5G19750,0.27943063
AT5G19760,-0.11035669
AT5G19770,-0.21188596
AT5G19780,-0.15554829
AT5G19790,-0.008658452
AT5G19800,-0.0008493937
AT5G19810,-0.11287268
AT5G19820,0.07034117
AT5G19830,0.018955758
AT5G19840,-0.09094378
AT5G19850,0.081675135
AT5G19855,0.48794726
AT5G19860,0.25123388
AT5G19870,0.14116733
AT5G19875,-0.032984667
AT5G19880,0.7656092
AT5G19890,1.8765458
AT5G19900,-0.12869735
AT5G19910,-0.046333373
AT5G19920,-0.11204129
AT5G19930,0.26321998
AT5G19940,-0.3464069
AT5G19950,0.1809784
AT5G19960,0.15408397
AT5G19970,-0.11770834
AT5G19980,0.40135178
AT5G19990,0.07797115
AT5G20000,0.88479966
AT5G20010,0.36958164
AT5G20020,0.4777851
AT5G20030,-0.1284453
AT5G20040,-0.20614958
AT5G20045,-0.017756434
AT5G20050,0.42045468
AT5G20060,0.12847358
AT5G20070,-0.13718694
AT5G20080,0.14230119
AT5G20090,0.3030063
AT5G20100,0.0018841156
AT5G20110,-0.17193496
AT5G20120,0.13775776
AT5G20130,0.10805641
AT5G20140,-0.39695197
AT5G20150,0.46026543
AT5G20160,0.2536639
AT5G20165,0.18673502
AT5G20170,-0.1193307
AT5G20180,-0.0058341506
AT5G20190,-0.25028953
AT5G20200,-0.019031446
AT5G20220,-0.37184173
AT5G20230,2.3489075
AT5G20240,0.51920295
AT5G20250,0.40433496
AT5G20260,0.02166403
AT5G20270,-0.21572973
AT5G20280,0.040660944
AT5G20290,0.0080118505
AT5G20300,0.1493263
AT5G20310,0.0
AT5G20320,-0.12472637
AT5G20330,0.00013963881
AT5G20340,0.0
AT5G20350,0.09186871
AT5G20360,-0.14810053
AT5G20370,0.033309523
AT5G20380,0.16356096
AT5G20390,0.0
AT5G20400,-0.0030294876
AT5G20410,-0.354452
AT5G20420,-0.06344352
AT5G20430,0.00012044078
AT5G20440,0.0
AT5G20447,0.0
AT5G20450,-0.22041625
AT5G20460,0.0
AT5G20470,-0.0022743633
AT5G20480,0.7462558
AT5G20490,0.1699446
AT5G20500,0.20378096
AT5G20510,-0.17269188
AT5G20520,-0.06779818
AT5G20540,-0.37457266
AT5G20550,0.000733124
AT5G20560,0.00087255583
AT5G20570,0.34696314
AT5G20580,-0.15882294
AT5G20590,-0.11762865
AT5G20600,0.07456066
AT5G20610,0.11285059
AT5G20620,-0.012291953
AT5G20630,0.65804064
AT5G20635,-0.18850383
AT5G20640,-0.15674855
AT5G20650,0.22884798
AT5G20655,0.0
AT5G20670,-0.25766405
AT5G20680,0.1101449
AT5G20690,-0.011339739
AT5G20700,-0.38158822
AT5G20710,-0.1391192
AT5G20720,-0.058876988
AT5G20730,0.059543837
AT5G20740,-0.2836948
AT5G20790,0.15055323
AT5G20810,0.18971466
AT5G20820,-0.047613002
AT5G20830,2.1950076
AT5G20840,-0.099120915
AT5G20850,0.15678461
AT5G20860,0.17459896
AT5G20870,-0.05283859
AT5G20885,-0.49189642
AT5G20890,-0.01899213
AT5G20900,0.05952955
AT5G20910,0.6038315
AT5G20920,0.15412897
AT5G20930,-0.0645801
AT5G20935,-0.39172858
AT5G20940,1.4014175
AT5G20950,0.6262698
AT5G20960,1.1521314
AT5G20970,-0.41679534
AT5G20980,-0.09376452
AT5G20990,0.22654566
AT5G20995,0.00014193372
AT5G21010,0.022883648
AT5G21020,0.16669837
AT5G21030,0.081626154
AT5G21040,-0.043804113
AT5G21050,0.01963362
AT5G21060,-0.19788685
AT5G21070,0.027196398
AT5G21080,0.00587848
AT5G21090,0.29006782
AT5G21100,-0.64301544
AT5G21105,0.09619713
AT5G21120,0.0029973302
AT5G21125,0.0
AT5G21130,-0.0005573991
AT5G21140,0.15500724
AT5G21150,-0.057352114
AT5G21160,0.058641076
AT5G21170,0.026343836
AT5G21222,-0.48423305
AT5G21274,-0.0070693046
AT5G21280,-0.07902889
AT5G21326,-0.041906554
AT5G21430,-1.1474265
AT5G21482,-0.06912093
AT5G21900,0.3779118
AT5G21910,-0.052144684
AT5G21920,-0.25798243
AT5G21930,-0.30972722
AT5G21940,0.28380272
AT5G21950,-0.12066003
AT5G21960,0.23610888
AT5G21970,-0.19399175
AT5G21990,0.19129203
AT5G22000,0.21237023
AT5G22010,-0.15447302
AT5G22020,-0.0053444216
AT5G22030,0.110336535
AT5G22040,-0.15828596
AT5G22050,-0.17691638
AT5G22060,0.46608907
AT5G22070,-0.030023418
AT5G22080,-0.07321343
AT5G22090,-0.47731414
AT5G22100,0.09874171
AT5G22110,0.019645138
AT5G22120,0.30248013
AT5G22130,0.059217345
AT5G22140,0.410061
AT5G22145,0.0002041283
AT5G22150,-0.0016422899
AT5G22160,0.0
AT5G22170,0.0
AT5G22180,0.0
AT5G22190,0.00045150067
AT5G22200,0.116991445
AT5G22210,0.038769964
AT5G22220,0.077586934
AT5G22240,-0.08437334
AT5G22250,0.78132415
AT5G22260,-0.02636844
AT5G22270,0.40852505
AT5G22280,0.1878261
AT5G22290,-0.09559095
AT5G22300,2.0693593
AT5G22310,-0.3738507
AT5G22320,-0.22763345
AT5G22330,-0.10366668
AT5G22340,-0.19588597
AT5G22350,0.5383766
AT5G22355,-0.00371699
AT5G22360,0.31481704
AT5G22370,0.015237105
AT5G22380,0.057278335
AT5G22390,-0.59517336
AT5G22400,-0.09905334
AT5G22410,-0.004557732
AT5G22420,-0.0015448483
AT5G22430,0.00024616547
AT5G22440,0.023143886
AT5G22450,0.029936707
AT5G22460,-0.97068626
AT5G22470,-0.0010419382
AT5G22480,0.2923321
AT5G22490,0.0
AT5G22500,1.7116266
AT5G22505,0.0
AT5G22510,-0.13436729
AT5G22520,0.7235846
AT5G22530,0.5422977
AT5G22540,1.3121185
AT5G22545,0.78603476
AT5G22550,0.21376781
AT5G22555,0.0020759965
AT5G22560,0.011956795
AT5G22570,0.9841675
AT5G22580,-1.2711374
AT5G22590,0.0
AT5G22600,0.0
AT5G22608,0.09652265
AT5G22610,0.013733862
AT5G22620,-0.754869
AT5G22630,0.61252433
AT5G22640,-0.49897674
AT5G22650,-0.02382003
AT5G22660,0.016714647
AT5G22670,0.00037786187
AT5G22680,-0.03684671
AT5G22690,0.10696582
AT5G22700,-0.29040805
AT5G22720,0.001476839
AT5G22730,0.02523426
AT5G22740,-0.30105317
AT5G22750,-0.14039637
AT5G22760,-0.1699188
AT5G22765,1.8080697e-06
AT5G22770,0.17377798
AT5G22780,0.23605965
AT5G22785,0.0
AT5G22790,-0.013573201
AT5G22791,-0.0011062146
AT5G22794,-0.24626538
AT5G22796,-0.14821592
AT5G22799,-0.32483596
AT5G22800,-0.3035738
AT5G22810,0.00032752095
AT5G22820,-0.09390232
AT5G22830,-0.20131561
AT5G22840,-0.0498557
AT5G22850,0.31314886
AT5G22860,0.52190536
AT5G22870,-0.09992655
AT5G22875,-0.19190805
AT5G22880,-0.2148747
AT5G22890,-0.0058773546
AT5G22900,0.0
AT5G22910,0.0015357672
AT5G22920,-0.08795281
AT5G22930,-0.34576547
AT5G22940,-0.369398
AT5G22950,0.057334974
AT5G22960,0.0
AT5G22970,0.0
AT5G22980,0.0
AT5G22990,0.0
AT5G23000,0.61151564
AT5G23010,-0.83764446
AT5G23020,-0.82302094
AT5G23030,-0.00044260817
AT5G23035,0.0
AT5G23040,0.051973484
AT5G23050,0.2696629
AT5G23060,-0.88172895
AT5G23070,0.21645388
AT5G23080,-0.08915462
AT5G23090,-0.03768866
AT5G23100,-0.693514
AT5G23110,0.26109037
AT5G23120,-0.391018
AT5G23130,0.053936116
AT5G23140,0.23312594
AT5G23150,0.079707414
AT5G23160,0.39788193
AT5G23170,-0.36090532
AT5G23180,0.0
AT5G23190,0.9067978
AT5G23200,-0.12131802
AT5G23210,-0.19041568
AT5G23212,0.0
AT5G23220,0.0044982424
AT5G23230,0.2511053
AT5G23240,0.26998413
AT5G23250,-0.018661754
AT5G23260,0.0154289305
AT5G23270,-0.015292584
AT5G23280,-0.5887362
AT5G23290,0.00672935
AT5G23300,0.087385245
AT5G23310,-0.14311536
AT5G23320,-0.0807066
AT5G23330,0.020614527
AT5G23340,0.46365616
AT5G23350,-0.1223008
AT5G23360,-0.1195956
AT5G23370,-0.31091034
AT5G23380,-0.14693479
AT5G23390,0.027857432
AT5G23395,0.017931765
AT5G23400,-0.23898797
AT5G23405,-0.1446505
AT5G23411,0.0011992978
AT5G23420,-0.16282247
AT5G23430,-0.18174425
AT5G23440,-0.010468997
AT5G23450,-0.06259937
AT5G23460,-0.2213548
AT5G23470,0.009974798
AT5G23480,-0.32873484
AT5G23490,0.14134608
AT5G23510,0.24010159
AT5G23520,0.32788166
AT5G23530,0.120539814
AT5G23535,0.015343085
AT5G23540,0.49411756
AT5G23550,-0.08871094
AT5G23570,-0.36550608
AT5G23575,0.13825634
AT5G23580,-0.15087578
AT5G23590,-0.06017655
AT5G23600,-0.1612317
AT5G23610,0.06885784
AT5G23630,0.25670543
AT5G23650,0.0
AT5G23660,-0.02430299
AT5G23670,-0.13641645
AT5G23680,-0.17669532
AT5G23690,-0.091167666
AT5G23700,0.21591416
AT5G23710,0.10871652
AT5G23720,-0.07764735
AT5G23730,0.096657924
AT5G23740,0.058935367
AT5G23750,-0.6847734
AT5G23760,-0.32224205
AT5G23770,-0.5430187
AT5G23780,-0.08553586
AT5G23790,-0.0010741929
AT5G23800,-0.3811021
AT5G23810,-0.42901847
AT5G23820,0.09790934
AT5G23830,0.015183071
AT5G23840,0.0035371918
AT5G23850,0.33062738
AT5G23860,-0.61771286
AT5G23870,0.06886167
AT5G23880,-0.1607351
AT5G23890,-0.1473358
AT5G23900,-0.10762319
AT5G23903,0.0
AT5G23908,0.0
AT5G23910,-0.2528563
AT5G23920,-0.18912159
AT5G23930,-0.08103008
AT5G23940,0.39957535
AT5G23950,1.0041102
AT5G23960,0.0006546674
AT5G23970,0.0
AT5G23980,-0.05604377
AT5G23990,-0.10577587
AT5G24000,-0.31450558
AT5G24010,-0.19474709
AT5G24020,0.15925512
AT5G24030,1.5253781
AT5G24040,0.11044096
AT5G24050,0.0012696782
AT5G24060,-0.014701443
AT5G24070,0.014557361
AT5G24080,2.3871121
AT5G24090,0.58892596
AT5G24100,-0.008425682
AT5G24105,-0.30876186
AT5G24110,-0.22434776
AT5G24120,-0.33957514
AT5G24130,0.0018421727
AT5G24140,0.19043046
AT5G24150,0.7088901
AT5G24155,-0.24477102
AT5G24160,0.698519
AT5G24165,-0.20593424
AT5G24170,0.017684978
AT5G24180,0.005670094
AT5G24190,0.049606863
AT5G24200,1.8048482
AT5G24210,0.91514295
AT5G24215,0.0027386784
AT5G24220,-0.0008642894
AT5G24230,0.33587727
AT5G24240,0.20570415
AT5G24260,0.4058337
AT5G24270,0.20571505
AT5G24275,0.0026037327
AT5G24280,-0.35535055
AT5G24290,-0.21774185
AT5G24300,-0.40372407
AT5G24310,-0.37018073
AT5G24313,-0.0023956676
AT5G24314,-0.32745868
AT5G24316,0.04121425
AT5G24318,-0.08361026
AT5G24320,0.03349482
AT5G24330,0.002097266
AT5G24340,-0.13246715
AT5G24350,0.031988904
AT5G24352,0.21867831
AT5G24355,0.00044281385
AT5G24360,0.16307448
AT5G24370,-0.00041526355
AT5G24380,-0.21001591
AT5G24390,-0.25006324
AT5G24400,0.10302988
AT5G24410,-0.007604357
AT5G24420,-0.9804883
AT5G24430,0.71061534
AT5G24440,0.0
AT5G24450,0.042404637
AT5G24460,0.2098512
AT5G24470,0.2842585
AT5G24480,0.0
AT5G24490,-0.3638331
AT5G24500,0.19908193
AT5G24510,-0.06645136
AT5G24520,0.12411222
AT5G24530,0.7335414
AT5G24540,0.47797045
AT5G24550,0.0177499
AT5G24560,-0.0002937117
AT5G24570,0.39923123
AT5G24580,-1.1550243
AT5G24590,0.24638852
AT5G24600,0.5808828
AT5G24610,-0.000692753
AT5G24620,-0.24410933
AT5G24630,0.13343582
AT5G24640,0.511881
AT5G24650,0.12049202
AT5G24655,-0.032293517
AT5G24660,-0.4881396
AT5G24670,-0.088392854
AT5G24680,-0.115045026
AT5G24690,-0.050154265
AT5G24710,0.1351713
AT5G24740,0.059223063
AT5G24750,-0.23312758
AT5G24760,0.861852
AT5G24770,0.17248942
AT5G24780,0.40335265
AT5G24790,0.0001721654
AT5G24800,0.04804966
AT5G24810,0.3183362
AT5G24820,0.028552545
AT5G24830,-0.2162156
AT5G24840,-0.052838072
AT5G24850,-0.077672035
AT5G24860,0.5688539
AT5G24870,0.116061375
AT5G24879,0.0
AT5G24880,0.012846012
AT5G24890,-0.08008408
AT5G24900,-0.002777472
AT5G24910,0.6821738
AT5G24920,-0.29263753
AT5G24930,-0.1736038
AT5G24940,0.0030318792
AT5G24950,0.0
AT5G24960,-0.0095799565
AT5G24970,0.060716167
AT5G24980,0.39289358
AT5G24990,-0.2502529
AT5G25000,0.00014290567
AT5G25010,0.11992806
AT5G25020,0.035988573
AT5G25030,0.0
AT5G25040,-0.07650617
AT5G25050,0.43622068
AT5G25060,-0.00086207106
AT5G25070,-0.0065735746
AT5G25080,0.03966256
AT5G25090,-0.12770584
AT5G25100,-0.06535286
AT5G25110,-1.0178901
AT5G25120,-0.011751836
AT5G25130,0.40912303
AT5G25140,0.11493318
AT5G25150,-0.109858625
AT5G25160,0.030814547
AT5G25170,0.21361461
AT5G25180,0.4118451
AT5G25190,-0.59543437
AT5G25195,0.0
AT5G25200,-4.0330735e-05
AT5G25210,-0.2981579
AT5G25220,-0.08730598
AT5G25230,0.15802227
AT5G25240,-0.026538683
AT5G25250,1.5263792
AT5G25260,1.619402
AT5G25265,0.110580385
AT5G25270,0.02356615
AT5G25280,-0.06706972
AT5G25290,0.029131167
AT5G25300,0.0012072258
AT5G25310,-0.03704604
AT5G25320,0.028323589
AT5G25330,0.0026275006
AT5G25340,0.009639493
AT5G25350,0.48066533
AT5G25360,-0.04133986
AT5G25370,-0.3194767
AT5G25380,-0.12581389
AT5G25390,-0.23688234
AT5G25400,0.0005569795
AT5G25410,0.0
AT5G25415,-0.0013938448
AT5G25420,-0.0010717687
AT5G25425,0.0
AT5G25430,-0.00018958625
AT5G25440,0.5565958
AT5G25450,0.56694907
AT5G25460,-1.0177754
AT5G25470,-0.3691127
AT5G25475,-0.5331442
AT5G25480,0.04904384
AT5G25490,-0.1944724
AT5G25500,-0.07712385
AT5G25510,-0.003695794
AT5G25520,-0.08987251
AT5G25530,-0.02338062
AT5G25540,0.3360148
AT5G25550,-0.0021207926
AT5G25560,-0.06657713
AT5G25570,-0.027588906
AT5G25580,-0.24616335
AT5G25590,-0.52097327
AT5G25600,-0.0007411175
AT5G25610,0.13878028
AT5G25620,-0.39825076
AT5G25630,-0.38315395
AT5G25640,0.03219744
AT5G25750,0.0
AT5G25752,0.0
AT5G25754,0.06271511
AT5G25755,-0.20789681
AT5G25756,0.019880764
AT5G25760,0.041877832
AT5G25770,0.7630599
AT5G25780,-0.07756125
AT5G25790,-0.046706773
AT5G25800,-0.05960473
AT5G25810,-0.29628992
AT5G25820,0.6909135
AT5G25830,-0.3624389
AT5G25840,-0.37419772
AT5G25850,0.0
AT5G25860,0.0
AT5G25870,0.0
AT5G25880,0.07046794
AT5G25890,0.2894365
AT5G25900,0.07825173
AT5G25910,0.8387214
AT5G25920,0.660492
AT5G25930,1.2511884
AT5G25940,0.6520359
AT5G25950,0.0
AT5G25960,-0.00043661738
AT5G25970,0.05285555
AT5G25980,0.075684346
AT5G25990,-0.0054519074
AT5G25995,-0.0032878672
AT5G26000,-0.12698014
AT5G26010,0.041956816
AT5G26030,0.73822653
AT5G26040,0.06569076
AT5G26050,0.0016632703
AT5G26060,0.0
AT5G26070,0.0
AT5G26080,0.0
AT5G26090,0.0
AT5G26100,0.0001421356
AT5G26110,0.041485816
AT5G26120,0.031204438
AT5G26130,0.0
AT5G26140,-0.00043661738
AT5G26150,-0.004521076
AT5G26160,-0.15428153
AT5G26170,0.028548583
AT5G26180,-0.01460231
AT5G26190,-0.2033585
AT5G26200,-0.032507684
AT5G26210,-0.089381166
AT5G26220,0.088615745
AT5G26230,-0.62575173
AT5G26240,0.011636759
AT5G26250,-0.029188693
AT5G26260,-0.081947565
AT5G26262,0.0
AT5G26270,-0.03246603
AT5G26280,-0.20056525
AT5G26290,-0.008622406
AT5G26300,0.018585768
AT5G26310,-0.0041411845
AT5G26320,-0.0010717687
AT5G26330,-0.32114527
AT5G26340,1.6005765
AT5G26360,-0.13584076
AT5G26570,-0.075932495
AT5G26580,0.0
AT5G26594,0.0
AT5G26600,0.20845462
AT5G26610,-0.09899239
AT5G26617,0.0
AT5G26620,0.014084626
AT5G26622,-0.1183698
AT5G26630,-0.06838202
AT5G26640,0.0
AT5G26650,0.0
AT5G26660,0.7050464
AT5G26667,0.15149407
AT5G26670,-0.56491107
AT5G26673,0.0
AT5G26680,0.21134585
AT5G26690,1.0069491
AT5G26692,0.0
AT5G26700,0.4137461
AT5G26710,0.023509882
AT5G26717,0.0
AT5G26718,0.0
AT5G26730,-0.07015098
AT5G26731,0.23366894
AT5G26734,0.0
AT5G26742,-0.12809873
AT5G26749,-0.13008481
AT5G26751,0.09023718
AT5G26760,-0.0415224
AT5G26770,0.2106264
AT5G26780,-0.26336393
AT5G26790,-0.15406808
AT5G26800,-0.0017763614
AT5G26805,0.0
AT5G26810,3.435518e-05
AT5G26820,-0.23459397
AT5G26830,0.0637684
AT5G26840,0.0
AT5G26850,-0.7236368
AT5G26860,0.3028806
AT5G26865,0.03468399
AT5G26880,-0.14665864
AT5G26890,0.0028381166
AT5G26900,-0.0012488137
AT5G26910,-0.35129836
AT5G26920,1.2753849
AT5G26930,-0.0013555028
AT5G26940,0.49811128
AT5G26950,0.021085473
AT5G26955,0.0
AT5G26960,-0.16523114
AT5G26970,-0.018008636
AT5G26980,-0.16470867
AT5G26990,0.20604716
AT5G27000,0.022323592
AT5G27010,0.08114455
AT5G27020,-0.06215742
AT5G27030,-0.13542847
AT5G27060,1.408376
AT5G27065,0.0
AT5G27070,-0.014458513
AT5G27080,0.0005569795
AT5G27090,0.0020497795
AT5G27100,0.09209847
AT5G27110,-0.36952513
AT5G27120,0.0333999
AT5G27130,0.051856656
AT5G27140,0.002926013
AT5G27150,0.48651844
AT5G27170,0.0
AT5G27200,-0.0019858961
AT5G27210,0.19758606
AT5G27220,-0.18367779
AT5G27230,-0.11162151
AT5G27238,0.0
AT5G27240,-0.33445045
AT5G27247,-0.00036940604
AT5G27260,0.0
AT5G27270,-0.35864747
AT5G27280,0.31199822
AT5G27290,-0.8659103
AT5G27300,-0.45738485
AT5G27310,0.0
AT5G27320,-0.023055289
AT5G27330,-0.14644152
AT5G27340,0.0
AT5G27350,1.1081444
AT5G27360,-0.45583874
AT5G27370,8.548921e-05
AT5G27380,0.35398638
AT5G27390,-0.3792938
AT5G27395,0.08683423
AT5G27400,-0.42973942
AT5G27410,-0.20593591
AT5G27420,1.0075716
AT5G27430,0.16916084
AT5G27440,-0.039737523
AT5G27450,0.1347285
AT5G27460,-0.14418806
AT5G27470,0.12344139
AT5G27490,0.012484002
AT5G27493,0.00594257
AT5G27495,0.0
AT5G27510,0.016321924
AT5G27520,0.99493456
AT5G27530,0.0
AT5G27540,0.068936974
AT5G27550,-0.18754868
AT5G27560,-0.2915611
AT5G27570,0.0021984405
AT5G27580,0.00075918715
AT5G27600,0.48099214
AT5G27606,0.0
AT5G27607,0.0
AT5G27610,0.5610789
AT5G27620,-0.11242244
AT5G27630,-0.2858244
AT5G27640,0.21755035
AT5G27650,-0.057594687
AT5G27660,-0.13265626
AT5G27670,0.019538533
AT5G27680,-0.054340348
AT5G27690,-0.10341644
AT5G27700,0.23541561
AT5G27710,0.016674003
AT5G27720,0.09939233
AT5G27730,-0.11734341
AT5G27740,-0.22637257
AT5G27750,0.0059340424
AT5G27760,1.2687991
AT5G27765,0.4967098
AT5G27770,0.122213945
AT5G27780,-0.12113319
AT5G27790,0.0
AT5G27800,0.0
AT5G27810,-0.00027155774
AT5G27820,-0.04005712
AT5G27830,0.18849818
AT5G27840,0.07311617
AT5G27850,0.04436239
AT5G27860,-0.0604626
AT5G27870,-0.0048590368
AT5G27880,0.0
AT5G27889,0.0063925805
AT5G27890,0.1159762
AT5G27893,0.035973396
AT5G27910,-0.0009519824
AT5G27920,1.1662133
AT5G27930,0.092917
AT5G27940,-0.05568609
AT5G27944,0.0
AT5G27945,-0.013487757
AT5G27950,-0.16229984
AT5G27960,0.0
AT5G27970,-0.02838544
AT5G27980,-0.005228078
AT5G27990,0.01506295
AT5G28000,0.00018536337
AT5G28010,0.027166529
AT5G28020,-0.5186694
AT5G28030,-0.04263229
AT5G28040,-0.048533607
AT5G28050,1.1833527
AT5G28060,-0.0559515
AT5G28080,0.089706086
AT5G28090,0.0
AT5G28150,-0.12677856
AT5G28160,0.0
AT5G28180,0.0
AT5G28190,0.0
AT5G28210,-0.00055448915
AT5G28220,-0.095444575
AT5G28235,0.46063235
AT5G28237,1.6175958
AT5G28288,0.0
AT5G28290,-0.10288477
AT5G28295,0.0
AT5G28300,-0.45216748
AT5G28310,0.002160636
AT5G28320,-0.21185814
AT5G28340,-0.03986992
AT5G28345,-0.17339231
AT5G28350,0.07476956
AT5G28370,0.0007910443
AT5G28380,0.09125974
AT5G28390,-0.29265362
AT5G28400,-0.18601799
AT5G28410,0.0
AT5G28420,-0.0012689186
AT5G28440,0.0
AT5G28450,0.06744563
AT5G28460,-0.13579597
AT5G28462,0.0
AT5G28463,0.0
AT5G28470,0.0
AT5G28490,-0.3280115
AT5G28491,0.0
AT5G28500,-0.22977619
AT5G28510,0.00787206
AT5G28520,0.00057527795
AT5G28530,-0.09135303
AT5G28540,0.67131454
AT5G28550,0.0
AT5G28560,0.0
AT5G28590,0.0
AT5G28610,-0.007638066
AT5G28615,0.0
AT5G28620,0.0
AT5G28630,-0.101273924
AT5G28640,0.18365932
AT5G28646,1.8255823
AT5G28650,0.11665362
AT5G28660,-5.927649e-05
AT5G28680,0.0
AT5G28690,0.0
AT5G28720,0.0
AT5G28730,0.0
AT5G28740,0.11045444
AT5G28750,-0.078486085
AT5G28770,-0.17307115
AT5G28780,0.0
AT5G28810,-0.07841702
AT5G28820,0.0
AT5G28823,0.0
AT5G28830,0.624112
AT5G28840,-0.16292177
AT5G28850,-0.2298428
AT5G28885,0.0
AT5G28900,-0.22614773
AT5G28910,-0.5401212
AT5G28919,0.03030121
AT5G28920,-0.2395425
AT5G28950,0.0
AT5G28960,-0.030427411
AT5G29000,0.50876826
AT5G29050,0.0
AT5G29054,0.0
AT5G29070,0.0
AT5G29210,0.0
AT5G29560,5.2091007e-05
AT5G29576,0.0
AT5G29613,0.0
AT5G29624,0.0
AT5G30341,0.0
AT5G30360,0.0
AT5G30490,0.05786529
AT5G30495,-0.08470522
AT5G30500,0.052753046
AT5G30510,-0.2440584
AT5G30520,0.0
AT5G31412,0.0
AT5G32440,0.13408735
AT5G32450,-0.08784678
AT5G32460,0.0823384
AT5G32470,0.14880121
AT5G32590,0.12188603
AT5G32613,0.0
AT5G32619,0.0
AT5G32670,0.0
AT5G33210,0.0
AT5G33280,-0.1258557
AT5G33290,0.3937393
AT5G33300,-0.022814127
AT5G33320,0.14484063
AT5G33330,0.0014002856
AT5G33340,0.0015783325
AT5G33355,-0.0012347985
AT5G33370,0.48728597
AT5G33390,-0.04749789
AT5G33393,0.0
AT5G33406,0.0036594684
AT5G33806,0.0
AT5G33898,0.0
AT5G34581,0.0
AT5G34780,-0.00040556764
AT5G34828,0.0
AT5G34829,0.0
AT5G34830,0.060410224
AT5G34850,0.30143997
AT5G34869,0.0
AT5G34870,0.0
AT5G34881,0.0
AT5G34882,0.0
AT5G34883,0.0
AT5G34885,0.0
AT5G34887,0.0
AT5G34905,0.0
AT5G34908,0.0
AT5G34930,0.8922369
AT5G34940,1.9875716
AT5G35050,0.0005073407
AT5G35067,0.0
AT5G35069,0.0
AT5G35080,-0.07016164
AT5G35090,0.00018246146
AT5G35100,-0.018563893
AT5G35110,0.2045974
AT5G35120,0.00019028853
AT5G35160,0.04853773
AT5G35170,-0.5925276
AT5G35180,0.03566009
AT5G35190,-0.011920921
AT5G35195,0.0
AT5G35200,0.37490457
AT5G35210,-0.10966323
AT5G35220,-0.24776132
AT5G35230,0.0
AT5G35300,0.0
AT5G35320,0.28842774
AT5G35330,0.050502166
AT5G35338,0.0
AT5G35360,-0.12376688
AT5G35370,0.4320127
AT5G35375,-0.12037641
AT5G35380,0.10653032
AT5G35390,0.06307269
AT5G35400,-0.024228541
AT5G35405,0.0
AT5G35410,0.056416508
AT5G35430,0.15430743
AT5G35450,-0.56376946
AT5G35460,0.057778183
AT5G35475,0.0
AT5G35480,-0.85229164
AT5G35490,-0.611395
AT5G35510,0.11374947
AT5G35520,-0.23503111
AT5G35525,-0.109030955
AT5G35530,-0.030921279
AT5G35540,0.0009787878
AT5G35550,-0.013424824
AT5G35560,-0.053764325
AT5G35570,0.010225624
AT5G35580,0.35504153
AT5G35590,0.19250832
AT5G35600,0.0025008484
AT5G35603,0.0
AT5G35604,0.0
AT5G35610,0.0
AT5G35620,0.3136092
AT5G35630,-0.56066865
AT5G35640,0.004053441
AT5G35660,0.07191862
AT5G35670,-0.8057847
AT5G35680,0.37647712
AT5G35688,0.062942624
AT5G35690,0.17183286
AT5G35695,0.0
AT5G35698,0.0
AT5G35700,0.31768322
AT5G35715,0.0023429692
AT5G35730,0.2023644
AT5G35732,-0.06679114
AT5G35735,1.2016246
AT5G35737,0.0
AT5G35740,-0.26099366
AT5G35750,-0.2564058
AT5G35753,-0.16922931
AT5G35760,-0.054275885
AT5G35770,0.0045292084
AT5G35780,0.0
AT5G35790,-0.50409794
AT5G35810,0.0
AT5G35830,0.0
AT5G35840,-0.19817576
AT5G35870,0.0
AT5G35890,0.000565921
AT5G35900,0.06681557
AT5G35910,-0.08036949
AT5G35913,0.0
AT5G35926,-0.02173081
AT5G35927,-0.018686678
AT5G35930,-0.0988368
AT5G35940,-0.0077899257
AT5G35945,-0.0005573991
AT5G35950,0.0
AT5G35960,0.12626433
AT5G35970,-0.4156207
AT5G35980,0.09283257
AT5G35995,-0.17405272
AT5G36000,-0.02662311
AT5G36001,-0.04967445
AT5G36080,0.0
AT5G36100,-0.0023636573
AT5G36110,0.0021641352
AT5G36120,-0.22968918
AT5G36130,0.0
AT5G36150,0.0
AT5G36160,0.15948263
AT5G36170,-0.3381014
AT5G36180,-0.0016306097
AT5G36190,0.0008596724
AT5G36200,0.0
AT5G36210,-0.07616134
AT5G36220,0.42353442
AT5G36225,0.0
AT5G36228,0.0
AT5G36230,-0.013849281
AT5G36240,0.00017649078
AT5G36250,-0.1468239
AT5G36260,0.08270691
AT5G36270,0.0
AT5G36280,-0.026915707
AT5G36290,0.012673359
AT5G36300,0.0
AT5G36310,0.0
AT5G36320,0.0
AT5G36330,0.0
AT5G36350,0.0
AT5G36370,0.0
AT5G36480,0.0
AT5G36490,0.0
AT5G36500,0.0
AT5G36520,0.0
AT5G36540,0.0
AT5G36550,0.0
AT5G36657,0.0
AT5G36658,0.0
AT5G36659,0.0
AT5G36661,0.0
AT5G36662,0.0
AT5G36670,-0.0044280887
AT5G36680,3.425343e-05
AT5G36690,0.0
AT5G36700,-0.9199973
AT5G36710,-0.18409592
AT5G36720,0.0
AT5G36722,0.0
AT5G36730,0.0
AT5G36780,-0.0036520534
AT5G36790,-0.7226121
AT5G36820,0.0
AT5G36870,0.017356498
AT5G36880,0.5902902
AT5G36890,-0.097573616
AT5G36900,0.0
AT5G36906,0.0
AT5G36907,0.9422226
AT5G36910,0.022388538
AT5G36920,0.04015341
AT5G36925,0.3669904
AT5G36930,0.08920221
AT5G36940,-0.21311863
AT5G36950,-0.19544429
AT5G36960,-0.039489415
AT5G36970,1.5964776
AT5G36980,0.0
AT5G36985,0.0
AT5G37000,-0.2967561
AT5G37010,-0.37454674
AT5G37020,-0.30760303
AT5G37030,0.0
AT5G37035,0.0
AT5G37040,0.0
AT5G37050,0.02132882
AT5G37055,-0.060767174
AT5G37060,0.0025008484
AT5G37070,0.3359334
AT5G37130,-0.06499882
AT5G37140,0.0010529258
AT5G37147,0.0
AT5G37150,0.0
AT5G37160,0.0
AT5G37165,0.0
AT5G37170,0.0
AT5G37180,-0.06349552
AT5G37190,-0.21278317
AT5G37200,0.0005073407
AT5G37210,-0.05860908
AT5G37220,0.0
AT5G37230,0.0024878716
AT5G37240,0.004908281
AT5G37247,-0.028876415
AT5G37250,0.09583628
AT5G37260,-0.00030970178
AT5G37270,0.0015825492
AT5G37280,0.00014290567
AT5G37290,-0.19364761
AT5G37300,0.08580841
AT5G37310,-0.05672694
AT5G37320,0.0039110947
AT5G37340,-0.07353487
AT5G37350,-0.027057627
AT5G37360,-0.2268427
AT5G37370,-0.07011145
AT5G37380,-0.022812825
AT5G37400,-0.057902806
AT5G37410,-0.36150235
AT5G37415,0.017279878
AT5G37420,0.055540483
AT5G37430,0.0
AT5G37440,-0.123283625
AT5G37450,-0.1997561
AT5G37460,0.0003419113
AT5G37470,0.0010709917
AT5G37473,0.0
AT5G37474,-3.726455e-05
AT5G37475,0.17000434
AT5G37478,-0.13247573
AT5G37480,0.39177117
AT5G37490,0.20824867
AT5G37500,-0.050512128
AT5G37510,0.27878413
AT5G37520,0.0
AT5G37530,-0.09226776
AT5G37540,0.62554014
AT5G37550,0.107941575
AT5G37560,0.0005569795
AT5G37570,-0.051694263
AT5G37590,0.012768815
AT5G37600,-0.07781299
AT5G37610,0.0008195908
AT5G37620,0.0
AT5G37630,-0.09185488
AT5G37640,0.00020320683
AT5G37650,0.0
AT5G37660,-0.57892156
AT5G37670,0.13091628
AT5G37680,-0.0896556
AT5G37690,0.013907836
AT5G37710,0.013350993
AT5G37715,-0.0016456293
AT5G37720,0.3534651
AT5G37730,0.00045150067
AT5G37740,0.49805635
AT5G37750,0.2118388
AT5G37760,-0.00047262863
AT5G37770,0.269527
AT5G37780,0.26629767
AT5G37785,0.0
AT5G37790,-0.7264993
AT5G37793,-0.057112228
AT5G37800,-0.0019181576
AT5G37810,0.0
AT5G37820,0.0
AT5G37830,-0.06058611
AT5G37840,1.558033
AT5G37850,0.19678348
AT5G37860,0.0
AT5G37870,0.0
AT5G37890,0.16197033
AT5G37900,0.0
AT5G37910,0.0
AT5G37920,-3.911016e-05
AT5G37930,-0.0060596466
AT5G37940,-0.014949541
AT5G37950,-0.42353353
AT5G37960,-0.0010711218
AT5G37970,0.0
AT5G37980,-0.08621065
AT5G37990,-0.0006170073
AT5G38000,-0.029183758
AT5G38010,-0.6677024
AT5G38020,-0.024950376
AT5G38030,0.4701097
AT5G38040,-0.3694716
AT5G38050,-0.15518084
AT5G38060,-0.27773532
AT5G38070,0.0011578853
AT5G38080,0.0
AT5G38090,0.0
AT5G38100,-0.074583314
AT5G38110,0.0629881
AT5G38120,-0.5073507
AT5G38130,-0.2802554
AT5G38140,-0.46359572
AT5G38150,-0.6598765
AT5G38160,0.0
AT5G38170,0.0
AT5G38180,0.0
AT5G38190,0.0
AT5G38195,0.0
AT5G38197,0.0
AT5G38200,0.36881718
AT5G38210,0.122313544
AT5G38220,0.098745584
AT5G38240,0.34153584
AT5G38250,0.062481314
AT5G38260,-0.009969927
AT5G38270,-0.001113091
AT5G38280,0.12029056
AT5G38290,-0.13275553
AT5G38300,-0.06461786
AT5G38310,0.15240364
AT5G38317,0.0
AT5G38320,0.52077764
AT5G38330,8.548921e-05
AT5G38340,0.16489133
AT5G38344,0.089308485
AT5G38350,0.03659805
AT5G38360,-0.277372
AT5G38378,0.0
AT5G38380,0.0068141688
AT5G38386,0.028620372
AT5G38390,0.0005569795
AT5G38391,0.0
AT5G38392,0.0005569795
AT5G38396,0.0018987409
AT5G38397,0.0
AT5G38400,0.028299583
AT5G38410,-0.8320377
AT5G38420,-1.0534383
AT5G38430,-0.9344718
AT5G38435,0.0
AT5G38440,0.0
AT5G38450,0.012738929
AT5G38460,-0.04591937
AT5G38470,0.21432224
AT5G38480,0.02018776
AT5G38490,0.008755306
AT5G38500,0.0050954157
AT5G38510,-0.24780919
AT5G38520,-0.5558898
AT5G38530,0.9192775
AT5G38540,-7.7694654e-07
AT5G38550,-0.0052771242
AT5G38560,-0.028848812
AT5G38565,-0.19063115
AT5G38570,0.0
AT5G38580,0.0
AT5G38590,-0.18534885
AT5G38600,0.0480641
AT5G38610,0.04003721
AT5G38620,0.0
AT5G38630,0.16817935
AT5G38640,0.20495321
AT5G38650,0.54566276
AT5G38660,-0.32829383
AT5G38670,0.0
AT5G38680,0.00014290567
AT5G38690,0.035973117
AT5G38700,0.039023574
AT5G38710,2.563515
AT5G38720,-0.36548203
AT5G38730,-0.18641412
AT5G38740,0.0038114497
AT5G38743,0.0
AT5G38747,-0.0020760235
AT5G38750,0.016545588
AT5G38760,-3.911016e-05
AT5G38770,-0.16828637
AT5G38780,-0.03800491
AT5G38790,-0.0005573991
AT5G38800,0.00021971855
AT5G38810,0.0
AT5G38820,-0.042077977
AT5G38830,0.3526755
AT5G38840,0.0019635756
AT5G38850,0.02185836
AT5G38860,-0.16648749
AT5G38865,-0.3987348
AT5G38880,-0.20304708
AT5G38890,0.33359197
AT5G38895,0.06972904
AT5G38900,2.352266
AT5G38910,0.05209923
AT5G38920,0.00037558848
AT5G38930,-0.007626322
AT5G38940,0.11269093
AT5G38950,0.0
AT5G38960,0.0
AT5G38970,-0.25400314
AT5G38980,-0.13182257
AT5G38990,0.1294599
AT5G39000,-0.2537989
AT5G39010,0.0016156037
AT5G39020,0.11620394
AT5G39024,0.0
AT5G39030,0.12465263
AT5G39040,0.52487427
AT5G39050,1.7203385
AT5G39080,-0.090931095
AT5G39090,0.9797966
AT5G39100,0.05111792
AT5G39110,0.019790309
AT5G39120,0.0052585923
AT5G39130,0.0015012167
AT5G39140,-0.013487757
AT5G39150,0.031662412
AT5G39160,0.08741109
AT5G39170,0.0
AT5G39180,-0.24330331
AT5G39190,0.056117713
AT5G39200,0.00014290567
AT5G39210,-0.6967008
AT5G39220,-0.015425635
AT5G39230,-0.0129147135
AT5G39240,0.029696984
AT5G39250,0.14222413
AT5G39260,0.0011782978
AT5G39270,0.0
AT5G39280,0.0
AT5G39290,0.0
AT5G39300,0.0
AT5G39310,0.0
AT5G39320,0.020191737
AT5G39330,0.07018289
AT5G39340,-0.114457
AT5G39350,-0.15562026
AT5G39360,0.15098338
AT5G39365,0.0
AT5G39370,0.0019742006
AT5G39380,-0.06090126
AT5G39390,0.009298538
AT5G39400,0.0024605177
AT5G39410,0.032872193
AT5G39420,-0.06701071
AT5G39430,0.016772365
AT5G39440,0.0
AT5G39450,0.2766887
AT5G39460,8.529833e-05
AT5G39470,0.0
AT5G39471,-0.32095778
AT5G39480,-0.012423437
AT5G39490,0.0025269818
AT5G39493,-0.011762761
AT5G39500,0.008744789
AT5G39510,0.13518678
AT5G39520,1.3189132
AT5G39530,-0.4983232
AT5G39540,0.0
AT5G39550,-0.08259106
AT5G39560,0.00014290567
AT5G39570,-0.039497524
AT5G39580,2.4379625
AT5G39590,0.6590503
AT5G39600,0.008126845
AT5G39610,0.78848284
AT5G39620,0.0
AT5G39630,0.021214211
AT5G39640,0.0
AT5G39645,0.0
AT5G39650,0.07281111
AT5G39660,0.06276798
AT5G39670,1.1611916
AT5G39680,-0.11318054
AT5G39690,0.0
AT5G39700,0.0
AT5G39710,-0.2729028
AT5G39715,0.017588198
AT5G39720,0.53294975
AT5G39730,0.04598017
AT5G39740,-0.011920834
AT5G39750,0.018600423
AT5G39760,-0.32364398
AT5G39770,-0.0013202571
AT5G39775,0.0
AT5G39780,0.0
AT5G39790,-0.07597284
AT5G39800,-0.20228782
AT5G39810,-0.051321283
AT5G39820,0.025700953
AT5G39830,-0.3651676
AT5G39840,-0.23702553
AT5G39850,-0.10973657
AT5G39860,-0.522509
AT5G39865,-0.10945844
AT5G39870,0.0
AT5G39880,0.0
AT5G39890,0.030655757
AT5G39900,0.0023969784
AT5G39910,0.0
AT5G39920,0.0
AT5G39930,0.0010643202
AT5G39940,-0.045823094
AT5G39950,0.51854146
AT5G39960,-0.25119126
AT5G39970,0.08467166
AT5G39980,-0.06591859
AT5G39990,0.24865967
AT5G40000,0.062051468
AT5G40010,0.67765254
AT5G40020,0.12706384
AT5G40030,-0.014314909
AT5G40040,0.09375909
AT5G40050,0.0
AT5G40060,-0.1970181
AT5G40070,-9.026499e-05
AT5G40080,-0.4262052
AT5G40090,-0.30766723
AT5G40100,-0.043322284
AT5G40120,0.0
AT5G40140,-0.37189433
AT5G40150,-0.5894863
AT5G40153,-0.000997584
AT5G40155,0.00531063
AT5G40160,-0.29380852
AT5G40170,0.12622751
AT5G40180,0.17986049
AT5G40190,0.061370555
AT5G40200,0.004296672
AT5G40210,0.3660041
AT5G40220,7.1515664e-05
AT5G40230,0.09089899
AT5G40240,0.5579392
AT5G40250,-0.21995074
AT5G40260,0.7538468
AT5G40270,-0.071038954
AT5G40280,0.011890315
AT5G40290,0.0
AT5G40300,-0.022823201
AT5G40310,-0.028699238
AT5G40320,-0.00016810489
AT5G40330,-0.21495323
AT5G40340,-0.35688987
AT5G40350,-0.004424639
AT5G40360,0.0
AT5G40370,0.5395693
AT5G40380,0.11426568
AT5G40382,-0.0304044
AT5G40390,0.12453547
AT5G40400,-0.21159118
AT5G40405,-0.18550313
AT5G40410,-0.0019933293
AT5G40420,0.03689108
AT5G40430,0.047772918
AT5G40440,-0.099628076
AT5G40450,-0.230051
AT5G40460,0.49800116
AT5G40470,0.06158099
AT5G40480,-0.060557343
AT5G40490,-0.005186345
AT5G40500,-0.09276319
AT5G40510,-0.07041649
AT5G40520,-0.220759
AT5G40530,-0.039030313
AT5G40540,0.3575095
AT5G40550,-0.230964
AT5G40560,0.0
AT5G40570,-0.3486169
AT5G40580,0.3659099
AT5G40590,0.009322772
AT5G40595,0.0
AT5G40600,-0.105194606
AT5G40610,-0.6347485
AT5G40620,0.00020998294
AT5G40630,-0.012054989
AT5G40640,0.051276993
AT5G40645,-0.04298919
AT5G40650,0.5661524
AT5G40660,-0.007729705
AT5G40670,0.07588767
AT5G40680,0.09930482
AT5G40690,1.781822
AT5G40700,-0.2572489
AT5G40710,-0.1075911
AT5G40720,0.19109774
AT5G40730,1.2823591
AT5G40740,-0.06606536
AT5G40750,0.0
AT5G40760,0.6757572
AT5G40770,0.28230354
AT5G40780,0.89633393
AT5G40790,-0.060494505
AT5G40800,-0.05047907
AT5G40810,0.15156168
AT5G40820,0.16869421
AT5G40830,-0.4235207
AT5G40840,-0.098579735
AT5G40850,0.004623352
AT5G40855,-0.014949541
AT5G40860,0.13219032
AT5G40870,-0.32031423
AT5G40880,0.562141
AT5G40890,0.24965924
AT5G40900,0.123842485
AT5G40910,-0.22656818
AT5G40930,0.13172786
AT5G40940,0.0027669165
AT5G40942,0.0
AT5G40950,-0.28205213
AT5G40960,0.15106474
AT5G40970,-0.08885487
AT5G40980,-0.36824998
AT5G40981,-0.0007944551
AT5G40990,1.7575967
AT5G41000,-0.13652305
AT5G41010,0.26542142
AT5G41020,-0.2732998
AT5G41025,0.031192899
AT5G41030,-0.024666948
AT5G41040,2.0385852
AT5G41050,-0.7710995
AT5G41060,-0.45579
AT5G41070,-0.36827838
AT5G41071,0.00557485
AT5G41080,1.7857695
AT5G41090,0.045174535
AT5G41100,0.27825266
AT5G41109,0.0
AT5G41110,-0.20447817
AT5G41120,0.034452494
AT5G41130,-0.14114928
AT5G41140,-0.82006663
AT5G41150,-0.06722287
AT5G41160,0.44358137
AT5G41170,0.30659288
AT5G41180,0.18255286
AT5G41190,-0.08146519
AT5G41200,0.032388076
AT5G41210,0.07008886
AT5G41220,0.020913731
AT5G41240,-0.1257703
AT5G41250,0.0
AT5G41260,-0.22064838
AT5G41270,0.051126957
AT5G41280,0.016075727
AT5G41290,0.0017418535
AT5G41300,-0.004736903
AT5G41310,0.0044448595
AT5G41315,0.06928592
AT5G41320,0.01298978
AT5G41330,0.05485631
AT5G41340,-0.23104715
AT5G41350,0.041238092
AT5G41360,0.19169886
AT5G41370,-0.18951166
AT5G41380,0.0180592
AT5G41390,0.012005523
AT5G41400,0.08353435
AT5G41401,0.0
AT5G41410,-0.0075688213
AT5G41420,0.0
AT5G41430,-0.000731617
AT5G41440,0.0
AT5G41450,0.0
AT5G41460,-0.2189515
AT5G41470,-0.095538154
AT5G41480,-0.1512229
AT5G41490,0.011593304
AT5G41500,0.0
AT5G41510,0.016772365
AT5G41520,-0.06125989
AT5G41530,0.0
AT5G41540,0.019047951
AT5G41550,0.3960524
AT5G41560,0.16338636
AT5G41570,0.016772365
AT5G41580,-0.021796102
AT5G41590,0.36719623
AT5G41600,0.06912867
AT5G41610,2.5043647
AT5G41620,-0.4157271
AT5G41630,0.0
AT5G41640,0.0
AT5G41650,-0.005772755
AT5G41660,-0.08074434
AT5G41670,0.16981925
AT5G41680,0.0774825
AT5G41685,0.11877603
AT5G41690,-0.63405013
AT5G41700,-0.22989933
AT5G41720,0.0173637
AT5G41730,0.68608946
AT5G41740,0.9970454
AT5G41750,1.3573236
AT5G41760,-0.21947819
AT5G41761,-0.37349957
AT5G41763,-0.0021024267
AT5G41765,0.01428833
AT5G41770,-0.0431169
AT5G41780,-0.052041523
AT5G41790,-0.42252085
AT5G41800,0.33093843
AT5G41810,-0.27566126
AT5G41820,-0.051055692
AT5G41830,0.09673894
AT5G41840,0.032862972
AT5G41850,-0.12997842
AT5G41860,0.505301
AT5G41870,-0.09876795
AT5G41880,0.06639098
AT5G41890,-0.028228626
AT5G41900,0.056764394
AT5G41908,0.0001383733
AT5G41910,0.2706056
AT5G41920,-0.37533653
AT5G41940,0.18544471
AT5G41950,0.13642359
AT5G41960,0.021940544
AT5G41970,0.13541983
AT5G41980,-0.42533076
AT5G41990,0.40499687
AT5G42000,0.11265502
AT5G42010,0.7771525
AT5G42020,0.8971193
AT5G42030,-0.3085111
AT5G42040,-0.27876303
AT5G42050,0.49716648
AT5G42053,0.0025539408
AT5G42060,-0.040346347
AT5G42070,-0.54291534
AT5G42080,0.2358974
AT5G42090,0.24206616
AT5G42100,-0.41193062
AT5G42110,-0.012981187
AT5G42120,-0.0719332
AT5G42130,0.0027108202
AT5G42140,0.089432195
AT5G42146,-0.17663024
AT5G42150,0.3784757
AT5G42170,0.03351774
AT5G42180,0.035893116
AT5G42190,-0.050180092
AT5G42200,-0.21230768
AT5G42210,-0.32859927
AT5G42220,0.049379252
AT5G42223,0.18905695
AT5G42230,-0.00542932
AT5G42232,0.0
AT5G42235,0.039165575
AT5G42240,-0.26788586
AT5G42242,-0.00017940014
AT5G42250,0.34084523
AT5G42260,0.0
AT5G42270,-0.14051358
AT5G42280,-0.20361236
AT5G42290,0.05500717
AT5G42300,0.2500978
AT5G42310,-0.35300475
AT5G42325,0.047262188
AT5G42330,0.072407
AT5G42340,0.0011014028
AT5G42350,0.14022978
AT5G42360,0.020558367
AT5G42370,-0.037707396
AT5G42380,1.9990077
AT5G42390,0.18780364
AT5G42400,-0.13017866
AT5G42410,0.004149871
AT5G42420,0.37499672
AT5G42430,0.0011077499
AT5G42440,0.47928014
AT5G42450,-0.04338881
AT5G42460,-0.048757855
AT5G42470,-0.11500113
AT5G42480,-0.2126832
AT5G42490,0.015403367
AT5G42500,-0.026822401
AT5G42504,0.0
AT5G42510,0.3243004
AT5G42520,0.046966456
AT5G42530,0.34602118
AT5G42540,-0.053256996
AT5G42560,0.094345175
AT5G42567,0.0
AT5G42570,0.26208946
AT5G42580,0.00791712
AT5G42590,-0.0069363806
AT5G42600,-0.011937841
AT5G42610,-0.19168125
AT5G42620,-0.29835984
AT5G42630,-0.106203906
AT5G42635,0.0
AT5G42640,0.0
AT5G42650,-0.41299486
AT5G42655,0.02822131
AT5G42660,-0.10032545
AT5G42670,-0.20981121
AT5G42680,-0.22175094
AT5G42690,-0.31224206
AT5G42700,-0.018774923
AT5G42710,0.14631496
AT5G42720,-0.58703375
AT5G42740,0.15904334
AT5G42750,-0.19847424
AT5G42760,-0.1777622
AT5G42765,-0.13959517
AT5G42770,-0.40167335
AT5G42780,-0.22184841
AT5G42785,-0.0036963546
AT5G42790,0.30025864
AT5G42797,0.00045150067
AT5G42800,0.06481625
AT5G42810,-0.13442366
AT5G42820,0.0017397993
AT5G42825,0.10460186
AT5G42830,1.3352736
AT5G42840,-0.058850143
AT5G42850,0.42249095
AT5G42860,-0.3820318
AT5G42870,0.108155675
AT5G42880,0.06577491
AT5G42890,0.2920418
AT5G42895,0.0
AT5G42900,0.6068504
AT5G42905,0.0
AT5G42910,0.0
AT5G42920,-0.089908674
AT5G42930,0.29152656
AT5G42940,0.15929927
AT5G42950,0.18521753
AT5G42955,0.0
AT5G42957,0.0
AT5G42960,0.21622665
AT5G42965,0.014190625
AT5G42970,0.2145038
AT5G42980,-0.059836462
AT5G42990,-0.06919728
AT5G43000,0.0
AT5G43010,0.23453927
AT5G43020,-0.29212567
AT5G43030,-0.014290597
AT5G43040,-0.09498506
AT5G43050,0.01197859
AT5G43060,0.44399443
AT5G43064,0.12019766
AT5G43066,0.0
AT5G43068,0.052527003
AT5G43070,0.106260516
AT5G43080,-0.011932373
AT5G43090,0.0015912021
AT5G43100,0.13389876
AT5G43110,0.0
AT5G43120,-0.003860439
AT5G43130,0.116303176
AT5G43140,-0.18001597
AT5G43150,-0.3618293
AT5G43155,-0.100009196
AT5G43160,-0.2183609
AT5G43170,0.30096418
AT5G43175,0.0
AT5G43180,0.53177875
AT5G43185,0.0
AT5G43190,0.42536902
AT5G43200,-0.015210305
AT5G43210,-0.26539436
AT5G43211,0.0
AT5G43230,-0.0023909505
AT5G43240,-0.20961355
AT5G43250,-0.035501827
AT5G43260,0.7291358
AT5G43270,-0.19199142
AT5G43280,0.3251442
AT5G43285,0.00018246146
AT5G43290,-0.7596103
AT5G43300,-0.01376911
AT5G43310,-0.24830866
AT5G43320,-0.053416107
AT5G43330,-0.1260897
AT5G43340,0.0
AT5G43350,-0.13762754
AT5G43360,0.016772365
AT5G43370,-0.012160049
AT5G43380,0.3548733
AT5G43390,0.010541863
AT5G43400,0.425729
AT5G43401,0.0
AT5G43410,0.35137573
AT5G43420,0.525009
AT5G43430,0.48925158
AT5G43440,-0.1401289
AT5G43450,0.104406424
AT5G43460,0.06733059
AT5G43470,-0.1042787
AT5G43480,0.0010499319
AT5G43490,-0.012231918
AT5G43500,-0.51036835
AT5G43510,0.00014290567
AT5G43513,0.00204805
AT5G43516,0.0
AT5G43518,0.0
AT5G43520,0.06273386
AT5G43525,0.0007444559
AT5G43530,0.01750355
AT5G43540,0.17504098
AT5G43550,0.0
AT5G43560,0.094840646
AT5G43570,2.346845
AT5G43580,3.5626237
AT5G43590,0.15389746
AT5G43600,-0.19093744
AT5G43610,-0.010865593
AT5G43620,0.9049545
AT5G43630,-0.15083067
AT5G43640,0.0044041504
AT5G43650,1.5132909
AT5G43660,-0.038330436
AT5G43670,0.05437088
AT5G43680,0.051294446
AT5G43690,-9.830793e-06
AT5G43695,0.0
AT5G43700,-0.5190169
AT5G43710,-0.31041542
AT5G43720,0.0396239
AT5G43730,-0.17055053
AT5G43740,-0.4871265
AT5G43745,0.112688534
AT5G43750,-0.9472723
AT5G43755,0.03365153
AT5G43760,0.07610462
AT5G43770,0.005532681
AT5G43780,0.3566204
AT5G43790,-0.20358835
AT5G43810,-0.2837547
AT5G43820,-0.1556811
AT5G43822,-0.20515999
AT5G43830,-0.054595154
AT5G43840,0.06316482
AT5G43850,-0.11582053
AT5G43860,-0.39877206
AT5G43870,-0.4681935
AT5G43880,-0.29556102
AT5G43890,-0.010331298
AT5G43900,0.1109296
AT5G43910,0.35376444
AT5G43920,-0.20023249
AT5G43930,0.04075914
AT5G43935,-0.08472915
AT5G43940,0.100826
AT5G43950,-0.37175575
AT5G43960,-0.008209872
AT5G43970,0.08883207
AT5G43980,0.1709549
AT5G43990,-0.3014649
AT5G44000,0.10506353
AT5G44005,-0.04016867
AT5G44010,-0.104426414
AT5G44020,-0.29577813
AT5G44030,0.1316294
AT5G44040,-0.4381164
AT5G44050,-0.26281
AT5G44060,-0.12134141
AT5G44063,-0.051445823
AT5G44065,-0.012110306
AT5G44070,0.31484824
AT5G44080,-0.085450046
AT5G44090,0.27588543
AT5G44100,0.067610934
AT5G44110,0.055547174
AT5G44120,-0.00055838434
AT5G44130,-0.19088916
AT5G44140,-0.05322302
AT5G44150,-0.06885313
AT5G44160,-0.5205961
AT5G44170,-0.06959979
AT5G44180,-0.01163078
AT5G44190,-0.42307937
AT5G44200,-0.11445648
AT5G44210,0.1764391
AT5G44220,0.00014193372
AT5G44230,-0.06016244
AT5G44240,0.41312703
AT5G44250,0.07906769
AT5G44260,-0.1223479
AT5G44265,-0.00017940014
AT5G44270,0.007407425
AT5G44280,-0.31082353
AT5G44290,0.15153712
AT5G44300,0.0005569795
AT5G44306,0.016859233
AT5G44310,0.07063599
AT5G44316,0.004593788
AT5G44320,0.11990372
AT5G44330,0.0021966056
AT5G44340,0.052117668
AT5G44345,0.0
AT5G44350,0.059423298
AT5G44360,0.0
AT5G44370,-0.06717891
AT5G44380,2.4194806
AT5G44390,0.59592026
AT5G44400,0.21969594
AT5G44410,-0.904507
AT5G44420,-1.58403
AT5G44430,-1.8277438
AT5G44440,-0.022591105
AT5G44450,-0.112359874
AT5G44460,0.33331302
AT5G44470,0.0
AT5G44480,2.025628
AT5G44490,-0.4185827
AT5G44495,0.0
AT5G44500,0.23757519
AT5G44510,-0.4331028
AT5G44520,-0.4224005
AT5G44530,-0.6593311
AT5G44540,-0.00420836
AT5G44550,-0.14533167
AT5G44560,-0.15392818
AT5G44563,-0.05929822
AT5G44565,0.05500096
AT5G44566,0.11138167
AT5G44567,1.4157068
AT5G44568,0.08715412
AT5G44570,0.5302972
AT5G44572,-0.06306141
AT5G44574,0.06521832
AT5G44575,-0.4106359
AT5G44578,-0.06732595
AT5G44580,-0.22226341
AT5G44582,-0.12534037
AT5G44585,0.00013980789
AT5G44590,-0.0024602944
AT5G44600,-0.45804557
AT5G44610,1.1432681
AT5G44620,0.00022460302
AT5G44630,0.0
AT5G44635,0.038254797
AT5G44640,0.016414527
AT5G44650,-0.47897506
AT5G44660,-0.504812
AT5G44670,-0.56473297
AT5G44680,-1.0817497
AT5G44690,0.0042985594
AT5G44700,-0.000573223
AT5G44710,-0.11556172
AT5G44720,-0.022129886
AT5G44730,-0.13962795
AT5G44740,-0.4728402
AT5G44750,-0.32203606
AT5G44760,0.0
AT5G44770,-0.0010717687
AT5G44780,-0.09763773
AT5G44785,-0.20247908
AT5G44790,0.24856062
AT5G44800,-0.033553347
AT5G44820,0.5272352
AT5G44830,0.0
AT5G44840,0.015632123
AT5G44850,0.0
AT5G44860,0.0937783
AT5G44870,-0.01585855
AT5G44900,-0.0011895873
AT5G44910,-0.06308198
AT5G44920,-0.040994663
AT5G44930,-0.17697966
AT5G44940,0.0005073407
AT5G44950,-4.249257e-05
AT5G44960,0.0005569795
AT5G44970,0.0
AT5G44973,0.09158959
AT5G44980,-0.045799915
AT5G44990,1.4985198
AT5G45000,0.87621915
AT5G45010,0.113889866
AT5G45020,-0.27876237
AT5G45030,-0.0054638674
AT5G45040,-0.50641084
AT5G45050,-0.15115437
AT5G45060,-0.10370568
AT5G45070,0.16539869
AT5G45080,0.0421985
AT5G45090,0.6426846
AT5G45095,0.028854804
AT5G45100,0.4169141
AT5G45105,0.0
AT5G45110,0.70545596
AT5G45113,-0.0011048232
AT5G45115,-0.14171262
AT5G45120,0.0
AT5G45130,0.31879565
AT5G45140,-0.032255914
AT5G45150,-0.15313545
AT5G45160,0.024909927
AT5G45170,-0.1843451
AT5G45180,0.12709577
AT5G45190,-0.12268501
AT5G45200,0.00069059327
AT5G45210,-0.0025670044
AT5G45220,-0.12864149
AT5G45230,0.0
AT5G45240,1.3323165
AT5G45250,-0.10089011
AT5G45260,-0.18256146
AT5G45275,-0.14035352
AT5G45277,0.0
AT5G45280,0.49167606
AT5G45290,-0.40579242
AT5G45300,-0.35095242
AT5G45310,-0.011676475
AT5G45320,-0.11313357
AT5G45330,-0.11364491
AT5G45340,0.30376005
AT5G45350,0.5106794
AT5G45360,0.15096885
AT5G45370,0.29074678
AT5G45380,-0.10130713
AT5G45390,0.11874616
AT5G45400,0.26828057
AT5G45410,0.54567206
AT5G45420,-0.013657194
AT5G45430,-0.1690689
AT5G45440,0.07796719
AT5G45450,0.00059328397
AT5G45455,-0.050291933
AT5G45460,-0.016864497
AT5G45469,-0.10311275
AT5G45470,0.37279353
AT5G45480,0.42479315
AT5G45490,0.20172623
AT5G45500,0.20286979
AT5G45510,0.22481911
AT5G45520,-0.42067385
AT5G45530,-0.38344035
AT5G45540,-0.36807472
AT5G45550,0.25348735
AT5G45560,-0.29136226
AT5G45570,0.41536647
AT5G45573,4.3429653e-05
AT5G45580,-0.08264757
AT5G45590,-0.1560364
AT5G45600,-0.07848984
AT5G45610,-0.3777917
AT5G45620,0.16384125
AT5G45630,2.0642629
AT5G45640,0.00388118
AT5G45650,-1.1056893
AT5G45660,0.10367175
AT5G45670,-0.100320525
AT5G45680,-0.44903645
AT5G45690,0.0021619457
AT5G45700,-0.24494232
AT5G45710,0.07280585
AT5G45720,-0.24350171
AT5G45730,-0.12005826
AT5G45740,-0.058309644
AT5G45750,0.6921337
AT5G45760,-0.4187043
AT5G45770,-0.0027105163
AT5G45780,-0.046456303
AT5G45790,-0.21328528
AT5G45800,0.36218208
AT5G45810,0.5922777
AT5G45820,-0.66827816
AT5G45830,-0.32724175
AT5G45840,-0.27042672
AT5G45850,0.011794271
AT5G45860,0.007433887
AT5G45870,0.00045150067
AT5G45875,0.0
AT5G45880,0.00045150067
AT5G45890,-0.27263972
AT5G45900,0.91165143
AT5G45910,-0.0015087512
AT5G45920,-0.39496267
AT5G45930,-0.53293025
AT5G45940,-0.49789882
AT5G45950,-0.30242997
AT5G45960,0.06061717
AT5G45970,0.03124421
AT5G45980,0.0
AT5G45990,0.19818257
AT5G46000,0.0
AT5G46010,0.16761336
AT5G46020,-0.18824212
AT5G46025,0.0
AT5G46030,-0.037376504
AT5G46040,0.0048414296
AT5G46050,0.50482756
AT5G46060,0.0009889597
AT5G46070,-0.10999511
AT5G46080,0.7075628
AT5G46085,-0.0009640608
AT5G46090,0.024103787
AT5G46100,-0.014686145
AT5G46110,-0.35688868
AT5G46115,0.12638658
AT5G46130,-0.22419493
AT5G46140,-0.13197604
AT5G46150,-0.06725748
AT5G46160,-0.16706312
AT5G46170,-0.0025029099
AT5G46180,0.45008975
AT5G46190,-0.07237767
AT5G46200,0.017329345
AT5G46210,-0.042959478
AT5G46220,-0.16861883
AT5G46230,0.912718
AT5G46240,0.16357476
AT5G46250,0.13361348
AT5G46260,0.05539643
AT5G46270,-0.287754
AT5G46280,-0.05813973
AT5G46290,0.0017567432
AT5G46295,0.07430317
AT5G46297,0.0
AT5G46300,0.0
AT5G46310,0.0
AT5G46320,0.0
AT5G46330,0.078866154
AT5G46340,-0.05278823
AT5G46350,1.5118716
AT5G46360,0.18367024
AT5G46370,-0.015595569
AT5G46380,-0.00022534412
AT5G46390,-0.1334903
AT5G46395,0.002911581
AT5G46400,-0.18933107
AT5G46410,0.12037773
AT5G46420,-0.29761472
AT5G46430,0.057460178
AT5G46440,-0.14843044
AT5G46450,-0.24050334
AT5G46460,0.09410553
AT5G46470,-0.010832029
AT5G46490,0.060584173
AT5G46500,0.12901513
AT5G46510,-0.4931782
AT5G46520,0.4538786
AT5G46530,-0.07078897
AT5G46540,-0.006264739
AT5G46550,-0.0858974
AT5G46560,-0.03882309
AT5G46570,-0.5056848
AT5G46580,-0.17723875
AT5G46590,0.24791673
AT5G46600,-0.10089769
AT5G46610,0.19061212
AT5G46620,0.040599883
AT5G46630,0.18441504
AT5G46640,-0.2115303
AT5G46650,-0.0026690948
AT5G46660,0.10857384
AT5G46670,0.05122039
AT5G46680,0.023221217
AT5G46690,-0.816251
AT5G46700,-0.56907415
AT5G46710,0.23866303
AT5G46720,0.11233506
AT5G46730,0.75391364
AT5G46740,-0.058017656
AT5G46750,0.17379093
AT5G46760,0.07134041
AT5G46770,0.3998859
AT5G46780,0.52337605
AT5G46790,-0.117064916
AT5G46795,0.0009586957
AT5G46800,-0.1474713
AT5G46810,0.0
AT5G46820,0.0
AT5G46825,-0.0008112415
AT5G46830,-0.005135915
AT5G46840,-0.15513344
AT5G46850,-0.027383165
AT5G46860,0.24438429
AT5G46870,0.13474594
AT5G46871,0.39354524
AT5G46873,0.0
AT5G46874,0.0063054557
AT5G46877,0.0
AT5G46880,-0.1548068
AT5G46890,-0.022838753
AT5G46900,-0.011064567
AT5G46910,1.1464946
AT5G46915,-0.058176484
AT5G46920,0.06578876
AT5G46930,0.0
AT5G46940,0.0
AT5G46950,0.12818325
AT5G46960,1.8874419
AT5G46970,0.0
AT5G46980,0.0
AT5G46990,0.0
AT5G47000,0.0017487602
AT5G47010,-0.030697545
AT5G47020,-0.053706933
AT5G47030,0.10703898
AT5G47040,-0.12768799
AT5G47050,0.2723633
AT5G47060,0.22917224
AT5G47070,0.5900888
AT5G47075,0.0
AT5G47077,0.0005824707
AT5G47080,0.012162044
AT5G47090,-0.07458109
AT5G47100,-0.12828103
AT5G47110,-0.36862308
AT5G47120,0.5289762
AT5G47130,0.09554631
AT5G47140,0.2151207
AT5G47150,0.0014057688
AT5G47160,-0.4521852
AT5G47170,-0.034050405
AT5G47175,0.001157224
AT5G47180,0.014774361
AT5G47190,-0.36830813
AT5G47200,0.7872297
AT5G47210,-0.027111843
AT5G47220,-0.28651342
AT5G47229,6.8501206e-05
AT5G47230,0.55080014
AT5G47240,-0.19945572
AT5G47250,0.24124686
AT5G47260,0.0
AT5G47280,0.0
AT5G47290,0.0
AT5G47300,0.0
AT5G47310,-0.015096649
AT5G47320,0.15030931
AT5G47330,0.4411074
AT5G47340,0.001322491
AT5G47350,-0.00085549534
AT5G47360,-0.030191319
AT5G47370,-0.29182157
AT5G47380,-0.33264166
AT5G47390,-0.25873443
AT5G47400,-0.06923264
AT5G47420,0.12959667
AT5G47430,0.112407275
AT5G47435,-0.03925997
AT5G47440,-0.22827418
AT5G47450,0.008637871
AT5G47455,0.031522516
AT5G47460,-0.22716734
AT5G47470,-0.010553746
AT5G47480,0.12389596
AT5G47490,-0.042166237
AT5G47500,-0.124865614
AT5G47510,-0.28225255
AT5G47520,-0.16067404
AT5G47530,0.09931824
AT5G47540,-0.3421493
AT5G47550,-0.33268005
AT5G47560,0.3878325
AT5G47570,0.3852933
AT5G47580,0.21082544
AT5G47590,0.28138253
AT5G47600,-0.0057672854
AT5G47610,-0.43643764
AT5G47620,-0.19975469
AT5G47630,-0.18382813
AT5G47635,0.09876968
AT5G47640,-0.47055545
AT5G47650,0.18575354
AT5G47660,0.102455765
AT5G47670,0.15425329
AT5G47680,-0.09679423
AT5G47690,-0.045159396
AT5G47700,0.24548952
AT5G47710,0.02859892
AT5G47720,-0.35717103
AT5G47730,0.67442644
AT5G47740,1.3973485
AT5G47750,-0.007940609
AT5G47760,0.21765967
AT5G47770,-0.049343623
AT5G47780,-0.21142417
AT5G47790,0.059063524
AT5G47800,-0.5577286
AT5G47810,-0.11448138
AT5G47820,-0.39586952
AT5G47830,0.038624525
AT5G47840,-0.21417758
AT5G47850,0.51199913
AT5G47860,0.2804281
AT5G47870,0.101064
AT5G47880,0.3799395
AT5G47890,0.05816242
AT5G47900,-0.4356883
AT5G47910,0.09061929
AT5G47920,0.09028761
AT5G47930,0.3761153
AT5G47940,-0.053500745
AT5G47950,0.001384982
AT5G47960,0.34258416
AT5G47970,-0.3062489
AT5G47980,-0.0025583862
AT5G47990,0.0033008915
AT5G48000,0.09831642
AT5G48010,0.03980437
AT5G48020,0.3101521
AT5G48030,0.030145189
AT5G48040,-0.10735712
AT5G48050,-0.061882433
AT5G48060,-0.33391383
AT5G48070,-0.033735216
AT5G48090,-0.014153697
AT5G48100,0.0043576006
AT5G48110,-0.051018275
AT5G48120,0.072468795
AT5G48130,7.072335e-05
AT5G48140,0.0
AT5G48150,-0.21104524
AT5G48160,0.1558295
AT5G48170,-0.25109035
AT5G48175,0.038166538
AT5G48180,2.6294775
AT5G48200,0.0
AT5G48205,0.0020555346
AT5G48210,0.0
AT5G48220,-0.2587196
AT5G48230,0.042056974
AT5G48240,0.072838016
AT5G48250,0.28911692
AT5G48270,0.00069416495
AT5G48280,0.0
AT5G48290,0.064369455
AT5G48300,-0.6367395
AT5G48310,-0.097471
AT5G48320,-0.21404144
AT5G48330,-0.13372
AT5G48335,0.14353156
AT5G48340,-0.085718095
AT5G48350,-0.00021493208
AT5G48360,-0.3495705
AT5G48370,0.18371235
AT5G48375,0.0006673723
AT5G48380,0.57581997
AT5G48385,0.18256342
AT5G48390,0.27453145
AT5G48400,1.5668703
AT5G48410,2.214342
AT5G48420,0.0
AT5G48430,0.1361741
AT5G48440,0.058211368
AT5G48450,-0.22253159
AT5G48460,-0.8941123
AT5G48470,-0.12683374
AT5G48480,-0.049226113
AT5G48485,-0.17377968
AT5G48490,-0.15254322
AT5G48500,-0.21363597
AT5G48510,0.00032134575
AT5G48515,0.0
AT5G48520,-0.18660682
AT5G48530,0.20392592
AT5G48540,0.5718887
AT5G48543,0.0
AT5G48545,-0.31096253
AT5G48550,0.008759869
AT5G48560,0.12662491
AT5G48570,0.24416879
AT5G48575,0.0005569795
AT5G48580,-0.021201577
AT5G48590,-0.034611687
AT5G48595,0.0
AT5G48600,-0.21794379
AT5G48605,0.0
AT5G48610,-0.21119845
AT5G48620,-0.110011436
AT5G48630,-0.1931594
AT5G48640,0.111900255
AT5G48650,-0.0025315124
AT5G48655,0.19025184
AT5G48657,0.8451417
AT5G48660,-0.29487815
AT5G48670,0.068419255
AT5G48680,-0.004627429
AT5G48690,-0.34069127
AT5G48700,-0.0006106954
AT5G48710,-0.01809959
AT5G48720,0.1272743
AT5G48730,-0.20001969
AT5G48740,-0.19401254
AT5G48750,0.00014193372
AT5G48760,-0.046137687
AT5G48770,0.17105405
AT5G48780,0.13632222
AT5G48790,-0.39244536
AT5G48800,-0.38319436
AT5G48810,0.0574805
AT5G48820,0.21314225
AT5G48830,-0.20660122
AT5G48840,-0.11521756
AT5G48850,-0.31903017
AT5G48860,0.0
AT5G48870,-0.020168902
AT5G48880,-0.10191071
AT5G48890,0.015801022
AT5G48900,-0.8864666
AT5G48905,0.0
AT5G48910,-0.49797007
AT5G48920,0.284368
AT5G48930,0.3255091
AT5G48940,-0.04067323
AT5G48945,0.0
AT5G48950,-0.16490163
AT5G48953,0.00014193372
AT5G48960,-0.28185365
AT5G48970,0.4134937
AT5G48980,0.024827665
AT5G48990,-0.2015567
AT5G49000,0.07503952
AT5G49010,-0.06075389
AT5G49015,0.08526813
AT5G49020,-0.19787239
AT5G49030,-0.26443657
AT5G49040,-0.008112153
AT5G49050,0.0
AT5G49060,-0.04321762
AT5G49070,-0.001672604
AT5G49100,-1.033513
AT5G49110,-0.11124874
AT5G49120,-0.026985344
AT5G49130,-0.07815994
AT5G49140,0.0
AT5G49150,-0.004045655
AT5G49160,-0.11492953
AT5G49170,-0.20508605
AT5G49180,-0.0138785485
AT5G49190,-0.052971497
AT5G49200,0.11703304
AT5G49210,0.085986726
AT5G49215,-0.43080655
AT5G49220,0.06044169
AT5G49230,-0.17490712
AT5G49240,0.0
AT5G49250,0.0
AT5G49260,0.0
AT5G49270,-0.01746276
AT5G49280,0.0069500934
AT5G49290,-0.24274439
AT5G49300,-0.1004934
AT5G49305,-0.059771474
AT5G49310,-0.025176022
AT5G49320,-0.12945494
AT5G49330,-0.040093735
AT5G49340,-0.00028940925
AT5G49350,0.0
AT5G49360,0.2032584
AT5G49390,-0.26449755
AT5G49400,-0.039256398
AT5G49410,0.0048101842
AT5G49420,0.03319395
AT5G49430,-0.12261164
AT5G49440,-0.080116436
AT5G49450,0.73747575
AT5G49460,0.020809593
AT5G49470,0.1385746
AT5G49480,1.7723091
AT5G49490,0.0001421356
AT5G49500,-0.46413115
AT5G49510,-0.0988177
AT5G49520,0.9374601
AT5G49525,0.37224895
AT5G49530,-0.08274314
AT5G49540,0.06869566
AT5G49550,0.11992802
AT5G49555,-0.34472468
AT5G49560,0.28370163
AT5G49570,0.6496284
AT5G49580,-0.1322694
AT5G49590,-0.055221815
AT5G49600,0.37096253
AT5G49610,0.038560227
AT5G49620,0.5780995
AT5G49630,-0.23915346
AT5G49640,0.00122039
AT5G49645,0.1678209
AT5G49650,0.15134698
AT5G49660,-0.31495842
AT5G49665,1.0447872
AT5G49680,1.167286
AT5G49690,2.3445332
AT5G49700,1.1667938
AT5G49710,0.21239173
AT5G49720,-0.20152082
AT5G49730,-0.7467921
AT5G49740,-0.51100326
AT5G49750,0.0
AT5G49760,0.4056797
AT5G49770,-5.810378e-05
AT5G49780,-0.057667606
AT5G49800,-0.275485
AT5G49810,-0.014006801
AT5G49820,-0.045604687
AT5G49830,0.20017022
AT5G49840,-0.053339966
AT5G49850,0.08361691
AT5G49860,0.0005569795
AT5G49870,-0.002852813
AT5G49880,-0.14032884
AT5G49890,0.0022025425
AT5G49900,0.040574323
AT5G49910,0.29875112
AT5G49920,0.029598672
AT5G49930,0.04352595
AT5G49940,0.09962372
AT5G49945,-0.10805485
AT5G49950,0.21743682
AT5G49960,-0.2890997
AT5G49970,-0.10478951
AT5G49980,-0.16143759
AT5G49990,-0.23882762
AT5G50000,-0.42507085
AT5G50010,-0.3870176
AT5G50020,-0.17595911
AT5G50030,0.00020717693
AT5G50040,0.0
AT5G50050,0.0
AT5G50060,0.03284827
AT5G50070,-0.0021070372
AT5G50080,0.085067496
AT5G50090,-0.1657116
AT5G50100,0.17462726
AT5G50110,-0.24950708
AT5G50115,0.0005073407
AT5G50120,-0.02717322
AT5G50130,-0.3371406
AT5G50140,0.0038980579
AT5G50150,-0.5782403
AT5G50160,-0.19961289
AT5G50170,0.13926664
AT5G50175,0.036137976
AT5G50180,-0.41837823
AT5G50200,1.3030795
AT5G50210,0.24153562
AT5G50220,0.000660775
AT5G50230,0.021713357
AT5G50240,-0.27515113
AT5G50250,0.017264258
AT5G50260,0.19086893
AT5G50270,0.0011216934
AT5G50280,-0.3954426
AT5G50290,-0.16875122
AT5G50300,0.14217934
AT5G50310,-0.21049717
AT5G50320,0.24085093
AT5G50330,0.28028113
AT5G50335,-0.50563407
AT5G50340,-0.088345364
AT5G50345,0.0
AT5G50350,0.15778457
AT5G50360,1.5670747
AT5G50361,0.0024896124
AT5G50365,0.0
AT5G50370,0.1288939
AT5G50375,-0.17055362
AT5G50380,0.22389951
AT5G50390,-0.08560642
AT5G50400,-0.058693238
AT5G50410,-0.17669038
AT5G50420,-0.46565047
AT5G50423,0.00014290567
AT5G50430,0.16420169
AT5G50440,0.0628857
AT5G50443,0.036139984
AT5G50450,-0.16858932
AT5G50460,0.5092967
AT5G50470,0.3751459
AT5G50480,0.0
AT5G50490,0.0
AT5G50500,0.0
AT5G50510,0.0
AT5G50520,0.26831803
AT5G50530,0.00038819853
AT5G50540,0.00890319
AT5G50550,-0.2268152
AT5G50560,0.8993092
AT5G50562,0.0026417444
AT5G50565,0.8961494
AT5G50570,1.1291432
AT5G50580,-0.0063654757
AT5G50590,0.0
AT5G50600,0.5435425
AT5G50610,-0.061887696
AT5G50640,0.16581249
AT5G50670,-0.37886554
AT5G50680,-0.11436748
AT5G50690,0.11647476
AT5G50700,0.0017966885
AT5G50720,-0.2866148
AT5G50740,-0.6071245
AT5G50750,0.010377538
AT5G50760,2.8803399
AT5G50770,0.0007719828
AT5G50780,0.017367328
AT5G50790,0.029903883
AT5G50800,-0.78781694
AT5G50810,0.153795
AT5G50820,0.048094265
AT5G50830,-0.0035494785
AT5G50840,0.0745763
AT5G50850,0.27220282
AT5G50870,0.022975368
AT5G50890,-0.60149586
AT5G50900,-0.14914931
AT5G50910,0.0
AT5G50915,0.9769617
AT5G50920,-0.093567975
AT5G50930,0.15573321
AT5G50940,0.26950178
AT5G50950,-0.20019247
AT5G50960,0.45355546
AT5G50970,-0.2400795
AT5G50990,-0.12937126
AT5G51000,-0.0010403466
AT5G51010,0.013427827
AT5G51020,-0.17468916
AT5G51030,0.10500846
AT5G51040,0.6221962
AT5G51050,-0.04021168
AT5G51060,1.5916314
AT5G51070,0.7192408
AT5G51080,-0.22412485
AT5G51090,0.0007547766
AT5G51100,-0.15091963
AT5G51105,0.050453257
AT5G51110,-0.34047228
AT5G51120,-0.034407124
AT5G51130,0.06770627
AT5G51140,-0.1330295
AT5G51150,-0.000502296
AT5G51160,0.27421752
AT5G51170,0.046701636
AT5G51180,-0.1461473
AT5G51190,0.01954508
AT5G51195,0.0
AT5G51200,-0.24694222
AT5G51210,-0.0010744437
AT5G51220,0.18133794
AT5G51230,-0.031019427
AT5G51250,0.0
AT5G51260,0.33503926
AT5G51270,-0.076794505
AT5G51280,0.07492486
AT5G51290,0.11652968
AT5G51300,-0.030478675
AT5G51310,-0.085432656
AT5G51330,-0.0024872443
AT5G51340,0.058243975
AT5G51350,-0.36119643
AT5G51360,0.001548194
AT5G51370,-0.009478996
AT5G51380,-0.007573903
AT5G51390,0.31421956
AT5G51400,0.1856817
AT5G51410,-0.061089482
AT5G51420,0.037778612
AT5G51430,0.08909533
AT5G51440,0.81109244
AT5G51450,0.27068344
AT5G51451,0.006544765
AT5G51460,-0.34187812
AT5G51465,1.5266842
AT5G51470,-0.14585343
AT5G51480,0.43955073
AT5G51490,0.008078544
AT5G51500,-0.0025006856
AT5G51510,0.2690724
AT5G51520,-0.0010403466
AT5G51530,-0.13622011
AT5G51540,-0.1376138
AT5G51545,-0.22932114
AT5G51550,-0.38806742
AT5G51560,-0.45505393
AT5G51570,0.6099127
AT5G51580,0.018476784
AT5G51585,-0.019323222
AT5G51590,0.17964055
AT5G51600,-0.28208995
AT5G51610,0.0
AT5G51620,0.18795416
AT5G51630,0.44476435
AT5G51640,0.6956856
AT5G51650,0.0
AT5G51660,-0.07983029
AT5G51670,-0.2229134
AT5G51680,1.6666073
AT5G51690,-0.081193924
AT5G51700,0.071620844
AT5G51710,0.40973178
AT5G51720,-0.67441565
AT5G51730,-0.25414497
AT5G51740,0.4623415
AT5G51750,0.33389091
AT5G51760,0.33828783
AT5G51770,0.14628266
AT5G51780,-0.057407364
AT5G51790,-0.116938025
AT5G51795,-0.29226258
AT5G51800,-0.004014551
AT5G51810,0.04869419
AT5G51820,-0.52539605
AT5G51830,0.74789274
AT5G51840,-0.024386147
AT5G51845,0.00046823057
AT5G51850,-0.36221695
AT5G51860,0.0
AT5G51870,0.0009810166
AT5G51880,0.078776695
AT5G51890,0.41237858
AT5G51900,-0.0006082406
AT5G51910,-0.061683245
AT5G51915,4.0527742e-05
AT5G51920,-0.42171603
AT5G51930,-0.0017898242
AT5G51940,-0.048268575
AT5G51950,-0.019863017
AT5G51960,0.028468482
AT5G51970,-0.16242057
AT5G51980,0.0430661
AT5G51990,0.072092496
AT5G52000,0.03424049
AT5G52010,-0.17449684
AT5G52020,-0.008423564
AT5G52030,-0.25110373
AT5G52040,-0.03515272
AT5G52045,0.0
AT5G52050,2.1738286
AT5G52060,-0.17793918
AT5G52070,0.19219704
AT5G52080,0.0
AT5G52090,0.0
AT5G52100,-0.6574842
AT5G52110,-0.15339744
AT5G52115,0.0
AT5G52120,-0.055967573
AT5G52130,0.0
AT5G52140,0.0
AT5G52150,0.0
AT5G52155,0.0
AT5G52160,-0.043479696
AT5G52170,-0.018519377
AT5G52180,-0.16341196
AT5G52190,-0.120744355
AT5G52200,0.1821345
AT5G52210,0.22374952
AT5G52220,-0.016115649
AT5G52230,-0.33357298
AT5G52240,0.15058517
AT5G52250,0.15896316
AT5G52260,0.0042239036
AT5G52270,-0.06887971
AT5G52280,-0.5770149
AT5G52290,-0.030414775
AT5G52300,0.41970485
AT5G52310,0.5487919
AT5G52320,-0.4710898
AT5G52330,0.056589264
AT5G52340,-0.03784509
AT5G52350,0.048772093
AT5G52360,0.0
AT5G52370,-0.031290594
AT5G52380,0.033668917
AT5G52390,0.51457757
AT5G52400,0.29499
AT5G52410,-0.22738504
AT5G52420,-0.13050036
AT5G52430,-0.11960568
AT5G52440,-0.21876833
AT5G52450,0.5003816
AT5G52460,0.0
AT5G52470,0.09224248
AT5G52480,0.00014290567
AT5G52490,-0.00018371837
AT5G52500,4.3429653e-05
AT5G52510,-0.057990395
AT5G52520,-0.16402648
AT5G52530,0.083165534
AT5G52540,0.358235
AT5G52545,-0.2537265
AT5G52547,-0.05868658
AT5G52550,-0.23408099
AT5G52560,0.004638917
AT5G52570,-0.28728303
AT5G52580,0.17489725
AT5G52600,-0.030042104
AT5G52605,0.0
AT5G52610,0.0
AT5G52620,0.10970917
AT5G52630,-0.03737851
AT5G52640,0.39776343
AT5G52650,0.2679095
AT5G52655,0.0
AT5G52660,0.07118134
AT5G52670,0.068604656
AT5G52680,0.021999909
AT5G52690,0.000580952
AT5G52700,0.00030422627
AT5G52710,0.018315392
AT5G52720,1.1928742
AT5G52730,0.05461426
AT5G52740,-0.047688283
AT5G52750,0.64193064
AT5G52760,1.0909843
AT5G52770,0.10736558
AT5G52780,-0.58193195
AT5G52790,0.12176309
AT5G52800,0.28009984
AT5G52810,1.253557
AT5G52820,0.13908374
AT5G52830,-0.28143656
AT5G52840,0.12144572
AT5G52850,-0.19320495
AT5G52860,0.14268304
AT5G52870,0.1493493
AT5G52880,0.04828566
AT5G52882,-0.25643715
AT5G52890,-0.05371798
AT5G52900,-0.05231692
AT5G52910,0.25125122
AT5G52920,-0.13711251
AT5G52930,-0.10774924
AT5G52940,-0.02926522
AT5G52950,-0.06479837
AT5G52960,-0.2766834
AT5G52965,-0.0017317431
AT5G52970,-0.378643
AT5G52975,-0.0010717687
AT5G52980,0.33357722
AT5G52990,0.26029786
AT5G53000,0.13715877
AT5G53010,-0.10243698
AT5G53020,-0.6045751
AT5G53030,0.15366021
AT5G53040,0.00014290567
AT5G53045,0.077440515
AT5G53050,0.03312992
AT5G53060,-0.18703409
AT5G53070,-0.13955462
AT5G53080,-0.2110172
AT5G53090,0.0013876074
AT5G53100,0.015646016
AT5G53110,0.36415777
AT5G53120,1.1205037
AT5G53130,0.061849244
AT5G53140,-0.119784325
AT5G53150,-0.31664813
AT5G53160,0.023872629
AT5G53170,-0.26452696
AT5G53180,0.16683656
AT5G53190,-0.0010374135
AT5G53200,-0.20942816
AT5G53210,0.090675905
AT5G53220,-0.20757793
AT5G53230,0.035366442
AT5G53240,0.03243314
AT5G53250,0.01000459
AT5G53260,0.0
AT5G53270,0.0
AT5G53280,-0.31419963
AT5G53290,0.31392726
AT5G53300,0.07875435
AT5G53310,0.13490102
AT5G53320,0.91107494
AT5G53330,0.36804366
AT5G53340,-0.09570155
AT5G53350,0.070215404
AT5G53360,-0.06430779
AT5G53370,-0.05072511
AT5G53380,0.0
AT5G53390,0.0
AT5G53400,0.075851224
AT5G53410,0.0
AT5G53420,-0.6109155
AT5G53430,-0.1241935
AT5G53440,-0.100976445
AT5G53450,0.2517648
AT5G53460,-0.008393546
AT5G53470,0.120862804
AT5G53480,0.012690806
AT5G53486,0.52541137
AT5G53490,-0.20384906
AT5G53500,-0.4364158
AT5G53510,0.0
AT5G53520,0.0
AT5G53530,0.066246785
AT5G53540,0.2700488
AT5G53550,0.031575687
AT5G53560,0.27186602
AT5G53570,-0.12799247
AT5G53580,-0.44624427
AT5G53590,0.77978796
AT5G53592,-0.081354454
AT5G53600,0.0006634965
AT5G53610,0.001682371
AT5G53620,-0.12933372
AT5G53635,0.0
AT5G53637,0.0029722955
AT5G53640,0.013599142
AT5G53650,0.230655
AT5G53660,0.027616885
AT5G53670,0.0
AT5G53680,0.02420134
AT5G53700,-0.033860266
AT5G53710,0.2808653
AT5G53720,0.0002137822
AT5G53730,-0.060225185
AT5G53740,0.007340106
AT5G53742,0.0011709947
AT5G53750,0.3106129
AT5G53760,-0.16288963
AT5G53770,0.11895678
AT5G53780,0.011391954
AT5G53790,0.0
AT5G53800,-0.26679167
AT5G53810,0.0020567782
AT5G53820,0.875356
AT5G53830,0.17961499
AT5G53840,0.015632123
AT5G53850,-0.18685763
AT5G53860,-0.25670296
AT5G53870,0.6433558
AT5G53880,-0.83074874
AT5G53890,-0.168375
AT5G53895,-0.0109935645
AT5G53900,-0.57109016
AT5G53905,-0.0017303396
AT5G53910,0.0
AT5G53920,0.24250348
AT5G53930,-0.19199635
AT5G53940,-0.17156582
AT5G53950,-0.13728756
AT5G53960,0.0005569795
AT5G53970,0.99989474
AT5G53980,-0.03710663
AT5G53990,1.4703417
AT5G54000,0.7724741
AT5G54010,0.0005073407
AT5G54020,0.24362859
AT5G54030,-0.0014688167
AT5G54035,0.0
AT5G54040,0.5353163
AT5G54043,0.0
AT5G54050,7.072335e-05
AT5G54060,-0.083790675
AT5G54062,0.0
AT5G54067,0.0
AT5G54070,-0.0033243368
AT5G54080,0.35437745
AT5G54090,-0.16388483
AT5G54095,0.030717388
AT5G54100,0.72928715
AT5G54110,0.285822
AT5G54130,0.18992107
AT5G54140,0.27360913
AT5G54145,-0.017478535
AT5G54148,0.1371827
AT5G54150,0.00022991377
AT5G54160,0.69037366
AT5G54165,1.4970396
AT5G54170,0.51987755
AT5G54180,-0.16945271
AT5G54190,0.18808544
AT5G54200,-0.46429235
AT5G54210,0.0
AT5G54215,0.0
AT5G54220,-0.014949541
AT5G54225,0.0
AT5G54230,0.5548202
AT5G54240,0.11264879
AT5G54250,-0.05078006
AT5G54260,-0.0759559
AT5G54270,-0.62885785
AT5G54280,-0.23543938
AT5G54290,-0.12680955
AT5G54300,0.67065054
AT5G54310,0.14167291
AT5G54320,0.0
AT5G54330,0.0
AT5G54340,0.0
AT5G54350,0.0
AT5G54360,0.0
AT5G54370,-0.011673712
AT5G54380,0.0037901956
AT5G54390,0.36658993
AT5G54400,1.4116899
AT5G54410,-0.00055448915
AT5G54420,0.0
AT5G54430,0.10448274
AT5G54440,-0.044474617
AT5G54450,0.04520461
AT5G54460,0.0
AT5G54470,-0.33593172
AT5G54480,0.0
AT5G54490,0.6304615
AT5G54500,1.0395372
AT5G54510,2.03186
AT5G54520,-0.025604676
AT5G54530,-0.30833125
AT5G54540,0.15969105
AT5G54550,-0.042413134
AT5G54560,0.11529435
AT5G54570,0.30031458
AT5G54580,-0.07093116
AT5G54585,-0.8674501
AT5G54590,0.1410761
AT5G54600,-0.29141104
AT5G54610,0.859272
AT5G54620,0.018772205
AT5G54630,-0.5327458
AT5G54640,0.22511616
AT5G54650,0.8044477
AT5G54660,0.009194783
AT5G54670,-0.046259794
AT5G54680,0.09155309
AT5G54690,0.12324116
AT5G54700,0.023590874
AT5G54710,-0.05282845
AT5G54720,-0.09292257
AT5G54730,0.56515723
AT5G54740,-0.001403788
AT5G54745,0.0
AT5G54750,-0.04178768
AT5G54760,0.27926946
AT5G54770,-0.3288774
AT5G54780,0.6687977
AT5G54790,-0.004580461
AT5G54800,-0.06469624
AT5G54810,1.4170154
AT5G54820,0.000596788
AT5G54830,-0.00813827
AT5G54840,0.66516864
AT5G54850,0.1932191
AT5G54855,-0.0059098154
AT5G54860,1.0872102
AT5G54870,0.63485575
AT5G54880,-0.32490566
AT5G54890,-0.42937464
AT5G54900,0.38498285
AT5G54910,-0.06651298
AT5G54920,-0.049732946
AT5G54930,0.424724
AT5G54940,0.2521666
AT5G54950,-0.011479713
AT5G54960,0.2523217
AT5G54970,0.26711863
AT5G54980,-0.51826656
AT5G54990,0.0064262133
AT5G55000,-0.07877713
AT5G55010,0.006544898
AT5G55020,-0.0083703175
AT5G55040,-0.10320579
AT5G55050,-0.09444326
AT5G55060,0.050354104
AT5G55070,0.3997345
AT5G55080,0.0
AT5G55090,0.36982846
AT5G55100,-0.020112224
AT5G55110,-0.0006172982
AT5G55120,0.099782504
AT5G55125,0.031892546
AT5G55130,0.19471417
AT5G55131,0.0
AT5G55132,0.0029722955
AT5G55135,0.51308703
AT5G55140,0.007411102
AT5G55150,-0.116262175
AT5G55160,0.023131007
AT5G55170,0.4474901
AT5G55180,1.795204
AT5G55190,0.13424861
AT5G55200,0.43072757
AT5G55210,-0.24438137
AT5G55220,-0.5001555
AT5G55230,-0.3341034
AT5G55240,0.0
AT5G55250,-0.44045752
AT5G55260,-0.12918861
AT5G55270,-0.018954355
AT5G55280,-0.17612408
AT5G55290,0.24635878
AT5G55300,-0.28809643
AT5G55310,-0.0143793775
AT5G55320,0.0
AT5G55330,7.072335e-05
AT5G55340,0.015203601
AT5G55350,-0.0005704912
AT5G55360,0.00088524853
AT5G55370,0.040673587
AT5G55380,-0.32867643
AT5G55390,-0.13599764
AT5G55400,-0.10460721
AT5G55410,0.52219826
AT5G55430,0.006808312
AT5G55440,0.013763263
AT5G55450,0.86593276
AT5G55460,0.36113137
AT5G55470,-0.2895717
AT5G55480,-0.4330789
AT5G55490,0.17665333
AT5G55500,0.066841744
AT5G55507,0.016371403
AT5G55508,0.0
AT5G55510,0.30411878
AT5G55520,-0.22623388
AT5G55530,0.5027986
AT5G55540,-0.2802907
AT5G55550,-0.009286099
AT5G55560,0.8194525
AT5G55565,0.0
AT5G55570,-0.17516048
AT5G55580,-0.23923184
AT5G55590,-0.037688527
AT5G55600,-0.020355431
AT5G55610,0.23397319
AT5G55620,-0.51206875
AT5G55630,0.10567115
AT5G55640,-0.10855625
AT5G55650,0.0022739198
AT5G55660,-0.38883305
AT5G55670,-0.0736928
AT5G55680,-0.0066493154
AT5G55690,0.03216951
AT5G55700,0.065862134
AT5G55710,-0.1551956
AT5G55720,0.09253555
AT5G55730,-0.4452789
AT5G55740,-0.5952184
AT5G55750,-0.0152978115
AT5G55760,-0.3381225
AT5G55770,-0.013537816
AT5G55780,-0.0011428718
AT5G55790,-0.31164974
AT5G55800,0.0021545556
AT5G55810,-0.055566862
AT5G55820,0.13902791
AT5G55830,-0.09601682
AT5G55840,-0.2931077
AT5G55850,0.15244019
AT5G55855,0.0
AT5G55856,0.0
AT5G55860,0.1344755
AT5G55870,0.0
AT5G55880,0.0
AT5G55893,0.04899588
AT5G55900,-0.26757202
AT5G55910,-0.0721818
AT5G55920,0.2013583
AT5G55930,-0.5052115
AT5G55940,0.046848927
AT5G55950,-0.19353953
AT5G55960,-0.06011082
AT5G55970,0.07927566
AT5G55980,0.07884195
AT5G55990,-0.25438327
AT5G56000,0.037453502
AT5G56010,0.29606706
AT5G56020,0.15979457
AT5G56030,0.28611267
AT5G56040,-0.56298757
AT5G56050,0.36034143
AT5G56060,-0.007318897
AT5G56070,9.088509e-05
AT5G56075,0.00071988965
AT5G56080,-0.008207368
AT5G56090,0.12716202
AT5G56100,-0.1400667
AT5G56110,0.011785554
AT5G56120,-0.23363589
AT5G56130,-0.09941379
AT5G56140,0.024593843
AT5G56150,0.49373785
AT5G56160,-0.12208754
AT5G56170,0.3073313
AT5G56180,0.3238898
AT5G56190,0.20661008
AT5G56200,0.39313725
AT5G56210,-0.4717445
AT5G56220,-0.27910265
AT5G56230,0.6547782
AT5G56240,0.0008457535
AT5G56250,-0.025772773
AT5G56260,0.085259326
AT5G56270,0.16060996
AT5G56280,-0.02694839
AT5G56290,0.014861652
AT5G56300,0.0034994513
AT5G56310,-0.1292791
AT5G56320,-0.010392941
AT5G56325,0.0
AT5G56330,0.0
AT5G56340,0.34631148
AT5G56350,0.7687066
AT5G56360,-0.066981845
AT5G56368,4.3429653e-05
AT5G56369,0.0
AT5G56370,-0.6019952
AT5G56380,-0.256401
AT5G56390,0.0015783325
AT5G56400,0.0037825354
AT5G56410,0.0
AT5G56420,-0.07680804
AT5G56430,0.0
AT5G56440,0.0010709917
AT5G56450,-0.14066994
AT5G56452,0.0
AT5G56460,0.0124790715
AT5G56470,0.0
AT5G56480,0.0
AT5G56490,0.007204972
AT5G56500,-0.5272073
AT5G56510,-0.03153929
AT5G56520,-0.19783212
AT5G56530,-0.47901958
AT5G56540,-0.12559527
AT5G56550,-0.028466975
AT5G56555,0.000114349095
AT5G56560,0.0
AT5G56570,0.0099864835
AT5G56580,-0.15368392
AT5G56590,-0.4202095
AT5G56600,-0.083614565
AT5G56610,0.11170945
AT5G56620,0.27327594
AT5G56630,-0.07250289
AT5G56640,0.0
AT5G56650,-0.15235658
AT5G56660,0.122416005
AT5G56680,0.05341825
AT5G56690,0.0010709917
AT5G56700,-0.1544064
AT5G56710,0.042085387
AT5G56720,0.009283361
AT5G56730,-0.14103831
AT5G56740,-0.0029809235
AT5G56750,0.28719506
AT5G56760,0.2722904
AT5G56770,0.00015333656
AT5G56780,-0.4510289
AT5G56790,-0.25485757
AT5G56795,0.04274687
AT5G56800,0.031910937
AT5G56810,-0.2062949
AT5G56820,0.00014290567
AT5G56840,0.1835315
AT5G56850,-0.8806868
AT5G56860,-0.46954283
AT5G56870,-0.15706219
AT5G56880,0.15170476
AT5G56890,-0.082675025
AT5G56900,-0.026207358
AT5G56910,-0.16581114
AT5G56920,0.0
AT5G56930,-0.042941518
AT5G56940,0.070277564
AT5G56950,-0.060591664
AT5G56960,1.3613404
AT5G56970,1.8933144
AT5G56980,0.90848774
AT5G56985,0.033705987
AT5G56990,-0.18387136
AT5G57000,0.067288265
AT5G57010,2.153706
AT5G57015,0.15112564
AT5G57020,0.0822833
AT5G57030,-0.58096707
AT5G57035,0.6453877
AT5G57040,-0.32309914
AT5G57050,0.3334933
AT5G57060,0.4319659
AT5G57070,0.123693734
AT5G57080,-0.006787756
AT5G57090,-0.019848024
AT5G57100,-0.35836834
AT5G57110,-0.28430104
AT5G57120,-0.3112618
AT5G57123,0.6190773
AT5G57130,-0.48608518
AT5G57140,-0.40366262
AT5G57150,0.19911402
AT5G57160,-0.22045626
AT5G57170,-0.46950367
AT5G57180,-0.29672396
AT5G57190,0.1824811
AT5G57200,0.0
AT5G57210,-0.38382202
AT5G57220,0.58618045
AT5G57230,-0.103026934
AT5G57240,-0.04841235
AT5G57250,-0.16779199
AT5G57260,0.22931926
AT5G57270,-0.41566232
AT5G57280,0.08144002
AT5G57290,0.20641556
AT5G57300,-0.05112194
AT5G57320,-0.08365371
AT5G57330,-0.09713872
AT5G57340,-0.42480224
AT5G57345,-0.51114464
AT5G57350,-0.063361935
AT5G57360,-0.03185853
AT5G57370,-0.043387353
AT5G57380,0.06392135
AT5G57390,-0.3259288
AT5G57400,0.033511836
AT5G57410,0.050841317
AT5G57420,0.005141398
AT5G57440,-0.4055283
AT5G57450,0.1427239
AT5G57460,0.13093534
AT5G57480,1.4375057
AT5G57490,-0.13928512
AT5G57500,0.7395203
AT5G57510,2.3611798
AT5G57520,0.66485375
AT5G57530,-0.0038955302
AT5G57535,0.0
AT5G57540,-0.0011278972
AT5G57550,0.90881395
AT5G57560,0.9250478
AT5G57565,-0.08321381
AT5G57567,-0.05156261
AT5G57569,0.00014290567
AT5G57570,-0.20551097
AT5G57580,0.1684715
AT5G57590,-0.11467955
AT5G57610,-0.111825444
AT5G57620,-0.0134036
AT5G57625,-0.018845834
AT5G57630,0.047555435
AT5G57640,-0.10761871
AT5G57650,0.20445353
AT5G57655,0.5023617
AT5G57660,-0.15449913
AT5G57670,-0.11972252
AT5G57685,-0.69948673
AT5G57690,-0.0033510432
AT5G57700,-0.37817743
AT5G57710,-0.14616354
AT5G57720,0.017101895
AT5G57740,0.022377547
AT5G57750,0.0019935078
AT5G57760,-0.3938014
AT5G57770,0.0994487
AT5G57780,-0.89960694
AT5G57785,-0.2506476
AT5G57790,-0.49873817
AT5G57800,-0.070703246
AT5G57810,-0.046284124
AT5G57815,-0.029798241
AT5G57820,0.00047460455
AT5G57830,0.0036200043
AT5G57840,0.103463404
AT5G57850,-0.157904
AT5G57860,0.30545148
AT5G57870,0.17007098
AT5G57880,-0.25241745
AT5G57887,0.33517295
AT5G57890,-0.14891478
AT5G57900,0.39064398
AT5G57910,0.7197806
AT5G57920,0.017363599
AT5G57930,-0.29536855
AT5G57940,-0.18160711
AT5G57950,0.0012019895
AT5G57960,-0.2155154
AT5G57970,-0.0005244584
AT5G57980,0.06516153
AT5G57990,0.18803559
AT5G58000,-0.38199458
AT5G58003,-0.23598832
AT5G58005,0.11736768
AT5G58010,-0.014461915
AT5G58020,0.21909098
AT5G58030,0.06626341
AT5G58040,-0.0064914534
AT5G58050,0.0987445
AT5G58060,0.34925056
AT5G58070,-0.09161053
AT5G58080,0.02679105
AT5G58090,-0.17826387
AT5G58100,-0.0669491
AT5G58110,0.05001274
AT5G58120,0.4379532
AT5G58130,-0.09396551
AT5G58140,-0.68243873
AT5G58150,-0.17967668
AT5G58160,0.12897155
AT5G58170,0.08371907
AT5G58180,-0.0016937918
AT5G58190,0.11500932
AT5G58200,-0.12985966
AT5G58210,0.07587108
AT5G58220,0.2035109
AT5G58230,0.041443873
AT5G58240,0.0915113
AT5G58250,-0.08193972
AT5G58260,-0.95277196
AT5G58270,-0.010110885
AT5G58280,-0.013567179
AT5G58290,0.47990653
AT5G58300,-0.5147047
AT5G58310,-0.53687674
AT5G58320,0.59680104
AT5G58330,-0.18588251
AT5G58340,-0.66458017
AT5G58350,0.7599474
AT5G58360,-0.07237667
AT5G58370,-0.40232962
AT5G58375,0.44163135
AT5G58380,0.17867446
AT5G58390,-0.61639893
AT5G58400,-0.017417168
AT5G58410,0.03686066
AT5G58412,0.0006248268
AT5G58420,0.13978207
AT5G58430,0.17942609
AT5G58440,-0.1406536
AT5G58450,-0.084605336
AT5G58460,0.0027776938
AT5G58470,0.19674912
AT5G58480,-0.64623874
AT5G58490,0.18035284
AT5G58500,-0.2187749
AT5G58510,0.015564463
AT5G58520,-0.3165473
AT5G58530,-0.034056805
AT5G58540,0.113709465
AT5G58550,-0.470575
AT5G58560,-0.023749573
AT5G58570,0.3335031
AT5G58575,0.10489875
AT5G58580,-0.43642178
AT5G58590,-0.16295865
AT5G58600,-0.22384614
AT5G58610,0.02087689
AT5G58620,0.59336764
AT5G58630,-0.040903915
AT5G58640,0.16726232
AT5G58650,0.03547581
AT5G58660,-0.12668805
AT5G58670,0.1961775
AT5G58680,0.7149903
AT5G58690,0.1408677
AT5G58700,0.414368
AT5G58710,0.03756504
AT5G58720,0.121221684
AT5G58730,0.7635907
AT5G58740,0.06388027
AT5G58750,-0.026035797
AT5G58760,-0.20786406
AT5G58770,-0.19480643
AT5G58780,0.0017895368
AT5G58782,0.0
AT5G58784,0.030100586
AT5G58787,-0.32151577
AT5G58790,-0.14122516
AT5G58800,0.3165519
AT5G58810,0.0
AT5G58820,0.0
AT5G58830,-0.00087662064
AT5G58840,2.4115057
AT5G58850,0.0
AT5G58860,0.108389944
AT5G58870,-0.07015321
AT5G58880,-0.00018958625
AT5G58890,0.0
AT5G58900,-0.46215698
AT5G58910,0.0018465013
AT5G58930,-0.353685
AT5G58940,0.32741377
AT5G58950,-0.058286548
AT5G58960,-0.24669127
AT5G58970,-0.2816477
AT5G58980,0.087915406
AT5G58990,0.1193309
AT5G59000,-0.30856138
AT5G59010,-0.29486448
AT5G59030,-0.40684128
AT5G59040,0.002722845
AT5G59050,-0.98822474
AT5G59060,0.11716761
AT5G59080,-0.5625372
AT5G59090,0.031107947
AT5G59100,0.0
AT5G59105,0.0
AT5G59110,0.0
AT5G59120,0.0006703068
AT5G59130,-0.7509173
AT5G59140,0.33949065
AT5G59150,0.2828612
AT5G59160,0.08295837
AT5G59170,-0.060862366
AT5G59180,0.021173807
AT5G59190,0.0061047277
AT5G59200,0.16126896
AT5G59210,-0.008328104
AT5G59220,1.6434823
AT5G59230,0.07923311
AT5G59240,-0.06887254
AT5G59250,-0.4060454
AT5G59260,0.043025684
AT5G59270,-0.02799908
AT5G59280,0.0011908455
AT5G59290,0.4440021
AT5G59300,0.3564958
AT5G59305,-9.026499e-05
AT5G59310,1.9520417
AT5G59320,0.78159004
AT5G59330,0.012952191
AT5G59340,-0.015017409
AT5G59350,-0.3931072
AT5G59360,-0.25100484
AT5G59370,-0.041305006
AT5G59380,-0.03952528
AT5G59390,0.8695468
AT5G59400,0.24171305
AT5G59410,-0.18660742
AT5G59420,0.26526928
AT5G59430,-0.12074309
AT5G59440,-0.093335226
AT5G59450,0.101951405
AT5G59460,-0.14622754
AT5G59470,0.105105765
AT5G59490,1.2838312
AT5G59500,0.12781489
AT5G59510,0.4165899
AT5G59520,-0.07106451
AT5G59530,0.85548574
AT5G59540,0.020926528
AT5G59550,0.70871735
AT5G59560,-0.029184235
AT5G59570,0.4408656
AT5G59580,0.81192714
AT5G59590,0.2818869
AT5G59600,-0.3295422
AT5G59610,-0.0043616593
AT5G59613,0.15977305
AT5G59616,0.0
AT5G59650,-0.6839002
AT5G59660,-0.53696275
AT5G59670,0.5629736
AT5G59680,0.36149198
AT5G59700,0.02832085
AT5G59710,-0.08508351
AT5G59720,0.18008241
AT5G59730,-0.3510804
AT5G59740,-0.16830696
AT5G59750,-0.43604827
AT5G59760,-0.11493754
AT5G59770,-0.08267386
AT5G59780,-0.2773183
AT5G59790,0.032911826
AT5G59800,-0.3888414
AT5G59810,0.19060524
AT5G59820,1.8313026
AT5G59830,-0.23431459
AT5G59840,0.32569492
AT5G59845,0.16028607
AT5G59860,0.0009098152
AT5G59865,0.044492424
AT5G59870,0.07235689
AT5G59880,0.09687318
AT5G59890,0.49121523
AT5G59895,0.00066887087
AT5G59900,-0.26287034
AT5G59910,0.1316839
AT5G59920,-0.52208465
AT5G59930,-0.003144593
AT5G59940,0.024008714
AT5G59950,0.1612792
AT5G59960,0.26249057
AT5G59980,-0.2130267
AT5G59990,-0.25911805
AT5G60000,0.00028504126
AT5G60010,0.0006502464
AT5G60020,0.2882853
AT5G60030,-0.31206635
AT5G60040,0.078949064
AT5G60050,-0.17558832
AT5G60060,0.0045609176
AT5G60070,0.0005686138
AT5G60080,0.0005569795
AT5G60090,0.0049994057
AT5G60100,-0.014963599
AT5G60110,0.06058882
AT5G60120,-0.28006682
AT5G60130,-0.14186847
AT5G60140,-0.0009714991
AT5G60142,-0.13155475
AT5G60150,-0.16320889
AT5G60160,0.18317284
AT5G60170,-0.035539772
AT5G60180,0.012973684
AT5G60190,0.04839762
AT5G60200,-0.5406306
AT5G60210,-0.4949446
AT5G60215,0.0
AT5G60220,-0.0076148068
AT5G60230,-0.014827619
AT5G60240,0.0
AT5G60250,0.040057026
AT5G60260,-0.057765298
AT5G60265,0.0
AT5G60270,0.46504486
AT5G60280,0.83536786
AT5G60290,-0.07438006
AT5G60300,0.19294623
AT5G60310,0.011570896
AT5G60320,0.05171375
AT5G60335,0.01531299
AT5G60340,0.18744817
AT5G60350,0.062255602
AT5G60360,0.20844516
AT5G60370,-0.13866027
AT5G60380,0.06370988
AT5G60390,0.07367091
AT5G60400,-0.22114201
AT5G60410,0.11609884
AT5G60430,-0.10625157
AT5G60440,-0.03211372
AT5G60450,-0.35285982
AT5G60460,0.33156037
AT5G60470,-0.06005945
AT5G60480,0.0012138975
AT5G60490,-0.5270031
AT5G60500,0.0
AT5G60510,0.0
AT5G60520,-0.0076545724
AT5G60530,0.00939913
AT5G60540,-0.028864572
AT5G60550,-0.010356087
AT5G60553,0.0
AT5G60560,0.0
AT5G60570,-0.06389158
AT5G60580,0.0084091
AT5G60590,0.18980946
AT5G60600,-0.11797354
AT5G60610,0.21838173
AT5G60615,0.0
AT5G60620,0.18479194
AT5G60630,0.68819135
AT5G60640,0.060874246
AT5G60650,0.25365257
AT5G60660,0.39606676
AT5G60670,-0.10168775
AT5G60680,0.12769085
AT5G60690,-0.23434389
AT5G60700,0.26300472
AT5G60710,0.068635665
AT5G60720,0.06902638
AT5G60730,0.102677755
AT5G60740,0.057850223
AT5G60750,0.2811431
AT5G60760,0.1419134
AT5G60770,0.0
AT5G60780,0.00022234984
AT5G60790,0.31972405
AT5G60800,0.513417
AT5G60805,0.0
AT5G60810,-0.00228427
AT5G60820,-0.009317393
AT5G60830,-0.012471953
AT5G60840,-0.011025106
AT5G60850,-0.08169496
AT5G60860,-0.034388937
AT5G60870,-0.17926396
AT5G60880,-0.02222795
AT5G60890,-0.6464015
AT5G60900,0.7903921
AT5G60910,-0.19237062
AT5G60920,-0.18883473
AT5G60930,-0.11965839
AT5G60940,-0.21914583
AT5G60945,0.0
AT5G60950,0.4462309
AT5G60960,0.010112175
AT5G60964,0.0
AT5G60970,-0.22016649
AT5G60980,-0.028299395
AT5G60990,-0.09187184
AT5G61000,-0.09798391
AT5G61010,0.6832001
AT5G61020,0.06345664
AT5G61030,0.088274986
AT5G61040,-0.25835243
AT5G61050,-0.0043788413
AT5G61060,0.09647219
AT5G61070,-0.026611721
AT5G61090,-0.27855775
AT5G61100,-0.1384367
AT5G61110,0.0005569795
AT5G61120,0.00046748875
AT5G61130,-0.7021547
AT5G61140,-0.016172698
AT5G61150,-0.12880053
AT5G61160,-1.2866274
AT5G61170,0.22768006
AT5G61180,-0.0044877226
AT5G61190,0.11481824
AT5G61200,-0.41842407
AT5G61210,0.57683
AT5G61220,0.08343834
AT5G61230,0.05764
AT5G61240,0.20572923
AT5G61250,0.21429077
AT5G61260,-0.0005753471
AT5G61270,-0.73304427
AT5G61280,-0.098342925
AT5G61290,-0.12472141
AT5G61300,-0.20703259
AT5G61310,0.033351198
AT5G61320,0.0770282
AT5G61330,-0.5141702
AT5G61340,-0.23260263
AT5G61350,-0.25801834
AT5G61360,0.19108698
AT5G61370,0.32150987
AT5G61380,0.2791732
AT5G61390,0.26475248
AT5G61400,-0.017431661
AT5G61410,-0.3086575
AT5G61412,0.007245732
AT5G61420,-1.2183251
AT5G61430,-0.1412447
AT5G61440,0.14004727
AT5G61450,0.22528377
AT5G61460,-0.23124546
AT5G61470,0.0
AT5G61480,-0.68431365
AT5G61490,0.27654862
AT5G61495,0.0050840066
AT5G61500,0.011688046
AT5G61510,0.07528721
AT5G61520,0.1355169
AT5G61530,0.25333354
AT5G61540,-0.0020895416
AT5G61550,0.1500138
AT5G61560,0.43002042
AT5G61570,-0.15960301
AT5G61580,-0.01854695
AT5G61590,-0.44329673
AT5G61600,0.058268934
AT5G61605,-0.0005573991
AT5G61610,-0.03890561
AT5G61620,0.040942706
AT5G61630,0.0015357672
AT5G61640,0.18222402
AT5G61650,-0.010369283
AT5G61660,-0.4855957
AT5G61670,-0.06802062
AT5G61680,0.0
AT5G61690,0.048604485
AT5G61700,0.0011244
AT5G61710,0.00018556525
AT5G61720,0.017577726
AT5G61730,0.04893733
AT5G61740,-0.3309385
AT5G61750,0.003533243
AT5G61760,0.08458671
AT5G61770,-0.008317377
AT5G61780,0.30006158
AT5G61790,0.59418464
AT5G61800,0.22436213
AT5G61810,0.12852666
AT5G61820,1.1953694
AT5G61830,-0.27582267
AT5G61840,-0.014009917
AT5G61850,0.0
AT5G61865,0.0040528285
AT5G61880,0.28604135
AT5G61890,1.4365443
AT5G61900,0.77187884
AT5G61910,0.106477596
AT5G61920,-0.14657673
AT5G61930,-0.20439233
AT5G61940,-0.048014928
AT5G61950,-0.2610546
AT5G61960,0.14146197
AT5G61970,0.078020446
AT5G61980,-0.14355159
AT5G61990,-0.19664934
AT5G61997,0.0
AT5G62000,-0.34646016
AT5G62020,0.35673138
AT5G62030,-0.05990291
AT5G62040,-0.09556763
AT5G62050,0.11868273
AT5G62060,0.0
AT5G62065,0.0008915916
AT5G62070,0.6072286
AT5G62080,-0.00023222588
AT5G62090,-0.012205631
AT5G62100,-0.6297848
AT5G62110,0.0
AT5G62120,0.0
AT5G62130,-0.19917928
AT5G62140,-0.3096348
AT5G62150,1.3572195
AT5G62160,0.0031452195
AT5G62165,-0.11300253
AT5G62170,-0.47464836
AT5G62180,0.47912228
AT5G62190,-0.0023216223
AT5G62200,0.2774231
AT5G62210,-0.13358206
AT5G62220,-0.5642387
AT5G62230,0.10467454
AT5G62240,-0.019811938
AT5G62250,-0.058407396
AT5G62260,0.19714426
AT5G62270,0.055387903
AT5G62280,-0.57930875
AT5G62290,0.08529488
AT5G62310,-0.11144978
AT5G62320,0.003421869
AT5G62330,0.0
AT5G62340,-0.018747723
AT5G62350,-0.84769267
AT5G62360,-0.8454269
AT5G62370,-0.025858741
AT5G62380,-0.2256347
AT5G62390,0.0012013689
AT5G62400,-0.00047694813
AT5G62410,-0.08505947
AT5G62420,-0.0018435802
AT5G62430,-0.35031864
AT5G62440,0.32281545
AT5G62460,0.45054775
AT5G62470,0.14901595
AT5G62480,0.6340852
AT5G62490,0.009384142
AT5G62500,0.124619335
AT5G62510,0.00090136763
AT5G62520,1.9556401
AT5G62530,0.5351343
AT5G62540,0.36801925
AT5G62550,-0.52713484
AT5G62560,0.055972766
AT5G62570,0.12408396
AT5G62573,-0.0003199363
AT5G62575,0.21798469
AT5G62580,0.24926986
AT5G62600,0.044429597
AT5G62610,-0.10003625
AT5G62620,0.29092905
AT5G62623,0.0
AT5G62627,0.0
AT5G62630,-0.26017195
AT5G62640,0.07544972
AT5G62650,-0.099732816
AT5G62660,0.029317135
AT5G62670,-0.3261599
AT5G62680,0.46835512
AT5G62690,-0.21716452
AT5G62700,-0.48916674
AT5G62710,-0.37242895
AT5G62720,0.08491267
AT5G62730,-0.010693567
AT5G62740,0.33121914
AT5G62750,0.016772365
AT5G62760,-0.085010715
AT5G62770,0.9332174
AT5G62780,-0.00017940014
AT5G62790,-0.2847184
AT5G62800,0.016021663
AT5G62810,-0.093101494
AT5G62820,-0.26928356
AT5G62830,-0.0003951023
AT5G62840,-0.3324673
AT5G62850,-0.43289027
AT5G62860,0.0
AT5G62860,0.0
AT5G62880,-0.18341348
AT5G62890,-0.45778918
AT5G62900,-0.06505394
AT5G62910,0.19032313
AT5G62920,-0.40809554
AT5G62930,-0.0005675231
AT5G62940,-0.61521316
AT5G62950,-0.16474052
AT5G62960,-0.56665576
AT5G62970,-0.0002698582
AT5G62980,-0.16214433
AT5G62990,-0.11112578
AT5G62998,-0.00023318022
AT5G63000,0.025423761
AT5G63010,0.33561528
AT5G63020,0.065202214
AT5G63030,0.3448637
AT5G63040,-0.3408201
AT5G63050,0.08089104
AT5G63060,-0.039447606
AT5G63063,0.0
AT5G63070,0.0020594287
AT5G63080,-0.035957143
AT5G63085,0.0
AT5G63087,-0.02657295
AT5G63090,-0.030087478
AT5G63100,-0.106690384
AT5G63110,-0.015432416
AT5G63120,0.4247898
AT5G63130,1.2827071
AT5G63135,-0.16210291
AT5G63140,-0.18326136
AT5G63150,0.1579933
AT5G63160,0.7556693
AT5G63170,0.0023356476
AT5G63180,-1.23035
AT5G63190,-0.04431024
AT5G63200,0.023740713
AT5G63220,0.20157921
AT5G63225,0.4673564
AT5G63230,0.0014556977
AT5G63240,0.10856303
AT5G63250,-0.061459653
AT5G63260,0.1522879
AT5G63270,-0.0021371418
AT5G63280,-0.024853267
AT5G63290,0.05909061
AT5G63300,0.04980143
AT5G63310,-0.21814916
AT5G63320,-0.1792395
AT5G63370,-0.040953565
AT5G63375,0.0009991645
AT5G63380,-0.15365827
AT5G63390,-0.005713477
AT5G63400,0.1544131
AT5G63410,-0.55006456
AT5G63420,-0.21611908
AT5G63440,-0.096158266
AT5G63450,1.4412576
AT5G63460,0.016534295
AT5G63470,-0.06158624
AT5G63480,0.013966757
AT5G63490,0.3034848
AT5G63500,-0.15877059
AT5G63510,0.18056919
AT5G63520,-0.12283653
AT5G63530,-0.7681415
AT5G63540,-0.20397769
AT5G63550,0.045533944
AT5G63560,0.0021143223
AT5G63570,0.28633514
AT5G63580,-0.14221032
AT5G63590,-0.103992224
AT5G63595,-0.013104081
AT5G63600,0.90663713
AT5G63610,0.1105464
AT5G63620,0.32082242
AT5G63625,-0.11474474
AT5G63630,-0.38931388
AT5G63640,0.1711521
AT5G63650,-0.50529623
AT5G63660,-0.0073135775
AT5G63670,-0.04173407
AT5G63680,0.62166464
AT5G63690,0.028054921
AT5G63700,-0.6960054
AT5G63710,-0.33741233
AT5G63720,-0.016789695
AT5G63730,-0.020977976
AT5G63740,0.04874662
AT5G63750,0.04949924
AT5G63760,-0.042320464
AT5G63770,-0.05118444
AT5G63780,-0.6446336
AT5G63790,1.1957567
AT5G63800,-0.012282835
AT5G63810,-0.3696468
AT5G63820,-0.08100055
AT5G63830,-0.10848904
AT5G63840,-0.016528452
AT5G63850,0.60551447
AT5G63860,-0.119627744
AT5G63870,-0.17503044
AT5G63880,0.4824037
AT5G63890,0.14373279
AT5G63900,0.028723713
AT5G63905,0.2354823
AT5G63910,0.1356709
AT5G63920,0.07868462
AT5G63930,-0.067419834
AT5G63940,-0.17540522
AT5G63950,0.046766058
AT5G63960,-0.26083302
AT5G63970,0.4851977
AT5G63980,0.11650079
AT5G63990,0.91263384
AT5G64000,0.1598605
AT5G64010,0.16877554
AT5G64020,0.20061222
AT5G64030,-0.18723004
AT5G64040,-0.5831961
AT5G64050,0.050433196
AT5G64060,-0.030577036
AT5G64070,0.0007997127
AT5G64080,0.11142159
AT5G64090,0.19529094
AT5G64100,-0.51540625
AT5G64110,0.24111997
AT5G64120,-0.2830896
AT5G64130,0.2965557
AT5G64140,0.11994112
AT5G64150,0.028979613
AT5G64160,0.06201903
AT5G64170,-0.3104114
AT5G64180,-0.0973777
AT5G64190,0.22563632
AT5G64200,0.20272845
AT5G64210,0.045715258
AT5G64220,0.026696987
AT5G64230,0.95740557
AT5G64240,0.180623
AT5G64250,0.32069185
AT5G64260,0.42917955
AT5G64270,0.082299285
AT5G64280,-0.22247152
AT5G64290,0.14121938
AT5G64300,0.50108784
AT5G64310,2.0364163
AT5G64320,-0.090172075
AT5G64330,-0.677862
AT5G64340,-0.33069736
AT5G64350,0.22582515
AT5G64360,-0.13152808
AT5G64370,0.45192775
AT5G64380,-0.32556492
AT5G64390,-0.044221155
AT5G64395,-0.000542614
AT5G64400,0.5879173
AT5G64401,0.0019491788
AT5G64410,-0.24657561
AT5G64420,-0.011940688
AT5G64430,0.33586252
AT5G64440,0.18340918
AT5G64450,0.12730548
AT5G64460,-0.43545517
AT5G64470,0.04792489
AT5G64480,-0.07906814
AT5G64490,0.17993991
AT5G64500,0.20075004
AT5G64510,0.83277637
AT5G64520,-0.17143412
AT5G64530,0.004345039
AT5G64540,0.06518023
AT5G64550,-0.56418914
AT5G64560,0.045713093
AT5G64570,0.48144117
AT5G64580,-0.2546711
AT5G64590,0.0055539585
AT5G64600,-0.09147724
AT5G64610,-0.10225367
AT5G64620,-0.4767079
AT5G64630,-0.2621567
AT5G64640,-0.36529604
AT5G64650,-0.0766516
AT5G64660,1.1491628
AT5G64667,-0.25854883
AT5G64670,-0.3770485
AT5G64680,-0.070581205
AT5G64687,0.04726442
AT5G64690,-0.024663208
AT5G64700,0.2184082
AT5G64710,0.20450206
AT5G64720,-0.010674437
AT5G64730,0.14964949
AT5G64740,-0.1819265
AT5G64750,2.1577501
AT5G64760,0.13362522
AT5G64770,-1.330865
AT5G64780,-0.06262376
AT5G64790,0.3377781
AT5G64800,-0.4001348
AT5G64810,1.4107022
AT5G64813,0.12254146
AT5G64816,-0.078698635
AT5G64820,0.03138348
AT5G64830,-0.21959274
AT5G64840,-0.27046505
AT5G64850,-0.18496092
AT5G64860,-0.35896525
AT5G64870,1.7656813
AT5G64880,0.14004755
AT5G64890,1.3186208
AT5G64900,0.4166299
AT5G64905,1.4086529
AT5G64910,0.07533585
AT5G64920,-0.09782877
AT5G64930,0.16167405
AT5G64940,-0.37911457
AT5G64950,-0.016860962
AT5G64960,-0.10096985
AT5G64970,-0.16734236
AT5G64980,-0.0818821
AT5G64990,0.11385399
AT5G65000,0.16913432
AT5G65005,0.0
AT5G65010,0.16174598
AT5G65020,0.183278
AT5G65030,-0.22780876
AT5G65040,-0.42925462
AT5G65050,-0.07118792
AT5G65060,-0.1475003
AT5G65070,0.05676409
AT5G65080,-0.46266282
AT5G65090,0.015065129
AT5G65100,0.0013219581
AT5G65110,0.79542756
AT5G65120,-0.13152172
AT5G65130,0.063243635
AT5G65140,1.004978
AT5G65158,0.0
AT5G65160,0.22287537
AT5G65165,0.045962702
AT5G65170,0.3547326
AT5G65180,0.03716571
AT5G65200,0.19901589
AT5G65205,0.2761629
AT5G65207,0.38678783
AT5G65210,0.40669468
AT5G65220,-0.2359673
AT5G65225,0.042328928
AT5G65230,0.026046427
AT5G65240,-0.06547268
AT5G65250,0.05283207
AT5G65260,-0.0718805
AT5G65270,0.2327496
AT5G65274,0.0
AT5G65280,-0.12559891
AT5G65290,0.21258292
AT5G65300,1.7517505
AT5G65310,-0.76885706
AT5G65320,-0.07400861
AT5G65330,0.0013946141
AT5G65340,-0.011408763
AT5G65350,0.0501738
AT5G65370,0.0
AT5G65380,0.3019072
AT5G65390,-0.42266744
AT5G65400,-0.082991354
AT5G65410,-0.37457168
AT5G65420,-0.22183159
AT5G65430,0.11164679
AT5G65440,-0.42259455
AT5G65450,-0.2750167
AT5G65460,-0.34613934
AT5G65470,0.12014832
AT5G65480,-0.5102635
AT5G65490,-0.07000995
AT5G65495,0.36771196
AT5G65500,0.61553323
AT5G65510,0.19768459
AT5G65520,0.024790559
AT5G65530,-0.06583104
AT5G65540,-0.077462986
AT5G65550,0.025322564
AT5G65560,-0.015725678
AT5G65570,-0.21159343
AT5G65580,0.012470441
AT5G65590,-0.35800165
AT5G65600,1.3803111
AT5G65609,0.14879952
AT5G65610,0.053156298
AT5G65613,-0.0011067829
AT5G65620,0.09192622
AT5G65630,0.14770834
AT5G65640,-0.5664669
AT5G65650,0.12694068
AT5G65660,0.6660685
AT5G65670,-0.21073754
AT5G65683,-0.5230819
AT5G65685,-0.15958895
AT5G65687,0.06252374
AT5G65690,3.2547472
AT5G65700,-0.58785915
AT5G65710,-0.4214419
AT5G65720,0.056920096
AT5G65730,-0.23671651
AT5G65740,-0.36163616
AT5G65750,0.0717443
AT5G65760,-0.020076007
AT5G65770,-0.23194711
AT5G65780,0.015526867
AT5G65790,0.005840641
AT5G65800,-0.043783434
AT5G65810,-0.29049104
AT5G65820,-0.2890311
AT5G65830,-0.30630723
AT5G65840,-0.07807488
AT5G65850,-0.0020895023
AT5G65860,-0.013376792
AT5G65870,0.1289946
AT5G65880,-0.06119793
AT5G65890,0.018952494
AT5G65900,-0.21013825
AT5G65910,0.092980556
AT5G65920,0.23010318
AT5G65925,0.03808996
AT5G65930,-0.13864115
AT5G65940,0.058866046
AT5G65950,0.034690812
AT5G65960,0.06311403
AT5G65970,-0.37485993
AT5G65980,0.36437747
AT5G65990,0.14607044
AT5G66000,0.043051805
AT5G66005,-0.3252773
AT5G66010,0.06011973
AT5G66020,0.036690023
AT5G66030,-0.15241143
AT5G66040,0.2108353
AT5G66050,0.14601603
AT5G66052,0.20378186
AT5G66053,-0.0058779772
AT5G66055,-0.121675625
AT5G66060,-0.07074796
AT5G66070,0.69425875
AT5G66080,-0.439965
AT5G66090,-0.14203593
AT5G66100,0.11145064
AT5G66110,-0.27362204
AT5G66120,0.368987
AT5G66130,-0.11379976
AT5G66140,0.12238724
AT5G66150,-0.02814215
AT5G66160,0.078198455
AT5G66170,0.35023883
AT5G66180,0.11758454
AT5G66190,-0.517826
AT5G66200,0.3512354
AT5G66210,0.24954253
AT5G66220,0.0021966663
AT5G66230,-0.2841348
AT5G66240,-0.059112772
AT5G66250,0.1436431
AT5G66260,-8.1370585e-05
AT5G66270,-0.077546455
AT5G66280,-0.012747035
AT5G66290,-0.011543913
AT5G66300,-0.08405317
AT5G66310,-0.7415203
AT5G66320,0.22461954
AT5G66330,-0.2315163
AT5G66335,0.04278304
AT5G66340,0.00036739322
AT5G66350,-0.09461046
AT5G66360,0.05173092
AT5G66370,0.0
AT5G66380,0.03722319
AT5G66390,-0.023224749
AT5G66400,0.4140358
AT5G66410,-0.16239844
AT5G66420,-0.35778323
AT5G66430,0.0
AT5G66440,0.71564966
AT5G66450,0.23495172
AT5G66460,-0.4689326
AT5G66470,-0.36316296
AT5G66480,0.20752054
AT5G66490,0.086217575
AT5G66500,-0.1112946
AT5G66510,0.15059678
AT5G66520,-0.8188321
AT5G66530,-0.36643258
AT5G66540,-0.09927047
AT5G66550,-0.26425076
AT5G66560,-0.5569669
AT5G66570,-0.38060448
AT5G66580,-0.36086154
AT5G66590,-0.51230305
AT5G66595,0.029783012
AT5G66600,0.019416861
AT5G66607,-0.11802098
AT5G66610,-0.37270987
AT5G66620,0.24743608
AT5G66630,0.2771651
AT5G66631,-0.041725386
AT5G66640,0.06298009
AT5G66650,0.7275821
AT5G66658,0.25425282
AT5G66660,-0.027360635
AT5G66670,-0.0372459
AT5G66675,-0.040433455
AT5G66680,0.21323599
AT5G66690,0.07144761
AT5G66700,-0.019999318
AT5G66710,-0.020831624
AT5G66720,-0.04549721
AT5G66730,0.015985612
AT5G66740,-0.26433194
AT5G66750,-0.032279905
AT5G66760,1.1604244
AT5G66770,-0.6106331
AT5G66780,0.6195101
AT5G66790,0.12798026
AT5G66800,-0.061262008
AT5G66810,0.031149598
AT5G66815,0.00015543403
AT5G66816,0.0
AT5G66818,0.0
AT5G66819,0.0
AT5G66820,-0.18385838
AT5G66830,0.07998073
AT5G66840,0.014785984
AT5G66850,0.37979522
AT5G66860,0.24513097
AT5G66870,-0.0803262
AT5G66880,-0.11476595
AT5G66890,1.3676828
AT5G66900,0.063359216
AT5G66910,0.19254869
AT5G66920,-0.41473013
AT5G66930,0.07689305
AT5G66940,-0.005770123
AT5G66950,0.035817936
AT5G66960,-0.17523275
AT5G66970,0.0
AT5G66980,0.0005569795
AT5G66985,0.0009903735
AT5G66990,0.00083951006
AT5G67000,0.016772365
AT5G67010,0.0010120997
AT5G67020,-0.178398
AT5G67030,-0.35053512
AT5G67040,0.0
AT5G67050,-0.21979107
AT5G67060,0.07872036
AT5G67070,-0.6416868
AT5G67080,2.0830731
AT5G67090,-0.23805383
AT5G67100,-0.18153273
AT5G67110,0.11359351
AT5G67120,5.3332176e-05
AT5G67130,-0.16248809
AT5G67140,0.024105351
AT5G67150,-0.6578285
AT5G67160,-0.20549889
AT5G67170,-0.051867805
AT5G67180,-0.6386449
AT5G67190,-0.27661118
AT5G67200,-0.5350457
AT5G67210,0.18328473
AT5G67220,-0.001487024
AT5G67230,-0.14432006
AT5G67240,-0.085321605
AT5G67245,0.51513416
AT5G67250,0.031367857
AT5G67260,-0.010369074
AT5G67265,0.032227468
AT5G67270,-0.21195036
AT5G67280,-0.7319857
AT5G67290,-0.09738519
AT5G67300,0.7031106
AT5G67310,2.0023234
AT5G67320,-0.053495545
AT5G67330,0.2687275
AT5G67340,1.7571391
AT5G67350,0.46032065
AT5G67360,-0.2682464
AT5G67370,-0.2971318
AT5G67380,-0.0877149
AT5G67385,-0.6759653
AT5G67390,-0.9055478
AT5G67400,-0.014545893
AT5G67410,0.04466433
AT5G67411,-0.4527121
AT5G67420,0.04880557
AT5G67430,0.00017444376
AT5G67440,-0.17059852
AT5G67450,-0.43453425
AT5G67460,-0.35934457
AT5G67470,0.039533213
AT5G67480,0.7509832
AT5G67490,0.59024054
AT5G67500,0.39577216
AT5G67510,0.33642092
AT5G67520,-0.20114657
AT5G67530,-0.04987994
AT5G67540,0.14929168
AT5G67550,-0.24208674
AT5G67560,-0.14271986
AT5G67570,-0.3457278
AT5G67580,0.0098465355
AT5G67590,0.3629652
AT5G67600,0.9629118
AT5G67610,0.021740897
AT5G67620,0.8126157
AT5G67630,-0.045577012
AT5G67640,-0.13181242
ATMG00010,0.07931727
ATMG00030,0.021262271
ATMG00040,-0.02337885
ATMG00050,0.0044953637
ATMG00060,0.5275511
ATMG00070,0.1319823
ATMG00080,-0.043563403
ATMG00090,0.062334917
ATMG00110,0.09447644
ATMG00120,0.02983576
ATMG00130,-0.0401885
ATMG00140,0.012815286
ATMG00150,0.03692808
ATMG00160,1.1398878
ATMG00170,0.0
ATMG00180,-0.08782664
ATMG00200,0.0006773239
ATMG00210,0.10089866
ATMG00220,0.9258335
ATMG00240,0.033814196
ATMG00260,-0.02346891
ATMG00270,0.13210413
ATMG00280,-0.017592438
ATMG00285,0.37805286
ATMG00290,0.27941546
ATMG00300,0.10369295
ATMG00310,0.010110713
ATMG00370,-0.0030842829
ATMG00400,0.0016728801
ATMG00410,0.5739944
ATMG00430,0.0
ATMG00440,-0.10368468
ATMG00450,-0.044667687
ATMG00470,0.019082278
ATMG00480,0.35804668
ATMG00490,0.0026206598
ATMG00500,0.017727463
ATMG00510,0.4807754
ATMG00516,0.5939301
ATMG00520,0.30193797
ATMG00530,0.022644937
ATMG00540,0.0
ATMG00550,0.01921098
ATMG00560,0.36587676
ATMG00570,0.29315823
ATMG00580,0.05086495
ATMG00590,-0.1717387
ATMG00600,3.393554e-05
ATMG00610,0.038644552
ATMG00630,0.03376284
ATMG00640,0.29323053
ATMG00650,0.521311
ATMG00660,0.26535136
ATMG00670,0.5061543
ATMG00680,-0.0004510645
ATMG00690,0.103407964
ATMG00710,-0.03318363
ATMG00720,0.01952396
ATMG00730,0.32151836
ATMG00750,0.018877199
ATMG00760,-0.014888267
ATMG00810,-0.04681816
ATMG00830,-0.09086866
ATMG00840,-0.041605905
ATMG00850,-4.1964154e-07
ATMG00860,0.0012927853
ATMG00870,0.030786583
ATMG00880,0.00050041784
ATMG00890,0.018004332
ATMG00900,0.16126764
ATMG00910,-5.333289e-05
ATMG00920,-0.0008441077
ATMG00940,0.07489036
ATMG00960,0.2954897
ATMG00970,-0.05187674
ATMG00980,-0.13942198
ATMG00990,0.16066198
ATMG01000,0.16793765
ATMG01010,-0.1664911
ATMG01020,0.071090505
ATMG01030,-0.001229536
ATMG01040,-0.010401416
ATMG01050,-0.030655432
ATMG01060,-0.03306006
ATMG01080,0.11196276
ATMG01090,0.36224514
ATMG01100,0.016136408
ATMG01110,0.0002412204
ATMG01130,0.39785182
ATMG01170,-0.030446116
ATMG01180,-0.1173329
ATMG01190,0.48931235
ATMG01200,0.4818576
ATMG01210,0.025459398
ATMG01220,0.028537527
ATMG01230,-0.011966086
ATMG01240,0.10882869
ATMG01260,0.038526684
ATMG01270,-4.7972608e-05
ATMG01280,-0.043256503
ATMG01290,-0.010295594
ATMG01300,-0.00028367608
ATMG01310,-0.01575855
ATMG01330,-0.31479418
ATMG01350,0.19010913
ATMG01360,0.24417496
ATMG01370,-0.08903665
ATMG01400,-0.0011174304
ATMG01410,0.15187609
ATCG00020,0.72553456
ATCG00040,-0.40602618
ATCG00050,0.049391102
ATCG00065,-0.0020909535
ATCG00070,-0.19197586
ATCG00080,-0.025666323
ATCG00120,-0.24241377
ATCG00130,-0.21845572
ATCG00140,-0.30589822
ATCG00150,-0.69003004
ATCG00160,-0.67663574
ATCG00170,-0.48875192
ATCG00180,-0.4915645
ATCG00190,-0.6463005
ATCG00210,-0.000924105
ATCG00220,-0.008616498
ATCG00270,-0.044112034
ATCG00280,-0.06613701
ATCG00300,-0.4023426
ATCG00330,0.49444568
ATCG00340,0.57501775
ATCG00350,0.6998129
ATCG00360,-0.101812616
ATCG00380,-0.028244944
ATCG00420,-0.7751683
ATCG00430,-0.84370726
ATCG00440,-0.9338715
ATCG00470,-0.55384785
ATCG00480,-0.52400565
ATCG00490,0.28889441
ATCG00500,-0.45653224
ATCG00510,-0.028136548
ATCG00520,0.02525641
ATCG00530,-0.5024378
ATCG00540,-0.287802
ATCG00550,-0.017282069
ATCG00560,0.00018948787
ATCG00570,-0.013289079
ATCG00580,-0.371828
ATCG00590,0.002500789
ATCG00600,0.0002381551
ATCG00630,-0.8877804
ATCG00640,-0.25179875
ATCG00650,-0.40606123
ATCG00660,-0.06449056
ATCG00670,-0.2114932
ATCG00680,-0.104073524
ATCG00690,0.00382581
ATCG00700,-0.0035175455
ATCG00710,-0.23907687
ATCG00720,0.01805415
ATCG00730,0.01501475
ATCG00740,-0.56263125
ATCG00750,-0.6287525
ATCG00760,-0.025778543
ATCG00770,-0.7865275
ATCG00780,-0.93337893
ATCG00790,-0.81993085
ATCG00800,-0.6552064
ATCG00810,-0.66610986
ATCG00820,-0.48890692
ATCG00830,-0.5028385
ATCG00840,0.0
ATCG00860,0.0
ATCG00870,0.0
ATCG00890,0.0
ATCG00900,0.0
ATCG01000,0.08879184
ATCG01010,-0.10011002
ATCG01020,-0.380077
ATCG01040,-0.22013065
ATCG01050,-0.20548226
ATCG01060,-0.08463852
ATCG01070,-0.13907236
ATCG01080,-0.09028849
ATCG01090,-0.19443715
ATCG01100,-0.32737994
ATCG01110,-0.44246614
ATCG01120,-0.48813722
ATCG01250,-0.59349716
