Gene,Predicted_Expr_Change
AT1G01010,0.41905525
AT1G01020,-0.0670453
AT1G01030,0.1119074
AT1G01040,-0.07315525
AT1G01050,-0.12501997
AT1G01060,-0.26373205
AT1G01070,0.07061853
AT1G01080,-0.36179265
AT1G01090,-0.09352738
AT1G01100,0.17837936
AT1G01110,-0.5953091
AT1G01120,-0.3861436
AT1G01130,-0.1912157
AT1G01140,-0.065409385
AT1G01150,0.010887834
AT1G01160,-0.03684157
AT1G01170,-0.09210584
AT1G01180,0.071647294
AT1G01184,0.0038944315
AT1G01190,-0.0941355
AT1G01200,-0.059860986
AT1G01210,0.1386539
AT1G01220,-0.10946179
AT1G01225,-0.29295754
AT1G01230,0.123585045
AT1G01240,0.041772116
AT1G01250,-0.16860823
AT1G01260,-0.062362924
AT1G01280,0.0057386686
AT1G01290,-0.13542673
AT1G01300,-0.45671776
AT1G01305,0.004014456
AT1G01310,0.0015527457
AT1G01320,-0.030999318
AT1G01335,0.0039547407
AT1G01340,1.0748453
AT1G01350,0.061074317
AT1G01355,-0.1410319
AT1G01360,-0.2882714
AT1G01370,-0.11906434
AT1G01380,-0.15373614
AT1G01390,-0.49547055
AT1G01400,0.004933882
AT1G01410,0.0038944315
AT1G01420,-0.25983468
AT1G01430,-0.37234107
AT1G01440,0.03287259
AT1G01450,-0.028276926
AT1G01453,0.15943082
AT1G01460,0.0046203714
AT1G01470,0.45131233
AT1G01480,2.885628
AT1G01490,-0.020905575
AT1G01500,0.17585975
AT1G01510,-0.19972672
AT1G01520,-0.24125773
AT1G01530,0.032325514
AT1G01540,-0.3230548
AT1G01550,0.12655094
AT1G01560,1.5253339
AT1G01570,-0.20946024
AT1G01580,-0.12822512
AT1G01590,-0.006150076
AT1G01600,0.09978014
AT1G01610,-0.22466129
AT1G01620,-0.26793808
AT1G01630,0.0016023094
AT1G01640,0.02080586
AT1G01650,0.38058364
AT1G01660,-0.13003768
AT1G01670,-0.17612009
AT1G01680,1.4615742
AT1G01690,-0.24940036
AT1G01695,-0.058597166
AT1G01700,0.022625692
AT1G01710,0.09169864
AT1G01715,0.064609274
AT1G01720,0.6600743
AT1G01725,0.12108635
AT1G01730,0.36439094
AT1G01740,-0.1533926
AT1G01750,0.042056922
AT1G01760,0.049042534
AT1G01770,0.22906972
AT1G01780,0.15608163
AT1G01790,-0.47888526
AT1G01800,0.06564755
AT1G01810,0.121367835
AT1G01820,0.16546746
AT1G01830,-0.078059554
AT1G01840,-0.11785964
AT1G01860,-0.15858762
AT1G01880,-0.17375343
AT1G01900,-0.018400906
AT1G01910,0.18835588
AT1G01920,-0.06563848
AT1G01930,-0.046435308
AT1G01940,0.14432119
AT1G01950,-0.3672284
AT1G01960,-0.011586762
AT1G01970,-0.10320231
AT1G01980,0.035748433
AT1G01990,0.014917587
AT1G02000,0.13038129
AT1G02010,-0.2175958
AT1G02020,-0.065068655
AT1G02030,0.03812407
AT1G02050,-0.11188602
AT1G02060,-0.13695376
AT1G02065,0.029122157
AT1G02067,0.0047356435
AT1G02070,-0.022054983
AT1G02080,0.047349706
AT1G02090,0.2144198
AT1G02100,0.043975476
AT1G02110,-0.38578632
AT1G02120,0.08937929
AT1G02130,0.04012906
AT1G02140,0.08637
AT1G02145,-0.078248546
AT1G02150,-0.11263903
AT1G02160,-0.08629062
AT1G02170,0.37951937
AT1G02180,-0.23870921
AT1G02190,0.014817417
AT1G02205,0.6474289
AT1G02210,0.0038944315
AT1G02220,2.0974016
AT1G02230,0.6118425
AT1G02250,0.0011949191
AT1G02260,0.08445119
AT1G02270,0.12938152
AT1G02280,-0.1651243
AT1G02290,-0.25780246
AT1G02300,-0.096680105
AT1G02305,0.21231596
AT1G02310,1.3000952
AT1G02320,0.0039009303
AT1G02330,0.036747746
AT1G02335,0.098834656
AT1G02340,-0.18682738
AT1G02350,-0.2100727
AT1G02360,1.1081246
AT1G02370,0.057843804
AT1G02380,0.3151054
AT1G02390,0.6651907
AT1G02400,1.0935539
AT1G02405,0.0058494937
AT1G02410,0.1376291
AT1G02420,-0.019181883
AT1G02430,-0.006853849
AT1G02440,-0.11063847
AT1G02450,0.7410136
AT1G02460,0.93241066
AT1G02470,1.0447732
AT1G02475,0.04002999
AT1G02490,-1.0492901e-06
AT1G02500,0.28738084
AT1G02510,0.008065335
AT1G02520,0.32061887
AT1G02530,0.009426076
AT1G02540,0.0039067585
AT1G02550,0.008753199
AT1G02560,0.042555545
AT1G02570,0.29632023
AT1G02575,0.0043045236
AT1G02580,0.52889585
AT1G02610,-0.32023612
AT1G02620,-0.23106743
AT1G02630,-0.115492366
AT1G02640,-0.6820732
AT1G02650,-0.1461414
AT1G02660,0.19355838
AT1G02680,0.054234907
AT1G02690,-0.036251526
AT1G02705,-0.23630434
AT1G02710,-0.02198983
AT1G02720,-0.087168016
AT1G02730,-0.31732365
AT1G02740,-0.142888
AT1G02750,0.1441983
AT1G02770,-0.072664075
AT1G02780,0.06445206
AT1G02790,0.0033816423
AT1G02800,-0.025543988
AT1G02810,-0.02757375
AT1G02813,0.0046162456
AT1G02816,0.41872823
AT1G02820,-0.10343289
AT1G02830,0.005450929
AT1G02840,-0.060554326
AT1G02850,0.43968204
AT1G02860,0.044190813
AT1G02870,0.11723557
AT1G02880,0.20588152
AT1G02890,-0.04688862
AT1G02900,-0.0011165589
AT1G02910,-0.096734844
AT1G02920,1.4105834
AT1G02930,1.6834458
AT1G02940,0.060955513
AT1G02950,-0.32935348
AT1G02960,-0.18953876
AT1G02965,0.0040289555
AT1G02970,0.027116783
AT1G02980,0.17522408
AT1G02990,-0.011100866
AT1G03000,-0.16494922
AT1G03010,-0.0806681
AT1G03020,-0.012057464
AT1G03040,0.07822279
AT1G03050,0.20402288
AT1G03055,-0.18444972
AT1G03060,0.11848966
AT1G03070,0.21502821
AT1G03080,0.061742354
AT1G03090,0.1025132
AT1G03100,-0.063944
AT1G03103,0.0062479638
AT1G03106,0.29681322
AT1G03110,0.04524001
AT1G03120,-0.13180771
AT1G03130,-0.4705275
AT1G03140,0.08041899
AT1G03150,-0.04595077
AT1G03160,-0.18292749
AT1G03165,-0.051195394
AT1G03170,-0.06214769
AT1G03190,-0.021405345
AT1G03200,-0.18137062
AT1G03210,0.17622137
AT1G03220,1.874096
AT1G03230,0.4612014
AT1G03240,0.055146676
AT1G03250,0.11212492
AT1G03260,0.15369153
AT1G03270,-0.32922357
AT1G03280,0.050777327
AT1G03290,0.38695338
AT1G03300,-0.17790268
AT1G03310,-0.3055597
AT1G03320,-0.05929272
AT1G03325,0.0039547407
AT1G03330,0.2596605
AT1G03340,0.07871889
AT1G03350,0.10769928
AT1G03360,0.052076284
AT1G03365,-0.09548057
AT1G03370,0.3120134
AT1G03380,-0.02553921
AT1G03390,0.014362658
AT1G03395,0.0039757346
AT1G03400,0.2429597
AT1G03410,-0.36086223
AT1G03430,0.07660503
AT1G03440,-0.22961505
AT1G03445,-0.013157842
AT1G03457,-0.36522135
AT1G03470,-0.18885666
AT1G03475,-0.01806924
AT1G03490,0.003867683
AT1G03495,0.008062614
AT1G03510,-0.0031463187
AT1G03530,-0.09371769
AT1G03540,-0.083654545
AT1G03550,-0.036204267
AT1G03560,-0.15520808
AT1G03590,-0.06332147
AT1G03600,-0.41266498
AT1G03620,-0.20062363
AT1G03630,-0.41836587
AT1G03650,0.14026068
AT1G03660,0.6531563
AT1G03670,0.026013995
AT1G03680,-0.20741731
AT1G03687,-0.25308248
AT1G03700,0.011025806
AT1G03710,0.016967474
AT1G03720,0.0038855246
AT1G03730,0.12385678
AT1G03740,0.04588547
AT1G03750,0.071998976
AT1G03760,0.24406253
AT1G03770,-0.04261208
AT1G03780,-0.262055
AT1G03790,0.70994
AT1G03800,0.1421587
AT1G03810,0.003899519
AT1G03830,-0.37290585
AT1G03840,-0.05777429
AT1G03850,1.355792
AT1G03860,0.20426576
AT1G03870,-0.66540056
AT1G03880,0.004846451
AT1G03890,0.0030069456
AT1G03900,0.17145675
AT1G03905,0.17392616
AT1G03910,-0.037248097
AT1G03920,-0.06654099
AT1G03930,-0.22678767
AT1G03940,0.07211209
AT1G03950,0.16327189
AT1G03960,-0.10513077
AT1G03970,-0.0648514
AT1G03980,0.01210279
AT1G03982,0.00572023
AT1G03990,0.06764654
AT1G04000,-0.12429592
AT1G04010,-0.14512874
AT1G04020,0.0096572945
AT1G04030,-0.07342341
AT1G04040,-0.9344165
AT1G04050,-0.29407683
AT1G04070,0.23116243
AT1G04080,-0.088463984
AT1G04090,0.008735235
AT1G04100,0.24841297
AT1G04105,0.0051699704
AT1G04110,-0.0040524323
AT1G04120,0.24279559
AT1G04130,0.029044366
AT1G04140,0.017770343
AT1G04150,-0.0021102715
AT1G04160,-0.11748407
AT1G04170,0.12298142
AT1G04180,0.063521124
AT1G04190,-0.0056077386
AT1G04200,0.14845777
AT1G04210,0.0070537454
AT1G04220,0.3368124
AT1G04230,0.040188335
AT1G04240,-0.4591154
AT1G04250,-0.48567557
AT1G04260,0.2307076
AT1G04270,0.06584527
AT1G04280,0.2467345
AT1G04290,0.062874265
AT1G04300,-0.05691257
AT1G04310,0.6176352
AT1G04330,-0.022397421
AT1G04340,0.19562352
AT1G04350,-0.051308308
AT1G04360,-0.34073365
AT1G04370,0.086095385
AT1G04380,-0.003388442
AT1G04390,-0.027247556
AT1G04400,0.04622354
AT1G04410,0.26193008
AT1G04420,-0.36859837
AT1G04430,-0.31815413
AT1G04440,0.17657703
AT1G04445,0.12086987
AT1G04450,0.0039022064
AT1G04455,0.008935883
AT1G04470,0.0020245432
AT1G04480,0.15677331
AT1G04490,0.54990095
AT1G04500,0.5161349
AT1G04510,0.18658042
AT1G04520,-0.31184074
AT1G04530,-0.13916431
AT1G04540,-0.004176334
AT1G04550,-0.29344153
AT1G04555,0.20268734
AT1G04560,0.012071882
AT1G04570,0.06669519
AT1G04580,1.34371
AT1G04590,-0.017766446
AT1G04600,-0.208912
AT1G04610,-0.006042305
AT1G04620,0.001862747
AT1G04625,0.005274555
AT1G04630,0.052503813
AT1G04635,0.13071762
AT1G04640,-0.145631
AT1G04645,0.009994639
AT1G04650,-0.070253454
AT1G04660,-0.010868967
AT1G04670,0.001850388
AT1G04680,-0.6198517
AT1G04690,0.2905912
AT1G04700,-0.0098043755
AT1G04710,-0.0855664
AT1G04730,-0.020466857
AT1G04750,0.201496
AT1G04760,-0.04135308
AT1G04770,0.17233004
AT1G04778,0.010414387
AT1G04780,0.36319947
AT1G04790,-0.07229775
AT1G04800,-0.3933561
AT1G04810,0.20921074
AT1G04820,-0.16472273
AT1G04830,0.08809876
AT1G04840,-0.027036749
AT1G04850,0.2604871
AT1G04860,-0.014260885
AT1G04870,0.4044092
AT1G04880,0.023973988
AT1G04895,0.0039161122
AT1G04900,-0.06956001
AT1G04910,0.0029046095
AT1G04920,-0.13669369
AT1G04930,0.011775151
AT1G04940,-0.013172793
AT1G04945,0.3176215
AT1G04950,-0.18172508
AT1G04970,0.2855461
AT1G04980,0.694467
AT1G04985,0.06550745
AT1G04990,0.40147316
AT1G05000,1.1181935
AT1G05005,0.004761386
AT1G05010,0.4491731
AT1G05020,0.014101352
AT1G05030,-0.010332734
AT1G05035,0.004766488
AT1G05040,0.0076625287
AT1G05055,0.0042396276
AT1G05060,0.20384677
AT1G05065,-0.12718713
AT1G05070,-0.061350506
AT1G05080,0.004306824
AT1G05085,0.003989262
AT1G05087,-0.12462908
AT1G05090,-0.14083996
AT1G05100,1.791728
AT1G05120,0.13829319
AT1G05136,-0.0028540057
AT1G05140,-0.14127387
AT1G05150,-0.18328309
AT1G05160,-0.09065171
AT1G05170,0.19494815
AT1G05180,0.20525722
AT1G05190,-0.38376513
AT1G05200,-0.3159932
AT1G05205,0.10906882
AT1G05210,0.11014203
AT1G05220,0.08850321
AT1G05230,-0.1051042
AT1G05240,0.016433688
AT1G05250,-0.01868032
AT1G05260,-0.022908628
AT1G05270,0.15058255
AT1G05280,0.021774217
AT1G05290,0.0038801383
AT1G05291,0.003907218
AT1G05300,0.06700541
AT1G05310,-0.13269691
AT1G05320,-0.40984154
AT1G05330,0.025859596
AT1G05340,1.1010584
AT1G05350,0.15256262
AT1G05360,-0.042215586
AT1G05370,-0.25300822
AT1G05380,0.03794413
AT1G05385,-0.31667563
AT1G05400,0.082505144
AT1G05410,0.027724905
AT1G05420,-0.08378766
AT1G05430,0.022479424
AT1G05440,-0.038867205
AT1G05450,0.55127835
AT1G05460,-0.41795468
AT1G05470,-0.4400305
AT1G05490,-0.06382466
AT1G05500,0.066250205
AT1G05510,0.01519866
AT1G05520,0.19039603
AT1G05530,-0.0013299311
AT1G05540,-0.6739516
AT1G05560,0.8489061
AT1G05570,0.17679818
AT1G05575,0.4664769
AT1G05577,0.011959955
AT1G05580,0.0038566666
AT1G05590,-0.2603357
AT1G05600,-0.21407384
AT1G05610,0.04858311
AT1G05615,0.0039800676
AT1G05620,0.87235063
AT1G05630,0.09815362
AT1G05640,-0.21775241
AT1G05650,-0.0060744113
AT1G05660,-0.00494875
AT1G05670,-0.19674706
AT1G05675,0.6188338
AT1G05680,1.8951489
AT1G05690,-0.17402351
AT1G05700,-0.118999146
AT1G05710,0.33660194
AT1G05720,0.16587661
AT1G05730,-0.0062343827
AT1G05750,0.019767286
AT1G05760,-0.17599046
AT1G05770,-0.18675621
AT1G05780,0.077636294
AT1G05783,0.031986266
AT1G05785,0.24281405
AT1G05790,0.14796835
AT1G05800,0.13022126
AT1G05805,-0.08650035
AT1G05810,-0.3008329
AT1G05820,-0.07223549
AT1G05830,-0.14211895
AT1G05835,-0.12405175
AT1G05840,0.097434364
AT1G05850,-0.44378647
AT1G05860,-0.17510945
AT1G05870,-0.23189597
AT1G05880,0.4992666
AT1G05890,0.084500365
AT1G05894,-0.023770124
AT1G05900,-0.074223526
AT1G05910,0.15577395
AT1G05920,0.015549687
AT1G05930,0.0042643067
AT1G05940,0.2152025
AT1G05950,-0.016787782
AT1G05960,-0.044266403
AT1G05970,-0.06721193
AT1G05990,0.050189327
AT1G06000,0.37168905
AT1G06010,0.09076738
AT1G06020,0.019797355
AT1G06030,0.1516184
AT1G06040,-0.1802483
AT1G06045,0.003899935
AT1G06050,0.21250951
AT1G06080,0.23439936
AT1G06090,0.04307258
AT1G06100,0.049573254
AT1G06110,0.014914952
AT1G06120,-0.015031643
AT1G06130,0.16529149
AT1G06135,0.19591703
AT1G06137,0.12587821
AT1G06140,0.06683924
AT1G06143,-0.050890297
AT1G06148,0.111020066
AT1G06150,-0.015926575
AT1G06160,-0.33037713
AT1G06170,-0.01569318
AT1G06180,1.1801316
AT1G06190,-0.108674556
AT1G06200,0.08352911
AT1G06210,0.12283557
AT1G06220,-0.0074447165
AT1G06225,0.00465885
AT1G06230,0.03257092
AT1G06240,-0.3190085
AT1G06250,-0.05957797
AT1G06260,-0.0066869278
AT1G06270,-0.018091595
AT1G06280,0.0038944315
AT1G06290,0.37606373
AT1G06310,0.0046278196
AT1G06320,0.0016893381
AT1G06330,0.018860579
AT1G06350,-0.09501749
AT1G06360,0.33770096
AT1G06380,-0.0086809695
AT1G06390,-0.1706127
AT1G06400,-0.024886003
AT1G06410,-0.11935107
AT1G06420,-0.038782813
AT1G06430,0.109532274
AT1G06440,0.011882889
AT1G06450,0.10691748
AT1G06460,-0.061770562
AT1G06470,0.04620567
AT1G06475,-0.12130267
AT1G06490,-0.25653073
AT1G06500,-0.26609948
AT1G06510,0.0065791574
AT1G06515,0.11274723
AT1G06520,0.6730512
AT1G06530,-0.06679335
AT1G06540,0.24043734
AT1G06550,0.13434356
AT1G06560,-0.051734686
AT1G06570,0.30300206
AT1G06580,-0.13546634
AT1G06590,0.08234089
AT1G06620,0.8457343
AT1G06630,-0.035289846
AT1G06640,-0.11131237
AT1G06650,0.15532726
AT1G06660,-0.049912166
AT1G06670,-0.049103435
AT1G06680,-0.43382585
AT1G06690,0.006667841
AT1G06700,0.006062495
AT1G06710,0.0003213659
AT1G06720,0.03451125
AT1G06750,-0.0049878117
AT1G06760,0.10170131
AT1G06770,0.018118383
AT1G06780,0.28045878
AT1G06790,-0.038072642
AT1G06800,0.19843471
AT1G06820,-0.15108587
AT1G06830,-0.24179399
AT1G06840,0.040069077
AT1G06850,-0.32776716
AT1G06870,0.35737348
AT1G06890,0.16430391
AT1G06900,-0.018923549
AT1G06910,-0.2786241
AT1G06920,0.01925771
AT1G06923,0.0010119466
AT1G06925,0.017847128
AT1G06930,0.004994448
AT1G06950,-0.008458644
AT1G06960,-0.16461457
AT1G06970,0.03006536
AT1G06980,-0.35256875
AT1G06990,0.0061276336
AT1G07000,0.57669616
AT1G07010,-0.25011167
AT1G07020,0.32220307
AT1G07025,0.02511564
AT1G07030,0.40467706
AT1G07040,0.662942
AT1G07050,-0.08620965
AT1G07060,0.03828207
AT1G07070,-0.0113696745
AT1G07080,0.07481822
AT1G07090,-0.17986481
AT1G07110,-0.24133283
AT1G07120,-0.03946506
AT1G07130,0.19827373
AT1G07135,0.91855717
AT1G07140,0.12677316
AT1G07150,0.38935366
AT1G07160,0.65572256
AT1G07170,0.09631902
AT1G07175,0.015530457
AT1G07180,-0.52894795
AT1G07190,0.003958715
AT1G07200,-0.049532276
AT1G07210,0.06919648
AT1G07220,0.16479404
AT1G07230,-0.0041961223
AT1G07240,0.02638661
AT1G07250,-0.0064269714
AT1G07260,0.045664918
AT1G07270,0.020975417
AT1G07280,-0.16172017
AT1G07290,-0.19429092
AT1G07300,-0.0748649
AT1G07310,0.21518312
AT1G07320,-0.449088
AT1G07340,0.0055089504
AT1G07350,0.07050795
AT1G07360,0.07126405
AT1G07370,0.09425488
AT1G07380,0.09093934
AT1G07390,0.23093475
AT1G07400,1.4700085
AT1G07410,0.36177334
AT1G07420,0.11519622
AT1G07430,0.5938882
AT1G07440,-0.35659075
AT1G07450,-0.14616239
AT1G07460,0.023404753
AT1G07470,0.24015932
AT1G07473,0.014458269
AT1G07476,0.009660308
AT1G07480,0.21089047
AT1G07490,-0.22741579
AT1G07500,0.060481433
AT1G07510,0.054920387
AT1G07520,0.04645769
AT1G07530,-0.0014542764
AT1G07540,0.009339258
AT1G07550,0.021000559
AT1G07560,0.009919952
AT1G07570,-0.11617246
AT1G07590,1.0171369
AT1G07600,0.074168004
AT1G07610,1.5022079
AT1G07615,0.0958099
AT1G07620,0.53104764
AT1G07630,0.30199176
AT1G07640,0.030683694
AT1G07650,-0.038752686
AT1G07660,0.050639275
AT1G07670,0.23452793
AT1G07680,0.0045888736
AT1G07690,0.04471812
AT1G07700,-0.068050005
AT1G07705,0.05721974
AT1G07710,0.0068918145
AT1G07720,0.009397184
AT1G07725,0.1256654
AT1G07730,0.03510376
AT1G07740,0.075925864
AT1G07745,0.026732935
AT1G07747,0.0114034815
AT1G07750,0.13091035
AT1G07770,0.00038111644
AT1G07780,0.03440329
AT1G07790,-0.04794925
AT1G07795,0.016467132
AT1G07810,0.33310774
AT1G07830,0.14830995
AT1G07840,-0.022698363
AT1G07850,-0.01766332
AT1G07860,0.073698625
AT1G07870,0.2405045
AT1G07880,-0.2631782
AT1G07885,0.024812318
AT1G07890,0.4915583
AT1G07900,0.7763341
AT1G07901,0.0007187252
AT1G07902,0.011984705
AT1G07910,-0.13760936
AT1G07920,0.121774256
AT1G07930,0.163401
AT1G07940,0.115183264
AT1G07950,0.0076285955
AT1G07960,0.16587375
AT1G07970,0.052468106
AT1G07980,-0.03456884
AT1G07985,-0.16056079
AT1G07990,0.086621106
AT1G08000,-0.03841221
AT1G08005,-0.00021821416
AT1G08010,-0.21788716
AT1G08030,0.010455831
AT1G08035,0.02606763
AT1G08040,-0.032108355
AT1G08050,0.95631987
AT1G08060,-0.015380207
AT1G08065,0.0038944315
AT1G08070,0.08834705
AT1G08080,-0.08902854
AT1G08090,-0.46313727
AT1G08100,0.0037984138
AT1G08110,-0.0861896
AT1G08120,-0.019595353
AT1G08125,-0.055154845
AT1G08130,0.041846644
AT1G08135,0.012748591
AT1G08140,0.0036092754
AT1G08150,0.007711772
AT1G08160,-0.20771027
AT1G08165,-0.0068169213
AT1G08170,0.012948226
AT1G08180,0.006610796
AT1G08190,-0.06344531
AT1G08200,-0.08187373
AT1G08210,-0.022558892
AT1G08220,0.18684526
AT1G08230,0.320695
AT1G08250,0.5131125
AT1G08260,-0.10129752
AT1G08270,-0.02303082
AT1G08280,-0.30631167
AT1G08290,0.22507274
AT1G08300,-0.3207227
AT1G08310,0.120953105
AT1G08315,0.47444168
AT1G08320,0.75102377
AT1G08340,-0.026067838
AT1G08350,-0.03802731
AT1G08360,0.024903504
AT1G08370,0.1859697
AT1G08380,-0.44759938
AT1G08390,-0.24597992
AT1G08400,0.012180467
AT1G08410,0.054886688
AT1G08420,0.12406603
AT1G08430,0.0007557732
AT1G08440,0.016008094
AT1G08450,0.27458313
AT1G08460,0.14250766
AT1G08465,-0.015383464
AT1G08470,-0.18852955
AT1G08480,0.25921243
AT1G08490,0.12170593
AT1G08500,-0.18098564
AT1G08510,-0.12261019
AT1G08520,-0.25937384
AT1G08530,-0.019601608
AT1G08540,-0.26866361
AT1G08550,-0.23444724
AT1G08560,-0.24541889
AT1G08570,-0.016628446
AT1G08580,0.13031305
AT1G08590,0.0999415
AT1G08600,-0.064413615
AT1G08610,-0.07565546
AT1G08620,0.101391904
AT1G08630,1.0326303
AT1G08640,0.11007457
AT1G08645,0.0041832835
AT1G08650,0.49263358
AT1G08660,-0.24780232
AT1G08670,0.0042467364
AT1G08680,-0.027651032
AT1G08695,0.0052957335
AT1G08700,0.13698253
AT1G08710,-0.049566995
AT1G08720,-0.011788773
AT1G08730,-0.062108
AT1G08750,0.0835607
AT1G08760,0.05480885
AT1G08770,0.19067039
AT1G08780,-0.060710426
AT1G08790,0.0030073507
AT1G08800,0.44582915
AT1G08810,-0.36953798
AT1G08820,0.14273722
AT1G08830,0.53035426
AT1G08840,-0.05711736
AT1G08845,-0.09338874
AT1G08860,1.0410378
AT1G08880,0.14117125
AT1G08890,0.08012826
AT1G08900,-0.13408558
AT1G08910,-0.090053014
AT1G08920,1.3206723
AT1G08930,0.3232582
AT1G08940,1.2858355
AT1G08960,-0.017512543
AT1G08970,0.061806787
AT1G08980,-0.21507555
AT1G08985,0.003759261
AT1G08990,0.0141568305
AT1G09000,-0.092734344
AT1G09010,-0.0420569
AT1G09020,0.10026679
AT1G09030,0.004032339
AT1G09040,-0.053244095
AT1G09050,0.17024378
AT1G09060,-0.14069097
AT1G09070,0.3235936
AT1G09080,0.27029383
AT1G09090,0.01147068
AT1G09100,0.3405696
AT1G09130,0.10634915
AT1G09140,0.0596806
AT1G09150,-0.056488965
AT1G09155,0.02103065
AT1G09157,0.012845066
AT1G09160,-0.32226014
AT1G09170,0.045213904
AT1G09176,0.1279427
AT1G09180,0.11988107
AT1G09190,0.0085243415
AT1G09195,0.03010424
AT1G09200,0.088253975
AT1G09210,0.33514106
AT1G09220,-0.0017777812
AT1G09230,0.07697951
AT1G09240,0.63549286
AT1G09245,0.003945439
AT1G09250,-0.29466286
AT1G09260,0.00021081045
AT1G09270,0.18038487
AT1G09280,0.025298515
AT1G09290,0.027593896
AT1G09300,0.20377038
AT1G09310,-0.5252178
AT1G09320,0.0930599
AT1G09330,0.2842147
AT1G09340,-0.6786639
AT1G09350,-0.29044995
AT1G09360,0.0039478843
AT1G09370,0.010790482
AT1G09380,0.84293866
AT1G09390,-0.21090178
AT1G09400,0.26320973
AT1G09410,-0.10388554
AT1G09415,0.019608261
AT1G09420,0.51046133
AT1G09430,0.3129846
AT1G09440,-0.21508537
AT1G09450,0.035249352
AT1G09460,-0.030718481
AT1G09470,-0.16298331
AT1G09480,0.5186718
AT1G09483,-0.014021513
AT1G09490,0.23186786
AT1G09500,2.2123818
AT1G09510,0.57133216
AT1G09520,0.11172584
AT1G09530,0.101721354
AT1G09540,-0.001622164
AT1G09550,0.032875475
AT1G09560,1.1161872
AT1G09570,-0.26558477
AT1G09575,-0.129557
AT1G09580,-0.066589884
AT1G09590,0.08665199
AT1G09600,-0.011445905
AT1G09610,-0.16407907
AT1G09620,-0.05006503
AT1G09625,0.0038944315
AT1G09630,0.24209629
AT1G09640,0.10394814
AT1G09645,0.31910756
AT1G09650,-0.012571399
AT1G09660,-0.25964603
AT1G09665,0.003908684
AT1G09680,0.09869353
AT1G09700,-0.0797694
AT1G09710,-0.11114901
AT1G09720,0.009147623
AT1G09730,0.016369801
AT1G09750,-0.65264493
AT1G09760,0.10819455
AT1G09770,-0.036102574
AT1G09780,0.3974844
AT1G09790,0.016974242
AT1G09794,0.18365653
AT1G09795,-0.06391102
AT1G09810,-0.06776219
AT1G09812,-0.21768837
AT1G09815,0.36460504
AT1G09820,-0.30083558
AT1G09830,0.047765832
AT1G09840,-0.16173498
AT1G09850,0.09608605
AT1G09860,0.03906936
AT1G09870,0.110812806
AT1G09880,-0.0110207945
AT1G09890,0.033075284
AT1G09900,-0.0868363
AT1G09910,0.060745608
AT1G09920,0.21835504
AT1G09930,0.5145605
AT1G09932,1.1835679
AT1G09935,0.285952
AT1G09940,0.6555777
AT1G09950,-0.12138268
AT1G09960,-0.06504581
AT1G09970,0.5524718
AT1G09980,0.037402496
AT1G09995,-0.10729584
AT1G10000,-0.1261381
AT1G10010,0.003082646
AT1G10020,-0.23614426
AT1G10030,-0.261309
AT1G10040,0.5962518
AT1G10050,0.09783573
AT1G10060,0.03263748
AT1G10070,0.59696656
AT1G10090,-0.15201545
AT1G10095,0.009199526
AT1G10100,0.0075930743
AT1G10110,0.123919725
AT1G10120,-0.21996535
AT1G10130,0.036126543
AT1G10140,0.60667807
AT1G10150,0.011181188
AT1G10155,0.19720484
AT1G10170,0.2880424
AT1G10180,-0.12163875
AT1G10190,0.003870412
AT1G10200,-0.023016335
AT1G10210,0.07674351
AT1G10220,0.5357942
AT1G10225,0.030505503
AT1G10230,0.034691792
AT1G10240,-0.08226306
AT1G10250,0.0040178173
AT1G10270,0.016593078
AT1G10280,0.014531714
AT1G10290,0.26201123
AT1G10300,0.060278792
AT1G10310,0.040691763
AT1G10320,-0.14663759
AT1G10330,-0.12989417
AT1G10340,0.32184944
AT1G10350,-0.045573235
AT1G10360,-0.627135
AT1G10370,0.69643325
AT1G10380,-0.40852824
AT1G10385,0.0032035932
AT1G10390,0.07284043
AT1G10395,0.0038944315
AT1G10400,0.18469608
AT1G10410,0.9017163
AT1G10417,0.25615314
AT1G10430,0.1269471
AT1G10450,0.08262811
AT1G10455,0.0024456556
AT1G10460,-0.035864227
AT1G10470,-0.14879204
AT1G10480,0.010408094
AT1G10490,0.03964689
AT1G10500,0.3161576
AT1G10510,-0.11219099
AT1G10520,-0.034921937
AT1G10522,0.023854828
AT1G10540,0.1292686
AT1G10550,-0.15106285
AT1G10560,0.09781355
AT1G10570,-0.1439151
AT1G10580,0.32295176
AT1G10585,2.0220838
AT1G10586,0.44875047
AT1G10588,0.03000153
AT1G10590,0.22019553
AT1G10600,0.003108715
AT1G10610,-0.17078243
AT1G10620,0.010547305
AT1G10630,0.17424566
AT1G10640,-0.08595934
AT1G10650,-0.26129344
AT1G10657,-0.61804825
AT1G10660,0.010014414
AT1G10670,-0.10543089
AT1G10680,0.03735688
AT1G10690,0.14808309
AT1G10700,0.8324106
AT1G10705,0.0038944315
AT1G10710,0.04280436
AT1G10715,0.004029607
AT1G10717,0.003901869
AT1G10720,0.12865002
AT1G10730,0.18501411
AT1G10740,-0.16217285
AT1G10745,0.0041886787
AT1G10747,0.004893632
AT1G10750,-0.29020894
AT1G10760,-0.2779008
AT1G10770,0.059147228
AT1G10780,-0.022033168
AT1G10790,-0.075526446
AT1G10800,0.124336444
AT1G10810,-0.03287036
AT1G10820,-0.14290015
AT1G10830,-0.011005923
AT1G10840,0.038507074
AT1G10850,-0.12230638
AT1G10865,0.3003102
AT1G10870,-0.20722453
AT1G10875,0.0039873165
AT1G10880,0.0038736959
AT1G10890,-0.097336866
AT1G10895,0.0038944315
AT1G10900,-0.22829233
AT1G10910,-0.36802962
AT1G10920,-0.13660255
AT1G10930,-0.09633842
AT1G10940,-0.070157126
AT1G10950,0.10589284
AT1G10960,-0.34581152
AT1G10970,-0.11187757
AT1G10980,0.012332697
AT1G10990,0.15558292
AT1G11000,-0.48713985
AT1G11020,0.04688615
AT1G11040,0.21715935
AT1G11050,0.17337501
AT1G11060,0.049614403
AT1G11070,-0.23972178
AT1G11080,0.104725204
AT1G11090,-0.08033965
AT1G11100,0.42713094
AT1G11110,0.029671252
AT1G11112,-0.015174109
AT1G11120,-0.16895169
AT1G11125,-0.025175689
AT1G11130,-0.42340985
AT1G11145,0.0037946918
AT1G11160,-0.086094834
AT1G11170,-0.05787216
AT1G11180,0.057762504
AT1G11190,0.6214217
AT1G11200,0.39973393
AT1G11210,-0.19965653
AT1G11220,-0.20211814
AT1G11230,0.069929376
AT1G11240,-0.03972592
AT1G11250,-0.00095056
AT1G11260,-0.19299369
AT1G11270,-0.0035688325
AT1G11280,-0.32168257
AT1G11290,-0.11461649
AT1G11300,-0.32894838
AT1G11303,-0.14087969
AT1G11310,0.36523497
AT1G11320,0.15190454
AT1G11330,0.8100255
AT1G11340,-0.3357965
AT1G11350,-0.5498196
AT1G11360,0.10682348
AT1G11362,0.16816801
AT1G11370,0.044436824
AT1G11380,-0.06484369
AT1G11390,0.2734569
AT1G11400,0.21682657
AT1G11410,-0.3458515
AT1G11420,-0.23384069
AT1G11430,-0.000257841
AT1G11440,-0.28043267
AT1G11450,0.0802756
AT1G11460,0.0018203097
AT1G11470,0.001907891
AT1G11475,0.13884376
AT1G11480,0.19430892
AT1G11490,-0.0040188176
AT1G11500,-0.051340193
AT1G11510,0.0042784307
AT1G11520,0.003905018
AT1G11530,-0.19625087
AT1G11540,0.030821897
AT1G11545,-0.7546794
AT1G11560,-0.01705151
AT1G11570,0.043978635
AT1G11572,0.17450564
AT1G11580,0.46476355
AT1G11590,0.0012958553
AT1G11591,0.013515881
AT1G11593,0.0038944315
AT1G11600,0.18276529
AT1G11608,0.0071786246
AT1G11610,0.031193733
AT1G11620,0.0044443286
AT1G11630,-0.07387621
AT1G11650,0.1721561
AT1G11655,0.0011278732
AT1G11660,0.10701082
AT1G11670,0.09466228
AT1G11680,-0.01715353
AT1G11684,0.004234456
AT1G11690,0.0034026038
AT1G11700,-0.52534777
AT1G11710,-0.0497456
AT1G11720,-0.21512924
AT1G11730,-0.117961966
AT1G11740,-0.20670606
AT1G11750,-0.0696617
AT1G11760,0.07188129
AT1G11765,0.0039009294
AT1G11770,0.005125098
AT1G11780,-0.0015134836
AT1G11785,-0.0928616
AT1G11790,0.1807069
AT1G11800,0.11065785
AT1G11810,0.039100487
AT1G11820,-0.17271574
AT1G11840,0.058858547
AT1G11850,-0.04505102
AT1G11860,-0.63051766
AT1G11870,-0.06502894
AT1G11880,0.01480452
AT1G11890,0.1772762
AT1G11900,-0.05246513
AT1G11905,0.3434806
AT1G11910,0.33436146
AT1G11915,-0.12395775
AT1G11920,0.0061719525
AT1G11925,1.2035469
AT1G11930,0.047134653
AT1G11940,0.21885405
AT1G11950,-0.14389734
AT1G11960,-0.24277438
AT1G11970,0.004066035
AT1G11980,0.003966099
AT1G11990,-0.11057246
AT1G12000,0.33495358
AT1G12010,-0.09877335
AT1G12020,-0.2604992
AT1G12030,0.011582333
AT1G12040,-0.015618627
AT1G12050,0.23506045
AT1G12060,-0.22074772
AT1G12064,0.00013304346
AT1G12070,0.001019603
AT1G12080,-0.98170346
AT1G12090,-0.5170242
AT1G12100,-0.0139347585
AT1G12110,0.0035827507
AT1G12120,-0.14771801
AT1G12130,0.0017736955
AT1G12140,0.21627611
AT1G12150,-0.017674258
AT1G12160,0.0618304
AT1G12170,0.0038944315
AT1G12180,0.006536927
AT1G12190,0.0038920844
AT1G12200,0.36401343
AT1G12210,0.15554228
AT1G12211,0.055467475
AT1G12220,-0.11970863
AT1G12230,-0.1394615
AT1G12240,0.11141875
AT1G12244,-0.37249967
AT1G12250,-0.2048056
AT1G12260,0.00787432
AT1G12270,-0.010055054
AT1G12280,-0.36565527
AT1G12290,0.11073258
AT1G12300,-0.19136406
AT1G12310,0.14593194
AT1G12320,0.6468995
AT1G12330,-0.30372655
AT1G12340,-0.019063985
AT1G12350,0.007689776
AT1G12360,0.11748114
AT1G12370,-0.071727335
AT1G12380,-0.16844118
AT1G12390,0.05921037
AT1G12400,0.13200107
AT1G12410,-0.023672096
AT1G12411,0.003900055
AT1G12420,0.05132082
AT1G12430,-0.29839
AT1G12440,0.08387587
AT1G12450,-0.18030459
AT1G12460,-0.2587203
AT1G12470,0.0064718314
AT1G12480,-0.2887856
AT1G12490,-0.026052944
AT1G12500,-0.6126304
AT1G12520,0.035937555
AT1G12530,-0.13646811
AT1G12540,0.00088700996
AT1G12550,-0.41148183
AT1G12560,-0.008342934
AT1G12570,0.01375064
AT1G12580,-0.15156226
AT1G12600,-0.024377828
AT1G12610,-0.14168943
AT1G12615,0.004812731
AT1G12620,-0.23247902
AT1G12630,0.024370529
AT1G12640,0.47216904
AT1G12650,0.11009272
AT1G12660,0.0039008919
AT1G12663,0.0032675161
AT1G12665,0.0041559148
AT1G12672,0.018042594
AT1G12680,-0.034291763
AT1G12700,-0.22913103
AT1G12710,0.08665248
AT1G12730,-0.06378131
AT1G12740,0.013979633
AT1G12750,-0.15857635
AT1G12760,0.20372206
AT1G12770,-0.17389321
AT1G12775,-0.25563797
AT1G12780,0.20275714
AT1G12790,-0.032753635
AT1G12800,-0.39767966
AT1G12805,0.006628538
AT1G12810,0.2572614
AT1G12820,-0.13080533
AT1G12830,-0.08897834
AT1G12840,0.16825207
AT1G12845,-0.32324782
AT1G12850,0.035772067
AT1G12855,0.008846976
AT1G12860,-0.46881628
AT1G12870,-0.014454168
AT1G12880,-0.15283582
AT1G12890,0.030493965
AT1G12900,-0.5870796
AT1G12910,0.050228324
AT1G12920,0.05742212
AT1G12930,-0.20219825
AT1G12940,-0.838671
AT1G12950,-0.02422939
AT1G12960,0.003930332
AT1G12970,0.09304426
AT1G12980,-0.0007894865
AT1G12990,0.117616825
AT1G13000,0.03241011
AT1G13020,0.08761641
AT1G13030,-0.12410451
AT1G13040,-0.088115305
AT1G13050,-0.04545346
AT1G13060,0.29090402
AT1G13080,-0.13982806
AT1G13090,0.071064614
AT1G13100,-0.35220656
AT1G13110,-0.24467897
AT1G13120,-0.05207594
AT1G13130,0.082936354
AT1G13140,0.013792473
AT1G13143,-0.007837379
AT1G13150,0.006531087
AT1G13160,0.058634866
AT1G13170,-0.40083554
AT1G13180,0.19129778
AT1G13190,0.03873917
AT1G13195,0.18234904
AT1G13200,0.0158799
AT1G13210,0.28716195
AT1G13220,-0.24487744
AT1G13230,0.015497793
AT1G13245,-0.047634
AT1G13250,-0.47723433
AT1G13260,-0.110446475
AT1G13270,0.19986475
AT1G13280,-0.1143071
AT1G13290,0.0041269013
AT1G13300,0.062799916
AT1G13310,1.2893163
AT1G13320,0.08971562
AT1G13330,-0.109184064
AT1G13340,1.4854865
AT1G13350,-0.022318618
AT1G13360,0.3554463
AT1G13370,0.056741927
AT1G13380,-0.34215286
AT1G13390,0.20996797
AT1G13400,-0.007280769
AT1G13410,0.016208487
AT1G13420,-0.04695783
AT1G13430,-0.14888534
AT1G13440,0.06980724
AT1G13450,-0.08332682
AT1G13460,0.06693972
AT1G13470,0.67908764
AT1G13480,0.57324547
AT1G13485,0.0038996823
AT1G13490,0.014903195
AT1G13500,0.004381156
AT1G13510,0.019759782
AT1G13520,2.4905832
AT1G13530,0.086285256
AT1G13540,0.19699298
AT1G13550,0.24714816
AT1G13560,-0.075274855
AT1G13570,0.08109802
AT1G13580,0.025788933
AT1G13590,0.0075933263
AT1G13600,-0.094842054
AT1G13605,0.011886135
AT1G13607,0.0010240125
AT1G13608,0.0002792105
AT1G13609,0.0017801179
AT1G13610,0.005019315
AT1G13620,-0.0039013643
AT1G13630,-0.051780254
AT1G13635,0.045040295
AT1G13640,-0.28399748
AT1G13650,-1.1827859
AT1G13670,0.011510402
AT1G13680,0.0040373127
AT1G13690,-0.015147075
AT1G13700,-0.2491302
AT1G13710,-0.09727874
AT1G13730,-0.19273108
AT1G13740,0.1566142
AT1G13750,0.5099415
AT1G13755,0.004394993
AT1G13760,0.0036042926
AT1G13770,-0.024220133
AT1G13780,0.029783254
AT1G13790,-0.44234836
AT1G13800,-0.11697415
AT1G13805,0.0038944315
AT1G13810,0.10775179
AT1G13820,-0.18849929
AT1G13825,0.004026796
AT1G13830,0.49081686
AT1G13860,-0.19736375
AT1G13870,-0.0108172
AT1G13880,0.005238086
AT1G13890,0.0038945228
AT1G13900,-0.027464991
AT1G13910,0.1253022
AT1G13920,-0.1269886
AT1G13930,0.24528225
AT1G13940,-0.11204973
AT1G13950,0.015608762
AT1G13960,0.119042315
AT1G13980,-0.10023294
AT1G13990,0.6001878
AT1G14000,0.34205544
AT1G14010,0.32783818
AT1G14020,0.00737296
AT1G14030,-0.44319716
AT1G14040,0.2390288
AT1G14048,0.0040450618
AT1G14050,0.0038944315
AT1G14070,0.0038944315
AT1G14080,-0.10841685
AT1G14100,-0.06441715
AT1G14110,0.0064526177
AT1G14120,0.15037507
AT1G14130,0.47783005
AT1G14140,0.06026874
AT1G14150,-0.5439348
AT1G14160,0.0021989024
AT1G14170,0.8277076
AT1G14175,0.0038944315
AT1G14182,0.0038944315
AT1G14185,0.03710929
AT1G14190,-0.21858631
AT1G14200,0.28127873
AT1G14205,-0.21290779
AT1G14210,-0.24022949
AT1G14220,-0.00416657
AT1G14230,0.19705743
AT1G14240,0.07416385
AT1G14250,-0.084854834
AT1G14260,0.375579
AT1G14270,-0.28977215
AT1G14280,-0.52919286
AT1G14290,-0.3663859
AT1G14300,0.056392938
AT1G14310,0.018029867
AT1G14315,-0.0044418494
AT1G14320,0.35255173
AT1G14330,0.73556703
AT1G14340,0.07654846
AT1G14345,-0.24955706
AT1G14350,-0.42479882
AT1G14360,0.6363047
AT1G14370,0.4226037
AT1G14380,-0.42781743
AT1G14390,-0.10754451
AT1G14400,0.15278746
AT1G14410,0.04856512
AT1G14420,0.003407158
AT1G14430,-0.10961995
AT1G14440,-0.10861796
AT1G14450,0.20405333
AT1G14453,0.008356883
AT1G14455,0.037516173
AT1G14460,-0.42861345
AT1G14470,-0.04084751
AT1G14480,-0.16337538
AT1G14490,-0.0407096
AT1G14500,0.0028287098
AT1G14510,0.06476107
AT1G14520,0.13342111
AT1G14530,0.1960903
AT1G14540,1.9679321
AT1G14550,0.6933175
AT1G14560,-0.093640625
AT1G14570,0.076268055
AT1G14580,-0.07692008
AT1G14590,-0.08575762
AT1G14600,-0.20380645
AT1G14610,-0.05137496
AT1G14620,0.028524406
AT1G14640,-0.061664242
AT1G14642,0.013475959
AT1G14650,-0.018437859
AT1G14660,-0.2026372
AT1G14670,0.19816744
AT1G14680,0.030492371
AT1G14685,0.046941932
AT1G14686,0.008605276
AT1G14687,0.035281
AT1G14688,0.015736045
AT1G14690,-0.1366198
AT1G14700,-0.71812063
AT1G14710,0.015148503
AT1G14720,0.09491097
AT1G14730,-0.1805417
AT1G14740,-0.07121537
AT1G14750,-0.05132225
AT1G14755,0.0038883362
AT1G14760,-0.009473004
AT1G14770,-0.34592628
AT1G14780,0.024671972
AT1G14790,0.047011007
AT1G14800,0.005139535
AT1G14810,0.3140495
AT1G14820,0.029307008
AT1G14830,0.08295895
AT1G14840,-0.58055305
AT1G14850,0.0629743
AT1G14860,0.3790555
AT1G14870,2.1395133
AT1G14880,1.058525
AT1G14890,0.55150694
AT1G14900,-0.0291567
AT1G14910,0.111486055
AT1G14920,-0.17675607
AT1G14930,0.0016552085
AT1G14940,0.0044844407
AT1G14950,0.005064348
AT1G14960,-0.0064705573
AT1G14970,-0.22566515
AT1G14980,0.18951587
AT1G14990,0.13982964
AT1G15000,-0.51048887
AT1G15010,0.52766377
AT1G15015,-0.002396322
AT1G15020,0.009769679
AT1G15030,-0.061750438
AT1G15040,2.2614033
AT1G15050,0.06655676
AT1G15060,0.08823159
AT1G15080,-0.12119484
AT1G15085,0.004364333
AT1G15100,0.37255892
AT1G15110,0.48604664
AT1G15120,0.23661302
AT1G15125,-1.1265486
AT1G15130,0.30615
AT1G15140,0.07858136
AT1G15150,-0.046826944
AT1G15160,-0.039709356
AT1G15165,-0.124284975
AT1G15170,0.20576061
AT1G15180,-0.24985059
AT1G15190,0.05556794
AT1G15200,-0.035124525
AT1G15210,-0.00011119122
AT1G15215,-0.23741056
AT1G15220,-0.07657509
AT1G15230,0.10868374
AT1G15240,-0.027516043
AT1G15250,-0.01586281
AT1G15260,-0.51143557
AT1G15270,0.20596178
AT1G15280,-0.01735705
AT1G15290,-0.3184869
AT1G15310,0.16214247
AT1G15320,-0.0043365355
AT1G15330,0.0025204644
AT1G15340,-0.14674205
AT1G15350,0.20507856
AT1G15360,0.011973657
AT1G15370,0.15123315
AT1G15380,1.9028512
AT1G15385,0.5312654
AT1G15390,-0.021874696
AT1G15400,0.14851683
AT1G15410,-0.82249254
AT1G15415,0.7101733
AT1G15420,0.10774967
AT1G15430,0.8504016
AT1G15440,0.2287788
AT1G15460,0.010216596
AT1G15470,0.03678952
AT1G15480,-0.07494021
AT1G15490,0.01026015
AT1G15500,-0.10593023
AT1G15510,0.001021569
AT1G15520,3.1206856
AT1G15530,0.023626288
AT1G15540,0.05304636
AT1G15550,-0.82797766
AT1G15570,0.016821237
AT1G15580,-0.05074865
AT1G15590,0.0043860786
AT1G15600,0.005884651
AT1G15610,-0.0113663
AT1G15620,0.0029328354
AT1G15625,0.20583902
AT1G15630,0.0060162977
AT1G15640,0.004814951
AT1G15660,-0.052193183
AT1G15670,0.57293195
AT1G15680,0.0038944315
AT1G15690,0.067918636
AT1G15700,0.05403966
AT1G15710,0.0272374
AT1G15720,0.076510854
AT1G15730,-0.28107983
AT1G15740,-0.060965646
AT1G15750,0.05469678
AT1G15757,0.008642296
AT1G15760,-0.1620645
AT1G15770,0.0048169456
AT1G15772,-0.020236343
AT1G15780,0.18357934
AT1G15790,0.5351574
AT1G15800,0.14746721
AT1G15810,-0.06816297
AT1G15820,-0.4787571
AT1G15825,-0.052903652
AT1G15830,-0.7449908
AT1G15840,-0.0025969576
AT1G15850,0.0038944315
AT1G15860,0.2890217
AT1G15870,0.118733704
AT1G15880,0.15247634
AT1G15885,-0.03867278
AT1G15890,-0.23656483
AT1G15900,0.081418045
AT1G15910,-0.3807114
AT1G15920,0.116648756
AT1G15930,0.08131202
AT1G15940,-0.13496904
AT1G15950,0.2878236
AT1G15960,-0.0029375404
AT1G15970,-0.026321804
AT1G15980,-0.6101219
AT1G15990,0.018293122
AT1G16000,0.080024876
AT1G16010,0.11784687
AT1G16020,-0.20957863
AT1G16022,0.023905294
AT1G16025,0.0034440178
AT1G16030,0.68511456
AT1G16040,0.16145264
AT1G16060,0.098080814
AT1G16070,-0.020119486
AT1G16080,-0.3252041
AT1G16110,0.11907449
AT1G16120,-0.0033862342
AT1G16130,0.445061
AT1G16140,0.0038944315
AT1G16150,-0.26094058
AT1G16160,-0.0019154468
AT1G16170,0.0067434986
AT1G16180,0.24720468
AT1G16190,-0.14173779
AT1G16210,0.22809458
AT1G16220,-0.090827584
AT1G16225,0.007574649
AT1G16230,0.0042646946
AT1G16240,0.09624485
AT1G16250,0.067806534
AT1G16260,0.05985443
AT1G16270,0.072620116
AT1G16280,-0.033085607
AT1G16290,0.001376669
AT1G16300,0.52034587
AT1G16310,0.05830371
AT1G16320,-0.0035178624
AT1G16330,-0.045657944
AT1G16340,-0.39557257
AT1G16350,-0.05843151
AT1G16360,0.025884276
AT1G16370,0.26569578
AT1G16380,0.009140652
AT1G16390,-0.3321323
AT1G16400,-0.38442126
AT1G16410,-0.92207843
AT1G16420,0.5649276
AT1G16430,-0.008424195
AT1G16440,0.02015624
AT1G16445,-0.16433775
AT1G16460,-0.14217667
AT1G16470,0.44142723
AT1G16480,-0.13640575
AT1G16490,-0.08165193
AT1G16500,0.46495256
AT1G16510,0.7172697
AT1G16515,-0.008891203
AT1G16520,-0.09438043
AT1G16530,0.1161103
AT1G16540,0.533874
AT1G16560,0.15637642
AT1G16570,0.032961417
AT1G16590,-0.14542459
AT1G16610,0.14065969
AT1G16630,-0.16203374
AT1G16640,-0.23555239
AT1G16650,0.09297824
AT1G16670,0.44930562
AT1G16680,-0.20035867
AT1G16690,-0.04066507
AT1G16700,0.33750987
AT1G16705,0.010529124
AT1G16710,-0.027415672
AT1G16720,-0.48465824
AT1G16730,0.008325564
AT1G16740,0.11911114
AT1G16750,-0.24484831
AT1G16760,0.0058410857
AT1G16770,0.06824996
AT1G16780,-0.38371602
AT1G16790,0.16612588
AT1G16800,-0.19740146
AT1G16810,0.099829175
AT1G16820,-0.06533354
AT1G16825,0.011414184
AT1G16830,0.09006367
AT1G16840,0.23357844
AT1G16850,-0.10043925
AT1G16860,-0.1417698
AT1G16870,0.12677686
AT1G16880,-0.24375634
AT1G16890,0.18327892
AT1G16900,0.09315433
AT1G16900,0.06902931
AT1G16910,0.0072208517
AT1G16916,-0.00050062936
AT1G16920,-0.24593359
AT1G16930,-0.13080722
AT1G16940,0.0038585954
AT1G16945,0.0038944315
AT1G16950,0.008940787
AT1G16960,-0.18973036
AT1G16970,0.08156697
AT1G16980,0.0066850167
AT1G17000,0.005642172
AT1G17010,0.0061318483
AT1G17020,1.648745
AT1G17030,0.09165395
AT1G17040,-0.09009685
AT1G17050,-0.2021371
AT1G17060,-0.079619505
AT1G17065,0.0043204213
AT1G17070,0.06414705
AT1G17080,0.3452939
AT1G17100,-0.009121418
AT1G17110,-0.19590198
AT1G17120,0.035450403
AT1G17130,0.06725056
AT1G17140,-0.5637657
AT1G17145,-0.1795301
AT1G17147,0.025946831
AT1G17150,0.0059144595
AT1G17160,-0.0444058
AT1G17170,1.5434017
AT1G17180,0.36491045
AT1G17190,-0.09052517
AT1G17200,-0.33237854
AT1G17210,-0.025089504
AT1G17220,-0.3403164
AT1G17230,0.16171817
AT1G17235,0.034291826
AT1G17240,0.023144016
AT1G17250,-0.0813798
AT1G17260,-0.13542973
AT1G17270,-0.034110676
AT1G17280,0.10891575
AT1G17285,0.023921391
AT1G17290,0.46157995
AT1G17300,0.06664405
AT1G17310,0.07558889
AT1G17330,0.12921321
AT1G17340,0.13034846
AT1G17345,-0.012866293
AT1G17350,-0.23372082
AT1G17360,-0.30663988
AT1G17370,-0.06284495
AT1G17380,0.6457033
AT1G17400,-0.06712095
AT1G17410,0.04332144
AT1G17420,1.0298282
AT1G17430,0.09348756
AT1G17440,0.03542302
AT1G17450,0.09879088
AT1G17455,-0.057974186
AT1G17460,0.026895398
AT1G17470,-0.008066695
AT1G17480,-0.2226789
AT1G17490,0.19516613
AT1G17500,0.39653125
AT1G17510,0.17421478
AT1G17520,0.03445868
AT1G17530,0.37117255
AT1G17540,0.00687627
AT1G17545,0.003969537
AT1G17550,0.251377
AT1G17560,-0.11519256
AT1G17580,-0.06535729
AT1G17590,-0.06558681
AT1G17600,0.4594533
AT1G17610,0.18177499
AT1G17620,-0.15513803
AT1G17630,-0.041757543
AT1G17640,0.0046503586
AT1G17650,-0.50624794
AT1G17665,0.19533403
AT1G17680,0.017968234
AT1G17690,0.080854364
AT1G17700,-0.36786762
AT1G17710,0.079606265
AT1G17720,0.12942278
AT1G17730,0.051846247
AT1G17740,0.0038944315
AT1G17745,1.2795525
AT1G17750,0.371348
AT1G17760,-0.10578316
AT1G17770,0.0038944315
AT1G17780,0.08871444
AT1G17790,-0.011758633
AT1G17800,0.0039057282
AT1G17810,0.026762431
AT1G17820,0.0038061615
AT1G17830,0.60453176
AT1G17840,-0.31480694
AT1G17850,-0.3686023
AT1G17860,0.81110096
AT1G17870,-0.041705806
AT1G17880,-0.05415638
AT1G17890,0.42004105
AT1G17910,0.00511546
AT1G17920,-0.22152275
AT1G17930,-0.00057099265
AT1G17940,0.027046561
AT1G17950,0.12390753
AT1G17960,-0.011681765
AT1G17970,-0.25447354
AT1G17980,-0.25475308
AT1G17990,-0.10107342
AT1G18000,-0.21617882
AT1G18010,-0.04618867
AT1G18020,0.32021502
AT1G18030,-0.18708812
AT1G18040,-0.25227907
AT1G18050,0.038944524
AT1G18070,0.051584613
AT1G18080,0.13708788
AT1G18090,-0.3401574
AT1G18100,0.008712832
AT1G18120,0.0038944315
AT1G18130,0.003941901
AT1G18140,0.030189129
AT1G18150,-0.10552568
AT1G18160,-0.042935345
AT1G18170,-0.2779579
AT1G18180,0.0008670402
AT1G18190,-0.075198226
AT1G18193,-0.0013757193
AT1G18197,0.057158094
AT1G18200,0.3446368
AT1G18210,0.56048363
AT1G18220,0.0028799388
AT1G18250,-0.16873427
AT1G18260,0.10483556
AT1G18265,-0.24725507
AT1G18270,0.22198169
AT1G18280,0.09255048
AT1G18290,0.0041488395
AT1G18300,0.2384875
AT1G18310,-0.008375534
AT1G18320,-0.026925236
AT1G18330,-0.34085497
AT1G18335,-0.051963206
AT1G18340,-0.10985134
AT1G18350,0.22240596
AT1G18360,-0.2216645
AT1G18370,-0.18894677
AT1G18390,0.69438696
AT1G18400,-0.32622615
AT1G18410,-0.015869975
AT1G18420,0.04355204
AT1G18440,0.08215938
AT1G18450,0.02269017
AT1G18460,-0.32667002
AT1G18470,0.1498513
AT1G18480,0.43481028
AT1G18485,-0.2947594
AT1G18486,0.015225843
AT1G18490,-0.18202595
AT1G18500,0.046432022
AT1G18510,0.008917999
AT1G18520,0.007470513
AT1G18530,-0.0017878046
AT1G18540,0.16082223
AT1G18550,-0.15194495
AT1G18560,0.2111248
AT1G18570,0.25846922
AT1G18580,-0.011074309
AT1G18590,0.121050574
AT1G18600,0.1624714
AT1G18610,-0.20662294
AT1G18620,-0.7602934
AT1G18630,0.23099355
AT1G18640,0.021434218
AT1G18650,-0.52090627
AT1G18660,-0.08354255
AT1G18670,-0.22366607
AT1G18680,0.17547035
AT1G18690,0.018062158
AT1G18700,-0.044239257
AT1G18710,-0.65438515
AT1G18720,0.33440924
AT1G18730,-0.62020624
AT1G18740,0.024179718
AT1G18750,-0.24319756
AT1G18760,0.0039032225
AT1G18770,0.0038944315
AT1G18773,-0.19743901
AT1G18780,0.0037984902
AT1G18790,0.0038085778
AT1G18800,0.091199346
AT1G18810,-0.35146478
AT1G18830,0.047810823
AT1G18835,0.11842068
AT1G18840,-0.37827548
AT1G18850,0.2161658
AT1G18860,0.8857456
AT1G18870,-0.3207239
AT1G18871,0.008736071
AT1G18880,-0.3517885
AT1G18890,0.30335736
AT1G18900,0.16485326
AT1G18910,0.004263535
AT1G18950,-0.09262893
AT1G18960,-0.015470539
AT1G18970,0.052731186
AT1G18975,0.006732262
AT1G18980,0.32453403
AT1G18990,-0.083070815
AT1G19000,-0.26471755
AT1G19010,-0.010543856
AT1G19020,1.4052385
AT1G19025,0.15186906
AT1G19040,-0.008621826
AT1G19050,-0.34316754
AT1G19060,0.0048046433
AT1G19070,0.040681925
AT1G19080,-0.20588906
AT1G19086,0.0038944315
AT1G19090,0.0039027538
AT1G19100,-0.10376707
AT1G19110,-0.20546466
AT1G19115,-0.0029725234
AT1G19120,-0.0029906183
AT1G19130,0.2772393
AT1G19140,0.025552189
AT1G19150,-0.7568621
AT1G19160,0.0059871697
AT1G19170,-0.05408281
AT1G19180,1.1112441
AT1G19190,0.20370305
AT1G19200,1.0514475
AT1G19210,0.07683773
AT1G19220,-0.34142777
AT1G19230,0.12187528
AT1G19240,0.18134747
AT1G19250,1.933422
AT1G19260,0.003603506
AT1G19270,0.58668
AT1G19290,0.008943648
AT1G19300,0.15847836
AT1G19310,0.30997792
AT1G19330,-0.51566744
AT1G19340,-0.5057983
AT1G19350,-0.34015176
AT1G19360,0.2688976
AT1G19370,0.08633903
AT1G19380,0.5288903
AT1G19390,-0.0009876626
AT1G19394,-0.07991052
AT1G19397,-0.07181854
AT1G19400,-0.055945933
AT1G19410,0.010801098
AT1G19430,-0.11742499
AT1G19440,0.32677168
AT1G19450,-0.26642236
AT1G19460,0.0058328547
AT1G19470,0.0018049218
AT1G19480,-0.13215049
AT1G19485,-0.18924241
AT1G19490,-0.13297482
AT1G19500,0.03970122
AT1G19510,-0.17240478
AT1G19520,-0.03882372
AT1G19525,0.0038944315
AT1G19530,0.3572867
AT1G19540,0.10820951
AT1G19550,0.026959755
AT1G19565,-0.0349005
AT1G19570,0.41116118
AT1G19580,0.06069431
AT1G19600,0.06471603
AT1G19610,0.54990953
AT1G19620,-0.22526939
AT1G19630,-0.23289299
AT1G19640,0.7779049
AT1G19650,0.062293112
AT1G19660,-0.025174944
AT1G19670,-0.15207814
AT1G19680,0.18850307
AT1G19690,-0.119895875
AT1G19700,-0.029326938
AT1G19710,-0.15131652
AT1G19715,-0.54603106
AT1G19720,-0.50695884
AT1G19730,0.08188442
AT1G19740,-0.02944529
AT1G19750,0.0059638694
AT1G19770,-0.22737028
AT1G19780,-0.04423432
AT1G19790,0.019681873
AT1G19800,0.026742376
AT1G19830,-0.021826774
AT1G19835,-0.44282088
AT1G19840,-0.07603776
AT1G19850,0.8241014
AT1G19860,0.01667486
AT1G19870,-0.1719224
AT1G19880,0.046761457
AT1G19890,0.003981688
AT1G19900,-0.005095614
AT1G19910,0.33182386
AT1G19920,-0.2064693
AT1G19930,0.0039014185
AT1G19940,-0.06953735
AT1G19950,-0.25959882
AT1G19960,0.41431656
AT1G19970,0.2070506
AT1G19980,0.031058209
AT1G19990,-0.19066788
AT1G20000,0.005140982
AT1G20010,-0.54351836
AT1G20020,-0.504158
AT1G20030,0.25826016
AT1G20050,0.2539312
AT1G20060,-0.038224533
AT1G20065,-0.012697744
AT1G20070,0.6975141
AT1G20080,-0.008776
AT1G20090,-0.19145446
AT1G20100,0.2311554
AT1G20110,0.15519853
AT1G20120,0.05442686
AT1G20130,-0.010816303
AT1G20132,0.0039838054
AT1G20135,0.0038944315
AT1G20140,0.25779963
AT1G20150,-0.011932865
AT1G20160,0.05688746
AT1G20180,0.6757219
AT1G20190,-0.8022013
AT1G20200,0.35248414
AT1G20220,0.022781352
AT1G20230,-0.12004159
AT1G20240,0.0043837596
AT1G20260,0.09134524
AT1G20270,-0.037896153
AT1G20280,0.003926622
AT1G20290,0.029149182
AT1G20300,0.02844107
AT1G20310,0.625549
AT1G20320,0.005536484
AT1G20330,-0.06143589
AT1G20340,-0.43248716
AT1G20350,0.32430863
AT1G20360,0.004857149
AT1G20380,-0.21551748
AT1G20400,0.019667922
AT1G20405,0.0034322527
AT1G20410,-0.102340914
AT1G20440,0.13465695
AT1G20450,0.028381616
AT1G20470,-0.19053636
AT1G20480,-0.1064201
AT1G20490,-0.04167478
AT1G20500,0.012292203
AT1G20510,0.038493037
AT1G20520,0.041750785
AT1G20530,-0.058671284
AT1G20540,-0.20980823
AT1G20550,-0.15490529
AT1G20560,0.114738315
AT1G20570,-0.18744671
AT1G20575,0.20228337
AT1G20580,0.15814143
AT1G20590,0.006525252
AT1G20600,0.0063858745
AT1G20610,-0.065122105
AT1G20620,0.04736199
AT1G20630,0.8695294
AT1G20640,-0.3258102
AT1G20650,-0.43897295
AT1G20657,0.0038944315
AT1G20670,-0.054916725
AT1G20680,0.005995793
AT1G20683,0.0038944315
AT1G20687,0.0038944315
AT1G20693,0.10724556
AT1G20696,0.19442762
AT1G20700,0.07438728
AT1G20710,0.0039008511
AT1G20720,-0.2175561
AT1G20730,0.003712619
AT1G20735,0.011435178
AT1G20740,0.14530124
AT1G20750,0.004708501
AT1G20760,0.06891196
AT1G20770,0.16967808
AT1G20780,0.49116167
AT1G20790,0.0071324795
AT1G20795,0.007769992
AT1G20800,0.0038944315
AT1G20803,0.004832865
AT1G20810,-0.2707738
AT1G20816,-0.21819687
AT1G20823,-0.3642805
AT1G20830,-0.081611656
AT1G20840,0.20724809
AT1G20850,-0.04407382
AT1G20860,0.020705456
AT1G20870,0.0010421437
AT1G20875,0.0033068464
AT1G20880,0.13384956
AT1G20890,0.14545937
AT1G20900,0.17821574
AT1G20910,0.060234904
AT1G20920,-0.13274391
AT1G20923,0.0034952294
AT1G20925,0.005676953
AT1G20930,0.0020489192
AT1G20940,0.00511546
AT1G20950,-0.06761848
AT1G20960,0.022610413
AT1G20970,0.23123431
AT1G20980,0.15304466
AT1G20990,-0.037278105
AT1G21000,0.09338025
AT1G21010,0.22785561
AT1G21050,-0.07428596
AT1G21060,-0.18119162
AT1G21065,-0.08905027
AT1G21070,-0.17129034
AT1G21080,0.1173228
AT1G21090,-0.35380328
AT1G21100,-0.22750098
AT1G21110,-0.3340335
AT1G21120,0.03421605
AT1G21130,-0.18686928
AT1G21140,-0.10827274
AT1G21150,-0.28339246
AT1G21160,-0.04952711
AT1G21170,0.062169563
AT1G21190,0.16947037
AT1G21200,0.094463766
AT1G21210,0.027263893
AT1G21230,0.004845321
AT1G21240,1.3711886
AT1G21245,0.015784508
AT1G21250,0.90298986
AT1G21270,0.27589238
AT1G21280,0.07094129
AT1G21310,1.2617918
AT1G21313,0.38730505
AT1G21320,0.18426137
AT1G21323,0.0038944315
AT1G21326,-0.1354301
AT1G21340,0.007313469
AT1G21360,-0.026410282
AT1G21370,0.34307957
AT1G21380,0.2945894
AT1G21390,0.43168163
AT1G21395,0.008001108
AT1G21400,0.6502349
AT1G21410,0.35779187
AT1G21430,0.004656691
AT1G21440,-0.35963798
AT1G21450,0.011142403
AT1G21460,-0.01832241
AT1G21470,0.013959304
AT1G21475,0.004562025
AT1G21480,-0.124328814
AT1G21500,-0.43087265
AT1G21510,-0.042960748
AT1G21520,0.9051567
AT1G21528,0.15158875
AT1G21530,-0.002447345
AT1G21540,-0.22054331
AT1G21550,1.1539083
AT1G21560,-0.46494913
AT1G21570,0.0038944315
AT1G21580,-0.05262695
AT1G21590,-0.012874159
AT1G21600,-0.112467766
AT1G21610,-0.0530484
AT1G21620,0.006575922
AT1G21630,-0.0013407903
AT1G21640,-0.043572664
AT1G21650,-0.12976815
AT1G21660,0.033510342
AT1G21670,0.36251032
AT1G21680,0.096117646
AT1G21690,0.026312763
AT1G21695,0.13097827
AT1G21700,-0.024779975
AT1G21710,0.043126687
AT1G21720,0.33178976
AT1G21722,0.040757254
AT1G21730,-0.20883976
AT1G21738,0.0033579983
AT1G21740,0.32629064
AT1G21750,0.56659085
AT1G21760,0.15387188
AT1G21770,0.3054246
AT1G21780,0.026114598
AT1G21790,0.20209269
AT1G21810,-0.15097377
AT1G21820,0.0038944315
AT1G21835,0.0038512342
AT1G21840,-0.12485402
AT1G21850,0.058169957
AT1G21860,0.019475171
AT1G21864,0.0038993927
AT1G21866,0.0039021939
AT1G21870,0.004119413
AT1G21880,-0.39373314
AT1G21890,0.004670044
AT1G21900,0.37723866
AT1G21910,-0.3974105
AT1G21920,-0.10952588
AT1G21925,0.0038944315
AT1G21928,0.0038944315
AT1G21930,0.0073482394
AT1G21940,0.05227
AT1G21950,0.036138676
AT1G21960,0.0038944315
AT1G21970,0.030309787
AT1G21980,0.17995013
AT1G21990,0.0033684066
AT1G22000,-0.0049486947
AT1G22010,0.0038944315
AT1G22015,0.01157201
AT1G22020,-0.07086783
AT1G22030,-0.19182098
AT1G22040,0.08875241
AT1G22050,-0.1713932
AT1G22060,-0.34270287
AT1G22065,-0.07064421
AT1G22070,0.17308338
AT1G22080,0.0037021395
AT1G22090,0.015024793
AT1G22100,0.0038424425
AT1G22110,0.14544556
AT1G22120,-0.016684467
AT1G22130,-0.12492087
AT1G22140,0.0024115865
AT1G22150,0.04563099
AT1G22160,-0.6846316
AT1G22170,-0.19621903
AT1G22180,0.62176716
AT1G22190,0.010136927
AT1G22200,0.17269357
AT1G22210,0.0072600786
AT1G22220,0.05768031
AT1G22230,-0.1577955
AT1G22240,0.05522169
AT1G22250,-0.17067046
AT1G22260,-0.08233963
AT1G22270,0.24102066
AT1G22275,0.14129381
AT1G22280,0.34503737
AT1G22290,0.0069262907
AT1G22300,0.13229965
AT1G22310,-0.15836093
AT1G22330,-0.53626263
AT1G22340,0.28244463
AT1G22360,0.384678
AT1G22370,-0.1382583
AT1G22380,0.93490106
AT1G22400,1.5902882
AT1G22410,1.2193218
AT1G22420,0.01896675
AT1G22430,-0.6430764
AT1G22440,0.14290932
AT1G22450,0.1042387
AT1G22460,-0.00062223367
AT1G22470,0.026636483
AT1G22480,0.3668704
AT1G22490,-0.02983869
AT1G22500,-0.017396914
AT1G22510,0.17503949
AT1G22520,0.057179835
AT1G22530,-0.25190806
AT1G22540,-0.028253496
AT1G22550,-0.031024182
AT1G22570,0.20624278
AT1G22590,-0.5411437
AT1G22600,0.010578982
AT1G22610,0.034932107
AT1G22620,0.014912429
AT1G22630,-0.3422319
AT1G22640,-0.098318
AT1G22650,-0.18897301
AT1G22660,-0.09305882
AT1G22670,-0.0104976045
AT1G22680,0.006351736
AT1G22690,-0.3616146
AT1G22700,-0.22105896
AT1G22710,0.01555517
AT1G22720,0.004055716
AT1G22730,0.06795118
AT1G22740,-0.48172745
AT1G22750,0.21324985
AT1G22760,-0.012922463
AT1G22770,0.013566025
AT1G22780,0.09100447
AT1G22790,-0.077530056
AT1G22800,0.072592594
AT1G22810,0.29210788
AT1G22830,-0.2523261
AT1G22840,0.8064241
AT1G22850,-0.2224406
AT1G22860,0.012141053
AT1G22870,0.09607395
AT1G22880,0.0020470982
AT1G22882,0.08903972
AT1G22885,0.14965259
AT1G22890,0.23382132
AT1G22900,0.5121985
AT1G22910,-0.053774
AT1G22920,0.157938
AT1G22930,0.100211136
AT1G22940,-0.06524535
AT1G22950,0.067542695
AT1G22960,0.06968769
AT1G22970,0.08788394
AT1G22980,-0.0090449145
AT1G22985,0.28474754
AT1G22990,0.021809293
AT1G23000,-0.14506038
AT1G23010,0.16295336
AT1G23020,-0.054011833
AT1G23030,-0.18320607
AT1G23037,0.0039011163
AT1G23040,0.60591793
AT1G23050,-0.26266566
AT1G23060,-0.21555002
AT1G23070,-0.03297049
AT1G23080,-0.42026797
AT1G23090,-0.09374026
AT1G23100,0.13001429
AT1G23110,0.046634972
AT1G23120,0.947511
AT1G23130,-0.11279439
AT1G23140,0.24659447
AT1G23145,0.0039032225
AT1G23147,0.004002506
AT1G23150,0.57748085
AT1G23160,0.009941108
AT1G23170,-0.06950905
AT1G23180,-0.141766
AT1G23190,0.40189132
AT1G23200,-0.22365092
AT1G23201,0.052070033
AT1G23210,-0.0064631957
AT1G23220,0.07667821
AT1G23230,0.13166258
AT1G23240,0.0036406328
AT1G23250,0.004067494
AT1G23260,0.016324082
AT1G23270,0.0060594976
AT1G23280,-0.010133962
AT1G23290,0.19642442
AT1G23300,0.0355221
AT1G23310,-0.4182233
AT1G23320,0.0057743974
AT1G23330,0.075194865
AT1G23340,-0.38327193
AT1G23360,-0.10430501
AT1G23380,0.08262186
AT1G23390,-0.013698642
AT1G23400,-0.24734302
AT1G23410,-0.06532477
AT1G23420,0.0038944315
AT1G23430,0.0038944315
AT1G23450,0.22552903
AT1G23460,0.21276508
AT1G23465,-0.06627069
AT1G23480,-0.60317236
AT1G23490,0.12864937
AT1G23500,0.034924094
AT1G23510,0.06616823
AT1G23520,0.032762486
AT1G23530,-0.20795785
AT1G23540,0.010949351
AT1G23550,0.8975415
AT1G23560,0.9140799
AT1G23570,0.013304148
AT1G23580,0.0025904917
AT1G23590,0.0039623976
AT1G23600,0.021941693
AT1G23610,0.004376652
AT1G23630,0.0038944315
AT1G23645,0.011804956
AT1G23650,0.0038944315
AT1G23660,0.003971132
AT1G23670,0.0038944315
AT1G23680,0.0036973953
AT1G23690,0.0038944315
AT1G23700,0.039030354
AT1G23710,0.5717261
AT1G23720,-0.01425792
AT1G23730,0.39579841
AT1G23740,-0.20052518
AT1G23750,-0.12048984
AT1G23760,-0.11047224
AT1G23770,0.009727205
AT1G23780,0.18459792
AT1G23790,-0.16412324
AT1G23800,1.7720867
AT1G23810,0.014335264
AT1G23820,0.046018977
AT1G23830,0.058905
AT1G23840,0.31047624
AT1G23850,0.5017117
AT1G23860,0.18381806
AT1G23870,0.21774976
AT1G23880,-0.11892036
AT1G23890,-0.12398026
AT1G23900,0.16642474
AT1G23910,0.004129116
AT1G23915,0.07480343
AT1G23935,-0.33537316
AT1G23950,0.107859045
AT1G23960,0.09066973
AT1G23965,-0.28429118
AT1G23970,-0.17068839
AT1G23980,-0.19243908
AT1G23985,0.0119902985
AT1G23995,0.0015863306
AT1G24000,0.020974347
AT1G24010,0.0037552228
AT1G24020,0.12403073
AT1G24030,-0.10496818
AT1G24040,-0.14730893
AT1G24050,0.22688532
AT1G24060,0.0039011312
AT1G24062,0.0039011312
AT1G24070,-0.7068576
AT1G24090,0.12505144
AT1G24095,0.33283374
AT1G24100,0.14878134
AT1G24110,0.0043177665
AT1G24120,-0.1383809
AT1G24130,-0.017459333
AT1G24140,0.8628752
AT1G24145,0.3723848
AT1G24147,0.88939905
AT1G24148,-0.13956092
AT1G24150,0.470144
AT1G24159,0.0041882577
AT1G24160,-0.23221333
AT1G24170,-0.24467106
AT1G24180,0.35521182
AT1G24190,0.018734558
AT1G24200,0.0038944315
AT1G24210,0.09483343
AT1G24220,0.0069958786
AT1G24230,0.011806431
AT1G24240,-0.00045386204
AT1G24250,0.015458767
AT1G24256,0.0038944315
AT1G24260,-0.06716129
AT1G24265,-0.18473823
AT1G24267,0.17236204
AT1G24270,0.062375814
AT1G24280,0.13241656
AT1G24290,-0.09465343
AT1G24300,0.011329852
AT1G24310,-0.05518909
AT1G24320,0.013975759
AT1G24330,-0.08078755
AT1G24340,-0.09292123
AT1G24350,0.24633394
AT1G24360,0.123718895
AT1G24380,0.020671727
AT1G24388,0.0038457513
AT1G24390,0.0042042267
AT1G24400,-0.0034883174
AT1G24405,-0.031181924
AT1G24420,0.011905777
AT1G24430,0.029365174
AT1G24440,0.1297178
AT1G24450,-0.13818835
AT1G24460,0.046875875
AT1G24470,0.17509496
AT1G24475,0.0040007965
AT1G24480,0.045337092
AT1G24485,0.012340996
AT1G24490,0.1418546
AT1G24510,-0.0048348713
AT1G24520,0.07328258
AT1G24530,-0.20051849
AT1G24540,0.0007596677
AT1G24545,0.004227757
AT1G24560,0.015059054
AT1G24570,0.038629994
AT1G24575,0.42162347
AT1G24577,-0.17881787
AT1G24580,-0.09515953
AT1G24590,0.0037793817
AT1G24600,0.27076146
AT1G24610,-0.061845362
AT1G24620,0.016250381
AT1G24625,0.14206807
AT1G24650,0.008609813
AT1G24660,0.0038944315
AT1G24706,-0.016213594
AT1G24735,-0.025261013
AT1G24764,-0.35827234
AT1G24793,-0.07151632
AT1G24800,0.4440925
AT1G24807,0.012773164
AT1G24822,-0.0024756473
AT1G24851,0.029603371
AT1G24880,-0.20167656
AT1G24881,0.34715965
AT1G24909,0.0038944315
AT1G24996,0.055404782
AT1G25025,0.0039607254
AT1G25054,-0.43482423
AT1G25055,0.018657114
AT1G25145,-0.53628486
AT1G25150,0.5772345
AT1G25210,0.012731691
AT1G25211,0.17586231
AT1G25220,1.270717
AT1G25230,-0.39895415
AT1G25240,0.0034264065
AT1G25250,-0.39290214
AT1G25260,0.0605391
AT1G25270,0.004120126
AT1G25275,0.32349047
AT1G25277,-0.0034055014
AT1G25280,0.19684225
AT1G25290,-0.2378536
AT1G25300,0.003908457
AT1G25310,0.0044197463
AT1G25320,-0.13269596
AT1G25330,0.0037746357
AT1G25340,0.004051956
AT1G25350,0.010072252
AT1G25360,0.06473047
AT1G25370,0.2879898
AT1G25375,-0.15025821
AT1G25380,0.043956224
AT1G25390,0.17946367
AT1G25400,0.7412245
AT1G25410,0.004756794
AT1G25420,-0.0113705145
AT1G25422,0.10582062
AT1G25425,-0.12490648
AT1G25440,-0.31654036
AT1G25450,-0.11621386
AT1G25460,0.089534946
AT1G25470,-0.047602158
AT1G25480,-0.11875375
AT1G25490,0.08955469
AT1G25500,0.54392666
AT1G25510,-0.04594965
AT1G25520,0.23412748
AT1G25530,0.15805618
AT1G25540,0.15822165
AT1G25550,0.29239592
AT1G25560,0.28010714
AT1G25570,-0.21781422
AT1G25580,0.19847696
AT1G25682,0.14662737
AT1G25988,0.004409841
AT1G26090,0.0027004976
AT1G26100,-0.21954252
AT1G26110,0.08949401
AT1G26120,0.06348948
AT1G26130,0.25977996
AT1G26140,-0.003646088
AT1G26150,-0.5705114
AT1G26160,0.060034364
AT1G26170,0.0049412153
AT1G26180,-0.086116605
AT1G26190,-0.0857294
AT1G26200,0.14267571
AT1G26210,-0.30400404
AT1G26220,-0.3842989
AT1G26225,-0.02659843
AT1G26230,-0.36029327
AT1G26240,0.18025069
AT1G26250,0.46188185
AT1G26255,2.92724e-05
AT1G26260,-0.19082814
AT1G26270,0.031730633
AT1G26290,0.12341551
AT1G26300,0.1202802
AT1G26310,0.0022306044
AT1G26320,0.006535483
AT1G26330,0.05632369
AT1G26340,0.20276237
AT1G26350,0.020876719
AT1G26355,0.0044418587
AT1G26360,0.006307727
AT1G26370,-0.0044076997
AT1G26380,2.2933156
AT1G26390,3.5121613
AT1G26400,0.842349
AT1G26410,1.0990952
AT1G26420,1.4891607
AT1G26440,0.20478241
AT1G26450,-0.032409113
AT1G26460,0.041358117
AT1G26470,0.37212744
AT1G26480,0.009862716
AT1G26500,-0.06973891
AT1G26510,-0.0053636148
AT1G26515,0.00679428
AT1G26520,-0.14936471
AT1G26530,-0.064805575
AT1G26540,-0.116737425
AT1G26550,0.079686195
AT1G26560,-0.41118288
AT1G26570,-0.288273
AT1G26580,-0.04660291
AT1G26590,0.00056899403
AT1G26600,-0.10797938
AT1G26610,-0.017092075
AT1G26620,0.075484514
AT1G26630,0.12649846
AT1G26640,-0.16580309
AT1G26650,-0.2462024
AT1G26660,0.2921873
AT1G26665,0.22235821
AT1G26670,-0.00307877
AT1G26680,0.015572551
AT1G26690,0.4372107
AT1G26700,-0.005954662
AT1G26710,0.0038972755
AT1G26720,0.0036781973
AT1G26730,0.1712686
AT1G26740,0.1527317
AT1G26750,0.065514676
AT1G26761,-0.5694966
AT1G26762,-0.0068499353
AT1G26770,0.6827254
AT1G26773,0.0038944315
AT1G26780,-0.0035767008
AT1G26790,-0.0077848095
AT1G26795,0.0038944315
AT1G26796,0.0038944315
AT1G26797,0.0038944315
AT1G26798,0.0038944315
AT1G26799,0.0038944315
AT1G26800,-0.098907985
AT1G26810,-0.37091303
AT1G26815,0.0044660745
AT1G26820,0.22982244
AT1G26830,0.111627795
AT1G26840,0.081660636
AT1G26850,0.037829615
AT1G26870,0.0037934268
AT1G26880,0.12571846
AT1G26890,-0.030505925
AT1G26900,0.13831699
AT1G26910,0.17619352
AT1G26920,0.14858069
AT1G26921,0.008807362
AT1G26930,1.4378408
AT1G26940,-0.024333574
AT1G26945,-0.36508736
AT1G26960,-0.24491225
AT1G26970,0.16052902
AT1G26976,0.019829668
AT1G27000,0.35869774
AT1G27008,0.007404216
AT1G27020,-0.457841
AT1G27030,-0.6724041
AT1G27040,0.014324971
AT1G27045,-0.37111643
AT1G27050,-0.041388944
AT1G27060,-0.13394997
AT1G27070,-0.12450886
AT1G27080,0.012914013
AT1G27090,-0.07753841
AT1G27100,0.22279282
AT1G27110,0.19133264
AT1G27120,-0.5198683
AT1G27130,-0.27310392
AT1G27135,0.0039082463
AT1G27140,0.006812619
AT1G27150,-0.10862905
AT1G27160,0.001986294
AT1G27170,0.08654004
AT1G27180,0.0033643208
AT1G27190,-0.2712845
AT1G27200,-0.096966594
AT1G27210,-0.4637616
AT1G27220,0.0038944315
AT1G27240,0.0012166435
AT1G27250,0.0038944315
AT1G27260,0.0038944315
AT1G27270,0.003949329
AT1G27280,0.005155531
AT1G27290,-0.008313523
AT1G27300,0.49866796
AT1G27310,0.14886259
AT1G27320,0.057885513
AT1G27340,-0.04614238
AT1G27350,0.39006594
AT1G27360,-0.030422496
AT1G27370,-0.19187577
AT1G27380,-0.11395955
AT1G27385,0.06082651
AT1G27390,0.110149644
AT1G27400,-0.014523521
AT1G27420,-0.22343116
AT1G27430,0.026941461
AT1G27435,0.049705476
AT1G27440,-0.03716007
AT1G27450,0.2908626
AT1G27460,-0.37280408
AT1G27461,0.004621601
AT1G27470,0.18346477
AT1G27480,-0.7520518
AT1G27490,0.0039079157
AT1G27500,0.08463543
AT1G27510,-0.054567575
AT1G27520,-0.14080726
AT1G27530,0.1882009
AT1G27535,0.0038944315
AT1G27540,0.01895561
AT1G27550,0.0038944315
AT1G27555,0.0038944315
AT1G27565,0.0008589855
AT1G27570,0.0038944315
AT1G27580,-0.15298744
AT1G27595,-0.09429882
AT1G27600,-0.0013376642
AT1G27610,0.0074770637
AT1G27620,-0.019189706
AT1G27630,0.18951708
AT1G27640,0.014426939
AT1G27650,0.13070972
AT1G27660,-0.4694108
AT1G27670,-0.094051905
AT1G27680,-0.07727932
AT1G27690,-0.01895444
AT1G27695,0.12950002
AT1G27700,0.021303946
AT1G27710,-0.001468325
AT1G27720,0.44432482
AT1G27730,1.1711901
AT1G27740,-0.0022846044
AT1G27750,-0.01246268
AT1G27760,0.761326
AT1G27770,0.1985622
AT1G27820,-0.0027662255
AT1G27840,-0.059497908
AT1G27850,-0.16867171
AT1G27860,0.0037910612
AT1G27870,0.004012194
AT1G27880,-0.0041725594
AT1G27890,0.082827
AT1G27900,-0.01055057
AT1G27910,-0.040725734
AT1G27920,-0.2247985
AT1G27930,0.3170829
AT1G27940,0.041109897
AT1G27950,-0.2923102
AT1G27960,-0.09016862
AT1G27970,0.47626328
AT1G27980,0.55192894
AT1G27990,0.0027736502
AT1G28000,0.0058786417
AT1G28005,0.0038375363
AT1G28010,-0.043883424
AT1G28020,0.0038944315
AT1G28030,0.01682143
AT1G28040,0.079680316
AT1G28050,0.2524172
AT1G28060,-0.023781931
AT1G28070,-0.0328224
AT1G28080,-0.008968745
AT1G28090,0.02556848
AT1G28100,-0.15155482
AT1G28110,-0.05647108
AT1G28120,0.06695222
AT1G28130,0.909187
AT1G28135,-0.0032166354
AT1G28140,0.13293174
AT1G28150,0.040134925
AT1G28160,0.003194181
AT1G28170,0.005585681
AT1G28180,0.30274066
AT1G28190,1.0331237
AT1G28200,0.16448902
AT1G28210,0.298606
AT1G28220,0.011921454
AT1G28230,0.048398327
AT1G28240,-0.0399695
AT1G28260,0.25193235
AT1G28265,0.011200123
AT1G28270,0.004791476
AT1G28280,0.21260424
AT1G28290,-0.84881264
AT1G28300,-0.0064960257
AT1G28305,0.0038944315
AT1G28306,0.0038944315
AT1G28310,-0.2738668
AT1G28320,0.09811586
AT1G28330,-0.116991185
AT1G28335,0.0035631508
AT1G28340,0.009108484
AT1G28350,-0.11321228
AT1G28360,0.23488523
AT1G28370,0.80426925
AT1G28375,0.016316185
AT1G28380,0.25115946
AT1G28390,0.46182084
AT1G28395,0.20870276
AT1G28400,-0.2432525
AT1G28410,-0.17029315
AT1G28420,-0.037213754
AT1G28430,0.0034872675
AT1G28440,-0.23130088
AT1G28450,0.003947208
AT1G28460,0.0037727235
AT1G28470,0.054044634
AT1G28480,1.1714932
AT1G28490,0.021057168
AT1G28500,0.00810152
AT1G28510,0.30535066
AT1G28520,0.3358178
AT1G28530,-0.1351389
AT1G28540,0.1424853
AT1G28550,0.010033255
AT1G28560,-0.17897063
AT1G28570,-0.030146943
AT1G28580,0.5279784
AT1G28590,0.03325594
AT1G28600,0.51199156
AT1G28610,0.081771426
AT1G28630,0.0047741686
AT1G28640,-0.0019311564
AT1G28650,0.26527894
AT1G28660,0.03912926
AT1G28670,-0.47983804
AT1G28680,0.48550656
AT1G28690,-0.09303083
AT1G28695,0.0033913983
AT1G28700,0.0039094365
AT1G28710,-0.19687183
AT1G28765,-0.004118467
AT1G28815,0.013256266
AT1G28960,0.15536575
AT1G29000,0.0996671
AT1G29005,0.0038944315
AT1G29010,0.0038908673
AT1G29020,0.0023411969
AT1G29025,-0.007226454
AT1G29030,0.14218788
AT1G29040,0.2786483
AT1G29041,0.00038459958
AT1G29050,-0.1649003
AT1G29060,0.3949094
AT1G29070,-0.22514702
AT1G29080,0.0038944315
AT1G29090,0.16640085
AT1G29100,0.223128
AT1G29110,-0.005833382
AT1G29120,-0.083693445
AT1G29140,0.003075437
AT1G29150,0.37355402
AT1G29160,0.16396391
AT1G29170,-0.4727513
AT1G29179,-0.0001223553
AT1G29180,0.0038908331
AT1G29195,0.7452912
AT1G29200,-0.00052270666
AT1G29220,-0.020545183
AT1G29230,0.9133356
AT1G29240,0.29020324
AT1G29250,0.07770508
AT1G29260,0.070258565
AT1G29270,0.055284206
AT1G29280,-0.16322696
AT1G29290,1.1034102
AT1G29300,0.79147154
AT1G29310,0.45445362
AT1G29320,0.17856687
AT1G29330,0.52889663
AT1G29340,0.07394845
AT1G29350,0.119500734
AT1G29355,0.051648144
AT1G29370,0.08180437
AT1G29380,-0.14486618
AT1G29390,-0.15370215
AT1G29395,-0.20319635
AT1G29400,0.08550755
AT1G29410,-0.05416205
AT1G29418,-0.093925856
AT1G29420,-0.24365318
AT1G29430,-0.69996786
AT1G29435,0.0043340554
AT1G29440,-0.50447696
AT1G29450,-0.53831196
AT1G29460,-0.5243143
AT1G29465,-0.16704665
AT1G29470,-0.22722137
AT1G29480,0.0038944315
AT1G29490,0.010533125
AT1G29500,-0.35470214
AT1G29510,-0.46381357
AT1G29520,-0.054662596
AT1G29530,-0.5758812
AT1G29535,0.016338356
AT1G29540,0.019273445
AT1G29550,-0.2613078
AT1G29560,-0.24300031
AT1G29570,0.0039225626
AT1G29580,0.0038944315
AT1G29590,-0.3271293
AT1G29600,-0.71840507
AT1G29620,0.003907546
AT1G29630,0.16665018
AT1G29640,1.5758196
AT1G29660,-1.0602397
AT1G29670,-0.7277234
AT1G29680,0.036806904
AT1G29690,0.41334108
AT1G29700,-0.4423914
AT1G29710,-0.05293582
AT1G29720,-0.4919277
AT1G29730,-0.15000223
AT1G29740,-0.09124217
AT1G29750,0.09313897
AT1G29760,0.32440177
AT1G29770,0.10319179
AT1G29775,-0.011100124
AT1G29780,0.011978959
AT1G29790,-0.25141937
AT1G29800,0.24305828
AT1G29810,-0.0066558034
AT1G29820,-0.2008528
AT1G29830,0.005600249
AT1G29840,-0.34350172
AT1G29850,0.095770694
AT1G29860,-0.05734192
AT1G29870,0.012121268
AT1G29880,-0.030898534
AT1G29890,-0.021805674
AT1G29900,-0.010648864
AT1G29910,-0.85348994
AT1G29920,-0.69601125
AT1G29930,-0.4141396
AT1G29940,0.13529602
AT1G29950,-0.060242344
AT1G29960,-0.081002936
AT1G29962,0.003198349
AT1G29965,0.10132048
AT1G29970,0.25253877
AT1G29980,-0.49187708
AT1G29990,0.032769
AT1G30000,0.23974793
AT1G30010,-0.10965228
AT1G30020,0.014105205
AT1G30040,1.4002615
AT1G30050,0.03452654
AT1G30060,0.0063709724
AT1G30070,0.32624424
AT1G30080,-0.05001463
AT1G30090,0.109418094
AT1G30100,0.2822969
AT1G30110,-0.14000912
AT1G30120,-0.02602829
AT1G30130,0.125411
AT1G30135,1.3122262
AT1G30140,0.0024826499
AT1G30160,0.06093462
AT1G30170,0.005297883
AT1G30190,-0.05086575
AT1G30200,0.022776626
AT1G30210,-0.15844275
AT1G30220,0.59586865
AT1G30230,-0.03715979
AT1G30240,0.11916686
AT1G30250,0.09253955
AT1G30260,0.10460279
AT1G30270,0.3217616
AT1G30280,-0.3352395
AT1G30290,-0.08955226
AT1G30300,0.2793634
AT1G30320,0.21470849
AT1G30330,-0.19012396
AT1G30350,0.0038884375
AT1G30360,-0.47912052
AT1G30370,0.87733096
AT1G30380,-0.5091685
AT1G30400,0.25405887
AT1G30410,0.07633527
AT1G30420,0.2927771
AT1G30440,-0.02125406
AT1G30450,0.21837772
AT1G30455,0.00011694897
AT1G30460,0.06927901
AT1G30470,0.1268654
AT1G30473,0.008891948
AT1G30475,0.22875048
AT1G30480,0.110013366
AT1G30490,0.057407845
AT1G30500,0.091172926
AT1G30510,-0.009766153
AT1G30515,0.0057436526
AT1G30520,-0.65361744
AT1G30530,-0.47809944
AT1G30540,0.23013812
AT1G30545,-0.000655263
AT1G30550,-0.016299158
AT1G30560,0.02350857
AT1G30570,-0.19562173
AT1G30580,0.20334037
AT1G30590,-0.12984245
AT1G30600,-0.21600944
AT1G30610,-0.20160691
AT1G30620,1.0892681
AT1G30630,0.2640282
AT1G30640,0.19856179
AT1G30650,0.04150966
AT1G30660,-0.012564406
AT1G30670,0.0066431114
AT1G30680,0.054509442
AT1G30690,-0.27047816
AT1G30700,2.667928
AT1G30710,0.033982933
AT1G30720,0.11445388
AT1G30730,0.95762616
AT1G30740,0.5619157
AT1G30750,0.03962117
AT1G30755,0.4269903
AT1G30757,0.2783698
AT1G30760,-0.30935353
AT1G30780,0.042461094
AT1G30790,0.0038944315
AT1G30795,0.002853715
AT1G30800,0.0045437566
AT1G30810,0.028182551
AT1G30814,0.22694826
AT1G30820,-0.012154137
AT1G30825,-0.056932315
AT1G30840,-0.24523239
AT1G30845,-0.07239797
AT1G30850,0.33472016
AT1G30860,-0.00804009
AT1G30870,-0.000793769
AT1G30880,0.012538183
AT1G30890,0.2141551
AT1G30900,0.55634713
AT1G30910,-0.026759675
AT1G30920,0.026251351
AT1G30925,0.0038944315
AT1G30930,-0.009823585
AT1G30935,0.0038944315
AT1G30945,0.0038944315
AT1G30950,0.00873911
AT1G30960,0.16561936
AT1G30970,-0.05002223
AT1G30972,0.012366128
AT1G30974,0.0038944315
AT1G30990,0.3633348
AT1G31000,0.0039279032
AT1G31010,0.3056725
AT1G31020,0.084848605
AT1G31040,0.0039818976
AT1G31050,-0.012660228
AT1G31060,0.0038944315
AT1G31070,-0.22560711
AT1G31072,0.0038944315
AT1G31080,0.013620559
AT1G31090,0.0038944315
AT1G31095,0.0038944315
AT1G31120,0.524695
AT1G31130,0.36462975
AT1G31140,0.0049736276
AT1G31150,-0.38680556
AT1G31160,-0.14013377
AT1G31163,0.003944046
AT1G31170,-0.004370759
AT1G31175,-0.07746326
AT1G31180,0.027295103
AT1G31190,-0.21845712
AT1G31200,-0.09143671
AT1G31220,0.1892535
AT1G31230,-0.34397545
AT1G31240,0.1462373
AT1G31243,-0.010495688
AT1G31250,0.0032332756
AT1G31255,0.0038944315
AT1G31260,0.004314969
AT1G31270,0.01770973
AT1G31280,0.091233045
AT1G31290,-0.23072077
AT1G31300,-0.059109222
AT1G31310,0.033162445
AT1G31320,-0.14461444
AT1G31330,-0.39589992
AT1G31335,-0.111104436
AT1G31340,-0.09040611
AT1G31350,-0.13306396
AT1G31360,-0.20951754
AT1G31370,0.0038907423
AT1G31380,0.005347108
AT1G31390,0.003908013
AT1G31400,-0.0067315716
AT1G31410,-0.19693573
AT1G31420,-0.2589926
AT1G31430,0.004907571
AT1G31440,-0.11506424
AT1G31450,0.00391137
AT1G31460,0.011379908
AT1G31470,0.3004718
AT1G31480,0.034727234
AT1G31490,-0.2318896
AT1G31500,0.037293624
AT1G31510,0.0038944315
AT1G31520,0.0038944315
AT1G31530,0.0039085927
AT1G31540,0.21457458
AT1G31550,0.23930448
AT1G31555,0.011292296
AT1G31580,0.43399027
AT1G31600,0.06617575
AT1G31620,0.0038944315
AT1G31630,0.003092194
AT1G31640,0.004086248
AT1G31650,-0.30097753
AT1G31660,0.15611707
AT1G31670,0.004183183
AT1G31672,0.0038944315
AT1G31690,0.16162483
AT1G31710,-0.45730674
AT1G31720,-0.08952489
AT1G31730,0.035168577
AT1G31740,0.0033182118
AT1G31750,0.119355194
AT1G31760,0.022133427
AT1G31770,-0.13467973
AT1G31772,0.0035443557
AT1G31780,0.047537953
AT1G31790,0.050519276
AT1G31800,-0.22534126
AT1G31810,-0.10115097
AT1G31812,-0.041521695
AT1G31814,-0.0602763
AT1G31817,0.08567003
AT1G31820,0.1846992
AT1G31830,0.31991854
AT1G31835,-0.031454634
AT1G31840,0.23920864
AT1G31850,-0.08199423
AT1G31860,-0.07081239
AT1G31870,0.12625599
AT1G31880,0.28115845
AT1G31885,0.022125714
AT1G31910,0.12710495
AT1G31920,-0.39901063
AT1G31930,0.1201416
AT1G31940,0.06004873
AT1G31950,-0.028686794
AT1G31960,0.004404186
AT1G31970,-0.069934845
AT1G31990,-0.033148404
AT1G32000,0.0039173937
AT1G32010,0.0038944315
AT1G32020,0.0039828387
AT1G32030,0.0049337302
AT1G32050,0.077588625
AT1G32060,-0.5551032
AT1G32070,-0.24108517
AT1G32080,-0.77996707
AT1G32090,0.27683643
AT1G32100,0.041143414
AT1G32120,-0.3297401
AT1G32127,0.40535438
AT1G32130,0.18027027
AT1G32140,0.0039236
AT1G32150,-0.15396696
AT1G32160,-0.11270771
AT1G32170,0.7325191
AT1G32180,0.013166144
AT1G32190,-0.089637995
AT1G32200,-0.08391652
AT1G32210,0.33144125
AT1G32220,-0.25161526
AT1G32225,0.0035150845
AT1G32230,0.117542766
AT1G32240,-0.23749568
AT1G32250,0.006802186
AT1G32260,0.11479472
AT1G32270,0.12830812
AT1G32280,0.0037624363
AT1G32300,0.004153119
AT1G32310,0.16411857
AT1G32320,0.0024010267
AT1G32330,0.11624082
AT1G32337,0.0038944315
AT1G32340,0.22248101
AT1G32350,2.8239946
AT1G32360,0.02039026
AT1G32361,0.008744587
AT1G32370,0.0021198776
AT1G32375,-0.02839868
AT1G32380,0.2546743
AT1G32400,0.15067847
AT1G32410,0.025658503
AT1G32415,-0.09279927
AT1G32420,0.0038944315
AT1G32430,0.0045098094
AT1G32440,-0.07178799
AT1G32450,0.8068351
AT1G32460,0.42158806
AT1G32470,-0.79221123
AT1G32480,0.005286334
AT1G32490,0.015867727
AT1G32500,-0.057879746
AT1G32510,-0.040394463
AT1G32530,-0.02119542
AT1G32540,-0.03442713
AT1G32550,-0.26985064
AT1G32560,0.3676537
AT1G32570,0.013790734
AT1G32575,-0.0030014117
AT1G32580,0.06552742
AT1G32583,-0.16562329
AT1G32585,0.0038924578
AT1G32600,0.0041235373
AT1G32610,0.0046917945
AT1G32630,0.0071024285
AT1G32640,-0.030497348
AT1G32650,0.004527612
AT1G32660,0.013538279
AT1G32690,0.32780284
AT1G32700,0.045948997
AT1G32710,0.00077431154
AT1G32720,0.0038944315
AT1G32730,0.006154394
AT1G32740,0.104039155
AT1G32750,0.012255809
AT1G32760,-0.23364352
AT1G32763,0.004072614
AT1G32770,0.003938136
AT1G32780,-0.25717
AT1G32790,0.25623608
AT1G32810,-0.0014407834
AT1G32850,0.108794816
AT1G32860,0.027650006
AT1G32870,0.48008576
AT1G32880,0.022556657
AT1G32900,-0.5607009
AT1G32910,0.1271926
AT1G32920,0.68549275
AT1G32928,0.28218502
AT1G32930,-0.2476104
AT1G32940,1.6647682
AT1G32950,1.0156971
AT1G32960,1.6105886
AT1G32970,0.02186344
AT1G32975,0.0038944315
AT1G32980,0.0039077215
AT1G32990,-0.3612146
AT1G33010,0.0038944315
AT1G33020,0.012074679
AT1G33030,1.1791263
AT1G33040,-0.29345337
AT1G33050,0.068312384
AT1G33055,-0.031739887
AT1G33060,-0.14752796
AT1G33070,0.0038944315
AT1G33080,-0.18515177
AT1G33090,0.16006179
AT1G33100,0.0032945564
AT1G33102,0.3125876
AT1G33110,0.4451265
AT1G33120,0.097974874
AT1G33170,-0.6645414
AT1G33220,0.0035016516
AT1G33230,0.0742384
AT1G33240,-0.4689416
AT1G33250,0.078402996
AT1G33260,0.3288039
AT1G33265,0.3177506
AT1G33270,0.17135692
AT1G33280,0.0067375805
AT1G33290,-0.15823685
AT1G33320,0.013642597
AT1G33330,0.05331749
AT1G33340,-0.037228968
AT1G33350,-0.09698969
AT1G33360,0.27410915
AT1G33390,0.11025649
AT1G33400,-0.104951896
AT1G33410,-0.018946676
AT1G33420,0.40418854
AT1G33430,0.019956507
AT1G33440,-0.04873496
AT1G33470,-0.26355502
AT1G33475,-0.035425454
AT1G33480,-0.24437444
AT1G33490,0.19486392
AT1G33500,0.027362853
AT1G33520,-0.05063035
AT1G33530,0.003905115
AT1G33540,-0.0017873409
AT1G33560,0.47476295
AT1G33590,0.38436508
AT1G33600,0.332789
AT1G33607,0.0035465322
AT1G33610,0.31497523
AT1G33612,0.013534945
AT1G33640,-0.029224297
AT1G33670,0.0050992123
AT1G33680,-0.0691199
AT1G33700,-0.45537293
AT1G33710,0.003903115
AT1G33720,0.32865298
AT1G33730,1.0974741
AT1G33750,-0.00411468
AT1G33760,-0.2527306
AT1G33770,-0.7145267
AT1G33780,0.022135405
AT1G33790,-0.2815163
AT1G33800,-0.13615571
AT1G33810,-0.15834938
AT1G33811,-0.48993126
AT1G33820,0.0039243647
AT1G33830,0.0038933437
AT1G33840,0.07749059
AT1G33850,0.003946281
AT1G33860,0.0055822837
AT1G33870,0.005459964
AT1G33880,0.005425596
AT1G33890,0.024041338
AT1G33900,0.006546671
AT1G33910,-0.01785455
AT1G33920,0.0038999794
AT1G33930,-0.02390334
AT1G33940,0.024987662
AT1G33945,0.0038944315
AT1G33950,0.55015284
AT1G33960,1.7646027
AT1G33970,0.10572537
AT1G33980,0.17914124
AT1G33990,0.13882343
AT1G34000,-0.28792554
AT1G34010,-0.386561
AT1G34015,0.0039006304
AT1G34020,0.018104346
AT1G34040,-0.16908954
AT1G34042,0.0039049855
AT1G34046,0.0041800602
AT1G34047,0.0032180522
AT1G34049,0.0038944315
AT1G34050,0.031975742
AT1G34060,-0.54322773
AT1G34065,-0.15505065
AT1G34070,0.0038944315
AT1G34095,-0.0461667
AT1G34110,-0.05657266
AT1G34120,0.015707513
AT1G34130,0.2244953
AT1G34140,0.0023607046
AT1G34150,0.044702698
AT1G34160,-0.046269182
AT1G34170,0.0038944315
AT1G34180,0.7061412
AT1G34190,0.27022138
AT1G34200,-0.010904938
AT1G34210,-0.22039847
AT1G34220,0.19204716
AT1G34245,0.003066602
AT1G34260,0.023438213
AT1G34270,0.093341865
AT1G34290,0.0038944315
AT1G34300,0.20931031
AT1G34310,0.0040422655
AT1G34315,0.023095196
AT1G34317,0.0029897746
AT1G34320,-0.13870685
AT1G34340,-0.007406547
AT1G34350,-0.07646642
AT1G34355,-0.15715224
AT1G34360,0.043521043
AT1G34370,0.25104937
AT1G34380,0.12755378
AT1G34390,0.0039060276
AT1G34400,0.0038944315
AT1G34403,0.005162633
AT1G34410,0.0035458703
AT1G34420,0.7488942
AT1G34430,-0.27841267
AT1G34440,0.0031933703
AT1G34460,-0.24283217
AT1G34470,0.032733735
AT1G34480,-0.03528611
AT1G34490,0.0033288703
AT1G34500,0.003643843
AT1G34510,0.006639806
AT1G34520,0.01991749
AT1G34540,0.038072485
AT1G34550,-0.034763608
AT1G34560,0.004833383
AT1G34570,-0.10418282
AT1G34575,0.0040279827
AT1G34580,-0.14936961
AT1G34630,0.055800777
AT1G34640,-0.27488562
AT1G34650,-0.09118415
AT1G34670,0.052608546
AT1G34750,0.3667296
AT1G34760,-0.23946686
AT1G34770,0.11274808
AT1G34780,-0.00013427499
AT1G34790,0.0040099374
AT1G34792,0.0038944315
AT1G34795,0.0038944315
AT1G34800,0.0038944315
AT1G34807,0.0038944315
AT1G34812,0.0038944315
AT1G34840,0.0038944315
AT1G34855,0.0038944315
AT1G34860,0.0038944315
AT1G34910,0.0040010926
AT1G34930,0.0038944315
AT1G35030,0.0038944315
AT1G35035,0.0038944315
AT1G35040,0.0038944315
AT1G35140,0.4337337
AT1G35150,0.0038944315
AT1G35160,0.18177123
AT1G35170,-0.005699597
AT1G35180,-0.14012487
AT1G35181,0.0038944315
AT1G35183,-0.0070223254
AT1G35190,0.050227497
AT1G35210,0.5509357
AT1G35215,-0.004038984
AT1G35220,0.05056536
AT1G35230,1.4657937
AT1G35240,0.005807644
AT1G35242,0.004391905
AT1G35250,0.00457246
AT1G35255,-0.0051060463
AT1G35260,-0.041394174
AT1G35290,-0.008272944
AT1G35310,-0.084519416
AT1G35320,0.26845953
AT1G35330,0.0060756966
AT1G35340,-0.18695056
AT1G35350,0.030546382
AT1G35353,0.012817522
AT1G35365,0.0038944315
AT1G35375,0.0038944315
AT1G35400,0.0038944315
AT1G35410,0.0038944315
AT1G35420,-0.42110252
AT1G35430,0.017833935
AT1G35435,0.0041790395
AT1G35440,0.0038845853
AT1G35460,-0.14911439
AT1G35467,0.0038944315
AT1G35470,0.04164202
AT1G35490,0.0037356971
AT1G35500,0.0038860023
AT1G35510,-0.15221082
AT1G35515,-0.037373107
AT1G35520,0.003610787
AT1G35530,-0.060513273
AT1G35537,0.004327621
AT1G35540,0.0040069213
AT1G35560,-0.04259789
AT1G35580,0.35928258
AT1G35610,0.01597944
AT1G35614,0.0038944315
AT1G35617,0.0040864926
AT1G35620,-0.008042493
AT1G35625,-0.0024740137
AT1G35630,-0.016577275
AT1G35660,0.09780035
AT1G35670,0.1108016
AT1G35680,-0.37579
AT1G35710,0.5627602
AT1G35720,0.45244372
AT1G35730,0.08847191
AT1G35750,-0.007792024
AT1G35780,-0.27659386
AT1G35820,0.004090172
AT1G35830,-0.07671869
AT1G35850,0.0038944315
AT1G35860,0.0048384685
AT1G35880,0.040619947
AT1G35890,0.0037743375
AT1G35895,0.0038944315
AT1G35910,1.4118018
AT1G36000,0.0038944315
AT1G36005,0.003904119
AT1G36020,0.0041016876
AT1G36030,0.0038944315
AT1G36045,0.0038944315
AT1G36050,0.12899463
AT1G36060,0.28253776
AT1G36070,0.022342563
AT1G36078,0.0038996998
AT1G36085,0.056099374
AT1G36095,0.0038944315
AT1G36100,0.0038944315
AT1G36150,0.011604895
AT1G36160,-0.20859897
AT1G36180,-0.24212773
AT1G36230,0.0038624732
AT1G36240,0.0040948563
AT1G36272,0.0038861071
AT1G36280,0.14028256
AT1G36310,0.005161094
AT1G36320,-0.021969201
AT1G36325,0.0038944315
AT1G36340,0.008071446
AT1G36370,0.10644106
AT1G36380,0.1815299
AT1G36390,-0.04056901
AT1G36510,0.0039051352
AT1G36580,-0.0012910854
AT1G36622,1.1900811
AT1G36623,0.0028678018
AT1G36627,0.0038944315
AT1G36640,0.6877349
AT1G36675,-0.2200494
AT1G36730,0.019926496
AT1G36745,0.0038944315
AT1G36756,0.015197779
AT1G36920,-0.061673034
AT1G36922,0.026445793
AT1G36925,0.0038944315
AT1G36940,-0.5228979
AT1G36942,0.0038944315
AT1G36950,0.0036050568
AT1G36960,0.0038944315
AT1G36970,0.0038944315
AT1G36980,0.18260384
AT1G36990,0.010782731
AT1G37000,0.0038290385
AT1G37010,0.004116449
AT1G37020,0.00378393
AT1G37113,0.0041772644
AT1G37130,0.7954909
AT1G37140,0.085071586
AT1G37150,-0.122717895
AT1G38065,-0.28215143
AT1G38131,-0.3439068
AT1G38790,0.0038944315
AT1G39060,0.0038944315
AT1G39070,0.0038944315
AT1G40083,0.0038944315
AT1G40086,0.0038944315
AT1G40087,0.004814056
AT1G40090,0.0037343248
AT1G40104,0.004300943
AT1G40129,0.0012104902
AT1G40390,0.0072204457
AT1G41820,0.0039197206
AT1G41830,-0.57066613
AT1G41880,0.0690776
AT1G41920,0.0038944315
AT1G42080,0.0038944315
AT1G42190,0.0038944315
AT1G42430,-0.4977615
AT1G42440,0.13712116
AT1G42470,-0.08537202
AT1G42480,-0.11134932
AT1G42525,0.0038944315
AT1G42540,0.10807914
AT1G42550,-0.40922165
AT1G42560,0.11530491
AT1G42615,0.0039811367
AT1G42680,0.0040125805
AT1G42700,0.0038944315
AT1G42710,0.0038944315
AT1G42960,-0.04467879
AT1G42970,-0.6308594
AT1G42980,-0.0011356535
AT1G42990,0.2685164
AT1G43000,-0.03292898
AT1G43005,0.0037381405
AT1G43010,0.0027254324
AT1G43020,-0.01056533
AT1G43040,0.0023135955
AT1G43080,0.0038944315
AT1G43090,0.0038944315
AT1G43100,0.0038944315
AT1G43130,0.24389897
AT1G43140,0.006125525
AT1G43145,0.0038562205
AT1G43160,2.598593
AT1G43170,-0.018173156
AT1G43171,-0.00014320326
AT1G43190,-0.051403474
AT1G43245,0.0030547231
AT1G43260,-0.019020287
AT1G43310,0.042138655
AT1G43320,0.0038944315
AT1G43330,0.0038944315
AT1G43415,0.0038944315
AT1G43560,-0.049585745
AT1G43580,-0.08731761
AT1G43600,-0.002362958
AT1G43605,-0.11300114
AT1G43610,0.0067269616
AT1G43620,0.07080299
AT1G43630,0.004035599
AT1G43640,0.14367135
AT1G43650,-0.38353026
AT1G43665,0.0038944315
AT1G43666,0.0038944315
AT1G43667,0.0037964194
AT1G43670,-0.18605803
AT1G43680,0.0038220657
AT1G43690,0.15437853
AT1G43700,0.0084960805
AT1G43710,0.040397283
AT1G43720,0.0038301444
AT1G43722,0.0052061477
AT1G43730,0.0038944315
AT1G43760,0.0038944315
AT1G43770,0.089194536
AT1G43780,0.0022658461
AT1G43790,0.12759407
AT1G43800,0.10347248
AT1G43810,0.004621615
AT1G43815,0.004373064
AT1G43825,0.0038944315
AT1G43850,-0.06103623
AT1G43860,0.13168742
AT1G43890,0.31031448
AT1G43900,0.103733115
AT1G43910,0.60928184
AT1G43920,0.0038944315
AT1G43950,0.0038944315
AT1G43970,0.020995595
AT1G43980,-0.029388761
AT1G44000,-0.45274928
AT1G44010,0.006896943
AT1G44020,0.009868731
AT1G44030,0.0038425226
AT1G44050,0.0011091782
AT1G44080,0.0043670177
AT1G44085,0.0038944315
AT1G44090,0.08687449
AT1G44100,0.16791292
AT1G44110,-0.09903646
AT1G44120,-0.032089632
AT1G44130,1.937575
AT1G44160,-0.33517146
AT1G44170,0.57244235
AT1G44180,0.009669961
AT1G44191,0.005046926
AT1G44222,0.0038944315
AT1G44318,0.0032342079
AT1G44350,0.43370473
AT1G44414,0.058791593
AT1G44446,-0.3882183
AT1G44478,-0.015324312
AT1G44542,0.35637546
AT1G44575,-0.56937927
AT1G44608,0.11810709
AT1G44740,-0.0074727084
AT1G44750,0.054944474
AT1G44760,-0.22600158
AT1G44770,0.054932877
AT1G44780,-0.28947598
AT1G44790,0.24622531
AT1G44800,0.4649097
AT1G44810,-0.074135214
AT1G44820,0.06305735
AT1G44830,-0.08914588
AT1G44835,0.07479004
AT1G44890,0.12910348
AT1G44895,0.003967437
AT1G44900,0.10343578
AT1G44910,-0.081195794
AT1G44920,-0.24099626
AT1G44940,0.0043653925
AT1G44941,0.004527874
AT1G44960,0.3644283
AT1G44970,-0.0044233203
AT1G44980,0.0038855246
AT1G44990,0.003901869
AT1G45000,0.25987563
AT1G45010,-0.34539762
AT1G45015,-0.0027214482
AT1G45050,0.14788145
AT1G45063,0.0054481807
AT1G45100,0.0052452884
AT1G45110,-0.008136564
AT1G45130,-0.59638417
AT1G45145,1.2491071
AT1G45150,0.27089173
AT1G45160,-0.047490325
AT1G45163,0.08933931
AT1G45165,-0.044378426
AT1G45170,0.009619031
AT1G45180,-0.052796125
AT1G45190,0.0039379327
AT1G45191,-0.37400603
AT1G45196,0.0038944315
AT1G45207,-0.58678365
AT1G45215,0.00396174
AT1G45221,0.003894325
AT1G45223,0.0038944315
AT1G45229,-0.15258126
AT1G45230,-0.061176777
AT1G45231,0.003516982
AT1G45233,0.06379083
AT1G45243,0.004537139
AT1G45248,-0.15515594
AT1G45249,-0.102057524
AT1G45332,0.17376016
AT1G45403,0.0039052635
AT1G45474,-0.18137436
AT1G45545,-0.022504969
AT1G45616,0.06524824
AT1G45688,-0.025999328
AT1G45976,0.2885174
AT1G46264,-0.066804305
AT1G46336,0.003894192
AT1G46408,0.0038944315
AT1G46480,-0.26523075
AT1G46696,0.0004805258
AT1G46768,0.03311152
AT1G46840,0.0038859176
AT1G46912,0.0038944315
AT1G46984,0.015023331
AT1G47056,0.11940687
AT1G47128,0.38472795
AT1G47130,0.3805159
AT1G47200,0.15034857
AT1G47210,-0.16790594
AT1G47220,0.02100525
AT1G47230,-0.14102533
AT1G47240,0.042613596
AT1G47250,0.35325694
AT1G47260,0.102147035
AT1G47265,0.0050429427
AT1G47270,-0.015594686
AT1G47271,-0.040598188
AT1G47278,0.14182246
AT1G47280,0.004300561
AT1G47290,-0.15860893
AT1G47300,0.003743427
AT1G47310,0.018618692
AT1G47317,0.0032839542
AT1G47320,0.0038944315
AT1G47330,-0.015258268
AT1G47340,-0.018669467
AT1G47350,0.003914057
AT1G47370,0.06886217
AT1G47380,0.09384265
AT1G47389,0.0038944315
AT1G47390,0.0039011638
AT1G47400,-0.025987538
AT1G47410,-0.22059047
AT1G47420,0.30606413
AT1G47450,0.0038825094
AT1G47470,0.0038944315
AT1G47480,0.20384516
AT1G47485,0.0011156512
AT1G47490,0.03737947
AT1G47495,0.0038944315
AT1G47497,0.011040245
AT1G47500,0.02864234
AT1G47510,2.3155708
AT1G47530,0.072793745
AT1G47540,0.0040115197
AT1G47550,0.074508615
AT1G47560,0.49989834
AT1G47570,-0.03355604
AT1G47578,-0.072505094
AT1G47580,-0.34388724
AT1G47590,0.0038944315
AT1G47600,-0.009660986
AT1G47603,0.104545884
AT1G47610,-0.009925996
AT1G47620,0.0045958622
AT1G47640,0.25772744
AT1G47655,-0.2543098
AT1G47657,0.0038944315
AT1G47660,0.004298362
AT1G47670,-0.3349286
AT1G47680,0.0038944315
AT1G47690,0.0041036145
AT1G47695,0.003935954
AT1G47702,0.0038944315
AT1G47710,0.24250196
AT1G47720,-0.0036969807
AT1G47730,0.0038944315
AT1G47740,-0.2531395
AT1G47750,0.3358514
AT1G47760,-0.0053819767
AT1G47765,-0.011595771
AT1G47770,0.005315526
AT1G47780,0.008525158
AT1G47786,0.005004433
AT1G47790,0.003845957
AT1G47800,0.0038944315
AT1G47810,0.0038944315
AT1G47813,0.012385982
AT1G47820,-0.006400164
AT1G47830,0.26617786
AT1G47840,-0.0044383085
AT1G47845,-0.00054480694
AT1G47870,0.26911685
AT1G47885,0.0039805975
AT1G47890,0.985936
AT1G47900,-0.3452698
AT1G47915,-0.0024581098
AT1G47920,-0.014472913
AT1G47940,0.0038944315
AT1G47960,0.11606702
AT1G47970,-0.11342612
AT1G47980,0.05504441
AT1G47990,0.007835284
AT1G48000,0.6326893
AT1G48010,0.0038944315
AT1G48020,0.00937449
AT1G48030,-0.22323751
AT1G48040,0.14046328
AT1G48050,0.03542991
AT1G48060,0.034504265
AT1G48070,0.0038257334
AT1G48090,0.010190278
AT1G48095,0.003938439
AT1G48100,-0.14454325
AT1G48120,-0.023801697
AT1G48130,0.0027703412
AT1G48140,0.31049675
AT1G48145,0.0038122705
AT1G48150,0.0041026454
AT1G48160,0.14534055
AT1G48170,0.11261486
AT1G48175,-0.050807055
AT1G48180,-0.0013795905
AT1G48190,0.0038944315
AT1G48195,0.0070499494
AT1G48200,0.29363903
AT1G48210,0.77640104
AT1G48220,0.031644467
AT1G48230,-0.1173698
AT1G48240,-0.32506803
AT1G48260,0.12792858
AT1G48270,-0.07692778
AT1G48280,-0.22620489
AT1G48285,0.0039389906
AT1G48300,-0.36550674
AT1G48310,0.040035695
AT1G48320,0.9285998
AT1G48325,0.021628484
AT1G48330,-0.136703
AT1G48350,-0.3486205
AT1G48355,-0.02145726
AT1G48360,-0.1266069
AT1G48370,1.03153
AT1G48380,-0.08247006
AT1G48390,-0.1403473
AT1G48400,-0.041969333
AT1G48405,0.04095176
AT1G48410,-0.059612375
AT1G48420,-0.115394205
AT1G48430,-0.0012707537
AT1G48440,0.13828222
AT1G48450,0.028863778
AT1G48470,0.0331164
AT1G48480,-0.6328071
AT1G48490,0.27230754
AT1G48500,-0.08934566
AT1G48510,0.04236618
AT1G48520,-0.2689298
AT1G48530,-0.019347869
AT1G48540,-0.25556576
AT1G48550,0.097293645
AT1G48560,0.024580488
AT1G48570,0.20217551
AT1G48590,-0.022222439
AT1G48600,-0.5946016
AT1G48605,0.4795133
AT1G48610,-0.06323344
AT1G48620,-0.060987633
AT1G48625,0.0038944315
AT1G48630,0.21672325
AT1G48635,0.059801143
AT1G48640,-0.0003547538
AT1G48650,-0.112162136
AT1G48660,-0.007107761
AT1G48670,0.011689524
AT1G48690,0.0027066134
AT1G48700,0.037371952
AT1G48720,0.0059164744
AT1G48725,0.0057624145
AT1G48730,0.0037909884
AT1G48740,1.9230569e-05
AT1G48745,-0.066247545
AT1G48750,-0.22101343
AT1G48760,-0.009323866
AT1G48780,-0.33465946
AT1G48790,0.16821079
AT1G48800,0.0063795648
AT1G48820,0.004142686
AT1G48830,0.029091833
AT1G48840,0.061827686
AT1G48850,0.5844613
AT1G48860,0.17275022
AT1G48870,-0.09492755
AT1G48880,-0.17322041
AT1G48900,0.10974013
AT1G48910,0.003963422
AT1G48912,0.0038944315
AT1G48920,0.18513167
AT1G48930,0.0011655809
AT1G48940,0.0025770164
AT1G48950,-0.06980289
AT1G48953,0.006941208
AT1G48960,-0.19719373
AT1G48970,0.22981782
AT1G48980,0.031764276
AT1G48990,0.0045903563
AT1G49000,-0.13757059
AT1G49005,-0.005586169
AT1G49010,-0.50004286
AT1G49015,0.0045695533
AT1G49030,0.0722975
AT1G49032,0.09648543
AT1G49040,0.13864157
AT1G49050,0.42996323
AT1G49100,0.0038305111
AT1G49110,0.0039448817
AT1G49120,-0.009612786
AT1G49130,-0.28010002
AT1G49140,0.029753955
AT1G49150,0.12950137
AT1G49160,0.17375493
AT1G49170,-0.014226395
AT1G49180,-0.11823089
AT1G49190,0.0038944315
AT1G49200,-0.62669533
AT1G49205,-0.0011370737
AT1G49210,-0.11510509
AT1G49220,-0.036880646
AT1G49225,-0.0023677375
AT1G49230,-0.19515233
AT1G49240,0.028905327
AT1G49245,0.14766178
AT1G49250,0.005532261
AT1G49260,0.00392764
AT1G49270,0.0038955698
AT1G49290,0.0037760895
AT1G49300,0.14540307
AT1G49310,0.112991296
AT1G49320,0.21010375
AT1G49330,0.028443443
AT1G49340,-0.011797653
AT1G49350,0.1229375
AT1G49360,0.19708411
AT1G49380,-0.38284603
AT1G49390,-0.0063576307
AT1G49400,0.06268159
AT1G49405,0.048743352
AT1G49410,0.13923919
AT1G49420,0.0039633373
AT1G49430,-0.6180509
AT1G49435,0.0038944315
AT1G49450,0.86192846
AT1G49470,0.20912196
AT1G49475,0.09373178
AT1G49480,-0.1323585
AT1G49490,-0.39330092
AT1G49500,0.10516211
AT1G49510,-0.061311472
AT1G49520,-0.04733907
AT1G49530,0.04267193
AT1G49540,0.2696174
AT1G49560,-0.18886755
AT1G49570,0.027552946
AT1G49580,-0.4627509
AT1G49590,-0.03217828
AT1G49600,-0.06691074
AT1G49610,-0.0046856324
AT1G49620,-0.12003353
AT1G49630,-0.28545022
AT1G49640,0.0066506397
AT1G49650,0.1596268
AT1G49660,-0.1373065
AT1G49670,0.2815802
AT1G49680,0.003920949
AT1G49700,0.033495173
AT1G49710,0.25614578
AT1G49715,0.0036061297
AT1G49720,-0.02743961
AT1G49730,-0.45844272
AT1G49740,0.07620823
AT1G49750,0.16325204
AT1G49760,-0.029914817
AT1G49770,0.00406276
AT1G49780,-0.12699677
AT1G49790,-0.05590978
AT1G49800,0.12723073
AT1G49810,0.0044888346
AT1G49820,0.14957012
AT1G49830,0.007625833
AT1G49840,-0.40807185
AT1G49850,0.12717868
AT1G49860,0.009022486
AT1G49870,-0.24074678
AT1G49880,-0.09389976
AT1G49890,-0.27713025
AT1G49900,0.4579003
AT1G49910,0.02857829
AT1G49920,-0.0005808342
AT1G49930,0.005143939
AT1G49940,-0.109784804
AT1G49950,0.043602347
AT1G49960,0.47310042
AT1G49970,0.05903885
AT1G49975,-0.5018701
AT1G49980,-0.08186508
AT1G49990,-0.30233654
AT1G50000,-0.11531651
AT1G50010,-0.3092558
AT1G50020,0.12077425
AT1G50030,0.05550805
AT1G50040,0.09252217
AT1G50050,0.0056688394
AT1G50060,0.0011119855
AT1G50080,0.0039094132
AT1G50090,0.006213166
AT1G50110,-0.030884497
AT1G50120,-0.020132748
AT1G50140,-0.029971689
AT1G50160,0.00392977
AT1G50170,0.065518
AT1G50180,-0.07463228
AT1G50190,0.022942299
AT1G50200,-0.04790461
AT1G50220,0.0042113755
AT1G50240,-0.01699798
AT1G50250,-0.09424
AT1G50260,0.4554007
AT1G50270,-0.026634745
AT1G50280,-0.40926608
AT1G50290,-0.076073386
AT1G50300,0.054891586
AT1G50310,-0.009632261
AT1G50320,-0.082175516
AT1G50325,0.0039723865
AT1G50340,0.0038944315
AT1G50360,0.18205242
AT1G50370,0.19071233
AT1G50380,0.060538072
AT1G50390,0.017548561
AT1G50400,0.18998493
AT1G50410,0.06613516
AT1G50420,0.29112884
AT1G50430,0.24162002
AT1G50440,0.0433986
AT1G50450,-0.20304857
AT1G50460,-0.10316969
AT1G50470,0.0040369653
AT1G50480,0.07954803
AT1G50490,0.02692684
AT1G50500,0.017495524
AT1G50510,-0.022212083
AT1G50520,-0.012046623
AT1G50530,0.0039806846
AT1G50560,0.0039336327
AT1G50570,0.17675847
AT1G50580,0.013583894
AT1G50590,0.27568078
AT1G50600,-0.05233583
AT1G50610,0.0097944075
AT1G50620,-0.19984984
AT1G50630,0.044836555
AT1G50640,0.1683202
AT1G50650,0.0025217885
AT1G50660,-0.031659305
AT1G50670,0.104750276
AT1G50680,0.008096441
AT1G50690,0.012656525
AT1G50700,-0.12361898
AT1G50710,-0.091448575
AT1G50720,0.0029334538
AT1G50730,-0.05538084
AT1G50732,-0.70946574
AT1G50740,0.38272214
AT1G50745,-0.06854326
AT1G50750,-0.07439471
AT1G50760,0.002718185
AT1G50770,0.027207298
AT1G50780,-0.021128165
AT1G50790,-0.10854439
AT1G50820,0.006737417
AT1G50830,-0.0069992985
AT1G50840,-0.12820446
AT1G50870,0.0038944315
AT1G50880,0.0038944315
AT1G50890,-0.004629196
AT1G50900,-0.4265877
AT1G50910,-0.12318885
AT1G50920,0.09001207
AT1G50930,0.0095748175
AT1G50940,0.34570226
AT1G50950,0.05044542
AT1G50960,0.0034966723
AT1G50970,-0.12401412
AT1G50980,0.0038944315
AT1G50990,0.0065779015
AT1G51000,0.004788633
AT1G51010,0.008422323
AT1G51030,0.019285059
AT1G51035,0.052249417
AT1G51040,0.0044477447
AT1G51055,-0.0034899686
AT1G51060,0.07919277
AT1G51070,-0.27647066
AT1G51080,-0.4322063
AT1G51090,0.13732004
AT1G51100,-0.15918517
AT1G51110,-0.6175155
AT1G51120,0.029026335
AT1G51130,0.16106433
AT1G51140,0.10234574
AT1G51150,0.0039411555
AT1G51160,0.17063536
AT1G51170,-0.080067016
AT1G51172,0.0040513366
AT1G51190,0.005114481
AT1G51200,-0.08071727
AT1G51210,0.0039057212
AT1G51220,0.004870399
AT1G51230,0.0038944315
AT1G51240,0.0038944315
AT1G51250,0.0038944315
AT1G51260,-0.0230467
AT1G51270,-0.1820789
AT1G51290,0.0038944315
AT1G51300,0.011919896
AT1G51310,0.04751439
AT1G51320,0.0045402814
AT1G51330,0.036504608
AT1G51340,0.1412323
AT1G51350,0.3142242
AT1G51355,-0.16120772
AT1G51360,0.043415
AT1G51370,-0.16078031
AT1G51380,-0.01769117
AT1G51390,0.12931697
AT1G51400,-0.52835906
AT1G51402,-0.044961836
AT1G51405,-0.23106001
AT1G51410,0.0037612424
AT1G51420,0.13370247
AT1G51430,-0.15692596
AT1G51440,0.17049684
AT1G51450,0.028465578
AT1G51460,0.07016564
AT1G51470,-0.007726479
AT1G51480,0.020192081
AT1G51490,0.0045294394
AT1G51500,-0.3703483
AT1G51510,0.05890748
AT1G51520,-0.10162064
AT1G51530,0.009308266
AT1G51538,-0.0036268563
AT1G51540,0.14245068
AT1G51550,-0.038475726
AT1G51560,-0.06246129
AT1G51570,-0.18203741
AT1G51580,-0.27972445
AT1G51590,0.195933
AT1G51600,0.20504488
AT1G51610,0.056941044
AT1G51620,0.6917875
AT1G51630,-0.13113539
AT1G51640,0.43422246
AT1G51650,0.22961378
AT1G51660,0.42796373
AT1G51670,0.40547502
AT1G51680,0.19861543
AT1G51690,-0.033306833
AT1G51700,-0.065253966
AT1G51710,0.34200945
AT1G51720,0.0187094
AT1G51730,-0.019588428
AT1G51740,0.06393126
AT1G51745,-0.21649055
AT1G51760,1.0520428
AT1G51770,0.13412766
AT1G51780,0.8461203
AT1G51790,0.304819
AT1G51800,0.46306896
AT1G51802,0.0038944315
AT1G51805,-0.57525927
AT1G51810,0.07175697
AT1G51820,0.4731519
AT1G51823,0.0038944315
AT1G51830,0.012842159
AT1G51840,0.0072900914
AT1G51850,-0.16763915
AT1G51860,0.34347752
AT1G51870,0.00782988
AT1G51880,0.0023998225
AT1G51890,1.2380173
AT1G51900,0.008527047
AT1G51910,0.0044275266
AT1G51913,0.095803596
AT1G51915,0.021458732
AT1G51920,0.29285458
AT1G51930,0.0041208887
AT1G51940,-0.2703317
AT1G51950,0.17150253
AT1G51960,0.10867239
AT1G51965,-0.17011382
AT1G51970,0.0038944315
AT1G51980,0.33653733
AT1G51990,0.0037728557
AT1G52000,-0.43399897
AT1G52030,-0.25732428
AT1G52040,-0.55629677
AT1G52050,-0.009728624
AT1G52060,-0.01339296
AT1G52070,-0.019759515
AT1G52080,0.47433677
AT1G52100,0.04056147
AT1G52110,0.17197941
AT1G52120,0.08155307
AT1G52130,0.012127263
AT1G52140,-0.38279176
AT1G52150,-0.040312257
AT1G52155,0.06618688
AT1G52160,0.23919618
AT1G52180,0.0038944315
AT1G52190,-1.2095199
AT1G52191,0.054144174
AT1G52200,0.8069057
AT1G52220,-0.3255031
AT1G52230,-0.55707234
AT1G52240,-0.01897539
AT1G52245,0.022775158
AT1G52260,0.18428612
AT1G52270,-0.023991605
AT1G52280,-0.18494083
AT1G52290,0.0071085864
AT1G52300,0.025894707
AT1G52310,-0.023088515
AT1G52315,0.21389343
AT1G52320,0.12147989
AT1G52325,0.0025964666
AT1G52330,0.031813588
AT1G52340,-0.15787272
AT1G52342,0.1019499
AT1G52343,0.03877074
AT1G52360,0.022440424
AT1G52370,0.2077688
AT1G52380,0.037202854
AT1G52390,0.0128991725
AT1G52400,-0.42909613
AT1G52410,-0.31511283
AT1G52415,0.003936585
AT1G52420,0.036734924
AT1G52430,-0.027583795
AT1G52440,0.0037372543
AT1G52450,-0.07178904
AT1G52460,0.0039127762
AT1G52470,0.005451095
AT1G52490,0.0039542248
AT1G52495,0.0037615085
AT1G52500,0.0074039027
AT1G52510,-0.42721498
AT1G52520,-0.065193444
AT1G52530,0.1396557
AT1G52540,0.11679318
AT1G52550,0.114000835
AT1G52560,0.3836219
AT1G52565,0.4106251
AT1G52570,-0.20519795
AT1G52580,0.058663234
AT1G52590,-0.1913595
AT1G52600,0.12771945
AT1G52603,0.003928805
AT1G52618,-0.034167256
AT1G52620,-0.070260026
AT1G52630,0.017048264
AT1G52640,0.0138846515
AT1G52650,0.02337454
AT1G52660,0.010294854
AT1G52670,-0.060687277
AT1G52680,0.008677348
AT1G52690,1.1598188
AT1G52695,0.004038513
AT1G52700,-0.14432801
AT1G52710,0.0018438647
AT1G52720,0.46932113
AT1G52730,0.08013934
AT1G52740,0.11021649
AT1G52750,-0.23660095
AT1G52760,0.5143734
AT1G52770,0.27413943
AT1G52780,0.27459487
AT1G52790,0.011694652
AT1G52800,-0.09146755
AT1G52810,-0.009384672
AT1G52820,0.028868563
AT1G52825,0.0036545172
AT1G52827,-0.04918461
AT1G52830,-0.3604703
AT1G52855,0.16812955
AT1G52857,0.004993554
AT1G52870,-0.3159674
AT1G52880,0.06692178
AT1G52890,1.7289547
AT1G52900,0.42631248
AT1G52905,0.09901717
AT1G52910,0.04708351
AT1G52920,-0.16717649
AT1G52930,0.08202987
AT1G52940,0.004884791
AT1G52950,-0.018256448
AT1G52970,0.0041094073
AT1G52980,0.005074369
AT1G52990,-0.08039088
AT1G53000,-0.24410953
AT1G53010,0.0037585916
AT1G53020,0.0038944315
AT1G53023,0.005440382
AT1G53025,-0.058184505
AT1G53030,0.27847657
AT1G53035,0.10733088
AT1G53040,-0.14228635
AT1G53050,-0.019402185
AT1G53060,0.0045285732
AT1G53070,-0.2680952
AT1G53080,-0.029068656
AT1G53090,-0.21154459
AT1G53100,0.76421833
AT1G53110,0.044633705
AT1G53120,-0.08697458
AT1G53130,0.0009308215
AT1G53140,0.065173425
AT1G53160,-0.34003282
AT1G53163,0.016182072
AT1G53165,0.005379193
AT1G53170,-0.033445906
AT1G53180,-0.05107526
AT1G53190,-0.05613705
AT1G53200,0.0070285317
AT1G53210,-0.11820445
AT1G53230,-0.118817486
AT1G53240,-0.02600505
AT1G53250,-0.22580414
AT1G53260,0.017002603
AT1G53265,0.0045294394
AT1G53270,0.17632689
AT1G53280,-0.0354721
AT1G53282,0.0038944315
AT1G53285,0.012774725
AT1G53290,-0.19581817
AT1G53300,-0.38770512
AT1G53310,0.3553655
AT1G53320,0.17524497
AT1G53325,0.003855602
AT1G53330,0.08633867
AT1G53340,-0.07320244
AT1G53345,-0.048423212
AT1G53350,-0.14308566
AT1G53360,0.011995
AT1G53366,0.0043837596
AT1G53370,0.018398805
AT1G53380,-0.18441272
AT1G53390,-0.004261037
AT1G53400,-0.05099765
AT1G53420,0.011520465
AT1G53430,0.1303288
AT1G53440,-0.26632604
AT1G53450,-0.22159006
AT1G53460,-0.044856112
AT1G53470,1.2204795
AT1G53480,-0.36666012
AT1G53490,0.3118109
AT1G53500,-0.09216521
AT1G53510,-0.15365641
AT1G53520,-0.4740883
AT1G53530,-0.075420305
AT1G53540,1.550799
AT1G53541,0.018685529
AT1G53542,0.025895782
AT1G53550,0.025367962
AT1G53560,0.49794054
AT1G53570,0.21312064
AT1G53580,0.6120733
AT1G53590,-0.11443933
AT1G53600,0.08590156
AT1G53610,0.007186049
AT1G53620,0.74784803
AT1G53625,1.9004985
AT1G53633,-0.026752613
AT1G53635,0.017080657
AT1G53640,0.0043492257
AT1G53645,0.13490076
AT1G53650,-0.014276475
AT1G53655,-0.0033553364
AT1G53660,0.009190918
AT1G53670,-0.06354967
AT1G53680,0.008919793
AT1G53690,-0.13457592
AT1G53700,-0.13086018
AT1G53705,0.0038996823
AT1G53708,0.0043041296
AT1G53710,0.20352085
AT1G53720,-0.001655036
AT1G53730,-0.14051817
AT1G53750,0.47626176
AT1G53760,0.5211876
AT1G53770,0.10859951
AT1G53780,-0.014139633
AT1G53790,0.16033627
AT1G53800,-0.3767459
AT1G53815,0.0038944315
AT1G53820,0.004421819
AT1G53830,0.5254572
AT1G53840,-0.3528587
AT1G53850,0.3111382
AT1G53860,0.003680829
AT1G53870,0.18041563
AT1G53875,-0.31399205
AT1G53880,0.2622445
AT1G53885,0.0038944315
AT1G53887,-0.028064357
AT1G53890,-0.15472181
AT1G53900,0.26868993
AT1G53903,0.21593344
AT1G53910,0.18468428
AT1G53920,0.6260076
AT1G53930,0.0042525795
AT1G53935,0.0034230084
AT1G53940,0.008335709
AT1G53945,0.004066784
AT1G53950,0.049652185
AT1G53970,0.03908243
AT1G53980,0.18117243
AT1G53990,0.16160665
AT1G54000,0.36153588
AT1G54010,0.47677827
AT1G54020,0.13353477
AT1G54030,0.3346442
AT1G54040,-0.18144298
AT1G54050,0.25888443
AT1G54060,0.019407403
AT1G54070,0.035424102
AT1G54080,0.0047553745
AT1G54090,0.20421211
AT1G54095,0.38990828
AT1G54100,0.87665004
AT1G54110,-0.021498254
AT1G54115,0.3331163
AT1G54120,0.23855482
AT1G54130,0.3164963
AT1G54140,0.0039885244
AT1G54150,0.2884495
AT1G54160,-0.23789768
AT1G54170,0.17381154
AT1G54180,-0.2665322
AT1G54200,-0.35211572
AT1G54210,0.21216421
AT1G54215,0.1374991
AT1G54217,-0.004254011
AT1G54220,0.045859244
AT1G54230,0.0039111734
AT1G54240,0.0041453587
AT1G54250,0.17178361
AT1G54260,0.029585557
AT1G54270,0.40146115
AT1G54280,0.06143692
AT1G54290,0.27620718
AT1G54300,0.003541697
AT1G54310,-0.23171763
AT1G54320,0.32859516
AT1G54330,0.04995131
AT1G54340,0.07090061
AT1G54350,-0.2645124
AT1G54360,0.06429263
AT1G54370,-0.016513554
AT1G54380,-0.04930645
AT1G54385,-0.10883891
AT1G54390,-0.020648547
AT1G54400,0.06296425
AT1G54410,-0.1561672
AT1G54420,0.0048326976
AT1G54440,-0.06597059
AT1G54445,0.0038944315
AT1G54450,-0.12451858
AT1G54460,0.065587424
AT1G54470,-0.033230837
AT1G54490,0.08972479
AT1G54500,-0.27821723
AT1G54510,-0.083025046
AT1G54520,-0.0112457825
AT1G54530,0.029007616
AT1G54540,0.44620132
AT1G54550,0.0071963468
AT1G54560,0.2504476
AT1G54570,1.2841434
AT1G54575,1.1377351
AT1G54580,-0.08692723
AT1G54590,0.0048394557
AT1G54610,-0.012712124
AT1G54620,0.0042902227
AT1G54630,-0.025486097
AT1G54640,0.0039859735
AT1G54650,0.023136841
AT1G54680,0.071331054
AT1G54690,-0.030619198
AT1G54700,0.003910203
AT1G54710,0.4105257
AT1G54720,0.0039207665
AT1G54730,-0.38305104
AT1G54740,-0.46568635
AT1G54760,0.0032284232
AT1G54770,0.013257437
AT1G54773,-0.10659799
AT1G54775,0.0038944315
AT1G54780,-0.4637556
AT1G54790,0.03162314
AT1G54820,-0.6843589
AT1G54830,0.111632735
AT1G54840,-0.009524354
AT1G54850,0.047581464
AT1G54860,0.037931558
AT1G54870,0.03223453
AT1G54890,1.6567383
AT1G54920,-0.107208796
AT1G54930,0.0037125964
AT1G54940,0.0009959824
AT1G54950,0.0034433717
AT1G54953,0.013432477
AT1G54957,0.0395374
AT1G54960,0.022028826
AT1G54970,0.0047356677
AT1G54980,0.0043889224
AT1G54990,0.09722576
AT1G55000,0.020824058
AT1G55010,0.035577167
AT1G55020,2.0129669
AT1G55030,0.0029504688
AT1G55040,0.0039630164
AT1G55050,0.054639637
AT1G55060,0.007214673
AT1G55070,0.00399717
AT1G55080,0.42709634
AT1G55090,0.08479809
AT1G55110,0.06671391
AT1G55120,-0.20706569
AT1G55130,-0.22379375
AT1G55140,-0.16759007
AT1G55150,0.036712285
AT1G55152,-0.052543897
AT1G55160,-0.15237723
AT1G55170,0.14971714
AT1G55175,-0.0046735015
AT1G55180,0.0491672
AT1G55190,0.19340062
AT1G55200,-0.016718583
AT1G55205,-0.004488086
AT1G55207,0.006402356
AT1G55210,0.35041356
AT1G55220,0.004520743
AT1G55230,0.07771668
AT1G55240,0.06016058
AT1G55250,-0.078117184
AT1G55260,-0.34649822
AT1G55265,0.519538
AT1G55270,-0.16366857
AT1G55280,0.17326617
AT1G55290,0.029615087
AT1G55300,-0.06980816
AT1G55310,0.05797701
AT1G55320,-0.25636435
AT1G55325,0.0060347863
AT1G55330,-0.70156527
AT1G55335,-0.05753686
AT1G55340,-0.29885477
AT1G55350,-0.16912949
AT1G55360,-0.62492996
AT1G55365,0.22090022
AT1G55370,-0.5021501
AT1G55380,-0.06955483
AT1G55390,0.02806682
AT1G55420,-0.14175919
AT1G55430,-0.008726179
AT1G55440,-0.014746442
AT1G55450,0.14060685
AT1G55460,-0.13257529
AT1G55475,-0.034377277
AT1G55480,-0.5060184
AT1G55490,-0.38294432
AT1G55500,0.19984645
AT1G55510,0.5834096
AT1G55520,0.043909013
AT1G55530,0.19723497
AT1G55535,0.25544018
AT1G55540,-0.15767105
AT1G55546,0.003994125
AT1G55550,-0.055553496
AT1G55560,0.0047407523
AT1G55570,0.0045019933
AT1G55580,0.011200559
AT1G55590,0.14156479
AT1G55600,0.004138121
AT1G55610,0.52401435
AT1G55620,0.032114055
AT1G55630,-0.10220467
AT1G55640,0.006496828
AT1G55650,0.0030139002
AT1G55660,0.030807028
AT1G55670,-0.43654656
AT1G55673,-0.14644025
AT1G55675,-0.024882006
AT1G55680,0.07275092
AT1G55690,0.09102691
AT1G55710,0.0040589506
AT1G55720,0.011528552
AT1G55730,0.38951328
AT1G55740,0.1302254
AT1G55750,-0.068253405
AT1G55755,0.0046938458
AT1G55760,-0.360937
AT1G55775,0.8627766
AT1G55790,0.0046125418
AT1G55800,-0.0037082087
AT1G55803,0.01902376
AT1G55805,0.04426624
AT1G55810,0.039028674
AT1G55820,0.3903965
AT1G55830,0.079554945
AT1G55840,0.072261505
AT1G55850,-0.0022563238
AT1G55860,0.11820153
AT1G55865,-0.0065887826
AT1G55870,0.047972497
AT1G55880,-0.023880951
AT1G55890,-0.060473364
AT1G55900,0.1185478
AT1G55910,0.31160226
AT1G55915,0.2169544
AT1G55917,0.003982045
AT1G55920,0.68936825
AT1G55928,0.0038020061
AT1G55930,-0.13776155
AT1G55940,0.027478812
AT1G55945,0.0038957277
AT1G55947,0.0046751313
AT1G55950,0.007931071
AT1G55960,-0.23984456
AT1G55970,-0.2859306
AT1G55980,-0.1927435
AT1G55990,0.0019862298
AT1G56000,-0.12112328
AT1G56010,0.1093879
AT1G56020,0.0042001205
AT1G56030,0.0038816975
AT1G56040,0.0052275956
AT1G56045,0.08117854
AT1G56050,-0.24239264
AT1G56060,1.4201989
AT1G56070,0.14694126
AT1G56080,0.14479177
AT1G56085,0.0034938033
AT1G56090,-0.048623595
AT1G56100,0.003836543
AT1G56105,0.0033293937
AT1G56110,0.24746467
AT1G56120,0.25896844
AT1G56130,0.00270202
AT1G56140,0.22551394
AT1G56145,0.739198
AT1G56150,0.43264833
AT1G56160,-0.0063286773
AT1G56170,-0.098193556
AT1G56180,-0.046042833
AT1G56190,0.01053001
AT1G56200,-0.015044428
AT1G56210,-0.3912954
AT1G56220,-0.19650972
AT1G56225,0.0038944315
AT1G56230,-0.34592712
AT1G56233,0.0037433123
AT1G56240,0.20601737
AT1G56250,0.05330336
AT1G56260,-0.13164173
AT1G56270,0.0020619521
AT1G56280,-0.026863337
AT1G56290,0.043853525
AT1G56300,0.5793458
AT1G56310,-0.15325262
AT1G56320,0.20020576
AT1G56330,0.113981366
AT1G56340,0.32010767
AT1G56345,-0.12442038
AT1G56350,-0.028039338
AT1G56360,0.003437763
AT1G56380,0.0039037566
AT1G56385,0.0038944315
AT1G56400,0.0038944315
AT1G56410,0.054557662
AT1G56415,0.0038944315
AT1G56418,0.0021429583
AT1G56420,-0.078232124
AT1G56423,-0.07063894
AT1G56430,-0.39773557
AT1G56440,-0.023148725
AT1G56450,0.4522067
AT1G56460,0.008781671
AT1G56500,-0.40914273
AT1G56510,-0.32614985
AT1G56520,-0.07679752
AT1G56530,0.007442508
AT1G56540,-0.120082565
AT1G56550,0.34716535
AT1G56553,0.0038944315
AT1G56555,-0.026047098
AT1G56560,0.19365923
AT1G56570,-0.19414878
AT1G56580,-0.46246222
AT1G56590,0.040470082
AT1G56600,-0.7561323
AT1G56610,-0.075929426
AT1G56620,0.003742492
AT1G56630,0.01958216
AT1G56650,0.3754116
AT1G56660,0.62471837
AT1G56670,-0.25028768
AT1G56680,-0.0032863964
AT1G56690,-0.027554685
AT1G56700,0.3247939
AT1G56710,0.09089455
AT1G56720,-0.527618
AT1G57540,0.022885932
AT1G57550,0.003920033
AT1G57557,0.0038944315
AT1G57565,0.0038385938
AT1G57570,0.029887786
AT1G57580,0.0037595823
AT1G57590,-0.085685305
AT1G57600,0.103672914
AT1G57610,-0.0134822205
AT1G57613,0.0039050924
AT1G57620,0.1734585
AT1G57630,1.8334657
AT1G57650,1.0385299
AT1G57660,-0.06643047
AT1G57670,0.013269469
AT1G57680,0.04113223
AT1G57690,0.0076086577
AT1G57700,0.12816323
AT1G57720,0.071435474
AT1G57730,0.012020889
AT1G57750,0.030378813
AT1G57760,0.0038944315
AT1G57760,0.0038944315
AT1G57770,0.13821639
AT1G57775,0.0038944315
AT1G57777,0.0038944315
AT1G57780,-0.00019248761
AT1G57790,-0.19018811
AT1G57800,0.0043866453
AT1G57820,-0.002593572
AT1G57830,0.006095392
AT1G57850,-0.03267767
AT1G57870,-0.16030131
AT1G57906,0.0043885093
AT1G57943,0.07988091
AT1G57980,-0.26827696
AT1G57990,0.77172613
AT1G58007,-0.0767287
AT1G58025,-0.032567047
AT1G58030,0.26134107
AT1G58037,0.0013090199
AT1G58050,0.0039723543
AT1G58055,0.0039016197
AT1G58060,-0.046196934
AT1G58070,0.28348172
AT1G58080,-0.10880971
AT1G58090,0.0038972783
AT1G58100,0.12217412
AT1G58110,0.10565817
AT1G58120,0.059941243
AT1G58150,-0.14366423
AT1G58160,-0.06056593
AT1G58170,0.03547721
AT1G58180,0.05253981
AT1G58190,0.60327566
AT1G58195,0.0038944315
AT1G58200,0.07564395
AT1G58210,-0.2473567
AT1G58215,-0.020552216
AT1G58220,-0.041644108
AT1G58223,-0.027832434
AT1G58225,-0.19163473
AT1G58230,-0.037331615
AT1G58235,0.18512507
AT1G58242,0.0038944315
AT1G58245,0.0038944315
AT1G58248,0.0038944315
AT1G58250,-0.08693185
AT1G58260,0.0038892115
AT1G58265,-0.0042916797
AT1G58270,0.18419372
AT1G58280,-0.23092006
AT1G58290,-0.31753823
AT1G58300,0.20489317
AT1G58310,0.004917255
AT1G58320,0.025601065
AT1G58330,0.0047484133
AT1G58340,2.0134032
AT1G58350,-0.23762518
AT1G58360,0.54408675
AT1G58370,-0.22636272
AT1G58380,0.16154082
AT1G58390,0.18264534
AT1G58400,-0.046528872
AT1G58410,-0.0069060903
AT1G58420,0.49620068
AT1G58430,0.0006460715
AT1G58440,-0.3049852
AT1G58450,0.003927491
AT1G58460,-0.0036410175
AT1G58470,0.20012493
AT1G58520,-0.35486233
AT1G58525,0.0043335133
AT1G58602,0.0020991315
AT1G58643,0.0691425
AT1G58725,0.00026626326
AT1G58766,0.0039144647
AT1G58807,-0.12251379
AT1G58848,-0.060228568
AT1G58889,0.0038944315
AT1G59030,0.0087930625
AT1G59124,0.0038944315
AT1G59171,0.03216652
AT1G59218,-0.1517373
AT1G59359,0.12869549
AT1G59406,0.0038944315
AT1G59460,0.0038944315
AT1G59470,0.0038944315
AT1G59500,0.0039303564
AT1G59510,-0.08262287
AT1G59520,0.08767799
AT1G59530,0.0041946615
AT1G59540,-0.0012295892
AT1G59550,0.00458991
AT1G59560,-0.14483233
AT1G59580,0.05239835
AT1G59590,0.4929411
AT1G59600,-0.055265363
AT1G59610,0.15595265
AT1G59620,-0.12018923
AT1G59630,0.003948984
AT1G59640,0.17246182
AT1G59650,0.13036312
AT1G59660,0.01672829
AT1G59670,0.080633484
AT1G59675,0.003909238
AT1G59680,0.0038944315
AT1G59690,0.0038398802
AT1G59700,0.22005905
AT1G59710,0.61249465
AT1G59720,-0.35713407
AT1G59722,0.0038944315
AT1G59723,0.0038944315
AT1G59724,0.0038944315
AT1G59725,-0.005859008
AT1G59730,0.08460414
AT1G59740,1.408516
AT1G59750,-0.23586397
AT1G59760,-0.03699315
AT1G59780,-0.015030369
AT1G59790,0.0056668706
AT1G59800,0.004196403
AT1G59810,0.012439015
AT1G59820,0.26578954
AT1G59830,-0.0065389494
AT1G59833,0.0038944315
AT1G59835,0.0038944315
AT1G59840,-0.35190845
AT1G59850,1.043437
AT1G59860,0.24754244
AT1G59865,0.047833417
AT1G59870,0.19264461
AT1G59885,0.0050187674
AT1G59890,0.08763782
AT1G59900,0.11547039
AT1G59910,0.09676453
AT1G59920,-0.21351111
AT1G59930,0.0052981526
AT1G59940,-0.00029866523
AT1G59950,0.20229328
AT1G59960,0.033867914
AT1G59970,-0.15877753
AT1G59980,-0.110478856
AT1G59990,0.0025904898
AT1G60000,-0.1995017
AT1G60010,-0.295449
AT1G60030,-0.097508825
AT1G60040,0.0051699644
AT1G60050,0.004002621
AT1G60060,-0.18118812
AT1G60070,-0.08191707
AT1G60080,0.20151834
AT1G60090,0.0027347745
AT1G60095,0.006014075
AT1G60110,-0.081410736
AT1G60130,0.14929093
AT1G60140,0.29829457
AT1G60160,0.057983905
AT1G60170,0.10576942
AT1G60180,0.0038944315
AT1G60190,0.4209855
AT1G60200,-0.13045172
AT1G60220,-0.12342763
AT1G60230,-0.19181317
AT1G60240,0.012746061
AT1G60250,0.0041276226
AT1G60260,-0.27297813
AT1G60270,-0.22978802
AT1G60280,0.004676542
AT1G60300,0.010837167
AT1G60320,0.0038944315
AT1G60340,0.008761107
AT1G60350,0.0064964923
AT1G60360,-0.06098629
AT1G60370,0.003921554
AT1G60380,-0.004275384
AT1G60390,-0.55599517
AT1G60400,0.0038856233
AT1G60410,0.014535472
AT1G60420,0.33229795
AT1G60430,0.11111021
AT1G60440,0.12973936
AT1G60450,-0.0009975707
AT1G60460,-0.089913376
AT1G60470,-0.07652372
AT1G60490,0.08002159
AT1G60500,0.032256935
AT1G60530,0.04846494
AT1G60550,-0.37597394
AT1G60560,-0.22561724
AT1G60570,0.0031505798
AT1G60590,-0.12450427
AT1G60600,-0.19988458
AT1G60610,0.25356916
AT1G60620,0.16232413
AT1G60625,0.0038944315
AT1G60630,-0.4541457
AT1G60640,0.025098756
AT1G60650,0.15820333
AT1G60660,-0.014323197
AT1G60670,-0.008150932
AT1G60680,0.11339184
AT1G60690,-0.44850895
AT1G60700,-0.28662607
AT1G60710,0.02798778
AT1G60720,0.004496018
AT1G60730,1.2213389
AT1G60740,0.3457252
AT1G60750,0.019482054
AT1G60760,0.005057979
AT1G60770,-0.07534213
AT1G60780,0.13208507
AT1G60783,0.00853393
AT1G60787,0.00029375652
AT1G60790,-0.38565683
AT1G60800,-0.37595066
AT1G60810,-0.20095019
AT1G60815,0.0038944315
AT1G60830,0.15881872
AT1G60850,0.16416155
AT1G60860,-0.29336396
AT1G60870,-0.12048683
AT1G60880,0.0048261196
AT1G60890,0.6481051
AT1G60900,-0.07190459
AT1G60913,0.003777255
AT1G60920,0.0031392921
AT1G60930,-0.1733106
AT1G60940,-0.039563973
AT1G60950,-0.38003436
AT1G60960,0.1922312
AT1G60970,0.038608607
AT1G60980,0.0039473036
AT1G60983,0.0037970843
AT1G60985,0.003983512
AT1G60986,0.006878177
AT1G60987,-0.00021872576
AT1G60989,-0.0096433805
AT1G60990,-0.21513295
AT1G60995,0.08191926
AT1G61000,-0.13374045
AT1G61010,-0.03403982
AT1G61030,-0.013866047
AT1G61040,0.05014435
AT1G61050,0.0038791355
AT1G61060,0.013020802
AT1G61065,0.020687703
AT1G61070,0.0047873133
AT1G61080,0.12772988
AT1G61090,0.02596231
AT1G61093,0.020090662
AT1G61095,0.01047298
AT1G61097,0.010689628
AT1G61100,-0.19351675
AT1G61105,0.0043069473
AT1G61110,0.11005429
AT1G61120,2.0923145
AT1G61130,-0.00814155
AT1G61140,0.314423
AT1G61150,0.19850121
AT1G61160,0.005879311
AT1G61165,-0.0061796303
AT1G61170,-0.20295322
AT1G61180,-0.0005317119
AT1G61190,-0.34034786
AT1G61200,0.004315305
AT1G61210,-0.15003197
AT1G61215,0.03258158
AT1G61230,-0.07823046
AT1G61240,-0.41953388
AT1G61250,0.4368395
AT1G61255,0.115315974
AT1G61260,-0.24829797
AT1G61270,0.01699018
AT1G61280,-0.12294566
AT1G61290,-0.0330982
AT1G61300,-0.49611688
AT1G61310,-0.07180432
AT1G61320,0.0033955902
AT1G61330,0.0046637743
AT1G61340,1.0457618
AT1G61350,-0.2842702
AT1G61360,0.4949778
AT1G61370,0.3654066
AT1G61380,0.1628235
AT1G61390,-0.02321577
AT1G61400,0.03602005
AT1G61410,0.024802998
AT1G61415,0.07564078
AT1G61420,0.6897983
AT1G61430,0.054415558
AT1G61440,0.5087766
AT1G61450,0.058235783
AT1G61460,-0.021229913
AT1G61470,0.008567234
AT1G61475,0.0052930997
AT1G61480,0.08609229
AT1G61490,0.22418249
AT1G61500,-0.3932885
AT1G61520,-0.42289042
AT1G61540,0.0042271693
AT1G61550,0.14475064
AT1G61560,0.974838
AT1G61562,0.0024174696
AT1G61563,0.003953785
AT1G61565,0.0038877295
AT1G61566,0.0039552334
AT1G61570,0.3672863
AT1G61575,-0.009003295
AT1G61580,0.07314218
AT1G61590,-0.01571674
AT1G61600,-0.3481655
AT1G61610,1.1257776
AT1G61620,0.1508179
AT1G61630,0.004562923
AT1G61640,0.39354765
AT1G61660,-0.07664182
AT1G61667,0.0727436
AT1G61670,0.07942993
AT1G61680,0.021403322
AT1G61685,0.0038944315
AT1G61688,0.003951968
AT1G61690,0.13504978
AT1G61700,0.022805704
AT1G61710,-0.028216258
AT1G61720,0.0054290337
AT1G61730,0.16660255
AT1G61740,-0.20035134
AT1G61750,0.3477669
AT1G61760,-0.13570495
AT1G61770,0.1879828
AT1G61780,0.09181234
AT1G61790,0.097903036
AT1G61795,-0.4683917
AT1G61800,3.0001593
AT1G61810,2.2634473
AT1G61820,3.4225152
AT1G61840,-0.0027223087
AT1G61850,0.009994208
AT1G61860,0.07605063
AT1G61870,0.14766921
AT1G61890,-0.0460028
AT1G61900,-0.20999198
AT1G61920,-0.002392849
AT1G61930,-0.06097934
AT1G61940,0.0040400065
AT1G61950,0.0049053147
AT1G61960,-0.032316368
AT1G61970,-0.19805431
AT1G61980,0.025115708
AT1G61990,0.04697749
AT1G62000,0.043610025
AT1G62010,0.04073551
AT1G62020,0.013218388
AT1G62030,-0.35906634
AT1G62040,0.027704874
AT1G62045,0.32615107
AT1G62050,-0.12979124
AT1G62060,0.0039405725
AT1G62070,0.0038832498
AT1G62080,0.0060855537
AT1G62085,-0.010696602
AT1G62110,-0.04167366
AT1G62120,-0.28294092
AT1G62130,-0.11147798
AT1G62150,-0.026869515
AT1G62160,0.0048172153
AT1G62170,0.014486358
AT1G62180,-0.16221683
AT1G62190,-0.0056493687
AT1G62200,0.24807423
AT1G62210,0.0038864596
AT1G62220,0.003989031
AT1G62225,0.05712324
AT1G62240,0.16950886
AT1G62250,-0.36606172
AT1G62260,-0.15403964
AT1G62262,-0.036477692
AT1G62270,0.0039593885
AT1G62280,0.008147382
AT1G62290,-0.32040164
AT1G62300,1.2731658
AT1G62305,0.692842
AT1G62310,-0.042547047
AT1G62320,0.24544476
AT1G62330,-0.2754791
AT1G62333,0.024465727
AT1G62340,0.003966683
AT1G62350,0.06615599
AT1G62360,0.0041398634
AT1G62370,0.5763125
AT1G62380,0.2673704
AT1G62390,0.0055219433
AT1G62400,-0.25986856
AT1G62410,0.0035928225
AT1G62415,0.0038944315
AT1G62420,0.53437006
AT1G62421,0.0039982735
AT1G62430,-0.047186535
AT1G62440,-0.18023793
AT1G62450,0.013708557
AT1G62480,-0.36338076
AT1G62490,0.035656426
AT1G62500,0.16373375
AT1G62510,0.37868395
AT1G62515,0.025754554
AT1G62520,-0.4738759
AT1G62530,0.0077541475
AT1G62540,-0.27684635
AT1G62560,-0.7767844
AT1G62570,1.4312911
AT1G62580,0.17217378
AT1G62590,-0.32852176
AT1G62600,0.22976089
AT1G62610,0.0032963417
AT1G62620,0.031846892
AT1G62630,-0.39681414
AT1G62640,-0.13708423
AT1G62660,0.629419
AT1G62670,-0.12053732
AT1G62680,-0.121630214
AT1G62690,0.01248419
AT1G62700,0.058445573
AT1G62710,-0.31716374
AT1G62720,0.02868618
AT1G62730,0.39873907
AT1G62740,0.16207097
AT1G62750,-0.4452283
AT1G62760,1.0529178
AT1G62770,0.007095774
AT1G62780,-0.26351604
AT1G62790,0.4795717
AT1G62800,-0.57006496
AT1G62810,0.15095036
AT1G62820,0.18006025
AT1G62830,-0.15325028
AT1G62850,-0.031162987
AT1G62870,-0.16976316
AT1G62880,0.115045905
AT1G62886,-0.0037613541
AT1G62895,0.0038944315
AT1G62900,0.012871954
AT1G62910,-0.3044304
AT1G62914,-0.22350943
AT1G62915,0.0063613146
AT1G62920,-0.062377896
AT1G62930,-0.18343814
AT1G62935,0.046708494
AT1G62940,0.012470561
AT1G62950,-0.09199813
AT1G62960,-0.1738015
AT1G62970,-0.056939732
AT1G62975,-0.354592
AT1G62978,0.0038944315
AT1G62980,-0.004674616
AT1G62981,0.057638843
AT1G62990,0.021494843
AT1G63000,-0.08955725
AT1G63010,0.42094383
AT1G63020,0.015487723
AT1G63030,-0.06446035
AT1G63040,0.0038944315
AT1G63050,0.049963355
AT1G63055,0.0070197843
AT1G63057,0.013561818
AT1G63060,0.0044482383
AT1G63070,0.002143708
AT1G63080,-0.34951666
AT1G63090,-0.009756029
AT1G63100,-0.14538431
AT1G63105,0.00058187015
AT1G63110,-0.066302665
AT1G63120,-0.1422234
AT1G63130,-0.39331353
AT1G63140,-0.08607908
AT1G63150,-0.29332432
AT1G63160,0.25695616
AT1G63170,0.005779117
AT1G63180,0.72455025
AT1G63190,0.0027198289
AT1G63200,0.0038944315
AT1G63205,0.0038944315
AT1G63206,0.0039822464
AT1G63210,-0.008177639
AT1G63220,-0.034380116
AT1G63230,-0.14682572
AT1G63240,-0.27841502
AT1G63245,0.8008885
AT1G63250,0.06975169
AT1G63260,-0.2129711
AT1G63270,0.05371977
AT1G63280,0.025210282
AT1G63290,0.1113959
AT1G63295,-0.044249732
AT1G63300,-0.24652363
AT1G63310,-0.17090873
AT1G63320,-0.021939911
AT1G63330,-0.16636026
AT1G63340,0.0018085105
AT1G63350,-0.013736211
AT1G63360,-0.35254478
AT1G63370,0.085727
AT1G63390,0.022935743
AT1G63400,-0.20687409
AT1G63410,0.0037989784
AT1G63420,-0.27967915
AT1G63430,-0.17592454
AT1G63440,1.2690856
AT1G63450,0.2087201
AT1G63460,0.32634327
AT1G63470,-0.28119043
AT1G63480,-0.1373422
AT1G63490,-0.043237507
AT1G63500,0.04368198
AT1G63520,-0.059349995
AT1G63522,0.004602889
AT1G63530,0.49592385
AT1G63535,0.0038944315
AT1G63540,0.0036476627
AT1G63550,0.0045663114
AT1G63560,0.0038944315
AT1G63570,0.021009987
AT1G63580,0.05123196
AT1G63590,0.058372617
AT1G63600,0.000771263
AT1G63610,-0.16494142
AT1G63615,0.008669563
AT1G63630,-0.03253223
AT1G63640,-0.16093649
AT1G63650,0.004520113
AT1G63660,0.09471384
AT1G63670,-0.29373056
AT1G63680,-0.22073887
AT1G63690,-0.2050374
AT1G63700,-0.12015799
AT1G63710,0.024460489
AT1G63720,1.2084655
AT1G63730,-0.13783665
AT1G63740,-0.004292468
AT1G63750,0.011001378
AT1G63760,0.0038944315
AT1G63770,0.089141525
AT1G63780,0.25797758
AT1G63800,-0.24760847
AT1G63810,0.007455735
AT1G63820,0.10775358
AT1G63830,0.15504836
AT1G63840,0.89094645
AT1G63850,-0.2739035
AT1G63855,0.059549283
AT1G63860,-0.24572492
AT1G63870,-0.0021307748
AT1G63880,-0.2725691
AT1G63900,-0.02417405
AT1G63910,-0.024260683
AT1G63930,0.19601084
AT1G63940,-0.0040941983
AT1G63950,0.08194695
AT1G63960,0.031214876
AT1G63970,-0.027404837
AT1G63980,-0.14916663
AT1G63990,0.029215291
AT1G64000,0.035300557
AT1G64010,0.07758239
AT1G64020,0.14617278
AT1G64030,-0.00991094
AT1G64040,0.26929578
AT1G64050,-0.070013545
AT1G64060,0.016473465
AT1G64065,0.5893877
AT1G64070,-0.013806936
AT1G64080,-0.16919915
AT1G64090,0.22451435
AT1G64100,-0.006351694
AT1G64107,0.022350548
AT1G64110,0.08646693
AT1G64130,0.0029575762
AT1G64140,0.16057746
AT1G64150,-0.26401436
AT1G64160,0.17260112
AT1G64170,-0.1775073
AT1G64180,-0.24262021
AT1G64185,0.16654296
AT1G64190,0.14802541
AT1G64195,0.034450375
AT1G64200,0.49737528
AT1G64210,0.20682532
AT1G64220,-0.029228777
AT1G64230,0.021538226
AT1G64235,-0.00022296421
AT1G64253,-0.047319863
AT1G64255,0.0052864277
AT1G64260,-0.079337604
AT1G64280,0.31495604
AT1G64290,0.0110202655
AT1G64295,0.018916346
AT1G64300,-0.118988074
AT1G64310,-0.029172152
AT1G64320,-0.16973491
AT1G64330,-0.19448297
AT1G64340,0.003941498
AT1G64350,0.20389116
AT1G64355,-0.35083258
AT1G64360,-0.23285244
AT1G64370,-0.59147435
AT1G64380,0.4013904
AT1G64385,0.15875208
AT1G64390,-0.59074193
AT1G64400,-0.22978811
AT1G64405,0.100449264
AT1G64430,-0.24139595
AT1G64440,-0.11083141
AT1G64450,-0.024590723
AT1G64455,0.05021439
AT1G64460,0.09609628
AT1G64480,0.008587644
AT1G64490,-0.031797376
AT1G64500,-0.35402656
AT1G64510,-0.35826695
AT1G64520,0.30353895
AT1G64530,-0.2733107
AT1G64540,-0.010527522
AT1G64550,-0.0034004506
AT1G64561,-0.018177712
AT1G64570,-0.04649259
AT1G64580,-0.1370513
AT1G64583,0.061002325
AT1G64584,0.0047262902
AT1G64585,0.0034662245
AT1G64590,-0.00021632698
AT1G64600,-0.009140533
AT1G64610,0.81537145
AT1G64620,0.03770566
AT1G64625,-0.16365154
AT1G64630,-0.019553423
AT1G64640,-0.8295706
AT1G64650,-0.066985466
AT1G64660,0.7151308
AT1G64670,-0.55436057
AT1G64680,-0.6166764
AT1G64690,-0.21482427
AT1G64700,-0.16293032
AT1G64710,-0.23574084
AT1G64720,-0.3205316
AT1G64740,0.18682371
AT1G64750,0.113803186
AT1G64760,-0.09183178
AT1G64770,-0.42924747
AT1G64780,-0.73599976
AT1G64790,-0.03190248
AT1G64795,0.046220154
AT1G64800,0.02237683
AT1G64810,0.12650253
AT1G64820,0.0015617535
AT1G64830,0.0037502877
AT1G64840,0.06832015
AT1G64850,0.094876945
AT1G64860,-0.4240993
AT1G64870,0.004034518
AT1G64880,-0.045827895
AT1G64890,0.295651
AT1G64900,0.057679325
AT1G64910,0.0012280289
AT1G64920,0.0038342178
AT1G64930,0.01787897
AT1G64940,0.33849195
AT1G64950,0.3952091
AT1G64960,-0.15026902
AT1G64970,0.123480104
AT1G64980,-0.25127885
AT1G64990,0.11795663
AT1G65000,0.11974058
AT1G65010,-0.6461968
AT1G65020,0.22829413
AT1G65030,0.40488327
AT1G65032,-0.057919994
AT1G65040,0.33511946
AT1G65050,0.0038627724
AT1G65060,0.09149852
AT1G65070,-0.26756343
AT1G65080,0.016689561
AT1G65090,0.0005967769
AT1G65110,-0.10471499
AT1G65113,0.0038698607
AT1G65120,-0.09567761
AT1G65130,-0.08610719
AT1G65140,-0.018399166
AT1G65150,0.1445034
AT1G65160,0.0039035454
AT1G65165,0.0038944315
AT1G65170,0.0039137867
AT1G65180,0.00069498894
AT1G65190,-0.32872084
AT1G65200,-0.009611582
AT1G65210,0.0038944315
AT1G65220,0.10440538
AT1G65230,-0.6469845
AT1G65240,0.57194954
AT1G65250,-0.021153264
AT1G65260,-0.15644182
AT1G65270,0.121240176
AT1G65280,-0.015069288
AT1G65290,0.19164239
AT1G65295,-0.4260099
AT1G65300,0.0006240476
AT1G65310,0.03337956
AT1G65320,-0.1206248
AT1G65330,-0.05057633
AT1G65340,0.0036978188
AT1G65342,0.0038944315
AT1G65346,0.005823797
AT1G65349,0.0039027657
AT1G65350,0.0038864359
AT1G65352,0.0038944315
AT1G65360,0.03420501
AT1G65370,-0.40476033
AT1G65380,-0.11327049
AT1G65390,-0.058280006
AT1G65410,-0.020279057
AT1G65420,0.013466782
AT1G65425,0.0039006209
AT1G65430,0.15154381
AT1G65440,-0.009921752
AT1G65450,-0.007995901
AT1G65470,-0.09542725
AT1G65480,0.05512691
AT1G65481,0.59825855
AT1G65483,0.7913534
AT1G65484,-0.11228757
AT1G65486,-0.3504875
AT1G65490,-0.2079776
AT1G65500,0.32058805
AT1G65510,0.4062104
AT1G65520,0.45574436
AT1G65540,0.088112
AT1G65541,0.0039598807
AT1G65550,0.021169394
AT1G65560,-0.13632816
AT1G65570,0.01071884
AT1G65580,0.13230483
AT1G65590,-0.15832205
AT1G65610,2.0452185
AT1G65620,-0.06913141
AT1G65630,0.003872888
AT1G65640,0.0039044793
AT1G65650,0.11080814
AT1G65660,0.11162641
AT1G65670,0.0043354877
AT1G65680,0.007262952
AT1G65681,0.0038944315
AT1G65690,1.4201568
AT1G65700,0.17267293
AT1G65710,-0.15270619
AT1G65720,0.21066415
AT1G65730,0.75070477
AT1G65735,0.0038944315
AT1G65740,0.0038944315
AT1G65750,0.0038944315
AT1G65760,0.015349907
AT1G65770,0.0038944315
AT1G65780,0.004073523
AT1G65790,0.007521057
AT1G65800,0.013339698
AT1G65810,-0.011414218
AT1G65820,0.7636419
AT1G65840,0.32416952
AT1G65845,-0.11861918
AT1G65850,-0.037804622
AT1G65860,-0.7760287
AT1G65870,-0.21108925
AT1G65880,-0.023962647
AT1G65890,-0.18992913
AT1G65900,-0.29597363
AT1G65910,-0.24573751
AT1G65920,-0.41485545
AT1G65930,0.003739002
AT1G65950,-0.074269295
AT1G65960,-0.19943194
AT1G65970,1.1988786
AT1G65980,0.4237239
AT1G65985,-0.49548972
AT1G65990,0.003983953
AT1G66000,0.010577173
AT1G66020,-0.0577963
AT1G66040,0.98421305
AT1G66045,0.0038944315
AT1G66050,1.6433614
AT1G66060,0.22938913
AT1G66070,0.21249075
AT1G66080,-0.027108701
AT1G66090,1.7167892
AT1G66100,-0.33991978
AT1G66110,0.042929575
AT1G66120,0.0047917212
AT1G66130,-0.31268618
AT1G66140,-0.23391522
AT1G66145,0.0038944315
AT1G66150,-0.32716182
AT1G66160,1.145666
AT1G66170,0.05065611
AT1G66180,-0.81647295
AT1G66190,-0.22764711
AT1G66200,-0.024231834
AT1G66210,0.003754925
AT1G66220,0.003894192
AT1G66230,-0.2970196
AT1G66235,0.0055180355
AT1G66240,0.30250248
AT1G66245,0.0039734184
AT1G66250,-0.057558388
AT1G66260,0.06518237
AT1G66270,0.0147809535
AT1G66280,0.71773577
AT1G66290,0.0040602195
AT1G66300,0.018397711
AT1G66310,0.0035035892
AT1G66320,0.014494133
AT1G66330,-0.2376879
AT1G66340,0.14920227
AT1G66345,-0.17503901
AT1G66350,-0.20051114
AT1G66360,0.031095775
AT1G66370,0.09628562
AT1G66380,0.07491281
AT1G66390,0.32393643
AT1G66400,0.4862573
AT1G66410,0.21659774
AT1G66420,0.0062417537
AT1G66430,-0.31311485
AT1G66440,0.0022494732
AT1G66450,-0.09187347
AT1G66460,-0.18387868
AT1G66465,0.1713614
AT1G66470,0.0008764484
AT1G66480,0.2511003
AT1G66490,0.0040881927
AT1G66500,0.6402964
AT1G66510,-0.2029139
AT1G66520,0.076832056
AT1G66530,-0.10334719
AT1G66540,-0.053328615
AT1G66550,0.28803974
AT1G66560,0.12617491
AT1G66570,1.7946645
AT1G66580,0.88377887
AT1G66590,0.52433866
AT1G66600,0.956316
AT1G66610,0.013208623
AT1G66620,0.0962393
AT1G66630,0.011319558
AT1G66640,0.0038650334
AT1G66650,-0.060838416
AT1G66660,0.04591118
AT1G66670,0.21245535
AT1G66680,0.31760374
AT1G66690,0.030093445
AT1G66700,1.9103271
AT1G66720,0.009896852
AT1G66730,-0.30692354
AT1G66740,0.08422488
AT1G66750,-0.08397133
AT1G66760,0.3957652
AT1G66770,0.005441508
AT1G66780,0.20556778
AT1G66800,-0.009064777
AT1G66810,-0.13619201
AT1G66820,-0.08595999
AT1G66830,0.26017907
AT1G66840,-0.3435706
AT1G66850,0.00395508
AT1G66852,0.0039033422
AT1G66855,0.0039966307
AT1G66860,0.050233155
AT1G66870,0.08292592
AT1G66880,0.47035632
AT1G66890,-0.11612775
AT1G66900,-0.062604986
AT1G66910,-0.1675676
AT1G66920,0.1328459
AT1G66930,-0.13459298
AT1G66940,-0.90739375
AT1G66950,0.009199828
AT1G66960,-0.037322897
AT1G66970,0.10926958
AT1G66980,-0.24641758
AT1G67000,0.61663264
AT1G67020,0.009268341
AT1G67025,-0.0048958324
AT1G67030,-0.09963853
AT1G67035,0.04519564
AT1G67040,-0.37869608
AT1G67050,-0.21211304
AT1G67060,0.4338014
AT1G67070,1.5603441
AT1G67080,-0.24592964
AT1G67090,-0.56801075
AT1G67100,0.06401603
AT1G67110,0.07266492
AT1G67120,0.07003781
AT1G67130,0.004610131
AT1G67140,-0.04325847
AT1G67148,0.045888405
AT1G67150,-0.007451262
AT1G67160,0.013838377
AT1G67170,0.13140613
AT1G67180,-0.09866645
AT1G67190,0.26022688
AT1G67210,0.1631882
AT1G67220,0.047073197
AT1G67230,-0.076746024
AT1G67235,0.00516512
AT1G67250,0.34721044
AT1G67260,0.15529905
AT1G67265,0.023144966
AT1G67270,0.04022395
AT1G67280,-0.094376124
AT1G67290,0.06544455
AT1G67300,0.25254312
AT1G67310,-0.08654359
AT1G67320,-0.066322155
AT1G67325,0.051844794
AT1G67330,0.12759866
AT1G67340,-0.1415667
AT1G67350,0.29888
AT1G67360,0.24921955
AT1G67370,0.07869875
AT1G67390,0.004351338
AT1G67400,-0.027603326
AT1G67410,0.016158754
AT1G67420,0.10107956
AT1G67430,0.14481233
AT1G67440,-0.1553596
AT1G67450,0.0037574738
AT1G67455,0.0039659524
AT1G67460,-0.044050235
AT1G67470,-0.08561204
AT1G67480,0.06434351
AT1G67490,-0.024383308
AT1G67500,-0.008047699
AT1G67510,-0.23767872
AT1G67520,0.628522
AT1G67530,-0.17000191
AT1G67540,0.03890937
AT1G67550,-0.040896818
AT1G67560,0.09021186
AT1G67570,0.16339262
AT1G67580,0.02263561
AT1G67590,-0.6156163
AT1G67600,0.20988403
AT1G67620,0.32586923
AT1G67623,0.015477307
AT1G67630,0.020192958
AT1G67635,0.22244757
AT1G67640,0.005553148
AT1G67650,0.45877275
AT1G67660,-0.020029098
AT1G67670,0.0066385777
AT1G67680,0.23532523
AT1G67690,-0.0681909
AT1G67700,-0.39037994
AT1G67710,-0.30239323
AT1G67720,-0.2618945
AT1G67730,-0.07186655
AT1G67740,-0.4082333
AT1G67750,-0.92904896
AT1G67760,0.02296576
AT1G67770,0.003904443
AT1G67775,0.0039052311
AT1G67780,0.027298206
AT1G67785,0.17629667
AT1G67790,-0.046691418
AT1G67800,0.45665452
AT1G67810,0.4213505
AT1G67820,-0.012516204
AT1G67830,-0.11891847
AT1G67840,-0.21059388
AT1G67850,0.7119012
AT1G67855,0.0033709381
AT1G67856,0.07362667
AT1G67860,0.0015402039
AT1G67865,0.22398823
AT1G67870,-0.28876016
AT1G67880,-0.014171031
AT1G67890,-0.09544917
AT1G67900,-0.40683994
AT1G67910,-0.32281283
AT1G67920,0.3539625
AT1G67930,0.032848682
AT1G67940,-0.13746597
AT1G67950,-0.13702588
AT1G67960,0.05906333
AT1G67970,0.3801131
AT1G67980,2.146835
AT1G67990,0.029710248
AT1G68000,0.12601261
AT1G68010,-0.5133677
AT1G68020,-0.08320988
AT1G68030,-0.062404294
AT1G68040,-0.0030294068
AT1G68050,0.39083973
AT1G68060,-0.31901264
AT1G68070,0.059778318
AT1G68080,-0.09520141
AT1G68090,0.012530267
AT1G68100,0.246715
AT1G68110,-0.1895699
AT1G68120,-0.0196772
AT1G68130,-0.1845978
AT1G68140,0.29194582
AT1G68150,-0.07189718
AT1G68160,0.24535693
AT1G68170,-0.0060051843
AT1G68180,-0.070579685
AT1G68185,-0.18921499
AT1G68190,-0.74877995
AT1G68200,0.57271445
AT1G68210,0.002570358
AT1G68220,-0.24090244
AT1G68230,0.039224833
AT1G68238,-0.18282144
AT1G68240,-0.041274983
AT1G68250,-0.0766684
AT1G68260,-0.24277969
AT1G68270,0.0041651973
AT1G68280,0.00396516
AT1G68290,0.06369824
AT1G68300,0.38346854
AT1G68310,0.32418332
AT1G68320,0.1164706
AT1G68325,0.004045973
AT1G68330,-0.19652073
AT1G68340,0.2686117
AT1G68350,0.086658336
AT1G68360,0.1635856
AT1G68370,0.2697385
AT1G68380,0.41206563
AT1G68390,0.43432662
AT1G68400,-0.63002515
AT1G68410,0.58815354
AT1G68420,0.0039012863
AT1G68430,-0.04842029
AT1G68440,0.44013402
AT1G68450,1.6371113
AT1G68460,0.03472992
AT1G68470,0.14951827
AT1G68480,0.0463708
AT1G68490,-0.050311834
AT1G68500,0.1629829
AT1G68510,0.006473866
AT1G68520,-0.39273348
AT1G68526,-0.021151759
AT1G68530,-0.3702891
AT1G68540,-0.2884632
AT1G68550,0.018568756
AT1G68560,-0.34533334
AT1G68570,-0.1247077
AT1G68580,-0.08986792
AT1G68585,-0.05579408
AT1G68590,-0.3549746
AT1G68600,-0.30132318
AT1G68610,0.08589845
AT1G68620,2.2589579
AT1G68630,0.39120844
AT1G68640,-0.013319259
AT1G68650,0.19029725
AT1G68660,-0.099870145
AT1G68670,0.010139068
AT1G68680,0.22676362
AT1G68690,0.98542863
AT1G68700,0.014662561
AT1G68710,0.38969064
AT1G68720,-0.07584929
AT1G68723,-0.0034198817
AT1G68725,-0.042779192
AT1G68730,0.01229161
AT1G68735,0.0038944315
AT1G68740,-0.50297487
AT1G68750,0.004436389
AT1G68760,-0.06956956
AT1G68765,0.551491
AT1G68780,-0.62159115
AT1G68790,-0.26436666
AT1G68795,0.491666
AT1G68800,-0.029032512
AT1G68810,-0.50087905
AT1G68820,0.5771736
AT1G68825,-0.010908532
AT1G68830,-0.2097963
AT1G68840,-0.41118824
AT1G68845,-0.0049474295
AT1G68850,0.4408039
AT1G68862,-0.15152524
AT1G68870,-0.36000744
AT1G68875,0.003887845
AT1G68877,0.0039404305
AT1G68880,0.0040138313
AT1G68890,-0.3930244
AT1G68905,0.0039154375
AT1G68907,0.0039658654
AT1G68910,-0.008330757
AT1G68920,-0.03465901
AT1G68930,-0.047618393
AT1G68935,-0.20709419
AT1G68937,-0.04455705
AT1G68940,-0.1305916
AT1G68945,0.011234195
AT1G68960,0.016495092
AT1G68980,0.07356981
AT1G68990,0.04123129
AT1G69010,-0.1609827
AT1G69020,-0.17345922
AT1G69030,-0.019151308
AT1G69040,-0.33276367
AT1G69050,0.24228589
AT1G69060,-0.0004722532
AT1G69070,-0.022724645
AT1G69080,-0.5475591
AT1G69085,0.022882089
AT1G69090,0.0038944315
AT1G69100,0.004205001
AT1G69120,0.02215781
AT1G69150,0.21709482
AT1G69160,-0.7953994
AT1G69170,-0.115246564
AT1G69180,0.0026104378
AT1G69190,0.0037706562
AT1G69200,0.06820678
AT1G69210,0.051024694
AT1G69220,0.028961001
AT1G69230,-0.23324
AT1G69240,0.0052438355
AT1G69250,0.28868133
AT1G69260,0.698909
AT1G69270,0.2857813
AT1G69290,-0.056625318
AT1G69295,0.19866629
AT1G69310,0.17901854
AT1G69320,4.2696793e-05
AT1G69325,-0.062651485
AT1G69330,-0.09114819
AT1G69340,0.050095905
AT1G69350,-0.09765721
AT1G69360,-0.0006785964
AT1G69370,-0.13463348
AT1G69380,-0.13441189
AT1G69390,-0.05216698
AT1G69400,-0.033378396
AT1G69410,0.55758935
AT1G69420,-0.44754252
AT1G69430,-0.0028504494
AT1G69440,-0.21108712
AT1G69450,0.09092176
AT1G69460,0.06280614
AT1G69470,0.0071667987
AT1G69480,0.75540805
AT1G69485,0.01059021
AT1G69490,0.008868585
AT1G69500,0.0027698753
AT1G69510,0.0010834733
AT1G69520,0.283512
AT1G69523,-0.41472757
AT1G69526,-0.10788208
AT1G69530,-0.9479589
AT1G69540,-0.080456935
AT1G69550,0.028837765
AT1G69560,0.004089612
AT1G69570,0.034559306
AT1G69580,-0.64503723
AT1G69588,-0.10432371
AT1G69600,0.2194043
AT1G69610,0.45621157
AT1G69620,0.083571225
AT1G69630,0.011981075
AT1G69640,0.24690188
AT1G69650,0.011894626
AT1G69660,0.009753653
AT1G69670,0.08473628
AT1G69680,0.27955082
AT1G69690,-0.39914015
AT1G69700,-0.53631467
AT1G69710,-0.0256755
AT1G69720,0.22595477
AT1G69730,0.088113725
AT1G69740,0.08743312
AT1G69760,0.32776818
AT1G69770,0.07912781
AT1G69780,-0.30102307
AT1G69790,0.85251665
AT1G69800,-0.26425543
AT1G69810,0.59552497
AT1G69818,0.0038944315
AT1G69820,0.002729369
AT1G69825,0.0038944315
AT1G69828,0.022220783
AT1G69830,-0.28041023
AT1G69840,0.31143785
AT1G69850,-0.10392237
AT1G69860,0.0031093813
AT1G69870,0.6382669
AT1G69880,1.6125838
AT1G69890,0.3007251
AT1G69900,0.51287365
AT1G69910,-0.20161937
AT1G69920,1.5353141
AT1G69930,2.2337325
AT1G69935,-0.17937098
AT1G69940,0.003906477
AT1G69960,0.18820281
AT1G69970,-0.10946879
AT1G69980,0.14156637
AT1G69990,0.015320945
AT1G70000,-0.04978834
AT1G70020,-0.08777207
AT1G70030,-0.011504285
AT1G70040,0.0041987635
AT1G70060,-0.017466754
AT1G70070,-0.11871252
AT1G70080,0.49279472
AT1G70090,-0.18257761
AT1G70100,-0.3759198
AT1G70110,-0.0011858108
AT1G70120,0.003953016
AT1G70130,-0.14538474
AT1G70140,0.35444972
AT1G70150,0.12757446
AT1G70160,0.38281742
AT1G70170,1.3749326
AT1G70175,0.027470576
AT1G70180,-0.04920135
AT1G70190,0.07622549
AT1G70200,-0.13359343
AT1G70209,0.0034489317
AT1G70210,-0.44981435
AT1G70220,0.00018036428
AT1G70230,-0.19343853
AT1G70250,-0.16434294
AT1G70260,-0.33576283
AT1G70270,-0.030430311
AT1G70280,-0.5012991
AT1G70290,-0.23214711
AT1G70300,0.4579872
AT1G70310,-0.10678524
AT1G70320,0.07789553
AT1G70330,0.12322765
AT1G70335,0.0016604346
AT1G70340,-0.07063305
AT1G70350,0.19492196
AT1G70360,0.06558914
AT1G70370,-0.7336857
AT1G70380,0.0038110216
AT1G70390,-0.015292995
AT1G70400,0.046995785
AT1G70410,-0.7373686
AT1G70420,-0.03254065
AT1G70430,-0.37684062
AT1G70440,0.4667374
AT1G70450,0.027087016
AT1G70460,0.16612782
AT1G70470,-0.41548213
AT1G70475,0.0003762236
AT1G70480,0.24994607
AT1G70490,0.1591544
AT1G70500,0.31472433
AT1G70505,-0.10103031
AT1G70510,-0.015321828
AT1G70520,0.025654474
AT1G70530,0.055844124
AT1G70540,0.0040127854
AT1G70550,-0.3164404
AT1G70560,-0.23329483
AT1G70570,0.011858112
AT1G70580,-0.19116205
AT1G70590,0.112546176
AT1G70600,0.10914535
AT1G70610,0.12562488
AT1G70620,-0.15945321
AT1G70630,0.41929877
AT1G70640,0.7690744
AT1G70650,0.110370934
AT1G70660,-0.04602101
AT1G70670,0.025015615
AT1G70680,0.095459975
AT1G70690,0.6146259
AT1G70700,0.04096646
AT1G70710,-0.2974379
AT1G70720,0.003526598
AT1G70730,-0.109902285
AT1G70740,0.23601286
AT1G70750,-0.029984502
AT1G70760,-0.8304825
AT1G70770,0.31019852
AT1G70780,0.6039789
AT1G70790,-0.2684668
AT1G70800,-0.10185772
AT1G70810,0.67751986
AT1G70820,-0.39604712
AT1G70830,-0.31871274
AT1G70840,0.006796073
AT1G70850,-0.019532705
AT1G70860,0.003811662
AT1G70870,0.0038951205
AT1G70880,-0.034915563
AT1G70890,-0.5930998
AT1G70895,-0.31230855
AT1G70900,-0.049832016
AT1G70910,0.009669737
AT1G70920,0.15803535
AT1G70940,-0.37407318
AT1G70944,0.0037091952
AT1G70949,0.0038944315
AT1G70950,-0.20646246
AT1G70960,0.0038996823
AT1G70970,0.0038944315
AT1G70980,0.23067403
AT1G70985,-0.21877031
AT1G70990,-0.052109536
AT1G71000,0.77936244
AT1G71010,0.07763585
AT1G71015,-0.107670225
AT1G71020,-0.3432496
AT1G71030,-0.20134853
AT1G71040,0.2550818
AT1G71050,-0.337744
AT1G71060,-0.09385564
AT1G71070,-0.03198943
AT1G71080,0.17380552
AT1G71090,0.10607409
AT1G71100,0.9326043
AT1G71110,0.17479043
AT1G71120,-0.0218501
AT1G71130,0.07929487
AT1G71140,0.47324002
AT1G71150,0.038928643
AT1G71160,0.011928021
AT1G71170,0.32263517
AT1G71180,-0.2205276
AT1G71190,0.16006958
AT1G71200,0.007844574
AT1G71210,0.24408783
AT1G71220,0.15629213
AT1G71230,0.08683935
AT1G71235,0.0037191485
AT1G71240,0.059229303
AT1G71250,0.047943726
AT1G71260,-0.09095689
AT1G71270,0.054416087
AT1G71280,-0.005246471
AT1G71290,0.007195559
AT1G71300,0.0048105232
AT1G71310,0.09530005
AT1G71320,-0.003990188
AT1G71330,-0.14238755
AT1G71340,-0.26819357
AT1G71350,0.017230757
AT1G71360,-0.15026067
AT1G71370,0.14724956
AT1G71380,-0.10482305
AT1G71390,0.55695873
AT1G71400,-0.21495222
AT1G71410,-0.0009988571
AT1G71420,0.014245042
AT1G71430,0.13593145
AT1G71440,0.035190232
AT1G71450,-0.0011010378
AT1G71460,-0.1690693
AT1G71470,0.0042475
AT1G71480,-0.115395166
AT1G71490,-0.0055750296
AT1G71500,-0.38732016
AT1G71520,0.9049031
AT1G71530,0.9093959
AT1G71680,0.0038944315
AT1G71690,0.03340672
AT1G71691,0.0007092934
AT1G71692,-0.0055640223
AT1G71695,-0.2193048
AT1G71696,-0.072057985
AT1G71697,0.46283266
AT1G71710,-0.25269154
AT1G71720,-0.4206139
AT1G71730,0.15233585
AT1G71740,-0.01451422
AT1G71750,0.048318554
AT1G71760,-0.018471377
AT1G71770,0.18429339
AT1G71780,0.32707274
AT1G71790,-0.2869547
AT1G71800,0.21836273
AT1G71810,-0.25468564
AT1G71820,0.03643686
AT1G71830,0.1639726
AT1G71840,0.21457148
AT1G71850,0.11969358
AT1G71860,0.09947994
AT1G71865,0.07000961
AT1G71866,-0.0043856795
AT1G71870,-0.25575703
AT1G71880,0.3836217
AT1G71890,0.5259966
AT1G71900,0.09721298
AT1G71910,0.29258218
AT1G71920,0.02620066
AT1G71930,0.035046343
AT1G71940,0.2887627
AT1G71950,0.2538261
AT1G71960,-0.041757215
AT1G71970,-0.33218428
AT1G71980,0.038469102
AT1G71990,-0.23344235
AT1G72000,0.11460344
AT1G72010,0.023064047
AT1G72020,0.3280962
AT1G72030,-0.36276487
AT1G72040,0.10957853
AT1G72050,-0.057758298
AT1G72060,-0.2651094
AT1G72070,0.20213747
AT1G72080,0.07869845
AT1G72090,-0.23285027
AT1G72100,0.053741008
AT1G72110,0.004122738
AT1G72120,1.0330528
AT1G72125,0.47482303
AT1G72130,-0.24829203
AT1G72140,0.06679806
AT1G72141,0.0038944315
AT1G72150,-0.19832312
AT1G72160,-0.13663264
AT1G72165,0.0038944315
AT1G72175,0.19344091
AT1G72180,-0.28146574
AT1G72190,-0.14724317
AT1G72200,0.050104927
AT1G72210,-0.103330284
AT1G72220,-0.042561274
AT1G72230,-0.54502046
AT1G72240,0.089037836
AT1G72250,-0.24840224
AT1G72260,0.0544455
AT1G72270,-0.011951007
AT1G72275,-0.19844927
AT1G72280,0.57238525
AT1G72290,0.0045476803
AT1G72300,-0.20997204
AT1G72310,-0.212692
AT1G72320,0.02182812
AT1G72330,0.5655363
AT1G72340,0.06200527
AT1G72350,0.008631107
AT1G72360,0.00240956
AT1G72370,0.09349426
AT1G72390,0.101389386
AT1G72410,-0.28835422
AT1G72416,-0.13807045
AT1G72420,-0.097371735
AT1G72430,-0.3069607
AT1G72440,-0.07346472
AT1G72450,-0.17888673
AT1G72460,0.0038376816
AT1G72470,0.11844831
AT1G72480,-0.15791757
AT1G72490,0.04044618
AT1G72500,-0.3143823
AT1G72510,-0.19357252
AT1G72520,0.98720664
AT1G72530,-0.054524515
AT1G72540,0.5968395
AT1G72545,0.0025273028
AT1G72550,-0.01430158
AT1G72560,-0.044513445
AT1G72570,0.00013284416
AT1G72580,0.0039304933
AT1G72590,0.0012122169
AT1G72600,-0.37336674
AT1G72610,-0.62920266
AT1G72620,0.0027184896
AT1G72630,-0.17760283
AT1G72640,-0.4590331
AT1G72645,-0.6616703
AT1G72650,-0.15373768
AT1G72660,0.08054132
AT1G72670,0.29403102
AT1G72680,0.99091357
AT1G72690,0.31029677
AT1G72700,0.555769
AT1G72710,0.11182648
AT1G72720,-0.025532527
AT1G72730,0.31832007
AT1G72740,-0.015282441
AT1G72750,0.20680875
AT1G72755,0.0039293803
AT1G72760,0.13172422
AT1G72770,0.2575558
AT1G72790,0.09577495
AT1G72800,0.77462244
AT1G72810,-0.26991177
AT1G72820,-0.2896243
AT1G72830,-0.035575535
AT1G72840,-0.06341582
AT1G72850,0.036563445
AT1G72860,-0.13979204
AT1G72870,-0.089333914
AT1G72880,-0.058872093
AT1G72890,0.43413445
AT1G72900,1.0080999
AT1G72910,0.44448814
AT1G72920,0.56943524
AT1G72930,0.45189396
AT1G72940,0.4525663
AT1G72950,0.23078562
AT1G72960,0.066151746
AT1G72970,-0.3516204
AT1G72980,0.028961832
AT1G72990,-0.05395453
AT1G73000,0.050584648
AT1G73010,1.0334162
AT1G73020,-0.36556444
AT1G73030,0.07178775
AT1G73040,-0.106561095
AT1G73050,-0.0081394855
AT1G73060,-0.22299315
AT1G73065,0.0061344635
AT1G73066,-0.019281242
AT1G73080,0.3574926
AT1G73090,-0.28309885
AT1G73100,-0.13322888
AT1G73110,-0.51607114
AT1G73120,-0.02951929
AT1G73130,0.12919916
AT1G73140,0.110732324
AT1G73150,0.14223137
AT1G73160,0.0033082014
AT1G73165,0.026503205
AT1G73170,-0.18802409
AT1G73177,-0.0025688913
AT1G73180,0.1023862
AT1G73190,0.0014871889
AT1G73200,0.050911468
AT1G73210,-0.011651676
AT1G73220,0.07879561
AT1G73230,-0.011794186
AT1G73240,0.104325764
AT1G73250,0.17417757
AT1G73260,3.2855823
AT1G73270,0.029665226
AT1G73280,0.010759163
AT1G73290,0.009852589
AT1G73300,0.012494561
AT1G73310,-0.2937023
AT1G73325,0.08044482
AT1G73330,-0.28836837
AT1G73340,0.05434754
AT1G73350,-0.0031963792
AT1G73360,-0.17552084
AT1G73370,-0.26782066
AT1G73380,-0.04398809
AT1G73390,0.08547282
AT1G73400,-0.13100316
AT1G73410,0.20540106
AT1G73430,0.056471925
AT1G73440,-0.06486699
AT1G73450,-0.10627823
AT1G73460,-0.03915398
AT1G73470,-0.14095856
AT1G73480,0.038670357
AT1G73490,0.028314859
AT1G73500,0.38648686
AT1G73510,0.075042136
AT1G73530,-0.15810995
AT1G73540,0.0058677197
AT1G73550,-0.023790529
AT1G73560,0.004101828
AT1G73570,-0.37201133
AT1G73580,0.0007557527
AT1G73590,-0.266435
AT1G73600,-0.13195013
AT1G73603,0.04923005
AT1G73607,0.012884351
AT1G73610,0.57880443
AT1G73620,0.0070478837
AT1G73630,0.051475648
AT1G73640,-0.10519445
AT1G73655,-0.24881537
AT1G73660,-0.25372502
AT1G73670,0.027689055
AT1G73680,-0.19138736
AT1G73690,-0.037074823
AT1G73700,-0.3205795
AT1G73710,-0.070692256
AT1G73720,0.029118488
AT1G73730,0.13704284
AT1G73740,0.23003078
AT1G73750,0.120003335
AT1G73760,0.10004427
AT1G73770,0.09761114
AT1G73780,0.019553086
AT1G73790,0.115598775
AT1G73805,1.0751121
AT1G73810,1.4429992
AT1G73820,0.107003756
AT1G73830,-0.53996
AT1G73840,0.0044848877
AT1G73850,-0.2309028
AT1G73860,0.053178903
AT1G73870,-0.72562057
AT1G73875,-0.0012363099
AT1G73880,0.6565914
AT1G73885,-0.23042423
AT1G73890,-0.016445095
AT1G73910,-0.075076975
AT1G73920,0.061509997
AT1G73930,-0.13472722
AT1G73940,-0.0450163
AT1G73950,-0.054252136
AT1G73960,-0.10415986
AT1G73965,0.24203943
AT1G73970,-0.078128956
AT1G73980,0.062089056
AT1G73990,-0.07458986
AT1G74000,1.2174622
AT1G74010,1.9168917
AT1G74020,1.4807291
AT1G74030,0.5053142
AT1G74035,0.0060957037
AT1G74040,-0.24725358
AT1G74045,0.004079385
AT1G74050,0.027802596
AT1G74055,-0.015108354
AT1G74060,0.059155796
AT1G74070,-0.6560317
AT1G74080,1.3069111
AT1G74088,-0.18010658
AT1G74090,-0.19582905
AT1G74100,0.48169723
AT1G74110,0.0051539866
AT1G74120,-0.15114446
AT1G74130,-0.00020165183
AT1G74140,0.12353924
AT1G74150,-0.0485101
AT1G74160,-0.23980035
AT1G74170,-0.19707258
AT1G74180,-0.24995942
AT1G74190,0.12021617
AT1G74200,0.23375374
AT1G74210,0.31197968
AT1G74220,0.0043747695
AT1G74230,0.23627287
AT1G74240,0.11831063
AT1G74250,0.09289747
AT1G74260,0.024670303
AT1G74270,0.11490371
AT1G74280,0.351854
AT1G74290,0.0038153157
AT1G74300,0.01880034
AT1G74310,0.58160764
AT1G74320,0.0040719933
AT1G74330,0.1695248
AT1G74340,0.40528336
AT1G74350,0.053584248
AT1G74360,1.3997561
AT1G74370,-0.31262445
AT1G74380,-0.1502189
AT1G74385,-0.033210173
AT1G74390,-0.158654
AT1G74400,0.19250941
AT1G74410,0.14227676
AT1G74420,-0.22745048
AT1G74430,-0.44143012
AT1G74440,0.30516562
AT1G74450,-0.12420377
AT1G74458,-0.005809344
AT1G74460,0.1123186
AT1G74470,-0.4848162
AT1G74480,0.00633427
AT1G74490,0.09732606
AT1G74500,-0.001757667
AT1G74510,-0.031326108
AT1G74520,-0.18885897
AT1G74530,-0.12955838
AT1G74540,0.011539797
AT1G74550,0.10312577
AT1G74560,-0.06536124
AT1G74580,-0.26169983
AT1G74590,1.556616
AT1G74600,0.059026286
AT1G74620,0.0039027464
AT1G74630,-0.15395476
AT1G74640,0.421846
AT1G74650,-0.2809531
AT1G74660,-0.06368643
AT1G74670,-1.3045741
AT1G74675,-0.0031571276
AT1G74680,-0.046177495
AT1G74690,-0.3781786
AT1G74700,-0.039897677
AT1G74710,0.5855909
AT1G74720,-0.16333924
AT1G74740,-0.014463435
AT1G74750,0.5131141
AT1G74770,0.031133803
AT1G74780,-0.07890618
AT1G74790,0.44386426
AT1G74800,-0.2554828
AT1G74810,-0.23772432
AT1G74820,0.003943144
AT1G74830,-0.0059456234
AT1G74840,-0.22119063
AT1G74850,-0.19531305
AT1G74860,0.0016437421
AT1G74870,0.08154973
AT1G74875,-0.019079348
AT1G74880,-0.6303163
AT1G74890,-0.16928148
AT1G74900,0.08018525
AT1G74910,-0.17792058
AT1G74920,-0.018597946
AT1G74929,0.022505263
AT1G74930,-0.33321118
AT1G74940,-0.39162907
AT1G74950,-0.01735879
AT1G74960,-0.12627478
AT1G74970,-0.35427657
AT1G74990,0.020980993
AT1G75000,1.0406626
AT1G75010,-0.1215992
AT1G75020,0.33023766
AT1G75030,0.085132
AT1G75040,0.6233262
AT1G75050,0.00823059
AT1G75060,-0.14059712
AT1G75080,-0.05721308
AT1G75090,-0.12079966
AT1G75100,-0.3397061
AT1G75110,-0.09678632
AT1G75120,-0.2186137
AT1G75125,-0.21743162
AT1G75130,0.07311613
AT1G75140,-0.044205923
AT1G75150,-0.19922346
AT1G75160,0.004388781
AT1G75170,0.8148241
AT1G75180,-0.2343419
AT1G75190,-0.2774555
AT1G75200,0.30579466
AT1G75210,-0.06788773
AT1G75220,0.5179181
AT1G75230,0.032719333
AT1G75240,-0.4831097
AT1G75250,-0.38289794
AT1G75260,-0.12809701
AT1G75270,0.51416844
AT1G75280,-0.20055534
AT1G75290,0.11430601
AT1G75300,-0.087750174
AT1G75310,-0.3658649
AT1G75330,0.14329323
AT1G75335,0.20017602
AT1G75340,-0.03361233
AT1G75350,-0.30370677
AT1G75360,-0.04438867
AT1G75370,0.09718429
AT1G75380,-0.14622341
AT1G75390,0.0834916
AT1G75400,0.28373033
AT1G75410,0.048072446
AT1G75420,-0.17211933
AT1G75430,0.0023217904
AT1G75440,-0.13050264
AT1G75450,-0.042944867
AT1G75460,-0.19037712
AT1G75470,0.008301265
AT1G75490,-0.2607952
AT1G75500,-0.45321515
AT1G75510,0.2115587
AT1G75520,0.01661296
AT1G75530,0.008263948
AT1G75540,0.02106589
AT1G75560,0.25007376
AT1G75580,0.3407941
AT1G75590,-0.20010175
AT1G75600,0.15214689
AT1G75620,-0.17369042
AT1G75630,0.115864374
AT1G75660,0.07382177
AT1G75670,0.3603587
AT1G75680,-0.4843739
AT1G75690,-0.43283844
AT1G75700,0.11949632
AT1G75710,-0.30980685
AT1G75717,0.003894491
AT1G75720,-0.13441597
AT1G75730,-0.011984587
AT1G75750,0.3124547
AT1G75760,-0.00427274
AT1G75780,-0.3784585
AT1G75785,0.014859055
AT1G75790,0.0037012957
AT1G75800,-0.36898318
AT1G75810,0.15623234
AT1G75820,-0.5142237
AT1G75830,0.24700595
AT1G75840,-0.108462006
AT1G75850,0.15436192
AT1G75860,0.097865164
AT1G75870,0.003903905
AT1G75880,-0.23016119
AT1G75890,-0.036364388
AT1G75900,-0.036512386
AT1G75910,0.0046839314
AT1G75920,0.063797586
AT1G75930,0.0034487045
AT1G75940,0.003937082
AT1G75945,0.014837845
AT1G75950,0.31349444
AT1G75960,-0.101115406
AT1G75980,-0.035725947
AT1G75990,0.19859053
AT1G76010,0.0009640213
AT1G76020,-0.036456406
AT1G76030,0.029050114
AT1G76040,0.35533026
AT1G76050,-0.03706849
AT1G76060,0.29829803
AT1G76065,0.13099988
AT1G76070,0.9567427
AT1G76080,-0.06121446
AT1G76090,0.102180056
AT1G76100,-0.32021025
AT1G76110,-0.39582172
AT1G76120,-0.1549362
AT1G76130,0.25311628
AT1G76140,0.20458513
AT1G76150,0.52774125
AT1G76160,-0.0973592
AT1G76170,-0.017528327
AT1G76180,-0.035284195
AT1G76185,0.075983286
AT1G76190,-0.0054701027
AT1G76200,0.23086298
AT1G76210,0.021859081
AT1G76220,-0.011261873
AT1G76230,0.013852209
AT1G76240,-0.33689654
AT1G76250,0.061487544
AT1G76260,0.0033013083
AT1G76270,-0.0732628
AT1G76280,-0.19494034
AT1G76290,0.0073505775
AT1G76300,0.04236192
AT1G76310,-0.27867627
AT1G76320,-0.061957434
AT1G76340,-0.055572044
AT1G76350,-0.22599728
AT1G76360,0.038449034
AT1G76370,0.006242659
AT1G76380,-0.031959366
AT1G76390,0.6536017
AT1G76400,-0.006717643
AT1G76405,-0.1408015
AT1G76410,0.14413314
AT1G76420,0.006797791
AT1G76430,0.047088888
AT1G76440,-0.10909643
AT1G76450,-0.39890432
AT1G76460,-0.0403987
AT1G76465,0.0041545075
AT1G76470,1.479894
AT1G76480,0.16166171
AT1G76490,0.06731364
AT1G76500,-0.004467571
AT1G76510,0.10755673
AT1G76520,0.4087216
AT1G76530,-0.19410144
AT1G76540,-0.15575325
AT1G76550,0.1325338
AT1G76560,0.333052
AT1G76570,-0.25242373
AT1G76580,0.20025699
AT1G76590,0.1838554
AT1G76600,1.1227661
AT1G76610,-0.18527901
AT1G76620,0.12596686
AT1G76630,-0.052270237
AT1G76640,0.35882878
AT1G76650,1.6863157
AT1G76660,-0.04418688
AT1G76670,-0.13569641
AT1G76680,0.3584458
AT1G76690,0.2886373
AT1G76700,0.1394751
AT1G76705,0.015062724
AT1G76710,-0.13398121
AT1G76720,-0.5481632
AT1G76728,0.0038944315
AT1G76730,-0.20082194
AT1G76740,-0.27599773
AT1G76750,0.0039793537
AT1G76760,0.34245297
AT1G76770,0.025053361
AT1G76780,-0.33283648
AT1G76790,0.29823545
AT1G76800,-0.33470955
AT1G76810,-0.064318754
AT1G76820,-0.21375747
AT1G76830,0.0043199924
AT1G76840,0.004919034
AT1G76850,-0.053991955
AT1G76860,0.08985705
AT1G76870,-0.028941117
AT1G76880,-0.23392887
AT1G76890,-0.28550157
AT1G76900,0.1004664
AT1G76910,0.0039020523
AT1G76920,0.1726808
AT1G76930,1.203714
AT1G76940,0.096593894
AT1G76950,0.01703717
AT1G76952,-0.05493079
AT1G76954,0.005132601
AT1G76955,-0.20870249
AT1G76960,0.63738436
AT1G76965,0.07728005
AT1G76970,0.52185655
AT1G76980,0.72888327
AT1G76990,-0.36383033
AT1G76994,-0.0025711674
AT1G77000,0.65290487
AT1G77010,-0.031788055
AT1G77020,-0.13806564
AT1G77030,0.058674548
AT1G77060,-0.29940283
AT1G77080,-0.07861515
AT1G77090,-0.30565122
AT1G77093,0.005052759
AT1G77100,0.011359115
AT1G77110,-0.27193812
AT1G77120,0.76132065
AT1G77122,-0.10114806
AT1G77130,0.18944983
AT1G77140,0.13148738
AT1G77145,0.5631381
AT1G77150,0.012959473
AT1G77160,0.061427463
AT1G77170,0.027211405
AT1G77180,0.11488521
AT1G77200,0.0811182
AT1G77210,-0.21779446
AT1G77220,0.14854324
AT1G77230,0.0039825193
AT1G77240,0.37837029
AT1G77260,0.04427776
AT1G77270,-0.41885495
AT1G77280,0.13631184
AT1G77290,-0.13531508
AT1G77300,0.06174935
AT1G77310,0.11054176
AT1G77320,-0.06886581
AT1G77330,-0.38921997
AT1G77340,0.016341133
AT1G77350,0.06378613
AT1G77360,0.031803112
AT1G77370,0.4882339
AT1G77380,1.4348363
AT1G77390,0.013795781
AT1G77400,-0.094081104
AT1G77405,0.18973064
AT1G77410,-0.01630473
AT1G77420,0.33427975
AT1G77440,0.2233817
AT1G77450,0.44048584
AT1G77460,-0.16888537
AT1G77470,-0.00986853
AT1G77480,-0.13460292
AT1G77490,-0.5885934
AT1G77500,0.7726965
AT1G77510,0.67184144
AT1G77520,0.04618671
AT1G77525,0.004297598
AT1G77530,0.011841118
AT1G77540,0.27964583
AT1G77550,-0.046526227
AT1G77570,0.17353678
AT1G77580,-0.8739111
AT1G77590,-0.04033355
AT1G77600,-0.18341225
AT1G77610,0.11534148
AT1G77620,-0.17514981
AT1G77630,-0.29752597
AT1G77640,0.10332135
AT1G77650,0.0038944315
AT1G77655,0.0058938526
AT1G77660,0.15455075
AT1G77670,0.08564506
AT1G77680,0.28571534
AT1G77682,0.0038944315
AT1G77690,-0.40167293
AT1G77700,-0.06381464
AT1G77710,0.27337375
AT1G77720,-0.14025855
AT1G77730,0.12784012
AT1G77740,-0.032101154
AT1G77750,0.013745273
AT1G77760,0.75910157
AT1G77765,-0.041007113
AT1G77770,0.58291215
AT1G77780,0.0038944315
AT1G77790,0.006466724
AT1G77800,-0.051671088
AT1G77810,0.6270688
AT1G77815,0.004341777
AT1G77830,0.0074826307
AT1G77840,0.5139101
AT1G77850,0.021907004
AT1G77855,-0.30085352
AT1G77860,0.0290217
AT1G77870,-0.10279277
AT1G77880,0.08434864
AT1G77885,0.1620565
AT1G77890,0.57997054
AT1G77910,0.0038944315
AT1G77920,0.39284125
AT1G77930,-0.02467197
AT1G77932,-0.0048286817
AT1G77940,0.095875405
AT1G77950,0.01617605
AT1G77960,-0.299211
AT1G77980,0.0027561523
AT1G77990,-0.2846616
AT1G78000,0.22789907
AT1G78010,-0.12793104
AT1G78020,-0.57247645
AT1G78030,-0.024859287
AT1G78040,-0.24112785
AT1G78050,0.52994984
AT1G78060,-0.49501052
AT1G78070,-0.14696413
AT1G78080,0.16881649
AT1G78090,-0.0581233
AT1G78100,-0.23845638
AT1G78110,-0.34523153
AT1G78120,0.011334849
AT1G78130,-0.15723325
AT1G78140,-0.010074564
AT1G78150,-0.07290697
AT1G78160,0.0039442843
AT1G78170,-0.56474024
AT1G78172,0.036767583
AT1G78180,-0.2423807
AT1G78190,0.30514657
AT1G78200,0.031602956
AT1G78210,0.24256743
AT1G78220,0.008313344
AT1G78230,-0.091765665
AT1G78240,-0.24409187
AT1G78260,-0.17238168
AT1G78270,-0.39915642
AT1G78280,0.13250826
AT1G78290,-0.4478271
AT1G78300,0.0569789
AT1G78310,0.21450591
AT1G78320,-0.17107593
AT1G78340,0.08017226
AT1G78360,0.0057496447
AT1G78370,-0.6885635
AT1G78380,0.746221
AT1G78390,0.0063231937
AT1G78400,0.00762632
AT1G78410,0.87613314
AT1G78420,0.3204452
AT1G78430,-0.23210782
AT1G78440,-0.027375063
AT1G78450,-0.5352988
AT1G78460,-0.6799798
AT1G78470,0.003530476
AT1G78476,-0.061062034
AT1G78480,-0.028648049
AT1G78490,-0.20030849
AT1G78500,0.004573434
AT1G78510,-0.09024062
AT1G78520,-0.007587642
AT1G78530,-0.2344429
AT1G78540,-0.12185619
AT1G78550,0.13050221
AT1G78560,-0.018265335
AT1G78570,0.6080162
AT1G78580,-0.49446237
AT1G78590,0.10983348
AT1G78600,0.25685006
AT1G78610,0.4072064
AT1G78620,0.3029006
AT1G78630,-0.39533937
AT1G78635,0.0063908254
AT1G78640,0.0053450502
AT1G78650,-0.061267253
AT1G78660,0.27203566
AT1G78670,0.07816473
AT1G78680,0.06543707
AT1G78690,-0.054612894
AT1G78700,-0.14896093
AT1G78710,0.21994968
AT1G78720,0.19594741
AT1G78730,-0.0485996
AT1G78740,0.003957747
AT1G78750,-0.25508964
AT1G78760,-0.017858863
AT1G78770,0.0034263798
AT1G78780,0.75793713
AT1G78790,0.0039174375
AT1G78800,0.15223937
AT1G78810,0.001532677
AT1G78815,-0.014397624
AT1G78820,-0.5411388
AT1G78830,0.2652987
AT1G78840,0.02698449
AT1G78850,0.42766845
AT1G78860,-0.05144036
AT1G78870,0.1547433
AT1G78880,-0.12216973
AT1G78890,0.2283748
AT1G78895,0.15835148
AT1G78900,0.23912537
AT1G78910,-0.0068760845
AT1G78915,-0.3655629
AT1G78920,0.12422431
AT1G78922,0.0333712
AT1G78930,0.17250435
AT1G78940,0.16425674
AT1G78950,-0.17023437
AT1G78955,-0.080550954
AT1G78960,0.025372958
AT1G78970,-0.40074816
AT1G78980,0.0059844484
AT1G78990,-0.087912805
AT1G78995,-0.47496033
AT1G79000,-0.007961296
AT1G79010,0.22626662
AT1G79020,0.09638441
AT1G79030,-0.22384797
AT1G79040,-0.41665423
AT1G79050,0.14795673
AT1G79060,-0.29041073
AT1G79070,-0.14160883
AT1G79080,0.029161133
AT1G79090,0.043781
AT1G79100,-0.004891954
AT1G79103,-0.0035160792
AT1G79110,-0.38848412
AT1G79120,-0.030597039
AT1G79130,0.0148272915
AT1G79150,0.040789936
AT1G79160,0.28716835
AT1G79170,-0.0059639085
AT1G79180,0.35088357
AT1G79190,0.088475764
AT1G79200,-0.023352964
AT1G79210,0.39534763
AT1G79220,-0.17303263
AT1G79230,0.17289907
AT1G79250,0.008489492
AT1G79260,0.028560122
AT1G79270,0.010319452
AT1G79280,-0.08609875
AT1G79310,0.03539353
AT1G79320,0.011775845
AT1G79330,0.01887726
AT1G79340,0.11138099
AT1G79350,-0.023440296
AT1G79360,0.2954745
AT1G79370,-0.0007748508
AT1G79380,-0.027223736
AT1G79390,0.030155035
AT1G79400,0.115163624
AT1G79410,0.33141556
AT1G79420,-0.04656552
AT1G79430,0.12007693
AT1G79440,0.23514384
AT1G79450,1.7866071
AT1G79460,-0.20221514
AT1G79470,0.22287035
AT1G79480,-0.17195463
AT1G79485,0.003613106
AT1G79490,0.016934864
AT1G79500,-0.32731777
AT1G79510,-0.07086723
AT1G79520,0.40384105
AT1G79530,0.374248
AT1G79540,0.025241747
AT1G79550,0.42962727
AT1G79560,-0.23714285
AT1G79570,0.104654156
AT1G79580,0.024059681
AT1G79590,0.13557316
AT1G79600,0.13975729
AT1G79610,0.407714
AT1G79620,-0.09064243
AT1G79630,-0.11149151
AT1G79640,-0.17783995
AT1G79650,0.009590112
AT1G79660,-0.0077561536
AT1G79670,-0.031897794
AT1G79680,1.6224545
AT1G79690,0.31517676
AT1G79700,-0.37595093
AT1G79710,0.11190801
AT1G79720,-0.34868672
AT1G79730,0.12734748
AT1G79740,-0.089920074
AT1G79750,0.07640735
AT1G79760,-0.3806441
AT1G79770,-0.29720902
AT1G79780,-0.0007372952
AT1G79790,-0.12626638
AT1G79800,0.0022754834
AT1G79810,0.07769948
AT1G79820,-0.20139147
AT1G79830,-0.07490798
AT1G79840,-0.22855537
AT1G79850,-0.3012416
AT1G79860,0.00375554
AT1G79870,-0.007123269
AT1G79880,-0.15786515
AT1G79890,-0.10771892
AT1G79900,1.1353772
AT1G79910,-0.04436752
AT1G79915,0.01799027
AT1G79920,0.092110276
AT1G79930,0.25700343
AT1G79940,0.17031026
AT1G79950,0.07223369
AT1G79960,0.0016723847
AT1G79970,0.16657792
AT1G79985,0.17714362
AT1G79990,-0.1566894
AT1G80000,0.111958444
AT1G80010,0.06487549
AT1G80030,-0.27156442
AT1G80040,0.16541472
AT1G80050,-0.16011624
AT1G80060,-0.096490264
AT1G80070,0.0028665464
AT1G80080,0.08906061
AT1G80090,0.0013635486
AT1G80100,-0.0025213019
AT1G80110,0.36468124
AT1G80120,0.29236314
AT1G80130,-0.5667673
AT1G80133,0.007501368
AT1G80140,0.0038944315
AT1G80150,0.08630282
AT1G80160,1.7619343
AT1G80165,0.15529148
AT1G80170,-0.29333612
AT1G80180,-0.1288665
AT1G80190,0.00080123794
AT1G80200,-0.05173634
AT1G80210,-0.010324133
AT1G80220,0.0038944315
AT1G80230,0.32382366
AT1G80240,0.071457386
AT1G80245,0.121676676
AT1G80260,-0.34282517
AT1G80270,-0.027093487
AT1G80280,-0.35811904
AT1G80290,0.23450202
AT1G80300,0.6448425
AT1G80310,0.1547878
AT1G80315,-0.16071974
AT1G80320,0.33543515
AT1G80330,0.005273081
AT1G80340,-0.0099530835
AT1G80350,-0.09961793
AT1G80360,0.3008153
AT1G80370,-0.06552899
AT1G80380,-0.12605199
AT1G80390,0.003099561
AT1G80400,-0.031281248
AT1G80410,0.03421286
AT1G80420,0.018304208
AT1G80440,-0.15106447
AT1G80450,0.560614
AT1G80460,0.19759323
AT1G80470,0.06550405
AT1G80480,-0.079020016
AT1G80490,0.024926504
AT1G80500,0.12889744
AT1G80510,0.4164488
AT1G80520,-0.13249694
AT1G80525,0.005093645
AT1G80530,-0.1872717
AT1G80540,0.013897151
AT1G80550,-0.016695822
AT1G80555,0.030107262
AT1G80560,-0.069406435
AT1G80570,-0.041935176
AT1G80580,0.09408287
AT1G80590,0.60053164
AT1G80600,0.06309266
AT1G80610,0.11782674
AT1G80620,0.07030937
AT1G80625,0.008261513
AT1G80630,-0.08798682
AT1G80640,-0.59203297
AT1G80650,-0.098319374
AT1G80660,-0.10184433
AT1G80670,0.1624922
AT1G80680,-0.02672626
AT1G80690,-0.43047276
AT1G80700,-0.1181547
AT1G80710,0.22785057
AT1G80720,0.070652045
AT1G80730,0.023925565
AT1G80740,-0.0004056689
AT1G80745,-0.073112816
AT1G80750,0.07832143
AT1G80760,-0.4632372
AT1G80770,-0.07151291
AT1G80780,-0.13674088
AT1G80790,-0.30906197
AT1G80810,-0.0952183
AT1G80820,1.5161281
AT1G80830,0.41502857
AT1G80840,0.8652342
AT1G80850,-0.24751723
AT1G80860,-0.00029131584
AT1G80865,0.0028329836
AT1G80870,-0.36134973
AT1G80880,-0.003584429
AT1G80890,0.112452805
AT1G80900,-0.12387675
AT1G80910,-0.012777388
AT1G80920,-0.24546796
AT1G80930,-0.07120662
AT1G80940,-0.039670173
AT1G80950,0.2729369
AT1G80960,-0.036759026
AT1G80970,-0.1499029
AT1G80980,-0.30614832
AT1G80990,0.0037005648
AT2G01008,0.4507568
AT2G01021,0.025033867
AT2G01023,0.011639033
AT2G01035,0.0038944315
AT2G01050,0.0038944315
AT2G01060,0.19869041
AT2G01070,-0.3099167
AT2G01080,-0.08632139
AT2G01090,-0.11944892
AT2G01100,0.15335731
AT2G01110,-0.062061045
AT2G01120,-0.022399092
AT2G01130,-0.094929226
AT2G01140,0.2971501
AT2G01150,-0.324298
AT2G01170,0.097099245
AT2G01175,-0.060568523
AT2G01180,0.5976351
AT2G01190,0.18529212
AT2G01200,-0.02411674
AT2G01210,-0.2588984
AT2G01220,-0.0047852043
AT2G01240,0.0039032532
AT2G01250,0.070964925
AT2G01260,-0.05139787
AT2G01270,0.010993853
AT2G01275,0.015632972
AT2G01280,0.023248002
AT2G01290,0.012035631
AT2G01300,0.32510364
AT2G01310,-0.09534762
AT2G01320,-0.07562295
AT2G01330,0.08917961
AT2G01340,0.67403126
AT2G01350,0.24394752
AT2G01360,-0.008489634
AT2G01370,0.007423343
AT2G01379,0.5235351
AT2G01390,-0.12087342
AT2G01400,-0.046657294
AT2G01410,0.2100925
AT2G01420,-0.47708678
AT2G01430,0.039520834
AT2G01440,-0.02783181
AT2G01450,0.09891387
AT2G01460,0.19153905
AT2G01470,0.25167644
AT2G01480,0.10003104
AT2G01490,0.39045238
AT2G01500,0.0042490694
AT2G01505,-0.5011609
AT2G01510,-0.07727874
AT2G01520,-0.021109542
AT2G01530,0.08086648
AT2G01540,0.5896257
AT2G01554,0.0040027974
AT2G01560,0.014193271
AT2G01570,-0.37648937
AT2G01580,-0.008319623
AT2G01590,-0.5016605
AT2G01600,0.21154387
AT2G01610,0.22192757
AT2G01620,-0.23300391
AT2G01630,-0.26717547
AT2G01640,0.04328926
AT2G01650,0.33003572
AT2G01660,-0.24895142
AT2G01667,0.008736071
AT2G01670,0.039947595
AT2G01680,0.0053668544
AT2G01690,0.0005586529
AT2G01710,-0.005771397
AT2G01720,0.17136312
AT2G01730,-0.0011588024
AT2G01735,0.05224667
AT2G01740,-0.14389588
AT2G01750,0.008025872
AT2G01755,-0.3405881
AT2G01760,-0.396862
AT2G01770,0.0035110537
AT2G01780,0.012536014
AT2G01790,0.00014101528
AT2G01800,0.0041248817
AT2G01810,0.039884314
AT2G01818,-0.03747343
AT2G01820,-0.022534126
AT2G01830,-0.12267864
AT2G01850,-0.056380425
AT2G01860,-0.09064352
AT2G01870,-0.21927874
AT2G01880,0.0124837505
AT2G01890,1.3169044
AT2G01900,0.0012693765
AT2G01905,-0.08673028
AT2G01910,-0.37465584
AT2G01913,-0.19028401
AT2G01918,-0.38598642
AT2G01920,0.26517558
AT2G01930,-0.108494945
AT2G01940,-0.18821596
AT2G01950,-0.32419947
AT2G01960,0.008921961
AT2G01970,0.18209349
AT2G01980,0.049744766
AT2G01990,-0.38044906
AT2G02000,0.0028749213
AT2G02010,0.9195449
AT2G02020,-0.7186358
AT2G02023,0.004545934
AT2G02026,0.0038944315
AT2G02030,0.05562477
AT2G02040,0.3790598
AT2G02050,0.29543486
AT2G02060,0.42479384
AT2G02061,0.31216893
AT2G02070,-0.1642736
AT2G02080,-0.115358375
AT2G02090,0.09236994
AT2G02100,0.14983384
AT2G02103,0.003999528
AT2G02120,0.0072549027
AT2G02130,-0.19082461
AT2G02135,0.0038944315
AT2G02140,0.0039009294
AT2G02147,0.0039406866
AT2G02148,0.025715724
AT2G02150,-0.014058493
AT2G02160,-0.012907639
AT2G02170,-0.40398428
AT2G02180,0.08363273
AT2G02220,0.17176867
AT2G02230,-0.16532858
AT2G02240,0.11859313
AT2G02250,0.005649194
AT2G02270,0.0038944315
AT2G02280,0.0038944315
AT2G02290,0.0038944315
AT2G02300,0.039048944
AT2G02310,0.4218985
AT2G02320,0.14419018
AT2G02340,0.26454225
AT2G02350,0.30240974
AT2G02360,0.20127386
AT2G02370,0.24485856
AT2G02380,0.0033626196
AT2G02390,0.79245144
AT2G02400,0.02763389
AT2G02410,-0.1457762
AT2G02440,0.004680488
AT2G02450,-0.2844011
AT2G02455,0.039792363
AT2G02470,-0.05191788
AT2G02480,-0.11577892
AT2G02490,0.012024869
AT2G02493,0.0042760517
AT2G02497,0.009363379
AT2G02498,0.0039930264
AT2G02500,-0.3873074
AT2G02510,0.36451757
AT2G02515,0.006541004
AT2G02520,-0.017906325
AT2G02525,0.0036164548
AT2G02540,0.0068207234
AT2G02550,0.0036030456
AT2G02560,0.046109695
AT2G02570,-0.105867654
AT2G02580,0.102464356
AT2G02590,-0.04560134
AT2G02610,-0.0023435913
AT2G02620,-0.0003068233
AT2G02630,-0.017650552
AT2G02635,0.003823802
AT2G02640,0.0035707208
AT2G02650,0.003935387
AT2G02660,0.0038938958
AT2G02680,-0.009518665
AT2G02690,0.0038255074
AT2G02695,0.0039434046
AT2G02700,0.01641588
AT2G02710,0.30751187
AT2G02720,-0.0046949233
AT2G02730,0.27063903
AT2G02740,0.10161128
AT2G02750,-0.054693688
AT2G02760,0.17553985
AT2G02765,-0.30104235
AT2G02770,0.003894722
AT2G02780,-0.52202016
AT2G02790,-0.29668877
AT2G02795,0.004054061
AT2G02800,-0.057145823
AT2G02810,0.7904485
AT2G02820,-0.17098051
AT2G02835,0.004203807
AT2G02840,0.0052381214
AT2G02850,0.48345426
AT2G02860,0.47041416
AT2G02870,0.6787335
AT2G02880,0.15169622
AT2G02890,0.007414906
AT2G02910,-0.14934783
AT2G02930,0.32326403
AT2G02950,-0.30548152
AT2G02955,0.101586044
AT2G02960,0.13752909
AT2G02970,0.14953536
AT2G02980,-0.26177895
AT2G02990,0.97285753
AT2G03000,0.013303774
AT2G03010,0.00036984743
AT2G03020,0.028668521
AT2G03030,0.00378168
AT2G03040,0.01613274
AT2G03050,0.048472974
AT2G03060,-0.04530537
AT2G03070,0.06777656
AT2G03090,-0.26168743
AT2G03110,0.0035936867
AT2G03120,0.25527886
AT2G03130,0.03781296
AT2G03140,-0.10431492
AT2G03150,-0.00035222745
AT2G03160,0.02135084
AT2G03170,0.011776033
AT2G03180,0.0038944315
AT2G03190,0.0045294394
AT2G03200,-0.00572679
AT2G03210,-0.012158822
AT2G03220,0.10164112
AT2G03230,0.11783975
AT2G03240,0.0786216
AT2G03250,0.04168676
AT2G03260,0.014405173
AT2G03270,0.19824684
AT2G03280,-0.12784775
AT2G03290,0.01115185
AT2G03300,0.010856164
AT2G03310,-0.24978197
AT2G03320,0.0087805865
AT2G03330,-0.039386053
AT2G03340,-0.21581261
AT2G03350,-0.3366104
AT2G03360,0.79999596
AT2G03370,-0.0054887887
AT2G03380,-0.038377386
AT2G03390,-0.11869364
AT2G03410,0.5688749
AT2G03420,-0.36118814
AT2G03430,0.18153016
AT2G03440,-0.20631413
AT2G03450,0.26890218
AT2G03460,0.023164803
AT2G03470,0.13491467
AT2G03480,-0.19147474
AT2G03500,-0.05011541
AT2G03505,0.6720223
AT2G03510,0.44087958
AT2G03520,-0.00089267205
AT2G03530,-0.28822994
AT2G03550,-0.24288255
AT2G03560,-0.05945614
AT2G03565,0.0039334544
AT2G03567,0.0038643333
AT2G03570,0.0038944315
AT2G03580,0.021529466
AT2G03590,-0.29919067
AT2G03600,-0.0011181912
AT2G03610,0.003955708
AT2G03620,0.10173627
AT2G03630,0.007921573
AT2G03640,0.07751866
AT2G03667,0.1054657
AT2G03670,0.119048916
AT2G03680,0.14859974
AT2G03690,0.1388369
AT2G03710,-0.3013576
AT2G03720,-0.0030901239
AT2G03730,-0.17762126
AT2G03740,0.024072602
AT2G03750,-0.6222742
AT2G03760,1.126244
AT2G03770,-0.0016106436
AT2G03780,-0.13155544
AT2G03800,0.26047525
AT2G03810,-0.08785665
AT2G03820,0.09697791
AT2G03821,0.012676197
AT2G03822,0.003989535
AT2G03823,0.0038944315
AT2G03830,0.058711078
AT2G03840,0.022776036
AT2G03850,1.2062026
AT2G03870,0.07984371
AT2G03880,-0.02471175
AT2G03890,-0.22639735
AT2G03913,0.003990929
AT2G03930,0.0038944315
AT2G03931,0.0038944315
AT2G03932,0.0038944315
AT2G03933,0.0039077215
AT2G03936,0.0038944315
AT2G03937,0.0038944315
AT2G03955,0.003967657
AT2G03965,0.071985215
AT2G03980,0.40935168
AT2G04020,0.00385811
AT2G04025,0.024622696
AT2G04030,0.05570231
AT2G04031,0.0038944315
AT2G04032,-0.34055206
AT2G04033,0.0038944315
AT2G04034,0.0038944315
AT2G04037,0.0038944315
AT2G04038,0.02975364
AT2G04039,-0.5490044
AT2G04040,0.9997298
AT2G04041,0.0038944315
AT2G04045,0.0038944315
AT2G04046,0.015347101
AT2G04050,0.23970048
AT2G04060,0.0041781166
AT2G04062,0.0038944315
AT2G04063,0.0038944315
AT2G04066,0.011976041
AT2G04070,0.48333362
AT2G04080,0.2367981
AT2G04090,0.0052245557
AT2G04100,1.2548544
AT2G04115,0.013417064
AT2G04137,0.007154958
AT2G04160,0.5401438
AT2G04170,-0.060867786
AT2G04190,0.7790676
AT2G04220,0.005767629
AT2G04230,-0.18592934
AT2G04235,-0.097078346
AT2G04240,-0.1386312
AT2G04270,-0.29997295
AT2G04280,-0.21595597
AT2G04300,0.003910706
AT2G04305,0.15964589
AT2G04340,-0.0015217178
AT2G04350,0.28554672
AT2G04360,-0.02232712
AT2G04378,-0.25599617
AT2G04380,0.018847438
AT2G04390,0.17262489
AT2G04395,-0.023719817
AT2G04400,1.1344237
AT2G04410,0.06383363
AT2G04420,0.01099062
AT2G04425,0.0038944315
AT2G04430,0.42460498
AT2G04440,0.0050893216
AT2G04450,0.9643534
AT2G04480,0.002484569
AT2G04495,0.3314861
AT2G04500,0.02090958
AT2G04515,0.29373014
AT2G04520,0.12856753
AT2G04530,0.20954724
AT2G04540,-0.052159827
AT2G04550,0.22576858
AT2G04560,-0.07036936
AT2G04570,-0.21786548
AT2G04620,0.30633458
AT2G04621,0.015391561
AT2G04622,0.0038944315
AT2G04630,0.124640904
AT2G04650,0.12417531
AT2G04660,-0.12951341
AT2G04675,0.0030551963
AT2G04680,0.011143647
AT2G04690,-0.02309926
AT2G04700,-0.096448004
AT2G04740,0.2488786
AT2G04750,0.004002544
AT2G04780,-0.36090508
AT2G04790,-0.67314124
AT2G04795,-0.15494439
AT2G04800,-0.001687721
AT2G04810,0.004073896
AT2G04830,0.0039075916
AT2G04840,0.013689139
AT2G04842,-0.20030291
AT2G04845,-0.07388714
AT2G04850,-0.16758256
AT2G04860,-0.0282188
AT2G04865,-0.044488978
AT2G04870,0.0038944315
AT2G04880,0.09374213
AT2G04890,0.049629625
AT2G04900,0.31540513
AT2G04910,0.003901869
AT2G04920,0.0038944315
AT2G04925,-0.04716468
AT2G04930,0.0039032532
AT2G04940,-0.04378177
AT2G05050,0.003900012
AT2G05060,-0.0058755693
AT2G05070,-0.561752
AT2G05100,-0.4737388
AT2G05105,0.0038944315
AT2G05117,0.0038944315
AT2G05120,-0.011041057
AT2G05140,0.0043018684
AT2G05160,-0.19596188
AT2G05170,-0.031536285
AT2G05180,-0.005403282
AT2G05210,-0.3500159
AT2G05220,0.1070638
AT2G05230,-0.010175467
AT2G05260,0.40095007
AT2G05270,0.007742349
AT2G05294,0.0038944315
AT2G05300,0.0038944315
AT2G05310,-0.4275864
AT2G05320,0.35201868
AT2G05330,0.015773378
AT2G05335,0.003952067
AT2G05350,-0.001876338
AT2G05360,-0.00024093252
AT2G05370,0.0020947896
AT2G05380,0.48559237
AT2G05400,0.0063846614
AT2G05410,0.0049236557
AT2G05420,-0.0001873554
AT2G05430,0.0037873394
AT2G05440,1.2816807
AT2G05510,0.6155501
AT2G05520,0.27950203
AT2G05530,0.0049809855
AT2G05540,0.34630486
AT2G05580,-0.008905837
AT2G05590,0.02724377
AT2G05600,0.027791874
AT2G05620,-0.28907213
AT2G05630,0.35676882
AT2G05632,-0.16471629
AT2G05635,-0.011558056
AT2G05642,0.008263796
AT2G05645,0.0038944315
AT2G05655,-0.014738758
AT2G05710,0.48190543
AT2G05720,0.0055860677
AT2G05752,0.0038944315
AT2G05753,0.006837826
AT2G05755,-0.02364473
AT2G05760,-0.223678
AT2G05786,0.0038944315
AT2G05790,-0.68866855
AT2G05810,-0.41150165
AT2G05830,-0.08469266
AT2G05840,0.3659222
AT2G05850,0.004059597
AT2G05900,0.003740947
AT2G05910,1.1358715
AT2G05915,0.033229195
AT2G05920,-0.38977447
AT2G05940,0.47561553
AT2G05970,0.0038944315
AT2G05990,-0.20675291
AT2G06000,-0.0113809975
AT2G06005,0.054876845
AT2G06010,-0.070050985
AT2G06020,0.0039253603
AT2G06025,-0.02692244
AT2G06040,0.07209117
AT2G06050,0.39402506
AT2G06090,0.0038944315
AT2G06095,0.0039197067
AT2G06105,0.0038944315
AT2G06166,0.0038944315
AT2G06200,-0.0021246623
AT2G06210,-0.15202351
AT2G06255,0.47374704
AT2G06265,0.0038990222
AT2G06420,0.05052765
AT2G06425,0.038156044
AT2G06500,0.0039005345
AT2G06510,0.22273667
AT2G06520,-0.35564783
AT2G06530,0.10623262
AT2G06541,0.003955287
AT2G06555,-0.0063364985
AT2G06565,0.004171683
AT2G06570,-0.0019313911
AT2G06645,0.0038944315
AT2G06667,0.0046517737
AT2G06675,0.0038944315
AT2G06845,0.005411526
AT2G06850,-1.0297621
AT2G06904,0.004033538
AT2G06906,0.0038944315
AT2G06908,0.0038944315
AT2G06925,-0.18396656
AT2G06960,0.005419046
AT2G06983,0.001379768
AT2G06990,0.0595693
AT2G07000,-0.021567686
AT2G07020,0.0039045773
AT2G07040,0.003885609
AT2G07050,-0.14125204
AT2G07110,0.0038944315
AT2G07120,0.0038944315
AT2G07140,0.022283375
AT2G07170,-0.016331708
AT2G07180,0.106536746
AT2G07190,0.0038944315
AT2G07200,0.0038944315
AT2G07215,0.010826326
AT2G07240,-0.0034793373
AT2G07280,0.0033420557
AT2G07290,0.0038944315
AT2G07310,0.0038944315
AT2G07340,-0.0912483
AT2G07360,0.058076184
AT2G07440,0.0038923018
AT2G07505,0.0038944315
AT2G07560,0.0038944315
AT2G07565,0.0036535216
AT2G07599,-0.06152149
AT2G07613,0.0036284116
AT2G07621,0.005695876
AT2G07623,0.0072988137
AT2G07625,0.022740321
AT2G07626,0.0038944315
AT2G07627,0.0032354137
AT2G07628,0.006248666
AT2G07629,0.08396808
AT2G07631,0.003945401
AT2G07632,0.014622075
AT2G07633,0.03446549
AT2G07634,0.0038944315
AT2G07636,-0.0019606762
AT2G07637,0.04149976
AT2G07638,-0.05544394
AT2G07640,0.006641014
AT2G07641,-0.011383754
AT2G07642,0.0038944315
AT2G07643,-0.0022193447
AT2G07644,0.016264183
AT2G07646,0.03098003
AT2G07648,0.0027368923
AT2G07652,0.014592014
AT2G07654,-0.0011157735
AT2G07655,-0.0018441187
AT2G07656,0.012398455
AT2G07658,0.021046162
AT2G07659,-0.0025017026
AT2G07661,0.017849198
AT2G07662,-0.0058817207
AT2G07665,0.0073711835
AT2G07667,-0.11668184
AT2G07669,0.13209017
AT2G07674,-0.023055559
AT2G07676,0.04866886
AT2G07678,0.10623176
AT2G07680,-0.4610817
AT2G07681,0.018951224
AT2G07684,0.00069973245
AT2G07689,0.14151281
AT2G07690,-0.017450357
AT2G07698,0.31257024
AT2G07705,0.017501416
AT2G07706,-0.09786072
AT2G07714,0.004724328
AT2G07715,0.10742692
AT2G07721,0.04883535
AT2G07728,-0.0036355078
AT2G07732,0.08285439
AT2G07738,0.008506511
AT2G07749,0.034130305
AT2G07750,0.03531018
AT2G07751,-0.020336216
AT2G07760,0.0038944315
AT2G07768,0.0047660093
AT2G07772,0.02763771
AT2G07773,-0.043313507
AT2G07774,-0.09866506
AT2G07775,0.04901415
AT2G07777,0.040956724
AT2G07779,0.15065224
AT2G07787,0.031604227
AT2G07795,0.05323766
AT2G07798,0.14793222
AT2G07800,0.0044619464
AT2G07806,0.08842828
AT2G07810,0.0038944315
AT2G07815,0.023343498
AT2G07820,0.025085544
AT2G07825,0.088738434
AT2G07827,0.011677661
AT2G07830,0.0057482645
AT2G07835,0.101450205
AT2G07981,0.00390597
AT2G08986,0.0038947097
AT2G09388,0.0038944315
AT2G09838,0.0038944315
AT2G09840,0.007166844
AT2G09970,-0.0045766192
AT2G09990,0.08314279
AT2G10020,0.0038944315
AT2G10025,0.004238795
AT2G10260,0.0039002157
AT2G10440,0.31300083
AT2G10450,0.0033078047
AT2G10455,0.0038944315
AT2G10535,0.004156152
AT2G10545,-0.015611668
AT2G10550,0.0038944315
AT2G10553,-0.00018935154
AT2G10556,0.0038944315
AT2G10557,0.0038944315
AT2G10560,-0.0001749564
AT2G10602,0.0038944315
AT2G10608,0.0057216114
AT2G10615,0.004762444
AT2G10625,0.004065436
AT2G10920,0.0036971283
AT2G10930,0.015517059
AT2G10940,-1.3466139
AT2G10950,0.20681298
AT2G10955,0.0038944315
AT2G10965,0.0038770132
AT2G10970,-0.0041364045
AT2G10975,-0.05712412
AT2G11000,-0.018417792
AT2G11005,0.004022227
AT2G11010,0.0038944315
AT2G11015,0.0038944315
AT2G11025,0.012214589
AT2G11035,0.0070643085
AT2G11045,0.0038944315
AT2G11200,0.0038944315
AT2G11205,0.003963182
AT2G11215,-0.0019314662
AT2G11225,-0.19103418
AT2G11270,0.038547233
AT2G11271,0.003979959
AT2G11405,0.004386147
AT2G11462,0.0038944315
AT2G11520,0.33620575
AT2G11522,-0.012341929
AT2G11570,0.005888503
AT2G11620,-0.0014643501
AT2G11623,0.0046733017
AT2G11626,0.0045278133
AT2G11773,0.0039973063
AT2G11778,0.0057404214
AT2G11810,-0.13874115
AT2G11815,0.0036278672
AT2G11851,-0.0028592448
AT2G11890,0.13136187
AT2G11891,0.021339828
AT2G11910,-0.23378497
AT2G12170,-0.22440626
AT2G12190,-0.06786796
AT2G12200,0.0026459254
AT2G12205,0.006712007
AT2G12280,0.0043272087
AT2G12290,0.0052217282
AT2G12400,-0.3715669
AT2G12405,0.006356219
AT2G12461,-0.0075573237
AT2G12462,-0.2984836
AT2G12465,0.0031494058
AT2G12475,0.0038944315
AT2G12480,-0.0036029995
AT2G12550,0.25037816
AT2G12646,-0.0009913374
AT2G12875,0.006366022
AT2G12880,0.0038944315
AT2G12900,0.0039235526
AT2G12905,0.06560486
AT2G12935,0.019418815
AT2G12940,0.008359391
AT2G12945,0.0038944315
AT2G13100,-0.004852531
AT2G13105,0.0041446853
AT2G13125,0.004140012
AT2G13126,0.0039190026
AT2G13150,0.0038944315
AT2G13275,0.058141038
AT2G13290,0.02156874
AT2G13295,0.0038944315
AT2G13350,0.0039333436
AT2G13360,-0.23633294
AT2G13370,-0.04398489
AT2G13420,0.0038944315
AT2G13422,0.0039091776
AT2G13430,0.004993834
AT2G13440,-0.27743456
AT2G13450,-0.007825414
AT2G13463,-0.0015089748
AT2G13500,0.0038944315
AT2G13510,0.0038944315
AT2G13540,-0.101978905
AT2G13542,0.0038944315
AT2G13547,0.08557997
AT2G13550,-0.107613586
AT2G13555,0.0038944315
AT2G13560,0.019854024
AT2G13570,-0.011490904
AT2G13600,-0.04468046
AT2G13610,-0.24998353
AT2G13620,0.0039874385
AT2G13630,0.0038944315
AT2G13640,0.10403002
AT2G13650,0.4397761
AT2G13660,-0.13673235
AT2G13680,0.010174393
AT2G13690,-0.21119702
AT2G13720,0.003951968
AT2G13760,-0.013948309
AT2G13770,0.015088637
AT2G13790,0.19498515
AT2G13800,0.019481188
AT2G13810,0.69603974
AT2G13820,-0.19702399
AT2G13840,-0.017059168
AT2G13845,0.0038944315
AT2G13895,0.003579376
AT2G13900,0.0022140692
AT2G13905,0.0038944315
AT2G13950,0.0038944315
AT2G13960,0.14589645
AT2G13965,0.0067545907
AT2G13980,0.0038944315
AT2G13985,0.0039042623
AT2G14000,0.0038944315
AT2G14045,-0.12553266
AT2G14050,-0.26589268
AT2G14060,0.0013496013
AT2G14070,0.108078666
AT2G14095,0.10699143
AT2G14100,0.03040901
AT2G14110,0.17906906
AT2G14120,0.18164504
AT2G14160,0.04128019
AT2G14170,0.2966624
AT2G14210,0.11245099
AT2G14247,-0.1744877
AT2G14255,0.015853675
AT2G14260,0.042829737
AT2G14265,0.0040204735
AT2G14270,0.0038944315
AT2G14282,0.0038944315
AT2G14285,-0.03892709
AT2G14288,0.004451738
AT2G14289,0.0038944315
AT2G14290,0.48528087
AT2G14365,0.0044413214
AT2G14378,0.003930548
AT2G14390,0.0038944315
AT2G14395,0.0038944315
AT2G14440,0.004920472
AT2G14460,0.0070977025
AT2G14500,0.0045294394
AT2G14510,0.005116827
AT2G14520,-0.16967656
AT2G14530,-0.119682364
AT2G14540,0.0038944315
AT2G14560,0.8604257
AT2G14580,0.0028872716
AT2G14610,1.9167854
AT2G14620,1.5548841
AT2G14635,0.015690738
AT2G14660,-0.18755607
AT2G14670,0.0038636085
AT2G14680,-0.028287418
AT2G14690,0.010375502
AT2G14692,0.0056248214
AT2G14695,0.0045137755
AT2G14700,0.0038944315
AT2G14710,0.0038944315
AT2G14720,0.17745425
AT2G14740,0.025848433
AT2G14750,0.012120232
AT2G14755,0.0009141912
AT2G14760,0.0022456094
AT2G14765,0.003904741
AT2G14775,-0.10716335
AT2G14800,-0.07418535
AT2G14810,0.0038944315
AT2G14820,0.0030427303
AT2G14825,0.18497682
AT2G14830,-0.0020478256
AT2G14835,0.1299643
AT2G14846,0.00395952
AT2G14850,0.24181849
AT2G14860,-0.22189291
AT2G14870,0.0039115744
AT2G14880,-0.15650807
AT2G14890,-0.5284725
AT2G14900,-0.4772172
AT2G14910,-0.06806884
AT2G14920,0.0010801827
AT2G14935,0.0038944315
AT2G14945,0.003876902
AT2G14960,-0.0008105704
AT2G15000,0.11818113
AT2G15010,0.0017724981
AT2G15020,-0.8581721
AT2G15025,0.0040040216
AT2G15029,0.0007981127
AT2G15040,0.0038944315
AT2G15050,-0.5626477
AT2G15080,-0.09847314
AT2G15090,-0.34438398
AT2G15110,0.0052822046
AT2G15130,-0.14450319
AT2G15170,0.0012163827
AT2G15180,0.0038944315
AT2G15185,0.0038944315
AT2G15220,1.5958929
AT2G15230,0.088353
AT2G15240,0.105118506
AT2G15260,0.0039077317
AT2G15270,0.056915358
AT2G15280,-0.20381151
AT2G15290,-0.03189042
AT2G15300,-0.005030418
AT2G15310,0.34660968
AT2G15318,-0.05884565
AT2G15320,0.12175783
AT2G15325,0.0038944315
AT2G15327,0.004421185
AT2G15340,0.14180341
AT2G15345,0.014282831
AT2G15350,0.0028144373
AT2G15360,0.003911029
AT2G15370,0.0012835748
AT2G15390,0.54668164
AT2G15400,-0.03686415
AT2G15420,0.0045065824
AT2G15430,0.20437492
AT2G15440,-0.2780591
AT2G15450,0.0038944315
AT2G15460,0.0038944315
AT2G15470,0.0038944315
AT2G15480,0.74631095
AT2G15490,2.0199702
AT2G15500,0.0039104237
AT2G15530,-0.040036406
AT2G15535,0.0038944315
AT2G15560,-0.009287577
AT2G15570,0.26863772
AT2G15580,-0.017681656
AT2G15590,0.003948823
AT2G15610,0.0042265267
AT2G15620,0.08305666
AT2G15630,0.0049757212
AT2G15640,0.0038944315
AT2G15660,0.0041721626
AT2G15670,0.0038944315
AT2G15680,-0.090615354
AT2G15690,0.104492806
AT2G15695,0.06985359
AT2G15710,0.0038944315
AT2G15730,0.18364203
AT2G15740,0.0038990136
AT2G15760,1.2138585
AT2G15770,0.01313296
AT2G15780,1.5710077
AT2G15790,-0.041619327
AT2G15820,-0.10748384
AT2G15830,0.19188829
AT2G15860,0.08238441
AT2G15880,-0.028033307
AT2G15890,-0.07190444
AT2G15900,0.025160601
AT2G15910,0.1605992
AT2G15960,0.02917514
AT2G15970,0.13539709
AT2G15980,0.042077456
AT2G16005,0.01718413
AT2G16015,0.0038944315
AT2G16016,0.0038944315
AT2G16018,0.0044211363
AT2G16019,0.0038944315
AT2G16020,0.0038944315
AT2G16030,0.0029904854
AT2G16040,0.0038944315
AT2G16050,0.052406218
AT2G16060,0.42749512
AT2G16070,0.08027234
AT2G16090,0.04399805
AT2G16120,0.0039141267
AT2G16130,0.0038944315
AT2G16190,0.0036706198
AT2G16200,0.0038944315
AT2G16210,0.0037335816
AT2G16220,0.003933818
AT2G16225,0.003982867
AT2G16230,0.0025761705
AT2G16250,-0.18959725
AT2G16260,0.0038944315
AT2G16270,-0.24696751
AT2G16280,-0.23620164
AT2G16290,0.0038937936
AT2G16300,0.003941668
AT2G16340,0.013078059
AT2G16360,0.015098075
AT2G16365,0.072378196
AT2G16370,-0.16962631
AT2G16380,-0.32744193
AT2G16385,0.016159443
AT2G16390,-0.20295464
AT2G16400,-0.056498263
AT2G16405,0.039105862
AT2G16430,0.20906685
AT2G16440,0.111645274
AT2G16450,0.026747564
AT2G16460,0.32206425
AT2G16485,-0.025349101
AT2G16490,0.0015833395
AT2G16500,0.27144015
AT2G16505,0.012728202
AT2G16510,0.34564808
AT2G16520,0.0038944315
AT2G16530,0.41814446
AT2G16535,0.0038944315
AT2G16570,0.09270787
AT2G16575,0.0034954844
AT2G16580,-0.023200996
AT2G16586,0.527618
AT2G16592,0.005186872
AT2G16594,0.0038944315
AT2G16595,0.33159837
AT2G16600,0.42823926
AT2G16620,0.003945584
AT2G16630,0.03391705
AT2G16640,-0.045288548
AT2G16650,-0.005654073
AT2G16660,0.68528485
AT2G16676,-0.02733848
AT2G16700,0.8046148
AT2G16710,0.7683299
AT2G16720,0.53257936
AT2G16730,0.0037289076
AT2G16740,0.30388287
AT2G16750,-0.47480488
AT2G16760,0.21277766
AT2G16770,0.015520056
AT2G16780,0.024863387
AT2G16790,0.94552183
AT2G16800,0.07102597
AT2G16810,0.004610812
AT2G16835,0.0038944315
AT2G16850,-0.30822942
AT2G16860,-0.053635612
AT2G16870,0.31460136
AT2G16880,-0.208296
AT2G16890,-0.026584908
AT2G16900,0.50215614
AT2G16910,0.017752418
AT2G16920,-0.036533862
AT2G16930,0.16626374
AT2G16940,-0.1453589
AT2G16950,0.19622894
AT2G16953,0.004200671
AT2G16960,0.0029570016
AT2G16970,-0.0009796215
AT2G16980,-0.04218954
AT2G16990,-0.23000483
AT2G17000,0.00436471
AT2G17010,-0.024390243
AT2G17020,0.012331207
AT2G17030,0.047125965
AT2G17033,-0.06909003
AT2G17036,-0.20689368
AT2G17040,0.061704922
AT2G17043,0.0045146295
AT2G17050,-0.09419534
AT2G17055,-0.008033568
AT2G17060,-0.098291636
AT2G17070,-0.0049832244
AT2G17080,0.0024391266
AT2G17090,0.00463427
AT2G17110,-0.048425462
AT2G17120,0.5179911
AT2G17130,0.5471896
AT2G17140,-0.071831636
AT2G17150,-0.22118615
AT2G17160,0.0038944315
AT2G17170,0.00268601
AT2G17180,0.023255935
AT2G17190,0.27781233
AT2G17200,0.2853526
AT2G17210,-0.06851333
AT2G17220,0.7608796
AT2G17230,-0.3700701
AT2G17240,0.0014091879
AT2G17250,0.21353357
AT2G17260,-0.10832729
AT2G17265,0.08143527
AT2G17270,0.07807664
AT2G17280,0.21962631
AT2G17290,0.1842711
AT2G17300,-0.42409906
AT2G17305,0.0039446373
AT2G17310,0.0039026253
AT2G17320,-0.17560853
AT2G17330,0.0038944315
AT2G17340,-0.24930352
AT2G17350,0.020871187
AT2G17360,0.06596757
AT2G17370,0.12164935
AT2G17380,0.16789587
AT2G17390,0.060178895
AT2G17410,-0.05645928
AT2G17420,0.5356196
AT2G17430,-0.08832118
AT2G17440,0.1602535
AT2G17442,-0.19791275
AT2G17450,-0.014740355
AT2G17470,-0.09532159
AT2G17480,-0.066640586
AT2G17500,2.1637313
AT2G17510,0.05663116
AT2G17520,0.12393945
AT2G17525,-0.23496796
AT2G17530,-0.031844646
AT2G17540,-0.12232751
AT2G17550,-0.10508563
AT2G17560,0.089886546
AT2G17570,0.10214389
AT2G17580,0.011298711
AT2G17590,0.0042572413
AT2G17600,0.004098127
AT2G17620,0.018535428
AT2G17630,0.33755043
AT2G17640,0.011927965
AT2G17650,-0.19679944
AT2G17660,-0.07653067
AT2G17670,0.085805565
AT2G17680,0.0066161714
AT2G17690,-0.061340798
AT2G17695,-0.24973363
AT2G17700,-0.011657539
AT2G17705,0.5389731
AT2G17710,-0.4022015
AT2G17720,0.76336735
AT2G17723,0.004699271
AT2G17730,0.42803016
AT2G17740,0.5000004
AT2G17750,0.004965396
AT2G17760,0.7310223
AT2G17770,-0.023769356
AT2G17780,-0.34244394
AT2G17785,0.0038944315
AT2G17787,-0.04680902
AT2G17790,0.34793806
AT2G17800,-0.1160041
AT2G17820,-0.24259049
AT2G17830,-0.082779355
AT2G17840,0.2376889
AT2G17845,0.0037319867
AT2G17850,0.0017029998
AT2G17860,0.009374061
AT2G17870,0.12722053
AT2G17880,-0.40896377
AT2G17890,0.013116147
AT2G17900,0.041006755
AT2G17905,0.0039313296
AT2G17920,-0.0025816702
AT2G17930,-0.065151036
AT2G17940,-0.0496562
AT2G17950,0.0050171795
AT2G17960,0.0038944315
AT2G17970,-0.1666628
AT2G17972,-0.27795583
AT2G17975,-0.065484226
AT2G17980,0.06113432
AT2G17990,0.033115853
AT2G18000,0.2138726
AT2G18010,-0.06408619
AT2G18020,0.11040682
AT2G18025,0.0044153593
AT2G18030,0.15067177
AT2G18040,0.10219189
AT2G18050,-0.04851011
AT2G18060,0.033247117
AT2G18070,0.0039007769
AT2G18080,0.0038944315
AT2G18090,0.19443338
AT2G18100,-0.07670694
AT2G18110,0.10406232
AT2G18120,-0.2955437
AT2G18130,0.004564216
AT2G18140,0.004167135
AT2G18150,0.1007069
AT2G18160,-0.28773698
AT2G18170,0.5106073
AT2G18180,0.10046044
AT2G18190,0.05800623
AT2G18193,-0.14660376
AT2G18196,-0.14530483
AT2G18200,0.013213529
AT2G18210,0.3629248
AT2G18220,0.122788526
AT2G18230,-0.28563347
AT2G18240,0.21442358
AT2G18245,-0.056448553
AT2G18250,-0.018906014
AT2G18260,-0.2545723
AT2G18270,0.006982574
AT2G18280,-0.0028385352
AT2G18290,-0.30123866
AT2G18300,-0.7573009
AT2G18320,-0.0028453663
AT2G18328,-0.6623235
AT2G18330,0.14135408
AT2G18340,0.0013522618
AT2G18350,0.04426607
AT2G18360,0.012917392
AT2G18370,0.05429633
AT2G18380,-0.17559458
AT2G18390,0.042113084
AT2G18400,-0.047669675
AT2G18410,-0.006771911
AT2G18420,0.009569992
AT2G18450,0.006728699
AT2G18460,0.004148088
AT2G18465,0.11223358
AT2G18470,0.005545499
AT2G18480,-0.029283574
AT2G18490,0.00092489953
AT2G18500,0.0027368802
AT2G18510,0.103558354
AT2G18520,0.05881459
AT2G18530,0.004507378
AT2G18540,0.011915751
AT2G18550,0.15702559
AT2G18560,-0.28178123
AT2G18570,-0.420843
AT2G18590,0.0061474163
AT2G18600,0.21779601
AT2G18620,-0.03529249
AT2G18630,-0.2672825
AT2G18640,0.019383086
AT2G18650,-0.19597507
AT2G18660,1.5980142
AT2G18670,-0.09962475
AT2G18680,1.0433496
AT2G18685,0.0041724783
AT2G18690,1.7713197
AT2G18700,0.000576516
AT2G18710,-0.24809206
AT2G18720,0.1515958
AT2G18721,0.0039009324
AT2G18730,0.08092665
AT2G18740,0.12394351
AT2G18750,-0.0006145959
AT2G18760,-0.036722742
AT2G18770,0.0053462274
AT2G18780,0.049134705
AT2G18790,-0.057703782
AT2G18800,-0.012599724
AT2G18810,0.0045294394
AT2G18830,0.0049551274
AT2G18840,0.18948394
AT2G18850,-0.19505358
AT2G18860,-0.16142164
AT2G18870,0.0037829622
AT2G18876,-0.20860387
AT2G18880,0.009630116
AT2G18890,-0.42008427
AT2G18900,0.20688729
AT2G18910,-0.35949752
AT2G18915,0.058523636
AT2G18920,0.004793605
AT2G18938,0.02975852
AT2G18940,-0.20859577
AT2G18950,0.85238695
AT2G18960,0.18027212
AT2G18969,-0.19219251
AT2G18970,0.036111627
AT2G18980,0.015823953
AT2G18990,-0.09862373
AT2G19000,0.0038944315
AT2G19010,0.0038944315
AT2G19020,0.0038944315
AT2G19030,0.0040732347
AT2G19040,0.0038944315
AT2G19045,0.003878422
AT2G19050,0.0030908461
AT2G19060,0.0061684684
AT2G19070,0.0019001262
AT2G19080,0.06570834
AT2G19090,-0.27370718
AT2G19110,-0.111782484
AT2G19120,0.018027846
AT2G19130,0.093050666
AT2G19146,0.0043287273
AT2G19150,0.006072959
AT2G19160,0.41156575
AT2G19170,-0.37673357
AT2G19180,0.2571248
AT2G19190,0.6040613
AT2G19200,0.0038944315
AT2G19210,0.0068489513
AT2G19220,0.0038944315
AT2G19230,0.0066126846
AT2G19240,0.1036362
AT2G19260,-0.117923625
AT2G19270,0.24889757
AT2G19280,-0.22174327
AT2G19290,-4.1451927e-05
AT2G19300,0.0038944315
AT2G19310,-0.09552715
AT2G19320,0.02371349
AT2G19330,0.031058311
AT2G19340,0.09332629
AT2G19350,0.3014438
AT2G19360,0.003902943
AT2G19365,0.007642016
AT2G19380,0.037385285
AT2G19385,0.23868906
AT2G19390,0.063459374
AT2G19400,-0.3691447
AT2G19410,0.0077209226
AT2G19420,0.004421013
AT2G19430,-0.06976131
AT2G19440,0.0051245335
AT2G19450,0.4346268
AT2G19460,-0.21028495
AT2G19470,0.20347303
AT2G19480,0.017396018
AT2G19490,0.3170737
AT2G19500,0.804161
AT2G19510,0.0032524418
AT2G19520,-0.023450213
AT2G19530,0.0015011249
AT2G19540,0.2462141
AT2G19550,0.039738208
AT2G19560,0.2985239
AT2G19570,1.2745496
AT2G19580,-0.08358103
AT2G19590,0.007042872
AT2G19600,0.0062887412
AT2G19610,0.012473677
AT2G19620,-0.4821035
AT2G19630,0.0024894134
AT2G19640,0.22944178
AT2G19650,-0.4412128
AT2G19660,-0.10110209
AT2G19670,0.1291644
AT2G19680,0.026849149
AT2G19690,0.02166818
AT2G19700,0.08475438
AT2G19710,0.36375114
AT2G19720,-0.22660725
AT2G19730,0.18444635
AT2G19740,0.11859387
AT2G19750,0.091965355
AT2G19760,0.2281758
AT2G19770,0.020774076
AT2G19780,-0.25336394
AT2G19790,0.048463758
AT2G19800,0.5250731
AT2G19802,0.0068247057
AT2G19810,-0.15277797
AT2G19820,0.0045294394
AT2G19830,0.072503224
AT2G19850,0.0038830664
AT2G19860,-0.10526732
AT2G19870,0.15919523
AT2G19880,0.2966604
AT2G19890,0.032612238
AT2G19893,0.003962263
AT2G19900,0.24492323
AT2G19910,-0.14772598
AT2G19920,-0.091507554
AT2G19930,-0.34003034
AT2G19940,-0.18739486
AT2G19950,0.12026011
AT2G19960,0.14702448
AT2G19970,0.38544902
AT2G19980,0.0108464705
AT2G19990,0.16136605
AT2G20000,-0.060382262
AT2G20010,0.57118756
AT2G20020,-0.044255763
AT2G20030,0.20917846
AT2G20050,-0.16049017
AT2G20060,0.12921755
AT2G20070,0.003902117
AT2G20080,0.011317308
AT2G20100,-0.19113363
AT2G20110,0.5059408
AT2G20120,-0.0010384541
AT2G20130,0.20264393
AT2G20140,0.16290621
AT2G20142,0.7046531
AT2G20150,0.06634642
AT2G20160,0.0021160175
AT2G20170,0.016218329
AT2G20180,-0.39207888
AT2G20190,-0.16059287
AT2G20208,0.0038944315
AT2G20210,-0.2796709
AT2G20230,0.0042554573
AT2G20240,-0.25893882
AT2G20250,-0.18833004
AT2G20260,-0.26463038
AT2G20270,-0.009690276
AT2G20280,0.08872458
AT2G20290,-0.28059563
AT2G20300,-0.3451213
AT2G20310,0.05884072
AT2G20320,0.31299627
AT2G20330,0.040105876
AT2G20340,-0.21336061
AT2G20350,0.0025277599
AT2G20360,0.22965546
AT2G20362,-0.021889368
AT2G20370,0.055785537
AT2G20380,0.003792704
AT2G20390,0.25304985
AT2G20400,0.054052263
AT2G20410,0.17979677
AT2G20420,0.28151456
AT2G20430,0.0039137867
AT2G20440,-0.06697443
AT2G20450,0.035831966
AT2G20463,0.006293368
AT2G20465,0.0038944315
AT2G20470,0.035719234
AT2G20480,0.042954087
AT2G20490,0.10028463
AT2G20495,-0.009576683
AT2G20500,0.28441224
AT2G20510,0.02802228
AT2G20515,-0.15983514
AT2G20520,0.0144043015
AT2G20530,0.18069446
AT2G20540,-0.0852057
AT2G20550,-0.16534968
AT2G20560,0.3350338
AT2G20562,0.37279013
AT2G20570,-0.22847624
AT2G20580,0.1160327
AT2G20585,0.17354621
AT2G20590,-0.0671979
AT2G20595,0.0036358878
AT2G20597,0.011612706
AT2G20605,0.005245613
AT2G20610,0.1044488
AT2G20613,0.0038944315
AT2G20616,0.0039032532
AT2G20618,0.0038944315
AT2G20619,0.0038944315
AT2G20620,0.0034491904
AT2G20625,0.003955571
AT2G20630,0.050527006
AT2G20635,-0.32306847
AT2G20650,-0.03731449
AT2G20660,0.0038944315
AT2G20670,-0.31559438
AT2G20680,-0.37490037
AT2G20690,0.006203007
AT2G20700,-0.20897938
AT2G20710,-0.05180995
AT2G20720,0.3444363
AT2G20725,-0.037004996
AT2G20740,0.101649605
AT2G20750,-0.42600146
AT2G20760,0.27032366
AT2G20770,0.084189944
AT2G20780,0.21753006
AT2G20784,0.013922905
AT2G20790,0.14480917
AT2G20800,0.051558655
AT2G20805,0.0039010216
AT2G20810,0.034417957
AT2G20815,-0.18316746
AT2G20820,0.28173205
AT2G20825,0.90271074
AT2G20830,0.09483362
AT2G20835,-0.102997445
AT2G20840,-0.19802086
AT2G20850,-0.11176892
AT2G20860,0.026304744
AT2G20870,-0.029542515
AT2G20873,0.0040087816
AT2G20875,-0.092452586
AT2G20880,0.7940833
AT2G20890,-0.29802856
AT2G20900,0.14903879
AT2G20920,0.14322647
AT2G20921,0.013566502
AT2G20930,0.017826337
AT2G20940,0.14629129
AT2G20950,-0.14363289
AT2G20960,0.1400238
AT2G20970,0.01129244
AT2G20980,-0.07093941
AT2G20990,-0.024731802
AT2G21010,0.0011341916
AT2G21030,0.01180255
AT2G21040,0.0032367285
AT2G21045,0.005968202
AT2G21050,-0.50473046
AT2G21060,0.2373539
AT2G21070,-0.061920892
AT2G21080,-0.4665312
AT2G21090,-0.00992955
AT2G21100,0.22264683
AT2G21110,0.0044199303
AT2G21120,-0.0006076172
AT2G21130,0.5588283
AT2G21140,0.57565683
AT2G21150,0.009696274
AT2G21160,0.23032004
AT2G21170,-0.24333988
AT2G21180,0.32432914
AT2G21185,0.072900765
AT2G21190,0.29094207
AT2G21195,-0.10794159
AT2G21200,-0.19695877
AT2G21210,-0.40723503
AT2G21220,-0.070177294
AT2G21230,0.03601623
AT2G21235,0.0016895399
AT2G21237,0.003140798
AT2G21240,0.14716111
AT2G21250,-0.09427595
AT2G21260,-0.011394416
AT2G21270,0.2261944
AT2G21280,-0.23523812
AT2G21290,0.09312948
AT2G21300,-0.3285943
AT2G21320,-0.14875738
AT2G21330,-0.6454267
AT2G21340,-0.22114824
AT2G21350,0.38573125
AT2G21370,-0.35734308
AT2G21380,-0.26395944
AT2G21385,-0.40062782
AT2G21390,0.09325234
AT2G21400,0.008559378
AT2G21410,0.061771054
AT2G21420,-0.015954077
AT2G21430,0.38469338
AT2G21440,0.047033995
AT2G21450,0.060392212
AT2G21455,0.0039121374
AT2G21465,0.003913466
AT2G21470,0.24542814
AT2G21480,0.014291752
AT2G21490,0.0035458033
AT2G21500,0.21898901
AT2G21510,0.5723426
AT2G21520,0.2120254
AT2G21530,-0.4342334
AT2G21540,-0.30276802
AT2G21550,0.060667325
AT2G21560,-0.24091284
AT2G21580,0.19037284
AT2G21590,-0.31528795
AT2G21595,-0.009325401
AT2G21600,0.069931366
AT2G21610,0.25299582
AT2G21620,0.80793816
AT2G21630,-0.01865452
AT2G21640,0.46367338
AT2G21650,-0.88213426
AT2G21655,0.0038944315
AT2G21660,0.22405684
AT2G21680,0.007423243
AT2G21690,0.0039037382
AT2G21710,-0.16055445
AT2G21720,0.0018905209
AT2G21725,0.0038944315
AT2G21727,0.0038944315
AT2G21730,-0.16182168
AT2G21740,0.0070966226
AT2G21750,0.0038698607
AT2G21770,-0.19426401
AT2G21780,0.29963133
AT2G21790,0.035737835
AT2G21800,0.016702067
AT2G21810,0.0039735683
AT2G21820,0.18050684
AT2G21830,-0.29658628
AT2G21840,0.12797244
AT2G21850,0.29426536
AT2G21860,-0.08961005
AT2G21870,0.16837569
AT2G21880,-0.35563335
AT2G21890,-0.06406345
AT2G21900,0.16626818
AT2G21910,0.04698889
AT2G21920,0.0045493348
AT2G21930,0.0058911187
AT2G21940,-0.0017359754
AT2G21950,-0.013143681
AT2G21960,-0.22981592
AT2G21970,-0.11306251
AT2G21980,0.0039005354
AT2G21990,0.0025957709
AT2G22000,-0.31076434
AT2G22010,0.10288174
AT2G22030,0.004163073
AT2G22040,0.0037641784
AT2G22050,0.0038944315
AT2G22055,0.0038944315
AT2G22060,0.003863275
AT2G22070,-0.026269013
AT2G22080,-0.10770038
AT2G22088,-0.0019484976
AT2G22090,0.011468549
AT2G22100,-0.04845133
AT2G22120,0.03843075
AT2G22121,0.0040282425
AT2G22122,-0.1790355
AT2G22125,-0.28462604
AT2G22140,-0.039240245
AT2G22145,0.0045818477
AT2G22155,0.0038944315
AT2G22160,0.0038944315
AT2G22170,-0.23193367
AT2G22180,0.004368705
AT2G22190,-0.5404393
AT2G22200,0.1356266
AT2G22230,-0.33698308
AT2G22240,-0.46285462
AT2G22241,0.0039245817
AT2G22250,0.3162424
AT2G22260,-0.1528186
AT2G22270,-0.16406184
AT2G22290,0.0027071862
AT2G22300,0.051475544
AT2G22310,0.031301368
AT2G22320,0.044179674
AT2G22330,0.13369168
AT2G22340,-0.012479003
AT2G22345,0.0038944315
AT2G22360,0.2195441
AT2G22370,0.044039387
AT2G22390,0.0038944315
AT2G22400,-0.05710825
AT2G22410,-0.14697032
AT2G22420,-0.0029176597
AT2G22425,0.28598914
AT2G22426,0.010232385
AT2G22430,-0.022708336
AT2G22440,0.0041682506
AT2G22450,0.027575731
AT2G22460,0.026479019
AT2G22465,0.003356072
AT2G22470,2.0776927
AT2G22475,0.295729
AT2G22480,0.28624746
AT2G22490,0.08400766
AT2G22500,0.95474005
AT2G22510,0.61021876
AT2G22520,0.0038944315
AT2G22530,-0.1634595
AT2G22540,-0.27677748
AT2G22560,0.7185128
AT2G22570,0.23573792
AT2G22590,-0.00025270134
AT2G22600,-0.018630326
AT2G22610,-0.2486844
AT2G22620,0.1331483
AT2G22630,0.029019237
AT2G22640,-0.023500465
AT2G22650,-0.10943409
AT2G22660,0.07019501
AT2G22670,-0.47113475
AT2G22680,0.19484015
AT2G22690,0.26083443
AT2G22720,-0.03432021
AT2G22730,-0.09923629
AT2G22740,-0.13013755
AT2G22750,0.051400322
AT2G22760,0.8462369
AT2G22770,-0.114905916
AT2G22780,0.3877162
AT2G22790,0.08275355
AT2G22795,-0.57194024
AT2G22800,0.04812033
AT2G22805,0.0038944315
AT2G22807,0.0037310405
AT2G22810,-0.116644144
AT2G22820,0.005213088
AT2G22830,-0.2021004
AT2G22840,-0.03247421
AT2G22850,-0.3643516
AT2G22860,0.8555713
AT2G22870,-0.15576428
AT2G22880,0.59226674
AT2G22890,-0.09342154
AT2G22900,-0.2556303
AT2G22905,-0.026749527
AT2G22910,0.0022680673
AT2G22920,-0.20657669
AT2G22930,0.07661673
AT2G22940,0.004223448
AT2G22941,0.0038944315
AT2G22942,0.01038979
AT2G22950,0.0035829877
AT2G22960,0.003915288
AT2G22970,0.052174676
AT2G22980,-0.47684112
AT2G22990,-0.29063848
AT2G23000,0.050140973
AT2G23010,0.017250076
AT2G23030,0.15029006
AT2G23050,0.014096767
AT2G23060,-0.003233642
AT2G23067,0.0038944315
AT2G23070,0.06453339
AT2G23080,-0.05175394
AT2G23090,0.19022332
AT2G23093,-0.0016864134
AT2G23096,0.0019738742
AT2G23100,-0.28179175
AT2G23110,0.4132127
AT2G23118,0.0017484399
AT2G23120,0.18824603
AT2G23130,-0.14027351
AT2G23140,0.038324185
AT2G23142,0.0038944315
AT2G23148,0.01291594
AT2G23150,1.1250626
AT2G23160,0.0038944315
AT2G23170,1.9736924
AT2G23180,-0.32255176
AT2G23190,0.017963948
AT2G23200,0.12835011
AT2G23210,-0.0023526687
AT2G23220,0.0064149145
AT2G23230,0.003977684
AT2G23240,0.0020901668
AT2G23250,0.0035995776
AT2G23260,0.13665333
AT2G23270,0.70201355
AT2G23290,-0.32792738
AT2G23300,-0.36164895
AT2G23310,0.25143704
AT2G23320,0.5788031
AT2G23321,0.007629053
AT2G23340,0.06519811
AT2G23348,-0.005982917
AT2G23350,0.08430999
AT2G23360,-0.3727224
AT2G23370,0.16685402
AT2G23380,0.13457857
AT2G23390,-0.21607976
AT2G23400,0.004216038
AT2G23410,-0.006518556
AT2G23420,-0.032325763
AT2G23430,-0.15688464
AT2G23440,0.0039401813
AT2G23445,0.0091102915
AT2G23450,0.6891997
AT2G23460,-0.11579176
AT2G23470,-0.09735316
AT2G23510,0.0031868208
AT2G23520,-0.12741797
AT2G23530,0.0018993337
AT2G23540,0.112494
AT2G23550,0.011027735
AT2G23560,-0.35876855
AT2G23570,0.0037908729
AT2G23580,0.0037286012
AT2G23590,-0.040421475
AT2G23600,-0.6008907
AT2G23610,-0.43854868
AT2G23620,0.27312294
AT2G23630,-0.0016483931
AT2G23640,0.0035220485
AT2G23660,0.02458886
AT2G23670,-0.16624896
AT2G23680,0.8255965
AT2G23690,-0.365456
AT2G23700,-0.35899162
AT2G23740,-0.06928496
AT2G23755,-0.10879475
AT2G23760,0.04823108
AT2G23770,0.11811104
AT2G23780,0.13803965
AT2G23790,0.619577
AT2G23800,0.013531692
AT2G23810,0.6043487
AT2G23820,0.05193034
AT2G23830,0.39656088
AT2G23834,0.0017768667
AT2G23840,-0.05063541
AT2G23890,0.10264631
AT2G23900,0.004012564
AT2G23910,0.6752596
AT2G23930,0.10296389
AT2G23940,-0.061034497
AT2G23945,0.0006556495
AT2G23950,-0.22298278
AT2G23960,0.053168807
AT2G23970,0.03950685
AT2G23980,0.0012188746
AT2G23985,-0.13371138
AT2G23987,0.0024843544
AT2G23990,0.003935939
AT2G24000,0.00716163
AT2G24010,-0.35799348
AT2G24020,-0.27196273
AT2G24030,-0.09062014
AT2G24040,0.21355866
AT2G24050,0.087735154
AT2G24060,-0.3935018
AT2G24070,0.04833315
AT2G24080,0.004089245
AT2G24090,-0.3574531
AT2G24100,0.3050591
AT2G24120,0.101976156
AT2G24130,0.07735988
AT2G24140,-0.1418452
AT2G24150,-0.38693845
AT2G24170,-0.013439295
AT2G24180,1.1339525
AT2G24190,-0.2509044
AT2G24195,0.6264079
AT2G24200,0.629541
AT2G24205,0.0038944315
AT2G24210,0.14248277
AT2G24220,-0.20674111
AT2G24230,-0.25818124
AT2G24240,0.13559775
AT2G24250,-0.058892716
AT2G24255,0.007884138
AT2G24260,0.4120188
AT2G24270,-0.36019608
AT2G24280,-0.4386334
AT2G24285,0.5666049
AT2G24290,-0.1738187
AT2G24300,-0.33584782
AT2G24310,-0.0744213
AT2G24320,-0.012194517
AT2G24330,-0.0024128556
AT2G24340,0.0038928974
AT2G24350,-0.40867808
AT2G24360,0.19721419
AT2G24370,0.04703024
AT2G24390,-0.07660166
AT2G24395,-0.26780477
AT2G24400,0.0022478413
AT2G24410,0.004487239
AT2G24420,-0.19637012
AT2G24430,0.0113952905
AT2G24440,-0.21094823
AT2G24450,0.00519621
AT2G24460,0.056356803
AT2G24470,0.0039052172
AT2G24480,0.0041188668
AT2G24490,0.015892712
AT2G24500,0.21945304
AT2G24510,0.0038318662
AT2G24520,-0.11481094
AT2G24530,-0.02292391
AT2G24535,0.013056986
AT2G24540,-0.22182143
AT2G24550,-0.1177577
AT2G24560,-0.0034925856
AT2G24570,0.23918219
AT2G24580,-0.10929648
AT2G24590,0.01711323
AT2G24600,0.13078438
AT2G24610,-0.084579885
AT2G24615,0.0038770132
AT2G24617,0.0038944315
AT2G24620,0.0041894335
AT2G24625,0.003952067
AT2G24630,-0.47969857
AT2G24640,0.19331528
AT2G24645,-0.11836154
AT2G24650,-0.30340695
AT2G24670,0.003943504
AT2G24680,-0.0877331
AT2G24681,0.026714178
AT2G24683,0.0033914025
AT2G24690,-0.26865026
AT2G24692,-0.0054217805
AT2G24693,0.011449162
AT2G24696,0.0039570555
AT2G24700,-0.02668067
AT2G24710,0.011562437
AT2G24720,0.004361542
AT2G24740,0.0785516
AT2G24762,-0.74492925
AT2G24765,0.043100804
AT2G24780,0.004897988
AT2G24790,-0.27593535
AT2G24800,-0.0071803327
AT2G24810,0.0039106077
AT2G24820,0.12183726
AT2G24830,-0.013761918
AT2G24840,0.0041182037
AT2G24850,2.2510211
AT2G24860,0.28741583
AT2G24870,0.01045273
AT2G24880,0.0032877494
AT2G24940,0.096140675
AT2G24945,-0.108163655
AT2G24950,0.0038944315
AT2G24960,0.0032112338
AT2G24970,0.0010064984
AT2G24980,-0.008956375
AT2G24990,0.14885755
AT2G25000,0.5039317
AT2G25010,0.0816039
AT2G25050,-0.20490958
AT2G25055,0.004135286
AT2G25060,-0.20516162
AT2G25070,-0.051918477
AT2G25080,-0.42438722
AT2G25090,0.76224905
AT2G25100,-0.13505137
AT2G25110,0.4117843
AT2G25120,0.00406771
AT2G25125,0.0073170457
AT2G25130,0.06227077
AT2G25140,0.16346139
AT2G25150,-0.25549713
AT2G25160,0.009524354
AT2G25169,0.003954968
AT2G25170,-0.14366487
AT2G25180,-0.18409573
AT2G25185,0.0037616838
AT2G25190,0.22746885
AT2G25200,-0.19682552
AT2G25210,0.1386587
AT2G25215,0.006941134
AT2G25220,-0.36140385
AT2G25230,0.00463648
AT2G25240,0.06654134
AT2G25250,-0.20234422
AT2G25260,0.10437424
AT2G25270,-0.4570088
AT2G25280,0.06087251
AT2G25290,-0.15564293
AT2G25295,-0.020062706
AT2G25297,0.5803321
AT2G25300,0.048367042
AT2G25305,0.0041723954
AT2G25310,-0.07767529
AT2G25312,0.0040909103
AT2G25320,-0.031095328
AT2G25330,0.022544062
AT2G25340,0.0040188804
AT2G25344,0.0038944315
AT2G25350,-0.058513474
AT2G25355,0.08167418
AT2G25360,0.0037031851
AT2G25370,0.0039938954
AT2G25409,0.004162085
AT2G25410,0.005389212
AT2G25420,-0.0964503
AT2G25430,0.03400351
AT2G25440,1.106352
AT2G25450,0.83236575
AT2G25460,2.0746562
AT2G25470,-0.31174633
AT2G25480,-0.70981956
AT2G25482,-0.0024802722
AT2G25490,0.004428543
AT2G25500,0.0072279335
AT2G25510,0.7603016
AT2G25520,0.34441116
AT2G25530,0.45046186
AT2G25540,-0.05315839
AT2G25560,0.053727586
AT2G25565,0.0047403895
AT2G25580,-0.11083155
AT2G25590,-0.11574971
AT2G25600,0.052192345
AT2G25605,-0.15770932
AT2G25610,0.25517765
AT2G25620,0.5220723
AT2G25625,0.9032376
AT2G25630,0.005110509
AT2G25640,-0.089763135
AT2G25650,0.06428896
AT2G25660,-0.06788197
AT2G25670,0.14054957
AT2G25680,-0.065059386
AT2G25685,0.020557888
AT2G25690,-0.07837366
AT2G25700,-0.003432148
AT2G25710,-0.09907088
AT2G25720,-0.06931309
AT2G25730,0.15467153
AT2G25735,0.48391294
AT2G25737,0.2576486
AT2G25740,0.07543914
AT2G25750,0.0038944315
AT2G25770,0.0833171
AT2G25780,-0.022109164
AT2G25790,-0.05665185
AT2G25800,-0.19324732
AT2G25810,-0.04091907
AT2G25820,-0.128243
AT2G25830,-0.12300678
AT2G25840,-0.26281434
AT2G25850,0.0008218102
AT2G25870,0.07832203
AT2G25880,0.016828729
AT2G25890,0.010087813
AT2G25900,-0.3356935
AT2G25905,0.0033208092
AT2G25910,0.1718831
AT2G25920,-0.15007104
AT2G25930,-0.0070955553
AT2G25940,0.32833958
AT2G25950,-0.046119522
AT2G25964,-0.13984956
AT2G25970,0.1659244
AT2G25980,0.0014128109
AT2G25990,0.0037979055
AT2G26000,-0.010898598
AT2G26010,-0.599472
AT2G26020,-0.5113415
AT2G26030,-0.057958376
AT2G26040,-0.23495705
AT2G26050,0.0037739843
AT2G26060,0.18805264
AT2G26070,-0.13831455
AT2G26080,-0.25972638
AT2G26100,-0.04561152
AT2G26110,-0.39299646
AT2G26120,-0.024264432
AT2G26130,0.0040755006
AT2G26135,0.006511061
AT2G26140,0.10799002
AT2G26150,1.1306643
AT2G26160,-0.00036805528
AT2G26170,0.27397904
AT2G26180,-0.24544837
AT2G26190,0.107123785
AT2G26200,0.032730225
AT2G26210,0.09389978
AT2G26230,0.26994285
AT2G26240,0.24937622
AT2G26250,-0.45789668
AT2G26260,-0.026975626
AT2G26270,-0.15718831
AT2G26280,-0.061207216
AT2G26290,0.92549497
AT2G26300,0.12266821
AT2G26310,0.4821429
AT2G26320,0.0038944315
AT2G26330,-0.49498174
AT2G26350,0.07479019
AT2G26360,-0.119849525
AT2G26370,0.011248022
AT2G26380,0.017393347
AT2G26390,0.25615636
AT2G26400,0.94496936
AT2G26410,0.01674951
AT2G26420,0.0026083477
AT2G26430,0.0333516
AT2G26440,0.70782924
AT2G26450,0.014506544
AT2G26460,0.030100273
AT2G26470,-0.067935556
AT2G26480,0.05998085
AT2G26490,0.0037615874
AT2G26500,-0.2572656
AT2G26510,0.00901892
AT2G26515,-0.11002659
AT2G26520,-0.04120216
AT2G26530,0.5332281
AT2G26540,-0.15377165
AT2G26550,-0.2271568
AT2G26560,1.2884215
AT2G26570,-0.037837755
AT2G26580,-0.34452057
AT2G26590,0.26719284
AT2G26600,0.20694983
AT2G26610,0.020942971
AT2G26620,0.0032459497
AT2G26640,-0.19253932
AT2G26650,-0.06279334
AT2G26660,0.20797457
AT2G26670,0.12875031
AT2G26680,0.010738078
AT2G26690,0.05392486
AT2G26695,-0.8801522
AT2G26700,-0.09051175
AT2G26710,-0.5584443
AT2G26720,0.01499707
AT2G26730,-0.25808254
AT2G26740,0.41011858
AT2G26750,0.037578747
AT2G26760,-0.23264949
AT2G26770,0.012053194
AT2G26780,0.13242199
AT2G26790,-0.019814508
AT2G26800,0.09597367
AT2G26810,-0.021842107
AT2G26820,0.014678116
AT2G26830,0.16330802
AT2G26840,-0.21244682
AT2G26850,0.008322275
AT2G26860,-0.12310204
AT2G26865,0.0038944315
AT2G26870,-0.48343608
AT2G26880,0.004430051
AT2G26890,0.07167513
AT2G26900,-0.070682876
AT2G26910,-0.47925222
AT2G26920,0.2658969
AT2G26930,-0.21277827
AT2G26940,0.013644534
AT2G26950,0.004027938
AT2G26960,0.02218651
AT2G26970,0.07297579
AT2G26975,-0.20823316
AT2G26980,0.2539767
AT2G26990,0.10142973
AT2G27000,0.01870496
AT2G27010,0.015976882
AT2G27020,0.28601432
AT2G27030,-0.053895038
AT2G27035,-0.102187335
AT2G27040,-0.53188306
AT2G27050,-0.37475535
AT2G27060,-0.5000705
AT2G27070,0.0038952306
AT2G27080,0.5279848
AT2G27090,0.062033694
AT2G27100,0.12005926
AT2G27110,-0.099484004
AT2G27120,0.028280078
AT2G27130,-0.11598029
AT2G27140,-0.12761952
AT2G27145,0.0038944315
AT2G27150,0.30649903
AT2G27160,0.004423664
AT2G27170,-0.0677653
AT2G27180,0.00840494
AT2G27190,0.0119777955
AT2G27200,0.40320876
AT2G27210,0.13781765
AT2G27220,-0.02725558
AT2G27229,0.016907953
AT2G27230,0.007528489
AT2G27240,0.0021812397
AT2G27250,0.005582165
AT2G27260,0.08069595
AT2G27270,-0.005317261
AT2G27280,0.043366577
AT2G27290,-0.06981027
AT2G27300,-0.062217873
AT2G27310,0.5031944
AT2G27313,0.023084491
AT2G27315,0.0039797327
AT2G27320,0.0084441
AT2G27330,0.15077113
AT2G27340,-0.16181299
AT2G27350,0.06271253
AT2G27360,-0.046221968
AT2G27370,-0.009780609
AT2G27380,0.0055865026
AT2G27385,-0.5758082
AT2G27389,1.4723272
AT2G27390,0.033888422
AT2G27402,-0.552109
AT2G27410,0.012861781
AT2G27420,-0.09296525
AT2G27430,0.4413422
AT2G27450,-0.04912235
AT2G27460,-0.04399209
AT2G27470,-0.16946141
AT2G27480,0.13700406
AT2G27490,0.16221042
AT2G27500,0.31443068
AT2G27505,0.13569774
AT2G27507,0.004340775
AT2G27510,0.78278714
AT2G27520,0.00471548
AT2G27530,0.03403192
AT2G27535,0.005959505
AT2G27540,0.003901871
AT2G27550,0.040248808
AT2G27570,0.0067632683
AT2G27580,0.26448965
AT2G27590,-0.015784519
AT2G27600,0.2095991
AT2G27610,-0.11560416
AT2G27630,0.016558817
AT2G27650,-0.015084448
AT2G27660,0.42125738
AT2G27670,0.0038976877
AT2G27680,-0.251652
AT2G27690,0.53901845
AT2G27700,0.009676395
AT2G27710,0.21362704
AT2G27720,0.16510347
AT2G27730,0.34983215
AT2G27740,-0.10798704
AT2G27750,0.004460014
AT2G27760,-0.071395084
AT2G27770,-0.50536877
AT2G27775,0.09867025
AT2G27780,-0.0002392487
AT2G27790,-0.016768835
AT2G27800,-0.35462233
AT2G27810,-0.39178744
AT2G27820,0.3065739
AT2G27830,0.22549169
AT2G27840,0.12051171
AT2G27860,0.009015088
AT2G27880,-0.014134516
AT2G27890,0.0038944315
AT2G27920,-0.13408111
AT2G27930,-0.031741843
AT2G27940,0.0045581185
AT2G27950,-0.007088455
AT2G27960,0.0085959
AT2G27970,-0.0020611763
AT2G27980,-0.08939577
AT2G27990,0.0445054
AT2G28000,-0.15260305
AT2G28010,0.001965405
AT2G28020,0.0040634824
AT2G28030,0.003965152
AT2G28040,0.006533573
AT2G28050,-0.18434322
AT2G28060,0.07144606
AT2G28070,-0.22066085
AT2G28080,0.10941437
AT2G28085,0.12619841
AT2G28090,0.016200712
AT2G28100,-0.24421887
AT2G28105,-0.032493073
AT2G28110,0.79897374
AT2G28120,0.41992536
AT2G28130,0.40201178
AT2G28140,-0.22047313
AT2G28150,-0.4688594
AT2G28160,0.075238355
AT2G28170,0.0037512144
AT2G28180,0.0040218984
AT2G28190,-0.036233705
AT2G28200,-0.016872505
AT2G28210,1.167863
AT2G28220,0.0019379376
AT2G28225,0.0040752706
AT2G28230,-0.12525626
AT2G28240,-0.04541224
AT2G28250,-0.25788492
AT2G28260,-0.368759
AT2G28270,0.0038923007
AT2G28290,-0.056001544
AT2G28305,0.016604504
AT2G28310,-0.46393952
AT2G28315,0.15096584
AT2G28320,0.21102399
AT2G28330,0.03704145
AT2G28340,0.0052770055
AT2G28350,-0.10752358
AT2G28355,0.0038944315
AT2G28360,0.075693674
AT2G28370,0.21042283
AT2G28380,-0.08619002
AT2G28390,0.0057387254
AT2G28400,0.48043296
AT2G28405,0.003902943
AT2G28410,-0.48032168
AT2G28420,-0.13960247
AT2G28426,0.006254101
AT2G28430,0.1273741
AT2G28440,-0.06012596
AT2G28450,-0.097304545
AT2G28460,-0.22342546
AT2G28470,-0.7419413
AT2G28480,-0.009185786
AT2G28490,-0.00017245083
AT2G28500,0.31090462
AT2G28510,0.12528022
AT2G28520,0.058221947
AT2G28540,-0.0034583851
AT2G28550,-0.2388619
AT2G28560,-0.06254149
AT2G28570,0.24135764
AT2G28580,-0.23414616
AT2G28590,-0.09978572
AT2G28600,0.036026787
AT2G28605,-0.38115463
AT2G28610,0.005497294
AT2G28620,-0.15723585
AT2G28625,0.0034853888
AT2G28630,-0.34844998
AT2G28640,0.0063549415
AT2G28650,0.26901242
AT2G28660,0.0637944
AT2G28670,-0.09554731
AT2G28671,-0.18062682
AT2G28680,0.08732916
AT2G28690,0.038900916
AT2G28700,0.03709485
AT2G28710,0.73979706
AT2G28720,-0.1826121
AT2G28725,0.003815935
AT2G28755,-0.040737934
AT2G28760,0.2369737
AT2G28780,-0.0021734803
AT2G28790,-0.17312093
AT2G28800,-0.13390376
AT2G28810,-0.048589002
AT2G28815,0.15304554
AT2G28830,-0.11489624
AT2G28840,0.12405223
AT2G28850,0.0045309984
AT2G28860,0.00015063274
AT2G28870,-0.17511801
AT2G28880,-0.06366376
AT2G28890,0.33069852
AT2G28900,-0.105225615
AT2G28910,0.028793313
AT2G28920,0.027505068
AT2G28930,0.011887774
AT2G28940,0.035688546
AT2G28950,-0.92324996
AT2G28960,-0.0143108815
AT2G28970,0.019125618
AT2G28990,-0.0017694192
AT2G29000,0.0063171014
AT2G29020,0.0972477
AT2G29040,-0.0012514578
AT2G29045,0.0038944315
AT2G29050,-0.17323215
AT2G29060,0.04226086
AT2G29065,0.19543034
AT2G29070,0.23550372
AT2G29080,0.013236883
AT2G29090,-0.40851328
AT2G29100,0.22094624
AT2G29110,0.39814654
AT2G29120,0.004142776
AT2G29125,-0.16992563
AT2G29130,-0.22578587
AT2G29140,0.07032189
AT2G29150,0.41927233
AT2G29170,-0.3097376
AT2G29180,-0.43974116
AT2G29190,0.0031010888
AT2G29200,0.20077932
AT2G29210,-0.012483064
AT2G29220,0.036174633
AT2G29250,0.029008893
AT2G29260,0.14364196
AT2G29263,0.0033169256
AT2G29290,-0.94325346
AT2G29300,-0.6638814
AT2G29310,-0.60405606
AT2G29320,-0.3506463
AT2G29330,0.023479747
AT2G29340,-0.142145
AT2G29350,2.8998382
AT2G29360,-0.46468452
AT2G29370,-0.031703174
AT2G29380,0.07037514
AT2G29390,-0.030465899
AT2G29400,0.17194451
AT2G29410,0.14478533
AT2G29420,0.58655876
AT2G29430,0.41261315
AT2G29440,0.49535957
AT2G29450,0.45894358
AT2G29452,0.005199699
AT2G29460,2.4316452
AT2G29470,3.0515249
AT2G29480,1.018959
AT2G29485,0.0044541564
AT2G29490,1.2230453
AT2G29500,1.3974752
AT2G29510,-0.3931544
AT2G29525,-0.04175836
AT2G29530,0.096687
AT2G29540,0.022512242
AT2G29550,-0.3441471
AT2G29560,0.05920401
AT2G29570,-0.032444816
AT2G29580,-0.07172486
AT2G29590,0.15619653
AT2G29600,0.005161995
AT2G29605,0.0039327675
AT2G29610,0.0038944315
AT2G29620,0.07830929
AT2G29628,0.003895739
AT2G29630,-0.2936568
AT2G29640,0.042053957
AT2G29650,-0.18448108
AT2G29654,0.0038944315
AT2G29660,-0.22314705
AT2G29670,-0.29874998
AT2G29679,0.0039304933
AT2G29680,-0.2886596
AT2G29690,-0.09600085
AT2G29700,0.21468116
AT2G29710,-0.11810752
AT2G29720,0.41906166
AT2G29730,-0.31608862
AT2G29735,0.004277675
AT2G29740,-0.0011249172
AT2G29750,0.07582985
AT2G29760,0.12229993
AT2G29770,0.002926305
AT2G29780,0.0038944315
AT2G29790,0.0038944315
AT2G29800,0.003894192
AT2G29810,0.0038944315
AT2G29820,0.002675878
AT2G29830,0.0039027657
AT2G29840,0.003989044
AT2G29850,0.0041489718
AT2G29860,0.0038944315
AT2G29870,0.00011928411
AT2G29880,0.0039833807
AT2G29890,-0.3912134
AT2G29900,0.058248673
AT2G29910,0.045012545
AT2G29920,0.0033876554
AT2G29925,0.0038944315
AT2G29930,0.03985204
AT2G29940,0.9626307
AT2G29950,0.3365252
AT2G29960,0.022934258
AT2G29970,-0.100919954
AT2G29980,-0.5469712
AT2G29990,0.46239868
AT2G29995,0.4823811
AT2G30000,0.14029719
AT2G30010,-0.043517385
AT2G30020,0.32408783
AT2G30040,0.5925842
AT2G30050,0.22644638
AT2G30060,0.042852283
AT2G30070,-0.2488813
AT2G30080,0.040871896
AT2G30090,0.010059368
AT2G30100,-0.243383
AT2G30105,0.015871948
AT2G30110,0.2611666
AT2G30120,0.0061041503
AT2G30130,0.03517999
AT2G30140,1.3585286
AT2G30150,-0.111081325
AT2G30160,0.071325906
AT2G30170,-0.28918463
AT2G30200,-0.058889773
AT2G30210,-0.0041221175
AT2G30220,0.0025066263
AT2G30230,-0.30349246
AT2G30240,0.023654511
AT2G30250,0.34786114
AT2G30260,0.039463926
AT2G30270,0.325042
AT2G30280,-0.13153206
AT2G30290,0.04406066
AT2G30300,0.013048668
AT2G30310,-0.010116839
AT2G30320,-0.07778894
AT2G30330,0.009111485
AT2G30340,0.0437576
AT2G30350,-0.12382463
AT2G30360,0.8665195
AT2G30370,0.03670675
AT2G30380,-0.0026109174
AT2G30385,0.0039004087
AT2G30390,-0.27198353
AT2G30395,0.7071771
AT2G30400,0.30336896
AT2G30410,-0.13801278
AT2G30420,-0.21275379
AT2G30424,-0.39747772
AT2G30430,0.0038989044
AT2G30432,-0.017568016
AT2G30440,0.15607575
AT2G30460,-0.22179358
AT2G30470,0.021484556
AT2G30480,-0.03200992
AT2G30490,0.71997386
AT2G30500,0.0773992
AT2G30505,-0.1071639
AT2G30520,-0.17833138
AT2G30530,0.14017846
AT2G30540,-0.1873955
AT2G30550,0.99339753
AT2G30560,0.010420307
AT2G30570,-0.34158346
AT2G30575,-0.23869008
AT2G30580,0.1535343
AT2G30590,0.025634682
AT2G30600,-0.08200859
AT2G30615,0.010653895
AT2G30620,-0.031055486
AT2G30630,0.010337347
AT2G30650,0.0053511728
AT2G30660,0.4900552
AT2G30670,-0.0047817677
AT2G30680,0.0047651953
AT2G30690,-0.0077304463
AT2G30695,-0.30135483
AT2G30700,0.023213385
AT2G30710,0.0077168145
AT2G30720,0.65725636
AT2G30730,0.027510865
AT2G30740,0.007175514
AT2G30750,3.0340824
AT2G30760,0.011017021
AT2G30766,-0.123479575
AT2G30770,3.375309
AT2G30780,0.07614851
AT2G30790,-0.33975407
AT2G30800,-0.043182626
AT2G30810,0.0038944315
AT2G30820,-0.24029334
AT2G30830,0.63255256
AT2G30840,1.0303165
AT2G30860,0.4688798
AT2G30870,0.5205588
AT2G30880,0.116045065
AT2G30890,-0.4506961
AT2G30900,0.0038332145
AT2G30910,-0.03874631
AT2G30920,-0.07570023
AT2G30925,0.0038944315
AT2G30930,0.009512146
AT2G30933,-0.09068197
AT2G30940,0.0023297158
AT2G30942,0.046793055
AT2G30950,-0.08512927
AT2G30960,-0.45173457
AT2G30970,0.326865
AT2G30980,-0.11296401
AT2G30985,0.0037750916
AT2G30990,0.0634587
AT2G31005,0.0038944315
AT2G31010,-0.093671836
AT2G31018,0.0038944315
AT2G31020,0.6940333
AT2G31030,0.0035886178
AT2G31035,0.004597201
AT2G31040,-0.23012681
AT2G31050,0.005703936
AT2G31060,0.44615015
AT2G31070,-0.2863126
AT2G31081,0.002695391
AT2G31082,0.0014077891
AT2G31083,0.12330401
AT2G31085,-0.014374596
AT2G31090,0.45346093
AT2G31100,0.0033969134
AT2G31110,-0.26162502
AT2G31130,0.1215963
AT2G31140,0.010670257
AT2G31141,0.103068046
AT2G31150,-0.3852053
AT2G31160,0.2568713
AT2G31170,-0.10537008
AT2G31180,0.50523406
AT2G31190,-0.14635797
AT2G31200,0.37509176
AT2G31210,0.0041870065
AT2G31215,0.0038944315
AT2G31220,-0.035960734
AT2G31230,0.03821973
AT2G31240,0.1342168
AT2G31250,0.050809547
AT2G31260,0.40059546
AT2G31265,0.0038944315
AT2G31270,0.06316786
AT2G31280,0.10111276
AT2G31290,-0.16285574
AT2G31300,0.05685168
AT2G31305,0.2498092
AT2G31310,-0.0024469085
AT2G31320,-0.2552521
AT2G31335,-0.09032991
AT2G31340,-0.07665766
AT2G31345,0.114857115
AT2G31350,0.21367516
AT2G31360,0.07123122
AT2G31370,-0.083619535
AT2G31380,-0.0032397846
AT2G31390,0.7834733
AT2G31400,0.1537507
AT2G31410,0.12778968
AT2G31420,0.12337006
AT2G31425,0.09935296
AT2G31430,0.0040512565
AT2G31432,0.0042225234
AT2G31440,-0.072904885
AT2G31450,-0.09917033
AT2G31460,0.003985689
AT2G31470,0.0040982147
AT2G31480,0.004558356
AT2G31490,0.13064018
AT2G31500,0.00518142
AT2G31510,0.0016823163
AT2G31530,-0.089301445
AT2G31540,0.015909813
AT2G31550,0.02323396
AT2G31560,0.3387425
AT2G31570,0.66033745
AT2G31580,-0.01892229
AT2G31590,0.029090904
AT2G31600,-0.03128225
AT2G31610,0.021046573
AT2G31620,0.0046108365
AT2G31650,0.026966074
AT2G31660,-0.04445082
AT2G31670,0.09404401
AT2G31680,0.11121873
AT2G31690,0.18221436
AT2G31700,0.003927087
AT2G31710,0.067011245
AT2G31720,0.003960524
AT2G31725,-0.07539178
AT2G31730,-0.10721564
AT2G31740,0.20849097
AT2G31750,-0.039334025
AT2G31760,0.0039688493
AT2G31770,0.0040441826
AT2G31780,0.0052114367
AT2G31790,-0.5477483
AT2G31800,0.022986615
AT2G31810,-0.047634978
AT2G31820,-0.0362908
AT2G31830,-0.120010175
AT2G31840,-0.12136269
AT2G31850,0.0053296
AT2G31862,0.007849847
AT2G31865,0.7590766
AT2G31870,-0.12341859
AT2G31880,0.38073802
AT2G31890,-0.14885817
AT2G31900,-0.4211402
AT2G31910,-0.16914922
AT2G31920,-0.019941298
AT2G31930,0.0045570214
AT2G31940,0.101645224
AT2G31945,1.053878
AT2G31953,0.004188835
AT2G31955,0.32866383
AT2G31957,0.02074227
AT2G31960,-0.08634486
AT2G31970,-0.12520945
AT2G31980,0.13602133
AT2G31981,0.0037035334
AT2G31985,0.0049728355
AT2G31990,0.22649205
AT2G32000,-0.10366458
AT2G32010,-0.691808
AT2G32020,0.38785958
AT2G32030,0.3832105
AT2G32040,-0.024916053
AT2G32050,0.1690169
AT2G32060,0.21608897
AT2G32070,0.010295388
AT2G32080,-0.036780205
AT2G32090,-0.14502098
AT2G32100,-0.62448484
AT2G32120,0.08799974
AT2G32130,0.3617231
AT2G32140,0.80323833
AT2G32150,0.19839622
AT2G32160,0.1660089
AT2G32170,-0.07547426
AT2G32180,-0.1873566
AT2G32190,2.2348058
AT2G32200,0.45895573
AT2G32210,1.7421947
AT2G32220,0.21955834
AT2G32230,-0.12831838
AT2G32235,0.029943742
AT2G32240,0.027990153
AT2G32250,0.28225383
AT2G32260,0.058742415
AT2G32270,0.00933054
AT2G32275,0.0044330354
AT2G32280,-0.0902577
AT2G32290,-0.14212753
AT2G32295,0.030603446
AT2G32300,-0.012173519
AT2G32310,0.0045467783
AT2G32320,0.015868306
AT2G32340,-0.21184896
AT2G32350,0.0046713087
AT2G32360,0.003905124
AT2G32370,0.0036420804
AT2G32380,0.14096516
AT2G32390,-0.029608563
AT2G32400,-0.01340731
AT2G32410,-0.097886026
AT2G32415,-0.15329935
AT2G32430,-0.16221263
AT2G32440,-0.3881743
AT2G32450,-0.22121261
AT2G32460,0.72839946
AT2G32470,0.017057724
AT2G32480,-0.041801006
AT2G32487,0.09272945
AT2G32500,-0.440236
AT2G32510,0.5100147
AT2G32520,0.43114546
AT2G32530,-0.096633255
AT2G32540,-0.22124167
AT2G32550,-0.12760335
AT2G32560,-0.5385074
AT2G32580,-0.15770195
AT2G32590,-0.03701335
AT2G32600,0.1146439
AT2G32610,0.05980851
AT2G32620,0.0019706585
AT2G32630,-0.07332971
AT2G32640,-0.37972388
AT2G32645,0.03588157
AT2G32650,-0.13209864
AT2G32660,1.5506316
AT2G32670,0.46847346
AT2G32680,0.4021964
AT2G32690,-0.5039595
AT2G32700,0.075921126
AT2G32710,-0.14730394
AT2G32720,-0.22555101
AT2G32730,0.076775216
AT2G32740,-0.0060564745
AT2G32750,-0.06957988
AT2G32760,0.037500475
AT2G32765,-0.09956054
AT2G32770,-0.11645076
AT2G32780,0.006836603
AT2G32785,0.0038944315
AT2G32788,0.0038944315
AT2G32790,0.010661599
AT2G32800,0.13089226
AT2G32810,-0.05290355
AT2G32820,-0.011598051
AT2G32830,0.17062671
AT2G32835,0.0038944315
AT2G32840,0.014515399
AT2G32850,0.22299396
AT2G32860,-0.40087298
AT2G32870,-0.3714416
AT2G32880,-0.2946401
AT2G32885,-0.05501787
AT2G32890,0.031692903
AT2G32900,0.07225934
AT2G32905,0.01754797
AT2G32910,0.052850734
AT2G32920,0.1601252
AT2G32930,0.16003883
AT2G32940,-0.14956029
AT2G32950,-0.15437143
AT2G32960,0.5898742
AT2G32970,-0.30903387
AT2G32980,-0.0060376045
AT2G32990,-0.33981618
AT2G33000,0.035689477
AT2G33010,0.0047036824
AT2G33020,0.18077938
AT2G33030,0.005775636
AT2G33040,0.20787899
AT2G33050,-0.41543162
AT2G33060,-0.16226612
AT2G33070,0.012420851
AT2G33080,0.51687074
AT2G33090,0.006411379
AT2G33100,0.41871133
AT2G33110,0.31264973
AT2G33120,0.3619558
AT2G33130,0.24538279
AT2G33150,0.7475886
AT2G33160,1.4136677
AT2G33170,0.31404683
AT2G33175,0.21309735
AT2G33180,-0.15927742
AT2G33190,0.015596266
AT2G33200,0.00017656107
AT2G33205,0.04089562
AT2G33210,0.17795384
AT2G33220,0.069458954
AT2G33230,0.004885103
AT2G33233,0.0038194202
AT2G33240,-0.059839886
AT2G33255,-0.22373168
AT2G33260,-0.002827989
AT2G33270,0.0040214607
AT2G33280,-0.15949468
AT2G33290,-0.15626456
AT2G33300,0.004492167
AT2G33310,-0.27988294
AT2G33320,0.08371919
AT2G33330,-0.65881485
AT2G33340,0.088353835
AT2G33350,-0.012809168
AT2G33360,-0.16683495
AT2G33380,1.1802951
AT2G33385,0.7133088
AT2G33390,-0.033494223
AT2G33400,-0.26977107
AT2G33410,0.24537171
AT2G33420,0.010549071
AT2G33430,0.0038944315
AT2G33435,-0.081723444
AT2G33450,-0.30093345
AT2G33460,0.03539764
AT2G33470,0.25395277
AT2G33480,0.024628153
AT2G33490,0.19639282
AT2G33500,-0.24611627
AT2G33510,-0.19158699
AT2G33520,0.0070619886
AT2G33530,-0.025758669
AT2G33540,-0.24511792
AT2G33550,-0.22974479
AT2G33560,-0.15934509
AT2G33570,-0.6111552
AT2G33580,0.42066845
AT2G33585,0.27342463
AT2G33590,0.5268759
AT2G33600,0.026513174
AT2G33610,0.036831938
AT2G33620,0.09990329
AT2G33630,0.17354073
AT2G33640,-0.0753197
AT2G33655,0.0038944315
AT2G33670,0.0063292235
AT2G33680,-0.06287605
AT2G33685,0.0038944315
AT2G33690,0.0041969097
AT2G33700,0.3861507
AT2G33705,0.003927536
AT2G33710,0.74891716
AT2G33720,0.030388264
AT2G33730,0.14648873
AT2G33735,-0.17634189
AT2G33740,0.06532576
AT2G33750,-0.0280833
AT2G33760,-0.016252935
AT2G33770,-0.07913524
AT2G33775,-0.040899
AT2G33780,0.111961626
AT2G33790,-0.024858885
AT2G33793,0.047484774
AT2G33796,0.003761258
AT2G33800,-0.45003602
AT2G33810,-0.21191747
AT2G33820,-0.18385597
AT2G33830,0.040100235
AT2G33835,0.023182472
AT2G33840,-0.040269617
AT2G33845,0.33871415
AT2G33847,0.07049962
AT2G33850,0.38886586
AT2G33855,-0.20067096
AT2G33860,-0.32863387
AT2G33870,0.003950848
AT2G33880,-7.844841e-05
AT2G33980,-0.03549546
AT2G33990,-0.06268593
AT2G34000,0.06102867
AT2G34010,-0.2086479
AT2G34020,-0.008428379
AT2G34030,0.01636039
AT2G34040,0.0599355
AT2G34050,-0.039198775
AT2G34060,-0.5721932
AT2G34070,0.53601444
AT2G34080,0.50943667
AT2G34090,-0.004776222
AT2G34100,0.003791162
AT2G34110,0.0039103143
AT2G34120,0.0038944315
AT2G34123,0.0038944315
AT2G34135,0.0038944315
AT2G34140,0.40506002
AT2G34150,-0.31897244
AT2G34160,0.23640828
AT2G34170,-0.58729124
AT2G34180,0.7540562
AT2G34185,-0.017688511
AT2G34186,0.0038944315
AT2G34190,-0.14117771
AT2G34200,-0.105079465
AT2G34210,0.006934751
AT2G34220,-0.14469476
AT2G34224,-0.005430924
AT2G34230,-0.017512022
AT2G34238,0.0138800265
AT2G34240,-0.03505178
AT2G34250,0.31505635
AT2G34260,0.2217743
AT2G34270,0.00478935
AT2G34280,0.013699409
AT2G34290,0.0036733467
AT2G34300,-0.39395425
AT2G34310,-0.16820478
AT2G34317,0.0032125488
AT2G34320,0.0024389215
AT2G34325,0.00693015
AT2G34330,0.0036572183
AT2G34340,0.0063187443
AT2G34350,0.019707337
AT2G34355,0.24652684
AT2G34357,0.10175997
AT2G34360,0.34030405
AT2G34370,-0.002285134
AT2G34380,-0.03638195
AT2G34390,-0.0037090536
AT2G34400,0.00041981507
AT2G34410,-0.020045377
AT2G34420,-0.36630645
AT2G34430,-0.540128
AT2G34440,0.03375456
AT2G34450,-0.0645582
AT2G34460,-0.0639671
AT2G34470,-0.02585672
AT2G34480,0.078132175
AT2G34490,-0.25671804
AT2G34500,2.7316387
AT2G34510,-0.6307242
AT2G34520,0.21203916
AT2G34530,-0.16803296
AT2G34540,-0.063394785
AT2G34555,-0.0066266004
AT2G34560,-0.24177276
AT2G34570,0.07876748
AT2G34580,0.057572246
AT2G34590,-0.061667096
AT2G34600,0.18035607
AT2G34610,0.38554612
AT2G34620,-0.7829986
AT2G34630,0.2809945
AT2G34640,-0.21445866
AT2G34650,0.07146599
AT2G34655,-0.13397367
AT2G34660,0.027659938
AT2G34670,-0.10532998
AT2G34680,-0.5586627
AT2G34690,0.055772413
AT2G34700,0.005320383
AT2G34710,-0.17427106
AT2G34720,-0.062568426
AT2G34730,0.16391887
AT2G34740,0.0042475974
AT2G34750,-0.0042015607
AT2G34770,-0.08100107
AT2G34780,-0.009416726
AT2G34790,0.23948318
AT2G34810,0.71331125
AT2G34820,-0.0032199316
AT2G34825,0.0038944315
AT2G34830,0.04769204
AT2G34840,0.061445948
AT2G34850,-0.22348242
AT2G34860,-0.2485153
AT2G34870,0.002905445
AT2G34880,0.017569222
AT2G34890,0.0039163344
AT2G34900,0.039533358
AT2G34910,-0.03721424
AT2G34920,-0.3106042
AT2G34925,-0.20230621
AT2G34930,-0.31291822
AT2G34940,0.44533607
AT2G34960,-0.34183526
AT2G34970,0.022186304
AT2G34980,-0.07206196
AT2G34990,0.011326559
AT2G35000,0.014716774
AT2G35010,0.122504175
AT2G35020,0.019023878
AT2G35030,-0.05353789
AT2G35035,-0.031637624
AT2G35040,0.021956714
AT2G35050,-0.06198092
AT2G35060,0.058835357
AT2G35065,0.0038944315
AT2G35075,-0.008408931
AT2G35080,0.004073046
AT2G35090,0.0049542314
AT2G35100,0.013289548
AT2G35110,-0.06819556
AT2G35120,-0.0862909
AT2G35130,-0.44398728
AT2G35140,-0.15664417
AT2G35150,-0.08474601
AT2G35155,-0.26730874
AT2G35160,-0.15634395
AT2G35170,-0.06742658
AT2G35190,-0.16718237
AT2G35200,0.00434917
AT2G35210,-0.06781936
AT2G35215,0.028436005
AT2G35230,0.0088688135
AT2G35240,0.1558211
AT2G35250,0.0040171742
AT2G35260,-0.3646759
AT2G35270,0.0024642164
AT2G35280,0.0029708613
AT2G35290,0.04595073
AT2G35300,0.23146121
AT2G35310,-0.010563831
AT2G35320,-0.06197748
AT2G35330,-0.046963226
AT2G35340,-0.25415587
AT2G35343,-0.011110448
AT2G35345,-0.0771678
AT2G35350,-0.23404588
AT2G35360,0.1708135
AT2G35370,-0.56953853
AT2G35380,0.03285977
AT2G35390,0.17393996
AT2G35410,-0.09371013
AT2G35420,-0.0068514054
AT2G35430,-0.05792733
AT2G35440,0.0038944315
AT2G35460,0.003155481
AT2G35470,-0.21694456
AT2G35480,0.35992146
AT2G35490,0.012072991
AT2G35500,-0.37043926
AT2G35510,0.10798853
AT2G35520,0.11779601
AT2G35530,0.10998249
AT2G35540,-0.024321131
AT2G35550,0.06496483
AT2G35555,-0.0121515645
AT2G35580,0.034739416
AT2G35585,-0.07092964
AT2G35600,-0.17408566
AT2G35605,0.0045018964
AT2G35610,0.1553346
AT2G35612,0.007843903
AT2G35615,0.0045294394
AT2G35620,-0.35478047
AT2G35630,-0.023760254
AT2G35635,0.18222855
AT2G35640,-0.09932175
AT2G35650,-0.22639328
AT2G35658,0.31509528
AT2G35660,-0.36321664
AT2G35670,0.0055925194
AT2G35680,0.008353838
AT2G35690,0.077301316
AT2G35700,-0.06846122
AT2G35710,0.55956817
AT2G35720,0.27770948
AT2G35730,1.6735274
AT2G35733,0.030487662
AT2G35736,0.30348784
AT2G35740,0.032810543
AT2G35750,-0.15652765
AT2G35760,-0.55548066
AT2G35765,0.0049184114
AT2G35770,0.041546732
AT2G35780,-0.17941265
AT2G35790,0.30653226
AT2G35795,0.04997931
AT2G35800,-0.20440926
AT2G35810,0.18977313
AT2G35820,0.050344095
AT2G35830,-0.34035608
AT2G35840,-0.14063275
AT2G35850,0.0074095665
AT2G35860,-0.58563334
AT2G35880,-0.3734386
AT2G35890,0.004315104
AT2G35900,0.13664919
AT2G35910,0.20729667
AT2G35920,-0.010699664
AT2G35930,0.47119203
AT2G35935,0.0066748173
AT2G35940,0.2505866
AT2G35950,0.117581956
AT2G35960,-0.41971323
AT2G35965,0.0520135
AT2G35970,0.12804703
AT2G35980,2.0603216
AT2G35990,0.013829998
AT2G36000,-0.25619543
AT2G36010,-0.057652097
AT2G36020,0.65244144
AT2G36026,-0.18450923
AT2G36030,0.023209855
AT2G36050,-0.53809744
AT2G36060,0.05406322
AT2G36070,0.0588485
AT2G36080,0.45736662
AT2G36090,0.07861284
AT2G36100,-0.018194923
AT2G36110,-0.009462005
AT2G36120,0.044168502
AT2G36130,-0.021909423
AT2G36145,-0.58847207
AT2G36160,0.06725583
AT2G36170,0.09727306
AT2G36180,0.0052556284
AT2G36190,0.0052859657
AT2G36200,-0.16355424
AT2G36210,0.05574581
AT2G36220,0.33014813
AT2G36230,-0.3722948
AT2G36240,-0.11687446
AT2G36250,-0.15215148
AT2G36255,0.0045877476
AT2G36260,0.0045377696
AT2G36270,0.3393629
AT2G36290,0.07223273
AT2G36295,0.0009721232
AT2G36300,0.20540375
AT2G36305,0.18579084
AT2G36307,0.0038944315
AT2G36310,0.25919348
AT2G36320,0.10382125
AT2G36325,0.028674075
AT2G36330,0.232328
AT2G36340,-0.20860158
AT2G36350,-0.036700606
AT2G36355,0.0728652
AT2G36360,0.16835444
AT2G36370,-0.05820882
AT2G36380,0.3981497
AT2G36390,-0.11414352
AT2G36400,-0.38950995
AT2G36410,-0.19614573
AT2G36420,-0.24985294
AT2G36430,-0.464612
AT2G36440,0.040137127
AT2G36450,0.0015651537
AT2G36460,0.3273654
AT2G36470,0.005053447
AT2G36480,0.056723956
AT2G36490,-0.37652397
AT2G36500,-0.017619314
AT2G36530,0.506207
AT2G36540,-0.01736691
AT2G36550,0.004253934
AT2G36560,0.0048122173
AT2G36570,-0.6576309
AT2G36580,0.53843206
AT2G36590,0.71420527
AT2G36610,0.003700205
AT2G36620,-0.0036638577
AT2G36630,0.21732034
AT2G36640,-0.09488389
AT2G36650,0.047914054
AT2G36660,0.015374864
AT2G36670,0.23650317
AT2G36680,0.13860197
AT2G36690,-0.42089486
AT2G36695,0.031066066
AT2G36700,0.0038729385
AT2G36710,0.011100891
AT2G36720,-0.1599383
AT2G36724,0.003946099
AT2G36730,-0.19467627
AT2G36740,-0.10982249
AT2G36750,0.19674067
AT2G36760,0.0066209496
AT2G36770,1.0359453
AT2G36780,1.7571507
AT2G36790,0.20096867
AT2G36800,1.040133
AT2G36810,-0.027367363
AT2G36815,0.0014712379
AT2G36830,0.35953185
AT2G36835,0.13739312
AT2G36840,0.0498586
AT2G36850,0.05135121
AT2G36854,0.0037538363
AT2G36870,-0.5954705
AT2G36880,0.353869
AT2G36885,0.031167269
AT2G36890,0.11034555
AT2G36895,0.03921605
AT2G36900,0.12044015
AT2G36910,-0.11359143
AT2G36920,0.009877915
AT2G36930,0.110750645
AT2G36950,0.5945018
AT2G36960,0.2218539
AT2G36970,-0.42835578
AT2G36980,-0.04301506
AT2G36985,-0.0059388936
AT2G36990,-0.36666784
AT2G37000,-0.0053665806
AT2G37010,0.003931249
AT2G37020,0.054862086
AT2G37025,-0.4179289
AT2G37030,-0.02114092
AT2G37035,0.009450982
AT2G37040,0.9129732
AT2G37050,-0.29565817
AT2G37060,0.2768652
AT2G37070,0.058829505
AT2G37080,-0.35081497
AT2G37090,-0.09874485
AT2G37100,0.031524174
AT2G37110,0.5703927
AT2G37120,-0.01581753
AT2G37125,0.015371509
AT2G37130,0.5528523
AT2G37140,-0.03910771
AT2G37150,0.26901695
AT2G37160,0.07029842
AT2G37170,0.060549144
AT2G37180,0.36668244
AT2G37190,-0.07395628
AT2G37195,-0.0322813
AT2G37200,0.068771474
AT2G37210,0.014430081
AT2G37220,-0.19267792
AT2G37230,-0.10695969
AT2G37240,-0.10863852
AT2G37250,0.5509925
AT2G37260,-0.16918366
AT2G37270,0.12019799
AT2G37280,0.25950393
AT2G37290,0.023028702
AT2G37300,-0.07148516
AT2G37310,-0.10539926
AT2G37320,-0.0801989
AT2G37330,-0.13198726
AT2G37340,0.00150564
AT2G37360,0.22378182
AT2G37370,-0.00748341
AT2G37380,-0.41450906
AT2G37390,0.038086236
AT2G37400,0.04653431
AT2G37410,0.111323714
AT2G37420,-0.18521696
AT2G37430,0.7848776
AT2G37435,0.009667255
AT2G37440,0.3627012
AT2G37450,-0.6244797
AT2G37460,-0.3031548
AT2G37470,0.15873879
AT2G37480,0.054388415
AT2G37500,-0.13985078
AT2G37510,0.0043836213
AT2G37520,0.17232053
AT2G37530,-0.06426958
AT2G37540,0.15690495
AT2G37550,0.02341489
AT2G37560,0.029175537
AT2G37570,0.019920954
AT2G37580,0.43306187
AT2G37585,-0.3111754
AT2G37590,-0.09208938
AT2G37600,-0.05749276
AT2G37610,0.014186561
AT2G37620,0.06979457
AT2G37630,-0.09554704
AT2G37640,-0.35998085
AT2G37650,-0.09189507
AT2G37660,-0.36710426
AT2G37670,0.062100485
AT2G37678,-0.14058231
AT2G37680,0.19088157
AT2G37690,0.36791345
AT2G37700,-0.005838647
AT2G37710,0.2414598
AT2G37720,-0.019431012
AT2G37730,0.004142295
AT2G37740,0.01578506
AT2G37750,1.482419
AT2G37760,0.92075354
AT2G37770,1.9885049
AT2G37780,0.010534294
AT2G37790,-0.283555
AT2G37800,0.0038976136
AT2G37805,0.027268857
AT2G37810,0.005182749
AT2G37820,0.04070808
AT2G37840,-0.057584684
AT2G37860,-0.23445232
AT2G37870,0.6597839
AT2G37880,-0.05983606
AT2G37890,0.12373209
AT2G37900,-0.40504965
AT2G37910,-0.0043936577
AT2G37925,-0.18051039
AT2G37930,-0.33443046
AT2G37940,0.34220418
AT2G37950,-0.7525907
AT2G37960,0.034307618
AT2G37970,0.6006014
AT2G37975,0.25168726
AT2G37980,0.8641088
AT2G37990,0.0638962
AT2G38000,0.24180235
AT2G38010,-0.20754308
AT2G38020,0.16326974
AT2G38025,0.007479094
AT2G38040,-0.25096217
AT2G38050,-0.109731056
AT2G38060,0.18324424
AT2G38070,-0.19377518
AT2G38080,0.06842113
AT2G38090,-0.4606975
AT2G38100,0.0025355872
AT2G38110,0.19204517
AT2G38120,-0.6374355
AT2G38130,0.23924594
AT2G38140,-0.2469274
AT2G38150,0.015220257
AT2G38152,0.027338162
AT2G38160,0.028662128
AT2G38170,0.1587775
AT2G38180,0.22539896
AT2G38185,-0.07821634
AT2G38195,-0.011266957
AT2G38210,-0.15414257
AT2G38220,0.011806473
AT2G38230,-0.09467742
AT2G38240,2.7913663
AT2G38250,0.96542627
AT2G38255,0.047647666
AT2G38270,0.1676182
AT2G38280,0.0045899716
AT2G38290,0.53094316
AT2G38300,-0.25761515
AT2G38310,-0.05681185
AT2G38320,-0.07872945
AT2G38330,-0.11520097
AT2G38340,1.4068356
AT2G38350,0.008815155
AT2G38360,0.69746035
AT2G38365,0.0088512795
AT2G38370,-0.019823506
AT2G38380,1.369896
AT2G38390,0.027002953
AT2G38400,0.2403943
AT2G38410,0.17180665
AT2G38420,-0.024027051
AT2G38430,-0.12109841
AT2G38440,-0.08207176
AT2G38450,0.042493373
AT2G38460,-0.40988168
AT2G38465,0.13717337
AT2G38470,0.7496979
AT2G38480,-0.23869182
AT2G38490,1.1246176
AT2G38500,0.1161502
AT2G38510,0.0038230903
AT2G38530,0.5050544
AT2G38540,0.02050892
AT2G38550,0.1013985
AT2G38560,0.13133176
AT2G38570,-0.32590634
AT2G38580,0.1454884
AT2G38590,0.0109165935
AT2G38600,0.055833578
AT2G38610,0.18785192
AT2G38620,-0.014871471
AT2G38630,-0.06190641
AT2G38640,0.35578704
AT2G38646,0.0042512477
AT2G38650,-0.10165001
AT2G38660,0.054269154
AT2G38670,0.16045175
AT2G38680,-0.15283409
AT2G38690,0.12744917
AT2G38695,-0.099747665
AT2G38700,0.04666087
AT2G38710,0.30060306
AT2G38720,0.04681766
AT2G38730,0.039897025
AT2G38740,0.05821455
AT2G38750,0.27351618
AT2G38760,0.18473727
AT2G38770,-0.008578075
AT2G38780,-0.27755535
AT2G38790,0.287582
AT2G38800,0.010745961
AT2G38810,0.045404416
AT2G38820,-0.1317407
AT2G38823,0.34809777
AT2G38830,0.3186292
AT2G38840,0.04524933
AT2G38860,1.5334373
AT2G38870,1.4279102
AT2G38880,0.1261856
AT2G38890,0.030004745
AT2G38900,0.003907176
AT2G38905,0.009301621
AT2G38910,0.0039739734
AT2G38920,0.03772218
AT2G38940,0.7670489
AT2G38950,0.028723596
AT2G38960,0.040446658
AT2G38970,-0.238663
AT2G38995,-0.22507901
AT2G39000,-0.094116956
AT2G39010,-0.31639248
AT2G39020,0.1514414
AT2G39030,1.6618384
AT2G39040,0.02581288
AT2G39050,0.97188014
AT2G39060,0.0039042623
AT2G39070,0.0038944315
AT2G39090,-0.10849875
AT2G39100,0.1877525
AT2G39110,0.28398338
AT2G39120,0.0061578867
AT2G39130,-0.10625744
AT2G39140,-0.09875933
AT2G39160,0.0019229599
AT2G39170,0.08247125
AT2G39180,-0.27278402
AT2G39190,-0.2669336
AT2G39200,0.49261335
AT2G39210,0.60517097
AT2G39220,-0.024678836
AT2G39230,0.04209872
AT2G39240,-0.16979694
AT2G39250,-0.61868554
AT2G39260,0.028969698
AT2G39270,0.5858609
AT2G39280,-0.35401872
AT2G39290,0.06728671
AT2G39300,-0.07422531
AT2G39310,0.46813393
AT2G39320,0.12639366
AT2G39330,-0.52082056
AT2G39340,-0.050577153
AT2G39350,1.0886363
AT2G39355,0.0039187144
AT2G39360,0.16436383
AT2G39370,-0.0018593812
AT2G39375,0.026903966
AT2G39380,0.028608
AT2G39390,0.0527422
AT2G39400,-0.13855384
AT2G39410,0.7689159
AT2G39415,0.0046593617
AT2G39420,0.26743674
AT2G39430,-0.005846623
AT2G39435,0.100498796
AT2G39445,0.070465624
AT2G39450,-0.24501711
AT2G39460,0.10263836
AT2G39470,-0.78170925
AT2G39480,0.080929
AT2G39490,0.046423826
AT2G39500,0.13112296
AT2G39510,-0.006341159
AT2G39518,1.4023525
AT2G39520,0.0039510834
AT2G39530,1.0133617
AT2G39540,0.0040778606
AT2G39550,0.133305
AT2G39560,-0.0842678
AT2G39570,-0.06451174
AT2G39580,-0.2267853
AT2G39590,0.013413425
AT2G39620,-0.04985751
AT2G39630,0.014679837
AT2G39640,0.004912265
AT2G39650,0.5679217
AT2G39660,0.732233
AT2G39670,-0.10427929
AT2G39690,-0.2701223
AT2G39700,-0.3701199
AT2G39705,-0.1448266
AT2G39710,0.6552612
AT2G39720,0.2038775
AT2G39725,0.53635716
AT2G39730,-0.716901
AT2G39740,0.037219085
AT2G39750,-0.14236169
AT2G39760,0.07720926
AT2G39770,0.05172393
AT2G39780,0.39732996
AT2G39782,0.0045376727
AT2G39790,0.009098557
AT2G39795,0.017993847
AT2G39800,0.0038359438
AT2G39805,0.12948613
AT2G39810,-0.051354945
AT2G39820,0.019846268
AT2G39830,0.31640276
AT2G39840,0.13856517
AT2G39850,-0.5559835
AT2G39851,0.0040325685
AT2G39855,0.0044489983
AT2G39865,0.0038944315
AT2G39870,-0.3249622
AT2G39880,-0.1999562
AT2G39890,-0.068772644
AT2G39900,-0.20938776
AT2G39910,0.002872505
AT2G39920,-0.09292755
AT2G39930,-0.4243281
AT2G39940,0.009895799
AT2G39950,-0.104959555
AT2G39960,0.17657895
AT2G39970,0.2769641
AT2G39975,0.013260034
AT2G39990,0.14142853
AT2G40000,-0.027795801
AT2G40004,0.0050219274
AT2G40010,-0.050759945
AT2G40020,-0.14281945
AT2G40030,-0.21946667
AT2G40050,0.10903715
AT2G40060,0.08191534
AT2G40070,-0.21069123
AT2G40080,0.3878651
AT2G40085,-0.04565162
AT2G40090,0.26416194
AT2G40095,0.8207953
AT2G40100,-0.6139391
AT2G40110,0.30167812
AT2G40113,1.0415455
AT2G40116,0.09496415
AT2G40120,-0.096657895
AT2G40130,-0.5203123
AT2G40140,0.55651736
AT2G40150,-0.40622124
AT2G40160,0.1040304
AT2G40165,-0.03891171
AT2G40170,0.17369615
AT2G40180,0.38256767
AT2G40190,0.066864215
AT2G40200,0.4367756
AT2G40210,0.00392365
AT2G40220,0.0022916421
AT2G40230,-0.15083237
AT2G40240,-0.0070173205
AT2G40250,0.002743451
AT2G40260,-0.27017754
AT2G40270,0.18251365
AT2G40280,-0.058033247
AT2G40290,0.09641716
AT2G40300,0.031469733
AT2G40310,0.0039446373
AT2G40313,0.0038944315
AT2G40320,-0.20299266
AT2G40330,-0.011805269
AT2G40340,0.8351149
AT2G40350,0.021556295
AT2G40360,0.07382176
AT2G40370,0.9686015
AT2G40380,0.024238845
AT2G40390,0.7068813
AT2G40400,-0.03394924
AT2G40410,0.067779884
AT2G40420,0.23979928
AT2G40430,-0.0016846154
AT2G40435,-0.2331568
AT2G40440,-0.000610341
AT2G40450,0.0033597306
AT2G40460,-0.14236659
AT2G40470,0.093207024
AT2G40475,-0.5471401
AT2G40480,-0.43888232
AT2G40490,-0.24374998
AT2G40500,0.027250402
AT2G40510,0.14135958
AT2G40520,-0.00015659693
AT2G40530,-0.6775489
AT2G40540,-0.3798703
AT2G40550,0.10951635
AT2G40560,0.0046152417
AT2G40570,-0.15207396
AT2G40580,0.004979856
AT2G40590,0.11885387
AT2G40600,0.22075085
AT2G40610,-1.1540984
AT2G40620,0.09692868
AT2G40630,0.03135838
AT2G40640,-0.40421084
AT2G40650,0.022906614
AT2G40660,-0.033721536
AT2G40670,0.110233776
AT2G40690,-0.22305305
AT2G40700,0.11799812
AT2G40710,0.112428926
AT2G40711,-0.08718717
AT2G40715,0.01650319
AT2G40720,-0.09066462
AT2G40730,0.16343457
AT2G40740,0.1910821
AT2G40745,-0.0035409133
AT2G40750,0.7294917
AT2G40760,-0.22717561
AT2G40765,0.47219148
AT2G40770,-0.0705994
AT2G40780,0.17364621
AT2G40790,0.019088138
AT2G40800,0.04029349
AT2G40810,-0.03447998
AT2G40815,-0.21822679
AT2G40820,0.17646496
AT2G40830,0.17817682
AT2G40840,-0.22730179
AT2G40850,-0.05637245
AT2G40860,-0.11371382
AT2G40880,-0.14068435
AT2G40890,0.19809896
AT2G40900,-0.32562545
AT2G40910,0.01996191
AT2G40920,-0.10200503
AT2G40925,0.026100978
AT2G40930,0.04656561
AT2G40935,-0.00570068
AT2G40940,0.32658496
AT2G40950,0.2866402
AT2G40955,0.14036345
AT2G40960,-0.4285555
AT2G40970,-0.15370353
AT2G40980,-0.035807617
AT2G40990,0.013517714
AT2G40995,0.0038944315
AT2G41000,0.09068384
AT2G41010,0.07898281
AT2G41020,-0.03764537
AT2G41040,0.2999808
AT2G41050,-0.11171723
AT2G41060,-0.08675048
AT2G41070,0.11769605
AT2G41080,-0.18432324
AT2G41082,-0.048691224
AT2G41090,0.30319425
AT2G41100,0.724021
AT2G41105,-0.0008297206
AT2G41110,0.5962968
AT2G41120,-0.017470961
AT2G41130,-0.2167535
AT2G41140,0.0047721597
AT2G41150,-0.04622766
AT2G41160,0.14464523
AT2G41170,-0.11542616
AT2G41180,-0.30261877
AT2G41190,-0.0021880933
AT2G41200,0.027955966
AT2G41210,0.0001334399
AT2G41220,0.21172775
AT2G41225,0.0045591244
AT2G41230,0.5006972
AT2G41231,0.023173729
AT2G41240,-0.021844536
AT2G41250,-0.23187053
AT2G41260,0.17530747
AT2G41280,0.07061323
AT2G41290,-0.512923
AT2G41300,-0.37580493
AT2G41310,-0.20923515
AT2G41330,-0.34999856
AT2G41340,-0.11502141
AT2G41342,0.13971505
AT2G41350,-0.13479887
AT2G41355,0.003942832
AT2G41360,0.008400715
AT2G41370,-0.12783691
AT2G41375,0.0066257827
AT2G41380,0.88912565
AT2G41390,0.003911622
AT2G41400,0.0042362497
AT2G41410,0.62322617
AT2G41415,0.009987822
AT2G41417,0.0038944315
AT2G41420,0.21492018
AT2G41430,-0.15158813
AT2G41440,0.022061512
AT2G41445,0.05540278
AT2G41450,0.0031248443
AT2G41451,0.014540628
AT2G41460,0.006539509
AT2G41470,0.011487615
AT2G41473,0.004459506
AT2G41475,0.034355287
AT2G41480,-0.45228815
AT2G41490,0.1481903
AT2G41500,0.046732556
AT2G41505,-0.049156923
AT2G41510,0.050224338
AT2G41515,-0.04456302
AT2G41520,-0.052306443
AT2G41530,0.08212754
AT2G41540,0.2395637
AT2G41550,-0.13974577
AT2G41560,-0.3684919
AT2G41590,0.028837452
AT2G41600,-0.022028746
AT2G41610,-0.028375551
AT2G41620,-0.07083815
AT2G41630,-0.04789239
AT2G41640,0.2819156
AT2G41650,-0.12775926
AT2G41660,-0.047152717
AT2G41670,0.25270703
AT2G41680,-0.1582072
AT2G41690,0.36172986
AT2G41700,0.20721972
AT2G41705,0.290186
AT2G41710,-0.2730696
AT2G41720,-0.26592168
AT2G41730,1.204621
AT2G41740,0.050922204
AT2G41750,0.09039271
AT2G41760,-0.25451493
AT2G41770,-0.05406545
AT2G41780,0.49561095
AT2G41790,0.13653016
AT2G41800,0.6698304
AT2G41810,0.20343912
AT2G41820,-0.5395203
AT2G41830,0.1765755
AT2G41835,0.58245564
AT2G41840,0.00944971
AT2G41850,2.4031992
AT2G41860,0.0072539183
AT2G41870,-0.18415187
AT2G41880,0.00085413456
AT2G41890,-0.14232095
AT2G41900,0.115356565
AT2G41905,0.45378426
AT2G41910,0.0068813837
AT2G41920,0.005224814
AT2G41930,-0.0012175757
AT2G41940,-0.35495773
AT2G41945,0.3219019
AT2G41950,-0.1449888
AT2G41960,-0.03436708
AT2G41970,0.0019427337
AT2G41980,-0.07505985
AT2G41990,-0.120801896
AT2G41997,0.0033613602
AT2G42000,0.003684609
AT2G42005,-0.0070633558
AT2G42010,0.121623315
AT2G42030,-0.06760314
AT2G42040,-0.18232502
AT2G42060,-0.061576407
AT2G42065,0.094628215
AT2G42070,-0.022250408
AT2G42080,0.13005418
AT2G42090,-0.0038763452
AT2G42100,0.003911991
AT2G42110,-0.06333735
AT2G42120,-0.14539249
AT2G42130,-0.044200126
AT2G42140,0.09788378
AT2G42150,0.10488317
AT2G42160,0.01458602
AT2G42170,-0.35965788
AT2G42180,0.0039421283
AT2G42190,-0.39352408
AT2G42200,-0.10386178
AT2G42210,0.08311799
AT2G42220,-0.6144939
AT2G42230,0.04032932
AT2G42240,0.103748284
AT2G42250,0.023595236
AT2G42260,0.0942299
AT2G42270,-0.13623136
AT2G42280,0.22644462
AT2G42290,-0.249687
AT2G42300,-0.26472995
AT2G42310,0.33149013
AT2G42320,-0.52501863
AT2G42330,-0.041639827
AT2G42340,0.037766326
AT2G42350,0.5771952
AT2G42360,1.0395905
AT2G42370,-0.12789878
AT2G42380,-0.82013255
AT2G42390,0.08215448
AT2G42395,-0.083420254
AT2G42400,0.01818794
AT2G42410,0.0042001773
AT2G42430,0.07986795
AT2G42440,0.008617998
AT2G42450,-0.06961385
AT2G42455,0.0037920503
AT2G42460,0.034825396
AT2G42465,0.0039251023
AT2G42470,0.01903926
AT2G42475,0.04195474
AT2G42480,0.075450964
AT2G42490,0.05970918
AT2G42500,-0.07001215
AT2G42510,-0.3217226
AT2G42520,0.32645556
AT2G42530,-0.069648765
AT2G42540,-0.048841327
AT2G42550,0.0039246487
AT2G42560,0.49461448
AT2G42570,-0.06984233
AT2G42580,-0.33071056
AT2G42590,-0.2357136
AT2G42600,-0.15033263
AT2G42610,-0.17831929
AT2G42620,0.002223911
AT2G42640,-0.008515681
AT2G42650,0.089499705
AT2G42660,0.0030996623
AT2G42670,0.02174485
AT2G42680,0.3758253
AT2G42690,-0.43360516
AT2G42700,0.16610067
AT2G42710,0.048218925
AT2G42720,-0.073787674
AT2G42725,0.0075556436
AT2G42730,-0.15069182
AT2G42740,-0.14706823
AT2G42750,-0.10804392
AT2G42760,-0.23106338
AT2G42770,-0.08165505
AT2G42780,0.03409029
AT2G42790,0.53207076
AT2G42800,-0.042251926
AT2G42810,-0.0054560867
AT2G42820,-0.12657367
AT2G42830,0.00094189495
AT2G42840,0.8839138
AT2G42850,-0.01235428
AT2G42860,0.001080635
AT2G42865,-0.02521122
AT2G42870,-0.6272377
AT2G42880,-0.20843725
AT2G42885,0.0048106345
AT2G42890,0.4066203
AT2G42900,-0.18745166
AT2G42910,0.046398167
AT2G42920,-0.28369942
AT2G42930,0.006202139
AT2G42940,0.008289646
AT2G42950,0.30072817
AT2G42955,-0.038828943
AT2G42960,-0.28403887
AT2G42975,-0.3144956
AT2G42980,0.47470978
AT2G42990,0.0045051896
AT2G43000,1.8264265
AT2G43010,-0.411953
AT2G43020,0.69810194
AT2G43030,-0.2831069
AT2G43040,0.039733984
AT2G43050,0.18170273
AT2G43060,0.11214423
AT2G43070,0.16034065
AT2G43080,0.18405153
AT2G43090,0.30921426
AT2G43100,-0.65343916
AT2G43110,0.08797748
AT2G43120,0.5123585
AT2G43130,-0.03277674
AT2G43140,0.59608835
AT2G43150,0.34869578
AT2G43160,0.12564717
AT2G43180,0.09060752
AT2G43190,0.10257318
AT2G43200,-0.35088584
AT2G43210,-0.03202365
AT2G43220,0.0040536714
AT2G43230,0.120417334
AT2G43240,0.2622101
AT2G43250,0.048565358
AT2G43255,-0.0039511975
AT2G43260,0.0021599613
AT2G43261,0.0034642033
AT2G43270,0.006117902
AT2G43280,0.0348563
AT2G43290,0.33328173
AT2G43310,-0.06225155
AT2G43320,0.51223737
AT2G43330,-0.059774
AT2G43340,-0.28835222
AT2G43350,0.07490024
AT2G43360,-0.32589296
AT2G43370,-0.011929892
AT2G43386,0.0039190967
AT2G43390,0.007457142
AT2G43400,0.16881035
AT2G43410,0.047279518
AT2G43420,0.1865101
AT2G43430,-0.0027738633
AT2G43440,-0.06852696
AT2G43445,-0.20163064
AT2G43450,0.0047845445
AT2G43460,0.061588246
AT2G43465,-0.24868149
AT2G43470,0.024943814
AT2G43480,0.0008282556
AT2G43490,0.38796684
AT2G43500,-0.19988091
AT2G43510,1.8247269
AT2G43520,0.53991765
AT2G43530,0.050792802
AT2G43535,0.27669442
AT2G43540,0.32219437
AT2G43550,0.02734364
AT2G43560,-0.33528736
AT2G43570,2.1388323
AT2G43580,0.6052393
AT2G43590,0.92011946
AT2G43600,-0.00092072255
AT2G43610,0.041585527
AT2G43620,0.33675584
AT2G43630,0.008082592
AT2G43640,0.24584527
AT2G43650,-0.047768135
AT2G43660,0.017476784
AT2G43670,0.027141204
AT2G43680,0.051912274
AT2G43690,-0.27967858
AT2G43700,-0.06535733
AT2G43710,-0.23204155
AT2G43720,-0.015386599
AT2G43730,0.020867927
AT2G43740,0.007470768
AT2G43745,-0.008342629
AT2G43750,-0.03442521
AT2G43760,0.06687262
AT2G43770,0.14343683
AT2G43780,0.1952127
AT2G43790,0.18415517
AT2G43795,0.0036626477
AT2G43800,-0.22220482
AT2G43810,0.0573152
AT2G43820,0.94233435
AT2G43840,-0.00046455613
AT2G43850,-0.03105364
AT2G43860,0.00438366
AT2G43865,0.02740644
AT2G43870,1.3350328
AT2G43880,0.008305868
AT2G43890,-0.008333654
AT2G43900,-0.11804216
AT2G43910,-0.3534323
AT2G43920,-0.49228176
AT2G43930,-0.12178322
AT2G43940,0.19535583
AT2G43945,-0.053517025
AT2G43950,0.10635161
AT2G43960,0.0116527015
AT2G43970,0.0591632
AT2G43980,0.18346028
AT2G43990,0.022539278
AT2G44000,-0.02449408
AT2G44010,0.68119174
AT2G44020,0.04424459
AT2G44030,0.005577573
AT2G44040,-0.121923566
AT2G44050,-0.103256695
AT2G44060,-0.09055719
AT2G44065,0.1663217
AT2G44070,0.24411483
AT2G44080,0.35903123
AT2G44090,-0.016718483
AT2G44100,0.24497317
AT2G44110,0.005086139
AT2G44120,0.13571109
AT2G44130,0.11174015
AT2G44140,0.10723221
AT2G44150,-0.120259136
AT2G44160,-0.23357016
AT2G44170,0.0038944315
AT2G44175,0.0067752916
AT2G44180,0.22550721
AT2G44190,-0.045893516
AT2G44195,0.04721945
AT2G44198,0.0038944315
AT2G44200,0.031697072
AT2G44210,-0.21173505
AT2G44220,-0.016343229
AT2G44230,-0.52157456
AT2G44240,0.6079376
AT2G44250,0.0058675134
AT2G44260,0.17007558
AT2G44270,0.024334671
AT2G44280,0.3955631
AT2G44290,0.6301605
AT2G44300,-0.19350286
AT2G44310,0.1163241
AT2G44330,0.0051450315
AT2G44340,0.0023204305
AT2G44350,0.5515085
AT2G44360,0.113664985
AT2G44370,-0.19690998
AT2G44380,-0.047615785
AT2G44390,0.037882943
AT2G44400,0.08699358
AT2G44410,0.2216642
AT2G44420,0.20272475
AT2G44430,0.004909284
AT2G44440,-0.17494042
AT2G44450,0.30657864
AT2G44460,0.07896874
AT2G44470,0.004912838
AT2G44480,0.18959396
AT2G44490,0.08749717
AT2G44500,0.10137544
AT2G44510,0.21021426
AT2G44520,0.268406
AT2G44525,0.22340076
AT2G44530,0.08123186
AT2G44540,0.0049780556
AT2G44550,0.003867481
AT2G44560,0.005061205
AT2G44570,0.054542154
AT2G44578,0.30970037
AT2G44580,0.0011079529
AT2G44581,0.0050762272
AT2G44590,0.003023917
AT2G44600,0.22479534
AT2G44610,0.047326434
AT2G44620,0.09086103
AT2G44630,-0.17743345
AT2G44640,-0.27074465
AT2G44650,-0.008098792
AT2G44660,0.13854277
AT2G44670,-0.16718102
AT2G44680,0.0147908805
AT2G44690,-0.019515745
AT2G44700,-0.067142464
AT2G44710,0.16641389
AT2G44730,-0.009235782
AT2G44735,0.0070732427
AT2G44740,-0.6533645
AT2G44745,-0.074698426
AT2G44750,0.06396223
AT2G44760,0.01203574
AT2G44770,0.1587295
AT2G44790,2.0049937
AT2G44800,0.019111559
AT2G44810,-0.09735912
AT2G44820,-0.011224014
AT2G44830,-0.33872056
AT2G44840,0.19406974
AT2G44850,-0.04917778
AT2G44860,0.18925981
AT2G44870,0.032218244
AT2G44880,-0.15110724
AT2G44890,0.13983963
AT2G44900,-0.022193268
AT2G44910,-0.08788059
AT2G44920,-0.3720797
AT2G44925,0.0045138905
AT2G44930,-0.23557396
AT2G44940,-0.19620013
AT2G44950,-0.102827676
AT2G44970,0.2815971
AT2G44980,0.17052412
AT2G44990,0.5324062
AT2G44993,0.0026476316
AT2G45000,0.21141042
AT2G45010,0.31111905
AT2G45030,0.24538696
AT2G45040,-0.051509563
AT2G45050,-0.12514944
AT2G45060,0.14648484
AT2G45070,0.3920213
AT2G45080,0.034918364
AT2G45100,-0.22454508
AT2G45110,0.0039104735
AT2G45120,-0.119817086
AT2G45130,0.05392252
AT2G45135,0.06615178
AT2G45140,0.25631446
AT2G45150,-0.1272788
AT2G45160,-0.006379131
AT2G45170,0.17711018
AT2G45180,-0.5659498
AT2G45190,-0.55525714
AT2G45200,-0.08532852
AT2G45210,0.9558177
AT2G45220,3.0042498
AT2G45240,0.1946764
AT2G45243,0.024172917
AT2G45250,-0.061923344
AT2G45260,0.0150036635
AT2G45270,0.0056254677
AT2G45280,0.036579933
AT2G45290,0.4451972
AT2G45300,0.76080054
AT2G45310,-0.11877967
AT2G45320,0.16116442
AT2G45330,0.26551256
AT2G45340,-0.17249455
AT2G45350,-0.21496488
AT2G45360,0.61704177
AT2G45370,0.0038944315
AT2G45400,-0.45353588
AT2G45403,0.0038188335
AT2G45403,0.0038188335
AT2G45405,0.001766717
AT2G45406,0.0038944315
AT2G45410,-0.0010956116
AT2G45420,0.042590883
AT2G45430,0.0029697556
AT2G45440,0.16689716
AT2G45450,-0.13223724
AT2G45460,-0.14425917
AT2G45470,-0.7088895
AT2G45480,-0.042199675
AT2G45490,-0.026721826
AT2G45500,0.37464678
AT2G45510,0.07690291
AT2G45520,0.010388375
AT2G45530,-0.056781616
AT2G45540,0.07300494
AT2G45550,0.02931151
AT2G45560,-0.2899851
AT2G45570,2.9298074
AT2G45580,0.11678519
AT2G45590,-0.27570435
AT2G45600,-0.34855258
AT2G45610,-0.003285095
AT2G45620,-0.006583324
AT2G45630,0.16713046
AT2G45640,0.05594802
AT2G45650,0.0013102867
AT2G45660,-0.05120148
AT2G45670,-0.02967836
AT2G45680,0.05781257
AT2G45690,-0.041906398
AT2G45695,0.2614827
AT2G45700,-0.13866085
AT2G45710,0.2809501
AT2G45720,-0.065017484
AT2G45730,-0.122541755
AT2G45740,0.14246027
AT2G45750,0.06885601
AT2G45760,2.3302467
AT2G45770,-0.06471801
AT2G45790,0.09226451
AT2G45800,-0.25735134
AT2G45810,-0.17990261
AT2G45820,-0.43149996
AT2G45830,-0.31062984
AT2G45840,0.0212755
AT2G45850,-0.3369368
AT2G45860,-0.057474572
AT2G45870,-0.058784712
AT2G45880,-0.06702042
AT2G45890,-0.028221754
AT2G45900,-0.15556048
AT2G45910,0.061390296
AT2G45920,0.12232491
AT2G45930,0.073772915
AT2G45940,-0.097444974
AT2G45950,-0.09570976
AT2G45960,-0.07746752
AT2G45970,-0.37202314
AT2G45980,0.16548486
AT2G45990,-0.18385871
AT2G46000,0.25206444
AT2G46020,-0.00393297
AT2G46030,-0.012031273
AT2G46040,0.26630402
AT2G46050,-0.0027833458
AT2G46060,-0.081527054
AT2G46070,-0.119740486
AT2G46080,0.12118772
AT2G46090,0.07601856
AT2G46100,0.14935668
AT2G46110,-0.27635267
AT2G46130,0.024737917
AT2G46140,0.5495653
AT2G46150,0.27322578
AT2G46160,-0.08111158
AT2G46170,0.31343156
AT2G46180,-0.102926426
AT2G46190,0.003921285
AT2G46200,0.04540555
AT2G46210,-0.079856955
AT2G46220,-0.0849124
AT2G46225,-0.47658512
AT2G46230,0.20277882
AT2G46240,0.3186492
AT2G46250,-0.72703886
AT2G46260,0.1981879
AT2G46270,0.14941366
AT2G46280,0.08589977
AT2G46290,-0.16099696
AT2G46300,-0.023331404
AT2G46308,0.003979901
AT2G46310,-0.026990736
AT2G46320,0.14060678
AT2G46330,0.01323799
AT2G46340,-0.06421425
AT2G46360,0.0094887735
AT2G46370,0.039975643
AT2G46375,0.0024362612
AT2G46380,-0.2228027
AT2G46390,0.24970575
AT2G46400,0.44163632
AT2G46410,-0.054011118
AT2G46420,-0.117388375
AT2G46430,0.5038391
AT2G46440,0.39730075
AT2G46450,-0.024393663
AT2G46455,0.0074654794
AT2G46460,0.004865082
AT2G46470,0.055390585
AT2G46480,0.012319926
AT2G46490,0.20107
AT2G46493,0.0037888903
AT2G46494,0.018650562
AT2G46495,0.023560049
AT2G46500,0.4674908
AT2G46505,0.3892466
AT2G46510,-0.04635172
AT2G46520,0.05434181
AT2G46530,-0.63310486
AT2G46535,-0.1728397
AT2G46540,0.23181021
AT2G46550,-0.012449242
AT2G46560,0.038450714
AT2G46567,-0.0055526104
AT2G46570,-0.17671824
AT2G46580,0.03626969
AT2G46590,-0.28115487
AT2G46600,0.3449762
AT2G46610,0.11567221
AT2G46620,0.48063406
AT2G46630,-0.516385
AT2G46640,-0.58789235
AT2G46650,0.5858744
AT2G46660,-0.31111586
AT2G46670,0.2845815
AT2G46680,0.72729903
AT2G46690,0.16373207
AT2G46700,0.0012728857
AT2G46710,-0.5143866
AT2G46720,-0.43648377
AT2G46735,-0.0017961711
AT2G46740,0.059659433
AT2G46750,1.162661
AT2G46760,-0.031796265
AT2G46765,0.031493258
AT2G46770,-0.017273536
AT2G46780,-0.20053588
AT2G46790,-0.30673954
AT2G46800,0.07314974
AT2G46810,-0.103443064
AT2G46820,-0.50897855
AT2G46830,-0.33339295
AT2G46840,-0.0012447877
AT2G46850,0.005778642
AT2G46860,0.0061495774
AT2G46870,-0.08098864
AT2G46880,-3.632189e-05
AT2G46890,-0.11916221
AT2G46900,0.07726063
AT2G46910,-0.27048758
AT2G46915,-0.19479035
AT2G46920,-0.1035805
AT2G46930,0.018580494
AT2G46940,0.022206144
AT2G46950,0.14687972
AT2G46960,0.009539836
AT2G46970,-0.38831985
AT2G46980,0.09485031
AT2G46990,-0.04421413
AT2G46995,0.034571357
AT2G47000,1.1362473
AT2G47010,-0.2107336
AT2G47020,-0.11575302
AT2G47030,0.0041649216
AT2G47040,0.0046885037
AT2G47050,0.008283009
AT2G47060,-0.34036806
AT2G47070,-0.29983115
AT2G47090,-0.10681889
AT2G47110,0.044753745
AT2G47115,0.0043077674
AT2G47120,0.0043338616
AT2G47130,0.7852121
AT2G47140,0.11897052
AT2G47150,0.001637149
AT2G47160,-0.33247307
AT2G47170,0.18803684
AT2G47180,0.2797702
AT2G47190,1.4833179
AT2G47200,0.16801435
AT2G47210,0.11278377
AT2G47220,-0.1557483
AT2G47230,-0.32898262
AT2G47240,-0.3684524
AT2G47245,0.014420967
AT2G47250,0.06115103
AT2G47260,-0.16195065
AT2G47270,0.20811807
AT2G47280,0.0040355665
AT2G47300,0.060818028
AT2G47310,-0.058294117
AT2G47320,0.16201954
AT2G47330,0.08661557
AT2G47340,-0.011028628
AT2G47350,0.029615052
AT2G47360,0.032003228
AT2G47370,-0.21106853
AT2G47380,0.33700407
AT2G47390,0.27323714
AT2G47400,-0.023252657
AT2G47410,0.03315426
AT2G47420,0.08754965
AT2G47430,0.0073059895
AT2G47440,-0.55037993
AT2G47450,-0.33986905
AT2G47460,-0.023384064
AT2G47470,0.36979488
AT2G47480,-0.07487677
AT2G47485,0.509089
AT2G47490,0.1682248
AT2G47500,-0.40255368
AT2G47510,0.4347403
AT2G47520,0.29958433
AT2G47530,-0.001751503
AT2G47540,-0.0043530636
AT2G47550,1.6588541
AT2G47560,0.152687
AT2G47570,0.010576464
AT2G47580,-0.068048455
AT2G47584,0.0038944315
AT2G47590,-0.36591336
AT2G47600,0.56370944
AT2G47610,0.18411827
AT2G47620,0.06709344
AT2G47630,0.1273276
AT2G47640,0.2721772
AT2G47650,0.34658262
AT2G47670,0.04616624
AT2G47680,-0.13223512
AT2G47690,0.11144397
AT2G47700,-0.05396828
AT2G47710,0.2939091
AT2G47720,0.004551379
AT2G47730,0.06286046
AT2G47750,-0.20274717
AT2G47760,0.14021108
AT2G47770,0.7058492
AT2G47780,-0.30744815
AT2G47790,-0.0041959495
AT2G47800,0.45705542
AT2G47810,0.0032071816
AT2G47820,0.23086756
AT2G47830,0.11289256
AT2G47840,0.06450223
AT2G47844,-0.0016540047
AT2G47850,-0.046471775
AT2G47860,0.07497865
AT2G47870,0.17187594
AT2G47880,-1.0450057
AT2G47885,0.006974165
AT2G47890,0.15500982
AT2G47900,0.010017726
AT2G47910,-0.006984716
AT2G47920,-0.07615265
AT2G47930,-0.61421007
AT2G47935,-0.017085033
AT2G47940,-0.37218174
AT2G47950,0.633221
AT2G47960,0.13993806
AT2G47970,0.27840802
AT2G47980,0.034118306
AT2G47990,0.2932017
AT2G48000,-0.02268109
AT2G48010,0.13234049
AT2G48020,-0.050760623
AT2G48030,0.10977393
AT2G48060,0.065981016
AT2G48070,-0.13517976
AT2G48075,-0.1281441
AT2G48080,0.02572194
AT2G48090,0.30487123
AT2G48100,0.042794127
AT2G48110,0.05107798
AT2G48120,-0.2188179
AT2G48121,-0.0378861
AT2G48130,0.2017795
AT2G48140,0.21887626
AT2G48150,0.14168745
AT2G48160,0.0020227917
AT3G01010,0.0038838657
AT3G01015,0.0025499498
AT3G01020,0.005081314
AT3G01030,0.0331189
AT3G01040,0.35979208
AT3G01050,-0.05227093
AT3G01060,-0.2523852
AT3G01070,-0.083292946
AT3G01080,0.75737166
AT3G01085,0.018428355
AT3G01090,0.03144935
AT3G01100,0.09197784
AT3G01120,0.14144209
AT3G01130,0.21344066
AT3G01140,-0.09617529
AT3G01150,0.10573613
AT3G01160,-0.040867794
AT3G01170,0.23545443
AT3G01175,0.19775474
AT3G01180,-0.109546326
AT3G01185,0.0039133835
AT3G01190,-0.019701034
AT3G01200,0.22406523
AT3G01210,-0.124191634
AT3G01220,0.015446074
AT3G01230,0.0038878827
AT3G01240,0.0038474258
AT3G01250,0.004117369
AT3G01260,-0.035464153
AT3G01270,-0.0021107446
AT3G01280,0.40832528
AT3G01290,1.0910822
AT3G01300,-0.032217287
AT3G01310,-0.093654685
AT3G01311,0.076534875
AT3G01319,0.0039418424
AT3G01320,-0.012658563
AT3G01322,0.0040719644
AT3G01323,0.0067105307
AT3G01324,0.0038944315
AT3G01325,0.004359084
AT3G01326,0.004210348
AT3G01327,0.0056399577
AT3G01328,0.0039067585
AT3G01329,0.00665688
AT3G01330,0.05840831
AT3G01331,0.005687363
AT3G01340,0.15361376
AT3G01345,0.19158553
AT3G01350,-0.090680204
AT3G01360,0.16937844
AT3G01370,-0.16470659
AT3G01380,-0.013483572
AT3G01390,-0.02199193
AT3G01400,0.07849508
AT3G01410,-0.08663381
AT3G01415,0.0038944315
AT3G01420,3.726298
AT3G01430,0.20113222
AT3G01435,0.059660003
AT3G01440,-0.5784466
AT3G01450,-0.096919976
AT3G01460,0.024726523
AT3G01470,0.17745192
AT3G01475,0.008303604
AT3G01480,-0.48182526
AT3G01490,-0.47029844
AT3G01500,-1.1792461
AT3G01510,-0.12560205
AT3G01513,0.014544763
AT3G01516,-0.005715331
AT3G01520,-0.062072862
AT3G01530,0.011052586
AT3G01540,0.23746334
AT3G01550,-0.42224625
AT3G01560,0.008639133
AT3G01570,0.06871567
AT3G01572,2.4404066e-05
AT3G01580,0.111247085
AT3G01590,0.18091045
AT3G01600,-0.06503917
AT3G01610,-0.07655665
AT3G01620,0.016157635
AT3G01630,0.026508844
AT3G01640,0.25957072
AT3G01650,0.5533069
AT3G01660,-0.24455577
AT3G01670,-0.29652938
AT3G01680,-0.2995077
AT3G01690,-0.33480814
AT3G01700,0.0013550529
AT3G01710,-0.12951514
AT3G01720,0.25763845
AT3G01730,0.003924561
AT3G01740,0.095739566
AT3G01750,0.06990258
AT3G01760,-0.00027978607
AT3G01770,-0.021738105
AT3G01780,0.037945885
AT3G01790,0.009819298
AT3G01800,0.31816056
AT3G01810,-0.6005114
AT3G01820,0.23217595
AT3G01830,1.1228005
AT3G01840,-0.12042123
AT3G01850,0.08709458
AT3G01860,-0.50193375
AT3G01870,0.0021868935
AT3G01880,0.002007622
AT3G01890,-0.14827743
AT3G01900,0.021990053
AT3G01910,0.1481684
AT3G01920,-0.027255015
AT3G01930,0.09922239
AT3G01940,-0.07753176
AT3G01950,-0.21596204
AT3G01960,-0.3319203
AT3G01961,0.0039244015
AT3G01970,0.96831864
AT3G01980,-0.1955427
AT3G01990,0.10204664
AT3G02000,-0.012136434
AT3G02010,-0.043081086
AT3G02020,-0.6022736
AT3G02030,-0.113058574
AT3G02040,0.33834183
AT3G02050,-0.18439907
AT3G02060,-0.05840977
AT3G02065,-0.024138913
AT3G02070,0.13071544
AT3G02080,0.057606813
AT3G02090,0.2815105
AT3G02100,0.025490964
AT3G02110,-0.58103347
AT3G02120,-0.15730087
AT3G02125,0.0056910287
AT3G02130,-0.24202643
AT3G02140,0.7381212
AT3G02150,0.4579195
AT3G02160,0.33787122
AT3G02170,-0.316923
AT3G02180,-0.12177985
AT3G02190,0.33793262
AT3G02200,0.10742411
AT3G02210,0.0924901
AT3G02220,0.1011979
AT3G02230,0.83813566
AT3G02240,0.5017853
AT3G02242,0.009361568
AT3G02245,0.003947744
AT3G02250,-0.35053432
AT3G02255,0.004599669
AT3G02260,0.09361427
AT3G02270,0.03204041
AT3G02280,0.0346152
AT3G02290,0.06602296
AT3G02300,-0.054374576
AT3G02310,0.023219747
AT3G02320,0.23919256
AT3G02330,0.016075961
AT3G02340,0.09170106
AT3G02350,-0.097020365
AT3G02360,0.49324873
AT3G02370,-0.056464523
AT3G02380,-0.6394407
AT3G02390,0.044363588
AT3G02400,-0.27916753
AT3G02410,-0.088081986
AT3G02420,0.18496741
AT3G02430,0.010819626
AT3G02440,0.0039638635
AT3G02450,-0.040604193
AT3G02460,0.105779536
AT3G02470,0.26346418
AT3G02480,1.2936398
AT3G02490,-0.055542618
AT3G02493,-0.0019112577
AT3G02500,0.021733446
AT3G02510,-0.044824302
AT3G02520,0.43008152
AT3G02530,0.0006996871
AT3G02540,-0.27473366
AT3G02550,0.16988981
AT3G02555,-0.072276205
AT3G02560,0.04888005
AT3G02570,-0.07490244
AT3G02580,0.038894504
AT3G02590,0.012809719
AT3G02600,-0.016642826
AT3G02610,0.14413278
AT3G02620,0.11616286
AT3G02630,-0.08466593
AT3G02640,-0.18966699
AT3G02645,-0.00011437697
AT3G02650,0.13280256
AT3G02660,-0.08958887
AT3G02670,0.0068152635
AT3G02673,0.0036620486
AT3G02677,0.017227022
AT3G02680,-0.10291794
AT3G02690,-0.2857451
AT3G02700,0.03244208
AT3G02710,0.13145553
AT3G02720,-0.07326994
AT3G02730,-0.31729537
AT3G02740,0.3351979
AT3G02750,-0.06979377
AT3G02760,-0.07556408
AT3G02770,0.12985176
AT3G02780,0.22948433
AT3G02790,0.16022134
AT3G02800,0.512324
AT3G02810,0.048825886
AT3G02820,0.05583747
AT3G02830,-0.37801623
AT3G02840,1.1048703
AT3G02850,-0.09362217
AT3G02860,-0.040525872
AT3G02870,-0.3217679
AT3G02875,1.186687
AT3G02880,0.3562498
AT3G02885,0.38464275
AT3G02890,-0.09623781
AT3G02900,-0.010030315
AT3G02910,0.03466646
AT3G02920,0.025481025
AT3G02930,-0.018583974
AT3G02940,0.15584806
AT3G02950,-0.065282814
AT3G02960,0.0039076437
AT3G02970,0.021931855
AT3G02975,0.0039003333
AT3G02980,-0.17141671
AT3G02990,0.2807717
AT3G03000,-0.013768259
AT3G03010,-0.087498315
AT3G03020,0.0010520375
AT3G03030,-0.20187984
AT3G03040,-0.2060746
AT3G03050,0.21649963
AT3G03060,0.32294655
AT3G03070,0.123053975
AT3G03080,0.007797221
AT3G03090,-0.064857535
AT3G03100,0.27987042
AT3G03110,0.23088825
AT3G03120,0.058252335
AT3G03130,-0.07226915
AT3G03140,0.10384816
AT3G03150,-0.030029714
AT3G03160,0.2953134
AT3G03170,0.04879071
AT3G03180,-0.1799968
AT3G03190,-0.45204243
AT3G03200,-0.06735102
AT3G03210,-0.06387294
AT3G03220,-0.061867263
AT3G03230,0.035395812
AT3G03240,0.067953825
AT3G03250,-0.031860802
AT3G03260,0.023172425
AT3G03270,0.15703501
AT3G03272,0.018676974
AT3G03280,-0.02106829
AT3G03290,0.00492842
AT3G03300,-0.16156995
AT3G03305,0.07884152
AT3G03310,0.5429464
AT3G03320,0.2324382
AT3G03330,0.14946122
AT3G03340,0.11346426
AT3G03341,0.14515945
AT3G03350,-0.070820905
AT3G03360,-0.08590406
AT3G03370,0.032039728
AT3G03380,0.05296296
AT3G03400,0.0051387423
AT3G03405,0.0038944315
AT3G03410,0.003901869
AT3G03420,0.046077896
AT3G03430,0.025217319
AT3G03440,0.71048516
AT3G03450,-0.27348176
AT3G03460,-0.008668085
AT3G03470,0.62548155
AT3G03480,0.9944484
AT3G03490,0.2866458
AT3G03500,0.008084215
AT3G03510,0.0101128
AT3G03520,-0.19386737
AT3G03530,0.4766878
AT3G03540,0.010065053
AT3G03550,0.013707389
AT3G03560,0.32574514
AT3G03570,0.21139841
AT3G03580,-0.098210335
AT3G03590,-0.04467492
AT3G03600,0.2314441
AT3G03610,0.6536019
AT3G03620,0.08372723
AT3G03630,-0.02160147
AT3G03640,-0.07510609
AT3G03650,0.2204379
AT3G03660,0.015361826
AT3G03670,0.01533291
AT3G03680,-0.26960117
AT3G03690,-0.16522662
AT3G03700,0.6533912
AT3G03710,-0.2175907
AT3G03720,0.13500008
AT3G03726,0.0045762
AT3G03730,0.0038926967
AT3G03740,0.1796967
AT3G03750,0.048552144
AT3G03760,0.005124098
AT3G03770,-0.4676306
AT3G03773,0.037756633
AT3G03776,-0.011920107
AT3G03780,-0.011777292
AT3G03790,0.051055353
AT3G03800,0.036904924
AT3G03810,0.08351394
AT3G03820,-0.4598463
AT3G03826,0.003896921
AT3G03828,0.00420811
AT3G03830,-0.1880847
AT3G03840,-0.36627784
AT3G03847,-0.002332262
AT3G03850,-0.23767209
AT3G03860,0.12262708
AT3G03870,0.100687124
AT3G03880,0.019080015
AT3G03890,0.3385948
AT3G03900,-0.13863643
AT3G03910,-0.35191655
AT3G03920,0.12773323
AT3G03930,0.006035525
AT3G03940,-0.044469405
AT3G03950,0.21459723
AT3G03960,0.019841766
AT3G03970,0.13608505
AT3G03980,-0.028283278
AT3G03990,0.39071366
AT3G04000,0.9460693
AT3G04010,0.88262814
AT3G04020,-0.05043656
AT3G04030,0.052402038
AT3G04040,0.3324325
AT3G04050,0.06889518
AT3G04060,0.83714217
AT3G04070,1.4841905
AT3G04080,0.22116388
AT3G04090,0.2532847
AT3G04100,-0.010916057
AT3G04110,-0.1806225
AT3G04120,0.37911168
AT3G04130,-0.109915614
AT3G04140,-0.41577795
AT3G04150,0.0043972605
AT3G04160,-0.22558855
AT3G04170,0.038197316
AT3G04180,0.006158598
AT3G04181,0.19812602
AT3G04184,-0.012132655
AT3G04190,0.03167336
AT3G04200,-0.007853587
AT3G04210,0.19125627
AT3G04220,1.1629996
AT3G04230,0.15749049
AT3G04240,0.23113452
AT3G04250,0.00612629
AT3G04260,-0.1996047
AT3G04270,0.0038944315
AT3G04280,0.003940756
AT3G04290,0.24436958
AT3G04300,0.048520025
AT3G04310,-0.0837499
AT3G04320,2.316743
AT3G04330,0.00099348
AT3G04340,-0.28693107
AT3G04350,0.12990573
AT3G04360,-0.024222165
AT3G04370,0.0053505995
AT3G04380,-0.09803214
AT3G04390,0.0038944315
AT3G04410,-0.0003230193
AT3G04420,0.028829077
AT3G04430,0.009285859
AT3G04440,0.10965007
AT3G04443,-0.26392224
AT3G04450,-0.3336469
AT3G04460,0.100070715
AT3G04470,-0.053192627
AT3G04480,0.06572889
AT3G04490,-0.039070506
AT3G04500,0.11662307
AT3G04510,-0.0344224
AT3G04520,0.24932717
AT3G04530,0.0075935735
AT3G04540,0.004018514
AT3G04545,0.0038734134
AT3G04550,-0.14241791
AT3G04560,0.10647658
AT3G04570,0.0074869134
AT3G04580,0.24036014
AT3G04590,0.09286845
AT3G04600,0.23683383
AT3G04610,0.016656658
AT3G04620,0.22875427
AT3G04630,0.23252268
AT3G04640,0.67453986
AT3G04650,0.098268695
AT3G04660,0.020474406
AT3G04670,0.23887844
AT3G04680,0.08281543
AT3G04690,0.18618436
AT3G04700,-0.05975002
AT3G04710,0.050651733
AT3G04720,1.3987064
AT3G04730,-0.41032782
AT3G04735,-0.0046794373
AT3G04740,0.037600476
AT3G04750,-0.14168347
AT3G04760,-0.15168828
AT3G04770,0.018983357
AT3G04780,0.3416413
AT3G04790,-0.08353415
AT3G04800,0.053386364
AT3G04810,-0.16037293
AT3G04820,0.12667947
AT3G04830,0.015564729
AT3G04840,0.1581239
AT3G04850,-0.087083615
AT3G04854,-0.01787178
AT3G04855,0.004452274
AT3G04860,-0.23496175
AT3G04870,-0.008316867
AT3G04880,0.056515366
AT3G04890,-0.12170758
AT3G04900,0.007363437
AT3G04903,0.0039530317
AT3G04910,-0.27996528
AT3G04920,-0.07340643
AT3G04930,-0.037402395
AT3G04940,-0.46409044
AT3G04943,0.0039028923
AT3G04945,0.003962263
AT3G04950,-0.04448001
AT3G04960,-0.30479658
AT3G04970,0.11511236
AT3G04980,-0.051359493
AT3G04990,0.003936445
AT3G05000,-0.09682215
AT3G05010,0.19996071
AT3G05020,-0.09903405
AT3G05030,0.008687108
AT3G05035,-0.1516338
AT3G05040,0.10052214
AT3G05050,0.32263243
AT3G05060,0.058579814
AT3G05070,0.107241414
AT3G05080,0.012051026
AT3G05090,0.24075167
AT3G05100,-0.10568843
AT3G05110,0.033538412
AT3G05120,0.05639868
AT3G05130,0.022156904
AT3G05140,-0.08137967
AT3G05150,-0.0109636905
AT3G05155,0.014223567
AT3G05160,-0.18239951
AT3G05165,0.393788
AT3G05170,0.32144833
AT3G05180,-0.4959767
AT3G05190,-0.2700344
AT3G05200,0.2470181
AT3G05210,0.12991801
AT3G05220,-0.012796484
AT3G05230,0.17768574
AT3G05240,-0.10196624
AT3G05250,0.11262017
AT3G05260,-0.023737716
AT3G05270,-0.08018185
AT3G05280,0.17982559
AT3G05290,0.24927203
AT3G05300,0.0041323975
AT3G05310,-0.003138133
AT3G05320,-0.29407173
AT3G05327,0.024053602
AT3G05330,0.25777397
AT3G05340,-0.3153114
AT3G05345,-0.24215688
AT3G05350,-0.018580602
AT3G05360,1.0476693
AT3G05365,0.09897227
AT3G05370,-0.2989729
AT3G05380,0.28565565
AT3G05390,1.2595567
AT3G05400,1.1441717
AT3G05410,-0.22532295
AT3G05420,0.121469714
AT3G05425,0.0038944315
AT3G05430,-0.20045109
AT3G05440,0.004423225
AT3G05450,0.0044503114
AT3G05460,0.004039215
AT3G05470,0.06198552
AT3G05480,0.028731665
AT3G05490,-0.15878192
AT3G05500,0.47481343
AT3G05510,0.1297495
AT3G05520,-0.07098683
AT3G05530,0.2330652
AT3G05540,0.005364422
AT3G05545,0.036964428
AT3G05550,-0.00993698
AT3G05560,0.14300816
AT3G05570,0.35034132
AT3G05580,0.25174144
AT3G05590,0.06652777
AT3G05600,0.106939785
AT3G05610,0.0034665468
AT3G05620,-0.11650142
AT3G05625,-0.20572402
AT3G05630,1.2798996
AT3G05640,0.68603516
AT3G05650,0.27061632
AT3G05660,0.096384056
AT3G05670,-0.1485997
AT3G05675,-0.19973576
AT3G05680,-0.041579206
AT3G05685,-0.114308596
AT3G05690,-0.3075775
AT3G05700,0.054687858
AT3G05710,0.15528668
AT3G05720,0.017878776
AT3G05725,0.0038944315
AT3G05727,0.013111298
AT3G05730,-0.2504044
AT3G05740,-0.096529275
AT3G05741,0.0066022365
AT3G05746,0.0026030738
AT3G05750,-0.3902638
AT3G05760,0.004166598
AT3G05770,0.17209236
AT3G05775,0.0038944315
AT3G05780,0.03586459
AT3G05790,0.04446092
AT3G05800,-0.008078019
AT3G05810,0.16152023
AT3G05820,-0.082465254
AT3G05830,0.21440864
AT3G05840,0.0179633
AT3G05850,0.0048025125
AT3G05858,0.0100006815
AT3G05860,0.00029683238
AT3G05870,0.2046494
AT3G05880,0.1534021
AT3G05890,0.074049816
AT3G05900,-0.8144126
AT3G05910,-0.23674458
AT3G05920,-0.0025512383
AT3G05930,0.08237993
AT3G05935,-0.09952151
AT3G05936,-0.40301812
AT3G05937,0.32612604
AT3G05940,0.013689607
AT3G05950,0.056150347
AT3G05960,-0.0013953596
AT3G05970,0.41241518
AT3G05975,0.0040918197
AT3G05980,-0.050112028
AT3G05990,0.05521336
AT3G06000,0.0038944315
AT3G06010,-0.12279942
AT3G06019,0.00998638
AT3G06020,-0.20804977
AT3G06030,-0.045886934
AT3G06035,-0.06014819
AT3G06040,0.051445227
AT3G06050,0.4180276
AT3G06060,0.009318155
AT3G06070,-1.0667223
AT3G06080,-0.28348055
AT3G06085,0.017085187
AT3G06090,0.004395454
AT3G06100,-0.0029502355
AT3G06110,0.028312385
AT3G06120,0.040540744
AT3G06130,-0.42318892
AT3G06140,-0.38884857
AT3G06150,-0.39925405
AT3G06160,-0.1271409
AT3G06170,0.109901726
AT3G06180,0.09593671
AT3G06190,0.23233543
AT3G06200,-0.038064744
AT3G06210,-0.05700642
AT3G06220,-0.030256102
AT3G06230,0.0042787795
AT3G06240,0.24831448
AT3G06250,0.004578052
AT3G06260,0.0003114827
AT3G06270,0.0132164
AT3G06280,0.0048527997
AT3G06290,-0.065542825
AT3G06300,0.3237717
AT3G06310,0.06582305
AT3G06320,0.16657169
AT3G06330,-0.08794242
AT3G06340,0.04014402
AT3G06350,0.4562405
AT3G06360,-0.07884324
AT3G06370,0.010033357
AT3G06380,-0.0033807296
AT3G06390,0.047837768
AT3G06400,-0.04166625
AT3G06410,0.0003087148
AT3G06420,1.0951949
AT3G06430,-0.3807951
AT3G06435,-0.0375604
AT3G06436,0.005607495
AT3G06440,-0.17858875
AT3G06450,0.15853973
AT3G06455,-0.12686552
AT3G06460,-0.0069645983
AT3G06470,0.13108382
AT3G06480,0.11059397
AT3G06483,0.11429546
AT3G06490,1.6928271
AT3G06500,0.63848007
AT3G06510,0.13811691
AT3G06520,0.07697302
AT3G06530,0.20015186
AT3G06540,0.22981
AT3G06545,0.0033761924
AT3G06550,-0.14588515
AT3G06560,0.018597662
AT3G06570,-0.10484451
AT3G06580,0.16590782
AT3G06590,0.033051595
AT3G06600,0.027627535
AT3G06610,-0.0063601234
AT3G06620,0.08260039
AT3G06630,-0.029625922
AT3G06640,0.026209695
AT3G06650,-0.12624833
AT3G06660,-0.062625654
AT3G06670,-0.05713364
AT3G06680,0.07679331
AT3G06690,0.06782115
AT3G06700,0.14386372
AT3G06710,0.084935166
AT3G06720,0.06591415
AT3G06730,-0.0209663
AT3G06740,-0.29350868
AT3G06750,-0.92954355
AT3G06760,0.06381939
AT3G06770,-0.5664077
AT3G06778,-0.003538737
AT3G06780,0.2601464
AT3G06790,0.17281203
AT3G06810,0.8489268
AT3G06820,0.014726524
AT3G06830,0.011198414
AT3G06840,0.059525788
AT3G06850,0.30121806
AT3G06860,0.5944787
AT3G06868,-0.35011432
AT3G06870,0.02237054
AT3G06880,-0.5632985
AT3G06890,0.6371655
AT3G06895,-0.00783985
AT3G06910,-0.079265244
AT3G06920,0.02014278
AT3G06930,-0.09402887
AT3G06950,-0.10540882
AT3G06960,0.04617386
AT3G06970,-0.011784379
AT3G06980,-0.20003144
AT3G06985,0.012537394
AT3G06990,-0.026979245
AT3G07000,-0.09573254
AT3G07005,0.0039529474
AT3G07010,-0.84109145
AT3G07020,-0.031881224
AT3G07030,0.045889605
AT3G07040,0.0069577047
AT3G07050,0.12918478
AT3G07060,0.09815198
AT3G07070,0.0043389727
AT3G07080,0.05579875
AT3G07090,0.3912215
AT3G07100,0.15895322
AT3G07110,0.11218304
AT3G07120,0.048551228
AT3G07130,0.024441307
AT3G07140,0.07956402
AT3G07150,0.14007841
AT3G07160,0.104144864
AT3G07170,0.09693081
AT3G07180,-0.005849283
AT3G07190,-0.2751046
AT3G07195,0.657878
AT3G07200,-0.47457588
AT3G07210,-0.18708567
AT3G07220,0.12059001
AT3G07230,0.05376005
AT3G07250,0.015462466
AT3G07255,0.33010384
AT3G07260,-0.034778986
AT3G07270,-0.08803653
AT3G07273,0.013403128
AT3G07290,-0.0702324
AT3G07300,0.12628417
AT3G07310,-0.21216954
AT3G07320,-0.025033666
AT3G07330,0.010593829
AT3G07340,-0.100467525
AT3G07350,0.1257798
AT3G07360,-0.39697042
AT3G07370,0.3642176
AT3G07380,-0.1270482
AT3G07390,0.73578936
AT3G07400,-0.13482887
AT3G07410,-0.21143483
AT3G07420,-0.16214733
AT3G07425,-0.014333618
AT3G07430,0.12608863
AT3G07440,-0.12739326
AT3G07450,0.0041656545
AT3G07460,-0.20035376
AT3G07470,-0.10683634
AT3G07480,0.44910184
AT3G07490,-0.007832879
AT3G07500,-0.26239637
AT3G07510,-0.28998187
AT3G07520,-0.058675304
AT3G07522,0.004182509
AT3G07525,0.090080895
AT3G07530,0.11597628
AT3G07540,-0.63398975
AT3G07550,-0.06155241
AT3G07560,0.22276334
AT3G07565,0.0535174
AT3G07570,0.26377854
AT3G07580,0.18873739
AT3G07590,0.18241115
AT3G07600,0.026388586
AT3G07610,-0.029820664
AT3G07620,0.006012194
AT3G07630,0.13518243
AT3G07640,0.2116245
AT3G07650,0.23167498
AT3G07660,0.12243285
AT3G07670,-0.1904038
AT3G07680,0.17569466
AT3G07690,0.09578464
AT3G07700,0.3984883
AT3G07710,0.006787374
AT3G07720,0.47591183
AT3G07730,0.03786764
AT3G07740,0.0009196152
AT3G07750,0.16676223
AT3G07760,0.08519136
AT3G07770,-0.061317403
AT3G07780,0.1722643
AT3G07790,0.06267816
AT3G07800,0.23261225
AT3G07810,0.04938385
AT3G07820,0.0045279576
AT3G07830,0.003561932
AT3G07840,0.00511546
AT3G07850,0.011173482
AT3G07860,0.035723563
AT3G07870,0.00012542556
AT3G07880,-0.055279147
AT3G07890,0.015430766
AT3G07900,0.01592318
AT3G07910,0.3455453
AT3G07920,0.007361021
AT3G07930,-0.04499659
AT3G07940,-0.101860486
AT3G07950,0.13751741
AT3G07960,-0.27187142
AT3G07970,1.0160264
AT3G07980,0.13661778
AT3G07990,-0.32064953
AT3G08000,-0.0727788
AT3G08010,-0.02669618
AT3G08020,-0.06545452
AT3G08030,-0.4827824
AT3G08040,0.2534257
AT3G08490,-0.0799433
AT3G08500,0.04533115
AT3G08505,-0.086319625
AT3G08510,-0.1696986
AT3G08530,0.11941045
AT3G08550,0.053361684
AT3G08560,0.0052561746
AT3G08570,-0.27447718
AT3G08580,0.2808419
AT3G08590,0.36429945
AT3G08600,-0.300525
AT3G08610,0.2554126
AT3G08620,-0.086844735
AT3G08630,0.23768507
AT3G08636,0.0046625985
AT3G08640,0.5048497
AT3G08650,0.26344347
AT3G08660,-0.4342718
AT3G08670,-0.09668087
AT3G08680,-0.32807276
AT3G08690,0.50354916
AT3G08700,0.08304235
AT3G08710,0.182333
AT3G08720,0.6636035
AT3G08730,0.10510228
AT3G08740,-0.15786289
AT3G08750,0.04658635
AT3G08760,0.5508905
AT3G08770,0.054316122
AT3G08780,0.06017673
AT3G08790,0.014329041
AT3G08800,-0.029498657
AT3G08810,0.07525769
AT3G08820,-0.030561043
AT3G08840,-0.09127454
AT3G08850,-0.0011637025
AT3G08860,0.663267
AT3G08870,0.43383893
AT3G08880,-0.020781137
AT3G08890,-0.13019897
AT3G08900,0.029861016
AT3G08910,0.111286044
AT3G08920,-0.49538514
AT3G08930,-0.028066652
AT3G08940,-0.5003562
AT3G08943,0.091220975
AT3G08947,0.09712035
AT3G08950,0.3063628
AT3G08960,0.0110061215
AT3G08970,0.62992525
AT3G08980,-0.005655863
AT3G08990,0.5881851
AT3G09000,0.26941696
AT3G09010,0.96238667
AT3G09020,0.2663671
AT3G09030,0.09266008
AT3G09032,0.17959256
AT3G09035,-0.31223562
AT3G09040,-0.00096524943
AT3G09050,-0.29430285
AT3G09055,0.100217395
AT3G09060,-0.04606759
AT3G09070,-0.21527101
AT3G09080,-0.015980398
AT3G09085,0.32422766
AT3G09090,0.04940636
AT3G09100,0.118356936
AT3G09110,0.003852139
AT3G09120,0.0048098993
AT3G09130,0.008015244
AT3G09140,0.003747015
AT3G09150,-0.026063293
AT3G09160,-0.2439783
AT3G09162,-0.29611844
AT3G09180,0.21255769
AT3G09190,-0.3053905
AT3G09200,0.1848821
AT3G09210,-0.22925502
AT3G09220,2.1276422
AT3G09230,0.014925803
AT3G09240,0.0061037727
AT3G09250,0.09835871
AT3G09260,0.50119966
AT3G09270,1.425037
AT3G09280,0.06972932
AT3G09290,0.033235908
AT3G09300,0.124023795
AT3G09310,-0.18034722
AT3G09320,0.14272793
AT3G09330,-0.07671369
AT3G09340,0.052635655
AT3G09350,0.92441434
AT3G09360,-0.032749493
AT3G09370,0.058098298
AT3G09380,0.0041966937
AT3G09390,0.6748299
AT3G09400,0.080953024
AT3G09405,1.3415209
AT3G09410,-0.14173464
AT3G09430,0.06668953
AT3G09440,0.5273846
AT3G09450,0.50571173
AT3G09455,0.11452175
AT3G09470,-0.026592625
AT3G09480,0.31088188
AT3G09490,0.48851672
AT3G09500,-0.115537606
AT3G09510,0.003902904
AT3G09520,0.78064615
AT3G09530,0.009913434
AT3G09540,-0.10804761
AT3G09550,-0.14474946
AT3G09560,0.186814
AT3G09570,0.27699873
AT3G09580,-0.33092895
AT3G09590,2.7179718e-05
AT3G09600,-0.21785025
AT3G09620,-0.015851809
AT3G09630,0.10379613
AT3G09640,0.02358415
AT3G09650,-0.1382448
AT3G09660,-0.08681045
AT3G09670,-0.030522408
AT3G09680,0.06098944
AT3G09690,0.05432407
AT3G09700,0.08584249
AT3G09710,-0.09907835
AT3G09720,0.1463183
AT3G09730,-0.09524778
AT3G09735,0.30769297
AT3G09740,0.13249686
AT3G09750,0.014684322
AT3G09760,0.08830038
AT3G09770,-0.018636458
AT3G09780,-0.19297333
AT3G09790,0.0002881121
AT3G09800,-0.34511065
AT3G09810,0.77663374
AT3G09820,-0.09974846
AT3G09830,0.25967988
AT3G09840,0.3543329
AT3G09850,0.05587959
AT3G09860,-0.21830447
AT3G09863,0.0045123906
AT3G09870,-0.11049218
AT3G09880,-0.03661518
AT3G09890,0.2073044
AT3G09900,-0.014910277
AT3G09910,0.3282257
AT3G09920,-0.057579115
AT3G09925,-0.0055062245
AT3G09930,0.0048332154
AT3G09940,1.276508
AT3G09950,0.16600998
AT3G09960,0.6412856
AT3G09970,0.19300485
AT3G09980,-0.31091332
AT3G09990,0.0038937477
AT3G10000,0.010579959
AT3G10010,0.03422794
AT3G10020,-0.17674029
AT3G10030,-0.03790076
AT3G10040,-0.261708
AT3G10050,0.11108819
AT3G10060,-0.5251942
AT3G10070,0.24406342
AT3G10080,-0.29509023
AT3G10090,0.19445525
AT3G10110,0.14720595
AT3G10113,0.010907017
AT3G10116,-0.0013800735
AT3G10120,-0.37622306
AT3G10130,-0.020211523
AT3G10140,-0.15201844
AT3G10150,-0.20201866
AT3G10160,-0.262776
AT3G10180,-0.18855762
AT3G10185,-0.02349291
AT3G10190,-0.015454617
AT3G10195,0.004025202
AT3G10200,-0.26744813
AT3G10210,0.07022565
AT3G10220,0.03346801
AT3G10230,-0.0836407
AT3G10240,0.0045005553
AT3G10250,0.047901053
AT3G10260,0.20134468
AT3G10270,-0.16352572
AT3G10280,-0.024990268
AT3G10290,0.071095295
AT3G10300,0.33279115
AT3G10310,-0.15373254
AT3G10320,1.6293459
AT3G10330,-0.03230852
AT3G10340,0.42506766
AT3G10350,-0.030422805
AT3G10360,-0.1621342
AT3G10370,0.38823935
AT3G10380,0.1926865
AT3G10390,-0.0482855
AT3G10400,0.045346465
AT3G10405,-0.42002484
AT3G10410,0.26439473
AT3G10420,0.05596685
AT3G10430,0.0049184584
AT3G10439,0.0038944315
AT3G10440,-0.18753976
AT3G10450,0.48969886
AT3G10455,0.00471155
AT3G10460,0.0069533326
AT3G10470,0.06526493
AT3G10480,0.11411184
AT3G10490,0.18371952
AT3G10500,0.6330983
AT3G10510,0.07479999
AT3G10520,-0.8191421
AT3G10525,-0.21370633
AT3G10527,0.017096303
AT3G10530,0.13526474
AT3G10540,-0.011020773
AT3G10550,0.29371202
AT3G10560,0.14403187
AT3G10570,-0.17889059
AT3G10572,-0.05275504
AT3G10580,0.0041357945
AT3G10585,0.00511546
AT3G10590,0.17530976
AT3G10595,0.0041780137
AT3G10600,-0.06369016
AT3G10605,-0.014677152
AT3G10610,0.07841858
AT3G10620,0.11613395
AT3G10630,-0.015326805
AT3G10640,0.41148663
AT3G10650,0.042898934
AT3G10660,0.26940808
AT3G10670,0.10484075
AT3G10680,-0.21956338
AT3G10690,-0.011222452
AT3G10700,-0.19347109
AT3G10710,0.0013965123
AT3G10720,-0.61908823
AT3G10730,-0.0022446855
AT3G10740,0.07292592
AT3G10750,0.22067666
AT3G10760,-0.15831633
AT3G10770,0.0083032595
AT3G10780,0.14388667
AT3G10790,0.052309204
AT3G10800,0.14768064
AT3G10810,-0.13559406
AT3G10820,-0.032765195
AT3G10840,-0.475715
AT3G10845,0.0077636596
AT3G10850,-0.09387965
AT3G10860,0.29000303
AT3G10870,0.021171352
AT3G10880,-0.052517366
AT3G10890,0.0044935043
AT3G10900,0.003806755
AT3G10910,-0.12567864
AT3G10915,0.12208309
AT3G10920,0.182011
AT3G10930,0.6294655
AT3G10940,-0.36073732
AT3G10950,0.004545934
AT3G10960,0.20523186
AT3G10970,-0.020281512
AT3G10974,0.003604965
AT3G10980,0.047427732
AT3G10985,0.74058723
AT3G10986,0.030003568
AT3G10990,0.0038992492
AT3G11000,0.025973653
AT3G11010,0.7295306
AT3G11020,0.31792104
AT3G11030,0.09523036
AT3G11040,0.08462158
AT3G11050,0.085372865
AT3G11060,0.004196575
AT3G11070,0.031050265
AT3G11080,0.62841207
AT3G11090,0.04918498
AT3G11100,0.058491126
AT3G11110,-0.36566567
AT3G11130,0.16153027
AT3G11150,1.0866281
AT3G11160,-0.028529907
AT3G11165,-0.00080728094
AT3G11170,-0.14750837
AT3G11180,0.045017004
AT3G11200,0.23444176
AT3G11210,0.02414321
AT3G11220,0.18950842
AT3G11230,0.28864804
AT3G11240,-0.06064351
AT3G11250,0.07167846
AT3G11260,0.077406764
AT3G11270,0.42574307
AT3G11280,-0.11186799
AT3G11290,-0.09976969
AT3G11300,0.0038944315
AT3G11310,0.0039006209
AT3G11320,0.19442058
AT3G11325,0.03541454
AT3G11330,0.51747066
AT3G11340,2.0706232
AT3G11350,0.0042907805
AT3G11370,0.007376004
AT3G11380,0.004014592
AT3G11385,0.0023688835
AT3G11390,0.0009806132
AT3G11397,0.16348748
AT3G11400,0.10436293
AT3G11402,0.50780743
AT3G11405,0.005009834
AT3G11410,0.16438754
AT3G11420,0.23985898
AT3G11430,1.5081687
AT3G11440,0.006756488
AT3G11450,0.053077895
AT3G11460,-0.0022623928
AT3G11470,0.123002686
AT3G11480,1.9153386
AT3G11490,-0.24442933
AT3G11500,0.015751265
AT3G11510,0.10147771
AT3G11520,-0.014039069
AT3G11530,0.14987516
AT3G11540,0.022480577
AT3G11550,-0.0035082505
AT3G11570,0.78944045
AT3G11580,0.86012906
AT3G11590,-0.17190574
AT3G11591,0.11146081
AT3G11600,0.13177381
AT3G11620,-0.16404688
AT3G11630,-0.43319955
AT3G11640,-0.08909637
AT3G11650,0.061552424
AT3G11660,0.1208441
AT3G11670,-0.23899794
AT3G11680,0.0026122702
AT3G11690,0.08970082
AT3G11700,-0.53332096
AT3G11710,0.08684534
AT3G11720,-0.17983194
AT3G11730,-0.083423726
AT3G11740,0.0016748519
AT3G11745,-0.04110641
AT3G11750,-0.11827111
AT3G11760,-0.09229983
AT3G11770,0.27770177
AT3G11773,0.19339466
AT3G11780,0.4197972
AT3G11800,0.10153836
AT3G11810,0.06400452
AT3G11820,0.49311686
AT3G11825,0.0036510106
AT3G11830,0.08225661
AT3G11840,0.6624606
AT3G11850,-0.01154402
AT3G11860,0.016366145
AT3G11870,0.0030873017
AT3G11880,0.10739113
AT3G11890,0.0046543544
AT3G11900,0.22007208
AT3G11910,0.054480325
AT3G11920,0.08464983
AT3G11930,0.11948227
AT3G11940,0.13007805
AT3G11945,-0.12090037
AT3G11950,-0.024215424
AT3G11960,0.058747094
AT3G11964,0.016480677
AT3G11980,0.0027799204
AT3G11990,0.0038944315
AT3G12000,0.007799659
AT3G12010,-0.0456976
AT3G12020,-0.18882789
AT3G12030,0.24406928
AT3G12040,0.2043597
AT3G12050,0.18342255
AT3G12060,0.049041357
AT3G12070,0.32420826
AT3G12080,-0.11357996
AT3G12090,-0.0118921
AT3G12100,0.10284794
AT3G12110,-0.22698136
AT3G12120,-0.111517064
AT3G12130,0.106553204
AT3G12140,0.14246452
AT3G12145,0.11488613
AT3G12150,-0.19834244
AT3G12160,-0.0032543659
AT3G12170,-0.03401239
AT3G12180,0.13273785
AT3G12190,0.004158634
AT3G12200,-0.04818998
AT3G12203,0.0017500962
AT3G12210,-0.025824616
AT3G12220,1.0183558
AT3G12230,0.68640924
AT3G12240,0.0018451415
AT3G12250,0.14680803
AT3G12260,0.11636714
AT3G12270,0.114972614
AT3G12280,0.05321
AT3G12290,0.10470742
AT3G12300,0.17194061
AT3G12320,-0.2975835
AT3G12340,-0.07146322
AT3G12345,-0.36095095
AT3G12350,0.00762705
AT3G12360,0.13506858
AT3G12370,0.16109453
AT3G12380,0.005118627
AT3G12390,-0.025527162
AT3G12400,0.13127545
AT3G12410,0.004892304
AT3G12420,0.003891321
AT3G12430,0.0045521646
AT3G12440,0.004783436
AT3G12460,-0.034803886
AT3G12470,0.0056141675
AT3G12480,0.14718546
AT3G12490,0.44642523
AT3G12500,1.2879384
AT3G12510,0.95309526
AT3G12520,-0.12209305
AT3G12530,0.07984687
AT3G12540,0.009382537
AT3G12545,0.0049773906
AT3G12550,-0.11189598
AT3G12560,-0.18248706
AT3G12570,0.17114598
AT3G12580,0.6259365
AT3G12587,0.13136657
AT3G12590,-0.13225088
AT3G12600,0.09180691
AT3G12610,-0.9503847
AT3G12620,0.21258815
AT3G12630,0.18955445
AT3G12640,0.043695226
AT3G12650,0.19088586
AT3G12660,0.005033805
AT3G12670,-0.040347803
AT3G12680,0.05158036
AT3G12685,-0.23633058
AT3G12690,-0.23880868
AT3G12700,0.65110797
AT3G12710,-0.61540216
AT3G12720,0.0010475349
AT3G12730,0.15190728
AT3G12740,0.49730328
AT3G12750,0.0037887034
AT3G12760,0.2012856
AT3G12770,-0.00065371796
AT3G12775,0.008719027
AT3G12780,-0.46908852
AT3G12800,0.51403356
AT3G12810,-0.08196282
AT3G12820,-0.15711063
AT3G12830,0.5402774
AT3G12833,0.014176615
AT3G12835,0.006261056
AT3G12840,0.01005105
AT3G12850,0.008985665
AT3G12860,0.08319887
AT3G12870,-0.056723524
AT3G12880,0.015648676
AT3G12890,0.051591944
AT3G12900,-0.012963955
AT3G12910,0.4971868
AT3G12915,-0.30425572
AT3G12920,-0.2241144
AT3G12930,-0.13607626
AT3G12940,-0.058891106
AT3G12950,-0.036455173
AT3G12955,-0.022735998
AT3G12960,0.03615613
AT3G12970,0.062385798
AT3G12977,0.07322567
AT3G12980,0.082216755
AT3G12990,0.06617057
AT3G13000,-0.5727256
AT3G13010,-0.0012473818
AT3G13020,-0.039793562
AT3G13030,-0.4019009
AT3G13040,-0.037422918
AT3G13050,0.33660594
AT3G13060,-0.03989319
AT3G13062,-0.14233331
AT3G13065,-0.3055923
AT3G13070,0.06437131
AT3G13075,0.0035083059
AT3G13080,0.36989036
AT3G13090,0.25845
AT3G13100,0.8293786
AT3G13110,0.4383432
AT3G13120,-0.3757997
AT3G13130,0.118928514
AT3G13140,0.004656647
AT3G13150,0.06245498
AT3G13160,0.12303221
AT3G13170,0.02385055
AT3G13175,-0.010657738
AT3G13180,-0.28067133
AT3G13190,-0.31156573
AT3G13200,0.2415037
AT3G13210,0.04749995
AT3G13220,0.0027465876
AT3G13222,-0.120139934
AT3G13224,0.24401654
AT3G13225,-0.025082933
AT3G13226,-0.0093867425
AT3G13227,0.004044441
AT3G13228,0.00764313
AT3G13229,-0.07405802
AT3G13230,0.20523877
AT3G13235,0.34560606
AT3G13240,-0.3175051
AT3G13275,0.16612771
AT3G13276,0.012687373
AT3G13280,0.040815424
AT3G13290,0.06891847
AT3G13300,0.096149914
AT3G13310,0.3103629
AT3G13320,0.1795492
AT3G13330,0.52455544
AT3G13340,-0.06694753
AT3G13350,-0.01661287
AT3G13360,-0.18816434
AT3G13370,0.0038944315
AT3G13380,0.9323082
AT3G13390,0.002423917
AT3G13400,-0.002583844
AT3G13403,-0.022228539
AT3G13404,-0.10662028
AT3G13410,0.10697713
AT3G13420,-0.10028651
AT3G13430,0.3992639
AT3G13432,0.30942106
AT3G13433,1.0437385
AT3G13435,0.22972594
AT3G13437,-0.025764039
AT3G13440,-0.037210967
AT3G13445,0.087529965
AT3G13450,0.49277988
AT3G13460,0.023138532
AT3G13470,-0.13040893
AT3G13480,0.022131542
AT3G13490,-0.017684596
AT3G13500,0.22377352
AT3G13510,-0.4772834
AT3G13520,0.1302022
AT3G13530,-0.06847799
AT3G13540,-0.1048641
AT3G13550,0.1028546
AT3G13560,-0.14752151
AT3G13570,-0.030859808
AT3G13580,0.08150906
AT3G13590,-0.22681767
AT3G13600,0.22371487
AT3G13610,2.0654125
AT3G13620,-0.07756212
AT3G13624,0.0038944315
AT3G13630,0.008527217
AT3G13640,-0.0013341462
AT3G13650,0.4740213
AT3G13660,0.12626033
AT3G13662,0.0003628234
AT3G13670,0.2658467
AT3G13672,0.24927418
AT3G13674,0.07007497
AT3G13677,-0.1175854
AT3G13680,0.031288255
AT3G13682,-0.20499915
AT3G13690,-0.47910842
AT3G13700,-0.30655012
AT3G13710,-0.5121433
AT3G13720,0.1661347
AT3G13730,-0.07017693
AT3G13750,-0.41808054
AT3G13760,-0.0059243757
AT3G13770,-0.064152636
AT3G13772,0.0996222
AT3G13780,-0.006782813
AT3G13782,0.09681868
AT3G13784,0.033532243
AT3G13790,0.97495824
AT3G13800,0.06476254
AT3G13810,0.13843836
AT3G13820,0.024519304
AT3G13825,0.0038944315
AT3G13830,0.0017612096
AT3G13840,0.01864931
AT3G13845,0.08622011
AT3G13850,-0.040759463
AT3G13855,0.0038944315
AT3G13860,0.056971576
AT3G13870,0.10837843
AT3G13880,-0.07124869
AT3G13882,-0.057635758
AT3G13890,0.004402284
AT3G13898,0.022995183
AT3G13900,0.039131694
AT3G13910,0.8538131
AT3G13920,0.20040572
AT3G13930,0.26332277
AT3G13940,0.14627415
AT3G13950,1.9926071
AT3G13960,0.019835325
AT3G13970,-0.06632185
AT3G13980,-0.3927329
AT3G13990,0.15508193
AT3G14000,-0.1404955
AT3G14010,0.12857775
AT3G14020,-0.122255646
AT3G14030,0.0038836903
AT3G14040,0.0073199556
AT3G14050,0.47617698
AT3G14060,1.4143738
AT3G14067,-0.06425505
AT3G14070,0.16482534
AT3G14075,0.19505447
AT3G14080,0.059300046
AT3G14090,0.17814362
AT3G14100,-0.012139901
AT3G14110,-0.19700593
AT3G14120,-0.03581502
AT3G14130,0.27383795
AT3G14140,0.0048862523
AT3G14150,-0.47668743
AT3G14160,0.2136213
AT3G14170,-0.035306957
AT3G14172,0.059249748
AT3G14180,0.15645395
AT3G14190,0.06949125
AT3G14200,0.03914882
AT3G14205,-0.03292809
AT3G14210,-0.6957793
AT3G14220,-0.22446324
AT3G14225,0.27522305
AT3G14230,0.0621981
AT3G14240,-0.5145622
AT3G14250,0.004433119
AT3G14260,0.010810323
AT3G14270,0.1456194
AT3G14280,0.42661574
AT3G14290,0.15289459
AT3G14300,0.014869492
AT3G14310,-0.19101937
AT3G14320,0.021221777
AT3G14330,-0.3879374
AT3G14340,0.013323697
AT3G14350,-0.27713016
AT3G14360,-0.010416242
AT3G14362,-0.0017225215
AT3G14370,0.0070151263
AT3G14380,-0.035790022
AT3G14390,0.0065785707
AT3G14395,0.22007227
AT3G14400,0.1207336
AT3G14410,-0.031471957
AT3G14415,-0.40585575
AT3G14420,-0.4867898
AT3G14430,0.4146441
AT3G14440,0.57292444
AT3G14450,-0.33095226
AT3G14452,0.00042212693
AT3G14460,0.6380326
AT3G14463,-0.024842532
AT3G14467,0.035281833
AT3G14470,0.4913467
AT3G14480,0.004659198
AT3G14490,0.004986265
AT3G14510,0.0010391017
AT3G14520,0.0035516832
AT3G14530,0.005326832
AT3G14540,0.0048236926
AT3G14550,0.017350016
AT3G14560,0.30187142
AT3G14570,-0.41362166
AT3G14580,-0.08493648
AT3G14590,0.1971852
AT3G14595,0.07442954
AT3G14600,0.09300393
AT3G14610,0.2518299
AT3G14620,0.8524203
AT3G14630,0.20241086
AT3G14640,0.015388638
AT3G14650,-0.17128062
AT3G14660,0.0105583845
AT3G14670,0.065258645
AT3G14680,0.73464864
AT3G14690,0.25296998
AT3G14700,0.23498549
AT3G14710,0.014101203
AT3G14720,0.2848669
AT3G14730,-0.09404204
AT3G14740,-0.1483366
AT3G14750,0.18974161
AT3G14760,-0.06278967
AT3G14770,1.0039741
AT3G14780,0.04366392
AT3G14790,0.13331102
AT3G14810,-0.029410725
AT3G14820,0.015464425
AT3G14830,0.0487958
AT3G14840,0.21423358
AT3G14850,0.86986774
AT3G14860,-0.053687427
AT3G14870,0.028960662
AT3G14880,0.011706896
AT3G14890,-0.20167845
AT3G14900,0.13905568
AT3G14910,0.14389655
AT3G14920,0.19949885
AT3G14930,-0.24985565
AT3G14940,-0.18444459
AT3G14950,-0.0035423886
AT3G14960,0.17743051
AT3G14970,0.003750774
AT3G14980,-0.40598118
AT3G14981,0.0038877164
AT3G14990,0.7054476
AT3G15000,0.21966584
AT3G15010,0.12452253
AT3G15020,0.5090487
AT3G15030,-0.16178896
AT3G15040,0.31567052
AT3G15050,-0.009457597
AT3G15060,0.3039614
AT3G15070,-0.0049464162
AT3G15080,0.2527831
AT3G15090,0.07965142
AT3G15095,-0.5579507
AT3G15110,-0.11086189
AT3G15110,-0.09210164
AT3G15111,0.0038944315
AT3G15120,-0.12157905
AT3G15130,-0.089267574
AT3G15140,0.05089271
AT3G15150,-0.0822391
AT3G15160,0.021736803
AT3G15170,-0.09124336
AT3G15180,0.22545767
AT3G15190,-0.33990502
AT3G15200,-0.21476983
AT3G15210,0.22884955
AT3G15220,-0.16992152
AT3G15240,-0.010932103
AT3G15250,0.0048172898
AT3G15251,0.0039495616
AT3G15260,-0.006786506
AT3G15270,0.09721768
AT3G15280,-0.027638732
AT3G15290,0.13874605
AT3G15300,0.107638784
AT3G15340,0.101182304
AT3G15348,0.0038944315
AT3G15350,-0.14158683
AT3G15351,0.014062566
AT3G15352,0.7114664
AT3G15353,-0.14307202
AT3G15354,-0.33882627
AT3G15355,0.24183138
AT3G15356,1.1206487
AT3G15357,0.061561003
AT3G15359,0.008617874
AT3G15360,-0.05119678
AT3G15370,0.015833408
AT3G15380,-0.1683047
AT3G15390,-0.0025156196
AT3G15395,-0.021230815
AT3G15400,-0.19717903
AT3G15410,-0.124405496
AT3G15420,0.01633673
AT3G15430,0.2252935
AT3G15440,0.18820149
AT3G15450,0.013743639
AT3G15460,-0.048264798
AT3G15470,-0.109396935
AT3G15480,-0.29735994
AT3G15490,0.0058475398
AT3G15500,1.1632968
AT3G15510,-0.08942604
AT3G15518,0.9578548
AT3G15520,-0.4261215
AT3G15530,-0.3495382
AT3G15534,0.6194683
AT3G15540,-0.25812218
AT3G15548,0.0038944315
AT3G15550,-0.1577981
AT3G15570,-0.618006
AT3G15578,0.0039113867
AT3G15580,0.35480705
AT3G15590,-0.011343873
AT3G15604,0.0039169206
AT3G15605,-0.0027377375
AT3G15610,-0.08963623
AT3G15620,-0.08582131
AT3G15630,0.03173011
AT3G15635,-0.0032591887
AT3G15640,0.0030151166
AT3G15650,-0.2075138
AT3G15660,0.27089933
AT3G15670,0.038053162
AT3G15680,-0.42480478
AT3G15690,-0.063997276
AT3G15700,0.005932757
AT3G15710,0.03565087
AT3G15720,-0.35971034
AT3G15730,0.012329767
AT3G15740,0.04239318
AT3G15750,-0.047013897
AT3G15760,0.46292362
AT3G15770,0.034847587
AT3G15780,0.041261595
AT3G15790,-0.19836454
AT3G15800,-0.14914787
AT3G15810,0.1425902
AT3G15820,0.12021016
AT3G15830,0.12952359
AT3G15840,0.108115725
AT3G15850,-0.36538002
AT3G15860,0.011201265
AT3G15870,0.0047735083
AT3G15880,0.093322635
AT3G15890,-0.08119233
AT3G15900,0.04295014
AT3G15909,0.0038944315
AT3G15910,0.0042922213
AT3G15920,-0.030363316
AT3G15930,-0.1005856
AT3G15940,-0.04830745
AT3G15950,-0.008995582
AT3G15960,0.012795702
AT3G15970,-0.046309005
AT3G15980,0.052274916
AT3G15990,0.32582903
AT3G16000,-0.36350212
AT3G16010,-0.16476287
AT3G16020,-0.05514128
AT3G16030,-0.18682183
AT3G16040,0.01958008
AT3G16050,0.07221662
AT3G16060,-0.13872123
AT3G16070,-0.16064508
AT3G16080,0.12331632
AT3G16090,0.05172597
AT3G16100,-0.187756
AT3G16110,0.071044095
AT3G16117,0.003915237
AT3G16120,0.013847731
AT3G16130,0.0079974
AT3G16140,-0.3642311
AT3G16150,1.1467477
AT3G16160,0.0015614774
AT3G16170,0.19428246
AT3G16175,-0.14133652
AT3G16180,-0.5136929
AT3G16190,0.15978174
AT3G16200,-0.046538755
AT3G16210,0.08674354
AT3G16220,0.173144
AT3G16230,-0.0686053
AT3G16240,-0.773061
AT3G16250,-0.74477476
AT3G16260,-0.18892486
AT3G16270,0.17557615
AT3G16280,0.26384035
AT3G16290,-0.2245615
AT3G16300,0.02857084
AT3G16310,0.16674937
AT3G16320,0.008879837
AT3G16330,1.0992824
AT3G16340,0.034018714
AT3G16350,-0.08047823
AT3G16360,-0.43773738
AT3G16370,-1.0258241
AT3G16380,-0.02729947
AT3G16390,0.019366227
AT3G16400,0.2999842
AT3G16410,0.06367446
AT3G16420,0.2456216
AT3G16430,0.059256535
AT3G16432,0.0038855246
AT3G16440,-0.00109773
AT3G16450,0.4572796
AT3G16460,0.21696258
AT3G16470,-0.09510296
AT3G16480,0.09011966
AT3G16490,0.06970253
AT3G16500,0.2852954
AT3G16510,0.38525915
AT3G16520,-0.28674266
AT3G16525,0.010765198
AT3G16530,0.77636975
AT3G16540,0.012335124
AT3G16550,0.0038944315
AT3G16555,0.010561523
AT3G16560,0.013671908
AT3G16565,0.44127777
AT3G16570,-0.16396514
AT3G16580,0.0041634077
AT3G16590,-0.00010575913
AT3G16600,0.008294267
AT3G16610,-0.10459576
AT3G16620,-0.016813489
AT3G16630,-0.03347331
AT3G16640,0.12512974
AT3G16650,0.15673168
AT3G16660,-0.2657634
AT3G16670,-0.28740504
AT3G16680,0.0027331468
AT3G16690,-0.38469183
AT3G16700,-0.028459214
AT3G16710,-0.08860281
AT3G16712,0.0017583575
AT3G16720,0.27995688
AT3G16730,-0.057273865
AT3G16740,0.09408163
AT3G16750,-0.26661155
AT3G16760,0.12991221
AT3G16770,-0.033095915
AT3G16780,0.0023890939
AT3G16785,0.23488773
AT3G16800,-0.63629186
AT3G16810,0.050079454
AT3G16820,0.0038944315
AT3G16830,-0.009124471
AT3G16840,-0.11376976
AT3G16850,-0.38210413
AT3G16857,-0.015467197
AT3G16860,0.80921644
AT3G16870,0.1939977
AT3G16880,0.0045161904
AT3G16890,-0.02305565
AT3G16895,0.0051091574
AT3G16900,0.04045729
AT3G16910,0.21848135
AT3G16920,0.22312964
AT3G16930,0.0029450816
AT3G16940,-0.0941539
AT3G16950,-0.2287976
AT3G16960,0.0038944315
AT3G16970,0.003908711
AT3G16980,-0.010156715
AT3G16990,0.49949172
AT3G17000,0.32916906
AT3G17010,0.14332108
AT3G17020,0.17482209
AT3G17030,-0.06649866
AT3G17040,-0.47718668
AT3G17050,0.0038944315
AT3G17060,0.004168708
AT3G17070,-0.28193334
AT3G17080,0.0038944315
AT3G17090,0.033404242
AT3G17100,-0.21366192
AT3G17120,-0.4260937
AT3G17130,-0.16797845
AT3G17140,0.0039117336
AT3G17145,0.0038944315
AT3G17152,0.005129706
AT3G17155,0.0039017063
AT3G17160,-0.23526914
AT3G17170,-0.13105847
AT3G17180,0.17820477
AT3G17190,0.0038944315
AT3G17205,0.15360014
AT3G17210,-0.08273954
AT3G17220,0.0044508358
AT3G17225,-0.0031434845
AT3G17227,0.009009651
AT3G17230,0.004024321
AT3G17240,0.5079504
AT3G17250,0.041793194
AT3G17261,0.0038944315
AT3G17265,-0.066450424
AT3G17270,0.006475792
AT3G17280,-0.19209778
AT3G17310,-0.30837408
AT3G17320,-0.0013816431
AT3G17330,-0.5816336
AT3G17340,0.0100411
AT3G17350,-0.44413462
AT3G17360,-0.077244855
AT3G17365,0.012138865
AT3G17370,0.0034212272
AT3G17380,-0.07297912
AT3G17390,-0.16055055
AT3G17400,0.020865418
AT3G17410,0.40759924
AT3G17420,0.60372406
AT3G17430,-0.03138682
AT3G17440,-0.012964196
AT3G17450,0.02676835
AT3G17460,-0.06827669
AT3G17465,-0.015770515
AT3G17470,-0.32322812
AT3G17480,0.0039002567
AT3G17490,0.003911223
AT3G17500,0.0038944315
AT3G17510,-0.19670816
AT3G17520,0.09506011
AT3G17530,0.004115381
AT3G17540,0.0038944315
AT3G17550,0.0038944315
AT3G17560,0.0038944315
AT3G17570,-0.0008196949
AT3G17580,-0.068652414
AT3G17590,-0.0005759473
AT3G17600,0.034857832
AT3G17609,0.27032098
AT3G17611,0.20276427
AT3G17620,0.021772074
AT3G17626,0.059372682
AT3G17630,-0.18550372
AT3G17640,-0.734399
AT3G17650,-0.28519538
AT3G17655,0.017879749
AT3G17660,-0.21526086
AT3G17670,-0.07574668
AT3G17675,0.0009622105
AT3G17680,-0.15294927
AT3G17690,0.074576356
AT3G17700,0.21340336
AT3G17710,-0.012226276
AT3G17712,-0.10411531
AT3G17717,0.11419625
AT3G17720,0.00053386233
AT3G17730,-0.0793119
AT3G17740,-0.09588644
AT3G17750,-0.17845725
AT3G17760,0.035507236
AT3G17765,0.0040459377
AT3G17770,0.49505576
AT3G17780,0.2861829
AT3G17790,0.65659946
AT3G17800,0.07952875
AT3G17810,0.5167635
AT3G17820,0.5893788
AT3G17830,-0.11956835
AT3G17840,-0.115712754
AT3G17850,-0.06407027
AT3G17860,-0.058647677
AT3G17880,0.122456424
AT3G17890,-0.050199788
AT3G17900,-0.048198555
AT3G17910,0.36454925
AT3G17920,-0.12724249
AT3G17930,-0.16856448
AT3G17940,0.21587716
AT3G17950,-0.10631106
AT3G17970,0.08645025
AT3G17980,0.08999292
AT3G18000,-0.2714299
AT3G18010,0.008758106
AT3G18020,-0.027778193
AT3G18030,0.11994791
AT3G18035,-0.09719074
AT3G18040,-0.17300601
AT3G18050,-0.6585422
AT3G18060,0.050482344
AT3G18070,-0.26248804
AT3G18080,-0.1924997
AT3G18090,-0.51576525
AT3G18100,-0.002106227
AT3G18110,-0.5306742
AT3G18120,0.004113713
AT3G18130,0.1654927
AT3G18140,0.07629726
AT3G18150,0.0042146747
AT3G18160,-0.23460959
AT3G18165,0.11480003
AT3G18170,0.16905445
AT3G18180,-0.0024496869
AT3G18190,0.08330856
AT3G18200,-0.00590813
AT3G18210,-0.09106994
AT3G18215,-0.08113251
AT3G18220,0.003818284
AT3G18230,0.105947435
AT3G18235,0.017941682
AT3G18240,-0.16362844
AT3G18250,1.3890157
AT3G18260,0.022271724
AT3G18280,0.74971527
AT3G18282,0.0041363216
AT3G18290,0.0994867
AT3G18291,0.004501116
AT3G18295,0.047220152
AT3G18300,-0.081975415
AT3G18310,-0.07785184
AT3G18320,-0.24323006
AT3G18330,0.0016251989
AT3G18340,0.0038944315
AT3G18350,0.048915993
AT3G18360,0.029882194
AT3G18370,-0.04320948
AT3G18380,0.10480476
AT3G18390,-0.47388998
AT3G18400,0.0785816
AT3G18410,0.30408588
AT3G18420,0.20061494
AT3G18430,0.17063957
AT3G18440,0.5480667
AT3G18450,0.022896245
AT3G18460,0.0038650457
AT3G18470,0.0036632477
AT3G18480,0.019891212
AT3G18485,-0.23178147
AT3G18490,-0.06741111
AT3G18500,-0.14058237
AT3G18510,-0.02005021
AT3G18518,0.004090373
AT3G18520,0.07050123
AT3G18524,-0.2311468
AT3G18530,-0.16991605
AT3G18535,0.0145494
AT3G18550,0.10691368
AT3G18560,0.24155347
AT3G18570,0.0086487485
AT3G18580,0.17737097
AT3G18590,0.009835263
AT3G18600,0.16017094
AT3G18610,0.014106229
AT3G18620,0.27567503
AT3G18630,-0.23130417
AT3G18640,0.030488558
AT3G18650,0.0038944315
AT3G18660,0.113843046
AT3G18670,-0.022687608
AT3G18680,-0.20107347
AT3G18690,0.29073834
AT3G18700,0.003982867
AT3G18710,-0.44478723
AT3G18715,-0.003349203
AT3G18720,0.024760263
AT3G18730,-0.012089164
AT3G18740,0.104525864
AT3G18750,-0.6565344
AT3G18760,0.19150497
AT3G18770,-0.010216155
AT3G18773,-0.4746544
AT3G18775,0.0045181992
AT3G18780,-0.12252232
AT3G18790,-0.08984562
AT3G18800,-0.32948968
AT3G18810,0.0021436035
AT3G18820,0.17245257
AT3G18830,0.74286675
AT3G18840,-0.040041942
AT3G18850,-0.40220323
AT3G18860,0.14851063
AT3G18870,-0.13793135
AT3G18880,-0.095934
AT3G18890,-0.67716485
AT3G18900,-0.13169967
AT3G18905,0.00076406234
AT3G18910,-0.008558491
AT3G18915,-0.0037890568
AT3G18930,0.1172534
AT3G18940,0.1348363
AT3G18950,0.9825247
AT3G18957,0.0038944315
AT3G18960,-0.21517913
AT3G18970,-0.28605708
AT3G18980,-0.22227275
AT3G18990,-0.036116034
AT3G19000,-0.18918897
AT3G19010,0.5347534
AT3G19020,-0.0043599047
AT3G19030,0.046376754
AT3G19035,0.0038944315
AT3G19040,-0.07404009
AT3G19050,-0.36920083
AT3G19055,0.0040280432
AT3G19070,0.0028889172
AT3G19080,-0.24353088
AT3G19085,0.0028598802
AT3G19090,0.048390333
AT3G19100,0.14007415
AT3G19120,-0.15659435
AT3G19130,0.2081819
AT3G19140,0.0051623373
AT3G19150,0.20564382
AT3G19160,0.0035008367
AT3G19170,0.05712822
AT3G19180,-0.2137422
AT3G19184,0.020703956
AT3G19190,0.18368049
AT3G19200,0.017198963
AT3G19210,0.18595837
AT3G19220,-0.021181418
AT3G19230,-0.1774177
AT3G19240,0.0047316304
AT3G19250,0.17681982
AT3G19260,0.5969109
AT3G19270,0.4286759
AT3G19274,0.004258089
AT3G19280,0.08759934
AT3G19290,0.041888673
AT3G19300,-0.044045154
AT3G19310,-0.020008974
AT3G19320,0.009462557
AT3G19330,-0.017367728
AT3G19340,-0.058611248
AT3G19350,-0.0076528
AT3G19360,0.095799305
AT3G19370,-0.53530866
AT3G19380,-0.18709661
AT3G19390,1.0966226
AT3G19400,-0.14785983
AT3G19410,0.003938439
AT3G19420,0.068427116
AT3G19430,-0.028315298
AT3G19440,0.008491193
AT3G19450,-0.067482375
AT3G19460,0.06935466
AT3G19470,-0.059753656
AT3G19480,-0.5487241
AT3G19490,0.31164864
AT3G19500,-0.05346562
AT3G19508,0.17193253
AT3G19510,-0.06953444
AT3G19515,-0.29149592
AT3G19520,0.16315596
AT3G19530,0.0039176317
AT3G19540,-0.17771631
AT3G19550,-0.042704254
AT3G19552,0.03377162
AT3G19553,0.014772221
AT3G19560,0.00070995494
AT3G19565,0.0022723116
AT3G19570,-0.44120237
AT3G19580,0.4122952
AT3G19590,-0.07894527
AT3G19600,0.006828364
AT3G19610,0.060025007
AT3G19613,-0.0058504133
AT3G19615,1.1384039
AT3G19620,0.09333721
AT3G19630,0.11644194
AT3G19640,0.22235449
AT3G19650,-0.06607891
AT3G19660,0.6269166
AT3G19663,0.035290305
AT3G19670,-0.02647394
AT3G19680,-0.28172544
AT3G19690,0.0062433877
AT3G19700,0.017421259
AT3G19710,-0.71756023
AT3G19720,-0.36294675
AT3G19740,0.06797503
AT3G19760,0.11642604
AT3G19770,0.08539515
AT3G19780,-0.15275414
AT3G19790,-0.04346022
AT3G19800,-0.22712965
AT3G19810,-0.10441815
AT3G19820,-0.3827401
AT3G19830,0.0598165
AT3G19840,0.035880663
AT3G19850,-0.5331085
AT3G19860,-0.1437654
AT3G19870,0.15713657
AT3G19880,0.0038944315
AT3G19890,0.0038944315
AT3G19895,0.10823042
AT3G19900,0.21660809
AT3G19910,0.45562753
AT3G19920,0.22763501
AT3G19930,0.044973742
AT3G19940,0.0042022904
AT3G19950,0.22497495
AT3G19960,0.19444673
AT3G19970,1.067088
AT3G19980,0.089242734
AT3G19990,0.25397387
AT3G20000,0.12718387
AT3G20010,-0.08050707
AT3G20015,-0.3993475
AT3G20020,0.021770611
AT3G20030,0.003901259
AT3G20040,-0.13770373
AT3G20050,0.08696883
AT3G20060,0.14880838
AT3G20070,-0.30830076
AT3G20080,-0.11834826
AT3G20090,-0.23866473
AT3G20100,-0.103733055
AT3G20110,0.3171679
AT3G20120,-0.14948569
AT3G20130,-0.1383011
AT3G20140,0.012666106
AT3G20150,-0.24534023
AT3G20155,0.0047204574
AT3G20160,0.019832185
AT3G20170,0.021247534
AT3G20180,0.026739046
AT3G20190,0.0011422224
AT3G20200,-0.19260456
AT3G20210,0.015797144
AT3G20220,0.010637651
AT3G20230,-0.17208238
AT3G20240,-0.047642667
AT3G20250,0.38294324
AT3G20260,-0.10360283
AT3G20270,-0.018418996
AT3G20280,-0.027429817
AT3G20290,0.06737461
AT3G20300,0.11269682
AT3G20310,0.09128191
AT3G20320,-0.055265028
AT3G20330,0.12532866
AT3G20340,0.23425002
AT3G20350,-0.34621692
AT3G20360,0.028734513
AT3G20362,0.008975727
AT3G20370,0.3055811
AT3G20380,0.057796564
AT3G20390,0.183689
AT3G20395,0.07180277
AT3G20400,0.0036637746
AT3G20410,0.30289885
AT3G20420,-0.12068812
AT3G20430,-0.025873162
AT3G20440,0.0014420282
AT3G20450,0.027032325
AT3G20460,-0.10036945
AT3G20470,-0.31601992
AT3G20475,0.021849737
AT3G20480,-0.12051802
AT3G20490,0.2478469
AT3G20500,0.11553976
AT3G20510,0.5183527
AT3G20520,0.036340542
AT3G20530,-0.005892514
AT3G20540,-0.06910562
AT3G20550,0.012009724
AT3G20555,0.004028472
AT3G20557,0.0058159507
AT3G20560,-0.030540513
AT3G20570,-0.32662642
AT3G20580,0.02608844
AT3G20590,-0.0029443428
AT3G20600,0.6408174
AT3G20610,0.022028327
AT3G20620,0.018914888
AT3G20630,0.23968415
AT3G20640,-0.26809707
AT3G20650,0.11827397
AT3G20660,0.4861683
AT3G20670,0.3836069
AT3G20680,-0.23137484
AT3G20690,0.0045725736
AT3G20700,0.0045294394
AT3G20705,0.0038944315
AT3G20710,0.029396323
AT3G20720,0.002677304
AT3G20730,0.0016311452
AT3G20740,-0.021976998
AT3G20750,0.0039019054
AT3G20760,0.0026510258
AT3G20770,0.033384822
AT3G20780,-0.18037784
AT3G20790,-0.47003126
AT3G20800,0.24450012
AT3G20810,0.10738244
AT3G20820,-0.49097124
AT3G20830,-0.0033617646
AT3G20840,0.0009522736
AT3G20850,0.0051240814
AT3G20860,0.22528447
AT3G20865,-0.096520394
AT3G20870,-0.025620745
AT3G20880,0.0054511637
AT3G20890,0.113687955
AT3G20898,0.11449941
AT3G20900,-0.011815173
AT3G20910,0.10477509
AT3G20920,0.16203454
AT3G20930,-0.22369258
AT3G20935,0.015672982
AT3G20940,-0.005247832
AT3G20950,0.004330183
AT3G20960,0.16681647
AT3G20970,0.19482975
AT3G20980,0.0038026264
AT3G20993,0.0038944315
AT3G20997,0.0038944315
AT3G21000,-0.0010054167
AT3G21055,-0.3592894
AT3G21060,-0.15106393
AT3G21070,0.36300468
AT3G21080,0.9328386
AT3G21090,0.23752165
AT3G21100,-0.08786988
AT3G21110,-0.19032814
AT3G21120,0.0038944315
AT3G21130,0.0038944315
AT3G21140,0.15375435
AT3G21150,0.32061955
AT3G21160,0.059534002
AT3G21165,0.0038944315
AT3G21170,0.004149218
AT3G21175,0.08213808
AT3G21180,0.007395578
AT3G21190,-0.2914088
AT3G21200,-0.043277208
AT3G21210,-0.09131772
AT3G21215,-0.02163192
AT3G21220,0.33330432
AT3G21230,1.026466
AT3G21240,0.5720188
AT3G21250,-0.16054103
AT3G21260,-0.3684827
AT3G21270,-0.13982074
AT3G21280,0.04513939
AT3G21290,0.03568737
AT3G21295,0.088653274
AT3G21300,0.0220728
AT3G21305,1.0505034
AT3G21310,-0.07837152
AT3G21320,0.23541628
AT3G21330,-0.10637849
AT3G21340,-5.9845548e-05
AT3G21350,-0.06859748
AT3G21351,0.091928266
AT3G21352,0.049581915
AT3G21360,0.019838134
AT3G21370,6.653989e-05
AT3G21371,0.0038944315
AT3G21380,0.0037623234
AT3G21390,-0.2564732
AT3G21400,-0.08703887
AT3G21405,0.007808546
AT3G21410,0.0041581993
AT3G21420,0.14716971
AT3G21430,-0.019522412
AT3G21450,0.004031249
AT3G21460,-0.59014887
AT3G21465,0.131502
AT3G21470,-0.05183031
AT3G21473,0.004004014
AT3G21480,0.07690442
AT3G21490,0.0039203707
AT3G21500,1.4889704
AT3G21510,0.2919959
AT3G21520,2.0113554
AT3G21530,0.1379583
AT3G21540,0.1660912
AT3G21550,0.035946332
AT3G21560,0.11268282
AT3G21570,0.0041911174
AT3G21580,-0.0800969
AT3G21590,0.012265521
AT3G21600,0.1613137
AT3G21620,-0.017688585
AT3G21630,0.4520508
AT3G21640,-0.033863083
AT3G21650,-0.100874536
AT3G21660,0.040051784
AT3G21670,0.16566472
AT3G21680,-0.067364894
AT3G21690,0.5413417
AT3G21700,0.90136194
AT3G21710,-0.1158528
AT3G21720,0.02915393
AT3G21730,0.003926446
AT3G21740,0.17796786
AT3G21750,-0.027644703
AT3G21760,-0.30055103
AT3G21770,-0.39388463
AT3G21780,0.43787423
AT3G21790,0.362093
AT3G21800,0.06340277
AT3G21810,0.23418467
AT3G21820,0.03590614
AT3G21825,0.0038944315
AT3G21830,0.01057278
AT3G21840,0.016140336
AT3G21850,0.041362002
AT3G21860,0.021669881
AT3G21865,0.14165185
AT3G21870,-0.38527405
AT3G21880,0.005344792
AT3G21890,-0.015447237
AT3G21900,0.0038944315
AT3G21910,0.0039137867
AT3G21920,0.0034463152
AT3G21930,0.0038944315
AT3G21933,0.0038944315
AT3G21937,0.0038944315
AT3G21940,0.0038944315
AT3G21945,0.003920987
AT3G21950,-0.35021603
AT3G21960,0.0036200199
AT3G21965,0.0038944315
AT3G21970,0.0038944315
AT3G21980,0.0038944315
AT3G21985,0.0038944315
AT3G21990,0.012536014
AT3G22000,0.0039901324
AT3G22010,0.0038944315
AT3G22020,0.0039044793
AT3G22022,0.0038944315
AT3G22030,0.0038944315
AT3G22040,-0.015569183
AT3G22050,0.0048394753
AT3G22053,0.0038944315
AT3G22057,0.003931438
AT3G22060,0.30544302
AT3G22070,-0.15809739
AT3G22080,0.0038944315
AT3G22085,0.0039194725
AT3G22090,0.006582701
AT3G22100,0.06745672
AT3G22104,-0.26710227
AT3G22110,0.17426372
AT3G22120,-0.2847019
AT3G22125,-0.09614891
AT3G22142,-0.9007563
AT3G22150,-0.45562056
AT3G22160,0.8228082
AT3G22170,0.028884748
AT3G22180,0.08748951
AT3G22183,-0.03411066
AT3G22190,-0.13964356
AT3G22200,0.5548696
AT3G22210,-0.35558084
AT3G22220,0.06846732
AT3G22230,0.16134425
AT3G22231,0.85283947
AT3G22235,1.1793349
AT3G22240,1.2942506
AT3G22250,0.041694835
AT3G22260,0.38718387
AT3G22270,-0.00037694848
AT3G22275,-0.01626517
AT3G22280,0.0038944315
AT3G22300,0.21317671
AT3G22310,0.27002254
AT3G22320,0.24396062
AT3G22330,0.24521221
AT3G22333,0.0038944315
AT3G22337,0.0038944315
AT3G22345,0.0038944315
AT3G22350,0.030159242
AT3G22360,0.07793937
AT3G22370,0.99380237
AT3G22380,-0.018305825
AT3G22400,-0.31687772
AT3G22410,0.019874802
AT3G22415,0.1333198
AT3G22420,-0.32850143
AT3G22421,0.0036390573
AT3G22425,-0.12711549
AT3G22430,0.17674051
AT3G22436,0.019126141
AT3G22440,0.00035185492
AT3G22450,0.0903176
AT3G22460,0.27029148
AT3G22470,-0.10830664
AT3G22480,0.098119415
AT3G22490,0.0052906144
AT3G22500,0.009545222
AT3G22510,0.029825203
AT3G22520,-0.13466205
AT3G22530,0.09490862
AT3G22540,-0.004846558
AT3G22550,0.13942601
AT3G22560,0.8271136
AT3G22565,0.07619346
AT3G22570,-0.0006824297
AT3G22580,0.0039116046
AT3G22590,-0.005951281
AT3G22600,2.74167
AT3G22620,1.7686161
AT3G22630,0.4823743
AT3G22640,0.0023237318
AT3G22650,0.0038944315
AT3G22660,0.1550907
AT3G22670,-0.27822745
AT3G22680,0.1852882
AT3G22690,-0.08750638
AT3G22700,-0.00516599
AT3G22710,0.0038944315
AT3G22720,0.0038944315
AT3G22723,0.0038944315
AT3G22730,0.0038944315
AT3G22740,0.10179609
AT3G22750,0.24044418
AT3G22760,-0.062102363
AT3G22770,-0.004100311
AT3G22780,-0.25813305
AT3G22790,-0.37858847
AT3G22800,0.10622952
AT3G22810,-0.24858136
AT3G22820,-0.10325887
AT3G22830,0.05041832
AT3G22840,-0.1870836
AT3G22845,0.33832324
AT3G22850,0.573629
AT3G22860,0.031297248
AT3G22870,0.0041541257
AT3G22880,0.005630903
AT3G22890,0.10898727
AT3G22900,0.03139429
AT3G22910,1.2116275
AT3G22920,0.010665218
AT3G22930,0.046675276
AT3G22935,0.0047654193
AT3G22940,0.0038944315
AT3G22942,0.10874611
AT3G22950,0.30441615
AT3G22960,-0.14916873
AT3G22961,0.03595711
AT3G22970,-0.3179302
AT3G22980,0.39002755
AT3G22990,0.19847067
AT3G23000,-0.09795582
AT3G23010,0.2199528
AT3G23020,-0.0241868
AT3G23030,-0.1886115
AT3G23050,-0.44980213
AT3G23060,0.021719826
AT3G23070,-0.3059363
AT3G23080,-0.22891028
AT3G23090,-0.27894792
AT3G23100,0.052070614
AT3G23110,0.20906389
AT3G23120,0.8535331
AT3G23123,0.025819363
AT3G23130,0.003946023
AT3G23140,0.0038944315
AT3G23145,0.0038944315
AT3G23150,0.37193856
AT3G23160,-0.03200419
AT3G23165,0.0039038628
AT3G23167,0.004204191
AT3G23170,0.48130858
AT3G23172,0.0038944315
AT3G23175,-0.020825475
AT3G23180,0.014553697
AT3G23190,0.0011077914
AT3G23200,0.22520763
AT3G23210,-0.21356905
AT3G23220,0.02159439
AT3G23230,0.15608416
AT3G23240,0.73450917
AT3G23245,0.0045017186
AT3G23250,1.0907868
AT3G23255,-0.011369586
AT3G23260,0.013151783
AT3G23270,0.0040362626
AT3G23280,0.18123098
AT3G23290,-0.03796951
AT3G23300,0.06403704
AT3G23310,-0.16446887
AT3G23320,0.002435089
AT3G23325,0.23260541
AT3G23330,-0.039805993
AT3G23340,-0.2136606
AT3G23350,0.0035327848
AT3G23360,0.0022158204
AT3G23370,0.07159383
AT3G23380,0.02840547
AT3G23390,0.06335873
AT3G23400,0.05018772
AT3G23410,-0.12606792
AT3G23420,0.004401312
AT3G23430,-0.27931565
AT3G23440,-0.04934692
AT3G23450,-0.33811292
AT3G23460,0.0022237126
AT3G23470,0.008764397
AT3G23480,-0.29307735
AT3G23490,0.09377097
AT3G23500,0.0038944315
AT3G23530,0.37188578
AT3G23540,0.21665435
AT3G23550,0.41595304
AT3G23560,0.3249667
AT3G23570,0.6765854
AT3G23580,0.1654045
AT3G23590,-0.10101118
AT3G23600,0.43887615
AT3G23605,0.27691478
AT3G23610,-0.12657012
AT3G23620,0.14380991
AT3G23630,-0.10481737
AT3G23633,0.003987161
AT3G23635,0.0046592457
AT3G23637,0.0012399893
AT3G23640,-0.27112147
AT3G23660,0.057225604
AT3G23670,-0.22696424
AT3G23680,0.0039671515
AT3G23685,0.003930586
AT3G23690,-0.14525194
AT3G23700,-0.33962226
AT3G23710,0.003937741
AT3G23715,0.0036387702
AT3G23727,0.0039440584
AT3G23730,-0.07890262
AT3G23740,-0.23742867
AT3G23750,-0.19865412
AT3G23760,-0.39163733
AT3G23770,0.003889556
AT3G23780,-0.30705884
AT3G23790,0.114183046
AT3G23800,-0.013526338
AT3G23805,-0.35899088
AT3G23810,0.18551834
AT3G23820,-0.3709841
AT3G23830,0.13308255
AT3G23840,-0.46913555
AT3G23860,0.0032619704
AT3G23870,-0.037150767
AT3G23880,-0.917403
AT3G23890,-0.21015923
AT3G23900,-0.050012153
AT3G23910,-0.070865504
AT3G23920,0.3883226
AT3G23930,-0.035173442
AT3G23940,0.0442315
AT3G23950,0.0038921824
AT3G23955,-0.011202731
AT3G23960,0.0130552845
AT3G23970,-0.02829334
AT3G23980,-0.0040685674
AT3G23990,0.19197345
AT3G24000,-0.11105432
AT3G24010,-0.026451534
AT3G24020,-0.0439931
AT3G24030,-0.21186803
AT3G24040,-0.1735261
AT3G24050,-0.035592303
AT3G24060,0.0015654467
AT3G24065,0.01312157
AT3G24068,0.0077669085
AT3G24080,-0.1054098
AT3G24090,0.3844855
AT3G24093,0.0069980733
AT3G24100,0.08521814
AT3G24110,-0.13024764
AT3G24120,0.061360642
AT3G24130,0.0018764859
AT3G24140,-0.28200325
AT3G24150,-0.15236993
AT3G24160,0.12670289
AT3G24170,0.5842767
AT3G24180,0.30364782
AT3G24190,-0.20534223
AT3G24200,0.2878145
AT3G24210,0.045717373
AT3G24220,0.005864152
AT3G24225,0.002708359
AT3G24230,0.008288994
AT3G24240,0.0051424317
AT3G24250,0.003988926
AT3G24255,-0.1950903
AT3G24260,0.0038944315
AT3G24270,0.0038944315
AT3G24280,0.025014596
AT3G24290,0.0040028132
AT3G24300,-0.009534291
AT3G24310,0.004226506
AT3G24315,-0.060727254
AT3G24320,-0.06899042
AT3G24330,0.0055852537
AT3G24340,-0.032094527
AT3G24350,0.07956191
AT3G24360,-0.16089807
AT3G24400,0.0038944315
AT3G24420,0.2853141
AT3G24430,-0.3758062
AT3G24440,0.06954818
AT3G24450,-0.20838839
AT3G24460,0.17104
AT3G24463,-0.030307226
AT3G24465,0.0038944315
AT3G24480,-0.31447956
AT3G24490,-0.115676545
AT3G24495,0.026758283
AT3G24500,0.2298073
AT3G24503,0.09107152
AT3G24506,-0.030365808
AT3G24508,0.00390563
AT3G24510,0.008079109
AT3G24513,0.0038944315
AT3G24514,0.0038944315
AT3G24515,0.017320588
AT3G24516,0.033003803
AT3G24517,0.030194892
AT3G24520,-0.2675506
AT3G24530,0.23726523
AT3G24535,0.10982007
AT3G24540,0.067352526
AT3G24542,0.003964903
AT3G24550,0.13065349
AT3G24560,-0.26452
AT3G24570,0.124274515
AT3G24575,0.004205356
AT3G24580,0.015189394
AT3G24590,-0.13512129
AT3G24600,0.0060913097
AT3G24605,0.0037781803
AT3G24610,0.0038074956
AT3G24620,0.003911924
AT3G24630,-0.1781289
AT3G24640,0.0064238016
AT3G24650,5.722139e-05
AT3G24660,-0.1214299
AT3G24670,-0.05338161
AT3G24690,0.0038944315
AT3G24700,0.0038944315
AT3G24710,0.0040170965
AT3G24715,-0.26303825
AT3G24730,0.13044558
AT3G24740,0.04472215
AT3G24750,0.019031717
AT3G24760,-0.04065904
AT3G24770,-0.1557398
AT3G24780,-0.0728027
AT3G24790,0.0044630985
AT3G24800,-0.06130655
AT3G24810,-0.017045407
AT3G24820,-0.09566191
AT3G24830,-0.010556844
AT3G24840,0.29410926
AT3G24850,0.00673116
AT3G24860,0.1350768
AT3G24870,0.056241125
AT3G24880,0.084616445
AT3G24890,-0.11018362
AT3G24900,0.40675107
AT3G24929,-0.044331253
AT3G24982,1.192268
AT3G25010,0.7860103
AT3G25011,-0.0042933547
AT3G25012,0.004299735
AT3G25013,-0.16855036
AT3G25014,0.004015763
AT3G25020,0.38478205
AT3G25030,-0.2790905
AT3G25040,0.03734156
AT3G25050,0.0041033295
AT3G25060,0.0906411
AT3G25070,0.07556405
AT3G25080,0.003372803
AT3G25090,0.0039822464
AT3G25100,-0.016477386
AT3G25110,-0.15469472
AT3G25120,0.06410747
AT3G25130,-0.41570845
AT3G25140,-0.26187268
AT3G25150,0.03632271
AT3G25160,0.005228395
AT3G25165,0.004276576
AT3G25170,0.006016834
AT3G25180,1.5790964
AT3G25182,0.0038944315
AT3G25190,-0.0062124436
AT3G25200,0.0038944315
AT3G25210,-0.06796447
AT3G25220,0.31336212
AT3G25221,0.014654423
AT3G25230,0.04798372
AT3G25240,0.14156462
AT3G25250,1.5026331
AT3G25260,0.005233662
AT3G25265,0.0038944315
AT3G25270,0.004024062
AT3G25280,0.0028747742
AT3G25290,0.15172385
AT3G25400,-0.024247572
AT3G25410,-0.13240634
AT3G25420,0.0038235148
AT3G25430,-0.052004945
AT3G25440,-0.05683722
AT3G25460,0.004001853
AT3G25470,0.03243642
AT3G25480,-0.09162229
AT3G25490,0.66017354
AT3G25493,-0.021226259
AT3G25500,-0.417859
AT3G25505,0.012236987
AT3G25510,0.08107762
AT3G25520,0.01511263
AT3G25530,-0.24623178
AT3G25540,-0.029763857
AT3G25545,0.09512084
AT3G25550,0.008038196
AT3G25560,-0.15662244
AT3G25570,0.043648273
AT3G25573,0.2136334
AT3G25577,0.050604347
AT3G25580,-0.053312916
AT3G25585,0.03784081
AT3G25590,-0.24186544
AT3G25597,0.49293676
AT3G25600,0.23423237
AT3G25610,0.8434892
AT3G25620,0.12931453
AT3G25640,0.31099954
AT3G25650,0.003908457
AT3G25655,0.26925766
AT3G25660,-0.22455323
AT3G25670,-0.2740931
AT3G25680,-0.13059372
AT3G25690,-0.3269629
AT3G25710,-0.42005983
AT3G25716,0.003914321
AT3G25717,-0.42940983
AT3G25719,0.04425842
AT3G25720,0.006408175
AT3G25727,0.0038944315
AT3G25730,0.086949505
AT3G25740,-0.17714952
AT3G25750,0.0038944315
AT3G25760,-0.15203892
AT3G25770,-0.0038708646
AT3G25780,1.3583595
AT3G25790,-0.016404705
AT3G25800,0.24014461
AT3G25805,-0.31536877
AT3G25810,0.004011329
AT3G25820,0.0024576664
AT3G25830,0.0066247564
AT3G25840,-0.10064118
AT3G25850,0.0038856233
AT3G25855,-0.07181352
AT3G25860,-0.1605193
AT3G25870,0.58979684
AT3G25880,0.0126792295
AT3G25882,1.1234306
AT3G25890,0.2595949
AT3G25900,0.8298421
AT3G25905,-0.09370741
AT3G25910,0.1388823
AT3G25920,-0.52282
AT3G25930,-0.0040667
AT3G25940,0.048885655
AT3G25950,0.6462157
AT3G25960,0.015177053
AT3G25970,-0.04783912
AT3G25980,-0.074014716
AT3G25990,0.010460478
AT3G26000,-0.10730464
AT3G26010,0.004498047
AT3G26020,0.28547212
AT3G26030,-0.13704358
AT3G26040,-0.053082436
AT3G26050,-0.011022829
AT3G26060,-0.64510083
AT3G26070,-0.250217
AT3G26080,0.2082461
AT3G26085,-0.19145
AT3G26090,0.55293274
AT3G26100,0.26934555
AT3G26110,0.0036928628
AT3G26115,-0.035601776
AT3G26120,0.03273682
AT3G26125,0.04326613
AT3G26130,-0.011911389
AT3G26135,0.09026944
AT3G26140,-0.005722897
AT3G26147,0.0038944315
AT3G26150,0.036052156
AT3G26160,-0.006242166
AT3G26170,0.6038141
AT3G26180,0.2794107
AT3G26190,0.94927365
AT3G26200,1.0947207
AT3G26210,0.5513151
AT3G26220,0.38172176
AT3G26230,0.14731325
AT3G26235,-0.011914025
AT3G26237,0.0035597507
AT3G26240,-0.085499085
AT3G26250,0.0040720007
AT3G26270,0.023583502
AT3G26280,-0.06405458
AT3G26290,0.15648313
AT3G26300,-0.49348998
AT3G26310,-0.5634905
AT3G26320,-0.5164901
AT3G26330,0.1619808
AT3G26340,0.4384766
AT3G26350,-0.1553293
AT3G26355,0.0038944315
AT3G26360,0.20953864
AT3G26370,0.009002826
AT3G26380,0.03182606
AT3G26390,0.0044638636
AT3G26395,0.17562927
AT3G26400,0.18973333
AT3G26410,0.1940453
AT3G26420,0.21977551
AT3G26430,0.15059619
AT3G26440,0.9952306
AT3G26445,-0.12609993
AT3G26450,-0.45482016
AT3G26460,-0.041985333
AT3G26470,0.8878713
AT3G26480,-0.020619845
AT3G26490,-0.19408852
AT3G26500,0.32357392
AT3G26510,-0.21704416
AT3G26512,-0.014744756
AT3G26520,-0.11948619
AT3G26539,-0.09289843
AT3G26540,-0.17517869
AT3G26550,0.009474206
AT3G26560,-0.028803227
AT3G26570,-0.3333381
AT3G26580,0.13291056
AT3G26590,0.32995814
AT3G26600,0.38622677
AT3G26610,-0.002725885
AT3G26616,0.0035993177
AT3G26618,-0.12256122
AT3G26620,0.007972738
AT3G26630,0.0032375164
AT3G26640,0.10384653
AT3G26650,-0.4098308
AT3G26660,0.010130164
AT3G26670,0.4583079
AT3G26680,0.06084928
AT3G26690,0.8030262
AT3G26700,-0.23744655
AT3G26710,-0.21246816
AT3G26720,-0.1819735
AT3G26730,0.027315265
AT3G26740,0.09458992
AT3G26742,0.03480191
AT3G26744,-0.09099344
AT3G26750,-0.17946781
AT3G26760,-0.18397284
AT3G26770,0.067853406
AT3G26780,-0.0014355709
AT3G26782,-0.032105107
AT3G26790,-0.010528877
AT3G26800,0.0048356373
AT3G26810,0.12040103
AT3G26820,0.16067381
AT3G26830,3.0163224
AT3G26840,1.1434094
AT3G26850,-0.15844731
AT3G26855,0.009009595
AT3G26860,0.0039589577
AT3G26870,0.0038944315
AT3G26880,0.0070231804
AT3G26890,-0.19186622
AT3G26900,-0.22424065
AT3G26910,0.5503693
AT3G26920,-0.056572884
AT3G26922,-0.1755315
AT3G26930,0.009953555
AT3G26932,-0.55499744
AT3G26934,0.004046223
AT3G26935,-0.13061728
AT3G26940,0.11122829
AT3G26950,-0.11195493
AT3G26960,-0.46521306
AT3G26980,0.010337333
AT3G26990,-0.08791286
AT3G27000,0.17952448
AT3G27010,0.009979326
AT3G27020,-0.028493328
AT3G27025,-0.012251534
AT3G27027,-0.23906827
AT3G27030,-0.15299645
AT3G27040,0.0055455286
AT3G27050,-0.24977362
AT3G27060,0.043996442
AT3G27070,-0.009578878
AT3G27080,0.079516254
AT3G27090,-0.07197281
AT3G27100,0.05179469
AT3G27110,0.18526213
AT3G27120,-0.01734701
AT3G27140,0.0038944315
AT3G27150,0.008399484
AT3G27160,-0.3294475
AT3G27170,-0.37044227
AT3G27180,0.049473483
AT3G27185,0.004685613
AT3G27190,0.30074203
AT3G27200,0.06297537
AT3G27210,0.19943927
AT3G27220,-0.02989424
AT3G27230,-0.101219386
AT3G27240,0.29819664
AT3G27250,-0.34513327
AT3G27260,0.06851915
AT3G27270,0.11813325
AT3G27280,0.24831255
AT3G27283,0.0038944315
AT3G27290,0.059796106
AT3G27300,0.11964744
AT3G27310,0.1339706
AT3G27320,-0.060764704
AT3G27325,0.13865785
AT3G27329,0.0039207665
AT3G27330,0.79634815
AT3G27331,0.0038944315
AT3G27340,0.024945052
AT3G27350,-0.298287
AT3G27355,0.0140723735
AT3G27380,0.8145794
AT3G27390,0.047589853
AT3G27400,0.18449338
AT3G27410,0.044145867
AT3G27415,0.2533382
AT3G27416,0.12046417
AT3G27420,-0.031070428
AT3G27425,0.0038944315
AT3G27430,0.30848014
AT3G27440,0.15091556
AT3G27460,-0.1178041
AT3G27473,0.055234507
AT3G27475,-0.09053174
AT3G27480,0.009234111
AT3G27490,0.004719574
AT3G27495,0.00047781877
AT3G27500,-0.24801944
AT3G27503,-0.011323479
AT3G27510,0.03469259
AT3G27520,-0.09022778
AT3G27530,0.01873803
AT3G27540,0.22994637
AT3G27550,0.022771692
AT3G27560,0.014996253
AT3G27570,0.16761126
AT3G27580,-0.020380624
AT3G27590,-0.0014606802
AT3G27600,0.005287577
AT3G27610,0.16774897
AT3G27620,-0.114677876
AT3G27630,0.040721323
AT3G27640,-0.03208907
AT3G27650,-0.14852613
AT3G27660,0.16868635
AT3G27670,-0.0721925
AT3G27680,0.003965709
AT3G27690,-1.2619957
AT3G27700,0.13007271
AT3G27710,-0.038095985
AT3G27720,0.0042275474
AT3G27730,-0.006288564
AT3G27740,0.11769408
AT3G27750,-0.21164584
AT3G27770,-0.09040836
AT3G27785,0.004516659
AT3G27809,0.096467815
AT3G27810,0.19980256
AT3G27820,-0.0055469987
AT3G27830,-0.2927206
AT3G27831,-0.008702186
AT3G27835,0.0038944315
AT3G27840,0.003946162
AT3G27850,-0.44112626
AT3G27860,-0.10953933
AT3G27870,-4.968606e-05
AT3G27880,0.2537445
AT3G27890,0.41148004
AT3G27900,-0.11002303
AT3G27906,-0.3285799
AT3G27910,0.0041720704
AT3G27920,0.013222446
AT3G27925,-0.11804208
AT3G27930,0.006562996
AT3G27940,-0.05767843
AT3G27950,-0.01239568
AT3G27960,0.11930702
AT3G27970,-0.11476598
AT3G27980,0.015304238
AT3G27999,0.0038944315
AT3G28007,0.58454555
AT3G28020,0.0038944315
AT3G28030,0.009874562
AT3G28040,-0.450847
AT3G28050,0.033593714
AT3G28060,-0.020803586
AT3G28070,-0.6883897
AT3G28080,-0.6085661
AT3G28100,0.25321737
AT3G28120,0.026340075
AT3G28130,-0.44634375
AT3G28140,-0.10033646
AT3G28150,0.05028746
AT3G28155,0.005455447
AT3G28170,0.015364026
AT3G28180,-0.20276721
AT3G28190,0.009063504
AT3G28193,0.0039931927
AT3G28200,-0.21169342
AT3G28210,2.0888522
AT3G28216,0.0054702
AT3G28220,-0.42542985
AT3G28223,0.0038709233
AT3G28230,0.0048299422
AT3G28243,0.0038944315
AT3G28250,0.0037362042
AT3G28270,-0.33091646
AT3G28280,0.0038944315
AT3G28290,0.0038944315
AT3G28291,0.0035363103
AT3G28300,-0.3026406
AT3G28310,-0.024903288
AT3G28330,0.045104176
AT3G28335,0.011264387
AT3G28340,1.0110785
AT3G28345,-0.3211554
AT3G28360,-0.0015215924
AT3G28370,-0.16225363
AT3G28380,0.010786082
AT3G28390,0.0038526822
AT3G28410,0.003957452
AT3G28415,0.0050609265
AT3G28420,-0.2917874
AT3G28430,0.046258096
AT3G28450,0.22725056
AT3G28455,-0.15255252
AT3G28460,-0.23515308
AT3G28470,0.006569168
AT3G28480,0.5035806
AT3G28490,0.00393878
AT3G28500,0.399598
AT3G28510,0.81860566
AT3G28520,0.005142627
AT3G28530,0.0033551685
AT3G28540,0.3314002
AT3G28550,-0.0066206115
AT3G28560,0.015843244
AT3G28570,0.10633749
AT3G28580,1.1921808
AT3G28590,0.006069882
AT3G28600,0.21298146
AT3G28610,0.03646949
AT3G28620,0.01859221
AT3G28630,0.006541295
AT3G28635,0.03936741
AT3G28640,-0.12216457
AT3G28650,-0.28906155
AT3G28660,0.026716227
AT3G28670,0.16591093
AT3G28674,0.0038944315
AT3G28680,0.0038742542
AT3G28690,0.0275094
AT3G28700,0.1270706
AT3G28710,0.088069625
AT3G28715,0.23197365
AT3G28720,0.14811705
AT3G28730,0.020251911
AT3G28740,0.44692096
AT3G28750,-0.06591333
AT3G28760,-0.13198031
AT3G28770,-0.07314009
AT3G28780,0.0039784745
AT3G28785,0.003636115
AT3G28790,0.004031453
AT3G28810,0.0035890236
AT3G28820,0.0038942834
AT3G28830,-9.303074e-05
AT3G28840,0.014362042
AT3G28850,0.26753452
AT3G28853,0.0038944315
AT3G28857,-0.13094081
AT3G28860,-0.67928433
AT3G28870,0.0038944315
AT3G28875,-0.013439451
AT3G28880,-0.11288609
AT3G28890,0.68155104
AT3G28899,0.013271538
AT3G28900,-0.011358574
AT3G28910,-0.35890508
AT3G28917,0.0003891854
AT3G28918,0.0038944315
AT3G28920,-0.2550614
AT3G28922,0.0038944315
AT3G28925,0.008035445
AT3G28930,1.5166436
AT3G28940,0.21434028
AT3G28950,0.29089233
AT3G28956,0.047452595
AT3G28958,0.0037848735
AT3G28960,-0.35062215
AT3G28970,-0.045443714
AT3G28980,0.015015687
AT3G28990,0.0046558487
AT3G29000,0.69014186
AT3G29010,0.16060323
AT3G29020,0.0072663114
AT3G29030,-0.80731195
AT3G29033,0.0038944315
AT3G29034,0.70201254
AT3G29035,0.113973595
AT3G29040,0.003909311
AT3G29050,0.003818887
AT3G29060,0.010292056
AT3G29070,0.0036375262
AT3G29075,-0.045999628
AT3G29080,0.0023371137
AT3G29090,0.13945362
AT3G29100,-0.064762264
AT3G29110,0.0018316036
AT3G29130,-0.11798211
AT3G29140,-0.054492418
AT3G29152,0.003901869
AT3G29160,0.30629385
AT3G29170,0.22683561
AT3G29173,0.0067074453
AT3G29180,0.011384246
AT3G29185,-0.36796275
AT3G29190,0.051142365
AT3G29200,0.29794955
AT3G29230,-0.005585827
AT3G29240,0.13735063
AT3G29250,1.2738135
AT3G29255,0.0045847297
AT3G29260,0.0040526777
AT3G29270,0.12715834
AT3G29280,-0.2495157
AT3G29290,-0.2837881
AT3G29300,0.0012999777
AT3G29305,0.0039774966
AT3G29310,0.00011640787
AT3G29320,-0.36467728
AT3G29330,0.18619771
AT3G29340,0.014411655
AT3G29350,0.02193523
AT3G29360,0.10231003
AT3G29370,-0.25530347
AT3G29375,-0.2346045
AT3G29380,0.0066114403
AT3G29385,0.003968538
AT3G29390,-0.13855271
AT3G29400,0.13458759
AT3G29410,0.0018457426
AT3G29430,0.0012444984
AT3G29450,0.0038944315
AT3G29455,0.0039197206
AT3G29560,0.0041588126
AT3G29570,0.0037153305
AT3G29575,0.50295216
AT3G29580,0.0051662796
AT3G29590,0.029870354
AT3G29630,0.0035264948
AT3G29631,-0.53546387
AT3G29633,0.006134657
AT3G29635,0.003045451
AT3G29636,0.00405387
AT3G29637,-0.08016253
AT3G29638,0.061671793
AT3G29639,-0.2943932
AT3G29645,0.0037611776
AT3G29670,-0.49638
AT3G29680,-0.36943924
AT3G29690,-0.003307122
AT3G29720,0.0038944315
AT3G29740,0.0038944315
AT3G29750,0.0038944315
AT3G29760,-0.12923093
AT3G29763,0.0041274983
AT3G29765,0.0044122487
AT3G29770,-0.17795296
AT3G29780,0.0027907956
AT3G29785,0.0038944315
AT3G29790,0.0038944315
AT3G29791,0.005217081
AT3G29794,0.0045294394
AT3G29796,0.0038944315
AT3G29797,0.0038944315
AT3G29800,0.0038944315
AT3G29810,0.3117576
AT3G29830,0.0038944315
AT3G29970,0.012627825
AT3G30160,-0.010207309
AT3G30165,0.0038603789
AT3G30180,0.2096477
AT3G30200,0.0040168045
AT3G30210,-0.004562629
AT3G30220,0.0038944315
AT3G30222,0.0038944315
AT3G30230,0.0038944315
AT3G30235,0.0038944315
AT3G30247,0.0038944315
AT3G30260,0.008469085
AT3G30280,0.0038782398
AT3G30290,0.013240931
AT3G30300,-0.3101002
AT3G30305,-0.07466152
AT3G30320,0.0038944315
AT3G30340,-0.04020571
AT3G30350,0.00041355813
AT3G30370,0.0038944315
AT3G30380,0.06646279
AT3G30383,0.0038944315
AT3G30385,-0.0037400078
AT3G30390,0.39970365
AT3G30430,0.003909133
AT3G30460,0.007304575
AT3G30520,0.0042115487
AT3G30525,0.0046293708
AT3G30530,0.011248278
AT3G30540,0.0038944315
AT3G30580,0.005330509
AT3G30705,0.0038944315
AT3G30714,0.0038944315
AT3G30720,-0.30812842
AT3G30725,0.006786993
AT3G30730,-0.010642831
AT3G30739,0.0028679736
AT3G30770,-0.019675614
AT3G30775,0.77341205
AT3G30805,0.0038944315
AT3G30820,0.003989546
AT3G30823,0.0523925
AT3G30840,0.0038944315
AT3G30841,-0.1372094
AT3G30842,0.06012674
AT3G30845,0.004011977
AT3G30875,0.0038944315
AT3G31350,0.0038944315
AT3G31402,0.0038944315
AT3G31430,0.0038944315
AT3G31550,0.0038944315
AT3G31560,0.0038944315
AT3G31900,0.0038944315
AT3G31910,0.0039479933
AT3G31925,0.0038944315
AT3G31950,0.0038996823
AT3G31960,0.0038944315
AT3G32030,-0.03611067
AT3G32040,0.0016500531
AT3G32047,0.0068290364
AT3G32050,-0.023374965
AT3G32090,0.0039928206
AT3G32130,0.0038944315
AT3G32150,0.0038944315
AT3G32160,0.0038944315
AT3G32180,0.0038944315
AT3G32190,0.0041030236
AT3G32200,0.004069379
AT3G32260,0.0038944315
AT3G32280,0.0038944315
AT3G32330,0.0038944315
AT3G32380,0.0039454424
AT3G32400,-0.07898926
AT3G32410,0.0038944315
AT3G32420,0.0038944315
AT3G32896,0.0038944315
AT3G32904,0.0038944315
AT3G32920,0.00686646
AT3G32930,-0.13140285
AT3G32940,0.019063892
AT3G32960,0.0038944315
AT3G32980,0.42623332
AT3G33187,0.0038944315
AT3G33293,0.0038944315
AT3G33393,0.0038944315
AT3G33494,0.0038944315
AT3G33520,-0.022243286
AT3G33528,0.0053651463
AT3G33530,0.11384326
AT3G36659,0.0045837536
AT3G41762,0.1303569
AT3G42050,0.17959434
AT3G42060,0.0038944315
AT3G42075,0.0039634993
AT3G42130,0.0038944315
AT3G42140,0.0038944315
AT3G42148,0.0038944315
AT3G42150,0.14772339
AT3G42153,0.003974336
AT3G42155,0.0038855246
AT3G42160,0.0039159223
AT3G42170,-0.11806103
AT3G42180,0.47597042
AT3G42310,0.0038944315
AT3G42390,0.0038944315
AT3G42473,0.0038944315
AT3G42550,0.0032558746
AT3G42560,0.0038944315
AT3G42565,0.0037420734
AT3G42570,0.009411182
AT3G42628,0.00055041537
AT3G42630,0.02775906
AT3G42640,-0.1340722
AT3G42660,-0.080111586
AT3G42670,-0.42441484
AT3G42722,0.0038944315
AT3G42723,0.0076470315
AT3G42725,-0.02332884
AT3G42770,0.0038944315
AT3G42780,0.0038944315
AT3G42786,0.0038944315
AT3G42790,0.227301
AT3G42800,-0.029424524
AT3G42830,0.0037258768
AT3G42850,-0.0323925
AT3G42860,0.09642303
AT3G42870,0.0038208088
AT3G42880,0.0039032688
AT3G42940,0.0039412812
AT3G42950,0.15822397
AT3G42960,0.0050980924
AT3G42990,0.0038944315
AT3G42995,0.0041557164
AT3G43083,0.0038944315
AT3G43110,0.02239228
AT3G43120,0.0038944315
AT3G43148,0.06642557
AT3G43150,0.006427759
AT3G43153,0.0038944315
AT3G43160,0.0040358477
AT3G43170,0.0038944315
AT3G43180,0.0038944315
AT3G43190,0.079568274
AT3G43210,0.056969166
AT3G43220,-0.07353326
AT3G43230,0.26634872
AT3G43240,0.157506
AT3G43250,1.3029252
AT3G43260,0.0038944315
AT3G43270,0.11696922
AT3G43280,0.0039040705
AT3G43290,0.0038944315
AT3G43291,0.0042474456
AT3G43300,0.067216694
AT3G43340,-0.010477997
AT3G43400,0.0040251752
AT3G43410,0.0038944315
AT3G43415,0.0038944315
AT3G43420,0.0035191209
AT3G43430,0.05797304
AT3G43432,0.0038944315
AT3G43440,0.31950718
AT3G43470,0.0038944315
AT3G43480,0.0034653002
AT3G43490,0.0038944315
AT3G43500,0.0038944315
AT3G43503,0.0038944315
AT3G43505,0.004016558
AT3G43520,0.32796505
AT3G43530,0.0038944315
AT3G43540,-0.36173114
AT3G43550,0.0038944315
AT3G43570,0.0038944315
AT3G43572,0.0034594554
AT3G43574,0.0038555115
AT3G43580,0.05213171
AT3G43583,0.003910847
AT3G43590,-0.04922181
AT3G43600,-0.28560564
AT3G43610,-0.29897156
AT3G43630,0.0040433193
AT3G43645,0.0038944315
AT3G43660,0.0033742783
AT3G43670,-0.08320997
AT3G43682,0.0038944315
AT3G43700,-0.07657822
AT3G43710,0.006358534
AT3G43720,-0.3346175
AT3G43740,-0.015273802
AT3G43750,0.004084337
AT3G43790,-0.036061265
AT3G43800,-0.3348287
AT3G43810,0.058678985
AT3G43833,0.003914487
AT3G43837,0.0036312304
AT3G43840,0.013250521
AT3G43850,-0.10593524
AT3G43860,0.0041360357
AT3G43870,0.012388721
AT3G43880,0.0038944315
AT3G43890,0.0018854672
AT3G43910,0.0038944315
AT3G43920,-0.37903562
AT3G43930,-0.115035355
AT3G43940,0.003933489
AT3G43950,0.004022549
AT3G43960,-0.32580623
AT3G43970,0.0118020205
AT3G43980,0.03196083
AT3G43990,0.00417861
AT3G44006,0.004898438
AT3G44020,-0.23063584
AT3G44050,-0.21202195
AT3G44060,0.021701604
AT3G44070,0.003915828
AT3G44080,0.0038944315
AT3G44090,0.0038944315
AT3G44100,0.33493194
AT3G44110,0.1318525
AT3G44115,0.0038944315
AT3G44120,-0.11303196
AT3G44130,0.0038944315
AT3G44140,0.0044991057
AT3G44150,0.13803501
AT3G44160,-0.09949857
AT3G44170,0.0038944315
AT3G44180,0.003967023
AT3G44190,0.13472311
AT3G44200,-0.08539327
AT3G44210,0.0034536554
AT3G44220,-0.19974051
AT3G44230,0.003901869
AT3G44235,0.0038944315
AT3G44240,0.0039112815
AT3G44250,0.0039039673
AT3G44260,0.1765067
AT3G44261,0.0038944315
AT3G44265,0.0003184372
AT3G44280,0.15438466
AT3G44290,0.050090175
AT3G44300,2.4259028
AT3G44310,0.41814533
AT3G44320,0.8438694
AT3G44326,0.8687439
AT3G44330,0.18273349
AT3G44340,0.1426077
AT3G44350,0.008215276
AT3G44370,0.115982234
AT3G44380,-0.092478804
AT3G44400,0.22411309
AT3G44405,0.008015393
AT3G44428,0.0038624732
AT3G44430,-0.02764661
AT3G44435,0.0147504965
AT3G44440,-0.041732863
AT3G44450,-0.27917632
AT3G44460,0.0011433639
AT3G44480,-0.062425494
AT3G44485,0.0062125227
AT3G44490,0.006638436
AT3G44510,-0.01586645
AT3G44530,0.09540347
AT3G44540,0.36143962
AT3G44550,0.5007576
AT3G44555,0.0038913807
AT3G44560,0.07439586
AT3G44570,0.0047418303
AT3G44580,0.0013622671
AT3G44590,0.23345326
AT3G44600,-0.0037241552
AT3G44610,-0.35166848
AT3G44620,-0.0074003176
AT3G44630,-0.15698345
AT3G44635,0.0060780286
AT3G44660,0.0076203705
AT3G44665,0.002204439
AT3G44670,-0.20525211
AT3G44680,0.0792827
AT3G44690,-0.12195492
AT3G44695,0.011807979
AT3G44700,0.008675236
AT3G44703,0.004278352
AT3G44704,0.0038858503
AT3G44710,0.002759897
AT3G44713,-0.12099931
AT3G44716,-0.20599206
AT3G44718,0.0038944315
AT3G44720,1.048902
AT3G44730,-0.14331983
AT3G44735,-0.3208398
AT3G44740,-0.12193798
AT3G44750,0.07217768
AT3G44753,-0.026696289
AT3G44755,0.004189312
AT3G44760,0.013215568
AT3G44763,0.011112459
AT3G44766,0.010084466
AT3G44769,0.008827856
AT3G44770,-0.08761362
AT3G44780,0.0039901035
AT3G44785,0.003930332
AT3G44790,-0.028922671
AT3G44800,0.0051864875
AT3G44805,-0.0067742965
AT3G44810,0.0037291478
AT3G44820,0.023016462
AT3G44830,0.5740682
AT3G44840,0.007857866
AT3G44850,-0.05038029
AT3G44860,0.94312596
AT3G44870,0.050389323
AT3G44880,0.46025252
AT3G44890,-0.5000167
AT3G44900,-0.0019280451
AT3G44910,0.003962263
AT3G44920,0.0038750896
AT3G44930,0.0038901344
AT3G44935,0.003911641
AT3G44940,-0.33736706
AT3G44950,0.0037101947
AT3G44960,-0.23813652
AT3G44970,0.111566834
AT3G44980,0.0039032532
AT3G44990,-0.1096029
AT3G45000,0.0025153402
AT3G45010,0.2947422
AT3G45020,-0.106285214
AT3G45030,-0.04417452
AT3G45040,0.33739498
AT3G45050,-0.05695122
AT3G45060,2.4133244
AT3G45070,0.01916645
AT3G45080,0.004806229
AT3G45090,0.14179537
AT3G45093,0.005349181
AT3G45100,0.029653974
AT3G45110,0.0019182052
AT3G45130,1.8128256
AT3G45140,0.1042827
AT3G45150,0.0040467544
AT3G45160,-0.85647994
AT3G45170,0.004096428
AT3G45180,0.002448616
AT3G45190,-0.033498365
AT3G45200,0.003621414
AT3G45210,-0.18753956
AT3G45220,0.0039119557
AT3G45230,-0.36234555
AT3G45240,0.09884932
AT3G45243,0.0038944315
AT3G45245,0.0040918314
AT3G45248,0.0038944315
AT3G45252,0.0038944315
AT3G45260,-0.048420623
AT3G45275,0.0038944315
AT3G45280,0.048335254
AT3G45285,0.003874358
AT3G45290,-0.4544407
AT3G45300,0.423316
AT3G45310,0.10637296
AT3G45320,0.0041603027
AT3G45330,-0.09148275
AT3G45390,-0.07124416
AT3G45400,-0.14058994
AT3G45410,0.23807871
AT3G45420,-0.17021388
AT3G45430,-0.08089671
AT3G45440,0.01466192
AT3G45443,-0.20044695
AT3G45450,0.0040253196
AT3G45460,0.005234429
AT3G45470,0.0038944315
AT3G45480,0.0038944315
AT3G45490,0.023416793
AT3G45500,0.004031651
AT3G45510,0.0041276966
AT3G45525,0.0038944315
AT3G45530,0.0057662423
AT3G45540,0.0060112425
AT3G45555,0.0045294394
AT3G45560,0.025098568
AT3G45570,0.004300703
AT3G45577,0.0039235773
AT3G45580,0.0039431104
AT3G45590,0.09035344
AT3G45600,-0.008061981
AT3G45610,-0.33507368
AT3G45620,0.5394069
AT3G45630,-0.0057563256
AT3G45640,-0.11172102
AT3G45645,0.003901623
AT3G45650,-0.2728345
AT3G45660,-0.009481283
AT3G45670,0.024413137
AT3G45673,0.0039003454
AT3G45680,-0.061673034
AT3G45690,0.002773001
AT3G45700,-0.014361598
AT3G45710,-0.082993664
AT3G45720,0.0037630538
AT3G45730,0.001011461
AT3G45740,-0.039489917
AT3G45750,-0.01808782
AT3G45760,0.0026734555
AT3G45770,0.01632282
AT3G45780,-0.44418058
AT3G45790,0.004620066
AT3G45800,0.0046417294
AT3G45810,0.0038944315
AT3G45820,0.0038944315
AT3G45830,0.06397387
AT3G45840,0.0026809631
AT3G45850,-0.67790383
AT3G45851,0.0039079976
AT3G45860,-0.06118824
AT3G45870,0.07565838
AT3G45880,0.13305028
AT3G45890,-0.09425473
AT3G45900,-0.16408513
AT3G45910,0.0038944315
AT3G45920,0.007679907
AT3G45940,-0.15720378
AT3G45950,0.0038253448
AT3G45960,-0.22613047
AT3G45970,-0.10317416
AT3G45980,-0.07998686
AT3G45990,0.0039094295
AT3G46000,0.3237196
AT3G46010,0.028082453
AT3G46020,-0.06643933
AT3G46030,0.062023442
AT3G46040,0.14385462
AT3G46050,0.0036072654
AT3G46060,0.20612897
AT3G46070,0.07378621
AT3G46080,1.76378
AT3G46086,0.005134368
AT3G46090,0.6287956
AT3G46100,-0.2074201
AT3G46110,0.49680495
AT3G46120,0.0033285085
AT3G46130,-0.6068899
AT3G46140,0.008820108
AT3G46150,0.07668449
AT3G46160,0.0005419453
AT3G46170,0.026844092
AT3G46180,-0.07875239
AT3G46190,0.011967522
AT3G46200,-0.12367273
AT3G46210,0.06935203
AT3G46220,0.066620104
AT3G46230,1.3311089
AT3G46240,0.0030140579
AT3G46260,0.23233436
AT3G46270,0.0030124083
AT3G46280,1.0501807
AT3G46290,0.04145052
AT3G46300,0.086519875
AT3G46310,0.0024536215
AT3G46330,-0.021938073
AT3G46340,0.027390605
AT3G46350,0.0039373883
AT3G46355,0.0040508644
AT3G46360,0.0038944315
AT3G46370,-0.73514986
AT3G46380,0.008749787
AT3G46390,0.0038944315
AT3G46400,-0.0017719585
AT3G46410,0.0043661757
AT3G46420,0.004504764
AT3G46430,-0.00071849924
AT3G46440,0.5650196
AT3G46450,0.10108272
AT3G46460,0.088191815
AT3G46470,0.003771172
AT3G46480,0.049056813
AT3G46490,-0.41131827
AT3G46500,0.03584137
AT3G46510,0.27562907
AT3G46520,0.26830325
AT3G46530,-0.12111012
AT3G46540,-0.050026964
AT3G46550,-0.33645532
AT3G46560,0.3425399
AT3G46565,0.0038944315
AT3G46570,0.003875291
AT3G46580,-0.3387413
AT3G46590,-0.12834747
AT3G46600,0.108442135
AT3G46610,-0.15939341
AT3G46613,0.018464962
AT3G46616,0.026192196
AT3G46617,-0.002124782
AT3G46620,0.38123047
AT3G46630,-0.14062834
AT3G46640,0.28905585
AT3G46650,0.112822555
AT3G46660,2.4988117
AT3G46666,0.010586175
AT3G46670,1.3213254
AT3G46680,0.8330991
AT3G46690,1.0723567
AT3G46700,0.4030706
AT3G46710,-0.0027746998
AT3G46720,-0.0023959435
AT3G46730,0.09609871
AT3G46735,-0.0118056955
AT3G46740,-0.003673248
AT3G46750,0.002455102
AT3G46760,0.0041327183
AT3G46770,-0.09620828
AT3G46780,-0.7366845
AT3G46790,-0.023339389
AT3G46800,0.0036522683
AT3G46810,0.0023950825
AT3G46820,-0.06577848
AT3G46830,-0.013518686
AT3G46840,0.0067465757
AT3G46845,0.17871289
AT3G46850,0.004181771
AT3G46860,0.0038944315
AT3G46870,-0.0061021154
AT3G46880,-0.11615638
AT3G46890,-0.06336765
AT3G46900,-0.19316548
AT3G46910,0.005805439
AT3G46920,0.012490161
AT3G46930,0.37572458
AT3G46940,-0.031058138
AT3G46950,-0.07322899
AT3G46960,-0.08656093
AT3G46970,-0.19778945
AT3G46980,0.011406322
AT3G46990,-0.37923086
AT3G47000,-0.0883014
AT3G47010,-0.21169497
AT3G47020,0.0038786521
AT3G47030,-0.12826338
AT3G47040,0.18363374
AT3G47050,0.13401787
AT3G47060,0.13783266
AT3G47070,-0.48222145
AT3G47080,-0.0007078114
AT3G47090,0.17264868
AT3G47100,0.017243268
AT3G47110,-0.13758355
AT3G47120,0.1469403
AT3G47130,-0.0018216489
AT3G47140,0.003895752
AT3G47150,0.005721127
AT3G47160,0.06365234
AT3G47170,0.003922094
AT3G47180,-0.10392933
AT3G47190,0.0020565921
AT3G47200,0.009269749
AT3G47210,-0.012319203
AT3G47220,-0.1177451
AT3G47250,0.13632701
AT3G47290,-0.17987615
AT3G47295,-0.264527
AT3G47300,0.14134665
AT3G47340,0.15142864
AT3G47341,0.0038944315
AT3G47350,0.031483427
AT3G47360,-0.1787278
AT3G47370,0.16882806
AT3G47380,0.6055252
AT3G47390,-0.12879555
AT3G47400,-0.047662303
AT3G47410,0.0053456444
AT3G47420,0.24047291
AT3G47430,-0.32967162
AT3G47440,0.009646886
AT3G47450,-0.062319834
AT3G47460,-0.026907064
AT3G47470,-0.50032383
AT3G47480,1.1143721
AT3G47490,0.074643284
AT3G47500,-0.3228648
AT3G47510,-0.17537057
AT3G47520,0.25293133
AT3G47530,0.21267712
AT3G47540,2.1626947
AT3G47550,0.26972404
AT3G47560,-0.4667659
AT3G47570,-0.20654011
AT3G47580,-0.27255848
AT3G47590,-0.019584907
AT3G47600,-0.21688068
AT3G47610,-0.034922734
AT3G47620,-0.24416141
AT3G47630,-0.071344525
AT3G47640,-0.047777478
AT3G47650,-0.35924944
AT3G47660,-0.022865579
AT3G47670,0.15249336
AT3G47680,-0.051967684
AT3G47690,-0.1637738
AT3G47700,0.15460747
AT3G47710,-0.0008257429
AT3G47720,0.006245887
AT3G47730,0.35991207
AT3G47740,0.0054168254
AT3G47750,-0.28607437
AT3G47760,0.0029569247
AT3G47770,0.0042657275
AT3G47780,1.2764362
AT3G47790,0.05783764
AT3G47800,0.38176715
AT3G47810,0.32983908
AT3G47820,0.08736958
AT3G47830,0.00952291
AT3G47833,0.48086262
AT3G47836,0.13009702
AT3G47840,0.04340516
AT3G47850,0.13869941
AT3G47860,-0.08030797
AT3G47870,-0.057013065
AT3G47890,-0.027731868
AT3G47910,0.03437612
AT3G47920,0.0038944315
AT3G47930,0.03537362
AT3G47940,0.14012522
AT3G47950,0.23385894
AT3G47960,0.48267078
AT3G47965,0.16796732
AT3G47970,0.0038944315
AT3G47990,0.09937071
AT3G48000,0.48373008
AT3G48010,0.113993056
AT3G48020,1.2089573
AT3G48030,0.23199593
AT3G48040,-0.33590555
AT3G48050,0.09567773
AT3G48060,0.059857633
AT3G48070,0.11756641
AT3G48080,0.608614
AT3G48090,0.37033758
AT3G48100,-0.2551576
AT3G48110,-0.070969366
AT3G48120,-0.10399849
AT3G48131,0.0035860296
AT3G48140,0.25452206
AT3G48150,-0.010757756
AT3G48160,-0.028757168
AT3G48170,0.32100794
AT3G48180,0.547431
AT3G48185,-0.042487476
AT3G48187,-0.22259976
AT3G48190,-0.22583826
AT3G48195,0.11252261
AT3G48200,-0.61049294
AT3G48205,0.0039488436
AT3G48208,0.0039053923
AT3G48209,0.0038944315
AT3G48210,0.1282063
AT3G48220,0.0038944315
AT3G48230,-0.012963285
AT3G48231,0.0038944315
AT3G48240,-0.05450107
AT3G48250,0.11436608
AT3G48260,-0.31193846
AT3G48270,0.0044868714
AT3G48280,-0.51847076
AT3G48290,-0.6005326
AT3G48298,0.0038944315
AT3G48300,0.3099335
AT3G48310,0.1338024
AT3G48320,-0.025841266
AT3G48330,0.04988626
AT3G48340,0.052269746
AT3G48343,-0.0032473274
AT3G48344,0.0063549187
AT3G48346,-0.01723084
AT3G48350,0.35939392
AT3G48360,0.5042173
AT3G48380,0.09645095
AT3G48390,0.053010702
AT3G48400,0.005597114
AT3G48410,-0.10141545
AT3G48420,-0.70344454
AT3G48425,-0.08502335
AT3G48430,-0.14868258
AT3G48440,-0.19207807
AT3G48450,0.94555193
AT3G48460,-0.119859315
AT3G48470,0.00023961875
AT3G48475,0.010520846
AT3G48480,-0.1089856
AT3G48490,0.07784885
AT3G48500,-0.049354076
AT3G48510,0.040603727
AT3G48520,2.1483295
AT3G48530,0.19908337
AT3G48540,-0.017033823
AT3G48550,-0.37668237
AT3G48560,-0.2089829
AT3G48570,0.4994996
AT3G48580,1.2124326
AT3G48590,-0.03338828
AT3G48600,-0.2952691
AT3G48610,-0.4883823
AT3G48620,-0.043813962
AT3G48630,0.17090173
AT3G48640,0.76895314
AT3G48650,0.0038944315
AT3G48660,0.026356721
AT3G48670,-0.43433222
AT3G48675,0.0041462947
AT3G48680,0.20937425
AT3G48690,0.20633644
AT3G48700,0.013066472
AT3G48710,-0.12952931
AT3G48720,-0.7808154
AT3G48730,-0.3373448
AT3G48740,-0.22757335
AT3G48750,0.022796234
AT3G48760,0.25931856
AT3G48770,-0.21373624
AT3G48780,0.17481951
AT3G48790,0.002579496
AT3G48800,-0.06935885
AT3G48810,-0.107201874
AT3G48820,-0.124684684
AT3G48830,0.08494085
AT3G48835,-0.087678015
AT3G48840,0.1058046
AT3G48850,1.9744563
AT3G48860,0.13689002
AT3G48870,0.055487055
AT3G48880,0.06618803
AT3G48890,0.8461399
AT3G48900,0.061216217
AT3G48920,0.19443488
AT3G48930,0.14771403
AT3G48940,0.010212317
AT3G48950,0.0038944315
AT3G48960,0.0016651805
AT3G48970,-0.14688532
AT3G48980,-0.17494053
AT3G48990,0.49515298
AT3G49000,-0.12140647
AT3G49010,0.17438881
AT3G49020,0.0034434686
AT3G49030,0.0039914357
AT3G49040,0.003932418
AT3G49045,0.007323358
AT3G49050,-0.21659078
AT3G49055,0.13222456
AT3G49060,0.037567582
AT3G49070,0.14143483
AT3G49080,-0.0024529246
AT3G49100,0.17682879
AT3G49110,0.9360432
AT3G49115,0.0038944315
AT3G49120,1.7234894
AT3G49130,0.64065784
AT3G49140,-0.3870844
AT3G49142,-0.13812837
AT3G49150,0.004275939
AT3G49155,-0.004857696
AT3G49160,0.10974387
AT3G49170,-0.06952567
AT3G49180,0.09475917
AT3G49190,0.012263425
AT3G49200,0.043246537
AT3G49210,0.68235344
AT3G49220,-0.5096575
AT3G49230,0.005435889
AT3G49240,0.039722927
AT3G49250,-0.23742151
AT3G49260,-0.4773924
AT3G49270,0.003930159
AT3G49290,-0.4272373
AT3G49300,0.0255267
AT3G49305,0.0038944315
AT3G49307,0.0038944315
AT3G49310,-0.034333713
AT3G49320,0.106456585
AT3G49330,0.058432985
AT3G49340,0.020526284
AT3G49350,-0.002478386
AT3G49360,-0.24011685
AT3G49370,0.31080523
AT3G49380,0.0018907519
AT3G49390,0.21261041
AT3G49400,0.16985798
AT3G49410,0.03465298
AT3G49420,0.23736751
AT3G49430,0.12196817
AT3G49440,0.0038944315
AT3G49450,0.0039178147
AT3G49460,0.0039555132
AT3G49470,-0.24149442
AT3G49480,0.03140139
AT3G49490,0.14816849
AT3G49500,-0.19377548
AT3G49510,-0.10494748
AT3G49520,0.0063991244
AT3G49530,0.4631957
AT3G49540,0.27910283
AT3G49550,-0.074753664
AT3G49551,0.018945992
AT3G49560,0.01935379
AT3G49570,0.17348392
AT3G49580,0.0002913475
AT3G49590,0.13521281
AT3G49600,-0.080740236
AT3G49601,-0.018774824
AT3G49610,0.009354493
AT3G49620,2.734562
AT3G49630,0.016629586
AT3G49640,-0.12829243
AT3G49645,0.13872634
AT3G49650,-0.44199228
AT3G49660,0.08759386
AT3G49670,-0.5900143
AT3G49680,-0.0953925
AT3G49690,-0.14063315
AT3G49700,0.006833106
AT3G49710,-0.10531682
AT3G49720,-0.4204274
AT3G49725,0.05862696
AT3G49730,-0.3651618
AT3G49740,-0.06276104
AT3G49744,0.0032928642
AT3G49750,-0.23596567
AT3G49760,0.020127332
AT3G49770,0.0038520892
AT3G49780,0.5138166
AT3G49790,0.015650645
AT3G49796,0.0040068473
AT3G49800,0.16357827
AT3G49810,-0.06943994
AT3G49820,-0.012999336
AT3G49830,0.020226078
AT3G49840,-0.10013161
AT3G49845,0.24874692
AT3G49850,-0.078736804
AT3G49860,0.076289855
AT3G49870,-0.063711494
AT3G49880,-0.092868745
AT3G49890,-0.043125793
AT3G49900,-0.058394153
AT3G49910,0.03204359
AT3G49920,-0.055284172
AT3G49930,-0.2343673
AT3G49940,0.34409225
AT3G49950,0.01877951
AT3G49960,-0.010316847
AT3G49970,-0.10275283
AT3G49980,0.014167301
AT3G49990,-0.1687672
AT3G50000,0.018365977
AT3G50010,-0.18799596
AT3G50020,0.0040309383
AT3G50030,0.21331775
AT3G50040,-0.007855956
AT3G50050,-0.26601416
AT3G50060,-0.17912851
AT3G50070,-0.103713185
AT3G50080,0.135813
AT3G50090,0.0040122294
AT3G50100,-0.22359644
AT3G50110,-0.17768012
AT3G50120,-0.21622555
AT3G50123,0.0038944315
AT3G50130,0.09690759
AT3G50140,-0.02083329
AT3G50150,0.0021068866
AT3G50160,0.007306664
AT3G50170,0.0036965183
AT3G50180,0.00418587
AT3G50190,-0.11896312
AT3G50200,-0.04470691
AT3G50210,-0.030642182
AT3G50220,0.12006047
AT3G50230,0.00737172
AT3G50240,-0.8985591
AT3G50250,0.0041074273
AT3G50260,0.9655752
AT3G50270,-0.21042489
AT3G50280,0.6793178
AT3G50290,0.0026173203
AT3G50300,0.0069918646
AT3G50310,0.36477873
AT3G50320,0.0038944315
AT3G50330,0.002353927
AT3G50340,-0.4264311
AT3G50350,-0.07632301
AT3G50360,0.13994636
AT3G50370,0.029217804
AT3G50373,0.0054989806
AT3G50380,-0.09033515
AT3G50390,0.1475048
AT3G50400,0.65250283
AT3G50410,0.14712958
AT3G50420,-0.0025068957
AT3G50430,-0.07232792
AT3G50440,-0.2870647
AT3G50450,-0.054395977
AT3G50460,0.02049194
AT3G50470,0.26599845
AT3G50480,0.52275753
AT3G50500,0.16458623
AT3G50510,-0.018876592
AT3G50520,0.010996913
AT3G50530,-0.28973377
AT3G50540,0.0039739865
AT3G50550,0.0505237
AT3G50560,-0.11914269
AT3G50570,0.46486676
AT3G50580,0.008407912
AT3G50590,0.09892913
AT3G50610,0.0070370627
AT3G50620,-0.10547375
AT3G50630,-0.4703442
AT3G50640,-0.0020398188
AT3G50650,0.21430969
AT3G50660,-0.2798352
AT3G50670,-0.043966193
AT3G50685,-0.39326277
AT3G50690,-0.01520028
AT3G50700,-0.052543443
AT3G50710,0.002711813
AT3G50720,0.0039615654
AT3G50730,-0.003688875
AT3G50740,-0.32759097
AT3G50750,-0.22055219
AT3G50760,0.7025648
AT3G50770,1.6277055
AT3G50780,-0.2643939
AT3G50790,-0.1271835
AT3G50800,0.09065642
AT3G50808,0.0038592021
AT3G50810,0.14238544
AT3G50820,-0.35597405
AT3G50830,-0.095886886
AT3G50840,-0.27743185
AT3G50845,-0.14279148
AT3G50850,0.09103934
AT3G50860,-0.10881839
AT3G50870,-0.123346515
AT3G50880,0.08753124
AT3G50890,-0.29440865
AT3G50900,0.7825379
AT3G50910,0.67238265
AT3G50920,0.12458711
AT3G50925,0.0038944315
AT3G50930,0.6408925
AT3G50940,-0.15091515
AT3G50950,0.18083537
AT3G50960,-0.237318
AT3G50970,0.6367085
AT3G50980,0.22774948
AT3G50990,0.0031760046
AT3G51000,0.38779488
AT3G51010,0.1686319
AT3G51020,0.0034903018
AT3G51030,0.0047743567
AT3G51040,-0.038565207
AT3G51050,0.14975978
AT3G51060,-0.04691943
AT3G51070,-0.019737495
AT3G51080,-0.4249065
AT3G51090,0.7955516
AT3G51100,0.19932473
AT3G51110,0.042966858
AT3G51120,0.051103216
AT3G51130,0.31405914
AT3G51140,-0.051961835
AT3G51150,-0.50454396
AT3G51160,0.34159186
AT3G51171,0.0041043283
AT3G51180,0.13685767
AT3G51190,0.012343039
AT3G51200,0.00312803
AT3G51210,0.0039027464
AT3G51220,-0.06451013
AT3G51230,-0.0571537
AT3G51240,-0.17691636
AT3G51250,0.04905315
AT3G51260,0.23923273
AT3G51270,-0.18087238
AT3G51280,-0.05795117
AT3G51290,-0.19349699
AT3G51300,0.03601333
AT3G51310,0.03384581
AT3G51320,0.022175454
AT3G51325,-0.012468278
AT3G51330,0.59662527
AT3G51340,0.038716275
AT3G51350,0.31243846
AT3G51360,-0.0992409
AT3G51370,0.072180785
AT3G51380,-0.0022441093
AT3G51390,0.09129885
AT3G51400,0.12796326
AT3G51410,0.0071871676
AT3G51420,-0.071560055
AT3G51430,0.71560025
AT3G51440,0.9397138
AT3G51450,0.5062135
AT3G51460,0.31964073
AT3G51470,-0.0058252164
AT3G51480,-0.37371445
AT3G51490,0.038123157
AT3G51500,0.2306127
AT3G51510,-0.37322918
AT3G51520,0.0009064532
AT3G51530,-0.054882005
AT3G51540,0.6416433
AT3G51550,-0.03202753
AT3G51560,0.008227103
AT3G51570,0.005612951
AT3G51580,0.21518101
AT3G51590,0.004327554
AT3G51600,-0.5155595
AT3G51610,0.09663651
AT3G51620,0.12680282
AT3G51630,0.024960555
AT3G51640,0.06632143
AT3G51642,0.0049573234
AT3G51644,0.0036482315
AT3G51650,0.1032223
AT3G51660,1.2532662
AT3G51670,0.119475305
AT3G51680,0.034564596
AT3G51690,0.011082698
AT3G51700,0.0053736134
AT3G51710,-0.35082117
AT3G51720,-0.3358716
AT3G51730,0.3802215
AT3G51740,-0.13441464
AT3G51750,-0.076455444
AT3G51760,-0.273307
AT3G51770,0.010995603
AT3G51780,0.038210865
AT3G51790,0.39433172
AT3G51800,0.1650274
AT3G51810,-0.0010645719
AT3G51820,-0.3062805
AT3G51830,-0.10442714
AT3G51840,0.33046594
AT3G51850,-0.09650483
AT3G51860,1.6539674
AT3G51870,0.25700223
AT3G51880,-0.079421155
AT3G51890,0.26554793
AT3G51895,0.24632508
AT3G51910,-0.27974507
AT3G51920,0.03612796
AT3G51930,-0.12247399
AT3G51940,-0.0036331434
AT3G51950,-0.5721677
AT3G51960,0.31500405
AT3G51970,0.48597002
AT3G51980,0.115089945
AT3G51990,0.12265452
AT3G52000,0.005038683
AT3G52010,0.02362904
AT3G52020,0.0041342205
AT3G52030,0.081891954
AT3G52040,0.13709518
AT3G52050,-0.14752491
AT3G52060,-0.22014578
AT3G52070,-0.051213067
AT3G52075,-0.001278393
AT3G52080,0.0038609446
AT3G52090,-0.0061698444
AT3G52100,-0.046599675
AT3G52110,-0.14076875
AT3G52115,0.04924254
AT3G52120,0.14416568
AT3G52130,-0.0113097755
AT3G52140,-0.009183488
AT3G52150,-0.26444852
AT3G52155,-0.08792212
AT3G52160,0.0458678
AT3G52170,-0.2646322
AT3G52180,-0.103240915
AT3G52190,0.33443716
AT3G52200,0.21563251
AT3G52210,0.036075022
AT3G52220,0.021454737
AT3G52230,-0.17751952
AT3G52240,0.18191274
AT3G52250,-0.04728167
AT3G52260,-0.018231103
AT3G52270,-0.018017942
AT3G52280,0.05176276
AT3G52290,-0.23236422
AT3G52300,0.23301817
AT3G52310,-0.25749776
AT3G52320,0.0040156175
AT3G52330,0.0046648886
AT3G52340,-0.03744802
AT3G52350,0.0035954518
AT3G52360,-0.39049768
AT3G52370,-0.26172113
AT3G52380,-0.26142302
AT3G52390,-0.05032128
AT3G52400,0.5566867
AT3G52420,0.15813656
AT3G52430,0.83577085
AT3G52440,0.003734113
AT3G52450,0.18830442
AT3G52460,0.037414975
AT3G52470,0.23838186
AT3G52480,0.098712
AT3G52490,-0.13913175
AT3G52500,-0.38004288
AT3G52510,0.007825385
AT3G52520,0.11953748
AT3G52525,-0.08494403
AT3G52526,0.09759483
AT3G52530,0.0036396005
AT3G52540,0.29068908
AT3G52550,0.058893617
AT3G52560,0.16107446
AT3G52561,0.0039062367
AT3G52570,0.16215332
AT3G52580,0.17405921
AT3G52590,0.08758116
AT3G52600,-0.0017600494
AT3G52610,0.08651943
AT3G52620,0.041114066
AT3G52630,-0.04747149
AT3G52640,0.025274144
AT3G52660,-0.06962905
AT3G52670,0.0038944315
AT3G52680,-0.1585307
AT3G52690,0.0038944315
AT3G52700,0.0055281087
AT3G52710,0.0034316976
AT3G52720,-1.120231
AT3G52730,0.29247096
AT3G52740,0.09658184
AT3G52750,-0.49459383
AT3G52760,0.0504232
AT3G52770,0.31462714
AT3G52780,0.5378985
AT3G52790,0.056325976
AT3G52800,0.13249975
AT3G52810,0.010707951
AT3G52820,0.91566664
AT3G52830,0.006099464
AT3G52840,-0.29457998
AT3G52850,0.2595108
AT3G52860,0.011422273
AT3G52870,0.3503962
AT3G52880,0.30400333
AT3G52890,-0.05995235
AT3G52900,-0.33491278
AT3G52905,-0.02038748
AT3G52910,-0.014593254
AT3G52920,-0.24000235
AT3G52930,0.48735467
AT3G52940,-0.43886057
AT3G52941,0.0036200092
AT3G52950,0.057718735
AT3G52960,-0.103837945
AT3G52970,0.056422237
AT3G52980,0.0040380317
AT3G52990,0.32507077
AT3G53000,0.1215483
AT3G53010,-0.13430993
AT3G53020,0.1111131
AT3G53030,0.052116603
AT3G53040,0.2358665
AT3G53050,0.003901259
AT3G53060,0.016033957
AT3G53065,0.09932205
AT3G53070,0.0038944315
AT3G53075,0.01950329
AT3G53080,0.004025562
AT3G53090,-0.03786996
AT3G53100,-0.5309526
AT3G53110,0.17254013
AT3G53120,0.44624695
AT3G53130,-0.3817364
AT3G53140,0.0038944315
AT3G53150,1.5340544
AT3G53160,1.124741
AT3G53170,-0.08009112
AT3G53180,0.42311034
AT3G53190,-0.752161
AT3G53200,0.010792725
AT3G53210,0.23930323
AT3G53220,0.046779078
AT3G53230,0.77428323
AT3G53232,0.27507886
AT3G53235,0.08554864
AT3G53240,-0.29968223
AT3G53250,-0.11060438
AT3G53260,0.34720358
AT3G53270,0.019857384
AT3G53280,-0.07984621
AT3G53294,0.0038944315
AT3G53300,0.0055299397
AT3G53305,0.0038860023
AT3G53310,-0.21390098
AT3G53320,-0.20483875
AT3G53330,0.003960624
AT3G53340,0.2692232
AT3G53342,0.0038944315
AT3G53350,-0.13428181
AT3G53360,0.043604016
AT3G53370,0.23774828
AT3G53380,-0.4011177
AT3G53390,0.15091315
AT3G53400,-0.1905836
AT3G53410,0.1225569
AT3G53420,0.03396842
AT3G53430,0.11027948
AT3G53440,-0.047770854
AT3G53450,0.03525699
AT3G53460,-0.03194126
AT3G53470,-0.2544246
AT3G53480,1.0491542
AT3G53490,0.20435077
AT3G53500,0.11586499
AT3G53510,0.1992839
AT3G53520,0.13383313
AT3G53530,-0.31284484
AT3G53540,-0.13372625
AT3G53550,-0.0022815696
AT3G53560,-0.014219266
AT3G53570,-0.15076475
AT3G53580,0.10006511
AT3G53590,0.013125951
AT3G53600,1.0900263
AT3G53610,0.0872369
AT3G53611,0.0038967312
AT3G53620,0.47783116
AT3G53630,0.15552425
AT3G53640,0.012745351
AT3G53650,0.8416609
AT3G53660,0.0038944315
AT3G53680,-0.5439551
AT3G53690,-0.053605262
AT3G53700,-0.16099185
AT3G53710,0.05460651
AT3G53720,0.4040006
AT3G53740,0.08544576
AT3G53750,-0.21690291
AT3G53760,-0.101752155
AT3G53770,0.0037699041
AT3G53780,0.36601916
AT3G53790,0.059443425
AT3G53800,-0.27845255
AT3G53810,0.5333097
AT3G53820,0.032350246
AT3G53830,-0.30694568
AT3G53840,0.008937656
AT3G53850,-0.17077892
AT3G53860,-0.15262163
AT3G53870,0.098169476
AT3G53880,0.14482623
AT3G53890,0.2164473
AT3G53900,-0.27916682
AT3G53910,0.003910512
AT3G53920,-0.32608366
AT3G53930,0.26996064
AT3G53940,0.09810411
AT3G53950,0.0055362307
AT3G53960,0.19432777
AT3G53970,0.19709992
AT3G53980,-0.053606156
AT3G53990,0.12115053
AT3G54000,-0.33184046
AT3G54010,-0.017721811
AT3G54020,-0.016800553
AT3G54030,0.1926903
AT3G54040,0.1716007
AT3G54050,-0.5907734
AT3G54060,0.0061788964
AT3G54065,0.026626235
AT3G54070,0.0063530426
AT3G54080,-0.1974045
AT3G54085,0.19190705
AT3G54090,0.12850825
AT3G54100,0.41045567
AT3G54110,0.8357218
AT3G54120,-0.067108184
AT3G54130,0.47349963
AT3G54140,0.2525061
AT3G54150,1.5779839
AT3G54160,0.0016376773
AT3G54170,0.092809476
AT3G54180,-0.09651482
AT3G54190,-0.04089204
AT3G54200,-0.14708084
AT3G54210,-0.23839962
AT3G54220,-0.13145395
AT3G54230,0.027942749
AT3G54240,0.014902773
AT3G54250,-0.15336011
AT3G54260,-0.73650503
AT3G54270,-0.094879024
AT3G54280,-0.011446095
AT3G54290,-0.05951183
AT3G54300,0.24850863
AT3G54310,0.0063332547
AT3G54320,0.06859697
AT3G54340,-0.08838477
AT3G54350,-0.057113472
AT3G54360,0.035699118
AT3G54363,0.067506455
AT3G54380,0.15436493
AT3G54390,0.030847317
AT3G54400,-0.0055077574
AT3G54410,-0.0011245875
AT3G54420,0.62964755
AT3G54430,-0.10256817
AT3G54440,0.013139494
AT3G54450,0.0057236087
AT3G54460,-0.22605817
AT3G54470,-0.058987904
AT3G54480,0.12846693
AT3G54490,0.018713074
AT3G54500,-0.5292352
AT3G54510,-0.023252422
AT3G54520,0.115671776
AT3G54530,0.20906399
AT3G54540,0.06382046
AT3G54550,0.043251857
AT3G54560,-0.016892156
AT3G54570,0.0047029764
AT3G54580,-0.02238547
AT3G54590,-0.015841471
AT3G54600,-0.690615
AT3G54610,0.06524055
AT3G54620,0.43934152
AT3G54630,-0.05812702
AT3G54640,1.7106462
AT3G54650,0.04909769
AT3G54660,-0.11203795
AT3G54670,0.01959343
AT3G54680,0.4637309
AT3G54690,-0.3190329
AT3G54700,0.0075229015
AT3G54710,-0.0018685634
AT3G54720,-0.563493
AT3G54730,0.05380543
AT3G54740,0.0829378
AT3G54750,-0.032358307
AT3G54760,-0.07398442
AT3G54770,-0.016395854
AT3G54780,-0.10475656
AT3G54790,-0.2620706
AT3G54800,0.111550175
AT3G54810,0.16154298
AT3G54820,0.5621226
AT3G54826,0.28397936
AT3G54830,-0.2527435
AT3G54840,0.18000306
AT3G54850,0.2421118
AT3G54860,0.11638073
AT3G54870,0.044635724
AT3G54880,0.20218553
AT3G54890,-0.6671672
AT3G54900,-0.2554926
AT3G54910,-0.4820845
AT3G54920,-0.491393
AT3G54925,0.003948664
AT3G54930,-0.27376908
AT3G54940,0.0035256853
AT3G54950,0.9872503
AT3G54960,0.5698732
AT3G54970,-0.075431235
AT3G54980,-0.05187552
AT3G54990,0.10047096
AT3G55000,0.014161791
AT3G55005,-0.13285826
AT3G55010,0.12154621
AT3G55020,-0.09226366
AT3G55030,0.08246485
AT3G55040,-0.3960619
AT3G55050,0.13620088
AT3G55060,0.020108666
AT3G55070,0.09249977
AT3G55080,-0.1806087
AT3G55090,0.8064521
AT3G55100,0.059997022
AT3G55110,0.041598465
AT3G55120,0.084819116
AT3G55130,-0.15637928
AT3G55140,-0.032928016
AT3G55150,-0.037449833
AT3G55160,-0.029951075
AT3G55170,-0.038146283
AT3G55180,0.0031121755
AT3G55190,0.004355135
AT3G55200,-0.014031204
AT3G55210,0.0010052072
AT3G55220,0.13037883
AT3G55230,-0.049240842
AT3G55240,-1.0659826
AT3G55250,-0.17331366
AT3G55252,0.003885609
AT3G55254,0.0022187796
AT3G55260,0.04352051
AT3G55270,0.25859734
AT3G55280,0.058811832
AT3G55290,0.27677456
AT3G55310,0.027349822
AT3G55320,0.073142484
AT3G55330,-0.5329414
AT3G55340,-0.0540176
AT3G55350,-0.1610509
AT3G55360,-0.09390069
AT3G55370,0.028031854
AT3G55380,0.14021464
AT3G55390,0.179038
AT3G55400,0.018930929
AT3G55410,0.5428611
AT3G55420,-0.75241286
AT3G55430,0.49278304
AT3G55440,0.077870816
AT3G55450,0.18166749
AT3G55460,0.19448519
AT3G55470,0.7468156
AT3G55480,-0.06370167
AT3G55500,-0.025271416
AT3G55510,0.066548824
AT3G55513,0.003888607
AT3G55515,0.07895333
AT3G55520,0.0010941072
AT3G55530,0.106198035
AT3G55540,0.012745702
AT3G55550,-0.011939362
AT3G55560,0.10700593
AT3G55566,0.003901329
AT3G55570,0.0038944315
AT3G55580,-0.16975914
AT3G55590,0.0039815847
AT3G55600,0.08839988
AT3G55605,0.22310154
AT3G55610,0.07770773
AT3G55620,0.25352338
AT3G55630,-0.5934605
AT3G55640,0.3063763
AT3G55646,-0.25903174
AT3G55650,0.009591659
AT3G55660,-0.03958356
AT3G55665,0.0029952053
AT3G55670,0.002128524
AT3G55672,-0.0030181452
AT3G55677,0.006725539
AT3G55680,0.0038996823
AT3G55690,-0.10440237
AT3G55700,0.041610416
AT3G55710,-0.32643843
AT3G55720,0.07529398
AT3G55730,0.44219553
AT3G55740,0.15119219
AT3G55750,0.07089653
AT3G55760,-0.2749021
AT3G55770,-0.0030443966
AT3G55780,0.022232318
AT3G55790,0.09373647
AT3G55800,-0.6399971
AT3G55810,0.018330032
AT3G55820,-0.030866498
AT3G55830,0.13453905
AT3G55840,0.65650755
AT3G55850,-0.040525224
AT3G55860,0.015949123
AT3G55870,0.0036791225
AT3G55880,0.42108408
AT3G55890,1.1311358
AT3G55900,0.054425064
AT3G55910,0.77137154
AT3G55920,-0.07231309
AT3G55930,0.051623967
AT3G55935,0.024134278
AT3G55940,-0.18629658
AT3G55950,0.677671
AT3G55960,-0.04329508
AT3G55970,1.9383639
AT3G55980,0.02577772
AT3G55990,-0.10348914
AT3G56000,-0.13840021
AT3G56010,-0.22033833
AT3G56030,0.25011745
AT3G56040,-0.38032404
AT3G56050,-0.18268947
AT3G56060,-0.2788125
AT3G56070,0.24120928
AT3G56080,-0.29177174
AT3G56090,0.1982175
AT3G56100,-0.030707724
AT3G56110,0.29376402
AT3G56120,-0.16630726
AT3G56130,-0.29068577
AT3G56140,-0.02036666
AT3G56150,0.07915544
AT3G56160,-0.6532956
AT3G56170,0.5790107
AT3G56180,0.008680408
AT3G56190,0.14537343
AT3G56200,0.62200516
AT3G56210,0.03959959
AT3G56220,0.0405274
AT3G56230,0.019380828
AT3G56240,0.12007057
AT3G56250,-0.078634314
AT3G56260,0.30723178
AT3G56270,-0.20292254
AT3G56290,-0.11735272
AT3G56300,-0.16374321
AT3G56310,0.40674946
AT3G56320,0.33258614
AT3G56330,-0.11950868
AT3G56340,0.09673035
AT3G56350,0.06970296
AT3G56360,-0.2000377
AT3G56370,-0.62539524
AT3G56380,0.0029252355
AT3G56390,0.0036531612
AT3G56400,1.0891076
AT3G56410,-0.100428194
AT3G56420,-0.0028677098
AT3G56430,0.04464199
AT3G56440,0.12559475
AT3G56450,-0.05797103
AT3G56460,0.15817173
AT3G56470,0.15804587
AT3G56480,-0.4183476
AT3G56490,0.4389434
AT3G56500,0.32312304
AT3G56510,-0.075341135
AT3G56520,0.0038944315
AT3G56530,0.003485381
AT3G56540,0.003928492
AT3G56550,0.015071057
AT3G56560,0.0040261685
AT3G56570,-0.032298654
AT3G56580,-0.0037685446
AT3G56590,-0.2585012
AT3G56600,-0.0039861687
AT3G56610,0.0038944315
AT3G56620,-0.17796446
AT3G56630,-0.033004466
AT3G56640,-0.030329289
AT3G56650,-0.35468423
AT3G56660,0.025952958
AT3G56670,0.0038944315
AT3G56680,-0.04231264
AT3G56690,-0.019683246
AT3G56700,-0.0014045524
AT3G56710,0.6533471
AT3G56720,-0.042890802
AT3G56730,-0.045572143
AT3G56740,0.08094521
AT3G56750,-0.13277674
AT3G56760,-0.1777494
AT3G56770,0.043049455
AT3G56780,0.007955217
AT3G56790,-0.027409725
AT3G56800,-0.14903052
AT3G56810,-0.45440686
AT3G56820,0.29104292
AT3G56830,-0.17543732
AT3G56840,0.014960329
AT3G56850,0.029825868
AT3G56860,-0.03249404
AT3G56870,0.060449857
AT3G56880,0.049811516
AT3G56890,-0.03232445
AT3G56891,0.7180533
AT3G56900,-0.04711896
AT3G56910,-0.32983196
AT3G56920,0.0039230813
AT3G56930,0.18717843
AT3G56940,-0.46786213
AT3G56950,0.34207556
AT3G56960,-0.20434432
AT3G56970,0.005557231
AT3G56980,0.0048244824
AT3G56990,0.24164294
AT3G57000,0.066201
AT3G57010,1.0252179
AT3G57020,0.6840306
AT3G57030,-0.27712497
AT3G57040,-0.54799336
AT3G57050,0.016497254
AT3G57060,-0.06216997
AT3G57062,0.0043308497
AT3G57070,-0.13908109
AT3G57072,0.012688219
AT3G57080,-0.17024775
AT3G57090,0.36091104
AT3G57100,0.079954974
AT3G57110,0.074580215
AT3G57120,0.24917223
AT3G57130,-0.0045018387
AT3G57140,0.111432396
AT3G57150,0.18566273
AT3G57160,0.12331319
AT3G57170,-0.07406365
AT3G57180,-0.25640368
AT3G57190,-0.24430299
AT3G57200,0.10424333
AT3G57210,-0.033190083
AT3G57220,-0.03197057
AT3G57230,0.19116278
AT3G57240,0.7046833
AT3G57250,0.0029928556
AT3G57260,1.0234004
AT3G57270,0.08615372
AT3G57280,0.41798583
AT3G57290,0.15511471
AT3G57300,-0.08345721
AT3G57310,0.019363001
AT3G57320,-0.19964117
AT3G57330,0.15239918
AT3G57340,0.19223005
AT3G57350,-0.045607585
AT3G57360,0.25246555
AT3G57370,0.007649613
AT3G57380,1.005818
AT3G57390,0.1459868
AT3G57400,-0.088549495
AT3G57410,-0.010352564
AT3G57420,0.16330643
AT3G57430,8.4610656e-05
AT3G57440,0.027934253
AT3G57450,0.630779
AT3G57460,0.76951367
AT3G57465,0.04402846
AT3G57470,-0.32706162
AT3G57480,0.43825758
AT3G57490,0.3493853
AT3G57500,-0.014202498
AT3G57510,1.2839016
AT3G57520,0.86579925
AT3G57530,0.0332113
AT3G57540,0.32554874
AT3G57550,0.6895256
AT3G57560,0.14898263
AT3G57570,-0.045981515
AT3G57580,-0.055776224
AT3G57587,0.00020137802
AT3G57590,0.0008932594
AT3G57600,-0.1831363
AT3G57610,0.06919498
AT3G57620,0.0045290515
AT3G57630,0.37225688
AT3G57640,0.04721554
AT3G57650,0.07457928
AT3G57660,0.029935831
AT3G57670,-0.17784317
AT3G57680,-0.17398053
AT3G57690,0.031622175
AT3G57700,0.41662136
AT3G57710,-0.11751313
AT3G57720,-0.22130847
AT3G57730,-0.14598896
AT3G57740,0.028084755
AT3G57750,-0.1488465
AT3G57760,0.18623404
AT3G57770,0.092616774
AT3G57780,-0.31223193
AT3G57785,0.20073384
AT3G57787,0.022436483
AT3G57790,0.03223466
AT3G57800,-0.11424231
AT3G57810,0.007797701
AT3G57830,-0.23365624
AT3G57840,0.0038944315
AT3G57850,0.0039015717
AT3G57860,-0.1248657
AT3G57870,0.11835369
AT3G57880,0.13474834
AT3G57890,0.10677856
AT3G57900,0.0039034681
AT3G57910,-0.038274657
AT3G57920,-0.027480265
AT3G57930,-0.3948442
AT3G57940,0.0532798
AT3G57950,1.1224519
AT3G57960,0.043927964
AT3G57970,0.016269812
AT3G57980,-0.20845695
AT3G57990,-0.039619047
AT3G58000,-0.27956107
AT3G58010,-0.08759097
AT3G58020,0.06040961
AT3G58030,0.038595363
AT3G58040,0.0535941
AT3G58050,0.06368073
AT3G58060,0.07406599
AT3G58070,-0.14098008
AT3G58090,-0.012925707
AT3G58100,-0.3064792
AT3G58110,-0.01775723
AT3G58120,-0.7094725
AT3G58130,0.08195753
AT3G58140,-0.08188289
AT3G58150,0.3711144
AT3G58160,-0.25627494
AT3G58170,0.087507285
AT3G58180,0.21333653
AT3G58190,0.0070424317
AT3G58200,-0.33876434
AT3G58210,0.0026483585
AT3G58220,-0.30376866
AT3G58230,0.0045294394
AT3G58240,0.0038944315
AT3G58250,0.043322418
AT3G58260,0.0038944315
AT3G58270,0.013219814
AT3G58280,0.007909388
AT3G58290,0.008849771
AT3G58300,0.008473687
AT3G58310,0.0038944315
AT3G58320,0.003992378
AT3G58330,0.0040423293
AT3G58340,0.003991281
AT3G58350,0.013445557
AT3G58360,0.0038008885
AT3G58370,0.0037326661
AT3G58380,0.11196169
AT3G58390,0.0040727793
AT3G58400,0.0038944315
AT3G58410,0.0039197206
AT3G58415,0.0039029804
AT3G58420,0.004068695
AT3G58430,-0.16604005
AT3G58440,0.004056728
AT3G58450,0.05991363
AT3G58460,0.17173417
AT3G58470,0.11136217
AT3G58480,0.00077710924
AT3G58490,-0.09618235
AT3G58500,0.124987
AT3G58510,0.18235797
AT3G58520,-0.024338862
AT3G58530,0.09514519
AT3G58540,0.12620457
AT3G58550,0.02464194
AT3G58560,0.13503401
AT3G58570,0.41858733
AT3G58580,0.0800088
AT3G58585,0.003998177
AT3G58590,-0.048386615
AT3G58600,0.054516826
AT3G58610,-0.08066201
AT3G58620,-0.19652684
AT3G58630,0.06401398
AT3G58640,0.0016045602
AT3G58650,-0.078725286
AT3G58660,0.0667705
AT3G58670,0.047327343
AT3G58680,0.020039791
AT3G58690,-0.24454868
AT3G58700,0.0940577
AT3G58710,0.17142431
AT3G58720,-0.069995426
AT3G58730,0.21261679
AT3G58740,0.15440013
AT3G58750,0.5552898
AT3G58760,0.0060437005
AT3G58770,-0.0016968086
AT3G58780,0.0701216
AT3G58790,-0.45416513
AT3G58800,0.052914444
AT3G58810,0.15454535
AT3G58820,-0.32879624
AT3G58830,-0.0053218803
AT3G58840,-0.18708974
AT3G58850,-0.51725453
AT3G58860,0.0041340943
AT3G58875,0.00041220462
AT3G58877,0.0038944315
AT3G58880,0.0039127325
AT3G58890,0.0038944315
AT3G58900,-0.028884763
AT3G58910,0.0042827954
AT3G58920,0.0019275948
AT3G58930,-0.0991594
AT3G58940,-0.23328316
AT3G58950,0.0057806806
AT3G58960,0.009421569
AT3G58970,0.111102305
AT3G58975,0.0038944315
AT3G58980,-0.21758194
AT3G58990,-0.69969195
AT3G59000,-0.101946555
AT3G59010,-0.18086362
AT3G59020,0.16421202
AT3G59030,-0.012991086
AT3G59040,-0.18252037
AT3G59050,0.23332296
AT3G59060,-0.39571807
AT3G59070,0.0108154
AT3G59080,0.7405503
AT3G59090,0.11267734
AT3G59100,-0.238501
AT3G59110,-0.31893677
AT3G59120,0.0019552775
AT3G59130,0.0018929861
AT3G59140,0.014684382
AT3G59150,0.29610175
AT3G59160,0.027920624
AT3G59170,0.0039034188
AT3G59180,0.004303042
AT3G59190,0.0074399
AT3G59200,0.026226297
AT3G59210,0.116454184
AT3G59220,-0.017903456
AT3G59230,-0.017053112
AT3G59240,0.004032838
AT3G59245,0.0038944315
AT3G59250,-0.19134456
AT3G59260,-0.001481479
AT3G59270,-0.007312758
AT3G59280,0.27151987
AT3G59290,0.11223351
AT3G59295,0.004067611
AT3G59300,0.043524314
AT3G59310,-0.47829077
AT3G59320,-0.33429226
AT3G59330,-0.37266397
AT3G59340,0.003890733
AT3G59350,0.16884981
AT3G59360,0.11939446
AT3G59370,-0.029101776
AT3G59380,0.15735401
AT3G59390,-0.0007724054
AT3G59400,-0.32596773
AT3G59410,0.004057431
AT3G59420,-0.3648467
AT3G59430,0.019198483
AT3G59435,0.033554662
AT3G59440,0.0023192328
AT3G59450,0.010841839
AT3G59455,0.0048384685
AT3G59460,0.0055579455
AT3G59470,0.118761934
AT3G59480,0.040140856
AT3G59490,-0.05304878
AT3G59500,0.19339132
AT3G59510,-0.08060052
AT3G59520,0.0073696016
AT3G59530,0.02289869
AT3G59550,-0.002497293
AT3G59570,0.52654654
AT3G59580,-0.23240702
AT3G59590,0.0038944315
AT3G59600,0.08981257
AT3G59610,0.0076113534
AT3G59620,0.0002674479
AT3G59630,0.17972423
AT3G59640,0.34391788
AT3G59650,0.048375756
AT3G59660,0.3461758
AT3G59670,0.17094637
AT3G59680,-0.31697485
AT3G59690,0.42385745
AT3G59700,0.7100412
AT3G59710,-0.012245461
AT3G59730,0.0066904393
AT3G59740,0.026239065
AT3G59750,-0.23739982
AT3G59760,0.3435897
AT3G59770,0.11680492
AT3G59780,-0.6661237
AT3G59790,-0.015985511
AT3G59800,0.0019586533
AT3G59810,0.1704684
AT3G59820,0.16571163
AT3G59830,-0.009304119
AT3G59840,0.05911219
AT3G59850,0.010341382
AT3G59870,0.04250474
AT3G59880,-0.053751618
AT3G59890,-0.14806819
AT3G59900,0.26461464
AT3G59910,0.040674962
AT3G59920,0.21880539
AT3G59930,1.2900732
AT3G59940,0.09428096
AT3G59950,0.12422205
AT3G59960,0.0066193393
AT3G59970,0.039137017
AT3G59980,-0.010435711
AT3G59990,0.101694405
AT3G60000,-0.00073496933
AT3G60010,0.06773933
AT3G60020,0.033331882
AT3G60030,-0.1638227
AT3G60040,0.08835866
AT3G60050,-0.25227216
AT3G60060,0.013709079
AT3G60070,-0.25784448
AT3G60080,-0.01668776
AT3G60090,0.013857316
AT3G60100,0.02381879
AT3G60110,0.34124562
AT3G60120,1.9240144
AT3G60130,0.8092818
AT3G60140,3.3139448
AT3G60150,0.30929407
AT3G60160,0.10254789
AT3G60180,0.09732007
AT3G60190,0.2597762
AT3G60200,0.12059393
AT3G60210,-0.07697051
AT3G60220,-0.25304377
AT3G60240,0.04844737
AT3G60245,0.09046453
AT3G60250,0.017650172
AT3G60260,0.054768205
AT3G60270,0.010198831
AT3G60280,0.0028790485
AT3G60286,-0.06598762
AT3G60290,-0.7004475
AT3G60300,0.062874876
AT3G60310,-0.13491277
AT3G60320,-0.39558184
AT3G60328,0.0036831654
AT3G60330,-0.03364583
AT3G60340,0.058725256
AT3G60350,-0.043741748
AT3G60360,0.19284207
AT3G60370,-0.16695584
AT3G60380,-0.16610254
AT3G60390,-0.5890015
AT3G60400,-0.025452152
AT3G60410,0.15467817
AT3G60415,1.4566749
AT3G60420,0.091999836
AT3G60440,0.1254036
AT3G60450,0.8025789
AT3G60460,0.025074454
AT3G60470,0.39524278
AT3G60480,0.03248789
AT3G60490,0.045514166
AT3G60500,-0.0071874526
AT3G60510,0.104886
AT3G60520,0.054522086
AT3G60530,-0.39047885
AT3G60540,0.59513193
AT3G60550,-0.012495133
AT3G60560,0.0038944315
AT3G60570,0.0038944315
AT3G60580,-0.043219775
AT3G60590,0.15384014
AT3G60600,0.13381642
AT3G60620,-0.1350532
AT3G60630,-0.212547
AT3G60640,0.2014509
AT3G60650,0.005769174
AT3G60660,0.016427284
AT3G60670,0.1035119
AT3G60680,0.3494581
AT3G60690,0.5678695
AT3G60700,0.17661916
AT3G60710,-0.014524568
AT3G60720,0.29006246
AT3G60730,0.0031202128
AT3G60740,-0.22330195
AT3G60750,-0.11450251
AT3G60760,0.0033102941
AT3G60770,0.11415926
AT3G60780,0.062489305
AT3G60790,0.012523246
AT3G60800,0.27928248
AT3G60810,-0.04944405
AT3G60820,0.32626352
AT3G60830,-0.056056853
AT3G60840,-0.21776064
AT3G60850,0.055476133
AT3G60860,0.086215734
AT3G60870,0.002054566
AT3G60880,0.051561978
AT3G60890,-0.004125589
AT3G60900,0.01128078
AT3G60910,-0.31138656
AT3G60920,0.023882942
AT3G60930,0.0038944315
AT3G60940,-0.0022905283
AT3G60950,0.0066893143
AT3G60960,0.06160732
AT3G60961,0.36655167
AT3G60966,1.3008369
AT3G60970,0.17987375
AT3G60975,0.0038944315
AT3G60980,0.13991876
AT3G60990,-0.0040052105
AT3G61000,0.0038944315
AT3G61020,0.0038944315
AT3G61028,0.0053850207
AT3G61030,-0.001982021
AT3G61035,0.01831214
AT3G61040,0.0025961804
AT3G61050,-0.11521896
AT3G61060,-0.37363014
AT3G61070,0.30860943
AT3G61080,-0.54521734
AT3G61090,-0.018699171
AT3G61100,-0.04499756
AT3G61110,0.19330007
AT3G61111,0.06651556
AT3G61113,0.05937451
AT3G61117,0.0037053013
AT3G61120,0.00028097504
AT3G61130,-0.09341526
AT3G61140,0.18139891
AT3G61150,-0.12088623
AT3G61160,0.1897204
AT3G61170,-0.04859932
AT3G61172,0.0038832063
AT3G61175,-0.0028217074
AT3G61177,0.021030353
AT3G61180,0.061354935
AT3G61182,0.048837394
AT3G61190,1.3433324
AT3G61200,0.33565888
AT3G61210,-0.27350974
AT3G61220,-0.08195711
AT3G61230,0.007906575
AT3G61240,0.030292138
AT3G61250,0.0075788912
AT3G61260,-0.26263848
AT3G61270,0.11980718
AT3G61280,0.5039943
AT3G61290,0.0039336327
AT3G61300,0.035991717
AT3G61310,-0.23137073
AT3G61320,-0.10573783
AT3G61340,0.08686862
AT3G61350,0.020841455
AT3G61360,-0.055054475
AT3G61370,-0.12887254
AT3G61380,-0.21907735
AT3G61390,1.9539433
AT3G61400,0.103164665
AT3G61410,-0.035519313
AT3G61415,-0.06801497
AT3G61420,-0.04236413
AT3G61430,0.19143157
AT3G61440,0.08885678
AT3G61450,0.082015425
AT3G61460,-0.046087503
AT3G61470,-0.49355665
AT3G61480,0.040149394
AT3G61490,0.502686
AT3G61500,0.0046571656
AT3G61510,-0.093415014
AT3G61520,-0.09972394
AT3G61530,0.24981959
AT3G61540,0.10840217
AT3G61550,-0.34451094
AT3G61560,-0.022070883
AT3G61570,-0.0031360884
AT3G61571,0.0011460235
AT3G61580,-0.08896649
AT3G61590,-0.019844977
AT3G61600,0.08069505
AT3G61610,-0.10654858
AT3G61620,0.12086632
AT3G61630,0.2252348
AT3G61640,-0.13958259
AT3G61650,-0.22772157
AT3G61660,0.0025523033
AT3G61670,-0.2019573
AT3G61680,0.028587379
AT3G61690,0.013641775
AT3G61700,-0.18670912
AT3G61710,0.05857128
AT3G61720,0.010476028
AT3G61723,0.0038944315
AT3G61730,-0.007881219
AT3G61740,-0.14396289
AT3G61750,-0.30215704
AT3G61760,0.19640361
AT3G61770,0.13615142
AT3G61780,-0.24249487
AT3G61790,0.1863414
AT3G61800,-0.010079269
AT3G61810,-0.082388096
AT3G61820,-0.18695565
AT3G61826,0.0038944315
AT3G61829,0.0034790335
AT3G61830,-0.60707
AT3G61840,0.018485822
AT3G61850,-0.16630286
AT3G61860,0.16311847
AT3G61870,-0.46224836
AT3G61880,-0.06291392
AT3G61890,0.26614183
AT3G61898,-0.17399716
AT3G61900,0.25610003
AT3G61910,0.004552882
AT3G61920,0.007763104
AT3G61930,1.6405506
AT3G61940,-0.0017204402
AT3G61950,-0.23663951
AT3G61960,0.21211688
AT3G61962,0.0038944315
AT3G61970,-0.1259516
AT3G61980,0.32116115
AT3G61990,0.32224217
AT3G62000,-0.11459438
AT3G62010,-0.04734834
AT3G62020,0.09605823
AT3G62030,-0.34487972
AT3G62040,-0.12984706
AT3G62050,-0.12522827
AT3G62060,-0.27929917
AT3G62070,-0.4966394
AT3G62080,-0.08514702
AT3G62090,0.27741164
AT3G62100,-0.14972712
AT3G62110,-0.08832208
AT3G62120,-0.08504897
AT3G62130,0.101601504
AT3G62140,0.013270992
AT3G62150,0.21455626
AT3G62160,0.1327337
AT3G62170,0.0035413497
AT3G62180,0.009278588
AT3G62190,-0.009640579
AT3G62200,-0.102349184
AT3G62210,-0.06730143
AT3G62220,-0.107068054
AT3G62230,0.0027856568
AT3G62240,0.15486689
AT3G62250,0.049008578
AT3G62260,0.4588634
AT3G62270,0.018115727
AT3G62280,0.07984829
AT3G62290,0.07629079
AT3G62300,-0.25864094
AT3G62310,0.1331604
AT3G62320,0.021797372
AT3G62330,0.093851544
AT3G62340,0.0046223323
AT3G62350,0.004083718
AT3G62360,0.07223888
AT3G62370,0.1443476
AT3G62380,0.0015185507
AT3G62390,-0.58258766
AT3G62400,0.3411932
AT3G62410,-0.14315854
AT3G62420,0.21356839
AT3G62430,-0.008746478
AT3G62440,0.0039985613
AT3G62450,0.088792145
AT3G62460,0.2917144
AT3G62470,-0.27835852
AT3G62499,-0.1017496
AT3G62500,-0.26814887
AT3G62510,-0.093172275
AT3G62528,0.0039748955
AT3G62530,0.004098384
AT3G62540,-0.2509689
AT3G62550,-0.039340343
AT3G62560,0.08378431
AT3G62570,-0.16969652
AT3G62580,0.36183822
AT3G62590,0.837692
AT3G62600,0.41940054
AT3G62610,0.0076421187
AT3G62615,0.0038944315
AT3G62620,-0.06636492
AT3G62630,-0.47221252
AT3G62640,0.0130812675
AT3G62650,0.109621376
AT3G62660,-0.2039197
AT3G62670,0.0037381405
AT3G62680,-0.018549776
AT3G62690,-0.32416406
AT3G62695,-8.427786e-05
AT3G62700,-0.23024477
AT3G62710,0.010673721
AT3G62720,0.18353467
AT3G62730,0.106843054
AT3G62740,-0.045668814
AT3G62750,-0.50966907
AT3G62760,-0.025140956
AT3G62770,0.3999745
AT3G62780,0.39460757
AT3G62790,0.21889798
AT3G62800,0.0568743
AT3G62810,0.23759927
AT3G62820,-0.21659617
AT3G62830,0.29270795
AT3G62850,0.025783718
AT3G62860,-0.10697796
AT3G62870,0.020124538
AT3G62880,0.08596128
AT3G62890,0.03806411
AT3G62900,-0.00969515
AT3G62910,-0.25792333
AT3G62920,0.2103977
AT3G62930,-0.25378534
AT3G62940,-0.054922476
AT3G62950,-0.57173854
AT3G62960,-0.14445814
AT3G62970,-0.07074989
AT3G62980,-0.039723698
AT3G62990,0.012093463
AT3G63000,0.081047446
AT3G63010,0.5159688
AT3G63020,-0.003485132
AT3G63030,0.33656347
AT3G63040,0.00043993568
AT3G63050,0.27935222
AT3G63052,0.03384802
AT3G63060,0.6541831
AT3G63070,0.09551537
AT3G63080,0.25236332
AT3G63088,-0.12693691
AT3G63090,0.12840816
AT3G63093,-0.011741933
AT3G63095,-0.029147593
AT3G63110,-0.45850006
AT3G63120,-0.18870296
AT3G63130,-0.10471177
AT3G63140,-0.7677369
AT3G63150,0.12710589
AT3G63160,-0.22383977
AT3G63170,-0.27810976
AT3G63180,-0.09192758
AT3G63190,-0.3474108
AT3G63200,-0.07213209
AT3G63210,-0.05104198
AT3G63215,0.016024152
AT3G63220,0.22741817
AT3G63230,0.0039771446
AT3G63240,0.09439492
AT3G63250,-0.13865094
AT3G63255,0.0014083339
AT3G63260,0.147105
AT3G63270,0.11949397
AT3G63280,0.31164292
AT3G63290,-0.006774422
AT3G63300,-0.29916897
AT3G63310,0.371686
AT3G63320,0.020294592
AT3G63330,0.0038944315
AT3G63340,0.004640172
AT3G63350,0.013586834
AT3G63360,0.016649313
AT3G63370,-0.41296545
AT3G63380,1.9678516
AT3G63390,0.09239211
AT3G63400,0.05969827
AT3G63410,-0.3435211
AT3G63420,0.14350326
AT3G63430,-0.0114041045
AT3G63440,-0.47547802
AT3G63450,-0.57014114
AT3G63460,0.14519642
AT3G63470,-0.00097157556
AT3G63480,-0.029718416
AT3G63490,-0.26233503
AT3G63500,-0.038335655
AT3G63510,-0.3126274
AT3G63520,-0.19084905
AT3G63530,-0.38352993
AT3G63540,-0.10861557
AT3G63550,0.0038944315
AT3G66652,-0.13739257
AT3G66654,0.19332421
AT3G66656,0.0039542383
AT3G66658,-0.09742596
AT4G00005,0.0040727793
AT4G00020,-0.0758042
AT4G00026,0.23560874
AT4G00030,-0.113782786
AT4G00040,-0.11443708
AT4G00050,-0.45471036
AT4G00060,-0.024565808
AT4G00070,-0.059068542
AT4G00080,-0.0070730937
AT4G00090,0.27997422
AT4G00100,0.005409746
AT4G00110,0.07463595
AT4G00120,0.0042441725
AT4G00130,0.010379267
AT4G00140,0.26419702
AT4G00150,-0.26958415
AT4G00155,0.004233575
AT4G00160,0.0031690982
AT4G00163,-0.008598997
AT4G00165,-0.21454133
AT4G00170,0.23259194
AT4G00180,-0.37390134
AT4G00190,0.0050680847
AT4G00200,0.3269395
AT4G00210,0.040700067
AT4G00220,-0.0007384587
AT4G00230,0.12891494
AT4G00231,-0.01032002
AT4G00232,0.0076556355
AT4G00234,0.0063422234
AT4G00238,-0.07849238
AT4G00240,0.31148633
AT4G00250,0.028216502
AT4G00260,0.003912082
AT4G00270,-0.11571588
AT4G00280,-0.0007052862
AT4G00290,0.3524778
AT4G00295,0.024148384
AT4G00300,-0.007321924
AT4G00305,0.25831607
AT4G00310,-0.15288797
AT4G00315,0.0049669803
AT4G00320,0.0038797036
AT4G00330,0.22931455
AT4G00335,-0.01199464
AT4G00340,-0.18151288
AT4G00342,0.0038944315
AT4G00350,-0.0022798534
AT4G00355,0.246606
AT4G00360,-0.35877547
AT4G00370,-0.16398236
AT4G00380,-0.64371854
AT4G00390,0.10731009
AT4G00400,-0.6703932
AT4G00416,0.0011708016
AT4G00420,0.0069044842
AT4G00430,0.52361435
AT4G00440,-0.031178564
AT4G00450,0.09117559
AT4G00460,-0.17027913
AT4G00467,0.004457027
AT4G00480,-0.16869865
AT4G00490,-0.4341643
AT4G00500,0.14118695
AT4G00520,-0.14604662
AT4G00525,-0.061242808
AT4G00530,0.04470862
AT4G00540,0.026670026
AT4G00550,0.24647605
AT4G00560,-0.3428243
AT4G00570,0.15099354
AT4G00580,0.029081894
AT4G00585,0.24423377
AT4G00590,0.041213717
AT4G00600,0.003685889
AT4G00610,0.005462066
AT4G00620,0.20988579
AT4G00630,0.055250213
AT4G00650,-0.07928768
AT4G00651,-0.0018879833
AT4G00660,0.10314012
AT4G00670,-0.38869238
AT4G00680,0.0016807994
AT4G00690,-0.22093081
AT4G00695,0.0743463
AT4G00700,0.80109835
AT4G00710,-0.119800806
AT4G00720,-0.10158878
AT4G00730,-0.2867482
AT4G00740,-0.13846648
AT4G00750,-0.06221634
AT4G00752,-0.10829159
AT4G00755,-0.016481847
AT4G00760,-0.12394315
AT4G00770,0.001847356
AT4G00780,-0.17729157
AT4G00800,-0.051572878
AT4G00810,0.011529661
AT4G00820,-0.52845824
AT4G00830,-0.04258828
AT4G00840,0.19712482
AT4G00850,0.043627113
AT4G00860,0.35582915
AT4G00870,-0.43932533
AT4G00872,0.003719746
AT4G00880,-0.30707502
AT4G00883,0.0033695723
AT4G00889,0.0036005713
AT4G00890,-0.26809892
AT4G00893,-0.041561883
AT4G00895,0.085847735
AT4G00900,0.49196872
AT4G00905,-0.062868185
AT4G00910,0.057739977
AT4G00920,0.02077811
AT4G00925,0.004403172
AT4G00930,-0.08558015
AT4G00940,0.049807087
AT4G00950,-0.74930316
AT4G00953,0.0017434877
AT4G00955,0.18882966
AT4G00960,-0.0529727
AT4G00970,-0.261992
AT4G00980,-0.2481121
AT4G00990,-0.20932595
AT4G01000,0.054572344
AT4G01010,0.4013033
AT4G01020,-0.15015739
AT4G01023,0.029303586
AT4G01026,0.07172439
AT4G01030,-0.33909953
AT4G01037,0.061121274
AT4G01040,-0.18898524
AT4G01050,-0.42001545
AT4G01060,-0.039428655
AT4G01070,0.2676988
AT4G01080,-0.2031426
AT4G01090,-0.07825677
AT4G01100,0.11516691
AT4G01110,0.13492163
AT4G01120,-0.1670003
AT4G01130,-0.16645445
AT4G01140,0.025200635
AT4G01150,-0.33762026
AT4G01160,0.020047186
AT4G01170,0.0040039183
AT4G01180,0.060567796
AT4G01190,-0.24556442
AT4G01200,0.087712616
AT4G01210,-0.07102877
AT4G01220,0.00573729
AT4G01230,-0.07495272
AT4G01240,0.0011950635
AT4G01245,0.0039454424
AT4G01250,0.05887118
AT4G01260,0.0040310835
AT4G01270,-0.003313259
AT4G01280,-0.049701285
AT4G01290,0.0355701
AT4G01310,-0.4644582
AT4G01320,0.27381122
AT4G01330,-0.5124825
AT4G01335,-0.23104768
AT4G01340,0.004599454
AT4G01350,-0.030590957
AT4G01360,1.4630985
AT4G01370,0.3073745
AT4G01380,-0.0012341099
AT4G01390,-1.1882964
AT4G01395,0.1653925
AT4G01400,-0.11282226
AT4G01410,0.004430294
AT4G01420,0.12416195
AT4G01430,1.1732882
AT4G01435,-0.03171637
AT4G01440,-0.004336074
AT4G01450,-0.2577853
AT4G01460,-0.6991956
AT4G01470,0.0077229156
AT4G01480,0.07673934
AT4G01500,-0.07481266
AT4G01510,-0.0956705
AT4G01516,0.0038944315
AT4G01520,0.0037898673
AT4G01535,0.0065315138
AT4G01540,0.8252434
AT4G01550,-0.07382838
AT4G01560,0.12097556
AT4G01570,-0.1735093
AT4G01575,0.01464542
AT4G01580,-0.110057704
AT4G01590,0.04426189
AT4G01595,-0.024995705
AT4G01600,0.21999383
AT4G01610,0.42084917
AT4G01630,0.014075137
AT4G01640,0.003978171
AT4G01650,0.0008891194
AT4G01660,0.2790888
AT4G01670,-0.2273434
AT4G01671,0.0039012136
AT4G01680,-0.35842013
AT4G01690,-0.13212265
AT4G01700,0.7673444
AT4G01703,0.0038944315
AT4G01710,0.039584953
AT4G01720,-0.10347531
AT4G01730,-0.12633468
AT4G01735,0.0025635806
AT4G01740,-0.044379205
AT4G01750,0.15708335
AT4G01760,0.009198121
AT4G01770,-0.0044743344
AT4G01780,0.0007723694
AT4G01790,0.106871195
AT4G01800,-0.32682225
AT4G01810,0.15456463
AT4G01820,0.0019071875
AT4G01830,-0.010200136
AT4G01840,-0.09594879
AT4G01850,0.40193352
AT4G01860,0.009706328
AT4G01870,1.846583
AT4G01880,-0.020627422
AT4G01883,-0.296886
AT4G01890,0.0072003044
AT4G01895,0.9266724
AT4G01897,-0.060853586
AT4G01900,-0.1429378
AT4G01910,0.24051948
AT4G01915,-0.25120315
AT4G01920,0.26499316
AT4G01925,0.077457555
AT4G01930,-0.0013308503
AT4G01935,-0.12825714
AT4G01940,0.14482105
AT4G01950,0.034785513
AT4G01960,0.16882093
AT4G01970,-0.019256135
AT4G01985,0.15707272
AT4G01990,-0.01835004
AT4G01995,-0.24134578
AT4G02000,0.0416272
AT4G02010,-0.17644943
AT4G02020,-0.13603565
AT4G02030,0.08461208
AT4G02040,0.008206158
AT4G02050,0.1317458
AT4G02060,-0.041521344
AT4G02070,-0.113800466
AT4G02075,-0.32935366
AT4G02080,0.19725196
AT4G02090,0.080057584
AT4G02100,-0.12372225
AT4G02110,-0.037626885
AT4G02120,0.04255565
AT4G02130,-0.09153402
AT4G02140,-0.13369541
AT4G02150,0.21030498
AT4G02160,0.0059656077
AT4G02170,0.015125173
AT4G02180,-0.033074792
AT4G02190,0.004215143
AT4G02195,0.07134306
AT4G02200,-0.28231332
AT4G02210,-0.20797284
AT4G02220,0.43051663
AT4G02230,0.030166
AT4G02235,0.0037742844
AT4G02250,0.0040504355
AT4G02260,-0.1885256
AT4G02270,-0.00548215
AT4G02280,0.5359214
AT4G02290,-0.48962298
AT4G02300,0.011419979
AT4G02310,0.004293719
AT4G02320,0.12648429
AT4G02330,0.35384074
AT4G02340,0.18582328
AT4G02350,0.21423562
AT4G02360,0.7133734
AT4G02370,0.45927158
AT4G02380,1.3347653
AT4G02390,0.055798218
AT4G02400,-0.0066070054
AT4G02405,0.22301255
AT4G02410,0.018880947
AT4G02420,-0.013723415
AT4G02425,-0.1276928
AT4G02430,-0.08966116
AT4G02440,-0.0069230464
AT4G02450,0.10938319
AT4G02460,-0.07070472
AT4G02465,0.0036653404
AT4G02470,0.0038944315
AT4G02482,-0.26048055
AT4G02485,-0.09001558
AT4G02489,0.0038944315
AT4G02500,-0.14403526
AT4G02510,-0.21435744
AT4G02520,0.9789462
AT4G02530,-0.33593717
AT4G02540,-0.15413119
AT4G02541,0.0044300896
AT4G02550,0.52386767
AT4G02560,-0.043313872
AT4G02570,0.20217131
AT4G02580,0.16810566
AT4G02590,0.090973414
AT4G02600,-0.06276027
AT4G02610,-0.17229898
AT4G02620,0.19780366
AT4G02630,-0.44168937
AT4G02640,-0.0855512
AT4G02650,0.3619528
AT4G02655,0.008421824
AT4G02660,0.27250662
AT4G02670,-0.23071025
AT4G02680,-0.14173767
AT4G02690,0.012136164
AT4G02700,0.08009461
AT4G02710,-0.021954944
AT4G02715,-0.05997144
AT4G02720,-0.12013387
AT4G02725,-0.046339214
AT4G02730,0.33169812
AT4G02733,0.0036111337
AT4G02735,0.0044239103
AT4G02740,0.2244395
AT4G02750,-0.04824437
AT4G02760,0.0450059
AT4G02770,-0.42364106
AT4G02780,-0.26119488
AT4G02790,-0.23416178
AT4G02800,-0.16184314
AT4G02810,-0.13018475
AT4G02820,-0.21133357
AT4G02830,0.02888904
AT4G02840,0.15587431
AT4G02850,0.020316461
AT4G02860,0.28795248
AT4G02870,0.011657104
AT4G02880,0.22460188
AT4G02890,0.21229792
AT4G02900,-0.27326286
AT4G02910,0.003945186
AT4G02920,-0.29902208
AT4G02930,0.46351638
AT4G02940,0.6010077
AT4G02960,0.0038944315
AT4G02970,0.004380296
AT4G02980,0.10752526
AT4G02990,-0.02785226
AT4G03000,-0.010313366
AT4G03010,-0.22875835
AT4G03020,0.2682009
AT4G03030,0.27804008
AT4G03040,0.013024158
AT4G03050,0.0016720891
AT4G03060,0.0038944315
AT4G03070,-0.31566194
AT4G03080,0.20951514
AT4G03090,-0.12168016
AT4G03100,-0.11552021
AT4G03110,-0.1878845
AT4G03113,0.004705968
AT4G03115,-0.14378898
AT4G03120,0.17046382
AT4G03130,0.044640213
AT4G03140,0.013937935
AT4G03150,-0.0812935
AT4G03153,0.0045294394
AT4G03156,0.0039659003
AT4G03157,-0.0027569819
AT4G03160,0.0038944315
AT4G03165,0.0038944315
AT4G03170,0.0038811143
AT4G03175,0.0051529813
AT4G03180,0.1299609
AT4G03190,-0.38216022
AT4G03200,0.20870714
AT4G03205,-0.32351932
AT4G03210,-0.7775871
AT4G03220,0.002534909
AT4G03230,-0.06527989
AT4G03240,0.1254918
AT4G03250,-0.15002497
AT4G03260,0.0139982775
AT4G03270,-0.037631586
AT4G03280,-0.35659775
AT4G03290,0.004858625
AT4G03292,0.015821243
AT4G03298,0.0036003657
AT4G03320,1.3399528
AT4G03330,0.013625172
AT4G03340,0.024392301
AT4G03350,0.003311456
AT4G03360,0.48393583
AT4G03370,0.0045294394
AT4G03380,-0.009773644
AT4G03390,0.02209756
AT4G03400,0.12611619
AT4G03410,0.29106203
AT4G03415,-0.29914835
AT4G03420,0.3211417
AT4G03430,0.112671286
AT4G03440,-0.2600461
AT4G03443,0.0008651127
AT4G03450,0.39509997
AT4G03460,0.35000733
AT4G03470,0.015189159
AT4G03480,0.011581273
AT4G03490,0.03849173
AT4G03495,0.005523184
AT4G03500,0.04207964
AT4G03505,0.025918752
AT4G03510,0.03874719
AT4G03520,-0.10121083
AT4G03540,0.4527227
AT4G03550,0.19047432
AT4G03560,-0.12303733
AT4G03565,0.010122507
AT4G03566,0.0060594976
AT4G03570,0.0038698607
AT4G03580,0.01951363
AT4G03590,0.0038944315
AT4G03600,-0.096395254
AT4G03610,-0.05538931
AT4G03620,0.0022242512
AT4G03625,0.0039901324
AT4G03630,0.003984315
AT4G03635,-0.010452203
AT4G03645,0.002865415
AT4G03728,0.0038944315
AT4G03740,0.004032916
AT4G03820,0.35637975
AT4G03830,0.0038944315
AT4G03930,0.011509329
AT4G03940,-0.20107971
AT4G03945,0.029783957
AT4G03950,-0.0009002133
AT4G03960,0.3618207
AT4G03965,0.015993372
AT4G04020,0.020312393
AT4G04025,0.0010030167
AT4G04030,0.010695231
AT4G04040,-0.21790646
AT4G04078,0.0038944315
AT4G04080,0.0038944315
AT4G04090,0.052978937
AT4G04110,0.0042543267
AT4G04180,-0.0006616066
AT4G04190,-0.035013247
AT4G04200,-0.032376546
AT4G04210,0.31490067
AT4G04220,0.28799996
AT4G04260,0.040578593
AT4G04265,-0.014551136
AT4G04320,0.1489923
AT4G04330,-0.19608228
AT4G04340,-0.52565974
AT4G04350,-0.35064474
AT4G04360,-0.18105815
AT4G04370,-0.197559
AT4G04402,0.0039839246
AT4G04404,0.0038944315
AT4G04415,0.0012376212
AT4G04423,0.021592245
AT4G04430,0.0038944315
AT4G04450,-0.0011482876
AT4G04460,-0.2234434
AT4G04470,0.1563363
AT4G04480,0.1349761
AT4G04490,1.2868929
AT4G04500,0.5987841
AT4G04510,0.0872745
AT4G04540,0.88237625
AT4G04555,0.0038944315
AT4G04570,-0.432628
AT4G04580,0.0075509623
AT4G04601,0.0041407915
AT4G04605,0.01390225
AT4G04610,0.29112658
AT4G04614,-0.041888732
AT4G04620,0.37354383
AT4G04630,-0.5718768
AT4G04632,0.0038944315
AT4G04640,-0.3167571
AT4G04650,0.0038944315
AT4G04670,0.07312439
AT4G04680,-6.7024805e-05
AT4G04690,0.0005125928
AT4G04695,0.4624804
AT4G04700,-0.34098288
AT4G04710,0.032952916
AT4G04720,0.0013103485
AT4G04730,0.0046642185
AT4G04740,-0.008491546
AT4G04745,-0.019821106
AT4G04750,-0.6625422
AT4G04760,-0.01907374
AT4G04770,0.026949441
AT4G04775,0.0039080447
AT4G04780,-0.046742056
AT4G04790,0.13747226
AT4G04800,0.4784645
AT4G04810,-0.2733812
AT4G04830,-0.5485341
AT4G04840,-0.5815074
AT4G04850,-0.23914655
AT4G04860,0.055800896
AT4G04870,0.17927207
AT4G04880,-0.013453222
AT4G04885,0.087945364
AT4G04890,-0.37888405
AT4G04900,-0.005356848
AT4G04910,0.26320207
AT4G04920,0.2548139
AT4G04925,0.26923397
AT4G04930,0.0032654814
AT4G04940,0.3004824
AT4G04950,0.040976193
AT4G04955,-0.5928929
AT4G04957,0.0038944315
AT4G04960,0.41085792
AT4G04970,-0.029512035
AT4G04972,0.25922814
AT4G04980,0.006650698
AT4G04985,0.00400586
AT4G04990,0.15734115
AT4G05000,0.052624673
AT4G05010,0.01294521
AT4G05018,0.02353733
AT4G05020,0.632094
AT4G05030,0.29210094
AT4G05040,-0.2750827
AT4G05050,0.2839467
AT4G05060,0.051970486
AT4G05070,-0.06500506
AT4G05071,0.019967565
AT4G05080,0.0038944315
AT4G05090,-0.35141018
AT4G05091,0.0037016713
AT4G05095,0.0027988227
AT4G05097,0.0033794192
AT4G05100,1.1863886
AT4G05110,-0.33065972
AT4G05120,-0.16119061
AT4G05130,-0.28837055
AT4G05140,0.0046514897
AT4G05150,0.11111615
AT4G05160,0.28251323
AT4G05170,-0.42005143
AT4G05180,-0.42002735
AT4G05190,-0.2037793
AT4G05200,0.0047492106
AT4G05210,-0.10536175
AT4G05220,-0.06288947
AT4G05230,0.003901869
AT4G05240,0.004073746
AT4G05250,0.0038944315
AT4G05260,0.0038944315
AT4G05270,0.0038944315
AT4G05310,0.0038855746
AT4G05320,0.20411207
AT4G05330,-0.13826124
AT4G05340,0.0038944315
AT4G05350,0.006953335
AT4G05360,0.006496661
AT4G05380,-0.100434296
AT4G05390,0.3527386
AT4G05400,-0.16337062
AT4G05410,0.06881007
AT4G05420,-0.02628304
AT4G05430,-0.05922045
AT4G05440,0.17272794
AT4G05450,0.16310768
AT4G05460,0.21410668
AT4G05470,0.00011178075
AT4G05475,-0.010054304
AT4G05490,0.035166625
AT4G05497,0.19804168
AT4G05500,0.0038944315
AT4G05520,-0.22053497
AT4G05523,0.0042702113
AT4G05530,0.25077614
AT4G05540,-0.101324834
AT4G05553,0.0038944315
AT4G05555,0.0038944315
AT4G05590,0.03502026
AT4G05612,0.0038944315
AT4G05620,0.0038896662
AT4G05630,0.0039399285
AT4G05631,0.038465794
AT4G05632,0.0038944315
AT4G06479,-0.0031218908
AT4G06490,0.0038944315
AT4G06526,0.0038944315
AT4G06534,-0.3375047
AT4G06536,-0.26593062
AT4G06583,-0.04749246
AT4G06598,-0.1980282
AT4G06599,0.06437164
AT4G06634,0.08718175
AT4G06639,0.0038944315
AT4G06643,0.009530268
AT4G06655,0.012384103
AT4G06676,0.14449652
AT4G06688,0.0038944315
AT4G06744,1.067662
AT4G06746,0.6453551
AT4G07325,0.0038944315
AT4G07350,0.0067645586
AT4G07380,0.0038944315
AT4G07390,0.29465863
AT4G07400,-0.13774489
AT4G07408,0.25288284
AT4G07410,0.027881823
AT4G07445,0.0039000788
AT4G07455,-0.21599616
AT4G07515,0.0038944315
AT4G07524,0.003847056
AT4G07526,0.004309029
AT4G07666,0.0039026642
AT4G07670,0.019360319
AT4G07675,0.0044334806
AT4G07740,0.0038944315
AT4G07820,0.17006452
AT4G07825,-0.14194798
AT4G07835,0.0038939537
AT4G07868,0.0022769857
AT4G07932,0.0038944315
AT4G07940,0.025893914
AT4G07950,0.12953609
AT4G07960,-0.13593659
AT4G07965,0.0047804164
AT4G07990,0.06947016
AT4G07995,-0.06725821
AT4G08025,0.0038944315
AT4G08028,0.0038944315
AT4G08039,0.0038944315
AT4G08040,-0.18164124
AT4G08097,0.0038944315
AT4G08140,0.003903655
AT4G08150,-0.01202178
AT4G08160,0.027751498
AT4G08170,0.17578101
AT4G08180,0.344715
AT4G08190,0.0039361883
AT4G08210,-0.014618531
AT4G08230,0.2780442
AT4G08240,-0.021930367
AT4G08250,-0.040086742
AT4G08260,0.0041750395
AT4G08263,0.0045408066
AT4G08267,0.0038944315
AT4G08270,0.0038944315
AT4G08280,-0.05315664
AT4G08290,0.49077177
AT4G08300,-0.23949875
AT4G08310,-0.10207537
AT4G08320,0.19329435
AT4G08330,-0.014598876
AT4G08350,0.02772744
AT4G08360,0.0082001425
AT4G08370,0.0034388117
AT4G08380,0.0049874024
AT4G08390,0.59954727
AT4G08395,0.003917262
AT4G08400,-0.0015548319
AT4G08406,0.0038944315
AT4G08410,-0.014216967
AT4G08430,0.0039547384
AT4G08450,0.017027883
AT4G08455,0.113370866
AT4G08460,0.18675299
AT4G08470,0.33591124
AT4G08480,0.048704445
AT4G08485,0.0038944315
AT4G08500,0.12299621
AT4G08510,0.19795577
AT4G08520,0.06984484
AT4G08530,0.0038944315
AT4G08535,0.039702207
AT4G08540,0.014003809
AT4G08545,0.00396679
AT4G08550,0.005245943
AT4G08555,0.6001394
AT4G08558,0.0038944315
AT4G08560,0.0038944315
AT4G08570,-0.0011323882
AT4G08580,-0.024020826
AT4G08590,-0.20465006
AT4G08593,0.0025108745
AT4G08620,0.0023580072
AT4G08630,0.003901869
AT4G08640,0.0038944315
AT4G08670,0.0038546894
AT4G08685,-0.53452426
AT4G08690,0.007756106
AT4G08691,0.002408624
AT4G08700,-0.15388115
AT4G08730,0.006656541
AT4G08740,0.0038633018
AT4G08760,0.028955005
AT4G08770,2.6599877
AT4G08780,0.63118935
AT4G08790,0.062179983
AT4G08800,0.0039014546
AT4G08810,-0.09290358
AT4G08840,0.0038860023
AT4G08850,0.10167185
AT4G08867,-0.0014882566
AT4G08868,0.012271066
AT4G08869,0.005790027
AT4G08870,0.6007622
AT4G08874,-0.010275161
AT4G08875,0.0042433017
AT4G08876,0.0038411675
AT4G08878,0.019585712
AT4G08895,0.0038944315
AT4G08900,0.0825881
AT4G08910,0.0032113316
AT4G08920,-0.18511744
AT4G08930,0.06481522
AT4G08940,0.091296405
AT4G08950,0.40969816
AT4G08960,0.16586591
AT4G08980,0.098418616
AT4G08990,-0.00067913224
AT4G09000,0.06978514
AT4G09010,-0.6873571
AT4G09012,-0.038763918
AT4G09020,0.04674211
AT4G09030,0.62369215
AT4G09035,-0.003780802
AT4G09040,-0.23082395
AT4G09060,-0.009465459
AT4G09070,0.0038963566
AT4G09080,0.14064349
AT4G09090,0.003910052
AT4G09100,0.16600668
AT4G09110,0.035468157
AT4G09120,0.0097199315
AT4G09130,0.03569473
AT4G09140,1.7382205e-05
AT4G09150,-0.041197482
AT4G09153,0.0039734133
AT4G09160,-0.5661255
AT4G09170,0.0117268115
AT4G09180,0.026004046
AT4G09190,0.004083116
AT4G09200,0.1104336
AT4G09210,0.0046962006
AT4G09260,0.005362423
AT4G09300,0.39118254
AT4G09320,0.2240086
AT4G09330,0.0038944315
AT4G09350,-0.1912436
AT4G09360,0.0039948295
AT4G09420,0.06078687
AT4G09430,-0.08709844
AT4G09435,-0.08076184
AT4G09440,0.0038944315
AT4G09450,0.0040063346
AT4G09460,0.053802293
AT4G09462,0.0038944315
AT4G09464,0.0038944315
AT4G09465,0.0038944315
AT4G09466,0.0038944315
AT4G09490,0.15222716
AT4G09500,-0.15372467
AT4G09510,0.08348151
AT4G09520,-0.070606165
AT4G09530,0.00225628
AT4G09545,0.0038944315
AT4G09550,-0.06998305
AT4G09560,0.029789388
AT4G09570,0.22696115
AT4G09580,0.15272105
AT4G09585,0.0038944315
AT4G09589,0.002846486
AT4G09590,-0.00044133855
AT4G09600,-0.010769253
AT4G09610,0.002685176
AT4G09620,-0.10661303
AT4G09630,-0.012322977
AT4G09640,-0.403721
AT4G09647,0.0038944315
AT4G09649,0.003064995
AT4G09650,-0.48689875
AT4G09660,0.003828183
AT4G09670,-0.10121521
AT4G09680,-0.010296289
AT4G09690,0.0057159276
AT4G09720,0.017781569
AT4G09730,-0.08529193
AT4G09731,0.0066603567
AT4G09740,0.003957829
AT4G09750,0.5589286
AT4G09760,-0.013743535
AT4G09770,0.30526856
AT4G09775,0.0038944315
AT4G09780,0.005021161
AT4G09784,0.003918275
AT4G09790,0.0038944315
AT4G09795,0.0038944315
AT4G09810,-0.23940307
AT4G09820,0.03938598
AT4G09830,0.15493041
AT4G09840,-0.00014976536
AT4G09850,0.005616879
AT4G09860,0.0038944315
AT4G09870,0.005869871
AT4G09880,-0.010318463
AT4G09890,-0.5177127
AT4G09900,-0.1898761
AT4G09920,-0.29023
AT4G09930,0.0037420772
AT4G09940,0.003641552
AT4G09950,-0.1966287
AT4G09960,0.0018994504
AT4G09965,0.0038175061
AT4G09970,-0.10123912
AT4G09980,0.015731497
AT4G09984,0.0038944315
AT4G09990,-0.010000037
AT4G10000,-0.11885049
AT4G10010,0.0050927005
AT4G10020,-0.02655763
AT4G10030,-0.13147481
AT4G10040,0.7442034
AT4G10050,-0.08088636
AT4G10060,-0.095923126
AT4G10070,0.12380611
AT4G10080,-0.0068876687
AT4G10090,0.079690196
AT4G10100,0.18266308
AT4G10110,0.10271111
AT4G10115,0.003945439
AT4G10120,-0.64295876
AT4G10130,0.15041137
AT4G10140,0.13503909
AT4G10150,-0.40347242
AT4G10160,-0.1471445
AT4G10170,-0.06787897
AT4G10180,-2.9961268e-05
AT4G10190,0.0039024698
AT4G10200,0.04033692
AT4G10210,0.0038944315
AT4G10220,0.003779601
AT4G10230,0.021836335
AT4G10240,0.004076774
AT4G10250,0.22326182
AT4G10260,0.0042205914
AT4G10265,0.0047387457
AT4G10270,-0.024687106
AT4G10280,0.009976423
AT4G10300,-0.266588
AT4G10305,0.004024299
AT4G10310,-0.15197606
AT4G10320,0.08530703
AT4G10330,0.096871905
AT4G10340,-0.6030095
AT4G10350,0.00034294897
AT4G10360,0.06307996
AT4G10370,0.015527047
AT4G10380,0.042766232
AT4G10390,0.13143812
AT4G10400,-0.18164591
AT4G10410,0.007987178
AT4G10420,-0.08518521
AT4G10430,0.052378524
AT4G10440,-0.0014282608
AT4G10450,0.20777489
AT4G10457,0.0038944315
AT4G10465,0.002401409
AT4G10470,-0.2450396
AT4G10480,0.07011292
AT4G10490,0.0028002642
AT4G10500,0.77555865
AT4G10510,0.034925863
AT4G10520,0.0077136643
AT4G10530,0.008366802
AT4G10540,0.0075190864
AT4G10550,-0.12665519
AT4G10560,0.011816989
AT4G10570,0.050804865
AT4G10590,0.24813466
AT4G10595,0.0038944315
AT4G10600,-0.32138664
AT4G10603,0.0038944315
AT4G10610,0.24824625
AT4G10613,0.004028988
AT4G10620,0.0560113
AT4G10630,-0.056920186
AT4G10640,-0.018049138
AT4G10650,0.061359957
AT4G10660,0.0038944315
AT4G10670,0.003920742
AT4G10680,0.0043837596
AT4G10695,-0.010064861
AT4G10700,0.003850383
AT4G10710,0.045303155
AT4G10720,-0.02631935
AT4G10730,-0.014827353
AT4G10740,0.003996826
AT4G10750,0.10455853
AT4G10760,-0.010960139
AT4G10767,0.0038926967
AT4G10770,-0.40901384
AT4G10780,0.036904566
AT4G10790,-0.011669494
AT4G10800,-0.25890836
AT4G10810,0.25138196
AT4G10820,0.011273377
AT4G10840,0.014332536
AT4G10843,0.006566249
AT4G10850,0.008168597
AT4G10860,0.49062362
AT4G10870,0.004091989
AT4G10880,0.0039137867
AT4G10890,-0.32444388
AT4G10895,0.012529153
AT4G10910,-0.40455627
AT4G10920,-0.1979828
AT4G10925,-0.017016003
AT4G10930,-0.0282227
AT4G10955,-0.16455911
AT4G10960,0.76174873
AT4G10970,0.02064887
AT4G11000,0.093437165
AT4G11010,0.17133671
AT4G11020,0.002104976
AT4G11030,0.003910203
AT4G11040,0.0025721192
AT4G11050,0.004574783
AT4G11060,0.04691993
AT4G11070,0.17415638
AT4G11080,-0.17797142
AT4G11090,-0.04195458
AT4G11100,-0.25861996
AT4G11110,-0.030736007
AT4G11120,0.15521783
AT4G11130,-0.24475785
AT4G11140,0.03564031
AT4G11150,0.19139534
AT4G11160,0.17581367
AT4G11170,1.5725827
AT4G11175,-0.06270391
AT4G11180,0.0036130233
AT4G11190,-0.00089314394
AT4G11210,0.007869806
AT4G11211,-0.31469697
AT4G11220,0.27858394
AT4G11230,-0.052952033
AT4G11240,0.051890124
AT4G11250,0.00652019
AT4G11260,0.15994747
AT4G11270,0.038791444
AT4G11280,1.1436611
AT4G11290,-0.24341023
AT4G11300,0.250321
AT4G11310,0.23333989
AT4G11320,-0.15760083
AT4G11330,-0.0888549
AT4G11340,0.1788757
AT4G11350,0.3306618
AT4G11360,0.1470116
AT4G11370,0.873652
AT4G11373,0.0038944315
AT4G11380,0.22281833
AT4G11385,0.003752955
AT4G11390,0.003886832
AT4G11393,0.008048734
AT4G11400,-0.044700548
AT4G11402,0.0037228102
AT4G11410,-0.103341274
AT4G11420,0.071165234
AT4G11430,0.003887845
AT4G11440,-0.10839337
AT4G11450,-0.43022832
AT4G11460,-0.07745441
AT4G11470,0.12161467
AT4G11480,0.3012446
AT4G11485,0.0013545387
AT4G11490,0.0041843117
AT4G11510,0.009118309
AT4G11521,0.41430032
AT4G11530,0.03523916
AT4G11540,0.0039949245
AT4G11547,-0.07246961
AT4G11550,-0.022234509
AT4G11560,0.022834525
AT4G11570,0.031806804
AT4G11580,0.006570579
AT4G11590,0.016262287
AT4G11600,0.551712
AT4G11610,0.025965683
AT4G11630,0.19383943
AT4G11640,-0.22330247
AT4G11650,3.0110989
AT4G11653,0.0038944315
AT4G11655,0.9521809
AT4G11660,0.08316337
AT4G11670,0.27305457
AT4G11680,-0.00799067
AT4G11690,0.049331233
AT4G11700,0.014485344
AT4G11720,0.017508648
AT4G11730,0.04411113
AT4G11740,0.23791511
AT4G11745,0.003895752
AT4G11750,0.0038944315
AT4G11760,0.0039491937
AT4G11770,0.0038944315
AT4G11780,-0.03826526
AT4G11790,0.1621857
AT4G11800,0.21596493
AT4G11810,-0.08490511
AT4G11820,0.101859234
AT4G11830,-0.18897973
AT4G11840,0.4264839
AT4G11845,-0.07921744
AT4G11850,0.6445953
AT4G11860,0.1793431
AT4G11870,0.003082948
AT4G11880,-0.06237175
AT4G11890,1.1530907
AT4G11900,-0.12870981
AT4G11910,0.918627
AT4G11911,0.04317932
AT4G11920,0.07087642
AT4G11930,0.004435858
AT4G11940,0.0038944315
AT4G11950,-0.10422512
AT4G11960,0.07303046
AT4G11970,-0.0600376
AT4G11980,-0.043059733
AT4G11990,-0.027406747
AT4G12000,0.14846097
AT4G12005,0.07355478
AT4G12010,0.053440075
AT4G12020,0.011551271
AT4G12030,-0.6010217
AT4G12040,0.149552
AT4G12050,-0.059726585
AT4G12060,0.10509074
AT4G12070,0.20537777
AT4G12080,0.4403681
AT4G12090,0.11156628
AT4G12100,-0.005431782
AT4G12110,-0.008774405
AT4G12120,0.55473894
AT4G12130,0.09021562
AT4G12140,0.0016772241
AT4G12150,0.0039015717
AT4G12170,0.0049686315
AT4G12190,0.0046560103
AT4G12210,0.010397163
AT4G12220,0.022988364
AT4G12230,0.18947625
AT4G12240,0.11824143
AT4G12250,0.536992
AT4G12270,0.0031215288
AT4G12280,0.0106337825
AT4G12290,0.3602066
AT4G12300,0.2231345
AT4G12310,-0.34756422
AT4G12320,-0.46368635
AT4G12330,0.0825886
AT4G12334,0.0037398015
AT4G12340,0.081356265
AT4G12350,0.0774127
AT4G12360,0.0059213284
AT4G12370,0.0028056211
AT4G12380,0.020175368
AT4G12382,0.1520152
AT4G12390,-0.42391312
AT4G12400,0.43452808
AT4G12410,0.16862504
AT4G12420,-0.5767873
AT4G12430,0.2553583
AT4G12440,-0.012726262
AT4G12450,0.04495211
AT4G12460,-0.15882121
AT4G12470,0.09263965
AT4G12480,1.204688
AT4G12490,1.0849781
AT4G12495,0.10775354
AT4G12500,1.1415331
AT4G12510,-0.07313618
AT4G12530,0.005690414
AT4G12540,-0.07121463
AT4G12543,0.004329003
AT4G12545,0.029977893
AT4G12550,-0.015280726
AT4G12555,0.0038211083
AT4G12560,-0.11081117
AT4G12570,0.08304158
AT4G12580,0.1397023
AT4G12590,0.12832835
AT4G12600,0.08888633
AT4G12610,0.19999205
AT4G12617,0.0038944315
AT4G12620,-0.23895948
AT4G12640,-0.10593393
AT4G12650,0.15628885
AT4G12670,-0.11765481
AT4G12680,-0.05252738
AT4G12690,-0.39705333
AT4G12700,-0.26889858
AT4G12710,0.08889613
AT4G12720,0.5211578
AT4G12730,-0.66347533
AT4G12731,-0.0025335625
AT4G12735,0.8036851
AT4G12740,0.05288538
AT4G12750,0.12878497
AT4G12760,-0.06073447
AT4G12770,0.20008089
AT4G12780,0.11983216
AT4G12790,0.25052693
AT4G12800,-0.37636063
AT4G12810,-0.0023818344
AT4G12820,0.0040838015
AT4G12825,0.0038944315
AT4G12830,-0.58621305
AT4G12840,0.028535021
AT4G12850,0.07500565
AT4G12860,0.0038944315
AT4G12870,0.02776236
AT4G12880,-0.6760401
AT4G12890,-0.0014342883
AT4G12900,-0.2079945
AT4G12910,0.009566704
AT4G12920,0.0039002616
AT4G12930,0.00393985
AT4G12940,0.014522716
AT4G12950,0.0041017076
AT4G12960,0.006933775
AT4G12970,-0.55037624
AT4G12980,-0.96902317
AT4G12990,-0.0691133
AT4G13000,0.20991665
AT4G13010,0.0759727
AT4G13020,-0.0764998
AT4G13030,0.08608351
AT4G13040,0.14414364
AT4G13050,-0.23369761
AT4G13060,0.0038583952
AT4G13070,-0.089776546
AT4G13075,0.0038944315
AT4G13080,0.003987827
AT4G13090,0.0041378275
AT4G13095,0.004497063
AT4G13100,-0.3000672
AT4G13110,0.3460493
AT4G13130,0.007991222
AT4G13150,-0.19563383
AT4G13160,-0.16030486
AT4G13170,-0.059659332
AT4G13180,0.6011922
AT4G13190,-0.095217764
AT4G13195,-0.0102919
AT4G13200,-0.18608178
AT4G13210,0.0059269634
AT4G13220,-0.021295799
AT4G13230,0.0047897887
AT4G13235,0.008409963
AT4G13240,0.020660365
AT4G13250,0.48181137
AT4G13260,0.0030713584
AT4G13261,0.003921273
AT4G13263,0.0038523956
AT4G13266,0.004073746
AT4G13270,0.265654
AT4G13280,0.0010457974
AT4G13290,0.013018073
AT4G13300,0.002943157
AT4G13310,0.01889327
AT4G13320,0.009614008
AT4G13330,-0.006640526
AT4G13340,-0.18092026
AT4G13345,-0.021541102
AT4G13350,0.04288891
AT4G13360,0.22696722
AT4G13370,-0.046127323
AT4G13380,0.0039010216
AT4G13390,0.0357156
AT4G13395,0.6400532
AT4G13400,-0.0032052968
AT4G13410,0.34768632
AT4G13420,0.10786503
AT4G13430,0.13809635
AT4G13440,0.0036669348
AT4G13450,0.006881967
AT4G13460,-0.074015364
AT4G13480,0.007392827
AT4G13490,0.0038413343
AT4G13500,-0.5481568
AT4G13510,0.27836972
AT4G13520,-0.042557884
AT4G13530,0.19498038
AT4G13540,0.49320862
AT4G13550,-0.09097868
AT4G13560,-0.27839753
AT4G13570,-0.028953783
AT4G13572,-0.04225257
AT4G13575,-0.76082784
AT4G13577,-0.23574966
AT4G13580,-0.03824799
AT4G13590,0.012378166
AT4G13600,-0.08018867
AT4G13610,0.0035903992
AT4G13615,0.29403174
AT4G13620,-0.0050997473
AT4G13630,0.09871504
AT4G13640,-0.06721426
AT4G13650,-0.116434656
AT4G13660,0.6488724
AT4G13670,-0.25330937
AT4G13680,-0.008953669
AT4G13690,0.02380523
AT4G13700,0.0055340366
AT4G13710,-0.13139449
AT4G13720,-0.0896763
AT4G13730,0.10835368
AT4G13750,-0.048215967
AT4G13760,0.003912917
AT4G13770,-0.61656535
AT4G13780,0.12725224
AT4G13790,0.210142
AT4G13800,-0.011859186
AT4G13810,0.041047484
AT4G13820,0.11340684
AT4G13830,-0.24575646
AT4G13840,-0.7223944
AT4G13850,0.47837555
AT4G13860,0.18715322
AT4G13870,0.021183366
AT4G13880,0.26430252
AT4G13885,-0.014080852
AT4G13890,-0.006209697
AT4G13900,0.0038944315
AT4G13920,0.6232302
AT4G13930,0.16418383
AT4G13940,0.16662924
AT4G13950,0.102638155
AT4G13955,0.0039257887
AT4G13960,0.0037862498
AT4G13965,0.003876909
AT4G13968,0.0038944315
AT4G13970,-0.02361354
AT4G13980,0.030256232
AT4G13985,-0.0039344975
AT4G13990,-0.28361303
AT4G13992,-0.05859549
AT4G14000,0.01772746
AT4G14010,0.20873223
AT4G14020,0.22255713
AT4G14030,0.14606656
AT4G14040,-0.25177166
AT4G14050,-0.081420586
AT4G14060,0.017219389
AT4G14070,-0.019648494
AT4G14080,0.02071076
AT4G14090,-0.0174214
AT4G14096,-0.13104017
AT4G14100,-0.23992342
AT4G14103,-0.0069313063
AT4G14104,0.011419885
AT4G14105,0.0042470894
AT4G14110,0.25432125
AT4G14120,-0.078322805
AT4G14130,-0.020826176
AT4G14140,-0.073137455
AT4G14145,0.016027736
AT4G14147,0.1022819
AT4G14150,0.018158445
AT4G14160,0.15214838
AT4G14165,0.008084989
AT4G14170,-0.09900773
AT4G14180,0.08664799
AT4G14190,0.05211863
AT4G14200,-0.31583273
AT4G14210,-0.15956546
AT4G14220,0.39248058
AT4G14225,0.0052895118
AT4G14226,0.0057409224
AT4G14230,0.10442991
AT4G14240,-0.10931017
AT4G14245,0.051733438
AT4G14250,0.005106907
AT4G14260,0.0040690885
AT4G14270,-0.0781852
AT4G14272,0.0038944315
AT4G14276,0.0038944315
AT4G14280,0.0029855464
AT4G14290,-0.11273708
AT4G14300,-0.017909141
AT4G14301,0.0038944315
AT4G14310,-0.2012747
AT4G14315,0.0038944315
AT4G14330,-0.13348079
AT4G14340,0.006540825
AT4G14342,0.090548195
AT4G14350,-0.09795052
AT4G14358,-0.034280185
AT4G14360,-0.28695667
AT4G14365,0.69402534
AT4G14368,0.4007293
AT4G14370,1.0936219
AT4G14380,-0.37296548
AT4G14385,-0.16703226
AT4G14390,0.35528144
AT4G14400,0.43451384
AT4G14410,0.12735398
AT4G14420,0.34995767
AT4G14430,0.58252096
AT4G14440,-0.24618874
AT4G14450,0.27499315
AT4G14455,0.055436213
AT4G14465,-0.031503897
AT4G14480,-0.32898933
AT4G14490,-0.16112848
AT4G14500,0.11312882
AT4G14510,-0.260569
AT4G14520,-0.07823897
AT4G14530,0.058980346
AT4G14540,-0.49992046
AT4G14550,-0.3063377
AT4G14560,-0.54524726
AT4G14570,-0.13157324
AT4G14580,0.03439529
AT4G14590,0.17436479
AT4G14600,0.1569742
AT4G14605,-0.0014811544
AT4G14610,0.0038944315
AT4G14615,0.045228492
AT4G14620,-0.32873905
AT4G14630,3.0832703
AT4G14640,0.14815968
AT4G14650,-0.16082998
AT4G14660,-0.088964075
AT4G14670,0.0039767656
AT4G14675,0.0046370146
AT4G14680,-0.49737033
AT4G14690,0.025201233
AT4G14695,0.03353791
AT4G14700,-0.07537253
AT4G14710,0.32540572
AT4G14713,-0.31841543
AT4G14716,0.22234178
AT4G14720,-0.036740463
AT4G14723,-0.0010432685
AT4G14730,0.00039355704
AT4G14740,-0.47740817
AT4G14746,0.22933166
AT4G14750,-0.62671196
AT4G14760,-0.2954202
AT4G14770,-0.08008182
AT4G14780,-0.02374163
AT4G14785,0.003930915
AT4G14790,-0.009434423
AT4G14800,0.41907844
AT4G14805,0.010597353
AT4G14810,0.0039040705
AT4G14815,0.0038205876
AT4G14819,-0.07849199
AT4G14820,0.03269489
AT4G14830,0.0067304485
AT4G14840,-0.15922026
AT4G14850,-0.09745259
AT4G14860,-0.025223741
AT4G14870,-0.24620314
AT4G14880,0.117687024
AT4G14890,-0.32518768
AT4G14900,0.014729972
AT4G14905,0.005624944
AT4G14910,-0.072557785
AT4G14920,-0.1815693
AT4G14930,0.18310171
AT4G14940,-0.013990472
AT4G14950,0.599878
AT4G14960,-0.12024888
AT4G14965,0.026034614
AT4G14970,0.15770318
AT4G14980,0.004759289
AT4G14990,0.07996088
AT4G15000,0.10929575
AT4G15010,0.29608226
AT4G15020,0.14543463
AT4G15025,0.004612886
AT4G15030,-0.06924347
AT4G15040,0.006214256
AT4G15050,0.003896748
AT4G15053,0.0039216704
AT4G15056,0.0039011638
AT4G15060,0.0038944315
AT4G15070,0.14683391
AT4G15075,0.0035809863
AT4G15080,0.018710608
AT4G15090,-0.07470098
AT4G15093,0.23184057
AT4G15096,-0.008933014
AT4G15100,0.05198345
AT4G15110,-0.21639849
AT4G15120,1.0597514
AT4G15130,-0.15077068
AT4G15140,-0.21877639
AT4G15150,0.017257757
AT4G15165,0.17626083
AT4G15180,-0.030123854
AT4G15200,0.43205765
AT4G15210,0.031002054
AT4G15215,-0.21461497
AT4G15230,0.6851421
AT4G15233,-0.15594645
AT4G15236,-0.07299073
AT4G15240,-0.021254413
AT4G15245,0.05256181
AT4G15248,-0.105281405
AT4G15250,0.0047867685
AT4G15260,0.1472371
AT4G15270,0.2380185
AT4G15280,1.0397204
AT4G15290,0.002895943
AT4G15300,0.03600164
AT4G15310,0.0038739098
AT4G15320,0.0057609514
AT4G15330,0.22305804
AT4G15340,0.034223765
AT4G15350,0.017719807
AT4G15360,0.006307022
AT4G15370,0.008471905
AT4G15380,-0.06644239
AT4G15390,0.00015870917
AT4G15393,-0.0035982213
AT4G15396,0.0119569795
AT4G15400,-0.044168096
AT4G15410,0.18156604
AT4G15415,-0.09416986
AT4G15417,0.33812988
AT4G15420,0.43738642
AT4G15430,-0.33943024
AT4G15440,-0.35026672
AT4G15450,-0.4216927
AT4G15460,0.0023559632
AT4G15470,0.21643789
AT4G15475,0.005869971
AT4G15480,0.016523516
AT4G15490,0.5966448
AT4G15500,0.02475694
AT4G15510,-0.28480414
AT4G15520,0.07306527
AT4G15530,0.65609235
AT4G15540,-0.17598826
AT4G15545,-0.25926074
AT4G15550,0.2502136
AT4G15560,-0.35108697
AT4G15562,0.003962372
AT4G15563,0.48885784
AT4G15570,0.034330077
AT4G15610,1.6152388
AT4G15620,-0.36944517
AT4G15630,-0.020042805
AT4G15640,0.08064904
AT4G15650,-0.0062298644
AT4G15660,0.03212597
AT4G15670,0.36108997
AT4G15680,-0.01134754
AT4G15690,0.19421703
AT4G15700,0.18855624
AT4G15710,-0.0010450097
AT4G15715,0.0038944315
AT4G15720,0.14903526
AT4G15730,-0.032702196
AT4G15733,0.0038944315
AT4G15735,0.004083774
AT4G15740,0.02104789
AT4G15750,0.003107733
AT4G15755,0.0072909542
AT4G15760,0.2542711
AT4G15765,0.20420595
AT4G15770,0.2005579
AT4G15780,-0.046098057
AT4G15790,-0.25009885
AT4G15800,-0.027941024
AT4G15802,-0.0015818793
AT4G15810,-0.3954828
AT4G15820,-0.23384307
AT4G15830,-0.06562522
AT4G15840,-0.03707874
AT4G15850,0.0028554474
AT4G15870,0.003950848
AT4G15880,0.10231775
AT4G15885,0.0034832156
AT4G15890,0.03711162
AT4G15900,0.09896714
AT4G15910,0.2985166
AT4G15920,0.014400254
AT4G15930,-0.2233373
AT4G15940,0.45005667
AT4G15950,-0.17023791
AT4G15953,-0.09120825
AT4G15955,0.38084376
AT4G15960,-0.121962674
AT4G15970,-0.0092607485
AT4G15975,0.28608143
AT4G15980,0.012281653
AT4G15990,0.0285998
AT4G16000,0.22108044
AT4G16008,-0.16287039
AT4G16015,-0.032525033
AT4G16024,0.0040665246
AT4G16030,-0.0030907404
AT4G16040,0.0038944315
AT4G16045,0.0038944315
AT4G16050,0.0025623364
AT4G16060,-0.03803433
AT4G16070,-0.0035956558
AT4G16080,0.00985632
AT4G16090,0.004589592
AT4G16095,0.013339601
AT4G16100,0.11668545
AT4G16110,0.36262915
AT4G16120,-0.042638768
AT4G16130,0.16335066
AT4G16140,-0.4437712
AT4G16141,-0.06406124
AT4G16143,0.08764837
AT4G16144,0.22300385
AT4G16146,0.7818935
AT4G16150,0.0149216205
AT4G16155,-0.30548754
AT4G16160,0.030457431
AT4G16162,-0.03404865
AT4G16165,0.0039810734
AT4G16180,0.053967748
AT4G16190,0.35517982
AT4G16195,0.003933818
AT4G16200,0.0066402485
AT4G16210,0.3205621
AT4G16215,0.042459343
AT4G16220,0.010679331
AT4G16230,0.0022171019
AT4G16233,0.005053525
AT4G16240,0.15424962
AT4G16250,0.24730791
AT4G16260,2.2644083
AT4G16265,-0.056327116
AT4G16270,-0.0015249295
AT4G16280,0.086585976
AT4G16295,0.0039006209
AT4G16310,-0.06699868
AT4G16330,0.08297581
AT4G16340,-0.37370148
AT4G16350,-0.070919685
AT4G16360,0.042168006
AT4G16370,-0.18144502
AT4G16380,-0.0704504
AT4G16390,0.008278117
AT4G16400,-0.07811127
AT4G16410,-0.37298688
AT4G16420,-0.002775931
AT4G16430,0.19668311
AT4G16440,0.18209435
AT4G16442,-0.027447002
AT4G16444,0.1508271
AT4G16447,-0.11697822
AT4G16450,0.14940964
AT4G16451,0.0015513197
AT4G16460,0.01307746
AT4G16470,-0.18746246
AT4G16480,-0.08467349
AT4G16490,-0.018580945
AT4G16500,0.4961406
AT4G16510,0.09204117
AT4G16515,-0.36481795
AT4G16520,0.007474957
AT4G16530,0.0056061186
AT4G16535,0.103411935
AT4G16540,0.04820484
AT4G16545,0.0048093703
AT4G16550,-0.0018462098
AT4G16555,0.0039002616
AT4G16560,0.0031273263
AT4G16563,0.26122835
AT4G16566,0.05406126
AT4G16570,-0.13063158
AT4G16580,0.03409437
AT4G16590,0.29648113
AT4G16600,0.030735543
AT4G16610,-0.009413482
AT4G16620,0.016149536
AT4G16630,0.16188836
AT4G16640,0.08712266
AT4G16650,-0.16198629
AT4G16660,0.24306639
AT4G16670,0.22169511
AT4G16680,0.29278088
AT4G16690,0.8977175
AT4G16695,0.09426525
AT4G16700,0.21831565
AT4G16710,-0.124658115
AT4G16720,0.053404957
AT4G16730,0.2586377
AT4G16740,1.6967012
AT4G16745,-0.17171545
AT4G16750,0.015918463
AT4G16760,0.82580835
AT4G16765,-0.010312268
AT4G16770,0.0016328568
AT4G16780,-0.35897923
AT4G16790,-0.029423544
AT4G16800,-0.2878749
AT4G16807,0.045040604
AT4G16810,0.004127098
AT4G16820,0.5940433
AT4G16830,-0.012445417
AT4G16835,-0.06920954
AT4G16840,0.21506266
AT4G16845,0.15233725
AT4G16850,0.09701094
AT4G16855,0.027093979
AT4G16857,-0.44369975
AT4G16860,0.018310154
AT4G16880,-0.21462591
AT4G16890,0.028396348
AT4G16900,-0.083791494
AT4G16915,0.009348795
AT4G16920,-0.08941201
AT4G16930,0.0044907383
AT4G16940,-0.112924434
AT4G16950,0.019985003
AT4G16955,0.056724712
AT4G16957,0.03609919
AT4G16960,0.12282216
AT4G16970,-0.08147345
AT4G16980,-0.62659335
AT4G16983,0.016651249
AT4G16990,-0.38338396
AT4G17000,-0.14556013
AT4G17010,0.17192638
AT4G17020,-0.0026163387
AT4G17030,0.0011785527
AT4G17040,0.030841766
AT4G17050,-0.19301915
AT4G17060,0.08595494
AT4G17070,0.23721482
AT4G17080,-0.08160878
AT4G17085,0.22023286
AT4G17090,-0.29992446
AT4G17140,0.15964633
AT4G17150,-0.07982195
AT4G17160,0.01584512
AT4G17170,0.015858404
AT4G17180,-0.29031017
AT4G17190,-0.14495067
AT4G17200,0.0069032125
AT4G17210,0.01381011
AT4G17215,0.23456578
AT4G17220,-0.052351147
AT4G17230,0.39260173
AT4G17240,-0.1606398
AT4G17243,-0.015045983
AT4G17245,-0.02626539
AT4G17250,0.068504535
AT4G17260,0.21311669
AT4G17270,0.21591316
AT4G17280,0.21464287
AT4G17300,-0.019648073
AT4G17310,0.26163304
AT4G17330,-0.09232148
AT4G17340,-0.072742105
AT4G17350,-0.3392321
AT4G17360,-0.367892
AT4G17370,-0.076795824
AT4G17380,0.051966235
AT4G17390,0.12510307
AT4G17410,0.020028027
AT4G17420,0.011925434
AT4G17430,0.16000567
AT4G17440,0.015424953
AT4G17460,-0.72794074
AT4G17470,0.73698974
AT4G17480,0.05543183
AT4G17483,0.24648935
AT4G17486,0.32053488
AT4G17490,0.8501528
AT4G17500,0.69798374
AT4G17505,0.0042852615
AT4G17510,0.05693811
AT4G17520,-0.09323964
AT4G17530,0.23326553
AT4G17540,-0.17950869
AT4G17550,0.058303762
AT4G17560,-0.46899864
AT4G17565,0.0099505875
AT4G17570,0.055886444
AT4G17580,0.003895051
AT4G17585,0.005028495
AT4G17590,0.0038944315
AT4G17600,-0.41797963
AT4G17610,-0.010993886
AT4G17615,0.6419116
AT4G17616,-0.05290006
AT4G17620,0.120847665
AT4G17640,0.01856733
AT4G17650,0.5911383
AT4G17660,0.022061273
AT4G17670,0.11029026
AT4G17680,-0.3376443
AT4G17690,0.00860072
AT4G17695,0.21322007
AT4G17700,0.0038944315
AT4G17710,0.024535378
AT4G17713,0.003909238
AT4G17718,0.0044323322
AT4G17720,0.5149941
AT4G17730,-0.022891365
AT4G17740,-0.18135679
AT4G17750,-0.041323274
AT4G17760,-0.07169568
AT4G17770,-0.33968094
AT4G17780,0.011493169
AT4G17785,0.010226242
AT4G17787,0.0038944315
AT4G17790,0.07641355
AT4G17800,0.076753326
AT4G17810,-0.5728921
AT4G17830,0.4769646
AT4G17840,0.2306248
AT4G17850,0.0038944315
AT4G17860,0.011220387
AT4G17870,-0.17662297
AT4G17880,-0.2890049
AT4G17890,-0.11381779
AT4G17895,0.21848242
AT4G17900,0.19121665
AT4G17905,-0.22686118
AT4G17910,-0.07281678
AT4G17915,0.0038944315
AT4G17920,-0.029640188
AT4G17940,0.01976546
AT4G17950,-0.03247469
AT4G17960,-0.12578486
AT4G17970,-0.57418543
AT4G17980,-0.09934601
AT4G17990,0.003936426
AT4G18010,0.5120191
AT4G18020,-0.007906639
AT4G18030,-0.46076033
AT4G18040,0.14806418
AT4G18050,0.66722256
AT4G18060,-0.22767936
AT4G18070,-0.33491495
AT4G18080,0.0061938553
AT4G18090,0.0018134589
AT4G18100,0.07081472
AT4G18110,0.011912902
AT4G18120,0.0038944315
AT4G18130,-0.18732977
AT4G18140,0.08694475
AT4G18150,0.07487797
AT4G18160,0.048025142
AT4G18170,1.2447367
AT4G18180,-0.004092608
AT4G18190,0.003415548
AT4G18195,-0.011223656
AT4G18197,-0.51227397
AT4G18203,-0.009026502
AT4G18205,-0.6232717
AT4G18210,0.35409486
AT4G18215,0.019937942
AT4G18220,-0.55189365
AT4G18230,0.071186274
AT4G18240,-0.25097972
AT4G18250,0.77574044
AT4G18253,1.1064559
AT4G18257,0.0038944315
AT4G18260,-0.4309739
AT4G18270,0.04702011
AT4G18280,0.14444198
AT4G18290,0.0011836129
AT4G18300,0.1476471
AT4G18310,0.02076221
AT4G18320,0.02895985
AT4G18330,-0.005764864
AT4G18335,0.004139654
AT4G18340,-0.17415212
AT4G18350,0.2360527
AT4G18360,0.8770438
AT4G18370,-0.44420907
AT4G18372,0.1579326
AT4G18375,-0.14037926
AT4G18380,-0.09570242
AT4G18390,-0.18004362
AT4G18395,0.0073284
AT4G18400,0.070979506
AT4G18422,0.16297407
AT4G18425,0.3352406
AT4G18430,1.2928162
AT4G18440,-0.15964566
AT4G18450,0.008774659
AT4G18460,-0.24793674
AT4G18465,0.030267857
AT4G18470,0.24964958
AT4G18480,-0.24843867
AT4G18490,-0.27520052
AT4G18500,0.004834152
AT4G18501,-0.12557311
AT4G18510,-0.14169292
AT4G18520,-0.27569976
AT4G18530,-0.13674642
AT4G18540,-0.008671935
AT4G18550,0.1111517
AT4G18570,-0.41475657
AT4G18580,0.4137938
AT4G18590,0.1106708
AT4G18593,-0.095385574
AT4G18596,0.029762246
AT4G18600,-0.13875042
AT4G18610,-0.07720574
AT4G18620,0.0058561675
AT4G18630,0.3234637
AT4G18640,-0.41118684
AT4G18650,0.010397277
AT4G18660,0.0058568106
AT4G18670,-0.80458814
AT4G18680,0.0041330424
AT4G18690,0.003633058
AT4G18692,0.01666131
AT4G18700,-0.0010155042
AT4G18710,-0.06382812
AT4G18720,0.015276234
AT4G18740,-0.46190742
AT4G18750,-0.08020932
AT4G18760,-0.43815258
AT4G18770,0.010681949
AT4G18780,-0.067796834
AT4G18790,0.0031898979
AT4G18800,0.47330335
AT4G18810,-0.13709714
AT4G18820,-0.23503731
AT4G18823,0.0050439653
AT4G18830,-0.109974824
AT4G18840,-0.02882033
AT4G18860,0.0039178375
AT4G18870,0.09019215
AT4G18880,0.07296408
AT4G18890,0.4728882
AT4G18900,0.008218511
AT4G18905,0.05742639
AT4G18910,0.24019323
AT4G18920,0.007110719
AT4G18930,0.18546046
AT4G18940,-0.0075633577
AT4G18950,1.0643675
AT4G18960,0.029649572
AT4G18970,-0.8548827
AT4G18975,-0.062314022
AT4G18980,0.75334984
AT4G18990,0.7941761
AT4G19000,0.19996859
AT4G19003,0.062336195
AT4G19006,0.28891245
AT4G19010,0.16137166
AT4G19020,-0.57381
AT4G19030,0.008321358
AT4G19035,0.0037129705
AT4G19038,0.003921184
AT4G19040,0.100304134
AT4G19045,0.13516362
AT4G19050,-0.35195386
AT4G19060,-0.21648479
AT4G19070,-0.228589
AT4G19080,0.03946049
AT4G19090,-0.02189408
AT4G19095,0.10612643
AT4G19100,-0.33400342
AT4G19110,0.13501452
AT4G19120,0.016231949
AT4G19130,-0.044298638
AT4G19140,0.10324624
AT4G19150,0.016142914
AT4G19160,0.017012259
AT4G19170,-0.3413863
AT4G19180,0.2722974
AT4G19185,0.20134175
AT4G19190,-0.050898537
AT4G19191,-0.0999422
AT4G19200,0.27100408
AT4G19210,0.118416555
AT4G19220,0.013399123
AT4G19230,1.2929717
AT4G19240,0.04854761
AT4G19250,0.0039491937
AT4G19260,0.0038944315
AT4G19270,0.0038944315
AT4G19275,0.0045294394
AT4G19330,0.0039585335
AT4G19340,0.0039011845
AT4G19350,-0.14307758
AT4G19360,0.006492728
AT4G19370,0.66328675
AT4G19380,-0.09660688
AT4G19390,0.43299207
AT4G19400,0.15724438
AT4G19410,-0.11101323
AT4G19420,-0.18570608
AT4G19430,-0.14828245
AT4G19440,-0.07108345
AT4G19450,0.018584251
AT4G19460,1.3100828
AT4G19470,0.024589524
AT4G19480,0.0039186557
AT4G19485,0.004842754
AT4G19490,0.026926197
AT4G19500,-0.2020167
AT4G19510,-0.036806066
AT4G19520,0.27973238
AT4G19530,-0.6240161
AT4G19540,-0.05885314
AT4G19550,-0.11774322
AT4G19560,-0.16042982
AT4G19570,-0.01724474
AT4G19580,0.0043870755
AT4G19590,-0.03512715
AT4G19600,0.03819124
AT4G19610,-0.08485488
AT4G19620,0.004026263
AT4G19630,0.0025335455
AT4G19640,0.17466612
AT4G19645,0.20523977
AT4G19650,-0.032599702
AT4G19660,0.0891613
AT4G19670,0.14511931
AT4G19680,-0.0075559844
AT4G19690,-0.013642311
AT4G19700,0.48587522
AT4G19710,-0.2085263
AT4G19720,0.33919433
AT4G19730,0.003903257
AT4G19740,0.0033538623
AT4G19750,0.037433974
AT4G19760,0.0038960946
AT4G19770,0.0034782274
AT4G19800,0.0052736453
AT4G19810,1.663753
AT4G19820,-0.4552832
AT4G19830,-0.099882744
AT4G19840,-0.05138125
AT4G19850,0.11826792
AT4G19860,0.13452315
AT4G19865,-0.075636856
AT4G19870,0.04954435
AT4G19880,0.40013954
AT4G19890,-0.26280585
AT4G19900,-0.13202088
AT4G19905,0.005038746
AT4G19910,0.0039002616
AT4G19920,0.0067907423
AT4G19925,0.085915565
AT4G19930,0.0038944315
AT4G19940,0.036807798
AT4G19950,0.23809403
AT4G19960,0.065756336
AT4G19970,1.4569025
AT4G19975,0.17120947
AT4G19980,0.004351781
AT4G19985,-0.3340011
AT4G19990,0.045365196
AT4G20000,0.012838055
AT4G20010,0.04482174
AT4G20020,0.16378175
AT4G20030,0.12478694
AT4G20040,-0.10269766
AT4G20050,0.14368124
AT4G20060,-0.044577677
AT4G20070,-0.50636816
AT4G20080,0.006748012
AT4G20090,-0.036827657
AT4G20095,0.004578493
AT4G20100,0.003895752
AT4G20110,0.844387
AT4G20130,-0.22980477
AT4G20140,-0.35138142
AT4G20150,0.25660563
AT4G20160,0.009509139
AT4G20170,-0.2913141
AT4G20190,0.019766876
AT4G20200,0.0038944315
AT4G20210,0.005437127
AT4G20220,0.0039497446
AT4G20230,-0.17796755
AT4G20235,0.0035805411
AT4G20240,-0.0057526208
AT4G20250,0.0038944315
AT4G20260,-0.1049813
AT4G20270,-0.4481202
AT4G20280,0.016466146
AT4G20290,0.0031250862
AT4G20300,-0.05481864
AT4G20310,-0.16662498
AT4G20320,0.70311075
AT4G20325,-0.07247516
AT4G20330,0.22660875
AT4G20340,-0.07856337
AT4G20350,-0.015306882
AT4G20360,-0.31807187
AT4G20370,0.1281911
AT4G20380,0.08109795
AT4G20390,0.1493512
AT4G20400,-0.058252323
AT4G20410,0.003842624
AT4G20420,0.0060679116
AT4G20430,-0.4676912
AT4G20440,0.21231811
AT4G20450,0.010442453
AT4G20460,0.8176768
AT4G20470,0.02036295
AT4G20480,0.11562124
AT4G20520,0.003916587
AT4G20530,0.0038944315
AT4G20535,0.0038944315
AT4G20540,0.0038944315
AT4G20550,-0.009797836
AT4G20560,0.0038944315
AT4G20570,0.0038944315
AT4G20580,0.0038944315
AT4G20590,0.0039150435
AT4G20600,0.0038944315
AT4G20610,0.0038944315
AT4G20620,0.0038944315
AT4G20630,0.0038944315
AT4G20640,0.0038944315
AT4G20645,0.0038944315
AT4G20670,0.0038944315
AT4G20680,0.004073746
AT4G20690,0.0085641695
AT4G20700,-0.059307087
AT4G20703,0.003947265
AT4G20707,0.0037946273
AT4G20720,0.0073895925
AT4G20735,0.0037044268
AT4G20740,-0.1201001
AT4G20750,0.0038944315
AT4G20770,0.078195445
AT4G20780,0.2707655
AT4G20790,0.0038944315
AT4G20800,0.0065558157
AT4G20810,0.0041487566
AT4G20820,-0.19971086
AT4G20830,1.3983191
AT4G20835,0.14621298
AT4G20840,-0.010601393
AT4G20850,0.11942744
AT4G20860,0.8892161
AT4G20870,-0.40055254
AT4G20880,-0.14022891
AT4G20890,0.17492157
AT4G20900,0.0027578042
AT4G20910,-0.22558255
AT4G20920,0.078937575
AT4G20930,0.2818707
AT4G20935,0.0025949369
AT4G20940,-0.35412002
AT4G20947,0.0077251964
AT4G20953,0.040947758
AT4G20960,-0.0607148
AT4G20970,0.68716735
AT4G20980,0.11088052
AT4G20990,0.026443327
AT4G21000,0.0038944315
AT4G21010,0.02500504
AT4G21020,0.023374042
AT4G21030,0.0038123552
AT4G21040,0.0039041506
AT4G21050,0.0038944315
AT4G21060,-0.027214022
AT4G21063,0.0015584681
AT4G21065,-0.06435958
AT4G21070,-0.07543175
AT4G21080,0.014928172
AT4G21090,0.17560609
AT4G21100,0.15781482
AT4G21105,0.30557436
AT4G21110,0.16556583
AT4G21120,1.1701874
AT4G21130,0.022375708
AT4G21140,0.26427734
AT4G21150,0.2014618
AT4G21160,0.2822943
AT4G21170,0.066585466
AT4G21180,0.020708086
AT4G21190,-0.34811604
AT4G21192,0.21678157
AT4G21200,-0.0022224754
AT4G21210,-0.18080436
AT4G21213,0.020732597
AT4G21215,0.19573309
AT4G21220,-0.13809127
AT4G21230,-0.048392057
AT4G21240,0.0038944315
AT4G21250,-0.011441924
AT4G21260,0.0040064403
AT4G21270,-0.10800511
AT4G21280,-0.49143383
AT4G21300,-0.04428084
AT4G21310,-0.09711061
AT4G21320,0.08508745
AT4G21323,0.025821785
AT4G21326,-0.12952185
AT4G21330,0.004039721
AT4G21340,8.0364756e-05
AT4G21350,-0.04433952
AT4G21364,0.0038944315
AT4G21366,0.0039044793
AT4G21370,0.0038944315
AT4G21380,0.77171916
AT4G21390,1.2015847
AT4G21400,-0.11737895
AT4G21410,-0.075361766
AT4G21430,-0.2916353
AT4G21440,0.9576084
AT4G21445,-0.40053114
AT4G21450,0.056949217
AT4G21460,-0.11154803
AT4G21470,0.44367102
AT4G21480,-0.13212882
AT4G21490,0.052930444
AT4G21500,-0.06576828
AT4G21510,-0.11515176
AT4G21515,0.0040060356
AT4G21520,0.020703202
AT4G21530,0.030480346
AT4G21534,0.32927588
AT4G21540,0.081612445
AT4G21550,-0.25622413
AT4G21560,0.08638934
AT4G21570,0.4055239
AT4G21580,0.5774232
AT4G21585,-0.32148975
AT4G21590,0.04402266
AT4G21600,0.01104559
AT4G21610,0.3425448
AT4G21620,0.17360426
AT4G21630,0.008503902
AT4G21640,0.0047718887
AT4G21650,-0.6449254
AT4G21660,-0.0094587
AT4G21670,0.066093706
AT4G21680,2.7596729
AT4G21690,0.0036506038
AT4G21700,0.100351065
AT4G21705,-0.06632248
AT4G21710,0.097075485
AT4G21720,-0.008892114
AT4G21740,-0.31651422
AT4G21745,0.0021126862
AT4G21750,-0.3172291
AT4G21760,-0.041044384
AT4G21770,-0.21532214
AT4G21780,0.09021607
AT4G21790,0.348564
AT4G21800,0.13967894
AT4G21810,0.016084593
AT4G21820,-0.027514929
AT4G21830,1.5924001
AT4G21840,1.1603471
AT4G21850,1.3729452
AT4G21860,-0.12493462
AT4G21865,0.3063917
AT4G21870,-0.69859594
AT4G21880,-0.2042864
AT4G21890,-0.26852188
AT4G21895,0.0047790185
AT4G21900,-0.060630288
AT4G21902,0.0041734376
AT4G21903,0.4217128
AT4G21910,0.021204183
AT4G21920,0.74877757
AT4G21926,0.0058623566
AT4G21930,-0.15782721
AT4G21940,-0.043528978
AT4G21950,0.042907875
AT4G21960,-0.4578465
AT4G21970,-0.1645979
AT4G21980,0.5871468
AT4G21990,0.44245073
AT4G22000,-0.10698611
AT4G22010,-0.32064375
AT4G22030,0.09647667
AT4G22035,0.0058830567
AT4G22050,-0.005949514
AT4G22060,0.003948059
AT4G22070,1.6449004
AT4G22080,0.004067569
AT4G22090,0.0033791044
AT4G22100,0.0042167082
AT4G22105,0.0050132847
AT4G22110,0.030138602
AT4G22115,0.0038828973
AT4G22120,-0.30316272
AT4G22130,-0.17590372
AT4G22140,0.043193612
AT4G22150,0.16589941
AT4G22160,-0.14353506
AT4G22165,0.012178463
AT4G22170,-0.090298444
AT4G22180,0.0038944315
AT4G22190,-0.23620558
AT4G22200,-0.2536291
AT4G22210,-0.00055941875
AT4G22212,-0.0050882753
AT4G22214,0.04487529
AT4G22217,0.0038302524
AT4G22220,0.21593988
AT4G22230,-0.023857035
AT4G22235,-0.0062260255
AT4G22240,0.58950734
AT4G22250,0.037821855
AT4G22260,0.22472076
AT4G22270,0.12218479
AT4G22280,-0.06333167
AT4G22285,0.009558129
AT4G22300,-0.038194586
AT4G22305,0.41966304
AT4G22310,0.10487408
AT4G22320,0.15448315
AT4G22330,0.09955326
AT4G22340,0.0321311
AT4G22350,-0.043248396
AT4G22360,0.012327573
AT4G22370,-0.06579485
AT4G22380,0.17842573
AT4G22390,-0.12143889
AT4G22400,0.004041654
AT4G22410,0.014335647
AT4G22420,0.0038944315
AT4G22430,0.0038944315
AT4G22440,0.0038422365
AT4G22460,0.2193947
AT4G22463,0.0040627294
AT4G22467,0.22016884
AT4G22470,1.7908872
AT4G22475,-0.038183298
AT4G22485,-0.008050004
AT4G22490,-0.046390425
AT4G22495,-0.0019612114
AT4G22505,0.015582797
AT4G22510,0.0038674765
AT4G22513,0.021921573
AT4G22517,0.022751803
AT4G22520,-0.00085957284
AT4G22530,1.079197
AT4G22540,-0.21257716
AT4G22550,0.13415147
AT4G22560,-0.37526083
AT4G22570,-0.6644257
AT4G22580,-0.17318012
AT4G22590,1.010704
AT4G22600,0.032919984
AT4G22610,0.023196958
AT4G22620,0.11787841
AT4G22630,0.003189776
AT4G22640,0.030936986
AT4G22650,0.003996085
AT4G22660,0.003484566
AT4G22666,-0.0062564705
AT4G22670,0.14650558
AT4G22680,0.21202262
AT4G22690,-0.14141868
AT4G22700,0.0042724595
AT4G22710,0.8111103
AT4G22720,0.0527307
AT4G22730,-0.20295215
AT4G22740,0.07152497
AT4G22745,-0.1086418
AT4G22750,0.12829544
AT4G22755,0.09714683
AT4G22756,-0.2516931
AT4G22758,0.050562005
AT4G22760,-0.09404937
AT4G22770,0.40344992
AT4G22780,-0.17265068
AT4G22790,-0.20499332
AT4G22810,0.027960153
AT4G22820,0.42446363
AT4G22830,-0.14546269
AT4G22840,0.08609841
AT4G22850,0.0151570365
AT4G22860,-0.10635069
AT4G22870,0.0073318426
AT4G22880,0.015777238
AT4G22890,-0.41212675
AT4G22900,-0.19992585
AT4G22910,0.04467197
AT4G22920,0.44972375
AT4G22930,0.092059456
AT4G22940,0.09708055
AT4G22950,-0.16488072
AT4G22960,0.041767027
AT4G22970,0.5127448
AT4G22980,0.79791
AT4G22990,-0.12564425
AT4G23000,-0.18363148
AT4G23010,0.29736373
AT4G23015,0.024543209
AT4G23020,-0.36980757
AT4G23030,0.31693333
AT4G23040,0.17453659
AT4G23050,0.32238296
AT4G23060,-0.091033965
AT4G23070,-0.0155668305
AT4G23080,0.0039082007
AT4G23090,0.00394874
AT4G23100,0.6353615
AT4G23110,0.004190317
AT4G23120,0.0039488436
AT4G23130,0.10313552
AT4G23140,0.27103865
AT4G23150,0.7505829
AT4G23160,0.0094052525
AT4G23170,0.8667118
AT4G23180,-0.009336316
AT4G23190,0.8445936
AT4G23200,0.039127644
AT4G23210,1.0996102
AT4G23220,0.35400733
AT4G23230,0.15983857
AT4G23240,-0.1999141
AT4G23250,0.29648763
AT4G23260,0.015472856
AT4G23270,0.27866784
AT4G23271,0.004023605
AT4G23280,0.23789506
AT4G23290,-0.8191011
AT4G23300,-0.32474792
AT4G23310,-0.21960191
AT4G23320,0.2847719
AT4G23330,-0.059733648
AT4G23340,-0.03639772
AT4G23350,0.006526558
AT4G23355,0.003907705
AT4G23360,0.0039220992
AT4G23365,0.004052101
AT4G23370,0.0032213992
AT4G23373,0.0038944315
AT4G23380,0.0038944315
AT4G23390,-0.022583159
AT4G23400,-0.60504645
AT4G23410,-0.25031656
AT4G23420,-0.10354191
AT4G23430,0.08824008
AT4G23440,-0.14099185
AT4G23450,0.46615216
AT4G23460,0.23125857
AT4G23470,0.46778622
AT4G23490,-0.30379933
AT4G23493,-0.11666906
AT4G23496,-0.032528307
AT4G23498,0.0038944315
AT4G23500,0.028546983
AT4G23510,0.0019879164
AT4G23515,0.012311548
AT4G23520,-0.00043839714
AT4G23530,-0.11154465
AT4G23540,0.2099186
AT4G23550,0.75094724
AT4G23560,0.21401727
AT4G23570,-0.010972491
AT4G23580,-0.0033460725
AT4G23590,0.096662484
AT4G23600,0.5091429
AT4G23610,0.27624956
AT4G23620,0.1481297
AT4G23630,0.23923714
AT4G23640,0.07577582
AT4G23650,0.007390847
AT4G23660,0.11711735
AT4G23670,-0.30291873
AT4G23680,1.1108999
AT4G23690,0.27849182
AT4G23700,2.2686331
AT4G23710,0.40561104
AT4G23712,0.0038944315
AT4G23720,-0.2044506
AT4G23730,0.12666087
AT4G23740,-0.30146542
AT4G23750,-0.1459441
AT4G23760,0.336663
AT4G23770,-0.3782982
AT4G23780,0.010562385
AT4G23790,-0.54362833
AT4G23800,-0.3082586
AT4G23810,0.047159452
AT4G23820,-0.7482694
AT4G23850,0.13229276
AT4G23860,0.06588871
AT4G23870,-0.48335734
AT4G23880,-0.25117216
AT4G23882,0.0018771148
AT4G23885,0.8720884
AT4G23890,-0.19727068
AT4G23895,-0.08697865
AT4G23900,0.0923013
AT4G23910,0.05015808
AT4G23920,0.13339409
AT4G23930,-0.17418589
AT4G23940,-0.3335034
AT4G23950,-0.12227235
AT4G23960,-0.0038509008
AT4G23970,0.004036507
AT4G23980,-0.05867055
AT4G23990,0.2250569
AT4G24000,1.5984241
AT4G24010,0.0931727
AT4G24015,-0.01635064
AT4G24020,0.044754446
AT4G24026,0.4865156
AT4G24040,0.50762874
AT4G24050,-0.108204834
AT4G24060,-0.150872
AT4G24070,0.006294125
AT4G24080,0.0050914856
AT4G24090,-0.16692661
AT4G24100,-0.0601096
AT4G24110,0.8591961
AT4G24120,0.40146193
AT4G24130,0.60630447
AT4G24140,0.009674479
AT4G24150,-0.014490147
AT4G24160,0.49686036
AT4G24170,0.031498145
AT4G24180,-0.12883703
AT4G24190,0.15068842
AT4G24200,0.16340843
AT4G24204,0.0028610248
AT4G24210,0.02574429
AT4G24220,0.31700546
AT4G24230,0.027403349
AT4G24231,0.004462426
AT4G24240,-0.013709043
AT4G24250,-0.043211803
AT4G24260,-0.06418165
AT4G24265,0.003566577
AT4G24270,0.09270546
AT4G24275,-0.36695647
AT4G24280,-0.093675524
AT4G24290,0.1170722
AT4G24300,0.003967659
AT4G24310,0.27626202
AT4G24320,0.005265046
AT4G24330,0.21848561
AT4G24340,1.3490995
AT4G24350,-0.4333686
AT4G24370,0.0043328903
AT4G24380,0.8111694
AT4G24390,-0.060765747
AT4G24400,0.29888037
AT4G24410,8.467119e-05
AT4G24413,0.004727103
AT4G24420,0.02198097
AT4G24430,0.09584854
AT4G24440,0.22435622
AT4G24450,-0.106119305
AT4G24460,0.068358965
AT4G24470,0.15087418
AT4G24480,-0.20542048
AT4G24490,0.09495837
AT4G24500,-0.1533853
AT4G24510,-0.5898276
AT4G24520,0.03601314
AT4G24530,-0.1735652
AT4G24540,-0.22193469
AT4G24550,0.09705786
AT4G24560,0.027999602
AT4G24570,0.28341368
AT4G24580,-0.018016884
AT4G24590,0.07945187
AT4G24600,-0.0021757272
AT4G24610,-0.113067515
AT4G24615,-0.0058936332
AT4G24620,-0.067342095
AT4G24630,0.08747523
AT4G24640,0.0021979653
AT4G24644,0.0038944315
AT4G24650,0.0040063346
AT4G24660,-0.06960755
AT4G24670,-0.43202567
AT4G24680,0.048514884
AT4G24690,0.43807903
AT4G24700,-0.37830243
AT4G24710,-0.018550968
AT4G24715,0.008476026
AT4G24730,0.16214515
AT4G24740,-0.019570343
AT4G24750,-0.29671285
AT4G24760,-0.22695921
AT4G24770,-0.40786478
AT4G24780,-0.81185627
AT4G24790,-0.4543037
AT4G24800,-0.117021166
AT4G24810,-0.2590208
AT4G24820,0.41379794
AT4G24830,0.13314943
AT4G24840,0.09406245
AT4G24860,-0.2200067
AT4G24880,0.14147817
AT4G24890,-0.0037905294
AT4G24900,-0.15719286
AT4G24910,0.005676061
AT4G24920,0.60132533
AT4G24930,-0.28677163
AT4G24940,0.036369223
AT4G24950,0.0039581805
AT4G24960,0.037268404
AT4G24970,0.122308195
AT4G24972,-0.3423591
AT4G24973,0.0041785412
AT4G24974,0.0075967847
AT4G24975,0.013293046
AT4G24980,0.0039452924
AT4G24990,0.19514722
AT4G25000,1.4642273
AT4G25010,0.023342608
AT4G25020,-0.23667754
AT4G25030,0.6336926
AT4G25040,0.003922396
AT4G25050,-0.3842578
AT4G25070,1.0608696
AT4G25080,-0.40947166
AT4G25090,0.03157037
AT4G25100,-0.19684373
AT4G25110,0.5228644
AT4G25120,-0.26116624
AT4G25130,0.1263703
AT4G25140,0.0068526664
AT4G25150,-0.08928745
AT4G25160,-0.04836868
AT4G25170,0.32610387
AT4G25180,0.029431978
AT4G25190,0.008316747
AT4G25200,0.34797275
AT4G25210,0.024380537
AT4G25220,0.04897951
AT4G25225,0.12227911
AT4G25230,0.37144193
AT4G25240,-0.10678154
AT4G25250,-0.0001504834
AT4G25260,-0.4298049
AT4G25270,-0.3004838
AT4G25280,-0.08614838
AT4G25290,-0.4060824
AT4G25300,-0.057999987
AT4G25310,0.04245572
AT4G25315,0.16031693
AT4G25320,0.15578476
AT4G25330,0.0211737
AT4G25340,0.072509654
AT4G25350,-0.21355371
AT4G25360,0.009869512
AT4G25370,0.0987655
AT4G25380,0.29536712
AT4G25390,0.69131595
AT4G25400,-0.0026185114
AT4G25410,0.042026877
AT4G25420,-0.26713148
AT4G25430,0.0021111013
AT4G25433,0.103431374
AT4G25434,0.21416606
AT4G25440,0.1652462
AT4G25450,-0.07076148
AT4G25470,-0.17043634
AT4G25480,-0.038424287
AT4G25490,-0.15275426
AT4G25500,0.080029316
AT4G25510,0.003416917
AT4G25515,0.025160797
AT4G25520,-0.0015316773
AT4G25530,0.0058759656
AT4G25540,0.013316356
AT4G25550,0.1713199
AT4G25560,0.0041161436
AT4G25570,-0.12162516
AT4G25580,0.09907957
AT4G25590,0.004540578
AT4G25600,-0.30380696
AT4G25610,0.1137918
AT4G25620,-0.20661111
AT4G25630,0.23822653
AT4G25640,0.3478575
AT4G25650,0.07338212
AT4G25660,0.12664533
AT4G25670,0.23314106
AT4G25680,-0.027457798
AT4G25690,0.29801098
AT4G25700,0.28285992
AT4G25707,0.008114527
AT4G25710,0.12070996
AT4G25720,0.2146147
AT4G25730,0.12191392
AT4G25740,-0.0024385427
AT4G25750,-0.028304419
AT4G25760,-0.0018140674
AT4G25770,0.026882356
AT4G25780,-0.13445404
AT4G25790,-0.00040722327
AT4G25800,0.06579775
AT4G25810,0.9078551
AT4G25820,0.039312817
AT4G25830,-0.59033537
AT4G25835,0.12708198
AT4G25840,0.17057596
AT4G25845,0.022333665
AT4G25850,-0.008888664
AT4G25860,0.0015991261
AT4G25870,-0.27191734
AT4G25880,0.15091334
AT4G25890,0.01323522
AT4G25900,0.82247084
AT4G25910,-0.33690998
AT4G25920,0.027292075
AT4G25930,0.06921343
AT4G25940,0.06804999
AT4G25950,-0.07497087
AT4G25960,-0.5902385
AT4G25970,-0.020882318
AT4G25980,0.072947636
AT4G25990,-0.045303974
AT4G26000,0.16867994
AT4G26010,0.023499317
AT4G26020,0.015978739
AT4G26030,0.003877066
AT4G26040,0.0035271181
AT4G26050,0.919452
AT4G26055,0.08754677
AT4G26060,0.55675054
AT4G26070,0.3437636
AT4G26080,0.6054137
AT4G26090,0.22524732
AT4G26100,0.02139697
AT4G26110,-0.027355636
AT4G26120,1.0216079
AT4G26130,0.13932465
AT4G26140,-0.11543757
AT4G26145,-0.014789745
AT4G26150,-0.15884675
AT4G26160,0.14927232
AT4G26170,-0.028417142
AT4G26180,0.023314005
AT4G26190,-0.16070199
AT4G26200,0.23544852
AT4G26210,0.252465
AT4G26220,0.066375755
AT4G26230,-0.07212814
AT4G26240,0.41243735
AT4G26250,0.0057208687
AT4G26260,2.4113076
AT4G26270,0.9435158
AT4G26280,0.0098720845
AT4G26288,-0.1339186
AT4G26290,-0.0026293471
AT4G26300,-0.108814724
AT4G26310,0.12860638
AT4G26320,-0.008935685
AT4G26330,0.004430132
AT4G26340,0.0039282036
AT4G26350,0.003885609
AT4G26370,-0.24259873
AT4G26380,0.015004988
AT4G26390,-0.005217653
AT4G26400,0.12115919
AT4G26410,0.10934237
AT4G26415,-0.0027064506
AT4G26420,0.0040712426
AT4G26430,0.003809467
AT4G26440,0.0040227366
AT4G26450,0.04566052
AT4G26455,0.08492786
AT4G26460,0.013435365
AT4G26466,0.07660094
AT4G26470,1.250596
AT4G26480,0.039087582
AT4G26483,0.0038944315
AT4G26485,0.0038624732
AT4G26490,-0.008731097
AT4G26500,0.054863404
AT4G26510,0.0032728163
AT4G26520,-0.40638924
AT4G26530,-1.282354
AT4G26540,-0.34377638
AT4G26550,0.32055774
AT4G26555,-0.37412253
AT4G26560,0.031816382
AT4G26570,-0.09142975
AT4G26580,0.09334957
AT4G26590,0.032998003
AT4G26600,-0.04252614
AT4G26610,-0.01757059
AT4G26620,-0.0036812809
AT4G26630,-0.20197318
AT4G26640,0.010633816
AT4G26650,-0.0020817348
AT4G26660,-0.16350265
AT4G26670,0.03774889
AT4G26680,-0.2589007
AT4G26690,-0.08628723
AT4G26700,-0.037633963
AT4G26701,0.0047075357
AT4G26710,0.12228099
AT4G26720,-0.028644294
AT4G26730,-0.0013272054
AT4G26740,0.012599503
AT4G26750,0.2541964
AT4G26760,-0.39857733
AT4G26770,0.004782427
AT4G26780,0.101729184
AT4G26790,-0.37632385
AT4G26800,-0.014284412
AT4G26810,0.24928819
AT4G26820,0.0073389784
AT4G26830,-0.038369093
AT4G26840,0.060833212
AT4G26850,-0.061537717
AT4G26860,-0.28818318
AT4G26870,-0.025879592
AT4G26880,0.004482079
AT4G26890,0.4453062
AT4G26900,-0.17379408
AT4G26910,0.60763925
AT4G26920,0.003899414
AT4G26930,0.024305312
AT4G26940,0.23964383
AT4G26950,-0.25591436
AT4G26960,-0.030926274
AT4G26965,0.11330562
AT4G26970,0.26976445
AT4G26980,0.006257463
AT4G26990,0.679158
AT4G27000,0.24436755
AT4G27010,0.1682369
AT4G27020,0.07416132
AT4G27030,-0.5043004
AT4G27040,0.047312688
AT4G27050,-0.09266895
AT4G27060,-0.15961264
AT4G27070,0.91541505
AT4G27080,0.18619311
AT4G27090,-0.021644277
AT4G27100,-0.041822597
AT4G27110,0.024554575
AT4G27120,0.011933695
AT4G27130,0.07366439
AT4G27140,-0.0075123864
AT4G27150,-8.377215e-05
AT4G27160,0.0047508827
AT4G27170,0.006434882
AT4G27180,-0.36117402
AT4G27190,0.0042722085
AT4G27220,0.28802627
AT4G27230,-0.109017044
AT4G27240,-0.59969324
AT4G27250,0.00072028144
AT4G27260,0.75609905
AT4G27270,0.17995411
AT4G27280,0.35772315
AT4G27290,0.108903766
AT4G27300,-0.77986485
AT4G27310,-0.3093326
AT4G27320,0.08306788
AT4G27330,0.011480421
AT4G27340,-0.06677746
AT4G27350,0.23961283
AT4G27360,-0.051717907
AT4G27370,-0.35630295
AT4G27380,0.13283066
AT4G27390,-0.016969005
AT4G27400,0.028050696
AT4G27410,0.7649622
AT4G27415,0.003930332
AT4G27420,0.03318866
AT4G27430,-0.43863645
AT4G27435,0.009405491
AT4G27440,-0.2651825
AT4G27450,-0.26116484
AT4G27460,0.1665725
AT4G27470,0.20929891
AT4G27480,-0.06997961
AT4G27490,0.15092897
AT4G27500,0.1361432
AT4G27510,0.008860143
AT4G27520,-0.08870175
AT4G27530,0.024961265
AT4G27540,0.3579572
AT4G27550,0.0024944434
AT4G27560,-0.07303975
AT4G27565,0.0036870427
AT4G27570,0.001177221
AT4G27575,0.0038944315
AT4G27585,0.5047702
AT4G27590,0.05161913
AT4G27595,-0.67085534
AT4G27600,-0.12963457
AT4G27610,-0.29108027
AT4G27620,0.09275829
AT4G27630,-0.10362654
AT4G27640,-0.093496375
AT4G27650,-0.044768453
AT4G27652,0.10224414
AT4G27654,-0.19672327
AT4G27657,0.048523147
AT4G27660,-0.08436359
AT4G27670,0.15266502
AT4G27680,0.2990463
AT4G27690,0.042499978
AT4G27700,-0.26414263
AT4G27710,-0.13039081
AT4G27720,-0.5206925
AT4G27730,-0.19810535
AT4G27740,0.2135796
AT4G27745,0.17484915
AT4G27750,0.04142105
AT4G27760,-0.014192238
AT4G27780,0.2965693
AT4G27790,0.08149018
AT4G27800,-0.06950964
AT4G27810,0.017601062
AT4G27820,-0.16186638
AT4G27830,0.7020243
AT4G27840,0.0068661217
AT4G27845,0.005558189
AT4G27850,0.058377534
AT4G27860,0.26182213
AT4G27870,0.04685609
AT4G27880,0.12039032
AT4G27890,0.08530539
AT4G27900,-0.18693225
AT4G27910,-0.1052367
AT4G27920,0.0002558753
AT4G27940,0.04219252
AT4G27950,0.064136125
AT4G27960,0.10724246
AT4G27970,0.17196244
AT4G27980,0.054313626
AT4G27990,0.1423457
AT4G28000,0.065154925
AT4G28005,0.0025743607
AT4G28010,-0.21968782
AT4G28015,0.0038944315
AT4G28025,-0.08910731
AT4G28030,-0.19995965
AT4G28040,0.65240985
AT4G28050,-0.46373764
AT4G28060,0.46814224
AT4G28068,0.0038944315
AT4G28070,-0.05628894
AT4G28080,-0.5182216
AT4G28085,0.6716848
AT4G28088,0.22083901
AT4G28090,0.021919556
AT4G28100,-0.16622148
AT4G28110,0.29837158
AT4G28130,0.0040233587
AT4G28140,1.0664885
AT4G28150,-0.1614648
AT4G28160,0.04756779
AT4G28170,0.18561852
AT4G28180,-0.26718163
AT4G28190,-0.062768176
AT4G28200,0.1104723
AT4G28210,0.0025174741
AT4G28220,-0.3826673
AT4G28230,-0.37417614
AT4G28240,-0.3439145
AT4G28250,-0.51489747
AT4G28260,-0.042596478
AT4G28270,-0.14298399
AT4G28280,-0.12173151
AT4G28290,0.14377286
AT4G28300,0.2824259
AT4G28310,-0.05942109
AT4G28320,-0.18287401
AT4G28330,0.101468824
AT4G28340,0.10742145
AT4G28350,0.0888535
AT4G28365,0.004555468
AT4G28370,0.15429297
AT4G28380,0.005666315
AT4G28390,0.66406536
AT4G28395,0.004537068
AT4G28397,0.008781489
AT4G28400,-0.14142697
AT4G28405,0.0024056633
AT4G28410,0.0068392227
AT4G28420,0.1448604
AT4G28430,-0.01963696
AT4G28440,0.1535506
AT4G28450,0.21170865
AT4G28460,0.9000166
AT4G28470,0.111533694
AT4G28480,0.11729994
AT4G28485,0.03580485
AT4G28490,0.60432583
AT4G28500,-0.12060418
AT4G28510,0.2235914
AT4G28520,0.0025027182
AT4G28530,-0.051672418
AT4G28540,0.22595823
AT4G28550,0.84519625
AT4G28556,0.11134534
AT4G28560,0.23105468
AT4G28570,0.30955014
AT4G28580,0.020825261
AT4G28590,-0.0049078967
AT4G28600,0.072063655
AT4G28610,-0.014308255
AT4G28620,0.0036532443
AT4G28630,-0.25729367
AT4G28640,-0.13008474
AT4G28650,0.08962161
AT4G28660,-0.35542557
AT4G28670,0.0053384476
AT4G28680,0.003156313
AT4G28690,-0.07868571
AT4G28700,-0.07200572
AT4G28703,0.007494318
AT4G28706,-0.32406121
AT4G28710,0.09538421
AT4G28720,-0.18584375
AT4G28730,-0.019280633
AT4G28740,-0.23759383
AT4G28750,-0.40927124
AT4G28755,-0.00905758
AT4G28760,-0.31380218
AT4G28770,0.24583757
AT4G28775,0.004087676
AT4G28780,-0.3751589
AT4G28790,-0.1969607
AT4G28800,0.0005759218
AT4G28811,0.008293412
AT4G28815,0.010187824
AT4G28820,0.16634218
AT4G28830,-0.1610202
AT4G28840,-0.015931636
AT4G28850,0.009073168
AT4G28860,-0.018028514
AT4G28870,0.0030067805
AT4G28880,0.09141501
AT4G28890,0.024240548
AT4G28910,0.18465199
AT4G28920,0.0038944315
AT4G28930,0.062355038
AT4G28940,0.8978588
AT4G28950,-0.046377033
AT4G28980,-0.017338276
AT4G28990,0.014147411
AT4G29000,0.05817099
AT4G29010,0.20167196
AT4G29020,0.12169814
AT4G29030,0.10148918
AT4G29033,0.0038944315
AT4G29035,0.0038944315
AT4G29037,0.0018864524
AT4G29040,0.36243328
AT4G29050,-0.15797311
AT4G29060,-0.4074811
AT4G29070,-0.0717389
AT4G29080,-0.29188877
AT4G29090,0.0039188503
AT4G29100,-0.09317253
AT4G29103,0.0038944315
AT4G29110,-0.229403
AT4G29120,0.107517384
AT4G29130,0.14686768
AT4G29140,0.009351417
AT4G29150,0.019753076
AT4G29160,0.09995821
AT4G29170,-0.17186737
AT4G29180,0.003898895
AT4G29190,-0.18363887
AT4G29200,0.07904426
AT4G29210,0.52657354
AT4G29220,-0.10675678
AT4G29230,1.111643
AT4G29240,-0.13985832
AT4G29250,0.0019175055
AT4G29260,0.022961361
AT4G29270,-0.012176541
AT4G29273,0.0038944315
AT4G29280,0.0040043304
AT4G29283,0.00421319
AT4G29285,0.006195123
AT4G29290,0.0039593885
AT4G29300,0.0038944315
AT4G29305,0.00545875
AT4G29310,-0.3370099
AT4G29330,0.2124588
AT4G29340,0.08576501
AT4G29350,0.11364446
AT4G29360,-0.46558854
AT4G29370,0.0169854
AT4G29380,0.23109762
AT4G29400,-0.2612952
AT4G29410,0.08237122
AT4G29420,0.16251723
AT4G29430,-0.0029112163
AT4G29440,0.16731249
AT4G29450,0.005788138
AT4G29460,0.0043179295
AT4G29470,0.023577295
AT4G29480,0.17687571
AT4G29490,0.1840239
AT4G29510,0.11828241
AT4G29520,0.5170588
AT4G29530,0.043798506
AT4G29540,-0.10769549
AT4G29548,0.0026662957
AT4G29550,0.03818762
AT4G29560,0.050027896
AT4G29570,0.020647692
AT4G29580,0.0033043434
AT4G29590,-0.18345463
AT4G29600,0.008896693
AT4G29610,-0.051663917
AT4G29620,0.0067199767
AT4G29630,0.0038944315
AT4G29640,-0.0049792374
AT4G29650,-0.03996117
AT4G29654,0.003921639
AT4G29658,0.0125742
AT4G29660,0.2152401
AT4G29670,0.1349168
AT4G29680,0.08038754
AT4G29690,-0.15111329
AT4G29700,0.12340691
AT4G29710,-0.00792796
AT4G29720,-0.33977702
AT4G29730,-0.20722462
AT4G29735,0.17025332
AT4G29740,0.2028706
AT4G29750,-0.20895977
AT4G29760,-0.021610087
AT4G29770,0.0035463143
AT4G29780,0.6951398
AT4G29790,0.057168916
AT4G29800,0.030300528
AT4G29810,0.3796719
AT4G29820,0.07979368
AT4G29830,0.17434673
AT4G29840,0.17567159
AT4G29850,0.63127196
AT4G29860,0.119656265
AT4G29870,0.14487913
AT4G29880,-0.006929084
AT4G29890,-0.13471209
AT4G29900,0.19435175
AT4G29905,-0.17641664
AT4G29910,-0.17494686
AT4G29920,-0.516641
AT4G29930,0.06449406
AT4G29940,-0.13738655
AT4G29950,0.26952174
AT4G29960,0.20148891
AT4G29970,0.004499402
AT4G29980,0.0038757427
AT4G29990,-0.24741001
AT4G30000,-0.16725112
AT4G30010,0.39030674
AT4G30020,-0.696009
AT4G30030,0.0038944315
AT4G30040,0.004004967
AT4G30050,0.0042254035
AT4G30060,0.10793105
AT4G30064,0.010229758
AT4G30067,0.003901869
AT4G30070,0.004858795
AT4G30074,0.0039023394
AT4G30080,-0.010116996
AT4G30090,-0.17388232
AT4G30097,0.004236434
AT4G30100,0.041204344
AT4G30110,-0.7093451
AT4G30120,-0.08884292
AT4G30130,0.0722045
AT4G30140,0.010061878
AT4G30150,0.11029991
AT4G30160,0.015904287
AT4G30170,-0.017466383
AT4G30180,-0.26446113
AT4G30190,0.25117463
AT4G30200,-0.0012313969
AT4G30210,0.23451824
AT4G30220,0.14354488
AT4G30230,0.6715877
AT4G30240,0.18927686
AT4G30250,-0.18919955
AT4G30260,0.18451633
AT4G30270,0.5196251
AT4G30280,0.942687
AT4G30290,-0.06175228
AT4G30300,0.0077310596
AT4G30310,-0.08334303
AT4G30320,0.010161291
AT4G30330,-0.11421647
AT4G30340,0.061374232
AT4G30350,0.13339144
AT4G30360,0.15044685
AT4G30370,-0.037037633
AT4G30380,0.004167457
AT4G30390,0.30200538
AT4G30400,-0.58163923
AT4G30410,-0.5298684
AT4G30420,0.0067295185
AT4G30430,0.1329695
AT4G30440,-0.35196206
AT4G30450,0.59537864
AT4G30460,0.75166225
AT4G30470,0.10028946
AT4G30480,0.08159963
AT4G30490,0.609914
AT4G30500,0.048212234
AT4G30510,0.2291293
AT4G30520,-0.35689196
AT4G30530,0.5184928
AT4G30540,0.022671886
AT4G30550,0.11831909
AT4G30560,-0.1291667
AT4G30570,-0.13314326
AT4G30580,-0.179166
AT4G30590,0.0039784564
AT4G30600,0.058929548
AT4G30610,-0.49550983
AT4G30620,-0.23066346
AT4G30630,0.06345499
AT4G30640,0.11521151
AT4G30650,0.26821405
AT4G30660,-0.0041701025
AT4G30662,-0.023707544
AT4G30670,0.09928762
AT4G30680,-0.06822766
AT4G30690,-0.3509786
AT4G30700,0.042337973
AT4G30710,-0.0016016876
AT4G30720,-0.24315178
AT4G30730,0.0117357625
AT4G30740,0.0003201353
AT4G30750,-0.0015794573
AT4G30760,0.13247293
AT4G30770,0.0039028923
AT4G30780,0.18590449
AT4G30790,0.17554337
AT4G30800,-0.025469728
AT4G30810,-0.16469653
AT4G30825,-0.19898444
AT4G30830,-0.052758347
AT4G30840,0.2167558
AT4G30845,-0.16115652
AT4G30850,0.74526405
AT4G30860,0.0674349
AT4G30870,-0.0027736083
AT4G30880,0.008953293
AT4G30890,0.1991414
AT4G30900,0.12573002
AT4G30910,-0.07398305
AT4G30920,-0.033609834
AT4G30930,0.14637019
AT4G30935,0.003648111
AT4G30940,-0.18582053
AT4G30950,-0.3162502
AT4G30960,-0.17869651
AT4G30970,0.0038753552
AT4G30980,-0.0042770314
AT4G30990,0.019210296
AT4G30993,-0.29855683
AT4G30996,0.028506132
AT4G31000,-0.34323582
AT4G31010,-0.08999518
AT4G31020,0.13458264
AT4G31030,-0.0066286456
AT4G31040,-0.22018717
AT4G31050,-0.2342394
AT4G31060,-0.17629242
AT4G31070,-0.0886744
AT4G31073,0.0051372102
AT4G31080,0.07207431
AT4G31100,-0.027014555
AT4G31110,0.20995013
AT4G31115,-0.09163084
AT4G31120,-0.017615795
AT4G31130,0.03927654
AT4G31140,-0.23925292
AT4G31150,-0.036259867
AT4G31160,0.025659679
AT4G31170,0.27196714
AT4G31180,0.22246565
AT4G31196,0.0039044793
AT4G31200,-0.018028779
AT4G31210,0.123567134
AT4G31230,0.26420623
AT4G31240,0.42004415
AT4G31250,-0.18093444
AT4G31260,0.0035234059
AT4G31270,-0.16829877
AT4G31280,0.0038944315
AT4G31290,-0.19082554
AT4G31300,0.46646538
AT4G31310,-0.29329205
AT4G31320,-0.0048954184
AT4G31330,-0.06885305
AT4G31340,0.20345746
AT4G31350,-0.15163054
AT4G31351,-0.13231857
AT4G31354,-0.14389743
AT4G31355,0.019896043
AT4G31360,-0.35029426
AT4G31370,0.04823256
AT4G31380,0.042007986
AT4G31390,0.023000246
AT4G31400,0.06480969
AT4G31405,-0.05589069
AT4G31410,0.019267255
AT4G31420,0.29398134
AT4G31430,0.027557379
AT4G31440,-0.016153792
AT4G31441,-0.0022898808
AT4G31450,0.0027789671
AT4G31470,-0.014435734
AT4G31480,-0.04638048
AT4G31490,0.053541884
AT4G31500,0.17539501
AT4G31510,-0.05326173
AT4G31520,-0.057820957
AT4G31530,-0.05731462
AT4G31540,-0.04252413
AT4G31550,0.12091651
AT4G31560,0.027528403
AT4G31570,0.032709084
AT4G31580,0.101067126
AT4G31590,-0.3283406
AT4G31600,0.12525232
AT4G31610,0.010882068
AT4G31615,0.034984235
AT4G31620,-0.054728553
AT4G31630,0.009215799
AT4G31640,-0.017241618
AT4G31650,-0.31150952
AT4G31660,0.0073598963
AT4G31670,0.1490847
AT4G31680,0.0061944537
AT4G31685,0.00523975
AT4G31690,0.0045904275
AT4G31700,0.17468321
AT4G31710,0.008622633
AT4G31715,0.00620331
AT4G31720,0.06487366
AT4G31730,-0.16146639
AT4G31740,0.0027561057
AT4G31750,0.33668098
AT4G31760,-0.005216762
AT4G31770,0.21427888
AT4G31780,0.04581218
AT4G31790,0.17342202
AT4G31800,0.68928605
AT4G31805,0.03580871
AT4G31810,0.187557
AT4G31820,-0.43223414
AT4G31830,0.0196286
AT4G31840,-0.25625858
AT4G31850,-0.32644987
AT4G31860,0.32750607
AT4G31870,0.11456663
AT4G31875,-0.0035511337
AT4G31880,-0.034786858
AT4G31890,-0.38654113
AT4G31900,0.004678426
AT4G31910,-0.098014265
AT4G31920,0.016752793
AT4G31930,0.04241231
AT4G31940,-0.010784361
AT4G31950,0.31817153
AT4G31960,0.0896145
AT4G31970,2.2729137
AT4G31980,0.1915772
AT4G31990,0.13662304
AT4G32000,-0.33957317
AT4G32010,0.024750642
AT4G32020,-0.02451221
AT4G32030,-0.15905885
AT4G32040,0.29441008
AT4G32050,0.033055946
AT4G32060,-0.17747247
AT4G32070,0.6026132
AT4G32080,0.028699897
AT4G32090,0.0056841597
AT4G32100,0.0038965328
AT4G32105,0.020977812
AT4G32110,0.0037316668
AT4G32120,-0.16904743
AT4G32130,0.24392706
AT4G32140,0.16200842
AT4G32150,0.13036788
AT4G32160,0.051184475
AT4G32170,0.030644262
AT4G32175,-0.07773819
AT4G32180,0.10459396
AT4G32190,-0.33752558
AT4G32200,0.09819055
AT4G32208,-0.0041203466
AT4G32210,0.46323505
AT4G32230,0.005688088
AT4G32240,0.025829472
AT4G32250,0.62693226
AT4G32260,-0.3319517
AT4G32272,0.122284435
AT4G32280,-0.6027424
AT4G32285,0.07628003
AT4G32290,-0.2593015
AT4G32295,-0.33479095
AT4G32300,-0.060246054
AT4G32320,0.015952827
AT4G32330,-0.4164056
AT4G32340,0.017641285
AT4G32342,-0.04970771
AT4G32350,-0.41817084
AT4G32360,-0.11830196
AT4G32370,0.0038944315
AT4G32375,0.003821958
AT4G32380,0.0039104354
AT4G32390,0.25020543
AT4G32400,0.25319782
AT4G32410,-0.1980655
AT4G32420,-0.20055918
AT4G32430,-0.084403984
AT4G32440,-0.0020213474
AT4G32450,-0.09640255
AT4G32460,-0.35513246
AT4G32470,0.23783708
AT4G32480,0.15086813
AT4G32490,0.022303665
AT4G32500,0.0030975435
AT4G32510,0.020760357
AT4G32520,0.051343154
AT4G32530,0.108046554
AT4G32535,0.009633436
AT4G32540,0.00496404
AT4G32551,-0.002034879
AT4G32560,-0.11770972
AT4G32570,-0.4269853
AT4G32580,0.0018929791
AT4G32590,-0.26700273
AT4G32600,0.07741538
AT4G32610,-0.00056514516
AT4G32620,-0.039478023
AT4G32630,0.08490022
AT4G32640,0.17015617
AT4G32650,0.2589862
AT4G32660,0.022617856
AT4G32670,-0.19342737
AT4G32680,0.19498341
AT4G32690,0.29167148
AT4G32700,-0.10905553
AT4G32710,-0.34151396
AT4G32714,0.0039713173
AT4G32717,0.0038944315
AT4G32720,0.11399358
AT4G32730,0.053205296
AT4G32750,-0.03088472
AT4G32760,0.02348107
AT4G32770,0.0684154
AT4G32780,-0.039212454
AT4G32790,-0.12946622
AT4G32800,-0.26586226
AT4G32810,1.0954368
AT4G32820,-0.13486664
AT4G32830,0.03459332
AT4G32840,-0.25939012
AT4G32850,-0.11707515
AT4G32860,0.027763955
AT4G32870,0.706537
AT4G32880,-0.2864512
AT4G32890,-0.47005287
AT4G32900,0.08886287
AT4G32910,0.04508413
AT4G32915,0.06462862
AT4G32920,-0.0323936
AT4G32930,0.20415507
AT4G32940,-0.15679942
AT4G32950,-0.13046677
AT4G32960,0.081022345
AT4G32970,-0.05141552
AT4G32980,-0.3591373
AT4G32990,-0.13064851
AT4G33000,-0.46137944
AT4G33010,-0.5634339
AT4G33020,0.26268533
AT4G33030,-0.027061803
AT4G33040,-0.010597482
AT4G33050,0.6707981
AT4G33060,-0.10851944
AT4G33070,0.38135853
AT4G33080,-0.14087905
AT4G33090,0.27618852
AT4G33100,0.22564228
AT4G33110,-0.12366253
AT4G33120,-0.011201476
AT4G33130,-0.028408727
AT4G33140,0.12407047
AT4G33145,0.0019689288
AT4G33150,0.96652466
AT4G33160,0.1013338
AT4G33170,0.012367808
AT4G33180,-0.05312569
AT4G33200,-0.07247952
AT4G33210,0.052151162
AT4G33220,-0.5931942
AT4G33230,0.017173355
AT4G33240,0.13605182
AT4G33250,0.100732006
AT4G33260,-0.26650277
AT4G33270,-0.30758563
AT4G33280,-0.031940702
AT4G33290,0.0078771105
AT4G33300,0.25066212
AT4G33310,0.027157342
AT4G33320,-0.0034529075
AT4G33330,-0.0011383941
AT4G33350,0.07155544
AT4G33355,0.017381737
AT4G33360,0.41328135
AT4G33370,0.05410077
AT4G33380,-0.1621462
AT4G33390,-0.007197294
AT4G33400,-0.13054751
AT4G33410,-0.033284992
AT4G33420,0.23015589
AT4G33430,0.17363985
AT4G33440,-0.089951806
AT4G33450,0.009865406
AT4G33460,0.0028475996
AT4G33465,0.21556234
AT4G33467,1.4224547
AT4G33470,-0.2498619
AT4G33480,-0.034205202
AT4G33490,-0.074998125
AT4G33495,-0.04824996
AT4G33500,-0.3253932
AT4G33510,0.22529107
AT4G33520,0.017893601
AT4G33530,-0.059979584
AT4G33540,0.9733357
AT4G33550,0.13142848
AT4G33560,0.09248445
AT4G33565,0.3150529
AT4G33580,-0.07098789
AT4G33585,0.004175124
AT4G33590,0.0021582071
AT4G33600,0.003691081
AT4G33610,-0.0058562993
AT4G33620,0.04227371
AT4G33625,-0.24042618
AT4G33630,0.017012345
AT4G33640,0.08811935
AT4G33650,0.15428235
AT4G33660,-0.21945511
AT4G33666,0.041307706
AT4G33670,0.018594421
AT4G33680,-0.11193425
AT4G33690,0.06638048
AT4G33700,0.17006785
AT4G33710,0.0045130225
AT4G33720,0.022632921
AT4G33730,0.010156275
AT4G33740,-0.2841427
AT4G33760,-0.058959395
AT4G33770,-0.0262632
AT4G33780,0.35283244
AT4G33790,-0.23582901
AT4G33800,0.014744893
AT4G33810,0.027388461
AT4G33820,0.008412802
AT4G33830,0.0039365594
AT4G33840,0.032156292
AT4G33860,0.018889925
AT4G33870,-0.0060386253
AT4G33880,-0.008767506
AT4G33885,0.004348287
AT4G33890,0.06565509
AT4G33900,0.01805073
AT4G33900,0.01805073
AT4G33910,0.22065175
AT4G33920,0.49690136
AT4G33925,0.031994473
AT4G33930,0.54847676
AT4G33940,0.25966957
AT4G33950,-0.048830375
AT4G33960,-0.035345703
AT4G33970,-0.009283501
AT4G33980,0.27484658
AT4G33990,-0.08468189
AT4G34000,-0.2548245
AT4G34020,-0.022836983
AT4G34030,0.12976842
AT4G34040,0.1817401
AT4G34050,0.22790259
AT4G34060,-0.34802663
AT4G34070,0.098810144
AT4G34080,0.0044249245
AT4G34090,-0.42395136
AT4G34100,0.08469873
AT4G34110,0.11238151
AT4G34120,0.59053624
AT4G34131,1.0651069
AT4G34135,0.8582537
AT4G34138,0.064856954
AT4G34139,0.021424323
AT4G34140,-0.06425041
AT4G34150,0.50199765
AT4G34160,-0.50187945
AT4G34170,0.00481318
AT4G34180,0.6560691
AT4G34190,-0.22878516
AT4G34200,1.560805
AT4G34210,0.15785839
AT4G34215,-0.06984794
AT4G34220,-0.75286573
AT4G34230,0.9252643
AT4G34240,0.04393987
AT4G34250,-0.23949267
AT4G34260,-0.4486394
AT4G34265,0.081129365
AT4G34270,0.08144522
AT4G34280,-0.004608884
AT4G34290,-0.22935896
AT4G34300,-0.0074267075
AT4G34310,0.16452979
AT4G34320,0.13196264
AT4G34330,0.0072731767
AT4G34340,0.12923086
AT4G34345,0.015310511
AT4G34350,0.031106794
AT4G34360,0.018563464
AT4G34370,-0.0038048562
AT4G34380,0.613437
AT4G34390,0.6063081
AT4G34400,0.19595604
AT4G34410,0.25442287
AT4G34412,0.23806626
AT4G34420,-0.113521226
AT4G34430,0.026841952
AT4G34440,0.020685852
AT4G34450,0.05891234
AT4G34460,0.15600117
AT4G34470,0.12863904
AT4G34480,-0.06835949
AT4G34490,-0.10659334
AT4G34500,-0.083851494
AT4G34510,0.06345085
AT4G34520,0.0030541883
AT4G34530,-0.5646552
AT4G34540,0.012631948
AT4G34550,-0.022856416
AT4G34555,-0.009887327
AT4G34560,-0.57853967
AT4G34570,-0.0176522
AT4G34580,0.018879712
AT4G34590,0.19232649
AT4G34600,-0.164776
AT4G34610,-0.2247078
AT4G34620,-0.2623991
AT4G34630,0.09320565
AT4G34640,-0.07075303
AT4G34650,-0.33057395
AT4G34660,0.08718025
AT4G34670,-0.04378933
AT4G34680,-0.22816302
AT4G34690,-0.009559077
AT4G34700,0.079936735
AT4G34710,0.99121064
AT4G34720,0.13425882
AT4G34730,-0.29524812
AT4G34740,-0.07787632
AT4G34750,-0.12737949
AT4G34760,-0.45718503
AT4G34770,-0.45477876
AT4G34780,0.009349392
AT4G34790,-0.44793597
AT4G34800,-0.012556623
AT4G34810,-0.09916279
AT4G34830,-0.28662083
AT4G34840,0.041601997
AT4G34850,-0.01731735
AT4G34860,0.34924498
AT4G34870,0.21684927
AT4G34880,0.07235546
AT4G34881,-0.03084174
AT4G34890,0.31908396
AT4G34900,-0.45146492
AT4G34910,0.031846765
AT4G34920,0.1160293
AT4G34930,-0.020031327
AT4G34940,-0.00077923574
AT4G34950,0.6674195
AT4G34960,-0.061231207
AT4G34970,-0.0027898971
AT4G34980,-0.50799465
AT4G34990,-0.07004217
AT4G35000,0.037532497
AT4G35010,-0.000154494
AT4G35020,-0.06719982
AT4G35025,0.0039057967
AT4G35030,-0.030020662
AT4G35040,0.10951659
AT4G35050,-0.044937328
AT4G35060,0.49170995
AT4G35070,0.0028030127
AT4G35080,0.251012
AT4G35090,-0.22423692
AT4G35100,-0.43269956
AT4G35110,0.7640038
AT4G35120,0.016301995
AT4G35130,-0.13303119
AT4G35140,-0.034488082
AT4G35150,0.006826808
AT4G35160,1.1260363
AT4G35165,0.30154616
AT4G35170,0.72640467
AT4G35180,1.0961522
AT4G35190,0.098186135
AT4G35200,0.0042429683
AT4G35210,0.007242112
AT4G35220,0.1315987
AT4G35230,0.22601032
AT4G35240,0.0019478593
AT4G35250,-0.30380425
AT4G35260,0.40752983
AT4G35270,-0.24120717
AT4G35280,0.0040279143
AT4G35290,-0.21870309
AT4G35295,-0.02165466
AT4G35300,-0.13792576
AT4G35310,0.1536296
AT4G35320,-0.29892108
AT4G35335,-0.08848304
AT4G35350,0.2404754
AT4G35360,0.15086658
AT4G35370,-0.013663523
AT4G35375,0.0039032225
AT4G35380,0.54415923
AT4G35390,0.031946298
AT4G35410,0.009245365
AT4G35420,-0.29056552
AT4G35430,0.03354587
AT4G35440,-0.35920334
AT4G35450,-0.14572854
AT4G35460,0.013548136
AT4G35470,-0.3264834
AT4G35480,0.39423501
AT4G35485,-0.003263096
AT4G35490,0.09588405
AT4G35500,0.22694872
AT4G35510,0.036017887
AT4G35519,0.0038944315
AT4G35520,0.014775286
AT4G35530,0.012939987
AT4G35540,-0.24947448
AT4G35550,-0.060671378
AT4G35560,-0.26848164
AT4G35570,-0.07952205
AT4G35580,0.12715651
AT4G35590,0.06407503
AT4G35600,0.34296122
AT4G35610,0.0038944315
AT4G35620,-0.07486043
AT4G35630,1.5920948
AT4G35640,-0.10465437
AT4G35650,0.0055709668
AT4G35655,-0.013296078
AT4G35660,0.0064169765
AT4G35670,0.003908457
AT4G35680,0.008918657
AT4G35685,0.04247029
AT4G35690,0.00022272144
AT4G35700,0.0038944315
AT4G35710,0.0041651707
AT4G35720,0.033904273
AT4G35725,0.0040842704
AT4G35730,-0.20262535
AT4G35733,0.013210282
AT4G35740,-0.075536214
AT4G35750,0.101418436
AT4G35760,-0.18528533
AT4G35770,0.00025187433
AT4G35780,-0.16065262
AT4G35783,-0.11592398
AT4G35785,0.04610014
AT4G35790,0.2543588
AT4G35800,-0.10855383
AT4G35810,-0.00025894865
AT4G35820,0.0039516273
AT4G35830,0.17864639
AT4G35840,0.0032846436
AT4G35850,0.02692846
AT4G35860,0.36315235
AT4G35870,0.025500713
AT4G35880,-0.08886402
AT4G35890,0.22859411
AT4G35900,-0.25421593
AT4G35905,0.033366915
AT4G35910,0.051730942
AT4G35920,-0.55373615
AT4G35930,-0.31978032
AT4G35940,-0.04526351
AT4G35950,-0.22517748
AT4G35970,-0.22387105
AT4G35985,-0.08509537
AT4G35987,-0.06673545
AT4G36000,-0.04557285
AT4G36010,0.6307113
AT4G36020,0.22896498
AT4G36030,0.7042963
AT4G36040,0.24568254
AT4G36050,-0.11119161
AT4G36060,-0.038959417
AT4G36070,0.027628206
AT4G36080,0.06981131
AT4G36090,0.3853692
AT4G36100,-0.007047409
AT4G36105,-0.127281
AT4G36110,0.19602966
AT4G36120,-0.08872453
AT4G36130,0.090824395
AT4G36140,0.059185352
AT4G36150,0.2790089
AT4G36160,-0.04503131
AT4G36170,0.003273072
AT4G36180,-0.3399264
AT4G36190,-0.18457282
AT4G36195,0.24238224
AT4G36210,0.2999702
AT4G36220,0.35268345
AT4G36230,-0.18054707
AT4G36240,-0.2887685
AT4G36250,-0.2390639
AT4G36260,-0.100185215
AT4G36270,-0.33836946
AT4G36280,-0.408878
AT4G36290,-0.18493326
AT4G36350,0.010563269
AT4G36360,-0.56213975
AT4G36370,0.0038944315
AT4G36380,-0.04048189
AT4G36390,-0.043763608
AT4G36400,0.30356732
AT4G36410,-0.13783364
AT4G36420,0.014670265
AT4G36430,0.4151138
AT4G36440,0.035761252
AT4G36450,0.24422999
AT4G36460,0.005272984
AT4G36470,-0.14496116
AT4G36480,0.11052444
AT4G36490,0.002280907
AT4G36500,0.31725433
AT4G36510,0.016062506
AT4G36515,-0.12165416
AT4G36520,-0.22645478
AT4G36530,-0.23205358
AT4G36540,-0.8092992
AT4G36550,0.03105315
AT4G36560,0.0038944315
AT4G36570,-0.60962445
AT4G36580,0.09387251
AT4G36590,-0.0019302089
AT4G36600,-0.008090964
AT4G36610,0.5474258
AT4G36620,-0.013145659
AT4G36630,0.046097446
AT4G36640,0.47664985
AT4G36650,0.057721555
AT4G36660,-0.19609416
AT4G36670,0.08758625
AT4G36680,0.14541668
AT4G36690,-0.07088006
AT4G36700,0.09361162
AT4G36710,0.24182671
AT4G36720,0.346625
AT4G36730,-0.13622187
AT4G36740,0.013039748
AT4G36750,0.09730422
AT4G36760,0.45011306
AT4G36770,-0.06782865
AT4G36780,0.075793125
AT4G36790,0.024783658
AT4G36791,0.015792439
AT4G36795,0.07208804
AT4G36800,0.14873315
AT4G36810,-0.0134168565
AT4G36820,1.2222337
AT4G36830,0.10361483
AT4G36840,-0.011675417
AT4G36850,0.1523333
AT4G36860,-0.015803872
AT4G36870,-0.09369552
AT4G36880,0.442394
AT4G36890,0.10166625
AT4G36900,0.12556645
AT4G36910,-0.093773425
AT4G36920,-0.03909043
AT4G36925,0.017033206
AT4G36930,-0.17330183
AT4G36940,-0.08563324
AT4G36945,0.30890086
AT4G36950,1.3706554
AT4G36960,-0.048787087
AT4G36970,-0.08707717
AT4G36980,-0.22408283
AT4G36990,1.2661624
AT4G37000,-0.14593689
AT4G37010,1.514757
AT4G37020,-0.08203902
AT4G37022,0.022240816
AT4G37030,0.41342974
AT4G37040,-0.031161329
AT4G37050,0.032302197
AT4G37060,0.04071523
AT4G37070,0.20360328
AT4G37080,-0.52250934
AT4G37090,0.06882205
AT4G37095,-0.0057921894
AT4G37100,-0.44689608
AT4G37110,-0.594098
AT4G37120,0.13428839
AT4G37130,0.024931954
AT4G37140,0.16074048
AT4G37150,1.3772358
AT4G37160,0.007861264
AT4G37170,-0.10501876
AT4G37180,0.28276977
AT4G37190,0.10310671
AT4G37200,-0.0028074682
AT4G37210,0.10046529
AT4G37220,-0.02323868
AT4G37230,0.013089103
AT4G37235,0.020130381
AT4G37240,-0.40298894
AT4G37250,-0.33429062
AT4G37260,-0.08522332
AT4G37270,-0.060473114
AT4G37280,-0.250435
AT4G37290,1.1378201
AT4G37295,0.15986194
AT4G37300,-0.09050288
AT4G37310,0.76892513
AT4G37320,0.87323326
AT4G37330,-0.09298777
AT4G37340,0.09315288
AT4G37360,0.022487769
AT4G37370,1.7160994
AT4G37380,-0.21020412
AT4G37390,2.665929
AT4G37400,-0.32948878
AT4G37409,0.016794652
AT4G37410,0.21739668
AT4G37420,0.24959747
AT4G37430,1.4540514
AT4G37435,0.0042015007
AT4G37440,-0.04145796
AT4G37445,-0.055295367
AT4G37450,-0.36193892
AT4G37460,-0.0393677
AT4G37470,-0.122515045
AT4G37480,-0.18708134
AT4G37483,0.00206636
AT4G37490,0.049133718
AT4G37500,0.003915368
AT4G37510,-0.15034123
AT4G37520,0.9163561
AT4G37530,0.8710651
AT4G37540,0.52923524
AT4G37550,-0.34053612
AT4G37560,-0.34202516
AT4G37580,-0.23233406
AT4G37590,-0.41198763
AT4G37600,0.0038944315
AT4G37610,0.0956124
AT4G37630,-0.21416074
AT4G37640,0.42002463
AT4G37650,-0.25655153
AT4G37660,0.26161316
AT4G37670,0.17385173
AT4G37680,0.17176245
AT4G37682,-0.21044421
AT4G37685,0.004363315
AT4G37690,-0.16003028
AT4G37700,-0.25849366
AT4G37710,0.17728657
AT4G37720,0.020494955
AT4G37730,0.04348441
AT4G37740,-0.2811971
AT4G37750,-0.3212506
AT4G37760,0.09538192
AT4G37770,0.78997207
AT4G37780,0.03369006
AT4G37790,0.062464554
AT4G37800,-1.0694209
AT4G37810,0.0025706112
AT4G37820,-0.16107453
AT4G37830,0.14109197
AT4G37840,0.027669922
AT4G37850,0.16105627
AT4G37860,-0.0050921063
AT4G37870,-0.004623499
AT4G37880,0.09642889
AT4G37890,-0.22608256
AT4G37900,0.90685076
AT4G37910,0.32473037
AT4G37920,-0.22803874
AT4G37925,-0.871489
AT4G37930,-0.66337484
AT4G37940,0.042612746
AT4G37950,0.00691236
AT4G37970,-0.048669044
AT4G37980,0.24134713
AT4G37990,3.543868
AT4G38000,0.95525545
AT4G38005,0.0009804539
AT4G38010,-0.011198387
AT4G38020,-0.172078
AT4G38030,0.28352037
AT4G38040,-0.075460486
AT4G38050,-0.17519717
AT4G38060,0.37368402
AT4G38062,-0.13237204
AT4G38065,0.0164323
AT4G38070,0.0004565393
AT4G38080,0.089339815
AT4G38090,0.1349325
AT4G38092,-0.056000162
AT4G38100,0.22165613
AT4G38120,-0.12211267
AT4G38130,0.08577699
AT4G38140,0.013110843
AT4G38150,0.17790693
AT4G38160,-0.29967055
AT4G38170,-0.028106825
AT4G38180,0.043133616
AT4G38190,0.009132324
AT4G38200,0.02805469
AT4G38210,-0.16754751
AT4G38213,0.0010647321
AT4G38220,-0.014373737
AT4G38225,0.04524641
AT4G38230,0.07479825
AT4G38240,0.054246128
AT4G38250,0.27394825
AT4G38260,0.42787483
AT4G38270,0.07127433
AT4G38280,-0.112984575
AT4G38300,-0.08519399
AT4G38310,-0.034584578
AT4G38320,-0.098171614
AT4G38330,-0.32116342
AT4G38340,-0.365271
AT4G38350,-0.20473117
AT4G38360,0.23006497
AT4G38370,-0.26434925
AT4G38380,0.115107656
AT4G38390,0.030664422
AT4G38400,-0.39663014
AT4G38401,0.0038990555
AT4G38405,0.0038944315
AT4G38410,0.07026923
AT4G38420,0.2632974
AT4G38430,-0.42069566
AT4G38440,0.01209797
AT4G38460,0.22802658
AT4G38470,0.1916131
AT4G38480,-0.14901449
AT4G38490,0.03319862
AT4G38495,0.02605634
AT4G38500,0.060063858
AT4G38510,0.049190287
AT4G38520,-0.025534026
AT4G38530,-0.39439535
AT4G38540,0.56779104
AT4G38550,0.0035495907
AT4G38560,0.07420849
AT4G38570,-0.13566299
AT4G38580,0.08738273
AT4G38590,-0.04527967
AT4G38600,0.11054488
AT4G38620,0.010054418
AT4G38630,0.43024108
AT4G38640,0.042691335
AT4G38650,-0.0382288
AT4G38660,-0.33098003
AT4G38670,-0.14160894
AT4G38680,-0.023876252
AT4G38690,-0.3835381
AT4G38700,-0.24059868
AT4G38710,0.027611487
AT4G38730,-0.026166791
AT4G38740,0.03242787
AT4G38760,-0.11143271
AT4G38770,-0.5894113
AT4G38775,0.0016913624
AT4G38780,0.056393605
AT4G38781,0.0044162893
AT4G38790,0.3546723
AT4G38800,-0.0038933207
AT4G38810,0.05584396
AT4G38820,-0.026346983
AT4G38825,-0.20735122
AT4G38830,0.23995791
AT4G38840,-0.3807119
AT4G38850,-0.35277286
AT4G38860,-0.70486337
AT4G38870,0.065183155
AT4G38880,0.0015487281
AT4G38890,-0.022466518
AT4G38900,-0.19007194
AT4G38905,0.014916169
AT4G38910,-0.118037455
AT4G38920,0.14406127
AT4G38930,0.1761881
AT4G38940,0.28799084
AT4G38950,-0.2366886
AT4G38960,-0.18813312
AT4G38970,-0.5704921
AT4G38980,0.040565383
AT4G38990,0.0038944315
AT4G39000,0.015896572
AT4G39010,-0.047892407
AT4G39020,0.041607346
AT4G39030,1.4291121
AT4G39040,-0.29345998
AT4G39050,-0.17818242
AT4G39060,0.0240341
AT4G39070,-0.057547268
AT4G39080,0.1816715
AT4G39090,0.4078363
AT4G39100,0.00046799114
AT4G39110,0.009449527
AT4G39120,-0.2544026
AT4G39130,0.0037051935
AT4G39140,0.19610666
AT4G39150,0.016692705
AT4G39160,0.12372539
AT4G39170,0.0052793995
AT4G39180,-0.22372825
AT4G39190,-0.38147476
AT4G39200,-0.007989185
AT4G39210,-0.013924579
AT4G39220,0.15133666
AT4G39230,0.6121131
AT4G39235,-0.19189928
AT4G39240,0.039623942
AT4G39250,-0.010239956
AT4G39260,0.16231808
AT4G39270,0.8846116
AT4G39280,-0.009420645
AT4G39290,0.0033641057
AT4G39300,0.10186695
AT4G39320,-0.21955788
AT4G39330,-0.49774036
AT4G39340,0.004317794
AT4G39350,-0.4372985
AT4G39360,0.1257724
AT4G39370,0.12517391
AT4G39380,0.08606102
AT4G39390,0.3166005
AT4G39400,-0.27311894
AT4G39403,0.012793034
AT4G39410,-0.2541941
AT4G39420,0.11040107
AT4G39460,-0.20144099
AT4G39470,-0.07336738
AT4G39490,0.006437206
AT4G39500,0.12280562
AT4G39510,-0.59173566
AT4G39520,0.20686476
AT4G39530,-0.12172838
AT4G39540,0.11924433
AT4G39550,-0.13956688
AT4G39560,-0.13311495
AT4G39570,-0.03536312
AT4G39580,0.49018988
AT4G39590,0.030741312
AT4G39600,-0.30020624
AT4G39610,0.49583447
AT4G39620,-0.17450178
AT4G39630,-0.053063005
AT4G39640,0.07613612
AT4G39650,0.14311194
AT4G39660,0.09818984
AT4G39670,2.068601
AT4G39675,0.31769928
AT4G39680,-0.07750913
AT4G39690,0.17585768
AT4G39700,-0.19343913
AT4G39710,-0.610069
AT4G39720,0.19386719
AT4G39730,0.21104497
AT4G39740,0.31454107
AT4G39745,0.0038944315
AT4G39750,0.0039188187
AT4G39753,0.004073408
AT4G39756,0.004180538
AT4G39760,0.0039992225
AT4G39770,-0.4972577
AT4G39780,0.28780422
AT4G39790,-0.16684596
AT4G39795,-0.14521869
AT4G39800,-0.92306495
AT4G39810,-0.061190393
AT4G39820,0.3256563
AT4G39830,1.0303646
AT4G39840,-0.3422005
AT4G39850,0.30838516
AT4G39860,-0.031458586
AT4G39870,0.0029126138
AT4G39880,0.08198737
AT4G39890,0.28246546
AT4G39900,-0.34467125
AT4G39910,-0.043092724
AT4G39917,0.0038944315
AT4G39920,0.008392286
AT4G39925,-0.007368279
AT4G39930,-0.02867656
AT4G39940,0.45772886
AT4G39950,2.0631974
AT4G39952,0.12786166
AT4G39955,0.61157036
AT4G39960,-0.0065471535
AT4G39970,-0.46450928
AT4G39980,0.8839485
AT4G39990,-0.020983635
AT4G40000,-0.010238755
AT4G40010,0.11866733
AT4G40011,0.00069940026
AT4G40020,0.38166234
AT4G40030,-0.034342673
AT4G40042,0.17938553
AT4G40045,-0.23039287
AT4G40050,0.0923383
AT4G40060,-0.20631146
AT4G40063,0.018461289
AT4G40070,-0.089333974
AT4G40080,-0.06061234
AT4G40090,-0.035808045
AT4G40100,0.0036730124
AT5G00585,0.0038944315
AT5G01010,0.19732346
AT5G01015,-0.2947462
AT5G01017,-0.025729092
AT5G01020,-0.27934548
AT5G01030,-0.081214406
AT5G01040,0.003968744
AT5G01050,0.19807495
AT5G01060,-0.0048211683
AT5G01070,-0.0025636025
AT5G01075,-0.40092468
AT5G01080,0.0067254063
AT5G01090,-0.45681453
AT5G01100,0.89729553
AT5G01110,-0.12757505
AT5G01120,-0.012385423
AT5G01130,0.0039028923
AT5G01140,0.0038944315
AT5G01150,0.006014252
AT5G01160,0.07633697
AT5G01170,-0.23848994
AT5G01180,-0.020325206
AT5G01190,-0.059401702
AT5G01200,-0.08215756
AT5G01210,1.2250768
AT5G01220,-0.19138074
AT5G01225,0.32813725
AT5G01230,0.012678179
AT5G01240,-0.37995195
AT5G01250,0.7489411
AT5G01260,-0.1222684
AT5G01270,0.01997905
AT5G01280,0.027059987
AT5G01290,-0.023802413
AT5G01300,0.25589904
AT5G01305,0.0033765389
AT5G01310,-0.008699355
AT5G01320,-0.19056083
AT5G01330,-0.007536181
AT5G01340,0.6078436
AT5G01350,0.12021317
AT5G01360,-0.045079898
AT5G01370,-0.26320454
AT5G01380,0.98394257
AT5G01390,-0.14019133
AT5G01400,0.053956106
AT5G01410,0.1277209
AT5G01420,0.02852048
AT5G01440,0.0038944315
AT5G01445,-0.06316676
AT5G01450,0.2726567
AT5G01460,0.0014372877
AT5G01470,-0.20912497
AT5G01480,-0.08304477
AT5G01490,0.8768963
AT5G01500,0.8349328
AT5G01510,-0.111357175
AT5G01520,-0.0015666386
AT5G01530,-0.36893797
AT5G01540,0.5275143
AT5G01550,1.3901334
AT5G01560,0.13608389
AT5G01570,-0.049462527
AT5G01580,0.005817032
AT5G01590,-0.34802148
AT5G01600,0.6957963
AT5G01610,0.23597889
AT5G01620,-0.15217711
AT5G01630,0.06396692
AT5G01640,0.9999997
AT5G01650,0.10097953
AT5G01660,-0.12006413
AT5G01670,-0.015910054
AT5G01680,0.005028759
AT5G01690,0.0073396214
AT5G01700,-0.047036853
AT5G01710,-0.03455624
AT5G01720,0.4604566
AT5G01730,-0.24703763
AT5G01740,-0.2820679
AT5G01750,-0.16861862
AT5G01760,-0.03544447
AT5G01770,-0.08167765
AT5G01780,-0.047863558
AT5G01790,-0.3096209
AT5G01800,0.17456044
AT5G01810,-0.045382332
AT5G01820,0.36777696
AT5G01830,0.71696
AT5G01840,0.40768662
AT5G01850,0.7345914
AT5G01860,0.020612994
AT5G01870,0.044960115
AT5G01880,-0.009285291
AT5G01881,-0.04009592
AT5G01890,-0.34083462
AT5G01895,0.0032705134
AT5G01900,0.846652
AT5G01910,-0.071951896
AT5G01920,-0.37937388
AT5G01930,0.057386294
AT5G01940,0.07408416
AT5G01950,0.043370456
AT5G01960,0.20499061
AT5G01970,-0.065662876
AT5G01980,0.29955703
AT5G01990,0.13432874
AT5G02000,0.0124407895
AT5G02010,-0.2627748
AT5G02020,-0.061065968
AT5G02030,-0.11806258
AT5G02040,0.43441832
AT5G02050,0.25862056
AT5G02060,0.0075811357
AT5G02065,0.030520195
AT5G02070,0.020641131
AT5G02080,-0.05625551
AT5G02090,0.1383337
AT5G02100,0.44385183
AT5G02110,-0.02442612
AT5G02120,-0.33989254
AT5G02130,0.07091114
AT5G02140,0.017007438
AT5G02150,-0.105494104
AT5G02160,-0.49126828
AT5G02170,0.08718407
AT5G02180,-0.3507996
AT5G02190,-0.24305671
AT5G02200,-0.7417803
AT5G02210,0.01041958
AT5G02220,0.004780322
AT5G02230,-0.041647065
AT5G02240,0.062405545
AT5G02250,-0.21653539
AT5G02260,0.0044620037
AT5G02270,0.18899284
AT5G02280,0.057538822
AT5G02290,0.11627766
AT5G02310,0.09528508
AT5G02320,0.16423583
AT5G02330,-0.010186674
AT5G02340,0.0040413635
AT5G02350,-0.0077546057
AT5G02360,-0.0033518572
AT5G02370,-0.1568405
AT5G02380,0.090404786
AT5G02390,-0.015472521
AT5G02400,-0.08667624
AT5G02410,0.13344973
AT5G02420,0.46071318
AT5G02430,-0.0246387
AT5G02440,-0.27053764
AT5G02450,0.0372356
AT5G02460,-0.18568057
AT5G02470,-0.055150796
AT5G02480,-0.13304476
AT5G02490,0.9163451
AT5G02500,-0.012536012
AT5G02502,0.3515837
AT5G02510,-0.0017651003
AT5G02520,-0.091226965
AT5G02530,0.094341986
AT5G02540,-0.09168207
AT5G02550,0.06967125
AT5G02560,-0.0075136996
AT5G02570,0.24560995
AT5G02580,0.13306056
AT5G02590,0.33572233
AT5G02600,0.22254173
AT5G02610,0.08454946
AT5G02620,0.23616321
AT5G02630,0.23935561
AT5G02640,-0.032189026
AT5G02650,-0.03796277
AT5G02660,0.0063895113
AT5G02670,-0.3356659
AT5G02680,-0.019734858
AT5G02690,-0.08885618
AT5G02700,0.004174964
AT5G02710,-0.2887176
AT5G02720,0.04440531
AT5G02730,0.00455173
AT5G02740,-0.01180062
AT5G02750,-0.073108666
AT5G02760,-0.904002
AT5G02770,-0.015878856
AT5G02780,1.6206764
AT5G02790,0.06546942
AT5G02800,-0.04549701
AT5G02810,-0.24799198
AT5G02820,0.23075704
AT5G02830,-0.32868558
AT5G02840,-0.20998335
AT5G02850,0.07001914
AT5G02860,-0.1244305
AT5G02870,0.15201245
AT5G02880,0.06468046
AT5G02890,-0.4318163
AT5G02900,0.005453257
AT5G02910,-0.0521459
AT5G02920,0.004054015
AT5G02930,-0.006420542
AT5G02940,-0.4135976
AT5G02950,-0.3949716
AT5G02960,0.044280093
AT5G02970,-0.13515349
AT5G02980,0.004333352
AT5G02995,0.0038944315
AT5G03000,0.0044568437
AT5G03010,-0.00026253206
AT5G03020,0.003809997
AT5G03030,0.33826718
AT5G03040,-0.2421062
AT5G03050,-0.370697
AT5G03070,-0.13935454
AT5G03080,0.21291637
AT5G03090,0.0138556
AT5G03100,-0.03984947
AT5G03110,0.02133365
AT5G03120,-0.6724178
AT5G03130,-0.11233929
AT5G03140,-0.38027844
AT5G03150,-0.29752657
AT5G03160,0.53025097
AT5G03170,-0.24110289
AT5G03180,-0.25871304
AT5G03190,-0.3827792
AT5G03200,0.19244862
AT5G03204,0.19637644
AT5G03210,1.5808463
AT5G03220,-0.023661494
AT5G03230,-0.100735955
AT5G03240,0.18193161
AT5G03250,-0.1560937
AT5G03260,0.31518617
AT5G03270,-0.25275576
AT5G03280,-0.04250664
AT5G03290,0.46795872
AT5G03300,-0.1564912
AT5G03310,0.051545367
AT5G03320,0.29533353
AT5G03330,0.25793263
AT5G03340,0.31427237
AT5G03345,0.09827036
AT5G03350,1.2683545
AT5G03360,0.022667335
AT5G03370,0.052529644
AT5G03380,0.32503542
AT5G03390,-0.028899424
AT5G03400,0.003859315
AT5G03406,-0.061238218
AT5G03415,-0.023705743
AT5G03420,-0.0773847
AT5G03430,-0.09937451
AT5G03435,-0.25224105
AT5G03440,0.16796564
AT5G03450,-0.025100358
AT5G03455,0.11435046
AT5G03460,0.43577746
AT5G03470,0.024436139
AT5G03480,0.037610598
AT5G03490,0.31640536
AT5G03500,0.10986707
AT5G03510,-0.04578775
AT5G03520,-0.12642102
AT5G03530,-0.3608855
AT5G03540,0.0433005
AT5G03545,0.12982592
AT5G03550,0.13358013
AT5G03553,-0.037023105
AT5G03555,-0.23636091
AT5G03560,0.13280706
AT5G03570,0.0015627239
AT5G03580,0.0054470766
AT5G03590,0.12874626
AT5G03600,0.013020943
AT5G03610,1.4990429
AT5G03620,0.038962457
AT5G03630,0.55364996
AT5G03640,-0.40041474
AT5G03650,-0.34419146
AT5G03660,-0.005486861
AT5G03670,-0.02750119
AT5G03680,-0.05433778
AT5G03690,-0.017122665
AT5G03700,-0.04668999
AT5G03710,-0.008966962
AT5G03720,-0.29583684
AT5G03730,0.116032325
AT5G03740,0.10310835
AT5G03750,0.0038800158
AT5G03760,-0.6473288
AT5G03770,0.07006273
AT5G03780,-0.25050932
AT5G03790,-0.0029742115
AT5G03795,-0.08109173
AT5G03800,-0.16998154
AT5G03810,0.0038944315
AT5G03820,0.004424331
AT5G03830,-0.10920515
AT5G03840,-0.015082486
AT5G03860,-0.08111604
AT5G03870,-0.15975513
AT5G03880,-0.3259674
AT5G03885,0.0074093584
AT5G03890,0.16936593
AT5G03900,-0.081687205
AT5G03905,0.41686675
AT5G03910,0.033207674
AT5G03920,0.0121995555
AT5G03930,0.004018511
AT5G03940,-0.40706286
AT5G03944,0.0038944315
AT5G03960,-0.259223
AT5G03970,0.22251959
AT5G03980,0.0036513072
AT5G03990,0.1310591
AT5G03995,-0.08681943
AT5G04000,0.06020032
AT5G04010,0.15347663
AT5G04020,0.107049085
AT5G04030,0.0044656345
AT5G04040,0.13297036
AT5G04045,0.0077249003
AT5G04047,0.0038944315
AT5G04050,-0.16038774
AT5G04060,-0.2671167
AT5G04070,0.116740756
AT5G04080,0.09458301
AT5G04090,-0.065541364
AT5G04100,0.0038944315
AT5G04120,0.007760731
AT5G04130,0.008312647
AT5G04140,-0.59951884
AT5G04150,-0.10012219
AT5G04160,-0.0917354
AT5G04170,0.4044745
AT5G04180,0.023146458
AT5G04190,-0.596064
AT5G04200,0.7916451
AT5G04210,0.052177195
AT5G04220,0.21063715
AT5G04230,-0.44116178
AT5G04238,0.0042498787
AT5G04240,0.0019718993
AT5G04250,0.9998426
AT5G04260,0.25005645
AT5G04267,0.0065462417
AT5G04270,0.026265778
AT5G04280,0.10935793
AT5G04290,-0.14190517
AT5G04310,-0.018066881
AT5G04320,-0.07034323
AT5G04330,-0.0022557757
AT5G04340,1.3212355
AT5G04347,0.012852688
AT5G04350,0.0044024554
AT5G04360,-0.47174272
AT5G04370,-0.08328165
AT5G04380,0.036680825
AT5G04390,0.65088415
AT5G04395,0.004589295
AT5G04400,0.008933459
AT5G04410,0.25860533
AT5G04420,-0.040627647
AT5G04430,-0.15194176
AT5G04440,-0.114245616
AT5G04460,-0.028909395
AT5G04470,-0.05464677
AT5G04475,-0.021263473
AT5G04480,-0.22873525
AT5G04490,-0.20739342
AT5G04500,-0.0025856916
AT5G04510,-0.18408121
AT5G04520,0.28276196
AT5G04530,0.0071138055
AT5G04540,0.46557954
AT5G04550,-0.08880848
AT5G04560,-0.06317306
AT5G04590,0.040026184
AT5G04600,0.16346869
AT5G04610,0.08748642
AT5G04620,-0.32404432
AT5G04630,0.01702407
AT5G04640,0.0052353158
AT5G04660,-0.15533876
AT5G04670,-0.08278463
AT5G04680,-0.3612999
AT5G04690,-0.21534108
AT5G04700,-0.21435608
AT5G04710,-0.08403804
AT5G04720,0.18678313
AT5G04730,0.015830196
AT5G04740,0.22256327
AT5G04750,0.30446938
AT5G04760,0.10062933
AT5G04770,0.11071699
AT5G04780,-0.045075327
AT5G04790,-0.012508054
AT5G04800,0.15273842
AT5G04810,-0.37642708
AT5G04820,-0.3135361
AT5G04830,0.3533002
AT5G04840,0.13355266
AT5G04850,0.056345623
AT5G04853,0.0038944315
AT5G04860,0.35770324
AT5G04870,0.06120634
AT5G04885,-0.044999886
AT5G04890,-0.11541739
AT5G04895,0.08899876
AT5G04900,-0.18090098
AT5G04910,0.24932706
AT5G04920,0.12487411
AT5G04930,0.33559453
AT5G04933,0.0045294394
AT5G04937,0.031196361
AT5G04940,-0.067389585
AT5G04950,-0.05802116
AT5G04960,-0.004970921
AT5G04970,-0.0032277063
AT5G04980,0.07755108
AT5G04990,0.11678037
AT5G05000,-0.028308526
AT5G05010,-0.004035911
AT5G05020,0.004396781
AT5G05030,0.003878934
AT5G05040,0.0043152436
AT5G05050,0.0038944315
AT5G05060,-0.054219555
AT5G05070,0.008244478
AT5G05080,-0.060798373
AT5G05085,0.0030658834
AT5G05090,-0.06339588
AT5G05100,0.18911158
AT5G05110,0.31115043
AT5G05113,0.0036236818
AT5G05120,0.003901869
AT5G05130,-0.035999034
AT5G05140,0.21508813
AT5G05150,0.038736638
AT5G05160,-0.4366651
AT5G05170,-0.24167006
AT5G05180,-0.3525468
AT5G05190,0.29144612
AT5G05200,-0.023746463
AT5G05210,0.017074933
AT5G05220,0.5269204
AT5G05230,0.035462994
AT5G05240,0.014583938
AT5G05250,-0.21152331
AT5G05260,0.003856712
AT5G05270,-0.18239571
AT5G05280,0.0044457656
AT5G05285,0.0039446373
AT5G05290,0.0041655614
AT5G05300,0.64071625
AT5G05310,0.003819893
AT5G05320,0.03891024
AT5G05330,-0.2886335
AT5G05340,2.827203
AT5G05350,0.07553287
AT5G05360,0.14270379
AT5G05365,-0.1376953
AT5G05370,0.6042031
AT5G05380,0.35583624
AT5G05390,0.41527632
AT5G05400,-0.22679514
AT5G05410,1.0907677
AT5G05420,-0.08681929
AT5G05430,-0.03786166
AT5G05440,0.056226555
AT5G05450,-0.1308458
AT5G05460,0.40516993
AT5G05470,0.075864114
AT5G05480,-0.015488769
AT5G05490,-0.009740871
AT5G05500,-0.0017540032
AT5G05510,-0.11814896
AT5G05520,0.2324721
AT5G05530,0.12340909
AT5G05540,-0.06529837
AT5G05550,-0.1418861
AT5G05560,0.019816339
AT5G05570,-0.02726089
AT5G05580,-0.280811
AT5G05590,0.35662308
AT5G05598,0.0038944315
AT5G05600,0.7104349
AT5G05610,-0.024004025
AT5G05620,-0.25065222
AT5G05630,0.0048803114
AT5G05635,0.0008043001
AT5G05640,0.1342781
AT5G05650,0.0038855246
AT5G05653,-0.01193213
AT5G05657,0.004077068
AT5G05660,0.026483389
AT5G05670,0.08569008
AT5G05675,0.015187931
AT5G05680,0.07656003
AT5G05690,-0.16104598
AT5G05700,0.061664145
AT5G05710,0.09982595
AT5G05720,0.0048956056
AT5G05730,1.515977
AT5G05735,0.034566503
AT5G05740,-0.3836079
AT5G05750,0.11282131
AT5G05760,0.045390565
AT5G05770,0.01522142
AT5G05780,0.251462
AT5G05790,-0.225278
AT5G05800,-0.12569208
AT5G05810,-0.13617785
AT5G05820,-0.009533076
AT5G05825,0.0038944315
AT5G05830,-0.3755838
AT5G05840,-0.09258472
AT5G05850,0.30043903
AT5G05860,-0.013887589
AT5G05870,-0.11268708
AT5G05880,0.008349619
AT5G05890,-0.39843962
AT5G05900,0.0031307042
AT5G05910,0.0036786627
AT5G05920,0.11890366
AT5G05930,0.17777997
AT5G05940,-0.3038143
AT5G05950,0.083807506
AT5G05960,-0.54488194
AT5G05965,-0.05731508
AT5G05970,-0.2354266
AT5G05980,-0.04119243
AT5G05987,0.3411944
AT5G05990,-0.0574269
AT5G06000,-0.0584476
AT5G06010,0.004195337
AT5G06020,0.0038944315
AT5G06030,0.0038944315
AT5G06040,0.0038944315
AT5G06043,0.0031541109
AT5G06050,-0.23037662
AT5G06060,-0.18784136
AT5G06070,0.0038903614
AT5G06080,0.0041679996
AT5G06090,0.6906128
AT5G06100,0.06151834
AT5G06110,0.23214829
AT5G06120,-0.015234572
AT5G06130,-0.011899866
AT5G06140,0.037739005
AT5G06150,-0.10167936
AT5G06160,-0.023293482
AT5G06170,0.007835935
AT5G06180,-0.1235101
AT5G06190,0.17810158
AT5G06200,-0.052625794
AT5G06210,0.037814833
AT5G06220,-0.20773824
AT5G06230,1.0620726
AT5G06240,0.17871566
AT5G06250,0.11469842
AT5G06260,0.17278461
AT5G06265,-0.31472462
AT5G06270,-0.39431882
AT5G06280,-0.046583947
AT5G06290,-0.25999027
AT5G06300,-0.12764753
AT5G06310,-0.053523824
AT5G06320,0.91468376
AT5G06330,0.043609157
AT5G06340,-0.06390134
AT5G06350,-0.0354496
AT5G06360,0.17697768
AT5G06370,0.31312552
AT5G06380,-0.017652163
AT5G06390,-0.39721942
AT5G06400,-0.13787784
AT5G06410,0.1490996
AT5G06420,0.15296267
AT5G06430,0.045320768
AT5G06440,-0.17121415
AT5G06450,0.29549247
AT5G06460,0.010771132
AT5G06470,-0.3352987
AT5G06480,-0.0374254
AT5G06490,0.06153144
AT5G06500,0.029098524
AT5G06510,-0.50134367
AT5G06520,0.005024647
AT5G06530,-0.03866594
AT5G06540,-0.13395561
AT5G06550,0.15647191
AT5G06560,-0.022331716
AT5G06570,0.10736943
AT5G06580,0.035367195
AT5G06590,0.068134435
AT5G06600,0.14161064
AT5G06610,-0.13746034
AT5G06620,-0.022308692
AT5G06630,-0.0080640735
AT5G06640,-0.0021108158
AT5G06645,0.0037461955
AT5G06650,0.006976124
AT5G06660,0.19650811
AT5G06670,-0.47991577
AT5G06680,-0.12074212
AT5G06690,-0.2452364
AT5G06700,-0.3387685
AT5G06710,-0.27768728
AT5G06720,-0.001243035
AT5G06730,0.44907948
AT5G06740,0.44412068
AT5G06750,0.47984064
AT5G06755,0.010393647
AT5G06760,1.0066305
AT5G06770,-0.099815704
AT5G06780,0.06075271
AT5G06790,-0.48316774
AT5G06800,-0.28525242
AT5G06810,0.27083275
AT5G06811,0.025211139
AT5G06820,-0.027305188
AT5G06830,0.03405977
AT5G06839,0.29371127
AT5G06850,-0.19127496
AT5G06860,1.0598999
AT5G06870,0.31201783
AT5G06890,0.0023661894
AT5G06900,0.0035602164
AT5G06905,0.00085710455
AT5G06910,0.0012638457
AT5G06920,0.004123707
AT5G06930,-0.41040024
AT5G06940,-0.033423346
AT5G06950,-0.10722511
AT5G06960,0.19262683
AT5G06970,-0.1461938
AT5G06980,-0.3582748
AT5G06990,-0.055278685
AT5G07000,-0.3099459
AT5G07010,1.6628737
AT5G07020,-0.26620528
AT5G07030,-0.29923362
AT5G07040,0.0047463495
AT5G07050,0.0037450993
AT5G07060,0.022693602
AT5G07070,-0.04472721
AT5G07080,0.18863328
AT5G07090,-0.076995574
AT5G07100,-0.08911502
AT5G07110,-0.1934035
AT5G07120,0.037116084
AT5G07130,0.1700592
AT5G07140,-0.2354383
AT5G07150,0.08705613
AT5G07160,0.0039005454
AT5G07165,0.024778232
AT5G07170,0.004443661
AT5G07175,0.0038244305
AT5G07180,-0.25051
AT5G07190,0.007189298
AT5G07200,-0.020491531
AT5G07210,0.012952303
AT5G07220,0.06324688
AT5G07225,0.0038944315
AT5G07230,0.003624291
AT5G07240,-0.15632862
AT5G07250,-0.3219966
AT5G07260,0.025780143
AT5G07270,0.0151637085
AT5G07280,0.20891905
AT5G07290,0.09261518
AT5G07300,0.045974035
AT5G07310,0.5951468
AT5G07320,-0.12255413
AT5G07330,0.06587612
AT5G07340,0.12846343
AT5G07350,0.25938857
AT5G07360,0.24728481
AT5G07370,0.07542171
AT5G07380,-0.033624332
AT5G07390,0.043890204
AT5G07400,0.090110384
AT5G07410,0.005931463
AT5G07420,0.0042865924
AT5G07430,0.039638374
AT5G07440,1.8348217
AT5G07450,0.0061387713
AT5G07460,-0.087638736
AT5G07470,0.31242928
AT5G07475,0.14579445
AT5G07480,0.01273571
AT5G07490,0.004411563
AT5G07500,0.039611418
AT5G07510,0.033218794
AT5G07520,-0.032866236
AT5G07530,0.00451232
AT5G07540,0.0039046945
AT5G07545,0.0038944315
AT5G07550,0.04632159
AT5G07560,-0.017712913
AT5G07570,0.009393477
AT5G07571,-0.05693646
AT5G07572,0.0020422628
AT5G07580,-0.41512752
AT5G07590,-0.27085286
AT5G07600,0.010579534
AT5G07610,0.13360561
AT5G07620,-0.09201131
AT5G07630,-0.13621213
AT5G07640,-0.03373852
AT5G07645,0.0038944315
AT5G07650,0.31629765
AT5G07660,-0.029134637
AT5G07670,-0.17518158
AT5G07680,0.22164415
AT5G07690,-0.9716819
AT5G07700,-0.45309043
AT5G07710,-0.01210202
AT5G07720,-0.08370016
AT5G07730,0.46240094
AT5G07740,0.13997488
AT5G07760,-0.046471868
AT5G07765,0.0038944315
AT5G07770,0.1742627
AT5G07780,0.15069814
AT5G07790,-0.13273297
AT5G07800,-0.052474428
AT5G07810,-0.15271096
AT5G07820,-0.24587697
AT5G07830,-0.03588657
AT5G07840,-0.13956992
AT5G07850,0.0038944315
AT5G07860,-0.16863793
AT5G07870,-0.09528025
AT5G07880,-0.0052705235
AT5G07890,-0.10749802
AT5G07900,-0.13712288
AT5G07910,0.25936314
AT5G07920,0.013670571
AT5G07930,0.0041142334
AT5G07940,0.05471863
AT5G07950,0.18687801
AT5G07960,0.2324174
AT5G07970,0.06833481
AT5G07980,0.015290077
AT5G07990,-0.24655575
AT5G08000,-0.05144018
AT5G08005,0.0055754553
AT5G08010,-0.17564295
AT5G08020,0.0009521991
AT5G08030,-0.08203552
AT5G08040,-0.033080384
AT5G08050,-0.40997145
AT5G08055,0.0037451994
AT5G08060,0.28783852
AT5G08070,-0.22616382
AT5G08080,-0.044900715
AT5G08090,0.004360125
AT5G08100,-0.008425863
AT5G08110,-0.10591201
AT5G08120,-0.19288254
AT5G08130,-0.119340986
AT5G08139,0.07458499
AT5G08141,0.004888071
AT5G08150,-0.020619921
AT5G08160,0.31611457
AT5G08170,0.01384165
AT5G08180,0.18780501
AT5G08190,0.011152315
AT5G08200,0.15799896
AT5G08230,-0.13939707
AT5G08240,0.392405
AT5G08250,0.123390205
AT5G08260,-0.58929366
AT5G08270,-0.23552082
AT5G08280,-0.13982229
AT5G08290,0.10209394
AT5G08300,0.4844942
AT5G08305,0.103291295
AT5G08310,0.0062916777
AT5G08315,0.0041279644
AT5G08320,0.05465008
AT5G08330,-0.44022414
AT5G08335,0.09140131
AT5G08340,-0.067579806
AT5G08350,0.18060744
AT5G08360,0.15630215
AT5G08370,-0.3232977
AT5G08380,0.40988168
AT5G08390,-0.117748946
AT5G08391,-0.029227396
AT5G08400,-0.16455995
AT5G08410,0.048503
AT5G08415,-0.17701858
AT5G08420,-0.12424057
AT5G08430,-0.27292696
AT5G08440,-0.09511623
AT5G08450,0.010331675
AT5G08460,0.0029516432
AT5G08470,-0.018978512
AT5G08480,-0.006884266
AT5G08490,-0.15059794
AT5G08500,-0.07613066
AT5G08505,0.0039038628
AT5G08510,0.06906365
AT5G08520,-0.17206329
AT5G08530,0.11252442
AT5G08535,0.12074978
AT5G08540,0.00027091056
AT5G08550,0.099946655
AT5G08560,0.16695909
AT5G08565,0.3658502
AT5G08570,0.15843923
AT5G08580,-0.10077905
AT5G08590,-0.10733855
AT5G08600,-0.3436911
AT5G08610,0.002601726
AT5G08620,0.06050691
AT5G08630,0.064303875
AT5G08640,0.096742146
AT5G08650,-0.3171475
AT5G08660,0.27255777
AT5G08670,0.1852917
AT5G08680,0.27892745
AT5G08690,0.2309661
AT5G08695,0.0043497924
AT5G08710,-0.014471807
AT5G08720,-0.52465385
AT5G08730,0.04315424
AT5G08740,-0.063193955
AT5G08750,0.3691472
AT5G08760,0.005557438
AT5G08770,-0.010762633
AT5G08780,-0.31770557
AT5G08790,1.0790249
AT5G09210,0.03206775
AT5G09220,0.0149181485
AT5G09225,0.11936981
AT5G09230,0.020536646
AT5G09240,-0.42826793
AT5G09250,0.1082607
AT5G09260,0.14514369
AT5G09270,0.24096483
AT5G09280,0.0055907094
AT5G09290,0.71076113
AT5G09300,0.18619812
AT5G09310,0.19912799
AT5G09320,0.014902334
AT5G09330,0.43128133
AT5G09340,0.0038944315
AT5G09350,0.0040701902
AT5G09360,0.0033062298
AT5G09370,0.0693207
AT5G09380,0.044943493
AT5G09390,0.117997624
AT5G09400,0.111434095
AT5G09410,-0.16642125
AT5G09420,0.48155513
AT5G09430,0.086488046
AT5G09440,0.7746897
AT5G09445,-0.010919592
AT5G09450,0.10166415
AT5G09460,-0.30215153
AT5G09470,0.45244074
AT5G09480,0.13725509
AT5G09490,0.0072860545
AT5G09500,0.03692546
AT5G09510,0.18480329
AT5G09520,0.5480693
AT5G09530,1.6354476
AT5G09540,-0.11018608
AT5G09550,0.0040849647
AT5G09560,0.003917171
AT5G09570,0.28248444
AT5G09580,-0.0014062244
AT5G09590,0.3624362
AT5G09600,0.14584845
AT5G09610,0.06562829
AT5G09620,0.3499892
AT5G09630,0.10841888
AT5G09640,-0.008434367
AT5G09650,0.01615228
AT5G09660,-0.68467927
AT5G09670,-0.14414304
AT5G09680,0.20170186
AT5G09690,-0.07999251
AT5G09700,0.0016565534
AT5G09710,0.0038944315
AT5G09711,0.0045325267
AT5G09720,0.009355985
AT5G09730,-0.26295087
AT5G09740,-0.08780429
AT5G09750,-0.012263849
AT5G09760,-0.33744106
AT5G09770,-0.027935823
AT5G09780,0.00089904416
AT5G09790,0.07678342
AT5G09800,0.47305378
AT5G09805,-0.36915168
AT5G09810,0.0772346
AT5G09820,-0.55431473
AT5G09830,0.113946915
AT5G09840,-0.014455306
AT5G09850,-0.059538383
AT5G09860,-0.14807175
AT5G09870,-0.19841802
AT5G09876,0.11481073
AT5G09880,-0.024410417
AT5G09890,0.1584715
AT5G09900,0.24565257
AT5G09910,-0.001164802
AT5G09920,0.08089309
AT5G09930,0.21918519
AT5G09940,0.010958818
AT5G09950,-0.09744072
AT5G09960,-0.21541367
AT5G09970,0.08065752
AT5G09976,-0.16787802
AT5G09978,0.019580653
AT5G09980,0.05084112
AT5G09990,-0.13578458
AT5G09995,-0.19519125
AT5G10000,0.0042011794
AT5G10010,0.051908795
AT5G10020,-0.2314456
AT5G10030,-0.055278316
AT5G10040,0.011430803
AT5G10050,0.037279867
AT5G10060,-0.14212729
AT5G10070,0.10089391
AT5G10080,-0.26643077
AT5G10090,-0.042296797
AT5G10100,-0.06694948
AT5G10110,0.03392648
AT5G10120,0.030234309
AT5G10130,-0.010418214
AT5G10140,-0.78237313
AT5G10150,-0.5686041
AT5G10160,-0.09665701
AT5G10170,-1.028645
AT5G10180,-0.56650585
AT5G10190,0.11050198
AT5G10200,-0.12335486
AT5G10210,-0.0014954191
AT5G10220,0.006752092
AT5G10230,-0.024454206
AT5G10240,-0.17351848
AT5G10250,-0.4505676
AT5G10260,-0.049502566
AT5G10270,0.07229518
AT5G10280,0.06138849
AT5G10290,0.04093502
AT5G10300,0.743264
AT5G10310,-0.24609506
AT5G10320,-0.21394265
AT5G10330,-0.14632338
AT5G10336,-0.07083672
AT5G10340,0.0032484785
AT5G10350,0.027435675
AT5G10360,0.036121134
AT5G10370,-0.08275727
AT5G10380,0.3784399
AT5G10410,0.14147194
AT5G10420,0.0060898475
AT5G10430,-0.45159197
AT5G10435,0.0030575672
AT5G10440,0.012473553
AT5G10450,0.021631552
AT5G10460,0.050969694
AT5G10470,-0.41038978
AT5G10480,-0.15616749
AT5G10490,0.14742537
AT5G10500,-0.00080852275
AT5G10510,-0.14529043
AT5G10520,0.40798762
AT5G10530,-0.1820506
AT5G10540,-0.10477575
AT5G10550,-0.09031719
AT5G10560,-0.24275453
AT5G10570,-0.52472144
AT5G10580,0.027421853
AT5G10590,0.0038896662
AT5G10600,0.18069434
AT5G10605,-0.45480978
AT5G10610,0.29109612
AT5G10620,-0.18004344
AT5G10625,1.653998
AT5G10650,0.30610755
AT5G10660,0.032584
AT5G10680,-0.0043473784
AT5G10690,-0.3628771
AT5G10695,0.56985605
AT5G10700,0.14733769
AT5G10710,0.096644044
AT5G10720,-0.03128681
AT5G10730,0.27911857
AT5G10740,0.20309204
AT5G10745,0.0075582196
AT5G10750,0.06068115
AT5G10760,0.3979468
AT5G10770,-0.35725608
AT5G10780,0.26403278
AT5G10790,0.25807709
AT5G10800,-0.20784165
AT5G10810,0.047926918
AT5G10820,0.18673533
AT5G10830,0.13930358
AT5G10840,0.3768371
AT5G10860,0.20060313
AT5G10870,-0.0020678614
AT5G10880,0.041578148
AT5G10890,0.02927693
AT5G10900,0.02207508
AT5G10910,-0.039709263
AT5G10920,0.023669578
AT5G10930,-0.24516098
AT5G10940,-0.00041383939
AT5G10946,-0.03488815
AT5G10950,-0.061092477
AT5G10960,0.033340063
AT5G10970,-0.08223644
AT5G10990,0.0073820804
AT5G11000,-0.040255155
AT5G11010,0.077143066
AT5G11020,-0.22590119
AT5G11030,0.1358357
AT5G11040,0.1099387
AT5G11050,0.004570384
AT5G11060,0.10317571
AT5G11070,-0.63318026
AT5G11080,0.0010614895
AT5G11090,0.20051467
AT5G11100,-0.17764969
AT5G11110,0.27223226
AT5G11130,0.005733795
AT5G11140,0.1348557
AT5G11150,0.025706872
AT5G11160,-0.108661674
AT5G11170,0.14867471
AT5G11180,0.0055551673
AT5G11190,0.13700484
AT5G11200,0.20389126
AT5G11210,1.881271
AT5G11220,0.0043590213
AT5G11230,0.34245786
AT5G11240,0.16441679
AT5G11250,-0.123775326
AT5G11260,0.57296604
AT5G11270,-0.11567193
AT5G11280,0.09320075
AT5G11290,0.14521562
AT5G11300,-0.06145273
AT5G11310,0.013404564
AT5G11320,0.081752144
AT5G11330,-0.17170717
AT5G11340,0.19314837
AT5G11350,-0.0821637
AT5G11360,0.013100348
AT5G11370,0.0054304353
AT5G11380,-0.13033192
AT5G11390,0.08593283
AT5G11400,0.0065790825
AT5G11410,-0.09487667
AT5G11412,-0.10057935
AT5G11416,0.051204603
AT5G11420,-0.6698532
AT5G11425,0.0042824973
AT5G11430,0.00041410638
AT5G11440,0.03882371
AT5G11450,-0.11198831
AT5G11460,-0.17449255
AT5G11470,-0.25025555
AT5G11480,-0.22556649
AT5G11490,0.042009894
AT5G11500,0.10657958
AT5G11510,0.019355448
AT5G11520,1.2135173
AT5G11530,0.024689808
AT5G11540,-0.093116604
AT5G11550,-0.48437497
AT5G11560,0.17999697
AT5G11565,0.0038944315
AT5G11570,0.003465836
AT5G11580,-0.21841969
AT5G11590,0.036236
AT5G11600,0.04382381
AT5G11610,-0.15597875
AT5G11620,-0.03554008
AT5G11630,0.24151963
AT5G11640,-0.015239156
AT5G11650,0.42129764
AT5G11660,0.0038944315
AT5G11670,0.16340478
AT5G11680,0.15402313
AT5G11690,-0.184768
AT5G11700,-0.042377323
AT5G11710,-0.088858135
AT5G11720,-0.0606443
AT5G11730,0.1668012
AT5G11740,0.010564387
AT5G11750,-0.12797476
AT5G11760,0.09811374
AT5G11770,0.36453235
AT5G11780,-0.053229094
AT5G11790,-0.3891743
AT5G11800,-0.062171463
AT5G11810,0.2636337
AT5G11820,0.0051849824
AT5G11830,0.003762463
AT5G11840,0.09046223
AT5G11850,0.1111288
AT5G11860,0.25440916
AT5G11870,0.16807239
AT5G11880,-0.035899825
AT5G11890,-0.27194607
AT5G11900,0.18149172
AT5G11910,0.07887306
AT5G11920,0.09031153
AT5G11930,-0.073991
AT5G11940,0.004781255
AT5G11950,0.22833322
AT5G11960,0.16140425
AT5G11970,0.17653926
AT5G11975,0.004389383
AT5G11980,0.09011727
AT5G11990,-0.12748475
AT5G12000,0.048114475
AT5G12010,0.611298
AT5G12020,1.2467042
AT5G12030,1.2234217
AT5G12040,0.1493754
AT5G12043,0.003231843
AT5G12050,-0.6172673
AT5G12060,0.0039023738
AT5G12070,0.0038944315
AT5G12080,-0.23131007
AT5G12090,0.0038944315
AT5G12100,-0.09004101
AT5G12110,-0.31088522
AT5G12120,0.048981424
AT5G12130,0.0357414
AT5G12140,-0.17987424
AT5G12150,-0.38743937
AT5G12170,0.47264484
AT5G12180,0.04909733
AT5G12190,0.30816078
AT5G12200,0.08107946
AT5G12210,0.15410687
AT5G12220,0.044920415
AT5G12230,-0.009224032
AT5G12235,-0.034641907
AT5G12236,-0.0010885174
AT5G12240,0.045054663
AT5G12250,-0.4413279
AT5G12260,-0.09666636
AT5G12270,0.008930112
AT5G12280,0.025425455
AT5G12290,0.15803526
AT5G12300,0.34828237
AT5G12310,0.09636424
AT5G12320,-0.038766973
AT5G12330,0.19147956
AT5G12340,1.9845806
AT5G12350,0.053006846
AT5G12360,-0.06938821
AT5G12365,0.0038944315
AT5G12370,-0.0018454815
AT5G12380,0.030161476
AT5G12390,0.30061063
AT5G12400,0.07994222
AT5G12410,-0.025786014
AT5G12420,0.09146413
AT5G12430,-0.010152779
AT5G12440,-0.3879844
AT5G12450,-0.004960388
AT5G12460,0.00499728
AT5G12470,-0.14948545
AT5G12480,0.046672717
AT5G12840,-0.078515686
AT5G12850,-0.05365935
AT5G12860,0.0043016374
AT5G12870,0.049918503
AT5G12880,0.3288933
AT5G12890,0.24659295
AT5G12900,-0.5338407
AT5G12910,0.00358741
AT5G12920,-0.00802865
AT5G12930,1.3475356
AT5G12940,-0.7839475
AT5G12950,-0.3221385
AT5G12960,0.013114347
AT5G12970,0.036136724
AT5G12980,0.021938713
AT5G12990,0.0031887535
AT5G13000,-0.39074183
AT5G13010,0.016058186
AT5G13020,0.119897194
AT5G13030,0.28451285
AT5G13050,0.10952046
AT5G13060,-0.07962387
AT5G13070,0.19295187
AT5G13080,2.0864117
AT5G13090,-0.37423798
AT5G13100,-0.27466556
AT5G13110,0.2766389
AT5G13120,-0.16648448
AT5G13130,-0.003695855
AT5G13140,-0.7437143
AT5G13150,0.04021915
AT5G13160,0.12913302
AT5G13170,0.54202336
AT5G13180,0.2084768
AT5G13181,0.050362755
AT5G13190,0.6046923
AT5G13200,0.6450274
AT5G13210,0.29016092
AT5G13220,1.250125
AT5G13230,-0.013398972
AT5G13240,-0.0374457
AT5G13250,-0.15032734
AT5G13260,0.0019017806
AT5G13270,-0.07598617
AT5G13280,0.13715099
AT5G13290,-0.27397788
AT5G13295,0.0007650461
AT5G13300,-0.15426719
AT5G13310,0.23718868
AT5G13320,2.113992
AT5G13330,1.4026986
AT5G13340,-0.055530217
AT5G13350,0.006112712
AT5G13360,0.020904392
AT5G13370,0.71005553
AT5G13380,0.0035357217
AT5G13390,0.039688755
AT5G13400,-0.35350254
AT5G13410,-0.2391473
AT5G13420,0.68419677
AT5G13430,0.4402407
AT5G13440,0.31693777
AT5G13450,0.20387904
AT5G13460,-0.4748311
AT5G13470,0.048627675
AT5G13480,0.014169971
AT5G13490,1.6583171
AT5G13500,0.26623076
AT5G13510,-0.24764179
AT5G13520,-0.17723918
AT5G13530,0.04984632
AT5G13550,0.6432375
AT5G13560,0.03163549
AT5G13565,0.014290827
AT5G13570,-0.05872831
AT5G13580,0.8351233
AT5G13590,-0.12234589
AT5G13600,0.012862978
AT5G13610,0.063973494
AT5G13620,0.0038321419
AT5G13630,-0.4505365
AT5G13640,-0.104599304
AT5G13650,-0.20358877
AT5G13660,-0.246644
AT5G13670,0.0045165033
AT5G13680,0.07334819
AT5G13690,-0.27952674
AT5G13700,0.5214025
AT5G13710,-0.03368955
AT5G13720,0.013968316
AT5G13730,-0.39234707
AT5G13740,0.03606811
AT5G13750,0.99575275
AT5G13760,0.2274363
AT5G13770,-0.5969117
AT5G13780,0.17512707
AT5G13790,-0.021611476
AT5G13800,0.38658306
AT5G13810,0.22858137
AT5G13820,1.1780545
AT5G13825,0.0048373844
AT5G13830,0.062843636
AT5G13840,-0.11806565
AT5G13850,0.11402335
AT5G13860,0.4612476
AT5G13870,-0.12600963
AT5G13880,0.09321972
AT5G13890,0.14418411
AT5G13900,0.20839073
AT5G13910,0.0049432963
AT5G13920,-0.28353852
AT5G13930,-0.0014229367
AT5G13940,0.01536182
AT5G13950,-0.12367597
AT5G13960,-0.053989153
AT5G13970,0.073689245
AT5G13980,-0.3151926
AT5G13990,-0.022815885
AT5G14000,0.10670894
AT5G14010,0.004721723
AT5G14020,0.012630078
AT5G14030,0.3070899
AT5G14040,0.30913636
AT5G14050,0.06654749
AT5G14060,-0.42424718
AT5G14070,-0.14584361
AT5G14080,-0.057248652
AT5G14090,-0.42909208
AT5G14100,-0.29079643
AT5G14105,0.26105893
AT5G14110,-0.0386587
AT5G14120,-0.005155603
AT5G14130,0.095361434
AT5G14140,0.012953065
AT5G14150,0.005621623
AT5G14160,0.015337761
AT5G14170,0.08357159
AT5G14180,0.7392319
AT5G14200,-0.43374598
AT5G14210,-0.43794438
AT5G14220,-0.12702
AT5G14230,-0.21658993
AT5G14240,0.09062315
AT5G14250,0.15741244
AT5G14260,-0.20714198
AT5G14270,0.114321835
AT5G14275,0.0041248132
AT5G14280,-0.09198713
AT5G14285,0.18555148
AT5G14290,0.0034099466
AT5G14300,0.004867328
AT5G14310,0.24196096
AT5G14320,-0.31500116
AT5G14330,0.011217792
AT5G14340,0.005073977
AT5G14345,0.0041499273
AT5G14360,-0.37289408
AT5G14370,-0.2620119
AT5G14380,0.014295249
AT5G14390,-0.019649483
AT5G14400,-0.023013128
AT5G14410,-0.16702455
AT5G14420,0.42934957
AT5G14430,-0.1513231
AT5G14440,-0.021374365
AT5G14450,-0.2181567
AT5G14460,-0.14300466
AT5G14470,0.8566985
AT5G14480,0.1892416
AT5G14490,0.06664413
AT5G14500,-0.009708699
AT5G14510,0.0039203973
AT5G14515,-6.341065e-05
AT5G14520,0.08345723
AT5G14530,0.032647554
AT5G14540,0.21676403
AT5G14550,0.035535585
AT5G14560,0.00391643
AT5G14570,0.04435371
AT5G14580,0.018699741
AT5G14590,0.16605853
AT5G14600,0.09528279
AT5G14602,0.061411034
AT5G14610,-0.42128244
AT5G14620,-0.12066875
AT5G14640,0.32723632
AT5G14650,0.43517038
AT5G14660,-0.3115626
AT5G14670,0.034998562
AT5G14680,0.06049256
AT5G14690,-0.07647375
AT5G14700,0.4763348
AT5G14710,0.025919659
AT5G14720,-0.0967874
AT5G14730,0.39694747
AT5G14740,-0.81485534
AT5G14750,-0.028005771
AT5G14760,0.1908809
AT5G14770,-0.04017481
AT5G14780,0.4858446
AT5G14790,0.055330787
AT5G14800,0.31136164
AT5G14820,-0.17455924
AT5G14850,-0.10200683
AT5G14860,0.066201314
AT5G14870,0.00082561496
AT5G14880,-0.15455925
AT5G14890,0.044102356
AT5G14895,0.03520075
AT5G14900,0.014619823
AT5G14910,-0.2303279
AT5G14920,-0.18292151
AT5G14930,0.18764688
AT5G14940,-0.06723004
AT5G14950,0.12568626
AT5G14960,0.18244456
AT5G14970,-0.25478473
AT5G14980,0.005388605
AT5G14990,0.0068342634
AT5G14995,0.0038944315
AT5G15000,0.0038944315
AT5G15008,0.0039525325
AT5G15010,-0.15063794
AT5G15020,-0.061802838
AT5G15025,0.014407513
AT5G15030,0.0030769175
AT5G15040,0.0040802
AT5G15050,-0.21082811
AT5G15060,0.004373564
AT5G15070,-0.2890586
AT5G15080,0.13851355
AT5G15090,0.30601707
AT5G15100,0.0052959197
AT5G15110,0.004014911
AT5G15120,-0.06375923
AT5G15130,0.80620795
AT5G15140,-0.020604461
AT5G15150,-0.21708
AT5G15160,-0.51142424
AT5G15170,-0.21206605
AT5G15180,0.025613157
AT5G15190,0.4053333
AT5G15200,0.12081646
AT5G15210,-0.29299322
AT5G15220,-0.102460206
AT5G15230,-0.72287804
AT5G15240,0.4572123
AT5G15250,0.12634842
AT5G15260,0.269921
AT5G15265,0.06179506
AT5G15270,-0.052961767
AT5G15280,-0.20717418
AT5G15290,-0.014524055
AT5G15300,-0.01753437
AT5G15310,-0.52549267
AT5G15320,0.1389723
AT5G15330,-0.1824001
AT5G15340,-0.11529908
AT5G15350,-0.21193635
AT5G15360,0.0036248674
AT5G15380,0.03268374
AT5G15390,-0.24006282
AT5G15400,0.16355798
AT5G15410,0.082228936
AT5G15420,-0.03021417
AT5G15430,-0.008734739
AT5G15440,-0.034830615
AT5G15450,-0.05829012
AT5G15460,-0.06816683
AT5G15470,0.23706543
AT5G15480,0.036572203
AT5G15490,0.6634971
AT5G15500,-0.30565864
AT5G15510,-0.08728739
AT5G15520,-0.051237617
AT5G15530,-0.10680624
AT5G15533,0.0040847813
AT5G15537,-0.06583553
AT5G15540,0.04091162
AT5G15550,0.303005
AT5G15560,0.0039593885
AT5G15570,-0.035863087
AT5G15580,-0.5922575
AT5G15581,-0.007946019
AT5G15600,-0.19800575
AT5G15610,0.0070563904
AT5G15620,0.011445868
AT5G15630,0.20884253
AT5G15640,0.9091014
AT5G15650,0.445578
AT5G15660,0.2873982
AT5G15670,0.0039918595
AT5G15680,-0.0075142593
AT5G15685,0.00418639
AT5G15690,0.003934778
AT5G15700,0.09485921
AT5G15710,0.07352978
AT5G15720,0.0061109406
AT5G15725,0.0037976268
AT5G15730,0.20713471
AT5G15740,-0.2888516
AT5G15745,0.0032874832
AT5G15750,0.14725007
AT5G15760,0.073386885
AT5G15770,-0.06513976
AT5G15780,-0.77187115
AT5G15790,-0.37142396
AT5G15800,-0.26293105
AT5G15802,0.100262225
AT5G15810,0.036351442
AT5G15820,0.023290081
AT5G15830,-0.352597
AT5G15840,-0.09680417
AT5G15843,0.0015901206
AT5G15850,-0.017873118
AT5G15853,0.039935704
AT5G15860,0.010381789
AT5G15870,0.51049596
AT5G15880,0.055628378
AT5G15890,0.012347214
AT5G15900,-0.17723835
AT5G15910,0.017196232
AT5G15920,-0.1259331
AT5G15930,-0.105252154
AT5G15940,0.08057363
AT5G15950,-0.080726184
AT5G15960,0.07360276
AT5G15970,-0.052253645
AT5G15980,0.10837046
AT5G16000,-0.4853189
AT5G16010,0.18034424
AT5G16020,0.17242502
AT5G16023,-0.21990639
AT5G16030,-0.9873574
AT5G16040,-0.10171924
AT5G16050,0.18128757
AT5G16060,0.13354664
AT5G16070,-0.0776302
AT5G16080,1.1181133
AT5G16090,0.020956019
AT5G16100,0.004424868
AT5G16110,-0.03389556
AT5G16120,0.21378392
AT5G16130,-0.007947282
AT5G16140,-0.25112423
AT5G16150,0.161968
AT5G16160,0.1024731
AT5G16170,0.47709763
AT5G16180,-0.26874447
AT5G16190,-0.28663507
AT5G16200,-0.053900335
AT5G16210,-0.05892038
AT5G16220,0.04419626
AT5G16230,0.10337767
AT5G16240,-0.54917544
AT5G16250,-0.26849487
AT5G16260,-0.07617309
AT5G16270,0.0014303755
AT5G16280,-0.025200395
AT5G16285,0.0073264334
AT5G16290,-0.031302016
AT5G16300,0.1252772
AT5G16310,-0.13207911
AT5G16320,0.19174798
AT5G16330,0.025395237
AT5G16340,-0.12271827
AT5G16350,-0.18296087
AT5G16360,1.1851159
AT5G16370,0.32174805
AT5G16380,0.25193635
AT5G16390,-0.4028163
AT5G16400,-0.39414325
AT5G16410,-0.15823758
AT5G16420,-0.096825
AT5G16430,0.0040066317
AT5G16440,0.24449301
AT5G16450,0.48957148
AT5G16453,0.007613716
AT5G16460,0.012339356
AT5G16470,0.15614112
AT5G16480,-0.10123085
AT5G16486,0.0073459814
AT5G16490,-0.07138272
AT5G16500,0.004314408
AT5G16510,0.41009095
AT5G16520,0.100705564
AT5G16530,-0.3966626
AT5G16540,-0.36862925
AT5G16550,0.04447737
AT5G16560,-0.15598114
AT5G16570,-0.12225927
AT5G16580,0.006541488
AT5G16590,-0.67319083
AT5G16600,-0.38386127
AT5G16610,-0.13927206
AT5G16620,-0.046064425
AT5G16630,-0.0043621636
AT5G16640,-0.09469006
AT5G16650,-0.08138388
AT5G16660,0.07833758
AT5G16680,0.09229071
AT5G16690,0.17211378
AT5G16700,0.004063544
AT5G16710,-0.36431316
AT5G16715,-0.36874127
AT5G16720,-0.46686026
AT5G16730,-0.213968
AT5G16740,-0.018145906
AT5G16750,0.16860302
AT5G16760,0.17380963
AT5G16770,0.023582399
AT5G16780,-0.06647842
AT5G16790,-0.30535156
AT5G16800,0.00896432
AT5G16810,-0.3175092
AT5G16820,-0.085395284
AT5G16830,0.17891991
AT5G16840,0.1311206
AT5G16850,0.033920098
AT5G16860,0.14804299
AT5G16870,-0.09066085
AT5G16880,0.28046003
AT5G16890,-0.14270204
AT5G16900,0.07391786
AT5G16910,0.50946933
AT5G16920,0.014887136
AT5G16930,0.24277061
AT5G16940,-0.14455302
AT5G16950,0.32403418
AT5G16960,0.96166235
AT5G16970,1.0002242
AT5G16980,1.0227445
AT5G16990,-0.16995136
AT5G17000,0.27663144
AT5G17010,0.17219782
AT5G17020,0.16988343
AT5G17030,0.011890858
AT5G17040,-0.008327985
AT5G17050,0.08349299
AT5G17060,0.26225758
AT5G17070,0.056683224
AT5G17080,0.0039015717
AT5G17090,-0.00422559
AT5G17100,0.003433116
AT5G17110,0.0037836023
AT5G17120,0.0038741205
AT5G17130,0.0043837596
AT5G17140,0.0038944315
AT5G17150,-0.08736622
AT5G17160,-0.23067981
AT5G17165,-0.059340026
AT5G17167,0.0042226785
AT5G17170,-0.4199214
AT5G17180,0.0049457457
AT5G17190,0.42677042
AT5G17200,0.005580651
AT5G17210,0.15894566
AT5G17220,-0.030830935
AT5G17230,-0.4262682
AT5G17240,-0.08637836
AT5G17250,-0.06491216
AT5G17260,-0.09814248
AT5G17270,0.014775678
AT5G17280,0.5023382
AT5G17290,0.06296808
AT5G17300,-0.25975683
AT5G17305,0.004495325
AT5G17310,-0.38231674
AT5G17320,0.004064453
AT5G17330,0.9386928
AT5G17340,0.006854214
AT5G17345,0.0037952776
AT5G17350,0.63497394
AT5G17360,0.0033972536
AT5G17370,0.10232643
AT5G17380,1.3747253
AT5G17390,0.87692255
AT5G17400,-0.06037337
AT5G17410,-0.222176
AT5G17420,0.052673053
AT5G17430,0.022844994
AT5G17440,-0.058673143
AT5G17450,0.33115074
AT5G17460,0.53625757
AT5G17470,0.0043025548
AT5G17480,0.003974562
AT5G17490,0.11975348
AT5G17500,0.008560713
AT5G17510,-0.03942732
AT5G17520,-0.10251049
AT5G17522,-0.011738715
AT5G17523,0.0038242713
AT5G17530,-0.00040432066
AT5G17540,-0.012698077
AT5G17550,0.13341871
AT5G17560,0.12146696
AT5G17570,0.05142315
AT5G17580,-0.2909745
AT5G17590,0.012250803
AT5G17600,-0.48142156
AT5G17610,0.14825265
AT5G17620,-0.15418874
AT5G17630,-0.10906593
AT5G17640,0.18318374
AT5G17650,0.9430971
AT5G17660,-0.27071935
AT5G17670,-0.32523692
AT5G17680,-0.04943551
AT5G17690,0.040161222
AT5G17700,-0.16952
AT5G17710,-0.1728306
AT5G17720,0.0038858613
AT5G17730,0.0038944315
AT5G17740,0.0038057314
AT5G17750,0.004174633
AT5G17760,0.9021776
AT5G17770,0.3306492
AT5G17780,0.18006988
AT5G17790,-0.14262664
AT5G17800,-0.028274516
AT5G17810,0.0007749358
AT5G17820,-0.0036589466
AT5G17830,-0.12084424
AT5G17840,0.029492414
AT5G17847,0.0027689745
AT5G17850,0.23020756
AT5G17860,0.70566183
AT5G17870,-0.3189958
AT5G17880,0.021377774
AT5G17890,-0.0640331
AT5G17900,-0.04759826
AT5G17910,0.024362585
AT5G17920,-0.010161847
AT5G17930,-0.10809369
AT5G17950,0.003891092
AT5G17960,0.005650248
AT5G17970,0.010309626
AT5G17980,-0.46474847
AT5G17990,1.1096214
AT5G18000,-0.016630664
AT5G18010,-0.3070773
AT5G18020,-0.6178957
AT5G18030,-0.44106984
AT5G18037,0.016986944
AT5G18040,-0.01144701
AT5G18050,-0.4125377
AT5G18060,-0.4277371
AT5G18065,0.028467694
AT5G18070,0.3927723
AT5G18080,-0.65185577
AT5G18090,-0.0029291727
AT5G18100,-0.24558069
AT5G18110,0.27537975
AT5G18120,-0.032619875
AT5G18130,0.3733101
AT5G18140,-0.15798521
AT5G18150,0.30392322
AT5G18160,0.0039467625
AT5G18170,-0.14268245
AT5G18180,0.047636837
AT5G18190,-0.026514871
AT5G18200,0.120993674
AT5G18210,-0.061360806
AT5G18220,0.022597669
AT5G18230,-0.09992752
AT5G18240,-0.19653003
AT5G18250,0.05325083
AT5G18260,-0.2522014
AT5G18270,1.3608004
AT5G18280,-0.031910554
AT5G18290,0.036032513
AT5G18300,-0.04928525
AT5G18310,0.35804316
AT5G18320,0.037432738
AT5G18330,-0.0050178026
AT5G18340,-0.38881633
AT5G18350,0.4492029
AT5G18360,-0.12688573
AT5G18370,0.029741695
AT5G18380,0.050431713
AT5G18390,0.09115384
AT5G18400,0.4412895
AT5G18403,0.0040393523
AT5G18404,-0.111727625
AT5G18407,-0.01920414
AT5G18410,-0.2617261
AT5G18420,0.14518218
AT5G18430,-0.18439703
AT5G18440,-0.0566566
AT5G18450,0.0026471028
AT5G18460,-0.45810997
AT5G18470,0.5627379
AT5G18475,-0.10609456
AT5G18480,0.4266217
AT5G18490,0.4375362
AT5G18500,-0.08450063
AT5G18510,0.028266815
AT5G18520,0.1289865
AT5G18525,0.21135513
AT5G18540,0.10045458
AT5G18550,0.053930078
AT5G18560,0.009845315
AT5G18570,-0.43632936
AT5G18580,-0.041646678
AT5G18590,-0.14944196
AT5G18600,-0.11632957
AT5G18610,0.109315686
AT5G18620,-0.058089316
AT5G18630,-0.054669976
AT5G18636,0.32725134
AT5G18640,-0.039994344
AT5G18650,-0.13868855
AT5G18660,-0.6240867
AT5G18661,0.05871515
AT5G18670,-0.13699512
AT5G18680,-0.0055751055
AT5G18690,-0.5211703
AT5G18700,-0.3782482
AT5G18705,0.004510297
AT5G18710,-0.06178914
AT5G18720,0.007702322
AT5G18730,-0.001359793
AT5G18735,-0.003227884
AT5G18740,-0.09946441
AT5G18748,0.0045580934
AT5G18750,0.16373624
AT5G18760,-0.0014256239
AT5G18770,-0.10577356
AT5G18780,0.5783052
AT5G18800,0.29918995
AT5G18810,0.04566765
AT5G18820,0.065891184
AT5G18830,-0.0018866969
AT5G18840,-0.015307106
AT5G18850,0.09724652
AT5G18860,-0.14763421
AT5G18870,0.004460191
AT5G18880,0.0039204913
AT5G18890,0.006915416
AT5G18900,0.29129198
AT5G18910,0.000986658
AT5G18920,-0.020664135
AT5G18930,-0.40130118
AT5G18933,0.0039839614
AT5G18937,0.0017844973
AT5G18940,0.079285465
AT5G18950,0.03264627
AT5G18960,-0.090907685
AT5G18970,-0.23951156
AT5G18980,-0.028990343
AT5G18990,0.0051922235
AT5G19000,0.2898559
AT5G19010,-0.16733648
AT5G19020,-0.13960971
AT5G19025,0.052162886
AT5G19030,0.19645582
AT5G19040,-0.0154149635
AT5G19050,0.2021484
AT5G19060,-0.06329507
AT5G19070,0.06879356
AT5G19080,0.10611009
AT5G19090,-0.47733068
AT5G19100,0.015634375
AT5G19110,0.57538116
AT5G19120,-0.017208913
AT5G19130,0.011158277
AT5G19140,0.060306568
AT5G19150,0.099897124
AT5G19151,0.10649947
AT5G19160,-0.09328851
AT5G19170,-0.06730989
AT5G19172,0.0045168777
AT5G19175,0.0038944315
AT5G19180,0.07224197
AT5G19190,-0.8972892
AT5G19200,0.16231032
AT5G19210,-0.27825126
AT5G19220,-0.46868065
AT5G19230,0.96188307
AT5G19240,0.50367844
AT5G19250,0.20123239
AT5G19260,-0.34805563
AT5G19270,0.0032881822
AT5G19280,0.010909431
AT5G19290,-0.22051297
AT5G19300,0.038414452
AT5G19310,-0.10178777
AT5G19315,0.0034905793
AT5G19320,0.14534758
AT5G19330,0.022780867
AT5G19340,0.041546367
AT5G19350,0.102632485
AT5G19360,0.0056925677
AT5G19370,0.010101869
AT5G19380,0.031915385
AT5G19390,-0.359442
AT5G19400,0.24843721
AT5G19410,0.20917666
AT5G19420,0.09753432
AT5G19430,-0.11274328
AT5G19440,1.0854285
AT5G19450,0.08777901
AT5G19460,-0.17852592
AT5G19470,-0.19639987
AT5G19473,0.02266269
AT5G19480,-0.06356061
AT5G19485,0.29455063
AT5G19490,0.09488547
AT5G19500,-0.34323302
AT5G19510,0.07759651
AT5G19520,-0.10941418
AT5G19530,-0.36590743
AT5G19540,0.12942186
AT5G19550,0.7294441
AT5G19560,0.0012183903
AT5G19570,0.016172921
AT5G19580,-0.45165858
AT5G19590,0.14063133
AT5G19595,0.0072921216
AT5G19600,0.03327249
AT5G19610,0.004308253
AT5G19620,-0.16641434
AT5G19630,0.028244503
AT5G19633,0.0038470097
AT5G19640,0.0040365807
AT5G19650,0.03940803
AT5G19660,-0.008434375
AT5G19670,-0.2550737
AT5G19675,-0.004685801
AT5G19680,0.13435148
AT5G19690,0.19237937
AT5G19700,-0.008742717
AT5G19710,0.0038944315
AT5G19720,0.0101374965
AT5G19730,-0.17507476
AT5G19740,-0.49827218
AT5G19750,0.28258654
AT5G19760,-0.05030197
AT5G19770,-0.18316698
AT5G19780,-0.10028922
AT5G19790,-0.0116479695
AT5G19800,0.00442517
AT5G19810,-0.08991591
AT5G19820,-0.0023898657
AT5G19830,-0.01438561
AT5G19840,-0.015665479
AT5G19850,0.14023347
AT5G19855,0.30578187
AT5G19860,0.21933639
AT5G19870,0.0829142
AT5G19875,0.04136854
AT5G19880,0.78180724
AT5G19890,1.1059314
AT5G19900,-0.11647451
AT5G19910,0.043761253
AT5G19920,-0.09199136
AT5G19930,0.25976357
AT5G19940,-0.39858124
AT5G19950,0.18355109
AT5G19960,0.16455035
AT5G19970,-0.06845382
AT5G19980,0.3820095
AT5G19990,0.12401703
AT5G20000,0.77117497
AT5G20010,0.18923847
AT5G20020,0.41787243
AT5G20030,-0.12310159
AT5G20040,-0.13563488
AT5G20045,-0.0036923166
AT5G20050,0.21362858
AT5G20060,0.0015886705
AT5G20070,-0.05184136
AT5G20080,0.19263871
AT5G20090,0.26942044
AT5G20100,0.007580644
AT5G20110,-0.05858003
AT5G20120,0.12244206
AT5G20130,0.09714619
AT5G20140,-0.30099052
AT5G20150,0.46628222
AT5G20160,0.2384214
AT5G20165,0.17905809
AT5G20170,-0.042099517
AT5G20180,0.14548416
AT5G20190,-0.048595797
AT5G20200,0.0059310407
AT5G20220,-0.31725574
AT5G20230,1.6290332
AT5G20240,0.2659739
AT5G20250,0.21207444
AT5G20260,0.030260013
AT5G20270,-0.41376638
AT5G20280,0.08732894
AT5G20290,0.027803196
AT5G20300,0.11066332
AT5G20310,0.004152463
AT5G20320,-0.123721085
AT5G20330,0.004602693
AT5G20340,0.0038944315
AT5G20350,0.0811308
AT5G20360,-0.113293
AT5G20370,0.024656167
AT5G20380,0.16421841
AT5G20390,0.0039009359
AT5G20400,0.12573093
AT5G20410,-0.30801752
AT5G20420,-0.058584016
AT5G20430,0.005382637
AT5G20440,0.0038383268
AT5G20447,0.0038944315
AT5G20450,-0.18289442
AT5G20460,0.0038944315
AT5G20470,0.0035035207
AT5G20480,0.54308945
AT5G20490,0.04119872
AT5G20500,0.1994456
AT5G20510,-0.09188948
AT5G20520,-0.015029757
AT5G20540,-0.2418871
AT5G20550,0.01535096
AT5G20560,0.0047368463
AT5G20570,0.31548724
AT5G20580,-0.09788287
AT5G20590,-0.10638538
AT5G20600,0.088749915
AT5G20610,0.082328685
AT5G20620,0.14350328
AT5G20630,0.13290015
AT5G20635,-0.18809982
AT5G20640,-0.09491973
AT5G20650,0.2050363
AT5G20655,0.0038944315
AT5G20670,-0.27066043
AT5G20680,0.10665641
AT5G20690,-0.003379383
AT5G20700,-0.12157392
AT5G20710,-0.07838916
AT5G20720,-0.031409785
AT5G20730,0.10738948
AT5G20740,-0.2756532
AT5G20790,0.19410539
AT5G20810,0.18551767
AT5G20820,-0.070183754
AT5G20830,1.6358529
AT5G20840,-0.09533013
AT5G20850,0.08436533
AT5G20860,0.108998716
AT5G20870,-0.065758996
AT5G20885,-0.40885416
AT5G20890,0.042957023
AT5G20900,0.11664135
AT5G20910,0.6036238
AT5G20920,0.16130036
AT5G20930,0.06270513
AT5G20935,-0.2496264
AT5G20940,1.053514
AT5G20950,0.5242551
AT5G20960,1.0174491
AT5G20970,-0.27349472
AT5G20980,-0.07668022
AT5G20990,0.1789605
AT5G20995,0.006722932
AT5G21010,0.059794743
AT5G21020,0.14122212
AT5G21030,0.0582452
AT5G21040,-0.0033633597
AT5G21050,0.014719464
AT5G21060,-0.10584557
AT5G21070,0.09228432
AT5G21080,0.007695939
AT5G21090,0.253507
AT5G21100,-0.44026127
AT5G21105,0.1537266
AT5G21120,0.0066232854
AT5G21125,0.0038944315
AT5G21130,0.0013979845
AT5G21140,0.094641805
AT5G21150,-0.0054788343
AT5G21160,0.009619902
AT5G21170,-0.08337798
AT5G21222,-0.48142472
AT5G21274,0.06360814
AT5G21280,0.0624191
AT5G21326,-0.043091606
AT5G21430,-0.8803475
AT5G21482,0.030413324
AT5G21900,0.4020119
AT5G21910,-0.052034184
AT5G21920,-0.33449578
AT5G21930,-0.5272662
AT5G21940,0.07795217
AT5G21950,-0.10470328
AT5G21960,0.059282854
AT5G21970,-0.06765508
AT5G21990,0.12074271
AT5G22000,0.20479997
AT5G22010,-0.08626351
AT5G22020,0.01592517
AT5G22030,0.013363858
AT5G22040,-0.05209804
AT5G22050,-0.2770107
AT5G22060,0.46197453
AT5G22070,0.0137917325
AT5G22080,0.069726996
AT5G22090,-0.22698575
AT5G22100,0.26633164
AT5G22110,0.037856292
AT5G22120,0.266098
AT5G22130,0.090955175
AT5G22140,0.33498585
AT5G22145,0.0045709363
AT5G22150,-0.0010862341
AT5G22160,0.0038944315
AT5G22170,0.0037883834
AT5G22180,0.0038944315
AT5G22190,0.004141551
AT5G22200,0.08239554
AT5G22210,0.04168507
AT5G22220,0.09962854
AT5G22240,-0.056806907
AT5G22250,0.39820883
AT5G22260,-0.00886002
AT5G22270,0.26921484
AT5G22280,0.17357129
AT5G22290,0.014688705
AT5G22300,1.6597409
AT5G22310,-0.31975567
AT5G22320,-0.03749164
AT5G22330,0.029948696
AT5G22340,-0.29156652
AT5G22350,0.4479752
AT5G22355,0.0012674285
AT5G22360,0.25508213
AT5G22370,0.07396439
AT5G22380,0.08246214
AT5G22390,-0.44532815
AT5G22400,-0.052085813
AT5G22410,0.007440818
AT5G22420,-0.00038113506
AT5G22430,0.010472176
AT5G22440,0.013892914
AT5G22450,0.00704476
AT5G22460,-0.7403056
AT5G22470,0.001056682
AT5G22480,0.3322127
AT5G22490,0.0051777046
AT5G22500,0.8998394
AT5G22505,0.0039807786
AT5G22510,-0.09317058
AT5G22520,0.54621977
AT5G22530,0.4752694
AT5G22540,0.83151275
AT5G22545,0.65923506
AT5G22550,0.16564912
AT5G22555,0.008925767
AT5G22560,0.0627023
AT5G22570,0.9609301
AT5G22580,-0.90305835
AT5G22590,0.0038944315
AT5G22600,0.00391838
AT5G22608,0.066646524
AT5G22610,0.018034833
AT5G22620,-0.5573229
AT5G22630,0.61208373
AT5G22640,-0.4804078
AT5G22650,0.09442944
AT5G22660,0.013032314
AT5G22670,0.0028676412
AT5G22680,-0.016999243
AT5G22690,-0.08495898
AT5G22700,-0.20421253
AT5G22720,0.0070936307
AT5G22730,0.030705415
AT5G22740,-0.21974938
AT5G22750,-0.08138478
AT5G22760,-0.072182275
AT5G22765,0.0037208293
AT5G22770,0.14124249
AT5G22780,0.20081191
AT5G22785,0.003916727
AT5G22790,0.05457377
AT5G22791,0.0014229609
AT5G22794,-0.19638719
AT5G22796,-0.11004711
AT5G22799,-0.19929104
AT5G22800,-0.24238604
AT5G22810,0.0030639805
AT5G22820,-0.037203204
AT5G22830,-0.1455723
AT5G22840,0.0758936
AT5G22850,0.2590885
AT5G22860,0.4420764
AT5G22870,-0.059147906
AT5G22875,-0.07990195
AT5G22880,-0.13395952
AT5G22890,0.006879384
AT5G22900,0.0038944315
AT5G22910,0.006448462
AT5G22920,-0.25085747
AT5G22930,-0.1988024
AT5G22940,-0.3467058
AT5G22950,0.102789246
AT5G22960,0.0038923637
AT5G22970,0.0039137867
AT5G22980,0.0038843611
AT5G22990,0.003906732
AT5G23000,0.4413474
AT5G23010,-0.57585764
AT5G23020,-0.5229283
AT5G23030,0.0015913447
AT5G23035,0.004005687
AT5G23040,0.034188498
AT5G23050,0.23281328
AT5G23060,-0.78674245
AT5G23070,0.13503407
AT5G23080,-0.006628195
AT5G23090,0.036460143
AT5G23100,-0.54083484
AT5G23110,0.09100596
AT5G23120,-0.32998914
AT5G23130,-0.083159804
AT5G23140,0.21095829
AT5G23150,0.098890156
AT5G23160,0.32177213
AT5G23170,-0.2341327
AT5G23180,0.003908687
AT5G23190,0.49322477
AT5G23200,-0.062706836
AT5G23210,-0.3420972
AT5G23212,0.0038562184
AT5G23220,0.0130616715
AT5G23230,0.19428653
AT5G23240,0.27453506
AT5G23250,0.11077052
AT5G23260,0.012641321
AT5G23270,0.0014762034
AT5G23280,-0.46612668
AT5G23290,0.09151536
AT5G23300,0.15093248
AT5G23310,-0.042798307
AT5G23320,0.00016652483
AT5G23330,0.10200566
AT5G23340,0.31941256
AT5G23350,-0.10075434
AT5G23360,-0.26711932
AT5G23370,-0.26120505
AT5G23380,-0.03500548
AT5G23390,0.07473851
AT5G23395,0.08062195
AT5G23400,-0.19553928
AT5G23405,-0.046668205
AT5G23411,0.014275119
AT5G23420,-0.106645666
AT5G23430,-0.08574816
AT5G23440,-0.0031673785
AT5G23450,-0.010349426
AT5G23460,-0.17618288
AT5G23470,0.014467227
AT5G23480,-0.30287865
AT5G23490,0.16403636
AT5G23510,0.13164084
AT5G23520,0.22740132
AT5G23530,0.1065797
AT5G23535,0.116788454
AT5G23540,0.48817208
AT5G23550,-0.028271034
AT5G23570,-0.2029628
AT5G23575,0.14413457
AT5G23580,0.053946998
AT5G23590,0.07307928
AT5G23600,-0.07777291
AT5G23610,0.10600861
AT5G23630,0.20417748
AT5G23650,0.003912728
AT5G23660,0.16365705
AT5G23670,-0.081525676
AT5G23680,-0.08263865
AT5G23690,-0.056730866
AT5G23700,0.13338257
AT5G23710,0.13153249
AT5G23720,-0.020927118
AT5G23730,0.04785716
AT5G23740,0.02087746
AT5G23750,-0.5534404
AT5G23760,-0.19009215
AT5G23770,-0.3488686
AT5G23780,-0.06994004
AT5G23790,0.0016364343
AT5G23800,-0.2501861
AT5G23810,-0.18430258
AT5G23820,0.4438436
AT5G23830,0.055185944
AT5G23840,0.016392509
AT5G23850,0.33549616
AT5G23860,-0.46172142
AT5G23870,-0.07498404
AT5G23880,-0.030925876
AT5G23890,-0.072758704
AT5G23900,-0.03487224
AT5G23903,0.004112395
AT5G23908,0.0038944315
AT5G23910,-0.19999546
AT5G23920,-0.13625632
AT5G23930,-0.032996546
AT5G23940,0.06803874
AT5G23950,0.75482005
AT5G23960,0.004714656
AT5G23970,0.0052162795
AT5G23980,-0.16933413
AT5G23990,-0.042420868
AT5G24000,-0.2154334
AT5G24010,-0.1729827
AT5G24020,0.12220398
AT5G24030,0.77288634
AT5G24040,0.08365507
AT5G24050,0.007275404
AT5G24060,-0.020908669
AT5G24070,0.007951893
AT5G24080,1.5870951
AT5G24090,0.663892
AT5G24100,-0.005325388
AT5G24105,-0.29196423
AT5G24110,-0.03857942
AT5G24120,-0.18688226
AT5G24130,0.0022278067
AT5G24140,0.28698108
AT5G24150,0.5987578
AT5G24155,-0.0036801796
AT5G24160,0.56450737
AT5G24165,-0.14870377
AT5G24170,0.031079805
AT5G24180,0.011832801
AT5G24190,0.08569914
AT5G24200,1.8653854
AT5G24210,0.7226798
AT5G24215,0.015705945
AT5G24220,0.0046958183
AT5G24230,0.24475245
AT5G24240,0.15709232
AT5G24260,0.32940486
AT5G24270,0.07052367
AT5G24275,0.00512494
AT5G24280,-0.10378677
AT5G24290,0.023070566
AT5G24300,-0.36787722
AT5G24310,-0.2214954
AT5G24313,0.0036183365
AT5G24314,-0.26893488
AT5G24316,0.042713646
AT5G24318,-0.040954668
AT5G24320,-0.0004008313
AT5G24330,-0.009044704
AT5G24340,-0.07201671
AT5G24350,-0.0038575418
AT5G24352,0.15389724
AT5G24355,0.004605758
AT5G24360,0.14065224
AT5G24370,0.005478378
AT5G24380,0.0035482496
AT5G24390,-0.16348034
AT5G24400,0.05797525
AT5G24410,-0.006332086
AT5G24420,-0.45645717
AT5G24430,0.43193975
AT5G24440,0.0038994818
AT5G24450,0.05912518
AT5G24460,0.18883686
AT5G24470,0.32898366
AT5G24480,0.004522487
AT5G24490,-0.43006384
AT5G24500,0.16948034
AT5G24510,-0.056837868
AT5G24520,0.075363
AT5G24530,0.6345478
AT5G24540,0.33833623
AT5G24550,0.022691479
AT5G24560,0.003425682
AT5G24570,0.30191278
AT5G24580,-0.9322812
AT5G24590,0.18396969
AT5G24600,0.40721488
AT5G24610,0.05729267
AT5G24620,-0.18821622
AT5G24630,0.12779205
AT5G24640,0.5721795
AT5G24650,0.10389137
AT5G24655,0.057163823
AT5G24660,-0.2679869
AT5G24670,-0.041730676
AT5G24680,-0.020675926
AT5G24690,-0.029914506
AT5G24710,0.044146422
AT5G24740,0.0010486742
AT5G24750,-0.19637245
AT5G24760,0.70140284
AT5G24770,0.58220494
AT5G24780,0.6800464
AT5G24790,0.0040182476
AT5G24800,0.011512761
AT5G24810,0.19044597
AT5G24820,0.10478553
AT5G24830,-0.13974345
AT5G24840,0.043587506
AT5G24850,-0.06366689
AT5G24860,0.3829871
AT5G24870,0.13283978
AT5G24879,0.0039083394
AT5G24880,0.018815763
AT5G24890,-0.11110065
AT5G24900,-0.00028371438
AT5G24910,0.6802204
AT5G24920,-0.21073382
AT5G24930,-0.17608547
AT5G24940,0.0037101097
AT5G24950,0.0037558607
AT5G24960,0.0005658471
AT5G24970,0.07213547
AT5G24980,0.3476801
AT5G24990,-0.18448047
AT5G25000,0.0046264674
AT5G25010,0.06904848
AT5G25020,0.011440307
AT5G25030,0.0038944315
AT5G25040,-0.048815597
AT5G25050,0.1891907
AT5G25060,0.017207349
AT5G25070,0.04620872
AT5G25080,0.028454646
AT5G25090,-0.14154877
AT5G25100,-0.05193532
AT5G25110,-0.4929701
AT5G25120,0.058928147
AT5G25130,0.03471434
AT5G25140,-0.14393777
AT5G25150,-0.04800616
AT5G25160,0.01761347
AT5G25170,0.09956836
AT5G25180,0.2542163
AT5G25190,-0.6784639
AT5G25195,0.0038944315
AT5G25200,0.004900309
AT5G25210,-0.18639524
AT5G25220,0.02901412
AT5G25230,0.14877625
AT5G25240,-0.23751803
AT5G25250,1.3538647
AT5G25260,1.4745985
AT5G25265,0.07903523
AT5G25270,0.069931306
AT5G25280,-0.0650266
AT5G25290,0.026817106
AT5G25300,0.005241882
AT5G25310,-0.011303048
AT5G25320,0.034417395
AT5G25330,0.006858369
AT5G25340,0.00579834
AT5G25350,0.27061078
AT5G25360,0.026400352
AT5G25370,-0.2310728
AT5G25380,-0.08267731
AT5G25390,-0.114997596
AT5G25400,0.00461719
AT5G25410,0.0039045773
AT5G25415,0.0019051203
AT5G25420,0.0026700795
AT5G25425,0.0038944315
AT5G25430,0.0030193904
AT5G25440,0.30337226
AT5G25450,0.37279868
AT5G25460,-1.042341
AT5G25470,-0.19708472
AT5G25475,-0.399137
AT5G25480,0.07661964
AT5G25490,-0.11973572
AT5G25500,-0.07202826
AT5G25510,0.05502816
AT5G25520,-0.03091347
AT5G25530,-0.0069767963
AT5G25540,0.27980402
AT5G25550,-0.0013738461
AT5G25560,-0.06615122
AT5G25570,-0.010278886
AT5G25580,-0.15247704
AT5G25590,-0.37760493
AT5G25600,0.002115553
AT5G25610,-0.21480165
AT5G25620,-0.233935
AT5G25630,-0.32652012
AT5G25640,0.023594925
AT5G25750,0.003872251
AT5G25752,0.0038944315
AT5G25754,0.08773825
AT5G25755,-0.094607
AT5G25756,0.025301255
AT5G25760,0.051435906
AT5G25770,0.6202264
AT5G25780,0.06232332
AT5G25790,0.049471598
AT5G25800,0.023855127
AT5G25810,-0.20867725
AT5G25820,0.6568923
AT5G25830,-0.18872076
AT5G25840,-0.2813332
AT5G25850,0.0038944315
AT5G25860,0.0038944315
AT5G25870,0.004099474
AT5G25880,0.04809037
AT5G25890,0.32290754
AT5G25900,0.010894095
AT5G25910,0.6422124
AT5G25920,0.35490045
AT5G25930,0.98938197
AT5G25940,0.5284029
AT5G25950,0.004077731
AT5G25960,0.0037369241
AT5G25970,0.030601129
AT5G25980,-0.19072318
AT5G25990,-0.01518559
AT5G25995,-0.010329957
AT5G26000,-0.26698565
AT5G26010,-0.022060031
AT5G26030,0.6320434
AT5G26040,0.17904137
AT5G26050,0.006049831
AT5G26060,0.0038944315
AT5G26070,0.0037704848
AT5G26080,0.0038091494
AT5G26090,0.0044402704
AT5G26100,0.0041262615
AT5G26110,0.15754989
AT5G26120,0.022016196
AT5G26130,0.0038932746
AT5G26140,0.0033015627
AT5G26150,-0.0011123028
AT5G26160,-0.13654016
AT5G26170,0.28392312
AT5G26180,0.114367165
AT5G26190,-0.14139305
AT5G26200,-0.15551059
AT5G26210,-0.049355343
AT5G26220,0.19696398
AT5G26230,-0.41604748
AT5G26240,0.043970484
AT5G26250,0.01279368
AT5G26260,0.1941861
AT5G26262,0.0039032225
AT5G26270,0.044683393
AT5G26280,0.09204069
AT5G26290,-0.0026152611
AT5G26300,0.02726644
AT5G26310,0.004548122
AT5G26320,0.006347593
AT5G26330,-0.28300008
AT5G26340,1.3595096
AT5G26360,-0.056177508
AT5G26570,-0.010220885
AT5G26580,0.0040735505
AT5G26594,0.0038944315
AT5G26600,0.24366324
AT5G26610,0.06641155
AT5G26617,0.004275541
AT5G26620,0.0111332955
AT5G26622,-0.110239975
AT5G26630,-0.04104428
AT5G26640,0.0038944315
AT5G26650,0.003923847
AT5G26660,0.5000589
AT5G26667,0.16267036
AT5G26670,-0.5195077
AT5G26673,0.0041655316
AT5G26680,0.296341
AT5G26690,1.015863
AT5G26692,0.0038944315
AT5G26700,0.35080168
AT5G26710,0.08129298
AT5G26717,0.0038944315
AT5G26718,0.0038944315
AT5G26730,-0.035650786
AT5G26731,0.27216884
AT5G26734,0.0038944315
AT5G26742,-0.15751408
AT5G26749,-0.04553379
AT5G26751,0.12728645
AT5G26760,-0.002676844
AT5G26770,0.08104136
AT5G26780,-0.12606768
AT5G26790,-0.08400261
AT5G26800,0.041913215
AT5G26805,0.0038982676
AT5G26810,0.0042734942
AT5G26820,-0.22349714
AT5G26830,0.083467506
AT5G26840,0.0039017668
AT5G26850,-0.48942748
AT5G26860,0.31167617
AT5G26865,0.01706719
AT5G26880,-0.07273372
AT5G26890,0.010965194
AT5G26900,0.013266551
AT5G26910,-0.32710716
AT5G26920,0.99202424
AT5G26930,0.0019501643
AT5G26940,0.33932087
AT5G26950,0.017883295
AT5G26955,0.0038924173
AT5G26960,-0.12133273
AT5G26970,-0.028556054
AT5G26980,-0.095258676
AT5G26990,0.18355928
AT5G27000,0.05342113
AT5G27010,0.04400511
AT5G27020,-0.02702464
AT5G27030,0.070265256
AT5G27060,1.2782232
AT5G27065,0.003999132
AT5G27070,-0.0052320454
AT5G27080,0.004656579
AT5G27090,0.006205447
AT5G27100,0.10178167
AT5G27110,-0.17225331
AT5G27120,0.12452086
AT5G27130,0.07485871
AT5G27140,0.008240114
AT5G27150,0.25759134
AT5G27170,0.0038944315
AT5G27200,-0.0009339458
AT5G27210,0.20308919
AT5G27220,-0.133462
AT5G27230,-0.08633991
AT5G27238,0.0038944315
AT5G27240,-0.28822383
AT5G27247,0.0038953668
AT5G27260,0.001889674
AT5G27270,-0.21769176
AT5G27280,0.28862223
AT5G27290,-0.7695155
AT5G27300,-0.38246974
AT5G27310,0.0039972016
AT5G27320,0.059883934
AT5G27330,-0.05330281
AT5G27340,0.0039022856
AT5G27350,0.70393586
AT5G27360,-0.49714574
AT5G27370,0.0042861206
AT5G27380,0.3999203
AT5G27390,-0.3466731
AT5G27395,0.14183697
AT5G27400,-0.25596455
AT5G27410,-0.101412386
AT5G27420,0.91967726
AT5G27430,0.19705145
AT5G27440,-0.004167194
AT5G27450,0.07834507
AT5G27460,0.0074212514
AT5G27470,0.14815621
AT5G27490,0.011111535
AT5G27493,0.031982835
AT5G27495,0.0038944315
AT5G27510,0.015117598
AT5G27520,0.74863744
AT5G27530,0.0038944315
AT5G27540,0.15796687
AT5G27550,-0.11407984
AT5G27560,-0.29339245
AT5G27570,0.006460212
AT5G27580,0.008447097
AT5G27600,0.4741318
AT5G27606,0.0038944315
AT5G27607,0.0038944315
AT5G27610,0.48580042
AT5G27620,-0.06607586
AT5G27630,-0.15945162
AT5G27640,0.22360654
AT5G27650,-0.042650748
AT5G27660,-0.020157179
AT5G27670,-0.015293484
AT5G27680,-0.052713785
AT5G27690,-0.04830732
AT5G27700,0.18473
AT5G27710,0.09288669
AT5G27720,0.19721399
AT5G27730,-0.111198306
AT5G27740,-0.17381795
AT5G27750,0.106145196
AT5G27760,0.96777916
AT5G27765,0.2932904
AT5G27770,0.09029946
AT5G27780,-0.092494875
AT5G27790,0.0038981421
AT5G27800,0.003911949
AT5G27810,0.0056827073
AT5G27820,-0.03793891
AT5G27830,0.27237365
AT5G27840,0.062162425
AT5G27850,0.047906358
AT5G27860,0.007826568
AT5G27870,-0.0009298511
AT5G27880,0.0038944315
AT5G27889,0.009044333
AT5G27890,0.025354326
AT5G27893,0.018116392
AT5G27910,-0.0009736282
AT5G27920,0.7172685
AT5G27930,0.17409801
AT5G27940,0.009284631
AT5G27944,0.0038944315
AT5G27945,-0.0031199038
AT5G27950,-0.18588048
AT5G27960,0.0039313296
AT5G27970,-0.01724937
AT5G27980,0.014288419
AT5G27990,0.021512568
AT5G28000,0.00010673795
AT5G28010,0.074365355
AT5G28020,-0.44297028
AT5G28030,-0.05657081
AT5G28040,0.013185195
AT5G28050,0.73386294
AT5G28060,-0.022378387
AT5G28080,0.04274184
AT5G28090,0.003860344
AT5G28150,-0.045796767
AT5G28160,0.0039014185
AT5G28180,0.0039265677
AT5G28190,0.0037239455
AT5G28210,0.0015712228
AT5G28220,0.0035416323
AT5G28235,0.30325678
AT5G28237,1.3749679
AT5G28288,0.0038944315
AT5G28290,-0.013694157
AT5G28295,0.0039046824
AT5G28300,-0.3153716
AT5G28310,0.0066849287
AT5G28320,-0.16391395
AT5G28340,-0.004656257
AT5G28345,-0.114674516
AT5G28350,0.08923167
AT5G28370,0.015459548
AT5G28380,0.06469772
AT5G28390,-0.14645813
AT5G28400,-0.19065815
AT5G28410,0.003957874
AT5G28420,0.0005651436
AT5G28440,0.0038944315
AT5G28450,0.009089372
AT5G28460,-0.020385494
AT5G28462,0.0038373743
AT5G28463,0.0039145215
AT5G28470,0.0041800006
AT5G28490,-0.13834289
AT5G28491,0.0039004274
AT5G28500,-0.16634725
AT5G28510,0.013966896
AT5G28520,0.0072886082
AT5G28530,-0.009817037
AT5G28540,0.6194463
AT5G28550,0.0038944315
AT5G28560,0.0038861071
AT5G28590,0.0038944315
AT5G28610,-0.038003784
AT5G28615,0.0039137867
AT5G28620,0.0038944315
AT5G28630,-0.33525476
AT5G28640,0.09422595
AT5G28646,1.1788055
AT5G28650,0.056457162
AT5G28660,0.0034114302
AT5G28680,0.0038944315
AT5G28690,0.0039009359
AT5G28720,0.0039399285
AT5G28730,0.0038944315
AT5G28740,0.10342649
AT5G28750,-0.07452891
AT5G28770,-0.3775232
AT5G28780,0.0038944315
AT5G28810,-0.04039766
AT5G28820,0.0038944315
AT5G28823,0.004007638
AT5G28830,0.486465
AT5G28840,-0.084917404
AT5G28850,-0.13297413
AT5G28885,0.0038944315
AT5G28900,-0.101861954
AT5G28910,-0.36398235
AT5G28919,0.114823855
AT5G28920,-0.10957677
AT5G28950,0.0039011312
AT5G28960,-0.007967966
AT5G29000,0.421005
AT5G29050,0.0039069294
AT5G29054,0.0038944315
AT5G29070,0.0038944315
AT5G29210,0.0039031124
AT5G29560,0.0064731003
AT5G29576,0.0038944315
AT5G29613,0.0039917897
AT5G29624,0.003923587
AT5G30341,0.003951968
AT5G30360,0.004081619
AT5G30490,0.116420686
AT5G30495,-0.0044424203
AT5G30500,0.10569937
AT5G30510,-0.2355848
AT5G30520,0.0038998628
AT5G31412,0.0038944315
AT5G32440,0.17982794
AT5G32450,-0.17937897
AT5G32460,0.044563983
AT5G32470,0.09613215
AT5G32590,0.07348479
AT5G32613,0.0038944315
AT5G32619,0.0038944315
AT5G32670,0.0039013934
AT5G33210,0.0039255964
AT5G33280,-0.100456655
AT5G33290,0.5086067
AT5G33300,0.016348423
AT5G33320,0.12515657
AT5G33330,0.013691905
AT5G33340,0.0058553293
AT5G33355,0.013005368
AT5G33370,0.24954736
AT5G33390,-0.010646242
AT5G33393,0.0038944315
AT5G33406,0.007858737
AT5G33806,0.0038944315
AT5G33898,0.0038944315
AT5G34581,0.0038944315
AT5G34780,0.0038408267
AT5G34828,0.0038944315
AT5G34829,0.0038944315
AT5G34830,0.03212944
AT5G34850,0.16616555
AT5G34869,0.00393985
AT5G34870,0.0039137867
AT5G34881,0.0038944315
AT5G34882,0.0038944315
AT5G34883,0.0038944315
AT5G34885,0.0038944315
AT5G34887,0.0039452594
AT5G34905,0.0038944315
AT5G34908,0.0038944315
AT5G34930,0.6556451
AT5G34940,1.2921602
AT5G35050,0.004431945
AT5G35067,0.0038944315
AT5G35069,0.0038944315
AT5G35080,-0.013846546
AT5G35090,0.0038100667
AT5G35100,0.0005346897
AT5G35110,0.13955005
AT5G35120,0.0053966627
AT5G35160,0.044630036
AT5G35170,-0.47204587
AT5G35180,0.031197092
AT5G35190,-0.0059946035
AT5G35195,0.0038944315
AT5G35200,0.34863305
AT5G35210,-0.12138922
AT5G35220,-0.19039898
AT5G35230,0.0038944315
AT5G35300,0.0038944315
AT5G35320,0.2906898
AT5G35330,0.044258017
AT5G35338,0.003949887
AT5G35360,-0.18949063
AT5G35370,0.3948398
AT5G35375,-0.05052927
AT5G35380,0.062012956
AT5G35390,0.029694468
AT5G35400,0.06918861
AT5G35405,0.0038944315
AT5G35410,0.12747966
AT5G35430,0.16002552
AT5G35450,-0.4021238
AT5G35460,0.027642569
AT5G35475,0.0039246646
AT5G35480,-0.74640584
AT5G35490,-0.4750307
AT5G35510,0.045156565
AT5G35520,-0.13540445
AT5G35525,-0.0881333
AT5G35530,0.005935254
AT5G35540,0.0048384685
AT5G35550,-0.0025835373
AT5G35560,0.03364916
AT5G35570,-0.04291827
AT5G35580,0.27263567
AT5G35590,0.25036964
AT5G35600,0.005998573
AT5G35603,0.0039745346
AT5G35604,0.0040818397
AT5G35610,0.003931791
AT5G35620,0.23608254
AT5G35630,-0.51222914
AT5G35640,0.0062514157
AT5G35660,0.04420185
AT5G35670,-0.5251707
AT5G35680,0.41896638
AT5G35688,0.040649835
AT5G35690,0.22775103
AT5G35695,0.0038944315
AT5G35698,0.0038944315
AT5G35700,0.25377753
AT5G35715,0.008086854
AT5G35730,0.19357926
AT5G35732,-0.031066762
AT5G35735,0.9299696
AT5G35737,0.003899414
AT5G35740,-0.38518083
AT5G35750,-0.3315332
AT5G35753,-0.14256673
AT5G35760,-0.02110486
AT5G35770,0.008315321
AT5G35780,0.0038944315
AT5G35790,-0.49129602
AT5G35810,0.0039038502
AT5G35830,0.003912493
AT5G35840,-0.12669246
AT5G35870,0.0031180445
AT5G35890,0.004955524
AT5G35900,0.047820598
AT5G35910,0.012320588
AT5G35913,0.0048786895
AT5G35926,-0.044401962
AT5G35927,-0.00019165191
AT5G35930,-0.09443498
AT5G35940,-0.0057959897
AT5G35945,0.0029535976
AT5G35950,0.003976862
AT5G35960,0.08133021
AT5G35970,-0.31619093
AT5G35980,0.10537073
AT5G35995,-0.10875407
AT5G36000,-0.061208498
AT5G36001,-0.12676848
AT5G36080,0.0038944315
AT5G36100,0.0010313637
AT5G36110,0.0066091293
AT5G36120,-0.12620108
AT5G36130,0.005849514
AT5G36150,0.0066685933
AT5G36160,0.13935043
AT5G36170,-0.31448328
AT5G36180,0.0067965514
AT5G36190,0.0052636475
AT5G36200,0.0038944315
AT5G36210,-0.013091877
AT5G36220,0.53684634
AT5G36225,0.0038944315
AT5G36228,0.0039454424
AT5G36230,0.0186598
AT5G36240,0.0015723592
AT5G36250,-0.15416318
AT5G36260,0.035553914
AT5G36270,0.0038944315
AT5G36280,-0.0077899327
AT5G36290,-0.02561593
AT5G36300,0.0038944315
AT5G36310,0.0038944315
AT5G36320,0.0038944315
AT5G36330,0.0038944315
AT5G36350,0.0038944315
AT5G36370,0.0038944315
AT5G36480,0.0038944315
AT5G36490,0.0038944315
AT5G36500,0.0038981696
AT5G36520,0.0038944315
AT5G36540,0.0038944315
AT5G36550,0.0038981696
AT5G36657,0.003895752
AT5G36658,0.0038944315
AT5G36659,0.0038944315
AT5G36661,0.0038944315
AT5G36662,0.0038944315
AT5G36670,-0.00016905337
AT5G36680,0.004234347
AT5G36690,0.0038944315
AT5G36700,-0.7944787
AT5G36710,-0.12051428
AT5G36720,0.0038944315
AT5G36722,0.0039888285
AT5G36730,0.0038944315
AT5G36780,0.0012586098
AT5G36790,-0.63689584
AT5G36820,0.0038944315
AT5G36870,0.011704843
AT5G36880,0.45182267
AT5G36890,-0.038817983
AT5G36900,0.0038762072
AT5G36906,0.0038944315
AT5G36907,0.75608134
AT5G36910,-0.041497875
AT5G36920,-0.012656544
AT5G36925,0.41260675
AT5G36930,0.054047506
AT5G36940,-0.1357827
AT5G36950,-0.09983065
AT5G36960,0.0051142634
AT5G36970,1.0815237
AT5G36980,0.0038944315
AT5G36985,0.0038944315
AT5G37000,-0.26760617
AT5G37010,-0.2580311
AT5G37020,-0.17196004
AT5G37030,0.003889342
AT5G37035,0.0038944315
AT5G37040,0.0038944315
AT5G37050,0.012603785
AT5G37055,-0.010633337
AT5G37060,0.0066560186
AT5G37070,0.38383925
AT5G37130,-0.013566174
AT5G37140,0.008308218
AT5G37147,0.0038944315
AT5G37150,0.0034573397
AT5G37160,0.0033258602
AT5G37165,0.0038997754
AT5G37170,0.003959549
AT5G37180,-0.1094645
AT5G37190,-0.09768926
AT5G37200,0.004326749
AT5G37210,-0.022062024
AT5G37220,0.0038944315
AT5G37230,0.006734992
AT5G37240,0.00044880435
AT5G37247,-0.006328788
AT5G37250,0.056285847
AT5G37260,0.039735544
AT5G37270,0.0058732745
AT5G37280,0.004040072
AT5G37290,-0.15860994
AT5G37300,-0.12810053
AT5G37310,0.037462372
AT5G37320,0.008277045
AT5G37340,-0.027720695
AT5G37350,0.06615639
AT5G37360,-0.16415055
AT5G37370,-0.0029140562
AT5G37380,0.013970007
AT5G37400,-0.03943723
AT5G37410,-0.24048203
AT5G37415,0.024168352
AT5G37420,0.036608066
AT5G37430,0.0047015315
AT5G37440,-0.06501572
AT5G37450,-0.10589606
AT5G37460,0.0031905966
AT5G37470,0.0048441524
AT5G37473,0.0038944315
AT5G37474,0.0047567165
AT5G37475,0.16653602
AT5G37478,-0.07982472
AT5G37480,0.40023193
AT5G37490,0.29898053
AT5G37500,0.05749069
AT5G37510,0.30678967
AT5G37520,0.0039158077
AT5G37530,-0.047238763
AT5G37540,0.30671978
AT5G37550,0.06539777
AT5G37560,0.004525999
AT5G37570,0.047930937
AT5G37590,0.01945841
AT5G37600,0.31413126
AT5G37610,0.0041488395
AT5G37620,0.0041614887
AT5G37630,-0.061980974
AT5G37640,0.0042357584
AT5G37650,0.0038944315
AT5G37660,-0.47891402
AT5G37670,0.08363404
AT5G37680,-0.06097862
AT5G37690,0.018047849
AT5G37710,-0.063398264
AT5G37715,-0.0045192875
AT5G37720,0.3839549
AT5G37730,0.004485757
AT5G37740,0.4356794
AT5G37750,0.11387562
AT5G37760,0.0034591078
AT5G37770,-0.0012387913
AT5G37780,0.36639103
AT5G37785,0.0038944315
AT5G37790,-0.5388953
AT5G37793,-0.023420462
AT5G37800,-0.0037959435
AT5G37810,0.0038944315
AT5G37820,0.0036093455
AT5G37830,0.019233994
AT5G37840,1.0516816
AT5G37850,0.14785556
AT5G37860,0.0044817543
AT5G37870,0.0039084028
AT5G37890,0.12385436
AT5G37900,0.0038077233
AT5G37910,0.0039011652
AT5G37920,0.0039187833
AT5G37930,0.06485868
AT5G37940,0.0036872143
AT5G37950,-0.2670428
AT5G37960,-0.00012258503
AT5G37970,0.005789977
AT5G37980,-0.017244438
AT5G37990,0.01408166
AT5G38000,0.012711304
AT5G38010,-0.40878603
AT5G38020,0.0044958186
AT5G38030,0.35176182
AT5G38040,-0.26178935
AT5G38050,-0.09252002
AT5G38060,-0.15779513
AT5G38070,0.01871997
AT5G38080,0.0038713117
AT5G38090,0.0038944315
AT5G38100,-0.04848194
AT5G38110,0.026582459
AT5G38120,-0.24363108
AT5G38130,-0.05819959
AT5G38140,-0.41586685
AT5G38150,-0.57963496
AT5G38160,0.0038935088
AT5G38170,0.0039704232
AT5G38180,0.0038944315
AT5G38190,0.003894681
AT5G38195,0.0038944315
AT5G38197,0.0038944315
AT5G38200,0.24634828
AT5G38210,0.07491055
AT5G38220,0.08829188
AT5G38240,0.12909345
AT5G38250,0.25847337
AT5G38260,-0.0009054181
AT5G38270,-0.0028644223
AT5G38280,0.15347356
AT5G38290,-0.15313853
AT5G38300,-0.062778555
AT5G38310,0.14034554
AT5G38317,0.0038944315
AT5G38320,0.35653865
AT5G38330,0.004027955
AT5G38340,0.096336536
AT5G38344,0.07158764
AT5G38350,0.013788916
AT5G38360,-0.20334397
AT5G38378,0.0038944315
AT5G38380,0.03493214
AT5G38386,0.016718222
AT5G38390,0.004528983
AT5G38391,0.004213948
AT5G38392,0.004547795
AT5G38396,0.00059433933
AT5G38397,0.0038944315
AT5G38400,0.033666495
AT5G38410,-0.77532005
AT5G38420,-0.8557958
AT5G38430,-0.7882347
AT5G38435,0.0038944315
AT5G38440,0.0038944315
AT5G38450,0.013942319
AT5G38460,-0.004815361
AT5G38470,0.24585293
AT5G38480,0.007412378
AT5G38490,0.01212873
AT5G38500,0.009257338
AT5G38510,-0.058275413
AT5G38520,-0.42728722
AT5G38530,0.7705613
AT5G38540,0.008395312
AT5G38550,0.0064504556
AT5G38560,-0.04730403
AT5G38565,-0.03401723
AT5G38570,0.0039131497
AT5G38580,0.0038084446
AT5G38590,-0.09825369
AT5G38600,0.06767187
AT5G38610,0.06470817
AT5G38620,0.004049619
AT5G38630,0.22035599
AT5G38640,0.20380473
AT5G38650,0.55307657
AT5G38660,-0.17894357
AT5G38670,0.0038860023
AT5G38680,0.0045301025
AT5G38690,0.015337427
AT5G38700,-0.0721122
AT5G38710,1.8911037
AT5G38720,-0.15010184
AT5G38730,-0.1070913
AT5G38740,0.00675551
AT5G38743,0.0039465115
AT5G38747,0.014342126
AT5G38750,0.016097538
AT5G38760,0.0039225523
AT5G38770,-0.086363465
AT5G38780,0.09934323
AT5G38790,0.0024711343
AT5G38800,0.0060122944
AT5G38810,0.0036759472
AT5G38820,-0.0143284155
AT5G38830,0.32343867
AT5G38840,0.028657036
AT5G38850,-0.10846146
AT5G38860,-0.123953335
AT5G38865,-0.24798755
AT5G38880,-0.18355644
AT5G38890,0.35281363
AT5G38895,0.13742758
AT5G38900,2.097929
AT5G38910,0.043315932
AT5G38920,0.0053451597
AT5G38930,0.002465536
AT5G38940,0.10415515
AT5G38950,0.0038944315
AT5G38960,0.0038944315
AT5G38970,-0.12945956
AT5G38980,-0.08496636
AT5G38990,0.060864467
AT5G39000,-0.10195079
AT5G39010,0.010766118
AT5G39020,0.012221441
AT5G39024,0.0040229345
AT5G39030,-0.0960286
AT5G39040,0.46240315
AT5G39050,1.3994595
AT5G39080,-0.03485467
AT5G39090,0.9146597
AT5G39100,0.08083396
AT5G39110,0.018127419
AT5G39120,0.015182633
AT5G39130,0.014836825
AT5G39140,-0.0029473267
AT5G39150,0.029716238
AT5G39160,0.11942923
AT5G39170,0.0038944315
AT5G39180,-0.11058438
AT5G39190,0.03303535
AT5G39200,0.0069324546
AT5G39210,-0.41493917
AT5G39220,0.0017223265
AT5G39230,-0.00040443116
AT5G39240,0.05845451
AT5G39250,0.1592301
AT5G39260,0.010298536
AT5G39270,0.0038944315
AT5G39280,0.0038998593
AT5G39290,0.0038944315
AT5G39300,0.003885609
AT5G39310,0.0038944315
AT5G39320,-0.024157546
AT5G39330,0.06358149
AT5G39340,-0.10320485
AT5G39350,-0.052657638
AT5G39360,0.12805134
AT5G39365,0.0039393734
AT5G39370,0.010723494
AT5G39380,-0.0752876
AT5G39390,0.010081665
AT5G39400,0.006736461
AT5G39410,0.13502242
AT5G39420,-0.047424186
AT5G39430,0.012468359
AT5G39440,0.0038944315
AT5G39450,0.22318691
AT5G39460,0.0055145267
AT5G39470,0.0038486244
AT5G39471,-0.23562689
AT5G39480,-0.0019742928
AT5G39490,0.0072411136
AT5G39493,0.0001965693
AT5G39500,0.00033621365
AT5G39510,0.16709562
AT5G39520,0.9680063
AT5G39530,-0.5050789
AT5G39540,0.0038944315
AT5G39550,0.017397339
AT5G39560,0.0062276213
AT5G39570,0.021256743
AT5G39580,1.5965137
AT5G39590,0.40975595
AT5G39600,0.0660074
AT5G39610,0.66325593
AT5G39620,0.0038944315
AT5G39630,0.03610311
AT5G39640,0.0039264048
AT5G39645,0.0039593885
AT5G39650,0.042381674
AT5G39660,-0.07631198
AT5G39670,1.0686132
AT5G39680,-0.047507364
AT5G39690,0.00393025
AT5G39700,0.0038944315
AT5G39710,-0.13446093
AT5G39715,0.013903205
AT5G39720,0.3656194
AT5G39730,0.08368368
AT5G39740,0.017995019
AT5G39750,0.016415747
AT5G39760,-0.070682645
AT5G39770,0.0051427074
AT5G39775,0.0038815497
AT5G39780,0.0038944315
AT5G39790,0.03844246
AT5G39800,-0.028979706
AT5G39810,-0.021504505
AT5G39820,0.039309885
AT5G39830,-0.2595284
AT5G39840,-0.10140268
AT5G39850,0.16983062
AT5G39860,-0.4710996
AT5G39865,-0.10841688
AT5G39870,0.0037914205
AT5G39880,0.0043379334
AT5G39890,0.019349651
AT5G39900,-0.01562827
AT5G39910,0.0039012588
AT5G39920,0.0039137867
AT5G39930,0.005939053
AT5G39940,0.010275426
AT5G39950,0.46561325
AT5G39960,-0.08868509
AT5G39970,0.07709801
AT5G39980,-0.036968313
AT5G39990,0.19685157
AT5G40000,0.061746765
AT5G40010,0.5645471
AT5G40020,0.09514418
AT5G40030,-0.019673228
AT5G40040,0.10164333
AT5G40050,0.0038867702
AT5G40060,-0.11922574
AT5G40070,0.0041721575
AT5G40080,-0.26443428
AT5G40090,-0.16931243
AT5G40100,-0.0047654244
AT5G40120,0.0038944315
AT5G40140,-0.25237313
AT5G40150,-0.46787736
AT5G40153,0.0038300932
AT5G40155,0.027258957
AT5G40160,-0.20354412
AT5G40170,0.027605435
AT5G40180,0.10510779
AT5G40190,0.06322077
AT5G40200,0.040073175
AT5G40210,0.44283915
AT5G40220,0.0054778643
AT5G40230,0.15553136
AT5G40240,0.57035667
AT5G40250,-0.13965173
AT5G40260,0.43608496
AT5G40270,-0.028769603
AT5G40280,0.09160151
AT5G40290,0.004047912
AT5G40300,0.1397531
AT5G40310,-0.01436238
AT5G40320,0.00018057103
AT5G40330,-0.20538305
AT5G40340,-0.31661883
AT5G40350,-0.0028689175
AT5G40360,0.0037797887
AT5G40370,0.5039205
AT5G40380,-0.12370571
AT5G40382,-0.010054565
AT5G40390,0.14787336
AT5G40400,-0.123946466
AT5G40405,-0.03932369
AT5G40410,0.0317101
AT5G40420,0.02466776
AT5G40430,0.031917803
AT5G40440,0.029361598
AT5G40450,-0.29885867
AT5G40460,0.31230858
AT5G40470,0.019320661
AT5G40480,-0.013399825
AT5G40490,0.10822142
AT5G40500,-0.07062472
AT5G40510,-0.003446266
AT5G40520,-0.11871163
AT5G40530,0.015626885
AT5G40540,0.10371772
AT5G40550,-0.115332186
AT5G40560,0.0038944315
AT5G40570,-0.19598989
AT5G40580,0.3965979
AT5G40590,0.026244013
AT5G40595,0.0038944315
AT5G40600,-0.09325406
AT5G40610,-0.50975627
AT5G40620,0.0053866957
AT5G40630,-0.0026793003
AT5G40640,0.07302182
AT5G40645,0.010171047
AT5G40650,0.507071
AT5G40660,0.12648672
AT5G40670,0.16352774
AT5G40680,0.059727725
AT5G40690,1.4227177
AT5G40700,-0.17784822
AT5G40710,-0.07185645
AT5G40720,0.20022666
AT5G40730,1.0558559
AT5G40740,-0.0515759
AT5G40750,0.0038944315
AT5G40760,0.6253409
AT5G40770,0.33276972
AT5G40780,0.78690535
AT5G40790,-0.04147953
AT5G40800,-0.04420053
AT5G40810,0.11337805
AT5G40820,0.08157004
AT5G40830,-0.29246625
AT5G40840,-0.05005042
AT5G40850,-0.07104373
AT5G40855,-0.0042646285
AT5G40860,0.0704261
AT5G40870,-0.18973434
AT5G40880,0.5357126
AT5G40890,0.06799885
AT5G40900,0.071445875
AT5G40910,-0.27712882
AT5G40930,0.2524766
AT5G40940,0.005665198
AT5G40942,0.0038944315
AT5G40950,-0.29685542
AT5G40960,0.09270844
AT5G40970,-0.11226515
AT5G40980,-0.19771612
AT5G40981,0.0021258763
AT5G40990,1.2280447
AT5G41000,-0.08739052
AT5G41010,0.2546775
AT5G41020,-0.1783223
AT5G41025,0.019118851
AT5G41030,-0.019516727
AT5G41040,1.3347188
AT5G41050,-0.5761103
AT5G41060,-0.42760018
AT5G41070,-0.18180089
AT5G41071,0.010912344
AT5G41080,1.2509674
AT5G41090,0.050931886
AT5G41100,0.18225926
AT5G41109,0.0039288616
AT5G41110,-0.12847072
AT5G41120,0.28148353
AT5G41130,-0.093908615
AT5G41140,-0.7172797
AT5G41150,-0.05447146
AT5G41160,0.2977995
AT5G41170,0.21681477
AT5G41180,0.2090934
AT5G41190,0.011988367
AT5G41200,0.022372445
AT5G41210,0.088096105
AT5G41220,0.08563221
AT5G41240,-0.025624663
AT5G41250,0.003912371
AT5G41260,-0.12095577
AT5G41270,0.10265527
AT5G41280,0.08218894
AT5G41290,0.013320756
AT5G41300,-0.00045038108
AT5G41310,0.016305858
AT5G41315,0.1322685
AT5G41320,0.041832406
AT5G41330,0.03495433
AT5G41340,-0.128632
AT5G41350,0.10941819
AT5G41360,0.20754337
AT5G41370,-0.06729733
AT5G41380,0.018579831
AT5G41390,0.027605264
AT5G41400,0.26494086
AT5G41401,0.0038944315
AT5G41410,0.07333974
AT5G41420,0.0040046195
AT5G41430,0.0010208422
AT5G41440,0.0039194063
AT5G41450,0.0037012778
AT5G41460,-0.13823263
AT5G41470,-0.080814175
AT5G41480,-0.117952466
AT5G41490,0.01908864
AT5G41500,0.0038967312
AT5G41510,0.012536014
AT5G41520,0.014554444
AT5G41530,0.0038944315
AT5G41540,0.014989722
AT5G41550,0.1354818
AT5G41560,0.13501278
AT5G41570,0.011720388
AT5G41580,0.0042094584
AT5G41590,0.28461638
AT5G41600,-0.012227766
AT5G41610,1.9177295
AT5G41620,-0.20178615
AT5G41630,0.0038944315
AT5G41640,0.00392414
AT5G41650,0.010762314
AT5G41660,-0.020100696
AT5G41670,0.16946638
AT5G41680,0.06473423
AT5G41685,0.17039192
AT5G41690,-0.38341725
AT5G41700,-0.08167351
AT5G41720,0.012336552
AT5G41730,0.56875664
AT5G41740,0.68715405
AT5G41750,0.82542795
AT5G41760,-0.14533581
AT5G41761,-0.38277915
AT5G41763,0.01586098
AT5G41765,0.019756777
AT5G41770,0.0003846387
AT5G41780,-0.07448431
AT5G41790,-0.39253607
AT5G41800,0.17158659
AT5G41810,-0.26339713
AT5G41820,-0.029375916
AT5G41830,0.02522136
AT5G41840,0.020108594
AT5G41850,-0.026542597
AT5G41860,0.4130616
AT5G41870,-0.044629518
AT5G41880,0.05290376
AT5G41890,-0.06352166
AT5G41900,-0.27978954
AT5G41908,0.003826147
AT5G41910,0.2796599
AT5G41920,-0.28693876
AT5G41940,0.18840605
AT5G41950,0.15734044
AT5G41960,0.13075787
AT5G41970,0.14540045
AT5G41980,-0.27784622
AT5G41990,0.37672195
AT5G42000,0.032495428
AT5G42010,0.6317032
AT5G42020,0.7684107
AT5G42030,-0.3077363
AT5G42040,-0.22442742
AT5G42050,0.39634672
AT5G42053,0.0089689605
AT5G42060,0.09304439
AT5G42070,-0.41771635
AT5G42080,0.2616774
AT5G42090,0.21633215
AT5G42100,-0.42802253
AT5G42110,-0.07731602
AT5G42120,-0.050923597
AT5G42130,0.0144447265
AT5G42140,0.09108467
AT5G42146,-0.01248837
AT5G42150,0.47799549
AT5G42170,0.02105505
AT5G42180,0.020711303
AT5G42190,-0.039741177
AT5G42200,-0.2753073
AT5G42210,-0.24665155
AT5G42220,0.09850323
AT5G42223,0.10055203
AT5G42230,-0.00029696742
AT5G42232,0.0040202537
AT5G42235,0.04634726
AT5G42240,-0.2513707
AT5G42242,0.0034921307
AT5G42250,0.31346315
AT5G42260,0.003952176
AT5G42270,-0.10479436
AT5G42280,-0.187436
AT5G42290,0.038064685
AT5G42300,0.32644454
AT5G42310,-0.2716695
AT5G42325,0.047153566
AT5G42330,0.04664035
AT5G42340,0.003918333
AT5G42350,0.1213148
AT5G42360,0.04475811
AT5G42370,0.010279437
AT5G42380,1.6350635
AT5G42390,0.10284821
AT5G42400,-0.061984975
AT5G42410,0.008436206
AT5G42420,0.2750526
AT5G42430,0.0052027195
AT5G42440,0.4400958
AT5G42450,-0.010048437
AT5G42460,0.0013091775
AT5G42470,-0.021085493
AT5G42480,-0.14400305
AT5G42490,0.01914554
AT5G42500,-0.0053323586
AT5G42504,0.0038944315
AT5G42510,0.19635488
AT5G42520,0.089063145
AT5G42530,0.51343256
AT5G42540,-0.0009582757
AT5G42560,0.1628442
AT5G42567,0.0038944315
AT5G42570,0.21020673
AT5G42580,0.018469155
AT5G42590,-0.0009017205
AT5G42600,-0.007816517
AT5G42610,-0.12261892
AT5G42620,-0.21498163
AT5G42630,-0.05756319
AT5G42635,0.0038944315
AT5G42640,0.007469374
AT5G42650,-0.016208762
AT5G42655,0.08142058
AT5G42660,-0.0710777
AT5G42670,-0.15225142
AT5G42680,-0.22314744
AT5G42690,-0.2832473
AT5G42700,-0.0042336877
AT5G42710,0.094092794
AT5G42720,-0.41240707
AT5G42740,0.16381866
AT5G42750,-0.16868977
AT5G42760,-0.03061293
AT5G42765,-0.16535755
AT5G42770,-0.3025621
AT5G42780,-0.21185623
AT5G42785,0.0005244287
AT5G42790,0.36067355
AT5G42797,0.004141551
AT5G42800,0.1096792
AT5G42810,-0.097353995
AT5G42820,0.081635244
AT5G42825,0.0061273947
AT5G42830,1.1307765
AT5G42840,-0.05892962
AT5G42850,0.37168002
AT5G42860,-0.20243263
AT5G42870,0.12723815
AT5G42880,0.030246846
AT5G42890,0.36300206
AT5G42895,0.004073383
AT5G42900,0.69455856
AT5G42905,0.0038944315
AT5G42910,0.0038944315
AT5G42920,-0.012573483
AT5G42930,0.20324008
AT5G42940,0.22026624
AT5G42950,0.18497282
AT5G42955,0.0037801315
AT5G42957,0.003901869
AT5G42960,0.19367778
AT5G42965,0.028646858
AT5G42970,0.3079759
AT5G42980,0.051883325
AT5G42990,0.07470764
AT5G43000,0.0039578113
AT5G43010,0.279135
AT5G43020,-0.29015672
AT5G43030,-0.0017555133
AT5G43040,-0.10288877
AT5G43050,0.026250854
AT5G43060,0.40163323
AT5G43064,0.08634395
AT5G43066,0.0039958977
AT5G43068,0.057700764
AT5G43070,0.075778455
AT5G43080,-0.012064382
AT5G43090,0.006704662
AT5G43100,0.12030217
AT5G43110,0.0054541193
AT5G43120,0.0029117682
AT5G43130,0.09143645
AT5G43140,-0.08486971
AT5G43150,0.009505863
AT5G43155,-0.03913284
AT5G43160,-0.16149986
AT5G43170,0.35474515
AT5G43175,0.0065926537
AT5G43180,0.31833598
AT5G43185,0.0038944315
AT5G43190,0.20221357
AT5G43200,-0.004946955
AT5G43210,-0.17158319
AT5G43211,0.0038944315
AT5G43230,0.0018262938
AT5G43240,-0.15388657
AT5G43250,-0.010078846
AT5G43260,0.5570572
AT5G43270,-0.24985188
AT5G43280,0.32130316
AT5G43285,0.0045969435
AT5G43290,-0.43643913
AT5G43300,0.03341405
AT5G43310,-0.23063059
AT5G43320,-0.0035410274
AT5G43330,0.06473069
AT5G43340,0.00386459
AT5G43350,0.055580184
AT5G43360,0.017271178
AT5G43370,0.008387401
AT5G43380,0.39847818
AT5G43390,0.015924284
AT5G43400,0.29026535
AT5G43401,0.004059414
AT5G43410,0.22151136
AT5G43420,0.39339146
AT5G43430,0.38888064
AT5G43440,-0.07736266
AT5G43450,0.2174946
AT5G43460,0.11533058
AT5G43470,-0.10896083
AT5G43480,0.0096981665
AT5G43490,-0.00010008303
AT5G43500,-0.36037895
AT5G43510,0.0037895767
AT5G43513,0.004783731
AT5G43516,0.0038944315
AT5G43518,0.0040027904
AT5G43520,0.034572314
AT5G43525,0.0046837754
AT5G43530,0.018263116
AT5G43540,0.11008993
AT5G43550,0.0040696734
AT5G43560,0.11136451
AT5G43570,1.7038625
AT5G43580,2.9562454
AT5G43590,0.1624128
AT5G43600,-0.11556723
AT5G43610,0.0017588526
AT5G43620,0.5744059
AT5G43630,-0.023923233
AT5G43640,0.011791743
AT5G43650,0.83099943
AT5G43660,-0.012705798
AT5G43670,0.09748558
AT5G43680,0.10213279
AT5G43690,0.007142437
AT5G43695,0.0038868475
AT5G43700,-0.5383752
AT5G43710,-0.16136752
AT5G43720,0.09798279
AT5G43730,-0.11304096
AT5G43740,-0.338073
AT5G43745,0.24305202
AT5G43750,-0.68080133
AT5G43755,0.026421405
AT5G43760,-0.097783975
AT5G43770,0.0069267103
AT5G43780,0.37131643
AT5G43790,-0.13032226
AT5G43810,-0.18889712
AT5G43820,-0.10095519
AT5G43822,-0.07978974
AT5G43830,-0.029594673
AT5G43840,0.037583396
AT5G43850,-0.053392246
AT5G43860,-0.039544627
AT5G43870,-0.27818188
AT5G43880,-0.3156236
AT5G43890,-0.06631936
AT5G43900,0.03994596
AT5G43910,0.47544527
AT5G43920,-0.1532843
AT5G43930,0.11448804
AT5G43935,-0.03290448
AT5G43940,0.1754017
AT5G43950,-0.307712
AT5G43960,0.05653332
AT5G43970,0.10690191
AT5G43980,0.2074521
AT5G43990,-0.2761784
AT5G44000,0.091959335
AT5G44005,0.009707265
AT5G44010,-0.049170416
AT5G44020,-0.6295021
AT5G44030,-0.042487968
AT5G44040,-0.34822273
AT5G44050,-0.16099304
AT5G44060,-0.21815817
AT5G44063,-0.03787467
AT5G44065,-0.002929672
AT5G44070,0.22229092
AT5G44080,-0.09192625
AT5G44090,0.23549308
AT5G44100,0.067610234
AT5G44110,0.023558235
AT5G44120,-0.0016814197
AT5G44130,-0.36423317
AT5G44140,-0.030694602
AT5G44150,-0.023288319
AT5G44160,-0.28514984
AT5G44170,0.02940925
AT5G44180,0.005778046
AT5G44190,-0.31291682
AT5G44200,-0.06759475
AT5G44210,0.10760697
AT5G44220,0.0056135897
AT5G44230,-0.018236855
AT5G44240,0.3633678
AT5G44250,0.055257592
AT5G44260,-0.3764709
AT5G44265,0.003373889
AT5G44270,0.010359497
AT5G44280,-0.13548195
AT5G44290,0.07586395
AT5G44300,0.0046129627
AT5G44306,0.03778364
AT5G44310,0.045463968
AT5G44316,0.0094897775
AT5G44320,0.14266074
AT5G44330,0.009505522
AT5G44340,0.00041377544
AT5G44345,0.0038944315
AT5G44350,0.041603506
AT5G44360,0.0039791823
AT5G44370,-0.0103651555
AT5G44380,2.0971606
AT5G44390,0.68046683
AT5G44400,0.22732909
AT5G44410,-0.5032379
AT5G44420,-0.8986799
AT5G44430,-1.1539677
AT5G44440,-0.01572419
AT5G44450,-0.047363
AT5G44460,0.31260404
AT5G44470,0.0035772233
AT5G44480,1.4906539
AT5G44490,-0.26630613
AT5G44495,0.0038944315
AT5G44500,0.20774378
AT5G44510,-0.36435065
AT5G44520,-0.24001436
AT5G44530,-0.59468114
AT5G44540,-0.014846501
AT5G44550,-0.16956176
AT5G44560,-0.15836401
AT5G44563,0.0104631325
AT5G44565,0.20499241
AT5G44566,0.108912595
AT5G44567,1.075638
AT5G44568,0.24974668
AT5G44570,0.66580224
AT5G44572,0.10735875
AT5G44574,0.21342117
AT5G44575,0.11354052
AT5G44578,0.037965365
AT5G44580,-0.12551333
AT5G44582,-0.06838367
AT5G44585,0.09944331
AT5G44590,0.0004623579
AT5G44600,-0.3671973
AT5G44610,0.84898525
AT5G44620,0.011718783
AT5G44630,0.0037165722
AT5G44635,0.011335122
AT5G44640,0.011046569
AT5G44650,-0.39759898
AT5G44660,-0.43046904
AT5G44670,-0.33989906
AT5G44680,-0.9183317
AT5G44690,0.0038359237
AT5G44700,0.006618107
AT5G44710,-0.006597174
AT5G44720,0.13573945
AT5G44730,-0.119813405
AT5G44740,-0.2095266
AT5G44750,-0.18134545
AT5G44760,0.0037402033
AT5G44770,0.0021107148
AT5G44780,-0.018397072
AT5G44785,-0.13305782
AT5G44790,0.28466386
AT5G44800,-0.056150448
AT5G44820,0.50707275
AT5G44830,0.0038944315
AT5G44840,0.013431766
AT5G44850,0.0038944315
AT5G44860,0.09162456
AT5G44870,-0.028410671
AT5G44900,0.003072603
AT5G44910,-0.024595352
AT5G44920,0.059677225
AT5G44930,-0.13635154
AT5G44940,0.0059647956
AT5G44950,0.0038433664
AT5G44960,0.004604451
AT5G44970,0.0038944315
AT5G44973,0.048924845
AT5G44980,-0.027183482
AT5G44990,1.2582055
AT5G45000,0.7862584
AT5G45010,0.24410558
AT5G45020,-0.23536111
AT5G45030,0.087872684
AT5G45040,-0.40805772
AT5G45050,-0.10925258
AT5G45060,-0.13810326
AT5G45070,0.11590152
AT5G45080,0.06738178
AT5G45090,0.5286971
AT5G45095,0.026174663
AT5G45100,0.44570366
AT5G45105,0.0038944315
AT5G45110,0.4281554
AT5G45113,0.0009463017
AT5G45115,-0.062629454
AT5G45120,0.0037176802
AT5G45130,0.19136672
AT5G45140,0.04315229
AT5G45150,-0.1381643
AT5G45160,0.08047179
AT5G45170,-0.19010222
AT5G45180,0.09055703
AT5G45190,-0.05228663
AT5G45200,0.0069348826
AT5G45210,0.0021638027
AT5G45220,-0.08399709
AT5G45230,0.004161003
AT5G45240,0.771427
AT5G45250,-0.12642598
AT5G45260,-0.14212616
AT5G45275,-0.030065218
AT5G45277,0.0038944315
AT5G45280,0.2506114
AT5G45290,-0.31332114
AT5G45300,-0.24656893
AT5G45310,-0.16517459
AT5G45320,-0.06795698
AT5G45330,-0.06606072
AT5G45340,-0.103994824
AT5G45350,0.35049883
AT5G45360,0.18678056
AT5G45370,0.22332919
AT5G45380,0.23207144
AT5G45390,0.058077294
AT5G45400,0.16215321
AT5G45410,0.41245377
AT5G45420,0.017703135
AT5G45430,-0.081178024
AT5G45440,0.0463915
AT5G45450,0.005158325
AT5G45455,-0.028326506
AT5G45460,-0.001704683
AT5G45469,-0.06678001
AT5G45470,0.35296813
AT5G45480,0.37475052
AT5G45490,0.2470961
AT5G45500,0.23361908
AT5G45510,0.30332205
AT5G45520,-0.28092715
AT5G45530,-0.3221999
AT5G45540,-0.28848237
AT5G45550,0.21903764
AT5G45560,-0.20025593
AT5G45570,0.2501725
AT5G45573,0.0032141244
AT5G45580,-0.020550312
AT5G45590,-0.078752585
AT5G45600,-0.016950227
AT5G45610,-0.27804217
AT5G45620,0.18428229
AT5G45630,1.212128
AT5G45640,0.008079563
AT5G45650,-0.6374972
AT5G45660,0.08733072
AT5G45670,-0.29441395
AT5G45680,-0.48599982
AT5G45690,-0.0063678636
AT5G45700,-0.18879701
AT5G45710,-0.0020858918
AT5G45720,-0.17995347
AT5G45730,-0.09764407
AT5G45740,-0.067055576
AT5G45750,0.42278543
AT5G45760,-0.30827639
AT5G45770,0.00048512654
AT5G45780,0.014180171
AT5G45790,-0.17237902
AT5G45800,0.2479093
AT5G45810,0.3856751
AT5G45820,-0.68786794
AT5G45830,-0.44664535
AT5G45840,-0.18383186
AT5G45850,0.021984868
AT5G45860,0.020104064
AT5G45870,0.005399954
AT5G45875,0.0038996823
AT5G45880,0.004898405
AT5G45890,-0.1833673
AT5G45900,0.7152299
AT5G45910,0.0020693368
AT5G45920,-0.30157825
AT5G45930,-0.41301814
AT5G45940,-0.41301286
AT5G45950,-0.50638616
AT5G45960,-0.021547338
AT5G45970,-0.0059312074
AT5G45980,0.0038441794
AT5G45990,0.147761
AT5G46000,0.0038944315
AT5G46010,0.09034213
AT5G46020,-0.086624466
AT5G46025,0.0039047536
AT5G46030,0.0757814
AT5G46040,0.014385298
AT5G46050,0.48717466
AT5G46060,0.009437587
AT5G46070,-0.038912453
AT5G46080,0.41536507
AT5G46085,0.013364795
AT5G46090,0.012267339
AT5G46100,-0.031792555
AT5G46110,-0.41058123
AT5G46115,0.09737227
AT5G46130,-0.10715536
AT5G46140,-0.09272862
AT5G46150,-0.036020268
AT5G46160,-0.0832394
AT5G46170,-0.0365963
AT5G46180,0.41378137
AT5G46190,-0.05151769
AT5G46200,0.012726315
AT5G46210,-0.026838263
AT5G46220,-0.14392662
AT5G46230,0.7744069
AT5G46240,0.2558677
AT5G46250,0.15481716
AT5G46260,0.13114263
AT5G46270,-0.23210062
AT5G46280,-0.062111467
AT5G46290,-0.12030503
AT5G46295,0.09535169
AT5G46297,0.0038944315
AT5G46300,0.0038944315
AT5G46310,0.0038944315
AT5G46320,0.0040253336
AT5G46330,-0.06575132
AT5G46340,0.020522052
AT5G46350,1.3869828
AT5G46360,0.10657543
AT5G46370,-0.007984871
AT5G46380,0.004632986
AT5G46390,-0.10226766
AT5G46395,0.0033377782
AT5G46400,-0.122692525
AT5G46410,0.12961413
AT5G46420,-0.26379967
AT5G46430,0.04644298
AT5G46440,-0.06900532
AT5G46450,-0.16298945
AT5G46460,0.0095892325
AT5G46470,-0.01182048
AT5G46490,-0.019713186
AT5G46500,0.010117938
AT5G46510,-0.41949108
AT5G46520,0.4554592
AT5G46530,-0.08541155
AT5G46540,-0.0013922043
AT5G46550,-0.05286485
AT5G46560,0.04696405
AT5G46570,-0.3200059
AT5G46580,-0.14383803
AT5G46590,0.31550032
AT5G46600,-0.052457143
AT5G46610,0.13025777
AT5G46620,0.065732814
AT5G46630,0.21857385
AT5G46640,-0.168581
AT5G46650,0.0015010107
AT5G46660,0.06761628
AT5G46670,0.045437273
AT5G46680,0.05810504
AT5G46690,-0.62072283
AT5G46700,-0.39091682
AT5G46710,0.1787997
AT5G46720,0.15242766
AT5G46730,0.4905039
AT5G46740,0.012085247
AT5G46750,0.21901222
AT5G46760,0.17869227
AT5G46770,0.2677087
AT5G46780,0.33481276
AT5G46790,-0.030462554
AT5G46795,0.004020597
AT5G46800,-0.12328746
AT5G46810,0.003917321
AT5G46820,0.0042002536
AT5G46825,0.0013672562
AT5G46830,0.045253705
AT5G46840,-0.01600601
AT5G46850,0.06762401
AT5G46860,0.21463577
AT5G46870,0.08939021
AT5G46871,0.2086068
AT5G46873,0.0039011615
AT5G46874,-0.0077035706
AT5G46877,0.0039015717
AT5G46880,-0.19704199
AT5G46890,-0.01251666
AT5G46900,-0.010142014
AT5G46910,0.77538633
AT5G46915,-0.06440718
AT5G46920,0.14265479
AT5G46930,0.0041380804
AT5G46940,0.0040518343
AT5G46950,0.080708005
AT5G46960,1.1979737
AT5G46970,0.003998786
AT5G46980,0.0038944315
AT5G46990,0.003899414
AT5G47000,0.0062451013
AT5G47010,0.009640353
AT5G47020,-0.10541729
AT5G47030,0.058494616
AT5G47040,-0.15723623
AT5G47050,0.28365397
AT5G47060,0.40646955
AT5G47070,0.42066678
AT5G47075,0.0038944315
AT5G47077,0.004699393
AT5G47080,0.07415031
AT5G47090,0.055814695
AT5G47100,-0.08343377
AT5G47110,-0.3071517
AT5G47120,0.41656363
AT5G47130,0.29535803
AT5G47140,0.34079602
AT5G47150,0.0052582645
AT5G47160,-0.2844937
AT5G47170,0.0041060634
AT5G47175,0.0049795057
AT5G47180,0.11672208
AT5G47190,-0.3773382
AT5G47200,0.5778779
AT5G47210,-0.0007421051
AT5G47220,-0.25674
AT5G47229,0.003499522
AT5G47230,0.38939247
AT5G47240,-0.05707412
AT5G47250,0.1124491
AT5G47260,0.0011245642
AT5G47280,0.0038060395
AT5G47290,0.0038944315
AT5G47300,0.0038944315
AT5G47310,0.03855312
AT5G47320,0.17897236
AT5G47330,0.23209025
AT5G47340,0.008366081
AT5G47350,-0.0070199613
AT5G47360,-0.019620841
AT5G47370,-0.26064947
AT5G47380,-0.34043065
AT5G47390,-0.23035373
AT5G47400,0.025950933
AT5G47420,0.14976807
AT5G47430,0.053340793
AT5G47435,-0.008200715
AT5G47440,-0.36746153
AT5G47450,-0.0017730575
AT5G47455,0.10116079
AT5G47460,-0.12724583
AT5G47470,0.010751129
AT5G47480,0.09038138
AT5G47490,-0.032504853
AT5G47500,-0.16746807
AT5G47510,-0.17072427
AT5G47520,-0.11686632
AT5G47530,0.056643292
AT5G47540,-0.29072642
AT5G47550,-0.112521194
AT5G47560,0.27475235
AT5G47570,0.30037382
AT5G47580,0.24671452
AT5G47590,0.078668244
AT5G47600,0.023294352
AT5G47610,-0.3287343
AT5G47620,-0.07545574
AT5G47630,-0.117500775
AT5G47635,0.07431904
AT5G47640,-0.38799033
AT5G47650,0.06882694
AT5G47660,0.075793274
AT5G47670,0.0862633
AT5G47680,-0.03643356
AT5G47690,-0.03605913
AT5G47700,0.12584805
AT5G47710,0.0031765176
AT5G47720,-0.21393187
AT5G47730,0.5932943
AT5G47740,0.8656654
AT5G47750,0.018557742
AT5G47760,0.20917517
AT5G47770,-0.06188943
AT5G47780,-0.17989577
AT5G47790,0.09777099
AT5G47800,-0.33196387
AT5G47810,-0.0640901
AT5G47820,-0.31150055
AT5G47830,0.03924563
AT5G47840,-0.18871933
AT5G47850,0.26609156
AT5G47860,0.24005581
AT5G47870,0.0652132
AT5G47880,0.41843376
AT5G47890,0.073692836
AT5G47900,-0.37919655
AT5G47910,-0.08075564
AT5G47920,0.11454614
AT5G47930,0.30207145
AT5G47940,-0.018997751
AT5G47950,0.0064061605
AT5G47960,0.25771055
AT5G47970,-0.20146962
AT5G47980,0.006199259
AT5G47990,0.01800807
AT5G48000,0.07457032
AT5G48010,0.05352451
AT5G48020,0.2647756
AT5G48030,0.11315239
AT5G48040,-0.033481665
AT5G48050,-0.04400228
AT5G48060,-0.24092329
AT5G48070,0.012824579
AT5G48090,-0.0066713095
AT5G48100,0.011736582
AT5G48110,-0.027596435
AT5G48120,0.097958386
AT5G48130,0.00485923
AT5G48140,0.0038779334
AT5G48150,-0.20074059
AT5G48160,0.14509003
AT5G48170,-0.098154426
AT5G48175,0.04387647
AT5G48180,1.6445152
AT5G48200,0.0038944315
AT5G48205,0.006314531
AT5G48210,0.0038944315
AT5G48220,-0.2581832
AT5G48230,-0.03734925
AT5G48240,0.17007716
AT5G48250,0.30995995
AT5G48270,0.0063309805
AT5G48280,0.0038944315
AT5G48290,0.10488012
AT5G48300,-0.34599623
AT5G48310,-0.104055606
AT5G48320,-0.2013594
AT5G48330,-0.019069927
AT5G48335,0.10269627
AT5G48340,-0.018721595
AT5G48350,-0.0054041264
AT5G48360,-0.4152975
AT5G48370,0.1493008
AT5G48375,0.0038359582
AT5G48380,0.35249862
AT5G48385,0.1484759
AT5G48390,0.17644916
AT5G48400,1.5397032
AT5G48410,1.8999604
AT5G48420,0.0038944315
AT5G48430,0.19321851
AT5G48440,0.16667241
AT5G48450,-0.30391496
AT5G48460,-0.79441696
AT5G48470,-0.08189231
AT5G48480,0.06726226
AT5G48485,-0.39433506
AT5G48490,-0.4453267
AT5G48500,-0.078086585
AT5G48510,0.005911734
AT5G48515,0.0038944315
AT5G48520,-0.15869112
AT5G48530,0.11332493
AT5G48540,0.532713
AT5G48543,0.0041014263
AT5G48545,-0.2972345
AT5G48550,0.006638164
AT5G48560,0.10799884
AT5G48570,0.08881269
AT5G48575,0.0039407364
AT5G48580,0.06776998
AT5G48590,-0.054371763
AT5G48595,0.0038944315
AT5G48600,-0.18224286
AT5G48605,0.0038944315
AT5G48610,-0.11447733
AT5G48620,-0.15289618
AT5G48630,-0.1058985
AT5G48640,0.09940288
AT5G48650,0.06375847
AT5G48655,0.11275988
AT5G48657,0.66556007
AT5G48660,-0.29350874
AT5G48670,0.043263275
AT5G48680,0.07672992
AT5G48690,-0.19474082
AT5G48700,0.0035929389
AT5G48710,0.0069731637
AT5G48720,0.16855885
AT5G48730,-0.09550339
AT5G48740,-0.14247473
AT5G48750,0.0043023494
AT5G48760,-0.02700472
AT5G48770,0.13911276
AT5G48780,0.039074935
AT5G48790,-0.36603847
AT5G48800,-0.250883
AT5G48810,0.08902532
AT5G48820,0.15289438
AT5G48830,-0.18896349
AT5G48840,-0.050990388
AT5G48850,-0.14564256
AT5G48860,0.0039864075
AT5G48870,0.06779903
AT5G48880,0.16236429
AT5G48890,0.013521831
AT5G48900,-0.85968286
AT5G48905,0.0039012495
AT5G48910,-0.38077807
AT5G48920,0.11979108
AT5G48930,0.17151016
AT5G48940,-0.039349753
AT5G48945,0.0038696926
AT5G48950,-0.09298124
AT5G48953,0.0042548785
AT5G48960,-0.103224896
AT5G48970,0.32814822
AT5G48980,0.018387057
AT5G48990,-0.1784563
AT5G49000,0.06360829
AT5G49010,-0.048343763
AT5G49015,0.19605581
AT5G49020,-0.09041089
AT5G49030,-0.25946736
AT5G49040,0.001999379
AT5G49050,0.0037939104
AT5G49060,0.07234647
AT5G49070,0.007442971
AT5G49100,-0.80292726
AT5G49110,-0.0770154
AT5G49120,0.008312723
AT5G49130,-0.02389845
AT5G49140,0.004156291
AT5G49150,-0.015063405
AT5G49160,-0.17823254
AT5G49170,-0.30346677
AT5G49180,-0.0009391513
AT5G49190,0.0064315978
AT5G49200,0.10856288
AT5G49210,0.15078573
AT5G49215,-0.34463653
AT5G49220,0.086903065
AT5G49230,-0.108640276
AT5G49240,0.0035681657
AT5G49250,0.0033712324
AT5G49260,0.0038318934
AT5G49270,-0.0076264185
AT5G49280,-0.02474863
AT5G49290,-0.20437123
AT5G49300,-0.013299947
AT5G49305,-0.025053464
AT5G49310,-0.003661
AT5G49320,-0.008197007
AT5G49330,0.017623037
AT5G49340,0.0018842671
AT5G49350,0.0039091376
AT5G49360,-0.011587788
AT5G49390,-0.26368773
AT5G49400,0.072377354
AT5G49410,0.055607885
AT5G49420,0.02078058
AT5G49430,-0.07298796
AT5G49440,-0.020777388
AT5G49450,0.3708253
AT5G49460,-0.06452468
AT5G49470,0.093766056
AT5G49480,1.3405377
AT5G49490,0.004374168
AT5G49500,-0.32973388
AT5G49510,-0.04259284
AT5G49520,0.7125525
AT5G49525,0.2669126
AT5G49530,0.0021577526
AT5G49540,0.08844467
AT5G49550,0.1631902
AT5G49555,-0.27115083
AT5G49560,0.14315827
AT5G49570,0.60810393
AT5G49580,-0.05843833
AT5G49590,-0.028254027
AT5G49600,0.30230948
AT5G49610,0.045666438
AT5G49620,0.4634161
AT5G49630,-0.22627378
AT5G49640,0.006216109
AT5G49645,0.14302577
AT5G49650,0.11251072
AT5G49660,-0.2098943
AT5G49665,0.6471782
AT5G49680,0.8205323
AT5G49690,1.8989292
AT5G49700,0.9177959
AT5G49710,0.23495322
AT5G49720,-0.21233737
AT5G49730,-0.90977234
AT5G49740,-0.4621581
AT5G49750,0.0040066154
AT5G49760,0.34905073
AT5G49770,0.012084217
AT5G49780,-0.024576997
AT5G49800,-0.26714596
AT5G49810,0.022631526
AT5G49820,-0.10641826
AT5G49830,0.19556288
AT5G49840,0.0048651625
AT5G49850,0.050587937
AT5G49860,0.0043715634
AT5G49870,-0.0008598647
AT5G49880,-0.041592494
AT5G49890,0.11081821
AT5G49900,0.04139707
AT5G49910,0.13683811
AT5G49920,0.0384241
AT5G49930,0.08245671
AT5G49940,0.09155292
AT5G49945,-0.05310895
AT5G49950,0.18028472
AT5G49960,-0.25910667
AT5G49970,-0.06314234
AT5G49980,-0.11761109
AT5G49990,-0.19558452
AT5G50000,-0.31730464
AT5G50010,-0.3376287
AT5G50020,-0.120429285
AT5G50030,0.0039330143
AT5G50040,0.0042320103
AT5G50050,0.0041021057
AT5G50060,0.014774513
AT5G50070,0.0025747938
AT5G50080,0.06832939
AT5G50090,-0.002099206
AT5G50100,0.17395411
AT5G50110,-0.14667739
AT5G50115,0.0044415714
AT5G50120,-0.020080589
AT5G50130,-0.13901396
AT5G50140,0.020951262
AT5G50150,-0.31468445
AT5G50160,-0.056448538
AT5G50170,0.10744068
AT5G50175,0.018487101
AT5G50180,-0.2909712
AT5G50200,1.1136292
AT5G50210,0.11931511
AT5G50220,0.0048241783
AT5G50230,0.06311618
AT5G50240,-0.15925302
AT5G50250,-0.08603624
AT5G50260,0.13217151
AT5G50270,0.0051809824
AT5G50280,-0.29939184
AT5G50290,-0.11101135
AT5G50300,0.092581145
AT5G50310,-0.096506454
AT5G50320,0.2881615
AT5G50330,0.29936543
AT5G50335,-0.5083751
AT5G50340,-0.031951282
AT5G50345,0.0038944315
AT5G50350,0.22052546
AT5G50360,1.2424822
AT5G50361,0.015322122
AT5G50365,0.0038944315
AT5G50370,0.11914238
AT5G50375,-0.12468129
AT5G50380,0.20080747
AT5G50390,-0.07371256
AT5G50400,-0.01957594
AT5G50410,-0.08601356
AT5G50420,-0.3820463
AT5G50423,0.0039333208
AT5G50430,0.1011079
AT5G50440,0.035255548
AT5G50443,0.023005826
AT5G50450,-0.15883748
AT5G50460,0.49375597
AT5G50470,0.21807963
AT5G50480,0.004119125
AT5G50490,0.0037720653
AT5G50500,0.0038944315
AT5G50510,0.0038944315
AT5G50520,0.26649532
AT5G50530,-0.12359539
AT5G50540,0.0070567825
AT5G50550,-0.12999858
AT5G50560,0.7377413
AT5G50562,0.011889912
AT5G50565,0.4934726
AT5G50570,0.72810966
AT5G50580,0.021620145
AT5G50590,0.0038944315
AT5G50600,0.3081591
AT5G50610,-0.034250382
AT5G50640,0.033841874
AT5G50670,-0.075344995
AT5G50680,0.018229134
AT5G50690,0.087390445
AT5G50700,0.0060086525
AT5G50720,-0.20303565
AT5G50740,-0.6037156
AT5G50750,0.010041534
AT5G50760,2.225867
AT5G50770,0.0072259135
AT5G50780,0.11190301
AT5G50790,0.012485375
AT5G50800,-0.55091566
AT5G50810,0.18365091
AT5G50820,0.04588018
AT5G50830,0.002705913
AT5G50840,0.144343
AT5G50850,0.2556718
AT5G50870,0.1129879
AT5G50890,-0.4448935
AT5G50900,-0.20060237
AT5G50910,0.0038944315
AT5G50915,0.08448575
AT5G50920,-0.03148673
AT5G50930,0.14183009
AT5G50940,0.30448627
AT5G50950,-0.14756359
AT5G50960,0.3911827
AT5G50970,-0.14480096
AT5G50990,-0.040626254
AT5G51000,0.002977643
AT5G51010,-0.12089866
AT5G51020,-0.13388054
AT5G51030,0.103888094
AT5G51040,0.54893976
AT5G51050,0.07471222
AT5G51060,0.99905866
AT5G51070,0.6912415
AT5G51080,-0.15309934
AT5G51090,0.00468965
AT5G51100,-0.073057525
AT5G51105,0.03546561
AT5G51110,-0.33913794
AT5G51120,0.018477907
AT5G51130,0.18413615
AT5G51140,-0.09055221
AT5G51150,-0.0066645984
AT5G51160,0.19721062
AT5G51170,0.14075176
AT5G51180,-0.06519782
AT5G51190,0.02373957
AT5G51195,0.0038944315
AT5G51200,-0.23492117
AT5G51210,0.0036230162
AT5G51220,0.19730835
AT5G51230,-0.009991313
AT5G51250,0.0040093684
AT5G51260,0.19905595
AT5G51270,-0.04217154
AT5G51280,0.16408308
AT5G51290,0.17782138
AT5G51300,0.0024491635
AT5G51310,-0.018138902
AT5G51330,-0.018527677
AT5G51340,0.085205816
AT5G51350,-0.2922765
AT5G51360,0.005438134
AT5G51370,-0.002667288
AT5G51380,0.13102342
AT5G51390,0.1302691
AT5G51400,0.17597544
AT5G51410,-0.017765341
AT5G51420,0.025216157
AT5G51430,0.12948456
AT5G51440,0.7960959
AT5G51450,0.3149079
AT5G51451,-0.016403496
AT5G51460,-0.43438247
AT5G51465,1.2265028
AT5G51470,-0.106329836
AT5G51480,0.18567996
AT5G51490,0.0030562475
AT5G51500,-0.00047241678
AT5G51510,0.30051503
AT5G51520,0.0018797716
AT5G51530,-0.10673594
AT5G51540,-0.055984065
AT5G51545,-0.33084714
AT5G51550,-0.52033085
AT5G51560,-0.4152118
AT5G51570,0.53132755
AT5G51580,0.06449353
AT5G51585,0.0071899635
AT5G51590,0.1774946
AT5G51600,-0.16758925
AT5G51610,0.003630191
AT5G51620,0.099805355
AT5G51630,0.44847524
AT5G51640,0.5967135
AT5G51650,0.003935232
AT5G51660,-0.019149965
AT5G51670,-0.19988263
AT5G51680,1.1561495
AT5G51690,-0.060997408
AT5G51700,0.14052583
AT5G51710,0.36522055
AT5G51720,-0.6543837
AT5G51730,-0.20152128
AT5G51740,0.44585097
AT5G51750,0.034226835
AT5G51760,0.1959926
AT5G51770,0.25622377
AT5G51780,-0.013930242
AT5G51790,-0.12326605
AT5G51795,-0.20415072
AT5G51800,0.0019052863
AT5G51810,0.025532374
AT5G51820,-0.33802712
AT5G51830,0.7323048
AT5G51840,-0.023922853
AT5G51845,0.006018168
AT5G51850,-0.2250892
AT5G51860,0.0038571313
AT5G51870,0.004091896
AT5G51880,0.13306189
AT5G51890,0.25117114
AT5G51900,-0.000118529424
AT5G51910,-0.15870886
AT5G51915,0.003776383
AT5G51920,-0.37093613
AT5G51930,0.0038540903
AT5G51940,0.08073283
AT5G51950,0.098412715
AT5G51960,0.01870931
AT5G51970,-0.22134745
AT5G51980,-0.012076177
AT5G51990,-0.027521027
AT5G52000,0.015608273
AT5G52010,-0.17820264
AT5G52020,-0.09009694
AT5G52030,-0.15615672
AT5G52040,0.060686808
AT5G52045,0.0036163991
AT5G52050,1.309635
AT5G52060,-0.1661144
AT5G52070,0.1200218
AT5G52080,0.003950806
AT5G52090,0.0035816066
AT5G52100,-0.6176309
AT5G52110,-0.12764171
AT5G52115,0.0039190967
AT5G52120,-0.10987783
AT5G52130,0.0039708135
AT5G52140,0.0038944315
AT5G52150,0.0038944315
AT5G52155,0.0038944315
AT5G52160,-0.014165056
AT5G52170,-0.026786027
AT5G52180,-0.116667725
AT5G52190,-0.06712722
AT5G52200,0.118971825
AT5G52210,0.12791857
AT5G52220,-0.016821468
AT5G52230,-0.23405556
AT5G52240,0.2070989
AT5G52250,0.12615292
AT5G52260,0.02874454
AT5G52270,-0.033335406
AT5G52280,-0.506534
AT5G52290,-0.015060996
AT5G52300,0.33427843
AT5G52310,0.24168754
AT5G52320,-0.30694613
AT5G52330,0.039362486
AT5G52340,-0.013240811
AT5G52350,0.03026771
AT5G52360,0.0039412095
AT5G52370,0.04518624
AT5G52380,0.06645063
AT5G52390,0.57926714
AT5G52400,0.153557
AT5G52410,-0.19423045
AT5G52420,-0.014183563
AT5G52430,-0.07221446
AT5G52440,-0.16644935
AT5G52450,0.62689555
AT5G52460,0.0038944315
AT5G52470,0.14650716
AT5G52480,0.0040903245
AT5G52490,0.003405311
AT5G52500,0.004231091
AT5G52510,0.15801606
AT5G52520,-0.11729065
AT5G52530,0.035283633
AT5G52540,0.36743963
AT5G52545,-0.13057446
AT5G52547,-0.08299557
AT5G52550,-0.07573048
AT5G52560,0.023991702
AT5G52570,-0.09870082
AT5G52580,0.1108458
AT5G52600,-0.016375221
AT5G52605,0.0038944315
AT5G52610,0.007859445
AT5G52620,0.064362094
AT5G52630,-0.029755086
AT5G52640,0.5268349
AT5G52650,0.20142388
AT5G52655,0.004379076
AT5G52660,0.109582044
AT5G52670,0.065766074
AT5G52680,0.037976477
AT5G52690,0.00556615
AT5G52700,0.006051934
AT5G52710,0.025715748
AT5G52720,1.0818983
AT5G52730,0.23135734
AT5G52740,0.07273698
AT5G52750,0.5215595
AT5G52760,0.923498
AT5G52770,0.08650296
AT5G52780,-0.4106911
AT5G52790,0.04530689
AT5G52800,0.15443246
AT5G52810,1.1087122
AT5G52820,0.27224156
AT5G52830,-0.071511306
AT5G52840,0.10360113
AT5G52850,-0.07537823
AT5G52860,0.08665664
AT5G52870,0.10708348
AT5G52880,0.12371103
AT5G52882,-0.12311625
AT5G52890,-0.008555863
AT5G52900,-0.093300186
AT5G52910,0.09717736
AT5G52920,-0.17161298
AT5G52930,0.0032990314
AT5G52940,0.107418895
AT5G52950,-0.02301874
AT5G52960,-0.2453926
AT5G52965,-0.0018586287
AT5G52970,-0.36989114
AT5G52975,0.0030523024
AT5G52980,0.34988108
AT5G52990,0.24572998
AT5G53000,0.16146852
AT5G53010,0.012229268
AT5G53020,-0.39747724
AT5G53030,0.26879072
AT5G53040,0.005040435
AT5G53045,0.048141956
AT5G53050,0.004825163
AT5G53060,-0.17730065
AT5G53070,-0.113554895
AT5G53080,-0.16808106
AT5G53090,-0.049274188
AT5G53100,0.010321946
AT5G53110,0.3719171
AT5G53120,0.94667023
AT5G53130,-0.01154882
AT5G53140,-0.07327647
AT5G53150,-0.18097453
AT5G53160,0.018005734
AT5G53170,-0.25057313
AT5G53180,0.16255936
AT5G53190,3.5205856e-05
AT5G53200,-0.17602102
AT5G53210,0.042368382
AT5G53220,-0.1997809
AT5G53230,0.051530313
AT5G53240,0.04012659
AT5G53250,-0.0331168
AT5G53260,0.003992227
AT5G53270,0.0036803389
AT5G53280,-0.18752138
AT5G53290,0.42298874
AT5G53300,0.10098008
AT5G53310,0.07716049
AT5G53320,0.5532184
AT5G53330,0.39256826
AT5G53340,-0.052026693
AT5G53350,0.08335448
AT5G53360,0.14961857
AT5G53370,-0.032711785
AT5G53380,0.00390243
AT5G53390,0.007023535
AT5G53400,0.19724278
AT5G53410,0.0038944315
AT5G53420,0.049873885
AT5G53430,-0.057877723
AT5G53440,-0.03967423
AT5G53450,0.23522162
AT5G53460,-0.03144211
AT5G53470,0.11342027
AT5G53480,0.023284659
AT5G53486,0.45612156
AT5G53490,-0.32302582
AT5G53500,-0.550458
AT5G53510,0.004002392
AT5G53520,0.0038435282
AT5G53530,0.11760641
AT5G53540,0.26189083
AT5G53550,0.08429313
AT5G53560,0.2572424
AT5G53570,-0.07510861
AT5G53580,-0.32674494
AT5G53590,0.7332337
AT5G53592,-0.07235373
AT5G53600,0.0048698056
AT5G53610,0.005944118
AT5G53620,-0.0888362
AT5G53635,0.0038944315
AT5G53637,0.0071166493
AT5G53640,0.018390434
AT5G53650,0.27919737
AT5G53660,0.033709038
AT5G53670,0.0039513926
AT5G53680,0.02775264
AT5G53700,0.0422631
AT5G53710,0.11001416
AT5G53720,0.0045612217
AT5G53730,-0.041253965
AT5G53740,0.027855786
AT5G53742,0.010207559
AT5G53750,0.21457464
AT5G53760,-0.08956925
AT5G53770,0.20445509
AT5G53780,0.01647752
AT5G53790,0.0039137867
AT5G53800,-0.078138046
AT5G53810,0.0051851305
AT5G53820,0.8046212
AT5G53830,0.18844128
AT5G53840,0.012902409
AT5G53850,-0.12823193
AT5G53860,-0.2595639
AT5G53870,0.53810054
AT5G53880,-0.56464326
AT5G53890,-0.15568048
AT5G53895,-0.007170424
AT5G53900,-0.4577855
AT5G53905,-0.0020279598
AT5G53910,0.0038944315
AT5G53920,0.21404548
AT5G53930,-0.11168152
AT5G53940,-0.10158732
AT5G53950,-0.066107504
AT5G53960,0.005629417
AT5G53970,0.6697448
AT5G53980,-0.012717508
AT5G53990,0.8832045
AT5G54000,0.4933425
AT5G54010,0.0044591674
AT5G54020,0.13072371
AT5G54030,-0.0041996916
AT5G54035,0.0038927349
AT5G54040,0.3015314
AT5G54043,0.0037823801
AT5G54050,0.0041580484
AT5G54060,-0.002212758
AT5G54062,0.0044778953
AT5G54067,0.0039941003
AT5G54070,-0.0010623327
AT5G54080,0.30279973
AT5G54090,-0.06938815
AT5G54095,0.06682017
AT5G54100,0.7813998
AT5G54110,0.17279176
AT5G54130,0.13466981
AT5G54140,0.28840044
AT5G54145,-0.078588895
AT5G54148,0.05338526
AT5G54150,0.0047505926
AT5G54160,0.50734854
AT5G54165,1.158841
AT5G54170,0.30688933
AT5G54180,-0.09126725
AT5G54190,-0.008330296
AT5G54200,-0.33952293
AT5G54210,0.0038944315
AT5G54215,0.0038944315
AT5G54220,-0.0040453314
AT5G54225,0.0039757215
AT5G54230,0.3591822
AT5G54240,0.16396762
AT5G54250,0.040847424
AT5G54260,-0.053494837
AT5G54270,-0.5710221
AT5G54280,-0.18008034
AT5G54290,-0.05025592
AT5G54300,0.46421465
AT5G54310,0.2069447
AT5G54320,0.003898804
AT5G54330,0.003928695
AT5G54340,0.0038944315
AT5G54350,0.0038944315
AT5G54360,0.003939861
AT5G54370,-0.00826448
AT5G54380,-0.18553562
AT5G54390,0.41560474
AT5G54400,0.902031
AT5G54410,0.0015228023
AT5G54420,0.0038698607
AT5G54430,0.15956758
AT5G54440,-0.020815983
AT5G54450,0.124524236
AT5G54460,0.0038640944
AT5G54470,-0.20378782
AT5G54480,0.0041531706
AT5G54490,0.5908199
AT5G54500,0.8446701
AT5G54510,1.4432874
AT5G54520,0.011007954
AT5G54530,-0.2676627
AT5G54540,0.11383033
AT5G54550,0.041412696
AT5G54560,0.17014746
AT5G54570,0.22914469
AT5G54580,0.031132182
AT5G54585,-0.79452085
AT5G54590,0.022369104
AT5G54600,-0.30926117
AT5G54610,0.8766155
AT5G54620,0.025555953
AT5G54630,-0.4637045
AT5G54640,0.16394378
AT5G54650,0.5611402
AT5G54660,0.01997123
AT5G54670,-0.045036435
AT5G54680,0.06920449
AT5G54690,0.08917168
AT5G54700,0.09624893
AT5G54710,-0.006073279
AT5G54720,-0.062016133
AT5G54730,0.3203502
AT5G54740,0.00643972
AT5G54745,0.0039130347
AT5G54750,0.053560868
AT5G54760,0.2556344
AT5G54770,-0.17869379
AT5G54780,0.5123424
AT5G54790,-0.0014234552
AT5G54800,-0.04804012
AT5G54810,1.0650231
AT5G54820,0.005258778
AT5G54830,0.054442625
AT5G54840,0.5884628
AT5G54850,0.2036618
AT5G54855,0.037164856
AT5G54860,0.7871673
AT5G54870,0.44463733
AT5G54880,-0.23275356
AT5G54890,-0.25538433
AT5G54900,0.35365176
AT5G54910,-0.012570213
AT5G54920,0.059642892
AT5G54930,0.38041928
AT5G54940,0.18037121
AT5G54950,0.00177084
AT5G54960,0.39155355
AT5G54970,0.28648755
AT5G54980,-0.53170663
AT5G54990,0.0132759735
AT5G55000,0.060328078
AT5G55010,0.03230355
AT5G55020,0.006291451
AT5G55040,-0.06157556
AT5G55050,0.008103428
AT5G55060,0.027311126
AT5G55070,0.45027614
AT5G55080,0.004200599
AT5G55090,0.31782547
AT5G55100,0.023794075
AT5G55110,0.0023477843
AT5G55120,0.16868688
AT5G55125,0.022914508
AT5G55130,0.24119858
AT5G55131,0.0038944315
AT5G55132,0.007727767
AT5G55135,0.30309263
AT5G55140,0.03224554
AT5G55150,0.03924133
AT5G55160,0.039908215
AT5G55170,0.46458492
AT5G55180,1.0994496
AT5G55190,0.1580981
AT5G55200,0.54089886
AT5G55210,-0.2314114
AT5G55220,-0.5222879
AT5G55230,-0.31025133
AT5G55240,0.0027338406
AT5G55250,-0.30448318
AT5G55260,-0.0803205
AT5G55270,0.037762646
AT5G55280,-0.06845649
AT5G55290,0.18867995
AT5G55300,-0.16381173
AT5G55310,0.03296857
AT5G55320,0.0040578484
AT5G55330,0.004384309
AT5G55340,0.003500537
AT5G55350,0.0035619969
AT5G55360,0.005581576
AT5G55370,0.030590279
AT5G55380,-0.2725578
AT5G55390,-0.03616708
AT5G55400,-0.057331946
AT5G55410,0.36847344
AT5G55430,0.017908676
AT5G55440,0.01458516
AT5G55450,0.98774165
AT5G55460,0.30935255
AT5G55470,-0.2903423
AT5G55480,-0.3962423
AT5G55490,0.16088851
AT5G55500,0.11131916
AT5G55507,0.015188319
AT5G55508,0.0038944315
AT5G55510,0.23942012
AT5G55520,-0.15864342
AT5G55530,0.43338576
AT5G55540,-0.24502552
AT5G55550,0.059865396
AT5G55560,0.7449787
AT5G55565,0.0038944315
AT5G55570,-0.12323833
AT5G55580,-0.160395
AT5G55590,-0.024900392
AT5G55600,0.013238325
AT5G55610,0.2346222
AT5G55620,-0.36316025
AT5G55630,0.0066872113
AT5G55640,-0.067381084
AT5G55650,0.000789692
AT5G55660,-0.20764281
AT5G55670,-0.0069244853
AT5G55680,-0.004339805
AT5G55690,0.024059491
AT5G55700,0.12467893
AT5G55710,-0.110559724
AT5G55720,0.05544902
AT5G55730,-0.41317403
AT5G55740,-0.443264
AT5G55750,-0.005998919
AT5G55760,-0.14936568
AT5G55770,-0.003063038
AT5G55780,-0.002226958
AT5G55790,-0.20651253
AT5G55800,0.005839668
AT5G55810,-0.07435265
AT5G55820,0.024285542
AT5G55830,-0.07759323
AT5G55840,-0.19415636
AT5G55850,0.20830715
AT5G55855,0.003990952
AT5G55856,0.0038944315
AT5G55860,0.12610406
AT5G55870,0.0038944315
AT5G55880,0.0041446122
AT5G55893,0.039175894
AT5G55900,-0.1532639
AT5G55910,-0.1068641
AT5G55920,0.18980175
AT5G55930,-0.16074352
AT5G55940,0.07752637
AT5G55950,-0.13319393
AT5G55960,-0.02312979
AT5G55970,0.02614165
AT5G55980,0.0753235
AT5G55990,-0.12498661
AT5G56000,0.08758036
AT5G56010,0.19856071
AT5G56020,0.13503896
AT5G56030,0.25406685
AT5G56040,-0.3843516
AT5G56050,0.36011982
AT5G56060,0.01508221
AT5G56070,0.0040363823
AT5G56075,0.0045824866
AT5G56080,-0.014859974
AT5G56090,0.24892187
AT5G56100,-0.20307343
AT5G56110,0.035511773
AT5G56120,-0.20399027
AT5G56130,-0.04023648
AT5G56140,0.0889074
AT5G56150,0.44293678
AT5G56160,-0.12800233
AT5G56170,0.16134657
AT5G56180,0.32762134
AT5G56190,0.31145856
AT5G56200,0.27900866
AT5G56210,-0.4067556
AT5G56220,-0.18963434
AT5G56230,0.41100648
AT5G56240,0.06994029
AT5G56250,0.08572477
AT5G56260,0.10850996
AT5G56270,0.17884998
AT5G56280,0.013927452
AT5G56290,0.0018584667
AT5G56300,0.023017555
AT5G56310,-0.058274064
AT5G56320,-0.0193532
AT5G56325,0.0038602424
AT5G56330,0.004154849
AT5G56340,0.2174228
AT5G56350,0.7812548
AT5G56360,-0.017336637
AT5G56368,0.004126291
AT5G56369,0.003971277
AT5G56370,-0.43234053
AT5G56380,-0.21777338
AT5G56390,0.0056047887
AT5G56400,0.008546153
AT5G56410,0.0042477227
AT5G56420,0.0135226445
AT5G56430,0.0032920328
AT5G56440,0.0059995516
AT5G56450,-0.12870346
AT5G56452,0.0039631436
AT5G56460,0.14870909
AT5G56470,0.0038944315
AT5G56480,0.0039337217
AT5G56490,-0.01133127
AT5G56500,-0.2659388
AT5G56510,0.019831566
AT5G56520,-0.12348179
AT5G56530,-0.4682707
AT5G56540,-0.07757092
AT5G56550,-0.2319072
AT5G56555,0.0066335504
AT5G56560,0.0038944315
AT5G56570,0.015499803
AT5G56580,-0.1489486
AT5G56590,-0.38413873
AT5G56600,-0.027616566
AT5G56610,0.1921023
AT5G56620,0.17615162
AT5G56630,0.29680088
AT5G56640,0.004216534
AT5G56650,-0.09090486
AT5G56660,0.17744106
AT5G56680,0.12831761
AT5G56690,0.005174886
AT5G56700,-0.10832941
AT5G56710,0.021956958
AT5G56720,-0.0064785923
AT5G56730,-0.0543489
AT5G56740,0.08962795
AT5G56750,0.2850825
AT5G56760,0.26831922
AT5G56770,0.0060232584
AT5G56780,-0.3565974
AT5G56790,-0.1662393
AT5G56795,0.09405524
AT5G56800,0.021454064
AT5G56810,-0.08167093
AT5G56820,0.004383502
AT5G56840,0.0995393
AT5G56850,-0.83941174
AT5G56860,-0.3829771
AT5G56870,-0.10097148
AT5G56880,0.13830703
AT5G56890,-0.100474596
AT5G56900,-0.0035667513
AT5G56910,-0.09079173
AT5G56920,0.003915408
AT5G56930,0.013321492
AT5G56940,0.09864628
AT5G56950,-0.017591871
AT5G56960,1.0274545
AT5G56970,1.2293459
AT5G56980,0.51881117
AT5G56985,-0.04029307
AT5G56990,-0.20176852
AT5G57000,0.026991589
AT5G57010,1.5590948
AT5G57015,0.104815364
AT5G57020,0.08482561
AT5G57030,-0.49973777
AT5G57035,0.48331928
AT5G57040,-0.24823992
AT5G57050,0.39670953
AT5G57060,0.34741303
AT5G57070,0.0008751303
AT5G57080,-0.0016981345
AT5G57090,0.0020945303
AT5G57100,-0.3748294
AT5G57110,-0.07385908
AT5G57120,-0.1540597
AT5G57123,0.44477558
AT5G57130,-0.35516813
AT5G57140,-0.32333988
AT5G57150,0.37335622
AT5G57160,-0.065284416
AT5G57170,-0.42342806
AT5G57180,-0.26060268
AT5G57190,0.22015923
AT5G57200,0.004238253
AT5G57210,-0.204174
AT5G57220,0.20207758
AT5G57230,0.030947944
AT5G57240,-0.10544517
AT5G57250,-0.11440605
AT5G57260,0.20963705
AT5G57270,-0.2588202
AT5G57280,0.17050272
AT5G57290,0.16354601
AT5G57300,0.0055614724
AT5G57320,-0.03063342
AT5G57330,-0.023914183
AT5G57340,-0.3368247
AT5G57345,-0.3821379
AT5G57350,0.010060112
AT5G57360,0.009931981
AT5G57370,0.005574062
AT5G57380,0.054790244
AT5G57390,-0.040293936
AT5G57400,0.021389904
AT5G57410,0.07278413
AT5G57420,0.0299045
AT5G57440,-0.31060874
AT5G57450,0.12972556
AT5G57460,0.100058384
AT5G57480,1.1997128
AT5G57490,-0.02025056
AT5G57500,0.5621236
AT5G57510,1.8739678
AT5G57520,0.3578838
AT5G57530,0.005387854
AT5G57535,0.0039052311
AT5G57540,0.0031454598
AT5G57550,0.37391528
AT5G57560,0.17819111
AT5G57565,-0.12252339
AT5G57567,-0.020775875
AT5G57569,0.0054585957
AT5G57570,-0.1357285
AT5G57580,0.13385616
AT5G57590,-0.076106936
AT5G57610,-0.11652636
AT5G57620,0.0024555335
AT5G57625,-0.007402551
AT5G57630,0.10974441
AT5G57640,-0.063425876
AT5G57650,0.11843557
AT5G57655,0.3526787
AT5G57660,-0.22523062
AT5G57670,-0.05380733
AT5G57685,-0.41053712
AT5G57690,-0.0074232784
AT5G57700,-0.2883202
AT5G57710,-0.16671748
AT5G57720,0.011727147
AT5G57740,0.054262802
AT5G57750,0.0061112675
AT5G57760,-0.43818355
AT5G57770,0.02869752
AT5G57780,-0.6687293
AT5G57785,0.11405168
AT5G57790,-0.33126083
AT5G57800,0.01854829
AT5G57810,-0.023312593
AT5G57815,0.102414705
AT5G57820,0.011840438
AT5G57830,0.018539354
AT5G57840,0.039878193
AT5G57850,-0.081524834
AT5G57860,0.2945788
AT5G57870,0.1611041
AT5G57880,-0.15752731
AT5G57887,0.27586684
AT5G57890,-0.12764372
AT5G57900,0.35615847
AT5G57910,0.6281881
AT5G57920,0.0069127567
AT5G57930,-0.25597146
AT5G57940,-0.14216392
AT5G57950,0.14161918
AT5G57960,-0.16718258
AT5G57970,0.01989256
AT5G57980,0.05038188
AT5G57990,0.14518529
AT5G58000,-0.28271693
AT5G58003,-0.08268052
AT5G58005,0.16982801
AT5G58010,-1.0993332e-05
AT5G58020,0.22782911
AT5G58030,0.10013094
AT5G58040,0.01291281
AT5G58050,0.06148891
AT5G58060,0.35404015
AT5G58070,0.059114635
AT5G58080,0.02862106
AT5G58090,-0.31088457
AT5G58100,-0.013593269
AT5G58110,0.11081878
AT5G58120,0.24099384
AT5G58130,-0.008162463
AT5G58140,-0.5387487
AT5G58150,-0.086073756
AT5G58160,-0.023595214
AT5G58170,0.08226129
AT5G58180,0.0075397436
AT5G58190,0.17822264
AT5G58200,-0.043512706
AT5G58210,0.19699566
AT5G58220,0.21058692
AT5G58230,0.09638538
AT5G58240,0.08586961
AT5G58250,-0.13851897
AT5G58260,-0.7583117
AT5G58270,0.031067377
AT5G58280,-0.00237583
AT5G58290,0.5283361
AT5G58300,-0.3565775
AT5G58310,-0.4701632
AT5G58320,0.45672202
AT5G58330,-0.13349536
AT5G58340,-0.48218623
AT5G58350,0.6684274
AT5G58360,-0.05459745
AT5G58370,-0.27771848
AT5G58375,0.39931095
AT5G58380,0.1982467
AT5G58390,-0.41166568
AT5G58400,0.002458995
AT5G58410,0.0930964
AT5G58412,0.0049060825
AT5G58420,0.14247866
AT5G58430,0.067618415
AT5G58440,-0.12152343
AT5G58450,-0.020786041
AT5G58460,0.0064624026
AT5G58470,0.18495882
AT5G58480,-0.5068645
AT5G58490,0.14873253
AT5G58500,-0.12466284
AT5G58510,0.06513386
AT5G58520,-0.23634858
AT5G58530,-0.06198996
AT5G58540,0.12753187
AT5G58550,-0.3476449
AT5G58560,0.0151033485
AT5G58570,0.4150658
AT5G58575,0.07481044
AT5G58580,-0.24852486
AT5G58590,-0.06471034
AT5G58600,-0.08513873
AT5G58610,0.06863341
AT5G58620,0.5224384
AT5G58630,-0.026536688
AT5G58640,0.20210189
AT5G58650,-0.039735265
AT5G58660,0.013525333
AT5G58670,0.1685701
AT5G58680,0.36975598
AT5G58690,0.21506746
AT5G58700,0.31960836
AT5G58710,0.15460971
AT5G58720,-0.010177697
AT5G58730,0.46782634
AT5G58740,0.056996744
AT5G58750,-0.011755521
AT5G58760,-0.040428445
AT5G58770,-0.1073545
AT5G58780,0.0148240775
AT5G58782,0.004156509
AT5G58784,0.022590077
AT5G58787,-0.12311963
AT5G58790,-0.08008791
AT5G58800,0.26280972
AT5G58810,0.0038944315
AT5G58820,0.0039794715
AT5G58830,0.0031446384
AT5G58840,1.5535923
AT5G58850,0.003891479
AT5G58860,0.06654386
AT5G58870,-0.07076619
AT5G58880,0.0040739006
AT5G58890,0.003956912
AT5G58900,-0.28571987
AT5G58910,0.0047085043
AT5G58930,-0.2693568
AT5G58940,0.2855251
AT5G58950,-0.049049705
AT5G58960,-0.18255407
AT5G58970,-0.20440568
AT5G58980,0.063837744
AT5G58990,0.08261823
AT5G59000,-0.23449682
AT5G59010,-0.16512708
AT5G59030,-0.24226844
AT5G59040,0.012661663
AT5G59050,-0.566637
AT5G59060,0.075450435
AT5G59080,-0.47642836
AT5G59090,0.02343178
AT5G59100,0.0038331114
AT5G59105,0.0039130403
AT5G59110,0.003878151
AT5G59120,0.006634505
AT5G59130,-0.3985121
AT5G59140,0.35078332
AT5G59150,0.16891293
AT5G59160,0.09988085
AT5G59170,-0.018385284
AT5G59180,0.13006057
AT5G59190,0.016674494
AT5G59200,0.1776427
AT5G59210,0.05565207
AT5G59220,1.4333353
AT5G59230,0.1096561
AT5G59240,-0.017579122
AT5G59250,-0.5449927
AT5G59260,-0.02036364
AT5G59270,-0.01003126
AT5G59280,0.010614872
AT5G59290,0.2268476
AT5G59300,0.2399127
AT5G59305,0.005997401
AT5G59310,1.6022531
AT5G59320,0.5754438
AT5G59330,0.013185941
AT5G59340,-0.03723974
AT5G59350,-0.22167368
AT5G59360,-0.21042931
AT5G59370,-0.029654711
AT5G59380,-0.01524799
AT5G59390,0.5475508
AT5G59400,0.08791283
AT5G59410,-0.115120046
AT5G59420,0.21667904
AT5G59430,-0.08076634
AT5G59440,0.011100887
AT5G59450,0.05282238
AT5G59460,-0.06258505
AT5G59470,0.09658032
AT5G59490,0.9462416
AT5G59500,0.06755345
AT5G59510,0.3094832
AT5G59520,-6.2289335e-05
AT5G59530,0.834197
AT5G59540,0.032763008
AT5G59550,0.4618459
AT5G59560,-0.005409173
AT5G59570,0.42395985
AT5G59580,0.6465978
AT5G59590,0.44700268
AT5G59600,-0.21434699
AT5G59610,0.00936322
AT5G59613,0.16395003
AT5G59616,0.0038944315
AT5G59650,-0.522896
AT5G59660,-0.41271412
AT5G59670,0.50031096
AT5G59680,0.32126918
AT5G59700,0.08363538
AT5G59710,-0.041767944
AT5G59720,0.12517853
AT5G59730,-0.3889319
AT5G59740,-0.18098374
AT5G59750,-0.44424018
AT5G59760,-0.050596878
AT5G59770,-0.020449853
AT5G59780,-0.16647689
AT5G59790,0.13191546
AT5G59800,-0.28804824
AT5G59810,0.11714443
AT5G59820,1.2283949
AT5G59830,-0.15679267
AT5G59840,0.28093466
AT5G59845,0.076589376
AT5G59860,0.009131994
AT5G59865,0.029667966
AT5G59870,0.0117709935
AT5G59880,0.103393845
AT5G59890,0.40348983
AT5G59895,0.0058199954
AT5G59900,-0.1809504
AT5G59910,0.109987296
AT5G59920,-0.34154835
AT5G59930,0.0019851413
AT5G59940,0.0043349923
AT5G59950,0.28641632
AT5G59960,0.1381625
AT5G59980,-0.08930624
AT5G59990,-0.20807558
AT5G60000,0.004426869
AT5G60010,0.0046248925
AT5G60020,0.107485466
AT5G60030,-0.18502067
AT5G60040,0.1070351
AT5G60050,-0.14069457
AT5G60060,0.009574653
AT5G60070,0.00456685
AT5G60080,0.004268197
AT5G60090,0.009481098
AT5G60100,-0.010601535
AT5G60110,0.040949393
AT5G60120,-0.07785406
AT5G60130,-0.09954044
AT5G60140,0.0037211326
AT5G60142,-0.07507635
AT5G60150,-0.12787794
AT5G60160,0.24189961
AT5G60170,-0.021546744
AT5G60180,0.0055745
AT5G60190,0.06676383
AT5G60200,-0.38726676
AT5G60210,-0.37840185
AT5G60215,0.0039410177
AT5G60220,0.005564152
AT5G60230,0.0143518755
AT5G60240,0.0032982884
AT5G60250,0.06483794
AT5G60260,-0.025509901
AT5G60265,0.0037980836
AT5G60270,0.27926192
AT5G60280,0.65599275
AT5G60290,-0.043015882
AT5G60300,0.2788904
AT5G60310,-0.01178408
AT5G60320,0.057408687
AT5G60335,0.025296314
AT5G60340,0.16835766
AT5G60350,0.033264745
AT5G60360,0.22629751
AT5G60370,-0.08701885
AT5G60380,0.044964846
AT5G60390,0.055468827
AT5G60400,-0.20748623
AT5G60410,0.1131173
AT5G60430,-0.084725976
AT5G60440,-0.0041664704
AT5G60450,-0.20424943
AT5G60460,0.30522728
AT5G60470,0.045579005
AT5G60480,0.0049004257
AT5G60490,-0.49394354
AT5G60500,0.0038477115
AT5G60510,0.0036976023
AT5G60520,-0.006598856
AT5G60530,0.014750806
AT5G60540,0.059982996
AT5G60550,0.06881376
AT5G60553,0.0038944315
AT5G60560,0.0038944315
AT5G60570,0.0007475442
AT5G60580,0.0347215
AT5G60590,0.22848761
AT5G60600,-0.12327584
AT5G60610,0.13479446
AT5G60615,0.003909313
AT5G60620,0.15506904
AT5G60630,0.5626293
AT5G60640,0.108279824
AT5G60650,0.17922573
AT5G60660,0.24212982
AT5G60670,-0.075280026
AT5G60680,-0.17085089
AT5G60690,-0.13296427
AT5G60700,0.21560085
AT5G60710,0.020182202
AT5G60720,0.009803784
AT5G60730,0.13195781
AT5G60740,0.06572547
AT5G60750,0.21959762
AT5G60760,0.10750551
AT5G60770,0.0048376685
AT5G60780,0.010163846
AT5G60790,0.32084242
AT5G60800,0.49752268
AT5G60805,0.0038944315
AT5G60810,0.001861174
AT5G60820,0.018010797
AT5G60830,-0.0007016516
AT5G60840,-0.04742403
AT5G60850,-0.080227666
AT5G60860,-0.07246876
AT5G60870,-0.1130006
AT5G60880,-0.010925491
AT5G60890,-0.40512732
AT5G60900,0.83259106
AT5G60910,-0.081580676
AT5G60920,-0.13297807
AT5G60930,-0.034596674
AT5G60940,-0.14760466
AT5G60945,0.0038773583
AT5G60950,0.5046975
AT5G60960,0.05064516
AT5G60964,0.0055254693
AT5G60970,-0.15012248
AT5G60980,0.09256211
AT5G60990,0.022342764
AT5G61000,-0.03248656
AT5G61010,0.57333237
AT5G61020,0.10076516
AT5G61030,0.15667437
AT5G61040,-0.20125915
AT5G61050,0.009553547
AT5G61060,0.20444413
AT5G61070,-0.04873012
AT5G61090,-0.1370114
AT5G61100,-0.09313109
AT5G61110,0.0045684697
AT5G61120,0.007385008
AT5G61130,-0.57281995
AT5G61140,-0.05174731
AT5G61150,-0.041299738
AT5G61160,-0.7095488
AT5G61170,0.17179404
AT5G61180,0.006528595
AT5G61190,0.1674652
AT5G61200,-0.3932242
AT5G61210,0.3444694
AT5G61220,0.1153755
AT5G61230,0.074075826
AT5G61240,0.15292887
AT5G61250,0.44630575
AT5G61260,0.018288845
AT5G61270,-0.5698158
AT5G61280,-0.05704814
AT5G61290,-0.06414676
AT5G61300,-0.14862329
AT5G61310,0.086527385
AT5G61320,0.08707661
AT5G61330,-0.39065674
AT5G61340,-0.1454928
AT5G61350,-0.20897134
AT5G61360,0.1537212
AT5G61370,0.23972292
AT5G61380,0.24226642
AT5G61390,0.35533252
AT5G61400,0.0010715941
AT5G61410,-0.2582506
AT5G61412,0.009492009
AT5G61420,-0.8441532
AT5G61430,0.118704595
AT5G61440,0.025376057
AT5G61450,0.2785999
AT5G61460,-0.08758766
AT5G61470,0.0040256116
AT5G61480,-0.41083762
AT5G61490,0.31172648
AT5G61495,0.00980462
AT5G61500,0.056376453
AT5G61510,0.21525784
AT5G61520,0.22506924
AT5G61530,0.3015537
AT5G61540,0.044339538
AT5G61550,0.14692955
AT5G61560,0.30072048
AT5G61570,-0.120272845
AT5G61580,0.0012349784
AT5G61590,-0.39043257
AT5G61600,-0.04876323
AT5G61605,0.0033138162
AT5G61610,-0.004459552
AT5G61620,0.03025847
AT5G61630,0.005382053
AT5G61640,0.2932333
AT5G61650,0.005078046
AT5G61660,-0.42672837
AT5G61670,-0.050339144
AT5G61680,0.0039198566
AT5G61690,0.026701426
AT5G61700,0.0071066804
AT5G61710,0.004428332
AT5G61720,0.015532623
AT5G61730,0.03488681
AT5G61740,-0.27655825
AT5G61750,0.01187887
AT5G61760,0.22141595
AT5G61770,0.1189576
AT5G61780,0.19075663
AT5G61790,0.5672173
AT5G61800,0.14270027
AT5G61810,0.08580708
AT5G61820,0.81990093
AT5G61830,-0.1903009
AT5G61840,0.038658254
AT5G61850,0.0051032132
AT5G61865,0.03259876
AT5G61880,0.35057226
AT5G61890,1.3778056
AT5G61900,0.5551686
AT5G61910,0.030964717
AT5G61920,-0.082201876
AT5G61930,-0.066513784
AT5G61940,-0.049811203
AT5G61950,-0.1984592
AT5G61960,0.15369879
AT5G61970,0.10604765
AT5G61980,-0.121400446
AT5G61990,-0.14926673
AT5G61997,0.0038944315
AT5G62000,-0.24044563
AT5G62020,0.12917538
AT5G62030,-0.034523517
AT5G62040,-0.060118884
AT5G62050,0.24076702
AT5G62060,0.0038944315
AT5G62065,0.004645358
AT5G62070,0.38251698
AT5G62080,0.0042953193
AT5G62090,-0.08455554
AT5G62100,-0.49887332
AT5G62110,0.0038168386
AT5G62120,0.0038166072
AT5G62130,-0.09305245
AT5G62140,-0.21134554
AT5G62150,1.1893902
AT5G62160,0.008935072
AT5G62165,-0.21084069
AT5G62170,-0.39355984
AT5G62180,0.3842266
AT5G62190,0.110009275
AT5G62200,0.2697182
AT5G62210,-0.07952697
AT5G62220,-0.38543212
AT5G62230,0.06304882
AT5G62240,-0.010374931
AT5G62250,-0.031597655
AT5G62260,0.16154139
AT5G62270,0.06862556
AT5G62280,-0.58364314
AT5G62290,0.13670242
AT5G62310,-0.06882468
AT5G62320,0.0058313594
AT5G62330,-0.004211763
AT5G62340,-0.01774057
AT5G62350,-0.594627
AT5G62360,-0.41702965
AT5G62370,0.012019916
AT5G62380,-0.13567775
AT5G62390,-0.06274789
AT5G62400,0.0037414916
AT5G62410,-0.061121162
AT5G62420,-0.0033748553
AT5G62430,-0.42082092
AT5G62440,0.34174195
AT5G62460,0.29417512
AT5G62470,-0.20157863
AT5G62480,0.7709461
AT5G62490,0.00999981
AT5G62500,0.032773048
AT5G62510,0.0136704715
AT5G62520,1.4066902
AT5G62530,0.43957195
AT5G62540,0.32131425
AT5G62550,-0.3871709
AT5G62560,0.028988168
AT5G62570,0.021147281
AT5G62573,0.0020813313
AT5G62575,0.22995633
AT5G62580,0.027536592
AT5G62600,0.0014805092
AT5G62610,-0.020151816
AT5G62620,0.09563241
AT5G62623,0.0038944315
AT5G62627,0.0038944315
AT5G62630,-0.19655563
AT5G62640,0.13257322
AT5G62650,-0.071022354
AT5G62660,0.035125498
AT5G62670,-0.4100872
AT5G62680,0.4600763
AT5G62690,-0.15159683
AT5G62700,-0.36110508
AT5G62710,-0.32412043
AT5G62720,-0.06077561
AT5G62730,-0.002114003
AT5G62740,0.36811563
AT5G62750,0.011665624
AT5G62760,-0.03918403
AT5G62770,0.56226605
AT5G62780,0.0031026118
AT5G62790,-0.20474724
AT5G62800,0.018218184
AT5G62810,-0.058059763
AT5G62820,-0.12539515
AT5G62830,0.0028216175
AT5G62840,-0.32314923
AT5G62850,-0.27229348
AT5G62860,0.0038944315
AT5G62860,0.0038944315
AT5G62880,-0.11400483
AT5G62890,-0.33130008
AT5G62900,0.045328777
AT5G62910,0.16842234
AT5G62920,-0.4084139
AT5G62930,0.019181976
AT5G62940,-0.38338736
AT5G62950,0.0076229633
AT5G62960,-0.45435774
AT5G62970,0.002036685
AT5G62980,-0.1278227
AT5G62990,-0.008850207
AT5G62998,0.0029064082
AT5G63000,0.08787739
AT5G63010,0.3099688
AT5G63020,-0.043995425
AT5G63030,0.3016699
AT5G63040,-0.19492657
AT5G63050,0.034557387
AT5G63060,-0.06898715
AT5G63063,0.003931509
AT5G63070,0.0043252665
AT5G63080,-0.00035721823
AT5G63085,0.0038640944
AT5G63087,-0.028173687
AT5G63090,-0.005159889
AT5G63100,-0.12997238
AT5G63110,0.098909296
AT5G63120,0.45139143
AT5G63130,0.88676137
AT5G63135,-0.042103615
AT5G63140,-0.29409775
AT5G63150,0.18863256
AT5G63160,0.43663302
AT5G63170,0.004764277
AT5G63180,-0.894986
AT5G63190,-0.06813549
AT5G63200,0.053927645
AT5G63220,0.21871929
AT5G63225,0.4472812
AT5G63230,0.00575679
AT5G63240,0.12645721
AT5G63250,-0.012911069
AT5G63260,0.18517661
AT5G63270,0.00637229
AT5G63280,0.061366364
AT5G63290,0.09901401
AT5G63300,0.025580497
AT5G63310,-0.32728222
AT5G63320,-0.14963694
AT5G63370,-0.0644212
AT5G63375,0.0067252223
AT5G63380,-0.14435092
AT5G63390,-0.01834877
AT5G63400,0.12903987
AT5G63410,-0.480189
AT5G63420,-0.16061288
AT5G63440,-0.059417207
AT5G63450,1.0726827
AT5G63460,0.072889686
AT5G63470,-0.07317429
AT5G63480,-0.076818876
AT5G63490,0.26837197
AT5G63500,-0.20916253
AT5G63510,0.17946057
AT5G63520,-0.051177546
AT5G63530,-0.56490296
AT5G63540,-0.12536226
AT5G63550,0.036699038
AT5G63560,0.027358977
AT5G63570,0.12983821
AT5G63580,-0.09467425
AT5G63590,-0.033820223
AT5G63595,0.0020890906
AT5G63600,0.6136655
AT5G63610,0.14383177
AT5G63620,0.25196177
AT5G63625,-0.045191575
AT5G63630,-0.2369039
AT5G63640,0.13363104
AT5G63650,-0.2724357
AT5G63660,0.00079354487
AT5G63670,-0.0057827276
AT5G63680,0.59974366
AT5G63690,0.04067466
AT5G63700,-0.56531924
AT5G63710,-0.22096127
AT5G63720,0.0035384726
AT5G63730,0.00041911998
AT5G63740,0.030873276
AT5G63750,0.057219584
AT5G63760,0.094762065
AT5G63770,-0.06780866
AT5G63780,-0.38539708
AT5G63790,0.89817685
AT5G63800,-0.15150397
AT5G63810,-0.25485662
AT5G63820,-0.08371556
AT5G63830,0.01152319
AT5G63840,0.013295946
AT5G63850,0.5270745
AT5G63860,-0.056913268
AT5G63870,-0.028676681
AT5G63880,0.47388256
AT5G63890,0.097258806
AT5G63900,0.045612305
AT5G63905,0.13918625
AT5G63910,0.1330988
AT5G63920,0.04818267
AT5G63930,-0.055931907
AT5G63940,-0.030865727
AT5G63950,0.10851114
AT5G63960,-0.12686639
AT5G63970,0.6485707
AT5G63980,0.17765379
AT5G63990,0.72650933
AT5G64000,0.2511529
AT5G64010,0.2018587
AT5G64020,0.22931094
AT5G64030,-0.22046387
AT5G64040,-0.55261177
AT5G64050,0.005092314
AT5G64060,0.01205765
AT5G64070,-0.025688479
AT5G64080,0.05561204
AT5G64090,0.1314817
AT5G64100,-0.21739607
AT5G64110,0.13665889
AT5G64120,-0.09086434
AT5G64130,0.21888071
AT5G64140,0.10936352
AT5G64150,0.0898132
AT5G64160,0.12981056
AT5G64170,-0.2440157
AT5G64180,0.0006855745
AT5G64190,0.040082294
AT5G64200,0.19455187
AT5G64210,0.028822625
AT5G64220,0.014321737
AT5G64230,0.84837437
AT5G64240,0.088953055
AT5G64250,0.32694045
AT5G64260,0.20749205
AT5G64270,0.11207596
AT5G64280,-0.10769532
AT5G64290,0.09206632
AT5G64300,0.32820195
AT5G64310,1.1662853
AT5G64320,-0.073128074
AT5G64330,-0.53948116
AT5G64340,-0.23033087
AT5G64350,0.21822399
AT5G64360,-0.13220523
AT5G64370,0.51839274
AT5G64380,-0.35898426
AT5G64390,-0.0075655743
AT5G64395,0.0016015008
AT5G64400,0.45636526
AT5G64401,0.0066949483
AT5G64410,-0.20647614
AT5G64420,0.016043335
AT5G64430,0.3293613
AT5G64440,0.17041685
AT5G64450,0.06452189
AT5G64460,-0.38386178
AT5G64470,0.052482393
AT5G64480,-0.09819257
AT5G64490,0.12255881
AT5G64500,0.15759851
AT5G64510,0.7396698
AT5G64520,-0.14095722
AT5G64530,0.27060938
AT5G64540,0.052427024
AT5G64550,-0.26790118
AT5G64560,0.1605435
AT5G64570,0.5238211
AT5G64580,-0.246545
AT5G64590,0.016920157
AT5G64600,-0.021467732
AT5G64610,-0.04438399
AT5G64620,-0.35719946
AT5G64630,-0.1867549
AT5G64640,-0.31922176
AT5G64650,0.058988478
AT5G64660,0.8073283
AT5G64667,-0.159579
AT5G64670,-0.17741929
AT5G64680,0.01926039
AT5G64687,-0.028605081
AT5G64690,0.029414898
AT5G64700,0.27087095
AT5G64710,0.17186618
AT5G64720,0.0036761323
AT5G64730,0.13750194
AT5G64740,-0.20337336
AT5G64750,1.5549971
AT5G64760,0.18554349
AT5G64770,-0.84652776
AT5G64780,0.024612902
AT5G64790,0.27619982
AT5G64800,-0.20060283
AT5G64810,1.3005973
AT5G64813,0.105651736
AT5G64816,-0.022972599
AT5G64820,0.019762022
AT5G64830,-0.12769493
AT5G64840,-0.18524337
AT5G64850,-0.22693104
AT5G64860,-0.17986725
AT5G64870,1.1310896
AT5G64880,0.09802106
AT5G64890,0.94132596
AT5G64900,0.21947078
AT5G64905,1.077845
AT5G64910,0.08478341
AT5G64920,-0.15716152
AT5G64930,0.15408207
AT5G64940,-0.3641918
AT5G64950,0.04851194
AT5G64960,0.012286804
AT5G64970,-0.09302827
AT5G64980,-0.04833128
AT5G64990,0.11797453
AT5G65000,0.1556523
AT5G65005,0.003943149
AT5G65010,-0.060049694
AT5G65020,0.15743016
AT5G65030,-0.13314836
AT5G65040,-0.359996
AT5G65050,-0.005521074
AT5G65060,-0.024259582
AT5G65070,0.00068388693
AT5G65080,-0.2325406
AT5G65090,0.173472
AT5G65100,0.00648551
AT5G65110,0.6555578
AT5G65120,-0.028204123
AT5G65130,0.111248344
AT5G65140,0.7489795
AT5G65158,0.0065050293
AT5G65160,0.15806995
AT5G65165,0.05905585
AT5G65170,0.28209773
AT5G65180,0.03955619
AT5G65200,0.1812297
AT5G65205,0.18252148
AT5G65207,0.1409728
AT5G65210,0.3451567
AT5G65220,-0.26342407
AT5G65225,0.023078019
AT5G65230,0.024374584
AT5G65240,-0.07198634
AT5G65250,0.08862629
AT5G65260,0.011107731
AT5G65270,0.19258487
AT5G65274,0.0038976828
AT5G65280,0.30136803
AT5G65290,0.20302801
AT5G65300,1.325254
AT5G65310,-0.4783816
AT5G65320,-0.0052607656
AT5G65330,0.0045449226
AT5G65340,0.00076103397
AT5G65350,0.008601177
AT5G65370,0.0037349195
AT5G65380,0.29666993
AT5G65390,-0.50434935
AT5G65400,-0.03516968
AT5G65410,-0.40755525
AT5G65420,-0.16018991
AT5G65430,0.043796226
AT5G65440,-0.29605132
AT5G65450,-0.16219619
AT5G65460,-0.30038092
AT5G65470,-0.07000499
AT5G65480,-0.30150923
AT5G65490,-0.018129574
AT5G65495,0.37167755
AT5G65500,0.37897548
AT5G65510,0.124564596
AT5G65520,0.114557296
AT5G65530,-0.05071932
AT5G65540,-0.028100086
AT5G65550,0.019853458
AT5G65560,0.012894611
AT5G65570,-0.13263099
AT5G65580,0.03930633
AT5G65590,-0.19729638
AT5G65600,1.0423802
AT5G65609,0.14989448
AT5G65610,0.013281475
AT5G65613,0.00043151822
AT5G65620,0.09635296
AT5G65630,0.035761923
AT5G65640,-0.32729876
AT5G65650,0.12669863
AT5G65660,0.5904534
AT5G65670,-0.05435816
AT5G65683,-0.31531206
AT5G65685,-0.0879131
AT5G65687,0.028984949
AT5G65690,1.8810579
AT5G65700,-0.40855363
AT5G65710,-0.26009026
AT5G65720,0.09829501
AT5G65730,-0.54691845
AT5G65740,-0.29825976
AT5G65750,0.13587649
AT5G65760,-0.0047069825
AT5G65770,-0.114029706
AT5G65780,0.02727084
AT5G65790,0.02332916
AT5G65800,-0.013281827
AT5G65810,-0.21788037
AT5G65820,-0.23413038
AT5G65830,-0.2312311
AT5G65840,-0.034096126
AT5G65850,0.035575915
AT5G65860,-0.004217788
AT5G65870,0.2601468
AT5G65880,-0.0576749
AT5G65890,0.012142703
AT5G65900,-0.15620542
AT5G65910,0.09883792
AT5G65920,0.13128847
AT5G65925,-0.13036983
AT5G65930,-0.13067298
AT5G65940,0.08182425
AT5G65950,0.0058903988
AT5G65960,0.09165665
AT5G65970,-0.3290197
AT5G65980,0.20982434
AT5G65990,0.11419276
AT5G66000,-0.039749153
AT5G66005,-0.2239471
AT5G66010,0.13347739
AT5G66020,0.03459193
AT5G66030,-0.061797936
AT5G66040,0.07384218
AT5G66050,0.13819401
AT5G66052,0.33099887
AT5G66053,-0.021544514
AT5G66055,-0.12866151
AT5G66060,-0.06211615
AT5G66070,0.55812246
AT5G66080,-0.3718361
AT5G66090,-0.11587217
AT5G66100,0.09812356
AT5G66110,-0.22670023
AT5G66120,0.3183763
AT5G66130,-0.050355554
AT5G66140,0.23465008
AT5G66150,0.027440576
AT5G66160,0.12376226
AT5G66170,0.41448542
AT5G66180,0.12026117
AT5G66190,-0.5220804
AT5G66200,0.22794764
AT5G66210,0.1270662
AT5G66220,0.009721404
AT5G66230,-0.20535858
AT5G66240,0.0029376715
AT5G66250,0.19147973
AT5G66260,0.0014539422
AT5G66270,-0.028129706
AT5G66280,-0.0004907443
AT5G66290,0.040727075
AT5G66300,-0.056173373
AT5G66310,-0.6667702
AT5G66320,0.17026709
AT5G66330,-0.19454277
AT5G66335,0.023015754
AT5G66340,0.00405901
AT5G66350,0.010432134
AT5G66360,0.06184807
AT5G66370,0.0033823398
AT5G66380,0.107908465
AT5G66390,-0.025461828
AT5G66400,0.2535011
AT5G66410,-0.13121597
AT5G66420,-0.07680903
AT5G66430,0.0034229194
AT5G66440,0.5059766
AT5G66450,0.21612595
AT5G66460,-0.36768577
AT5G66470,-0.33823228
AT5G66480,0.22567175
AT5G66490,-0.057035923
AT5G66500,-0.046217382
AT5G66510,0.15807274
AT5G66520,-0.52217716
AT5G66530,-0.31075463
AT5G66540,-0.02255796
AT5G66550,-0.23735802
AT5G66560,-0.2916504
AT5G66570,-0.33793196
AT5G66580,-0.32220438
AT5G66590,-0.46896234
AT5G66595,0.026641512
AT5G66600,0.016361415
AT5G66607,-0.1028303
AT5G66610,-0.23014033
AT5G66620,0.1217045
AT5G66630,-0.057433177
AT5G66631,-0.027240008
AT5G66640,0.015571713
AT5G66650,0.5739245
AT5G66658,0.10137663
AT5G66660,-0.0057779253
AT5G66670,0.0018205153
AT5G66675,-0.020110128
AT5G66680,0.20613243
AT5G66690,0.13689835
AT5G66700,0.01314038
AT5G66710,-0.004755694
AT5G66720,0.023188785
AT5G66730,-0.021982267
AT5G66740,-0.24495925
AT5G66750,-0.012364649
AT5G66760,0.9639295
AT5G66770,-0.44091818
AT5G66780,0.35356143
AT5G66790,-0.06770921
AT5G66800,-0.12664889
AT5G66810,0.050677624
AT5G66815,-0.0035288148
AT5G66816,0.00392117
AT5G66818,0.0038944315
AT5G66819,0.0038944315
AT5G66820,-0.08086323
AT5G66830,0.050432306
AT5G66840,-0.0045831413
AT5G66850,0.26870152
AT5G66860,0.28684273
AT5G66870,-0.016969422
AT5G66880,-0.036186427
AT5G66890,0.9661723
AT5G66900,-0.055251345
AT5G66910,0.23440647
AT5G66920,-0.47790238
AT5G66930,0.1463614
AT5G66940,0.0032730699
AT5G66950,0.029819703
AT5G66960,-0.061748642
AT5G66970,0.00357493
AT5G66980,0.0049026855
AT5G66985,0.006629986
AT5G66990,0.0048348918
AT5G67000,0.01185074
AT5G67010,0.005385535
AT5G67020,-0.105141364
AT5G67030,-0.2570257
AT5G67040,0.0038557404
AT5G67050,-0.18584414
AT5G67060,0.03894547
AT5G67070,-0.4812791
AT5G67080,1.6686658
AT5G67090,-0.15719628
AT5G67100,-0.16108912
AT5G67110,0.07791898
AT5G67120,7.814293e-05
AT5G67130,-0.13891974
AT5G67140,0.029336467
AT5G67150,-0.38338116
AT5G67160,0.05350719
AT5G67170,0.007827037
AT5G67180,-0.25278997
AT5G67190,-0.30155706
AT5G67200,-0.33612707
AT5G67210,0.1618157
AT5G67220,0.06450611
AT5G67230,-0.056474667
AT5G67240,-0.024526944
AT5G67245,0.42414668
AT5G67250,-0.043344095
AT5G67260,-0.014666598
AT5G67265,0.020482361
AT5G67270,-0.1446322
AT5G67280,-0.33096388
AT5G67290,-0.0311694
AT5G67300,0.3995627
AT5G67310,1.6124853
AT5G67320,0.015829984
AT5G67330,0.27377352
AT5G67340,1.4548484
AT5G67350,0.40792528
AT5G67360,-0.09662026
AT5G67370,-0.29733467
AT5G67380,-0.029438913
AT5G67385,-0.5566151
AT5G67390,-0.70863193
AT5G67400,-0.0013707863
AT5G67410,-0.034188095
AT5G67411,-0.31459674
AT5G67420,-0.09183995
AT5G67430,0.009975413
AT5G67440,-0.07227281
AT5G67450,-0.26156226
AT5G67460,-0.28532836
AT5G67470,0.1874485
AT5G67480,0.72838885
AT5G67490,0.50288445
AT5G67500,0.37676832
AT5G67510,0.23526378
AT5G67520,-0.08371478
AT5G67530,0.0084111085
AT5G67540,0.14083277
AT5G67550,-0.15885246
AT5G67560,-0.10213086
AT5G67570,-0.24776334
AT5G67580,0.022891505
AT5G67590,0.29829368
AT5G67600,0.77028495
AT5G67610,0.0010797916
AT5G67620,0.3380717
AT5G67630,0.008120545
AT5G67640,-0.15865901
ATMG00010,0.04236562
ATMG00030,-0.0016425053
ATMG00040,0.0042782216
ATMG00050,0.02816075
ATMG00060,0.28063583
ATMG00070,0.030129164
ATMG00080,-0.051346567
ATMG00090,-0.04392368
ATMG00110,-0.008243508
ATMG00120,0.012699305
ATMG00130,-0.021628829
ATMG00140,0.0071630515
ATMG00150,0.020558396
ATMG00160,0.7776132
ATMG00170,0.0038944315
ATMG00180,-0.055559378
ATMG00200,0.008064707
ATMG00210,0.02022289
ATMG00220,0.4311031
ATMG00240,0.027386496
ATMG00260,-0.0010582563
ATMG00270,0.098241776
ATMG00280,0.0016676694
ATMG00285,0.26803538
ATMG00290,0.18206345
ATMG00300,0.058034405
ATMG00310,0.008152161
ATMG00370,-0.008603423
ATMG00400,0.0017482447
ATMG00410,0.34024966
ATMG00430,0.0038944315
ATMG00440,-0.045249943
ATMG00450,-0.016671153
ATMG00470,0.018616674
ATMG00480,0.23734601
ATMG00490,0.018054187
ATMG00500,0.046643212
ATMG00510,0.21840835
ATMG00516,0.47710285
ATMG00520,0.1659974
ATMG00530,0.004748953
ATMG00540,0.0038944315
ATMG00550,0.021847757
ATMG00560,0.23598902
ATMG00570,0.15779828
ATMG00580,-0.012153707
ATMG00590,-0.11450856
ATMG00600,0.0047569186
ATMG00610,0.020706177
ATMG00630,0.030481763
ATMG00640,0.17087865
ATMG00650,0.32020262
ATMG00660,0.18853696
ATMG00670,0.31184348
ATMG00680,0.0007282241
ATMG00690,0.055404097
ATMG00710,-0.011960496
ATMG00720,0.021555977
ATMG00730,0.27340266
ATMG00750,0.015693577
ATMG00760,-0.002917515
ATMG00810,-0.030512827
ATMG00830,-0.014985313
ATMG00840,-0.017918315
ATMG00850,0.004102165
ATMG00860,0.006112044
ATMG00870,0.021141497
ATMG00880,0.0048371446
ATMG00890,0.0136518255
ATMG00900,0.096663624
ATMG00910,0.0030533827
ATMG00920,0.0017659818
ATMG00940,0.034282286
ATMG00960,0.15320773
ATMG00970,-0.019844778
ATMG00980,-0.1207754
ATMG00990,0.06349686
ATMG01000,0.132936
ATMG01010,-0.08622647
ATMG01020,0.06357049
ATMG01030,-0.003844884
ATMG01040,0.0030514102
ATMG01050,-0.016660182
ATMG01060,-0.022151507
ATMG01080,0.06391052
ATMG01090,0.2555142
ATMG01100,0.025152626
ATMG01110,0.0058741993
ATMG01130,0.22167675
ATMG01170,-0.012855736
ATMG01180,-0.045982327
ATMG01190,0.3383461
ATMG01200,0.27943623
ATMG01210,0.04285978
ATMG01220,0.02823768
ATMG01230,0.010024445
ATMG01240,0.061491664
ATMG01260,0.028217247
ATMG01270,0.004167968
ATMG01280,-0.030174226
ATMG01290,0.006400872
ATMG01300,0.004431058
ATMG01310,-0.0064178314
ATMG01330,-0.26240864
ATMG01350,0.1079433
ATMG01360,0.14095269
ATMG01370,-0.07571859
ATMG01400,-0.001901449
ATMG01410,0.08742526
ATCG00020,0.25508204
ATCG00040,-0.40853313
ATCG00050,-0.006124402
ATCG00065,-0.00860872
ATCG00070,-0.23182732
ATCG00080,-0.00571153
ATCG00120,-0.2979318
ATCG00130,-0.25796673
ATCG00140,-0.25753805
ATCG00150,-0.5217682
ATCG00160,-0.47872117
ATCG00170,-0.4208463
ATCG00180,-0.41029653
ATCG00190,-0.5103599
ATCG00210,0.008216769
ATCG00220,-0.00073346467
ATCG00270,-0.16560096
ATCG00280,-0.25867185
ATCG00300,-0.27136472
ATCG00330,0.175265
ATCG00340,0.13012819
ATCG00350,0.17867427
ATCG00360,-0.09225872
ATCG00380,-0.05453418
ATCG00420,-0.4954116
ATCG00430,-0.655209
ATCG00440,-0.59507364
ATCG00470,-0.46136263
ATCG00480,-0.51207614
ATCG00490,-0.04373221
ATCG00500,-0.34923324
ATCG00510,-0.009542705
ATCG00520,-0.067395575
ATCG00530,-0.3786087
ATCG00540,-0.33168826
ATCG00550,-0.036266435
ATCG00560,0.006232672
ATCG00570,-0.020094588
ATCG00580,-0.34584782
ATCG00590,0.0069713183
ATCG00600,0.0051527624
ATCG00630,-0.6521595
ATCG00640,-0.20462923
ATCG00650,-0.30851033
ATCG00660,-0.08823436
ATCG00670,-0.1733545
ATCG00680,-0.24953757
ATCG00690,0.0039347056
ATCG00700,0.0036630717
ATCG00710,-0.20144235
ATCG00720,-0.07314487
ATCG00730,-0.17061917
ATCG00740,-0.4447031
ATCG00750,-0.41758358
ATCG00760,-0.021536559
ATCG00770,-0.562169
ATCG00780,-0.66416544
ATCG00790,-0.61013705
ATCG00800,-0.44195533
ATCG00810,-0.46263126
ATCG00820,-0.37418354
ATCG00830,-0.4355067
ATCG00840,0.0038944315
ATCG00860,0.0038944315
ATCG00870,0.0038944315
ATCG00890,0.0038944315
ATCG00900,0.0038944315
ATCG01000,0.045387045
ATCG01010,-0.1674294
ATCG01020,-0.27930346
ATCG01040,-0.13399391
ATCG01050,-0.24675524
ATCG01060,-0.09212217
ATCG01070,-0.097308
ATCG01080,-0.14313073
ATCG01090,-0.16318159
ATCG01100,-0.28828964
ATCG01110,-0.37606415
ATCG01120,-0.30847943
ATCG01250,-0.49299982
